req_id,model_dir,adapter_dir,prompt_len,output_len,req_time
0,huggyllama/llama-7b,dummy-lora-7b-rank-16-3,727,38,0.14627664503673588
1,huggyllama/llama-7b,dummy-lora-7b-rank-8-2,349,47,0.29873348097800845
2,huggyllama/llama-7b,dummy-lora-7b-rank-16-3,782,18,0.3968041622104179
3,huggyllama/llama-7b,dummy-lora-7b-rank-16-3,605,20,0.42232942771956994
4,huggyllama/llama-7b,dummy-lora-7b-rank-32-2,387,9,0.5090480592137459
5,huggyllama/llama-7b,dummy-lora-7b-rank-16-1,556,21,0.8638565482465888
6,huggyllama/llama-7b,dummy-lora-7b-rank-8-0,435,10,0.8663585629175352
7,huggyllama/llama-7b,dummy-lora-7b-rank-64-0,558,21,0.8707131059577877
8,huggyllama/llama-7b,dummy-lora-7b-rank-128-1,324,18,1.2283269358124738
9,huggyllama/llama-7b,dummy-lora-7b-rank-8-2,607,20,1.484032623224052
10,huggyllama/llama-7b,dummy-lora-7b-rank-128-3,886,129,1.5513473551634016
11,huggyllama/llama-7b,dummy-lora-7b-rank-16-2,552,19,1.8762431499873444
12,huggyllama/llama-7b,dummy-lora-7b-rank-16-1,391,45,1.945053696082033
13,huggyllama/llama-7b,dummy-lora-7b-rank-16-2,200,95,2.0042190199012544
14,huggyllama/llama-7b,dummy-lora-7b-rank-64-1,277,9,2.095920072588353
15,huggyllama/llama-7b,dummy-lora-7b-rank-16-3,294,12,2.214638799301971
16,huggyllama/llama-7b,dummy-lora-7b-rank-128-4,423,8,2.6961222806715646
17,huggyllama/llama-7b,dummy-lora-7b-rank-8-0,566,18,2.9128997743289364
18,huggyllama/llama-7b,dummy-lora-7b-rank-32-2,219,50,3.0411438117175726
19,huggyllama/llama-7b,dummy-lora-7b-rank-8-2,620,2,3.1763688903356013
20,huggyllama/llama-7b,dummy-lora-7b-rank-8-4,240,41,3.2717038460458925
21,huggyllama/llama-7b,dummy-lora-7b-rank-64-1,701,43,3.333161175857713
22,huggyllama/llama-7b,dummy-lora-7b-rank-8-4,267,40,3.343952461802646
23,huggyllama/llama-7b,dummy-lora-7b-rank-8-1,405,53,3.5859617425972656
24,huggyllama/llama-7b,dummy-lora-7b-rank-8-2,224,33,3.592157536073337
25,huggyllama/llama-7b,dummy-lora-7b-rank-64-3,657,52,3.733471690914103
26,huggyllama/llama-7b,dummy-lora-7b-rank-128-2,399,62,3.8450191280924195
27,huggyllama/llama-7b,dummy-lora-7b-rank-8-2,522,53,3.849290640960834
28,huggyllama/llama-7b,dummy-lora-7b-rank-8-3,613,18,3.915078551619078
29,huggyllama/llama-7b,dummy-lora-7b-rank-16-1,432,8,4.081461103060291
30,huggyllama/llama-7b,dummy-lora-7b-rank-32-4,605,21,4.48043398431196
31,huggyllama/llama-7b,dummy-lora-7b-rank-128-1,108,37,4.500938068201021
32,huggyllama/llama-7b,dummy-lora-7b-rank-64-3,554,20,4.6361880782016085
33,huggyllama/llama-7b,dummy-lora-7b-rank-8-2,583,65,4.924431945535323
34,huggyllama/llama-7b,dummy-lora-7b-rank-32-2,558,23,4.993228592960197
35,huggyllama/llama-7b,dummy-lora-7b-rank-32-0,542,11,5.271728948519905
36,huggyllama/llama-7b,dummy-lora-7b-rank-64-3,783,50,5.348068099887993
37,huggyllama/llama-7b,dummy-lora-7b-rank-8-0,812,11,5.394331396667573
38,huggyllama/llama-7b,dummy-lora-7b-rank-32-1,316,14,5.505711724810281
39,huggyllama/llama-7b,dummy-lora-7b-rank-64-3,647,41,5.740443944411067
40,huggyllama/llama-7b,dummy-lora-7b-rank-16-3,473,91,5.926882162495806
41,huggyllama/llama-7b,dummy-lora-7b-rank-8-4,495,58,6.094677712509366
42,huggyllama/llama-7b,dummy-lora-7b-rank-32-0,594,43,6.120050714166392
43,huggyllama/llama-7b,dummy-lora-7b-rank-8-1,556,55,6.203875430120165
44,huggyllama/llama-7b,dummy-lora-7b-rank-128-3,605,20,6.2785521236341735
45,huggyllama/llama-7b,dummy-lora-7b-rank-8-2,162,43,6.362276815428192
46,huggyllama/llama-7b,dummy-lora-7b-rank-32-0,531,48,6.705437742039477
47,huggyllama/llama-7b,dummy-lora-7b-rank-8-4,550,18,6.755935628894449
48,huggyllama/llama-7b,dummy-lora-7b-rank-8-2,131,44,6.865634004397691
49,huggyllama/llama-7b,dummy-lora-7b-rank-32-0,751,95,7.148478373548739
50,huggyllama/llama-7b,dummy-lora-7b-rank-32-4,498,45,7.2455694586242565
51,huggyllama/llama-7b,dummy-lora-7b-rank-32-4,416,13,7.396706991997437
52,huggyllama/llama-7b,dummy-lora-7b-rank-32-4,458,60,7.448271520306871
53,huggyllama/llama-7b,dummy-lora-7b-rank-8-2,221,41,7.466532825976291
54,huggyllama/llama-7b,dummy-lora-7b-rank-128-1,604,57,7.620645295334927
55,huggyllama/llama-7b,dummy-lora-7b-rank-8-2,421,106,8.095409053633439
56,huggyllama/llama-7b,dummy-lora-7b-rank-16-3,546,13,8.112854019983718
57,huggyllama/llama-7b,dummy-lora-7b-rank-32-3,415,76,8.30966033128373
58,huggyllama/llama-7b,dummy-lora-7b-rank-64-0,294,28,8.607536718033447
59,huggyllama/llama-7b,dummy-lora-7b-rank-128-0,138,73,8.720861904870247
60,huggyllama/llama-7b,dummy-lora-7b-rank-32-4,429,52,8.785882464222395
61,huggyllama/llama-7b,dummy-lora-7b-rank-64-3,548,17,8.966087939330404
62,huggyllama/llama-7b,dummy-lora-7b-rank-32-4,210,71,9.108925317500937
63,huggyllama/llama-7b,dummy-lora-7b-rank-16-2,132,67,9.250401410742793
64,huggyllama/llama-7b,dummy-lora-7b-rank-8-2,562,25,9.505705562870947
65,huggyllama/llama-7b,dummy-lora-7b-rank-32-3,238,74,9.73187873801895
66,huggyllama/llama-7b,dummy-lora-7b-rank-64-3,643,30,9.844957741221073
67,huggyllama/llama-7b,dummy-lora-7b-rank-32-0,601,13,10.040855834704931
68,huggyllama/llama-7b,dummy-lora-7b-rank-16-3,484,9,10.129131973338668
69,huggyllama/llama-7b,dummy-lora-7b-rank-128-0,500,33,10.591341550259713
70,huggyllama/llama-7b,dummy-lora-7b-rank-128-4,427,43,10.954663723930036
71,huggyllama/llama-7b,dummy-lora-7b-rank-8-2,494,64,11.188631140241023
72,huggyllama/llama-7b,dummy-lora-7b-rank-8-0,908,68,11.386098849091065
73,huggyllama/llama-7b,dummy-lora-7b-rank-128-3,601,21,11.4666958583711
74,huggyllama/llama-7b,dummy-lora-7b-rank-64-4,536,75,11.572616589464857
75,huggyllama/llama-7b,dummy-lora-7b-rank-64-1,708,12,11.583730360446564
76,huggyllama/llama-7b,dummy-lora-7b-rank-16-3,258,50,11.678823575525943
77,huggyllama/llama-7b,dummy-lora-7b-rank-64-0,143,63,11.790991952145824
78,huggyllama/llama-7b,dummy-lora-7b-rank-16-0,593,20,11.89986194793644
79,huggyllama/llama-7b,dummy-lora-7b-rank-32-4,436,42,12.127118276025383
80,huggyllama/llama-7b,dummy-lora-7b-rank-8-0,554,21,12.147377245360092
81,huggyllama/llama-7b,dummy-lora-7b-rank-128-2,57,96,12.15355608532207
82,huggyllama/llama-7b,dummy-lora-7b-rank-32-2,518,39,12.47713201673485
83,huggyllama/llama-7b,dummy-lora-7b-rank-8-1,413,7,12.53565190454633
84,huggyllama/llama-7b,dummy-lora-7b-rank-16-3,635,28,12.682195986729994
85,huggyllama/llama-7b,dummy-lora-7b-rank-128-3,380,42,12.777804810090544
86,huggyllama/llama-7b,dummy-lora-7b-rank-128-3,544,15,12.930837742927704
87,huggyllama/llama-7b,dummy-lora-7b-rank-128-3,553,54,13.034282306046396
88,huggyllama/llama-7b,dummy-lora-7b-rank-64-4,557,19,13.196378775573525
89,huggyllama/llama-7b,dummy-lora-7b-rank-128-4,619,11,13.232762435053546
90,huggyllama/llama-7b,dummy-lora-7b-rank-8-2,584,19,13.239016406842385
91,huggyllama/llama-7b,dummy-lora-7b-rank-32-0,584,36,13.321346346879615
92,huggyllama/llama-7b,dummy-lora-7b-rank-32-0,110,107,13.597308370033556
93,huggyllama/llama-7b,dummy-lora-7b-rank-16-4,610,21,13.608967333198763
94,huggyllama/llama-7b,dummy-lora-7b-rank-128-4,391,9,13.635068916969628
95,huggyllama/llama-7b,dummy-lora-7b-rank-8-4,568,29,13.957484204281378
96,huggyllama/llama-7b,dummy-lora-7b-rank-8-1,410,31,14.070129771525576
97,huggyllama/llama-7b,dummy-lora-7b-rank-64-1,712,47,14.208845098106549
98,huggyllama/llama-7b,dummy-lora-7b-rank-64-2,998,25,14.503516491591883
99,huggyllama/llama-7b,dummy-lora-7b-rank-16-2,298,142,14.703268529741143
100,huggyllama/llama-7b,dummy-lora-7b-rank-16-3,229,49,15.010049894628342
101,huggyllama/llama-7b,dummy-lora-7b-rank-64-3,491,162,15.18702921591526
102,huggyllama/llama-7b,dummy-lora-7b-rank-8-0,448,8,15.244156159164145
103,huggyllama/llama-7b,dummy-lora-7b-rank-32-3,688,24,15.306567230305879
104,huggyllama/llama-7b,dummy-lora-7b-rank-32-1,449,65,15.456702260044253
105,huggyllama/llama-7b,dummy-lora-7b-rank-16-2,593,15,15.471232836566962
106,huggyllama/llama-7b,dummy-lora-7b-rank-8-0,270,91,15.490583519082712
107,huggyllama/llama-7b,dummy-lora-7b-rank-8-2,995,69,15.525162187395603
108,huggyllama/llama-7b,dummy-lora-7b-rank-16-1,550,18,15.55480081620253
109,huggyllama/llama-7b,dummy-lora-7b-rank-32-3,399,45,15.64426528710905
110,huggyllama/llama-7b,dummy-lora-7b-rank-64-4,550,18,15.678790164770806
111,huggyllama/llama-7b,dummy-lora-7b-rank-8-0,607,24,15.698222682856478
112,huggyllama/llama-7b,dummy-lora-7b-rank-64-3,570,42,15.881355850017675
113,huggyllama/llama-7b,dummy-lora-7b-rank-16-2,998,126,15.958458558482114
114,huggyllama/llama-7b,dummy-lora-7b-rank-32-2,846,12,16.432619709722076
115,huggyllama/llama-7b,dummy-lora-7b-rank-8-0,594,17,16.67123290687239
116,huggyllama/llama-7b,dummy-lora-7b-rank-8-4,381,183,16.741723391780837
117,huggyllama/llama-7b,dummy-lora-7b-rank-16-1,126,61,16.745478793836867
118,huggyllama/llama-7b,dummy-lora-7b-rank-32-1,159,114,16.762375603847126
119,huggyllama/llama-7b,dummy-lora-7b-rank-32-1,277,52,16.789798088355077
120,huggyllama/llama-7b,dummy-lora-7b-rank-32-0,530,6,16.801697462960842
121,huggyllama/llama-7b,dummy-lora-7b-rank-64-0,541,82,16.82234243939913
122,huggyllama/llama-7b,dummy-lora-7b-rank-16-3,136,49,16.827821283312684
123,huggyllama/llama-7b,dummy-lora-7b-rank-8-0,916,37,16.90855663179731
124,huggyllama/llama-7b,dummy-lora-7b-rank-16-2,556,17,17.098572647343445
125,huggyllama/llama-7b,dummy-lora-7b-rank-64-4,844,56,17.178796301153643
126,huggyllama/llama-7b,dummy-lora-7b-rank-64-4,287,89,17.194689595184386
127,huggyllama/llama-7b,dummy-lora-7b-rank-32-4,608,16,17.403313478105776
128,huggyllama/llama-7b,dummy-lora-7b-rank-128-3,568,26,17.42898755157568
129,huggyllama/llama-7b,dummy-lora-7b-rank-32-4,399,46,17.54776570596468
130,huggyllama/llama-7b,dummy-lora-7b-rank-128-4,626,17,17.789358568371526
131,huggyllama/llama-7b,dummy-lora-7b-rank-16-0,707,214,18.123050606383305
132,huggyllama/llama-7b,dummy-lora-7b-rank-64-2,621,10,18.21099348933509
133,huggyllama/llama-7b,dummy-lora-7b-rank-32-4,138,100,18.285852628969813
134,huggyllama/llama-7b,dummy-lora-7b-rank-32-3,586,18,18.296797820723942
135,huggyllama/llama-7b,dummy-lora-7b-rank-128-3,921,3,18.348609342139643
136,huggyllama/llama-7b,dummy-lora-7b-rank-8-0,560,26,18.49953396546733
137,huggyllama/llama-7b,dummy-lora-7b-rank-64-0,594,34,18.573026721100106
138,huggyllama/llama-7b,dummy-lora-7b-rank-32-0,797,14,18.601603581737947
139,huggyllama/llama-7b,dummy-lora-7b-rank-32-3,575,25,18.629784251807134
140,huggyllama/llama-7b,dummy-lora-7b-rank-16-0,272,43,18.66233985983553
141,huggyllama/llama-7b,dummy-lora-7b-rank-32-4,630,8,18.735532059384486
142,huggyllama/llama-7b,dummy-lora-7b-rank-128-2,95,38,18.92797452960171
143,huggyllama/llama-7b,dummy-lora-7b-rank-128-0,273,3,19.062489832971064
144,huggyllama/llama-7b,dummy-lora-7b-rank-32-4,674,94,19.383451204010438
145,huggyllama/llama-7b,dummy-lora-7b-rank-32-4,804,124,19.488538479007957
146,huggyllama/llama-7b,dummy-lora-7b-rank-32-0,227,137,19.58282354464317
147,huggyllama/llama-7b,dummy-lora-7b-rank-128-2,548,17,19.60987454237638
148,huggyllama/llama-7b,dummy-lora-7b-rank-16-1,178,4,19.672927296383758
149,huggyllama/llama-7b,dummy-lora-7b-rank-64-0,412,44,19.797004924756003
150,huggyllama/llama-7b,dummy-lora-7b-rank-32-0,967,102,19.95844488655235
151,huggyllama/llama-7b,dummy-lora-7b-rank-16-3,771,9,19.974068903820307
152,huggyllama/llama-7b,dummy-lora-7b-rank-8-3,129,49,19.97695276167303
153,huggyllama/llama-7b,dummy-lora-7b-rank-16-2,586,19,20.040220439433696
154,huggyllama/llama-7b,dummy-lora-7b-rank-128-4,591,3,20.085070424801977
155,huggyllama/llama-7b,dummy-lora-7b-rank-128-0,552,19,20.114118097252252
156,huggyllama/llama-7b,dummy-lora-7b-rank-8-3,661,10,20.12725422920655
157,huggyllama/llama-7b,dummy-lora-7b-rank-8-3,293,177,20.13951412182505
158,huggyllama/llama-7b,dummy-lora-7b-rank-32-3,653,56,20.218708153582632
159,huggyllama/llama-7b,dummy-lora-7b-rank-32-1,825,32,20.426270479313768
160,huggyllama/llama-7b,dummy-lora-7b-rank-128-4,424,80,20.460317886707703
161,huggyllama/llama-7b,dummy-lora-7b-rank-32-1,661,60,20.560351007252564
162,huggyllama/llama-7b,dummy-lora-7b-rank-64-2,550,10,20.728711065657755
163,huggyllama/llama-7b,dummy-lora-7b-rank-64-4,216,8,20.80839967208895
164,huggyllama/llama-7b,dummy-lora-7b-rank-8-4,135,70,20.877760802277955
165,huggyllama/llama-7b,dummy-lora-7b-rank-64-0,478,46,20.879785757704294
166,huggyllama/llama-7b,dummy-lora-7b-rank-32-2,257,3,20.927168098469252
167,huggyllama/llama-7b,dummy-lora-7b-rank-128-1,312,36,20.993144671394106
168,huggyllama/llama-7b,dummy-lora-7b-rank-128-1,1015,58,21.020954457457986
169,huggyllama/llama-7b,dummy-lora-7b-rank-8-4,416,40,21.033958577284253
170,huggyllama/llama-7b,dummy-lora-7b-rank-64-2,246,153,21.10406071551838
171,huggyllama/llama-7b,dummy-lora-7b-rank-128-1,403,42,21.133566566599495
172,huggyllama/llama-7b,dummy-lora-7b-rank-64-3,657,7,21.281433484610833
173,huggyllama/llama-7b,dummy-lora-7b-rank-8-1,705,21,21.40757719022527
174,huggyllama/llama-7b,dummy-lora-7b-rank-64-1,436,54,21.469188801587723
175,huggyllama/llama-7b,dummy-lora-7b-rank-64-4,404,41,21.492682821137944
176,huggyllama/llama-7b,dummy-lora-7b-rank-8-3,339,53,21.52261325903946
177,huggyllama/llama-7b,dummy-lora-7b-rank-32-2,568,28,21.52508081988801
178,huggyllama/llama-7b,dummy-lora-7b-rank-128-3,906,4,21.706505332978175
179,huggyllama/llama-7b,dummy-lora-7b-rank-32-4,592,22,21.813202870477934
180,huggyllama/llama-7b,dummy-lora-7b-rank-32-4,596,19,21.900500084002694
181,huggyllama/llama-7b,dummy-lora-7b-rank-32-2,935,68,22.130523113096434
182,huggyllama/llama-7b,dummy-lora-7b-rank-8-4,546,16,22.154725135580033
183,huggyllama/llama-7b,dummy-lora-7b-rank-16-1,153,64,22.175183114358767
184,huggyllama/llama-7b,dummy-lora-7b-rank-64-3,321,52,22.25248811415209
185,huggyllama/llama-7b,dummy-lora-7b-rank-32-3,478,10,22.38091376142496
186,huggyllama/llama-7b,dummy-lora-7b-rank-128-3,460,8,22.508747830514686
187,huggyllama/llama-7b,dummy-lora-7b-rank-32-2,598,22,22.57776800004668
188,huggyllama/llama-7b,dummy-lora-7b-rank-64-3,582,54,22.659159417694006
189,huggyllama/llama-7b,dummy-lora-7b-rank-64-0,562,16,22.99372667016659
190,huggyllama/llama-7b,dummy-lora-7b-rank-8-0,565,50,23.03851279422243
191,huggyllama/llama-7b,dummy-lora-7b-rank-64-0,693,59,23.187722310126833
192,huggyllama/llama-7b,dummy-lora-7b-rank-64-1,315,14,23.197553839555006
193,huggyllama/llama-7b,dummy-lora-7b-rank-8-2,249,211,23.240697106787366
194,huggyllama/llama-7b,dummy-lora-7b-rank-32-0,177,126,23.352338453661904
195,huggyllama/llama-7b,dummy-lora-7b-rank-8-3,560,2,23.405212826604192
196,huggyllama/llama-7b,dummy-lora-7b-rank-8-1,377,44,23.464962864245976
197,huggyllama/llama-7b,dummy-lora-7b-rank-32-1,554,20,23.48074551346101
198,huggyllama/llama-7b,dummy-lora-7b-rank-8-3,431,54,23.487536531569965
199,huggyllama/llama-7b,dummy-lora-7b-rank-64-0,560,23,23.607389921753562
200,huggyllama/llama-7b,dummy-lora-7b-rank-128-1,101,24,23.698221086718107
201,huggyllama/llama-7b,dummy-lora-7b-rank-64-2,367,59,23.752776146029973
202,huggyllama/llama-7b,dummy-lora-7b-rank-128-3,237,145,23.994367272275007
203,huggyllama/llama-7b,dummy-lora-7b-rank-32-0,596,18,24.078713344635926
204,huggyllama/llama-7b,dummy-lora-7b-rank-64-3,607,24,24.086797357473667
205,huggyllama/llama-7b,dummy-lora-7b-rank-32-2,54,80,24.557060590380818
206,huggyllama/llama-7b,dummy-lora-7b-rank-64-2,582,17,24.59883551388915
207,huggyllama/llama-7b,dummy-lora-7b-rank-128-2,548,17,24.795870771144457
208,huggyllama/llama-7b,dummy-lora-7b-rank-32-2,640,68,24.855964373774597
209,huggyllama/llama-7b,dummy-lora-7b-rank-128-3,438,70,25.029075322664006
210,huggyllama/llama-7b,dummy-lora-7b-rank-64-1,556,21,25.235972988500322
211,huggyllama/llama-7b,dummy-lora-7b-rank-8-1,226,3,25.266218190613632
212,huggyllama/llama-7b,dummy-lora-7b-rank-32-0,406,8,25.494767765815073
213,huggyllama/llama-7b,dummy-lora-7b-rank-8-0,560,15,25.557335092207843
214,huggyllama/llama-7b,dummy-lora-7b-rank-64-4,656,23,25.641171928205786
215,huggyllama/llama-7b,dummy-lora-7b-rank-32-0,803,39,25.71439641063371
216,huggyllama/llama-7b,dummy-lora-7b-rank-32-3,604,7,25.75043226321425
217,huggyllama/llama-7b,dummy-lora-7b-rank-32-0,845,83,25.816471344388482
218,huggyllama/llama-7b,dummy-lora-7b-rank-16-2,609,25,26.002173204000723
219,huggyllama/llama-7b,dummy-lora-7b-rank-32-0,229,142,26.208812518009005
220,huggyllama/llama-7b,dummy-lora-7b-rank-32-3,368,12,26.225499556146893
221,huggyllama/llama-7b,dummy-lora-7b-rank-8-3,708,6,26.316716063625336
222,huggyllama/llama-7b,dummy-lora-7b-rank-8-3,550,20,26.321941390098548
223,huggyllama/llama-7b,dummy-lora-7b-rank-32-1,169,59,26.64418073941892
224,huggyllama/llama-7b,dummy-lora-7b-rank-32-4,120,38,26.646042339953745
225,huggyllama/llama-7b,dummy-lora-7b-rank-32-4,298,50,26.80486963432359
226,huggyllama/llama-7b,dummy-lora-7b-rank-64-2,341,61,26.82399266776355
227,huggyllama/llama-7b,dummy-lora-7b-rank-128-3,556,44,26.999448647495772
228,huggyllama/llama-7b,dummy-lora-7b-rank-32-1,349,50,27.00805856750862
229,huggyllama/llama-7b,dummy-lora-7b-rank-128-1,680,9,27.051711415099188
230,huggyllama/llama-7b,dummy-lora-7b-rank-16-2,552,11,27.09415598118121
231,huggyllama/llama-7b,dummy-lora-7b-rank-64-3,554,20,27.113612743361916
232,huggyllama/llama-7b,dummy-lora-7b-rank-32-3,285,123,27.28004797700123
233,huggyllama/llama-7b,dummy-lora-7b-rank-128-0,631,8,27.39720593044922
234,huggyllama/llama-7b,dummy-lora-7b-rank-64-4,645,29,27.417030163549715
235,huggyllama/llama-7b,dummy-lora-7b-rank-16-4,987,76,27.651899971872517
236,huggyllama/llama-7b,dummy-lora-7b-rank-128-3,385,59,27.76640070524663
237,huggyllama/llama-7b,dummy-lora-7b-rank-8-1,210,46,28.107490202576813
238,huggyllama/llama-7b,dummy-lora-7b-rank-64-2,656,11,28.19318680083954
239,huggyllama/llama-7b,dummy-lora-7b-rank-8-1,552,37,28.283101712145342
240,huggyllama/llama-7b,dummy-lora-7b-rank-16-2,552,21,28.335082789989542
241,huggyllama/llama-7b,dummy-lora-7b-rank-16-2,665,3,28.361947877805093
242,huggyllama/llama-7b,dummy-lora-7b-rank-32-1,482,45,28.415159814351256
243,huggyllama/llama-7b,dummy-lora-7b-rank-16-3,568,25,28.536556120418012
244,huggyllama/llama-7b,dummy-lora-7b-rank-32-4,466,7,28.81400568768514
245,huggyllama/llama-7b,dummy-lora-7b-rank-32-2,821,14,28.81458171432253
246,huggyllama/llama-7b,dummy-lora-7b-rank-64-1,507,66,29.203586880903543
247,huggyllama/llama-7b,dummy-lora-7b-rank-8-4,272,40,29.286198002461838
248,huggyllama/llama-7b,dummy-lora-7b-rank-32-4,606,22,29.559854572179223
249,huggyllama/llama-7b,dummy-lora-7b-rank-128-2,367,3,29.638684066983878
250,huggyllama/llama-7b,dummy-lora-7b-rank-128-0,470,47,29.74733376080163
251,huggyllama/llama-7b,dummy-lora-7b-rank-64-1,380,8,29.85052261869583
252,huggyllama/llama-7b,dummy-lora-7b-rank-8-2,548,17,30.006105319608967
253,huggyllama/llama-7b,dummy-lora-7b-rank-8-4,239,5,30.094401921856406
254,huggyllama/llama-7b,dummy-lora-7b-rank-8-1,454,9,30.155846019012454
255,huggyllama/llama-7b,dummy-lora-7b-rank-32-1,843,30,30.472700753424075
256,huggyllama/llama-7b,dummy-lora-7b-rank-64-1,409,11,30.562483745725256
257,huggyllama/llama-7b,dummy-lora-7b-rank-128-1,554,19,30.721703709359506
258,huggyllama/llama-7b,dummy-lora-7b-rank-128-1,562,25,30.81514496822726
259,huggyllama/llama-7b,dummy-lora-7b-rank-64-2,578,11,31.045694398137734
260,huggyllama/llama-7b,dummy-lora-7b-rank-16-1,558,22,31.241551361539756
261,huggyllama/llama-7b,dummy-lora-7b-rank-8-2,544,34,31.245922141933967
262,huggyllama/llama-7b,dummy-lora-7b-rank-8-1,897,30,31.301998200555335
263,huggyllama/llama-7b,dummy-lora-7b-rank-64-1,496,14,31.40022643644117
264,huggyllama/llama-7b,dummy-lora-7b-rank-16-3,454,16,31.495614230375057
265,huggyllama/llama-7b,dummy-lora-7b-rank-64-3,554,9,31.74508481350785
266,huggyllama/llama-7b,dummy-lora-7b-rank-8-4,156,47,31.8182583466324
267,huggyllama/llama-7b,dummy-lora-7b-rank-32-1,507,14,32.006212632207586
268,huggyllama/llama-7b,dummy-lora-7b-rank-32-0,568,30,32.12891397121965
269,huggyllama/llama-7b,dummy-lora-7b-rank-64-4,583,16,32.53480626325417
270,huggyllama/llama-7b,dummy-lora-7b-rank-64-2,195,39,32.57297910425453
271,huggyllama/llama-7b,dummy-lora-7b-rank-16-4,562,25,32.72232007913314
272,huggyllama/llama-7b,dummy-lora-7b-rank-8-4,376,4,32.886069761887285
273,huggyllama/llama-7b,dummy-lora-7b-rank-128-4,353,21,32.89513691271314
274,huggyllama/llama-7b,dummy-lora-7b-rank-128-3,596,24,33.33859937854018
275,huggyllama/llama-7b,dummy-lora-7b-rank-8-2,463,48,33.536064356704244
276,huggyllama/llama-7b,dummy-lora-7b-rank-64-2,379,51,33.63657782920312
277,huggyllama/llama-7b,dummy-lora-7b-rank-128-0,397,41,33.72011760237942
278,huggyllama/llama-7b,dummy-lora-7b-rank-32-4,592,10,33.773553980427764
279,huggyllama/llama-7b,dummy-lora-7b-rank-8-4,149,117,33.78231107879931
280,huggyllama/llama-7b,dummy-lora-7b-rank-8-1,299,69,33.810087492524
281,huggyllama/llama-7b,dummy-lora-7b-rank-16-1,198,50,33.99188783890615
282,huggyllama/llama-7b,dummy-lora-7b-rank-16-3,208,50,34.09083811528638
283,huggyllama/llama-7b,dummy-lora-7b-rank-32-2,304,60,34.32222622256621
284,huggyllama/llama-7b,dummy-lora-7b-rank-32-0,155,46,34.50342330087407
285,huggyllama/llama-7b,dummy-lora-7b-rank-16-4,836,73,34.67116045906096
286,huggyllama/llama-7b,dummy-lora-7b-rank-64-0,368,66,34.672819397727395
287,huggyllama/llama-7b,dummy-lora-7b-rank-32-4,727,8,34.954010369302694
288,huggyllama/llama-7b,dummy-lora-7b-rank-32-3,673,8,35.10560353993769
289,huggyllama/llama-7b,dummy-lora-7b-rank-64-2,315,129,35.16923777299847
290,huggyllama/llama-7b,dummy-lora-7b-rank-16-3,472,6,35.45527811603606
291,huggyllama/llama-7b,dummy-lora-7b-rank-8-2,311,38,35.540479776060295
292,huggyllama/llama-7b,dummy-lora-7b-rank-8-3,537,7,35.92505830409189
293,huggyllama/llama-7b,dummy-lora-7b-rank-32-2,515,46,35.93508721348314
294,huggyllama/llama-7b,dummy-lora-7b-rank-64-1,708,112,36.005141704680355
295,huggyllama/llama-7b,dummy-lora-7b-rank-32-1,601,19,36.117424326090564
296,huggyllama/llama-7b,dummy-lora-7b-rank-128-3,437,53,36.21094284355404
297,huggyllama/llama-7b,dummy-lora-7b-rank-8-0,981,39,36.237663011428445
298,huggyllama/llama-7b,dummy-lora-7b-rank-8-1,420,39,36.25878341153577
299,huggyllama/llama-7b,dummy-lora-7b-rank-32-4,496,49,36.26464963467871
300,huggyllama/llama-7b,dummy-lora-7b-rank-16-4,564,26,36.775699851852586
301,huggyllama/llama-7b,dummy-lora-7b-rank-128-2,707,25,36.84864603044553
302,huggyllama/llama-7b,dummy-lora-7b-rank-8-3,463,8,36.873950908452336
303,huggyllama/llama-7b,dummy-lora-7b-rank-8-0,179,93,37.00553021869587
304,huggyllama/llama-7b,dummy-lora-7b-rank-64-3,634,18,37.11263903635685
305,huggyllama/llama-7b,dummy-lora-7b-rank-32-2,618,46,37.37164171815534
306,huggyllama/llama-7b,dummy-lora-7b-rank-64-2,554,20,37.717033712047545
307,huggyllama/llama-7b,dummy-lora-7b-rank-64-0,425,156,37.88724504242636
308,huggyllama/llama-7b,dummy-lora-7b-rank-128-0,643,9,37.90951246881963
309,huggyllama/llama-7b,dummy-lora-7b-rank-32-1,159,44,38.16131036414109
310,huggyllama/llama-7b,dummy-lora-7b-rank-128-4,634,11,38.418384666419804
311,huggyllama/llama-7b,dummy-lora-7b-rank-128-2,601,10,38.48280684621814
312,huggyllama/llama-7b,dummy-lora-7b-rank-128-0,499,137,38.68726562453182
313,huggyllama/llama-7b,dummy-lora-7b-rank-16-4,359,100,38.812411450756535
314,huggyllama/llama-7b,dummy-lora-7b-rank-32-4,536,46,39.21154151185464
315,huggyllama/llama-7b,dummy-lora-7b-rank-64-0,331,39,39.28578781561571
316,huggyllama/llama-7b,dummy-lora-7b-rank-16-1,749,67,39.56718915231413
317,huggyllama/llama-7b,dummy-lora-7b-rank-128-3,560,25,39.660182925677034
318,huggyllama/llama-7b,dummy-lora-7b-rank-16-3,786,14,39.69329074983445
319,huggyllama/llama-7b,dummy-lora-7b-rank-32-4,439,42,39.77638862039955
320,huggyllama/llama-7b,dummy-lora-7b-rank-16-1,904,37,39.823064298460956
321,huggyllama/llama-7b,dummy-lora-7b-rank-128-0,845,119,39.965382841595954
322,huggyllama/llama-7b,dummy-lora-7b-rank-32-1,548,17,40.02507679717754
323,huggyllama/llama-7b,dummy-lora-7b-rank-32-3,690,55,40.067418698230284
324,huggyllama/llama-7b,dummy-lora-7b-rank-32-1,768,11,40.22601462682809
325,huggyllama/llama-7b,dummy-lora-7b-rank-64-1,705,255,40.481480586436156
326,huggyllama/llama-7b,dummy-lora-7b-rank-32-1,976,86,40.60197245287702
327,huggyllama/llama-7b,dummy-lora-7b-rank-32-4,554,21,41.1816233031414
328,huggyllama/llama-7b,dummy-lora-7b-rank-128-3,242,44,41.348331931834416
329,huggyllama/llama-7b,dummy-lora-7b-rank-8-1,566,20,41.460871637929266
330,huggyllama/llama-7b,dummy-lora-7b-rank-8-1,580,13,41.50361671465805
331,huggyllama/llama-7b,dummy-lora-7b-rank-32-0,554,22,41.55840239229136
332,huggyllama/llama-7b,dummy-lora-7b-rank-32-1,218,37,41.96090172274498
333,huggyllama/llama-7b,dummy-lora-7b-rank-32-1,414,38,42.08407361807336
334,huggyllama/llama-7b,dummy-lora-7b-rank-16-4,313,47,42.12167441040728
335,huggyllama/llama-7b,dummy-lora-7b-rank-64-2,541,10,42.28394855491704
336,huggyllama/llama-7b,dummy-lora-7b-rank-32-4,558,14,42.67694942372614
337,huggyllama/llama-7b,dummy-lora-7b-rank-32-0,397,53,42.73928499149162
338,huggyllama/llama-7b,dummy-lora-7b-rank-32-0,556,21,43.030377973945164
339,huggyllama/llama-7b,dummy-lora-7b-rank-64-0,624,21,43.14394331085679
340,huggyllama/llama-7b,dummy-lora-7b-rank-8-1,262,119,43.210556886193864
341,huggyllama/llama-7b,dummy-lora-7b-rank-8-4,568,50,43.35094913731007
342,huggyllama/llama-7b,dummy-lora-7b-rank-128-2,429,47,43.464763867508516
343,huggyllama/llama-7b,dummy-lora-7b-rank-8-4,913,50,43.655736726811675
344,huggyllama/llama-7b,dummy-lora-7b-rank-16-3,695,10,43.67322536117116
345,huggyllama/llama-7b,dummy-lora-7b-rank-16-1,554,12,43.79124200359018
346,huggyllama/llama-7b,dummy-lora-7b-rank-32-0,327,105,43.81210422433202
347,huggyllama/llama-7b,dummy-lora-7b-rank-128-2,956,3,43.821078071083306
348,huggyllama/llama-7b,dummy-lora-7b-rank-8-2,612,16,43.96254372342332
349,huggyllama/llama-7b,dummy-lora-7b-rank-64-0,309,11,43.97654752779323
350,huggyllama/llama-7b,dummy-lora-7b-rank-64-0,787,39,44.113127845643795
351,huggyllama/llama-7b,dummy-lora-7b-rank-16-1,831,76,44.1220026987541
352,huggyllama/llama-7b,dummy-lora-7b-rank-16-2,444,8,44.19127798490913
353,huggyllama/llama-7b,dummy-lora-7b-rank-16-3,623,43,44.238584362414
354,huggyllama/llama-7b,dummy-lora-7b-rank-64-4,556,21,44.69880321530083
355,huggyllama/llama-7b,dummy-lora-7b-rank-8-0,552,77,44.727828394428904
356,huggyllama/llama-7b,dummy-lora-7b-rank-128-2,203,47,44.765488817799834
357,huggyllama/llama-7b,dummy-lora-7b-rank-16-4,556,21,44.78134913563201
358,huggyllama/llama-7b,dummy-lora-7b-rank-8-0,101,35,44.946860482057495
359,huggyllama/llama-7b,dummy-lora-7b-rank-64-4,336,48,44.98421786289576
360,huggyllama/llama-7b,dummy-lora-7b-rank-128-4,522,9,45.03742422010662
361,huggyllama/llama-7b,dummy-lora-7b-rank-16-3,1001,3,45.050133357907484
362,huggyllama/llama-7b,dummy-lora-7b-rank-16-1,658,70,45.0723982856212
363,huggyllama/llama-7b,dummy-lora-7b-rank-32-0,344,45,45.25653363001829
364,huggyllama/llama-7b,dummy-lora-7b-rank-128-3,416,5,45.793793225697264
365,huggyllama/llama-7b,dummy-lora-7b-rank-32-3,240,124,45.7999797643818
366,huggyllama/llama-7b,dummy-lora-7b-rank-32-0,461,51,45.8560408701724
367,huggyllama/llama-7b,dummy-lora-7b-rank-16-0,596,10,46.016864002741755
368,huggyllama/llama-7b,dummy-lora-7b-rank-32-4,436,38,46.21075517729607
369,huggyllama/llama-7b,dummy-lora-7b-rank-128-3,611,25,46.388825178582806
370,huggyllama/llama-7b,dummy-lora-7b-rank-128-0,556,23,46.636094600105515
371,huggyllama/llama-7b,dummy-lora-7b-rank-128-0,194,39,46.7035147129111
372,huggyllama/llama-7b,dummy-lora-7b-rank-128-4,576,34,46.87319400714996
373,huggyllama/llama-7b,dummy-lora-7b-rank-8-3,436,65,47.260219673633344
374,huggyllama/llama-7b,dummy-lora-7b-rank-128-4,97,31,47.315361794374375
375,huggyllama/llama-7b,dummy-lora-7b-rank-128-0,431,122,47.34375759680829
376,huggyllama/llama-7b,dummy-lora-7b-rank-32-0,605,12,47.59043659105383
377,huggyllama/llama-7b,dummy-lora-7b-rank-128-3,317,49,47.60633346537924
378,huggyllama/llama-7b,dummy-lora-7b-rank-64-3,596,26,47.65053504166209
379,huggyllama/llama-7b,dummy-lora-7b-rank-16-4,380,59,47.81614892105559
380,huggyllama/llama-7b,dummy-lora-7b-rank-64-2,598,28,47.86393982888912
381,huggyllama/llama-7b,dummy-lora-7b-rank-16-3,827,45,47.970203282502744
382,huggyllama/llama-7b,dummy-lora-7b-rank-32-2,294,14,48.012770188115375
383,huggyllama/llama-7b,dummy-lora-7b-rank-16-4,259,78,48.189415185081664
384,huggyllama/llama-7b,dummy-lora-7b-rank-64-4,548,19,48.554750398375276
385,huggyllama/llama-7b,dummy-lora-7b-rank-128-4,258,43,48.58535880116822
386,huggyllama/llama-7b,dummy-lora-7b-rank-32-4,243,97,48.71656742538808
387,huggyllama/llama-7b,dummy-lora-7b-rank-16-2,153,41,48.80218275885871
388,huggyllama/llama-7b,dummy-lora-7b-rank-128-4,567,54,48.97726983488955
389,huggyllama/llama-7b,dummy-lora-7b-rank-32-1,1011,155,49.28055100684795
390,huggyllama/llama-7b,dummy-lora-7b-rank-128-1,148,40,49.449602717257214
391,huggyllama/llama-7b,dummy-lora-7b-rank-32-0,333,86,49.45582148039785
392,huggyllama/llama-7b,dummy-lora-7b-rank-128-0,201,162,49.52070031034699
393,huggyllama/llama-7b,dummy-lora-7b-rank-64-1,200,54,49.53602306826428
394,huggyllama/llama-7b,dummy-lora-7b-rank-32-3,327,36,49.75346610814139
395,huggyllama/llama-7b,dummy-lora-7b-rank-64-1,405,55,49.80211297394093
396,huggyllama/llama-7b,dummy-lora-7b-rank-64-2,440,47,49.820131915525444
397,huggyllama/llama-7b,dummy-lora-7b-rank-32-3,592,37,49.90459250792741
398,huggyllama/llama-7b,dummy-lora-7b-rank-128-4,562,26,49.99706249437897
399,huggyllama/llama-7b,dummy-lora-7b-rank-128-3,769,45,50.08783607905768
400,huggyllama/llama-7b,dummy-lora-7b-rank-8-1,108,42,50.238840768806156
401,huggyllama/llama-7b,dummy-lora-7b-rank-32-4,519,50,50.24703106145445
402,huggyllama/llama-7b,dummy-lora-7b-rank-16-0,238,47,50.35513393269988
403,huggyllama/llama-7b,dummy-lora-7b-rank-8-4,550,20,50.355715237487985
404,huggyllama/llama-7b,dummy-lora-7b-rank-32-1,178,43,50.44053226469283
405,huggyllama/llama-7b,dummy-lora-7b-rank-16-1,683,71,50.8062025320989
406,huggyllama/llama-7b,dummy-lora-7b-rank-128-3,556,19,50.82170504775338
407,huggyllama/llama-7b,dummy-lora-7b-rank-8-0,340,8,50.85705442453572
408,huggyllama/llama-7b,dummy-lora-7b-rank-32-0,552,21,50.880725684013775
409,huggyllama/llama-7b,dummy-lora-7b-rank-32-4,406,10,50.88134475829001
410,huggyllama/llama-7b,dummy-lora-7b-rank-128-4,578,34,50.98563288545982
411,huggyllama/llama-7b,dummy-lora-7b-rank-64-0,741,19,51.04992743784622
412,huggyllama/llama-7b,dummy-lora-7b-rank-128-2,554,20,51.19089777927734
413,huggyllama/llama-7b,dummy-lora-7b-rank-32-1,586,39,51.49183461049951
414,huggyllama/llama-7b,dummy-lora-7b-rank-128-0,564,26,51.553825567806925
415,huggyllama/llama-7b,dummy-lora-7b-rank-16-1,101,48,51.83776119255975
416,huggyllama/llama-7b,dummy-lora-7b-rank-32-3,254,9,51.85070662459709
417,huggyllama/llama-7b,dummy-lora-7b-rank-128-1,448,50,51.90563634992017
418,huggyllama/llama-7b,dummy-lora-7b-rank-32-4,485,53,52.25824395033446
419,huggyllama/llama-7b,dummy-lora-7b-rank-8-0,344,105,52.49167174058401
420,huggyllama/llama-7b,dummy-lora-7b-rank-8-4,634,56,52.55043579473004
421,huggyllama/llama-7b,dummy-lora-7b-rank-16-2,493,48,52.55378824793519
422,huggyllama/llama-7b,dummy-lora-7b-rank-64-1,560,23,52.5880821433624
423,huggyllama/llama-7b,dummy-lora-7b-rank-8-4,625,27,52.80683843239243
424,huggyllama/llama-7b,dummy-lora-7b-rank-64-2,93,75,52.82028755091399
425,huggyllama/llama-7b,dummy-lora-7b-rank-64-0,710,12,52.85198921434685
426,huggyllama/llama-7b,dummy-lora-7b-rank-8-2,554,19,52.961616197698405
427,huggyllama/llama-7b,dummy-lora-7b-rank-64-0,293,11,53.16206482584385
428,huggyllama/llama-7b,dummy-lora-7b-rank-16-0,517,61,53.31523602327168
429,huggyllama/llama-7b,dummy-lora-7b-rank-32-2,348,37,53.344981636088264
430,huggyllama/llama-7b,dummy-lora-7b-rank-64-4,366,46,53.47227987051964
431,huggyllama/llama-7b,dummy-lora-7b-rank-128-2,689,8,53.48356637022298
432,huggyllama/llama-7b,dummy-lora-7b-rank-64-3,114,41,53.61806826995873
433,huggyllama/llama-7b,dummy-lora-7b-rank-128-3,556,21,53.86026170671193
434,huggyllama/llama-7b,dummy-lora-7b-rank-64-1,548,17,54.057042315914394
435,huggyllama/llama-7b,dummy-lora-7b-rank-16-2,404,5,54.11901983731961
436,huggyllama/llama-7b,dummy-lora-7b-rank-32-1,290,49,54.12808736016609
437,huggyllama/llama-7b,dummy-lora-7b-rank-8-0,644,9,54.1653018341526
438,huggyllama/llama-7b,dummy-lora-7b-rank-16-3,619,50,54.261294537651125
439,huggyllama/llama-7b,dummy-lora-7b-rank-32-2,325,56,54.30679826155151
440,huggyllama/llama-7b,dummy-lora-7b-rank-8-4,568,29,54.4651433022048
441,huggyllama/llama-7b,dummy-lora-7b-rank-128-3,827,41,54.7618837306467
442,huggyllama/llama-7b,dummy-lora-7b-rank-16-3,617,24,54.891721143715834
443,huggyllama/llama-7b,dummy-lora-7b-rank-16-1,690,10,54.945498364288284
444,huggyllama/llama-7b,dummy-lora-7b-rank-128-2,225,41,55.09597435792557
445,huggyllama/llama-7b,dummy-lora-7b-rank-32-0,554,20,55.2521314454298
446,huggyllama/llama-7b,dummy-lora-7b-rank-64-3,266,53,55.41925425693716
447,huggyllama/llama-7b,dummy-lora-7b-rank-128-4,269,51,55.48357605536508
448,huggyllama/llama-7b,dummy-lora-7b-rank-32-0,52,64,55.58205455825633
449,huggyllama/llama-7b,dummy-lora-7b-rank-16-3,183,44,55.66800059555439
450,huggyllama/llama-7b,dummy-lora-7b-rank-16-2,356,39,55.758929945114886
451,huggyllama/llama-7b,dummy-lora-7b-rank-16-1,118,19,55.77234802141076
452,huggyllama/llama-7b,dummy-lora-7b-rank-8-4,187,186,55.96550839481338
453,huggyllama/llama-7b,dummy-lora-7b-rank-64-3,313,213,56.12169655608427
454,huggyllama/llama-7b,dummy-lora-7b-rank-8-0,256,144,56.310147905368744
455,huggyllama/llama-7b,dummy-lora-7b-rank-16-4,596,26,56.56470881952453
456,huggyllama/llama-7b,dummy-lora-7b-rank-128-2,215,74,56.76111905817437
457,huggyllama/llama-7b,dummy-lora-7b-rank-8-0,331,11,56.88910486991004
458,huggyllama/llama-7b,dummy-lora-7b-rank-64-2,568,20,56.96808560229136
459,huggyllama/llama-7b,dummy-lora-7b-rank-32-2,265,58,56.96974517599922
460,huggyllama/llama-7b,dummy-lora-7b-rank-64-2,655,44,56.98457634859746
461,huggyllama/llama-7b,dummy-lora-7b-rank-128-0,313,14,57.35168029070778
462,huggyllama/llama-7b,dummy-lora-7b-rank-128-4,635,23,57.41431465518024
463,huggyllama/llama-7b,dummy-lora-7b-rank-8-1,564,28,57.41961460399486
464,huggyllama/llama-7b,dummy-lora-7b-rank-32-4,570,24,57.45422767942321
465,huggyllama/llama-7b,dummy-lora-7b-rank-64-1,378,44,57.74459938956868
466,huggyllama/llama-7b,dummy-lora-7b-rank-64-2,454,60,57.94615610745988
467,huggyllama/llama-7b,dummy-lora-7b-rank-128-1,624,10,58.30893036374833
468,huggyllama/llama-7b,dummy-lora-7b-rank-64-1,301,237,58.422498013105695
469,huggyllama/llama-7b,dummy-lora-7b-rank-128-2,438,37,58.433564607216596
470,huggyllama/llama-7b,dummy-lora-7b-rank-32-4,585,16,58.495706515023606
471,huggyllama/llama-7b,dummy-lora-7b-rank-32-0,580,36,58.73467896246903
472,huggyllama/llama-7b,dummy-lora-7b-rank-32-2,791,8,58.78363564044239
473,huggyllama/llama-7b,dummy-lora-7b-rank-8-4,328,11,58.880380881674945
474,huggyllama/llama-7b,dummy-lora-7b-rank-8-4,451,7,58.899267088992794
475,huggyllama/llama-7b,dummy-lora-7b-rank-128-4,556,21,58.912991426302305
476,huggyllama/llama-7b,dummy-lora-7b-rank-16-4,512,23,59.179192249931475
477,huggyllama/llama-7b,dummy-lora-7b-rank-128-4,607,16,59.23127234219964
478,huggyllama/llama-7b,dummy-lora-7b-rank-8-4,616,59,59.276888593761115
479,huggyllama/llama-7b,dummy-lora-7b-rank-64-2,597,22,59.58525717908919
480,huggyllama/llama-7b,dummy-lora-7b-rank-64-3,254,58,59.60783942822934
481,huggyllama/llama-7b,dummy-lora-7b-rank-8-2,522,37,59.706217014557886
482,huggyllama/llama-7b,dummy-lora-7b-rank-64-4,104,51,60.09146758031355
483,huggyllama/llama-7b,dummy-lora-7b-rank-128-1,459,64,60.12452555953659
484,huggyllama/llama-7b,dummy-lora-7b-rank-128-3,331,58,60.18353111069351
485,huggyllama/llama-7b,dummy-lora-7b-rank-8-4,607,24,60.27017456195225
486,huggyllama/llama-7b,dummy-lora-7b-rank-8-0,550,18,60.33822934083363
487,huggyllama/llama-7b,dummy-lora-7b-rank-8-4,566,2,60.420869552990155
488,huggyllama/llama-7b,dummy-lora-7b-rank-32-2,272,49,60.482089857638776
489,huggyllama/llama-7b,dummy-lora-7b-rank-128-1,603,14,60.74024313616094
490,huggyllama/llama-7b,dummy-lora-7b-rank-64-0,611,18,60.753268826092906
491,huggyllama/llama-7b,dummy-lora-7b-rank-64-4,465,38,61.1560600186696
492,huggyllama/llama-7b,dummy-lora-7b-rank-32-1,501,34,61.27060195077284
493,huggyllama/llama-7b,dummy-lora-7b-rank-32-1,422,46,61.28421006520194
494,huggyllama/llama-7b,dummy-lora-7b-rank-16-0,592,19,61.43553091602564
495,huggyllama/llama-7b,dummy-lora-7b-rank-64-1,572,32,61.45524438885778
496,huggyllama/llama-7b,dummy-lora-7b-rank-8-3,732,87,61.51893643101127
497,huggyllama/llama-7b,dummy-lora-7b-rank-16-1,566,18,61.5653200766924
498,huggyllama/llama-7b,dummy-lora-7b-rank-64-0,617,26,61.742874332218136
499,huggyllama/llama-7b,dummy-lora-7b-rank-16-1,548,17,61.74890824867312
500,huggyllama/llama-7b,dummy-lora-7b-rank-16-1,560,21,61.75042417816016
501,huggyllama/llama-7b,dummy-lora-7b-rank-64-1,562,26,62.138341268921224
502,huggyllama/llama-7b,dummy-lora-7b-rank-128-1,558,21,62.165138323988145
503,huggyllama/llama-7b,dummy-lora-7b-rank-8-0,600,28,62.29147740647106
504,huggyllama/llama-7b,dummy-lora-7b-rank-8-4,246,30,62.315544210713455
505,huggyllama/llama-7b,dummy-lora-7b-rank-32-1,353,13,62.38772484703243
506,huggyllama/llama-7b,dummy-lora-7b-rank-64-0,574,33,62.41973286649204
507,huggyllama/llama-7b,dummy-lora-7b-rank-32-4,176,52,62.53099274228256
508,huggyllama/llama-7b,dummy-lora-7b-rank-64-0,572,29,62.72944359931086
509,huggyllama/llama-7b,dummy-lora-7b-rank-32-1,307,119,62.73071861488888
510,huggyllama/llama-7b,dummy-lora-7b-rank-8-0,521,41,62.773785342032475
511,huggyllama/llama-7b,dummy-lora-7b-rank-16-1,541,8,62.99751702433988
512,huggyllama/llama-7b,dummy-lora-7b-rank-16-3,56,105,63.25621314176747
513,huggyllama/llama-7b,dummy-lora-7b-rank-128-2,681,23,63.50696473299426
514,huggyllama/llama-7b,dummy-lora-7b-rank-16-4,312,56,63.80727733453328
515,huggyllama/llama-7b,dummy-lora-7b-rank-16-4,564,8,63.90955962663495
516,huggyllama/llama-7b,dummy-lora-7b-rank-8-2,519,92,64.09107086798289
517,huggyllama/llama-7b,dummy-lora-7b-rank-8-3,200,52,64.31605527257061
518,huggyllama/llama-7b,dummy-lora-7b-rank-128-2,194,56,64.44974642000116
519,huggyllama/llama-7b,dummy-lora-7b-rank-32-4,560,26,64.72003178267272
520,huggyllama/llama-7b,dummy-lora-7b-rank-32-1,331,117,64.80681513313789
521,huggyllama/llama-7b,dummy-lora-7b-rank-128-4,601,18,64.85880491203577
522,huggyllama/llama-7b,dummy-lora-7b-rank-8-3,562,24,64.92520897268864
523,huggyllama/llama-7b,dummy-lora-7b-rank-16-0,601,16,65.0873724988672
524,huggyllama/llama-7b,dummy-lora-7b-rank-64-2,491,7,65.22316754530387
525,huggyllama/llama-7b,dummy-lora-7b-rank-64-2,172,47,65.28509303221507
526,huggyllama/llama-7b,dummy-lora-7b-rank-128-0,408,77,65.28840301146656
527,huggyllama/llama-7b,dummy-lora-7b-rank-128-4,718,15,65.8480684654994
528,huggyllama/llama-7b,dummy-lora-7b-rank-128-1,552,19,66.01568723810524
529,huggyllama/llama-7b,dummy-lora-7b-rank-8-0,554,12,66.1584590134647
530,huggyllama/llama-7b,dummy-lora-7b-rank-32-2,440,9,66.27134522701587
531,huggyllama/llama-7b,dummy-lora-7b-rank-128-4,195,47,66.30515179817665
532,huggyllama/llama-7b,dummy-lora-7b-rank-128-3,486,45,66.55836872829198
533,huggyllama/llama-7b,dummy-lora-7b-rank-8-0,552,19,66.7794696412767
534,huggyllama/llama-7b,dummy-lora-7b-rank-64-2,600,26,67.2398998116912
535,huggyllama/llama-7b,dummy-lora-7b-rank-64-2,548,17,67.28610877219141
536,huggyllama/llama-7b,dummy-lora-7b-rank-16-0,523,55,67.34215602219508
537,huggyllama/llama-7b,dummy-lora-7b-rank-16-1,1001,12,67.54993715568683
538,huggyllama/llama-7b,dummy-lora-7b-rank-64-3,107,54,67.57045913902772
539,huggyllama/llama-7b,dummy-lora-7b-rank-16-3,617,48,67.67050288411762
540,huggyllama/llama-7b,dummy-lora-7b-rank-16-3,300,52,67.72792219703739
541,huggyllama/llama-7b,dummy-lora-7b-rank-16-2,164,124,67.782718710412
542,huggyllama/llama-7b,dummy-lora-7b-rank-128-1,225,3,67.86166939175835
543,huggyllama/llama-7b,dummy-lora-7b-rank-8-2,811,89,67.9401771922676
544,huggyllama/llama-7b,dummy-lora-7b-rank-64-1,524,53,68.18995981608609
545,huggyllama/llama-7b,dummy-lora-7b-rank-32-0,518,7,68.26324862289253
546,huggyllama/llama-7b,dummy-lora-7b-rank-128-4,703,69,68.36341486740434
547,huggyllama/llama-7b,dummy-lora-7b-rank-128-0,963,45,68.39486705732865
548,huggyllama/llama-7b,dummy-lora-7b-rank-16-2,568,28,68.46313615313005
549,huggyllama/llama-7b,dummy-lora-7b-rank-64-2,474,70,68.54569065770953
550,huggyllama/llama-7b,dummy-lora-7b-rank-64-0,492,18,68.59244362436436
551,huggyllama/llama-7b,dummy-lora-7b-rank-16-2,195,5,68.72300830315943
552,huggyllama/llama-7b,dummy-lora-7b-rank-32-1,241,50,68.75311811213474
553,huggyllama/llama-7b,dummy-lora-7b-rank-32-0,445,169,68.95435869530205
554,huggyllama/llama-7b,dummy-lora-7b-rank-8-1,627,27,69.10126637765069
555,huggyllama/llama-7b,dummy-lora-7b-rank-16-2,337,9,69.22265823190153
556,huggyllama/llama-7b,dummy-lora-7b-rank-32-3,636,14,69.23580996269865
557,huggyllama/llama-7b,dummy-lora-7b-rank-64-2,640,63,69.2559618507688
558,huggyllama/llama-7b,dummy-lora-7b-rank-16-3,288,47,69.70063451368259
559,huggyllama/llama-7b,dummy-lora-7b-rank-8-4,792,11,69.70074268365296
560,huggyllama/llama-7b,dummy-lora-7b-rank-128-1,231,51,69.75409859333523
561,huggyllama/llama-7b,dummy-lora-7b-rank-64-0,547,51,69.7877763911856
562,huggyllama/llama-7b,dummy-lora-7b-rank-8-0,200,39,70.04412853501478
563,huggyllama/llama-7b,dummy-lora-7b-rank-128-3,634,47,70.12980743723867
564,huggyllama/llama-7b,dummy-lora-7b-rank-16-0,603,19,70.20708338995775
565,huggyllama/llama-7b,dummy-lora-7b-rank-16-0,352,47,70.35383081019361
566,huggyllama/llama-7b,dummy-lora-7b-rank-16-2,590,16,70.38420815057255
567,huggyllama/llama-7b,dummy-lora-7b-rank-64-0,473,74,70.39282871788913
568,huggyllama/llama-7b,dummy-lora-7b-rank-128-4,632,22,70.45974334387661
569,huggyllama/llama-7b,dummy-lora-7b-rank-64-3,348,9,70.52226472669294
570,huggyllama/llama-7b,dummy-lora-7b-rank-128-2,598,52,70.58958075246663
571,huggyllama/llama-7b,dummy-lora-7b-rank-64-4,915,54,70.7759877660322
572,huggyllama/llama-7b,dummy-lora-7b-rank-8-1,385,135,70.83042948874177
573,huggyllama/llama-7b,dummy-lora-7b-rank-16-3,546,16,70.93490122893186
574,huggyllama/llama-7b,dummy-lora-7b-rank-32-3,359,60,71.01927551013424
575,huggyllama/llama-7b,dummy-lora-7b-rank-32-1,676,9,71.03976494553437
576,huggyllama/llama-7b,dummy-lora-7b-rank-8-3,390,9,71.04592025482515
577,huggyllama/llama-7b,dummy-lora-7b-rank-32-2,574,5,71.11108880439967
578,huggyllama/llama-7b,dummy-lora-7b-rank-16-4,570,30,71.1426147798067
579,huggyllama/llama-7b,dummy-lora-7b-rank-8-2,661,22,71.29261840482867
580,huggyllama/llama-7b,dummy-lora-7b-rank-32-2,552,19,71.33670255826438
581,huggyllama/llama-7b,dummy-lora-7b-rank-8-3,796,79,71.33790007284837
582,huggyllama/llama-7b,dummy-lora-7b-rank-32-2,281,91,71.7238723326052
583,huggyllama/llama-7b,dummy-lora-7b-rank-8-3,299,8,71.88004250369883
584,huggyllama/llama-7b,dummy-lora-7b-rank-64-4,213,29,71.92842297859045
585,huggyllama/llama-7b,dummy-lora-7b-rank-8-1,464,41,72.05128938806331
586,huggyllama/llama-7b,dummy-lora-7b-rank-32-4,604,17,72.26445153730354
587,huggyllama/llama-7b,dummy-lora-7b-rank-8-1,138,33,72.34100831866105
588,huggyllama/llama-7b,dummy-lora-7b-rank-8-3,617,23,72.37703318038177
589,huggyllama/llama-7b,dummy-lora-7b-rank-8-0,426,6,72.4563876790719
590,huggyllama/llama-7b,dummy-lora-7b-rank-8-4,591,15,72.63759256230706
591,huggyllama/llama-7b,dummy-lora-7b-rank-16-0,223,3,72.65367740989103
592,huggyllama/llama-7b,dummy-lora-7b-rank-8-3,546,10,72.80250175899027
593,huggyllama/llama-7b,dummy-lora-7b-rank-64-3,230,45,72.95050094795401
594,huggyllama/llama-7b,dummy-lora-7b-rank-8-2,560,25,73.014048378653
595,huggyllama/llama-7b,dummy-lora-7b-rank-32-1,605,20,73.0340430925046
596,huggyllama/llama-7b,dummy-lora-7b-rank-64-0,609,20,73.19074295068214
597,huggyllama/llama-7b,dummy-lora-7b-rank-32-1,545,216,73.19335420004369
598,huggyllama/llama-7b,dummy-lora-7b-rank-128-0,635,10,73.24328834447321
599,huggyllama/llama-7b,dummy-lora-7b-rank-16-3,554,21,73.37147134527547
600,huggyllama/llama-7b,dummy-lora-7b-rank-16-3,181,43,73.4401727860229
601,huggyllama/llama-7b,dummy-lora-7b-rank-128-1,591,14,73.44916632059596
602,huggyllama/llama-7b,dummy-lora-7b-rank-16-3,772,8,73.4699018797176
603,huggyllama/llama-7b,dummy-lora-7b-rank-64-2,562,24,73.70754587327454
604,huggyllama/llama-7b,dummy-lora-7b-rank-16-1,355,43,73.82988782337787
605,huggyllama/llama-7b,dummy-lora-7b-rank-8-4,570,14,73.88094026498825
606,huggyllama/llama-7b,dummy-lora-7b-rank-8-3,849,37,73.93336050450728
607,huggyllama/llama-7b,dummy-lora-7b-rank-8-4,560,14,74.00242556011534
608,huggyllama/llama-7b,dummy-lora-7b-rank-16-4,831,31,74.26244922220422
609,huggyllama/llama-7b,dummy-lora-7b-rank-64-3,566,12,74.41527292058203
610,huggyllama/llama-7b,dummy-lora-7b-rank-64-4,622,24,74.41688794735086
611,huggyllama/llama-7b,dummy-lora-7b-rank-8-4,248,77,74.5783381032024
612,huggyllama/llama-7b,dummy-lora-7b-rank-16-1,966,3,74.59420617803111
613,huggyllama/llama-7b,dummy-lora-7b-rank-8-3,152,97,74.70940979130552
614,huggyllama/llama-7b,dummy-lora-7b-rank-32-4,494,36,75.0708425982081
615,huggyllama/llama-7b,dummy-lora-7b-rank-64-1,427,50,75.19759720676147
616,huggyllama/llama-7b,dummy-lora-7b-rank-16-0,560,23,75.28306850590035
617,huggyllama/llama-7b,dummy-lora-7b-rank-128-0,996,11,75.48064867717935
618,huggyllama/llama-7b,dummy-lora-7b-rank-32-4,357,13,75.52876738610675
619,huggyllama/llama-7b,dummy-lora-7b-rank-16-0,707,21,75.690808881797
620,huggyllama/llama-7b,dummy-lora-7b-rank-128-1,349,49,75.72615302661097
621,huggyllama/llama-7b,dummy-lora-7b-rank-32-3,807,54,75.88231399158735
622,huggyllama/llama-7b,dummy-lora-7b-rank-8-4,202,108,76.16132636562787
623,huggyllama/llama-7b,dummy-lora-7b-rank-16-1,552,11,76.32576324385944
624,huggyllama/llama-7b,dummy-lora-7b-rank-16-0,639,38,76.40978401492356
625,huggyllama/llama-7b,dummy-lora-7b-rank-64-1,845,117,76.44712302054937
626,huggyllama/llama-7b,dummy-lora-7b-rank-32-1,319,141,76.4726765965237
627,huggyllama/llama-7b,dummy-lora-7b-rank-128-2,344,46,76.65102066744491
628,huggyllama/llama-7b,dummy-lora-7b-rank-8-2,599,17,76.67251750164164
629,huggyllama/llama-7b,dummy-lora-7b-rank-64-3,503,63,76.70563039680017
630,huggyllama/llama-7b,dummy-lora-7b-rank-64-4,559,17,76.74374687470504
631,huggyllama/llama-7b,dummy-lora-7b-rank-16-1,550,18,76.82907493547965
632,huggyllama/llama-7b,dummy-lora-7b-rank-32-0,404,7,77.11544398327435
633,huggyllama/llama-7b,dummy-lora-7b-rank-16-1,614,34,77.16053616379345
634,huggyllama/llama-7b,dummy-lora-7b-rank-32-2,748,49,77.28733620052834
635,huggyllama/llama-7b,dummy-lora-7b-rank-8-1,319,46,77.55084579619833
636,huggyllama/llama-7b,dummy-lora-7b-rank-16-3,484,48,77.58685898975172
637,huggyllama/llama-7b,dummy-lora-7b-rank-128-0,569,21,77.66139446823236
638,huggyllama/llama-7b,dummy-lora-7b-rank-32-3,224,43,77.9817799860713
639,huggyllama/llama-7b,dummy-lora-7b-rank-8-1,425,17,78.10143287171684
640,huggyllama/llama-7b,dummy-lora-7b-rank-32-2,463,11,78.58347516876665
641,huggyllama/llama-7b,dummy-lora-7b-rank-32-4,305,34,78.69824968615504
642,huggyllama/llama-7b,dummy-lora-7b-rank-32-0,576,2,78.81261472297265
643,huggyllama/llama-7b,dummy-lora-7b-rank-128-3,731,3,78.82928030924636
644,huggyllama/llama-7b,dummy-lora-7b-rank-16-1,522,39,78.94107198514752
645,huggyllama/llama-7b,dummy-lora-7b-rank-8-0,495,65,79.22931327522403
646,huggyllama/llama-7b,dummy-lora-7b-rank-8-1,365,7,79.33441099858082
647,huggyllama/llama-7b,dummy-lora-7b-rank-16-3,558,24,79.35782061996987
648,huggyllama/llama-7b,dummy-lora-7b-rank-32-2,278,7,79.37609323223985
649,huggyllama/llama-7b,dummy-lora-7b-rank-16-1,443,53,79.48839552495704
650,huggyllama/llama-7b,dummy-lora-7b-rank-128-2,605,20,79.53522629257354
651,huggyllama/llama-7b,dummy-lora-7b-rank-32-2,269,40,79.60881168885318
652,huggyllama/llama-7b,dummy-lora-7b-rank-16-2,274,97,79.62439082337941
653,huggyllama/llama-7b,dummy-lora-7b-rank-32-3,92,45,79.90026054232187
654,huggyllama/llama-7b,dummy-lora-7b-rank-64-4,996,53,80.20732469489944
655,huggyllama/llama-7b,dummy-lora-7b-rank-8-4,219,54,80.2917381703108
656,huggyllama/llama-7b,dummy-lora-7b-rank-128-4,556,13,80.39960006532436
657,huggyllama/llama-7b,dummy-lora-7b-rank-16-1,182,155,80.40269479417555
658,huggyllama/llama-7b,dummy-lora-7b-rank-32-0,389,93,80.56184742843232
659,huggyllama/llama-7b,dummy-lora-7b-rank-8-4,179,7,80.92318472833799
660,huggyllama/llama-7b,dummy-lora-7b-rank-16-1,1001,36,80.93695005543837
661,huggyllama/llama-7b,dummy-lora-7b-rank-8-0,724,12,81.05381248913909
662,huggyllama/llama-7b,dummy-lora-7b-rank-64-2,608,13,81.15217057776299
663,huggyllama/llama-7b,dummy-lora-7b-rank-128-3,558,24,81.18022810203931
664,huggyllama/llama-7b,dummy-lora-7b-rank-16-0,318,59,81.53543988711661
665,huggyllama/llama-7b,dummy-lora-7b-rank-32-1,550,18,81.57589086848782
666,huggyllama/llama-7b,dummy-lora-7b-rank-32-0,596,12,81.72499484275859
667,huggyllama/llama-7b,dummy-lora-7b-rank-32-0,554,20,81.79462079193414
668,huggyllama/llama-7b,dummy-lora-7b-rank-32-4,867,117,82.08858642296589
669,huggyllama/llama-7b,dummy-lora-7b-rank-64-0,677,55,82.11973883859022
670,huggyllama/llama-7b,dummy-lora-7b-rank-128-0,260,91,82.23013519427111
671,huggyllama/llama-7b,dummy-lora-7b-rank-8-0,183,43,82.24779058970495
672,huggyllama/llama-7b,dummy-lora-7b-rank-32-2,554,18,82.40047013978085
673,huggyllama/llama-7b,dummy-lora-7b-rank-32-4,261,32,82.6396344791887
674,huggyllama/llama-7b,dummy-lora-7b-rank-32-1,512,10,82.75974451979612
675,huggyllama/llama-7b,dummy-lora-7b-rank-32-0,854,49,82.82674868407078
676,huggyllama/llama-7b,dummy-lora-7b-rank-64-2,259,43,82.9099933304298
677,huggyllama/llama-7b,dummy-lora-7b-rank-8-0,556,21,83.01567720318221
678,huggyllama/llama-7b,dummy-lora-7b-rank-32-0,619,27,83.02082050796679
679,huggyllama/llama-7b,dummy-lora-7b-rank-64-1,586,14,83.09280119605069
680,huggyllama/llama-7b,dummy-lora-7b-rank-64-4,297,160,83.28523519091729
681,huggyllama/llama-7b,dummy-lora-7b-rank-32-1,566,29,83.31925029219175
682,huggyllama/llama-7b,dummy-lora-7b-rank-64-0,804,8,83.4089228279655
683,huggyllama/llama-7b,dummy-lora-7b-rank-8-3,277,53,83.45725441160037
684,huggyllama/llama-7b,dummy-lora-7b-rank-16-2,368,42,83.69341229736197
685,huggyllama/llama-7b,dummy-lora-7b-rank-16-2,401,50,83.85511674270289
686,huggyllama/llama-7b,dummy-lora-7b-rank-128-1,834,133,83.90852165192979
687,huggyllama/llama-7b,dummy-lora-7b-rank-32-4,574,32,83.96667542515682
688,huggyllama/llama-7b,dummy-lora-7b-rank-32-3,117,13,84.16294175522661
689,huggyllama/llama-7b,dummy-lora-7b-rank-8-0,610,22,84.21099748030318
690,huggyllama/llama-7b,dummy-lora-7b-rank-32-4,313,59,84.3662036673726
691,huggyllama/llama-7b,dummy-lora-7b-rank-32-0,578,32,84.39529260088855
692,huggyllama/llama-7b,dummy-lora-7b-rank-16-1,496,9,84.48100649171477
693,huggyllama/llama-7b,dummy-lora-7b-rank-32-2,253,70,84.61831086127411
694,huggyllama/llama-7b,dummy-lora-7b-rank-16-2,453,42,84.65564397651944
695,huggyllama/llama-7b,dummy-lora-7b-rank-32-1,555,139,84.96980855342102
696,huggyllama/llama-7b,dummy-lora-7b-rank-32-1,450,42,85.099422343642
697,huggyllama/llama-7b,dummy-lora-7b-rank-32-4,496,13,85.26382859358786
698,huggyllama/llama-7b,dummy-lora-7b-rank-64-3,872,6,85.29938957605808
699,huggyllama/llama-7b,dummy-lora-7b-rank-128-4,504,26,85.31910428442339
700,huggyllama/llama-7b,dummy-lora-7b-rank-8-0,590,13,85.67578529399695
701,huggyllama/llama-7b,dummy-lora-7b-rank-8-1,607,39,85.95158450881348
702,huggyllama/llama-7b,dummy-lora-7b-rank-8-0,558,19,86.05989195906665
703,huggyllama/llama-7b,dummy-lora-7b-rank-8-1,256,76,86.45523445674945
704,huggyllama/llama-7b,dummy-lora-7b-rank-32-3,628,11,86.52101654143159
705,huggyllama/llama-7b,dummy-lora-7b-rank-64-4,650,76,86.53970232449335
706,huggyllama/llama-7b,dummy-lora-7b-rank-128-1,340,5,86.77036921524189
707,huggyllama/llama-7b,dummy-lora-7b-rank-8-3,557,21,87.08680056081761
708,huggyllama/llama-7b,dummy-lora-7b-rank-16-1,294,45,87.13035383460628
709,huggyllama/llama-7b,dummy-lora-7b-rank-128-2,751,30,87.18358081342117
710,huggyllama/llama-7b,dummy-lora-7b-rank-8-3,235,50,87.32418004184217
711,huggyllama/llama-7b,dummy-lora-7b-rank-32-0,404,49,87.34533598225609
712,huggyllama/llama-7b,dummy-lora-7b-rank-8-1,431,111,87.52713690086911
713,huggyllama/llama-7b,dummy-lora-7b-rank-32-1,401,51,87.67426696757458
714,huggyllama/llama-7b,dummy-lora-7b-rank-16-3,458,41,87.71546004462529
715,huggyllama/llama-7b,dummy-lora-7b-rank-128-1,547,52,87.72637969161143
716,huggyllama/llama-7b,dummy-lora-7b-rank-32-2,570,28,87.82521070526376
717,huggyllama/llama-7b,dummy-lora-7b-rank-8-4,548,17,87.86951766575088
718,huggyllama/llama-7b,dummy-lora-7b-rank-128-2,889,3,87.92389363640814
719,huggyllama/llama-7b,dummy-lora-7b-rank-16-1,512,10,87.98124210101258
720,huggyllama/llama-7b,dummy-lora-7b-rank-128-0,558,22,88.03380739072456
721,huggyllama/llama-7b,dummy-lora-7b-rank-16-1,81,37,88.47940449372022
722,huggyllama/llama-7b,dummy-lora-7b-rank-16-4,616,81,88.55592613572531
723,huggyllama/llama-7b,dummy-lora-7b-rank-8-2,550,16,88.78061711414966
724,huggyllama/llama-7b,dummy-lora-7b-rank-32-3,554,62,88.81366602374496
725,huggyllama/llama-7b,dummy-lora-7b-rank-32-0,486,6,89.11593728281814
726,huggyllama/llama-7b,dummy-lora-7b-rank-64-2,123,41,89.12653482911534
727,huggyllama/llama-7b,dummy-lora-7b-rank-128-2,362,55,89.56084848616432
728,huggyllama/llama-7b,dummy-lora-7b-rank-128-0,184,159,89.74066966536273
729,huggyllama/llama-7b,dummy-lora-7b-rank-16-0,737,38,89.78704750936053
730,huggyllama/llama-7b,dummy-lora-7b-rank-64-4,393,190,89.85146951738588
731,huggyllama/llama-7b,dummy-lora-7b-rank-128-0,619,30,90.02731764276855
732,huggyllama/llama-7b,dummy-lora-7b-rank-32-2,920,101,90.14248220728162
733,huggyllama/llama-7b,dummy-lora-7b-rank-16-2,328,43,90.15584372661607
734,huggyllama/llama-7b,dummy-lora-7b-rank-32-1,548,9,90.27685278112641
735,huggyllama/llama-7b,dummy-lora-7b-rank-8-3,609,20,90.27975031328381
736,huggyllama/llama-7b,dummy-lora-7b-rank-128-3,548,17,90.38175680982388
737,huggyllama/llama-7b,dummy-lora-7b-rank-32-3,151,67,90.4383782098326
738,huggyllama/llama-7b,dummy-lora-7b-rank-32-3,326,6,90.64319190058642
739,huggyllama/llama-7b,dummy-lora-7b-rank-64-4,442,178,90.69449168684737
740,huggyllama/llama-7b,dummy-lora-7b-rank-32-3,472,40,90.86570808224829
741,huggyllama/llama-7b,dummy-lora-7b-rank-16-0,491,12,90.86664791622923
742,huggyllama/llama-7b,dummy-lora-7b-rank-16-3,742,8,90.92915134962311
743,huggyllama/llama-7b,dummy-lora-7b-rank-16-2,795,64,91.02551280265324
744,huggyllama/llama-7b,dummy-lora-7b-rank-128-4,674,16,91.2854466281166
745,huggyllama/llama-7b,dummy-lora-7b-rank-16-2,942,65,91.38859151191313
746,huggyllama/llama-7b,dummy-lora-7b-rank-128-4,552,18,91.40652408902278
747,huggyllama/llama-7b,dummy-lora-7b-rank-128-3,552,13,91.44148515936041
748,huggyllama/llama-7b,dummy-lora-7b-rank-64-3,924,76,91.58267736999925
749,huggyllama/llama-7b,dummy-lora-7b-rank-64-1,152,37,91.661154602217
750,huggyllama/llama-7b,dummy-lora-7b-rank-32-2,887,97,91.6894208757585
751,huggyllama/llama-7b,dummy-lora-7b-rank-8-4,552,19,91.81012447395689
752,huggyllama/llama-7b,dummy-lora-7b-rank-128-4,295,24,91.89499938765583
753,huggyllama/llama-7b,dummy-lora-7b-rank-128-0,852,45,92.26315923142856
754,huggyllama/llama-7b,dummy-lora-7b-rank-32-0,106,45,92.30771940491435
755,huggyllama/llama-7b,dummy-lora-7b-rank-16-4,874,59,92.32202997006593
756,huggyllama/llama-7b,dummy-lora-7b-rank-16-3,439,117,92.94004931935146
757,huggyllama/llama-7b,dummy-lora-7b-rank-128-4,584,20,92.95930917412947
758,huggyllama/llama-7b,dummy-lora-7b-rank-32-4,646,14,93.26529086041394
759,huggyllama/llama-7b,dummy-lora-7b-rank-32-3,548,17,93.50012303871425
760,huggyllama/llama-7b,dummy-lora-7b-rank-8-1,179,114,93.52851884477606
761,huggyllama/llama-7b,dummy-lora-7b-rank-128-2,238,54,93.59248544138981
762,huggyllama/llama-7b,dummy-lora-7b-rank-32-3,556,21,93.75389700873838
763,huggyllama/llama-7b,dummy-lora-7b-rank-128-4,690,87,93.79264927639039
764,huggyllama/llama-7b,dummy-lora-7b-rank-16-1,566,15,93.90910247347381
765,huggyllama/llama-7b,dummy-lora-7b-rank-8-2,229,80,93.940307875623
766,huggyllama/llama-7b,dummy-lora-7b-rank-16-0,556,13,93.94205427060854
767,huggyllama/llama-7b,dummy-lora-7b-rank-16-3,548,17,94.00319306754727
768,huggyllama/llama-7b,dummy-lora-7b-rank-128-1,556,21,94.26705191252664
769,huggyllama/llama-7b,dummy-lora-7b-rank-128-3,162,35,94.28960376208343
770,huggyllama/llama-7b,dummy-lora-7b-rank-8-4,750,3,94.3419969983706
771,huggyllama/llama-7b,dummy-lora-7b-rank-64-0,600,17,94.45805768830604
772,huggyllama/llama-7b,dummy-lora-7b-rank-16-0,443,39,94.6004350720689
773,huggyllama/llama-7b,dummy-lora-7b-rank-8-1,179,65,94.62475561631221
774,huggyllama/llama-7b,dummy-lora-7b-rank-16-2,743,36,94.72483927801294
775,huggyllama/llama-7b,dummy-lora-7b-rank-32-0,185,37,94.8226085654993
776,huggyllama/llama-7b,dummy-lora-7b-rank-16-0,278,122,94.90979420732127
777,huggyllama/llama-7b,dummy-lora-7b-rank-128-4,608,12,94.91763041191939
778,huggyllama/llama-7b,dummy-lora-7b-rank-128-3,157,118,94.94950805548432
779,huggyllama/llama-7b,dummy-lora-7b-rank-32-2,318,6,94.98236821813133
780,huggyllama/llama-7b,dummy-lora-7b-rank-8-1,49,47,95.00951825330918
781,huggyllama/llama-7b,dummy-lora-7b-rank-16-1,530,4,95.08264636175252
782,huggyllama/llama-7b,dummy-lora-7b-rank-16-4,612,3,95.38315048563553
783,huggyllama/llama-7b,dummy-lora-7b-rank-128-0,550,20,95.48704068793498
784,huggyllama/llama-7b,dummy-lora-7b-rank-64-2,754,41,95.82455963198052
785,huggyllama/llama-7b,dummy-lora-7b-rank-64-2,560,15,95.9102137749192
786,huggyllama/llama-7b,dummy-lora-7b-rank-128-2,326,110,96.10291946754899
787,huggyllama/llama-7b,dummy-lora-7b-rank-64-1,858,7,96.23791088549221
788,huggyllama/llama-7b,dummy-lora-7b-rank-8-1,623,3,96.28925072842473
789,huggyllama/llama-7b,dummy-lora-7b-rank-16-2,198,42,96.61861790352062
790,huggyllama/llama-7b,dummy-lora-7b-rank-64-4,586,35,96.63639229725088
791,huggyllama/llama-7b,dummy-lora-7b-rank-16-3,591,43,96.68633106521726
792,huggyllama/llama-7b,dummy-lora-7b-rank-8-0,210,43,96.78232170516316
793,huggyllama/llama-7b,dummy-lora-7b-rank-128-0,441,8,96.96061872036886
794,huggyllama/llama-7b,dummy-lora-7b-rank-8-4,245,42,97.0126038809465
795,huggyllama/llama-7b,dummy-lora-7b-rank-32-0,586,9,97.22984436059942
796,huggyllama/llama-7b,dummy-lora-7b-rank-16-2,592,24,97.29550394944798
797,huggyllama/llama-7b,dummy-lora-7b-rank-64-2,390,44,97.32433002860125
798,huggyllama/llama-7b,dummy-lora-7b-rank-128-4,642,54,97.36213974881537
799,huggyllama/llama-7b,dummy-lora-7b-rank-64-1,552,19,97.3915695917572
800,huggyllama/llama-7b,dummy-lora-7b-rank-32-1,572,32,97.48347433366489
801,huggyllama/llama-7b,dummy-lora-7b-rank-32-2,272,56,97.55164147949411
802,huggyllama/llama-7b,dummy-lora-7b-rank-64-3,460,5,97.57559865975122
803,huggyllama/llama-7b,dummy-lora-7b-rank-32-1,798,52,97.62898450356556
804,huggyllama/llama-7b,dummy-lora-7b-rank-64-3,401,8,97.84161061464424
805,huggyllama/llama-7b,dummy-lora-7b-rank-128-4,177,123,97.89083206973692
806,huggyllama/llama-7b,dummy-lora-7b-rank-16-4,277,45,97.96508664798749
807,huggyllama/llama-7b,dummy-lora-7b-rank-64-0,275,57,98.0801087239562
808,huggyllama/llama-7b,dummy-lora-7b-rank-64-1,917,88,98.16326507499515
809,huggyllama/llama-7b,dummy-lora-7b-rank-64-4,179,57,98.32575277757753
810,huggyllama/llama-7b,dummy-lora-7b-rank-16-0,579,23,98.64007463920234
811,huggyllama/llama-7b,dummy-lora-7b-rank-32-2,195,5,98.78774327208957
812,huggyllama/llama-7b,dummy-lora-7b-rank-32-4,558,22,98.94593002815841
813,huggyllama/llama-7b,dummy-lora-7b-rank-8-0,584,36,99.04368588067823
814,huggyllama/llama-7b,dummy-lora-7b-rank-16-0,556,21,99.04589649522593
815,huggyllama/llama-7b,dummy-lora-7b-rank-32-1,739,65,99.12416263950146
816,huggyllama/llama-7b,dummy-lora-7b-rank-64-4,60,107,99.17725139292632
817,huggyllama/llama-7b,dummy-lora-7b-rank-64-3,556,13,99.26676694996736
818,huggyllama/llama-7b,dummy-lora-7b-rank-64-3,901,20,99.39766529301546
819,huggyllama/llama-7b,dummy-lora-7b-rank-64-4,556,13,99.42967089704902
820,huggyllama/llama-7b,dummy-lora-7b-rank-128-0,370,235,99.6182770747311
821,huggyllama/llama-7b,dummy-lora-7b-rank-32-0,313,70,99.65259783927675
822,huggyllama/llama-7b,dummy-lora-7b-rank-64-4,603,27,99.73803250875382
823,huggyllama/llama-7b,dummy-lora-7b-rank-16-3,755,219,100.16539032175574
824,huggyllama/llama-7b,dummy-lora-7b-rank-64-1,548,17,100.16694964505733
825,huggyllama/llama-7b,dummy-lora-7b-rank-16-2,603,10,100.1922464046288
826,huggyllama/llama-7b,dummy-lora-7b-rank-8-4,340,34,100.39031936371387
827,huggyllama/llama-7b,dummy-lora-7b-rank-64-0,155,51,100.47210667444172
828,huggyllama/llama-7b,dummy-lora-7b-rank-32-1,732,19,100.5230331717827
829,huggyllama/llama-7b,dummy-lora-7b-rank-128-3,498,5,100.64097062837241
830,huggyllama/llama-7b,dummy-lora-7b-rank-32-0,255,135,100.79592851375884
831,huggyllama/llama-7b,dummy-lora-7b-rank-16-4,596,75,100.86262626991302
832,huggyllama/llama-7b,dummy-lora-7b-rank-16-0,491,84,100.98235543097654
833,huggyllama/llama-7b,dummy-lora-7b-rank-32-3,937,22,101.36955831387556
834,huggyllama/llama-7b,dummy-lora-7b-rank-16-2,360,163,101.5526428920716
835,huggyllama/llama-7b,dummy-lora-7b-rank-8-4,570,28,101.59813112123359
836,huggyllama/llama-7b,dummy-lora-7b-rank-8-3,590,12,101.94152192187438
837,huggyllama/llama-7b,dummy-lora-7b-rank-64-1,861,3,102.17288262630643
838,huggyllama/llama-7b,dummy-lora-7b-rank-64-1,412,87,102.17304803215674
839,huggyllama/llama-7b,dummy-lora-7b-rank-32-3,394,70,102.19650460590441
840,huggyllama/llama-7b,dummy-lora-7b-rank-32-0,953,58,102.25237900346592
841,huggyllama/llama-7b,dummy-lora-7b-rank-64-2,181,46,102.61212681158611
842,huggyllama/llama-7b,dummy-lora-7b-rank-128-2,636,15,102.67573248527371
843,huggyllama/llama-7b,dummy-lora-7b-rank-64-0,548,19,102.76426272194716
844,huggyllama/llama-7b,dummy-lora-7b-rank-8-1,395,135,102.87921904475886
845,huggyllama/llama-7b,dummy-lora-7b-rank-16-0,469,75,102.88720772405163
846,huggyllama/llama-7b,dummy-lora-7b-rank-64-2,329,43,102.90803993500862
847,huggyllama/llama-7b,dummy-lora-7b-rank-16-2,609,23,102.92408254249476
848,huggyllama/llama-7b,dummy-lora-7b-rank-16-4,254,58,103.01591846299867
849,huggyllama/llama-7b,dummy-lora-7b-rank-16-1,154,38,103.154735589296
850,huggyllama/llama-7b,dummy-lora-7b-rank-16-0,83,62,103.17668650690179
851,huggyllama/llama-7b,dummy-lora-7b-rank-32-2,550,18,103.68580911786842
852,huggyllama/llama-7b,dummy-lora-7b-rank-64-1,552,19,104.02420834444213
853,huggyllama/llama-7b,dummy-lora-7b-rank-32-1,261,49,104.07587839509992
854,huggyllama/llama-7b,dummy-lora-7b-rank-32-0,568,27,104.1454812902178
855,huggyllama/llama-7b,dummy-lora-7b-rank-64-2,583,52,104.20762260731983
856,huggyllama/llama-7b,dummy-lora-7b-rank-32-3,246,184,104.22329860233629
857,huggyllama/llama-7b,dummy-lora-7b-rank-128-1,371,136,104.29428236453445
858,huggyllama/llama-7b,dummy-lora-7b-rank-16-2,538,48,104.43412185929037
859,huggyllama/llama-7b,dummy-lora-7b-rank-128-1,777,14,104.70357766368767
860,huggyllama/llama-7b,dummy-lora-7b-rank-128-1,556,13,105.16027183978785
861,huggyllama/llama-7b,dummy-lora-7b-rank-128-2,556,24,105.44583657957496
862,huggyllama/llama-7b,dummy-lora-7b-rank-32-0,734,49,105.5165800434328
863,huggyllama/llama-7b,dummy-lora-7b-rank-8-3,388,49,105.5408933248072
864,huggyllama/llama-7b,dummy-lora-7b-rank-128-1,496,60,105.59087796207663
865,huggyllama/llama-7b,dummy-lora-7b-rank-64-3,870,15,105.6310431928005
866,huggyllama/llama-7b,dummy-lora-7b-rank-16-4,556,21,105.63437971986434
867,huggyllama/llama-7b,dummy-lora-7b-rank-16-3,228,139,106.10731741050866
868,huggyllama/llama-7b,dummy-lora-7b-rank-64-4,917,41,106.17678964644877
869,huggyllama/llama-7b,dummy-lora-7b-rank-32-2,552,19,106.2842979998945
870,huggyllama/llama-7b,dummy-lora-7b-rank-16-0,147,31,106.33708169114014
871,huggyllama/llama-7b,dummy-lora-7b-rank-128-2,555,20,106.34848105083414
872,huggyllama/llama-7b,dummy-lora-7b-rank-128-3,516,64,106.45768846268614
873,huggyllama/llama-7b,dummy-lora-7b-rank-64-2,400,54,106.52951547299334
874,huggyllama/llama-7b,dummy-lora-7b-rank-128-0,590,42,106.59046537701099
875,huggyllama/llama-7b,dummy-lora-7b-rank-32-0,239,97,106.8494431467995
876,huggyllama/llama-7b,dummy-lora-7b-rank-32-4,556,18,106.89058070229348
877,huggyllama/llama-7b,dummy-lora-7b-rank-64-3,162,86,106.90990812558458
878,huggyllama/llama-7b,dummy-lora-7b-rank-16-0,1019,18,107.02611753932278
879,huggyllama/llama-7b,dummy-lora-7b-rank-16-3,304,41,107.1415465967782
880,huggyllama/llama-7b,dummy-lora-7b-rank-128-3,437,34,107.16988024800163
881,huggyllama/llama-7b,dummy-lora-7b-rank-64-1,865,47,107.17549527208523
882,huggyllama/llama-7b,dummy-lora-7b-rank-128-4,775,8,107.20171904594994
883,huggyllama/llama-7b,dummy-lora-7b-rank-64-1,528,8,107.3178291366057
884,huggyllama/llama-7b,dummy-lora-7b-rank-16-0,324,75,107.4159800323899
885,huggyllama/llama-7b,dummy-lora-7b-rank-128-2,700,70,107.44918866946144
886,huggyllama/llama-7b,dummy-lora-7b-rank-64-4,388,47,107.58423295518621
887,huggyllama/llama-7b,dummy-lora-7b-rank-8-2,429,53,107.68546601408885
888,huggyllama/llama-7b,dummy-lora-7b-rank-32-4,358,44,107.72065854345392
889,huggyllama/llama-7b,dummy-lora-7b-rank-8-1,198,56,107.83281092696657
890,huggyllama/llama-7b,dummy-lora-7b-rank-64-1,570,26,107.83761199657614
891,huggyllama/llama-7b,dummy-lora-7b-rank-64-0,518,14,108.03308364195708
892,huggyllama/llama-7b,dummy-lora-7b-rank-128-0,510,10,108.39931396048492
893,huggyllama/llama-7b,dummy-lora-7b-rank-128-3,348,7,109.099188417753
894,huggyllama/llama-7b,dummy-lora-7b-rank-128-2,521,13,109.18347541635943
895,huggyllama/llama-7b,dummy-lora-7b-rank-128-4,463,79,109.24788604320457
896,huggyllama/llama-7b,dummy-lora-7b-rank-128-0,824,11,109.2501424192249
897,huggyllama/llama-7b,dummy-lora-7b-rank-128-4,811,29,109.29985699026976
898,huggyllama/llama-7b,dummy-lora-7b-rank-32-1,568,30,109.7274731235007
899,huggyllama/llama-7b,dummy-lora-7b-rank-64-2,355,6,109.79971816555681
900,huggyllama/llama-7b,dummy-lora-7b-rank-32-0,666,50,110.05164463055958
901,huggyllama/llama-7b,dummy-lora-7b-rank-128-3,599,14,110.2559976158677
902,huggyllama/llama-7b,dummy-lora-7b-rank-8-1,345,70,110.36802641993097
903,huggyllama/llama-7b,dummy-lora-7b-rank-8-4,632,25,110.53998608710052
904,huggyllama/llama-7b,dummy-lora-7b-rank-128-0,421,42,110.9368726472673
905,huggyllama/llama-7b,dummy-lora-7b-rank-32-3,595,8,111.03382705889045
906,huggyllama/llama-7b,dummy-lora-7b-rank-64-4,748,22,111.21293475878304
907,huggyllama/llama-7b,dummy-lora-7b-rank-128-0,567,10,111.21792151782434
908,huggyllama/llama-7b,dummy-lora-7b-rank-64-0,553,47,111.30737987740082
909,huggyllama/llama-7b,dummy-lora-7b-rank-16-4,566,28,111.37736182672711
910,huggyllama/llama-7b,dummy-lora-7b-rank-64-0,550,10,111.95137559091107
911,huggyllama/llama-7b,dummy-lora-7b-rank-128-3,631,114,112.01954401968985
912,huggyllama/llama-7b,dummy-lora-7b-rank-32-0,598,8,112.13006833031318
913,huggyllama/llama-7b,dummy-lora-7b-rank-128-1,222,57,112.1554388555818
914,huggyllama/llama-7b,dummy-lora-7b-rank-8-3,684,15,112.47394423069855
915,huggyllama/llama-7b,dummy-lora-7b-rank-16-2,16,116,112.5491779181829
916,huggyllama/llama-7b,dummy-lora-7b-rank-8-2,233,145,112.55945838262424
917,huggyllama/llama-7b,dummy-lora-7b-rank-32-4,550,18,112.57605934377969
918,huggyllama/llama-7b,dummy-lora-7b-rank-32-4,329,18,112.63748057917405
919,huggyllama/llama-7b,dummy-lora-7b-rank-64-1,268,50,112.64292680350218
920,huggyllama/llama-7b,dummy-lora-7b-rank-64-2,328,6,112.6712702581167
921,huggyllama/llama-7b,dummy-lora-7b-rank-128-2,142,54,113.03680357226654
922,huggyllama/llama-7b,dummy-lora-7b-rank-8-4,477,11,113.17085092272677
923,huggyllama/llama-7b,dummy-lora-7b-rank-8-2,645,6,113.39755643312826
924,huggyllama/llama-7b,dummy-lora-7b-rank-128-2,564,29,113.46988020369139
925,huggyllama/llama-7b,dummy-lora-7b-rank-64-1,568,56,113.68395424191104
926,huggyllama/llama-7b,dummy-lora-7b-rank-8-0,570,31,113.87538282956586
927,huggyllama/llama-7b,dummy-lora-7b-rank-128-0,991,45,114.20714010573
928,huggyllama/llama-7b,dummy-lora-7b-rank-32-1,857,42,114.5494496298368
929,huggyllama/llama-7b,dummy-lora-7b-rank-128-4,552,11,114.60420499789726
930,huggyllama/llama-7b,dummy-lora-7b-rank-128-0,478,143,114.6930361832173
931,huggyllama/llama-7b,dummy-lora-7b-rank-64-1,572,177,114.8019335649914
932,huggyllama/llama-7b,dummy-lora-7b-rank-16-3,509,11,114.83004107263437
933,huggyllama/llama-7b,dummy-lora-7b-rank-128-3,550,18,114.89694998660069
934,huggyllama/llama-7b,dummy-lora-7b-rank-32-4,820,48,115.19283427050243
935,huggyllama/llama-7b,dummy-lora-7b-rank-32-4,740,14,115.45528945288353
936,huggyllama/llama-7b,dummy-lora-7b-rank-64-3,552,11,115.59483961857815
937,huggyllama/llama-7b,dummy-lora-7b-rank-64-1,227,44,115.64628253835534
938,huggyllama/llama-7b,dummy-lora-7b-rank-32-4,621,22,115.87613484815458
939,huggyllama/llama-7b,dummy-lora-7b-rank-32-1,204,16,116.08856342943324
940,huggyllama/llama-7b,dummy-lora-7b-rank-32-1,591,40,116.3366697451321
941,huggyllama/llama-7b,dummy-lora-7b-rank-16-3,717,41,116.34286330857122
942,huggyllama/llama-7b,dummy-lora-7b-rank-16-0,359,47,116.35226473675347
943,huggyllama/llama-7b,dummy-lora-7b-rank-8-4,329,39,116.74177184098123
944,huggyllama/llama-7b,dummy-lora-7b-rank-128-3,1002,14,116.969246580893
945,huggyllama/llama-7b,dummy-lora-7b-rank-8-1,246,140,117.42492920260304
946,huggyllama/llama-7b,dummy-lora-7b-rank-8-0,546,16,117.695557377894
947,huggyllama/llama-7b,dummy-lora-7b-rank-32-2,936,50,117.73653284339873
948,huggyllama/llama-7b,dummy-lora-7b-rank-8-0,258,49,117.79169923783333
949,huggyllama/llama-7b,dummy-lora-7b-rank-128-2,575,20,117.82495002395102
950,huggyllama/llama-7b,dummy-lora-7b-rank-16-3,581,18,117.85637150351546
951,huggyllama/llama-7b,dummy-lora-7b-rank-32-3,309,66,118.01349537191034
952,huggyllama/llama-7b,dummy-lora-7b-rank-64-0,976,188,118.07030485883419
953,huggyllama/llama-7b,dummy-lora-7b-rank-16-4,644,30,118.28549703496881
954,huggyllama/llama-7b,dummy-lora-7b-rank-32-3,101,43,118.28740125101056
955,huggyllama/llama-7b,dummy-lora-7b-rank-64-1,268,46,118.56782810851504
956,huggyllama/llama-7b,dummy-lora-7b-rank-8-3,613,57,118.67227346410533
957,huggyllama/llama-7b,dummy-lora-7b-rank-32-1,580,36,119.10302589882248
958,huggyllama/llama-7b,dummy-lora-7b-rank-8-4,402,82,119.28458514614302
959,huggyllama/llama-7b,dummy-lora-7b-rank-32-4,357,5,119.33323349664143
960,huggyllama/llama-7b,dummy-lora-7b-rank-8-0,568,27,119.460557205838
961,huggyllama/llama-7b,dummy-lora-7b-rank-8-4,570,27,119.49170438404792
962,huggyllama/llama-7b,dummy-lora-7b-rank-8-4,210,51,119.83146629325367
963,huggyllama/llama-7b,dummy-lora-7b-rank-16-0,554,17,119.9722688160622
964,huggyllama/llama-7b,dummy-lora-7b-rank-128-4,552,19,119.97837795162323
965,huggyllama/llama-7b,dummy-lora-7b-rank-64-1,557,19,120.1696799178518
966,huggyllama/llama-7b,dummy-lora-7b-rank-32-3,473,52,120.33983708361153
967,huggyllama/llama-7b,dummy-lora-7b-rank-8-0,271,40,120.4128252091419
968,huggyllama/llama-7b,dummy-lora-7b-rank-16-3,586,36,120.52542595407883
969,huggyllama/llama-7b,dummy-lora-7b-rank-32-4,600,22,120.55106858172329
970,huggyllama/llama-7b,dummy-lora-7b-rank-16-0,698,8,120.60456242346123
971,huggyllama/llama-7b,dummy-lora-7b-rank-8-3,604,44,120.65210146978852
972,huggyllama/llama-7b,dummy-lora-7b-rank-64-0,565,21,120.65579130553516
973,huggyllama/llama-7b,dummy-lora-7b-rank-8-3,552,19,120.6939357672692
974,huggyllama/llama-7b,dummy-lora-7b-rank-128-1,543,13,120.73574550895476
975,huggyllama/llama-7b,dummy-lora-7b-rank-32-2,563,24,120.82632284089651
976,huggyllama/llama-7b,dummy-lora-7b-rank-8-4,264,43,121.05162867025612
977,huggyllama/llama-7b,dummy-lora-7b-rank-128-4,535,6,121.33937506682724
978,huggyllama/llama-7b,dummy-lora-7b-rank-32-4,611,3,121.60329681656131
979,huggyllama/llama-7b,dummy-lora-7b-rank-16-4,462,60,121.61131404690431
980,huggyllama/llama-7b,dummy-lora-7b-rank-16-3,232,39,121.77342984017845
981,huggyllama/llama-7b,dummy-lora-7b-rank-128-2,600,53,122.15799076261507
982,huggyllama/llama-7b,dummy-lora-7b-rank-64-4,488,3,122.1938223474384
983,huggyllama/llama-7b,dummy-lora-7b-rank-64-0,543,82,122.2528162429042
984,huggyllama/llama-7b,dummy-lora-7b-rank-128-0,607,15,122.30060183137688
985,huggyllama/llama-7b,dummy-lora-7b-rank-8-2,443,10,122.397021241187
986,huggyllama/llama-7b,dummy-lora-7b-rank-16-0,136,39,122.76668311887857
987,huggyllama/llama-7b,dummy-lora-7b-rank-128-2,554,20,122.9797519408429
988,huggyllama/llama-7b,dummy-lora-7b-rank-8-2,115,19,122.99534823021428
989,huggyllama/llama-7b,dummy-lora-7b-rank-32-0,165,60,123.0041431362729
990,huggyllama/llama-7b,dummy-lora-7b-rank-16-4,527,47,123.02920650331627
991,huggyllama/llama-7b,dummy-lora-7b-rank-32-3,62,97,123.15239179189416
992,huggyllama/llama-7b,dummy-lora-7b-rank-64-3,878,12,123.20001280953339
993,huggyllama/llama-7b,dummy-lora-7b-rank-16-0,832,6,123.40407324902453
994,huggyllama/llama-7b,dummy-lora-7b-rank-64-0,562,20,123.59135477529107
995,huggyllama/llama-7b,dummy-lora-7b-rank-128-2,916,37,123.64652633757241
996,huggyllama/llama-7b,dummy-lora-7b-rank-16-0,475,3,123.64767333181369
997,huggyllama/llama-7b,dummy-lora-7b-rank-128-3,562,26,123.78124546929895
998,huggyllama/llama-7b,dummy-lora-7b-rank-32-2,244,47,123.78563391987409
999,huggyllama/llama-7b,dummy-lora-7b-rank-32-2,615,24,123.8403227502337
1000,huggyllama/llama-7b,dummy-lora-7b-rank-16-3,550,18,123.84855452419946
1001,huggyllama/llama-7b,dummy-lora-7b-rank-128-0,203,73,123.92228152730955
1002,huggyllama/llama-7b,dummy-lora-7b-rank-64-0,594,23,124.06897466660837
1003,huggyllama/llama-7b,dummy-lora-7b-rank-16-1,773,10,124.61017470300266
1004,huggyllama/llama-7b,dummy-lora-7b-rank-16-4,726,49,124.77028136403092
1005,huggyllama/llama-7b,dummy-lora-7b-rank-32-2,363,45,124.8286204766275
1006,huggyllama/llama-7b,dummy-lora-7b-rank-128-3,270,50,124.90772018212398
1007,huggyllama/llama-7b,dummy-lora-7b-rank-16-1,853,57,125.08895490814139
1008,huggyllama/llama-7b,dummy-lora-7b-rank-16-2,222,124,125.09553076200892
1009,huggyllama/llama-7b,dummy-lora-7b-rank-64-0,161,65,125.09867683077822
1010,huggyllama/llama-7b,dummy-lora-7b-rank-8-3,566,28,125.103410195364
1011,huggyllama/llama-7b,dummy-lora-7b-rank-16-1,552,18,125.16593848664324
1012,huggyllama/llama-7b,dummy-lora-7b-rank-128-1,217,169,125.25674275308447
1013,huggyllama/llama-7b,dummy-lora-7b-rank-8-2,354,45,125.66663776158966
1014,huggyllama/llama-7b,dummy-lora-7b-rank-128-0,232,47,125.82513820664789
1015,huggyllama/llama-7b,dummy-lora-7b-rank-64-0,281,53,126.02930050983922
1016,huggyllama/llama-7b,dummy-lora-7b-rank-64-0,297,106,126.14092648878163
1017,huggyllama/llama-7b,dummy-lora-7b-rank-32-2,617,19,126.22062459377875
1018,huggyllama/llama-7b,dummy-lora-7b-rank-128-3,523,21,126.2334370010361
1019,huggyllama/llama-7b,dummy-lora-7b-rank-128-0,458,73,126.27599578202995
1020,huggyllama/llama-7b,dummy-lora-7b-rank-8-3,560,23,126.57202953850141
1021,huggyllama/llama-7b,dummy-lora-7b-rank-64-3,606,100,126.93485104884353
1022,huggyllama/llama-7b,dummy-lora-7b-rank-128-4,556,21,127.0641738711036
1023,huggyllama/llama-7b,dummy-lora-7b-rank-32-2,925,79,127.11664144069739
1024,huggyllama/llama-7b,dummy-lora-7b-rank-32-0,491,11,127.27486086698376
1025,huggyllama/llama-7b,dummy-lora-7b-rank-16-3,612,18,127.359388485879
1026,huggyllama/llama-7b,dummy-lora-7b-rank-64-2,380,166,127.81529337171852
1027,huggyllama/llama-7b,dummy-lora-7b-rank-32-4,668,47,127.88942228026835
1028,huggyllama/llama-7b,dummy-lora-7b-rank-16-4,318,163,127.97731388952855
1029,huggyllama/llama-7b,dummy-lora-7b-rank-32-3,790,41,128.01571800917793
1030,huggyllama/llama-7b,dummy-lora-7b-rank-8-3,268,70,128.09959141991942
1031,huggyllama/llama-7b,dummy-lora-7b-rank-32-3,586,36,128.1577943674271
1032,huggyllama/llama-7b,dummy-lora-7b-rank-32-4,554,20,128.23298929264504
1033,huggyllama/llama-7b,dummy-lora-7b-rank-8-2,552,11,128.70136489885766
1034,huggyllama/llama-7b,dummy-lora-7b-rank-128-3,535,40,128.77304350642086
1035,huggyllama/llama-7b,dummy-lora-7b-rank-128-1,816,54,128.78647033324643
1036,huggyllama/llama-7b,dummy-lora-7b-rank-64-3,361,49,128.81967446264923
1037,huggyllama/llama-7b,dummy-lora-7b-rank-128-3,313,106,128.87446054620074
1038,huggyllama/llama-7b,dummy-lora-7b-rank-32-2,517,11,129.55786718576704
1039,huggyllama/llama-7b,dummy-lora-7b-rank-32-4,605,20,129.67348474618308
1040,huggyllama/llama-7b,dummy-lora-7b-rank-32-3,227,3,129.68400461842202
1041,huggyllama/llama-7b,dummy-lora-7b-rank-8-4,552,19,129.79155793810338
1042,huggyllama/llama-7b,dummy-lora-7b-rank-64-4,573,69,129.897614646704
1043,huggyllama/llama-7b,dummy-lora-7b-rank-64-1,800,69,130.15806537895753
1044,huggyllama/llama-7b,dummy-lora-7b-rank-64-1,150,72,130.22764048966314
1045,huggyllama/llama-7b,dummy-lora-7b-rank-16-2,558,23,130.30217197775906
1046,huggyllama/llama-7b,dummy-lora-7b-rank-16-1,1007,10,130.32529120275808
1047,huggyllama/llama-7b,dummy-lora-7b-rank-64-2,605,17,130.34453021481923
1048,huggyllama/llama-7b,dummy-lora-7b-rank-32-2,281,49,130.61417454206935
1049,huggyllama/llama-7b,dummy-lora-7b-rank-32-2,558,22,130.65127360977644
1050,huggyllama/llama-7b,dummy-lora-7b-rank-16-3,226,49,130.8138978522655
1051,huggyllama/llama-7b,dummy-lora-7b-rank-128-2,372,171,130.91251636949627
1052,huggyllama/llama-7b,dummy-lora-7b-rank-128-2,369,206,130.93622714378435
1053,huggyllama/llama-7b,dummy-lora-7b-rank-8-0,408,7,131.0469229236236
1054,huggyllama/llama-7b,dummy-lora-7b-rank-16-2,383,50,131.150657455655
1055,huggyllama/llama-7b,dummy-lora-7b-rank-128-3,436,110,131.4557318987526
1056,huggyllama/llama-7b,dummy-lora-7b-rank-16-1,868,87,131.5270880484154
1057,huggyllama/llama-7b,dummy-lora-7b-rank-8-1,594,16,131.57133696456228
1058,huggyllama/llama-7b,dummy-lora-7b-rank-128-4,483,42,131.81037944056018
1059,huggyllama/llama-7b,dummy-lora-7b-rank-8-0,428,6,131.86071632674157
1060,huggyllama/llama-7b,dummy-lora-7b-rank-8-3,231,53,131.95465185829568
1061,huggyllama/llama-7b,dummy-lora-7b-rank-64-1,317,37,132.07904195609916
1062,huggyllama/llama-7b,dummy-lora-7b-rank-32-1,660,3,132.1469595794502
1063,huggyllama/llama-7b,dummy-lora-7b-rank-32-4,556,21,132.17417250395172
1064,huggyllama/llama-7b,dummy-lora-7b-rank-8-4,601,18,132.1807290366256
1065,huggyllama/llama-7b,dummy-lora-7b-rank-16-4,452,49,132.35264752291454
1066,huggyllama/llama-7b,dummy-lora-7b-rank-16-4,518,8,132.36234275415657
1067,huggyllama/llama-7b,dummy-lora-7b-rank-16-4,627,68,132.50613920985052
1068,huggyllama/llama-7b,dummy-lora-7b-rank-32-3,588,40,132.5474156716964
1069,huggyllama/llama-7b,dummy-lora-7b-rank-128-4,338,52,132.60552488097989
1070,huggyllama/llama-7b,dummy-lora-7b-rank-128-2,736,139,132.7766063763004
1071,huggyllama/llama-7b,dummy-lora-7b-rank-64-0,556,3,132.80169102744736
1072,huggyllama/llama-7b,dummy-lora-7b-rank-8-4,558,24,133.03325110844065
1073,huggyllama/llama-7b,dummy-lora-7b-rank-32-0,151,45,133.2431915049493
1074,huggyllama/llama-7b,dummy-lora-7b-rank-8-1,1018,24,133.3023069223897
1075,huggyllama/llama-7b,dummy-lora-7b-rank-128-4,139,51,133.3488699841481
1076,huggyllama/llama-7b,dummy-lora-7b-rank-128-3,603,30,133.3733073165029
1077,huggyllama/llama-7b,dummy-lora-7b-rank-64-1,558,22,133.38784105250699
1078,huggyllama/llama-7b,dummy-lora-7b-rank-32-0,414,9,133.5058906233219
1079,huggyllama/llama-7b,dummy-lora-7b-rank-64-4,212,3,133.53991317654442
1080,huggyllama/llama-7b,dummy-lora-7b-rank-16-3,222,48,133.81098305098993
1081,huggyllama/llama-7b,dummy-lora-7b-rank-8-3,604,29,133.8687088256076
1082,huggyllama/llama-7b,dummy-lora-7b-rank-16-4,570,30,134.01114880178244
1083,huggyllama/llama-7b,dummy-lora-7b-rank-32-3,490,49,134.2937735736664
1084,huggyllama/llama-7b,dummy-lora-7b-rank-8-2,648,63,134.5498641256156
1085,huggyllama/llama-7b,dummy-lora-7b-rank-8-4,552,19,134.77909376513531
1086,huggyllama/llama-7b,dummy-lora-7b-rank-16-2,593,8,134.79412516458737
1087,huggyllama/llama-7b,dummy-lora-7b-rank-128-4,570,22,134.8424182981678
1088,huggyllama/llama-7b,dummy-lora-7b-rank-8-2,550,18,134.8491818356006
1089,huggyllama/llama-7b,dummy-lora-7b-rank-8-3,139,50,134.9804996418396
1090,huggyllama/llama-7b,dummy-lora-7b-rank-16-3,613,27,135.02399297382402
1091,huggyllama/llama-7b,dummy-lora-7b-rank-8-2,306,42,135.24617645528602
1092,huggyllama/llama-7b,dummy-lora-7b-rank-32-2,573,12,135.27870420009498
1093,huggyllama/llama-7b,dummy-lora-7b-rank-32-4,597,24,135.34249982135427
1094,huggyllama/llama-7b,dummy-lora-7b-rank-64-4,198,57,135.52602953909633
1095,huggyllama/llama-7b,dummy-lora-7b-rank-16-1,448,48,135.57198301623586
1096,huggyllama/llama-7b,dummy-lora-7b-rank-8-4,57,76,135.60705713873423
1097,huggyllama/llama-7b,dummy-lora-7b-rank-32-4,786,10,135.6524942514053
1098,huggyllama/llama-7b,dummy-lora-7b-rank-16-4,712,34,135.6851076361377
1099,huggyllama/llama-7b,dummy-lora-7b-rank-32-1,125,36,135.75804275719958
1100,huggyllama/llama-7b,dummy-lora-7b-rank-16-4,614,25,135.85258047865435
1101,huggyllama/llama-7b,dummy-lora-7b-rank-16-0,378,6,135.89661887996698
1102,huggyllama/llama-7b,dummy-lora-7b-rank-8-1,560,15,135.9388756352401
1103,huggyllama/llama-7b,dummy-lora-7b-rank-32-1,486,6,135.98721403135653
1104,huggyllama/llama-7b,dummy-lora-7b-rank-16-4,208,129,136.11861044870514
1105,huggyllama/llama-7b,dummy-lora-7b-rank-32-3,467,10,136.15729181141992
1106,huggyllama/llama-7b,dummy-lora-7b-rank-8-4,196,48,136.26268207239636
1107,huggyllama/llama-7b,dummy-lora-7b-rank-16-0,764,104,136.34279645033521
1108,huggyllama/llama-7b,dummy-lora-7b-rank-64-2,644,16,136.4211931698227
1109,huggyllama/llama-7b,dummy-lora-7b-rank-32-1,280,49,136.43030609283957
1110,huggyllama/llama-7b,dummy-lora-7b-rank-64-2,556,19,136.43086999514173
1111,huggyllama/llama-7b,dummy-lora-7b-rank-64-2,301,35,136.43928352121236
1112,huggyllama/llama-7b,dummy-lora-7b-rank-128-1,188,52,136.45457686079487
1113,huggyllama/llama-7b,dummy-lora-7b-rank-32-2,326,84,136.61124181494685
1114,huggyllama/llama-7b,dummy-lora-7b-rank-16-3,562,23,137.42424676524683
1115,huggyllama/llama-7b,dummy-lora-7b-rank-8-1,634,27,137.44412142493735
1116,huggyllama/llama-7b,dummy-lora-7b-rank-32-2,530,46,137.71144650912936
1117,huggyllama/llama-7b,dummy-lora-7b-rank-128-1,225,44,137.74478804649198
1118,huggyllama/llama-7b,dummy-lora-7b-rank-128-2,277,168,137.93070461539216
1119,huggyllama/llama-7b,dummy-lora-7b-rank-16-1,552,21,138.01824276589548
1120,huggyllama/llama-7b,dummy-lora-7b-rank-16-0,559,65,138.0680164145952
1121,huggyllama/llama-7b,dummy-lora-7b-rank-16-2,347,9,138.0746888833978
1122,huggyllama/llama-7b,dummy-lora-7b-rank-32-2,562,13,138.13802606179192
1123,huggyllama/llama-7b,dummy-lora-7b-rank-128-1,613,27,138.49280871631214
1124,huggyllama/llama-7b,dummy-lora-7b-rank-8-4,319,35,138.58463315159696
1125,huggyllama/llama-7b,dummy-lora-7b-rank-8-4,236,5,138.8842889716368
1126,huggyllama/llama-7b,dummy-lora-7b-rank-128-2,564,26,139.00171739974985
1127,huggyllama/llama-7b,dummy-lora-7b-rank-128-3,693,99,139.02324178045856
1128,huggyllama/llama-7b,dummy-lora-7b-rank-32-2,635,70,139.07677771867532
1129,huggyllama/llama-7b,dummy-lora-7b-rank-128-3,568,30,139.27209419801352
1130,huggyllama/llama-7b,dummy-lora-7b-rank-8-1,324,48,139.52984241795272
1131,huggyllama/llama-7b,dummy-lora-7b-rank-128-1,411,51,140.03122985932617
1132,huggyllama/llama-7b,dummy-lora-7b-rank-64-0,433,58,140.29661196642456
1133,huggyllama/llama-7b,dummy-lora-7b-rank-8-3,708,13,140.33993279232442
1134,huggyllama/llama-7b,dummy-lora-7b-rank-32-0,562,24,140.39097912922725
1135,huggyllama/llama-7b,dummy-lora-7b-rank-8-3,409,5,140.41874065755414
1136,huggyllama/llama-7b,dummy-lora-7b-rank-8-0,163,43,140.53331563259914
1137,huggyllama/llama-7b,dummy-lora-7b-rank-128-2,568,30,140.69982643842198
1138,huggyllama/llama-7b,dummy-lora-7b-rank-64-4,278,188,140.76195607852495
1139,huggyllama/llama-7b,dummy-lora-7b-rank-32-1,578,24,140.7695285689035
1140,huggyllama/llama-7b,dummy-lora-7b-rank-16-1,516,42,140.948471511815
1141,huggyllama/llama-7b,dummy-lora-7b-rank-32-2,317,18,140.979109330953
1142,huggyllama/llama-7b,dummy-lora-7b-rank-16-2,51,54,141.25202780625222
1143,huggyllama/llama-7b,dummy-lora-7b-rank-32-3,454,62,141.2806565142031
1144,huggyllama/llama-7b,dummy-lora-7b-rank-64-2,358,6,141.5045505073103
1145,huggyllama/llama-7b,dummy-lora-7b-rank-8-3,566,2,141.81477258992084
1146,huggyllama/llama-7b,dummy-lora-7b-rank-8-0,254,8,141.8230076727359
1147,huggyllama/llama-7b,dummy-lora-7b-rank-8-2,475,48,141.98338298887492
1148,huggyllama/llama-7b,dummy-lora-7b-rank-128-4,249,51,142.12227651382736
1149,huggyllama/llama-7b,dummy-lora-7b-rank-64-4,560,25,142.3073295636501
1150,huggyllama/llama-7b,dummy-lora-7b-rank-128-4,195,149,142.31427670778015
1151,huggyllama/llama-7b,dummy-lora-7b-rank-32-0,406,203,142.46756927295334
1152,huggyllama/llama-7b,dummy-lora-7b-rank-64-0,687,31,142.61486632403296
1153,huggyllama/llama-7b,dummy-lora-7b-rank-32-1,650,11,142.71647133449895
1154,huggyllama/llama-7b,dummy-lora-7b-rank-32-0,402,39,142.74460504439688
1155,huggyllama/llama-7b,dummy-lora-7b-rank-8-4,550,18,142.75290593199048
1156,huggyllama/llama-7b,dummy-lora-7b-rank-64-0,217,43,142.79935668091147
1157,huggyllama/llama-7b,dummy-lora-7b-rank-8-1,603,21,142.83924071562583
1158,huggyllama/llama-7b,dummy-lora-7b-rank-128-2,337,7,143.06933950353422
1159,huggyllama/llama-7b,dummy-lora-7b-rank-8-2,235,141,143.4175637708513
1160,huggyllama/llama-7b,dummy-lora-7b-rank-32-3,618,75,143.45992292530497
1161,huggyllama/llama-7b,dummy-lora-7b-rank-64-1,507,53,143.4785643344272
1162,huggyllama/llama-7b,dummy-lora-7b-rank-16-2,660,43,143.5013562567031
1163,huggyllama/llama-7b,dummy-lora-7b-rank-8-2,554,19,143.55680315171426
1164,huggyllama/llama-7b,dummy-lora-7b-rank-8-3,431,51,143.63980699257473
1165,huggyllama/llama-7b,dummy-lora-7b-rank-16-3,784,95,143.74212282693745
1166,huggyllama/llama-7b,dummy-lora-7b-rank-64-2,568,7,143.81341573944897
1167,huggyllama/llama-7b,dummy-lora-7b-rank-16-3,415,10,144.08287003943616
1168,huggyllama/llama-7b,dummy-lora-7b-rank-64-2,603,19,144.37889147071346
1169,huggyllama/llama-7b,dummy-lora-7b-rank-16-4,209,32,144.4375952035724
1170,huggyllama/llama-7b,dummy-lora-7b-rank-8-2,546,8,144.4532494593092
1171,huggyllama/llama-7b,dummy-lora-7b-rank-32-2,565,60,144.52521526229165
1172,huggyllama/llama-7b,dummy-lora-7b-rank-8-2,607,34,145.0210867763781
1173,huggyllama/llama-7b,dummy-lora-7b-rank-128-4,200,52,145.11118943294116
1174,huggyllama/llama-7b,dummy-lora-7b-rank-16-1,314,46,145.23463271035502
1175,huggyllama/llama-7b,dummy-lora-7b-rank-8-4,366,129,145.25358085470447
1176,huggyllama/llama-7b,dummy-lora-7b-rank-8-4,95,100,145.4497498978865
1177,huggyllama/llama-7b,dummy-lora-7b-rank-64-2,558,22,145.63782187917369
1178,huggyllama/llama-7b,dummy-lora-7b-rank-128-3,529,77,145.71418425838792
1179,huggyllama/llama-7b,dummy-lora-7b-rank-128-0,565,22,146.06516965396315
1180,huggyllama/llama-7b,dummy-lora-7b-rank-8-2,306,84,146.2188229534188
1181,huggyllama/llama-7b,dummy-lora-7b-rank-32-4,558,22,146.31633050094024
1182,huggyllama/llama-7b,dummy-lora-7b-rank-64-3,157,71,146.38877298754076
1183,huggyllama/llama-7b,dummy-lora-7b-rank-16-2,566,27,146.46448067712168
1184,huggyllama/llama-7b,dummy-lora-7b-rank-8-4,599,41,146.4810566273494
1185,huggyllama/llama-7b,dummy-lora-7b-rank-8-2,54,64,146.5737593314588
1186,huggyllama/llama-7b,dummy-lora-7b-rank-32-1,398,67,146.82485389864613
1187,huggyllama/llama-7b,dummy-lora-7b-rank-64-0,246,41,146.87016326824147
1188,huggyllama/llama-7b,dummy-lora-7b-rank-16-0,327,31,146.90205958006223
1189,huggyllama/llama-7b,dummy-lora-7b-rank-128-3,839,12,147.09638776335754
1190,huggyllama/llama-7b,dummy-lora-7b-rank-16-3,546,11,147.23897798616602
1191,huggyllama/llama-7b,dummy-lora-7b-rank-8-1,447,11,147.24662122574267
1192,huggyllama/llama-7b,dummy-lora-7b-rank-64-0,896,61,147.3375497274066
1193,huggyllama/llama-7b,dummy-lora-7b-rank-16-1,431,231,147.60255558270958
1194,huggyllama/llama-7b,dummy-lora-7b-rank-64-4,892,73,147.6767937011887
1195,huggyllama/llama-7b,dummy-lora-7b-rank-128-0,366,48,147.9817261757215
1196,huggyllama/llama-7b,dummy-lora-7b-rank-64-2,394,56,149.0428587536262
1197,huggyllama/llama-7b,dummy-lora-7b-rank-128-1,696,11,149.0931556896457
1198,huggyllama/llama-7b,dummy-lora-7b-rank-64-2,570,31,149.1913386658927
1199,huggyllama/llama-7b,dummy-lora-7b-rank-16-1,262,35,149.25712560846623
1200,huggyllama/llama-7b,dummy-lora-7b-rank-16-2,500,249,149.28939388595435
1201,huggyllama/llama-7b,dummy-lora-7b-rank-64-4,548,8,149.45797841655298
1202,huggyllama/llama-7b,dummy-lora-7b-rank-128-4,548,17,149.46756737878144
1203,huggyllama/llama-7b,dummy-lora-7b-rank-16-3,412,8,149.48589225738738
1204,huggyllama/llama-7b,dummy-lora-7b-rank-128-3,338,50,149.50504692780785
1205,huggyllama/llama-7b,dummy-lora-7b-rank-8-0,277,71,149.56114174147893
1206,huggyllama/llama-7b,dummy-lora-7b-rank-32-4,111,68,149.66189389874037
1207,huggyllama/llama-7b,dummy-lora-7b-rank-64-2,706,29,149.80660197471047
1208,huggyllama/llama-7b,dummy-lora-7b-rank-128-1,469,5,149.9149876246054
1209,huggyllama/llama-7b,dummy-lora-7b-rank-16-1,558,24,150.19511691113922
1210,huggyllama/llama-7b,dummy-lora-7b-rank-32-0,610,8,150.2527507867531
1211,huggyllama/llama-7b,dummy-lora-7b-rank-8-4,391,47,150.39429356868612
1212,huggyllama/llama-7b,dummy-lora-7b-rank-64-4,581,12,150.64847798960872
1213,huggyllama/llama-7b,dummy-lora-7b-rank-8-0,568,30,150.65192062300048
1214,huggyllama/llama-7b,dummy-lora-7b-rank-32-0,376,7,150.98987679715452
1215,huggyllama/llama-7b,dummy-lora-7b-rank-128-3,586,39,151.0588797370689
1216,huggyllama/llama-7b,dummy-lora-7b-rank-32-0,558,24,151.15720297603883
1217,huggyllama/llama-7b,dummy-lora-7b-rank-32-2,406,15,151.45950740640933
1218,huggyllama/llama-7b,dummy-lora-7b-rank-128-4,397,116,151.86368949412517
1219,huggyllama/llama-7b,dummy-lora-7b-rank-64-2,552,11,151.9382869334035
1220,huggyllama/llama-7b,dummy-lora-7b-rank-8-0,931,11,152.35621056785627
1221,huggyllama/llama-7b,dummy-lora-7b-rank-128-0,560,21,152.41781724963428
1222,huggyllama/llama-7b,dummy-lora-7b-rank-128-2,208,50,152.4331389862949
1223,huggyllama/llama-7b,dummy-lora-7b-rank-64-3,905,21,152.44007461435447
1224,huggyllama/llama-7b,dummy-lora-7b-rank-8-2,603,19,152.53068769229685
1225,huggyllama/llama-7b,dummy-lora-7b-rank-32-2,549,30,152.57896397131674
1226,huggyllama/llama-7b,dummy-lora-7b-rank-8-4,909,43,152.8216567106709
1227,huggyllama/llama-7b,dummy-lora-7b-rank-16-1,485,59,152.92200508999065
1228,huggyllama/llama-7b,dummy-lora-7b-rank-128-2,562,26,152.96858791185554
1229,huggyllama/llama-7b,dummy-lora-7b-rank-64-3,578,12,153.00935468465454
1230,huggyllama/llama-7b,dummy-lora-7b-rank-128-4,556,24,153.06657865044184
1231,huggyllama/llama-7b,dummy-lora-7b-rank-64-2,960,3,153.19858773239318
1232,huggyllama/llama-7b,dummy-lora-7b-rank-64-1,612,17,153.3726410475806
1233,huggyllama/llama-7b,dummy-lora-7b-rank-128-2,507,45,153.64083955097408
1234,huggyllama/llama-7b,dummy-lora-7b-rank-64-2,385,38,153.668680578483
1235,huggyllama/llama-7b,dummy-lora-7b-rank-16-2,548,17,153.68335297785964
1236,huggyllama/llama-7b,dummy-lora-7b-rank-32-3,611,21,153.91931328229415
1237,huggyllama/llama-7b,dummy-lora-7b-rank-16-4,182,56,154.09267194087553
1238,huggyllama/llama-7b,dummy-lora-7b-rank-8-4,274,130,154.1359657713155
1239,huggyllama/llama-7b,dummy-lora-7b-rank-8-4,550,18,154.21427308005985
1240,huggyllama/llama-7b,dummy-lora-7b-rank-64-2,552,11,154.25756071257285
1241,huggyllama/llama-7b,dummy-lora-7b-rank-64-1,601,17,154.44286824559822
1242,huggyllama/llama-7b,dummy-lora-7b-rank-8-2,936,99,154.70702273548642
1243,huggyllama/llama-7b,dummy-lora-7b-rank-32-2,489,58,154.72594638331546
1244,huggyllama/llama-7b,dummy-lora-7b-rank-8-4,370,45,154.85470512506333
1245,huggyllama/llama-7b,dummy-lora-7b-rank-128-2,256,53,154.91021290405354
1246,huggyllama/llama-7b,dummy-lora-7b-rank-8-1,599,16,155.10479075445954
1247,huggyllama/llama-7b,dummy-lora-7b-rank-16-0,332,107,155.24167164773226
1248,huggyllama/llama-7b,dummy-lora-7b-rank-32-2,364,10,155.63374762073693
1249,huggyllama/llama-7b,dummy-lora-7b-rank-128-4,558,24,155.6874355175118
1250,huggyllama/llama-7b,dummy-lora-7b-rank-8-2,554,17,155.91503356271147
1251,huggyllama/llama-7b,dummy-lora-7b-rank-32-4,618,52,156.08583113508593
1252,huggyllama/llama-7b,dummy-lora-7b-rank-64-4,492,45,156.19513913172452
1253,huggyllama/llama-7b,dummy-lora-7b-rank-32-0,599,50,156.3733887375635
1254,huggyllama/llama-7b,dummy-lora-7b-rank-64-0,552,57,156.41140470045835
1255,huggyllama/llama-7b,dummy-lora-7b-rank-64-1,326,43,156.91384770428874
1256,huggyllama/llama-7b,dummy-lora-7b-rank-64-1,454,67,157.0675477414403
1257,huggyllama/llama-7b,dummy-lora-7b-rank-16-4,586,20,157.1076915966693
1258,huggyllama/llama-7b,dummy-lora-7b-rank-128-0,246,50,157.1450405093316
1259,huggyllama/llama-7b,dummy-lora-7b-rank-64-4,558,22,157.40673624416746
1260,huggyllama/llama-7b,dummy-lora-7b-rank-64-2,440,78,157.4071311953441
1261,huggyllama/llama-7b,dummy-lora-7b-rank-16-0,948,40,157.45400469310923
1262,huggyllama/llama-7b,dummy-lora-7b-rank-128-0,504,56,157.47416148615542
1263,huggyllama/llama-7b,dummy-lora-7b-rank-128-0,344,11,157.5158857142363
1264,huggyllama/llama-7b,dummy-lora-7b-rank-16-2,628,22,157.532799367929
1265,huggyllama/llama-7b,dummy-lora-7b-rank-64-1,391,27,157.63252725462647
1266,huggyllama/llama-7b,dummy-lora-7b-rank-128-2,582,17,158.06287334365243
1267,huggyllama/llama-7b,dummy-lora-7b-rank-64-1,558,101,158.28331270439185
1268,huggyllama/llama-7b,dummy-lora-7b-rank-128-2,607,21,158.35574705657055
1269,huggyllama/llama-7b,dummy-lora-7b-rank-16-2,204,3,158.51122793809625
1270,huggyllama/llama-7b,dummy-lora-7b-rank-16-2,168,143,158.55494313739683
1271,huggyllama/llama-7b,dummy-lora-7b-rank-32-3,281,7,158.5579121001344
1272,huggyllama/llama-7b,dummy-lora-7b-rank-64-3,370,66,158.59433739588064
1273,huggyllama/llama-7b,dummy-lora-7b-rank-32-4,574,33,158.8085467326078
1274,huggyllama/llama-7b,dummy-lora-7b-rank-64-1,700,55,159.12492813588383
1275,huggyllama/llama-7b,dummy-lora-7b-rank-32-1,583,2,159.1265889360919
1276,huggyllama/llama-7b,dummy-lora-7b-rank-32-1,378,46,159.13517066819213
1277,huggyllama/llama-7b,dummy-lora-7b-rank-64-1,721,47,159.36607535854367
1278,huggyllama/llama-7b,dummy-lora-7b-rank-128-4,443,52,159.39836133673552
1279,huggyllama/llama-7b,dummy-lora-7b-rank-128-2,662,21,159.44996679735928
1280,huggyllama/llama-7b,dummy-lora-7b-rank-8-3,313,9,159.48169799589422
1281,huggyllama/llama-7b,dummy-lora-7b-rank-8-0,529,56,159.62377537337417
1282,huggyllama/llama-7b,dummy-lora-7b-rank-64-1,312,50,159.6754720661212
1283,huggyllama/llama-7b,dummy-lora-7b-rank-32-1,454,49,159.74780448230456
1284,huggyllama/llama-7b,dummy-lora-7b-rank-16-4,334,41,159.82194202936836
1285,huggyllama/llama-7b,dummy-lora-7b-rank-32-4,633,56,160.05173427193253
1286,huggyllama/llama-7b,dummy-lora-7b-rank-32-3,57,52,160.10928994449205
1287,huggyllama/llama-7b,dummy-lora-7b-rank-128-2,120,50,160.17563179951858
1288,huggyllama/llama-7b,dummy-lora-7b-rank-8-1,448,43,160.5272223851458
1289,huggyllama/llama-7b,dummy-lora-7b-rank-16-2,637,138,160.6419782370422
1290,huggyllama/llama-7b,dummy-lora-7b-rank-32-1,433,201,160.64677506722006
1291,huggyllama/llama-7b,dummy-lora-7b-rank-16-4,598,45,160.84986164235696
1292,huggyllama/llama-7b,dummy-lora-7b-rank-8-1,560,15,160.86523129649316
1293,huggyllama/llama-7b,dummy-lora-7b-rank-128-0,552,21,160.89572389178153
1294,huggyllama/llama-7b,dummy-lora-7b-rank-32-2,386,10,160.958928194972
1295,huggyllama/llama-7b,dummy-lora-7b-rank-16-4,544,15,161.18749391059023
1296,huggyllama/llama-7b,dummy-lora-7b-rank-8-3,434,7,161.37782486673916
1297,huggyllama/llama-7b,dummy-lora-7b-rank-64-2,554,20,161.65017272748236
1298,huggyllama/llama-7b,dummy-lora-7b-rank-8-0,447,59,161.6530318716412
1299,huggyllama/llama-7b,dummy-lora-7b-rank-8-3,592,2,161.66069798679797
1300,huggyllama/llama-7b,dummy-lora-7b-rank-16-2,179,72,161.8255229909943
1301,huggyllama/llama-7b,dummy-lora-7b-rank-32-0,258,42,161.86255310524413
1302,huggyllama/llama-7b,dummy-lora-7b-rank-32-1,236,107,161.9075940983033
1303,huggyllama/llama-7b,dummy-lora-7b-rank-16-2,444,53,162.02974256903
1304,huggyllama/llama-7b,dummy-lora-7b-rank-128-2,861,27,162.04640727117084
1305,huggyllama/llama-7b,dummy-lora-7b-rank-32-1,488,10,162.0477272543565
1306,huggyllama/llama-7b,dummy-lora-7b-rank-16-3,332,25,162.1539480451834
1307,huggyllama/llama-7b,dummy-lora-7b-rank-64-2,575,58,162.19327590023016
1308,huggyllama/llama-7b,dummy-lora-7b-rank-128-3,372,149,162.36020626741436
1309,huggyllama/llama-7b,dummy-lora-7b-rank-16-3,617,26,162.5088666885792
1310,huggyllama/llama-7b,dummy-lora-7b-rank-128-1,662,30,162.5699139256643
1311,huggyllama/llama-7b,dummy-lora-7b-rank-32-2,556,21,162.63102153431652
1312,huggyllama/llama-7b,dummy-lora-7b-rank-32-4,566,24,162.7036625815223
1313,huggyllama/llama-7b,dummy-lora-7b-rank-32-3,617,8,162.81038465622834
1314,huggyllama/llama-7b,dummy-lora-7b-rank-16-0,221,6,162.88656243840032
1315,huggyllama/llama-7b,dummy-lora-7b-rank-32-1,599,17,162.90822411225534
1316,huggyllama/llama-7b,dummy-lora-7b-rank-16-2,1005,87,162.91142354026087
1317,huggyllama/llama-7b,dummy-lora-7b-rank-16-2,22,256,162.93881309799514
1318,huggyllama/llama-7b,dummy-lora-7b-rank-32-2,558,22,163.0108192586292
1319,huggyllama/llama-7b,dummy-lora-7b-rank-128-3,596,76,163.5832059279503
1320,huggyllama/llama-7b,dummy-lora-7b-rank-8-2,278,48,163.60980464922963
1321,huggyllama/llama-7b,dummy-lora-7b-rank-8-2,602,18,163.9094853378231
1322,huggyllama/llama-7b,dummy-lora-7b-rank-64-3,555,15,163.98645993525105
1323,huggyllama/llama-7b,dummy-lora-7b-rank-128-2,514,57,164.0076929830761
1324,huggyllama/llama-7b,dummy-lora-7b-rank-64-4,627,30,164.46843953906927
1325,huggyllama/llama-7b,dummy-lora-7b-rank-16-0,618,11,164.47935250965097
1326,huggyllama/llama-7b,dummy-lora-7b-rank-32-3,562,24,164.51057614030717
1327,huggyllama/llama-7b,dummy-lora-7b-rank-128-3,482,49,164.94704103295
1328,huggyllama/llama-7b,dummy-lora-7b-rank-8-1,651,10,165.12794961609
1329,huggyllama/llama-7b,dummy-lora-7b-rank-16-4,578,20,165.25466637226793
1330,huggyllama/llama-7b,dummy-lora-7b-rank-128-1,566,29,165.3435975800656
1331,huggyllama/llama-7b,dummy-lora-7b-rank-128-3,927,61,165.41060940089295
1332,huggyllama/llama-7b,dummy-lora-7b-rank-128-3,795,53,165.44650795358405
1333,huggyllama/llama-7b,dummy-lora-7b-rank-16-3,276,51,165.59297284137426
1334,huggyllama/llama-7b,dummy-lora-7b-rank-16-1,193,3,165.72707530908124
1335,huggyllama/llama-7b,dummy-lora-7b-rank-128-4,567,113,166.0664989214053
1336,huggyllama/llama-7b,dummy-lora-7b-rank-8-2,566,20,166.19281126672092
1337,huggyllama/llama-7b,dummy-lora-7b-rank-64-3,261,119,166.30047082926052
1338,huggyllama/llama-7b,dummy-lora-7b-rank-32-3,452,5,166.35922279429664
1339,huggyllama/llama-7b,dummy-lora-7b-rank-64-2,854,45,166.430585928772
1340,huggyllama/llama-7b,dummy-lora-7b-rank-8-3,218,50,166.50383126351278
1341,huggyllama/llama-7b,dummy-lora-7b-rank-64-1,155,44,166.51486084571565
1342,huggyllama/llama-7b,dummy-lora-7b-rank-8-2,219,57,166.8327887300421
1343,huggyllama/llama-7b,dummy-lora-7b-rank-8-2,251,55,166.97352936018675
1344,huggyllama/llama-7b,dummy-lora-7b-rank-128-2,271,141,166.97587520906757
1345,huggyllama/llama-7b,dummy-lora-7b-rank-64-3,578,12,167.16916509378967
1346,huggyllama/llama-7b,dummy-lora-7b-rank-128-1,495,51,167.17399795519665
1347,huggyllama/llama-7b,dummy-lora-7b-rank-64-1,574,33,167.2277930736155
1348,huggyllama/llama-7b,dummy-lora-7b-rank-128-3,194,59,167.33250864398605
1349,huggyllama/llama-7b,dummy-lora-7b-rank-16-0,554,23,167.64077162468138
1350,huggyllama/llama-7b,dummy-lora-7b-rank-64-0,391,53,167.70842512839087
1351,huggyllama/llama-7b,dummy-lora-7b-rank-8-4,57,89,168.01711602002828
1352,huggyllama/llama-7b,dummy-lora-7b-rank-64-0,577,24,168.02600452419486
1353,huggyllama/llama-7b,dummy-lora-7b-rank-64-0,552,19,168.22328203821453
1354,huggyllama/llama-7b,dummy-lora-7b-rank-16-1,542,116,168.24932757412213
1355,huggyllama/llama-7b,dummy-lora-7b-rank-16-3,325,140,168.48493890106806
1356,huggyllama/llama-7b,dummy-lora-7b-rank-8-4,312,82,168.59127481109195
1357,huggyllama/llama-7b,dummy-lora-7b-rank-128-3,586,7,168.78890376931383
1358,huggyllama/llama-7b,dummy-lora-7b-rank-64-0,592,22,168.7919408211214
1359,huggyllama/llama-7b,dummy-lora-7b-rank-8-3,608,57,169.16518747536165
1360,huggyllama/llama-7b,dummy-lora-7b-rank-64-4,378,46,169.16987854350938
1361,huggyllama/llama-7b,dummy-lora-7b-rank-64-2,606,25,169.22774732137162
1362,huggyllama/llama-7b,dummy-lora-7b-rank-128-0,355,48,169.2309720998092
1363,huggyllama/llama-7b,dummy-lora-7b-rank-16-0,550,18,169.27731831597902
1364,huggyllama/llama-7b,dummy-lora-7b-rank-64-2,615,23,169.31371551385845
1365,huggyllama/llama-7b,dummy-lora-7b-rank-32-0,292,9,169.34918591054978
1366,huggyllama/llama-7b,dummy-lora-7b-rank-8-2,464,6,169.42796158138486
1367,huggyllama/llama-7b,dummy-lora-7b-rank-16-0,558,17,169.4613078808174
1368,huggyllama/llama-7b,dummy-lora-7b-rank-64-4,561,43,169.5167179737117
1369,huggyllama/llama-7b,dummy-lora-7b-rank-128-4,556,70,170.14343253611474
1370,huggyllama/llama-7b,dummy-lora-7b-rank-32-4,460,99,170.20938750140652
1371,huggyllama/llama-7b,dummy-lora-7b-rank-128-4,548,17,170.44664837422843
1372,huggyllama/llama-7b,dummy-lora-7b-rank-64-0,546,16,170.57382323911972
1373,huggyllama/llama-7b,dummy-lora-7b-rank-16-2,417,64,170.67303726330414
1374,huggyllama/llama-7b,dummy-lora-7b-rank-8-3,554,23,170.70569171344255
1375,huggyllama/llama-7b,dummy-lora-7b-rank-8-3,186,155,170.7280580228663
1376,huggyllama/llama-7b,dummy-lora-7b-rank-64-1,280,50,170.88800617294837
1377,huggyllama/llama-7b,dummy-lora-7b-rank-128-0,632,16,171.0170756042803
1378,huggyllama/llama-7b,dummy-lora-7b-rank-8-3,460,14,171.0635729333683
1379,huggyllama/llama-7b,dummy-lora-7b-rank-8-0,505,86,171.3085528931839
1380,huggyllama/llama-7b,dummy-lora-7b-rank-8-0,312,48,171.33790814462677
1381,huggyllama/llama-7b,dummy-lora-7b-rank-16-4,688,27,171.36821928250112
1382,huggyllama/llama-7b,dummy-lora-7b-rank-32-1,582,17,171.64925438701496
1383,huggyllama/llama-7b,dummy-lora-7b-rank-32-3,556,21,171.87172393897004
1384,huggyllama/llama-7b,dummy-lora-7b-rank-8-1,661,226,171.915131636313
1385,huggyllama/llama-7b,dummy-lora-7b-rank-16-3,476,21,171.96832284979538
1386,huggyllama/llama-7b,dummy-lora-7b-rank-16-2,562,26,172.05589303798283
1387,huggyllama/llama-7b,dummy-lora-7b-rank-64-3,977,129,172.06111983114442
1388,huggyllama/llama-7b,dummy-lora-7b-rank-16-3,159,95,172.10143923073645
1389,huggyllama/llama-7b,dummy-lora-7b-rank-64-0,502,68,172.20260228722313
1390,huggyllama/llama-7b,dummy-lora-7b-rank-16-4,473,38,172.20295264846055
1391,huggyllama/llama-7b,dummy-lora-7b-rank-32-2,371,46,172.22478169949702
1392,huggyllama/llama-7b,dummy-lora-7b-rank-64-1,464,45,172.22913885121852
1393,huggyllama/llama-7b,dummy-lora-7b-rank-32-3,572,32,172.8317151165744
1394,huggyllama/llama-7b,dummy-lora-7b-rank-64-0,715,18,172.88480070751808
1395,huggyllama/llama-7b,dummy-lora-7b-rank-128-2,604,26,172.91976929332597
1396,huggyllama/llama-7b,dummy-lora-7b-rank-128-0,588,20,173.14878029915744
1397,huggyllama/llama-7b,dummy-lora-7b-rank-128-2,487,8,173.21003695066457
1398,huggyllama/llama-7b,dummy-lora-7b-rank-128-0,556,21,173.22145054494817
1399,huggyllama/llama-7b,dummy-lora-7b-rank-16-1,570,31,173.9048932408444
1400,huggyllama/llama-7b,dummy-lora-7b-rank-8-1,558,18,173.92827192528594
1401,huggyllama/llama-7b,dummy-lora-7b-rank-128-1,444,8,174.0034122618307
1402,huggyllama/llama-7b,dummy-lora-7b-rank-16-4,625,25,174.4650369514285
1403,huggyllama/llama-7b,dummy-lora-7b-rank-128-0,403,61,174.92079633309692
1404,huggyllama/llama-7b,dummy-lora-7b-rank-128-1,462,6,175.13843633494176
1405,huggyllama/llama-7b,dummy-lora-7b-rank-64-3,429,113,175.15692613377388
1406,huggyllama/llama-7b,dummy-lora-7b-rank-8-3,624,43,175.39833039164833
1407,huggyllama/llama-7b,dummy-lora-7b-rank-32-2,663,43,175.77947748423264
1408,huggyllama/llama-7b,dummy-lora-7b-rank-64-0,806,24,176.0151807894812
1409,huggyllama/llama-7b,dummy-lora-7b-rank-64-0,592,10,176.05959340863825
1410,huggyllama/llama-7b,dummy-lora-7b-rank-8-0,276,60,176.3212639209927
1411,huggyllama/llama-7b,dummy-lora-7b-rank-8-0,638,10,176.32300710285676
1412,huggyllama/llama-7b,dummy-lora-7b-rank-8-3,448,46,176.479163063976
1413,huggyllama/llama-7b,dummy-lora-7b-rank-64-2,558,22,176.53454425286992
1414,huggyllama/llama-7b,dummy-lora-7b-rank-128-0,115,31,176.75308203802695
1415,huggyllama/llama-7b,dummy-lora-7b-rank-8-2,176,65,176.86245501518962
1416,huggyllama/llama-7b,dummy-lora-7b-rank-64-1,560,26,176.90420397987285
1417,huggyllama/llama-7b,dummy-lora-7b-rank-64-0,122,36,177.23846580794827
1418,huggyllama/llama-7b,dummy-lora-7b-rank-8-3,354,10,177.42544481835463
1419,huggyllama/llama-7b,dummy-lora-7b-rank-8-0,429,7,177.5374653874684
1420,huggyllama/llama-7b,dummy-lora-7b-rank-64-1,273,38,177.79257277396675
1421,huggyllama/llama-7b,dummy-lora-7b-rank-64-1,751,18,177.98288163784005
1422,huggyllama/llama-7b,dummy-lora-7b-rank-128-0,373,19,178.35093576060353
1423,huggyllama/llama-7b,dummy-lora-7b-rank-64-2,287,38,178.7653475499462
1424,huggyllama/llama-7b,dummy-lora-7b-rank-32-3,516,61,179.06024848869023
1425,huggyllama/llama-7b,dummy-lora-7b-rank-16-4,659,21,179.08090911223204
1426,huggyllama/llama-7b,dummy-lora-7b-rank-32-0,454,49,179.17444461038275
1427,huggyllama/llama-7b,dummy-lora-7b-rank-64-2,560,24,179.25551538144708
1428,huggyllama/llama-7b,dummy-lora-7b-rank-16-3,825,15,179.2578713483015
1429,huggyllama/llama-7b,dummy-lora-7b-rank-16-1,598,51,179.39568950870833
1430,huggyllama/llama-7b,dummy-lora-7b-rank-16-2,554,12,179.87291854590038
1431,huggyllama/llama-7b,dummy-lora-7b-rank-16-3,396,47,179.97223133872404
1432,huggyllama/llama-7b,dummy-lora-7b-rank-16-0,176,106,179.97620791189541
1433,huggyllama/llama-7b,dummy-lora-7b-rank-16-3,552,21,180.12365476521492
1434,huggyllama/llama-7b,dummy-lora-7b-rank-8-2,114,30,180.14175670918928
1435,huggyllama/llama-7b,dummy-lora-7b-rank-64-3,546,16,180.16535548066744
1436,huggyllama/llama-7b,dummy-lora-7b-rank-32-4,322,197,180.17826640673618
1437,huggyllama/llama-7b,dummy-lora-7b-rank-128-2,553,13,180.2610989064511
1438,huggyllama/llama-7b,dummy-lora-7b-rank-128-1,541,23,180.35690951745104
1439,huggyllama/llama-7b,dummy-lora-7b-rank-32-3,260,122,180.35870180569847
1440,huggyllama/llama-7b,dummy-lora-7b-rank-8-1,452,47,180.39323651683225
1441,huggyllama/llama-7b,dummy-lora-7b-rank-8-1,576,31,180.5131892452586
1442,huggyllama/llama-7b,dummy-lora-7b-rank-16-1,313,36,180.68612732554567
1443,huggyllama/llama-7b,dummy-lora-7b-rank-64-1,813,34,180.73509645237436
1444,huggyllama/llama-7b,dummy-lora-7b-rank-8-0,564,25,180.74032041801593
1445,huggyllama/llama-7b,dummy-lora-7b-rank-8-4,484,50,181.17700058880888
1446,huggyllama/llama-7b,dummy-lora-7b-rank-32-2,563,13,181.28022046186223
1447,huggyllama/llama-7b,dummy-lora-7b-rank-64-3,558,22,181.29661319602832
1448,huggyllama/llama-7b,dummy-lora-7b-rank-128-3,583,60,181.33298496473896
1449,huggyllama/llama-7b,dummy-lora-7b-rank-64-2,686,8,181.69986075474998
1450,huggyllama/llama-7b,dummy-lora-7b-rank-16-3,556,24,181.73560739211513
1451,huggyllama/llama-7b,dummy-lora-7b-rank-64-4,439,5,181.8829710318845
1452,huggyllama/llama-7b,dummy-lora-7b-rank-128-4,723,141,181.9280557062674
1453,huggyllama/llama-7b,dummy-lora-7b-rank-128-1,309,42,181.97436272896266
1454,huggyllama/llama-7b,dummy-lora-7b-rank-32-4,270,176,182.0159977719861
1455,huggyllama/llama-7b,dummy-lora-7b-rank-16-4,568,27,182.17083279677922
1456,huggyllama/llama-7b,dummy-lora-7b-rank-64-2,311,54,182.46690575409374
1457,huggyllama/llama-7b,dummy-lora-7b-rank-128-2,224,95,182.50150830797247
1458,huggyllama/llama-7b,dummy-lora-7b-rank-32-3,578,7,182.54537936871438
1459,huggyllama/llama-7b,dummy-lora-7b-rank-32-2,400,7,182.54555640026
1460,huggyllama/llama-7b,dummy-lora-7b-rank-32-4,568,28,182.54833470165866
1461,huggyllama/llama-7b,dummy-lora-7b-rank-8-2,562,26,182.7212181093426
1462,huggyllama/llama-7b,dummy-lora-7b-rank-8-0,274,42,182.78991999782536
1463,huggyllama/llama-7b,dummy-lora-7b-rank-64-3,199,60,183.07579080035003
1464,huggyllama/llama-7b,dummy-lora-7b-rank-32-2,568,30,183.20976666841275
1465,huggyllama/llama-7b,dummy-lora-7b-rank-64-4,611,23,183.21224831229154
1466,huggyllama/llama-7b,dummy-lora-7b-rank-128-3,672,61,183.2206015976179
1467,huggyllama/llama-7b,dummy-lora-7b-rank-16-0,556,24,183.23742098418919
1468,huggyllama/llama-7b,dummy-lora-7b-rank-8-2,189,5,183.3083157778739
1469,huggyllama/llama-7b,dummy-lora-7b-rank-128-2,332,41,183.4133094424379
1470,huggyllama/llama-7b,dummy-lora-7b-rank-8-2,313,48,183.46196802533564
1471,huggyllama/llama-7b,dummy-lora-7b-rank-128-2,465,6,183.50068888475784
1472,huggyllama/llama-7b,dummy-lora-7b-rank-64-3,665,10,183.87526057648026
1473,huggyllama/llama-7b,dummy-lora-7b-rank-128-4,426,49,183.93152927788137
1474,huggyllama/llama-7b,dummy-lora-7b-rank-8-4,268,61,183.94276167167263
1475,huggyllama/llama-7b,dummy-lora-7b-rank-64-2,377,9,184.12999151178872
1476,huggyllama/llama-7b,dummy-lora-7b-rank-128-1,99,46,184.2099204811985
1477,huggyllama/llama-7b,dummy-lora-7b-rank-128-1,598,10,184.23988253297526
1478,huggyllama/llama-7b,dummy-lora-7b-rank-8-0,210,40,184.25813739828632
1479,huggyllama/llama-7b,dummy-lora-7b-rank-16-0,389,69,184.5593481468424
1480,huggyllama/llama-7b,dummy-lora-7b-rank-8-4,556,20,184.71437217602198
1481,huggyllama/llama-7b,dummy-lora-7b-rank-32-0,552,19,184.79021456988113
1482,huggyllama/llama-7b,dummy-lora-7b-rank-8-0,53,48,184.83761632460693
1483,huggyllama/llama-7b,dummy-lora-7b-rank-128-0,550,17,185.11989955137602
1484,huggyllama/llama-7b,dummy-lora-7b-rank-8-1,564,26,185.19785165172746
1485,huggyllama/llama-7b,dummy-lora-7b-rank-16-3,556,24,185.2445392587488
1486,huggyllama/llama-7b,dummy-lora-7b-rank-16-2,473,13,185.29156586605038
1487,huggyllama/llama-7b,dummy-lora-7b-rank-128-3,554,20,185.4840309684663
1488,huggyllama/llama-7b,dummy-lora-7b-rank-32-3,363,137,185.48724169676294
1489,huggyllama/llama-7b,dummy-lora-7b-rank-16-1,670,131,185.72120438192576
1490,huggyllama/llama-7b,dummy-lora-7b-rank-8-3,102,57,185.74500236712623
1491,huggyllama/llama-7b,dummy-lora-7b-rank-8-4,108,35,185.97553121322963
1492,huggyllama/llama-7b,dummy-lora-7b-rank-64-3,344,44,185.9874153213987
1493,huggyllama/llama-7b,dummy-lora-7b-rank-16-0,375,54,186.15947198901202
1494,huggyllama/llama-7b,dummy-lora-7b-rank-64-4,714,101,186.33753449755673
1495,huggyllama/llama-7b,dummy-lora-7b-rank-64-0,201,43,186.49274473716557
1496,huggyllama/llama-7b,dummy-lora-7b-rank-16-3,566,26,186.6054214665502
1497,huggyllama/llama-7b,dummy-lora-7b-rank-16-0,672,57,186.6376398148454
1498,huggyllama/llama-7b,dummy-lora-7b-rank-32-2,974,89,186.76756577411717
1499,huggyllama/llama-7b,dummy-lora-7b-rank-128-3,361,9,186.77692857867615
1500,huggyllama/llama-7b,dummy-lora-7b-rank-16-3,612,33,186.9862612737319
1501,huggyllama/llama-7b,dummy-lora-7b-rank-32-0,663,18,187.0523281077326
1502,huggyllama/llama-7b,dummy-lora-7b-rank-128-1,440,60,187.38567086317858
1503,huggyllama/llama-7b,dummy-lora-7b-rank-8-1,548,44,187.50667092170096
1504,huggyllama/llama-7b,dummy-lora-7b-rank-32-3,552,11,187.65901847941566
1505,huggyllama/llama-7b,dummy-lora-7b-rank-32-0,495,45,187.7562079092858
1506,huggyllama/llama-7b,dummy-lora-7b-rank-64-0,63,69,187.76222928262675
1507,huggyllama/llama-7b,dummy-lora-7b-rank-64-3,554,21,187.80247728491432
1508,huggyllama/llama-7b,dummy-lora-7b-rank-16-4,566,6,187.84641626725445
1509,huggyllama/llama-7b,dummy-lora-7b-rank-16-4,354,47,187.88157117259595
1510,huggyllama/llama-7b,dummy-lora-7b-rank-64-0,554,2,187.9156994928699
1511,huggyllama/llama-7b,dummy-lora-7b-rank-32-0,423,6,188.0117420970348
1512,huggyllama/llama-7b,dummy-lora-7b-rank-128-1,727,64,188.3366436671433
1513,huggyllama/llama-7b,dummy-lora-7b-rank-16-4,603,18,188.4017587020904
1514,huggyllama/llama-7b,dummy-lora-7b-rank-8-4,208,125,188.63769625586895
1515,huggyllama/llama-7b,dummy-lora-7b-rank-64-4,321,164,188.74030382135473
1516,huggyllama/llama-7b,dummy-lora-7b-rank-8-3,297,13,188.8251618997881
1517,huggyllama/llama-7b,dummy-lora-7b-rank-128-2,640,121,189.07228221017377
1518,huggyllama/llama-7b,dummy-lora-7b-rank-8-2,605,8,189.1198851835842
1519,huggyllama/llama-7b,dummy-lora-7b-rank-8-4,250,114,189.65001071183116
1520,huggyllama/llama-7b,dummy-lora-7b-rank-8-0,550,18,189.65942558902472
1521,huggyllama/llama-7b,dummy-lora-7b-rank-32-4,592,22,189.8819287778208
1522,huggyllama/llama-7b,dummy-lora-7b-rank-64-4,1015,3,190.03595822858574
1523,huggyllama/llama-7b,dummy-lora-7b-rank-128-0,568,19,190.12100807395652
1524,huggyllama/llama-7b,dummy-lora-7b-rank-8-4,359,75,190.13868109706448
1525,huggyllama/llama-7b,dummy-lora-7b-rank-16-1,404,54,190.17101733932503
1526,huggyllama/llama-7b,dummy-lora-7b-rank-8-3,334,49,190.21935119706148
1527,huggyllama/llama-7b,dummy-lora-7b-rank-32-3,550,18,190.34745238505442
1528,huggyllama/llama-7b,dummy-lora-7b-rank-128-3,205,41,190.5761356220106
1529,huggyllama/llama-7b,dummy-lora-7b-rank-16-3,626,23,190.71387422839328
1530,huggyllama/llama-7b,dummy-lora-7b-rank-128-4,389,224,190.94560758501382
1531,huggyllama/llama-7b,dummy-lora-7b-rank-8-3,397,9,190.98805874129582
1532,huggyllama/llama-7b,dummy-lora-7b-rank-8-3,425,53,191.0491749686232
1533,huggyllama/llama-7b,dummy-lora-7b-rank-32-1,631,79,191.08182129594985
1534,huggyllama/llama-7b,dummy-lora-7b-rank-64-3,299,50,191.23351344887314
1535,huggyllama/llama-7b,dummy-lora-7b-rank-16-2,364,199,191.3830906690285
1536,huggyllama/llama-7b,dummy-lora-7b-rank-16-4,132,62,191.4322000484561
1537,huggyllama/llama-7b,dummy-lora-7b-rank-16-1,592,23,191.51990564916764
1538,huggyllama/llama-7b,dummy-lora-7b-rank-32-3,552,10,191.53792693641572
1539,huggyllama/llama-7b,dummy-lora-7b-rank-64-3,612,47,191.84602110841183
1540,huggyllama/llama-7b,dummy-lora-7b-rank-32-1,288,8,192.15149480130256
1541,huggyllama/llama-7b,dummy-lora-7b-rank-128-1,548,17,192.87937298570432
1542,huggyllama/llama-7b,dummy-lora-7b-rank-32-1,401,47,192.89174129001964
1543,huggyllama/llama-7b,dummy-lora-7b-rank-16-3,229,121,192.9739961052447
1544,huggyllama/llama-7b,dummy-lora-7b-rank-64-2,414,52,193.06922979498827
1545,huggyllama/llama-7b,dummy-lora-7b-rank-64-0,726,10,193.2171926109607
1546,huggyllama/llama-7b,dummy-lora-7b-rank-64-4,610,12,193.90670410248086
1547,huggyllama/llama-7b,dummy-lora-7b-rank-16-0,267,47,193.91861405055022
1548,huggyllama/llama-7b,dummy-lora-7b-rank-32-3,410,21,193.9379603073243
1549,huggyllama/llama-7b,dummy-lora-7b-rank-8-0,558,22,193.98073461325285
1550,huggyllama/llama-7b,dummy-lora-7b-rank-16-2,580,8,194.04806133759757
1551,huggyllama/llama-7b,dummy-lora-7b-rank-128-0,699,8,194.2927483527941
1552,huggyllama/llama-7b,dummy-lora-7b-rank-128-4,560,26,194.41088618147643
1553,huggyllama/llama-7b,dummy-lora-7b-rank-64-1,302,6,194.51079777401725
1554,huggyllama/llama-7b,dummy-lora-7b-rank-32-4,238,80,194.83425665897178
1555,huggyllama/llama-7b,dummy-lora-7b-rank-128-0,345,66,194.8684445830776
1556,huggyllama/llama-7b,dummy-lora-7b-rank-32-2,488,63,194.96248241904456
1557,huggyllama/llama-7b,dummy-lora-7b-rank-8-4,927,75,194.9652492898881
1558,huggyllama/llama-7b,dummy-lora-7b-rank-8-3,548,17,194.99843149254758
1559,huggyllama/llama-7b,dummy-lora-7b-rank-128-3,550,18,195.1044272384647
1560,huggyllama/llama-7b,dummy-lora-7b-rank-128-1,360,49,195.2121935253844
1561,huggyllama/llama-7b,dummy-lora-7b-rank-16-4,560,18,195.23017648186763
1562,huggyllama/llama-7b,dummy-lora-7b-rank-128-2,344,3,195.27740066629008
1563,huggyllama/llama-7b,dummy-lora-7b-rank-128-4,636,77,195.35484060931608
1564,huggyllama/llama-7b,dummy-lora-7b-rank-64-1,294,54,195.40532576261504
1565,huggyllama/llama-7b,dummy-lora-7b-rank-16-3,568,29,195.577292691888
1566,huggyllama/llama-7b,dummy-lora-7b-rank-16-1,582,44,195.96192651221455
1567,huggyllama/llama-7b,dummy-lora-7b-rank-16-2,445,50,196.35178441409863
1568,huggyllama/llama-7b,dummy-lora-7b-rank-64-2,542,11,196.47533463669714
1569,huggyllama/llama-7b,dummy-lora-7b-rank-64-3,306,7,196.52369741897996
1570,huggyllama/llama-7b,dummy-lora-7b-rank-16-2,189,45,197.01715179994224
1571,huggyllama/llama-7b,dummy-lora-7b-rank-32-0,550,10,197.01740406271833
1572,huggyllama/llama-7b,dummy-lora-7b-rank-64-3,578,32,197.06086600313702
1573,huggyllama/llama-7b,dummy-lora-7b-rank-128-1,713,48,197.37582933529282
1574,huggyllama/llama-7b,dummy-lora-7b-rank-64-3,820,40,197.6303162255631
1575,huggyllama/llama-7b,dummy-lora-7b-rank-16-2,908,92,198.02226313894985
1576,huggyllama/llama-7b,dummy-lora-7b-rank-32-3,327,42,198.07045592076747
1577,huggyllama/llama-7b,dummy-lora-7b-rank-16-4,558,22,198.13241463302495
1578,huggyllama/llama-7b,dummy-lora-7b-rank-64-2,879,38,198.3201191397042
1579,huggyllama/llama-7b,dummy-lora-7b-rank-8-0,407,65,198.51461789998382
1580,huggyllama/llama-7b,dummy-lora-7b-rank-32-3,548,17,198.52063619217392
1581,huggyllama/llama-7b,dummy-lora-7b-rank-64-2,548,17,198.6865683241828
1582,huggyllama/llama-7b,dummy-lora-7b-rank-16-1,235,99,198.84222708781195
1583,huggyllama/llama-7b,dummy-lora-7b-rank-16-4,680,32,199.01033400823516
1584,huggyllama/llama-7b,dummy-lora-7b-rank-16-0,595,66,199.02395262354923
1585,huggyllama/llama-7b,dummy-lora-7b-rank-128-3,346,130,199.0389028569185
1586,huggyllama/llama-7b,dummy-lora-7b-rank-8-0,202,75,199.2003365448616
1587,huggyllama/llama-7b,dummy-lora-7b-rank-32-4,993,54,199.37159423950408
1588,huggyllama/llama-7b,dummy-lora-7b-rank-64-0,570,29,199.39531280167927
1589,huggyllama/llama-7b,dummy-lora-7b-rank-8-2,698,115,199.67130009153075
1590,huggyllama/llama-7b,dummy-lora-7b-rank-64-2,554,22,199.921439323697
1591,huggyllama/llama-7b,dummy-lora-7b-rank-16-4,566,27,200.12393856695834
1592,huggyllama/llama-7b,dummy-lora-7b-rank-8-2,643,24,200.1756214322417
1593,huggyllama/llama-7b,dummy-lora-7b-rank-128-2,596,16,200.25217396202652
1594,huggyllama/llama-7b,dummy-lora-7b-rank-64-0,281,47,200.44101243641427
1595,huggyllama/llama-7b,dummy-lora-7b-rank-16-3,461,10,200.75476243664954
1596,huggyllama/llama-7b,dummy-lora-7b-rank-32-1,304,158,200.96107549858397
1597,huggyllama/llama-7b,dummy-lora-7b-rank-128-4,670,2,201.23054276015029
1598,huggyllama/llama-7b,dummy-lora-7b-rank-64-2,362,8,201.35631417404736
1599,huggyllama/llama-7b,dummy-lora-7b-rank-32-1,530,11,201.51415654471631
1600,huggyllama/llama-7b,dummy-lora-7b-rank-32-3,502,7,201.67380280360086
1601,huggyllama/llama-7b,dummy-lora-7b-rank-32-2,172,45,201.68735072831734
1602,huggyllama/llama-7b,dummy-lora-7b-rank-16-4,600,17,201.77003146296613
1603,huggyllama/llama-7b,dummy-lora-7b-rank-16-0,789,13,201.88172388229034
1604,huggyllama/llama-7b,dummy-lora-7b-rank-128-0,601,18,201.99538820766847
1605,huggyllama/llama-7b,dummy-lora-7b-rank-16-2,553,77,202.0251327788356
1606,huggyllama/llama-7b,dummy-lora-7b-rank-64-1,190,55,202.16067944556835
1607,huggyllama/llama-7b,dummy-lora-7b-rank-128-1,353,164,202.27712405291396
1608,huggyllama/llama-7b,dummy-lora-7b-rank-32-1,501,46,202.40111404091834
1609,huggyllama/llama-7b,dummy-lora-7b-rank-64-4,637,66,202.5461957653693
1610,huggyllama/llama-7b,dummy-lora-7b-rank-8-3,616,51,202.58678943684473
1611,huggyllama/llama-7b,dummy-lora-7b-rank-16-4,556,21,202.59999790223816
1612,huggyllama/llama-7b,dummy-lora-7b-rank-8-2,542,9,202.60077857180946
1613,huggyllama/llama-7b,dummy-lora-7b-rank-16-2,215,24,202.68470849564085
1614,huggyllama/llama-7b,dummy-lora-7b-rank-32-3,399,68,202.74145990976922
1615,huggyllama/llama-7b,dummy-lora-7b-rank-128-3,562,24,202.86415093173608
1616,huggyllama/llama-7b,dummy-lora-7b-rank-32-3,338,7,202.95737607897794
1617,huggyllama/llama-7b,dummy-lora-7b-rank-32-3,550,18,203.17005991712583
1618,huggyllama/llama-7b,dummy-lora-7b-rank-128-4,394,45,203.17804622401695
1619,huggyllama/llama-7b,dummy-lora-7b-rank-64-1,639,11,203.21715493606376
1620,huggyllama/llama-7b,dummy-lora-7b-rank-128-0,254,14,203.23414308872765
1621,huggyllama/llama-7b,dummy-lora-7b-rank-16-0,593,50,203.48968944523108
1622,huggyllama/llama-7b,dummy-lora-7b-rank-16-1,329,34,203.639790069447
1623,huggyllama/llama-7b,dummy-lora-7b-rank-32-1,554,20,203.70630964434935
1624,huggyllama/llama-7b,dummy-lora-7b-rank-8-0,481,38,203.84884201861644
1625,huggyllama/llama-7b,dummy-lora-7b-rank-16-1,605,16,204.00230045693655
1626,huggyllama/llama-7b,dummy-lora-7b-rank-8-4,558,22,204.121227873229
1627,huggyllama/llama-7b,dummy-lora-7b-rank-16-0,863,32,204.12397306808603
1628,huggyllama/llama-7b,dummy-lora-7b-rank-8-2,448,181,204.14856668981025
1629,huggyllama/llama-7b,dummy-lora-7b-rank-16-3,623,26,204.55619679738055
1630,huggyllama/llama-7b,dummy-lora-7b-rank-32-3,187,197,204.60528956447956
1631,huggyllama/llama-7b,dummy-lora-7b-rank-8-2,374,47,204.62135965116514
1632,huggyllama/llama-7b,dummy-lora-7b-rank-16-2,619,35,204.78055989869415
1633,huggyllama/llama-7b,dummy-lora-7b-rank-64-3,592,8,204.93870677251627
1634,huggyllama/llama-7b,dummy-lora-7b-rank-8-2,349,66,205.15726126423516
1635,huggyllama/llama-7b,dummy-lora-7b-rank-32-2,405,36,205.26544737727252
1636,huggyllama/llama-7b,dummy-lora-7b-rank-8-3,470,207,205.48037535031816
1637,huggyllama/llama-7b,dummy-lora-7b-rank-64-0,675,46,205.59070592190446
1638,huggyllama/llama-7b,dummy-lora-7b-rank-8-0,558,11,205.9270203134338
1639,huggyllama/llama-7b,dummy-lora-7b-rank-128-2,181,32,206.10083744038772
1640,huggyllama/llama-7b,dummy-lora-7b-rank-128-4,917,3,206.1502562227926
1641,huggyllama/llama-7b,dummy-lora-7b-rank-16-4,548,19,206.41825302556677
1642,huggyllama/llama-7b,dummy-lora-7b-rank-128-2,633,26,206.49078369421795
1643,huggyllama/llama-7b,dummy-lora-7b-rank-64-1,643,22,206.7038667513849
1644,huggyllama/llama-7b,dummy-lora-7b-rank-128-1,560,23,206.7145577929773
1645,huggyllama/llama-7b,dummy-lora-7b-rank-8-4,607,5,206.82024599793343
1646,huggyllama/llama-7b,dummy-lora-7b-rank-128-1,562,20,206.91811281913039
1647,huggyllama/llama-7b,dummy-lora-7b-rank-128-4,866,11,207.01758972262454
1648,huggyllama/llama-7b,dummy-lora-7b-rank-128-1,657,22,207.08297670483464
1649,huggyllama/llama-7b,dummy-lora-7b-rank-32-2,460,13,207.1276266635187
1650,huggyllama/llama-7b,dummy-lora-7b-rank-16-2,327,58,207.3051755861607
1651,huggyllama/llama-7b,dummy-lora-7b-rank-128-2,243,193,207.31746354839484
1652,huggyllama/llama-7b,dummy-lora-7b-rank-128-4,778,8,207.35692987928
1653,huggyllama/llama-7b,dummy-lora-7b-rank-32-1,708,9,207.3975475348072
1654,huggyllama/llama-7b,dummy-lora-7b-rank-8-3,990,41,207.41279873049993
1655,huggyllama/llama-7b,dummy-lora-7b-rank-16-0,1007,61,207.57364931455297
1656,huggyllama/llama-7b,dummy-lora-7b-rank-16-1,565,25,207.58197867363913
1657,huggyllama/llama-7b,dummy-lora-7b-rank-32-3,595,2,207.6730450520287
1658,huggyllama/llama-7b,dummy-lora-7b-rank-16-2,558,24,207.73990365423708
1659,huggyllama/llama-7b,dummy-lora-7b-rank-64-1,702,20,207.87047153777343
1660,huggyllama/llama-7b,dummy-lora-7b-rank-64-1,403,45,208.090186207823
1661,huggyllama/llama-7b,dummy-lora-7b-rank-128-2,552,19,208.43133816264097
1662,huggyllama/llama-7b,dummy-lora-7b-rank-128-0,327,57,208.5088165310998
1663,huggyllama/llama-7b,dummy-lora-7b-rank-128-4,322,13,208.64249238996746
1664,huggyllama/llama-7b,dummy-lora-7b-rank-8-1,197,6,208.73174621326112
1665,huggyllama/llama-7b,dummy-lora-7b-rank-32-0,414,19,208.7549543728995
1666,huggyllama/llama-7b,dummy-lora-7b-rank-8-4,550,18,208.80487007673418
1667,huggyllama/llama-7b,dummy-lora-7b-rank-8-1,607,16,208.88296011909387
1668,huggyllama/llama-7b,dummy-lora-7b-rank-16-4,583,58,209.08542143541902
1669,huggyllama/llama-7b,dummy-lora-7b-rank-32-4,419,7,209.2965235402312
1670,huggyllama/llama-7b,dummy-lora-7b-rank-16-0,613,15,209.3263360376979
1671,huggyllama/llama-7b,dummy-lora-7b-rank-16-0,611,33,209.32964328143927
1672,huggyllama/llama-7b,dummy-lora-7b-rank-128-4,603,19,209.40120378010332
1673,huggyllama/llama-7b,dummy-lora-7b-rank-128-4,582,9,209.4150660733613
1674,huggyllama/llama-7b,dummy-lora-7b-rank-16-3,678,40,209.53247940185838
1675,huggyllama/llama-7b,dummy-lora-7b-rank-128-0,560,25,209.57047028386728
1676,huggyllama/llama-7b,dummy-lora-7b-rank-32-2,951,80,209.63796984715574
1677,huggyllama/llama-7b,dummy-lora-7b-rank-128-3,560,23,210.01837124850462
1678,huggyllama/llama-7b,dummy-lora-7b-rank-64-1,572,30,210.099384274533
1679,huggyllama/llama-7b,dummy-lora-7b-rank-32-0,328,32,210.1129128162043
1680,huggyllama/llama-7b,dummy-lora-7b-rank-16-3,558,22,210.22242395378248
1681,huggyllama/llama-7b,dummy-lora-7b-rank-32-2,609,19,210.24117218754725
1682,huggyllama/llama-7b,dummy-lora-7b-rank-128-0,550,2,210.386128559669
1683,huggyllama/llama-7b,dummy-lora-7b-rank-64-1,760,111,210.39429373740194
1684,huggyllama/llama-7b,dummy-lora-7b-rank-32-2,556,23,210.60180260286018
1685,huggyllama/llama-7b,dummy-lora-7b-rank-32-1,287,66,210.71295701954114
1686,huggyllama/llama-7b,dummy-lora-7b-rank-128-3,553,10,210.72929966372018
1687,huggyllama/llama-7b,dummy-lora-7b-rank-8-1,546,11,210.93450234854055
1688,huggyllama/llama-7b,dummy-lora-7b-rank-64-3,566,18,211.00724943292607
1689,huggyllama/llama-7b,dummy-lora-7b-rank-64-1,325,97,211.1229560617284
1690,huggyllama/llama-7b,dummy-lora-7b-rank-64-1,435,6,211.49108652907154
1691,huggyllama/llama-7b,dummy-lora-7b-rank-16-3,339,52,211.51032574997055
1692,huggyllama/llama-7b,dummy-lora-7b-rank-8-3,679,177,211.6306650031477
1693,huggyllama/llama-7b,dummy-lora-7b-rank-128-2,499,6,211.76302457259288
1694,huggyllama/llama-7b,dummy-lora-7b-rank-16-2,564,23,211.87579597422118
1695,huggyllama/llama-7b,dummy-lora-7b-rank-16-2,373,98,211.95853115041504
1696,huggyllama/llama-7b,dummy-lora-7b-rank-32-3,584,30,211.98464196900773
1697,huggyllama/llama-7b,dummy-lora-7b-rank-32-4,322,50,212.0798579692868
1698,huggyllama/llama-7b,dummy-lora-7b-rank-32-3,54,70,212.11352906184743
1699,huggyllama/llama-7b,dummy-lora-7b-rank-128-0,493,7,212.21451400911883
1700,huggyllama/llama-7b,dummy-lora-7b-rank-8-0,276,38,212.70385818559217
1701,huggyllama/llama-7b,dummy-lora-7b-rank-16-3,315,20,212.8790175363606
1702,huggyllama/llama-7b,dummy-lora-7b-rank-16-4,827,11,212.93327982859407
1703,huggyllama/llama-7b,dummy-lora-7b-rank-8-4,548,17,213.04983901076062
1704,huggyllama/llama-7b,dummy-lora-7b-rank-32-1,532,51,213.07737250936327
1705,huggyllama/llama-7b,dummy-lora-7b-rank-8-2,562,24,213.17525730446042
1706,huggyllama/llama-7b,dummy-lora-7b-rank-128-3,424,51,213.30086263587162
1707,huggyllama/llama-7b,dummy-lora-7b-rank-128-0,841,84,213.38379342747655
1708,huggyllama/llama-7b,dummy-lora-7b-rank-64-3,162,56,213.59541924116212
1709,huggyllama/llama-7b,dummy-lora-7b-rank-128-3,275,208,213.60030355845282
1710,huggyllama/llama-7b,dummy-lora-7b-rank-16-2,562,19,213.63278783554566
1711,huggyllama/llama-7b,dummy-lora-7b-rank-32-0,607,10,213.76430172260532
1712,huggyllama/llama-7b,dummy-lora-7b-rank-16-4,516,57,214.00653259958904
1713,huggyllama/llama-7b,dummy-lora-7b-rank-64-2,794,41,214.0716538908805
1714,huggyllama/llama-7b,dummy-lora-7b-rank-32-4,580,31,214.07903397808084
1715,huggyllama/llama-7b,dummy-lora-7b-rank-64-1,578,35,214.20354110352838
1716,huggyllama/llama-7b,dummy-lora-7b-rank-128-1,312,8,214.2820044717454
1717,huggyllama/llama-7b,dummy-lora-7b-rank-8-1,227,49,214.52243312534688
1718,huggyllama/llama-7b,dummy-lora-7b-rank-16-2,558,24,214.65137707078614
1719,huggyllama/llama-7b,dummy-lora-7b-rank-32-4,227,77,215.0577894733478
1720,huggyllama/llama-7b,dummy-lora-7b-rank-16-1,190,35,215.17636145198804
1721,huggyllama/llama-7b,dummy-lora-7b-rank-32-0,830,10,215.2729487764712
1722,huggyllama/llama-7b,dummy-lora-7b-rank-8-1,263,70,215.41590509772712
1723,huggyllama/llama-7b,dummy-lora-7b-rank-64-1,387,89,215.4592823330383
1724,huggyllama/llama-7b,dummy-lora-7b-rank-8-2,563,38,215.53523007721114
1725,huggyllama/llama-7b,dummy-lora-7b-rank-64-4,499,53,215.64629669557706
1726,huggyllama/llama-7b,dummy-lora-7b-rank-8-0,243,37,216.13430935669754
1727,huggyllama/llama-7b,dummy-lora-7b-rank-32-1,542,11,216.19085329215767
1728,huggyllama/llama-7b,dummy-lora-7b-rank-16-0,401,45,216.20791235622332
1729,huggyllama/llama-7b,dummy-lora-7b-rank-8-3,305,8,216.23222467494347
1730,huggyllama/llama-7b,dummy-lora-7b-rank-32-4,228,46,216.2568797308759
1731,huggyllama/llama-7b,dummy-lora-7b-rank-64-2,175,3,216.345049415933
1732,huggyllama/llama-7b,dummy-lora-7b-rank-8-3,218,39,216.3509781412286
1733,huggyllama/llama-7b,dummy-lora-7b-rank-16-1,616,18,216.4604525339657
1734,huggyllama/llama-7b,dummy-lora-7b-rank-8-1,550,20,216.47994851330844
1735,huggyllama/llama-7b,dummy-lora-7b-rank-32-2,529,87,216.55179647171607
1736,huggyllama/llama-7b,dummy-lora-7b-rank-128-0,700,8,216.76642545098207
1737,huggyllama/llama-7b,dummy-lora-7b-rank-16-2,394,42,216.84178398118718
1738,huggyllama/llama-7b,dummy-lora-7b-rank-128-1,812,43,216.90679135147977
1739,huggyllama/llama-7b,dummy-lora-7b-rank-128-4,554,20,216.97030221142992
1740,huggyllama/llama-7b,dummy-lora-7b-rank-128-2,426,10,216.98746357185448
1741,huggyllama/llama-7b,dummy-lora-7b-rank-128-2,554,20,217.20881776729559
1742,huggyllama/llama-7b,dummy-lora-7b-rank-16-1,613,19,217.26709713686404
1743,huggyllama/llama-7b,dummy-lora-7b-rank-128-1,602,37,217.6317390450824
1744,huggyllama/llama-7b,dummy-lora-7b-rank-8-4,159,103,217.66610269453648
1745,huggyllama/llama-7b,dummy-lora-7b-rank-16-2,151,45,217.66730929462383
1746,huggyllama/llama-7b,dummy-lora-7b-rank-32-1,484,44,217.67207984051845
1747,huggyllama/llama-7b,dummy-lora-7b-rank-128-1,584,18,217.89887002077447
1748,huggyllama/llama-7b,dummy-lora-7b-rank-128-2,361,41,217.90333914941772
1749,huggyllama/llama-7b,dummy-lora-7b-rank-128-1,562,24,218.065644075218
1750,huggyllama/llama-7b,dummy-lora-7b-rank-128-3,521,55,218.28496240638844
1751,huggyllama/llama-7b,dummy-lora-7b-rank-8-2,598,17,218.34668878893305
1752,huggyllama/llama-7b,dummy-lora-7b-rank-32-3,273,54,218.3544037703263
1753,huggyllama/llama-7b,dummy-lora-7b-rank-128-0,550,18,218.37503849928652
1754,huggyllama/llama-7b,dummy-lora-7b-rank-16-4,485,38,218.38900007101554
1755,huggyllama/llama-7b,dummy-lora-7b-rank-16-1,533,43,218.6836374835789
1756,huggyllama/llama-7b,dummy-lora-7b-rank-16-2,624,10,218.8980772146171
1757,huggyllama/llama-7b,dummy-lora-7b-rank-128-0,775,3,219.02038779510673
1758,huggyllama/llama-7b,dummy-lora-7b-rank-16-3,769,64,219.68424638888533
1759,huggyllama/llama-7b,dummy-lora-7b-rank-64-2,345,96,219.78067587038353
1760,huggyllama/llama-7b,dummy-lora-7b-rank-64-0,546,16,219.94110379630138
1761,huggyllama/llama-7b,dummy-lora-7b-rank-16-3,797,37,219.96457732539898
1762,huggyllama/llama-7b,dummy-lora-7b-rank-8-4,605,9,220.02991422141577
1763,huggyllama/llama-7b,dummy-lora-7b-rank-16-3,975,39,220.16645179659176
1764,huggyllama/llama-7b,dummy-lora-7b-rank-64-4,562,25,220.1669503977566
1765,huggyllama/llama-7b,dummy-lora-7b-rank-8-4,651,7,220.1682973289254
1766,huggyllama/llama-7b,dummy-lora-7b-rank-128-3,51,49,220.33478593492595
1767,huggyllama/llama-7b,dummy-lora-7b-rank-128-4,808,42,220.41848215728197
1768,huggyllama/llama-7b,dummy-lora-7b-rank-64-2,260,49,220.4502971068632
1769,huggyllama/llama-7b,dummy-lora-7b-rank-8-1,472,6,220.49013769936195
1770,huggyllama/llama-7b,dummy-lora-7b-rank-8-0,52,11,220.51246805187594
1771,huggyllama/llama-7b,dummy-lora-7b-rank-128-1,745,6,220.5787887419194
1772,huggyllama/llama-7b,dummy-lora-7b-rank-16-2,587,56,220.71838678697097
1773,huggyllama/llama-7b,dummy-lora-7b-rank-8-2,359,9,220.72397415208815
1774,huggyllama/llama-7b,dummy-lora-7b-rank-16-1,436,9,220.7799779618578
1775,huggyllama/llama-7b,dummy-lora-7b-rank-32-4,554,22,220.92596317634687
1776,huggyllama/llama-7b,dummy-lora-7b-rank-128-2,450,8,221.08105837284236
1777,huggyllama/llama-7b,dummy-lora-7b-rank-128-2,579,9,221.09252250949964
1778,huggyllama/llama-7b,dummy-lora-7b-rank-16-1,470,5,221.29229270861134
1779,huggyllama/llama-7b,dummy-lora-7b-rank-128-3,753,73,221.469920084808
1780,huggyllama/llama-7b,dummy-lora-7b-rank-64-2,733,81,221.50895867633503
1781,huggyllama/llama-7b,dummy-lora-7b-rank-8-0,676,50,221.6019910825862
1782,huggyllama/llama-7b,dummy-lora-7b-rank-8-1,368,48,221.7794034913523
1783,huggyllama/llama-7b,dummy-lora-7b-rank-16-2,639,28,221.8207786080182
1784,huggyllama/llama-7b,dummy-lora-7b-rank-64-1,564,17,221.88575224498547
1785,huggyllama/llama-7b,dummy-lora-7b-rank-16-3,556,21,222.14757637686512
1786,huggyllama/llama-7b,dummy-lora-7b-rank-8-1,554,20,222.26028703583944
1787,huggyllama/llama-7b,dummy-lora-7b-rank-16-0,627,43,222.54203775322742
1788,huggyllama/llama-7b,dummy-lora-7b-rank-64-3,241,50,222.6074039568456
1789,huggyllama/llama-7b,dummy-lora-7b-rank-32-1,600,49,222.88818961379323
1790,huggyllama/llama-7b,dummy-lora-7b-rank-16-2,596,24,223.17293615422625
1791,huggyllama/llama-7b,dummy-lora-7b-rank-64-0,171,61,223.34626218231762
1792,huggyllama/llama-7b,dummy-lora-7b-rank-64-0,562,15,223.35512761743743
1793,huggyllama/llama-7b,dummy-lora-7b-rank-64-0,703,3,223.3931874484644
1794,huggyllama/llama-7b,dummy-lora-7b-rank-8-1,556,13,223.54126368200136
1795,huggyllama/llama-7b,dummy-lora-7b-rank-32-3,477,47,223.55714650351487
1796,huggyllama/llama-7b,dummy-lora-7b-rank-64-3,527,142,223.6401179084445
1797,huggyllama/llama-7b,dummy-lora-7b-rank-8-2,473,53,223.7092173447934
1798,huggyllama/llama-7b,dummy-lora-7b-rank-128-2,569,6,224.03783138995178
1799,huggyllama/llama-7b,dummy-lora-7b-rank-8-1,478,10,224.0870403881971
1800,huggyllama/llama-7b,dummy-lora-7b-rank-64-0,413,128,224.1289587913528
1801,huggyllama/llama-7b,dummy-lora-7b-rank-128-0,723,70,224.20761538258768
1802,huggyllama/llama-7b,dummy-lora-7b-rank-16-1,629,20,224.2964074001688
1803,huggyllama/llama-7b,dummy-lora-7b-rank-16-2,352,13,224.35872808162628
1804,huggyllama/llama-7b,dummy-lora-7b-rank-128-2,851,17,224.37201993260194
1805,huggyllama/llama-7b,dummy-lora-7b-rank-8-3,550,7,224.3917475886444
1806,huggyllama/llama-7b,dummy-lora-7b-rank-64-2,550,10,224.60463631754587
1807,huggyllama/llama-7b,dummy-lora-7b-rank-16-4,188,113,224.62557291175958
1808,huggyllama/llama-7b,dummy-lora-7b-rank-32-0,609,24,224.6453623898743
1809,huggyllama/llama-7b,dummy-lora-7b-rank-64-0,558,11,224.66782211929555
1810,huggyllama/llama-7b,dummy-lora-7b-rank-16-2,797,47,224.75095018301482
1811,huggyllama/llama-7b,dummy-lora-7b-rank-64-4,586,36,224.88793134439507
1812,huggyllama/llama-7b,dummy-lora-7b-rank-128-2,1012,89,224.94751176961174
1813,huggyllama/llama-7b,dummy-lora-7b-rank-16-1,558,22,225.09229045323048
1814,huggyllama/llama-7b,dummy-lora-7b-rank-64-1,552,19,225.79216883494462
1815,huggyllama/llama-7b,dummy-lora-7b-rank-64-1,550,18,225.81957946349115
1816,huggyllama/llama-7b,dummy-lora-7b-rank-64-1,731,11,225.9451900051618
1817,huggyllama/llama-7b,dummy-lora-7b-rank-8-0,235,73,226.113887379338
1818,huggyllama/llama-7b,dummy-lora-7b-rank-16-4,454,54,226.26373813519035
1819,huggyllama/llama-7b,dummy-lora-7b-rank-8-3,422,18,226.33473953406903
1820,huggyllama/llama-7b,dummy-lora-7b-rank-16-1,604,8,226.36106084523166
1821,huggyllama/llama-7b,dummy-lora-7b-rank-16-0,684,34,226.41906087323986
1822,huggyllama/llama-7b,dummy-lora-7b-rank-32-2,629,30,226.4520878911423
1823,huggyllama/llama-7b,dummy-lora-7b-rank-16-1,609,66,226.53630264473546
1824,huggyllama/llama-7b,dummy-lora-7b-rank-8-3,940,217,226.53891275013757
1825,huggyllama/llama-7b,dummy-lora-7b-rank-64-0,270,65,226.63243489343128
1826,huggyllama/llama-7b,dummy-lora-7b-rank-8-3,170,130,226.91937313671042
1827,huggyllama/llama-7b,dummy-lora-7b-rank-32-4,214,52,227.090580026785
1828,huggyllama/llama-7b,dummy-lora-7b-rank-64-0,605,15,227.19415305163125
1829,huggyllama/llama-7b,dummy-lora-7b-rank-128-3,562,27,227.59560006023042
1830,huggyllama/llama-7b,dummy-lora-7b-rank-128-3,461,30,227.67908930853804
1831,huggyllama/llama-7b,dummy-lora-7b-rank-16-3,562,24,227.7508529160827
1832,huggyllama/llama-7b,dummy-lora-7b-rank-8-0,431,28,227.95667942927253
1833,huggyllama/llama-7b,dummy-lora-7b-rank-128-1,592,14,227.98215904470067
1834,huggyllama/llama-7b,dummy-lora-7b-rank-128-4,564,24,228.09074811219966
1835,huggyllama/llama-7b,dummy-lora-7b-rank-16-0,501,6,228.2455037057231
1836,huggyllama/llama-7b,dummy-lora-7b-rank-64-2,436,7,228.619329290766
1837,huggyllama/llama-7b,dummy-lora-7b-rank-32-0,599,17,228.86586708926544
1838,huggyllama/llama-7b,dummy-lora-7b-rank-16-1,221,45,228.9432865817548
1839,huggyllama/llama-7b,dummy-lora-7b-rank-64-4,558,24,229.10065332076277
1840,huggyllama/llama-7b,dummy-lora-7b-rank-16-2,433,10,229.21423814180702
1841,huggyllama/llama-7b,dummy-lora-7b-rank-32-2,352,40,229.2281195447728
1842,huggyllama/llama-7b,dummy-lora-7b-rank-8-3,203,35,229.31217308619424
1843,huggyllama/llama-7b,dummy-lora-7b-rank-16-2,568,28,229.32929560391952
1844,huggyllama/llama-7b,dummy-lora-7b-rank-64-1,603,19,229.33712444752982
1845,huggyllama/llama-7b,dummy-lora-7b-rank-64-2,558,14,229.4174912496579
1846,huggyllama/llama-7b,dummy-lora-7b-rank-64-3,685,42,229.4271665619096
1847,huggyllama/llama-7b,dummy-lora-7b-rank-128-3,441,46,229.71021349014106
1848,huggyllama/llama-7b,dummy-lora-7b-rank-128-4,607,19,229.8632192228104
1849,huggyllama/llama-7b,dummy-lora-7b-rank-8-2,472,11,229.9284178789055
1850,huggyllama/llama-7b,dummy-lora-7b-rank-32-0,1006,47,229.98230149489882
1851,huggyllama/llama-7b,dummy-lora-7b-rank-8-1,554,12,230.01899012700957
1852,huggyllama/llama-7b,dummy-lora-7b-rank-8-2,727,37,230.0192075219821
1853,huggyllama/llama-7b,dummy-lora-7b-rank-16-3,339,115,230.02084449896768
1854,huggyllama/llama-7b,dummy-lora-7b-rank-8-0,603,19,230.1889833232917
1855,huggyllama/llama-7b,dummy-lora-7b-rank-8-4,158,46,230.25459848385492
1856,huggyllama/llama-7b,dummy-lora-7b-rank-8-3,791,8,230.30908581882807
1857,huggyllama/llama-7b,dummy-lora-7b-rank-64-4,627,11,230.36759724710944
1858,huggyllama/llama-7b,dummy-lora-7b-rank-128-0,439,42,230.4764588322457
1859,huggyllama/llama-7b,dummy-lora-7b-rank-16-0,778,141,230.49883656669076
1860,huggyllama/llama-7b,dummy-lora-7b-rank-16-1,388,45,230.6405634801634
1861,huggyllama/llama-7b,dummy-lora-7b-rank-64-2,556,11,230.81248074769607
1862,huggyllama/llama-7b,dummy-lora-7b-rank-32-0,568,19,231.09017907061397
1863,huggyllama/llama-7b,dummy-lora-7b-rank-16-4,375,46,231.4608320664264
1864,huggyllama/llama-7b,dummy-lora-7b-rank-128-4,607,24,231.4790753516479
1865,huggyllama/llama-7b,dummy-lora-7b-rank-16-2,692,68,231.5688910410726
1866,huggyllama/llama-7b,dummy-lora-7b-rank-16-0,313,87,231.76996739676767
1867,huggyllama/llama-7b,dummy-lora-7b-rank-32-3,77,55,231.82341827441815
1868,huggyllama/llama-7b,dummy-lora-7b-rank-8-2,750,12,231.85584975985512
1869,huggyllama/llama-7b,dummy-lora-7b-rank-16-3,552,19,232.13305555413845
1870,huggyllama/llama-7b,dummy-lora-7b-rank-64-0,670,10,232.20229693571304
1871,huggyllama/llama-7b,dummy-lora-7b-rank-64-2,180,42,232.22251454863374
1872,huggyllama/llama-7b,dummy-lora-7b-rank-8-0,507,72,232.33286333729362
1873,huggyllama/llama-7b,dummy-lora-7b-rank-64-4,326,123,232.43852665594812
1874,huggyllama/llama-7b,dummy-lora-7b-rank-64-3,327,49,232.52237341401113
1875,huggyllama/llama-7b,dummy-lora-7b-rank-64-4,470,5,232.56827305948235
1876,huggyllama/llama-7b,dummy-lora-7b-rank-64-1,595,3,232.8498404900613
1877,huggyllama/llama-7b,dummy-lora-7b-rank-128-0,556,24,232.9991677860228
1878,huggyllama/llama-7b,dummy-lora-7b-rank-64-3,606,32,233.02653360130995
1879,huggyllama/llama-7b,dummy-lora-7b-rank-8-4,572,16,233.3129359469756
1880,huggyllama/llama-7b,dummy-lora-7b-rank-64-1,552,24,233.40244256481338
1881,huggyllama/llama-7b,dummy-lora-7b-rank-16-0,660,8,233.51456426052852
1882,huggyllama/llama-7b,dummy-lora-7b-rank-128-1,701,26,233.53858855580597
1883,huggyllama/llama-7b,dummy-lora-7b-rank-128-1,253,46,233.7485946881261
1884,huggyllama/llama-7b,dummy-lora-7b-rank-8-2,577,23,233.78589719516546
1885,huggyllama/llama-7b,dummy-lora-7b-rank-32-1,175,75,233.88663837498373
1886,huggyllama/llama-7b,dummy-lora-7b-rank-16-0,455,11,233.89378539747347
1887,huggyllama/llama-7b,dummy-lora-7b-rank-128-3,106,38,234.02251528998315
1888,huggyllama/llama-7b,dummy-lora-7b-rank-8-2,574,33,234.08374625245227
1889,huggyllama/llama-7b,dummy-lora-7b-rank-128-3,628,27,234.15442501620154
1890,huggyllama/llama-7b,dummy-lora-7b-rank-128-4,550,18,234.15969599361918
1891,huggyllama/llama-7b,dummy-lora-7b-rank-8-2,523,78,234.22099525400455
1892,huggyllama/llama-7b,dummy-lora-7b-rank-128-0,601,19,234.38919389584512
1893,huggyllama/llama-7b,dummy-lora-7b-rank-64-0,88,37,234.6076152047983
1894,huggyllama/llama-7b,dummy-lora-7b-rank-32-4,290,50,234.78890022208395
1895,huggyllama/llama-7b,dummy-lora-7b-rank-8-4,573,22,234.79193070747058
1896,huggyllama/llama-7b,dummy-lora-7b-rank-16-3,560,23,235.0128481635726
1897,huggyllama/llama-7b,dummy-lora-7b-rank-8-2,611,8,235.04759199205895
1898,huggyllama/llama-7b,dummy-lora-7b-rank-128-2,608,31,235.4666452644421
1899,huggyllama/llama-7b,dummy-lora-7b-rank-8-4,787,38,235.81867662226733
1900,huggyllama/llama-7b,dummy-lora-7b-rank-128-3,552,19,235.87699700718812
1901,huggyllama/llama-7b,dummy-lora-7b-rank-8-1,357,11,235.91820112572594
1902,huggyllama/llama-7b,dummy-lora-7b-rank-16-3,842,206,236.17049383024153
1903,huggyllama/llama-7b,dummy-lora-7b-rank-32-0,620,22,236.20200942598615
1904,huggyllama/llama-7b,dummy-lora-7b-rank-128-2,444,48,236.453662739207
1905,huggyllama/llama-7b,dummy-lora-7b-rank-32-1,834,3,236.49355590031033
1906,huggyllama/llama-7b,dummy-lora-7b-rank-64-0,625,27,236.53778604905708
1907,huggyllama/llama-7b,dummy-lora-7b-rank-32-0,449,12,236.6114574851394
1908,huggyllama/llama-7b,dummy-lora-7b-rank-16-0,430,50,236.62770770943658
1909,huggyllama/llama-7b,dummy-lora-7b-rank-16-3,473,11,236.72516061591045
1910,huggyllama/llama-7b,dummy-lora-7b-rank-8-4,466,40,236.72626729819865
1911,huggyllama/llama-7b,dummy-lora-7b-rank-32-1,731,12,236.77583426684362
1912,huggyllama/llama-7b,dummy-lora-7b-rank-8-2,820,21,236.78624579049782
1913,huggyllama/llama-7b,dummy-lora-7b-rank-8-3,240,50,236.814429067361
1914,huggyllama/llama-7b,dummy-lora-7b-rank-128-4,594,9,236.8149594111189
1915,huggyllama/llama-7b,dummy-lora-7b-rank-8-2,154,96,237.03444851710375
1916,huggyllama/llama-7b,dummy-lora-7b-rank-16-3,621,13,237.16547493344052
1917,huggyllama/llama-7b,dummy-lora-7b-rank-64-3,840,43,237.2180715705707
1918,huggyllama/llama-7b,dummy-lora-7b-rank-8-2,556,23,237.25461036017634
1919,huggyllama/llama-7b,dummy-lora-7b-rank-16-3,485,31,237.2869897111203
1920,huggyllama/llama-7b,dummy-lora-7b-rank-64-4,411,44,237.44292327711455
1921,huggyllama/llama-7b,dummy-lora-7b-rank-64-2,322,44,237.82709797942258
1922,huggyllama/llama-7b,dummy-lora-7b-rank-32-3,353,9,237.8500881456866
1923,huggyllama/llama-7b,dummy-lora-7b-rank-64-4,493,7,237.9227186644137
1924,huggyllama/llama-7b,dummy-lora-7b-rank-128-4,548,16,237.94029337561295
1925,huggyllama/llama-7b,dummy-lora-7b-rank-128-1,656,34,237.9415971840115
1926,huggyllama/llama-7b,dummy-lora-7b-rank-128-4,293,46,237.98687161636911
1927,huggyllama/llama-7b,dummy-lora-7b-rank-32-0,683,62,238.03931691544128
1928,huggyllama/llama-7b,dummy-lora-7b-rank-64-1,548,17,238.22440991135605
1929,huggyllama/llama-7b,dummy-lora-7b-rank-64-3,623,28,238.30642463869356
1930,huggyllama/llama-7b,dummy-lora-7b-rank-64-4,550,20,238.67634883674756
1931,huggyllama/llama-7b,dummy-lora-7b-rank-8-2,304,45,238.95639101464528
1932,huggyllama/llama-7b,dummy-lora-7b-rank-64-4,550,8,239.22765739386543
1933,huggyllama/llama-7b,dummy-lora-7b-rank-64-4,552,19,239.33132967685498
1934,huggyllama/llama-7b,dummy-lora-7b-rank-16-4,955,40,239.45741434909021
1935,huggyllama/llama-7b,dummy-lora-7b-rank-8-2,469,163,239.47018732089458
1936,huggyllama/llama-7b,dummy-lora-7b-rank-128-0,572,32,240.01813491286234
1937,huggyllama/llama-7b,dummy-lora-7b-rank-16-3,498,39,240.18333690624235
1938,huggyllama/llama-7b,dummy-lora-7b-rank-8-3,661,96,240.3119187647289
1939,huggyllama/llama-7b,dummy-lora-7b-rank-64-2,538,14,240.49639970629477
1940,huggyllama/llama-7b,dummy-lora-7b-rank-8-2,649,105,240.61824273060952
1941,huggyllama/llama-7b,dummy-lora-7b-rank-128-2,548,17,240.69327425769984
1942,huggyllama/llama-7b,dummy-lora-7b-rank-128-2,550,18,241.23557110873045
1943,huggyllama/llama-7b,dummy-lora-7b-rank-8-1,457,19,241.29945886509148
1944,huggyllama/llama-7b,dummy-lora-7b-rank-16-4,281,42,241.37063154757507
1945,huggyllama/llama-7b,dummy-lora-7b-rank-32-1,711,36,241.45107831151964
1946,huggyllama/llama-7b,dummy-lora-7b-rank-128-0,343,44,241.81542376718298
1947,huggyllama/llama-7b,dummy-lora-7b-rank-128-0,347,11,241.92209474655294
1948,huggyllama/llama-7b,dummy-lora-7b-rank-128-4,162,57,242.06756195496766
1949,huggyllama/llama-7b,dummy-lora-7b-rank-128-2,764,77,242.18375620619443
1950,huggyllama/llama-7b,dummy-lora-7b-rank-16-0,515,14,242.1869285195873
1951,huggyllama/llama-7b,dummy-lora-7b-rank-32-2,543,89,242.200688490221
1952,huggyllama/llama-7b,dummy-lora-7b-rank-32-0,93,68,242.5795880274348
1953,huggyllama/llama-7b,dummy-lora-7b-rank-16-1,908,25,242.61899427490633
1954,huggyllama/llama-7b,dummy-lora-7b-rank-128-1,237,42,242.64252250713292
1955,huggyllama/llama-7b,dummy-lora-7b-rank-16-3,607,3,242.88233531191258
1956,huggyllama/llama-7b,dummy-lora-7b-rank-128-0,354,89,242.9252299490799
1957,huggyllama/llama-7b,dummy-lora-7b-rank-32-1,976,38,242.97528015145917
1958,huggyllama/llama-7b,dummy-lora-7b-rank-128-0,360,86,243.00518415335603
1959,huggyllama/llama-7b,dummy-lora-7b-rank-16-2,292,34,243.07622726809456
1960,huggyllama/llama-7b,dummy-lora-7b-rank-32-2,913,34,243.4197136462176
1961,huggyllama/llama-7b,dummy-lora-7b-rank-128-4,426,36,243.59433333618526
1962,huggyllama/llama-7b,dummy-lora-7b-rank-64-2,741,47,243.7039656323656
1963,huggyllama/llama-7b,dummy-lora-7b-rank-64-2,459,11,243.77364359475797
1964,huggyllama/llama-7b,dummy-lora-7b-rank-32-3,41,48,243.88708953773525
1965,huggyllama/llama-7b,dummy-lora-7b-rank-16-4,804,81,243.96516761247295
1966,huggyllama/llama-7b,dummy-lora-7b-rank-32-2,979,18,244.00898202238054
1967,huggyllama/llama-7b,dummy-lora-7b-rank-8-2,393,50,244.06560082910656
1968,huggyllama/llama-7b,dummy-lora-7b-rank-128-3,550,9,244.27214009247197
1969,huggyllama/llama-7b,dummy-lora-7b-rank-8-2,565,25,244.37189935938116
1970,huggyllama/llama-7b,dummy-lora-7b-rank-16-2,562,24,244.39919295902786
1971,huggyllama/llama-7b,dummy-lora-7b-rank-32-3,261,7,244.44793453151996
1972,huggyllama/llama-7b,dummy-lora-7b-rank-16-2,594,24,244.56251773869687
1973,huggyllama/llama-7b,dummy-lora-7b-rank-8-4,367,50,245.0820544633379
1974,huggyllama/llama-7b,dummy-lora-7b-rank-32-3,313,56,245.13197558762988
1975,huggyllama/llama-7b,dummy-lora-7b-rank-64-0,334,38,245.1893950066056
1976,huggyllama/llama-7b,dummy-lora-7b-rank-128-3,753,53,245.37138114344617
1977,huggyllama/llama-7b,dummy-lora-7b-rank-32-4,624,42,245.3955278682635
1978,huggyllama/llama-7b,dummy-lora-7b-rank-16-4,242,49,245.46215527515918
1979,huggyllama/llama-7b,dummy-lora-7b-rank-128-4,133,116,245.5284545285376
1980,huggyllama/llama-7b,dummy-lora-7b-rank-8-4,985,11,245.77879169280254
1981,huggyllama/llama-7b,dummy-lora-7b-rank-128-2,591,20,245.90621418934973
1982,huggyllama/llama-7b,dummy-lora-7b-rank-8-3,566,8,245.94138505366396
1983,huggyllama/llama-7b,dummy-lora-7b-rank-32-2,558,20,245.95141151910906
1984,huggyllama/llama-7b,dummy-lora-7b-rank-8-3,556,6,246.0084126805075
1985,huggyllama/llama-7b,dummy-lora-7b-rank-128-1,552,11,246.05029399217742
1986,huggyllama/llama-7b,dummy-lora-7b-rank-16-1,388,143,246.14354644118401
1987,huggyllama/llama-7b,dummy-lora-7b-rank-8-1,690,38,246.2493087662348
1988,huggyllama/llama-7b,dummy-lora-7b-rank-16-2,546,16,246.318008005654
1989,huggyllama/llama-7b,dummy-lora-7b-rank-128-2,605,30,246.35401281937956
1990,huggyllama/llama-7b,dummy-lora-7b-rank-64-3,471,46,246.45471530295623
1991,huggyllama/llama-7b,dummy-lora-7b-rank-128-0,190,6,246.4754462439526
1992,huggyllama/llama-7b,dummy-lora-7b-rank-64-1,350,10,246.60347523815147
1993,huggyllama/llama-7b,dummy-lora-7b-rank-128-0,327,112,246.64244401848427
1994,huggyllama/llama-7b,dummy-lora-7b-rank-8-2,586,35,246.97737912128625
1995,huggyllama/llama-7b,dummy-lora-7b-rank-32-3,878,7,246.97910761140238
1996,huggyllama/llama-7b,dummy-lora-7b-rank-128-3,516,38,247.13380256962319
1997,huggyllama/llama-7b,dummy-lora-7b-rank-32-4,451,7,247.2156631717094
1998,huggyllama/llama-7b,dummy-lora-7b-rank-128-0,606,48,247.22244694508615
1999,huggyllama/llama-7b,dummy-lora-7b-rank-16-3,609,8,247.2723750633503
2000,huggyllama/llama-7b,dummy-lora-7b-rank-64-1,298,48,247.65918373667583
2001,huggyllama/llama-7b,dummy-lora-7b-rank-128-2,438,11,247.67275156139607
2002,huggyllama/llama-7b,dummy-lora-7b-rank-32-3,252,41,247.82037498147528
2003,huggyllama/llama-7b,dummy-lora-7b-rank-128-3,151,90,247.89704427628305
2004,huggyllama/llama-7b,dummy-lora-7b-rank-16-3,558,24,247.91125961621734
2005,huggyllama/llama-7b,dummy-lora-7b-rank-64-2,226,88,247.98801405284442
2006,huggyllama/llama-7b,dummy-lora-7b-rank-32-4,548,17,247.99876402999257
2007,huggyllama/llama-7b,dummy-lora-7b-rank-128-3,584,33,248.19357323194077
2008,huggyllama/llama-7b,dummy-lora-7b-rank-16-1,606,29,248.44528925941475
2009,huggyllama/llama-7b,dummy-lora-7b-rank-128-4,282,11,248.5338134024612
2010,huggyllama/llama-7b,dummy-lora-7b-rank-32-4,703,43,248.60520613551222
2011,huggyllama/llama-7b,dummy-lora-7b-rank-16-0,556,3,248.61193787587968
2012,huggyllama/llama-7b,dummy-lora-7b-rank-32-1,485,53,248.79037734496956
2013,huggyllama/llama-7b,dummy-lora-7b-rank-8-1,144,110,248.94075832493272
2014,huggyllama/llama-7b,dummy-lora-7b-rank-128-4,823,33,249.32858037565245
2015,huggyllama/llama-7b,dummy-lora-7b-rank-64-0,330,147,249.3580523356638
2016,huggyllama/llama-7b,dummy-lora-7b-rank-8-4,336,5,249.4598360579934
2017,huggyllama/llama-7b,dummy-lora-7b-rank-8-3,552,10,249.46616161122702
2018,huggyllama/llama-7b,dummy-lora-7b-rank-64-0,116,44,249.72580535403557
2019,huggyllama/llama-7b,dummy-lora-7b-rank-8-2,902,15,249.81771402182298
2020,huggyllama/llama-7b,dummy-lora-7b-rank-128-3,885,17,250.06069694383973
2021,huggyllama/llama-7b,dummy-lora-7b-rank-8-2,396,7,250.14442751725466
2022,huggyllama/llama-7b,dummy-lora-7b-rank-32-2,554,20,250.17290608490464
2023,huggyllama/llama-7b,dummy-lora-7b-rank-32-1,538,9,250.18040246578389
2024,huggyllama/llama-7b,dummy-lora-7b-rank-16-3,546,16,250.47274539581556
2025,huggyllama/llama-7b,dummy-lora-7b-rank-8-0,614,20,250.49244599002125
2026,huggyllama/llama-7b,dummy-lora-7b-rank-8-0,463,44,250.51822993324916
2027,huggyllama/llama-7b,dummy-lora-7b-rank-128-3,562,24,250.52036830821146
2028,huggyllama/llama-7b,dummy-lora-7b-rank-32-1,993,31,250.83018206300702
2029,huggyllama/llama-7b,dummy-lora-7b-rank-8-4,326,46,251.0895200547943
2030,huggyllama/llama-7b,dummy-lora-7b-rank-16-1,554,20,251.1115126940688
2031,huggyllama/llama-7b,dummy-lora-7b-rank-128-0,834,70,251.2060109809255
2032,huggyllama/llama-7b,dummy-lora-7b-rank-16-0,750,43,251.43972353184319
2033,huggyllama/llama-7b,dummy-lora-7b-rank-32-4,374,4,251.5636968096887
2034,huggyllama/llama-7b,dummy-lora-7b-rank-64-1,214,154,251.90506756590318
2035,huggyllama/llama-7b,dummy-lora-7b-rank-16-3,566,29,252.25415481494295
2036,huggyllama/llama-7b,dummy-lora-7b-rank-32-4,522,70,252.41193181630675
2037,huggyllama/llama-7b,dummy-lora-7b-rank-8-4,732,29,252.50644409069577
2038,huggyllama/llama-7b,dummy-lora-7b-rank-8-2,562,16,252.92809060005007
2039,huggyllama/llama-7b,dummy-lora-7b-rank-128-4,163,37,253.10835146034412
2040,huggyllama/llama-7b,dummy-lora-7b-rank-32-4,651,51,253.12488624078225
2041,huggyllama/llama-7b,dummy-lora-7b-rank-32-2,250,38,253.28953683748753
2042,huggyllama/llama-7b,dummy-lora-7b-rank-8-3,578,35,253.5416088379282
2043,huggyllama/llama-7b,dummy-lora-7b-rank-128-3,550,18,253.54411169529706
2044,huggyllama/llama-7b,dummy-lora-7b-rank-16-2,611,23,253.7655745623378
2045,huggyllama/llama-7b,dummy-lora-7b-rank-32-2,649,12,253.88317724135325
2046,huggyllama/llama-7b,dummy-lora-7b-rank-64-3,550,20,254.3720488531645
2047,huggyllama/llama-7b,dummy-lora-7b-rank-64-0,1013,47,254.53283001688436
2048,huggyllama/llama-7b,dummy-lora-7b-rank-8-3,693,8,254.58614121440786
2049,huggyllama/llama-7b,dummy-lora-7b-rank-128-4,588,12,254.71994952593232
2050,huggyllama/llama-7b,dummy-lora-7b-rank-128-1,461,47,254.79947201484848
2051,huggyllama/llama-7b,dummy-lora-7b-rank-64-2,315,38,255.14065592434736
2052,huggyllama/llama-7b,dummy-lora-7b-rank-8-3,204,3,255.41753135083417
2053,huggyllama/llama-7b,dummy-lora-7b-rank-128-1,511,47,255.4359020389344
2054,huggyllama/llama-7b,dummy-lora-7b-rank-16-4,235,41,255.60191167232256
2055,huggyllama/llama-7b,dummy-lora-7b-rank-32-0,621,28,255.604524095555
2056,huggyllama/llama-7b,dummy-lora-7b-rank-8-0,245,59,255.83036659967047
2057,huggyllama/llama-7b,dummy-lora-7b-rank-128-4,351,46,255.92206049289894
2058,huggyllama/llama-7b,dummy-lora-7b-rank-32-0,574,27,256.00705111734675
2059,huggyllama/llama-7b,dummy-lora-7b-rank-32-1,550,19,256.1393588297835
2060,huggyllama/llama-7b,dummy-lora-7b-rank-16-3,431,41,256.32928595838837
2061,huggyllama/llama-7b,dummy-lora-7b-rank-128-2,292,52,256.3665536895766
2062,huggyllama/llama-7b,dummy-lora-7b-rank-128-4,546,16,256.4149280163677
2063,huggyllama/llama-7b,dummy-lora-7b-rank-128-3,555,20,256.43360288382314
2064,huggyllama/llama-7b,dummy-lora-7b-rank-8-1,562,26,256.4432672745845
2065,huggyllama/llama-7b,dummy-lora-7b-rank-32-2,293,61,256.45664485139923
2066,huggyllama/llama-7b,dummy-lora-7b-rank-8-0,752,10,256.7032558252796
2067,huggyllama/llama-7b,dummy-lora-7b-rank-64-4,224,49,256.84465188364356
2068,huggyllama/llama-7b,dummy-lora-7b-rank-32-3,588,19,257.08919157182277
2069,huggyllama/llama-7b,dummy-lora-7b-rank-32-4,121,38,257.1188608415875
2070,huggyllama/llama-7b,dummy-lora-7b-rank-128-4,55,97,257.23606125949163
2071,huggyllama/llama-7b,dummy-lora-7b-rank-64-3,387,10,257.4396438009492
2072,huggyllama/llama-7b,dummy-lora-7b-rank-8-2,723,40,257.62565106747894
2073,huggyllama/llama-7b,dummy-lora-7b-rank-128-1,702,42,257.63793606280336
2074,huggyllama/llama-7b,dummy-lora-7b-rank-8-0,203,49,257.7049977912388
2075,huggyllama/llama-7b,dummy-lora-7b-rank-32-0,56,58,257.9535884283958
2076,huggyllama/llama-7b,dummy-lora-7b-rank-128-2,363,50,258.1896381917054
2077,huggyllama/llama-7b,dummy-lora-7b-rank-32-3,188,114,258.3647462396759
2078,huggyllama/llama-7b,dummy-lora-7b-rank-64-3,335,56,258.3649446534722
2079,huggyllama/llama-7b,dummy-lora-7b-rank-128-3,740,59,258.39597153617547
2080,huggyllama/llama-7b,dummy-lora-7b-rank-128-1,682,61,258.57432966401194
2081,huggyllama/llama-7b,dummy-lora-7b-rank-16-3,367,133,258.6720886273863
2082,huggyllama/llama-7b,dummy-lora-7b-rank-16-3,647,44,259.3525874433321
2083,huggyllama/llama-7b,dummy-lora-7b-rank-16-1,599,18,259.48752389040527
2084,huggyllama/llama-7b,dummy-lora-7b-rank-16-1,196,139,259.5598974340898
2085,huggyllama/llama-7b,dummy-lora-7b-rank-8-4,574,30,259.75288193193825
2086,huggyllama/llama-7b,dummy-lora-7b-rank-8-4,509,61,259.846494943195
2087,huggyllama/llama-7b,dummy-lora-7b-rank-8-0,398,59,260.10756610448925
2088,huggyllama/llama-7b,dummy-lora-7b-rank-16-0,616,75,260.51739188283096
2089,huggyllama/llama-7b,dummy-lora-7b-rank-64-2,560,22,260.5607143894793
2090,huggyllama/llama-7b,dummy-lora-7b-rank-16-3,562,13,260.6230285332044
2091,huggyllama/llama-7b,dummy-lora-7b-rank-16-3,609,24,260.9346838085648
2092,huggyllama/llama-7b,dummy-lora-7b-rank-32-4,444,7,261.0065751004937
2093,huggyllama/llama-7b,dummy-lora-7b-rank-32-1,275,189,261.0874199305987
2094,huggyllama/llama-7b,dummy-lora-7b-rank-16-4,568,29,261.12231043837585
2095,huggyllama/llama-7b,dummy-lora-7b-rank-8-4,597,210,261.248269665379
2096,huggyllama/llama-7b,dummy-lora-7b-rank-32-3,795,8,261.25390372620774
2097,huggyllama/llama-7b,dummy-lora-7b-rank-128-0,612,41,261.2654719632102
2098,huggyllama/llama-7b,dummy-lora-7b-rank-128-1,607,8,261.4760713358324
2099,huggyllama/llama-7b,dummy-lora-7b-rank-128-0,307,45,261.52274173553855
2100,huggyllama/llama-7b,dummy-lora-7b-rank-64-2,178,90,261.5701026839837
2101,huggyllama/llama-7b,dummy-lora-7b-rank-8-4,677,15,261.58115371192923
2102,huggyllama/llama-7b,dummy-lora-7b-rank-128-0,476,11,261.6154427497994
2103,huggyllama/llama-7b,dummy-lora-7b-rank-64-4,200,45,261.7672462249312
2104,huggyllama/llama-7b,dummy-lora-7b-rank-128-4,663,87,261.8850226014997
2105,huggyllama/llama-7b,dummy-lora-7b-rank-64-4,561,22,262.7180917232464
2106,huggyllama/llama-7b,dummy-lora-7b-rank-8-1,239,41,262.8469267973511
2107,huggyllama/llama-7b,dummy-lora-7b-rank-8-0,573,4,263.1280648924698
2108,huggyllama/llama-7b,dummy-lora-7b-rank-128-3,603,19,263.2691915149461
2109,huggyllama/llama-7b,dummy-lora-7b-rank-8-1,467,15,263.4800239188524
2110,huggyllama/llama-7b,dummy-lora-7b-rank-32-0,348,41,263.4969081858586
2111,huggyllama/llama-7b,dummy-lora-7b-rank-32-4,468,48,263.8484504315716
2112,huggyllama/llama-7b,dummy-lora-7b-rank-64-0,107,44,263.9086430859444
2113,huggyllama/llama-7b,dummy-lora-7b-rank-64-0,120,49,263.96765228474453
2114,huggyllama/llama-7b,dummy-lora-7b-rank-64-2,58,57,264.49931601252604
2115,huggyllama/llama-7b,dummy-lora-7b-rank-128-2,129,52,264.5424868452163
2116,huggyllama/llama-7b,dummy-lora-7b-rank-64-4,350,81,264.56903962772054
2117,huggyllama/llama-7b,dummy-lora-7b-rank-128-2,389,9,264.60574774141514
2118,huggyllama/llama-7b,dummy-lora-7b-rank-8-4,297,67,264.60852564585406
2119,huggyllama/llama-7b,dummy-lora-7b-rank-8-1,558,25,264.6346159659582
2120,huggyllama/llama-7b,dummy-lora-7b-rank-64-1,554,20,265.0923750913026
2121,huggyllama/llama-7b,dummy-lora-7b-rank-64-0,255,48,265.26691759469225
2122,huggyllama/llama-7b,dummy-lora-7b-rank-8-1,232,48,265.3130945414766
2123,huggyllama/llama-7b,dummy-lora-7b-rank-16-2,439,11,265.38654609320247
2124,huggyllama/llama-7b,dummy-lora-7b-rank-64-1,113,43,265.92233475910456
2125,huggyllama/llama-7b,dummy-lora-7b-rank-8-1,564,27,265.9543633994847
2126,huggyllama/llama-7b,dummy-lora-7b-rank-16-3,105,45,265.97002588489556
2127,huggyllama/llama-7b,dummy-lora-7b-rank-32-3,296,13,266.0109217058838
2128,huggyllama/llama-7b,dummy-lora-7b-rank-32-3,213,53,266.2192635808592
2129,huggyllama/llama-7b,dummy-lora-7b-rank-128-0,842,68,266.2976760695931
2130,huggyllama/llama-7b,dummy-lora-7b-rank-32-4,560,25,266.5625667952037
2131,huggyllama/llama-7b,dummy-lora-7b-rank-64-3,559,11,266.58276575249874
2132,huggyllama/llama-7b,dummy-lora-7b-rank-8-3,350,50,266.60013308813313
2133,huggyllama/llama-7b,dummy-lora-7b-rank-128-4,448,48,266.728435143365
2134,huggyllama/llama-7b,dummy-lora-7b-rank-32-1,943,45,266.82155112337045
2135,huggyllama/llama-7b,dummy-lora-7b-rank-128-0,586,11,266.9499707834171
2136,huggyllama/llama-7b,dummy-lora-7b-rank-128-0,503,7,266.9895191711045
2137,huggyllama/llama-7b,dummy-lora-7b-rank-64-4,551,11,267.0869763584643
2138,huggyllama/llama-7b,dummy-lora-7b-rank-128-3,292,10,267.1194635896496
2139,huggyllama/llama-7b,dummy-lora-7b-rank-32-0,554,20,267.1531676606546
2140,huggyllama/llama-7b,dummy-lora-7b-rank-64-1,900,76,267.2786073893626
2141,huggyllama/llama-7b,dummy-lora-7b-rank-16-0,593,60,267.36479509971673
2142,huggyllama/llama-7b,dummy-lora-7b-rank-8-2,229,183,267.697129068879
2143,huggyllama/llama-7b,dummy-lora-7b-rank-32-1,572,25,267.7321983023505
2144,huggyllama/llama-7b,dummy-lora-7b-rank-128-1,730,18,267.8658500052608
2145,huggyllama/llama-7b,dummy-lora-7b-rank-16-1,590,22,267.87661973093367
2146,huggyllama/llama-7b,dummy-lora-7b-rank-64-3,456,60,268.01003165733266
2147,huggyllama/llama-7b,dummy-lora-7b-rank-128-0,574,25,268.14159559253756
2148,huggyllama/llama-7b,dummy-lora-7b-rank-16-1,814,36,268.22708635473356
2149,huggyllama/llama-7b,dummy-lora-7b-rank-8-3,360,52,268.28652605086677
2150,huggyllama/llama-7b,dummy-lora-7b-rank-8-1,110,60,268.37110760187596
2151,huggyllama/llama-7b,dummy-lora-7b-rank-16-0,792,93,268.41493405274747
2152,huggyllama/llama-7b,dummy-lora-7b-rank-64-0,239,4,268.62421743482287
2153,huggyllama/llama-7b,dummy-lora-7b-rank-128-3,554,22,268.92630838084665
2154,huggyllama/llama-7b,dummy-lora-7b-rank-8-2,211,57,269.07040545509705
2155,huggyllama/llama-7b,dummy-lora-7b-rank-128-1,646,136,269.27918674552456
2156,huggyllama/llama-7b,dummy-lora-7b-rank-128-4,982,8,269.52491609127696
2157,huggyllama/llama-7b,dummy-lora-7b-rank-64-3,300,8,269.5337361898121
2158,huggyllama/llama-7b,dummy-lora-7b-rank-16-3,613,21,269.62703233012405
2159,huggyllama/llama-7b,dummy-lora-7b-rank-16-3,318,5,269.86546910431264
2160,huggyllama/llama-7b,dummy-lora-7b-rank-64-3,314,50,269.90768953411583
2161,huggyllama/llama-7b,dummy-lora-7b-rank-32-4,644,51,270.0382417290133
2162,huggyllama/llama-7b,dummy-lora-7b-rank-8-0,521,48,270.37803739702207
2163,huggyllama/llama-7b,dummy-lora-7b-rank-32-2,556,18,270.4189968434104
2164,huggyllama/llama-7b,dummy-lora-7b-rank-128-0,373,40,270.82658727016957
2165,huggyllama/llama-7b,dummy-lora-7b-rank-16-0,617,26,270.862093536175
2166,huggyllama/llama-7b,dummy-lora-7b-rank-64-3,435,6,270.8672844853735
2167,huggyllama/llama-7b,dummy-lora-7b-rank-32-2,558,22,270.9108708850149
2168,huggyllama/llama-7b,dummy-lora-7b-rank-16-3,292,88,271.0994005885082
2169,huggyllama/llama-7b,dummy-lora-7b-rank-8-1,410,11,271.2120044659687
2170,huggyllama/llama-7b,dummy-lora-7b-rank-8-3,560,15,271.2648162609218
2171,huggyllama/llama-7b,dummy-lora-7b-rank-8-3,431,53,271.29300857723445
2172,huggyllama/llama-7b,dummy-lora-7b-rank-32-2,556,21,271.29772872638426
2173,huggyllama/llama-7b,dummy-lora-7b-rank-32-4,637,39,271.35867481634654
2174,huggyllama/llama-7b,dummy-lora-7b-rank-128-2,570,28,271.3731626597311
2175,huggyllama/llama-7b,dummy-lora-7b-rank-16-3,691,8,271.40097989022587
2176,huggyllama/llama-7b,dummy-lora-7b-rank-8-1,190,99,271.74797668013633
2177,huggyllama/llama-7b,dummy-lora-7b-rank-128-3,188,7,271.8111213303134
2178,huggyllama/llama-7b,dummy-lora-7b-rank-16-4,56,53,271.8574678853592
2179,huggyllama/llama-7b,dummy-lora-7b-rank-128-4,590,39,271.9327156890752
2180,huggyllama/llama-7b,dummy-lora-7b-rank-8-3,184,41,272.2749557780158
2181,huggyllama/llama-7b,dummy-lora-7b-rank-8-3,613,21,272.4694858663418
2182,huggyllama/llama-7b,dummy-lora-7b-rank-128-1,648,24,272.5538932808079
2183,huggyllama/llama-7b,dummy-lora-7b-rank-16-4,556,23,273.0664561698672
2184,huggyllama/llama-7b,dummy-lora-7b-rank-128-1,599,16,273.2405420555852
2185,huggyllama/llama-7b,dummy-lora-7b-rank-16-2,411,95,273.27702931762474
2186,huggyllama/llama-7b,dummy-lora-7b-rank-16-1,374,50,273.3883249309662
2187,huggyllama/llama-7b,dummy-lora-7b-rank-32-3,56,46,273.71540482882733
2188,huggyllama/llama-7b,dummy-lora-7b-rank-128-0,407,50,273.71613355352554
2189,huggyllama/llama-7b,dummy-lora-7b-rank-128-1,315,33,273.74988547226724
2190,huggyllama/llama-7b,dummy-lora-7b-rank-128-4,601,18,273.76613304076403
2191,huggyllama/llama-7b,dummy-lora-7b-rank-128-0,393,33,273.78605512083345
2192,huggyllama/llama-7b,dummy-lora-7b-rank-16-0,344,8,273.96288360794404
2193,huggyllama/llama-7b,dummy-lora-7b-rank-64-4,597,16,274.0002850144703
2194,huggyllama/llama-7b,dummy-lora-7b-rank-128-3,219,55,274.1858068861364
2195,huggyllama/llama-7b,dummy-lora-7b-rank-16-4,428,7,274.18702583695915
2196,huggyllama/llama-7b,dummy-lora-7b-rank-128-0,562,20,274.2352549983808
2197,huggyllama/llama-7b,dummy-lora-7b-rank-32-1,240,187,274.3358138429508
2198,huggyllama/llama-7b,dummy-lora-7b-rank-128-1,479,45,274.362651656249
2199,huggyllama/llama-7b,dummy-lora-7b-rank-64-0,589,6,274.41666907166336
2200,huggyllama/llama-7b,dummy-lora-7b-rank-64-2,119,44,274.4712847672341
2201,huggyllama/llama-7b,dummy-lora-7b-rank-16-1,249,5,274.50715525211933
2202,huggyllama/llama-7b,dummy-lora-7b-rank-16-1,136,19,274.53307265187937
2203,huggyllama/llama-7b,dummy-lora-7b-rank-32-1,556,23,274.53355161276005
2204,huggyllama/llama-7b,dummy-lora-7b-rank-128-2,256,3,274.6184200651606
2205,huggyllama/llama-7b,dummy-lora-7b-rank-8-2,659,12,274.96589381416
2206,huggyllama/llama-7b,dummy-lora-7b-rank-8-0,113,41,274.9765240692648
2207,huggyllama/llama-7b,dummy-lora-7b-rank-64-2,248,47,275.0685021329081
2208,huggyllama/llama-7b,dummy-lora-7b-rank-8-0,556,21,275.109812633915
2209,huggyllama/llama-7b,dummy-lora-7b-rank-128-0,1012,3,275.5494972819627
2210,huggyllama/llama-7b,dummy-lora-7b-rank-32-2,191,172,275.75947161923983
2211,huggyllama/llama-7b,dummy-lora-7b-rank-64-0,459,5,275.8517481588412
2212,huggyllama/llama-7b,dummy-lora-7b-rank-32-0,195,84,276.2550923552348
2213,huggyllama/llama-7b,dummy-lora-7b-rank-8-1,631,28,276.26333373434886
2214,huggyllama/llama-7b,dummy-lora-7b-rank-8-0,358,8,276.278200522237
2215,huggyllama/llama-7b,dummy-lora-7b-rank-128-3,546,16,276.65628770745457
2216,huggyllama/llama-7b,dummy-lora-7b-rank-32-1,554,86,276.69614737504503
2217,huggyllama/llama-7b,dummy-lora-7b-rank-8-4,287,80,276.71866476014554
2218,huggyllama/llama-7b,dummy-lora-7b-rank-128-3,533,8,276.74527483269907
2219,huggyllama/llama-7b,dummy-lora-7b-rank-128-4,482,8,277.31307367140414
2220,huggyllama/llama-7b,dummy-lora-7b-rank-64-4,629,35,277.7423345195227
2221,huggyllama/llama-7b,dummy-lora-7b-rank-16-3,147,124,277.969760826977
2222,huggyllama/llama-7b,dummy-lora-7b-rank-32-1,288,8,278.0366599707228
2223,huggyllama/llama-7b,dummy-lora-7b-rank-8-3,542,11,278.1344156709073
2224,huggyllama/llama-7b,dummy-lora-7b-rank-8-4,404,39,278.5077272511421
2225,huggyllama/llama-7b,dummy-lora-7b-rank-8-3,545,43,278.71330362367036
2226,huggyllama/llama-7b,dummy-lora-7b-rank-64-1,206,44,278.71650667385194
2227,huggyllama/llama-7b,dummy-lora-7b-rank-16-2,569,49,278.938657774138
2228,huggyllama/llama-7b,dummy-lora-7b-rank-8-4,554,19,279.11046021052414
2229,huggyllama/llama-7b,dummy-lora-7b-rank-32-4,315,63,279.2234378548828
2230,huggyllama/llama-7b,dummy-lora-7b-rank-128-0,853,26,279.33524677937066
2231,huggyllama/llama-7b,dummy-lora-7b-rank-128-3,179,38,279.70614230652944
2232,huggyllama/llama-7b,dummy-lora-7b-rank-128-1,113,44,279.7608113406315
2233,huggyllama/llama-7b,dummy-lora-7b-rank-32-0,151,42,279.8948852756431
2234,huggyllama/llama-7b,dummy-lora-7b-rank-16-0,372,45,279.9096172954933
2235,huggyllama/llama-7b,dummy-lora-7b-rank-8-3,389,55,280.26997715118085
2236,huggyllama/llama-7b,dummy-lora-7b-rank-64-1,288,56,280.2897005522891
2237,huggyllama/llama-7b,dummy-lora-7b-rank-16-1,796,3,280.96149017741374
2238,huggyllama/llama-7b,dummy-lora-7b-rank-64-3,565,53,281.0587026389807
2239,huggyllama/llama-7b,dummy-lora-7b-rank-32-4,511,5,281.2936505144533
2240,huggyllama/llama-7b,dummy-lora-7b-rank-128-4,556,77,281.4528399421459
2241,huggyllama/llama-7b,dummy-lora-7b-rank-64-2,564,26,281.5683298637587
2242,huggyllama/llama-7b,dummy-lora-7b-rank-128-0,587,47,281.63784309048856
2243,huggyllama/llama-7b,dummy-lora-7b-rank-8-2,377,7,282.04455254039016
2244,huggyllama/llama-7b,dummy-lora-7b-rank-128-0,658,7,282.1396849542588
2245,huggyllama/llama-7b,dummy-lora-7b-rank-32-2,556,23,282.2691934749131
2246,huggyllama/llama-7b,dummy-lora-7b-rank-16-3,561,23,282.27624371636904
2247,huggyllama/llama-7b,dummy-lora-7b-rank-16-0,605,19,282.27857699132676
2248,huggyllama/llama-7b,dummy-lora-7b-rank-64-2,476,49,282.37932420750934
2249,huggyllama/llama-7b,dummy-lora-7b-rank-64-3,647,36,282.4499382279523
2250,huggyllama/llama-7b,dummy-lora-7b-rank-8-1,620,60,282.5349633951036
2251,huggyllama/llama-7b,dummy-lora-7b-rank-128-3,258,120,282.6195502532738
2252,huggyllama/llama-7b,dummy-lora-7b-rank-32-2,937,8,282.8242361376261
2253,huggyllama/llama-7b,dummy-lora-7b-rank-16-3,592,42,283.1109585152082
2254,huggyllama/llama-7b,dummy-lora-7b-rank-32-2,580,13,283.1521980218299
2255,huggyllama/llama-7b,dummy-lora-7b-rank-16-1,784,44,283.24314919031605
2256,huggyllama/llama-7b,dummy-lora-7b-rank-8-4,281,41,283.3675338022435
2257,huggyllama/llama-7b,dummy-lora-7b-rank-64-1,552,11,283.4669197473641
2258,huggyllama/llama-7b,dummy-lora-7b-rank-16-4,807,6,283.50313964871464
2259,huggyllama/llama-7b,dummy-lora-7b-rank-8-3,310,53,283.72396904802895
2260,huggyllama/llama-7b,dummy-lora-7b-rank-32-4,570,25,283.7305767206943
2261,huggyllama/llama-7b,dummy-lora-7b-rank-8-0,512,45,283.8028003345191
2262,huggyllama/llama-7b,dummy-lora-7b-rank-32-1,277,50,283.9084022482509
2263,huggyllama/llama-7b,dummy-lora-7b-rank-64-4,190,8,283.97306447798
2264,huggyllama/llama-7b,dummy-lora-7b-rank-128-3,395,67,284.17768510744617
2265,huggyllama/llama-7b,dummy-lora-7b-rank-16-0,601,9,284.20261962526956
2266,huggyllama/llama-7b,dummy-lora-7b-rank-128-0,354,41,284.215193800878
2267,huggyllama/llama-7b,dummy-lora-7b-rank-32-2,267,39,284.3890915443384
2268,huggyllama/llama-7b,dummy-lora-7b-rank-16-4,488,46,284.51890838349976
2269,huggyllama/llama-7b,dummy-lora-7b-rank-64-0,340,133,284.7102705279265
2270,huggyllama/llama-7b,dummy-lora-7b-rank-16-2,574,27,284.91999851881957
2271,huggyllama/llama-7b,dummy-lora-7b-rank-128-4,592,22,284.964089435942
2272,huggyllama/llama-7b,dummy-lora-7b-rank-64-0,554,22,285.1153004696138
2273,huggyllama/llama-7b,dummy-lora-7b-rank-64-3,251,5,285.17958654263305
2274,huggyllama/llama-7b,dummy-lora-7b-rank-16-2,656,42,285.33605572209683
2275,huggyllama/llama-7b,dummy-lora-7b-rank-8-4,571,121,285.520465788736
2276,huggyllama/llama-7b,dummy-lora-7b-rank-64-0,600,27,285.66313408357905
2277,huggyllama/llama-7b,dummy-lora-7b-rank-128-3,168,54,285.6755479754955
2278,huggyllama/llama-7b,dummy-lora-7b-rank-16-0,936,12,285.7354294649692
2279,huggyllama/llama-7b,dummy-lora-7b-rank-32-0,376,57,285.76460137195505
2280,huggyllama/llama-7b,dummy-lora-7b-rank-128-1,359,52,286.07567824353447
2281,huggyllama/llama-7b,dummy-lora-7b-rank-128-4,137,44,286.194118004459
2282,huggyllama/llama-7b,dummy-lora-7b-rank-16-1,956,9,286.25540826756605
2283,huggyllama/llama-7b,dummy-lora-7b-rank-128-2,556,13,286.4535658766442
2284,huggyllama/llama-7b,dummy-lora-7b-rank-128-3,558,23,286.9902117894691
2285,huggyllama/llama-7b,dummy-lora-7b-rank-16-1,366,152,287.05595166301725
2286,huggyllama/llama-7b,dummy-lora-7b-rank-64-3,566,28,287.12342865556434
2287,huggyllama/llama-7b,dummy-lora-7b-rank-64-2,371,52,287.2062772050303
2288,huggyllama/llama-7b,dummy-lora-7b-rank-32-2,846,27,287.2311915818226
2289,huggyllama/llama-7b,dummy-lora-7b-rank-64-4,331,37,287.41574475300126
2290,huggyllama/llama-7b,dummy-lora-7b-rank-32-3,464,62,287.55973763210324
2291,huggyllama/llama-7b,dummy-lora-7b-rank-16-0,558,22,287.68940903165657
2292,huggyllama/llama-7b,dummy-lora-7b-rank-128-1,223,62,287.73692165000085
2293,huggyllama/llama-7b,dummy-lora-7b-rank-128-1,330,44,287.7387824280177
2294,huggyllama/llama-7b,dummy-lora-7b-rank-128-1,550,18,287.91628339541097
2295,huggyllama/llama-7b,dummy-lora-7b-rank-32-3,560,23,288.33638028051763
2296,huggyllama/llama-7b,dummy-lora-7b-rank-8-1,303,42,288.52720534868456
2297,huggyllama/llama-7b,dummy-lora-7b-rank-128-4,409,73,288.52879003306816
2298,huggyllama/llama-7b,dummy-lora-7b-rank-64-4,226,38,288.5710737354936
2299,huggyllama/llama-7b,dummy-lora-7b-rank-64-4,558,21,288.6346408709796
2300,huggyllama/llama-7b,dummy-lora-7b-rank-8-2,466,56,288.68622367278573
2301,huggyllama/llama-7b,dummy-lora-7b-rank-32-3,436,28,288.74421576879894
2302,huggyllama/llama-7b,dummy-lora-7b-rank-128-2,703,25,289.0617179206968
2303,huggyllama/llama-7b,dummy-lora-7b-rank-128-3,350,11,289.1806181010886
2304,huggyllama/llama-7b,dummy-lora-7b-rank-32-0,209,141,289.2041528574011
2305,huggyllama/llama-7b,dummy-lora-7b-rank-8-1,607,19,289.78584048972766
2306,huggyllama/llama-7b,dummy-lora-7b-rank-32-2,743,44,289.88831041148416
2307,huggyllama/llama-7b,dummy-lora-7b-rank-16-1,421,43,290.0963493998337
2308,huggyllama/llama-7b,dummy-lora-7b-rank-64-3,604,13,290.1532382908568
2309,huggyllama/llama-7b,dummy-lora-7b-rank-128-0,232,71,290.1863912941641
2310,huggyllama/llama-7b,dummy-lora-7b-rank-128-0,385,52,290.41830296844057
2311,huggyllama/llama-7b,dummy-lora-7b-rank-128-4,434,67,290.48553858790024
2312,huggyllama/llama-7b,dummy-lora-7b-rank-8-1,368,53,290.50975584004465
2313,huggyllama/llama-7b,dummy-lora-7b-rank-128-4,265,9,290.5154287314421
2314,huggyllama/llama-7b,dummy-lora-7b-rank-32-4,360,65,290.60759349657974
2315,huggyllama/llama-7b,dummy-lora-7b-rank-16-2,329,33,290.775575426595
2316,huggyllama/llama-7b,dummy-lora-7b-rank-32-4,198,46,290.9415323649023
2317,huggyllama/llama-7b,dummy-lora-7b-rank-64-1,625,29,290.9495323024698
2318,huggyllama/llama-7b,dummy-lora-7b-rank-32-4,560,15,291.14401477994164
2319,huggyllama/llama-7b,dummy-lora-7b-rank-16-4,804,100,291.207504789522
2320,huggyllama/llama-7b,dummy-lora-7b-rank-128-1,413,13,291.2834443782101
2321,huggyllama/llama-7b,dummy-lora-7b-rank-32-2,556,21,291.6901412656746
2322,huggyllama/llama-7b,dummy-lora-7b-rank-32-2,735,31,291.83943794206584
2323,huggyllama/llama-7b,dummy-lora-7b-rank-64-3,463,47,292.94082689594126
2324,huggyllama/llama-7b,dummy-lora-7b-rank-128-3,609,17,293.0069369034209
2325,huggyllama/llama-7b,dummy-lora-7b-rank-64-2,200,45,293.09071535637594
2326,huggyllama/llama-7b,dummy-lora-7b-rank-8-0,90,61,293.2199824056667
2327,huggyllama/llama-7b,dummy-lora-7b-rank-8-1,474,11,293.40278263519
2328,huggyllama/llama-7b,dummy-lora-7b-rank-16-0,615,36,293.4914190729185
2329,huggyllama/llama-7b,dummy-lora-7b-rank-8-0,224,69,293.5672404372145
2330,huggyllama/llama-7b,dummy-lora-7b-rank-16-4,212,45,293.72623359888314
2331,huggyllama/llama-7b,dummy-lora-7b-rank-16-3,602,12,293.7380076386206
2332,huggyllama/llama-7b,dummy-lora-7b-rank-16-3,411,74,294.00316522845725
2333,huggyllama/llama-7b,dummy-lora-7b-rank-8-3,615,22,294.15898296038404
2334,huggyllama/llama-7b,dummy-lora-7b-rank-8-4,552,19,294.2455855758809
2335,huggyllama/llama-7b,dummy-lora-7b-rank-16-0,170,50,294.2568625430923
2336,huggyllama/llama-7b,dummy-lora-7b-rank-32-2,588,24,294.35939166403045
2337,huggyllama/llama-7b,dummy-lora-7b-rank-8-3,325,59,294.3901882192672
2338,huggyllama/llama-7b,dummy-lora-7b-rank-16-0,566,28,294.4566656522678
2339,huggyllama/llama-7b,dummy-lora-7b-rank-8-1,87,29,294.7367419549447
2340,huggyllama/llama-7b,dummy-lora-7b-rank-128-3,548,17,294.77972302051376
2341,huggyllama/llama-7b,dummy-lora-7b-rank-8-0,357,159,295.0991734911987
2342,huggyllama/llama-7b,dummy-lora-7b-rank-128-4,735,8,295.34782403242383
2343,huggyllama/llama-7b,dummy-lora-7b-rank-8-3,564,25,295.34879497035246
2344,huggyllama/llama-7b,dummy-lora-7b-rank-32-3,924,78,295.41370980286837
2345,huggyllama/llama-7b,dummy-lora-7b-rank-16-0,206,58,295.4556517187984
2346,huggyllama/llama-7b,dummy-lora-7b-rank-8-4,613,24,295.4679783545489
2347,huggyllama/llama-7b,dummy-lora-7b-rank-128-2,235,42,295.5915068164924
2348,huggyllama/llama-7b,dummy-lora-7b-rank-32-3,546,16,295.7125966389369
2349,huggyllama/llama-7b,dummy-lora-7b-rank-8-4,801,33,295.7647216167081
2350,huggyllama/llama-7b,dummy-lora-7b-rank-8-0,107,57,295.96300081690873
2351,huggyllama/llama-7b,dummy-lora-7b-rank-16-0,338,36,295.99650039239333
2352,huggyllama/llama-7b,dummy-lora-7b-rank-128-1,161,55,296.2076434405385
2353,huggyllama/llama-7b,dummy-lora-7b-rank-8-2,108,50,296.4012003169445
2354,huggyllama/llama-7b,dummy-lora-7b-rank-16-0,356,13,296.4301485607061
2355,huggyllama/llama-7b,dummy-lora-7b-rank-32-2,552,21,296.44889879615783
2356,huggyllama/llama-7b,dummy-lora-7b-rank-64-1,255,33,296.49512719578814
2357,huggyllama/llama-7b,dummy-lora-7b-rank-8-1,739,15,296.6122854690614
2358,huggyllama/llama-7b,dummy-lora-7b-rank-16-0,158,40,296.8775600011935
2359,huggyllama/llama-7b,dummy-lora-7b-rank-16-1,558,22,297.217663902806
2360,huggyllama/llama-7b,dummy-lora-7b-rank-16-1,521,106,297.60197284036286
2361,huggyllama/llama-7b,dummy-lora-7b-rank-32-3,286,57,297.96575213693285
2362,huggyllama/llama-7b,dummy-lora-7b-rank-16-2,207,87,298.33133834263907
2363,huggyllama/llama-7b,dummy-lora-7b-rank-128-4,550,18,298.34706677697585
2364,huggyllama/llama-7b,dummy-lora-7b-rank-128-0,588,36,298.44377695601565
2365,huggyllama/llama-7b,dummy-lora-7b-rank-8-4,323,50,298.4834179481054
2366,huggyllama/llama-7b,dummy-lora-7b-rank-64-4,370,62,298.6530886960188
2367,huggyllama/llama-7b,dummy-lora-7b-rank-32-3,552,19,298.6842414816998
2368,huggyllama/llama-7b,dummy-lora-7b-rank-8-4,548,17,298.72633218667755
2369,huggyllama/llama-7b,dummy-lora-7b-rank-8-2,566,28,298.84951318267207
2370,huggyllama/llama-7b,dummy-lora-7b-rank-32-3,279,103,298.94698558621377
2371,huggyllama/llama-7b,dummy-lora-7b-rank-16-2,231,47,299.2774821753202
2372,huggyllama/llama-7b,dummy-lora-7b-rank-128-3,97,65,299.2811597631961
2373,huggyllama/llama-7b,dummy-lora-7b-rank-8-4,607,21,299.322343197997
2374,huggyllama/llama-7b,dummy-lora-7b-rank-8-3,383,82,299.4695420637556
2375,huggyllama/llama-7b,dummy-lora-7b-rank-32-1,665,45,299.547782867112
2376,huggyllama/llama-7b,dummy-lora-7b-rank-32-3,470,11,299.6967224669318
2377,huggyllama/llama-7b,dummy-lora-7b-rank-16-1,620,11,299.698910011539
2378,huggyllama/llama-7b,dummy-lora-7b-rank-64-2,399,94,299.8182134471785
2379,huggyllama/llama-7b,dummy-lora-7b-rank-16-0,550,8,299.925121060455
2380,huggyllama/llama-7b,dummy-lora-7b-rank-64-1,658,58,299.9341816865967
2381,huggyllama/llama-7b,dummy-lora-7b-rank-8-0,58,74,299.960048383415
2382,huggyllama/llama-7b,dummy-lora-7b-rank-64-1,222,42,299.99289984765556
2383,huggyllama/llama-7b,dummy-lora-7b-rank-8-4,108,46,300.2146015579736
2384,huggyllama/llama-7b,dummy-lora-7b-rank-16-3,187,54,300.35986380118135
2385,huggyllama/llama-7b,dummy-lora-7b-rank-16-3,293,82,300.4046406911826
2386,huggyllama/llama-7b,dummy-lora-7b-rank-64-0,402,60,300.4768371394946
2387,huggyllama/llama-7b,dummy-lora-7b-rank-16-0,190,51,300.6039843100212
2388,huggyllama/llama-7b,dummy-lora-7b-rank-64-0,391,56,300.6510714413854
2389,huggyllama/llama-7b,dummy-lora-7b-rank-64-1,750,45,300.6869621434893
2390,huggyllama/llama-7b,dummy-lora-7b-rank-32-1,570,20,300.7384690260044
2391,huggyllama/llama-7b,dummy-lora-7b-rank-64-4,494,8,300.74636428473093
2392,huggyllama/llama-7b,dummy-lora-7b-rank-32-0,110,59,301.00699474322363
2393,huggyllama/llama-7b,dummy-lora-7b-rank-8-4,597,16,301.09896808360753
2394,huggyllama/llama-7b,dummy-lora-7b-rank-32-2,608,18,301.2646928028484
2395,huggyllama/llama-7b,dummy-lora-7b-rank-8-3,718,2,301.4286059418998
2396,huggyllama/llama-7b,dummy-lora-7b-rank-64-4,601,18,301.49170344602743
2397,huggyllama/llama-7b,dummy-lora-7b-rank-64-2,674,47,301.54887434052097
2398,huggyllama/llama-7b,dummy-lora-7b-rank-8-4,580,35,301.66328750087655
2399,huggyllama/llama-7b,dummy-lora-7b-rank-8-1,319,42,301.7680824009661
2400,huggyllama/llama-7b,dummy-lora-7b-rank-128-2,574,35,301.77226759083663
2401,huggyllama/llama-7b,dummy-lora-7b-rank-64-2,297,48,302.13155330101563
2402,huggyllama/llama-7b,dummy-lora-7b-rank-32-0,788,3,302.270242544147
2403,huggyllama/llama-7b,dummy-lora-7b-rank-128-4,374,48,302.3943799712503
2404,huggyllama/llama-7b,dummy-lora-7b-rank-16-4,546,16,302.4584173053893
2405,huggyllama/llama-7b,dummy-lora-7b-rank-128-4,79,46,302.5594839412311
2406,huggyllama/llama-7b,dummy-lora-7b-rank-32-0,604,17,302.61469572093876
2407,huggyllama/llama-7b,dummy-lora-7b-rank-8-4,939,26,302.6456064901583
2408,huggyllama/llama-7b,dummy-lora-7b-rank-8-1,533,7,302.81140337938444
2409,huggyllama/llama-7b,dummy-lora-7b-rank-8-2,554,22,303.0135861708699
2410,huggyllama/llama-7b,dummy-lora-7b-rank-64-0,558,22,303.1377473752835
2411,huggyllama/llama-7b,dummy-lora-7b-rank-128-0,530,40,303.45952157428746
2412,huggyllama/llama-7b,dummy-lora-7b-rank-64-2,467,209,303.4753104565967
2413,huggyllama/llama-7b,dummy-lora-7b-rank-32-2,586,7,303.9173192192951
2414,huggyllama/llama-7b,dummy-lora-7b-rank-8-4,246,47,304.01311583498176
2415,huggyllama/llama-7b,dummy-lora-7b-rank-8-1,604,52,304.3441360681932
2416,huggyllama/llama-7b,dummy-lora-7b-rank-64-3,597,32,304.35817130744795
2417,huggyllama/llama-7b,dummy-lora-7b-rank-16-4,504,11,304.60970033138284
2418,huggyllama/llama-7b,dummy-lora-7b-rank-64-2,341,8,304.7006409243245
2419,huggyllama/llama-7b,dummy-lora-7b-rank-8-2,250,154,304.9300950814042
2420,huggyllama/llama-7b,dummy-lora-7b-rank-64-3,558,19,304.99427065151576
2421,huggyllama/llama-7b,dummy-lora-7b-rank-8-4,627,31,305.19244149670544
2422,huggyllama/llama-7b,dummy-lora-7b-rank-8-3,560,23,305.5657824514205
2423,huggyllama/llama-7b,dummy-lora-7b-rank-32-4,550,18,305.58600436730296
2424,huggyllama/llama-7b,dummy-lora-7b-rank-8-0,215,48,305.6138110607365
2425,huggyllama/llama-7b,dummy-lora-7b-rank-16-1,853,49,305.8261383715131
2426,huggyllama/llama-7b,dummy-lora-7b-rank-8-2,227,41,305.97320990553624
2427,huggyllama/llama-7b,dummy-lora-7b-rank-8-0,554,20,306.66058158823586
2428,huggyllama/llama-7b,dummy-lora-7b-rank-64-0,437,7,306.6870424969342
2429,huggyllama/llama-7b,dummy-lora-7b-rank-32-2,391,57,306.89306119315177
2430,huggyllama/llama-7b,dummy-lora-7b-rank-64-2,415,17,307.25671979772795
2431,huggyllama/llama-7b,dummy-lora-7b-rank-8-2,330,9,307.43246085236416
2432,huggyllama/llama-7b,dummy-lora-7b-rank-64-2,175,139,307.5842636421999
2433,huggyllama/llama-7b,dummy-lora-7b-rank-128-3,576,34,307.9132138335194
2434,huggyllama/llama-7b,dummy-lora-7b-rank-32-4,647,51,308.0197889091404
2435,huggyllama/llama-7b,dummy-lora-7b-rank-64-1,440,55,308.0270287033
2436,huggyllama/llama-7b,dummy-lora-7b-rank-8-0,325,57,308.1810740365228
2437,huggyllama/llama-7b,dummy-lora-7b-rank-16-4,830,8,308.32822152242625
2438,huggyllama/llama-7b,dummy-lora-7b-rank-64-0,253,72,308.37495655107637
2439,huggyllama/llama-7b,dummy-lora-7b-rank-8-2,552,14,308.38017964745296
2440,huggyllama/llama-7b,dummy-lora-7b-rank-32-2,599,5,308.55441279564656
2441,huggyllama/llama-7b,dummy-lora-7b-rank-8-0,552,17,308.5791981177528
2442,huggyllama/llama-7b,dummy-lora-7b-rank-64-3,338,4,308.8266673148018
2443,huggyllama/llama-7b,dummy-lora-7b-rank-32-2,695,73,308.8486694592719
2444,huggyllama/llama-7b,dummy-lora-7b-rank-64-4,325,42,308.96003181475373
2445,huggyllama/llama-7b,dummy-lora-7b-rank-8-0,560,25,308.98432487071267
2446,huggyllama/llama-7b,dummy-lora-7b-rank-16-1,456,70,309.0075602457024
2447,huggyllama/llama-7b,dummy-lora-7b-rank-32-4,264,157,309.3311668721162
2448,huggyllama/llama-7b,dummy-lora-7b-rank-128-4,602,27,309.4725494994529
2449,huggyllama/llama-7b,dummy-lora-7b-rank-8-3,740,25,309.52767733409104
2450,huggyllama/llama-7b,dummy-lora-7b-rank-64-2,252,42,309.8480764261446
2451,huggyllama/llama-7b,dummy-lora-7b-rank-32-2,314,49,309.8486632574646
2452,huggyllama/llama-7b,dummy-lora-7b-rank-16-0,55,76,310.1952630312381
2453,huggyllama/llama-7b,dummy-lora-7b-rank-128-0,488,7,310.2255108112197
2454,huggyllama/llama-7b,dummy-lora-7b-rank-8-2,248,9,310.3576525096498
2455,huggyllama/llama-7b,dummy-lora-7b-rank-32-3,576,34,310.5389336103983
2456,huggyllama/llama-7b,dummy-lora-7b-rank-16-3,335,47,310.72071149605756
2457,huggyllama/llama-7b,dummy-lora-7b-rank-64-2,677,23,310.8449425471397
2458,huggyllama/llama-7b,dummy-lora-7b-rank-32-0,518,5,310.8858553243065
2459,huggyllama/llama-7b,dummy-lora-7b-rank-128-1,191,128,310.9477410883598
2460,huggyllama/llama-7b,dummy-lora-7b-rank-32-2,395,46,310.98767587907287
2461,huggyllama/llama-7b,dummy-lora-7b-rank-8-4,552,22,311.0000579830665
2462,huggyllama/llama-7b,dummy-lora-7b-rank-128-0,833,46,311.0289894163514
2463,huggyllama/llama-7b,dummy-lora-7b-rank-128-1,574,31,311.0670418779292
2464,huggyllama/llama-7b,dummy-lora-7b-rank-16-3,342,182,311.0887280759947
2465,huggyllama/llama-7b,dummy-lora-7b-rank-16-1,558,22,311.1540341519849
2466,huggyllama/llama-7b,dummy-lora-7b-rank-32-4,262,236,311.3862207645699
2467,huggyllama/llama-7b,dummy-lora-7b-rank-32-0,459,10,311.39999611867984
2468,huggyllama/llama-7b,dummy-lora-7b-rank-16-0,484,62,311.5336953176541
2469,huggyllama/llama-7b,dummy-lora-7b-rank-16-0,564,17,311.5366424258325
2470,huggyllama/llama-7b,dummy-lora-7b-rank-8-3,523,49,311.76842365139123
2471,huggyllama/llama-7b,dummy-lora-7b-rank-64-1,951,101,311.82235913854475
2472,huggyllama/llama-7b,dummy-lora-7b-rank-8-0,607,22,311.8264264589056
2473,huggyllama/llama-7b,dummy-lora-7b-rank-128-3,398,51,311.9468323593494
2474,huggyllama/llama-7b,dummy-lora-7b-rank-64-3,504,10,312.0860941922238
2475,huggyllama/llama-7b,dummy-lora-7b-rank-64-3,665,7,312.3751851001982
2476,huggyllama/llama-7b,dummy-lora-7b-rank-128-4,335,59,312.38974963019996
2477,huggyllama/llama-7b,dummy-lora-7b-rank-32-1,756,54,312.4496147786917
2478,huggyllama/llama-7b,dummy-lora-7b-rank-64-0,566,15,312.4531876243617
2479,huggyllama/llama-7b,dummy-lora-7b-rank-8-3,672,20,313.12909238011656
2480,huggyllama/llama-7b,dummy-lora-7b-rank-8-2,446,5,313.216917554597
2481,huggyllama/llama-7b,dummy-lora-7b-rank-128-2,550,18,313.2801787343842
2482,huggyllama/llama-7b,dummy-lora-7b-rank-64-1,481,52,313.3610966831919
2483,huggyllama/llama-7b,dummy-lora-7b-rank-32-2,548,17,313.38522290227473
2484,huggyllama/llama-7b,dummy-lora-7b-rank-128-0,655,17,313.3974609869031
2485,huggyllama/llama-7b,dummy-lora-7b-rank-64-3,761,43,313.39852263206103
2486,huggyllama/llama-7b,dummy-lora-7b-rank-128-1,598,18,313.53377661718395
2487,huggyllama/llama-7b,dummy-lora-7b-rank-64-3,562,20,313.74416853302387
2488,huggyllama/llama-7b,dummy-lora-7b-rank-64-1,249,6,313.8391096740699
2489,huggyllama/llama-7b,dummy-lora-7b-rank-64-1,815,100,314.1097181872584
2490,huggyllama/llama-7b,dummy-lora-7b-rank-32-1,779,44,314.1232951170731
2491,huggyllama/llama-7b,dummy-lora-7b-rank-16-3,527,46,314.27576793159017
2492,huggyllama/llama-7b,dummy-lora-7b-rank-128-0,630,56,314.2975484253297
2493,huggyllama/llama-7b,dummy-lora-7b-rank-128-1,557,49,314.31482833813595
2494,huggyllama/llama-7b,dummy-lora-7b-rank-8-4,141,38,314.5792152796539
2495,huggyllama/llama-7b,dummy-lora-7b-rank-32-4,597,24,314.6351003372369
2496,huggyllama/llama-7b,dummy-lora-7b-rank-64-1,700,76,314.70726921121445
2497,huggyllama/llama-7b,dummy-lora-7b-rank-32-4,82,34,314.76621621903814
2498,huggyllama/llama-7b,dummy-lora-7b-rank-128-4,558,22,315.1290977593697
2499,huggyllama/llama-7b,dummy-lora-7b-rank-128-2,128,49,315.441239138612
2500,huggyllama/llama-7b,dummy-lora-7b-rank-32-3,195,87,315.6540974067009
2501,huggyllama/llama-7b,dummy-lora-7b-rank-8-3,562,22,315.8824493733642
2502,huggyllama/llama-7b,dummy-lora-7b-rank-128-4,353,31,315.92708946938023
2503,huggyllama/llama-7b,dummy-lora-7b-rank-16-1,658,11,316.38631591575535
2504,huggyllama/llama-7b,dummy-lora-7b-rank-128-4,97,54,316.43184276057787
2505,huggyllama/llama-7b,dummy-lora-7b-rank-16-3,322,41,316.69208008634763
2506,huggyllama/llama-7b,dummy-lora-7b-rank-8-3,534,47,316.82333883758713
2507,huggyllama/llama-7b,dummy-lora-7b-rank-16-4,602,25,316.9029191016513
2508,huggyllama/llama-7b,dummy-lora-7b-rank-128-1,700,46,317.0289007543049
2509,huggyllama/llama-7b,dummy-lora-7b-rank-64-4,303,55,317.11693349442453
2510,huggyllama/llama-7b,dummy-lora-7b-rank-16-3,880,43,317.12947387155435
2511,huggyllama/llama-7b,dummy-lora-7b-rank-16-1,303,14,317.6838356993406
2512,huggyllama/llama-7b,dummy-lora-7b-rank-8-2,305,74,317.7260827410334
2513,huggyllama/llama-7b,dummy-lora-7b-rank-64-4,391,7,317.94565155074883
2514,huggyllama/llama-7b,dummy-lora-7b-rank-32-4,217,45,318.0795716490072
2515,huggyllama/llama-7b,dummy-lora-7b-rank-8-3,256,177,318.21057679654643
2516,huggyllama/llama-7b,dummy-lora-7b-rank-32-4,951,69,318.28711219906785
2517,huggyllama/llama-7b,dummy-lora-7b-rank-16-4,575,61,318.49897930010565
2518,huggyllama/llama-7b,dummy-lora-7b-rank-32-3,325,128,318.51133336002766
2519,huggyllama/llama-7b,dummy-lora-7b-rank-64-0,603,19,318.6086475079228
2520,huggyllama/llama-7b,dummy-lora-7b-rank-16-0,570,28,318.73024804739555
2521,huggyllama/llama-7b,dummy-lora-7b-rank-128-2,771,18,318.7631261038593
2522,huggyllama/llama-7b,dummy-lora-7b-rank-16-4,533,45,319.3912823875749
2523,huggyllama/llama-7b,dummy-lora-7b-rank-64-0,562,45,319.4004188726853
2524,huggyllama/llama-7b,dummy-lora-7b-rank-64-4,438,66,319.6733794503166
2525,huggyllama/llama-7b,dummy-lora-7b-rank-128-4,548,17,319.88123955921446
2526,huggyllama/llama-7b,dummy-lora-7b-rank-32-1,101,66,320.0258156285521
2527,huggyllama/llama-7b,dummy-lora-7b-rank-64-3,611,11,320.42430170554337
2528,huggyllama/llama-7b,dummy-lora-7b-rank-64-1,213,72,320.7805438768898
2529,huggyllama/llama-7b,dummy-lora-7b-rank-128-1,461,6,320.9271657885142
2530,huggyllama/llama-7b,dummy-lora-7b-rank-64-3,558,24,320.94240211382106
2531,huggyllama/llama-7b,dummy-lora-7b-rank-64-4,552,22,321.0574398317681
2532,huggyllama/llama-7b,dummy-lora-7b-rank-128-4,472,53,321.13701388477745
2533,huggyllama/llama-7b,dummy-lora-7b-rank-16-0,342,45,321.1643080457329
2534,huggyllama/llama-7b,dummy-lora-7b-rank-16-3,661,34,321.39426701619357
2535,huggyllama/llama-7b,dummy-lora-7b-rank-128-4,564,27,321.40854115890306
2536,huggyllama/llama-7b,dummy-lora-7b-rank-64-1,354,53,322.1239199606818
2537,huggyllama/llama-7b,dummy-lora-7b-rank-8-0,376,86,322.2202385658317
2538,huggyllama/llama-7b,dummy-lora-7b-rank-8-4,562,19,322.2401803800482
2539,huggyllama/llama-7b,dummy-lora-7b-rank-64-3,454,22,322.3106433341156
2540,huggyllama/llama-7b,dummy-lora-7b-rank-32-4,331,8,322.3117342698838
2541,huggyllama/llama-7b,dummy-lora-7b-rank-128-4,419,61,323.04391136640197
2542,huggyllama/llama-7b,dummy-lora-7b-rank-32-1,356,96,323.075487564985
2543,huggyllama/llama-7b,dummy-lora-7b-rank-64-1,753,237,323.27687670761435
2544,huggyllama/llama-7b,dummy-lora-7b-rank-8-1,560,15,323.3531440659404
2545,huggyllama/llama-7b,dummy-lora-7b-rank-128-2,773,77,323.44105287282207
2546,huggyllama/llama-7b,dummy-lora-7b-rank-8-0,428,44,323.58677555768156
2547,huggyllama/llama-7b,dummy-lora-7b-rank-128-0,474,48,323.75649199112075
2548,huggyllama/llama-7b,dummy-lora-7b-rank-64-4,577,51,323.9463847230051
2549,huggyllama/llama-7b,dummy-lora-7b-rank-8-0,564,19,324.01812508578223
2550,huggyllama/llama-7b,dummy-lora-7b-rank-16-3,608,49,324.27900670349027
2551,huggyllama/llama-7b,dummy-lora-7b-rank-8-2,215,38,324.329658612267
2552,huggyllama/llama-7b,dummy-lora-7b-rank-128-2,337,49,324.6673134630015
2553,huggyllama/llama-7b,dummy-lora-7b-rank-16-1,625,49,324.719871717582
2554,huggyllama/llama-7b,dummy-lora-7b-rank-64-1,605,24,324.7259462256786
2555,huggyllama/llama-7b,dummy-lora-7b-rank-32-4,490,5,325.0287456431375
2556,huggyllama/llama-7b,dummy-lora-7b-rank-128-2,610,15,325.1664831820513
2557,huggyllama/llama-7b,dummy-lora-7b-rank-32-0,92,36,325.5039019991452
2558,huggyllama/llama-7b,dummy-lora-7b-rank-128-0,905,47,325.514449230516
2559,huggyllama/llama-7b,dummy-lora-7b-rank-64-2,131,84,325.6983824497338
2560,huggyllama/llama-7b,dummy-lora-7b-rank-64-1,492,5,325.8312581183977
2561,huggyllama/llama-7b,dummy-lora-7b-rank-16-0,366,45,325.8876705406009
2562,huggyllama/llama-7b,dummy-lora-7b-rank-64-4,129,39,325.92700674630316
2563,huggyllama/llama-7b,dummy-lora-7b-rank-128-3,554,21,325.93512687753326
2564,huggyllama/llama-7b,dummy-lora-7b-rank-8-1,709,22,326.0411470407068
2565,huggyllama/llama-7b,dummy-lora-7b-rank-64-2,209,127,326.0492441236687
2566,huggyllama/llama-7b,dummy-lora-7b-rank-64-2,349,60,326.0990639804209
2567,huggyllama/llama-7b,dummy-lora-7b-rank-8-0,584,12,326.128685399534
2568,huggyllama/llama-7b,dummy-lora-7b-rank-16-1,595,64,326.263182262852
2569,huggyllama/llama-7b,dummy-lora-7b-rank-32-3,435,13,326.3995831208653
2570,huggyllama/llama-7b,dummy-lora-7b-rank-128-4,552,19,326.4029006657534
2571,huggyllama/llama-7b,dummy-lora-7b-rank-64-3,996,46,326.603376913373
2572,huggyllama/llama-7b,dummy-lora-7b-rank-32-3,430,210,326.63455964678127
2573,huggyllama/llama-7b,dummy-lora-7b-rank-64-2,249,163,326.7101900711034
2574,huggyllama/llama-7b,dummy-lora-7b-rank-32-2,248,51,326.74625927889
2575,huggyllama/llama-7b,dummy-lora-7b-rank-32-0,411,52,326.7672349304782
2576,huggyllama/llama-7b,dummy-lora-7b-rank-128-2,123,69,326.8301143760549
2577,huggyllama/llama-7b,dummy-lora-7b-rank-16-0,578,35,326.8320318976591
2578,huggyllama/llama-7b,dummy-lora-7b-rank-128-1,253,46,326.8651433112664
2579,huggyllama/llama-7b,dummy-lora-7b-rank-16-1,516,48,326.9396087164728
2580,huggyllama/llama-7b,dummy-lora-7b-rank-32-4,394,107,326.9542639768065
2581,huggyllama/llama-7b,dummy-lora-7b-rank-32-3,556,23,327.0556067002152
2582,huggyllama/llama-7b,dummy-lora-7b-rank-128-3,558,22,327.19291853088316
2583,huggyllama/llama-7b,dummy-lora-7b-rank-32-3,556,42,327.28469966315146
2584,huggyllama/llama-7b,dummy-lora-7b-rank-8-0,266,10,327.3186432529946
2585,huggyllama/llama-7b,dummy-lora-7b-rank-32-2,600,46,327.5111817517525
2586,huggyllama/llama-7b,dummy-lora-7b-rank-128-4,663,86,327.77818249513734
2587,huggyllama/llama-7b,dummy-lora-7b-rank-64-2,474,41,327.82296757025415
2588,huggyllama/llama-7b,dummy-lora-7b-rank-128-2,244,43,328.2542442216107
2589,huggyllama/llama-7b,dummy-lora-7b-rank-64-3,603,10,328.54212501689193
2590,huggyllama/llama-7b,dummy-lora-7b-rank-128-0,556,21,328.54825379795545
2591,huggyllama/llama-7b,dummy-lora-7b-rank-32-0,550,18,328.97671491522465
2592,huggyllama/llama-7b,dummy-lora-7b-rank-64-0,471,47,329.0856691901447
2593,huggyllama/llama-7b,dummy-lora-7b-rank-16-2,463,5,329.38801489201194
2594,huggyllama/llama-7b,dummy-lora-7b-rank-8-0,207,3,329.5370382533539
2595,huggyllama/llama-7b,dummy-lora-7b-rank-128-1,254,35,329.61963570807274
2596,huggyllama/llama-7b,dummy-lora-7b-rank-32-1,656,20,329.72095469849256
2597,huggyllama/llama-7b,dummy-lora-7b-rank-64-4,562,21,330.180792632481
2598,huggyllama/llama-7b,dummy-lora-7b-rank-16-1,242,4,330.5104957125976
2599,huggyllama/llama-7b,dummy-lora-7b-rank-8-2,399,11,330.6972144017978
2600,huggyllama/llama-7b,dummy-lora-7b-rank-64-3,559,22,330.78161398765866
2601,huggyllama/llama-7b,dummy-lora-7b-rank-32-3,438,48,330.80239458601284
2602,huggyllama/llama-7b,dummy-lora-7b-rank-64-1,576,33,330.8993279734376
2603,huggyllama/llama-7b,dummy-lora-7b-rank-16-2,310,19,330.9900648619887
2604,huggyllama/llama-7b,dummy-lora-7b-rank-64-1,914,100,331.4404791909553
2605,huggyllama/llama-7b,dummy-lora-7b-rank-32-0,779,38,331.53787035264025
2606,huggyllama/llama-7b,dummy-lora-7b-rank-128-4,588,47,331.8151116167193
2607,huggyllama/llama-7b,dummy-lora-7b-rank-128-1,386,57,331.83107293125227
2608,huggyllama/llama-7b,dummy-lora-7b-rank-32-3,932,3,332.10503916939626
2609,huggyllama/llama-7b,dummy-lora-7b-rank-64-2,514,11,332.1161257322033
2610,huggyllama/llama-7b,dummy-lora-7b-rank-16-3,616,10,332.1318886929456
2611,huggyllama/llama-7b,dummy-lora-7b-rank-8-2,561,18,332.2297105111088
2612,huggyllama/llama-7b,dummy-lora-7b-rank-16-1,122,19,332.3384438688642
2613,huggyllama/llama-7b,dummy-lora-7b-rank-128-3,278,14,332.78452191656925
2614,huggyllama/llama-7b,dummy-lora-7b-rank-16-3,506,64,332.8101115854808
2615,huggyllama/llama-7b,dummy-lora-7b-rank-32-3,560,15,332.85813312544593
2616,huggyllama/llama-7b,dummy-lora-7b-rank-64-4,159,51,333.4032438192835
2617,huggyllama/llama-7b,dummy-lora-7b-rank-8-3,615,25,333.44467787188086
2618,huggyllama/llama-7b,dummy-lora-7b-rank-128-4,574,30,333.4601785094919
2619,huggyllama/llama-7b,dummy-lora-7b-rank-128-2,672,22,333.53592350027174
2620,huggyllama/llama-7b,dummy-lora-7b-rank-16-0,564,26,333.6117756088601
2621,huggyllama/llama-7b,dummy-lora-7b-rank-128-0,289,10,333.65039103765594
2622,huggyllama/llama-7b,dummy-lora-7b-rank-64-2,139,42,333.71320165982803
2623,huggyllama/llama-7b,dummy-lora-7b-rank-8-0,329,45,333.72761457872116
2624,huggyllama/llama-7b,dummy-lora-7b-rank-16-0,124,91,333.88898406846533
2625,huggyllama/llama-7b,dummy-lora-7b-rank-8-4,657,39,334.07752780367315
2626,huggyllama/llama-7b,dummy-lora-7b-rank-128-4,544,46,334.1129415963894
2627,huggyllama/llama-7b,dummy-lora-7b-rank-8-1,594,9,334.1508910622856
2628,huggyllama/llama-7b,dummy-lora-7b-rank-16-4,642,11,334.2308653878736
2629,huggyllama/llama-7b,dummy-lora-7b-rank-64-0,562,8,334.2770496280688
2630,huggyllama/llama-7b,dummy-lora-7b-rank-128-2,548,7,334.36185307939377
2631,huggyllama/llama-7b,dummy-lora-7b-rank-16-1,207,40,334.47477267411676
2632,huggyllama/llama-7b,dummy-lora-7b-rank-8-3,574,33,334.5241859531806
2633,huggyllama/llama-7b,dummy-lora-7b-rank-64-1,93,37,334.5357794846642
2634,huggyllama/llama-7b,dummy-lora-7b-rank-8-2,326,3,334.5435020715436
2635,huggyllama/llama-7b,dummy-lora-7b-rank-8-4,921,30,334.7149601438977
2636,huggyllama/llama-7b,dummy-lora-7b-rank-128-3,347,43,334.7879961373303
2637,huggyllama/llama-7b,dummy-lora-7b-rank-8-1,617,59,334.79553075153257
2638,huggyllama/llama-7b,dummy-lora-7b-rank-64-1,123,97,334.8861006500878
2639,huggyllama/llama-7b,dummy-lora-7b-rank-8-1,326,59,334.8876867948301
2640,huggyllama/llama-7b,dummy-lora-7b-rank-32-0,689,9,334.96659949406205
2641,huggyllama/llama-7b,dummy-lora-7b-rank-32-4,554,12,335.2754829219025
2642,huggyllama/llama-7b,dummy-lora-7b-rank-64-1,439,63,335.3612561129083
2643,huggyllama/llama-7b,dummy-lora-7b-rank-32-3,516,6,335.4151775835229
2644,huggyllama/llama-7b,dummy-lora-7b-rank-32-3,309,44,335.5524972929269
2645,huggyllama/llama-7b,dummy-lora-7b-rank-16-0,515,48,335.56434122949435
2646,huggyllama/llama-7b,dummy-lora-7b-rank-64-4,790,45,335.6116841891728
2647,huggyllama/llama-7b,dummy-lora-7b-rank-128-4,399,11,335.77821345426025
2648,huggyllama/llama-7b,dummy-lora-7b-rank-16-2,548,17,335.86684045039567
2649,huggyllama/llama-7b,dummy-lora-7b-rank-128-1,264,45,335.89451040632775
2650,huggyllama/llama-7b,dummy-lora-7b-rank-8-0,748,24,335.92392184650896
2651,huggyllama/llama-7b,dummy-lora-7b-rank-16-1,320,42,336.0425483420605
2652,huggyllama/llama-7b,dummy-lora-7b-rank-8-3,422,68,336.0477113199558
2653,huggyllama/llama-7b,dummy-lora-7b-rank-32-0,215,41,336.2158585646206
2654,huggyllama/llama-7b,dummy-lora-7b-rank-8-4,614,52,336.24764019084654
2655,huggyllama/llama-7b,dummy-lora-7b-rank-8-1,428,44,336.55199444366
2656,huggyllama/llama-7b,dummy-lora-7b-rank-8-3,691,21,336.5646109856994
2657,huggyllama/llama-7b,dummy-lora-7b-rank-32-2,498,50,336.988582285978
2658,huggyllama/llama-7b,dummy-lora-7b-rank-32-0,379,5,337.0260143529562
2659,huggyllama/llama-7b,dummy-lora-7b-rank-8-0,556,21,337.23599389603754
2660,huggyllama/llama-7b,dummy-lora-7b-rank-64-3,357,54,337.2627213669627
2661,huggyllama/llama-7b,dummy-lora-7b-rank-64-0,404,42,337.55875723979847
2662,huggyllama/llama-7b,dummy-lora-7b-rank-8-2,107,62,337.56440703760745
2663,huggyllama/llama-7b,dummy-lora-7b-rank-128-2,238,4,337.62911153791083
2664,huggyllama/llama-7b,dummy-lora-7b-rank-8-2,723,20,337.71455699189073
2665,huggyllama/llama-7b,dummy-lora-7b-rank-16-2,650,31,337.7286310121915
2666,huggyllama/llama-7b,dummy-lora-7b-rank-128-4,526,67,338.0972237650865
2667,huggyllama/llama-7b,dummy-lora-7b-rank-128-0,334,9,338.3482544912914
2668,huggyllama/llama-7b,dummy-lora-7b-rank-16-1,686,11,338.52401593897264
2669,huggyllama/llama-7b,dummy-lora-7b-rank-128-0,143,68,338.5304032593196
2670,huggyllama/llama-7b,dummy-lora-7b-rank-16-4,499,14,338.8642827509645
2671,huggyllama/llama-7b,dummy-lora-7b-rank-64-4,566,28,338.95554540234474
2672,huggyllama/llama-7b,dummy-lora-7b-rank-16-1,201,67,339.00305217200446
2673,huggyllama/llama-7b,dummy-lora-7b-rank-8-2,242,46,339.1516272485775
2674,huggyllama/llama-7b,dummy-lora-7b-rank-16-3,403,144,339.15288035594335
2675,huggyllama/llama-7b,dummy-lora-7b-rank-128-3,227,52,339.15513773750683
2676,huggyllama/llama-7b,dummy-lora-7b-rank-16-0,527,11,339.1731966468182
2677,huggyllama/llama-7b,dummy-lora-7b-rank-128-3,306,41,339.23855875913523
2678,huggyllama/llama-7b,dummy-lora-7b-rank-8-2,437,7,339.3656852303518
2679,huggyllama/llama-7b,dummy-lora-7b-rank-32-2,615,23,339.4125384210379
2680,huggyllama/llama-7b,dummy-lora-7b-rank-16-4,244,80,339.5900454030612
2681,huggyllama/llama-7b,dummy-lora-7b-rank-16-2,558,24,339.7057975177827
2682,huggyllama/llama-7b,dummy-lora-7b-rank-16-1,628,8,339.72454012004715
2683,huggyllama/llama-7b,dummy-lora-7b-rank-8-1,480,43,339.7474606487131
2684,huggyllama/llama-7b,dummy-lora-7b-rank-16-0,361,46,339.76471159468935
2685,huggyllama/llama-7b,dummy-lora-7b-rank-16-1,254,54,340.0360684184613
2686,huggyllama/llama-7b,dummy-lora-7b-rank-16-1,560,25,340.25864338328336
2687,huggyllama/llama-7b,dummy-lora-7b-rank-64-2,652,11,340.4501418867585
2688,huggyllama/llama-7b,dummy-lora-7b-rank-16-4,919,21,340.4695787376021
2689,huggyllama/llama-7b,dummy-lora-7b-rank-32-4,283,58,340.66213270058864
2690,huggyllama/llama-7b,dummy-lora-7b-rank-8-3,549,52,340.6926725705691
2691,huggyllama/llama-7b,dummy-lora-7b-rank-32-2,651,18,340.7326337959682
2692,huggyllama/llama-7b,dummy-lora-7b-rank-64-1,260,8,340.76337319348653
2693,huggyllama/llama-7b,dummy-lora-7b-rank-8-2,479,49,340.84558457108625
2694,huggyllama/llama-7b,dummy-lora-7b-rank-16-4,305,58,341.0306530672568
2695,huggyllama/llama-7b,dummy-lora-7b-rank-128-2,374,35,341.23927194399846
2696,huggyllama/llama-7b,dummy-lora-7b-rank-8-1,447,47,341.33421559595394
2697,huggyllama/llama-7b,dummy-lora-7b-rank-64-3,611,8,341.3533705742515
2698,huggyllama/llama-7b,dummy-lora-7b-rank-8-3,318,49,341.35540082040785
2699,huggyllama/llama-7b,dummy-lora-7b-rank-8-1,587,17,341.46963448350544
2700,huggyllama/llama-7b,dummy-lora-7b-rank-8-1,562,40,341.54206479315485
2701,huggyllama/llama-7b,dummy-lora-7b-rank-8-2,126,35,341.67512859935584
2702,huggyllama/llama-7b,dummy-lora-7b-rank-128-1,550,18,341.7222799641912
2703,huggyllama/llama-7b,dummy-lora-7b-rank-64-1,562,15,341.9564622444212
2704,huggyllama/llama-7b,dummy-lora-7b-rank-32-4,320,50,342.1890123435804
2705,huggyllama/llama-7b,dummy-lora-7b-rank-128-0,419,45,342.22835719787776
2706,huggyllama/llama-7b,dummy-lora-7b-rank-128-3,550,18,342.7072149921916
2707,huggyllama/llama-7b,dummy-lora-7b-rank-8-2,548,35,343.4259596977403
2708,huggyllama/llama-7b,dummy-lora-7b-rank-128-3,420,51,343.5266271072999
2709,huggyllama/llama-7b,dummy-lora-7b-rank-32-4,444,47,343.6786349318756
2710,huggyllama/llama-7b,dummy-lora-7b-rank-64-3,570,29,343.8104755246685
2711,huggyllama/llama-7b,dummy-lora-7b-rank-32-3,463,46,343.9463830856028
2712,huggyllama/llama-7b,dummy-lora-7b-rank-32-3,594,25,344.2701465982026
2713,huggyllama/llama-7b,dummy-lora-7b-rank-8-4,550,18,344.3253742133324
2714,huggyllama/llama-7b,dummy-lora-7b-rank-32-2,384,172,344.4900526264796
2715,huggyllama/llama-7b,dummy-lora-7b-rank-128-4,600,87,344.5010696771163
2716,huggyllama/llama-7b,dummy-lora-7b-rank-64-3,609,22,344.627422967221
2717,huggyllama/llama-7b,dummy-lora-7b-rank-64-2,329,9,345.0070331216891
2718,huggyllama/llama-7b,dummy-lora-7b-rank-128-1,625,33,345.0453812379299
2719,huggyllama/llama-7b,dummy-lora-7b-rank-32-0,550,20,345.2283097452798
2720,huggyllama/llama-7b,dummy-lora-7b-rank-64-3,680,10,345.23669824158065
2721,huggyllama/llama-7b,dummy-lora-7b-rank-128-0,590,41,345.26481533684023
2722,huggyllama/llama-7b,dummy-lora-7b-rank-8-2,350,14,345.5050002725218
2723,huggyllama/llama-7b,dummy-lora-7b-rank-64-1,831,77,345.6107998796605
2724,huggyllama/llama-7b,dummy-lora-7b-rank-16-1,350,131,345.7078673998785
2725,huggyllama/llama-7b,dummy-lora-7b-rank-64-4,583,53,345.72430458034717
2726,huggyllama/llama-7b,dummy-lora-7b-rank-128-1,405,11,345.8694392460754
2727,huggyllama/llama-7b,dummy-lora-7b-rank-32-0,364,65,345.9038833050145
2728,huggyllama/llama-7b,dummy-lora-7b-rank-64-0,408,6,346.0220993758098
2729,huggyllama/llama-7b,dummy-lora-7b-rank-32-2,1011,12,346.0653425733025
2730,huggyllama/llama-7b,dummy-lora-7b-rank-8-1,579,27,346.1148967784184
2731,huggyllama/llama-7b,dummy-lora-7b-rank-128-0,603,10,346.1745072112446
2732,huggyllama/llama-7b,dummy-lora-7b-rank-64-4,630,10,346.2660190481609
2733,huggyllama/llama-7b,dummy-lora-7b-rank-16-0,582,15,346.27205056260004
2734,huggyllama/llama-7b,dummy-lora-7b-rank-16-0,662,38,346.35683403546204
2735,huggyllama/llama-7b,dummy-lora-7b-rank-64-2,660,57,346.5246887600716
2736,huggyllama/llama-7b,dummy-lora-7b-rank-128-1,406,47,346.5830318560103
2737,huggyllama/llama-7b,dummy-lora-7b-rank-8-1,600,75,346.5832526928658
2738,huggyllama/llama-7b,dummy-lora-7b-rank-8-3,746,34,346.5923733146367
2739,huggyllama/llama-7b,dummy-lora-7b-rank-128-4,365,7,346.6258933777343
2740,huggyllama/llama-7b,dummy-lora-7b-rank-64-4,252,43,346.63975475024
2741,huggyllama/llama-7b,dummy-lora-7b-rank-64-1,539,53,346.7405309425833
2742,huggyllama/llama-7b,dummy-lora-7b-rank-32-1,384,84,347.0587932041513
2743,huggyllama/llama-7b,dummy-lora-7b-rank-32-4,259,7,347.35052008712665
2744,huggyllama/llama-7b,dummy-lora-7b-rank-16-3,560,22,347.6145611736297
2745,huggyllama/llama-7b,dummy-lora-7b-rank-32-3,262,46,347.8094321707353
2746,huggyllama/llama-7b,dummy-lora-7b-rank-128-0,607,21,347.9723441728027
2747,huggyllama/llama-7b,dummy-lora-7b-rank-16-0,605,22,348.12175606365463
2748,huggyllama/llama-7b,dummy-lora-7b-rank-64-1,564,25,348.1388508194821
2749,huggyllama/llama-7b,dummy-lora-7b-rank-16-3,1012,12,348.15016593127746
2750,huggyllama/llama-7b,dummy-lora-7b-rank-128-4,560,23,348.31272853457443
2751,huggyllama/llama-7b,dummy-lora-7b-rank-64-3,380,13,348.6450122510061
2752,huggyllama/llama-7b,dummy-lora-7b-rank-32-4,799,12,348.73493474891654
2753,huggyllama/llama-7b,dummy-lora-7b-rank-32-1,351,43,348.75277427818037
2754,huggyllama/llama-7b,dummy-lora-7b-rank-16-3,143,115,348.7842353810741
2755,huggyllama/llama-7b,dummy-lora-7b-rank-128-1,456,47,348.9835992730317
2756,huggyllama/llama-7b,dummy-lora-7b-rank-32-2,245,7,349.19237704753704
2757,huggyllama/llama-7b,dummy-lora-7b-rank-128-4,363,45,349.4620787651964
2758,huggyllama/llama-7b,dummy-lora-7b-rank-64-4,552,21,349.7128682445791
2759,huggyllama/llama-7b,dummy-lora-7b-rank-16-1,290,47,349.7664304285617
2760,huggyllama/llama-7b,dummy-lora-7b-rank-64-1,471,6,349.77064480949247
2761,huggyllama/llama-7b,dummy-lora-7b-rank-128-1,588,19,350.0627192897879
2762,huggyllama/llama-7b,dummy-lora-7b-rank-8-3,184,61,350.2429707229229
2763,huggyllama/llama-7b,dummy-lora-7b-rank-32-0,894,44,350.31934497524264
2764,huggyllama/llama-7b,dummy-lora-7b-rank-8-3,742,48,350.40861497124865
2765,huggyllama/llama-7b,dummy-lora-7b-rank-128-0,632,25,350.5065714885211
2766,huggyllama/llama-7b,dummy-lora-7b-rank-32-0,568,26,350.5600388535255
2767,huggyllama/llama-7b,dummy-lora-7b-rank-64-0,237,49,350.5938871823747
2768,huggyllama/llama-7b,dummy-lora-7b-rank-128-0,554,19,350.6972340386522
2769,huggyllama/llama-7b,dummy-lora-7b-rank-16-4,343,10,350.78697695036664
2770,huggyllama/llama-7b,dummy-lora-7b-rank-64-3,55,46,350.92063190644427
2771,huggyllama/llama-7b,dummy-lora-7b-rank-64-0,574,22,350.9604915057325
2772,huggyllama/llama-7b,dummy-lora-7b-rank-128-4,326,45,351.3324301618902
2773,huggyllama/llama-7b,dummy-lora-7b-rank-32-4,294,76,351.5909584393241
2774,huggyllama/llama-7b,dummy-lora-7b-rank-64-3,868,73,351.72298764281146
2775,huggyllama/llama-7b,dummy-lora-7b-rank-128-2,81,56,351.87313527761614
2776,huggyllama/llama-7b,dummy-lora-7b-rank-8-0,388,50,351.9033975915418
2777,huggyllama/llama-7b,dummy-lora-7b-rank-16-4,558,22,351.9611419025899
2778,huggyllama/llama-7b,dummy-lora-7b-rank-16-0,591,52,352.22043332968093
2779,huggyllama/llama-7b,dummy-lora-7b-rank-8-2,602,107,352.49723708537425
2780,huggyllama/llama-7b,dummy-lora-7b-rank-64-3,832,13,352.62111853130403
2781,huggyllama/llama-7b,dummy-lora-7b-rank-16-0,593,3,352.6416303250952
2782,huggyllama/llama-7b,dummy-lora-7b-rank-128-3,431,44,352.6936750263737
2783,huggyllama/llama-7b,dummy-lora-7b-rank-128-2,504,73,352.76993879566135
2784,huggyllama/llama-7b,dummy-lora-7b-rank-64-2,500,10,352.8042930941564
2785,huggyllama/llama-7b,dummy-lora-7b-rank-32-4,101,29,353.029370819899
2786,huggyllama/llama-7b,dummy-lora-7b-rank-8-0,628,9,353.0316309975378
2787,huggyllama/llama-7b,dummy-lora-7b-rank-128-2,262,139,353.0653645840633
2788,huggyllama/llama-7b,dummy-lora-7b-rank-128-1,582,9,353.26737322343985
2789,huggyllama/llama-7b,dummy-lora-7b-rank-128-1,708,12,353.3169229235714
2790,huggyllama/llama-7b,dummy-lora-7b-rank-128-1,566,27,353.42916214481164
2791,huggyllama/llama-7b,dummy-lora-7b-rank-128-4,608,19,353.4851612682157
2792,huggyllama/llama-7b,dummy-lora-7b-rank-8-3,560,21,353.4941930412046
2793,huggyllama/llama-7b,dummy-lora-7b-rank-128-4,719,106,353.65599184542214
2794,huggyllama/llama-7b,dummy-lora-7b-rank-16-2,292,59,353.8295001509391
2795,huggyllama/llama-7b,dummy-lora-7b-rank-32-4,420,52,354.23369216289353
2796,huggyllama/llama-7b,dummy-lora-7b-rank-16-1,205,99,354.23977565684163
2797,huggyllama/llama-7b,dummy-lora-7b-rank-16-0,215,8,354.3993225620327
2798,huggyllama/llama-7b,dummy-lora-7b-rank-32-3,510,66,354.5130850615866
2799,huggyllama/llama-7b,dummy-lora-7b-rank-16-1,554,20,354.5818435124148
2800,huggyllama/llama-7b,dummy-lora-7b-rank-128-2,679,42,354.9974463434917
2801,huggyllama/llama-7b,dummy-lora-7b-rank-8-0,623,29,355.4785761116059
2802,huggyllama/llama-7b,dummy-lora-7b-rank-64-1,554,20,355.5637046479967
2803,huggyllama/llama-7b,dummy-lora-7b-rank-8-1,349,41,355.58668441349994
2804,huggyllama/llama-7b,dummy-lora-7b-rank-64-3,500,75,355.5884235145948
2805,huggyllama/llama-7b,dummy-lora-7b-rank-8-3,384,109,355.6150506835603
2806,huggyllama/llama-7b,dummy-lora-7b-rank-32-1,551,11,355.7044079700457
2807,huggyllama/llama-7b,dummy-lora-7b-rank-32-0,794,13,355.95929280452253
2808,huggyllama/llama-7b,dummy-lora-7b-rank-128-1,611,19,355.9793356998261
2809,huggyllama/llama-7b,dummy-lora-7b-rank-8-1,177,4,356.19940434089574
2810,huggyllama/llama-7b,dummy-lora-7b-rank-64-2,554,21,356.214115958611
2811,huggyllama/llama-7b,dummy-lora-7b-rank-8-1,419,49,356.4494731598997
2812,huggyllama/llama-7b,dummy-lora-7b-rank-64-3,320,254,356.5226694264176
2813,huggyllama/llama-7b,dummy-lora-7b-rank-32-1,759,19,356.7586410379338
2814,huggyllama/llama-7b,dummy-lora-7b-rank-32-1,594,40,356.8510895181168
2815,huggyllama/llama-7b,dummy-lora-7b-rank-8-2,539,9,356.8741493529085
2816,huggyllama/llama-7b,dummy-lora-7b-rank-8-4,415,5,356.91042043640084
2817,huggyllama/llama-7b,dummy-lora-7b-rank-8-1,607,18,357.0601961663321
2818,huggyllama/llama-7b,dummy-lora-7b-rank-16-0,765,10,357.14625608623214
2819,huggyllama/llama-7b,dummy-lora-7b-rank-16-0,570,29,357.5818536912084
2820,huggyllama/llama-7b,dummy-lora-7b-rank-32-0,98,44,358.04885680339805
2821,huggyllama/llama-7b,dummy-lora-7b-rank-64-0,487,26,358.0595300389028
2822,huggyllama/llama-7b,dummy-lora-7b-rank-8-1,560,27,358.1387038885969
2823,huggyllama/llama-7b,dummy-lora-7b-rank-16-0,217,83,358.2341764210249
2824,huggyllama/llama-7b,dummy-lora-7b-rank-128-4,602,2,358.41127507352167
2825,huggyllama/llama-7b,dummy-lora-7b-rank-8-4,570,25,358.5686084519473
2826,huggyllama/llama-7b,dummy-lora-7b-rank-128-0,858,60,358.57615290288334
2827,huggyllama/llama-7b,dummy-lora-7b-rank-32-2,552,20,358.7056966957731
2828,huggyllama/llama-7b,dummy-lora-7b-rank-32-2,562,15,358.80071601935595
2829,huggyllama/llama-7b,dummy-lora-7b-rank-32-0,942,57,359.0273243040489
2830,huggyllama/llama-7b,dummy-lora-7b-rank-32-4,81,61,359.07046803437555
2831,huggyllama/llama-7b,dummy-lora-7b-rank-8-4,315,7,359.30898631822106
2832,huggyllama/llama-7b,dummy-lora-7b-rank-16-3,335,44,359.32610366766954
2833,huggyllama/llama-7b,dummy-lora-7b-rank-8-4,612,21,359.3833187669723
2834,huggyllama/llama-7b,dummy-lora-7b-rank-64-3,607,3,359.5226470684785
2835,huggyllama/llama-7b,dummy-lora-7b-rank-32-4,311,113,359.5988450425631
2836,huggyllama/llama-7b,dummy-lora-7b-rank-128-0,582,14,359.69683099496757
2837,huggyllama/llama-7b,dummy-lora-7b-rank-16-1,175,52,359.79037934313254
2838,huggyllama/llama-7b,dummy-lora-7b-rank-32-2,741,47,359.94572026259016
2839,huggyllama/llama-7b,dummy-lora-7b-rank-32-0,566,28,359.97419511954814
2840,huggyllama/llama-7b,dummy-lora-7b-rank-32-1,511,50,360.04410046625304
2841,huggyllama/llama-7b,dummy-lora-7b-rank-32-0,260,8,360.141853297649
2842,huggyllama/llama-7b,dummy-lora-7b-rank-64-0,237,53,360.267322391455
2843,huggyllama/llama-7b,dummy-lora-7b-rank-128-4,570,29,360.80299617363005
2844,huggyllama/llama-7b,dummy-lora-7b-rank-128-0,586,19,360.86190419583954
2845,huggyllama/llama-7b,dummy-lora-7b-rank-32-0,213,125,360.95524953612824
2846,huggyllama/llama-7b,dummy-lora-7b-rank-16-3,462,4,361.16388645699533
2847,huggyllama/llama-7b,dummy-lora-7b-rank-128-0,457,48,361.1764389727643
2848,huggyllama/llama-7b,dummy-lora-7b-rank-16-0,676,65,361.1836966260075
2849,huggyllama/llama-7b,dummy-lora-7b-rank-64-4,914,35,361.2801118094527
2850,huggyllama/llama-7b,dummy-lora-7b-rank-64-2,556,21,361.3516057218977
2851,huggyllama/llama-7b,dummy-lora-7b-rank-8-2,405,48,361.5211600653092
2852,huggyllama/llama-7b,dummy-lora-7b-rank-128-3,552,21,361.53521220190163
2853,huggyllama/llama-7b,dummy-lora-7b-rank-8-1,566,27,361.5736429001275
2854,huggyllama/llama-7b,dummy-lora-7b-rank-128-2,90,21,361.62430874401
2855,huggyllama/llama-7b,dummy-lora-7b-rank-16-0,609,20,361.6692392240485
2856,huggyllama/llama-7b,dummy-lora-7b-rank-8-2,288,47,361.7158973752909
2857,huggyllama/llama-7b,dummy-lora-7b-rank-128-4,691,9,361.7549515733559
2858,huggyllama/llama-7b,dummy-lora-7b-rank-128-3,584,13,361.8762240218426
2859,huggyllama/llama-7b,dummy-lora-7b-rank-32-3,612,20,362.11413661871273
2860,huggyllama/llama-7b,dummy-lora-7b-rank-64-4,641,91,362.15380762957557
2861,huggyllama/llama-7b,dummy-lora-7b-rank-8-1,298,42,362.2931807189855
2862,huggyllama/llama-7b,dummy-lora-7b-rank-128-4,481,10,362.2960176824385
2863,huggyllama/llama-7b,dummy-lora-7b-rank-64-0,493,67,362.4925214301769
2864,huggyllama/llama-7b,dummy-lora-7b-rank-16-1,310,54,362.530614460667
2865,huggyllama/llama-7b,dummy-lora-7b-rank-8-3,652,108,362.5502398708809
2866,huggyllama/llama-7b,dummy-lora-7b-rank-8-0,587,96,362.56481154712264
2867,huggyllama/llama-7b,dummy-lora-7b-rank-128-2,330,50,362.6757647724817
2868,huggyllama/llama-7b,dummy-lora-7b-rank-32-2,436,6,362.7563612958504
2869,huggyllama/llama-7b,dummy-lora-7b-rank-64-1,436,20,362.91672551095246
2870,huggyllama/llama-7b,dummy-lora-7b-rank-16-1,196,38,363.3056859225707
2871,huggyllama/llama-7b,dummy-lora-7b-rank-64-2,337,58,363.6518820295201
2872,huggyllama/llama-7b,dummy-lora-7b-rank-64-1,277,134,363.6584353208433
2873,huggyllama/llama-7b,dummy-lora-7b-rank-128-2,179,48,363.69949556316305
2874,huggyllama/llama-7b,dummy-lora-7b-rank-16-3,603,17,363.7171728158256
2875,huggyllama/llama-7b,dummy-lora-7b-rank-16-1,908,8,363.74186055697794
2876,huggyllama/llama-7b,dummy-lora-7b-rank-16-3,610,33,363.78880655210446
2877,huggyllama/llama-7b,dummy-lora-7b-rank-32-3,306,191,363.97553824835705
2878,huggyllama/llama-7b,dummy-lora-7b-rank-8-1,476,8,364.0123612270144
2879,huggyllama/llama-7b,dummy-lora-7b-rank-128-0,800,45,364.0904811538879
2880,huggyllama/llama-7b,dummy-lora-7b-rank-8-3,378,9,364.26166001569686
2881,huggyllama/llama-7b,dummy-lora-7b-rank-16-0,587,4,364.38373494686454
2882,huggyllama/llama-7b,dummy-lora-7b-rank-8-0,499,62,364.43116966110097
2883,huggyllama/llama-7b,dummy-lora-7b-rank-16-0,558,20,364.44240194268156
2884,huggyllama/llama-7b,dummy-lora-7b-rank-128-2,607,17,364.4999526518365
2885,huggyllama/llama-7b,dummy-lora-7b-rank-16-4,313,55,364.6465196117913
2886,huggyllama/llama-7b,dummy-lora-7b-rank-8-3,159,29,364.74395292086456
2887,huggyllama/llama-7b,dummy-lora-7b-rank-8-3,338,40,364.97692766140375
2888,huggyllama/llama-7b,dummy-lora-7b-rank-32-3,513,9,364.98832811869244
2889,huggyllama/llama-7b,dummy-lora-7b-rank-32-3,597,2,365.0862869228885
2890,huggyllama/llama-7b,dummy-lora-7b-rank-8-1,910,59,365.3144936773502
2891,huggyllama/llama-7b,dummy-lora-7b-rank-16-2,93,52,365.5986020847178
2892,huggyllama/llama-7b,dummy-lora-7b-rank-8-2,185,44,365.6044203428192
2893,huggyllama/llama-7b,dummy-lora-7b-rank-128-1,211,48,365.65831821527655
2894,huggyllama/llama-7b,dummy-lora-7b-rank-64-1,424,47,365.7348761002031
2895,huggyllama/llama-7b,dummy-lora-7b-rank-16-0,679,8,365.74956092325044
2896,huggyllama/llama-7b,dummy-lora-7b-rank-16-0,574,20,365.8052220999736
2897,huggyllama/llama-7b,dummy-lora-7b-rank-8-0,536,101,365.85398843938924
2898,huggyllama/llama-7b,dummy-lora-7b-rank-16-0,423,68,365.98009986855084
2899,huggyllama/llama-7b,dummy-lora-7b-rank-128-1,686,40,365.98746915423305
2900,huggyllama/llama-7b,dummy-lora-7b-rank-128-3,578,11,366.1184141281911
2901,huggyllama/llama-7b,dummy-lora-7b-rank-16-1,767,15,366.15096067006783
2902,huggyllama/llama-7b,dummy-lora-7b-rank-16-4,569,69,366.2498581743939
2903,huggyllama/llama-7b,dummy-lora-7b-rank-64-3,741,12,366.39395157651273
2904,huggyllama/llama-7b,dummy-lora-7b-rank-8-0,261,71,366.4908361794861
2905,huggyllama/llama-7b,dummy-lora-7b-rank-32-2,451,115,366.51814846246606
2906,huggyllama/llama-7b,dummy-lora-7b-rank-8-2,917,75,366.6073787487504
2907,huggyllama/llama-7b,dummy-lora-7b-rank-128-0,568,29,366.70173892759755
2908,huggyllama/llama-7b,dummy-lora-7b-rank-8-1,558,7,366.732068822793
2909,huggyllama/llama-7b,dummy-lora-7b-rank-16-2,605,11,366.82649270849765
2910,huggyllama/llama-7b,dummy-lora-7b-rank-128-3,568,28,366.9468521230319
2911,huggyllama/llama-7b,dummy-lora-7b-rank-64-0,550,18,366.9557239799377
2912,huggyllama/llama-7b,dummy-lora-7b-rank-64-0,379,50,367.00708913431566
2913,huggyllama/llama-7b,dummy-lora-7b-rank-128-3,993,3,367.5885295002801
2914,huggyllama/llama-7b,dummy-lora-7b-rank-64-0,382,145,367.7453175791513
2915,huggyllama/llama-7b,dummy-lora-7b-rank-64-0,103,45,367.8436000703683
2916,huggyllama/llama-7b,dummy-lora-7b-rank-32-2,564,28,367.8983309693418
2917,huggyllama/llama-7b,dummy-lora-7b-rank-16-0,395,9,367.9421833754436
2918,huggyllama/llama-7b,dummy-lora-7b-rank-8-0,547,60,368.015684242771
2919,huggyllama/llama-7b,dummy-lora-7b-rank-8-3,362,49,368.0658517014227
2920,huggyllama/llama-7b,dummy-lora-7b-rank-16-0,204,8,368.0773502884941
2921,huggyllama/llama-7b,dummy-lora-7b-rank-128-0,721,18,368.287016423478
2922,huggyllama/llama-7b,dummy-lora-7b-rank-128-2,709,24,368.5464997180496
2923,huggyllama/llama-7b,dummy-lora-7b-rank-128-1,330,66,368.59291562876257
2924,huggyllama/llama-7b,dummy-lora-7b-rank-16-0,296,55,368.70539505367725
2925,huggyllama/llama-7b,dummy-lora-7b-rank-128-2,1003,41,369.4155614185612
2926,huggyllama/llama-7b,dummy-lora-7b-rank-16-3,234,44,369.6166282523046
2927,huggyllama/llama-7b,dummy-lora-7b-rank-8-1,980,20,369.91989229244837
2928,huggyllama/llama-7b,dummy-lora-7b-rank-32-2,633,21,370.0507397121083
2929,huggyllama/llama-7b,dummy-lora-7b-rank-8-3,338,47,370.08690922319636
2930,huggyllama/llama-7b,dummy-lora-7b-rank-16-3,398,45,370.16350447927783
2931,huggyllama/llama-7b,dummy-lora-7b-rank-128-3,397,96,370.20350674224187
2932,huggyllama/llama-7b,dummy-lora-7b-rank-64-4,446,62,370.2608104479029
2933,huggyllama/llama-7b,dummy-lora-7b-rank-32-4,318,10,370.30925194876517
2934,huggyllama/llama-7b,dummy-lora-7b-rank-128-2,443,39,370.32070612699
2935,huggyllama/llama-7b,dummy-lora-7b-rank-32-2,720,74,370.36310992124737
2936,huggyllama/llama-7b,dummy-lora-7b-rank-16-0,552,18,370.3670428142993
2937,huggyllama/llama-7b,dummy-lora-7b-rank-16-3,546,13,370.412281165643
2938,huggyllama/llama-7b,dummy-lora-7b-rank-128-1,958,11,370.5856213204926
2939,huggyllama/llama-7b,dummy-lora-7b-rank-8-1,588,38,371.2557386746727
2940,huggyllama/llama-7b,dummy-lora-7b-rank-16-1,482,11,371.3581612044012
2941,huggyllama/llama-7b,dummy-lora-7b-rank-128-1,629,54,371.4500674826129
2942,huggyllama/llama-7b,dummy-lora-7b-rank-128-3,562,20,371.7475537979951
2943,huggyllama/llama-7b,dummy-lora-7b-rank-8-2,588,41,371.782122035202
2944,huggyllama/llama-7b,dummy-lora-7b-rank-32-4,391,9,371.94835140964466
2945,huggyllama/llama-7b,dummy-lora-7b-rank-128-2,473,6,372.2028956165737
2946,huggyllama/llama-7b,dummy-lora-7b-rank-8-1,563,49,372.21121037583606
2947,huggyllama/llama-7b,dummy-lora-7b-rank-8-2,114,34,372.3107958724995
2948,huggyllama/llama-7b,dummy-lora-7b-rank-16-1,556,23,372.67088742028255
2949,huggyllama/llama-7b,dummy-lora-7b-rank-32-0,437,41,372.6789418313803
2950,huggyllama/llama-7b,dummy-lora-7b-rank-128-1,95,53,372.8049710477256
2951,huggyllama/llama-7b,dummy-lora-7b-rank-8-4,688,130,372.8824469140856
2952,huggyllama/llama-7b,dummy-lora-7b-rank-8-2,286,214,373.02988315029876
2953,huggyllama/llama-7b,dummy-lora-7b-rank-16-3,454,10,373.10925525608724
2954,huggyllama/llama-7b,dummy-lora-7b-rank-16-2,546,19,373.4532603192061
2955,huggyllama/llama-7b,dummy-lora-7b-rank-16-1,560,20,373.56758774664013
2956,huggyllama/llama-7b,dummy-lora-7b-rank-32-1,263,46,373.5781129804366
2957,huggyllama/llama-7b,dummy-lora-7b-rank-8-2,590,13,373.66404996265135
2958,huggyllama/llama-7b,dummy-lora-7b-rank-64-4,560,25,373.66890939396967
2959,huggyllama/llama-7b,dummy-lora-7b-rank-64-2,751,20,373.7302506320498
2960,huggyllama/llama-7b,dummy-lora-7b-rank-128-2,323,74,373.7791529152117
2961,huggyllama/llama-7b,dummy-lora-7b-rank-32-1,556,23,373.88170331319833
2962,huggyllama/llama-7b,dummy-lora-7b-rank-16-1,557,62,374.00268300572003
2963,huggyllama/llama-7b,dummy-lora-7b-rank-128-2,596,57,374.1183590079253
2964,huggyllama/llama-7b,dummy-lora-7b-rank-64-1,563,67,374.2517326611881
2965,huggyllama/llama-7b,dummy-lora-7b-rank-128-4,337,53,374.6275485941989
2966,huggyllama/llama-7b,dummy-lora-7b-rank-8-3,566,26,374.6501005431639
2967,huggyllama/llama-7b,dummy-lora-7b-rank-16-4,660,89,374.66843472402275
2968,huggyllama/llama-7b,dummy-lora-7b-rank-8-4,688,43,374.8012202776525
2969,huggyllama/llama-7b,dummy-lora-7b-rank-128-0,562,21,374.8027898960088
2970,huggyllama/llama-7b,dummy-lora-7b-rank-128-4,226,46,374.81593951672687
2971,huggyllama/llama-7b,dummy-lora-7b-rank-8-2,804,16,374.82952958417553
2972,huggyllama/llama-7b,dummy-lora-7b-rank-16-2,103,51,374.90849029903876
2973,huggyllama/llama-7b,dummy-lora-7b-rank-8-3,748,66,375.071467863049
2974,huggyllama/llama-7b,dummy-lora-7b-rank-32-1,560,26,375.0793728478389
2975,huggyllama/llama-7b,dummy-lora-7b-rank-16-3,453,45,375.27299356294014
2976,huggyllama/llama-7b,dummy-lora-7b-rank-32-2,593,3,375.29871436017754
2977,huggyllama/llama-7b,dummy-lora-7b-rank-16-2,558,22,375.43798935027775
2978,huggyllama/llama-7b,dummy-lora-7b-rank-128-3,480,16,375.4925154963359
2979,huggyllama/llama-7b,dummy-lora-7b-rank-8-1,416,5,375.6887193752216
2980,huggyllama/llama-7b,dummy-lora-7b-rank-8-1,560,26,375.8122565662996
2981,huggyllama/llama-7b,dummy-lora-7b-rank-128-0,62,53,376.1768898194833
2982,huggyllama/llama-7b,dummy-lora-7b-rank-16-0,511,46,376.41018833902706
2983,huggyllama/llama-7b,dummy-lora-7b-rank-8-2,548,17,376.6378660624153
2984,huggyllama/llama-7b,dummy-lora-7b-rank-32-2,454,7,376.8521593691454
2985,huggyllama/llama-7b,dummy-lora-7b-rank-32-3,415,210,377.00243966154335
2986,huggyllama/llama-7b,dummy-lora-7b-rank-8-4,797,45,377.0775970820156
2987,huggyllama/llama-7b,dummy-lora-7b-rank-8-4,370,49,377.14365830422656
2988,huggyllama/llama-7b,dummy-lora-7b-rank-32-4,333,45,377.3519451667704
2989,huggyllama/llama-7b,dummy-lora-7b-rank-16-2,550,18,377.4640363292721
2990,huggyllama/llama-7b,dummy-lora-7b-rank-16-3,501,62,377.5226903401609
2991,huggyllama/llama-7b,dummy-lora-7b-rank-128-3,576,34,377.52319600173354
2992,huggyllama/llama-7b,dummy-lora-7b-rank-128-3,605,19,377.5522907718314
2993,huggyllama/llama-7b,dummy-lora-7b-rank-128-1,501,11,377.6481492322042
2994,huggyllama/llama-7b,dummy-lora-7b-rank-8-2,772,10,377.7225066930292
2995,huggyllama/llama-7b,dummy-lora-7b-rank-8-4,719,104,377.7531856833855
2996,huggyllama/llama-7b,dummy-lora-7b-rank-8-2,555,11,377.7782503072453
2997,huggyllama/llama-7b,dummy-lora-7b-rank-64-0,476,9,377.8416549824346
2998,huggyllama/llama-7b,dummy-lora-7b-rank-32-1,495,52,377.91536666587683
2999,huggyllama/llama-7b,dummy-lora-7b-rank-16-3,236,49,378.0336092263815
3000,huggyllama/llama-7b,dummy-lora-7b-rank-32-4,722,6,378.2622614712484
3001,huggyllama/llama-7b,dummy-lora-7b-rank-16-1,267,3,378.2731130368775
3002,huggyllama/llama-7b,dummy-lora-7b-rank-128-3,580,125,378.33697053429927
3003,huggyllama/llama-7b,dummy-lora-7b-rank-64-0,453,38,378.35993879730296
3004,huggyllama/llama-7b,dummy-lora-7b-rank-64-0,633,72,378.4736581772979
3005,huggyllama/llama-7b,dummy-lora-7b-rank-128-2,809,8,378.5250677451045
3006,huggyllama/llama-7b,dummy-lora-7b-rank-8-0,552,10,378.86327707100645
3007,huggyllama/llama-7b,dummy-lora-7b-rank-128-1,616,246,378.90647695026666
3008,huggyllama/llama-7b,dummy-lora-7b-rank-64-4,970,71,379.20305357478645
3009,huggyllama/llama-7b,dummy-lora-7b-rank-64-4,654,71,379.21678259295174
3010,huggyllama/llama-7b,dummy-lora-7b-rank-64-4,285,156,379.29094820343647
3011,huggyllama/llama-7b,dummy-lora-7b-rank-32-4,323,9,379.3407974631775
3012,huggyllama/llama-7b,dummy-lora-7b-rank-32-4,285,60,379.4364874918952
3013,huggyllama/llama-7b,dummy-lora-7b-rank-16-4,562,26,379.4664213094164
3014,huggyllama/llama-7b,dummy-lora-7b-rank-32-3,264,47,379.7729287693096
3015,huggyllama/llama-7b,dummy-lora-7b-rank-128-0,687,20,379.7755920914618
3016,huggyllama/llama-7b,dummy-lora-7b-rank-16-1,687,69,379.92961652797936
3017,huggyllama/llama-7b,dummy-lora-7b-rank-32-1,237,11,380.0826053615207
3018,huggyllama/llama-7b,dummy-lora-7b-rank-32-2,835,99,380.19827267832596
3019,huggyllama/llama-7b,dummy-lora-7b-rank-128-3,740,59,380.30838286978604
3020,huggyllama/llama-7b,dummy-lora-7b-rank-8-0,627,31,380.3473689855392
3021,huggyllama/llama-7b,dummy-lora-7b-rank-16-0,384,122,380.73602928444654
3022,huggyllama/llama-7b,dummy-lora-7b-rank-8-4,683,43,380.83002500649616
3023,huggyllama/llama-7b,dummy-lora-7b-rank-128-4,724,57,381.0305932588779
3024,huggyllama/llama-7b,dummy-lora-7b-rank-32-0,226,53,381.0450990294721
3025,huggyllama/llama-7b,dummy-lora-7b-rank-16-3,670,17,381.1354070879535
3026,huggyllama/llama-7b,dummy-lora-7b-rank-64-0,768,43,381.212100448619
3027,huggyllama/llama-7b,dummy-lora-7b-rank-128-3,568,27,381.2180371074149
3028,huggyllama/llama-7b,dummy-lora-7b-rank-16-4,293,144,381.24713285786805
3029,huggyllama/llama-7b,dummy-lora-7b-rank-64-4,878,83,381.45140246040967
3030,huggyllama/llama-7b,dummy-lora-7b-rank-64-0,344,10,381.54172660585004
3031,huggyllama/llama-7b,dummy-lora-7b-rank-8-3,595,40,381.6893727240313
3032,huggyllama/llama-7b,dummy-lora-7b-rank-16-4,840,8,381.76049394529605
3033,huggyllama/llama-7b,dummy-lora-7b-rank-64-2,554,22,381.81569583163935
3034,huggyllama/llama-7b,dummy-lora-7b-rank-32-1,555,20,381.91948207887185
3035,huggyllama/llama-7b,dummy-lora-7b-rank-16-4,550,18,382.0849943128305
3036,huggyllama/llama-7b,dummy-lora-7b-rank-64-0,576,13,382.09218963456954
3037,huggyllama/llama-7b,dummy-lora-7b-rank-64-2,281,61,382.0951958982476
3038,huggyllama/llama-7b,dummy-lora-7b-rank-16-3,430,54,382.1986854302724
3039,huggyllama/llama-7b,dummy-lora-7b-rank-32-3,358,152,382.26118444098785
3040,huggyllama/llama-7b,dummy-lora-7b-rank-64-3,607,23,382.3028540046948
3041,huggyllama/llama-7b,dummy-lora-7b-rank-32-2,983,39,382.3221930481864
3042,huggyllama/llama-7b,dummy-lora-7b-rank-32-0,560,43,382.4789364029046
3043,huggyllama/llama-7b,dummy-lora-7b-rank-64-2,613,18,382.52795051534804
3044,huggyllama/llama-7b,dummy-lora-7b-rank-8-1,434,44,382.6832684036184
3045,huggyllama/llama-7b,dummy-lora-7b-rank-8-2,403,168,382.76761743234005
3046,huggyllama/llama-7b,dummy-lora-7b-rank-32-3,570,30,382.9457652781486
3047,huggyllama/llama-7b,dummy-lora-7b-rank-32-2,414,94,382.94667179916974
3048,huggyllama/llama-7b,dummy-lora-7b-rank-8-3,742,49,383.08376287462056
3049,huggyllama/llama-7b,dummy-lora-7b-rank-128-3,573,7,383.2200211284949
3050,huggyllama/llama-7b,dummy-lora-7b-rank-32-4,527,85,383.32352627996886
3051,huggyllama/llama-7b,dummy-lora-7b-rank-64-4,216,60,383.4119336986849
3052,huggyllama/llama-7b,dummy-lora-7b-rank-64-4,208,56,383.50650616740086
3053,huggyllama/llama-7b,dummy-lora-7b-rank-128-0,601,18,383.55817459621665
3054,huggyllama/llama-7b,dummy-lora-7b-rank-64-0,448,55,383.5956357490296
3055,huggyllama/llama-7b,dummy-lora-7b-rank-128-0,330,50,383.7608902842626
3056,huggyllama/llama-7b,dummy-lora-7b-rank-32-2,594,21,383.779973235515
3057,huggyllama/llama-7b,dummy-lora-7b-rank-8-1,242,39,383.7804644698691
3058,huggyllama/llama-7b,dummy-lora-7b-rank-8-2,410,55,383.8153302462604
3059,huggyllama/llama-7b,dummy-lora-7b-rank-32-0,387,45,383.8601049995363
3060,huggyllama/llama-7b,dummy-lora-7b-rank-8-1,544,10,384.04793165558567
3061,huggyllama/llama-7b,dummy-lora-7b-rank-8-0,349,43,384.05101263752175
3062,huggyllama/llama-7b,dummy-lora-7b-rank-8-1,558,12,384.24484222229586
3063,huggyllama/llama-7b,dummy-lora-7b-rank-64-4,231,51,384.29690613175484
3064,huggyllama/llama-7b,dummy-lora-7b-rank-128-4,466,53,384.4379391362807
3065,huggyllama/llama-7b,dummy-lora-7b-rank-16-4,602,8,384.483575139344
3066,huggyllama/llama-7b,dummy-lora-7b-rank-16-4,413,41,384.67142287303267
3067,huggyllama/llama-7b,dummy-lora-7b-rank-32-4,393,7,384.7099151329587
3068,huggyllama/llama-7b,dummy-lora-7b-rank-8-3,347,152,384.8489186498791
3069,huggyllama/llama-7b,dummy-lora-7b-rank-32-0,937,78,384.8535742126371
3070,huggyllama/llama-7b,dummy-lora-7b-rank-16-2,256,40,384.8677558240353
3071,huggyllama/llama-7b,dummy-lora-7b-rank-16-1,610,27,384.8980779853852
3072,huggyllama/llama-7b,dummy-lora-7b-rank-32-1,567,91,384.95519474251637
3073,huggyllama/llama-7b,dummy-lora-7b-rank-32-3,240,33,384.9750137356177
3074,huggyllama/llama-7b,dummy-lora-7b-rank-32-4,576,31,385.0392487119692
3075,huggyllama/llama-7b,dummy-lora-7b-rank-16-2,560,24,385.0805279067197
3076,huggyllama/llama-7b,dummy-lora-7b-rank-8-1,499,8,385.1308915607613
3077,huggyllama/llama-7b,dummy-lora-7b-rank-32-4,554,20,385.1440697978156
3078,huggyllama/llama-7b,dummy-lora-7b-rank-16-2,373,49,385.3181390607862
3079,huggyllama/llama-7b,dummy-lora-7b-rank-64-0,716,12,385.3278531008241
3080,huggyllama/llama-7b,dummy-lora-7b-rank-32-3,751,13,385.4653566984431
3081,huggyllama/llama-7b,dummy-lora-7b-rank-16-1,208,3,385.8072897784
3082,huggyllama/llama-7b,dummy-lora-7b-rank-8-0,120,40,386.1202136025602
3083,huggyllama/llama-7b,dummy-lora-7b-rank-8-4,189,8,386.17249960394184
3084,huggyllama/llama-7b,dummy-lora-7b-rank-8-1,597,51,386.18854895648747
3085,huggyllama/llama-7b,dummy-lora-7b-rank-64-0,615,45,386.2145870282832
3086,huggyllama/llama-7b,dummy-lora-7b-rank-64-4,593,111,386.30200354241623
3087,huggyllama/llama-7b,dummy-lora-7b-rank-8-1,995,89,387.08720482565326
3088,huggyllama/llama-7b,dummy-lora-7b-rank-128-1,614,18,387.09194491930026
3089,huggyllama/llama-7b,dummy-lora-7b-rank-64-1,459,72,387.2754570878643
3090,huggyllama/llama-7b,dummy-lora-7b-rank-64-0,423,46,387.65566562224006
3091,huggyllama/llama-7b,dummy-lora-7b-rank-16-0,387,37,387.7095398550777
3092,huggyllama/llama-7b,dummy-lora-7b-rank-16-1,454,35,387.71496524408946
3093,huggyllama/llama-7b,dummy-lora-7b-rank-16-4,205,169,387.91880792802317
3094,huggyllama/llama-7b,dummy-lora-7b-rank-8-0,401,43,387.9417519408802
3095,huggyllama/llama-7b,dummy-lora-7b-rank-8-2,558,22,388.01433988749744
3096,huggyllama/llama-7b,dummy-lora-7b-rank-16-3,298,4,388.26008742086975
3097,huggyllama/llama-7b,dummy-lora-7b-rank-16-2,641,3,388.3384714644223
3098,huggyllama/llama-7b,dummy-lora-7b-rank-16-0,574,82,388.3957839595421
3099,huggyllama/llama-7b,dummy-lora-7b-rank-8-0,614,70,388.62368990549083
3100,huggyllama/llama-7b,dummy-lora-7b-rank-128-1,507,58,388.77111908044145
3101,huggyllama/llama-7b,dummy-lora-7b-rank-8-1,425,38,388.78145217262335
3102,huggyllama/llama-7b,dummy-lora-7b-rank-8-2,562,27,388.83939432599766
3103,huggyllama/llama-7b,dummy-lora-7b-rank-8-3,368,16,388.86726973321925
3104,huggyllama/llama-7b,dummy-lora-7b-rank-64-1,566,27,389.0417472710149
3105,huggyllama/llama-7b,dummy-lora-7b-rank-128-1,738,38,389.0705788561607
3106,huggyllama/llama-7b,dummy-lora-7b-rank-64-0,389,86,389.12063227453655
3107,huggyllama/llama-7b,dummy-lora-7b-rank-16-0,496,44,389.29813896508614
3108,huggyllama/llama-7b,dummy-lora-7b-rank-16-3,356,43,389.4105811173559
3109,huggyllama/llama-7b,dummy-lora-7b-rank-128-1,562,24,389.4580263100452
3110,huggyllama/llama-7b,dummy-lora-7b-rank-8-0,97,63,389.46378373701606
3111,huggyllama/llama-7b,dummy-lora-7b-rank-16-3,393,10,389.6792878243117
3112,huggyllama/llama-7b,dummy-lora-7b-rank-128-2,121,34,389.82099397985473
3113,huggyllama/llama-7b,dummy-lora-7b-rank-16-3,854,217,389.95481951232813
3114,huggyllama/llama-7b,dummy-lora-7b-rank-128-0,91,74,389.99305956482476
3115,huggyllama/llama-7b,dummy-lora-7b-rank-64-3,592,22,390.0376762059373
3116,huggyllama/llama-7b,dummy-lora-7b-rank-128-4,464,78,390.11016153770225
3117,huggyllama/llama-7b,dummy-lora-7b-rank-128-0,129,40,390.3213286174964
3118,huggyllama/llama-7b,dummy-lora-7b-rank-64-0,613,11,390.3508726104395
3119,huggyllama/llama-7b,dummy-lora-7b-rank-128-3,536,151,390.42643383244166
3120,huggyllama/llama-7b,dummy-lora-7b-rank-16-4,393,6,391.06261031345895
3121,huggyllama/llama-7b,dummy-lora-7b-rank-16-0,862,46,391.0666771627269
3122,huggyllama/llama-7b,dummy-lora-7b-rank-64-1,104,56,391.2492005343676
3123,huggyllama/llama-7b,dummy-lora-7b-rank-64-4,524,63,391.26835692724876
3124,huggyllama/llama-7b,dummy-lora-7b-rank-64-2,389,6,391.30683346048
3125,huggyllama/llama-7b,dummy-lora-7b-rank-128-2,245,32,391.5405821175411
3126,huggyllama/llama-7b,dummy-lora-7b-rank-16-4,564,27,391.5735467008431
3127,huggyllama/llama-7b,dummy-lora-7b-rank-128-2,480,11,391.6198877510449
3128,huggyllama/llama-7b,dummy-lora-7b-rank-8-1,276,3,391.63919640735804
3129,huggyllama/llama-7b,dummy-lora-7b-rank-64-1,635,29,392.27179649991734
3130,huggyllama/llama-7b,dummy-lora-7b-rank-16-3,612,8,392.28279789158057
3131,huggyllama/llama-7b,dummy-lora-7b-rank-8-0,387,41,392.38149988895486
3132,huggyllama/llama-7b,dummy-lora-7b-rank-32-1,923,3,392.63373605398294
3133,huggyllama/llama-7b,dummy-lora-7b-rank-64-0,562,25,392.6832673682937
3134,huggyllama/llama-7b,dummy-lora-7b-rank-32-4,252,65,392.7238760093703
3135,huggyllama/llama-7b,dummy-lora-7b-rank-8-4,707,31,392.7679163155296
3136,huggyllama/llama-7b,dummy-lora-7b-rank-64-3,111,48,392.8620264403488
3137,huggyllama/llama-7b,dummy-lora-7b-rank-32-4,605,19,392.8655836321578
3138,huggyllama/llama-7b,dummy-lora-7b-rank-8-0,418,51,392.99955049650686
3139,huggyllama/llama-7b,dummy-lora-7b-rank-64-4,564,27,393.10836527044876
3140,huggyllama/llama-7b,dummy-lora-7b-rank-64-3,321,27,393.1537511082687
3141,huggyllama/llama-7b,dummy-lora-7b-rank-8-4,647,90,393.2345178450871
3142,huggyllama/llama-7b,dummy-lora-7b-rank-32-0,209,32,393.32316722303415
3143,huggyllama/llama-7b,dummy-lora-7b-rank-64-3,299,93,393.40540458577163
3144,huggyllama/llama-7b,dummy-lora-7b-rank-8-0,568,13,393.5380601146211
3145,huggyllama/llama-7b,dummy-lora-7b-rank-128-1,683,33,393.62638686120613
3146,huggyllama/llama-7b,dummy-lora-7b-rank-16-1,659,6,393.69274648559065
3147,huggyllama/llama-7b,dummy-lora-7b-rank-128-1,520,67,394.0010711397939
3148,huggyllama/llama-7b,dummy-lora-7b-rank-16-2,742,41,394.4449861524929
3149,huggyllama/llama-7b,dummy-lora-7b-rank-128-3,683,115,394.6320167760007
3150,huggyllama/llama-7b,dummy-lora-7b-rank-16-1,951,78,394.66034178326476
3151,huggyllama/llama-7b,dummy-lora-7b-rank-32-1,402,10,394.8364760453794
3152,huggyllama/llama-7b,dummy-lora-7b-rank-32-2,374,49,394.9013790375127
3153,huggyllama/llama-7b,dummy-lora-7b-rank-128-0,453,49,394.9675692524875
3154,huggyllama/llama-7b,dummy-lora-7b-rank-8-3,432,11,395.1407610891006
3155,huggyllama/llama-7b,dummy-lora-7b-rank-128-1,556,23,395.2191718848555
3156,huggyllama/llama-7b,dummy-lora-7b-rank-8-3,560,23,395.4001312611501
3157,huggyllama/llama-7b,dummy-lora-7b-rank-32-4,556,23,395.40954416537716
3158,huggyllama/llama-7b,dummy-lora-7b-rank-32-1,385,44,395.46701044198903
3159,huggyllama/llama-7b,dummy-lora-7b-rank-32-1,197,33,395.4937701656345
3160,huggyllama/llama-7b,dummy-lora-7b-rank-8-1,592,39,395.7245816086469
3161,huggyllama/llama-7b,dummy-lora-7b-rank-16-3,255,45,395.7768402985262
3162,huggyllama/llama-7b,dummy-lora-7b-rank-16-0,437,66,395.92284292003234
3163,huggyllama/llama-7b,dummy-lora-7b-rank-32-4,351,45,395.95332549581815
3164,huggyllama/llama-7b,dummy-lora-7b-rank-128-4,369,56,395.9631301068974
3165,huggyllama/llama-7b,dummy-lora-7b-rank-16-4,379,144,396.02268277947786
3166,huggyllama/llama-7b,dummy-lora-7b-rank-16-4,956,56,396.08055327157365
3167,huggyllama/llama-7b,dummy-lora-7b-rank-8-3,445,48,396.1507275715782
3168,huggyllama/llama-7b,dummy-lora-7b-rank-128-4,392,10,396.3581419942611
3169,huggyllama/llama-7b,dummy-lora-7b-rank-32-4,662,63,396.4795957565451
3170,huggyllama/llama-7b,dummy-lora-7b-rank-64-2,877,49,396.6713506860088
3171,huggyllama/llama-7b,dummy-lora-7b-rank-128-0,441,40,396.7321673203859
3172,huggyllama/llama-7b,dummy-lora-7b-rank-8-3,332,8,396.79927947026073
3173,huggyllama/llama-7b,dummy-lora-7b-rank-128-3,571,6,396.8062736696039
3174,huggyllama/llama-7b,dummy-lora-7b-rank-64-3,650,49,397.1420981449329
3175,huggyllama/llama-7b,dummy-lora-7b-rank-128-4,223,53,397.1752044056158
3176,huggyllama/llama-7b,dummy-lora-7b-rank-128-1,306,53,397.38471021174723
3177,huggyllama/llama-7b,dummy-lora-7b-rank-16-3,266,50,397.7088280157755
3178,huggyllama/llama-7b,dummy-lora-7b-rank-128-1,426,10,397.94211597191116
3179,huggyllama/llama-7b,dummy-lora-7b-rank-128-0,503,45,398.09699260379216
3180,huggyllama/llama-7b,dummy-lora-7b-rank-8-1,611,21,398.1213168937673
3181,huggyllama/llama-7b,dummy-lora-7b-rank-128-2,450,90,398.1230113852287
3182,huggyllama/llama-7b,dummy-lora-7b-rank-16-4,598,17,398.1530127328906
3183,huggyllama/llama-7b,dummy-lora-7b-rank-8-1,122,46,398.2482240538222
3184,huggyllama/llama-7b,dummy-lora-7b-rank-64-0,633,7,398.27596621600355
3185,huggyllama/llama-7b,dummy-lora-7b-rank-64-0,625,29,398.2929121754156
3186,huggyllama/llama-7b,dummy-lora-7b-rank-64-2,237,111,398.5060713014051
3187,huggyllama/llama-7b,dummy-lora-7b-rank-64-1,572,32,398.53975773621727
3188,huggyllama/llama-7b,dummy-lora-7b-rank-32-2,434,57,398.5814334218722
3189,huggyllama/llama-7b,dummy-lora-7b-rank-128-2,461,41,398.6592326805387
3190,huggyllama/llama-7b,dummy-lora-7b-rank-16-4,134,124,398.7454899282759
3191,huggyllama/llama-7b,dummy-lora-7b-rank-16-3,216,46,398.75132786862093
3192,huggyllama/llama-7b,dummy-lora-7b-rank-32-3,79,37,398.9802697869125
3193,huggyllama/llama-7b,dummy-lora-7b-rank-64-1,980,106,399.11131400963797
3194,huggyllama/llama-7b,dummy-lora-7b-rank-16-0,599,10,399.4286545202818
3195,huggyllama/llama-7b,dummy-lora-7b-rank-16-3,89,37,399.621216457922
3196,huggyllama/llama-7b,dummy-lora-7b-rank-128-2,609,25,399.62702517110523
3197,huggyllama/llama-7b,dummy-lora-7b-rank-32-4,470,11,399.6617599383188
3198,huggyllama/llama-7b,dummy-lora-7b-rank-128-3,546,16,399.6688555986787
3199,huggyllama/llama-7b,dummy-lora-7b-rank-128-4,252,193,399.8033390961893
3200,huggyllama/llama-7b,dummy-lora-7b-rank-8-0,517,50,399.87152996182226
3201,huggyllama/llama-7b,dummy-lora-7b-rank-128-1,421,11,400.3540062334934
3202,huggyllama/llama-7b,dummy-lora-7b-rank-128-0,747,9,400.5667889060405
3203,huggyllama/llama-7b,dummy-lora-7b-rank-32-0,566,29,400.6127144649715
3204,huggyllama/llama-7b,dummy-lora-7b-rank-8-2,319,44,400.9620216234551
3205,huggyllama/llama-7b,dummy-lora-7b-rank-16-0,556,21,401.0044506140678
3206,huggyllama/llama-7b,dummy-lora-7b-rank-16-3,314,7,401.0205113168514
3207,huggyllama/llama-7b,dummy-lora-7b-rank-128-3,288,41,401.03769784685136
3208,huggyllama/llama-7b,dummy-lora-7b-rank-16-2,192,58,401.1906701938099
3209,huggyllama/llama-7b,dummy-lora-7b-rank-64-1,230,45,401.19553358257906
3210,huggyllama/llama-7b,dummy-lora-7b-rank-16-0,597,16,401.23201245403914
3211,huggyllama/llama-7b,dummy-lora-7b-rank-128-2,550,14,401.3613003407577
3212,huggyllama/llama-7b,dummy-lora-7b-rank-32-3,703,11,401.6226025380263
3213,huggyllama/llama-7b,dummy-lora-7b-rank-64-4,340,35,401.9901641061084
3214,huggyllama/llama-7b,dummy-lora-7b-rank-128-3,552,19,402.0690809863275
3215,huggyllama/llama-7b,dummy-lora-7b-rank-32-2,525,47,402.23618052603194
3216,huggyllama/llama-7b,dummy-lora-7b-rank-8-0,619,17,402.36055487155085
3217,huggyllama/llama-7b,dummy-lora-7b-rank-128-3,941,75,402.464427485528
3218,huggyllama/llama-7b,dummy-lora-7b-rank-64-0,721,12,402.5257589503542
3219,huggyllama/llama-7b,dummy-lora-7b-rank-16-0,850,34,403.3311708894775
3220,huggyllama/llama-7b,dummy-lora-7b-rank-32-3,188,58,403.42408486977394
3221,huggyllama/llama-7b,dummy-lora-7b-rank-128-3,458,4,403.58091468555193
3222,huggyllama/llama-7b,dummy-lora-7b-rank-16-0,554,22,403.6379594739713
3223,huggyllama/llama-7b,dummy-lora-7b-rank-8-1,286,3,403.74929567665055
3224,huggyllama/llama-7b,dummy-lora-7b-rank-32-0,449,70,403.9563564534136
3225,huggyllama/llama-7b,dummy-lora-7b-rank-32-1,904,3,404.0203385526105
3226,huggyllama/llama-7b,dummy-lora-7b-rank-64-4,365,66,404.11973975077143
3227,huggyllama/llama-7b,dummy-lora-7b-rank-64-0,568,30,404.1656680184622
3228,huggyllama/llama-7b,dummy-lora-7b-rank-8-1,550,18,404.2464764676858
3229,huggyllama/llama-7b,dummy-lora-7b-rank-128-3,539,110,404.36452606642024
3230,huggyllama/llama-7b,dummy-lora-7b-rank-8-4,240,103,404.4125649323586
3231,huggyllama/llama-7b,dummy-lora-7b-rank-128-4,600,7,404.496786910873
3232,huggyllama/llama-7b,dummy-lora-7b-rank-32-0,548,17,404.5262986552224
3233,huggyllama/llama-7b,dummy-lora-7b-rank-32-1,613,21,404.7403470294767
3234,huggyllama/llama-7b,dummy-lora-7b-rank-32-2,556,21,404.748660690021
3235,huggyllama/llama-7b,dummy-lora-7b-rank-8-0,54,44,405.18990893880664
3236,huggyllama/llama-7b,dummy-lora-7b-rank-16-2,554,20,405.26652171396296
3237,huggyllama/llama-7b,dummy-lora-7b-rank-64-1,824,81,405.26746532286666
3238,huggyllama/llama-7b,dummy-lora-7b-rank-16-3,362,7,405.4117630749425
3239,huggyllama/llama-7b,dummy-lora-7b-rank-32-4,550,18,405.52133350095914
3240,huggyllama/llama-7b,dummy-lora-7b-rank-128-2,363,95,406.42248803296434
3241,huggyllama/llama-7b,dummy-lora-7b-rank-16-0,611,19,406.56376212245095
3242,huggyllama/llama-7b,dummy-lora-7b-rank-64-1,225,85,406.6394502528711
3243,huggyllama/llama-7b,dummy-lora-7b-rank-64-2,549,17,406.83767540155446
3244,huggyllama/llama-7b,dummy-lora-7b-rank-16-3,208,46,406.9065175403338
3245,huggyllama/llama-7b,dummy-lora-7b-rank-128-0,554,21,406.98971459318534
3246,huggyllama/llama-7b,dummy-lora-7b-rank-64-4,599,14,407.050685190678
3247,huggyllama/llama-7b,dummy-lora-7b-rank-32-0,153,45,407.1531881897545
3248,huggyllama/llama-7b,dummy-lora-7b-rank-64-0,615,22,407.28579102126264
3249,huggyllama/llama-7b,dummy-lora-7b-rank-32-2,194,41,407.40142070239773
3250,huggyllama/llama-7b,dummy-lora-7b-rank-32-4,92,29,407.594964598073
3251,huggyllama/llama-7b,dummy-lora-7b-rank-8-0,491,91,407.6447027078314
3252,huggyllama/llama-7b,dummy-lora-7b-rank-32-1,266,153,407.648105803615
3253,huggyllama/llama-7b,dummy-lora-7b-rank-64-1,304,119,407.7606789301904
3254,huggyllama/llama-7b,dummy-lora-7b-rank-64-3,925,35,408.04418509572326
3255,huggyllama/llama-7b,dummy-lora-7b-rank-8-2,246,51,408.0550812946761
3256,huggyllama/llama-7b,dummy-lora-7b-rank-8-3,289,62,408.34909939488875
3257,huggyllama/llama-7b,dummy-lora-7b-rank-64-4,707,3,408.5333298006459
3258,huggyllama/llama-7b,dummy-lora-7b-rank-32-4,560,14,408.72766144079554
3259,huggyllama/llama-7b,dummy-lora-7b-rank-32-1,281,7,408.7606779697989
3260,huggyllama/llama-7b,dummy-lora-7b-rank-128-4,552,21,408.8076062721712
3261,huggyllama/llama-7b,dummy-lora-7b-rank-128-4,596,24,408.87018158667723
3262,huggyllama/llama-7b,dummy-lora-7b-rank-64-0,521,73,409.2604064024497
3263,huggyllama/llama-7b,dummy-lora-7b-rank-128-2,455,7,409.3680762319921
3264,huggyllama/llama-7b,dummy-lora-7b-rank-32-1,554,12,409.56920287337334
3265,huggyllama/llama-7b,dummy-lora-7b-rank-64-2,599,25,409.67791412382894
3266,huggyllama/llama-7b,dummy-lora-7b-rank-64-1,456,47,409.9477435182123
3267,huggyllama/llama-7b,dummy-lora-7b-rank-16-1,406,11,409.9497938790666
3268,huggyllama/llama-7b,dummy-lora-7b-rank-8-0,602,9,410.1115412413883
3269,huggyllama/llama-7b,dummy-lora-7b-rank-128-3,580,11,410.11335520679825
3270,huggyllama/llama-7b,dummy-lora-7b-rank-128-3,586,21,410.1414990091992
3271,huggyllama/llama-7b,dummy-lora-7b-rank-8-1,189,112,410.21403185319264
3272,huggyllama/llama-7b,dummy-lora-7b-rank-128-0,603,22,410.2619676953741
3273,huggyllama/llama-7b,dummy-lora-7b-rank-32-3,554,12,410.4607024886265
3274,huggyllama/llama-7b,dummy-lora-7b-rank-128-0,708,8,410.55535865016395
3275,huggyllama/llama-7b,dummy-lora-7b-rank-8-1,826,3,410.63019552768503
3276,huggyllama/llama-7b,dummy-lora-7b-rank-8-3,589,7,410.6410319958275
3277,huggyllama/llama-7b,dummy-lora-7b-rank-32-2,456,41,410.6988592677285
3278,huggyllama/llama-7b,dummy-lora-7b-rank-16-0,615,5,410.81682890061523
3279,huggyllama/llama-7b,dummy-lora-7b-rank-8-1,325,7,410.8227155157001
3280,huggyllama/llama-7b,dummy-lora-7b-rank-16-0,838,10,410.897506294911
3281,huggyllama/llama-7b,dummy-lora-7b-rank-32-3,632,55,410.92459254265515
3282,huggyllama/llama-7b,dummy-lora-7b-rank-128-0,351,12,410.95995073711225
3283,huggyllama/llama-7b,dummy-lora-7b-rank-128-2,278,42,410.968342476901
3284,huggyllama/llama-7b,dummy-lora-7b-rank-32-4,548,17,411.13565797540923
3285,huggyllama/llama-7b,dummy-lora-7b-rank-32-4,342,53,411.1804991461578
3286,huggyllama/llama-7b,dummy-lora-7b-rank-32-1,357,5,411.3379806352632
3287,huggyllama/llama-7b,dummy-lora-7b-rank-128-4,907,51,411.49519331976427
3288,huggyllama/llama-7b,dummy-lora-7b-rank-16-4,586,19,411.9913818501649
3289,huggyllama/llama-7b,dummy-lora-7b-rank-8-4,403,86,412.0036635804486
3290,huggyllama/llama-7b,dummy-lora-7b-rank-128-0,603,26,412.04725911458326
3291,huggyllama/llama-7b,dummy-lora-7b-rank-16-1,336,59,412.2334618926642
3292,huggyllama/llama-7b,dummy-lora-7b-rank-32-2,559,22,412.3954605012132
3293,huggyllama/llama-7b,dummy-lora-7b-rank-32-3,359,170,412.4758340259229
3294,huggyllama/llama-7b,dummy-lora-7b-rank-8-2,764,13,412.48600137298126
3295,huggyllama/llama-7b,dummy-lora-7b-rank-8-3,144,28,412.6591460280924
3296,huggyllama/llama-7b,dummy-lora-7b-rank-64-2,572,32,412.8358709524821
3297,huggyllama/llama-7b,dummy-lora-7b-rank-32-1,180,72,412.8989003012734
3298,huggyllama/llama-7b,dummy-lora-7b-rank-16-1,400,51,412.9608772181316
3299,huggyllama/llama-7b,dummy-lora-7b-rank-64-4,303,140,413.13124524368135
3300,huggyllama/llama-7b,dummy-lora-7b-rank-8-0,235,110,413.18349018292724
3301,huggyllama/llama-7b,dummy-lora-7b-rank-16-3,473,59,413.2985055071363
3302,huggyllama/llama-7b,dummy-lora-7b-rank-128-4,572,30,413.4467847653997
3303,huggyllama/llama-7b,dummy-lora-7b-rank-16-0,751,8,413.48742951055715
3304,huggyllama/llama-7b,dummy-lora-7b-rank-64-1,558,25,413.5165303808034
3305,huggyllama/llama-7b,dummy-lora-7b-rank-128-3,552,19,413.771458309808
3306,huggyllama/llama-7b,dummy-lora-7b-rank-64-2,550,18,413.92902815424765
3307,huggyllama/llama-7b,dummy-lora-7b-rank-8-0,566,26,414.1083349092255
3308,huggyllama/llama-7b,dummy-lora-7b-rank-8-0,554,21,414.4269142829131
3309,huggyllama/llama-7b,dummy-lora-7b-rank-16-2,764,24,414.48855082163135
3310,huggyllama/llama-7b,dummy-lora-7b-rank-64-4,456,43,414.6101257171094
3311,huggyllama/llama-7b,dummy-lora-7b-rank-128-1,460,55,414.66217636563573
3312,huggyllama/llama-7b,dummy-lora-7b-rank-128-4,601,72,415.1165250705748
3313,huggyllama/llama-7b,dummy-lora-7b-rank-16-0,770,11,415.1778211385033
3314,huggyllama/llama-7b,dummy-lora-7b-rank-16-3,824,8,415.2527889201269
3315,huggyllama/llama-7b,dummy-lora-7b-rank-64-0,244,53,415.2700912591545
3316,huggyllama/llama-7b,dummy-lora-7b-rank-32-1,331,9,415.36316323873484
3317,huggyllama/llama-7b,dummy-lora-7b-rank-16-0,564,27,415.3704511057826
3318,huggyllama/llama-7b,dummy-lora-7b-rank-32-1,558,14,415.97828077167486
3319,huggyllama/llama-7b,dummy-lora-7b-rank-64-1,446,45,416.18594884381963
3320,huggyllama/llama-7b,dummy-lora-7b-rank-16-4,321,128,416.2443039202627
3321,huggyllama/llama-7b,dummy-lora-7b-rank-8-1,565,21,416.5069097967739
3322,huggyllama/llama-7b,dummy-lora-7b-rank-32-3,550,18,416.539590666966
3323,huggyllama/llama-7b,dummy-lora-7b-rank-128-0,570,25,416.54009263176516
3324,huggyllama/llama-7b,dummy-lora-7b-rank-8-2,313,45,416.5655197423338
3325,huggyllama/llama-7b,dummy-lora-7b-rank-16-1,621,48,416.63580223662086
3326,huggyllama/llama-7b,dummy-lora-7b-rank-32-2,559,22,416.6767721392202
3327,huggyllama/llama-7b,dummy-lora-7b-rank-128-0,594,40,417.1191293528349
3328,huggyllama/llama-7b,dummy-lora-7b-rank-16-3,466,95,417.3268281025459
3329,huggyllama/llama-7b,dummy-lora-7b-rank-8-4,52,47,417.3437025084726
3330,huggyllama/llama-7b,dummy-lora-7b-rank-16-3,551,16,417.5871738023537
3331,huggyllama/llama-7b,dummy-lora-7b-rank-32-3,701,51,417.5920784905271
3332,huggyllama/llama-7b,dummy-lora-7b-rank-8-4,440,51,418.14161417362516
3333,huggyllama/llama-7b,dummy-lora-7b-rank-32-4,658,49,418.2380526508877
3334,huggyllama/llama-7b,dummy-lora-7b-rank-128-2,355,46,418.2973302352323
3335,huggyllama/llama-7b,dummy-lora-7b-rank-64-4,558,24,418.43608419449964
3336,huggyllama/llama-7b,dummy-lora-7b-rank-64-3,386,56,418.52788044330003
3337,huggyllama/llama-7b,dummy-lora-7b-rank-16-1,413,53,419.09904034622525
3338,huggyllama/llama-7b,dummy-lora-7b-rank-128-4,363,68,419.2172438530901
3339,huggyllama/llama-7b,dummy-lora-7b-rank-16-4,318,11,419.2926381589993
3340,huggyllama/llama-7b,dummy-lora-7b-rank-128-2,381,43,419.2980981585874
3341,huggyllama/llama-7b,dummy-lora-7b-rank-32-1,154,66,419.58199961976743
3342,huggyllama/llama-7b,dummy-lora-7b-rank-64-4,554,20,419.91683402195065
3343,huggyllama/llama-7b,dummy-lora-7b-rank-128-2,326,51,419.9841209007373
3344,huggyllama/llama-7b,dummy-lora-7b-rank-64-1,610,10,420.14245744881197
3345,huggyllama/llama-7b,dummy-lora-7b-rank-8-2,750,9,420.4713922460845
3346,huggyllama/llama-7b,dummy-lora-7b-rank-32-0,666,8,420.49501254951736
3347,huggyllama/llama-7b,dummy-lora-7b-rank-64-1,236,54,420.55747949655165
3348,huggyllama/llama-7b,dummy-lora-7b-rank-64-4,248,40,420.67262469900555
3349,huggyllama/llama-7b,dummy-lora-7b-rank-16-0,633,20,420.92712046189865
3350,huggyllama/llama-7b,dummy-lora-7b-rank-16-1,550,18,420.9852804589488
3351,huggyllama/llama-7b,dummy-lora-7b-rank-128-2,529,55,420.993497271833
3352,huggyllama/llama-7b,dummy-lora-7b-rank-64-2,554,11,421.2941641084764
3353,huggyllama/llama-7b,dummy-lora-7b-rank-16-4,220,109,421.49385221564563
3354,huggyllama/llama-7b,dummy-lora-7b-rank-32-2,556,24,421.7293369085715
3355,huggyllama/llama-7b,dummy-lora-7b-rank-64-1,569,21,421.7737052303654
3356,huggyllama/llama-7b,dummy-lora-7b-rank-64-2,603,21,421.9021208043998
3357,huggyllama/llama-7b,dummy-lora-7b-rank-32-4,237,51,422.0422732658797
3358,huggyllama/llama-7b,dummy-lora-7b-rank-8-0,442,105,422.0805020677017
3359,huggyllama/llama-7b,dummy-lora-7b-rank-8-4,537,62,422.20550064679986
3360,huggyllama/llama-7b,dummy-lora-7b-rank-16-1,385,7,422.20824672395105
3361,huggyllama/llama-7b,dummy-lora-7b-rank-128-3,179,33,422.45734208388814
3362,huggyllama/llama-7b,dummy-lora-7b-rank-128-4,348,49,422.7404673040272
3363,huggyllama/llama-7b,dummy-lora-7b-rank-128-0,268,67,422.7424767266879
3364,huggyllama/llama-7b,dummy-lora-7b-rank-16-4,256,49,422.7476180197473
3365,huggyllama/llama-7b,dummy-lora-7b-rank-128-2,443,60,422.96267025858396
3366,huggyllama/llama-7b,dummy-lora-7b-rank-16-1,614,19,422.9853397114595
3367,huggyllama/llama-7b,dummy-lora-7b-rank-32-4,487,47,423.4948076348946
3368,huggyllama/llama-7b,dummy-lora-7b-rank-32-1,605,18,423.584642797043
3369,huggyllama/llama-7b,dummy-lora-7b-rank-8-3,603,15,423.6291582172145
3370,huggyllama/llama-7b,dummy-lora-7b-rank-16-4,603,16,423.9151151368147
3371,huggyllama/llama-7b,dummy-lora-7b-rank-16-3,519,45,424.0381859592215
3372,huggyllama/llama-7b,dummy-lora-7b-rank-64-1,80,38,424.4370857426567
3373,huggyllama/llama-7b,dummy-lora-7b-rank-32-4,217,51,424.6747341972149
3374,huggyllama/llama-7b,dummy-lora-7b-rank-32-2,364,63,424.94981999511936
3375,huggyllama/llama-7b,dummy-lora-7b-rank-16-2,492,60,425.0795290765177
3376,huggyllama/llama-7b,dummy-lora-7b-rank-16-4,514,8,425.31274851252
3377,huggyllama/llama-7b,dummy-lora-7b-rank-32-4,302,159,425.41407396909904
3378,huggyllama/llama-7b,dummy-lora-7b-rank-128-3,582,68,425.6326207217376
3379,huggyllama/llama-7b,dummy-lora-7b-rank-8-1,568,29,426.0036840241452
3380,huggyllama/llama-7b,dummy-lora-7b-rank-8-3,389,45,426.13995707969343
3381,huggyllama/llama-7b,dummy-lora-7b-rank-32-2,558,14,426.2409884143316
3382,huggyllama/llama-7b,dummy-lora-7b-rank-32-3,661,66,426.34764518060274
3383,huggyllama/llama-7b,dummy-lora-7b-rank-32-2,138,42,426.3698419423088
3384,huggyllama/llama-7b,dummy-lora-7b-rank-64-1,605,11,426.4770238202088
3385,huggyllama/llama-7b,dummy-lora-7b-rank-32-0,914,19,426.73648317837836
3386,huggyllama/llama-7b,dummy-lora-7b-rank-16-0,396,41,426.8312450806365
3387,huggyllama/llama-7b,dummy-lora-7b-rank-8-4,207,46,426.9564580934535
3388,huggyllama/llama-7b,dummy-lora-7b-rank-32-0,506,14,427.3024220275384
3389,huggyllama/llama-7b,dummy-lora-7b-rank-8-4,552,20,427.33987995114137
3390,huggyllama/llama-7b,dummy-lora-7b-rank-32-1,406,5,427.38933532897477
3391,huggyllama/llama-7b,dummy-lora-7b-rank-64-0,619,21,427.5214948642494
3392,huggyllama/llama-7b,dummy-lora-7b-rank-16-1,582,68,427.5573755030109
3393,huggyllama/llama-7b,dummy-lora-7b-rank-16-1,821,14,427.60650616732244
3394,huggyllama/llama-7b,dummy-lora-7b-rank-16-3,280,45,427.7075349563083
3395,huggyllama/llama-7b,dummy-lora-7b-rank-16-2,774,54,427.7997307455766
3396,huggyllama/llama-7b,dummy-lora-7b-rank-16-4,554,20,427.8427094166179
3397,huggyllama/llama-7b,dummy-lora-7b-rank-8-2,193,25,427.86116311104314
3398,huggyllama/llama-7b,dummy-lora-7b-rank-32-2,742,64,427.99372957876903
3399,huggyllama/llama-7b,dummy-lora-7b-rank-64-4,97,51,428.3742777903875
3400,huggyllama/llama-7b,dummy-lora-7b-rank-128-2,596,41,428.4909788989149
3401,huggyllama/llama-7b,dummy-lora-7b-rank-8-3,570,24,428.58879280812835
3402,huggyllama/llama-7b,dummy-lora-7b-rank-128-3,175,183,428.71462250091827
3403,huggyllama/llama-7b,dummy-lora-7b-rank-32-1,552,14,428.84688777247084
3404,huggyllama/llama-7b,dummy-lora-7b-rank-32-4,554,19,429.2341189807178
3405,huggyllama/llama-7b,dummy-lora-7b-rank-32-1,613,24,429.28813893155865
3406,huggyllama/llama-7b,dummy-lora-7b-rank-16-2,440,48,429.33055087244
3407,huggyllama/llama-7b,dummy-lora-7b-rank-16-1,556,53,429.3305997795795
3408,huggyllama/llama-7b,dummy-lora-7b-rank-16-2,864,95,429.436403503322
3409,huggyllama/llama-7b,dummy-lora-7b-rank-32-1,891,62,429.627237829911
3410,huggyllama/llama-7b,dummy-lora-7b-rank-128-0,552,19,429.70532304955566
3411,huggyllama/llama-7b,dummy-lora-7b-rank-128-0,164,35,429.7474285336155
3412,huggyllama/llama-7b,dummy-lora-7b-rank-8-4,214,50,429.86705629422477
3413,huggyllama/llama-7b,dummy-lora-7b-rank-128-3,957,53,430.2135700096046
3414,huggyllama/llama-7b,dummy-lora-7b-rank-16-4,603,17,430.24313626836783
3415,huggyllama/llama-7b,dummy-lora-7b-rank-16-0,550,18,430.5260815708218
3416,huggyllama/llama-7b,dummy-lora-7b-rank-128-0,564,17,430.6816824493041
3417,huggyllama/llama-7b,dummy-lora-7b-rank-16-0,459,62,430.85569734482664
3418,huggyllama/llama-7b,dummy-lora-7b-rank-64-0,526,118,430.9476494298714
3419,huggyllama/llama-7b,dummy-lora-7b-rank-128-4,182,49,431.0270427707765
3420,huggyllama/llama-7b,dummy-lora-7b-rank-32-4,325,43,431.17804836454485
3421,huggyllama/llama-7b,dummy-lora-7b-rank-16-3,824,79,431.38280741943123
3422,huggyllama/llama-7b,dummy-lora-7b-rank-16-1,940,35,431.58368157087637
3423,huggyllama/llama-7b,dummy-lora-7b-rank-8-4,726,33,431.76441858157483
3424,huggyllama/llama-7b,dummy-lora-7b-rank-8-3,294,48,432.23091346647334
3425,huggyllama/llama-7b,dummy-lora-7b-rank-16-1,201,60,432.5368638504124
3426,huggyllama/llama-7b,dummy-lora-7b-rank-16-1,419,102,432.58646093826246
3427,huggyllama/llama-7b,dummy-lora-7b-rank-64-3,556,15,432.6271376356253
3428,huggyllama/llama-7b,dummy-lora-7b-rank-128-0,503,14,433.3709598120367
3429,huggyllama/llama-7b,dummy-lora-7b-rank-64-2,386,8,433.54677819886155
3430,huggyllama/llama-7b,dummy-lora-7b-rank-128-4,419,38,433.57154971845574
3431,huggyllama/llama-7b,dummy-lora-7b-rank-32-2,440,6,433.8078966732162
3432,huggyllama/llama-7b,dummy-lora-7b-rank-128-0,256,3,433.8499156760212
3433,huggyllama/llama-7b,dummy-lora-7b-rank-8-4,193,72,433.9978761480176
3434,huggyllama/llama-7b,dummy-lora-7b-rank-8-3,701,11,434.14511799668117
3435,huggyllama/llama-7b,dummy-lora-7b-rank-64-2,481,52,434.15297991394726
3436,huggyllama/llama-7b,dummy-lora-7b-rank-32-2,485,50,434.4964546176391
3437,huggyllama/llama-7b,dummy-lora-7b-rank-128-3,778,47,434.5952674804202
3438,huggyllama/llama-7b,dummy-lora-7b-rank-32-0,550,18,434.6079466364687
3439,huggyllama/llama-7b,dummy-lora-7b-rank-128-3,313,68,434.99875743678575
3440,huggyllama/llama-7b,dummy-lora-7b-rank-32-2,291,7,435.1377003108027
3441,huggyllama/llama-7b,dummy-lora-7b-rank-64-0,576,63,435.1596864470505
3442,huggyllama/llama-7b,dummy-lora-7b-rank-16-2,556,21,435.2838626595025
3443,huggyllama/llama-7b,dummy-lora-7b-rank-128-3,582,35,435.423083697024
3444,huggyllama/llama-7b,dummy-lora-7b-rank-16-0,556,21,435.4653179232696
3445,huggyllama/llama-7b,dummy-lora-7b-rank-64-1,350,174,435.56263407564416
3446,huggyllama/llama-7b,dummy-lora-7b-rank-128-4,829,41,435.6556014367863
3447,huggyllama/llama-7b,dummy-lora-7b-rank-128-3,564,26,435.9751953703011
3448,huggyllama/llama-7b,dummy-lora-7b-rank-32-0,590,35,436.00212049655926
3449,huggyllama/llama-7b,dummy-lora-7b-rank-32-0,304,43,436.0390090124921
3450,huggyllama/llama-7b,dummy-lora-7b-rank-128-3,344,42,436.32513566280545
3451,huggyllama/llama-7b,dummy-lora-7b-rank-128-2,563,11,436.3682868028527
3452,huggyllama/llama-7b,dummy-lora-7b-rank-32-2,697,44,436.57745057368777
3453,huggyllama/llama-7b,dummy-lora-7b-rank-64-0,176,115,436.8275522154968
3454,huggyllama/llama-7b,dummy-lora-7b-rank-32-4,734,39,436.8748637389615
3455,huggyllama/llama-7b,dummy-lora-7b-rank-64-3,132,50,436.8857260455513
3456,huggyllama/llama-7b,dummy-lora-7b-rank-128-4,637,3,437.08773532732107
3457,huggyllama/llama-7b,dummy-lora-7b-rank-64-0,476,139,437.1244163404506
3458,huggyllama/llama-7b,dummy-lora-7b-rank-8-2,564,17,437.67823803820374
3459,huggyllama/llama-7b,dummy-lora-7b-rank-8-2,1003,45,437.79206761246786
3460,huggyllama/llama-7b,dummy-lora-7b-rank-64-1,631,23,437.91924019341246
3461,huggyllama/llama-7b,dummy-lora-7b-rank-8-1,546,16,437.98046685460787
3462,huggyllama/llama-7b,dummy-lora-7b-rank-128-2,174,3,438.12821959071886
3463,huggyllama/llama-7b,dummy-lora-7b-rank-128-2,458,43,438.2007065872057
3464,huggyllama/llama-7b,dummy-lora-7b-rank-16-2,290,44,438.2716730665164
3465,huggyllama/llama-7b,dummy-lora-7b-rank-8-4,578,34,438.51309270990714
3466,huggyllama/llama-7b,dummy-lora-7b-rank-128-2,588,12,438.71832645753335
3467,huggyllama/llama-7b,dummy-lora-7b-rank-128-4,549,68,438.8363715983118
3468,huggyllama/llama-7b,dummy-lora-7b-rank-8-1,407,7,438.8818539280109
3469,huggyllama/llama-7b,dummy-lora-7b-rank-32-1,453,6,438.9773283450208
3470,huggyllama/llama-7b,dummy-lora-7b-rank-64-1,808,55,439.00616067186246
3471,huggyllama/llama-7b,dummy-lora-7b-rank-128-4,161,52,439.398200292617
3472,huggyllama/llama-7b,dummy-lora-7b-rank-32-1,484,54,439.43939663744857
3473,huggyllama/llama-7b,dummy-lora-7b-rank-128-0,617,21,439.63152754877666
3474,huggyllama/llama-7b,dummy-lora-7b-rank-32-1,600,17,439.638759301893
3475,huggyllama/llama-7b,dummy-lora-7b-rank-32-0,385,34,439.7216465562009
3476,huggyllama/llama-7b,dummy-lora-7b-rank-64-2,554,22,439.72732705371857
3477,huggyllama/llama-7b,dummy-lora-7b-rank-32-4,550,21,440.00190967253945
3478,huggyllama/llama-7b,dummy-lora-7b-rank-8-2,711,14,440.08717271411155
3479,huggyllama/llama-7b,dummy-lora-7b-rank-64-4,22,256,440.0907105267218
3480,huggyllama/llama-7b,dummy-lora-7b-rank-32-2,376,52,440.3164604725347
3481,huggyllama/llama-7b,dummy-lora-7b-rank-64-4,601,46,440.37862953697015
3482,huggyllama/llama-7b,dummy-lora-7b-rank-64-1,560,25,440.44777952487243
3483,huggyllama/llama-7b,dummy-lora-7b-rank-32-1,553,36,440.4547519242545
3484,huggyllama/llama-7b,dummy-lora-7b-rank-64-1,239,53,440.4775861761652
3485,huggyllama/llama-7b,dummy-lora-7b-rank-8-0,474,10,440.71505025740726
3486,huggyllama/llama-7b,dummy-lora-7b-rank-64-2,638,62,440.765564497886
3487,huggyllama/llama-7b,dummy-lora-7b-rank-128-4,601,19,440.9060619940677
3488,huggyllama/llama-7b,dummy-lora-7b-rank-8-4,603,47,440.9854174471796
3489,huggyllama/llama-7b,dummy-lora-7b-rank-16-3,609,17,441.2347081578465
3490,huggyllama/llama-7b,dummy-lora-7b-rank-8-2,476,7,441.6567078444691
3491,huggyllama/llama-7b,dummy-lora-7b-rank-32-3,550,10,441.6715902582024
3492,huggyllama/llama-7b,dummy-lora-7b-rank-8-0,560,23,441.79364733330056
3493,huggyllama/llama-7b,dummy-lora-7b-rank-32-3,570,72,441.9071331225445
3494,huggyllama/llama-7b,dummy-lora-7b-rank-32-0,632,26,441.91731116628824
3495,huggyllama/llama-7b,dummy-lora-7b-rank-16-0,562,19,442.1010713961513
3496,huggyllama/llama-7b,dummy-lora-7b-rank-8-1,550,18,442.201742192761
3497,huggyllama/llama-7b,dummy-lora-7b-rank-16-4,351,55,442.4673691996865
3498,huggyllama/llama-7b,dummy-lora-7b-rank-32-3,170,42,442.53740696526995
3499,huggyllama/llama-7b,dummy-lora-7b-rank-8-4,567,19,442.79752585320637
3500,huggyllama/llama-7b,dummy-lora-7b-rank-16-3,400,46,442.8337097884861
3501,huggyllama/llama-7b,dummy-lora-7b-rank-32-4,433,167,442.9033867594844
3502,huggyllama/llama-7b,dummy-lora-7b-rank-8-1,120,34,442.9317701298716
3503,huggyllama/llama-7b,dummy-lora-7b-rank-64-2,572,31,443.27751417618333
3504,huggyllama/llama-7b,dummy-lora-7b-rank-8-1,400,10,443.314725963074
3505,huggyllama/llama-7b,dummy-lora-7b-rank-32-3,594,21,443.40186450407595
3506,huggyllama/llama-7b,dummy-lora-7b-rank-64-4,359,72,443.4178960742841
3507,huggyllama/llama-7b,dummy-lora-7b-rank-16-3,668,38,443.46687078500275
3508,huggyllama/llama-7b,dummy-lora-7b-rank-32-1,568,19,443.69298844819684
3509,huggyllama/llama-7b,dummy-lora-7b-rank-8-3,204,42,444.1587471711099
3510,huggyllama/llama-7b,dummy-lora-7b-rank-8-1,1005,44,444.2624673272858
3511,huggyllama/llama-7b,dummy-lora-7b-rank-16-0,727,100,444.27978557601193
3512,huggyllama/llama-7b,dummy-lora-7b-rank-8-1,558,23,444.36083242049193
3513,huggyllama/llama-7b,dummy-lora-7b-rank-8-3,400,59,444.4619982208943
3514,huggyllama/llama-7b,dummy-lora-7b-rank-128-0,371,49,444.8557721669955
3515,huggyllama/llama-7b,dummy-lora-7b-rank-16-1,828,51,445.02444920138686
3516,huggyllama/llama-7b,dummy-lora-7b-rank-32-1,686,13,445.04338874120754
3517,huggyllama/llama-7b,dummy-lora-7b-rank-128-1,212,134,445.1109665074828
3518,huggyllama/llama-7b,dummy-lora-7b-rank-16-4,547,5,445.2495731434631
3519,huggyllama/llama-7b,dummy-lora-7b-rank-128-4,619,47,445.2534029200635
3520,huggyllama/llama-7b,dummy-lora-7b-rank-8-1,589,49,445.4555092735639
3521,huggyllama/llama-7b,dummy-lora-7b-rank-16-0,562,27,445.49351000528037
3522,huggyllama/llama-7b,dummy-lora-7b-rank-64-1,568,30,445.59904548172904
3523,huggyllama/llama-7b,dummy-lora-7b-rank-8-1,564,27,445.62585735607365
3524,huggyllama/llama-7b,dummy-lora-7b-rank-128-1,588,20,445.69664188924764
3525,huggyllama/llama-7b,dummy-lora-7b-rank-32-3,449,206,445.8357197510347
3526,huggyllama/llama-7b,dummy-lora-7b-rank-16-0,199,33,445.8390739223648
3527,huggyllama/llama-7b,dummy-lora-7b-rank-64-2,604,31,446.17213194534713
3528,huggyllama/llama-7b,dummy-lora-7b-rank-32-3,646,52,446.1815536578482
3529,huggyllama/llama-7b,dummy-lora-7b-rank-64-0,530,53,446.27995395566774
3530,huggyllama/llama-7b,dummy-lora-7b-rank-64-4,448,63,446.32804243021235
3531,huggyllama/llama-7b,dummy-lora-7b-rank-16-3,288,180,446.6451018674696
3532,huggyllama/llama-7b,dummy-lora-7b-rank-128-4,714,8,446.74294789982525
3533,huggyllama/llama-7b,dummy-lora-7b-rank-128-1,604,31,447.2082950325316
3534,huggyllama/llama-7b,dummy-lora-7b-rank-8-3,222,132,447.2121703461631
3535,huggyllama/llama-7b,dummy-lora-7b-rank-64-3,253,61,447.2602270359115
3536,huggyllama/llama-7b,dummy-lora-7b-rank-16-3,542,11,447.34903380368957
3537,huggyllama/llama-7b,dummy-lora-7b-rank-8-1,771,3,447.3543639359016
3538,huggyllama/llama-7b,dummy-lora-7b-rank-128-3,556,23,447.4271461604243
3539,huggyllama/llama-7b,dummy-lora-7b-rank-8-1,368,156,447.55866936063313
3540,huggyllama/llama-7b,dummy-lora-7b-rank-32-0,187,13,447.64630231919574
3541,huggyllama/llama-7b,dummy-lora-7b-rank-32-0,562,23,447.9087132771704
3542,huggyllama/llama-7b,dummy-lora-7b-rank-16-3,375,6,447.9965725824179
3543,huggyllama/llama-7b,dummy-lora-7b-rank-64-3,421,156,448.09374155294876
3544,huggyllama/llama-7b,dummy-lora-7b-rank-128-4,586,23,448.1526882104187
3545,huggyllama/llama-7b,dummy-lora-7b-rank-64-4,550,10,448.1615294737004
3546,huggyllama/llama-7b,dummy-lora-7b-rank-16-0,550,18,448.2276286076799
3547,huggyllama/llama-7b,dummy-lora-7b-rank-8-4,375,102,448.3317649256141
3548,huggyllama/llama-7b,dummy-lora-7b-rank-128-3,1007,83,448.5356765742632
3549,huggyllama/llama-7b,dummy-lora-7b-rank-16-2,208,108,448.7666392564335
3550,huggyllama/llama-7b,dummy-lora-7b-rank-16-1,375,5,448.8050970555196
3551,huggyllama/llama-7b,dummy-lora-7b-rank-8-1,823,3,448.9935765948072
3552,huggyllama/llama-7b,dummy-lora-7b-rank-128-0,610,19,449.0918077775578
3553,huggyllama/llama-7b,dummy-lora-7b-rank-64-4,153,67,449.5089503247004
3554,huggyllama/llama-7b,dummy-lora-7b-rank-64-1,604,19,449.71665718002475
3555,huggyllama/llama-7b,dummy-lora-7b-rank-16-4,428,10,449.77877792253554
3556,huggyllama/llama-7b,dummy-lora-7b-rank-16-0,250,44,450.0315081450982
3557,huggyllama/llama-7b,dummy-lora-7b-rank-64-2,570,30,450.2534273845275
3558,huggyllama/llama-7b,dummy-lora-7b-rank-128-3,203,49,450.70493729909555
3559,huggyllama/llama-7b,dummy-lora-7b-rank-128-4,182,130,450.85384878153053
3560,huggyllama/llama-7b,dummy-lora-7b-rank-8-1,554,20,450.86479707316334
3561,huggyllama/llama-7b,dummy-lora-7b-rank-8-0,556,19,451.0898197306802
3562,huggyllama/llama-7b,dummy-lora-7b-rank-32-1,552,21,451.1332172144719
3563,huggyllama/llama-7b,dummy-lora-7b-rank-8-3,635,22,451.1691434543072
3564,huggyllama/llama-7b,dummy-lora-7b-rank-128-0,725,31,451.4355481066128
3565,huggyllama/llama-7b,dummy-lora-7b-rank-64-4,581,85,451.54183155600015
3566,huggyllama/llama-7b,dummy-lora-7b-rank-128-4,307,39,451.7817336536007
3567,huggyllama/llama-7b,dummy-lora-7b-rank-16-1,237,55,451.91908166222754
3568,huggyllama/llama-7b,dummy-lora-7b-rank-64-2,552,18,452.1124912669386
3569,huggyllama/llama-7b,dummy-lora-7b-rank-64-3,834,53,452.1447157555167
3570,huggyllama/llama-7b,dummy-lora-7b-rank-128-0,384,205,452.2080712920892
3571,huggyllama/llama-7b,dummy-lora-7b-rank-32-3,314,51,452.3185597409257
3572,huggyllama/llama-7b,dummy-lora-7b-rank-128-4,414,7,452.3614733130084
3573,huggyllama/llama-7b,dummy-lora-7b-rank-64-3,738,15,452.5564647991734
3574,huggyllama/llama-7b,dummy-lora-7b-rank-128-2,51,51,452.6335932573482
3575,huggyllama/llama-7b,dummy-lora-7b-rank-16-4,187,3,452.6965167153547
3576,huggyllama/llama-7b,dummy-lora-7b-rank-8-2,682,78,452.73894569039066
3577,huggyllama/llama-7b,dummy-lora-7b-rank-8-4,502,58,452.8970662327332
3578,huggyllama/llama-7b,dummy-lora-7b-rank-16-4,619,25,452.96734305087045
3579,huggyllama/llama-7b,dummy-lora-7b-rank-64-3,118,47,453.1368333182191
3580,huggyllama/llama-7b,dummy-lora-7b-rank-8-0,988,112,453.48168352167755
3581,huggyllama/llama-7b,dummy-lora-7b-rank-8-3,568,138,453.5894229434597
3582,huggyllama/llama-7b,dummy-lora-7b-rank-32-0,550,10,453.6900118413741
3583,huggyllama/llama-7b,dummy-lora-7b-rank-64-0,417,14,453.7207145462729
3584,huggyllama/llama-7b,dummy-lora-7b-rank-128-0,600,26,453.9493773759326
3585,huggyllama/llama-7b,dummy-lora-7b-rank-16-0,479,11,453.9827163097385
3586,huggyllama/llama-7b,dummy-lora-7b-rank-8-4,483,4,454.02672557724986
3587,huggyllama/llama-7b,dummy-lora-7b-rank-64-1,628,60,454.0666812478876
3588,huggyllama/llama-7b,dummy-lora-7b-rank-32-1,560,23,454.15831163823276
3589,huggyllama/llama-7b,dummy-lora-7b-rank-8-4,906,3,454.2374900477055
3590,huggyllama/llama-7b,dummy-lora-7b-rank-8-4,252,59,454.53038297331653
3591,huggyllama/llama-7b,dummy-lora-7b-rank-8-2,705,3,454.5585965168585
3592,huggyllama/llama-7b,dummy-lora-7b-rank-32-4,164,27,454.6600415896392
3593,huggyllama/llama-7b,dummy-lora-7b-rank-64-0,444,36,454.6873341366338
3594,huggyllama/llama-7b,dummy-lora-7b-rank-16-1,631,30,454.76374350904604
3595,huggyllama/llama-7b,dummy-lora-7b-rank-32-0,626,7,454.7753515386355
3596,huggyllama/llama-7b,dummy-lora-7b-rank-8-2,633,36,454.9743104870732
3597,huggyllama/llama-7b,dummy-lora-7b-rank-64-0,717,3,455.14269308342546
3598,huggyllama/llama-7b,dummy-lora-7b-rank-128-4,317,12,455.2670252023155
3599,huggyllama/llama-7b,dummy-lora-7b-rank-128-2,540,9,455.7177078332274
3600,huggyllama/llama-7b,dummy-lora-7b-rank-64-4,564,19,455.71792257129016
3601,huggyllama/llama-7b,dummy-lora-7b-rank-8-0,566,28,455.732451926168
3602,huggyllama/llama-7b,dummy-lora-7b-rank-8-0,902,39,455.8102519198782
3603,huggyllama/llama-7b,dummy-lora-7b-rank-128-0,582,34,455.89236259626796
3604,huggyllama/llama-7b,dummy-lora-7b-rank-8-4,593,54,455.92835808293376
3605,huggyllama/llama-7b,dummy-lora-7b-rank-16-3,794,13,456.1232932938858
3606,huggyllama/llama-7b,dummy-lora-7b-rank-128-4,179,120,456.135537913723
3607,huggyllama/llama-7b,dummy-lora-7b-rank-64-0,256,135,456.26056291729964
3608,huggyllama/llama-7b,dummy-lora-7b-rank-32-3,237,87,456.6760571458737
3609,huggyllama/llama-7b,dummy-lora-7b-rank-32-4,467,55,456.9632295218422
3610,huggyllama/llama-7b,dummy-lora-7b-rank-128-4,310,5,457.2138419940286
3611,huggyllama/llama-7b,dummy-lora-7b-rank-16-0,1007,99,457.2183881113174
3612,huggyllama/llama-7b,dummy-lora-7b-rank-128-0,598,70,457.2417720438799
3613,huggyllama/llama-7b,dummy-lora-7b-rank-128-3,276,6,457.2516824676877
3614,huggyllama/llama-7b,dummy-lora-7b-rank-16-3,306,197,457.41249235165003
3615,huggyllama/llama-7b,dummy-lora-7b-rank-128-0,552,17,457.4820569578424
3616,huggyllama/llama-7b,dummy-lora-7b-rank-32-1,568,27,457.52832120039386
3617,huggyllama/llama-7b,dummy-lora-7b-rank-32-2,218,58,457.74119572597846
3618,huggyllama/llama-7b,dummy-lora-7b-rank-32-0,552,19,457.8218964442952
3619,huggyllama/llama-7b,dummy-lora-7b-rank-32-1,513,39,458.19549895479963
3620,huggyllama/llama-7b,dummy-lora-7b-rank-32-4,594,80,458.2688983917436
3621,huggyllama/llama-7b,dummy-lora-7b-rank-64-4,447,53,458.2740747526671
3622,huggyllama/llama-7b,dummy-lora-7b-rank-16-0,564,28,458.3103698626308
3623,huggyllama/llama-7b,dummy-lora-7b-rank-128-4,404,41,458.49316508515506
3624,huggyllama/llama-7b,dummy-lora-7b-rank-16-3,554,22,458.51562428270887
3625,huggyllama/llama-7b,dummy-lora-7b-rank-32-4,831,41,458.6881635439064
3626,huggyllama/llama-7b,dummy-lora-7b-rank-8-2,598,27,458.7631682896625
3627,huggyllama/llama-7b,dummy-lora-7b-rank-128-3,558,22,458.8612661346955
3628,huggyllama/llama-7b,dummy-lora-7b-rank-32-1,548,17,458.93290641372425
3629,huggyllama/llama-7b,dummy-lora-7b-rank-32-2,584,18,459.08969947580954
3630,huggyllama/llama-7b,dummy-lora-7b-rank-8-2,712,23,459.14228143710056
3631,huggyllama/llama-7b,dummy-lora-7b-rank-8-1,716,48,459.2666690351933
3632,huggyllama/llama-7b,dummy-lora-7b-rank-16-3,405,7,459.32992219659207
3633,huggyllama/llama-7b,dummy-lora-7b-rank-64-4,550,17,459.40005996317456
3634,huggyllama/llama-7b,dummy-lora-7b-rank-64-1,479,96,459.60968389699696
3635,huggyllama/llama-7b,dummy-lora-7b-rank-8-1,467,60,459.6464368798716
3636,huggyllama/llama-7b,dummy-lora-7b-rank-128-0,545,38,459.7739523186786
3637,huggyllama/llama-7b,dummy-lora-7b-rank-128-1,564,27,459.84308008013613
3638,huggyllama/llama-7b,dummy-lora-7b-rank-16-2,349,6,460.1439180948003
3639,huggyllama/llama-7b,dummy-lora-7b-rank-16-4,865,45,460.2415783792857
3640,huggyllama/llama-7b,dummy-lora-7b-rank-16-1,728,49,460.3646719611431
3641,huggyllama/llama-7b,dummy-lora-7b-rank-8-4,556,24,460.41243309735205
3642,huggyllama/llama-7b,dummy-lora-7b-rank-16-3,339,58,460.48490444847863
3643,huggyllama/llama-7b,dummy-lora-7b-rank-8-1,115,23,460.5822587301596
3644,huggyllama/llama-7b,dummy-lora-7b-rank-8-2,238,44,460.61507340055914
3645,huggyllama/llama-7b,dummy-lora-7b-rank-128-1,309,90,460.73757915192124
3646,huggyllama/llama-7b,dummy-lora-7b-rank-8-1,201,4,460.9131537908462
3647,huggyllama/llama-7b,dummy-lora-7b-rank-64-3,341,47,460.9851057098796
3648,huggyllama/llama-7b,dummy-lora-7b-rank-32-1,535,29,461.1455578504823
3649,huggyllama/llama-7b,dummy-lora-7b-rank-64-3,1019,74,461.2105410275946
3650,huggyllama/llama-7b,dummy-lora-7b-rank-32-4,669,10,461.3866472015533
3651,huggyllama/llama-7b,dummy-lora-7b-rank-8-4,294,7,461.41090541455605
3652,huggyllama/llama-7b,dummy-lora-7b-rank-64-4,829,5,461.511651634409
3653,huggyllama/llama-7b,dummy-lora-7b-rank-64-3,57,41,461.5736594853191
3654,huggyllama/llama-7b,dummy-lora-7b-rank-32-4,484,4,461.6834731918441
3655,huggyllama/llama-7b,dummy-lora-7b-rank-128-1,462,53,461.7708530412243
3656,huggyllama/llama-7b,dummy-lora-7b-rank-64-1,800,83,461.799674569785
3657,huggyllama/llama-7b,dummy-lora-7b-rank-32-0,620,8,461.84210500647595
3658,huggyllama/llama-7b,dummy-lora-7b-rank-64-0,525,52,462.01957066823854
3659,huggyllama/llama-7b,dummy-lora-7b-rank-8-1,632,3,462.10688226544676
3660,huggyllama/llama-7b,dummy-lora-7b-rank-8-3,209,52,462.108336011827
3661,huggyllama/llama-7b,dummy-lora-7b-rank-8-2,588,16,462.4038442146467
3662,huggyllama/llama-7b,dummy-lora-7b-rank-128-1,200,6,462.596147450962
3663,huggyllama/llama-7b,dummy-lora-7b-rank-128-0,552,21,462.68989681802475
3664,huggyllama/llama-7b,dummy-lora-7b-rank-16-4,465,90,462.85303038852
3665,huggyllama/llama-7b,dummy-lora-7b-rank-64-4,111,52,462.9285305909889
3666,huggyllama/llama-7b,dummy-lora-7b-rank-8-1,326,144,463.02869076741007
3667,huggyllama/llama-7b,dummy-lora-7b-rank-16-1,550,18,463.0354214844673
3668,huggyllama/llama-7b,dummy-lora-7b-rank-128-3,317,55,463.6131538138957
3669,huggyllama/llama-7b,dummy-lora-7b-rank-8-2,410,15,463.629174604351
3670,huggyllama/llama-7b,dummy-lora-7b-rank-64-4,548,17,463.85463370093856
3671,huggyllama/llama-7b,dummy-lora-7b-rank-16-2,592,22,463.89180260921614
3672,huggyllama/llama-7b,dummy-lora-7b-rank-16-1,606,33,463.94822183018937
3673,huggyllama/llama-7b,dummy-lora-7b-rank-32-1,559,12,463.9746760030768
3674,huggyllama/llama-7b,dummy-lora-7b-rank-8-1,558,23,464.2503874032228
3675,huggyllama/llama-7b,dummy-lora-7b-rank-64-4,700,8,464.27077322667697
3676,huggyllama/llama-7b,dummy-lora-7b-rank-64-2,552,20,464.49801379044595
3677,huggyllama/llama-7b,dummy-lora-7b-rank-64-2,838,10,464.7574563903871
3678,huggyllama/llama-7b,dummy-lora-7b-rank-128-2,562,29,464.7915677843365
3679,huggyllama/llama-7b,dummy-lora-7b-rank-32-2,568,19,464.9917654261777
3680,huggyllama/llama-7b,dummy-lora-7b-rank-16-1,581,58,465.2449335335558
3681,huggyllama/llama-7b,dummy-lora-7b-rank-128-1,604,22,465.2651308310274
3682,huggyllama/llama-7b,dummy-lora-7b-rank-16-0,372,71,465.62390672188263
3683,huggyllama/llama-7b,dummy-lora-7b-rank-16-1,568,27,465.66310124135157
3684,huggyllama/llama-7b,dummy-lora-7b-rank-16-4,318,150,465.7175325170707
3685,huggyllama/llama-7b,dummy-lora-7b-rank-128-4,550,20,465.8692769623959
3686,huggyllama/llama-7b,dummy-lora-7b-rank-32-3,1010,3,466.04941673798334
3687,huggyllama/llama-7b,dummy-lora-7b-rank-8-2,338,54,466.1510967394403
3688,huggyllama/llama-7b,dummy-lora-7b-rank-64-4,652,39,466.386586526583
3689,huggyllama/llama-7b,dummy-lora-7b-rank-64-4,680,20,466.5144326380061
3690,huggyllama/llama-7b,dummy-lora-7b-rank-64-3,293,15,466.6039441580065
3691,huggyllama/llama-7b,dummy-lora-7b-rank-16-2,764,14,466.60461973823027
3692,huggyllama/llama-7b,dummy-lora-7b-rank-8-4,562,26,466.6413760024238
3693,huggyllama/llama-7b,dummy-lora-7b-rank-64-2,227,38,466.6760347610949
3694,huggyllama/llama-7b,dummy-lora-7b-rank-16-2,252,5,466.8134202456602
3695,huggyllama/llama-7b,dummy-lora-7b-rank-128-2,360,7,467.04377496761373
3696,huggyllama/llama-7b,dummy-lora-7b-rank-16-2,500,10,467.1290943652264
3697,huggyllama/llama-7b,dummy-lora-7b-rank-64-0,844,12,467.15874454177583
3698,huggyllama/llama-7b,dummy-lora-7b-rank-64-2,304,59,467.3174920785133
3699,huggyllama/llama-7b,dummy-lora-7b-rank-8-2,689,69,467.6608388041638
3700,huggyllama/llama-7b,dummy-lora-7b-rank-16-2,233,118,467.9174455979607
3701,huggyllama/llama-7b,dummy-lora-7b-rank-128-3,293,10,468.0430505280021
3702,huggyllama/llama-7b,dummy-lora-7b-rank-32-2,570,27,468.15068513182877
3703,huggyllama/llama-7b,dummy-lora-7b-rank-128-4,513,12,468.29277873534954
3704,huggyllama/llama-7b,dummy-lora-7b-rank-8-1,548,14,468.3118384995755
3705,huggyllama/llama-7b,dummy-lora-7b-rank-32-4,412,50,468.3704069628939
3706,huggyllama/llama-7b,dummy-lora-7b-rank-16-1,550,18,468.75277601695865
3707,huggyllama/llama-7b,dummy-lora-7b-rank-8-3,620,36,469.5662428543817
3708,huggyllama/llama-7b,dummy-lora-7b-rank-128-4,250,181,470.02052518156
3709,huggyllama/llama-7b,dummy-lora-7b-rank-16-3,397,11,470.05758334930937
3710,huggyllama/llama-7b,dummy-lora-7b-rank-16-2,730,36,470.1837394425194
3711,huggyllama/llama-7b,dummy-lora-7b-rank-128-0,552,19,470.4149651957198
3712,huggyllama/llama-7b,dummy-lora-7b-rank-32-3,647,2,471.04554002164616
3713,huggyllama/llama-7b,dummy-lora-7b-rank-8-0,558,24,471.2471424843704
3714,huggyllama/llama-7b,dummy-lora-7b-rank-8-0,566,18,471.2774278117009
3715,huggyllama/llama-7b,dummy-lora-7b-rank-16-4,596,25,471.4084322850541
3716,huggyllama/llama-7b,dummy-lora-7b-rank-128-2,419,47,471.54637909515594
3717,huggyllama/llama-7b,dummy-lora-7b-rank-16-1,752,21,471.57776326266816
3718,huggyllama/llama-7b,dummy-lora-7b-rank-64-3,886,111,471.6295488706691
3719,huggyllama/llama-7b,dummy-lora-7b-rank-16-0,560,15,471.80190728476884
3720,huggyllama/llama-7b,dummy-lora-7b-rank-8-4,558,14,472.2175974599031
3721,huggyllama/llama-7b,dummy-lora-7b-rank-64-4,400,44,472.2631136741357
3722,huggyllama/llama-7b,dummy-lora-7b-rank-8-0,214,42,472.3564914344694
3723,huggyllama/llama-7b,dummy-lora-7b-rank-8-1,338,51,472.36327824545083
3724,huggyllama/llama-7b,dummy-lora-7b-rank-32-1,496,39,472.4000863052853
3725,huggyllama/llama-7b,dummy-lora-7b-rank-8-1,341,40,472.54138131208657
3726,huggyllama/llama-7b,dummy-lora-7b-rank-32-3,554,22,472.8336080755473
3727,huggyllama/llama-7b,dummy-lora-7b-rank-32-1,528,7,472.92022819151435
3728,huggyllama/llama-7b,dummy-lora-7b-rank-8-1,558,22,473.1653708228488
3729,huggyllama/llama-7b,dummy-lora-7b-rank-8-0,570,30,473.2031219178823
3730,huggyllama/llama-7b,dummy-lora-7b-rank-8-2,113,78,473.2772932297297
3731,huggyllama/llama-7b,dummy-lora-7b-rank-16-0,255,42,473.42452206243354
3732,huggyllama/llama-7b,dummy-lora-7b-rank-32-3,592,26,473.5018521800578
3733,huggyllama/llama-7b,dummy-lora-7b-rank-128-0,962,80,473.5398994651357
3734,huggyllama/llama-7b,dummy-lora-7b-rank-16-3,881,167,473.61180692622634
3735,huggyllama/llama-7b,dummy-lora-7b-rank-8-1,398,49,473.68544486980136
3736,huggyllama/llama-7b,dummy-lora-7b-rank-128-0,590,8,473.7727815150958
3737,huggyllama/llama-7b,dummy-lora-7b-rank-32-0,328,36,473.8772372282383
3738,huggyllama/llama-7b,dummy-lora-7b-rank-32-4,458,6,473.9406944903443
3739,huggyllama/llama-7b,dummy-lora-7b-rank-64-0,556,58,474.06969350085933
3740,huggyllama/llama-7b,dummy-lora-7b-rank-16-3,629,24,474.2410553039986
3741,huggyllama/llama-7b,dummy-lora-7b-rank-8-3,564,26,474.4896723476581
3742,huggyllama/llama-7b,dummy-lora-7b-rank-32-1,512,91,474.493134500953
3743,huggyllama/llama-7b,dummy-lora-7b-rank-8-3,608,11,474.53242402675505
3744,huggyllama/llama-7b,dummy-lora-7b-rank-16-0,550,11,474.65083059415707
3745,huggyllama/llama-7b,dummy-lora-7b-rank-32-1,564,27,474.7241799443414
3746,huggyllama/llama-7b,dummy-lora-7b-rank-32-1,148,31,474.79605850059914
3747,huggyllama/llama-7b,dummy-lora-7b-rank-8-3,652,223,475.0180419768676
3748,huggyllama/llama-7b,dummy-lora-7b-rank-64-2,702,45,475.02008372785536
3749,huggyllama/llama-7b,dummy-lora-7b-rank-8-2,513,6,475.1033861664182
3750,huggyllama/llama-7b,dummy-lora-7b-rank-8-1,605,22,475.2152147411332
3751,huggyllama/llama-7b,dummy-lora-7b-rank-64-0,364,44,475.4397100147067
3752,huggyllama/llama-7b,dummy-lora-7b-rank-128-3,490,9,475.7466174421193
3753,huggyllama/llama-7b,dummy-lora-7b-rank-64-4,988,8,475.78385824120267
3754,huggyllama/llama-7b,dummy-lora-7b-rank-64-0,295,8,475.7927448301403
3755,huggyllama/llama-7b,dummy-lora-7b-rank-8-0,882,34,476.00181108609104
3756,huggyllama/llama-7b,dummy-lora-7b-rank-8-1,249,49,476.054540057112
3757,huggyllama/llama-7b,dummy-lora-7b-rank-32-3,553,17,476.11267189961956
3758,huggyllama/llama-7b,dummy-lora-7b-rank-128-1,423,133,476.27315841703313
3759,huggyllama/llama-7b,dummy-lora-7b-rank-128-0,605,20,476.3212398258721
3760,huggyllama/llama-7b,dummy-lora-7b-rank-128-3,392,41,476.3614929313074
3761,huggyllama/llama-7b,dummy-lora-7b-rank-32-2,552,12,476.4472066075227
3762,huggyllama/llama-7b,dummy-lora-7b-rank-8-3,1011,97,476.4872651605809
3763,huggyllama/llama-7b,dummy-lora-7b-rank-16-3,670,13,476.6505798717904
3764,huggyllama/llama-7b,dummy-lora-7b-rank-32-3,493,11,476.67226233209135
3765,huggyllama/llama-7b,dummy-lora-7b-rank-16-0,491,48,476.69954188365557
3766,huggyllama/llama-7b,dummy-lora-7b-rank-128-1,116,50,476.7828342546384
3767,huggyllama/llama-7b,dummy-lora-7b-rank-8-3,558,25,476.858153581938
3768,huggyllama/llama-7b,dummy-lora-7b-rank-32-0,323,39,476.8908342597279
3769,huggyllama/llama-7b,dummy-lora-7b-rank-128-4,601,18,477.38720694076807
3770,huggyllama/llama-7b,dummy-lora-7b-rank-8-3,556,21,477.6309975101473
3771,huggyllama/llama-7b,dummy-lora-7b-rank-128-0,601,18,477.6452277934098
3772,huggyllama/llama-7b,dummy-lora-7b-rank-16-3,687,61,477.6777803855637
3773,huggyllama/llama-7b,dummy-lora-7b-rank-8-3,222,47,477.69620224145655
3774,huggyllama/llama-7b,dummy-lora-7b-rank-32-2,283,44,477.6978943924004
3775,huggyllama/llama-7b,dummy-lora-7b-rank-128-0,792,10,477.83327349995886
3776,huggyllama/llama-7b,dummy-lora-7b-rank-8-4,268,100,477.839044136841
3777,huggyllama/llama-7b,dummy-lora-7b-rank-8-3,607,11,477.9309190658853
3778,huggyllama/llama-7b,dummy-lora-7b-rank-16-0,594,23,477.9987080170014
3779,huggyllama/llama-7b,dummy-lora-7b-rank-32-3,340,45,478.00538878996565
3780,huggyllama/llama-7b,dummy-lora-7b-rank-16-2,554,12,478.0529844526839
3781,huggyllama/llama-7b,dummy-lora-7b-rank-32-3,489,95,478.0803912709189
3782,huggyllama/llama-7b,dummy-lora-7b-rank-64-1,652,69,478.4931833734237
3783,huggyllama/llama-7b,dummy-lora-7b-rank-16-0,387,77,478.8292656154645
3784,huggyllama/llama-7b,dummy-lora-7b-rank-16-4,789,37,478.8582719031959
3785,huggyllama/llama-7b,dummy-lora-7b-rank-64-3,244,59,478.9761558932199
3786,huggyllama/llama-7b,dummy-lora-7b-rank-128-4,542,11,478.98144250064
3787,huggyllama/llama-7b,dummy-lora-7b-rank-16-2,514,111,479.152950282398
3788,huggyllama/llama-7b,dummy-lora-7b-rank-64-2,459,52,479.15808998107764
3789,huggyllama/llama-7b,dummy-lora-7b-rank-64-4,456,63,479.166330349123
3790,huggyllama/llama-7b,dummy-lora-7b-rank-16-0,399,7,479.2487934445658
3791,huggyllama/llama-7b,dummy-lora-7b-rank-32-0,263,54,479.4617549710639
3792,huggyllama/llama-7b,dummy-lora-7b-rank-128-1,898,3,479.6200974064573
3793,huggyllama/llama-7b,dummy-lora-7b-rank-16-0,554,20,479.6219194009189
3794,huggyllama/llama-7b,dummy-lora-7b-rank-64-2,570,30,479.90235743110037
3795,huggyllama/llama-7b,dummy-lora-7b-rank-128-2,433,44,480.2744288788911
3796,huggyllama/llama-7b,dummy-lora-7b-rank-8-1,815,41,480.31559159040194
3797,huggyllama/llama-7b,dummy-lora-7b-rank-32-2,608,110,480.5747463679755
3798,huggyllama/llama-7b,dummy-lora-7b-rank-8-0,580,36,480.59004683045197
3799,huggyllama/llama-7b,dummy-lora-7b-rank-64-3,554,20,480.60650228339637
3800,huggyllama/llama-7b,dummy-lora-7b-rank-16-3,260,50,480.94764585102956
3801,huggyllama/llama-7b,dummy-lora-7b-rank-32-0,602,14,481.0418717361552
3802,huggyllama/llama-7b,dummy-lora-7b-rank-8-3,570,30,481.05682805079954
3803,huggyllama/llama-7b,dummy-lora-7b-rank-32-2,254,50,481.0577561325544
3804,huggyllama/llama-7b,dummy-lora-7b-rank-8-3,753,214,481.16101157762586
3805,huggyllama/llama-7b,dummy-lora-7b-rank-32-4,488,49,481.21133705702954
3806,huggyllama/llama-7b,dummy-lora-7b-rank-8-0,442,11,481.28296079722736
3807,huggyllama/llama-7b,dummy-lora-7b-rank-32-0,554,22,481.39196088627716
3808,huggyllama/llama-7b,dummy-lora-7b-rank-32-3,621,8,481.4342907314281
3809,huggyllama/llama-7b,dummy-lora-7b-rank-16-3,655,10,481.46557273464913
3810,huggyllama/llama-7b,dummy-lora-7b-rank-64-0,548,17,481.5034638909535
3811,huggyllama/llama-7b,dummy-lora-7b-rank-64-1,554,20,481.7791964691205
3812,huggyllama/llama-7b,dummy-lora-7b-rank-8-1,488,42,481.780417115381
3813,huggyllama/llama-7b,dummy-lora-7b-rank-8-4,418,8,481.8555864666071
3814,huggyllama/llama-7b,dummy-lora-7b-rank-16-3,556,24,481.94983974131355
3815,huggyllama/llama-7b,dummy-lora-7b-rank-8-1,177,26,482.11088793237536
3816,huggyllama/llama-7b,dummy-lora-7b-rank-64-4,736,63,482.1505285812987
3817,huggyllama/llama-7b,dummy-lora-7b-rank-16-1,126,78,482.37008581736114
3818,huggyllama/llama-7b,dummy-lora-7b-rank-8-4,274,68,482.38278853030823
3819,huggyllama/llama-7b,dummy-lora-7b-rank-128-2,554,12,482.49006332411767
3820,huggyllama/llama-7b,dummy-lora-7b-rank-32-2,575,6,482.49606196359343
3821,huggyllama/llama-7b,dummy-lora-7b-rank-32-1,94,56,482.5376610643732
3822,huggyllama/llama-7b,dummy-lora-7b-rank-32-1,587,83,482.74137181646176
3823,huggyllama/llama-7b,dummy-lora-7b-rank-128-1,556,46,483.0857316884785
3824,huggyllama/llama-7b,dummy-lora-7b-rank-16-1,259,49,483.2514211291387
3825,huggyllama/llama-7b,dummy-lora-7b-rank-32-2,564,27,483.32966782137083
3826,huggyllama/llama-7b,dummy-lora-7b-rank-128-3,550,18,483.53255435150874
3827,huggyllama/llama-7b,dummy-lora-7b-rank-64-0,609,31,483.7850951291059
3828,huggyllama/llama-7b,dummy-lora-7b-rank-128-0,562,27,483.834457084064
3829,huggyllama/llama-7b,dummy-lora-7b-rank-16-0,378,48,483.9809876113465
3830,huggyllama/llama-7b,dummy-lora-7b-rank-64-4,280,148,484.1324988790185
3831,huggyllama/llama-7b,dummy-lora-7b-rank-128-2,448,43,484.5072305226456
3832,huggyllama/llama-7b,dummy-lora-7b-rank-64-4,609,21,484.8855735698992
3833,huggyllama/llama-7b,dummy-lora-7b-rank-128-4,333,15,485.1274103777502
3834,huggyllama/llama-7b,dummy-lora-7b-rank-128-3,294,8,485.2489511942551
3835,huggyllama/llama-7b,dummy-lora-7b-rank-8-1,570,30,485.6016807273155
3836,huggyllama/llama-7b,dummy-lora-7b-rank-128-4,613,25,485.90868325444745
3837,huggyllama/llama-7b,dummy-lora-7b-rank-32-4,635,36,485.9762155775244
3838,huggyllama/llama-7b,dummy-lora-7b-rank-16-0,548,16,486.0509542931823
3839,huggyllama/llama-7b,dummy-lora-7b-rank-128-0,491,48,486.22714290938455
3840,huggyllama/llama-7b,dummy-lora-7b-rank-16-4,485,95,486.3077837721657
3841,huggyllama/llama-7b,dummy-lora-7b-rank-16-1,886,191,486.90471340821927
3842,huggyllama/llama-7b,dummy-lora-7b-rank-8-2,590,19,487.04408162480047
3843,huggyllama/llama-7b,dummy-lora-7b-rank-32-0,558,21,487.1301520013922
3844,huggyllama/llama-7b,dummy-lora-7b-rank-16-2,235,50,487.2025806377895
3845,huggyllama/llama-7b,dummy-lora-7b-rank-16-1,551,61,487.3265840066109
3846,huggyllama/llama-7b,dummy-lora-7b-rank-64-4,601,18,487.5150351048229
3847,huggyllama/llama-7b,dummy-lora-7b-rank-64-1,583,49,488.1092121117857
3848,huggyllama/llama-7b,dummy-lora-7b-rank-16-0,584,33,488.32514515468273
3849,huggyllama/llama-7b,dummy-lora-7b-rank-64-2,550,19,488.36845611693735
3850,huggyllama/llama-7b,dummy-lora-7b-rank-128-0,801,151,488.3732791093766
3851,huggyllama/llama-7b,dummy-lora-7b-rank-8-2,611,22,488.407688583298
3852,huggyllama/llama-7b,dummy-lora-7b-rank-8-3,269,158,488.7946792967772
3853,huggyllama/llama-7b,dummy-lora-7b-rank-8-2,163,108,488.83589381751324
3854,huggyllama/llama-7b,dummy-lora-7b-rank-64-3,556,21,488.92181481284507
3855,huggyllama/llama-7b,dummy-lora-7b-rank-64-1,516,98,489.1486013435845
3856,huggyllama/llama-7b,dummy-lora-7b-rank-128-0,444,50,489.1576403869694
3857,huggyllama/llama-7b,dummy-lora-7b-rank-64-4,55,57,489.1980358730974
3858,huggyllama/llama-7b,dummy-lora-7b-rank-128-4,235,2,489.6441824835497
3859,huggyllama/llama-7b,dummy-lora-7b-rank-64-4,558,19,489.6579158851883
3860,huggyllama/llama-7b,dummy-lora-7b-rank-32-4,326,139,489.6728456566124
3861,huggyllama/llama-7b,dummy-lora-7b-rank-16-0,552,11,489.7698613094994
3862,huggyllama/llama-7b,dummy-lora-7b-rank-8-4,578,26,489.858086580446
3863,huggyllama/llama-7b,dummy-lora-7b-rank-16-3,328,53,489.8717313818041
3864,huggyllama/llama-7b,dummy-lora-7b-rank-16-4,341,72,489.9370953801974
3865,huggyllama/llama-7b,dummy-lora-7b-rank-64-2,550,18,490.04748048986494
3866,huggyllama/llama-7b,dummy-lora-7b-rank-32-0,831,135,490.2950301734476
3867,huggyllama/llama-7b,dummy-lora-7b-rank-16-3,482,56,490.61235584160534
3868,huggyllama/llama-7b,dummy-lora-7b-rank-32-0,570,28,490.6349900178686
3869,huggyllama/llama-7b,dummy-lora-7b-rank-64-0,612,48,490.73057253296537
3870,huggyllama/llama-7b,dummy-lora-7b-rank-64-1,822,86,490.8379096222641
3871,huggyllama/llama-7b,dummy-lora-7b-rank-128-1,313,36,491.1004531311444
3872,huggyllama/llama-7b,dummy-lora-7b-rank-8-0,607,21,491.33323208468624
3873,huggyllama/llama-7b,dummy-lora-7b-rank-32-1,600,20,491.3519925952511
3874,huggyllama/llama-7b,dummy-lora-7b-rank-32-4,803,15,491.581465572307
3875,huggyllama/llama-7b,dummy-lora-7b-rank-32-4,599,26,491.88365464157715
3876,huggyllama/llama-7b,dummy-lora-7b-rank-8-0,417,12,491.89252952860704
3877,huggyllama/llama-7b,dummy-lora-7b-rank-128-3,348,33,491.9771837000473
3878,huggyllama/llama-7b,dummy-lora-7b-rank-32-1,214,125,492.0127224374624
3879,huggyllama/llama-7b,dummy-lora-7b-rank-32-1,741,15,492.19264089444493
3880,huggyllama/llama-7b,dummy-lora-7b-rank-64-4,366,46,492.7880326934308
3881,huggyllama/llama-7b,dummy-lora-7b-rank-128-1,659,37,492.80384030219085
3882,huggyllama/llama-7b,dummy-lora-7b-rank-64-0,560,12,493.001674755761
3883,huggyllama/llama-7b,dummy-lora-7b-rank-64-2,158,67,493.04624412477534
3884,huggyllama/llama-7b,dummy-lora-7b-rank-128-1,607,21,493.0559588525974
3885,huggyllama/llama-7b,dummy-lora-7b-rank-16-1,308,130,493.07485718626356
3886,huggyllama/llama-7b,dummy-lora-7b-rank-32-3,560,15,493.2841344506764
3887,huggyllama/llama-7b,dummy-lora-7b-rank-32-2,253,51,493.35826844981216
3888,huggyllama/llama-7b,dummy-lora-7b-rank-128-2,470,51,493.9141942824075
3889,huggyllama/llama-7b,dummy-lora-7b-rank-64-2,736,8,493.94628609573493
3890,huggyllama/llama-7b,dummy-lora-7b-rank-16-0,572,17,494.35848005243815
3891,huggyllama/llama-7b,dummy-lora-7b-rank-16-4,850,65,494.39170736422386
3892,huggyllama/llama-7b,dummy-lora-7b-rank-8-1,322,11,494.3983156583032
3893,huggyllama/llama-7b,dummy-lora-7b-rank-32-3,434,45,494.4360198067707
3894,huggyllama/llama-7b,dummy-lora-7b-rank-8-2,583,9,494.50703272108217
3895,huggyllama/llama-7b,dummy-lora-7b-rank-8-2,393,36,494.5987117686506
3896,huggyllama/llama-7b,dummy-lora-7b-rank-8-4,341,90,494.63831583731275
3897,huggyllama/llama-7b,dummy-lora-7b-rank-64-2,312,65,494.6611553520622
3898,huggyllama/llama-7b,dummy-lora-7b-rank-16-4,733,69,495.1263163535652
3899,huggyllama/llama-7b,dummy-lora-7b-rank-32-2,240,120,495.2012318193028
3900,huggyllama/llama-7b,dummy-lora-7b-rank-8-1,564,28,495.5507021207245
3901,huggyllama/llama-7b,dummy-lora-7b-rank-8-3,733,14,495.6197535799888
3902,huggyllama/llama-7b,dummy-lora-7b-rank-8-3,971,64,496.05325370968933
3903,huggyllama/llama-7b,dummy-lora-7b-rank-16-0,558,24,496.29315912803486
3904,huggyllama/llama-7b,dummy-lora-7b-rank-16-2,61,89,496.29586738402855
3905,huggyllama/llama-7b,dummy-lora-7b-rank-16-3,696,22,496.3242968694216
3906,huggyllama/llama-7b,dummy-lora-7b-rank-32-0,403,49,496.40173862457783
3907,huggyllama/llama-7b,dummy-lora-7b-rank-64-3,503,63,496.5447471796463
3908,huggyllama/llama-7b,dummy-lora-7b-rank-64-3,889,65,496.62192819088193
3909,huggyllama/llama-7b,dummy-lora-7b-rank-8-1,498,95,496.6920898359715
3910,huggyllama/llama-7b,dummy-lora-7b-rank-8-1,432,42,496.78121025708947
3911,huggyllama/llama-7b,dummy-lora-7b-rank-32-2,552,11,496.88060953158816
3912,huggyllama/llama-7b,dummy-lora-7b-rank-128-1,202,159,497.20321729019025
3913,huggyllama/llama-7b,dummy-lora-7b-rank-8-3,490,65,497.2889413690035
3914,huggyllama/llama-7b,dummy-lora-7b-rank-8-0,453,11,497.36696468540254
3915,huggyllama/llama-7b,dummy-lora-7b-rank-32-4,183,39,497.5945002878193
3916,huggyllama/llama-7b,dummy-lora-7b-rank-16-3,145,35,497.6535043767169
3917,huggyllama/llama-7b,dummy-lora-7b-rank-8-2,544,15,497.6824950954779
3918,huggyllama/llama-7b,dummy-lora-7b-rank-64-0,892,3,497.7027571365775
3919,huggyllama/llama-7b,dummy-lora-7b-rank-16-0,554,12,497.7894317600746
3920,huggyllama/llama-7b,dummy-lora-7b-rank-32-4,295,40,498.04040207664303
3921,huggyllama/llama-7b,dummy-lora-7b-rank-32-0,558,22,498.1207962730502
3922,huggyllama/llama-7b,dummy-lora-7b-rank-16-0,385,6,498.4827878306138
3923,huggyllama/llama-7b,dummy-lora-7b-rank-16-2,195,33,498.51474473763966
3924,huggyllama/llama-7b,dummy-lora-7b-rank-32-4,598,27,498.53032428656786
3925,huggyllama/llama-7b,dummy-lora-7b-rank-128-1,357,55,498.59926901022146
3926,huggyllama/llama-7b,dummy-lora-7b-rank-32-4,552,19,498.7617464871475
3927,huggyllama/llama-7b,dummy-lora-7b-rank-64-4,278,37,498.78914213911156
3928,huggyllama/llama-7b,dummy-lora-7b-rank-64-4,674,18,498.92445448827476
3929,huggyllama/llama-7b,dummy-lora-7b-rank-16-3,373,39,499.24607019006345
3930,huggyllama/llama-7b,dummy-lora-7b-rank-32-3,330,33,499.335002796831
3931,huggyllama/llama-7b,dummy-lora-7b-rank-8-4,557,17,499.53970503990405
3932,huggyllama/llama-7b,dummy-lora-7b-rank-16-4,665,15,499.54567107822703
3933,huggyllama/llama-7b,dummy-lora-7b-rank-8-2,403,50,499.68785094669397
3934,huggyllama/llama-7b,dummy-lora-7b-rank-64-4,338,226,499.8536797412675
3935,huggyllama/llama-7b,dummy-lora-7b-rank-128-1,413,70,499.9166151177357
3936,huggyllama/llama-7b,dummy-lora-7b-rank-64-4,407,53,499.9804420633546
3937,huggyllama/llama-7b,dummy-lora-7b-rank-64-3,359,59,500.14705018074795
3938,huggyllama/llama-7b,dummy-lora-7b-rank-128-0,546,18,500.16170113106466
3939,huggyllama/llama-7b,dummy-lora-7b-rank-16-4,562,15,500.30978304113086
3940,huggyllama/llama-7b,dummy-lora-7b-rank-32-0,445,45,500.41783102806403
3941,huggyllama/llama-7b,dummy-lora-7b-rank-8-1,215,7,500.5415178480742
3942,huggyllama/llama-7b,dummy-lora-7b-rank-64-0,240,45,500.5708484020199
3943,huggyllama/llama-7b,dummy-lora-7b-rank-8-2,638,50,500.6190228152068
3944,huggyllama/llama-7b,dummy-lora-7b-rank-64-0,568,29,500.7145198831013
3945,huggyllama/llama-7b,dummy-lora-7b-rank-32-0,508,14,500.72281421511786
3946,huggyllama/llama-7b,dummy-lora-7b-rank-128-1,490,7,500.73038510452176
3947,huggyllama/llama-7b,dummy-lora-7b-rank-32-1,587,48,500.75936668016203
3948,huggyllama/llama-7b,dummy-lora-7b-rank-64-4,574,33,500.78866204893984
3949,huggyllama/llama-7b,dummy-lora-7b-rank-8-3,506,49,501.04157187890746
3950,huggyllama/llama-7b,dummy-lora-7b-rank-32-4,845,60,501.111789661044
3951,huggyllama/llama-7b,dummy-lora-7b-rank-32-1,252,3,501.1181151168662
3952,huggyllama/llama-7b,dummy-lora-7b-rank-8-1,740,244,501.14470532911844
3953,huggyllama/llama-7b,dummy-lora-7b-rank-32-1,347,118,501.1602832386301
3954,huggyllama/llama-7b,dummy-lora-7b-rank-16-4,556,26,501.3532131539397
3955,huggyllama/llama-7b,dummy-lora-7b-rank-8-4,582,11,501.44393650746497
3956,huggyllama/llama-7b,dummy-lora-7b-rank-128-3,542,9,501.4507352096105
3957,huggyllama/llama-7b,dummy-lora-7b-rank-16-1,589,47,501.4821127307077
3958,huggyllama/llama-7b,dummy-lora-7b-rank-128-0,347,130,501.67763655422056
3959,huggyllama/llama-7b,dummy-lora-7b-rank-32-3,554,20,501.7124791106102
3960,huggyllama/llama-7b,dummy-lora-7b-rank-128-0,403,53,501.82160474500444
3961,huggyllama/llama-7b,dummy-lora-7b-rank-16-0,459,6,502.01869113839376
3962,huggyllama/llama-7b,dummy-lora-7b-rank-16-2,324,40,502.1044771896134
3963,huggyllama/llama-7b,dummy-lora-7b-rank-32-2,553,19,502.16256168904977
3964,huggyllama/llama-7b,dummy-lora-7b-rank-128-1,288,183,502.3211622815802
3965,huggyllama/llama-7b,dummy-lora-7b-rank-16-0,546,16,502.7363435610332
3966,huggyllama/llama-7b,dummy-lora-7b-rank-128-0,133,107,502.8432975070875
3967,huggyllama/llama-7b,dummy-lora-7b-rank-16-1,548,17,503.08404651669474
3968,huggyllama/llama-7b,dummy-lora-7b-rank-8-3,645,37,503.13444471669663
3969,huggyllama/llama-7b,dummy-lora-7b-rank-64-4,586,19,503.32337005985596
3970,huggyllama/llama-7b,dummy-lora-7b-rank-128-3,308,78,503.56169360467936
3971,huggyllama/llama-7b,dummy-lora-7b-rank-32-0,998,176,503.69984699205617
3972,huggyllama/llama-7b,dummy-lora-7b-rank-64-0,402,15,503.8779707300237
3973,huggyllama/llama-7b,dummy-lora-7b-rank-16-0,548,17,504.0559161168461
3974,huggyllama/llama-7b,dummy-lora-7b-rank-64-2,548,17,504.09916807558363
3975,huggyllama/llama-7b,dummy-lora-7b-rank-16-2,482,51,504.97637252669426
3976,huggyllama/llama-7b,dummy-lora-7b-rank-16-1,615,37,505.002761509676
3977,huggyllama/llama-7b,dummy-lora-7b-rank-64-0,99,91,505.1637879764137
3978,huggyllama/llama-7b,dummy-lora-7b-rank-64-2,124,44,505.255969526198
3979,huggyllama/llama-7b,dummy-lora-7b-rank-16-0,554,20,505.2631913703044
3980,huggyllama/llama-7b,dummy-lora-7b-rank-64-1,603,7,505.4170687109566
3981,huggyllama/llama-7b,dummy-lora-7b-rank-32-1,610,106,505.5486889210551
3982,huggyllama/llama-7b,dummy-lora-7b-rank-128-4,552,22,505.5604125264746
3983,huggyllama/llama-7b,dummy-lora-7b-rank-16-3,338,175,505.58252477093146
3984,huggyllama/llama-7b,dummy-lora-7b-rank-32-4,562,25,505.71044765531997
3985,huggyllama/llama-7b,dummy-lora-7b-rank-32-0,572,32,505.7683495923626
3986,huggyllama/llama-7b,dummy-lora-7b-rank-8-1,415,97,505.8287693570846
3987,huggyllama/llama-7b,dummy-lora-7b-rank-32-3,609,25,506.1233937189809
3988,huggyllama/llama-7b,dummy-lora-7b-rank-16-0,233,45,506.1426309636335
3989,huggyllama/llama-7b,dummy-lora-7b-rank-8-1,601,27,506.1451381124416
3990,huggyllama/llama-7b,dummy-lora-7b-rank-64-0,241,56,506.1977661508646
3991,huggyllama/llama-7b,dummy-lora-7b-rank-32-3,552,19,506.3126810229675
3992,huggyllama/llama-7b,dummy-lora-7b-rank-8-2,556,11,506.5334273623203
3993,huggyllama/llama-7b,dummy-lora-7b-rank-64-1,552,19,506.5637040195718
3994,huggyllama/llama-7b,dummy-lora-7b-rank-16-1,618,20,506.5762978168326
3995,huggyllama/llama-7b,dummy-lora-7b-rank-16-0,152,162,506.68323221340677
3996,huggyllama/llama-7b,dummy-lora-7b-rank-128-2,597,16,506.69424022308533
3997,huggyllama/llama-7b,dummy-lora-7b-rank-8-3,982,11,506.71678485583107
3998,huggyllama/llama-7b,dummy-lora-7b-rank-128-4,560,25,506.7955346717028
3999,huggyllama/llama-7b,dummy-lora-7b-rank-16-4,348,46,506.92728505563224
4000,huggyllama/llama-7b,dummy-lora-7b-rank-16-3,611,20,507.26734609588453
4001,huggyllama/llama-7b,dummy-lora-7b-rank-128-0,224,43,507.53597037477635
4002,huggyllama/llama-7b,dummy-lora-7b-rank-128-1,807,26,507.68955906051843
4003,huggyllama/llama-7b,dummy-lora-7b-rank-32-3,117,19,507.73983910427165
4004,huggyllama/llama-7b,dummy-lora-7b-rank-128-3,250,38,507.8341376244003
4005,huggyllama/llama-7b,dummy-lora-7b-rank-32-1,368,51,508.1051539429111
4006,huggyllama/llama-7b,dummy-lora-7b-rank-64-0,560,23,508.1735118636814
4007,huggyllama/llama-7b,dummy-lora-7b-rank-128-4,726,11,508.2191552325545
4008,huggyllama/llama-7b,dummy-lora-7b-rank-128-1,766,61,508.7399393673752
4009,huggyllama/llama-7b,dummy-lora-7b-rank-128-0,434,62,508.7812505912122
4010,huggyllama/llama-7b,dummy-lora-7b-rank-8-3,588,40,508.7989813186695
4011,huggyllama/llama-7b,dummy-lora-7b-rank-64-2,269,27,508.9721770937544
4012,huggyllama/llama-7b,dummy-lora-7b-rank-8-2,558,24,509.0249528976156
4013,huggyllama/llama-7b,dummy-lora-7b-rank-32-0,299,9,509.02647760300647
4014,huggyllama/llama-7b,dummy-lora-7b-rank-8-1,480,33,509.1452392229426
4015,huggyllama/llama-7b,dummy-lora-7b-rank-8-0,544,63,509.2250105498416
4016,huggyllama/llama-7b,dummy-lora-7b-rank-8-4,585,37,509.2734892477739
4017,huggyllama/llama-7b,dummy-lora-7b-rank-128-4,560,42,509.33908217022525
4018,huggyllama/llama-7b,dummy-lora-7b-rank-16-4,627,10,509.3659747977857
4019,huggyllama/llama-7b,dummy-lora-7b-rank-128-1,562,16,509.4734324871794
4020,huggyllama/llama-7b,dummy-lora-7b-rank-32-1,224,36,509.5629872816
4021,huggyllama/llama-7b,dummy-lora-7b-rank-8-2,218,50,509.67371973952305
4022,huggyllama/llama-7b,dummy-lora-7b-rank-8-4,552,19,509.9817002267553
4023,huggyllama/llama-7b,dummy-lora-7b-rank-16-4,649,81,510.53667214587887
4024,huggyllama/llama-7b,dummy-lora-7b-rank-32-1,167,117,510.6241640346093
4025,huggyllama/llama-7b,dummy-lora-7b-rank-32-0,190,51,510.64892842973126
4026,huggyllama/llama-7b,dummy-lora-7b-rank-8-0,639,53,510.6560440093008
4027,huggyllama/llama-7b,dummy-lora-7b-rank-64-2,602,10,510.79608909051825
4028,huggyllama/llama-7b,dummy-lora-7b-rank-8-4,543,46,510.9366231289032
4029,huggyllama/llama-7b,dummy-lora-7b-rank-16-3,673,51,510.9561671313681
4030,huggyllama/llama-7b,dummy-lora-7b-rank-16-2,704,35,511.01192161455987
4031,huggyllama/llama-7b,dummy-lora-7b-rank-8-4,780,66,511.13560257866317
4032,huggyllama/llama-7b,dummy-lora-7b-rank-16-0,609,21,511.16566547224664
4033,huggyllama/llama-7b,dummy-lora-7b-rank-128-2,556,21,511.19848797971525
4034,huggyllama/llama-7b,dummy-lora-7b-rank-8-4,293,38,511.315852823065
4035,huggyllama/llama-7b,dummy-lora-7b-rank-8-1,158,112,511.49898504071143
4036,huggyllama/llama-7b,dummy-lora-7b-rank-16-3,140,74,511.51778444503566
4037,huggyllama/llama-7b,dummy-lora-7b-rank-32-1,367,48,511.5516503275304
4038,huggyllama/llama-7b,dummy-lora-7b-rank-8-2,548,17,511.6202910300185
4039,huggyllama/llama-7b,dummy-lora-7b-rank-32-2,491,32,511.6392200224367
4040,huggyllama/llama-7b,dummy-lora-7b-rank-128-3,324,9,511.8971091197967
4041,huggyllama/llama-7b,dummy-lora-7b-rank-16-2,544,16,512.0420021822705
4042,huggyllama/llama-7b,dummy-lora-7b-rank-32-2,609,22,512.2057155865293
4043,huggyllama/llama-7b,dummy-lora-7b-rank-32-2,560,14,512.396266276131
4044,huggyllama/llama-7b,dummy-lora-7b-rank-128-2,611,33,512.4399621231609
4045,huggyllama/llama-7b,dummy-lora-7b-rank-32-4,576,34,512.7994447982367
4046,huggyllama/llama-7b,dummy-lora-7b-rank-16-4,467,55,512.9640933041258
4047,huggyllama/llama-7b,dummy-lora-7b-rank-16-4,400,47,513.1169132996981
4048,huggyllama/llama-7b,dummy-lora-7b-rank-128-1,554,12,513.458659478568
4049,huggyllama/llama-7b,dummy-lora-7b-rank-64-4,384,53,513.6498937302778
4050,huggyllama/llama-7b,dummy-lora-7b-rank-32-0,354,46,513.7684180954325
4051,huggyllama/llama-7b,dummy-lora-7b-rank-64-2,246,5,513.9846139210538
4052,huggyllama/llama-7b,dummy-lora-7b-rank-8-4,185,48,514.0365494492788
4053,huggyllama/llama-7b,dummy-lora-7b-rank-16-4,590,21,514.1544739016605
4054,huggyllama/llama-7b,dummy-lora-7b-rank-32-4,678,20,514.3841267404522
4055,huggyllama/llama-7b,dummy-lora-7b-rank-16-1,564,27,514.4710871286504
4056,huggyllama/llama-7b,dummy-lora-7b-rank-128-4,776,46,514.5154158256303
4057,huggyllama/llama-7b,dummy-lora-7b-rank-64-1,565,25,514.543552798507
4058,huggyllama/llama-7b,dummy-lora-7b-rank-32-2,696,53,514.5619971890412
4059,huggyllama/llama-7b,dummy-lora-7b-rank-64-4,288,11,514.5665675949575
4060,huggyllama/llama-7b,dummy-lora-7b-rank-64-4,857,35,514.6728766849151
4061,huggyllama/llama-7b,dummy-lora-7b-rank-32-2,425,10,514.918782608754
4062,huggyllama/llama-7b,dummy-lora-7b-rank-64-2,456,10,514.9231058155802
4063,huggyllama/llama-7b,dummy-lora-7b-rank-64-4,269,5,515.1672839372708
4064,huggyllama/llama-7b,dummy-lora-7b-rank-16-0,320,47,515.2355945781316
4065,huggyllama/llama-7b,dummy-lora-7b-rank-32-4,234,52,515.252893663222
4066,huggyllama/llama-7b,dummy-lora-7b-rank-8-2,306,10,515.283631539648
4067,huggyllama/llama-7b,dummy-lora-7b-rank-64-4,705,64,515.3904131924354
4068,huggyllama/llama-7b,dummy-lora-7b-rank-8-0,97,103,515.5563216646317
4069,huggyllama/llama-7b,dummy-lora-7b-rank-64-3,340,43,515.7149751373944
4070,huggyllama/llama-7b,dummy-lora-7b-rank-64-1,443,63,515.9007852202333
4071,huggyllama/llama-7b,dummy-lora-7b-rank-32-1,516,78,515.900810368894
4072,huggyllama/llama-7b,dummy-lora-7b-rank-8-2,485,8,516.0439718693439
4073,huggyllama/llama-7b,dummy-lora-7b-rank-32-1,619,22,516.2563470381687
4074,huggyllama/llama-7b,dummy-lora-7b-rank-32-1,562,20,516.4421343600086
4075,huggyllama/llama-7b,dummy-lora-7b-rank-8-4,721,54,516.5729963432839
4076,huggyllama/llama-7b,dummy-lora-7b-rank-32-1,475,183,516.6293182869231
4077,huggyllama/llama-7b,dummy-lora-7b-rank-64-3,590,19,516.6912825016395
4078,huggyllama/llama-7b,dummy-lora-7b-rank-64-4,455,7,516.7973536632328
4079,huggyllama/llama-7b,dummy-lora-7b-rank-128-4,259,147,516.938760862973
4080,huggyllama/llama-7b,dummy-lora-7b-rank-16-4,708,37,517.1744964024504
4081,huggyllama/llama-7b,dummy-lora-7b-rank-8-4,162,89,517.4911335735251
4082,huggyllama/llama-7b,dummy-lora-7b-rank-64-1,430,54,517.6640672684903
4083,huggyllama/llama-7b,dummy-lora-7b-rank-128-0,774,46,517.940949539237
4084,huggyllama/llama-7b,dummy-lora-7b-rank-64-4,511,48,518.2578791716938
4085,huggyllama/llama-7b,dummy-lora-7b-rank-16-2,677,50,518.8194840028654
4086,huggyllama/llama-7b,dummy-lora-7b-rank-64-4,632,60,518.8258663341051
4087,huggyllama/llama-7b,dummy-lora-7b-rank-64-4,531,22,518.8834168821727
4088,huggyllama/llama-7b,dummy-lora-7b-rank-64-0,419,56,519.1181400566405
4089,huggyllama/llama-7b,dummy-lora-7b-rank-16-1,497,50,519.149943129327
4090,huggyllama/llama-7b,dummy-lora-7b-rank-8-2,611,39,519.3459223620782
4091,huggyllama/llama-7b,dummy-lora-7b-rank-64-0,623,30,519.4715630790555
4092,huggyllama/llama-7b,dummy-lora-7b-rank-64-2,554,23,519.6015486594454
4093,huggyllama/llama-7b,dummy-lora-7b-rank-128-3,362,50,519.7865953605915
4094,huggyllama/llama-7b,dummy-lora-7b-rank-64-4,261,7,520.079200664271
4095,huggyllama/llama-7b,dummy-lora-7b-rank-64-2,551,12,520.1190075224272
4096,huggyllama/llama-7b,dummy-lora-7b-rank-128-2,480,59,520.2256778197707
4097,huggyllama/llama-7b,dummy-lora-7b-rank-128-2,561,20,520.4843496617576
4098,huggyllama/llama-7b,dummy-lora-7b-rank-64-2,368,15,520.5973664303779
4099,huggyllama/llama-7b,dummy-lora-7b-rank-8-4,521,47,520.649125681743
4100,huggyllama/llama-7b,dummy-lora-7b-rank-32-0,361,49,520.9221572808896
4101,huggyllama/llama-7b,dummy-lora-7b-rank-128-4,245,41,521.19708735549
4102,huggyllama/llama-7b,dummy-lora-7b-rank-64-2,836,107,521.5808810160311
4103,huggyllama/llama-7b,dummy-lora-7b-rank-16-3,536,42,521.6372442522237
4104,huggyllama/llama-7b,dummy-lora-7b-rank-16-3,304,151,521.7034018507201
4105,huggyllama/llama-7b,dummy-lora-7b-rank-8-2,256,49,521.9132930774327
4106,huggyllama/llama-7b,dummy-lora-7b-rank-8-4,594,26,521.9192562955682
4107,huggyllama/llama-7b,dummy-lora-7b-rank-64-3,402,40,522.496634882375
4108,huggyllama/llama-7b,dummy-lora-7b-rank-128-3,600,72,522.6776636787577
4109,huggyllama/llama-7b,dummy-lora-7b-rank-64-4,310,41,522.7789282256158
4110,huggyllama/llama-7b,dummy-lora-7b-rank-128-0,387,11,522.8927746099206
4111,huggyllama/llama-7b,dummy-lora-7b-rank-16-1,1010,92,522.9306945829074
4112,huggyllama/llama-7b,dummy-lora-7b-rank-128-3,391,77,523.010193423344
4113,huggyllama/llama-7b,dummy-lora-7b-rank-128-3,420,9,523.0958257506754
4114,huggyllama/llama-7b,dummy-lora-7b-rank-128-3,159,63,523.1941731300401
4115,huggyllama/llama-7b,dummy-lora-7b-rank-128-0,196,47,523.2769696060767
4116,huggyllama/llama-7b,dummy-lora-7b-rank-8-1,371,83,523.3612289518297
4117,huggyllama/llama-7b,dummy-lora-7b-rank-16-4,342,60,523.4872164483603
4118,huggyllama/llama-7b,dummy-lora-7b-rank-16-0,764,47,524.0888408915162
4119,huggyllama/llama-7b,dummy-lora-7b-rank-64-4,314,158,524.2431886417432
4120,huggyllama/llama-7b,dummy-lora-7b-rank-64-1,556,13,524.2445778496636
4121,huggyllama/llama-7b,dummy-lora-7b-rank-16-1,813,27,524.2903996964743
4122,huggyllama/llama-7b,dummy-lora-7b-rank-16-4,591,49,524.5738714646614
4123,huggyllama/llama-7b,dummy-lora-7b-rank-64-4,550,18,524.8401303952206
4124,huggyllama/llama-7b,dummy-lora-7b-rank-16-4,195,76,525.1680750338329
4125,huggyllama/llama-7b,dummy-lora-7b-rank-32-2,221,33,525.2154807921025
4126,huggyllama/llama-7b,dummy-lora-7b-rank-8-1,1019,38,525.2550050096753
4127,huggyllama/llama-7b,dummy-lora-7b-rank-32-1,277,127,525.4304367837453
4128,huggyllama/llama-7b,dummy-lora-7b-rank-8-3,569,22,525.4469844025457
4129,huggyllama/llama-7b,dummy-lora-7b-rank-16-0,250,40,525.6361306919202
4130,huggyllama/llama-7b,dummy-lora-7b-rank-16-3,548,17,525.6716642921909
4131,huggyllama/llama-7b,dummy-lora-7b-rank-64-0,603,19,525.8281488140362
4132,huggyllama/llama-7b,dummy-lora-7b-rank-16-0,339,51,525.842329432389
4133,huggyllama/llama-7b,dummy-lora-7b-rank-64-2,240,48,525.9193126404865
4134,huggyllama/llama-7b,dummy-lora-7b-rank-8-4,180,64,526.0859022049369
4135,huggyllama/llama-7b,dummy-lora-7b-rank-128-3,171,47,526.0992550402278
4136,huggyllama/llama-7b,dummy-lora-7b-rank-128-3,558,22,526.2984291561849
4137,huggyllama/llama-7b,dummy-lora-7b-rank-64-0,191,47,526.3187773147141
4138,huggyllama/llama-7b,dummy-lora-7b-rank-64-3,512,212,526.4475128420853
4139,huggyllama/llama-7b,dummy-lora-7b-rank-32-1,638,52,526.5447008637891
4140,huggyllama/llama-7b,dummy-lora-7b-rank-16-1,583,7,526.553527400385
4141,huggyllama/llama-7b,dummy-lora-7b-rank-8-0,352,32,526.7926871533297
4142,huggyllama/llama-7b,dummy-lora-7b-rank-8-3,389,47,526.800132079641
4143,huggyllama/llama-7b,dummy-lora-7b-rank-64-3,552,19,526.8346129274264
4144,huggyllama/llama-7b,dummy-lora-7b-rank-16-0,560,22,526.9511612876332
4145,huggyllama/llama-7b,dummy-lora-7b-rank-128-1,552,19,526.962717785524
4146,huggyllama/llama-7b,dummy-lora-7b-rank-16-0,597,16,527.1864914238059
4147,huggyllama/llama-7b,dummy-lora-7b-rank-32-2,876,54,527.4039594643998
4148,huggyllama/llama-7b,dummy-lora-7b-rank-128-0,379,65,527.4210022324571
4149,huggyllama/llama-7b,dummy-lora-7b-rank-16-3,340,48,527.4561753027754
4150,huggyllama/llama-7b,dummy-lora-7b-rank-16-4,309,49,527.6746661639178
4151,huggyllama/llama-7b,dummy-lora-7b-rank-8-2,288,65,527.7220505175146
4152,huggyllama/llama-7b,dummy-lora-7b-rank-32-3,225,162,527.7938250147807
4153,huggyllama/llama-7b,dummy-lora-7b-rank-16-1,565,8,527.9739057949328
4154,huggyllama/llama-7b,dummy-lora-7b-rank-128-1,287,9,527.9836611359245
4155,huggyllama/llama-7b,dummy-lora-7b-rank-16-2,311,6,528.0949165048133
4156,huggyllama/llama-7b,dummy-lora-7b-rank-16-4,128,35,528.152906637759
4157,huggyllama/llama-7b,dummy-lora-7b-rank-8-4,479,53,528.1998588051803
4158,huggyllama/llama-7b,dummy-lora-7b-rank-8-1,448,7,528.4085448449817
4159,huggyllama/llama-7b,dummy-lora-7b-rank-32-2,435,47,528.5950356475495
4160,huggyllama/llama-7b,dummy-lora-7b-rank-32-3,734,49,528.8391062344325
4161,huggyllama/llama-7b,dummy-lora-7b-rank-32-3,426,46,528.9145637462149
4162,huggyllama/llama-7b,dummy-lora-7b-rank-64-3,265,121,529.0221457560192
4163,huggyllama/llama-7b,dummy-lora-7b-rank-16-3,556,23,529.1755012366483
4164,huggyllama/llama-7b,dummy-lora-7b-rank-8-4,554,20,529.3644322733368
4165,huggyllama/llama-7b,dummy-lora-7b-rank-128-1,506,48,529.4697350341571
4166,huggyllama/llama-7b,dummy-lora-7b-rank-16-4,258,151,529.8125962578179
4167,huggyllama/llama-7b,dummy-lora-7b-rank-128-4,279,5,529.9114842030364
4168,huggyllama/llama-7b,dummy-lora-7b-rank-128-4,902,38,530.0406257488551
4169,huggyllama/llama-7b,dummy-lora-7b-rank-32-4,121,73,530.0825550984573
4170,huggyllama/llama-7b,dummy-lora-7b-rank-128-1,657,49,530.2036690132944
4171,huggyllama/llama-7b,dummy-lora-7b-rank-32-1,627,28,530.2118150936651
4172,huggyllama/llama-7b,dummy-lora-7b-rank-128-0,729,64,530.2442047487882
4173,huggyllama/llama-7b,dummy-lora-7b-rank-64-3,202,47,530.685084300646
4174,huggyllama/llama-7b,dummy-lora-7b-rank-8-0,443,51,530.9200042627332
4175,huggyllama/llama-7b,dummy-lora-7b-rank-128-3,446,5,531.0617405708941
4176,huggyllama/llama-7b,dummy-lora-7b-rank-8-2,203,110,531.102464220189
4177,huggyllama/llama-7b,dummy-lora-7b-rank-64-3,600,82,531.3340220290495
4178,huggyllama/llama-7b,dummy-lora-7b-rank-16-3,90,51,531.5138364211188
4179,huggyllama/llama-7b,dummy-lora-7b-rank-64-2,546,16,531.5887266576441
4180,huggyllama/llama-7b,dummy-lora-7b-rank-32-1,498,8,531.6405391154714
4181,huggyllama/llama-7b,dummy-lora-7b-rank-128-4,267,63,531.6605522406841
4182,huggyllama/llama-7b,dummy-lora-7b-rank-64-1,392,9,531.7068942752953
4183,huggyllama/llama-7b,dummy-lora-7b-rank-32-2,279,112,531.7364104559724
4184,huggyllama/llama-7b,dummy-lora-7b-rank-128-4,552,19,531.8143189484163
4185,huggyllama/llama-7b,dummy-lora-7b-rank-64-0,241,34,531.8899402851816
4186,huggyllama/llama-7b,dummy-lora-7b-rank-64-4,332,54,531.9142265324926
4187,huggyllama/llama-7b,dummy-lora-7b-rank-8-4,603,19,532.3518368205623
4188,huggyllama/llama-7b,dummy-lora-7b-rank-64-2,550,18,532.5977652799033
4189,huggyllama/llama-7b,dummy-lora-7b-rank-32-1,612,10,532.7021841162648
4190,huggyllama/llama-7b,dummy-lora-7b-rank-32-3,552,22,532.7666571956538
4191,huggyllama/llama-7b,dummy-lora-7b-rank-8-2,542,2,532.7999753718586
4192,huggyllama/llama-7b,dummy-lora-7b-rank-128-1,470,7,532.8229761703758
4193,huggyllama/llama-7b,dummy-lora-7b-rank-16-0,607,16,532.8724330309195
4194,huggyllama/llama-7b,dummy-lora-7b-rank-64-2,269,9,533.0140734657219
4195,huggyllama/llama-7b,dummy-lora-7b-rank-16-0,604,44,533.238438292403
4196,huggyllama/llama-7b,dummy-lora-7b-rank-64-0,320,132,533.2499108848963
4197,huggyllama/llama-7b,dummy-lora-7b-rank-128-4,266,41,533.5777952899657
4198,huggyllama/llama-7b,dummy-lora-7b-rank-128-2,396,172,533.5892228775376
4199,huggyllama/llama-7b,dummy-lora-7b-rank-128-1,584,38,533.8599979437873
4200,huggyllama/llama-7b,dummy-lora-7b-rank-8-1,449,14,533.8786434126283
4201,huggyllama/llama-7b,dummy-lora-7b-rank-32-2,212,67,533.904326618278
4202,huggyllama/llama-7b,dummy-lora-7b-rank-8-3,369,41,533.958875281074
4203,huggyllama/llama-7b,dummy-lora-7b-rank-8-0,676,17,533.970149902857
4204,huggyllama/llama-7b,dummy-lora-7b-rank-32-4,126,90,533.9810945425147
4205,huggyllama/llama-7b,dummy-lora-7b-rank-128-0,228,51,534.2206834321954
4206,huggyllama/llama-7b,dummy-lora-7b-rank-16-1,554,20,534.3581766152762
4207,huggyllama/llama-7b,dummy-lora-7b-rank-64-3,826,34,534.5046910327068
4208,huggyllama/llama-7b,dummy-lora-7b-rank-16-2,557,17,534.67979896464
4209,huggyllama/llama-7b,dummy-lora-7b-rank-16-4,564,24,534.9365638828735
4210,huggyllama/llama-7b,dummy-lora-7b-rank-64-1,446,88,535.1514078037396
4211,huggyllama/llama-7b,dummy-lora-7b-rank-128-2,934,20,535.7059599485411
4212,huggyllama/llama-7b,dummy-lora-7b-rank-16-2,566,29,535.9447579773041
4213,huggyllama/llama-7b,dummy-lora-7b-rank-64-1,180,5,535.9472542327842
4214,huggyllama/llama-7b,dummy-lora-7b-rank-8-3,564,16,535.9556780683545
4215,huggyllama/llama-7b,dummy-lora-7b-rank-16-1,558,22,535.9559930086609
4216,huggyllama/llama-7b,dummy-lora-7b-rank-32-4,496,63,536.1929383284512
4217,huggyllama/llama-7b,dummy-lora-7b-rank-8-3,526,37,536.2295522267336
4218,huggyllama/llama-7b,dummy-lora-7b-rank-32-2,560,23,536.2949274576354
4219,huggyllama/llama-7b,dummy-lora-7b-rank-8-0,112,93,536.3375073792505
4220,huggyllama/llama-7b,dummy-lora-7b-rank-16-4,933,30,536.4428028906248
4221,huggyllama/llama-7b,dummy-lora-7b-rank-16-3,588,16,536.5334653176396
4222,huggyllama/llama-7b,dummy-lora-7b-rank-64-1,698,9,536.7274553832899
4223,huggyllama/llama-7b,dummy-lora-7b-rank-16-2,726,35,536.8029109935943
4224,huggyllama/llama-7b,dummy-lora-7b-rank-64-0,619,15,536.9097349946637
4225,huggyllama/llama-7b,dummy-lora-7b-rank-32-4,552,19,537.0739246385971
4226,huggyllama/llama-7b,dummy-lora-7b-rank-32-2,176,34,537.1463429864027
4227,huggyllama/llama-7b,dummy-lora-7b-rank-32-1,999,96,537.5135150434851
4228,huggyllama/llama-7b,dummy-lora-7b-rank-64-0,568,27,537.6097752841678
4229,huggyllama/llama-7b,dummy-lora-7b-rank-64-3,565,22,537.6819397498106
4230,huggyllama/llama-7b,dummy-lora-7b-rank-16-0,359,131,537.99787393406
4231,huggyllama/llama-7b,dummy-lora-7b-rank-16-2,558,14,538.130690245554
4232,huggyllama/llama-7b,dummy-lora-7b-rank-64-2,552,19,538.2366256993963
4233,huggyllama/llama-7b,dummy-lora-7b-rank-128-3,554,22,538.279972118213
4234,huggyllama/llama-7b,dummy-lora-7b-rank-128-4,560,88,538.4477314470556
4235,huggyllama/llama-7b,dummy-lora-7b-rank-64-0,765,14,538.4931626907894
4236,huggyllama/llama-7b,dummy-lora-7b-rank-32-0,242,35,538.5547074002969
4237,huggyllama/llama-7b,dummy-lora-7b-rank-32-2,201,5,539.0342777767074
4238,huggyllama/llama-7b,dummy-lora-7b-rank-32-1,587,48,539.0430222780352
4239,huggyllama/llama-7b,dummy-lora-7b-rank-64-2,177,92,539.2295422837595
4240,huggyllama/llama-7b,dummy-lora-7b-rank-32-1,550,18,539.4442037433818
4241,huggyllama/llama-7b,dummy-lora-7b-rank-8-1,294,178,539.5414572907296
4242,huggyllama/llama-7b,dummy-lora-7b-rank-64-3,361,50,539.5924759595349
4243,huggyllama/llama-7b,dummy-lora-7b-rank-64-4,371,13,539.6080402808132
4244,huggyllama/llama-7b,dummy-lora-7b-rank-16-0,308,9,539.6480951974571
4245,huggyllama/llama-7b,dummy-lora-7b-rank-32-3,154,97,539.7117745353776
4246,huggyllama/llama-7b,dummy-lora-7b-rank-8-3,638,13,539.7410619899633
4247,huggyllama/llama-7b,dummy-lora-7b-rank-16-3,550,10,539.7445570663722
4248,huggyllama/llama-7b,dummy-lora-7b-rank-8-1,696,10,539.7579689811812
4249,huggyllama/llama-7b,dummy-lora-7b-rank-128-0,448,47,539.8504394908834
4250,huggyllama/llama-7b,dummy-lora-7b-rank-64-4,251,48,539.8719716188573
4251,huggyllama/llama-7b,dummy-lora-7b-rank-8-0,642,66,539.953196677009
4252,huggyllama/llama-7b,dummy-lora-7b-rank-32-0,313,42,539.9649305113979
4253,huggyllama/llama-7b,dummy-lora-7b-rank-64-0,659,40,540.0055436790232
4254,huggyllama/llama-7b,dummy-lora-7b-rank-64-0,595,59,540.0912874701975
4255,huggyllama/llama-7b,dummy-lora-7b-rank-8-0,548,17,540.1715639792
4256,huggyllama/llama-7b,dummy-lora-7b-rank-32-0,568,15,540.1746817921402
4257,huggyllama/llama-7b,dummy-lora-7b-rank-16-0,534,116,540.1924143344769
4258,huggyllama/llama-7b,dummy-lora-7b-rank-8-2,552,18,540.4436864028819
4259,huggyllama/llama-7b,dummy-lora-7b-rank-64-4,386,42,541.1026211727986
4260,huggyllama/llama-7b,dummy-lora-7b-rank-32-3,580,35,541.1560228507904
4261,huggyllama/llama-7b,dummy-lora-7b-rank-128-0,351,47,541.3250455348312
4262,huggyllama/llama-7b,dummy-lora-7b-rank-8-0,491,52,541.6004748772224
4263,huggyllama/llama-7b,dummy-lora-7b-rank-16-0,562,16,541.6779721275328
4264,huggyllama/llama-7b,dummy-lora-7b-rank-128-3,491,58,541.6876124145579
4265,huggyllama/llama-7b,dummy-lora-7b-rank-128-1,297,85,541.7485332425938
4266,huggyllama/llama-7b,dummy-lora-7b-rank-8-2,95,81,541.7893059651769
4267,huggyllama/llama-7b,dummy-lora-7b-rank-8-0,323,11,541.8108422239193
4268,huggyllama/llama-7b,dummy-lora-7b-rank-128-4,491,5,541.9422489522519
4269,huggyllama/llama-7b,dummy-lora-7b-rank-32-3,558,11,542.3881989485872
4270,huggyllama/llama-7b,dummy-lora-7b-rank-16-2,422,8,542.3911629030503
4271,huggyllama/llama-7b,dummy-lora-7b-rank-32-2,242,42,542.395249494849
4272,huggyllama/llama-7b,dummy-lora-7b-rank-16-1,558,24,542.4279983742331
4273,huggyllama/llama-7b,dummy-lora-7b-rank-64-0,660,11,542.498827685199
4274,huggyllama/llama-7b,dummy-lora-7b-rank-128-0,208,3,542.5025767321858
4275,huggyllama/llama-7b,dummy-lora-7b-rank-32-2,542,8,542.53278680304
4276,huggyllama/llama-7b,dummy-lora-7b-rank-16-3,554,20,542.5642533441306
4277,huggyllama/llama-7b,dummy-lora-7b-rank-32-4,451,34,542.6112861794361
4278,huggyllama/llama-7b,dummy-lora-7b-rank-8-0,321,70,542.7041019037316
4279,huggyllama/llama-7b,dummy-lora-7b-rank-8-2,618,17,542.774243797134
4280,huggyllama/llama-7b,dummy-lora-7b-rank-64-1,550,18,542.8111389368713
4281,huggyllama/llama-7b,dummy-lora-7b-rank-16-0,560,23,542.9257660338875
4282,huggyllama/llama-7b,dummy-lora-7b-rank-8-0,120,49,543.0325162853427
4283,huggyllama/llama-7b,dummy-lora-7b-rank-32-3,272,57,543.0583040267461
4284,huggyllama/llama-7b,dummy-lora-7b-rank-8-3,618,71,543.6809967258886
4285,huggyllama/llama-7b,dummy-lora-7b-rank-64-4,558,45,543.787588235826
4286,huggyllama/llama-7b,dummy-lora-7b-rank-128-1,556,13,543.8141175819936
4287,huggyllama/llama-7b,dummy-lora-7b-rank-16-1,652,10,544.0851298963956
4288,huggyllama/llama-7b,dummy-lora-7b-rank-8-4,631,33,544.1104050980678
4289,huggyllama/llama-7b,dummy-lora-7b-rank-8-2,560,21,544.2754260056729
4290,huggyllama/llama-7b,dummy-lora-7b-rank-8-2,554,20,544.3687695631326
4291,huggyllama/llama-7b,dummy-lora-7b-rank-16-0,559,55,544.4354363350368
4292,huggyllama/llama-7b,dummy-lora-7b-rank-32-1,594,23,544.6033225147082
4293,huggyllama/llama-7b,dummy-lora-7b-rank-32-1,341,36,544.6865492419515
4294,huggyllama/llama-7b,dummy-lora-7b-rank-64-0,599,18,545.0009360755924
4295,huggyllama/llama-7b,dummy-lora-7b-rank-128-2,326,7,545.1056030924879
4296,huggyllama/llama-7b,dummy-lora-7b-rank-32-2,580,28,545.1544667703101
4297,huggyllama/llama-7b,dummy-lora-7b-rank-16-2,560,53,545.1861015776229
4298,huggyllama/llama-7b,dummy-lora-7b-rank-128-2,839,85,545.1913567858329
4299,huggyllama/llama-7b,dummy-lora-7b-rank-8-3,457,21,545.2009999797426
4300,huggyllama/llama-7b,dummy-lora-7b-rank-32-4,426,50,545.3167358937291
4301,huggyllama/llama-7b,dummy-lora-7b-rank-128-3,338,50,545.4731578152922
4302,huggyllama/llama-7b,dummy-lora-7b-rank-32-1,602,115,545.5390783432681
4303,huggyllama/llama-7b,dummy-lora-7b-rank-16-1,291,128,545.6126310538541
4304,huggyllama/llama-7b,dummy-lora-7b-rank-16-4,839,36,545.6851694619078
4305,huggyllama/llama-7b,dummy-lora-7b-rank-8-0,323,6,545.7386409763872
4306,huggyllama/llama-7b,dummy-lora-7b-rank-8-2,598,23,545.7401331393884
4307,huggyllama/llama-7b,dummy-lora-7b-rank-32-0,544,8,546.0483930137294
4308,huggyllama/llama-7b,dummy-lora-7b-rank-16-0,679,12,546.4763915248111
4309,huggyllama/llama-7b,dummy-lora-7b-rank-16-3,600,82,546.5104004997185
4310,huggyllama/llama-7b,dummy-lora-7b-rank-16-2,1013,77,546.5630566358092
4311,huggyllama/llama-7b,dummy-lora-7b-rank-8-3,229,120,546.5638872957641
4312,huggyllama/llama-7b,dummy-lora-7b-rank-128-2,873,41,546.5814353724709
4313,huggyllama/llama-7b,dummy-lora-7b-rank-32-3,134,57,546.7809639933658
4314,huggyllama/llama-7b,dummy-lora-7b-rank-128-2,597,16,546.835469451795
4315,huggyllama/llama-7b,dummy-lora-7b-rank-16-1,415,50,547.0400439565161
4316,huggyllama/llama-7b,dummy-lora-7b-rank-128-0,170,46,547.1824968165774
4317,huggyllama/llama-7b,dummy-lora-7b-rank-32-1,539,12,547.2259585629653
4318,huggyllama/llama-7b,dummy-lora-7b-rank-128-0,432,5,547.2453620548507
4319,huggyllama/llama-7b,dummy-lora-7b-rank-32-3,267,174,547.2948601331875
4320,huggyllama/llama-7b,dummy-lora-7b-rank-8-0,241,122,547.2971267407825
4321,huggyllama/llama-7b,dummy-lora-7b-rank-128-2,118,52,547.6457077326761
4322,huggyllama/llama-7b,dummy-lora-7b-rank-64-3,286,8,547.646581369255
4323,huggyllama/llama-7b,dummy-lora-7b-rank-64-0,254,5,547.8405856276797
4324,huggyllama/llama-7b,dummy-lora-7b-rank-16-0,550,44,547.8626132490313
4325,huggyllama/llama-7b,dummy-lora-7b-rank-64-0,575,14,547.9034991900187
4326,huggyllama/llama-7b,dummy-lora-7b-rank-8-1,209,35,548.0272877200551
4327,huggyllama/llama-7b,dummy-lora-7b-rank-32-2,590,9,548.3104884320601
4328,huggyllama/llama-7b,dummy-lora-7b-rank-64-3,370,87,548.3731573343457
4329,huggyllama/llama-7b,dummy-lora-7b-rank-8-2,599,6,548.432657076678
4330,huggyllama/llama-7b,dummy-lora-7b-rank-8-3,554,20,548.7217678823342
4331,huggyllama/llama-7b,dummy-lora-7b-rank-32-4,847,49,548.8449667167883
4332,huggyllama/llama-7b,dummy-lora-7b-rank-64-1,398,66,548.9194461483016
4333,huggyllama/llama-7b,dummy-lora-7b-rank-16-2,247,140,549.0286127879394
4334,huggyllama/llama-7b,dummy-lora-7b-rank-128-3,620,16,549.1479821169066
4335,huggyllama/llama-7b,dummy-lora-7b-rank-32-0,595,12,549.1898800765705
4336,huggyllama/llama-7b,dummy-lora-7b-rank-8-0,560,19,549.3104463591111
4337,huggyllama/llama-7b,dummy-lora-7b-rank-8-4,697,6,549.528790968498
4338,huggyllama/llama-7b,dummy-lora-7b-rank-8-4,574,31,549.7467780427295
4339,huggyllama/llama-7b,dummy-lora-7b-rank-32-0,191,86,549.890108017421
4340,huggyllama/llama-7b,dummy-lora-7b-rank-32-0,397,8,550.107970863311
4341,huggyllama/llama-7b,dummy-lora-7b-rank-128-4,616,23,550.2242625806696
4342,huggyllama/llama-7b,dummy-lora-7b-rank-64-0,558,22,550.3493865063554
4343,huggyllama/llama-7b,dummy-lora-7b-rank-64-4,584,27,550.4336918038216
4344,huggyllama/llama-7b,dummy-lora-7b-rank-32-2,530,96,550.5047983339108
4345,huggyllama/llama-7b,dummy-lora-7b-rank-16-1,365,48,550.6980553158971
4346,huggyllama/llama-7b,dummy-lora-7b-rank-64-0,483,66,550.7540911229612
4347,huggyllama/llama-7b,dummy-lora-7b-rank-16-4,355,49,550.8177423500256
4348,huggyllama/llama-7b,dummy-lora-7b-rank-8-0,213,51,550.8712182706996
4349,huggyllama/llama-7b,dummy-lora-7b-rank-8-2,635,7,550.9642407766008
4350,huggyllama/llama-7b,dummy-lora-7b-rank-8-3,711,30,550.9766185565722
4351,huggyllama/llama-7b,dummy-lora-7b-rank-64-0,367,33,550.9792415093156
4352,huggyllama/llama-7b,dummy-lora-7b-rank-8-0,554,20,551.0205686404893
4353,huggyllama/llama-7b,dummy-lora-7b-rank-16-0,562,25,551.0547697603268
4354,huggyllama/llama-7b,dummy-lora-7b-rank-64-1,552,19,551.069458857516
4355,huggyllama/llama-7b,dummy-lora-7b-rank-64-3,576,33,551.1482447457133
4356,huggyllama/llama-7b,dummy-lora-7b-rank-8-1,418,49,551.2050284800446
4357,huggyllama/llama-7b,dummy-lora-7b-rank-128-2,387,64,551.4068534685839
4358,huggyllama/llama-7b,dummy-lora-7b-rank-64-3,276,5,551.4513374590881
4359,huggyllama/llama-7b,dummy-lora-7b-rank-8-1,568,27,551.9393580807315
4360,huggyllama/llama-7b,dummy-lora-7b-rank-128-0,460,56,552.0410240742048
4361,huggyllama/llama-7b,dummy-lora-7b-rank-128-2,585,2,552.1106703547706
4362,huggyllama/llama-7b,dummy-lora-7b-rank-128-3,728,18,552.1461341810286
4363,huggyllama/llama-7b,dummy-lora-7b-rank-32-3,590,40,552.3110160835869
4364,huggyllama/llama-7b,dummy-lora-7b-rank-64-1,276,132,552.3857478539039
4365,huggyllama/llama-7b,dummy-lora-7b-rank-8-4,226,41,552.4869349663376
4366,huggyllama/llama-7b,dummy-lora-7b-rank-16-1,546,16,552.5176685157335
4367,huggyllama/llama-7b,dummy-lora-7b-rank-128-4,554,20,552.6960514686149
4368,huggyllama/llama-7b,dummy-lora-7b-rank-8-4,825,12,552.9107824499071
4369,huggyllama/llama-7b,dummy-lora-7b-rank-32-0,139,44,553.0225080959889
4370,huggyllama/llama-7b,dummy-lora-7b-rank-32-4,674,111,553.2492448355075
4371,huggyllama/llama-7b,dummy-lora-7b-rank-128-2,16,251,553.4035911256317
4372,huggyllama/llama-7b,dummy-lora-7b-rank-32-2,183,39,553.4221816207819
4373,huggyllama/llama-7b,dummy-lora-7b-rank-128-0,286,61,553.5157734465969
4374,huggyllama/llama-7b,dummy-lora-7b-rank-64-4,863,70,553.5688698423803
4375,huggyllama/llama-7b,dummy-lora-7b-rank-32-3,332,47,553.8747933869597
4376,huggyllama/llama-7b,dummy-lora-7b-rank-16-1,241,15,554.0840459440764
4377,huggyllama/llama-7b,dummy-lora-7b-rank-128-1,358,59,554.1334339930032
4378,huggyllama/llama-7b,dummy-lora-7b-rank-16-1,410,10,554.1491824293661
4379,huggyllama/llama-7b,dummy-lora-7b-rank-64-0,564,26,554.1601978929309
4380,huggyllama/llama-7b,dummy-lora-7b-rank-32-1,558,25,554.3101671822233
4381,huggyllama/llama-7b,dummy-lora-7b-rank-16-3,600,17,554.7932655001949
4382,huggyllama/llama-7b,dummy-lora-7b-rank-16-4,327,107,554.8353415471482
4383,huggyllama/llama-7b,dummy-lora-7b-rank-128-3,759,92,554.8711475258929
4384,huggyllama/llama-7b,dummy-lora-7b-rank-16-3,566,26,554.9450736419295
4385,huggyllama/llama-7b,dummy-lora-7b-rank-128-3,578,34,555.348992599849
4386,huggyllama/llama-7b,dummy-lora-7b-rank-32-4,363,10,555.4790076175547
4387,huggyllama/llama-7b,dummy-lora-7b-rank-32-2,281,5,555.6243310125983
4388,huggyllama/llama-7b,dummy-lora-7b-rank-64-3,592,22,555.664419050766
4389,huggyllama/llama-7b,dummy-lora-7b-rank-128-3,959,181,556.0590434336316
4390,huggyllama/llama-7b,dummy-lora-7b-rank-64-3,241,44,556.0751595133331
4391,huggyllama/llama-7b,dummy-lora-7b-rank-64-3,608,34,556.121011774935
4392,huggyllama/llama-7b,dummy-lora-7b-rank-16-1,556,13,556.1310133420546
4393,huggyllama/llama-7b,dummy-lora-7b-rank-64-1,275,53,556.1449732691372
4394,huggyllama/llama-7b,dummy-lora-7b-rank-128-1,495,60,556.2424510278837
4395,huggyllama/llama-7b,dummy-lora-7b-rank-32-2,778,143,556.3909138163087
4396,huggyllama/llama-7b,dummy-lora-7b-rank-8-3,556,24,556.489200673752
4397,huggyllama/llama-7b,dummy-lora-7b-rank-64-2,554,20,556.5351375748695
4398,huggyllama/llama-7b,dummy-lora-7b-rank-32-4,583,53,556.5772648035818
4399,huggyllama/llama-7b,dummy-lora-7b-rank-8-2,207,47,556.592262099416
4400,huggyllama/llama-7b,dummy-lora-7b-rank-16-0,556,13,556.6858967305446
4401,huggyllama/llama-7b,dummy-lora-7b-rank-128-1,192,54,556.7499898101502
4402,huggyllama/llama-7b,dummy-lora-7b-rank-32-2,657,19,556.7925190080648
4403,huggyllama/llama-7b,dummy-lora-7b-rank-32-4,553,19,556.7947511855232
4404,huggyllama/llama-7b,dummy-lora-7b-rank-16-2,393,107,556.8204954070272
4405,huggyllama/llama-7b,dummy-lora-7b-rank-8-1,605,26,556.8773030042302
4406,huggyllama/llama-7b,dummy-lora-7b-rank-16-1,564,26,557.1401455165055
4407,huggyllama/llama-7b,dummy-lora-7b-rank-64-0,972,19,557.2330004479387
4408,huggyllama/llama-7b,dummy-lora-7b-rank-64-4,253,65,557.2684329748977
4409,huggyllama/llama-7b,dummy-lora-7b-rank-128-4,564,48,557.4437511889398
4410,huggyllama/llama-7b,dummy-lora-7b-rank-8-0,337,54,557.5133886768887
4411,huggyllama/llama-7b,dummy-lora-7b-rank-16-0,550,18,557.6297832485261
4412,huggyllama/llama-7b,dummy-lora-7b-rank-8-0,514,6,557.788929867402
4413,huggyllama/llama-7b,dummy-lora-7b-rank-8-4,394,52,557.8163864096948
4414,huggyllama/llama-7b,dummy-lora-7b-rank-64-3,476,55,557.8352843629106
4415,huggyllama/llama-7b,dummy-lora-7b-rank-64-3,306,178,557.8781790696979
4416,huggyllama/llama-7b,dummy-lora-7b-rank-8-0,180,152,557.9795963264004
4417,huggyllama/llama-7b,dummy-lora-7b-rank-32-4,560,22,558.0230260194583
4418,huggyllama/llama-7b,dummy-lora-7b-rank-128-4,213,124,558.0578246693362
4419,huggyllama/llama-7b,dummy-lora-7b-rank-16-3,259,53,558.0698026024949
4420,huggyllama/llama-7b,dummy-lora-7b-rank-32-1,560,20,558.1801253928818
4421,huggyllama/llama-7b,dummy-lora-7b-rank-32-0,685,67,558.6554321110935
4422,huggyllama/llama-7b,dummy-lora-7b-rank-128-4,610,31,558.697536285806
4423,huggyllama/llama-7b,dummy-lora-7b-rank-8-4,549,38,558.8066909119847
4424,huggyllama/llama-7b,dummy-lora-7b-rank-128-1,564,25,558.9728670936672
4425,huggyllama/llama-7b,dummy-lora-7b-rank-16-0,552,19,558.9769007291126
4426,huggyllama/llama-7b,dummy-lora-7b-rank-16-4,574,7,558.9797296774345
4427,huggyllama/llama-7b,dummy-lora-7b-rank-32-4,415,39,558.9981752637378
4428,huggyllama/llama-7b,dummy-lora-7b-rank-16-0,298,43,559.1225786882733
4429,huggyllama/llama-7b,dummy-lora-7b-rank-64-2,701,90,559.175630350768
4430,huggyllama/llama-7b,dummy-lora-7b-rank-8-4,562,25,559.2683742481897
4431,huggyllama/llama-7b,dummy-lora-7b-rank-8-0,676,52,559.6455399690246
4432,huggyllama/llama-7b,dummy-lora-7b-rank-8-3,512,57,559.971877260378
4433,huggyllama/llama-7b,dummy-lora-7b-rank-16-1,597,16,560.1878906912565
4434,huggyllama/llama-7b,dummy-lora-7b-rank-64-4,363,13,560.6782351624577
4435,huggyllama/llama-7b,dummy-lora-7b-rank-8-2,645,32,560.7293351703328
4436,huggyllama/llama-7b,dummy-lora-7b-rank-32-4,101,105,560.8293982232486
4437,huggyllama/llama-7b,dummy-lora-7b-rank-8-0,140,47,560.850708485465
4438,huggyllama/llama-7b,dummy-lora-7b-rank-128-4,574,7,560.8636771209474
4439,huggyllama/llama-7b,dummy-lora-7b-rank-32-0,264,61,561.2967731463325
4440,huggyllama/llama-7b,dummy-lora-7b-rank-128-1,550,10,561.5171307439733
4441,huggyllama/llama-7b,dummy-lora-7b-rank-64-0,502,13,561.6283339977674
4442,huggyllama/llama-7b,dummy-lora-7b-rank-32-2,135,61,561.6450650955369
4443,huggyllama/llama-7b,dummy-lora-7b-rank-8-3,897,82,561.7458808677665
4444,huggyllama/llama-7b,dummy-lora-7b-rank-8-3,406,16,562.0905258730088
4445,huggyllama/llama-7b,dummy-lora-7b-rank-32-1,645,7,562.4455176844486
4446,huggyllama/llama-7b,dummy-lora-7b-rank-16-1,260,113,562.4773847834474
4447,huggyllama/llama-7b,dummy-lora-7b-rank-128-4,436,6,562.675729512709
4448,huggyllama/llama-7b,dummy-lora-7b-rank-64-1,554,20,562.6866128606872
4449,huggyllama/llama-7b,dummy-lora-7b-rank-16-2,420,90,562.8690681774716
4450,huggyllama/llama-7b,dummy-lora-7b-rank-64-2,242,35,562.9256816044315
4451,huggyllama/llama-7b,dummy-lora-7b-rank-8-2,305,108,562.9364638669844
4452,huggyllama/llama-7b,dummy-lora-7b-rank-128-2,160,62,563.1040949309762
4453,huggyllama/llama-7b,dummy-lora-7b-rank-32-3,465,70,563.3460194893688
4454,huggyllama/llama-7b,dummy-lora-7b-rank-8-3,594,159,563.5478507373539
4455,huggyllama/llama-7b,dummy-lora-7b-rank-128-2,574,28,563.5851843538634
4456,huggyllama/llama-7b,dummy-lora-7b-rank-128-4,539,7,563.9069551193852
4457,huggyllama/llama-7b,dummy-lora-7b-rank-32-2,515,9,564.1810172321879
4458,huggyllama/llama-7b,dummy-lora-7b-rank-32-4,749,75,564.3367659865656
4459,huggyllama/llama-7b,dummy-lora-7b-rank-8-2,570,31,564.4149133116704
4460,huggyllama/llama-7b,dummy-lora-7b-rank-16-1,177,35,564.6397774606512
4461,huggyllama/llama-7b,dummy-lora-7b-rank-16-3,586,11,564.9808295331851
4462,huggyllama/llama-7b,dummy-lora-7b-rank-64-0,275,51,565.5587752931763
4463,huggyllama/llama-7b,dummy-lora-7b-rank-32-4,570,30,565.5661755492637
4464,huggyllama/llama-7b,dummy-lora-7b-rank-8-0,552,19,565.5958016539511
4465,huggyllama/llama-7b,dummy-lora-7b-rank-8-4,675,3,565.6813473679488
4466,huggyllama/llama-7b,dummy-lora-7b-rank-16-2,107,33,565.7653243300331
4467,huggyllama/llama-7b,dummy-lora-7b-rank-128-4,594,24,565.908713740562
4468,huggyllama/llama-7b,dummy-lora-7b-rank-64-1,428,52,565.9931919973847
4469,huggyllama/llama-7b,dummy-lora-7b-rank-8-4,414,9,566.0755790836804
4470,huggyllama/llama-7b,dummy-lora-7b-rank-8-2,552,11,566.1416729118635
4471,huggyllama/llama-7b,dummy-lora-7b-rank-32-2,92,56,566.1465497095621
4472,huggyllama/llama-7b,dummy-lora-7b-rank-32-3,443,55,566.2345025917036
4473,huggyllama/llama-7b,dummy-lora-7b-rank-8-4,584,29,566.2592682137209
4474,huggyllama/llama-7b,dummy-lora-7b-rank-16-0,112,56,566.3958915383513
4475,huggyllama/llama-7b,dummy-lora-7b-rank-128-2,365,254,566.430486454619
4476,huggyllama/llama-7b,dummy-lora-7b-rank-16-2,590,21,566.4320782068925
4477,huggyllama/llama-7b,dummy-lora-7b-rank-32-0,762,93,566.5201779270328
4478,huggyllama/llama-7b,dummy-lora-7b-rank-128-4,552,21,566.5386540568267
4479,huggyllama/llama-7b,dummy-lora-7b-rank-64-3,210,37,566.6205839835469
4480,huggyllama/llama-7b,dummy-lora-7b-rank-64-1,181,148,566.6358824993567
4481,huggyllama/llama-7b,dummy-lora-7b-rank-16-4,547,54,566.8089571041147
4482,huggyllama/llama-7b,dummy-lora-7b-rank-64-1,548,17,566.8346681884699
4483,huggyllama/llama-7b,dummy-lora-7b-rank-32-4,52,51,566.8458790573375
4484,huggyllama/llama-7b,dummy-lora-7b-rank-16-1,281,9,567.003796326487
4485,huggyllama/llama-7b,dummy-lora-7b-rank-32-3,510,14,567.0446143379338
4486,huggyllama/llama-7b,dummy-lora-7b-rank-64-4,824,12,567.3028371163234
4487,huggyllama/llama-7b,dummy-lora-7b-rank-8-0,550,18,567.3375710481714
4488,huggyllama/llama-7b,dummy-lora-7b-rank-16-2,499,44,567.4695237012775
4489,huggyllama/llama-7b,dummy-lora-7b-rank-64-4,617,35,567.5993790390374
4490,huggyllama/llama-7b,dummy-lora-7b-rank-32-0,370,81,567.6125718790618
4491,huggyllama/llama-7b,dummy-lora-7b-rank-16-3,542,14,567.7805906659785
4492,huggyllama/llama-7b,dummy-lora-7b-rank-8-2,99,21,568.1728914191424
4493,huggyllama/llama-7b,dummy-lora-7b-rank-16-3,322,40,568.2306158671154
4494,huggyllama/llama-7b,dummy-lora-7b-rank-16-3,317,118,568.5302862920969
4495,huggyllama/llama-7b,dummy-lora-7b-rank-8-4,480,94,568.5781467525086
4496,huggyllama/llama-7b,dummy-lora-7b-rank-32-0,495,128,568.6143990153009
4497,huggyllama/llama-7b,dummy-lora-7b-rank-128-4,205,48,568.6399717083939
4498,huggyllama/llama-7b,dummy-lora-7b-rank-128-4,202,55,568.8353306257795
4499,huggyllama/llama-7b,dummy-lora-7b-rank-8-2,377,90,569.1658966982452
4500,huggyllama/llama-7b,dummy-lora-7b-rank-32-1,556,23,569.1778982919888
4501,huggyllama/llama-7b,dummy-lora-7b-rank-128-2,558,25,569.2147195995408
4502,huggyllama/llama-7b,dummy-lora-7b-rank-128-0,562,25,569.4756612117371
4503,huggyllama/llama-7b,dummy-lora-7b-rank-16-0,589,71,569.8305102602377
4504,huggyllama/llama-7b,dummy-lora-7b-rank-8-4,278,82,569.9661984707698
4505,huggyllama/llama-7b,dummy-lora-7b-rank-8-4,601,46,570.0610873186195
4506,huggyllama/llama-7b,dummy-lora-7b-rank-64-3,302,48,570.1267436819203
4507,huggyllama/llama-7b,dummy-lora-7b-rank-64-1,651,8,570.1695643423166
4508,huggyllama/llama-7b,dummy-lora-7b-rank-16-1,592,42,570.1888948016898
4509,huggyllama/llama-7b,dummy-lora-7b-rank-16-1,584,11,570.3456044323726
4510,huggyllama/llama-7b,dummy-lora-7b-rank-16-0,803,17,570.4518723687373
4511,huggyllama/llama-7b,dummy-lora-7b-rank-128-3,311,47,570.5299534869089
4512,huggyllama/llama-7b,dummy-lora-7b-rank-128-4,505,193,570.5424536043874
4513,huggyllama/llama-7b,dummy-lora-7b-rank-128-4,699,116,570.6348646472172
4514,huggyllama/llama-7b,dummy-lora-7b-rank-64-3,544,15,570.6622177127911
4515,huggyllama/llama-7b,dummy-lora-7b-rank-64-2,448,15,570.7544576948367
4516,huggyllama/llama-7b,dummy-lora-7b-rank-128-4,348,142,570.8033602492113
4517,huggyllama/llama-7b,dummy-lora-7b-rank-8-0,360,7,570.9078231189195
4518,huggyllama/llama-7b,dummy-lora-7b-rank-128-4,519,7,570.9451988380885
4519,huggyllama/llama-7b,dummy-lora-7b-rank-16-4,498,83,571.0736519375259
4520,huggyllama/llama-7b,dummy-lora-7b-rank-64-2,334,46,571.1541321944026
4521,huggyllama/llama-7b,dummy-lora-7b-rank-16-2,335,56,571.1596424066547
4522,huggyllama/llama-7b,dummy-lora-7b-rank-8-3,552,20,571.2254252331561
4523,huggyllama/llama-7b,dummy-lora-7b-rank-128-2,835,3,571.2710269969369
4524,huggyllama/llama-7b,dummy-lora-7b-rank-8-4,503,5,571.3713774361352
4525,huggyllama/llama-7b,dummy-lora-7b-rank-32-1,172,77,571.3804592464264
4526,huggyllama/llama-7b,dummy-lora-7b-rank-32-1,528,7,571.6016055544059
4527,huggyllama/llama-7b,dummy-lora-7b-rank-32-3,395,5,571.8530006573994
4528,huggyllama/llama-7b,dummy-lora-7b-rank-16-4,563,6,572.0202265351126
4529,huggyllama/llama-7b,dummy-lora-7b-rank-64-1,758,3,572.2427856576335
4530,huggyllama/llama-7b,dummy-lora-7b-rank-16-0,475,47,572.318476037262
4531,huggyllama/llama-7b,dummy-lora-7b-rank-64-0,257,11,572.7475652333352
4532,huggyllama/llama-7b,dummy-lora-7b-rank-8-1,347,47,572.8499068445968
4533,huggyllama/llama-7b,dummy-lora-7b-rank-32-4,423,49,572.8751391849478
4534,huggyllama/llama-7b,dummy-lora-7b-rank-64-1,656,8,573.198979617427
4535,huggyllama/llama-7b,dummy-lora-7b-rank-16-2,231,126,573.488573865839
4536,huggyllama/llama-7b,dummy-lora-7b-rank-128-1,143,148,573.5122577580132
4537,huggyllama/llama-7b,dummy-lora-7b-rank-128-3,325,9,573.5309238023586
4538,huggyllama/llama-7b,dummy-lora-7b-rank-16-0,480,11,573.577757013631
4539,huggyllama/llama-7b,dummy-lora-7b-rank-8-1,477,159,573.675043896959
4540,huggyllama/llama-7b,dummy-lora-7b-rank-64-4,734,10,573.8341507595209
4541,huggyllama/llama-7b,dummy-lora-7b-rank-8-2,428,34,574.1312442003345
4542,huggyllama/llama-7b,dummy-lora-7b-rank-32-1,525,16,574.2261230891176
4543,huggyllama/llama-7b,dummy-lora-7b-rank-8-4,548,77,574.3478004029496
4544,huggyllama/llama-7b,dummy-lora-7b-rank-8-4,341,117,574.3600709614203
4545,huggyllama/llama-7b,dummy-lora-7b-rank-16-4,615,8,574.4179727702808
4546,huggyllama/llama-7b,dummy-lora-7b-rank-64-2,572,31,574.6236779297079
4547,huggyllama/llama-7b,dummy-lora-7b-rank-128-4,422,10,574.8696179148398
4548,huggyllama/llama-7b,dummy-lora-7b-rank-16-2,413,12,574.9516240549322
4549,huggyllama/llama-7b,dummy-lora-7b-rank-8-1,364,57,575.041018138451
4550,huggyllama/llama-7b,dummy-lora-7b-rank-8-3,552,19,575.1846436380274
4551,huggyllama/llama-7b,dummy-lora-7b-rank-32-4,556,23,575.2211961539164
4552,huggyllama/llama-7b,dummy-lora-7b-rank-16-0,548,17,575.2803037884657
4553,huggyllama/llama-7b,dummy-lora-7b-rank-64-2,560,25,575.333574587459
4554,huggyllama/llama-7b,dummy-lora-7b-rank-128-3,534,7,575.339065656227
4555,huggyllama/llama-7b,dummy-lora-7b-rank-64-2,471,135,575.3679368525886
4556,huggyllama/llama-7b,dummy-lora-7b-rank-8-3,548,17,575.369827460794
4557,huggyllama/llama-7b,dummy-lora-7b-rank-64-4,260,40,575.3869835692491
4558,huggyllama/llama-7b,dummy-lora-7b-rank-128-2,359,94,575.4920473336878
4559,huggyllama/llama-7b,dummy-lora-7b-rank-8-3,346,5,575.535744938
4560,huggyllama/llama-7b,dummy-lora-7b-rank-128-0,525,9,575.7779359265916
4561,huggyllama/llama-7b,dummy-lora-7b-rank-128-2,429,7,575.9539249559805
4562,huggyllama/llama-7b,dummy-lora-7b-rank-8-0,632,7,576.0748118945003
4563,huggyllama/llama-7b,dummy-lora-7b-rank-128-4,549,88,576.2665298030475
4564,huggyllama/llama-7b,dummy-lora-7b-rank-8-0,722,41,576.5837958904626
4565,huggyllama/llama-7b,dummy-lora-7b-rank-32-1,561,18,576.8517162676607
4566,huggyllama/llama-7b,dummy-lora-7b-rank-32-2,634,5,576.9081170129383
4567,huggyllama/llama-7b,dummy-lora-7b-rank-32-1,368,51,576.9634697261939
4568,huggyllama/llama-7b,dummy-lora-7b-rank-128-4,352,9,576.9764764848753
4569,huggyllama/llama-7b,dummy-lora-7b-rank-128-0,574,33,577.0369401136127
4570,huggyllama/llama-7b,dummy-lora-7b-rank-32-0,219,125,577.1959068977361
4571,huggyllama/llama-7b,dummy-lora-7b-rank-8-2,273,86,577.3279185393299
4572,huggyllama/llama-7b,dummy-lora-7b-rank-64-3,667,8,577.4172547891396
4573,huggyllama/llama-7b,dummy-lora-7b-rank-64-3,332,43,577.5561687048952
4574,huggyllama/llama-7b,dummy-lora-7b-rank-64-4,101,53,577.6448460480503
4575,huggyllama/llama-7b,dummy-lora-7b-rank-128-0,303,56,577.6503578821805
4576,huggyllama/llama-7b,dummy-lora-7b-rank-32-4,560,25,577.6544020873407
4577,huggyllama/llama-7b,dummy-lora-7b-rank-64-2,595,61,577.7065470766977
4578,huggyllama/llama-7b,dummy-lora-7b-rank-16-4,356,21,577.9344102086665
4579,huggyllama/llama-7b,dummy-lora-7b-rank-64-0,850,41,577.9630510930582
4580,huggyllama/llama-7b,dummy-lora-7b-rank-16-1,605,22,578.0766623102404
4581,huggyllama/llama-7b,dummy-lora-7b-rank-128-3,548,17,578.1809540682191
4582,huggyllama/llama-7b,dummy-lora-7b-rank-8-1,624,24,578.2745812381113
4583,huggyllama/llama-7b,dummy-lora-7b-rank-64-0,466,64,578.2822914030156
4584,huggyllama/llama-7b,dummy-lora-7b-rank-64-0,617,9,578.5372504327943
4585,huggyllama/llama-7b,dummy-lora-7b-rank-128-2,276,41,579.0956381953062
4586,huggyllama/llama-7b,dummy-lora-7b-rank-8-4,316,43,579.1974414983191
4587,huggyllama/llama-7b,dummy-lora-7b-rank-16-1,433,9,579.4443422631383
4588,huggyllama/llama-7b,dummy-lora-7b-rank-128-0,560,24,579.5165905053973
4589,huggyllama/llama-7b,dummy-lora-7b-rank-128-4,556,21,579.5740842952567
4590,huggyllama/llama-7b,dummy-lora-7b-rank-8-4,517,206,579.5850514011497
4591,huggyllama/llama-7b,dummy-lora-7b-rank-128-2,602,29,579.651675542827
4592,huggyllama/llama-7b,dummy-lora-7b-rank-32-4,544,8,579.7922781048046
4593,huggyllama/llama-7b,dummy-lora-7b-rank-16-0,569,21,579.8724760389757
4594,huggyllama/llama-7b,dummy-lora-7b-rank-64-3,603,19,580.0398734351497
4595,huggyllama/llama-7b,dummy-lora-7b-rank-128-2,285,43,580.140105463513
4596,huggyllama/llama-7b,dummy-lora-7b-rank-32-1,557,40,580.2208160483948
4597,huggyllama/llama-7b,dummy-lora-7b-rank-8-4,550,18,580.2241497763315
4598,huggyllama/llama-7b,dummy-lora-7b-rank-128-2,202,3,580.3275755022114
4599,huggyllama/llama-7b,dummy-lora-7b-rank-128-0,58,92,580.3583620440565
4600,huggyllama/llama-7b,dummy-lora-7b-rank-64-2,560,8,580.4576481863829
4601,huggyllama/llama-7b,dummy-lora-7b-rank-16-1,552,20,580.6546755779382
4602,huggyllama/llama-7b,dummy-lora-7b-rank-128-2,453,54,580.7081557042591
4603,huggyllama/llama-7b,dummy-lora-7b-rank-64-0,552,19,581.0426698248475
4604,huggyllama/llama-7b,dummy-lora-7b-rank-64-0,550,20,581.1693661392759
4605,huggyllama/llama-7b,dummy-lora-7b-rank-64-0,622,55,581.3223109259395
4606,huggyllama/llama-7b,dummy-lora-7b-rank-8-2,54,42,581.3252871114054
4607,huggyllama/llama-7b,dummy-lora-7b-rank-32-3,554,20,581.4264948069706
4608,huggyllama/llama-7b,dummy-lora-7b-rank-16-1,195,30,581.5951175022512
4609,huggyllama/llama-7b,dummy-lora-7b-rank-32-1,574,32,581.673132504942
4610,huggyllama/llama-7b,dummy-lora-7b-rank-8-4,605,20,581.7215766005337
4611,huggyllama/llama-7b,dummy-lora-7b-rank-128-1,261,44,581.776446919674
4612,huggyllama/llama-7b,dummy-lora-7b-rank-128-3,631,47,582.015635450377
4613,huggyllama/llama-7b,dummy-lora-7b-rank-128-0,560,23,582.0608215231777
4614,huggyllama/llama-7b,dummy-lora-7b-rank-32-3,796,14,582.1252694020451
4615,huggyllama/llama-7b,dummy-lora-7b-rank-32-2,524,11,582.234608109925
4616,huggyllama/llama-7b,dummy-lora-7b-rank-128-1,584,18,582.3002572545532
4617,huggyllama/llama-7b,dummy-lora-7b-rank-128-1,611,23,582.3412399270009
4618,huggyllama/llama-7b,dummy-lora-7b-rank-64-1,548,17,582.476717764479
4619,huggyllama/llama-7b,dummy-lora-7b-rank-8-1,815,76,582.4993243280157
4620,huggyllama/llama-7b,dummy-lora-7b-rank-32-4,570,31,582.5879781872321
4621,huggyllama/llama-7b,dummy-lora-7b-rank-128-4,701,45,583.3236184345747
4622,huggyllama/llama-7b,dummy-lora-7b-rank-128-4,596,99,583.3838400071146
4623,huggyllama/llama-7b,dummy-lora-7b-rank-8-2,440,48,583.4927422301477
4624,huggyllama/llama-7b,dummy-lora-7b-rank-64-4,611,22,583.756270199137
4625,huggyllama/llama-7b,dummy-lora-7b-rank-16-3,339,10,583.8275494105992
4626,huggyllama/llama-7b,dummy-lora-7b-rank-64-0,464,82,583.8837800569092
4627,huggyllama/llama-7b,dummy-lora-7b-rank-32-0,591,69,584.042373310723
4628,huggyllama/llama-7b,dummy-lora-7b-rank-8-2,354,137,584.163816438766
4629,huggyllama/llama-7b,dummy-lora-7b-rank-64-3,574,54,584.1711385683594
4630,huggyllama/llama-7b,dummy-lora-7b-rank-128-2,443,14,584.2251771364195
4631,huggyllama/llama-7b,dummy-lora-7b-rank-128-1,323,43,584.32111046585
4632,huggyllama/llama-7b,dummy-lora-7b-rank-128-0,255,58,584.4160031482522
4633,huggyllama/llama-7b,dummy-lora-7b-rank-32-2,228,108,584.4509312167504
4634,huggyllama/llama-7b,dummy-lora-7b-rank-32-1,613,8,584.6867105566573
4635,huggyllama/llama-7b,dummy-lora-7b-rank-8-1,307,32,584.9971794242499
4636,huggyllama/llama-7b,dummy-lora-7b-rank-8-0,729,15,585.2001577871227
4637,huggyllama/llama-7b,dummy-lora-7b-rank-128-0,462,44,585.2273340458689
4638,huggyllama/llama-7b,dummy-lora-7b-rank-16-4,562,26,585.2391466229633
4639,huggyllama/llama-7b,dummy-lora-7b-rank-64-3,639,63,585.3541436844788
4640,huggyllama/llama-7b,dummy-lora-7b-rank-32-3,548,41,585.6210831757511
4641,huggyllama/llama-7b,dummy-lora-7b-rank-8-2,635,6,585.6699625997528
4642,huggyllama/llama-7b,dummy-lora-7b-rank-128-1,827,50,585.6770826994431
4643,huggyllama/llama-7b,dummy-lora-7b-rank-8-2,326,28,585.7765663644523
4644,huggyllama/llama-7b,dummy-lora-7b-rank-64-2,607,16,585.779874820189
4645,huggyllama/llama-7b,dummy-lora-7b-rank-16-1,466,58,585.831099943984
4646,huggyllama/llama-7b,dummy-lora-7b-rank-128-4,408,8,585.8311910474189
4647,huggyllama/llama-7b,dummy-lora-7b-rank-64-2,839,108,585.8481562254567
4648,huggyllama/llama-7b,dummy-lora-7b-rank-8-4,301,38,585.9640091727293
4649,huggyllama/llama-7b,dummy-lora-7b-rank-16-3,883,20,586.2112040294576
4650,huggyllama/llama-7b,dummy-lora-7b-rank-32-3,445,47,586.4036123540836
4651,huggyllama/llama-7b,dummy-lora-7b-rank-128-2,878,99,586.6785446177914
4652,huggyllama/llama-7b,dummy-lora-7b-rank-64-4,808,76,586.9806852243997
4653,huggyllama/llama-7b,dummy-lora-7b-rank-16-2,542,58,587.0287287761722
4654,huggyllama/llama-7b,dummy-lora-7b-rank-32-1,583,41,587.3177760324427
4655,huggyllama/llama-7b,dummy-lora-7b-rank-128-2,586,19,587.3271496450045
4656,huggyllama/llama-7b,dummy-lora-7b-rank-128-1,560,24,587.3889536603012
4657,huggyllama/llama-7b,dummy-lora-7b-rank-64-3,556,11,587.454658601847
4658,huggyllama/llama-7b,dummy-lora-7b-rank-64-0,570,31,587.4973391481483
4659,huggyllama/llama-7b,dummy-lora-7b-rank-32-2,384,40,587.7955566000795
4660,huggyllama/llama-7b,dummy-lora-7b-rank-8-1,610,20,587.8655968284384
4661,huggyllama/llama-7b,dummy-lora-7b-rank-16-3,513,72,588.2066377878252
4662,huggyllama/llama-7b,dummy-lora-7b-rank-64-4,292,51,588.2117976241025
4663,huggyllama/llama-7b,dummy-lora-7b-rank-128-4,525,23,588.5769061418785
4664,huggyllama/llama-7b,dummy-lora-7b-rank-32-1,608,28,588.7365164078499
4665,huggyllama/llama-7b,dummy-lora-7b-rank-32-4,704,56,588.7445690709187
4666,huggyllama/llama-7b,dummy-lora-7b-rank-128-0,472,50,588.7718265312648
4667,huggyllama/llama-7b,dummy-lora-7b-rank-64-4,670,8,589.1071472777256
4668,huggyllama/llama-7b,dummy-lora-7b-rank-64-2,153,127,589.1824638449255
4669,huggyllama/llama-7b,dummy-lora-7b-rank-128-4,991,109,589.2034784706761
4670,huggyllama/llama-7b,dummy-lora-7b-rank-16-4,306,66,589.2264041658402
4671,huggyllama/llama-7b,dummy-lora-7b-rank-8-0,558,22,589.289177309314
4672,huggyllama/llama-7b,dummy-lora-7b-rank-64-4,102,47,589.3229115127784
4673,huggyllama/llama-7b,dummy-lora-7b-rank-32-1,936,72,589.3554037892271
4674,huggyllama/llama-7b,dummy-lora-7b-rank-16-3,590,7,589.614907982141
4675,huggyllama/llama-7b,dummy-lora-7b-rank-64-0,334,46,589.6853810043515
4676,huggyllama/llama-7b,dummy-lora-7b-rank-32-0,359,52,589.9278690432001
4677,huggyllama/llama-7b,dummy-lora-7b-rank-128-3,320,8,589.9518619956962
4678,huggyllama/llama-7b,dummy-lora-7b-rank-128-3,832,25,590.2407343209043
4679,huggyllama/llama-7b,dummy-lora-7b-rank-128-4,283,9,590.2734604932323
4680,huggyllama/llama-7b,dummy-lora-7b-rank-8-4,304,49,590.4736714257003
4681,huggyllama/llama-7b,dummy-lora-7b-rank-32-4,428,48,590.5582858314683
4682,huggyllama/llama-7b,dummy-lora-7b-rank-128-3,554,22,590.66662912612
4683,huggyllama/llama-7b,dummy-lora-7b-rank-64-2,270,128,590.9671219514545
4684,huggyllama/llama-7b,dummy-lora-7b-rank-8-0,514,75,591.0739828381933
4685,huggyllama/llama-7b,dummy-lora-7b-rank-16-2,338,3,591.6413423730687
4686,huggyllama/llama-7b,dummy-lora-7b-rank-128-4,511,56,591.7541640252621
4687,huggyllama/llama-7b,dummy-lora-7b-rank-32-1,280,85,591.7672205196013
4688,huggyllama/llama-7b,dummy-lora-7b-rank-16-1,1004,9,591.9088742802059
4689,huggyllama/llama-7b,dummy-lora-7b-rank-16-0,500,10,591.992468056456
4690,huggyllama/llama-7b,dummy-lora-7b-rank-128-2,219,46,592.0180213442131
4691,huggyllama/llama-7b,dummy-lora-7b-rank-64-1,403,6,592.1785042560593
4692,huggyllama/llama-7b,dummy-lora-7b-rank-32-2,374,146,592.1788076873956
4693,huggyllama/llama-7b,dummy-lora-7b-rank-64-2,550,19,592.2947434303442
4694,huggyllama/llama-7b,dummy-lora-7b-rank-128-4,747,12,592.306645625581
4695,huggyllama/llama-7b,dummy-lora-7b-rank-8-1,341,32,592.3562557080733
4696,huggyllama/llama-7b,dummy-lora-7b-rank-32-4,136,88,592.4930147030926
4697,huggyllama/llama-7b,dummy-lora-7b-rank-128-2,587,144,592.5206305493617
4698,huggyllama/llama-7b,dummy-lora-7b-rank-32-3,683,61,592.5963237058886
4699,huggyllama/llama-7b,dummy-lora-7b-rank-16-2,425,43,592.9830188325609
4700,huggyllama/llama-7b,dummy-lora-7b-rank-32-1,650,3,593.3214577088597
4701,huggyllama/llama-7b,dummy-lora-7b-rank-128-0,192,67,593.467662986222
4702,huggyllama/llama-7b,dummy-lora-7b-rank-16-3,361,94,593.4871673174719
4703,huggyllama/llama-7b,dummy-lora-7b-rank-32-2,896,10,593.5214841069599
4704,huggyllama/llama-7b,dummy-lora-7b-rank-64-3,502,52,593.5979255931112
4705,huggyllama/llama-7b,dummy-lora-7b-rank-8-3,327,112,593.8116763541698
4706,huggyllama/llama-7b,dummy-lora-7b-rank-64-4,605,20,593.9621078723349
4707,huggyllama/llama-7b,dummy-lora-7b-rank-32-4,415,19,593.9770553362638
4708,huggyllama/llama-7b,dummy-lora-7b-rank-8-3,524,9,594.0037801636435
4709,huggyllama/llama-7b,dummy-lora-7b-rank-16-3,913,3,594.0129164350966
4710,huggyllama/llama-7b,dummy-lora-7b-rank-128-0,423,53,594.1175851616214
4711,huggyllama/llama-7b,dummy-lora-7b-rank-128-1,641,8,594.1228141720279
4712,huggyllama/llama-7b,dummy-lora-7b-rank-64-0,419,172,594.1669110086988
4713,huggyllama/llama-7b,dummy-lora-7b-rank-32-4,902,11,594.2716948386987
4714,huggyllama/llama-7b,dummy-lora-7b-rank-8-4,618,61,594.4355602769002
4715,huggyllama/llama-7b,dummy-lora-7b-rank-8-3,288,47,594.5273642188398
4716,huggyllama/llama-7b,dummy-lora-7b-rank-32-1,684,147,594.8511985906646
4717,huggyllama/llama-7b,dummy-lora-7b-rank-32-0,426,47,594.9800050253841
4718,huggyllama/llama-7b,dummy-lora-7b-rank-32-2,441,5,595.3485562517639
4719,huggyllama/llama-7b,dummy-lora-7b-rank-128-4,401,10,595.4833407853204
4720,huggyllama/llama-7b,dummy-lora-7b-rank-8-4,403,6,595.4858436606722
4721,huggyllama/llama-7b,dummy-lora-7b-rank-16-0,276,157,595.5295488779843
4722,huggyllama/llama-7b,dummy-lora-7b-rank-32-3,570,9,595.7785581385596
4723,huggyllama/llama-7b,dummy-lora-7b-rank-8-3,564,25,595.8474694704415
4724,huggyllama/llama-7b,dummy-lora-7b-rank-8-0,731,91,595.9181081194097
4725,huggyllama/llama-7b,dummy-lora-7b-rank-8-4,302,32,596.1103099753707
4726,huggyllama/llama-7b,dummy-lora-7b-rank-8-4,552,19,596.1958981087608
4727,huggyllama/llama-7b,dummy-lora-7b-rank-128-1,421,47,596.3097657282465
4728,huggyllama/llama-7b,dummy-lora-7b-rank-128-1,543,100,596.3922238774095
4729,huggyllama/llama-7b,dummy-lora-7b-rank-32-2,609,36,596.418192999831
4730,huggyllama/llama-7b,dummy-lora-7b-rank-64-1,601,17,596.4902202911953
4731,huggyllama/llama-7b,dummy-lora-7b-rank-128-2,249,46,596.8941846699763
4732,huggyllama/llama-7b,dummy-lora-7b-rank-16-1,424,71,597.0799815615284
4733,huggyllama/llama-7b,dummy-lora-7b-rank-16-3,647,56,597.1223963626137
4734,huggyllama/llama-7b,dummy-lora-7b-rank-16-1,362,47,597.1537506185051
4735,huggyllama/llama-7b,dummy-lora-7b-rank-16-3,94,58,597.1948270421412
4736,huggyllama/llama-7b,dummy-lora-7b-rank-32-0,564,27,597.2386742154895
4737,huggyllama/llama-7b,dummy-lora-7b-rank-64-3,590,13,597.4053761823792
4738,huggyllama/llama-7b,dummy-lora-7b-rank-128-4,408,4,597.9613692012837
4739,huggyllama/llama-7b,dummy-lora-7b-rank-32-1,639,71,598.0125926828719
4740,huggyllama/llama-7b,dummy-lora-7b-rank-64-2,421,41,598.0949992911696
4741,huggyllama/llama-7b,dummy-lora-7b-rank-16-4,689,9,598.2667527998448
4742,huggyllama/llama-7b,dummy-lora-7b-rank-32-3,705,13,598.4143402367105
4743,huggyllama/llama-7b,dummy-lora-7b-rank-8-4,292,50,598.4427159763753
4744,huggyllama/llama-7b,dummy-lora-7b-rank-32-3,370,177,598.5373400495303
4745,huggyllama/llama-7b,dummy-lora-7b-rank-16-1,822,54,598.6109752615131
4746,huggyllama/llama-7b,dummy-lora-7b-rank-128-0,366,49,598.6886329963736
4747,huggyllama/llama-7b,dummy-lora-7b-rank-8-3,643,10,598.757462653955
4748,huggyllama/llama-7b,dummy-lora-7b-rank-32-2,787,3,598.7979220782207
4749,huggyllama/llama-7b,dummy-lora-7b-rank-128-0,552,10,598.8868934594323
4750,huggyllama/llama-7b,dummy-lora-7b-rank-64-0,470,85,599.0328856124474
4751,huggyllama/llama-7b,dummy-lora-7b-rank-8-3,338,55,599.0780358626656
4752,huggyllama/llama-7b,dummy-lora-7b-rank-16-4,711,52,599.1649787206338
4753,huggyllama/llama-7b,dummy-lora-7b-rank-16-1,552,19,599.1873647417042
4754,huggyllama/llama-7b,dummy-lora-7b-rank-32-1,854,9,599.1955797586479
4755,huggyllama/llama-7b,dummy-lora-7b-rank-16-2,453,9,599.1982520321727
4756,huggyllama/llama-7b,dummy-lora-7b-rank-64-3,440,35,599.3126041218036
4757,huggyllama/llama-7b,dummy-lora-7b-rank-16-3,92,51,599.5811533873878
4758,huggyllama/llama-7b,dummy-lora-7b-rank-16-4,746,113,599.7581119329586
4759,huggyllama/llama-7b,dummy-lora-7b-rank-128-4,874,8,599.7888883239617
4760,huggyllama/llama-7b,dummy-lora-7b-rank-64-0,552,21,599.8121777434382
4761,huggyllama/llama-7b,dummy-lora-7b-rank-32-0,771,100,599.8886269713043
4762,huggyllama/llama-7b,dummy-lora-7b-rank-32-2,562,26,599.9215625461533
4763,huggyllama/llama-7b,dummy-lora-7b-rank-16-3,547,16,599.9468761309386
4764,huggyllama/llama-7b,dummy-lora-7b-rank-128-1,609,36,600.0145635238897
4765,huggyllama/llama-7b,dummy-lora-7b-rank-64-4,567,6,600.3272752019706
4766,huggyllama/llama-7b,dummy-lora-7b-rank-64-1,586,19,600.4762640504953
4767,huggyllama/llama-7b,dummy-lora-7b-rank-8-0,55,34,600.5650330968916
4768,huggyllama/llama-7b,dummy-lora-7b-rank-32-4,550,18,600.5927640415282
4769,huggyllama/llama-7b,dummy-lora-7b-rank-16-4,657,19,601.0498822731289
4770,huggyllama/llama-7b,dummy-lora-7b-rank-32-1,570,29,601.1144737761917
4771,huggyllama/llama-7b,dummy-lora-7b-rank-128-0,196,5,601.1213343930841
4772,huggyllama/llama-7b,dummy-lora-7b-rank-8-0,728,51,601.2363025833964
4773,huggyllama/llama-7b,dummy-lora-7b-rank-64-3,414,50,601.3203508961968
4774,huggyllama/llama-7b,dummy-lora-7b-rank-128-1,172,48,601.6017143672746
4775,huggyllama/llama-7b,dummy-lora-7b-rank-64-1,121,45,601.9600812836965
4776,huggyllama/llama-7b,dummy-lora-7b-rank-128-0,963,70,601.9806473766321
4777,huggyllama/llama-7b,dummy-lora-7b-rank-64-3,351,49,602.0307871649443
4778,huggyllama/llama-7b,dummy-lora-7b-rank-16-4,556,22,602.2151908956644
4779,huggyllama/llama-7b,dummy-lora-7b-rank-128-0,375,46,602.3020843026579
4780,huggyllama/llama-7b,dummy-lora-7b-rank-64-4,611,38,602.4686576147899
4781,huggyllama/llama-7b,dummy-lora-7b-rank-64-1,699,48,602.5581846844631
4782,huggyllama/llama-7b,dummy-lora-7b-rank-8-2,663,17,602.6088542896896
4783,huggyllama/llama-7b,dummy-lora-7b-rank-16-3,574,20,602.8040008006307
4784,huggyllama/llama-7b,dummy-lora-7b-rank-8-1,232,151,603.0780829722123
4785,huggyllama/llama-7b,dummy-lora-7b-rank-128-1,546,16,603.3782042049851
4786,huggyllama/llama-7b,dummy-lora-7b-rank-8-3,576,10,603.785553315713
4787,huggyllama/llama-7b,dummy-lora-7b-rank-64-3,544,49,603.8138289493068
4788,huggyllama/llama-7b,dummy-lora-7b-rank-32-3,150,122,604.0328430813009
4789,huggyllama/llama-7b,dummy-lora-7b-rank-64-3,520,11,604.1132396610917
4790,huggyllama/llama-7b,dummy-lora-7b-rank-128-4,188,53,604.1214478266191
4791,huggyllama/llama-7b,dummy-lora-7b-rank-32-2,293,7,604.1283641660805
4792,huggyllama/llama-7b,dummy-lora-7b-rank-32-0,486,6,604.1795714274565
4793,huggyllama/llama-7b,dummy-lora-7b-rank-128-4,458,58,604.1797608312093
4794,huggyllama/llama-7b,dummy-lora-7b-rank-64-0,460,49,604.2036732128352
4795,huggyllama/llama-7b,dummy-lora-7b-rank-8-4,653,44,604.5066681998924
4796,huggyllama/llama-7b,dummy-lora-7b-rank-16-2,669,30,604.8491049885238
4797,huggyllama/llama-7b,dummy-lora-7b-rank-16-2,751,65,604.9529913747394
4798,huggyllama/llama-7b,dummy-lora-7b-rank-16-2,590,13,604.9739793338957
4799,huggyllama/llama-7b,dummy-lora-7b-rank-64-2,329,49,605.1320515329732
4800,huggyllama/llama-7b,dummy-lora-7b-rank-16-4,548,15,605.2410890347062
4801,huggyllama/llama-7b,dummy-lora-7b-rank-64-4,409,10,605.3113652866379
4802,huggyllama/llama-7b,dummy-lora-7b-rank-64-0,558,21,606.0668916219097
4803,huggyllama/llama-7b,dummy-lora-7b-rank-64-2,603,99,606.2961880266762
4804,huggyllama/llama-7b,dummy-lora-7b-rank-64-2,580,30,606.4420134211672
4805,huggyllama/llama-7b,dummy-lora-7b-rank-32-2,556,21,606.6425060689224
4806,huggyllama/llama-7b,dummy-lora-7b-rank-64-2,553,13,606.7381100286786
4807,huggyllama/llama-7b,dummy-lora-7b-rank-16-0,878,52,606.7625765441643
4808,huggyllama/llama-7b,dummy-lora-7b-rank-16-3,456,32,606.9018507615459
4809,huggyllama/llama-7b,dummy-lora-7b-rank-64-3,554,22,606.9308480715952
4810,huggyllama/llama-7b,dummy-lora-7b-rank-8-3,560,23,606.9370490949261
4811,huggyllama/llama-7b,dummy-lora-7b-rank-64-3,558,22,607.0012990015377
4812,huggyllama/llama-7b,dummy-lora-7b-rank-64-1,566,18,607.0411423909346
4813,huggyllama/llama-7b,dummy-lora-7b-rank-16-1,602,109,607.2342489650513
4814,huggyllama/llama-7b,dummy-lora-7b-rank-64-0,470,37,607.2420307077125
4815,huggyllama/llama-7b,dummy-lora-7b-rank-64-1,556,21,607.2996790765369
4816,huggyllama/llama-7b,dummy-lora-7b-rank-32-1,607,23,607.3015943982409
4817,huggyllama/llama-7b,dummy-lora-7b-rank-16-0,582,37,607.4351299372411
4818,huggyllama/llama-7b,dummy-lora-7b-rank-64-2,548,17,607.5065176560204
4819,huggyllama/llama-7b,dummy-lora-7b-rank-32-1,179,47,607.5737669150337
4820,huggyllama/llama-7b,dummy-lora-7b-rank-32-1,615,25,607.753483059488
4821,huggyllama/llama-7b,dummy-lora-7b-rank-128-2,396,43,607.9682798846998
4822,huggyllama/llama-7b,dummy-lora-7b-rank-128-4,445,45,607.9864954524977
4823,huggyllama/llama-7b,dummy-lora-7b-rank-32-3,329,11,608.2065023590127
4824,huggyllama/llama-7b,dummy-lora-7b-rank-32-3,53,43,608.2276632818593
4825,huggyllama/llama-7b,dummy-lora-7b-rank-128-1,665,68,608.2452213066589
4826,huggyllama/llama-7b,dummy-lora-7b-rank-8-3,407,5,608.2979620815013
4827,huggyllama/llama-7b,dummy-lora-7b-rank-32-3,570,28,608.3113364597191
4828,huggyllama/llama-7b,dummy-lora-7b-rank-8-3,552,13,608.3852252104473
4829,huggyllama/llama-7b,dummy-lora-7b-rank-32-1,265,31,608.5529471487903
4830,huggyllama/llama-7b,dummy-lora-7b-rank-128-0,440,72,608.6766092721635
4831,huggyllama/llama-7b,dummy-lora-7b-rank-64-0,611,18,608.8801456887154
4832,huggyllama/llama-7b,dummy-lora-7b-rank-16-1,356,47,609.2133585132694
4833,huggyllama/llama-7b,dummy-lora-7b-rank-128-1,574,32,609.4027929405535
4834,huggyllama/llama-7b,dummy-lora-7b-rank-8-3,167,35,609.5187060913381
4835,huggyllama/llama-7b,dummy-lora-7b-rank-64-2,667,36,609.6396506551783
4836,huggyllama/llama-7b,dummy-lora-7b-rank-32-1,365,11,609.684160836316
4837,huggyllama/llama-7b,dummy-lora-7b-rank-128-2,310,37,609.697764814268
4838,huggyllama/llama-7b,dummy-lora-7b-rank-64-2,548,20,609.8806089748143
4839,huggyllama/llama-7b,dummy-lora-7b-rank-32-1,199,42,609.9189071189554
4840,huggyllama/llama-7b,dummy-lora-7b-rank-16-2,856,55,609.9315904570527
4841,huggyllama/llama-7b,dummy-lora-7b-rank-128-0,687,26,610.0589283110088
4842,huggyllama/llama-7b,dummy-lora-7b-rank-8-3,397,57,610.0687303435301
4843,huggyllama/llama-7b,dummy-lora-7b-rank-64-4,520,52,610.0768078060718
4844,huggyllama/llama-7b,dummy-lora-7b-rank-32-3,564,27,610.1210011877978
4845,huggyllama/llama-7b,dummy-lora-7b-rank-16-2,165,47,610.5498776036688
4846,huggyllama/llama-7b,dummy-lora-7b-rank-8-0,566,27,610.8716556125637
4847,huggyllama/llama-7b,dummy-lora-7b-rank-128-2,130,42,610.8802747872327
4848,huggyllama/llama-7b,dummy-lora-7b-rank-8-4,548,17,610.924310179963
4849,huggyllama/llama-7b,dummy-lora-7b-rank-32-2,560,13,611.0760379422013
4850,huggyllama/llama-7b,dummy-lora-7b-rank-16-4,294,38,611.083765925148
4851,huggyllama/llama-7b,dummy-lora-7b-rank-8-1,528,11,611.273078648766
4852,huggyllama/llama-7b,dummy-lora-7b-rank-16-1,356,125,611.3569348813866
4853,huggyllama/llama-7b,dummy-lora-7b-rank-64-1,296,47,611.3839196170372
4854,huggyllama/llama-7b,dummy-lora-7b-rank-32-0,598,70,611.4123213639162
4855,huggyllama/llama-7b,dummy-lora-7b-rank-16-4,599,126,611.6626340148313
4856,huggyllama/llama-7b,dummy-lora-7b-rank-32-1,542,9,611.6697224777897
4857,huggyllama/llama-7b,dummy-lora-7b-rank-32-0,196,60,611.6817087243439
4858,huggyllama/llama-7b,dummy-lora-7b-rank-8-3,387,62,612.0453695044147
4859,huggyllama/llama-7b,dummy-lora-7b-rank-128-4,553,17,612.0494074976666
4860,huggyllama/llama-7b,dummy-lora-7b-rank-16-1,565,18,612.0905854761536
4861,huggyllama/llama-7b,dummy-lora-7b-rank-128-2,294,48,612.1290042154538
4862,huggyllama/llama-7b,dummy-lora-7b-rank-8-1,595,3,612.2257261263701
4863,huggyllama/llama-7b,dummy-lora-7b-rank-64-0,574,33,612.2904643695244
4864,huggyllama/llama-7b,dummy-lora-7b-rank-128-4,548,87,612.3174744145402
4865,huggyllama/llama-7b,dummy-lora-7b-rank-8-4,598,26,612.3788266192762
4866,huggyllama/llama-7b,dummy-lora-7b-rank-8-3,313,45,612.8019571765436
4867,huggyllama/llama-7b,dummy-lora-7b-rank-64-4,597,65,612.8274535209234
4868,huggyllama/llama-7b,dummy-lora-7b-rank-8-2,277,11,612.8305740662211
4869,huggyllama/llama-7b,dummy-lora-7b-rank-32-3,554,12,612.8772766768001
4870,huggyllama/llama-7b,dummy-lora-7b-rank-8-4,605,17,612.8823426092584
4871,huggyllama/llama-7b,dummy-lora-7b-rank-32-0,999,47,612.8988487356609
4872,huggyllama/llama-7b,dummy-lora-7b-rank-16-4,242,46,612.9161479504027
4873,huggyllama/llama-7b,dummy-lora-7b-rank-32-3,380,49,613.0321101373661
4874,huggyllama/llama-7b,dummy-lora-7b-rank-16-1,522,6,613.0568165507477
4875,huggyllama/llama-7b,dummy-lora-7b-rank-128-1,355,89,613.4053970198561
4876,huggyllama/llama-7b,dummy-lora-7b-rank-8-0,586,39,613.4161033224567
4877,huggyllama/llama-7b,dummy-lora-7b-rank-16-3,454,53,613.5354178681648
4878,huggyllama/llama-7b,dummy-lora-7b-rank-32-2,484,7,613.7485506915333
4879,huggyllama/llama-7b,dummy-lora-7b-rank-64-4,562,27,613.8265867876169
4880,huggyllama/llama-7b,dummy-lora-7b-rank-32-2,576,31,613.8734397260864
4881,huggyllama/llama-7b,dummy-lora-7b-rank-64-3,760,8,613.8895353128933
4882,huggyllama/llama-7b,dummy-lora-7b-rank-128-1,552,19,614.001752759763
4883,huggyllama/llama-7b,dummy-lora-7b-rank-32-4,188,34,614.0282343539607
4884,huggyllama/llama-7b,dummy-lora-7b-rank-16-0,724,90,614.0449879205128
4885,huggyllama/llama-7b,dummy-lora-7b-rank-8-4,240,63,614.3176580708562
4886,huggyllama/llama-7b,dummy-lora-7b-rank-128-4,568,9,614.4193858445948
4887,huggyllama/llama-7b,dummy-lora-7b-rank-64-4,548,17,614.4933228553685
4888,huggyllama/llama-7b,dummy-lora-7b-rank-128-0,558,23,614.4995569179339
4889,huggyllama/llama-7b,dummy-lora-7b-rank-32-2,818,171,614.7633884679627
4890,huggyllama/llama-7b,dummy-lora-7b-rank-32-0,240,48,614.7946118845597
4891,huggyllama/llama-7b,dummy-lora-7b-rank-32-2,576,28,614.895601551733
4892,huggyllama/llama-7b,dummy-lora-7b-rank-32-2,466,6,615.0241431740661
4893,huggyllama/llama-7b,dummy-lora-7b-rank-8-4,691,10,615.1109943132924
4894,huggyllama/llama-7b,dummy-lora-7b-rank-128-4,607,32,615.309552629245
4895,huggyllama/llama-7b,dummy-lora-7b-rank-32-0,564,14,615.4435843736615
4896,huggyllama/llama-7b,dummy-lora-7b-rank-16-0,219,56,615.6603436207753
4897,huggyllama/llama-7b,dummy-lora-7b-rank-16-2,204,62,615.6664358964578
4898,huggyllama/llama-7b,dummy-lora-7b-rank-16-1,314,10,615.7768843343854
4899,huggyllama/llama-7b,dummy-lora-7b-rank-128-2,564,25,615.8244717320958
4900,huggyllama/llama-7b,dummy-lora-7b-rank-16-2,1010,61,616.0557614170431
4901,huggyllama/llama-7b,dummy-lora-7b-rank-128-4,271,43,616.0751955394431
4902,huggyllama/llama-7b,dummy-lora-7b-rank-128-3,412,6,616.1385089300757
4903,huggyllama/llama-7b,dummy-lora-7b-rank-128-2,129,52,616.1975211340242
4904,huggyllama/llama-7b,dummy-lora-7b-rank-64-0,641,26,616.3351176785112
4905,huggyllama/llama-7b,dummy-lora-7b-rank-32-4,328,38,616.3743290102599
4906,huggyllama/llama-7b,dummy-lora-7b-rank-32-4,363,44,616.950093825954
4907,huggyllama/llama-7b,dummy-lora-7b-rank-64-3,456,45,616.9707950342063
4908,huggyllama/llama-7b,dummy-lora-7b-rank-128-1,626,2,616.9887072564215
4909,huggyllama/llama-7b,dummy-lora-7b-rank-32-1,130,50,617.0031128740205
4910,huggyllama/llama-7b,dummy-lora-7b-rank-128-1,590,13,617.2876532583194
4911,huggyllama/llama-7b,dummy-lora-7b-rank-8-1,369,103,617.390606951101
4912,huggyllama/llama-7b,dummy-lora-7b-rank-8-1,344,40,617.7575611240111
4913,huggyllama/llama-7b,dummy-lora-7b-rank-8-4,562,24,617.8055929567605
4914,huggyllama/llama-7b,dummy-lora-7b-rank-16-1,540,47,618.3998889110223
4915,huggyllama/llama-7b,dummy-lora-7b-rank-8-1,529,45,618.4388133155982
4916,huggyllama/llama-7b,dummy-lora-7b-rank-16-1,409,139,618.500071256776
4917,huggyllama/llama-7b,dummy-lora-7b-rank-128-1,448,7,618.8699292200101
4918,huggyllama/llama-7b,dummy-lora-7b-rank-16-1,504,98,618.9509624625772
4919,huggyllama/llama-7b,dummy-lora-7b-rank-64-2,196,51,619.0393889439616
4920,huggyllama/llama-7b,dummy-lora-7b-rank-128-4,178,118,619.0777266775044
4921,huggyllama/llama-7b,dummy-lora-7b-rank-64-3,585,20,619.1407221843785
4922,huggyllama/llama-7b,dummy-lora-7b-rank-64-1,229,39,619.4367314403029
4923,huggyllama/llama-7b,dummy-lora-7b-rank-64-2,303,104,619.45257764622
4924,huggyllama/llama-7b,dummy-lora-7b-rank-8-0,508,5,619.4646884268294
4925,huggyllama/llama-7b,dummy-lora-7b-rank-64-3,540,8,619.611488348942
4926,huggyllama/llama-7b,dummy-lora-7b-rank-64-0,584,32,619.6605128734179
4927,huggyllama/llama-7b,dummy-lora-7b-rank-16-1,452,30,619.6723012485156
4928,huggyllama/llama-7b,dummy-lora-7b-rank-64-1,743,92,619.7276211230671
4929,huggyllama/llama-7b,dummy-lora-7b-rank-64-2,405,170,619.8682449088702
4930,huggyllama/llama-7b,dummy-lora-7b-rank-64-2,580,6,619.9529899156307
4931,huggyllama/llama-7b,dummy-lora-7b-rank-64-1,613,23,620.2520528315791
4932,huggyllama/llama-7b,dummy-lora-7b-rank-16-2,568,36,620.3560316990155
4933,huggyllama/llama-7b,dummy-lora-7b-rank-8-0,552,21,620.4045258089476
4934,huggyllama/llama-7b,dummy-lora-7b-rank-32-2,350,6,620.417872085752
4935,huggyllama/llama-7b,dummy-lora-7b-rank-128-4,831,8,620.7319625662319
4936,huggyllama/llama-7b,dummy-lora-7b-rank-64-1,590,24,621.1892485304786
4937,huggyllama/llama-7b,dummy-lora-7b-rank-64-4,560,15,621.2050627848204
4938,huggyllama/llama-7b,dummy-lora-7b-rank-8-4,179,42,621.3314682272851
4939,huggyllama/llama-7b,dummy-lora-7b-rank-8-2,550,18,621.6721415687647
4940,huggyllama/llama-7b,dummy-lora-7b-rank-128-3,184,50,621.7555093516158
4941,huggyllama/llama-7b,dummy-lora-7b-rank-32-4,540,113,621.8746945761827
4942,huggyllama/llama-7b,dummy-lora-7b-rank-32-4,564,30,621.9488169543038
4943,huggyllama/llama-7b,dummy-lora-7b-rank-64-0,248,6,622.1521172463774
4944,huggyllama/llama-7b,dummy-lora-7b-rank-8-0,239,36,622.3097146792004
4945,huggyllama/llama-7b,dummy-lora-7b-rank-128-4,339,45,622.3914113410669
4946,huggyllama/llama-7b,dummy-lora-7b-rank-128-0,470,55,622.4308822261406
4947,huggyllama/llama-7b,dummy-lora-7b-rank-8-1,548,12,622.6929080600408
4948,huggyllama/llama-7b,dummy-lora-7b-rank-16-1,590,11,622.7025088707732
4949,huggyllama/llama-7b,dummy-lora-7b-rank-16-0,270,41,622.7637052981879
4950,huggyllama/llama-7b,dummy-lora-7b-rank-32-2,564,69,622.9697481532064
4951,huggyllama/llama-7b,dummy-lora-7b-rank-32-2,553,49,623.0663414799726
4952,huggyllama/llama-7b,dummy-lora-7b-rank-32-0,444,13,623.1929818954776
4953,huggyllama/llama-7b,dummy-lora-7b-rank-8-2,632,15,623.4094804290319
4954,huggyllama/llama-7b,dummy-lora-7b-rank-16-3,612,10,623.674095784909
4955,huggyllama/llama-7b,dummy-lora-7b-rank-8-1,404,38,623.727945435667
4956,huggyllama/llama-7b,dummy-lora-7b-rank-16-4,570,24,623.8408312306874
4957,huggyllama/llama-7b,dummy-lora-7b-rank-32-1,238,55,623.8817846724648
4958,huggyllama/llama-7b,dummy-lora-7b-rank-32-4,667,6,623.8901355643101
4959,huggyllama/llama-7b,dummy-lora-7b-rank-16-2,162,51,624.2903226408973
4960,huggyllama/llama-7b,dummy-lora-7b-rank-32-3,148,52,624.3591340542577
4961,huggyllama/llama-7b,dummy-lora-7b-rank-32-1,546,13,624.3857240630291
4962,huggyllama/llama-7b,dummy-lora-7b-rank-8-2,504,7,624.5540974906384
4963,huggyllama/llama-7b,dummy-lora-7b-rank-128-0,527,37,624.6179997775836
4964,huggyllama/llama-7b,dummy-lora-7b-rank-128-1,311,59,624.8017048089825
4965,huggyllama/llama-7b,dummy-lora-7b-rank-64-3,511,11,624.8845140762072
4966,huggyllama/llama-7b,dummy-lora-7b-rank-128-3,606,16,624.8910027463099
4967,huggyllama/llama-7b,dummy-lora-7b-rank-64-2,540,10,624.9861695072761
4968,huggyllama/llama-7b,dummy-lora-7b-rank-64-4,427,8,625.1256303999164
4969,huggyllama/llama-7b,dummy-lora-7b-rank-128-1,558,23,625.1789519526008
4970,huggyllama/llama-7b,dummy-lora-7b-rank-16-4,730,13,625.2151950160256
4971,huggyllama/llama-7b,dummy-lora-7b-rank-64-1,588,69,625.2868785171831
4972,huggyllama/llama-7b,dummy-lora-7b-rank-64-4,82,47,625.6114783226975
4973,huggyllama/llama-7b,dummy-lora-7b-rank-128-1,609,94,625.7540999065617
4974,huggyllama/llama-7b,dummy-lora-7b-rank-64-0,642,7,625.9128915116627
4975,huggyllama/llama-7b,dummy-lora-7b-rank-8-3,550,18,626.0219732559129
4976,huggyllama/llama-7b,dummy-lora-7b-rank-16-0,110,13,626.0684158121778
4977,huggyllama/llama-7b,dummy-lora-7b-rank-128-2,554,22,626.1915147716004
4978,huggyllama/llama-7b,dummy-lora-7b-rank-64-2,370,58,626.3197171258308
4979,huggyllama/llama-7b,dummy-lora-7b-rank-64-2,581,35,626.3217162109925
4980,huggyllama/llama-7b,dummy-lora-7b-rank-64-0,119,93,626.3283812089737
4981,huggyllama/llama-7b,dummy-lora-7b-rank-32-0,901,88,626.4394742608023
4982,huggyllama/llama-7b,dummy-lora-7b-rank-64-1,311,6,626.5488554038658
4983,huggyllama/llama-7b,dummy-lora-7b-rank-8-4,603,18,626.7619234863777
4984,huggyllama/llama-7b,dummy-lora-7b-rank-128-0,546,49,627.0284277127271
4985,huggyllama/llama-7b,dummy-lora-7b-rank-32-0,608,15,627.0659490903579
4986,huggyllama/llama-7b,dummy-lora-7b-rank-128-3,261,39,627.0660577030548
4987,huggyllama/llama-7b,dummy-lora-7b-rank-64-3,335,10,627.6040038656885
4988,huggyllama/llama-7b,dummy-lora-7b-rank-32-2,716,154,627.8033065579057
4989,huggyllama/llama-7b,dummy-lora-7b-rank-128-0,327,6,627.93395531125
4990,huggyllama/llama-7b,dummy-lora-7b-rank-128-0,418,43,627.9345105283054
4991,huggyllama/llama-7b,dummy-lora-7b-rank-32-2,556,13,628.0663744368176
4992,huggyllama/llama-7b,dummy-lora-7b-rank-16-4,548,17,628.2123115460622
4993,huggyllama/llama-7b,dummy-lora-7b-rank-32-2,280,49,628.250370724067
4994,huggyllama/llama-7b,dummy-lora-7b-rank-32-3,548,13,628.3214095811853
4995,huggyllama/llama-7b,dummy-lora-7b-rank-8-2,1008,59,628.4192184057374
4996,huggyllama/llama-7b,dummy-lora-7b-rank-64-3,435,11,628.5258465952805
4997,huggyllama/llama-7b,dummy-lora-7b-rank-32-1,464,40,628.6318767484554
4998,huggyllama/llama-7b,dummy-lora-7b-rank-16-3,669,42,628.9964992253017
4999,huggyllama/llama-7b,dummy-lora-7b-rank-32-0,538,12,629.0731686259041
5000,huggyllama/llama-7b,dummy-lora-7b-rank-128-1,337,61,629.3274559953858
5001,huggyllama/llama-7b,dummy-lora-7b-rank-64-3,527,71,629.332943777864
5002,huggyllama/llama-7b,dummy-lora-7b-rank-16-2,223,15,629.6079339054223
5003,huggyllama/llama-7b,dummy-lora-7b-rank-128-4,546,16,629.7352858886586
5004,huggyllama/llama-7b,dummy-lora-7b-rank-128-3,504,47,629.7852327053296
5005,huggyllama/llama-7b,dummy-lora-7b-rank-64-3,873,52,629.7920847674931
5006,huggyllama/llama-7b,dummy-lora-7b-rank-64-3,777,193,629.8259017579371
5007,huggyllama/llama-7b,dummy-lora-7b-rank-16-2,483,47,630.0158688121041
5008,huggyllama/llama-7b,dummy-lora-7b-rank-32-1,717,22,630.0641856973681
5009,huggyllama/llama-7b,dummy-lora-7b-rank-128-0,743,41,630.1105747631557
5010,huggyllama/llama-7b,dummy-lora-7b-rank-128-0,989,3,630.2169247929402
5011,huggyllama/llama-7b,dummy-lora-7b-rank-64-4,283,124,630.2318605779675
5012,huggyllama/llama-7b,dummy-lora-7b-rank-128-1,364,46,630.2742853580852
5013,huggyllama/llama-7b,dummy-lora-7b-rank-64-2,397,68,630.315157429763
5014,huggyllama/llama-7b,dummy-lora-7b-rank-128-3,334,48,630.4724223084504
5015,huggyllama/llama-7b,dummy-lora-7b-rank-128-0,321,11,630.7973060389768
5016,huggyllama/llama-7b,dummy-lora-7b-rank-128-3,542,12,630.8109235197535
5017,huggyllama/llama-7b,dummy-lora-7b-rank-64-0,401,42,630.850223513589
5018,huggyllama/llama-7b,dummy-lora-7b-rank-64-1,516,11,630.9160983730859
5019,huggyllama/llama-7b,dummy-lora-7b-rank-128-4,607,22,630.917576598495
5020,huggyllama/llama-7b,dummy-lora-7b-rank-16-4,350,44,630.9929970276423
5021,huggyllama/llama-7b,dummy-lora-7b-rank-64-1,685,39,631.0495374067559
5022,huggyllama/llama-7b,dummy-lora-7b-rank-8-0,548,17,631.4094761753248
5023,huggyllama/llama-7b,dummy-lora-7b-rank-8-4,529,9,631.4723290510807
5024,huggyllama/llama-7b,dummy-lora-7b-rank-64-0,353,49,631.5214756099799
5025,huggyllama/llama-7b,dummy-lora-7b-rank-32-3,679,37,631.595266570719
5026,huggyllama/llama-7b,dummy-lora-7b-rank-64-3,459,48,631.7566005798362
5027,huggyllama/llama-7b,dummy-lora-7b-rank-32-3,746,51,632.1339739706427
5028,huggyllama/llama-7b,dummy-lora-7b-rank-64-3,286,102,632.1344285672536
5029,huggyllama/llama-7b,dummy-lora-7b-rank-8-1,594,15,632.3721261876265
5030,huggyllama/llama-7b,dummy-lora-7b-rank-8-3,556,13,632.4639031511533
5031,huggyllama/llama-7b,dummy-lora-7b-rank-64-0,560,22,632.5212926109475
5032,huggyllama/llama-7b,dummy-lora-7b-rank-64-1,213,3,632.6587785837125
5033,huggyllama/llama-7b,dummy-lora-7b-rank-64-0,147,45,632.7416777643425
5034,huggyllama/llama-7b,dummy-lora-7b-rank-32-1,564,17,632.8035298568262
5035,huggyllama/llama-7b,dummy-lora-7b-rank-64-3,552,21,632.9895773316473
5036,huggyllama/llama-7b,dummy-lora-7b-rank-32-0,564,30,633.1527305990878
5037,huggyllama/llama-7b,dummy-lora-7b-rank-64-3,887,7,633.5269395328771
5038,huggyllama/llama-7b,dummy-lora-7b-rank-32-3,231,146,633.5892608741075
5039,huggyllama/llama-7b,dummy-lora-7b-rank-128-3,204,44,633.6719975152818
5040,huggyllama/llama-7b,dummy-lora-7b-rank-8-4,576,26,633.6796181669478
5041,huggyllama/llama-7b,dummy-lora-7b-rank-64-2,355,7,633.7270226956688
5042,huggyllama/llama-7b,dummy-lora-7b-rank-128-1,285,82,634.084760374947
5043,huggyllama/llama-7b,dummy-lora-7b-rank-32-4,281,47,634.1440972347534
5044,huggyllama/llama-7b,dummy-lora-7b-rank-8-1,548,14,634.2014353731568
5045,huggyllama/llama-7b,dummy-lora-7b-rank-128-1,355,84,634.2775378175822
5046,huggyllama/llama-7b,dummy-lora-7b-rank-16-4,317,16,634.4083427011187
5047,huggyllama/llama-7b,dummy-lora-7b-rank-32-1,710,10,634.7487594373803
5048,huggyllama/llama-7b,dummy-lora-7b-rank-8-3,611,18,634.78313353142
5049,huggyllama/llama-7b,dummy-lora-7b-rank-64-1,150,34,634.8174888293629
5050,huggyllama/llama-7b,dummy-lora-7b-rank-64-0,558,22,635.0667745884532
5051,huggyllama/llama-7b,dummy-lora-7b-rank-8-0,562,22,635.1036811546243
5052,huggyllama/llama-7b,dummy-lora-7b-rank-16-1,567,7,635.1411180195703
5053,huggyllama/llama-7b,dummy-lora-7b-rank-16-3,610,8,635.3286258693204
5054,huggyllama/llama-7b,dummy-lora-7b-rank-64-4,308,125,635.3929040183554
5055,huggyllama/llama-7b,dummy-lora-7b-rank-64-3,561,12,635.6278723412339
5056,huggyllama/llama-7b,dummy-lora-7b-rank-16-2,283,98,636.1196966424502
5057,huggyllama/llama-7b,dummy-lora-7b-rank-64-4,363,53,636.1490788949699
5058,huggyllama/llama-7b,dummy-lora-7b-rank-16-1,580,34,636.2328499251156
5059,huggyllama/llama-7b,dummy-lora-7b-rank-16-2,426,65,636.30403305011
5060,huggyllama/llama-7b,dummy-lora-7b-rank-32-0,797,42,636.312931281715
5061,huggyllama/llama-7b,dummy-lora-7b-rank-8-1,266,113,636.3961720215358
5062,huggyllama/llama-7b,dummy-lora-7b-rank-8-2,383,69,636.4539726746318
5063,huggyllama/llama-7b,dummy-lora-7b-rank-16-4,558,25,636.5358981472556
5064,huggyllama/llama-7b,dummy-lora-7b-rank-64-0,552,19,636.5612299543899
5065,huggyllama/llama-7b,dummy-lora-7b-rank-64-3,556,19,636.6157202818486
5066,huggyllama/llama-7b,dummy-lora-7b-rank-32-0,312,63,636.6923931968761
5067,huggyllama/llama-7b,dummy-lora-7b-rank-8-2,501,41,636.7311976501919
5068,huggyllama/llama-7b,dummy-lora-7b-rank-8-1,369,165,636.7557599384487
5069,huggyllama/llama-7b,dummy-lora-7b-rank-16-1,561,44,636.7820931545374
5070,huggyllama/llama-7b,dummy-lora-7b-rank-8-0,565,58,636.9281151657964
5071,huggyllama/llama-7b,dummy-lora-7b-rank-16-3,174,47,637.2311683795155
5072,huggyllama/llama-7b,dummy-lora-7b-rank-16-1,554,22,637.3466320523997
5073,huggyllama/llama-7b,dummy-lora-7b-rank-64-4,235,129,637.5305808102469
5074,huggyllama/llama-7b,dummy-lora-7b-rank-128-2,147,43,637.5363605554408
5075,huggyllama/llama-7b,dummy-lora-7b-rank-16-2,457,6,637.7515791789119
5076,huggyllama/llama-7b,dummy-lora-7b-rank-16-2,304,38,637.7566901413122
5077,huggyllama/llama-7b,dummy-lora-7b-rank-32-1,463,8,637.7733694748434
5078,huggyllama/llama-7b,dummy-lora-7b-rank-32-1,335,49,637.9392488213691
5079,huggyllama/llama-7b,dummy-lora-7b-rank-128-1,369,50,638.0235890159737
5080,huggyllama/llama-7b,dummy-lora-7b-rank-16-3,223,52,638.1458410260925
5081,huggyllama/llama-7b,dummy-lora-7b-rank-32-0,883,20,638.1873062941271
5082,huggyllama/llama-7b,dummy-lora-7b-rank-16-3,558,25,638.2278082315627
5083,huggyllama/llama-7b,dummy-lora-7b-rank-32-0,552,19,638.3795701935317
5084,huggyllama/llama-7b,dummy-lora-7b-rank-8-4,741,59,638.5211315277484
5085,huggyllama/llama-7b,dummy-lora-7b-rank-16-1,586,38,638.528199236097
5086,huggyllama/llama-7b,dummy-lora-7b-rank-64-3,556,23,638.5432353942776
5087,huggyllama/llama-7b,dummy-lora-7b-rank-8-2,419,43,638.6233651565105
5088,huggyllama/llama-7b,dummy-lora-7b-rank-128-4,631,31,638.6394002893079
5089,huggyllama/llama-7b,dummy-lora-7b-rank-16-1,580,36,638.6447991132746
5090,huggyllama/llama-7b,dummy-lora-7b-rank-128-2,749,62,638.6597368851538
5091,huggyllama/llama-7b,dummy-lora-7b-rank-128-3,723,88,639.1584114139199
5092,huggyllama/llama-7b,dummy-lora-7b-rank-32-3,639,61,639.2021741084172
5093,huggyllama/llama-7b,dummy-lora-7b-rank-128-2,258,57,639.3576154779876
5094,huggyllama/llama-7b,dummy-lora-7b-rank-8-1,393,11,639.5221551316358
5095,huggyllama/llama-7b,dummy-lora-7b-rank-32-3,545,50,639.6101358327603
5096,huggyllama/llama-7b,dummy-lora-7b-rank-8-4,408,73,639.6252617897306
5097,huggyllama/llama-7b,dummy-lora-7b-rank-64-4,601,13,639.7118346661712
5098,huggyllama/llama-7b,dummy-lora-7b-rank-8-0,187,118,639.8681687990821
5099,huggyllama/llama-7b,dummy-lora-7b-rank-16-3,356,101,639.8933885990715
5100,huggyllama/llama-7b,dummy-lora-7b-rank-32-3,942,12,639.9715933613497
5101,huggyllama/llama-7b,dummy-lora-7b-rank-32-3,392,10,640.0017355640643
5102,huggyllama/llama-7b,dummy-lora-7b-rank-128-4,555,20,640.1075342717207
5103,huggyllama/llama-7b,dummy-lora-7b-rank-32-3,394,8,640.3401399275602
5104,huggyllama/llama-7b,dummy-lora-7b-rank-16-4,346,49,640.3878713285512
5105,huggyllama/llama-7b,dummy-lora-7b-rank-128-3,562,23,640.3901076476861
5106,huggyllama/llama-7b,dummy-lora-7b-rank-64-2,767,5,640.4515558294073
5107,huggyllama/llama-7b,dummy-lora-7b-rank-32-4,550,10,640.5104377329828
5108,huggyllama/llama-7b,dummy-lora-7b-rank-16-3,397,39,640.8352336417088
5109,huggyllama/llama-7b,dummy-lora-7b-rank-16-1,611,18,640.8907591855631
5110,huggyllama/llama-7b,dummy-lora-7b-rank-16-0,597,8,640.9799603962678
5111,huggyllama/llama-7b,dummy-lora-7b-rank-128-4,674,59,641.1258769716103
5112,huggyllama/llama-7b,dummy-lora-7b-rank-32-0,556,22,641.7926332720963
5113,huggyllama/llama-7b,dummy-lora-7b-rank-8-4,188,27,641.8943411875309
5114,huggyllama/llama-7b,dummy-lora-7b-rank-8-0,660,4,641.9396203065436
5115,huggyllama/llama-7b,dummy-lora-7b-rank-16-0,510,6,642.1147667606555
5116,huggyllama/llama-7b,dummy-lora-7b-rank-32-4,580,42,642.2940171654094
5117,huggyllama/llama-7b,dummy-lora-7b-rank-32-3,617,23,642.8422919983705
5118,huggyllama/llama-7b,dummy-lora-7b-rank-32-1,548,17,642.8788689658779
5119,huggyllama/llama-7b,dummy-lora-7b-rank-8-4,734,23,643.1207359452587
5120,huggyllama/llama-7b,dummy-lora-7b-rank-64-0,602,47,643.2034856027415
5121,huggyllama/llama-7b,dummy-lora-7b-rank-8-4,516,52,643.2601481951272
5122,huggyllama/llama-7b,dummy-lora-7b-rank-32-4,542,42,643.2866966946434
5123,huggyllama/llama-7b,dummy-lora-7b-rank-8-0,550,18,643.467049348001
5124,huggyllama/llama-7b,dummy-lora-7b-rank-64-1,330,44,643.5061339434055
5125,huggyllama/llama-7b,dummy-lora-7b-rank-16-0,633,32,643.5645182257803
5126,huggyllama/llama-7b,dummy-lora-7b-rank-64-4,287,6,643.5654252440144
5127,huggyllama/llama-7b,dummy-lora-7b-rank-128-3,562,27,643.5799238299477
5128,huggyllama/llama-7b,dummy-lora-7b-rank-16-4,560,23,643.7296150802947
5129,huggyllama/llama-7b,dummy-lora-7b-rank-8-1,907,21,643.7439159221059
5130,huggyllama/llama-7b,dummy-lora-7b-rank-128-0,816,45,643.8268854008217
5131,huggyllama/llama-7b,dummy-lora-7b-rank-16-0,578,34,643.8496755217709
5132,huggyllama/llama-7b,dummy-lora-7b-rank-8-4,537,26,644.0853416405453
5133,huggyllama/llama-7b,dummy-lora-7b-rank-32-2,195,53,644.1361736953236
5134,huggyllama/llama-7b,dummy-lora-7b-rank-8-1,552,21,644.2433258698832
5135,huggyllama/llama-7b,dummy-lora-7b-rank-8-0,638,55,644.2859228782528
5136,huggyllama/llama-7b,dummy-lora-7b-rank-32-2,552,19,644.3441164083881
5137,huggyllama/llama-7b,dummy-lora-7b-rank-128-3,414,55,644.3516792040184
5138,huggyllama/llama-7b,dummy-lora-7b-rank-32-2,550,18,644.4227881789449
5139,huggyllama/llama-7b,dummy-lora-7b-rank-32-2,344,61,644.5497373304476
5140,huggyllama/llama-7b,dummy-lora-7b-rank-128-0,939,3,644.5500499078353
5141,huggyllama/llama-7b,dummy-lora-7b-rank-128-1,585,13,644.5940486904286
5142,huggyllama/llama-7b,dummy-lora-7b-rank-32-2,500,142,644.920266323369
5143,huggyllama/llama-7b,dummy-lora-7b-rank-128-3,270,133,644.9600561230475
5144,huggyllama/llama-7b,dummy-lora-7b-rank-16-1,565,17,645.0022972908783
5145,huggyllama/llama-7b,dummy-lora-7b-rank-32-0,422,61,645.0364676654256
5146,huggyllama/llama-7b,dummy-lora-7b-rank-64-1,619,20,645.1097155980553
5147,huggyllama/llama-7b,dummy-lora-7b-rank-32-1,563,6,645.2970842737217
5148,huggyllama/llama-7b,dummy-lora-7b-rank-64-4,550,18,645.4157964459159
5149,huggyllama/llama-7b,dummy-lora-7b-rank-128-2,209,115,645.462875850669
5150,huggyllama/llama-7b,dummy-lora-7b-rank-8-1,201,154,645.5015344654071
5151,huggyllama/llama-7b,dummy-lora-7b-rank-32-0,542,144,645.6290175996722
5152,huggyllama/llama-7b,dummy-lora-7b-rank-32-1,550,18,645.929078338912
5153,huggyllama/llama-7b,dummy-lora-7b-rank-16-1,509,55,646.02008284812
5154,huggyllama/llama-7b,dummy-lora-7b-rank-64-2,427,141,646.0610485916902
5155,huggyllama/llama-7b,dummy-lora-7b-rank-32-1,815,59,646.1465613985275
5156,huggyllama/llama-7b,dummy-lora-7b-rank-128-4,408,5,646.1712162391783
5157,huggyllama/llama-7b,dummy-lora-7b-rank-8-2,635,9,646.1718263596518
5158,huggyllama/llama-7b,dummy-lora-7b-rank-32-2,777,14,646.2155280667453
5159,huggyllama/llama-7b,dummy-lora-7b-rank-16-2,390,71,646.3903734315655
5160,huggyllama/llama-7b,dummy-lora-7b-rank-32-0,393,46,646.4038327375835
5161,huggyllama/llama-7b,dummy-lora-7b-rank-32-4,751,22,646.5432573683502
5162,huggyllama/llama-7b,dummy-lora-7b-rank-128-2,665,7,646.7635398350266
5163,huggyllama/llama-7b,dummy-lora-7b-rank-16-2,403,15,646.9173560505849
5164,huggyllama/llama-7b,dummy-lora-7b-rank-64-4,512,34,647.1274453635834
5165,huggyllama/llama-7b,dummy-lora-7b-rank-32-3,397,46,647.1382276784603
5166,huggyllama/llama-7b,dummy-lora-7b-rank-32-4,548,17,647.2811445333308
5167,huggyllama/llama-7b,dummy-lora-7b-rank-8-3,848,3,647.4259386250386
5168,huggyllama/llama-7b,dummy-lora-7b-rank-32-1,139,79,647.6124770524101
5169,huggyllama/llama-7b,dummy-lora-7b-rank-64-0,597,16,647.9564556170751
5170,huggyllama/llama-7b,dummy-lora-7b-rank-32-2,945,3,648.1239827729851
5171,huggyllama/llama-7b,dummy-lora-7b-rank-16-1,717,40,648.157094326027
5172,huggyllama/llama-7b,dummy-lora-7b-rank-16-1,589,45,648.2649817360473
5173,huggyllama/llama-7b,dummy-lora-7b-rank-64-1,698,25,648.484061676714
5174,huggyllama/llama-7b,dummy-lora-7b-rank-32-1,678,13,648.6178644000203
5175,huggyllama/llama-7b,dummy-lora-7b-rank-128-1,338,117,648.7026917398965
5176,huggyllama/llama-7b,dummy-lora-7b-rank-128-3,552,19,648.9641984638586
5177,huggyllama/llama-7b,dummy-lora-7b-rank-32-0,548,17,649.1419510723719
5178,huggyllama/llama-7b,dummy-lora-7b-rank-64-0,372,101,649.2076075520052
5179,huggyllama/llama-7b,dummy-lora-7b-rank-8-3,390,8,649.3698116129204
5180,huggyllama/llama-7b,dummy-lora-7b-rank-32-3,583,71,649.4066131873377
5181,huggyllama/llama-7b,dummy-lora-7b-rank-8-1,568,29,649.7628091673715
5182,huggyllama/llama-7b,dummy-lora-7b-rank-16-2,554,20,649.9625337935327
5183,huggyllama/llama-7b,dummy-lora-7b-rank-64-3,210,43,650.1723721391904
5184,huggyllama/llama-7b,dummy-lora-7b-rank-16-2,844,113,650.2680379394104
5185,huggyllama/llama-7b,dummy-lora-7b-rank-32-1,520,59,650.4618045589274
5186,huggyllama/llama-7b,dummy-lora-7b-rank-16-1,581,8,650.4645343059129
5187,huggyllama/llama-7b,dummy-lora-7b-rank-128-3,446,52,650.5830090320574
5188,huggyllama/llama-7b,dummy-lora-7b-rank-8-4,87,38,650.5876643095612
5189,huggyllama/llama-7b,dummy-lora-7b-rank-8-3,823,7,650.8197688655114
5190,huggyllama/llama-7b,dummy-lora-7b-rank-128-4,556,21,650.8283361884023
5191,huggyllama/llama-7b,dummy-lora-7b-rank-64-3,576,31,651.2435278216843
5192,huggyllama/llama-7b,dummy-lora-7b-rank-8-3,885,82,651.2538802154996
5193,huggyllama/llama-7b,dummy-lora-7b-rank-8-2,688,215,651.3142825791862
5194,huggyllama/llama-7b,dummy-lora-7b-rank-8-2,834,81,651.3776779935689
5195,huggyllama/llama-7b,dummy-lora-7b-rank-8-1,554,20,651.3867484308795
5196,huggyllama/llama-7b,dummy-lora-7b-rank-32-4,253,53,651.4233498709523
5197,huggyllama/llama-7b,dummy-lora-7b-rank-128-0,558,24,651.7995320109831
5198,huggyllama/llama-7b,dummy-lora-7b-rank-64-1,143,44,651.8915177783708
5199,huggyllama/llama-7b,dummy-lora-7b-rank-128-1,176,48,651.9329672599355
5200,huggyllama/llama-7b,dummy-lora-7b-rank-32-1,559,119,652.0038488202847
5201,huggyllama/llama-7b,dummy-lora-7b-rank-32-1,6,20,652.0195355089025
5202,huggyllama/llama-7b,dummy-lora-7b-rank-8-0,737,17,652.150751342097
5203,huggyllama/llama-7b,dummy-lora-7b-rank-128-0,536,56,652.1752058647342
5204,huggyllama/llama-7b,dummy-lora-7b-rank-8-4,318,44,652.4639349942621
5205,huggyllama/llama-7b,dummy-lora-7b-rank-8-1,748,49,652.5780402524788
5206,huggyllama/llama-7b,dummy-lora-7b-rank-64-1,515,7,652.6909846619725
5207,huggyllama/llama-7b,dummy-lora-7b-rank-8-0,605,20,652.7626909536655
5208,huggyllama/llama-7b,dummy-lora-7b-rank-32-2,216,41,652.941875129938
5209,huggyllama/llama-7b,dummy-lora-7b-rank-128-0,431,143,653.0383640189132
5210,huggyllama/llama-7b,dummy-lora-7b-rank-128-4,330,48,653.3549823008146
5211,huggyllama/llama-7b,dummy-lora-7b-rank-16-0,546,8,653.3925035917413
5212,huggyllama/llama-7b,dummy-lora-7b-rank-16-1,329,52,653.4084436700851
5213,huggyllama/llama-7b,dummy-lora-7b-rank-32-2,604,174,653.469457390244
5214,huggyllama/llama-7b,dummy-lora-7b-rank-64-0,918,3,653.4933061570684
5215,huggyllama/llama-7b,dummy-lora-7b-rank-64-1,218,46,653.5525546127515
5216,huggyllama/llama-7b,dummy-lora-7b-rank-32-1,876,220,653.6189403182882
5217,huggyllama/llama-7b,dummy-lora-7b-rank-32-0,55,87,653.6974817923541
5218,huggyllama/llama-7b,dummy-lora-7b-rank-8-0,214,63,653.9715191405992
5219,huggyllama/llama-7b,dummy-lora-7b-rank-128-4,651,52,654.0663176995168
5220,huggyllama/llama-7b,dummy-lora-7b-rank-8-1,420,46,654.194483616668
5221,huggyllama/llama-7b,dummy-lora-7b-rank-32-0,556,13,654.2567443676754
5222,huggyllama/llama-7b,dummy-lora-7b-rank-8-1,52,42,654.296918046441
5223,huggyllama/llama-7b,dummy-lora-7b-rank-128-1,570,28,654.3074345272627
5224,huggyllama/llama-7b,dummy-lora-7b-rank-32-2,120,52,654.4742131561665
5225,huggyllama/llama-7b,dummy-lora-7b-rank-32-2,415,51,654.7464963563384
5226,huggyllama/llama-7b,dummy-lora-7b-rank-32-2,679,7,655.024674335111
5227,huggyllama/llama-7b,dummy-lora-7b-rank-32-1,253,44,655.0647939721653
5228,huggyllama/llama-7b,dummy-lora-7b-rank-32-0,554,20,655.1614942578759
5229,huggyllama/llama-7b,dummy-lora-7b-rank-16-2,942,24,655.3235386824699
5230,huggyllama/llama-7b,dummy-lora-7b-rank-32-3,423,32,655.6132298125084
5231,huggyllama/llama-7b,dummy-lora-7b-rank-128-1,398,64,655.7074662599771
5232,huggyllama/llama-7b,dummy-lora-7b-rank-16-0,159,39,655.8763409638381
5233,huggyllama/llama-7b,dummy-lora-7b-rank-128-4,339,115,655.9259522931098
5234,huggyllama/llama-7b,dummy-lora-7b-rank-128-3,817,7,656.083738493317
5235,huggyllama/llama-7b,dummy-lora-7b-rank-64-0,330,144,656.0992979286028
5236,huggyllama/llama-7b,dummy-lora-7b-rank-16-1,435,92,656.1556503890158
5237,huggyllama/llama-7b,dummy-lora-7b-rank-64-2,768,71,656.212950089291
5238,huggyllama/llama-7b,dummy-lora-7b-rank-16-0,71,47,656.3485317714775
5239,huggyllama/llama-7b,dummy-lora-7b-rank-32-0,348,49,656.4792625869611
5240,huggyllama/llama-7b,dummy-lora-7b-rank-64-2,560,19,656.634272889892
5241,huggyllama/llama-7b,dummy-lora-7b-rank-128-1,438,74,656.8360486015545
5242,huggyllama/llama-7b,dummy-lora-7b-rank-16-1,233,37,656.9191439984501
5243,huggyllama/llama-7b,dummy-lora-7b-rank-128-3,443,5,656.9279363961656
5244,huggyllama/llama-7b,dummy-lora-7b-rank-64-2,367,40,657.2186540074156
5245,huggyllama/llama-7b,dummy-lora-7b-rank-64-4,323,61,657.2220881465533
5246,huggyllama/llama-7b,dummy-lora-7b-rank-128-0,682,29,657.2953790711448
5247,huggyllama/llama-7b,dummy-lora-7b-rank-128-1,179,55,657.4218609322428
5248,huggyllama/llama-7b,dummy-lora-7b-rank-64-3,540,42,657.7913769952416
5249,huggyllama/llama-7b,dummy-lora-7b-rank-128-1,564,16,657.886711123732
5250,huggyllama/llama-7b,dummy-lora-7b-rank-16-3,155,40,658.291732987515
5251,huggyllama/llama-7b,dummy-lora-7b-rank-64-2,611,23,658.3527100074186
5252,huggyllama/llama-7b,dummy-lora-7b-rank-128-4,498,14,658.3670436803495
5253,huggyllama/llama-7b,dummy-lora-7b-rank-64-2,486,81,658.3755683737445
5254,huggyllama/llama-7b,dummy-lora-7b-rank-32-2,305,11,658.4400807510357
5255,huggyllama/llama-7b,dummy-lora-7b-rank-32-2,601,51,658.5014606648027
5256,huggyllama/llama-7b,dummy-lora-7b-rank-64-0,456,46,658.8893413373411
5257,huggyllama/llama-7b,dummy-lora-7b-rank-16-0,392,84,658.9812727271292
5258,huggyllama/llama-7b,dummy-lora-7b-rank-64-3,206,45,659.0225259312072
5259,huggyllama/llama-7b,dummy-lora-7b-rank-128-2,791,114,659.0273655153607
5260,huggyllama/llama-7b,dummy-lora-7b-rank-64-3,379,14,659.1198772887757
5261,huggyllama/llama-7b,dummy-lora-7b-rank-8-2,705,31,659.2541575390995
5262,huggyllama/llama-7b,dummy-lora-7b-rank-32-4,538,8,659.3176077504387
5263,huggyllama/llama-7b,dummy-lora-7b-rank-8-2,114,45,659.4027826772713
5264,huggyllama/llama-7b,dummy-lora-7b-rank-128-3,107,51,659.410709690591
5265,huggyllama/llama-7b,dummy-lora-7b-rank-16-3,341,37,659.4145547017765
5266,huggyllama/llama-7b,dummy-lora-7b-rank-64-3,516,8,659.4906748140976
5267,huggyllama/llama-7b,dummy-lora-7b-rank-16-2,430,41,659.553581945805
5268,huggyllama/llama-7b,dummy-lora-7b-rank-64-1,813,46,659.6120998333419
5269,huggyllama/llama-7b,dummy-lora-7b-rank-64-2,445,51,659.7853205932693
5270,huggyllama/llama-7b,dummy-lora-7b-rank-8-0,428,36,659.8793922004116
5271,huggyllama/llama-7b,dummy-lora-7b-rank-128-0,711,32,659.9054738959238
5272,huggyllama/llama-7b,dummy-lora-7b-rank-128-3,558,22,660.2554281543926
5273,huggyllama/llama-7b,dummy-lora-7b-rank-8-0,398,39,660.4775397172024
5274,huggyllama/llama-7b,dummy-lora-7b-rank-8-1,605,20,660.6353719738248
5275,huggyllama/llama-7b,dummy-lora-7b-rank-16-2,710,80,660.6390814054797
5276,huggyllama/llama-7b,dummy-lora-7b-rank-64-2,466,8,660.8927411963989
5277,huggyllama/llama-7b,dummy-lora-7b-rank-128-0,447,48,660.9588032200647
5278,huggyllama/llama-7b,dummy-lora-7b-rank-8-2,235,156,661.0500177115381
5279,huggyllama/llama-7b,dummy-lora-7b-rank-64-4,720,36,661.0618637115513
5280,huggyllama/llama-7b,dummy-lora-7b-rank-16-1,219,117,661.3734862601251
5281,huggyllama/llama-7b,dummy-lora-7b-rank-16-4,464,10,661.4180680131471
5282,huggyllama/llama-7b,dummy-lora-7b-rank-16-4,346,10,661.423544640207
5283,huggyllama/llama-7b,dummy-lora-7b-rank-8-0,554,20,661.4287270270531
5284,huggyllama/llama-7b,dummy-lora-7b-rank-16-0,605,20,661.5225626717029
5285,huggyllama/llama-7b,dummy-lora-7b-rank-16-2,566,29,661.6862635574392
5286,huggyllama/llama-7b,dummy-lora-7b-rank-64-0,448,7,661.771881339605
5287,huggyllama/llama-7b,dummy-lora-7b-rank-64-3,575,6,661.7782656214531
5288,huggyllama/llama-7b,dummy-lora-7b-rank-32-0,412,50,661.7921112088643
5289,huggyllama/llama-7b,dummy-lora-7b-rank-8-0,594,26,661.8844046206093
5290,huggyllama/llama-7b,dummy-lora-7b-rank-8-4,129,37,662.0144596811951
5291,huggyllama/llama-7b,dummy-lora-7b-rank-128-2,489,58,662.3633262979839
5292,huggyllama/llama-7b,dummy-lora-7b-rank-16-3,641,11,662.555702119254
5293,huggyllama/llama-7b,dummy-lora-7b-rank-64-4,542,11,662.5910364014582
5294,huggyllama/llama-7b,dummy-lora-7b-rank-128-1,207,41,662.6947796118909
5295,huggyllama/llama-7b,dummy-lora-7b-rank-32-0,589,7,662.8556127470454
5296,huggyllama/llama-7b,dummy-lora-7b-rank-8-4,568,29,662.8800896952994
5297,huggyllama/llama-7b,dummy-lora-7b-rank-64-0,445,7,663.6220929428479
5298,huggyllama/llama-7b,dummy-lora-7b-rank-16-4,553,9,663.8371991371466
5299,huggyllama/llama-7b,dummy-lora-7b-rank-128-0,284,211,663.8860842466573
5300,huggyllama/llama-7b,dummy-lora-7b-rank-64-0,934,39,664.1688697039332
5301,huggyllama/llama-7b,dummy-lora-7b-rank-8-0,648,80,664.169248268534
5302,huggyllama/llama-7b,dummy-lora-7b-rank-8-1,430,60,664.326254798187
5303,huggyllama/llama-7b,dummy-lora-7b-rank-64-3,620,124,664.4049185922831
5304,huggyllama/llama-7b,dummy-lora-7b-rank-128-2,238,71,664.4189060999134
5305,huggyllama/llama-7b,dummy-lora-7b-rank-128-3,397,56,664.5032878365876
5306,huggyllama/llama-7b,dummy-lora-7b-rank-128-2,613,25,664.5753591306668
5307,huggyllama/llama-7b,dummy-lora-7b-rank-16-4,439,37,664.7517754478149
5308,huggyllama/llama-7b,dummy-lora-7b-rank-16-0,174,45,665.0931423669293
5309,huggyllama/llama-7b,dummy-lora-7b-rank-16-2,107,50,665.0976366114531
5310,huggyllama/llama-7b,dummy-lora-7b-rank-64-1,568,30,665.1366032789025
5311,huggyllama/llama-7b,dummy-lora-7b-rank-8-2,629,28,665.2044775625254
5312,huggyllama/llama-7b,dummy-lora-7b-rank-16-2,216,48,665.2524239646928
5313,huggyllama/llama-7b,dummy-lora-7b-rank-128-0,534,11,665.4067471957777
5314,huggyllama/llama-7b,dummy-lora-7b-rank-8-2,753,194,665.5306670332179
5315,huggyllama/llama-7b,dummy-lora-7b-rank-128-0,214,6,665.7435640324106
5316,huggyllama/llama-7b,dummy-lora-7b-rank-128-3,366,8,665.9309769034747
5317,huggyllama/llama-7b,dummy-lora-7b-rank-16-2,576,30,666.7191802876758
5318,huggyllama/llama-7b,dummy-lora-7b-rank-32-4,719,152,667.042846274565
5319,huggyllama/llama-7b,dummy-lora-7b-rank-8-4,497,52,667.0691807651704
5320,huggyllama/llama-7b,dummy-lora-7b-rank-64-4,560,23,667.1551733570222
5321,huggyllama/llama-7b,dummy-lora-7b-rank-16-1,602,44,667.2215033068529
5322,huggyllama/llama-7b,dummy-lora-7b-rank-8-2,519,48,667.2740252026395
5323,huggyllama/llama-7b,dummy-lora-7b-rank-16-3,236,43,667.4247625773655
5324,huggyllama/llama-7b,dummy-lora-7b-rank-16-1,550,18,667.4779071060127
5325,huggyllama/llama-7b,dummy-lora-7b-rank-64-1,616,8,667.5116347189122
5326,huggyllama/llama-7b,dummy-lora-7b-rank-128-3,609,20,667.5977843085958
5327,huggyllama/llama-7b,dummy-lora-7b-rank-128-4,559,19,667.6092884250108
5328,huggyllama/llama-7b,dummy-lora-7b-rank-128-2,974,8,667.70506842074
5329,huggyllama/llama-7b,dummy-lora-7b-rank-128-4,516,16,667.8403444105733
5330,huggyllama/llama-7b,dummy-lora-7b-rank-32-3,584,38,667.8531264973257
5331,huggyllama/llama-7b,dummy-lora-7b-rank-8-2,965,3,667.885742078355
5332,huggyllama/llama-7b,dummy-lora-7b-rank-128-4,339,189,668.1423532356756
5333,huggyllama/llama-7b,dummy-lora-7b-rank-8-2,357,48,668.2854039984718
5334,huggyllama/llama-7b,dummy-lora-7b-rank-16-1,188,138,668.6230004060926
5335,huggyllama/llama-7b,dummy-lora-7b-rank-32-3,546,16,668.6407344844871
5336,huggyllama/llama-7b,dummy-lora-7b-rank-8-4,779,25,668.9976355761539
5337,huggyllama/llama-7b,dummy-lora-7b-rank-64-4,596,175,669.0021673087725
5338,huggyllama/llama-7b,dummy-lora-7b-rank-16-3,603,18,669.1063637290238
5339,huggyllama/llama-7b,dummy-lora-7b-rank-16-1,804,8,669.1266510738856
5340,huggyllama/llama-7b,dummy-lora-7b-rank-128-3,578,51,669.3307669382679
5341,huggyllama/llama-7b,dummy-lora-7b-rank-128-4,590,43,669.3368527855406
5342,huggyllama/llama-7b,dummy-lora-7b-rank-128-3,122,44,669.4598580896734
5343,huggyllama/llama-7b,dummy-lora-7b-rank-16-2,410,54,669.4785259742301
5344,huggyllama/llama-7b,dummy-lora-7b-rank-32-1,552,19,669.5278416005668
5345,huggyllama/llama-7b,dummy-lora-7b-rank-16-2,609,67,669.5386094770683
5346,huggyllama/llama-7b,dummy-lora-7b-rank-16-0,415,115,669.8472327069254
5347,huggyllama/llama-7b,dummy-lora-7b-rank-32-2,601,14,669.8624051196547
5348,huggyllama/llama-7b,dummy-lora-7b-rank-32-1,462,41,670.0705498195474
5349,huggyllama/llama-7b,dummy-lora-7b-rank-128-4,198,50,670.1737415715357
5350,huggyllama/llama-7b,dummy-lora-7b-rank-8-1,552,19,670.183760110709
5351,huggyllama/llama-7b,dummy-lora-7b-rank-64-3,344,46,670.2367592960865
5352,huggyllama/llama-7b,dummy-lora-7b-rank-32-3,672,3,670.2391119960585
5353,huggyllama/llama-7b,dummy-lora-7b-rank-16-1,684,3,670.585919367717
5354,huggyllama/llama-7b,dummy-lora-7b-rank-32-2,288,52,670.5985982148283
5355,huggyllama/llama-7b,dummy-lora-7b-rank-32-2,82,37,670.7233955580339
5356,huggyllama/llama-7b,dummy-lora-7b-rank-8-3,683,43,670.7407559782746
5357,huggyllama/llama-7b,dummy-lora-7b-rank-64-2,552,19,670.95373269512
5358,huggyllama/llama-7b,dummy-lora-7b-rank-16-1,480,51,671.0025432520376
5359,huggyllama/llama-7b,dummy-lora-7b-rank-8-2,55,38,671.0997581571436
5360,huggyllama/llama-7b,dummy-lora-7b-rank-16-0,546,16,671.1616476492203
5361,huggyllama/llama-7b,dummy-lora-7b-rank-8-3,286,134,671.1734487611468
5362,huggyllama/llama-7b,dummy-lora-7b-rank-64-2,548,17,671.1885327661153
5363,huggyllama/llama-7b,dummy-lora-7b-rank-32-1,290,44,671.3028433333495
5364,huggyllama/llama-7b,dummy-lora-7b-rank-8-0,893,3,671.5493478409403
5365,huggyllama/llama-7b,dummy-lora-7b-rank-16-0,548,17,671.6919305576923
5366,huggyllama/llama-7b,dummy-lora-7b-rank-8-4,296,162,672.052535532764
5367,huggyllama/llama-7b,dummy-lora-7b-rank-8-3,859,8,672.0644452877493
5368,huggyllama/llama-7b,dummy-lora-7b-rank-32-3,575,4,672.1199252903609
5369,huggyllama/llama-7b,dummy-lora-7b-rank-64-4,291,51,672.2749802723386
5370,huggyllama/llama-7b,dummy-lora-7b-rank-16-0,641,9,672.4751981878337
5371,huggyllama/llama-7b,dummy-lora-7b-rank-32-0,558,23,672.6687145332818
5372,huggyllama/llama-7b,dummy-lora-7b-rank-32-4,150,40,672.6834309424933
5373,huggyllama/llama-7b,dummy-lora-7b-rank-64-2,679,49,672.7360158102775
5374,huggyllama/llama-7b,dummy-lora-7b-rank-32-0,890,88,672.7815775572891
5375,huggyllama/llama-7b,dummy-lora-7b-rank-128-3,421,153,673.2000920940792
5376,huggyllama/llama-7b,dummy-lora-7b-rank-64-2,376,10,673.2374926489263
5377,huggyllama/llama-7b,dummy-lora-7b-rank-32-3,611,26,673.2523942521206
5378,huggyllama/llama-7b,dummy-lora-7b-rank-16-0,541,64,673.2843031475846
5379,huggyllama/llama-7b,dummy-lora-7b-rank-32-2,837,76,673.3808787320622
5380,huggyllama/llama-7b,dummy-lora-7b-rank-8-1,568,30,673.4274200015618
5381,huggyllama/llama-7b,dummy-lora-7b-rank-16-3,568,30,673.6385768106472
5382,huggyllama/llama-7b,dummy-lora-7b-rank-16-4,588,20,673.6867669170838
5383,huggyllama/llama-7b,dummy-lora-7b-rank-128-2,603,18,673.9556120757794
5384,huggyllama/llama-7b,dummy-lora-7b-rank-32-0,590,21,673.9791606062184
5385,huggyllama/llama-7b,dummy-lora-7b-rank-64-4,315,41,673.9943947799125
5386,huggyllama/llama-7b,dummy-lora-7b-rank-128-3,560,25,674.0412009365814
5387,huggyllama/llama-7b,dummy-lora-7b-rank-32-1,209,3,674.1838532371273
5388,huggyllama/llama-7b,dummy-lora-7b-rank-64-2,142,19,674.2601567522373
5389,huggyllama/llama-7b,dummy-lora-7b-rank-32-1,293,50,674.2740143294485
5390,huggyllama/llama-7b,dummy-lora-7b-rank-64-0,503,33,674.2794835484931
5391,huggyllama/llama-7b,dummy-lora-7b-rank-64-2,165,21,674.2881617161671
5392,huggyllama/llama-7b,dummy-lora-7b-rank-128-3,145,57,674.4624559481591
5393,huggyllama/llama-7b,dummy-lora-7b-rank-8-3,586,39,674.4984290781058
5394,huggyllama/llama-7b,dummy-lora-7b-rank-128-2,483,49,674.6926794448739
5395,huggyllama/llama-7b,dummy-lora-7b-rank-16-0,558,18,674.7219269538219
5396,huggyllama/llama-7b,dummy-lora-7b-rank-64-3,375,52,675.0415453830218
5397,huggyllama/llama-7b,dummy-lora-7b-rank-64-0,554,20,675.0418427537608
5398,huggyllama/llama-7b,dummy-lora-7b-rank-32-0,390,44,675.1201748146566
5399,huggyllama/llama-7b,dummy-lora-7b-rank-128-4,1004,56,675.265679478126
5400,huggyllama/llama-7b,dummy-lora-7b-rank-128-3,352,5,675.6804817346203
5401,huggyllama/llama-7b,dummy-lora-7b-rank-64-4,584,25,675.8000222585456
5402,huggyllama/llama-7b,dummy-lora-7b-rank-64-4,481,5,675.8316811531148
5403,huggyllama/llama-7b,dummy-lora-7b-rank-128-2,600,17,675.9772394063009
5404,huggyllama/llama-7b,dummy-lora-7b-rank-128-4,514,42,675.9919208582743
5405,huggyllama/llama-7b,dummy-lora-7b-rank-128-2,411,11,676.0353130919482
5406,huggyllama/llama-7b,dummy-lora-7b-rank-8-1,381,42,676.1073996026695
5407,huggyllama/llama-7b,dummy-lora-7b-rank-128-4,478,49,676.125126975239
5408,huggyllama/llama-7b,dummy-lora-7b-rank-32-4,786,11,676.2285828796903
5409,huggyllama/llama-7b,dummy-lora-7b-rank-128-2,390,8,676.2328776535031
5410,huggyllama/llama-7b,dummy-lora-7b-rank-128-1,535,8,676.4337316900356
5411,huggyllama/llama-7b,dummy-lora-7b-rank-8-0,622,58,676.6900282834276
5412,huggyllama/llama-7b,dummy-lora-7b-rank-8-0,558,20,676.7842016663444
5413,huggyllama/llama-7b,dummy-lora-7b-rank-16-1,732,48,676.8877789888567
5414,huggyllama/llama-7b,dummy-lora-7b-rank-64-2,509,13,677.1001690820359
5415,huggyllama/llama-7b,dummy-lora-7b-rank-16-1,988,14,677.2856866774591
5416,huggyllama/llama-7b,dummy-lora-7b-rank-64-4,630,19,677.4025151584462
5417,huggyllama/llama-7b,dummy-lora-7b-rank-32-1,260,58,677.5742553891016
5418,huggyllama/llama-7b,dummy-lora-7b-rank-32-0,556,20,677.6173943819266
5419,huggyllama/llama-7b,dummy-lora-7b-rank-64-3,560,25,677.6763656043502
5420,huggyllama/llama-7b,dummy-lora-7b-rank-8-0,436,51,677.6973447715208
5421,huggyllama/llama-7b,dummy-lora-7b-rank-32-3,607,11,677.7752684893853
5422,huggyllama/llama-7b,dummy-lora-7b-rank-8-0,790,49,678.011162383345
5423,huggyllama/llama-7b,dummy-lora-7b-rank-16-1,930,86,678.0646332821715
5424,huggyllama/llama-7b,dummy-lora-7b-rank-16-1,609,30,678.302864913988
5425,huggyllama/llama-7b,dummy-lora-7b-rank-128-2,579,55,678.511630180801
5426,huggyllama/llama-7b,dummy-lora-7b-rank-64-2,722,12,678.5494546643158
5427,huggyllama/llama-7b,dummy-lora-7b-rank-8-3,566,44,678.7277758821538
5428,huggyllama/llama-7b,dummy-lora-7b-rank-64-2,770,65,678.7529306280267
5429,huggyllama/llama-7b,dummy-lora-7b-rank-64-3,470,30,678.8657760868956
5430,huggyllama/llama-7b,dummy-lora-7b-rank-32-4,446,100,678.929735351336
5431,huggyllama/llama-7b,dummy-lora-7b-rank-128-3,553,52,679.0607201262178
5432,huggyllama/llama-7b,dummy-lora-7b-rank-32-2,619,11,679.1291976548906
5433,huggyllama/llama-7b,dummy-lora-7b-rank-8-4,57,58,679.3383129604533
5434,huggyllama/llama-7b,dummy-lora-7b-rank-32-3,694,39,679.8916854556094
5435,huggyllama/llama-7b,dummy-lora-7b-rank-8-3,609,9,679.8957833508417
5436,huggyllama/llama-7b,dummy-lora-7b-rank-32-2,560,23,679.9547546434214
5437,huggyllama/llama-7b,dummy-lora-7b-rank-32-4,532,91,680.0045669586216
5438,huggyllama/llama-7b,dummy-lora-7b-rank-8-3,261,63,680.0272015635517
5439,huggyllama/llama-7b,dummy-lora-7b-rank-128-4,558,6,680.0300498274466
5440,huggyllama/llama-7b,dummy-lora-7b-rank-32-4,691,8,680.0379539942352
5441,huggyllama/llama-7b,dummy-lora-7b-rank-128-2,521,48,680.0750971341708
5442,huggyllama/llama-7b,dummy-lora-7b-rank-128-3,652,50,680.1707397919306
5443,huggyllama/llama-7b,dummy-lora-7b-rank-128-1,234,45,680.2188608425046
5444,huggyllama/llama-7b,dummy-lora-7b-rank-128-4,148,46,680.2884708081119
5445,huggyllama/llama-7b,dummy-lora-7b-rank-64-1,682,15,680.4215013916369
5446,huggyllama/llama-7b,dummy-lora-7b-rank-32-3,381,204,680.4628244774142
5447,huggyllama/llama-7b,dummy-lora-7b-rank-128-2,577,17,680.5840159453369
5448,huggyllama/llama-7b,dummy-lora-7b-rank-8-3,607,11,680.6520495714209
5449,huggyllama/llama-7b,dummy-lora-7b-rank-8-4,707,90,680.9581786505026
5450,huggyllama/llama-7b,dummy-lora-7b-rank-64-1,772,59,680.9801441226595
5451,huggyllama/llama-7b,dummy-lora-7b-rank-32-1,276,149,681.0687472014195
5452,huggyllama/llama-7b,dummy-lora-7b-rank-8-0,267,37,681.1270355637693
5453,huggyllama/llama-7b,dummy-lora-7b-rank-32-1,812,7,681.5213366325648
5454,huggyllama/llama-7b,dummy-lora-7b-rank-8-3,1013,223,681.5782609680509
5455,huggyllama/llama-7b,dummy-lora-7b-rank-64-1,617,11,681.6654120177847
5456,huggyllama/llama-7b,dummy-lora-7b-rank-128-0,552,19,681.7591288045846
5457,huggyllama/llama-7b,dummy-lora-7b-rank-32-3,150,109,681.7660503681268
5458,huggyllama/llama-7b,dummy-lora-7b-rank-8-2,745,41,681.7752334678852
5459,huggyllama/llama-7b,dummy-lora-7b-rank-8-2,348,41,681.8817070923725
5460,huggyllama/llama-7b,dummy-lora-7b-rank-128-2,591,20,681.8872844539883
5461,huggyllama/llama-7b,dummy-lora-7b-rank-64-2,174,29,681.9481582664085
5462,huggyllama/llama-7b,dummy-lora-7b-rank-128-2,361,88,682.2470161652262
5463,huggyllama/llama-7b,dummy-lora-7b-rank-32-0,265,3,682.4132194722463
5464,huggyllama/llama-7b,dummy-lora-7b-rank-32-1,529,51,682.6734528566209
5465,huggyllama/llama-7b,dummy-lora-7b-rank-64-0,676,46,682.7096354594722
5466,huggyllama/llama-7b,dummy-lora-7b-rank-32-2,326,38,682.7113309121933
5467,huggyllama/llama-7b,dummy-lora-7b-rank-8-1,548,18,683.0455850573973
5468,huggyllama/llama-7b,dummy-lora-7b-rank-16-1,338,30,683.3223351470173
5469,huggyllama/llama-7b,dummy-lora-7b-rank-64-3,556,23,683.429715830973
5470,huggyllama/llama-7b,dummy-lora-7b-rank-32-4,542,14,683.6785793023265
5471,huggyllama/llama-7b,dummy-lora-7b-rank-32-4,97,57,683.7459125869127
5472,huggyllama/llama-7b,dummy-lora-7b-rank-32-0,552,19,683.9830018889776
5473,huggyllama/llama-7b,dummy-lora-7b-rank-32-3,570,20,684.0063647676568
5474,huggyllama/llama-7b,dummy-lora-7b-rank-32-3,710,17,684.0644280386259
5475,huggyllama/llama-7b,dummy-lora-7b-rank-8-3,563,18,684.3869051542116
5476,huggyllama/llama-7b,dummy-lora-7b-rank-64-4,564,25,684.4924052787661
5477,huggyllama/llama-7b,dummy-lora-7b-rank-128-2,755,45,684.7812395795974
5478,huggyllama/llama-7b,dummy-lora-7b-rank-32-2,516,38,684.9092556948232
5479,huggyllama/llama-7b,dummy-lora-7b-rank-128-0,120,80,685.1998870556912
5480,huggyllama/llama-7b,dummy-lora-7b-rank-64-1,321,11,685.2539727308728
5481,huggyllama/llama-7b,dummy-lora-7b-rank-64-4,844,3,685.2877812019539
5482,huggyllama/llama-7b,dummy-lora-7b-rank-16-1,939,34,685.3071441408339
5483,huggyllama/llama-7b,dummy-lora-7b-rank-128-1,295,45,685.8963079632881
5484,huggyllama/llama-7b,dummy-lora-7b-rank-128-0,439,9,686.0359187460832
5485,huggyllama/llama-7b,dummy-lora-7b-rank-32-2,918,41,686.0770736065479
5486,huggyllama/llama-7b,dummy-lora-7b-rank-8-3,634,58,686.1614454433266
5487,huggyllama/llama-7b,dummy-lora-7b-rank-8-1,644,12,686.3251516634488
5488,huggyllama/llama-7b,dummy-lora-7b-rank-8-1,250,3,686.3915154162543
5489,huggyllama/llama-7b,dummy-lora-7b-rank-128-3,145,45,686.3920335413942
5490,huggyllama/llama-7b,dummy-lora-7b-rank-128-1,542,13,686.4681136755781
5491,huggyllama/llama-7b,dummy-lora-7b-rank-16-1,290,168,686.6105260394784
5492,huggyllama/llama-7b,dummy-lora-7b-rank-8-0,457,39,686.8954543653605
5493,huggyllama/llama-7b,dummy-lora-7b-rank-128-4,552,11,687.2218616589452
5494,huggyllama/llama-7b,dummy-lora-7b-rank-16-4,483,8,687.5449137799046
5495,huggyllama/llama-7b,dummy-lora-7b-rank-64-2,189,45,688.003830707027
5496,huggyllama/llama-7b,dummy-lora-7b-rank-64-4,611,23,688.1472969418917
5497,huggyllama/llama-7b,dummy-lora-7b-rank-32-2,314,37,688.1993742854628
5498,huggyllama/llama-7b,dummy-lora-7b-rank-128-1,190,39,688.4886685191344
5499,huggyllama/llama-7b,dummy-lora-7b-rank-8-1,564,27,688.6820815481323
5500,huggyllama/llama-7b,dummy-lora-7b-rank-64-2,554,22,688.9553966512793
5501,huggyllama/llama-7b,dummy-lora-7b-rank-64-2,903,86,689.1171093879931
5502,huggyllama/llama-7b,dummy-lora-7b-rank-32-2,262,45,689.1513439228572
5503,huggyllama/llama-7b,dummy-lora-7b-rank-16-0,386,54,689.1875449124833
5504,huggyllama/llama-7b,dummy-lora-7b-rank-32-2,554,20,689.65699434006
5505,huggyllama/llama-7b,dummy-lora-7b-rank-64-0,432,25,689.6720420436947
5506,huggyllama/llama-7b,dummy-lora-7b-rank-32-1,363,52,690.1421895999274
5507,huggyllama/llama-7b,dummy-lora-7b-rank-16-1,309,7,690.4956256123648
5508,huggyllama/llama-7b,dummy-lora-7b-rank-8-1,332,6,690.5209988656409
5509,huggyllama/llama-7b,dummy-lora-7b-rank-32-3,499,61,690.6137134297362
5510,huggyllama/llama-7b,dummy-lora-7b-rank-8-0,192,47,690.7723744125652
5511,huggyllama/llama-7b,dummy-lora-7b-rank-8-2,149,117,690.7856112275838
5512,huggyllama/llama-7b,dummy-lora-7b-rank-16-0,552,82,690.7944114645792
5513,huggyllama/llama-7b,dummy-lora-7b-rank-16-0,316,48,690.9275193018564
5514,huggyllama/llama-7b,dummy-lora-7b-rank-8-0,570,30,691.4635719790217
5515,huggyllama/llama-7b,dummy-lora-7b-rank-128-0,734,109,691.8710051295234
5516,huggyllama/llama-7b,dummy-lora-7b-rank-64-2,552,19,691.8959291981275
5517,huggyllama/llama-7b,dummy-lora-7b-rank-32-3,492,11,692.1730437551684
5518,huggyllama/llama-7b,dummy-lora-7b-rank-128-4,548,17,692.1963463953468
5519,huggyllama/llama-7b,dummy-lora-7b-rank-64-4,615,23,692.3454299846743
5520,huggyllama/llama-7b,dummy-lora-7b-rank-32-2,594,11,692.5071495963979
5521,huggyllama/llama-7b,dummy-lora-7b-rank-8-0,790,93,692.5377644424793
5522,huggyllama/llama-7b,dummy-lora-7b-rank-16-2,567,98,692.7725668224728
5523,huggyllama/llama-7b,dummy-lora-7b-rank-8-3,143,69,693.0809482575604
5524,huggyllama/llama-7b,dummy-lora-7b-rank-32-1,548,17,693.7182734682452
5525,huggyllama/llama-7b,dummy-lora-7b-rank-32-2,687,100,693.8250380505608
5526,huggyllama/llama-7b,dummy-lora-7b-rank-128-3,56,3,693.8699995043729
5527,huggyllama/llama-7b,dummy-lora-7b-rank-64-4,90,78,694.0575180325667
5528,huggyllama/llama-7b,dummy-lora-7b-rank-128-2,552,19,694.0614364684336
5529,huggyllama/llama-7b,dummy-lora-7b-rank-32-3,570,29,694.1128772206545
5530,huggyllama/llama-7b,dummy-lora-7b-rank-16-2,631,22,694.12661222432
5531,huggyllama/llama-7b,dummy-lora-7b-rank-128-2,295,67,694.2063248274222
5532,huggyllama/llama-7b,dummy-lora-7b-rank-8-0,602,14,694.2699971204474
5533,huggyllama/llama-7b,dummy-lora-7b-rank-32-0,640,9,694.5379968077347
5534,huggyllama/llama-7b,dummy-lora-7b-rank-64-1,112,56,694.5438274594899
5535,huggyllama/llama-7b,dummy-lora-7b-rank-8-0,830,11,694.6010346688405
5536,huggyllama/llama-7b,dummy-lora-7b-rank-32-4,369,65,694.7431515009932
5537,huggyllama/llama-7b,dummy-lora-7b-rank-8-0,200,49,695.1603551949036
5538,huggyllama/llama-7b,dummy-lora-7b-rank-16-1,181,80,695.2006772539686
5539,huggyllama/llama-7b,dummy-lora-7b-rank-32-4,210,52,695.2214372538995
5540,huggyllama/llama-7b,dummy-lora-7b-rank-8-2,384,9,695.2216346012514
5541,huggyllama/llama-7b,dummy-lora-7b-rank-64-3,436,52,695.2903934289227
5542,huggyllama/llama-7b,dummy-lora-7b-rank-32-1,544,66,695.4293313998619
5543,huggyllama/llama-7b,dummy-lora-7b-rank-128-4,688,6,695.756949353656
5544,huggyllama/llama-7b,dummy-lora-7b-rank-32-4,605,19,696.0370084950899
5545,huggyllama/llama-7b,dummy-lora-7b-rank-8-1,153,40,696.1047678554136
5546,huggyllama/llama-7b,dummy-lora-7b-rank-32-2,345,10,696.1861057253396
5547,huggyllama/llama-7b,dummy-lora-7b-rank-128-1,499,9,696.2873163298457
5548,huggyllama/llama-7b,dummy-lora-7b-rank-32-2,560,25,696.5466984224366
5549,huggyllama/llama-7b,dummy-lora-7b-rank-8-2,323,40,696.6143514339857
5550,huggyllama/llama-7b,dummy-lora-7b-rank-16-1,636,32,696.6381017886858
5551,huggyllama/llama-7b,dummy-lora-7b-rank-64-2,323,49,696.6816618232863
5552,huggyllama/llama-7b,dummy-lora-7b-rank-64-0,544,15,696.9922467709102
5553,huggyllama/llama-7b,dummy-lora-7b-rank-32-0,835,3,697.0302268319181
5554,huggyllama/llama-7b,dummy-lora-7b-rank-128-2,854,20,697.2819401215202
5555,huggyllama/llama-7b,dummy-lora-7b-rank-128-2,566,27,697.4934323651194
5556,huggyllama/llama-7b,dummy-lora-7b-rank-32-2,554,17,697.6087437896479
5557,huggyllama/llama-7b,dummy-lora-7b-rank-128-0,266,44,697.6653064150698
5558,huggyllama/llama-7b,dummy-lora-7b-rank-16-2,291,10,697.7104694594888
5559,huggyllama/llama-7b,dummy-lora-7b-rank-128-0,564,25,698.0640537769142
5560,huggyllama/llama-7b,dummy-lora-7b-rank-32-3,310,44,698.1164395871943
5561,huggyllama/llama-7b,dummy-lora-7b-rank-128-3,437,7,698.1817311193374
5562,huggyllama/llama-7b,dummy-lora-7b-rank-8-4,553,64,698.2671723444379
5563,huggyllama/llama-7b,dummy-lora-7b-rank-8-1,539,9,698.3031450659657
5564,huggyllama/llama-7b,dummy-lora-7b-rank-8-2,232,13,698.4285789657545
5565,huggyllama/llama-7b,dummy-lora-7b-rank-128-3,354,6,698.5590727626918
5566,huggyllama/llama-7b,dummy-lora-7b-rank-16-0,912,55,698.9991023789952
5567,huggyllama/llama-7b,dummy-lora-7b-rank-32-3,439,12,699.1556274644996
5568,huggyllama/llama-7b,dummy-lora-7b-rank-128-3,175,137,699.3558461194297
5569,huggyllama/llama-7b,dummy-lora-7b-rank-64-2,498,66,699.5953351569252
5570,huggyllama/llama-7b,dummy-lora-7b-rank-8-1,572,31,699.6293525554543
5571,huggyllama/llama-7b,dummy-lora-7b-rank-8-0,478,70,699.7589764351744
5572,huggyllama/llama-7b,dummy-lora-7b-rank-8-1,594,15,699.8470153773499
5573,huggyllama/llama-7b,dummy-lora-7b-rank-16-1,635,74,699.8504387008165
5574,huggyllama/llama-7b,dummy-lora-7b-rank-8-0,320,6,699.9885518866979
5575,huggyllama/llama-7b,dummy-lora-7b-rank-8-1,825,26,700.2062256538237
5576,huggyllama/llama-7b,dummy-lora-7b-rank-32-1,335,20,700.2635880717388
5577,huggyllama/llama-7b,dummy-lora-7b-rank-16-1,686,62,700.3097522418157
5578,huggyllama/llama-7b,dummy-lora-7b-rank-32-0,403,50,700.5183928490258
5579,huggyllama/llama-7b,dummy-lora-7b-rank-128-4,617,11,700.5450783977609
5580,huggyllama/llama-7b,dummy-lora-7b-rank-128-4,196,3,700.5930308637
5581,huggyllama/llama-7b,dummy-lora-7b-rank-16-0,572,29,700.6027106734929
5582,huggyllama/llama-7b,dummy-lora-7b-rank-16-0,521,9,700.6115714735955
5583,huggyllama/llama-7b,dummy-lora-7b-rank-64-0,179,85,700.7026980555843
5584,huggyllama/llama-7b,dummy-lora-7b-rank-8-2,340,42,700.8494514096553
5585,huggyllama/llama-7b,dummy-lora-7b-rank-128-1,600,78,700.8643660490881
5586,huggyllama/llama-7b,dummy-lora-7b-rank-64-3,554,10,701.2111867124777
5587,huggyllama/llama-7b,dummy-lora-7b-rank-32-1,713,26,701.5205281260583
5588,huggyllama/llama-7b,dummy-lora-7b-rank-128-1,803,104,701.8808776709637
5589,huggyllama/llama-7b,dummy-lora-7b-rank-64-4,558,14,702.0218676531342
5590,huggyllama/llama-7b,dummy-lora-7b-rank-128-1,570,29,702.2424070525612
5591,huggyllama/llama-7b,dummy-lora-7b-rank-64-3,415,206,702.3116004467556
5592,huggyllama/llama-7b,dummy-lora-7b-rank-64-1,352,13,702.351764886426
5593,huggyllama/llama-7b,dummy-lora-7b-rank-64-2,252,43,702.5882679341815
5594,huggyllama/llama-7b,dummy-lora-7b-rank-64-4,82,47,702.6628283780794
5595,huggyllama/llama-7b,dummy-lora-7b-rank-16-3,696,9,702.7364355445504
5596,huggyllama/llama-7b,dummy-lora-7b-rank-8-0,416,5,702.7407696887303
5597,huggyllama/llama-7b,dummy-lora-7b-rank-64-3,496,65,702.7619059218052
5598,huggyllama/llama-7b,dummy-lora-7b-rank-16-1,548,17,702.7722793714128
5599,huggyllama/llama-7b,dummy-lora-7b-rank-32-3,568,27,702.8495310923488
5600,huggyllama/llama-7b,dummy-lora-7b-rank-32-1,191,67,702.9164550030551
5601,huggyllama/llama-7b,dummy-lora-7b-rank-64-1,289,6,703.0796616966428
5602,huggyllama/llama-7b,dummy-lora-7b-rank-32-1,53,41,703.103383193932
5603,huggyllama/llama-7b,dummy-lora-7b-rank-32-1,546,16,703.1303099785462
5604,huggyllama/llama-7b,dummy-lora-7b-rank-64-1,420,52,703.2956175891987
5605,huggyllama/llama-7b,dummy-lora-7b-rank-32-4,392,73,703.4734598934149
5606,huggyllama/llama-7b,dummy-lora-7b-rank-64-1,253,49,703.7901798197374
5607,huggyllama/llama-7b,dummy-lora-7b-rank-128-2,251,5,703.864631736708
5608,huggyllama/llama-7b,dummy-lora-7b-rank-8-3,550,18,703.9421972034803
5609,huggyllama/llama-7b,dummy-lora-7b-rank-16-0,605,8,704.0664691271381
5610,huggyllama/llama-7b,dummy-lora-7b-rank-16-0,440,67,704.8263522504997
5611,huggyllama/llama-7b,dummy-lora-7b-rank-8-4,193,15,705.1030383308698
5612,huggyllama/llama-7b,dummy-lora-7b-rank-16-0,764,125,705.1849125339959
5613,huggyllama/llama-7b,dummy-lora-7b-rank-128-4,677,10,705.2534799126562
5614,huggyllama/llama-7b,dummy-lora-7b-rank-64-2,467,110,705.3609308219798
5615,huggyllama/llama-7b,dummy-lora-7b-rank-32-4,657,29,705.6993456243733
5616,huggyllama/llama-7b,dummy-lora-7b-rank-64-3,269,73,705.7828710148328
5617,huggyllama/llama-7b,dummy-lora-7b-rank-128-4,787,17,705.8360873191908
5618,huggyllama/llama-7b,dummy-lora-7b-rank-16-0,190,50,706.0070655015621
5619,huggyllama/llama-7b,dummy-lora-7b-rank-32-2,552,11,706.0650140474245
5620,huggyllama/llama-7b,dummy-lora-7b-rank-8-4,953,38,706.1062814166173
5621,huggyllama/llama-7b,dummy-lora-7b-rank-32-3,326,105,706.1603179803208
5622,huggyllama/llama-7b,dummy-lora-7b-rank-8-0,780,23,706.2328267063338
5623,huggyllama/llama-7b,dummy-lora-7b-rank-64-4,570,31,706.284685746037
5624,huggyllama/llama-7b,dummy-lora-7b-rank-32-2,340,130,706.2948388775907
5625,huggyllama/llama-7b,dummy-lora-7b-rank-64-1,407,48,706.5446154244279
5626,huggyllama/llama-7b,dummy-lora-7b-rank-32-0,558,22,706.5589384530913
5627,huggyllama/llama-7b,dummy-lora-7b-rank-32-2,269,112,706.652821645344
5628,huggyllama/llama-7b,dummy-lora-7b-rank-128-4,601,24,706.6542055289527
5629,huggyllama/llama-7b,dummy-lora-7b-rank-8-2,105,37,706.8737835144173
5630,huggyllama/llama-7b,dummy-lora-7b-rank-8-1,369,36,706.9977482063991
5631,huggyllama/llama-7b,dummy-lora-7b-rank-16-3,613,21,707.1952892907259
5632,huggyllama/llama-7b,dummy-lora-7b-rank-64-0,441,16,707.3827931671544
5633,huggyllama/llama-7b,dummy-lora-7b-rank-8-1,572,29,707.423085311692
5634,huggyllama/llama-7b,dummy-lora-7b-rank-16-1,558,22,707.5865564135707
5635,huggyllama/llama-7b,dummy-lora-7b-rank-128-0,359,42,707.6819255328144
5636,huggyllama/llama-7b,dummy-lora-7b-rank-32-4,603,18,708.0206893728999
5637,huggyllama/llama-7b,dummy-lora-7b-rank-128-2,558,18,708.093989125649
5638,huggyllama/llama-7b,dummy-lora-7b-rank-32-3,472,44,708.1435110345201
5639,huggyllama/llama-7b,dummy-lora-7b-rank-32-4,296,34,708.2709111754876
5640,huggyllama/llama-7b,dummy-lora-7b-rank-64-3,550,18,708.3985213263892
5641,huggyllama/llama-7b,dummy-lora-7b-rank-128-0,562,19,708.5933249458645
5642,huggyllama/llama-7b,dummy-lora-7b-rank-64-4,609,2,708.6560239314534
5643,huggyllama/llama-7b,dummy-lora-7b-rank-64-1,390,97,708.770735286454
5644,huggyllama/llama-7b,dummy-lora-7b-rank-16-0,552,22,708.8990508585166
5645,huggyllama/llama-7b,dummy-lora-7b-rank-128-4,560,15,708.9537878451661
5646,huggyllama/llama-7b,dummy-lora-7b-rank-8-0,570,30,709.0754634720026
5647,huggyllama/llama-7b,dummy-lora-7b-rank-128-4,556,21,709.0798285579725
5648,huggyllama/llama-7b,dummy-lora-7b-rank-16-3,552,19,709.1090972161942
5649,huggyllama/llama-7b,dummy-lora-7b-rank-8-1,552,19,709.1454288341927
5650,huggyllama/llama-7b,dummy-lora-7b-rank-64-3,554,12,709.1595696250452
5651,huggyllama/llama-7b,dummy-lora-7b-rank-128-2,177,29,709.4069155335923
5652,huggyllama/llama-7b,dummy-lora-7b-rank-16-3,431,48,709.4162182651773
5653,huggyllama/llama-7b,dummy-lora-7b-rank-128-0,574,33,709.4390337565115
5654,huggyllama/llama-7b,dummy-lora-7b-rank-128-1,310,37,709.53625932269
5655,huggyllama/llama-7b,dummy-lora-7b-rank-32-1,1017,9,709.6016915888391
5656,huggyllama/llama-7b,dummy-lora-7b-rank-8-4,235,182,709.6049693966374
5657,huggyllama/llama-7b,dummy-lora-7b-rank-128-2,566,28,709.7085961708168
5658,huggyllama/llama-7b,dummy-lora-7b-rank-32-1,362,150,709.7586163822514
5659,huggyllama/llama-7b,dummy-lora-7b-rank-128-2,560,25,710.0302095906432
5660,huggyllama/llama-7b,dummy-lora-7b-rank-64-2,668,10,710.1389028377488
5661,huggyllama/llama-7b,dummy-lora-7b-rank-128-4,276,156,710.1778330411307
5662,huggyllama/llama-7b,dummy-lora-7b-rank-64-4,599,13,710.5004115740837
5663,huggyllama/llama-7b,dummy-lora-7b-rank-128-4,670,7,710.5306750567958
5664,huggyllama/llama-7b,dummy-lora-7b-rank-64-4,438,45,710.5846292094044
5665,huggyllama/llama-7b,dummy-lora-7b-rank-16-4,633,41,710.5869922545177
5666,huggyllama/llama-7b,dummy-lora-7b-rank-32-2,647,72,710.6901343999288
5667,huggyllama/llama-7b,dummy-lora-7b-rank-8-4,218,130,710.8915023918046
5668,huggyllama/llama-7b,dummy-lora-7b-rank-128-0,553,6,711.1161574156224
5669,huggyllama/llama-7b,dummy-lora-7b-rank-8-1,459,53,711.1816627624532
5670,huggyllama/llama-7b,dummy-lora-7b-rank-64-1,377,50,711.223414282182
5671,huggyllama/llama-7b,dummy-lora-7b-rank-32-2,583,32,711.2242880840162
5672,huggyllama/llama-7b,dummy-lora-7b-rank-8-4,564,21,711.27685554837
5673,huggyllama/llama-7b,dummy-lora-7b-rank-128-2,410,49,711.4005264870191
5674,huggyllama/llama-7b,dummy-lora-7b-rank-32-2,910,139,711.5150344002326
5675,huggyllama/llama-7b,dummy-lora-7b-rank-8-0,562,24,711.5370736632354
5676,huggyllama/llama-7b,dummy-lora-7b-rank-8-4,955,20,711.6851423980331
5677,huggyllama/llama-7b,dummy-lora-7b-rank-32-1,246,48,711.8233104209232
5678,huggyllama/llama-7b,dummy-lora-7b-rank-64-4,54,36,711.8344889565517
5679,huggyllama/llama-7b,dummy-lora-7b-rank-64-0,111,41,711.9156880715686
5680,huggyllama/llama-7b,dummy-lora-7b-rank-8-0,372,20,712.127103213759
5681,huggyllama/llama-7b,dummy-lora-7b-rank-8-1,603,18,712.1907898173739
5682,huggyllama/llama-7b,dummy-lora-7b-rank-64-0,554,20,712.4220236202425
5683,huggyllama/llama-7b,dummy-lora-7b-rank-8-1,699,33,712.4640512530091
5684,huggyllama/llama-7b,dummy-lora-7b-rank-128-0,842,50,712.5094339927377
5685,huggyllama/llama-7b,dummy-lora-7b-rank-16-3,556,11,712.6237249163464
5686,huggyllama/llama-7b,dummy-lora-7b-rank-8-1,246,41,712.9292802360542
5687,huggyllama/llama-7b,dummy-lora-7b-rank-16-4,588,12,713.279970310537
5688,huggyllama/llama-7b,dummy-lora-7b-rank-64-0,558,98,713.7442861419507
5689,huggyllama/llama-7b,dummy-lora-7b-rank-128-2,552,19,713.8751656515259
5690,huggyllama/llama-7b,dummy-lora-7b-rank-128-1,558,25,713.9260226423809
5691,huggyllama/llama-7b,dummy-lora-7b-rank-32-3,606,29,714.0388849021467
5692,huggyllama/llama-7b,dummy-lora-7b-rank-128-4,831,31,714.1097155422526
5693,huggyllama/llama-7b,dummy-lora-7b-rank-128-3,172,44,714.2709525094385
5694,huggyllama/llama-7b,dummy-lora-7b-rank-32-4,596,42,714.2787464357464
5695,huggyllama/llama-7b,dummy-lora-7b-rank-32-1,602,27,714.2801293195304
5696,huggyllama/llama-7b,dummy-lora-7b-rank-16-4,611,18,714.3227033694249
5697,huggyllama/llama-7b,dummy-lora-7b-rank-64-1,360,53,714.5387862608512
5698,huggyllama/llama-7b,dummy-lora-7b-rank-128-3,689,51,714.6023816829704
5699,huggyllama/llama-7b,dummy-lora-7b-rank-128-4,562,19,714.6561159620638
5700,huggyllama/llama-7b,dummy-lora-7b-rank-64-4,469,62,714.8162219334639
5701,huggyllama/llama-7b,dummy-lora-7b-rank-16-2,576,34,714.9272762323398
5702,huggyllama/llama-7b,dummy-lora-7b-rank-32-0,185,50,714.9568675828135
5703,huggyllama/llama-7b,dummy-lora-7b-rank-16-1,569,25,715.048343637938
5704,huggyllama/llama-7b,dummy-lora-7b-rank-8-4,473,73,715.0736592990469
5705,huggyllama/llama-7b,dummy-lora-7b-rank-128-1,60,104,715.1064259928228
5706,huggyllama/llama-7b,dummy-lora-7b-rank-16-3,633,10,715.1159340161723
5707,huggyllama/llama-7b,dummy-lora-7b-rank-32-3,151,50,715.2769642632419
5708,huggyllama/llama-7b,dummy-lora-7b-rank-8-3,194,63,715.3888985753209
5709,huggyllama/llama-7b,dummy-lora-7b-rank-8-4,596,27,715.3945448253895
5710,huggyllama/llama-7b,dummy-lora-7b-rank-64-2,503,54,715.6069304407084
5711,huggyllama/llama-7b,dummy-lora-7b-rank-8-0,227,36,715.6395505176379
5712,huggyllama/llama-7b,dummy-lora-7b-rank-16-3,564,25,715.6461396362739
5713,huggyllama/llama-7b,dummy-lora-7b-rank-32-4,644,102,715.6908645745204
5714,huggyllama/llama-7b,dummy-lora-7b-rank-32-3,556,13,715.8489652062741
5715,huggyllama/llama-7b,dummy-lora-7b-rank-32-2,552,11,716.0662120567988
5716,huggyllama/llama-7b,dummy-lora-7b-rank-32-0,173,51,716.2238065982625
5717,huggyllama/llama-7b,dummy-lora-7b-rank-128-2,733,218,716.3609620978958
5718,huggyllama/llama-7b,dummy-lora-7b-rank-8-2,373,95,716.4581911048951
5719,huggyllama/llama-7b,dummy-lora-7b-rank-64-0,792,67,716.5043279797092
5720,huggyllama/llama-7b,dummy-lora-7b-rank-128-3,544,15,716.65609308762
5721,huggyllama/llama-7b,dummy-lora-7b-rank-8-1,232,39,716.8600220037391
5722,huggyllama/llama-7b,dummy-lora-7b-rank-32-3,635,33,716.8879399060639
5723,huggyllama/llama-7b,dummy-lora-7b-rank-64-0,566,28,716.9649326119743
5724,huggyllama/llama-7b,dummy-lora-7b-rank-128-3,550,19,716.9801229035664
5725,huggyllama/llama-7b,dummy-lora-7b-rank-8-4,554,18,717.0005219153397
5726,huggyllama/llama-7b,dummy-lora-7b-rank-128-3,758,11,717.3955151618713
5727,huggyllama/llama-7b,dummy-lora-7b-rank-16-0,390,49,717.5375748595882
5728,huggyllama/llama-7b,dummy-lora-7b-rank-32-0,275,5,717.6467987068437
5729,huggyllama/llama-7b,dummy-lora-7b-rank-128-0,328,44,717.6594147302154
5730,huggyllama/llama-7b,dummy-lora-7b-rank-16-4,988,40,717.6697735439136
5731,huggyllama/llama-7b,dummy-lora-7b-rank-8-1,411,57,717.6932325561834
5732,huggyllama/llama-7b,dummy-lora-7b-rank-128-2,322,7,717.7344111796584
5733,huggyllama/llama-7b,dummy-lora-7b-rank-32-4,558,20,717.8045275097421
5734,huggyllama/llama-7b,dummy-lora-7b-rank-64-2,578,33,717.8518223341179
5735,huggyllama/llama-7b,dummy-lora-7b-rank-64-0,477,51,717.9357648235296
5736,huggyllama/llama-7b,dummy-lora-7b-rank-64-1,467,54,718.1291198579572
5737,huggyllama/llama-7b,dummy-lora-7b-rank-16-3,554,22,718.2855706934361
5738,huggyllama/llama-7b,dummy-lora-7b-rank-64-2,557,54,718.4424178636001
5739,huggyllama/llama-7b,dummy-lora-7b-rank-8-3,588,9,718.6704823566366
5740,huggyllama/llama-7b,dummy-lora-7b-rank-64-1,896,6,718.7598248465566
5741,huggyllama/llama-7b,dummy-lora-7b-rank-64-3,502,28,719.0577005293885
5742,huggyllama/llama-7b,dummy-lora-7b-rank-16-3,227,50,719.0803670433822
5743,huggyllama/llama-7b,dummy-lora-7b-rank-64-1,562,28,719.0849083120941
5744,huggyllama/llama-7b,dummy-lora-7b-rank-64-4,811,56,719.1508945550477
5745,huggyllama/llama-7b,dummy-lora-7b-rank-8-2,597,14,719.2948954299719
5746,huggyllama/llama-7b,dummy-lora-7b-rank-128-1,615,11,719.711871609956
5747,huggyllama/llama-7b,dummy-lora-7b-rank-8-0,604,29,719.8069316175399
5748,huggyllama/llama-7b,dummy-lora-7b-rank-64-4,536,11,719.8120906527718
5749,huggyllama/llama-7b,dummy-lora-7b-rank-16-0,554,20,719.9450605557142
5750,huggyllama/llama-7b,dummy-lora-7b-rank-16-0,584,37,720.6302402861351
5751,huggyllama/llama-7b,dummy-lora-7b-rank-64-3,890,190,720.8932463911675
5752,huggyllama/llama-7b,dummy-lora-7b-rank-16-4,412,87,721.0457275043037
5753,huggyllama/llama-7b,dummy-lora-7b-rank-8-1,569,18,721.4059570266085
5754,huggyllama/llama-7b,dummy-lora-7b-rank-16-3,566,29,721.6527517516053
5755,huggyllama/llama-7b,dummy-lora-7b-rank-64-1,787,113,721.6766366007467
5756,huggyllama/llama-7b,dummy-lora-7b-rank-32-3,116,56,721.8581706375217
5757,huggyllama/llama-7b,dummy-lora-7b-rank-64-4,553,37,722.0553915250355
5758,huggyllama/llama-7b,dummy-lora-7b-rank-128-4,237,49,722.2089904040869
5759,huggyllama/llama-7b,dummy-lora-7b-rank-8-1,484,39,722.4203411330536
5760,huggyllama/llama-7b,dummy-lora-7b-rank-128-0,300,52,722.4242455544627
5761,huggyllama/llama-7b,dummy-lora-7b-rank-64-3,558,19,722.4319284198123
5762,huggyllama/llama-7b,dummy-lora-7b-rank-32-2,568,29,722.5804442599131
5763,huggyllama/llama-7b,dummy-lora-7b-rank-32-1,353,11,722.785419406474
5764,huggyllama/llama-7b,dummy-lora-7b-rank-32-0,560,25,723.121551082183
5765,huggyllama/llama-7b,dummy-lora-7b-rank-128-1,739,32,723.1626952810227
5766,huggyllama/llama-7b,dummy-lora-7b-rank-64-1,459,57,723.3273552122004
5767,huggyllama/llama-7b,dummy-lora-7b-rank-16-4,605,6,723.3612444548197
5768,huggyllama/llama-7b,dummy-lora-7b-rank-128-1,556,10,723.4032951731824
5769,huggyllama/llama-7b,dummy-lora-7b-rank-64-3,418,55,723.7414782291676
5770,huggyllama/llama-7b,dummy-lora-7b-rank-8-3,550,20,723.7622454628637
5771,huggyllama/llama-7b,dummy-lora-7b-rank-8-2,317,157,723.8696351295122
5772,huggyllama/llama-7b,dummy-lora-7b-rank-32-0,278,43,723.9152821237682
5773,huggyllama/llama-7b,dummy-lora-7b-rank-16-3,473,53,723.9204421440978
5774,huggyllama/llama-7b,dummy-lora-7b-rank-128-1,556,21,724.0170895135234
5775,huggyllama/llama-7b,dummy-lora-7b-rank-64-2,495,64,724.1602388129263
5776,huggyllama/llama-7b,dummy-lora-7b-rank-64-1,142,102,724.4050076351823
5777,huggyllama/llama-7b,dummy-lora-7b-rank-16-2,560,23,724.4696891619585
5778,huggyllama/llama-7b,dummy-lora-7b-rank-8-2,536,38,724.6012802988488
5779,huggyllama/llama-7b,dummy-lora-7b-rank-8-1,455,45,724.7364204103011
5780,huggyllama/llama-7b,dummy-lora-7b-rank-64-3,261,44,724.8575127761159
5781,huggyllama/llama-7b,dummy-lora-7b-rank-16-4,556,21,724.8694828795851
5782,huggyllama/llama-7b,dummy-lora-7b-rank-16-1,558,23,724.9195668520515
5783,huggyllama/llama-7b,dummy-lora-7b-rank-128-3,552,19,724.9894465028707
5784,huggyllama/llama-7b,dummy-lora-7b-rank-8-3,385,48,725.0990265686758
5785,huggyllama/llama-7b,dummy-lora-7b-rank-64-3,964,8,725.1027245014448
5786,huggyllama/llama-7b,dummy-lora-7b-rank-16-0,422,27,725.1444753093537
5787,huggyllama/llama-7b,dummy-lora-7b-rank-8-3,649,8,725.2033064993515
5788,huggyllama/llama-7b,dummy-lora-7b-rank-64-4,575,75,725.3318602449468
5789,huggyllama/llama-7b,dummy-lora-7b-rank-64-4,553,48,725.3420106686906
5790,huggyllama/llama-7b,dummy-lora-7b-rank-32-2,572,32,725.3752968837686
5791,huggyllama/llama-7b,dummy-lora-7b-rank-32-1,59,97,725.8222387146958
5792,huggyllama/llama-7b,dummy-lora-7b-rank-32-1,314,48,725.9338659922446
5793,huggyllama/llama-7b,dummy-lora-7b-rank-8-3,578,87,725.949508896126
5794,huggyllama/llama-7b,dummy-lora-7b-rank-64-1,572,48,726.0522045692472
5795,huggyllama/llama-7b,dummy-lora-7b-rank-32-1,177,48,726.1644409899753
5796,huggyllama/llama-7b,dummy-lora-7b-rank-8-1,198,55,726.327585431535
5797,huggyllama/llama-7b,dummy-lora-7b-rank-64-2,101,40,726.4075344376289
5798,huggyllama/llama-7b,dummy-lora-7b-rank-32-0,614,4,726.5822540993638
5799,huggyllama/llama-7b,dummy-lora-7b-rank-8-4,328,6,726.6551084388165
5800,huggyllama/llama-7b,dummy-lora-7b-rank-32-4,544,15,726.9952900183013
5801,huggyllama/llama-7b,dummy-lora-7b-rank-64-2,216,119,727.1814081210877
5802,huggyllama/llama-7b,dummy-lora-7b-rank-8-4,576,23,727.2267253040154
5803,huggyllama/llama-7b,dummy-lora-7b-rank-32-0,1005,33,727.3175292251188
5804,huggyllama/llama-7b,dummy-lora-7b-rank-128-3,596,11,727.545798369603
5805,huggyllama/llama-7b,dummy-lora-7b-rank-16-0,737,46,727.5702371548563
5806,huggyllama/llama-7b,dummy-lora-7b-rank-8-0,633,8,727.8143780749098
5807,huggyllama/llama-7b,dummy-lora-7b-rank-16-1,560,23,728.1599484109609
5808,huggyllama/llama-7b,dummy-lora-7b-rank-8-3,568,56,728.2222043443567
5809,huggyllama/llama-7b,dummy-lora-7b-rank-32-3,284,48,728.4679157141686
5810,huggyllama/llama-7b,dummy-lora-7b-rank-64-0,169,48,728.5108897348659
5811,huggyllama/llama-7b,dummy-lora-7b-rank-32-1,118,37,728.7681002120909
5812,huggyllama/llama-7b,dummy-lora-7b-rank-128-1,717,37,728.8398165123499
5813,huggyllama/llama-7b,dummy-lora-7b-rank-128-3,487,10,728.8440684986468
5814,huggyllama/llama-7b,dummy-lora-7b-rank-128-2,570,8,728.9084661965289
5815,huggyllama/llama-7b,dummy-lora-7b-rank-64-2,552,19,729.3209414140657
5816,huggyllama/llama-7b,dummy-lora-7b-rank-32-4,615,26,729.3932957119524
5817,huggyllama/llama-7b,dummy-lora-7b-rank-64-1,299,127,729.5196959125091
5818,huggyllama/llama-7b,dummy-lora-7b-rank-16-2,550,10,729.5648934857894
5819,huggyllama/llama-7b,dummy-lora-7b-rank-128-3,311,6,729.6187343211005
5820,huggyllama/llama-7b,dummy-lora-7b-rank-32-4,564,26,729.6435197219485
5821,huggyllama/llama-7b,dummy-lora-7b-rank-8-1,584,58,729.8195882593388
5822,huggyllama/llama-7b,dummy-lora-7b-rank-128-4,544,15,729.9909325976464
5823,huggyllama/llama-7b,dummy-lora-7b-rank-64-4,350,46,730.1193570540987
5824,huggyllama/llama-7b,dummy-lora-7b-rank-128-0,339,127,730.3170805955582
5825,huggyllama/llama-7b,dummy-lora-7b-rank-32-2,300,45,730.3206776527492
5826,huggyllama/llama-7b,dummy-lora-7b-rank-128-1,127,133,730.4463328520351
5827,huggyllama/llama-7b,dummy-lora-7b-rank-64-2,398,8,730.765989367389
5828,huggyllama/llama-7b,dummy-lora-7b-rank-32-4,629,6,730.8711272310113
5829,huggyllama/llama-7b,dummy-lora-7b-rank-128-4,560,11,730.9294883969155
5830,huggyllama/llama-7b,dummy-lora-7b-rank-16-1,558,21,731.1498188577114
5831,huggyllama/llama-7b,dummy-lora-7b-rank-32-2,434,46,731.2338585564432
5832,huggyllama/llama-7b,dummy-lora-7b-rank-32-2,911,31,731.2397097852743
5833,huggyllama/llama-7b,dummy-lora-7b-rank-64-1,985,115,731.2636439121854
5834,huggyllama/llama-7b,dummy-lora-7b-rank-64-0,627,31,731.3325019112921
5835,huggyllama/llama-7b,dummy-lora-7b-rank-32-4,645,8,731.4080512686163
5836,huggyllama/llama-7b,dummy-lora-7b-rank-32-1,743,58,731.4343967593082
5837,huggyllama/llama-7b,dummy-lora-7b-rank-16-0,558,22,731.6414510750959
5838,huggyllama/llama-7b,dummy-lora-7b-rank-16-4,712,15,731.7478234797718
5839,huggyllama/llama-7b,dummy-lora-7b-rank-64-4,416,51,731.8345807625
5840,huggyllama/llama-7b,dummy-lora-7b-rank-8-0,601,54,731.8378609252627
5841,huggyllama/llama-7b,dummy-lora-7b-rank-32-1,398,58,731.9451698813125
5842,huggyllama/llama-7b,dummy-lora-7b-rank-8-2,558,19,732.0718374209156
5843,huggyllama/llama-7b,dummy-lora-7b-rank-32-3,437,57,732.1701311867248
5844,huggyllama/llama-7b,dummy-lora-7b-rank-32-4,486,64,732.3074890562314
5845,huggyllama/llama-7b,dummy-lora-7b-rank-64-3,408,5,732.4583187282166
5846,huggyllama/llama-7b,dummy-lora-7b-rank-128-3,391,5,732.6546955105217
5847,huggyllama/llama-7b,dummy-lora-7b-rank-32-0,583,20,732.7316833431252
5848,huggyllama/llama-7b,dummy-lora-7b-rank-128-0,570,27,732.7365658644001
5849,huggyllama/llama-7b,dummy-lora-7b-rank-8-4,397,58,732.7606392473078
5850,huggyllama/llama-7b,dummy-lora-7b-rank-64-3,591,19,732.8523234018899
5851,huggyllama/llama-7b,dummy-lora-7b-rank-128-4,294,78,732.8707654514645
5852,huggyllama/llama-7b,dummy-lora-7b-rank-64-4,342,14,732.8760214704637
5853,huggyllama/llama-7b,dummy-lora-7b-rank-8-0,442,48,732.8964674579831
5854,huggyllama/llama-7b,dummy-lora-7b-rank-64-4,245,93,732.9360581239163
5855,huggyllama/llama-7b,dummy-lora-7b-rank-8-0,232,9,732.9961693548581
5856,huggyllama/llama-7b,dummy-lora-7b-rank-128-3,776,78,733.0337442116705
5857,huggyllama/llama-7b,dummy-lora-7b-rank-32-2,588,48,733.102313291976
5858,huggyllama/llama-7b,dummy-lora-7b-rank-32-3,273,130,733.1487559429077
5859,huggyllama/llama-7b,dummy-lora-7b-rank-32-4,685,53,733.2932131524763
5860,huggyllama/llama-7b,dummy-lora-7b-rank-16-4,701,56,733.3625749394542
5861,huggyllama/llama-7b,dummy-lora-7b-rank-128-2,365,59,733.3789251671388
5862,huggyllama/llama-7b,dummy-lora-7b-rank-32-2,605,15,733.5256896979259
5863,huggyllama/llama-7b,dummy-lora-7b-rank-16-3,560,22,733.6333138975756
5864,huggyllama/llama-7b,dummy-lora-7b-rank-8-2,478,79,733.6540529513902
5865,huggyllama/llama-7b,dummy-lora-7b-rank-32-4,278,70,733.7138762557582
5866,huggyllama/llama-7b,dummy-lora-7b-rank-16-4,562,24,733.8519362529922
5867,huggyllama/llama-7b,dummy-lora-7b-rank-64-0,576,30,733.9031436654224
5868,huggyllama/llama-7b,dummy-lora-7b-rank-32-4,978,51,733.9601446586179
5869,huggyllama/llama-7b,dummy-lora-7b-rank-32-2,462,49,734.1542405298151
5870,huggyllama/llama-7b,dummy-lora-7b-rank-64-3,482,8,734.4471604640971
5871,huggyllama/llama-7b,dummy-lora-7b-rank-8-4,598,42,734.7192252179716
5872,huggyllama/llama-7b,dummy-lora-7b-rank-64-3,172,36,734.7919227831682
5873,huggyllama/llama-7b,dummy-lora-7b-rank-64-4,295,11,734.8999138478496
5874,huggyllama/llama-7b,dummy-lora-7b-rank-16-1,381,68,734.9035708221268
5875,huggyllama/llama-7b,dummy-lora-7b-rank-128-3,552,19,734.9236562767088
5876,huggyllama/llama-7b,dummy-lora-7b-rank-16-2,363,38,734.9611163314424
5877,huggyllama/llama-7b,dummy-lora-7b-rank-16-2,625,46,734.9665717919116
5878,huggyllama/llama-7b,dummy-lora-7b-rank-32-3,723,7,734.9699286731118
5879,huggyllama/llama-7b,dummy-lora-7b-rank-32-4,505,47,734.978529602638
5880,huggyllama/llama-7b,dummy-lora-7b-rank-128-3,538,8,735.1716073043573
5881,huggyllama/llama-7b,dummy-lora-7b-rank-8-1,229,54,735.2723634080014
5882,huggyllama/llama-7b,dummy-lora-7b-rank-32-3,501,8,735.4561530357719
5883,huggyllama/llama-7b,dummy-lora-7b-rank-16-1,577,49,735.499321306475
5884,huggyllama/llama-7b,dummy-lora-7b-rank-8-0,558,25,735.5832660786209
5885,huggyllama/llama-7b,dummy-lora-7b-rank-16-3,562,15,735.6421901656894
5886,huggyllama/llama-7b,dummy-lora-7b-rank-8-0,405,5,735.7695940199978
5887,huggyllama/llama-7b,dummy-lora-7b-rank-128-0,482,33,735.9885635214528
5888,huggyllama/llama-7b,dummy-lora-7b-rank-128-4,332,36,736.0671420058724
5889,huggyllama/llama-7b,dummy-lora-7b-rank-64-2,556,21,736.0799816332172
5890,huggyllama/llama-7b,dummy-lora-7b-rank-64-2,345,59,736.1612392186194
5891,huggyllama/llama-7b,dummy-lora-7b-rank-64-3,862,7,736.2484066515595
5892,huggyllama/llama-7b,dummy-lora-7b-rank-32-3,294,49,736.3319674960316
5893,huggyllama/llama-7b,dummy-lora-7b-rank-16-4,565,90,736.3498408217297
5894,huggyllama/llama-7b,dummy-lora-7b-rank-32-0,367,174,736.4509234706182
5895,huggyllama/llama-7b,dummy-lora-7b-rank-64-2,229,107,736.5450120569171
5896,huggyllama/llama-7b,dummy-lora-7b-rank-128-4,501,46,736.5620017075827
5897,huggyllama/llama-7b,dummy-lora-7b-rank-16-3,558,14,736.6160524040979
5898,huggyllama/llama-7b,dummy-lora-7b-rank-128-4,422,59,736.8350720926702
5899,huggyllama/llama-7b,dummy-lora-7b-rank-32-4,552,21,736.9681673394541
5900,huggyllama/llama-7b,dummy-lora-7b-rank-64-1,475,66,737.0362077745705
5901,huggyllama/llama-7b,dummy-lora-7b-rank-32-0,1019,34,737.2101515987414
5902,huggyllama/llama-7b,dummy-lora-7b-rank-128-0,439,93,737.2523725657625
5903,huggyllama/llama-7b,dummy-lora-7b-rank-16-3,574,18,737.4011232827175
5904,huggyllama/llama-7b,dummy-lora-7b-rank-16-3,609,8,737.407176822639
5905,huggyllama/llama-7b,dummy-lora-7b-rank-32-2,286,8,737.5578245921635
5906,huggyllama/llama-7b,dummy-lora-7b-rank-128-3,556,13,737.6107324277585
5907,huggyllama/llama-7b,dummy-lora-7b-rank-8-3,413,52,737.6733592884093
5908,huggyllama/llama-7b,dummy-lora-7b-rank-64-3,185,45,738.1111692958581
5909,huggyllama/llama-7b,dummy-lora-7b-rank-64-1,1022,7,738.3629931644122
5910,huggyllama/llama-7b,dummy-lora-7b-rank-128-1,568,30,738.5207009108221
5911,huggyllama/llama-7b,dummy-lora-7b-rank-8-0,335,44,738.7899637141581
5912,huggyllama/llama-7b,dummy-lora-7b-rank-8-4,208,196,738.8652040330285
5913,huggyllama/llama-7b,dummy-lora-7b-rank-64-0,560,25,738.9173782304782
5914,huggyllama/llama-7b,dummy-lora-7b-rank-128-2,537,38,739.0584092792171
5915,huggyllama/llama-7b,dummy-lora-7b-rank-8-4,562,26,739.080548999391
5916,huggyllama/llama-7b,dummy-lora-7b-rank-16-1,857,3,739.1927545059832
5917,huggyllama/llama-7b,dummy-lora-7b-rank-16-0,296,58,739.4596132781926
5918,huggyllama/llama-7b,dummy-lora-7b-rank-16-0,186,42,739.4905677329356
5919,huggyllama/llama-7b,dummy-lora-7b-rank-64-1,421,59,739.6068606386344
5920,huggyllama/llama-7b,dummy-lora-7b-rank-16-0,552,11,739.8017919416806
5921,huggyllama/llama-7b,dummy-lora-7b-rank-16-4,278,68,739.8151095783924
5922,huggyllama/llama-7b,dummy-lora-7b-rank-64-0,108,94,739.9540714809852
5923,huggyllama/llama-7b,dummy-lora-7b-rank-16-3,103,36,739.9668897275528
5924,huggyllama/llama-7b,dummy-lora-7b-rank-8-1,346,125,739.9764222680496
5925,huggyllama/llama-7b,dummy-lora-7b-rank-128-3,187,46,740.1823983158763
5926,huggyllama/llama-7b,dummy-lora-7b-rank-8-3,535,12,740.3704792042544
5927,huggyllama/llama-7b,dummy-lora-7b-rank-16-4,611,19,740.5193747163305
5928,huggyllama/llama-7b,dummy-lora-7b-rank-16-4,278,74,740.854420466828
5929,huggyllama/llama-7b,dummy-lora-7b-rank-64-0,202,45,741.0360355254776
5930,huggyllama/llama-7b,dummy-lora-7b-rank-32-1,457,49,741.1537469008466
5931,huggyllama/llama-7b,dummy-lora-7b-rank-16-1,193,54,741.3480920449425
5932,huggyllama/llama-7b,dummy-lora-7b-rank-64-0,451,29,741.3524864974678
5933,huggyllama/llama-7b,dummy-lora-7b-rank-16-1,667,8,741.3564360372486
5934,huggyllama/llama-7b,dummy-lora-7b-rank-16-4,617,10,741.4785578796497
5935,huggyllama/llama-7b,dummy-lora-7b-rank-128-0,363,51,741.4969411881846
5936,huggyllama/llama-7b,dummy-lora-7b-rank-128-2,912,137,741.6403906537148
5937,huggyllama/llama-7b,dummy-lora-7b-rank-16-1,751,8,741.7038781399867
5938,huggyllama/llama-7b,dummy-lora-7b-rank-16-2,566,29,741.792231422104
5939,huggyllama/llama-7b,dummy-lora-7b-rank-32-4,321,49,741.8399790388193
5940,huggyllama/llama-7b,dummy-lora-7b-rank-128-4,266,107,742.0580548718145
5941,huggyllama/llama-7b,dummy-lora-7b-rank-128-1,741,63,742.20028826621
5942,huggyllama/llama-7b,dummy-lora-7b-rank-32-4,564,21,742.2969115437419
5943,huggyllama/llama-7b,dummy-lora-7b-rank-8-0,550,18,742.3556858143938
5944,huggyllama/llama-7b,dummy-lora-7b-rank-8-1,153,115,742.3897857758121
5945,huggyllama/llama-7b,dummy-lora-7b-rank-128-0,557,44,742.6328970127511
5946,huggyllama/llama-7b,dummy-lora-7b-rank-16-2,224,133,742.744411102786
5947,huggyllama/llama-7b,dummy-lora-7b-rank-8-3,558,22,742.8025756168374
5948,huggyllama/llama-7b,dummy-lora-7b-rank-8-1,594,24,742.8299334228373
5949,huggyllama/llama-7b,dummy-lora-7b-rank-16-1,579,29,742.9019168722479
5950,huggyllama/llama-7b,dummy-lora-7b-rank-128-2,574,123,743.2288813063986
5951,huggyllama/llama-7b,dummy-lora-7b-rank-8-2,685,84,743.3505416034615
5952,huggyllama/llama-7b,dummy-lora-7b-rank-8-1,566,28,743.3961327392658
5953,huggyllama/llama-7b,dummy-lora-7b-rank-64-2,550,18,743.5190667110162
5954,huggyllama/llama-7b,dummy-lora-7b-rank-8-2,688,6,743.5754714637014
5955,huggyllama/llama-7b,dummy-lora-7b-rank-128-0,458,50,743.8062206265181
5956,huggyllama/llama-7b,dummy-lora-7b-rank-128-4,540,8,743.9682382615812
5957,huggyllama/llama-7b,dummy-lora-7b-rank-64-4,93,102,744.0169068560157
5958,huggyllama/llama-7b,dummy-lora-7b-rank-8-3,554,17,744.0858776368797
5959,huggyllama/llama-7b,dummy-lora-7b-rank-128-4,598,14,744.230172259664
5960,huggyllama/llama-7b,dummy-lora-7b-rank-16-0,578,35,744.4877080855086
5961,huggyllama/llama-7b,dummy-lora-7b-rank-64-4,430,115,744.7301649130033
5962,huggyllama/llama-7b,dummy-lora-7b-rank-128-1,630,10,744.7761055283966
5963,huggyllama/llama-7b,dummy-lora-7b-rank-128-1,601,8,744.7888473547545
5964,huggyllama/llama-7b,dummy-lora-7b-rank-128-1,359,53,744.9134017193638
5965,huggyllama/llama-7b,dummy-lora-7b-rank-128-0,209,3,744.9632839287523
5966,huggyllama/llama-7b,dummy-lora-7b-rank-128-1,600,22,745.0541529879764
5967,huggyllama/llama-7b,dummy-lora-7b-rank-64-4,313,46,745.4006383970631
5968,huggyllama/llama-7b,dummy-lora-7b-rank-16-4,871,69,745.5380538381597
5969,huggyllama/llama-7b,dummy-lora-7b-rank-8-0,550,2,745.596703193113
5970,huggyllama/llama-7b,dummy-lora-7b-rank-8-4,511,58,745.7986709156221
5971,huggyllama/llama-7b,dummy-lora-7b-rank-8-0,572,32,745.9277800025292
5972,huggyllama/llama-7b,dummy-lora-7b-rank-16-2,626,16,746.1594077671856
5973,huggyllama/llama-7b,dummy-lora-7b-rank-32-4,568,29,746.2600451197346
5974,huggyllama/llama-7b,dummy-lora-7b-rank-32-3,554,20,746.2609766897618
5975,huggyllama/llama-7b,dummy-lora-7b-rank-64-3,442,10,746.2795717593987
5976,huggyllama/llama-7b,dummy-lora-7b-rank-64-4,479,67,746.3077272595235
5977,huggyllama/llama-7b,dummy-lora-7b-rank-64-3,607,21,746.4017722794258
5978,huggyllama/llama-7b,dummy-lora-7b-rank-32-3,466,70,746.5211145944658
5979,huggyllama/llama-7b,dummy-lora-7b-rank-16-1,584,10,747.10489298765
5980,huggyllama/llama-7b,dummy-lora-7b-rank-32-1,566,21,747.1394187383903
5981,huggyllama/llama-7b,dummy-lora-7b-rank-8-3,630,4,747.2393177881603
5982,huggyllama/llama-7b,dummy-lora-7b-rank-32-3,479,65,747.3243214899736
5983,huggyllama/llama-7b,dummy-lora-7b-rank-8-0,279,193,747.4806558358399
5984,huggyllama/llama-7b,dummy-lora-7b-rank-32-1,564,28,747.7830747759258
5985,huggyllama/llama-7b,dummy-lora-7b-rank-32-2,599,48,747.9630988552179
5986,huggyllama/llama-7b,dummy-lora-7b-rank-32-3,253,156,748.0301973193164
5987,huggyllama/llama-7b,dummy-lora-7b-rank-8-2,676,34,748.1244515756049
5988,huggyllama/llama-7b,dummy-lora-7b-rank-8-0,354,33,748.2369022694091
5989,huggyllama/llama-7b,dummy-lora-7b-rank-128-0,301,12,748.565700719875
5990,huggyllama/llama-7b,dummy-lora-7b-rank-64-4,433,83,748.7011453783083
5991,huggyllama/llama-7b,dummy-lora-7b-rank-16-1,704,59,748.7741839786171
5992,huggyllama/llama-7b,dummy-lora-7b-rank-16-3,578,35,749.1065734124586
5993,huggyllama/llama-7b,dummy-lora-7b-rank-128-2,336,67,749.2650184758944
5994,huggyllama/llama-7b,dummy-lora-7b-rank-128-0,181,47,749.2771160618271
5995,huggyllama/llama-7b,dummy-lora-7b-rank-128-4,568,26,749.3372414167012
5996,huggyllama/llama-7b,dummy-lora-7b-rank-128-4,453,7,749.6328909686392
5997,huggyllama/llama-7b,dummy-lora-7b-rank-32-2,733,80,749.6780691497596
5998,huggyllama/llama-7b,dummy-lora-7b-rank-64-3,313,48,749.850904849777
5999,huggyllama/llama-7b,dummy-lora-7b-rank-128-3,241,75,750.0542327924185
6000,huggyllama/llama-7b,dummy-lora-7b-rank-32-1,621,27,750.103626531078
6001,huggyllama/llama-7b,dummy-lora-7b-rank-64-1,486,20,750.2319860565821
6002,huggyllama/llama-7b,dummy-lora-7b-rank-128-2,585,5,750.5287690972367
6003,huggyllama/llama-7b,dummy-lora-7b-rank-128-0,578,2,750.661029652564
6004,huggyllama/llama-7b,dummy-lora-7b-rank-8-3,334,5,750.8854369489975
6005,huggyllama/llama-7b,dummy-lora-7b-rank-64-1,293,52,750.9666504231847
6006,huggyllama/llama-7b,dummy-lora-7b-rank-8-1,367,53,751.0830117010152
6007,huggyllama/llama-7b,dummy-lora-7b-rank-8-0,366,46,751.0941610086562
6008,huggyllama/llama-7b,dummy-lora-7b-rank-32-4,554,18,751.1119069160179
6009,huggyllama/llama-7b,dummy-lora-7b-rank-16-4,228,88,751.1436990953438
6010,huggyllama/llama-7b,dummy-lora-7b-rank-64-3,618,57,751.2662573752503
6011,huggyllama/llama-7b,dummy-lora-7b-rank-8-4,432,36,751.3040724399777
6012,huggyllama/llama-7b,dummy-lora-7b-rank-8-1,304,50,751.3501984469107
6013,huggyllama/llama-7b,dummy-lora-7b-rank-8-2,405,45,751.4674516137972
6014,huggyllama/llama-7b,dummy-lora-7b-rank-16-3,580,35,751.5729594181787
6015,huggyllama/llama-7b,dummy-lora-7b-rank-128-3,337,53,751.5911446257354
6016,huggyllama/llama-7b,dummy-lora-7b-rank-16-2,735,3,751.600737509391
6017,huggyllama/llama-7b,dummy-lora-7b-rank-32-2,667,3,751.6854095245808
6018,huggyllama/llama-7b,dummy-lora-7b-rank-16-4,502,7,751.8126619925463
6019,huggyllama/llama-7b,dummy-lora-7b-rank-32-4,187,49,751.8266421272766
6020,huggyllama/llama-7b,dummy-lora-7b-rank-16-4,217,3,752.0354622126993
6021,huggyllama/llama-7b,dummy-lora-7b-rank-128-1,398,48,752.1214035467685
6022,huggyllama/llama-7b,dummy-lora-7b-rank-64-0,554,20,752.1325370406704
6023,huggyllama/llama-7b,dummy-lora-7b-rank-8-0,576,2,752.1761149418057
6024,huggyllama/llama-7b,dummy-lora-7b-rank-128-2,550,18,752.2236945211597
6025,huggyllama/llama-7b,dummy-lora-7b-rank-64-4,421,50,753.1214735008258
6026,huggyllama/llama-7b,dummy-lora-7b-rank-64-1,559,22,753.190645877303
6027,huggyllama/llama-7b,dummy-lora-7b-rank-64-1,446,110,753.2689330638764
6028,huggyllama/llama-7b,dummy-lora-7b-rank-128-3,621,11,753.3093129684249
6029,huggyllama/llama-7b,dummy-lora-7b-rank-16-2,611,18,753.5162299383791
6030,huggyllama/llama-7b,dummy-lora-7b-rank-128-2,151,68,753.5341089442137
6031,huggyllama/llama-7b,dummy-lora-7b-rank-64-3,99,31,753.5873446750429
6032,huggyllama/llama-7b,dummy-lora-7b-rank-16-0,379,8,753.7540174729519
6033,huggyllama/llama-7b,dummy-lora-7b-rank-8-3,341,51,753.8538573344837
6034,huggyllama/llama-7b,dummy-lora-7b-rank-16-3,185,126,753.8724271236233
6035,huggyllama/llama-7b,dummy-lora-7b-rank-8-2,564,23,754.3600581481813
6036,huggyllama/llama-7b,dummy-lora-7b-rank-128-4,692,5,754.7151217307045
6037,huggyllama/llama-7b,dummy-lora-7b-rank-16-3,756,96,754.722621732212
6038,huggyllama/llama-7b,dummy-lora-7b-rank-32-3,586,19,754.7605313984908
6039,huggyllama/llama-7b,dummy-lora-7b-rank-16-1,267,80,754.8934835192597
6040,huggyllama/llama-7b,dummy-lora-7b-rank-16-1,305,42,754.9759416262971
6041,huggyllama/llama-7b,dummy-lora-7b-rank-16-2,375,42,755.0084477197591
6042,huggyllama/llama-7b,dummy-lora-7b-rank-8-3,548,17,755.3208723983016
6043,huggyllama/llama-7b,dummy-lora-7b-rank-16-4,468,83,755.4235988440228
6044,huggyllama/llama-7b,dummy-lora-7b-rank-64-4,117,19,755.5017854679691
6045,huggyllama/llama-7b,dummy-lora-7b-rank-128-1,312,10,755.5258664430125
6046,huggyllama/llama-7b,dummy-lora-7b-rank-8-2,391,54,755.5975954349659
6047,huggyllama/llama-7b,dummy-lora-7b-rank-16-4,566,19,755.6248846686588
6048,huggyllama/llama-7b,dummy-lora-7b-rank-32-1,688,16,756.1085919402784
6049,huggyllama/llama-7b,dummy-lora-7b-rank-8-3,548,17,756.121074577384
6050,huggyllama/llama-7b,dummy-lora-7b-rank-8-3,619,27,756.476308856197
6051,huggyllama/llama-7b,dummy-lora-7b-rank-8-1,288,13,756.4872621429369
6052,huggyllama/llama-7b,dummy-lora-7b-rank-16-3,605,24,756.533595262098
6053,huggyllama/llama-7b,dummy-lora-7b-rank-128-0,345,12,756.5355756353961
6054,huggyllama/llama-7b,dummy-lora-7b-rank-8-3,451,3,756.5969265055268
6055,huggyllama/llama-7b,dummy-lora-7b-rank-32-4,271,92,756.6798302608038
6056,huggyllama/llama-7b,dummy-lora-7b-rank-32-2,484,50,756.7861101173513
6057,huggyllama/llama-7b,dummy-lora-7b-rank-16-0,606,18,756.8204137317699
6058,huggyllama/llama-7b,dummy-lora-7b-rank-16-3,651,5,756.8493484421161
6059,huggyllama/llama-7b,dummy-lora-7b-rank-16-3,723,15,757.0579629208905
6060,huggyllama/llama-7b,dummy-lora-7b-rank-32-3,557,21,757.1465077306786
6061,huggyllama/llama-7b,dummy-lora-7b-rank-32-2,266,41,757.2215717798056
6062,huggyllama/llama-7b,dummy-lora-7b-rank-128-1,556,23,757.6024338992494
6063,huggyllama/llama-7b,dummy-lora-7b-rank-128-3,605,20,757.9468136617455
6064,huggyllama/llama-7b,dummy-lora-7b-rank-16-2,376,43,758.2137105297628
6065,huggyllama/llama-7b,dummy-lora-7b-rank-32-2,548,52,758.2397718266184
6066,huggyllama/llama-7b,dummy-lora-7b-rank-8-3,387,9,758.3154844749799
6067,huggyllama/llama-7b,dummy-lora-7b-rank-128-2,602,25,758.4115628467196
6068,huggyllama/llama-7b,dummy-lora-7b-rank-128-4,464,104,758.6037835925474
6069,huggyllama/llama-7b,dummy-lora-7b-rank-16-0,558,22,758.652338335574
6070,huggyllama/llama-7b,dummy-lora-7b-rank-128-0,181,98,758.8234406199927
6071,huggyllama/llama-7b,dummy-lora-7b-rank-128-2,205,136,759.0142488008707
6072,huggyllama/llama-7b,dummy-lora-7b-rank-32-1,562,20,759.0294549245456
6073,huggyllama/llama-7b,dummy-lora-7b-rank-16-0,253,56,759.2127019599629
6074,huggyllama/llama-7b,dummy-lora-7b-rank-32-0,305,75,759.339117890654
6075,huggyllama/llama-7b,dummy-lora-7b-rank-128-3,644,29,759.4030304011565
6076,huggyllama/llama-7b,dummy-lora-7b-rank-64-4,548,11,759.4039324867533
6077,huggyllama/llama-7b,dummy-lora-7b-rank-32-1,93,47,759.6190854121473
6078,huggyllama/llama-7b,dummy-lora-7b-rank-64-4,6,20,759.7150592729722
6079,huggyllama/llama-7b,dummy-lora-7b-rank-16-4,596,27,759.8398506659474
6080,huggyllama/llama-7b,dummy-lora-7b-rank-128-3,329,46,760.0208734957919
6081,huggyllama/llama-7b,dummy-lora-7b-rank-8-0,684,60,760.0393351164956
6082,huggyllama/llama-7b,dummy-lora-7b-rank-128-1,558,24,760.142175121285
6083,huggyllama/llama-7b,dummy-lora-7b-rank-8-3,556,24,760.1553435709619
6084,huggyllama/llama-7b,dummy-lora-7b-rank-32-1,194,29,760.2061461450023
6085,huggyllama/llama-7b,dummy-lora-7b-rank-32-0,554,22,760.2188939682725
6086,huggyllama/llama-7b,dummy-lora-7b-rank-128-0,996,8,760.2319385664161
6087,huggyllama/llama-7b,dummy-lora-7b-rank-32-2,568,18,760.2786685717089
6088,huggyllama/llama-7b,dummy-lora-7b-rank-8-2,431,75,760.2814892335753
6089,huggyllama/llama-7b,dummy-lora-7b-rank-16-4,552,17,760.3196142207235
6090,huggyllama/llama-7b,dummy-lora-7b-rank-64-0,566,28,760.3411853260722
6091,huggyllama/llama-7b,dummy-lora-7b-rank-8-1,645,31,760.360730638152
6092,huggyllama/llama-7b,dummy-lora-7b-rank-128-0,214,70,760.5104136008002
6093,huggyllama/llama-7b,dummy-lora-7b-rank-16-0,473,140,760.5327264750747
6094,huggyllama/llama-7b,dummy-lora-7b-rank-16-1,222,83,760.5788714259951
6095,huggyllama/llama-7b,dummy-lora-7b-rank-8-1,122,49,760.5993859260088
6096,huggyllama/llama-7b,dummy-lora-7b-rank-128-0,550,18,760.7310059551364
6097,huggyllama/llama-7b,dummy-lora-7b-rank-32-0,419,58,760.7521931689598
6098,huggyllama/llama-7b,dummy-lora-7b-rank-16-4,607,17,760.9002916389687
6099,huggyllama/llama-7b,dummy-lora-7b-rank-128-4,449,67,761.146415583636
6100,huggyllama/llama-7b,dummy-lora-7b-rank-32-2,290,55,761.1727971959895
6101,huggyllama/llama-7b,dummy-lora-7b-rank-16-0,584,35,761.2737639014839
6102,huggyllama/llama-7b,dummy-lora-7b-rank-8-2,594,17,762.0361392120983
6103,huggyllama/llama-7b,dummy-lora-7b-rank-8-2,63,83,762.222289511318
6104,huggyllama/llama-7b,dummy-lora-7b-rank-8-0,312,11,762.2228987288127
6105,huggyllama/llama-7b,dummy-lora-7b-rank-8-4,201,3,762.74517051527
6106,huggyllama/llama-7b,dummy-lora-7b-rank-8-0,554,21,762.772203784347
6107,huggyllama/llama-7b,dummy-lora-7b-rank-128-2,189,102,762.8363512332447
6108,huggyllama/llama-7b,dummy-lora-7b-rank-32-1,242,8,763.0101905764343
6109,huggyllama/llama-7b,dummy-lora-7b-rank-16-1,556,21,763.0372500093628
6110,huggyllama/llama-7b,dummy-lora-7b-rank-32-2,612,3,763.0814322621478
6111,huggyllama/llama-7b,dummy-lora-7b-rank-8-2,149,45,763.1560196580845
6112,huggyllama/llama-7b,dummy-lora-7b-rank-64-4,407,23,763.1757564447296
6113,huggyllama/llama-7b,dummy-lora-7b-rank-16-4,281,206,763.2696210252661
6114,huggyllama/llama-7b,dummy-lora-7b-rank-32-1,289,47,763.5046282953816
6115,huggyllama/llama-7b,dummy-lora-7b-rank-128-4,410,89,763.7450518439811
6116,huggyllama/llama-7b,dummy-lora-7b-rank-64-0,374,39,763.9117980109789
6117,huggyllama/llama-7b,dummy-lora-7b-rank-64-3,914,86,764.0440329673569
6118,huggyllama/llama-7b,dummy-lora-7b-rank-8-1,355,49,764.0712664093813
6119,huggyllama/llama-7b,dummy-lora-7b-rank-64-2,230,46,764.1381696877341
6120,huggyllama/llama-7b,dummy-lora-7b-rank-32-3,509,31,764.3090611592255
6121,huggyllama/llama-7b,dummy-lora-7b-rank-64-1,560,11,764.3966782547177
6122,huggyllama/llama-7b,dummy-lora-7b-rank-16-2,617,26,764.4004314409998
6123,huggyllama/llama-7b,dummy-lora-7b-rank-128-3,222,45,764.584095811257
6124,huggyllama/llama-7b,dummy-lora-7b-rank-128-0,155,54,764.6879061566977
6125,huggyllama/llama-7b,dummy-lora-7b-rank-16-3,283,6,764.8546219919467
6126,huggyllama/llama-7b,dummy-lora-7b-rank-32-3,698,81,765.7028203901632
6127,huggyllama/llama-7b,dummy-lora-7b-rank-64-3,356,49,765.9343484891875
6128,huggyllama/llama-7b,dummy-lora-7b-rank-16-0,550,10,766.0213160163806
6129,huggyllama/llama-7b,dummy-lora-7b-rank-32-0,556,21,766.1161686968736
6130,huggyllama/llama-7b,dummy-lora-7b-rank-64-2,630,79,766.123435177963
6131,huggyllama/llama-7b,dummy-lora-7b-rank-32-4,88,102,766.293061099852
6132,huggyllama/llama-7b,dummy-lora-7b-rank-32-1,343,5,766.5126085114048
6133,huggyllama/llama-7b,dummy-lora-7b-rank-16-3,432,62,766.7187534159606
6134,huggyllama/llama-7b,dummy-lora-7b-rank-8-2,423,53,766.9639544622653
6135,huggyllama/llama-7b,dummy-lora-7b-rank-64-1,741,45,767.1056315452862
6136,huggyllama/llama-7b,dummy-lora-7b-rank-8-3,540,34,767.1886416656718
6137,huggyllama/llama-7b,dummy-lora-7b-rank-16-2,577,62,767.6684145574995
6138,huggyllama/llama-7b,dummy-lora-7b-rank-128-3,885,112,767.7569153214947
6139,huggyllama/llama-7b,dummy-lora-7b-rank-128-0,364,59,767.8000638349466
6140,huggyllama/llama-7b,dummy-lora-7b-rank-32-3,699,58,767.8751960196537
6141,huggyllama/llama-7b,dummy-lora-7b-rank-32-1,185,151,768.0108179112224
6142,huggyllama/llama-7b,dummy-lora-7b-rank-8-0,558,22,768.0422809455948
6143,huggyllama/llama-7b,dummy-lora-7b-rank-16-3,483,7,768.1651595332405
6144,huggyllama/llama-7b,dummy-lora-7b-rank-64-0,578,7,768.2533589284684
6145,huggyllama/llama-7b,dummy-lora-7b-rank-64-2,651,17,768.5218615693742
6146,huggyllama/llama-7b,dummy-lora-7b-rank-8-2,608,18,768.600222195815
6147,huggyllama/llama-7b,dummy-lora-7b-rank-64-4,168,49,768.7818822175743
6148,huggyllama/llama-7b,dummy-lora-7b-rank-64-3,175,3,768.9147071212108
6149,huggyllama/llama-7b,dummy-lora-7b-rank-16-0,407,10,768.9499001946249
6150,huggyllama/llama-7b,dummy-lora-7b-rank-32-2,621,9,768.9656243373491
6151,huggyllama/llama-7b,dummy-lora-7b-rank-8-3,206,49,768.9767728410964
6152,huggyllama/llama-7b,dummy-lora-7b-rank-32-0,556,21,769.1821351999719
6153,huggyllama/llama-7b,dummy-lora-7b-rank-16-3,290,45,769.4059291148709
6154,huggyllama/llama-7b,dummy-lora-7b-rank-64-3,562,22,769.6842766578754
6155,huggyllama/llama-7b,dummy-lora-7b-rank-16-2,236,49,769.708050728212
6156,huggyllama/llama-7b,dummy-lora-7b-rank-32-2,584,37,769.8461788730734
6157,huggyllama/llama-7b,dummy-lora-7b-rank-32-1,550,10,769.9244779844092
6158,huggyllama/llama-7b,dummy-lora-7b-rank-128-4,605,7,770.0135528344406
6159,huggyllama/llama-7b,dummy-lora-7b-rank-32-1,266,56,770.1137994846549
6160,huggyllama/llama-7b,dummy-lora-7b-rank-8-2,264,7,770.131572768874
6161,huggyllama/llama-7b,dummy-lora-7b-rank-64-4,295,51,770.2129212239324
6162,huggyllama/llama-7b,dummy-lora-7b-rank-8-2,413,52,770.3029786813901
6163,huggyllama/llama-7b,dummy-lora-7b-rank-128-2,625,55,770.314917069154
6164,huggyllama/llama-7b,dummy-lora-7b-rank-16-0,555,12,770.5360039082441
6165,huggyllama/llama-7b,dummy-lora-7b-rank-32-3,272,45,770.5837153503433
6166,huggyllama/llama-7b,dummy-lora-7b-rank-64-1,351,52,770.6269247942909
6167,huggyllama/llama-7b,dummy-lora-7b-rank-64-3,615,20,770.6497636130063
6168,huggyllama/llama-7b,dummy-lora-7b-rank-8-4,630,53,770.6839771965521
6169,huggyllama/llama-7b,dummy-lora-7b-rank-128-0,532,9,770.9444123003495
6170,huggyllama/llama-7b,dummy-lora-7b-rank-32-0,578,34,771.0314821236641
6171,huggyllama/llama-7b,dummy-lora-7b-rank-64-1,605,32,771.0516321175045
6172,huggyllama/llama-7b,dummy-lora-7b-rank-64-3,503,9,771.1055721755366
6173,huggyllama/llama-7b,dummy-lora-7b-rank-16-4,453,11,771.1726562700346
6174,huggyllama/llama-7b,dummy-lora-7b-rank-32-4,311,8,771.2379001090858
6175,huggyllama/llama-7b,dummy-lora-7b-rank-8-3,592,22,771.4475711870857
6176,huggyllama/llama-7b,dummy-lora-7b-rank-128-1,478,43,771.6872991195002
6177,huggyllama/llama-7b,dummy-lora-7b-rank-16-3,464,52,771.7125223636161
6178,huggyllama/llama-7b,dummy-lora-7b-rank-8-4,305,48,772.0221060929694
6179,huggyllama/llama-7b,dummy-lora-7b-rank-32-4,533,9,772.1426269587386
6180,huggyllama/llama-7b,dummy-lora-7b-rank-32-1,205,51,772.2569599101536
6181,huggyllama/llama-7b,dummy-lora-7b-rank-32-0,176,48,772.379541228396
6182,huggyllama/llama-7b,dummy-lora-7b-rank-8-0,307,5,772.4644942511279
6183,huggyllama/llama-7b,dummy-lora-7b-rank-64-0,991,28,772.4733070826136
6184,huggyllama/llama-7b,dummy-lora-7b-rank-16-4,326,35,772.4953592029991
6185,huggyllama/llama-7b,dummy-lora-7b-rank-64-4,366,51,772.632920546663
6186,huggyllama/llama-7b,dummy-lora-7b-rank-32-0,253,49,772.6462545266935
6187,huggyllama/llama-7b,dummy-lora-7b-rank-64-3,556,13,772.6589352098952
6188,huggyllama/llama-7b,dummy-lora-7b-rank-8-0,865,111,772.8901010821075
6189,huggyllama/llama-7b,dummy-lora-7b-rank-128-2,195,111,773.0199375437431
6190,huggyllama/llama-7b,dummy-lora-7b-rank-8-0,382,41,773.195772091465
6191,huggyllama/llama-7b,dummy-lora-7b-rank-8-2,644,6,773.1995806833196
6192,huggyllama/llama-7b,dummy-lora-7b-rank-64-1,376,50,773.5128479198239
6193,huggyllama/llama-7b,dummy-lora-7b-rank-8-2,668,77,773.6161606201333
6194,huggyllama/llama-7b,dummy-lora-7b-rank-128-2,280,58,773.7318238399389
6195,huggyllama/llama-7b,dummy-lora-7b-rank-8-2,586,60,773.7895021125793
6196,huggyllama/llama-7b,dummy-lora-7b-rank-16-2,570,30,773.8612900658187
6197,huggyllama/llama-7b,dummy-lora-7b-rank-8-3,209,123,774.067504242435
6198,huggyllama/llama-7b,dummy-lora-7b-rank-64-0,585,143,774.2460254330413
6199,huggyllama/llama-7b,dummy-lora-7b-rank-128-4,549,5,774.345139000846
6200,huggyllama/llama-7b,dummy-lora-7b-rank-8-2,566,28,774.4093142550257
6201,huggyllama/llama-7b,dummy-lora-7b-rank-8-3,552,19,774.4146696070243
6202,huggyllama/llama-7b,dummy-lora-7b-rank-128-2,278,7,774.5502124582758
6203,huggyllama/llama-7b,dummy-lora-7b-rank-128-3,880,165,775.0276282438635
6204,huggyllama/llama-7b,dummy-lora-7b-rank-64-2,631,3,775.1060794008695
6205,huggyllama/llama-7b,dummy-lora-7b-rank-8-2,921,11,775.3609062887716
6206,huggyllama/llama-7b,dummy-lora-7b-rank-16-0,172,53,775.3927328432284
6207,huggyllama/llama-7b,dummy-lora-7b-rank-128-1,60,104,775.4039009095333
6208,huggyllama/llama-7b,dummy-lora-7b-rank-16-3,654,20,775.4053580705063
6209,huggyllama/llama-7b,dummy-lora-7b-rank-8-3,517,54,775.4229562811878
6210,huggyllama/llama-7b,dummy-lora-7b-rank-32-1,428,54,775.460944330618
6211,huggyllama/llama-7b,dummy-lora-7b-rank-8-0,667,61,775.4825368051816
6212,huggyllama/llama-7b,dummy-lora-7b-rank-16-2,476,55,775.6026933988298
6213,huggyllama/llama-7b,dummy-lora-7b-rank-8-1,556,88,775.6561989206383
6214,huggyllama/llama-7b,dummy-lora-7b-rank-128-2,105,3,775.6876215385797
6215,huggyllama/llama-7b,dummy-lora-7b-rank-8-3,347,56,775.8433836761474
6216,huggyllama/llama-7b,dummy-lora-7b-rank-16-1,554,20,775.8637651213493
6217,huggyllama/llama-7b,dummy-lora-7b-rank-16-1,229,4,775.8643440732883
6218,huggyllama/llama-7b,dummy-lora-7b-rank-16-3,115,42,775.8855176265065
6219,huggyllama/llama-7b,dummy-lora-7b-rank-32-3,99,35,776.0120280631464
6220,huggyllama/llama-7b,dummy-lora-7b-rank-128-4,577,33,776.2027994015853
6221,huggyllama/llama-7b,dummy-lora-7b-rank-16-2,939,52,776.2329867000545
6222,huggyllama/llama-7b,dummy-lora-7b-rank-16-3,401,159,776.3200003566801
6223,huggyllama/llama-7b,dummy-lora-7b-rank-8-2,673,12,776.3814288224448
6224,huggyllama/llama-7b,dummy-lora-7b-rank-8-2,668,72,776.7308494750719
6225,huggyllama/llama-7b,dummy-lora-7b-rank-128-2,379,59,776.8002472062635
6226,huggyllama/llama-7b,dummy-lora-7b-rank-32-0,536,41,777.4518356265286
6227,huggyllama/llama-7b,dummy-lora-7b-rank-128-1,101,52,777.5325821341733
6228,huggyllama/llama-7b,dummy-lora-7b-rank-128-3,550,18,777.5372584813949
6229,huggyllama/llama-7b,dummy-lora-7b-rank-128-0,608,60,777.5783502891812
6230,huggyllama/llama-7b,dummy-lora-7b-rank-128-3,314,48,777.5972800856969
6231,huggyllama/llama-7b,dummy-lora-7b-rank-64-2,494,105,777.6116497501985
6232,huggyllama/llama-7b,dummy-lora-7b-rank-16-3,546,16,777.9795354197429
6233,huggyllama/llama-7b,dummy-lora-7b-rank-64-3,558,14,778.2540415383635
6234,huggyllama/llama-7b,dummy-lora-7b-rank-64-1,568,29,778.4492597031509
6235,huggyllama/llama-7b,dummy-lora-7b-rank-32-2,246,43,778.6684291992146
6236,huggyllama/llama-7b,dummy-lora-7b-rank-8-0,463,7,778.6958470361545
6237,huggyllama/llama-7b,dummy-lora-7b-rank-8-1,598,38,778.9125967297231
6238,huggyllama/llama-7b,dummy-lora-7b-rank-128-3,332,43,779.0930948095089
6239,huggyllama/llama-7b,dummy-lora-7b-rank-16-3,542,49,779.2442547097405
6240,huggyllama/llama-7b,dummy-lora-7b-rank-8-3,603,16,779.6036101280888
6241,huggyllama/llama-7b,dummy-lora-7b-rank-64-0,173,66,779.6522841892006
6242,huggyllama/llama-7b,dummy-lora-7b-rank-32-4,211,221,779.7534521685001
6243,huggyllama/llama-7b,dummy-lora-7b-rank-32-3,50,41,779.7685847755715
6244,huggyllama/llama-7b,dummy-lora-7b-rank-16-3,693,10,780.0272604217405
6245,huggyllama/llama-7b,dummy-lora-7b-rank-128-4,185,49,780.2604122698397
6246,huggyllama/llama-7b,dummy-lora-7b-rank-64-2,473,148,780.3847023674566
6247,huggyllama/llama-7b,dummy-lora-7b-rank-8-2,537,7,780.5933172799886
6248,huggyllama/llama-7b,dummy-lora-7b-rank-64-2,611,21,780.6039071951619
6249,huggyllama/llama-7b,dummy-lora-7b-rank-128-0,507,75,780.6504592882187
6250,huggyllama/llama-7b,dummy-lora-7b-rank-8-2,564,26,781.0265768393714
6251,huggyllama/llama-7b,dummy-lora-7b-rank-16-3,567,48,781.0348741077194
6252,huggyllama/llama-7b,dummy-lora-7b-rank-64-4,232,47,781.1094145437205
6253,huggyllama/llama-7b,dummy-lora-7b-rank-64-3,347,46,781.1588473134881
6254,huggyllama/llama-7b,dummy-lora-7b-rank-128-3,337,172,781.2329501485834
6255,huggyllama/llama-7b,dummy-lora-7b-rank-64-0,708,5,781.3097823307289
6256,huggyllama/llama-7b,dummy-lora-7b-rank-32-4,582,34,781.3261121171988
6257,huggyllama/llama-7b,dummy-lora-7b-rank-128-0,560,21,781.366120031582
6258,huggyllama/llama-7b,dummy-lora-7b-rank-32-1,550,18,781.408558972536
6259,huggyllama/llama-7b,dummy-lora-7b-rank-128-3,551,26,781.5345428888708
6260,huggyllama/llama-7b,dummy-lora-7b-rank-32-4,560,25,781.577715186155
6261,huggyllama/llama-7b,dummy-lora-7b-rank-64-2,353,50,782.2343222382948
6262,huggyllama/llama-7b,dummy-lora-7b-rank-8-4,554,12,782.2483680524324
6263,huggyllama/llama-7b,dummy-lora-7b-rank-16-2,501,37,782.2486195090725
6264,huggyllama/llama-7b,dummy-lora-7b-rank-64-1,290,48,782.3499960731459
6265,huggyllama/llama-7b,dummy-lora-7b-rank-8-0,586,21,782.3722351293533
6266,huggyllama/llama-7b,dummy-lora-7b-rank-32-1,548,17,782.4520023956662
6267,huggyllama/llama-7b,dummy-lora-7b-rank-128-3,550,18,782.6486955742407
6268,huggyllama/llama-7b,dummy-lora-7b-rank-32-3,199,8,782.6606596737547
6269,huggyllama/llama-7b,dummy-lora-7b-rank-16-2,942,71,783.2918127704817
6270,huggyllama/llama-7b,dummy-lora-7b-rank-128-4,596,19,783.3994577131244
6271,huggyllama/llama-7b,dummy-lora-7b-rank-128-1,373,46,783.7047487427543
6272,huggyllama/llama-7b,dummy-lora-7b-rank-64-2,318,54,783.9298450656789
6273,huggyllama/llama-7b,dummy-lora-7b-rank-8-0,722,10,784.2193235991199
6274,huggyllama/llama-7b,dummy-lora-7b-rank-64-0,642,68,784.2593150715245
6275,huggyllama/llama-7b,dummy-lora-7b-rank-128-0,558,22,784.8038582320055
6276,huggyllama/llama-7b,dummy-lora-7b-rank-128-4,950,28,785.2841509892679
6277,huggyllama/llama-7b,dummy-lora-7b-rank-128-1,560,26,785.5310278950362
6278,huggyllama/llama-7b,dummy-lora-7b-rank-64-0,448,34,785.5479473248421
6279,huggyllama/llama-7b,dummy-lora-7b-rank-8-3,636,22,785.8842779161838
6280,huggyllama/llama-7b,dummy-lora-7b-rank-32-2,501,52,786.0695986138936
6281,huggyllama/llama-7b,dummy-lora-7b-rank-16-0,364,53,786.6613775144971
6282,huggyllama/llama-7b,dummy-lora-7b-rank-16-1,429,50,786.8009101562817
6283,huggyllama/llama-7b,dummy-lora-7b-rank-8-2,309,51,786.9103594074552
6284,huggyllama/llama-7b,dummy-lora-7b-rank-16-3,619,25,786.9911851007231
6285,huggyllama/llama-7b,dummy-lora-7b-rank-32-0,599,15,787.2897107405897
6286,huggyllama/llama-7b,dummy-lora-7b-rank-8-2,537,54,787.3646717236549
6287,huggyllama/llama-7b,dummy-lora-7b-rank-128-0,203,20,787.5344395911919
6288,huggyllama/llama-7b,dummy-lora-7b-rank-32-1,346,8,787.5361445240087
6289,huggyllama/llama-7b,dummy-lora-7b-rank-128-3,289,59,787.5829212837625
6290,huggyllama/llama-7b,dummy-lora-7b-rank-32-1,561,17,787.7212951811117
6291,huggyllama/llama-7b,dummy-lora-7b-rank-16-1,605,19,787.8578163309772
6292,huggyllama/llama-7b,dummy-lora-7b-rank-16-4,779,19,788.2664261696726
6293,huggyllama/llama-7b,dummy-lora-7b-rank-128-4,582,12,788.3698116469461
6294,huggyllama/llama-7b,dummy-lora-7b-rank-32-4,353,9,788.4859134845284
6295,huggyllama/llama-7b,dummy-lora-7b-rank-8-4,532,74,788.5868477331036
6296,huggyllama/llama-7b,dummy-lora-7b-rank-64-4,267,129,788.6005661990453
6297,huggyllama/llama-7b,dummy-lora-7b-rank-8-1,467,5,788.6966506815509
6298,huggyllama/llama-7b,dummy-lora-7b-rank-32-2,307,35,788.8086662114631
6299,huggyllama/llama-7b,dummy-lora-7b-rank-16-0,562,27,788.8229129012072
6300,huggyllama/llama-7b,dummy-lora-7b-rank-128-3,239,104,788.8804493870006
6301,huggyllama/llama-7b,dummy-lora-7b-rank-16-3,296,40,788.9380957471726
6302,huggyllama/llama-7b,dummy-lora-7b-rank-64-1,558,22,789.0706178445959
6303,huggyllama/llama-7b,dummy-lora-7b-rank-64-2,860,15,789.2381437061139
6304,huggyllama/llama-7b,dummy-lora-7b-rank-128-1,887,14,789.2790345393109
6305,huggyllama/llama-7b,dummy-lora-7b-rank-8-1,352,47,789.2984578528171
6306,huggyllama/llama-7b,dummy-lora-7b-rank-16-1,670,19,789.3055472366646
6307,huggyllama/llama-7b,dummy-lora-7b-rank-16-3,184,63,789.3382443305919
6308,huggyllama/llama-7b,dummy-lora-7b-rank-64-3,419,12,789.3807887281256
6309,huggyllama/llama-7b,dummy-lora-7b-rank-64-2,534,10,789.4743618337593
6310,huggyllama/llama-7b,dummy-lora-7b-rank-16-4,525,87,789.6219616125207
6311,huggyllama/llama-7b,dummy-lora-7b-rank-128-2,457,59,789.7738091815338
6312,huggyllama/llama-7b,dummy-lora-7b-rank-128-4,545,56,789.8528721315148
6313,huggyllama/llama-7b,dummy-lora-7b-rank-64-4,752,11,789.9570291694386
6314,huggyllama/llama-7b,dummy-lora-7b-rank-64-0,564,26,790.1626851756605
6315,huggyllama/llama-7b,dummy-lora-7b-rank-128-3,311,72,790.1842363544903
6316,huggyllama/llama-7b,dummy-lora-7b-rank-128-1,568,95,790.5253660007622
6317,huggyllama/llama-7b,dummy-lora-7b-rank-16-2,356,6,790.563124896823
6318,huggyllama/llama-7b,dummy-lora-7b-rank-8-0,556,13,790.6395232283016
6319,huggyllama/llama-7b,dummy-lora-7b-rank-16-0,139,67,790.8461584210035
6320,huggyllama/llama-7b,dummy-lora-7b-rank-16-2,432,48,790.9374422475632
6321,huggyllama/llama-7b,dummy-lora-7b-rank-8-2,211,152,791.1159312228218
6322,huggyllama/llama-7b,dummy-lora-7b-rank-32-3,550,18,791.1567392113019
6323,huggyllama/llama-7b,dummy-lora-7b-rank-64-3,491,11,791.2625415754004
6324,huggyllama/llama-7b,dummy-lora-7b-rank-8-3,442,149,791.4689133282802
6325,huggyllama/llama-7b,dummy-lora-7b-rank-32-1,55,42,791.9400831462026
6326,huggyllama/llama-7b,dummy-lora-7b-rank-16-4,338,123,791.9712331212946
6327,huggyllama/llama-7b,dummy-lora-7b-rank-64-3,216,50,792.0079289109642
6328,huggyllama/llama-7b,dummy-lora-7b-rank-32-1,544,7,792.4384222632777
6329,huggyllama/llama-7b,dummy-lora-7b-rank-128-4,430,60,792.4699644110417
6330,huggyllama/llama-7b,dummy-lora-7b-rank-32-1,578,33,792.5052552952012
6331,huggyllama/llama-7b,dummy-lora-7b-rank-32-2,550,21,792.5893259539164
6332,huggyllama/llama-7b,dummy-lora-7b-rank-32-3,586,55,792.613930248803
6333,huggyllama/llama-7b,dummy-lora-7b-rank-64-4,558,22,792.6445415854673
6334,huggyllama/llama-7b,dummy-lora-7b-rank-8-3,608,49,792.7143907192298
6335,huggyllama/llama-7b,dummy-lora-7b-rank-64-2,806,19,793.1087854782301
6336,huggyllama/llama-7b,dummy-lora-7b-rank-128-2,307,178,793.329589293264
6337,huggyllama/llama-7b,dummy-lora-7b-rank-16-2,498,58,793.3699987556073
6338,huggyllama/llama-7b,dummy-lora-7b-rank-128-2,456,49,793.4125279838701
6339,huggyllama/llama-7b,dummy-lora-7b-rank-64-0,552,21,793.4200048867874
6340,huggyllama/llama-7b,dummy-lora-7b-rank-16-2,572,31,793.4788649359506
6341,huggyllama/llama-7b,dummy-lora-7b-rank-64-0,899,172,793.6793396825332
6342,huggyllama/llama-7b,dummy-lora-7b-rank-128-1,550,18,793.9909457622184
6343,huggyllama/llama-7b,dummy-lora-7b-rank-16-3,225,45,794.0551421875833
6344,huggyllama/llama-7b,dummy-lora-7b-rank-64-1,895,14,794.0591429170964
6345,huggyllama/llama-7b,dummy-lora-7b-rank-8-0,561,16,794.0591929437265
6346,huggyllama/llama-7b,dummy-lora-7b-rank-8-4,686,6,794.0782250982995
6347,huggyllama/llama-7b,dummy-lora-7b-rank-64-2,221,3,794.3825454974174
6348,huggyllama/llama-7b,dummy-lora-7b-rank-64-4,174,171,794.4168245699717
6349,huggyllama/llama-7b,dummy-lora-7b-rank-8-3,325,56,794.4441640223512
6350,huggyllama/llama-7b,dummy-lora-7b-rank-128-4,439,4,794.502866864115
6351,huggyllama/llama-7b,dummy-lora-7b-rank-64-3,429,66,794.5497320486977
6352,huggyllama/llama-7b,dummy-lora-7b-rank-8-4,495,46,794.5739771930835
6353,huggyllama/llama-7b,dummy-lora-7b-rank-128-3,559,11,794.7211023240221
6354,huggyllama/llama-7b,dummy-lora-7b-rank-64-1,552,21,795.0721631641936
6355,huggyllama/llama-7b,dummy-lora-7b-rank-16-4,430,45,795.0794168564967
6356,huggyllama/llama-7b,dummy-lora-7b-rank-128-1,672,20,795.1899477292909
6357,huggyllama/llama-7b,dummy-lora-7b-rank-16-0,607,18,795.2275543733888
6358,huggyllama/llama-7b,dummy-lora-7b-rank-8-1,940,80,795.2592203170394
6359,huggyllama/llama-7b,dummy-lora-7b-rank-16-4,476,49,795.313792999829
6360,huggyllama/llama-7b,dummy-lora-7b-rank-64-4,563,63,795.4388744926866
6361,huggyllama/llama-7b,dummy-lora-7b-rank-16-1,570,26,795.4549662193336
6362,huggyllama/llama-7b,dummy-lora-7b-rank-32-0,220,135,795.5596766406862
6363,huggyllama/llama-7b,dummy-lora-7b-rank-32-4,242,48,795.8169087094827
6364,huggyllama/llama-7b,dummy-lora-7b-rank-128-1,289,36,796.1966599730767
6365,huggyllama/llama-7b,dummy-lora-7b-rank-64-2,321,13,796.2662026819432
6366,huggyllama/llama-7b,dummy-lora-7b-rank-16-2,238,79,796.3119621456295
6367,huggyllama/llama-7b,dummy-lora-7b-rank-8-2,433,35,796.4260022780361
6368,huggyllama/llama-7b,dummy-lora-7b-rank-16-1,554,12,796.5805139029907
6369,huggyllama/llama-7b,dummy-lora-7b-rank-64-2,526,48,796.7253839184903
6370,huggyllama/llama-7b,dummy-lora-7b-rank-64-0,614,60,797.1572954779673
6371,huggyllama/llama-7b,dummy-lora-7b-rank-8-2,574,33,797.2272995630569
6372,huggyllama/llama-7b,dummy-lora-7b-rank-128-4,607,76,797.229765549844
6373,huggyllama/llama-7b,dummy-lora-7b-rank-64-0,571,13,797.3514709775163
6374,huggyllama/llama-7b,dummy-lora-7b-rank-128-2,274,45,797.5136555514932
6375,huggyllama/llama-7b,dummy-lora-7b-rank-64-3,391,153,797.879605302301
6376,huggyllama/llama-7b,dummy-lora-7b-rank-8-4,546,16,797.9504971067402
6377,huggyllama/llama-7b,dummy-lora-7b-rank-128-2,450,10,798.0765725103516
6378,huggyllama/llama-7b,dummy-lora-7b-rank-32-4,544,47,798.1749994094677
6379,huggyllama/llama-7b,dummy-lora-7b-rank-128-1,486,8,798.3258770206605
6380,huggyllama/llama-7b,dummy-lora-7b-rank-16-4,1018,39,798.3828734926665
6381,huggyllama/llama-7b,dummy-lora-7b-rank-64-1,554,12,798.4087334305261
6382,huggyllama/llama-7b,dummy-lora-7b-rank-8-0,528,9,798.5212032569829
6383,huggyllama/llama-7b,dummy-lora-7b-rank-16-2,756,22,798.5491809659962
6384,huggyllama/llama-7b,dummy-lora-7b-rank-8-4,138,95,798.5494962877033
6385,huggyllama/llama-7b,dummy-lora-7b-rank-16-1,127,20,798.6493325735989
6386,huggyllama/llama-7b,dummy-lora-7b-rank-8-3,600,17,798.8526199472725
6387,huggyllama/llama-7b,dummy-lora-7b-rank-8-0,820,42,798.9026031457898
6388,huggyllama/llama-7b,dummy-lora-7b-rank-16-3,112,43,799.0033356008604
6389,huggyllama/llama-7b,dummy-lora-7b-rank-16-2,697,7,799.0401654349422
6390,huggyllama/llama-7b,dummy-lora-7b-rank-128-0,560,8,799.142107329261
6391,huggyllama/llama-7b,dummy-lora-7b-rank-16-3,269,59,799.2002118565628
6392,huggyllama/llama-7b,dummy-lora-7b-rank-32-1,673,8,799.3328200922489
6393,huggyllama/llama-7b,dummy-lora-7b-rank-32-1,560,23,799.4607119510847
6394,huggyllama/llama-7b,dummy-lora-7b-rank-128-3,473,40,799.5218674799768
6395,huggyllama/llama-7b,dummy-lora-7b-rank-64-1,418,58,799.5981198064579
6396,huggyllama/llama-7b,dummy-lora-7b-rank-64-1,322,21,800.0393141505733
6397,huggyllama/llama-7b,dummy-lora-7b-rank-128-3,384,59,800.1730757976278
6398,huggyllama/llama-7b,dummy-lora-7b-rank-64-2,460,51,800.3025630139174
6399,huggyllama/llama-7b,dummy-lora-7b-rank-64-3,613,23,800.6221459411537
6400,huggyllama/llama-7b,dummy-lora-7b-rank-32-4,338,47,800.6588539716761
6401,huggyllama/llama-7b,dummy-lora-7b-rank-8-2,674,26,800.7701981486102
6402,huggyllama/llama-7b,dummy-lora-7b-rank-32-3,537,48,800.9589024408858
6403,huggyllama/llama-7b,dummy-lora-7b-rank-16-1,464,51,801.088733029113
6404,huggyllama/llama-7b,dummy-lora-7b-rank-16-2,615,44,801.1700310354851
6405,huggyllama/llama-7b,dummy-lora-7b-rank-64-4,498,42,801.2477366631279
6406,huggyllama/llama-7b,dummy-lora-7b-rank-64-0,302,152,801.4529784788824
6407,huggyllama/llama-7b,dummy-lora-7b-rank-128-2,246,52,801.5381048295733
6408,huggyllama/llama-7b,dummy-lora-7b-rank-32-2,966,61,801.5600222519847
6409,huggyllama/llama-7b,dummy-lora-7b-rank-64-0,447,49,801.7485150935614
6410,huggyllama/llama-7b,dummy-lora-7b-rank-8-0,339,11,802.1255225271499
6411,huggyllama/llama-7b,dummy-lora-7b-rank-16-2,447,5,802.1896058087086
6412,huggyllama/llama-7b,dummy-lora-7b-rank-128-2,568,30,802.3186554127818
6413,huggyllama/llama-7b,dummy-lora-7b-rank-64-0,565,19,802.3289839682834
6414,huggyllama/llama-7b,dummy-lora-7b-rank-64-2,607,18,802.3336998251721
6415,huggyllama/llama-7b,dummy-lora-7b-rank-8-1,233,207,802.5357909426656
6416,huggyllama/llama-7b,dummy-lora-7b-rank-16-4,195,50,802.5380070799167
6417,huggyllama/llama-7b,dummy-lora-7b-rank-64-1,214,52,802.5487827811913
6418,huggyllama/llama-7b,dummy-lora-7b-rank-8-2,448,48,802.8791576791758
6419,huggyllama/llama-7b,dummy-lora-7b-rank-128-4,213,67,802.9712100990154
6420,huggyllama/llama-7b,dummy-lora-7b-rank-8-1,548,17,803.1559116364052
6421,huggyllama/llama-7b,dummy-lora-7b-rank-128-3,544,12,803.431483948301
6422,huggyllama/llama-7b,dummy-lora-7b-rank-128-3,599,17,803.7135351703514
6423,huggyllama/llama-7b,dummy-lora-7b-rank-32-1,556,13,803.7671169734749
6424,huggyllama/llama-7b,dummy-lora-7b-rank-64-2,543,10,803.8522932444616
6425,huggyllama/llama-7b,dummy-lora-7b-rank-32-3,179,63,803.8763998809351
6426,huggyllama/llama-7b,dummy-lora-7b-rank-16-0,287,9,804.1665349356299
6427,huggyllama/llama-7b,dummy-lora-7b-rank-8-3,560,21,804.4146687059313
6428,huggyllama/llama-7b,dummy-lora-7b-rank-16-2,560,15,804.4174764181133
6429,huggyllama/llama-7b,dummy-lora-7b-rank-8-3,582,106,804.5760099028204
6430,huggyllama/llama-7b,dummy-lora-7b-rank-128-3,259,34,804.6619949453581
6431,huggyllama/llama-7b,dummy-lora-7b-rank-16-3,560,23,804.8137205241566
6432,huggyllama/llama-7b,dummy-lora-7b-rank-128-2,560,25,804.883606630572
6433,huggyllama/llama-7b,dummy-lora-7b-rank-64-3,414,42,805.1517656137022
6434,huggyllama/llama-7b,dummy-lora-7b-rank-16-2,293,128,805.387583944623
6435,huggyllama/llama-7b,dummy-lora-7b-rank-64-2,377,164,805.5480040314062
6436,huggyllama/llama-7b,dummy-lora-7b-rank-16-0,594,18,805.6264862953661
6437,huggyllama/llama-7b,dummy-lora-7b-rank-64-3,550,18,805.7475605939187
6438,huggyllama/llama-7b,dummy-lora-7b-rank-64-4,560,19,805.828028753794
6439,huggyllama/llama-7b,dummy-lora-7b-rank-8-3,101,45,805.9740470052276
6440,huggyllama/llama-7b,dummy-lora-7b-rank-16-0,554,21,806.0644734271638
6441,huggyllama/llama-7b,dummy-lora-7b-rank-64-1,822,41,806.285815988976
6442,huggyllama/llama-7b,dummy-lora-7b-rank-32-1,557,52,806.3455041486746
6443,huggyllama/llama-7b,dummy-lora-7b-rank-16-2,835,48,806.4994111662269
6444,huggyllama/llama-7b,dummy-lora-7b-rank-16-2,422,44,806.518059242414
6445,huggyllama/llama-7b,dummy-lora-7b-rank-128-3,572,29,806.5802961488944
6446,huggyllama/llama-7b,dummy-lora-7b-rank-128-3,286,163,806.882498438513
6447,huggyllama/llama-7b,dummy-lora-7b-rank-128-4,374,38,807.0260459014761
6448,huggyllama/llama-7b,dummy-lora-7b-rank-64-1,206,61,807.106822531413
6449,huggyllama/llama-7b,dummy-lora-7b-rank-8-4,498,5,807.2052879575035
6450,huggyllama/llama-7b,dummy-lora-7b-rank-16-0,237,48,807.2436132162304
6451,huggyllama/llama-7b,dummy-lora-7b-rank-64-3,617,24,807.5615110140567
6452,huggyllama/llama-7b,dummy-lora-7b-rank-128-4,413,41,807.6811231012856
6453,huggyllama/llama-7b,dummy-lora-7b-rank-16-0,511,80,807.6881952300228
6454,huggyllama/llama-7b,dummy-lora-7b-rank-16-2,599,17,807.7953975415637
6455,huggyllama/llama-7b,dummy-lora-7b-rank-8-0,569,13,807.9478837244652
6456,huggyllama/llama-7b,dummy-lora-7b-rank-8-4,635,8,808.3084700582834
6457,huggyllama/llama-7b,dummy-lora-7b-rank-128-3,56,95,808.7643843289865
6458,huggyllama/llama-7b,dummy-lora-7b-rank-8-4,752,15,808.7658667223556
6459,huggyllama/llama-7b,dummy-lora-7b-rank-32-1,182,51,808.8231374029167
6460,huggyllama/llama-7b,dummy-lora-7b-rank-64-4,562,16,808.8562040052495
6461,huggyllama/llama-7b,dummy-lora-7b-rank-128-3,589,12,809.1225700203296
6462,huggyllama/llama-7b,dummy-lora-7b-rank-32-2,561,54,809.4929074697063
6463,huggyllama/llama-7b,dummy-lora-7b-rank-32-4,490,172,809.5281729657386
6464,huggyllama/llama-7b,dummy-lora-7b-rank-8-0,433,38,809.8191820138591
6465,huggyllama/llama-7b,dummy-lora-7b-rank-8-2,522,47,810.2539857060045
6466,huggyllama/llama-7b,dummy-lora-7b-rank-32-4,550,18,810.3466380932463
6467,huggyllama/llama-7b,dummy-lora-7b-rank-8-0,452,50,810.6670581219547
6468,huggyllama/llama-7b,dummy-lora-7b-rank-64-0,504,41,810.7861504049308
6469,huggyllama/llama-7b,dummy-lora-7b-rank-32-2,586,35,811.072300417875
6470,huggyllama/llama-7b,dummy-lora-7b-rank-32-1,639,72,811.1094666757222
6471,huggyllama/llama-7b,dummy-lora-7b-rank-128-0,385,65,811.1123856824128
6472,huggyllama/llama-7b,dummy-lora-7b-rank-64-4,568,32,811.2068791646369
6473,huggyllama/llama-7b,dummy-lora-7b-rank-64-3,262,54,811.5205774132804
6474,huggyllama/llama-7b,dummy-lora-7b-rank-8-3,574,30,811.6812494602557
6475,huggyllama/llama-7b,dummy-lora-7b-rank-128-3,384,45,811.7459686060781
6476,huggyllama/llama-7b,dummy-lora-7b-rank-64-4,315,11,811.8313263278922
6477,huggyllama/llama-7b,dummy-lora-7b-rank-32-0,560,25,811.8424708708351
6478,huggyllama/llama-7b,dummy-lora-7b-rank-64-3,199,3,811.9032382851981
6479,huggyllama/llama-7b,dummy-lora-7b-rank-16-1,572,26,811.9044864099219
6480,huggyllama/llama-7b,dummy-lora-7b-rank-8-1,928,33,811.9533306162718
6481,huggyllama/llama-7b,dummy-lora-7b-rank-32-4,732,18,812.0311306599308
6482,huggyllama/llama-7b,dummy-lora-7b-rank-16-3,550,18,812.4208759643417
6483,huggyllama/llama-7b,dummy-lora-7b-rank-16-4,737,101,812.5746330458055
6484,huggyllama/llama-7b,dummy-lora-7b-rank-128-0,623,20,812.5903290951711
6485,huggyllama/llama-7b,dummy-lora-7b-rank-32-0,441,49,812.6159799550486
6486,huggyllama/llama-7b,dummy-lora-7b-rank-16-0,154,42,812.6754957198366
6487,huggyllama/llama-7b,dummy-lora-7b-rank-32-0,861,229,812.9587800536654
6488,huggyllama/llama-7b,dummy-lora-7b-rank-16-1,321,16,813.253011868541
6489,huggyllama/llama-7b,dummy-lora-7b-rank-128-0,985,62,813.3682010004769
6490,huggyllama/llama-7b,dummy-lora-7b-rank-64-0,554,20,813.4674723700192
6491,huggyllama/llama-7b,dummy-lora-7b-rank-32-2,413,7,813.7709629633362
6492,huggyllama/llama-7b,dummy-lora-7b-rank-8-0,554,20,813.8430292273277
6493,huggyllama/llama-7b,dummy-lora-7b-rank-16-0,655,80,813.9399045258031
6494,huggyllama/llama-7b,dummy-lora-7b-rank-16-3,515,62,814.0398939928588
6495,huggyllama/llama-7b,dummy-lora-7b-rank-128-4,311,82,814.3541419970703
6496,huggyllama/llama-7b,dummy-lora-7b-rank-128-3,307,56,814.4450103621634
6497,huggyllama/llama-7b,dummy-lora-7b-rank-16-2,556,22,814.5827118318082
6498,huggyllama/llama-7b,dummy-lora-7b-rank-128-2,564,28,814.6022325839959
6499,huggyllama/llama-7b,dummy-lora-7b-rank-8-3,611,10,814.7247661253808
6500,huggyllama/llama-7b,dummy-lora-7b-rank-16-0,564,27,814.7417647687436
6501,huggyllama/llama-7b,dummy-lora-7b-rank-128-3,336,211,814.7590835369491
6502,huggyllama/llama-7b,dummy-lora-7b-rank-128-2,170,126,814.8268098597734
6503,huggyllama/llama-7b,dummy-lora-7b-rank-32-2,346,137,815.178444822666
6504,huggyllama/llama-7b,dummy-lora-7b-rank-32-2,558,23,815.3131665196621
6505,huggyllama/llama-7b,dummy-lora-7b-rank-16-0,240,6,815.3364451886141
6506,huggyllama/llama-7b,dummy-lora-7b-rank-64-1,802,35,815.3824850113109
6507,huggyllama/llama-7b,dummy-lora-7b-rank-32-2,230,77,815.4129247130961
6508,huggyllama/llama-7b,dummy-lora-7b-rank-128-0,542,78,815.668725397322
6509,huggyllama/llama-7b,dummy-lora-7b-rank-128-0,338,8,815.7015357217451
6510,huggyllama/llama-7b,dummy-lora-7b-rank-16-0,391,80,815.7110151963674
6511,huggyllama/llama-7b,dummy-lora-7b-rank-16-2,903,88,815.7839315401118
6512,huggyllama/llama-7b,dummy-lora-7b-rank-8-2,231,229,815.9389622432311
6513,huggyllama/llama-7b,dummy-lora-7b-rank-64-0,522,13,816.1229672929107
6514,huggyllama/llama-7b,dummy-lora-7b-rank-16-1,343,10,816.1510817169724
6515,huggyllama/llama-7b,dummy-lora-7b-rank-32-1,954,42,816.2249585154458
6516,huggyllama/llama-7b,dummy-lora-7b-rank-16-4,554,20,816.2530452648831
6517,huggyllama/llama-7b,dummy-lora-7b-rank-128-4,544,8,816.299002268541
6518,huggyllama/llama-7b,dummy-lora-7b-rank-64-2,556,23,816.384323509659
6519,huggyllama/llama-7b,dummy-lora-7b-rank-8-1,393,48,816.9423192972035
6520,huggyllama/llama-7b,dummy-lora-7b-rank-8-3,132,56,816.9666586488008
6521,huggyllama/llama-7b,dummy-lora-7b-rank-64-2,400,15,816.9919024834418
6522,huggyllama/llama-7b,dummy-lora-7b-rank-64-2,545,49,817.102115590074
6523,huggyllama/llama-7b,dummy-lora-7b-rank-32-0,597,8,817.1101103722796
6524,huggyllama/llama-7b,dummy-lora-7b-rank-16-2,89,50,817.1599523012368
6525,huggyllama/llama-7b,dummy-lora-7b-rank-32-0,709,11,817.2634660372007
6526,huggyllama/llama-7b,dummy-lora-7b-rank-64-4,550,18,817.3142869514571
6527,huggyllama/llama-7b,dummy-lora-7b-rank-64-1,192,163,817.3372524042759
6528,huggyllama/llama-7b,dummy-lora-7b-rank-32-4,430,11,817.367291301687
6529,huggyllama/llama-7b,dummy-lora-7b-rank-128-4,556,21,817.5111267107733
6530,huggyllama/llama-7b,dummy-lora-7b-rank-8-0,976,3,817.5765973178708
6531,huggyllama/llama-7b,dummy-lora-7b-rank-64-4,319,42,817.7600344109686
6532,huggyllama/llama-7b,dummy-lora-7b-rank-16-1,659,26,817.9844673503552
6533,huggyllama/llama-7b,dummy-lora-7b-rank-64-4,621,10,818.0760423394792
6534,huggyllama/llama-7b,dummy-lora-7b-rank-32-1,243,91,818.153881515115
6535,huggyllama/llama-7b,dummy-lora-7b-rank-8-0,712,93,818.1720892532941
6536,huggyllama/llama-7b,dummy-lora-7b-rank-16-0,604,52,818.2680705014749
6537,huggyllama/llama-7b,dummy-lora-7b-rank-32-1,173,33,818.6094789748316
6538,huggyllama/llama-7b,dummy-lora-7b-rank-128-3,172,64,819.0885704769329
6539,huggyllama/llama-7b,dummy-lora-7b-rank-32-1,231,42,819.3972778993235
6540,huggyllama/llama-7b,dummy-lora-7b-rank-8-2,554,20,819.461704781168
6541,huggyllama/llama-7b,dummy-lora-7b-rank-8-3,450,73,819.8713006737559
6542,huggyllama/llama-7b,dummy-lora-7b-rank-16-2,624,36,820.0871278353561
6543,huggyllama/llama-7b,dummy-lora-7b-rank-64-0,435,59,820.1984863206014
6544,huggyllama/llama-7b,dummy-lora-7b-rank-8-0,132,71,820.2861078592015
6545,huggyllama/llama-7b,dummy-lora-7b-rank-64-2,339,178,820.4170196260004
6546,huggyllama/llama-7b,dummy-lora-7b-rank-32-3,406,37,820.4735841727613
6547,huggyllama/llama-7b,dummy-lora-7b-rank-16-1,572,31,820.4846053899762
6548,huggyllama/llama-7b,dummy-lora-7b-rank-128-4,114,5,820.8248096048671
6549,huggyllama/llama-7b,dummy-lora-7b-rank-32-2,603,19,820.8634268236603
6550,huggyllama/llama-7b,dummy-lora-7b-rank-16-1,889,84,820.8654106634525
6551,huggyllama/llama-7b,dummy-lora-7b-rank-8-4,242,75,820.9482738497367
6552,huggyllama/llama-7b,dummy-lora-7b-rank-64-2,54,50,821.0055791587909
6553,huggyllama/llama-7b,dummy-lora-7b-rank-8-2,378,50,821.0805032133574
6554,huggyllama/llama-7b,dummy-lora-7b-rank-64-3,203,157,821.1832952225762
6555,huggyllama/llama-7b,dummy-lora-7b-rank-64-3,558,22,821.2907037571601
6556,huggyllama/llama-7b,dummy-lora-7b-rank-8-3,373,19,821.3309032631348
6557,huggyllama/llama-7b,dummy-lora-7b-rank-8-4,605,19,821.3389271942586
6558,huggyllama/llama-7b,dummy-lora-7b-rank-128-0,556,18,821.6493574948593
6559,huggyllama/llama-7b,dummy-lora-7b-rank-64-0,445,43,821.7278748588691
6560,huggyllama/llama-7b,dummy-lora-7b-rank-8-2,296,54,821.8501144938136
6561,huggyllama/llama-7b,dummy-lora-7b-rank-128-1,605,17,821.9024076845319
6562,huggyllama/llama-7b,dummy-lora-7b-rank-64-2,268,8,821.946190904104
6563,huggyllama/llama-7b,dummy-lora-7b-rank-8-3,328,44,822.1427622152761
6564,huggyllama/llama-7b,dummy-lora-7b-rank-16-2,483,69,822.1564280166235
6565,huggyllama/llama-7b,dummy-lora-7b-rank-32-1,319,92,822.2944347792156
6566,huggyllama/llama-7b,dummy-lora-7b-rank-128-3,330,50,822.5877479191332
6567,huggyllama/llama-7b,dummy-lora-7b-rank-8-3,611,23,822.5892570813502
6568,huggyllama/llama-7b,dummy-lora-7b-rank-16-1,242,6,822.9168605259752
6569,huggyllama/llama-7b,dummy-lora-7b-rank-16-0,247,8,822.9928477990269
6570,huggyllama/llama-7b,dummy-lora-7b-rank-32-4,593,56,823.0318182743639
6571,huggyllama/llama-7b,dummy-lora-7b-rank-8-2,327,6,823.1645879124993
6572,huggyllama/llama-7b,dummy-lora-7b-rank-128-1,540,50,823.4707332758438
6573,huggyllama/llama-7b,dummy-lora-7b-rank-8-1,638,38,823.9004793416433
6574,huggyllama/llama-7b,dummy-lora-7b-rank-64-4,500,45,823.957640378399
6575,huggyllama/llama-7b,dummy-lora-7b-rank-32-3,434,42,823.982730418726
6576,huggyllama/llama-7b,dummy-lora-7b-rank-8-4,569,13,824.034992262482
6577,huggyllama/llama-7b,dummy-lora-7b-rank-16-0,430,62,824.0360972204519
6578,huggyllama/llama-7b,dummy-lora-7b-rank-128-4,195,59,824.0471482859698
6579,huggyllama/llama-7b,dummy-lora-7b-rank-8-1,659,91,824.4697596267509
6580,huggyllama/llama-7b,dummy-lora-7b-rank-32-0,355,49,824.4981139291648
6581,huggyllama/llama-7b,dummy-lora-7b-rank-64-2,685,40,824.5369271679124
6582,huggyllama/llama-7b,dummy-lora-7b-rank-64-3,303,51,824.606193790192
6583,huggyllama/llama-7b,dummy-lora-7b-rank-32-1,485,57,824.9442810766799
6584,huggyllama/llama-7b,dummy-lora-7b-rank-128-3,796,17,825.0559567390469
6585,huggyllama/llama-7b,dummy-lora-7b-rank-8-2,655,67,825.5447059394672
6586,huggyllama/llama-7b,dummy-lora-7b-rank-128-2,570,30,825.6253073969634
6587,huggyllama/llama-7b,dummy-lora-7b-rank-128-0,773,59,825.6921768576055
6588,huggyllama/llama-7b,dummy-lora-7b-rank-16-2,291,116,825.8181244823105
6589,huggyllama/llama-7b,dummy-lora-7b-rank-64-4,673,41,825.9315704012613
6590,huggyllama/llama-7b,dummy-lora-7b-rank-8-3,328,55,826.1289662456788
6591,huggyllama/llama-7b,dummy-lora-7b-rank-128-1,328,131,826.1807673598652
6592,huggyllama/llama-7b,dummy-lora-7b-rank-8-3,304,12,826.2590025735703
6593,huggyllama/llama-7b,dummy-lora-7b-rank-8-4,758,3,826.2621549339611
6594,huggyllama/llama-7b,dummy-lora-7b-rank-8-1,420,8,826.2686579115126
6595,huggyllama/llama-7b,dummy-lora-7b-rank-64-2,489,54,826.7566874564202
6596,huggyllama/llama-7b,dummy-lora-7b-rank-32-4,601,28,826.9290670423193
6597,huggyllama/llama-7b,dummy-lora-7b-rank-32-1,564,17,826.9336907013949
6598,huggyllama/llama-7b,dummy-lora-7b-rank-8-1,137,49,826.9529590500272
6599,huggyllama/llama-7b,dummy-lora-7b-rank-128-0,592,42,827.5527361308056
6600,huggyllama/llama-7b,dummy-lora-7b-rank-32-4,566,13,827.6128426121898
6601,huggyllama/llama-7b,dummy-lora-7b-rank-32-4,599,15,827.9139223811096
6602,huggyllama/llama-7b,dummy-lora-7b-rank-32-4,612,21,827.956843072441
6603,huggyllama/llama-7b,dummy-lora-7b-rank-16-0,549,7,828.5346288283009
6604,huggyllama/llama-7b,dummy-lora-7b-rank-64-4,583,49,828.550230461915
6605,huggyllama/llama-7b,dummy-lora-7b-rank-16-2,55,47,828.6829327867182
6606,huggyllama/llama-7b,dummy-lora-7b-rank-64-3,422,12,828.8399643335509
6607,huggyllama/llama-7b,dummy-lora-7b-rank-128-0,589,25,828.9489264848087
6608,huggyllama/llama-7b,dummy-lora-7b-rank-64-3,611,17,829.0521820116599
6609,huggyllama/llama-7b,dummy-lora-7b-rank-128-2,346,51,829.2425627154745
6610,huggyllama/llama-7b,dummy-lora-7b-rank-8-4,209,50,829.2741822396828
6611,huggyllama/llama-7b,dummy-lora-7b-rank-32-0,193,43,829.5088764227203
6612,huggyllama/llama-7b,dummy-lora-7b-rank-128-3,546,13,829.5615364158339
6613,huggyllama/llama-7b,dummy-lora-7b-rank-16-2,568,47,829.6661921506586
6614,huggyllama/llama-7b,dummy-lora-7b-rank-64-0,332,52,830.0257951888137
6615,huggyllama/llama-7b,dummy-lora-7b-rank-128-4,704,49,830.0991303560612
6616,huggyllama/llama-7b,dummy-lora-7b-rank-16-4,566,29,830.2043150295177
6617,huggyllama/llama-7b,dummy-lora-7b-rank-32-0,309,8,830.2345797205526
6618,huggyllama/llama-7b,dummy-lora-7b-rank-16-0,336,42,830.247288558673
6619,huggyllama/llama-7b,dummy-lora-7b-rank-8-4,846,41,830.5055728822333
6620,huggyllama/llama-7b,dummy-lora-7b-rank-16-1,747,59,830.6814327699201
6621,huggyllama/llama-7b,dummy-lora-7b-rank-128-3,633,37,830.7267632274376
6622,huggyllama/llama-7b,dummy-lora-7b-rank-64-0,164,40,830.8447689459402
6623,huggyllama/llama-7b,dummy-lora-7b-rank-32-3,487,7,830.9846198037733
6624,huggyllama/llama-7b,dummy-lora-7b-rank-64-1,586,18,830.993916807945
6625,huggyllama/llama-7b,dummy-lora-7b-rank-128-2,733,11,831.1622084987928
6626,huggyllama/llama-7b,dummy-lora-7b-rank-128-1,411,41,831.199198392932
6627,huggyllama/llama-7b,dummy-lora-7b-rank-64-3,234,105,831.6174411660143
6628,huggyllama/llama-7b,dummy-lora-7b-rank-8-4,556,21,831.7017903411498
6629,huggyllama/llama-7b,dummy-lora-7b-rank-128-1,551,9,832.1981459277167
6630,huggyllama/llama-7b,dummy-lora-7b-rank-64-1,1012,9,832.2223291446768
6631,huggyllama/llama-7b,dummy-lora-7b-rank-8-0,491,97,832.4107683039801
6632,huggyllama/llama-7b,dummy-lora-7b-rank-16-4,560,25,832.6012890521203
6633,huggyllama/llama-7b,dummy-lora-7b-rank-64-2,561,25,832.7971514387235
6634,huggyllama/llama-7b,dummy-lora-7b-rank-8-0,60,101,832.8983787126758
6635,huggyllama/llama-7b,dummy-lora-7b-rank-16-1,326,18,832.9271798574088
6636,huggyllama/llama-7b,dummy-lora-7b-rank-128-1,445,185,833.1791472279037
6637,huggyllama/llama-7b,dummy-lora-7b-rank-8-2,294,7,833.180972401512
6638,huggyllama/llama-7b,dummy-lora-7b-rank-64-2,602,19,833.3581145448618
6639,huggyllama/llama-7b,dummy-lora-7b-rank-32-0,336,41,833.4633814267355
6640,huggyllama/llama-7b,dummy-lora-7b-rank-16-3,325,158,833.5290978292666
6641,huggyllama/llama-7b,dummy-lora-7b-rank-64-4,353,6,833.5315588060159
6642,huggyllama/llama-7b,dummy-lora-7b-rank-8-0,548,17,833.6892526360638
6643,huggyllama/llama-7b,dummy-lora-7b-rank-8-4,646,62,833.7717575275154
6644,huggyllama/llama-7b,dummy-lora-7b-rank-32-4,394,9,833.831456929086
6645,huggyllama/llama-7b,dummy-lora-7b-rank-8-1,355,50,833.914529890263
6646,huggyllama/llama-7b,dummy-lora-7b-rank-16-1,556,21,834.0214427624977
6647,huggyllama/llama-7b,dummy-lora-7b-rank-16-0,306,48,834.0242680935382
6648,huggyllama/llama-7b,dummy-lora-7b-rank-8-3,558,21,834.2950172693862
6649,huggyllama/llama-7b,dummy-lora-7b-rank-64-4,552,19,834.3616304967009
6650,huggyllama/llama-7b,dummy-lora-7b-rank-64-2,356,53,834.4103911429145
6651,huggyllama/llama-7b,dummy-lora-7b-rank-128-2,584,68,834.8185583225519
6652,huggyllama/llama-7b,dummy-lora-7b-rank-32-1,546,16,834.9968466062111
6653,huggyllama/llama-7b,dummy-lora-7b-rank-128-1,740,11,835.057182843717
6654,huggyllama/llama-7b,dummy-lora-7b-rank-128-3,375,47,835.17525800068
6655,huggyllama/llama-7b,dummy-lora-7b-rank-32-0,568,26,835.5116809929989
6656,huggyllama/llama-7b,dummy-lora-7b-rank-128-1,472,44,835.5275034923542
6657,huggyllama/llama-7b,dummy-lora-7b-rank-32-3,559,9,835.5878656979983
6658,huggyllama/llama-7b,dummy-lora-7b-rank-32-4,550,10,835.7414113128283
6659,huggyllama/llama-7b,dummy-lora-7b-rank-32-2,348,46,836.2230742808129
6660,huggyllama/llama-7b,dummy-lora-7b-rank-64-1,568,26,836.2356194540906
6661,huggyllama/llama-7b,dummy-lora-7b-rank-8-0,528,49,836.3725360680977
6662,huggyllama/llama-7b,dummy-lora-7b-rank-16-4,598,25,836.4215657988698
6663,huggyllama/llama-7b,dummy-lora-7b-rank-16-0,552,18,836.6637716259439
6664,huggyllama/llama-7b,dummy-lora-7b-rank-64-3,566,29,836.7791746924402
6665,huggyllama/llama-7b,dummy-lora-7b-rank-8-4,250,138,836.7910144117496
6666,huggyllama/llama-7b,dummy-lora-7b-rank-128-3,310,3,836.9913298638784
6667,huggyllama/llama-7b,dummy-lora-7b-rank-32-2,607,24,837.045307430231
6668,huggyllama/llama-7b,dummy-lora-7b-rank-32-3,612,12,837.8090792876184
6669,huggyllama/llama-7b,dummy-lora-7b-rank-8-3,396,4,837.855946280405
6670,huggyllama/llama-7b,dummy-lora-7b-rank-64-4,354,14,837.8801440018686
6671,huggyllama/llama-7b,dummy-lora-7b-rank-128-3,615,49,837.9942509108912
6672,huggyllama/llama-7b,dummy-lora-7b-rank-128-4,94,34,838.1536960378141
6673,huggyllama/llama-7b,dummy-lora-7b-rank-64-4,278,59,838.1822577167699
6674,huggyllama/llama-7b,dummy-lora-7b-rank-128-2,498,9,838.2173963048897
6675,huggyllama/llama-7b,dummy-lora-7b-rank-32-3,552,21,838.3748275673164
6676,huggyllama/llama-7b,dummy-lora-7b-rank-32-4,683,41,838.8653454212872
6677,huggyllama/llama-7b,dummy-lora-7b-rank-8-3,432,24,838.910467612514
6678,huggyllama/llama-7b,dummy-lora-7b-rank-64-0,751,59,838.9166839160207
6679,huggyllama/llama-7b,dummy-lora-7b-rank-128-0,244,58,838.9296360619194
6680,huggyllama/llama-7b,dummy-lora-7b-rank-16-0,705,31,839.1163196335226
6681,huggyllama/llama-7b,dummy-lora-7b-rank-128-1,199,57,839.1400364687676
6682,huggyllama/llama-7b,dummy-lora-7b-rank-8-1,425,174,839.3299933499061
6683,huggyllama/llama-7b,dummy-lora-7b-rank-16-0,568,28,839.7235264489896
6684,huggyllama/llama-7b,dummy-lora-7b-rank-32-4,106,48,839.9571143012785
6685,huggyllama/llama-7b,dummy-lora-7b-rank-128-3,560,15,839.9838845418732
6686,huggyllama/llama-7b,dummy-lora-7b-rank-32-2,770,9,840.2741697919402
6687,huggyllama/llama-7b,dummy-lora-7b-rank-64-2,250,46,840.6348888225892
6688,huggyllama/llama-7b,dummy-lora-7b-rank-32-3,222,95,840.6452080284338
6689,huggyllama/llama-7b,dummy-lora-7b-rank-128-2,611,18,840.6884326594753
6690,huggyllama/llama-7b,dummy-lora-7b-rank-32-4,393,50,840.8170193701872
6691,huggyllama/llama-7b,dummy-lora-7b-rank-16-4,379,10,840.8525852708931
6692,huggyllama/llama-7b,dummy-lora-7b-rank-128-3,487,4,840.9127368438457
6693,huggyllama/llama-7b,dummy-lora-7b-rank-128-0,208,137,841.0254823630596
6694,huggyllama/llama-7b,dummy-lora-7b-rank-16-1,645,23,841.0953661808097
6695,huggyllama/llama-7b,dummy-lora-7b-rank-8-1,812,50,841.1637064464006
6696,huggyllama/llama-7b,dummy-lora-7b-rank-128-1,533,48,841.1862207107282
6697,huggyllama/llama-7b,dummy-lora-7b-rank-128-2,552,20,841.3867761374968
6698,huggyllama/llama-7b,dummy-lora-7b-rank-128-2,419,46,841.4362319371612
6699,huggyllama/llama-7b,dummy-lora-7b-rank-16-2,551,16,841.5157175665563
6700,huggyllama/llama-7b,dummy-lora-7b-rank-16-2,445,11,841.668396317619
6701,huggyllama/llama-7b,dummy-lora-7b-rank-128-1,215,46,841.9126434060504
6702,huggyllama/llama-7b,dummy-lora-7b-rank-128-4,601,3,842.030315506865
6703,huggyllama/llama-7b,dummy-lora-7b-rank-16-0,570,6,842.1886659157218
6704,huggyllama/llama-7b,dummy-lora-7b-rank-16-3,572,31,842.2553034828569
6705,huggyllama/llama-7b,dummy-lora-7b-rank-64-0,564,26,842.2656728456309
6706,huggyllama/llama-7b,dummy-lora-7b-rank-32-3,552,8,842.3283726873519
6707,huggyllama/llama-7b,dummy-lora-7b-rank-64-1,737,57,842.3408120110741
6708,huggyllama/llama-7b,dummy-lora-7b-rank-128-4,207,60,842.5432220285786
6709,huggyllama/llama-7b,dummy-lora-7b-rank-16-2,637,11,842.6545240361341
6710,huggyllama/llama-7b,dummy-lora-7b-rank-64-0,303,53,842.7440984276307
6711,huggyllama/llama-7b,dummy-lora-7b-rank-8-2,567,24,842.7645088312267
6712,huggyllama/llama-7b,dummy-lora-7b-rank-64-0,546,16,842.8731844858523
6713,huggyllama/llama-7b,dummy-lora-7b-rank-32-2,284,41,843.0133360476847
6714,huggyllama/llama-7b,dummy-lora-7b-rank-128-3,472,112,843.1264651608219
6715,huggyllama/llama-7b,dummy-lora-7b-rank-32-4,556,13,843.2640861995841
6716,huggyllama/llama-7b,dummy-lora-7b-rank-16-4,739,12,843.3188534598996
6717,huggyllama/llama-7b,dummy-lora-7b-rank-128-4,1013,10,843.3337852819242
6718,huggyllama/llama-7b,dummy-lora-7b-rank-16-3,496,44,843.5258887194717
6719,huggyllama/llama-7b,dummy-lora-7b-rank-64-3,823,70,843.8825530094172
6720,huggyllama/llama-7b,dummy-lora-7b-rank-8-3,256,42,843.9055961922943
6721,huggyllama/llama-7b,dummy-lora-7b-rank-32-4,465,15,844.263223173331
6722,huggyllama/llama-7b,dummy-lora-7b-rank-32-2,556,15,844.3215853610234
6723,huggyllama/llama-7b,dummy-lora-7b-rank-8-1,554,51,844.4889644104245
6724,huggyllama/llama-7b,dummy-lora-7b-rank-16-3,254,52,844.7324970968211
6725,huggyllama/llama-7b,dummy-lora-7b-rank-16-4,925,62,844.9845173410235
6726,huggyllama/llama-7b,dummy-lora-7b-rank-64-2,613,21,845.0665509828934
6727,huggyllama/llama-7b,dummy-lora-7b-rank-128-4,220,49,845.0786700873406
6728,huggyllama/llama-7b,dummy-lora-7b-rank-128-4,1000,67,845.0989984283719
6729,huggyllama/llama-7b,dummy-lora-7b-rank-16-0,432,67,845.1619953288641
6730,huggyllama/llama-7b,dummy-lora-7b-rank-64-4,136,106,845.1622326029577
6731,huggyllama/llama-7b,dummy-lora-7b-rank-16-1,1005,66,845.1831048418098
6732,huggyllama/llama-7b,dummy-lora-7b-rank-16-4,582,26,845.3431594716156
6733,huggyllama/llama-7b,dummy-lora-7b-rank-8-4,401,11,845.550283213451
6734,huggyllama/llama-7b,dummy-lora-7b-rank-8-2,546,16,845.593852501672
6735,huggyllama/llama-7b,dummy-lora-7b-rank-16-1,556,6,845.6917567396697
6736,huggyllama/llama-7b,dummy-lora-7b-rank-128-2,220,53,845.7745378579141
6737,huggyllama/llama-7b,dummy-lora-7b-rank-8-3,862,3,845.9707652698821
6738,huggyllama/llama-7b,dummy-lora-7b-rank-32-4,600,195,846.1163139529735
6739,huggyllama/llama-7b,dummy-lora-7b-rank-32-3,546,16,846.1250237380867
6740,huggyllama/llama-7b,dummy-lora-7b-rank-16-3,276,43,846.1738667180898
6741,huggyllama/llama-7b,dummy-lora-7b-rank-32-3,592,15,846.1876680224375
6742,huggyllama/llama-7b,dummy-lora-7b-rank-128-1,343,47,846.4741532235297
6743,huggyllama/llama-7b,dummy-lora-7b-rank-128-2,428,8,846.5676614658967
6744,huggyllama/llama-7b,dummy-lora-7b-rank-64-0,558,44,846.7640232298004
6745,huggyllama/llama-7b,dummy-lora-7b-rank-32-3,615,21,846.9413881917824
6746,huggyllama/llama-7b,dummy-lora-7b-rank-64-3,586,19,847.2180907443723
6747,huggyllama/llama-7b,dummy-lora-7b-rank-8-4,653,48,847.2224871300555
6748,huggyllama/llama-7b,dummy-lora-7b-rank-8-2,602,28,847.3831953476212
6749,huggyllama/llama-7b,dummy-lora-7b-rank-32-4,105,36,847.383916963037
6750,huggyllama/llama-7b,dummy-lora-7b-rank-64-1,270,45,847.4402152897393
6751,huggyllama/llama-7b,dummy-lora-7b-rank-128-4,625,32,847.605942386642
6752,huggyllama/llama-7b,dummy-lora-7b-rank-32-4,280,57,847.698263810061
6753,huggyllama/llama-7b,dummy-lora-7b-rank-64-3,552,19,847.7608866828828
6754,huggyllama/llama-7b,dummy-lora-7b-rank-16-1,394,8,847.8211154087678
6755,huggyllama/llama-7b,dummy-lora-7b-rank-64-0,421,52,847.9672359230656
6756,huggyllama/llama-7b,dummy-lora-7b-rank-16-3,554,18,847.9934389372834
6757,huggyllama/llama-7b,dummy-lora-7b-rank-8-0,618,21,848.2070378320799
6758,huggyllama/llama-7b,dummy-lora-7b-rank-16-0,556,23,848.225240749584
6759,huggyllama/llama-7b,dummy-lora-7b-rank-64-3,759,68,848.2719914476422
6760,huggyllama/llama-7b,dummy-lora-7b-rank-64-1,665,52,848.3870285763596
6761,huggyllama/llama-7b,dummy-lora-7b-rank-16-0,552,19,848.4338882751318
6762,huggyllama/llama-7b,dummy-lora-7b-rank-128-3,394,60,848.4655130176417
6763,huggyllama/llama-7b,dummy-lora-7b-rank-16-1,882,63,848.7277033283364
6764,huggyllama/llama-7b,dummy-lora-7b-rank-8-1,267,49,848.8238587571872
6765,huggyllama/llama-7b,dummy-lora-7b-rank-64-1,196,44,848.9388755421883
6766,huggyllama/llama-7b,dummy-lora-7b-rank-32-4,104,83,848.9745083866798
6767,huggyllama/llama-7b,dummy-lora-7b-rank-32-2,607,9,849.0139619312024
6768,huggyllama/llama-7b,dummy-lora-7b-rank-8-2,413,51,849.3765000224607
6769,huggyllama/llama-7b,dummy-lora-7b-rank-8-2,50,11,849.5399149706802
6770,huggyllama/llama-7b,dummy-lora-7b-rank-16-3,600,17,850.0117253903361
6771,huggyllama/llama-7b,dummy-lora-7b-rank-8-2,59,105,850.054111037455
6772,huggyllama/llama-7b,dummy-lora-7b-rank-32-2,970,15,850.0744027444916
6773,huggyllama/llama-7b,dummy-lora-7b-rank-8-2,277,56,850.1633166838034
6774,huggyllama/llama-7b,dummy-lora-7b-rank-64-4,698,87,850.2139781552908
6775,huggyllama/llama-7b,dummy-lora-7b-rank-128-0,424,43,850.2382412592291
6776,huggyllama/llama-7b,dummy-lora-7b-rank-16-1,303,17,850.2391411600246
6777,huggyllama/llama-7b,dummy-lora-7b-rank-128-3,568,27,850.6252401345185
6778,huggyllama/llama-7b,dummy-lora-7b-rank-16-0,576,12,850.7210609589487
6779,huggyllama/llama-7b,dummy-lora-7b-rank-8-0,552,16,850.7545440602064
6780,huggyllama/llama-7b,dummy-lora-7b-rank-16-4,661,58,850.9272688678977
6781,huggyllama/llama-7b,dummy-lora-7b-rank-32-1,255,15,851.1126438812792
6782,huggyllama/llama-7b,dummy-lora-7b-rank-32-4,1014,226,851.3198518643653
6783,huggyllama/llama-7b,dummy-lora-7b-rank-8-2,515,38,851.6324708249231
6784,huggyllama/llama-7b,dummy-lora-7b-rank-128-1,533,6,851.7884066704962
6785,huggyllama/llama-7b,dummy-lora-7b-rank-128-1,608,112,852.0383018205624
6786,huggyllama/llama-7b,dummy-lora-7b-rank-128-3,291,39,852.176547673909
6787,huggyllama/llama-7b,dummy-lora-7b-rank-64-2,627,31,852.2473393424481
6788,huggyllama/llama-7b,dummy-lora-7b-rank-64-3,389,5,852.555707014736
6789,huggyllama/llama-7b,dummy-lora-7b-rank-32-3,757,33,852.590039679642
6790,huggyllama/llama-7b,dummy-lora-7b-rank-32-0,481,7,852.6057240713745
6791,huggyllama/llama-7b,dummy-lora-7b-rank-64-4,180,117,852.6803506971632
6792,huggyllama/llama-7b,dummy-lora-7b-rank-16-3,55,56,852.7672264497122
6793,huggyllama/llama-7b,dummy-lora-7b-rank-128-4,564,21,852.7982742028148
6794,huggyllama/llama-7b,dummy-lora-7b-rank-16-2,232,10,852.8015223600355
6795,huggyllama/llama-7b,dummy-lora-7b-rank-64-4,197,52,852.839938542423
6796,huggyllama/llama-7b,dummy-lora-7b-rank-32-3,560,23,852.8869501870051
6797,huggyllama/llama-7b,dummy-lora-7b-rank-32-3,593,16,853.0249557456654
6798,huggyllama/llama-7b,dummy-lora-7b-rank-128-3,251,48,853.0271519270408
6799,huggyllama/llama-7b,dummy-lora-7b-rank-16-1,615,25,853.2416423117749
6800,huggyllama/llama-7b,dummy-lora-7b-rank-16-4,435,59,853.8562099364489
6801,huggyllama/llama-7b,dummy-lora-7b-rank-32-4,306,52,853.8911062541888
6802,huggyllama/llama-7b,dummy-lora-7b-rank-64-3,422,53,854.0500462883444
6803,huggyllama/llama-7b,dummy-lora-7b-rank-16-0,654,16,854.2561879304358
6804,huggyllama/llama-7b,dummy-lora-7b-rank-8-0,411,11,854.3347576735445
6805,huggyllama/llama-7b,dummy-lora-7b-rank-64-2,568,29,854.5918449154428
6806,huggyllama/llama-7b,dummy-lora-7b-rank-32-3,324,53,854.8222343975953
6807,huggyllama/llama-7b,dummy-lora-7b-rank-16-3,793,67,854.9326045054179
6808,huggyllama/llama-7b,dummy-lora-7b-rank-128-4,415,73,854.9353810118674
6809,huggyllama/llama-7b,dummy-lora-7b-rank-128-0,390,10,854.9799766613875
6810,huggyllama/llama-7b,dummy-lora-7b-rank-8-3,83,53,855.1154949964164
6811,huggyllama/llama-7b,dummy-lora-7b-rank-8-1,401,44,855.206446376354
6812,huggyllama/llama-7b,dummy-lora-7b-rank-8-2,429,46,855.5451210012168
6813,huggyllama/llama-7b,dummy-lora-7b-rank-8-0,462,60,855.6854138220477
6814,huggyllama/llama-7b,dummy-lora-7b-rank-16-3,347,74,855.699651644291
6815,huggyllama/llama-7b,dummy-lora-7b-rank-32-1,537,231,855.7713462505307
6816,huggyllama/llama-7b,dummy-lora-7b-rank-8-4,562,22,856.3407076463737
6817,huggyllama/llama-7b,dummy-lora-7b-rank-32-2,563,18,856.3464046594025
6818,huggyllama/llama-7b,dummy-lora-7b-rank-32-1,730,12,856.437944260805
6819,huggyllama/llama-7b,dummy-lora-7b-rank-32-1,560,24,856.6674293314469
6820,huggyllama/llama-7b,dummy-lora-7b-rank-32-4,558,24,856.9594557584865
6821,huggyllama/llama-7b,dummy-lora-7b-rank-64-1,564,26,857.2718752107988
6822,huggyllama/llama-7b,dummy-lora-7b-rank-16-3,556,21,857.2801718930193
6823,huggyllama/llama-7b,dummy-lora-7b-rank-64-0,753,109,857.3500520051994
6824,huggyllama/llama-7b,dummy-lora-7b-rank-32-0,620,22,857.3959451109044
6825,huggyllama/llama-7b,dummy-lora-7b-rank-16-3,605,27,857.704021278962
6826,huggyllama/llama-7b,dummy-lora-7b-rank-16-2,641,6,857.711968539403
6827,huggyllama/llama-7b,dummy-lora-7b-rank-8-3,986,35,857.8049222849912
6828,huggyllama/llama-7b,dummy-lora-7b-rank-64-2,327,66,857.8464100101365
6829,huggyllama/llama-7b,dummy-lora-7b-rank-16-0,463,109,857.9246534008134
6830,huggyllama/llama-7b,dummy-lora-7b-rank-8-4,536,8,858.0747340182422
6831,huggyllama/llama-7b,dummy-lora-7b-rank-32-1,379,7,858.0762410884926
6832,huggyllama/llama-7b,dummy-lora-7b-rank-16-1,273,45,858.5217697599065
6833,huggyllama/llama-7b,dummy-lora-7b-rank-8-2,132,62,858.6762538494073
6834,huggyllama/llama-7b,dummy-lora-7b-rank-8-3,611,11,858.7697027309157
6835,huggyllama/llama-7b,dummy-lora-7b-rank-16-3,552,18,858.9732012980372
6836,huggyllama/llama-7b,dummy-lora-7b-rank-128-2,531,11,858.9764780913463
6837,huggyllama/llama-7b,dummy-lora-7b-rank-32-1,616,35,858.9794637070742
6838,huggyllama/llama-7b,dummy-lora-7b-rank-128-0,397,58,859.0729901432816
6839,huggyllama/llama-7b,dummy-lora-7b-rank-32-2,550,18,859.1618405005264
6840,huggyllama/llama-7b,dummy-lora-7b-rank-64-4,424,4,859.2765079635844
6841,huggyllama/llama-7b,dummy-lora-7b-rank-64-4,290,37,859.6058994509564
6842,huggyllama/llama-7b,dummy-lora-7b-rank-64-4,337,6,859.6103042830547
6843,huggyllama/llama-7b,dummy-lora-7b-rank-16-4,473,10,859.7451165173072
6844,huggyllama/llama-7b,dummy-lora-7b-rank-64-3,528,102,859.9522925294866
6845,huggyllama/llama-7b,dummy-lora-7b-rank-64-3,139,50,859.9756245277346
6846,huggyllama/llama-7b,dummy-lora-7b-rank-64-3,557,49,859.9851944490034
6847,huggyllama/llama-7b,dummy-lora-7b-rank-128-3,556,19,860.0067479944494
6848,huggyllama/llama-7b,dummy-lora-7b-rank-32-1,542,14,860.0199207031875
6849,huggyllama/llama-7b,dummy-lora-7b-rank-64-2,471,7,860.5642013722729
6850,huggyllama/llama-7b,dummy-lora-7b-rank-128-0,996,44,860.581578097351
6851,huggyllama/llama-7b,dummy-lora-7b-rank-64-1,643,12,860.6224090120661
6852,huggyllama/llama-7b,dummy-lora-7b-rank-32-1,567,20,860.7826864447541
6853,huggyllama/llama-7b,dummy-lora-7b-rank-8-0,442,49,860.8260347127085
6854,huggyllama/llama-7b,dummy-lora-7b-rank-128-0,598,28,860.9304250061509
6855,huggyllama/llama-7b,dummy-lora-7b-rank-32-4,812,15,861.0990156818152
6856,huggyllama/llama-7b,dummy-lora-7b-rank-128-3,603,16,861.1192488242189
6857,huggyllama/llama-7b,dummy-lora-7b-rank-32-0,292,13,861.285765105853
6858,huggyllama/llama-7b,dummy-lora-7b-rank-32-0,300,139,861.751646806684
6859,huggyllama/llama-7b,dummy-lora-7b-rank-8-0,564,26,861.9893545203654
6860,huggyllama/llama-7b,dummy-lora-7b-rank-64-1,100,48,862.1244991767602
6861,huggyllama/llama-7b,dummy-lora-7b-rank-64-1,289,11,862.2470180340844
6862,huggyllama/llama-7b,dummy-lora-7b-rank-16-4,627,8,862.4193050413237
6863,huggyllama/llama-7b,dummy-lora-7b-rank-8-4,554,20,862.4509951097232
6864,huggyllama/llama-7b,dummy-lora-7b-rank-128-1,308,45,862.5733307706072
6865,huggyllama/llama-7b,dummy-lora-7b-rank-32-1,549,18,862.621716939544
6866,huggyllama/llama-7b,dummy-lora-7b-rank-32-3,554,22,862.8933462577522
6867,huggyllama/llama-7b,dummy-lora-7b-rank-64-2,486,101,862.9225719251948
6868,huggyllama/llama-7b,dummy-lora-7b-rank-128-3,229,121,862.9300241798816
6869,huggyllama/llama-7b,dummy-lora-7b-rank-128-2,857,100,863.0800412861236
6870,huggyllama/llama-7b,dummy-lora-7b-rank-128-3,670,12,863.1925585720468
6871,huggyllama/llama-7b,dummy-lora-7b-rank-64-1,438,44,863.2246836127706
6872,huggyllama/llama-7b,dummy-lora-7b-rank-8-2,226,91,863.225763992586
6873,huggyllama/llama-7b,dummy-lora-7b-rank-32-2,740,7,863.4259607260233
6874,huggyllama/llama-7b,dummy-lora-7b-rank-128-0,419,60,863.4644705012521
6875,huggyllama/llama-7b,dummy-lora-7b-rank-16-1,420,35,863.5131282529311
6876,huggyllama/llama-7b,dummy-lora-7b-rank-32-2,556,19,863.6833729138905
6877,huggyllama/llama-7b,dummy-lora-7b-rank-64-2,352,34,863.9197510429701
6878,huggyllama/llama-7b,dummy-lora-7b-rank-128-2,560,23,863.9770234821212
6879,huggyllama/llama-7b,dummy-lora-7b-rank-32-0,552,19,864.1830224825485
6880,huggyllama/llama-7b,dummy-lora-7b-rank-32-4,59,53,864.188903200465
6881,huggyllama/llama-7b,dummy-lora-7b-rank-8-1,462,17,864.1967244287123
6882,huggyllama/llama-7b,dummy-lora-7b-rank-16-1,618,101,864.2105623815402
6883,huggyllama/llama-7b,dummy-lora-7b-rank-128-1,553,12,864.4871545365497
6884,huggyllama/llama-7b,dummy-lora-7b-rank-128-4,556,24,864.5230223481188
6885,huggyllama/llama-7b,dummy-lora-7b-rank-16-3,409,56,864.7640269939911
6886,huggyllama/llama-7b,dummy-lora-7b-rank-16-0,960,39,864.8423191224479
6887,huggyllama/llama-7b,dummy-lora-7b-rank-32-3,644,9,864.9370868190339
6888,huggyllama/llama-7b,dummy-lora-7b-rank-8-3,572,10,865.477849420218
6889,huggyllama/llama-7b,dummy-lora-7b-rank-32-4,784,48,865.4784132139648
6890,huggyllama/llama-7b,dummy-lora-7b-rank-128-1,562,22,865.6904765766627
6891,huggyllama/llama-7b,dummy-lora-7b-rank-64-4,195,38,865.7005932904428
6892,huggyllama/llama-7b,dummy-lora-7b-rank-64-1,460,11,865.7163605783979
6893,huggyllama/llama-7b,dummy-lora-7b-rank-32-0,520,13,866.0635192275479
6894,huggyllama/llama-7b,dummy-lora-7b-rank-128-1,495,9,866.0709744034023
6895,huggyllama/llama-7b,dummy-lora-7b-rank-16-2,429,42,866.0838509068993
6896,huggyllama/llama-7b,dummy-lora-7b-rank-16-0,582,39,866.1106646042311
6897,huggyllama/llama-7b,dummy-lora-7b-rank-16-3,344,10,866.5885230751253
6898,huggyllama/llama-7b,dummy-lora-7b-rank-128-2,892,30,866.6101770598917
6899,huggyllama/llama-7b,dummy-lora-7b-rank-16-2,200,63,866.765711930931
6900,huggyllama/llama-7b,dummy-lora-7b-rank-128-3,633,10,866.7925163662195
6901,huggyllama/llama-7b,dummy-lora-7b-rank-8-0,571,6,867.1218646020309
6902,huggyllama/llama-7b,dummy-lora-7b-rank-64-0,535,7,867.2322141351717
6903,huggyllama/llama-7b,dummy-lora-7b-rank-8-0,163,43,867.2806905133538
6904,huggyllama/llama-7b,dummy-lora-7b-rank-16-2,552,22,867.3674506837575
6905,huggyllama/llama-7b,dummy-lora-7b-rank-128-1,648,21,867.6038264440917
6906,huggyllama/llama-7b,dummy-lora-7b-rank-8-3,566,27,867.6977032455825
6907,huggyllama/llama-7b,dummy-lora-7b-rank-32-1,521,48,867.7826942386816
6908,huggyllama/llama-7b,dummy-lora-7b-rank-128-2,552,3,867.7889781128732
6909,huggyllama/llama-7b,dummy-lora-7b-rank-8-0,87,58,867.8846335976973
6910,huggyllama/llama-7b,dummy-lora-7b-rank-64-1,326,174,867.8897421648725
6911,huggyllama/llama-7b,dummy-lora-7b-rank-64-3,779,105,867.9663675966738
6912,huggyllama/llama-7b,dummy-lora-7b-rank-32-0,290,46,867.9765772543753
6913,huggyllama/llama-7b,dummy-lora-7b-rank-128-4,720,17,868.0333838380759
6914,huggyllama/llama-7b,dummy-lora-7b-rank-64-4,440,121,868.0564814886548
6915,huggyllama/llama-7b,dummy-lora-7b-rank-64-4,572,32,868.0741073418774
6916,huggyllama/llama-7b,dummy-lora-7b-rank-8-3,348,44,868.0825059085342
6917,huggyllama/llama-7b,dummy-lora-7b-rank-32-4,588,39,868.1257179122821
6918,huggyllama/llama-7b,dummy-lora-7b-rank-8-0,619,24,868.2966512645952
6919,huggyllama/llama-7b,dummy-lora-7b-rank-8-3,730,32,868.6455091446098
6920,huggyllama/llama-7b,dummy-lora-7b-rank-16-0,548,17,868.9801570431204
6921,huggyllama/llama-7b,dummy-lora-7b-rank-16-2,471,52,868.9847220204184
6922,huggyllama/llama-7b,dummy-lora-7b-rank-16-0,590,2,869.3867413162466
6923,huggyllama/llama-7b,dummy-lora-7b-rank-8-1,556,21,869.4332304430109
6924,huggyllama/llama-7b,dummy-lora-7b-rank-16-0,117,31,869.6271371494068
6925,huggyllama/llama-7b,dummy-lora-7b-rank-8-4,234,6,869.6554852703655
6926,huggyllama/llama-7b,dummy-lora-7b-rank-128-1,495,48,869.7258491988889
6927,huggyllama/llama-7b,dummy-lora-7b-rank-128-2,763,10,869.7899719939462
6928,huggyllama/llama-7b,dummy-lora-7b-rank-8-1,287,50,870.0516569310571
6929,huggyllama/llama-7b,dummy-lora-7b-rank-32-2,554,20,870.0672659458531
6930,huggyllama/llama-7b,dummy-lora-7b-rank-128-3,552,11,870.3203105026286
6931,huggyllama/llama-7b,dummy-lora-7b-rank-64-2,560,13,870.4443337000365
6932,huggyllama/llama-7b,dummy-lora-7b-rank-128-0,903,3,870.5129502971058
6933,huggyllama/llama-7b,dummy-lora-7b-rank-64-0,104,53,870.5226819590778
6934,huggyllama/llama-7b,dummy-lora-7b-rank-32-3,564,7,870.7296972494673
6935,huggyllama/llama-7b,dummy-lora-7b-rank-32-4,184,169,870.7797593925122
6936,huggyllama/llama-7b,dummy-lora-7b-rank-8-4,333,45,870.9043723952068
6937,huggyllama/llama-7b,dummy-lora-7b-rank-32-4,514,58,871.1639958726462
6938,huggyllama/llama-7b,dummy-lora-7b-rank-32-3,556,21,871.1843430879002
6939,huggyllama/llama-7b,dummy-lora-7b-rank-64-2,196,71,871.2933531370415
6940,huggyllama/llama-7b,dummy-lora-7b-rank-64-2,284,43,871.316474960966
6941,huggyllama/llama-7b,dummy-lora-7b-rank-64-4,423,49,871.3238766407544
6942,huggyllama/llama-7b,dummy-lora-7b-rank-64-4,540,6,871.3472534050937
6943,huggyllama/llama-7b,dummy-lora-7b-rank-128-3,290,38,871.4293187457821
6944,huggyllama/llama-7b,dummy-lora-7b-rank-8-0,181,167,871.4790737721854
6945,huggyllama/llama-7b,dummy-lora-7b-rank-32-0,724,19,871.5053749961536
6946,huggyllama/llama-7b,dummy-lora-7b-rank-128-2,420,53,871.6122081906539
6947,huggyllama/llama-7b,dummy-lora-7b-rank-8-4,610,37,871.8073594285316
6948,huggyllama/llama-7b,dummy-lora-7b-rank-16-1,828,67,871.8112288958512
6949,huggyllama/llama-7b,dummy-lora-7b-rank-16-1,457,11,872.0145237078646
6950,huggyllama/llama-7b,dummy-lora-7b-rank-32-4,560,22,872.0929897983689
6951,huggyllama/llama-7b,dummy-lora-7b-rank-128-2,596,24,872.2349535863534
6952,huggyllama/llama-7b,dummy-lora-7b-rank-8-0,770,8,872.434933305488
6953,huggyllama/llama-7b,dummy-lora-7b-rank-128-4,555,17,872.6488116986571
6954,huggyllama/llama-7b,dummy-lora-7b-rank-16-2,575,49,872.6673115194777
6955,huggyllama/llama-7b,dummy-lora-7b-rank-8-2,885,19,872.6684028940771
6956,huggyllama/llama-7b,dummy-lora-7b-rank-16-2,503,54,872.7577184300069
6957,huggyllama/llama-7b,dummy-lora-7b-rank-64-2,545,7,873.0385782712826
6958,huggyllama/llama-7b,dummy-lora-7b-rank-32-3,336,39,873.4579413306722
6959,huggyllama/llama-7b,dummy-lora-7b-rank-128-3,597,24,873.5912277151003
6960,huggyllama/llama-7b,dummy-lora-7b-rank-8-2,486,49,873.8436436643598
6961,huggyllama/llama-7b,dummy-lora-7b-rank-32-4,164,19,874.3094273320835
6962,huggyllama/llama-7b,dummy-lora-7b-rank-64-1,548,20,874.4484864966295
6963,huggyllama/llama-7b,dummy-lora-7b-rank-16-2,691,38,874.7522192917492
6964,huggyllama/llama-7b,dummy-lora-7b-rank-64-4,1005,42,874.8002140621936
6965,huggyllama/llama-7b,dummy-lora-7b-rank-64-2,608,164,875.0285367805674
6966,huggyllama/llama-7b,dummy-lora-7b-rank-64-3,310,126,875.0718586845178
6967,huggyllama/llama-7b,dummy-lora-7b-rank-8-1,572,20,875.1901447865306
6968,huggyllama/llama-7b,dummy-lora-7b-rank-32-3,272,51,875.8386703323833
6969,huggyllama/llama-7b,dummy-lora-7b-rank-128-0,696,104,875.9535046785245
6970,huggyllama/llama-7b,dummy-lora-7b-rank-32-1,660,13,875.9996629765915
6971,huggyllama/llama-7b,dummy-lora-7b-rank-64-0,676,20,876.1833350900588
6972,huggyllama/llama-7b,dummy-lora-7b-rank-16-3,558,14,876.1850819240545
6973,huggyllama/llama-7b,dummy-lora-7b-rank-16-0,562,27,876.1904446599619
6974,huggyllama/llama-7b,dummy-lora-7b-rank-32-1,762,33,876.2701169490045
6975,huggyllama/llama-7b,dummy-lora-7b-rank-16-1,562,26,876.3559367458946
6976,huggyllama/llama-7b,dummy-lora-7b-rank-128-4,668,126,876.4959742731949
6977,huggyllama/llama-7b,dummy-lora-7b-rank-64-1,556,11,876.6051566136957
6978,huggyllama/llama-7b,dummy-lora-7b-rank-128-2,550,18,876.6463204840534
6979,huggyllama/llama-7b,dummy-lora-7b-rank-8-4,562,19,876.788904607659
6980,huggyllama/llama-7b,dummy-lora-7b-rank-8-2,412,49,876.9185787698324
6981,huggyllama/llama-7b,dummy-lora-7b-rank-128-0,637,11,877.0761708301268
6982,huggyllama/llama-7b,dummy-lora-7b-rank-32-2,175,63,877.1276165364384
6983,huggyllama/llama-7b,dummy-lora-7b-rank-32-3,632,39,877.1683831082828
6984,huggyllama/llama-7b,dummy-lora-7b-rank-128-0,150,44,877.2044266391571
6985,huggyllama/llama-7b,dummy-lora-7b-rank-64-3,55,47,877.2065196868225
6986,huggyllama/llama-7b,dummy-lora-7b-rank-64-2,616,53,877.2255847766743
6987,huggyllama/llama-7b,dummy-lora-7b-rank-128-4,568,27,877.2282724102657
6988,huggyllama/llama-7b,dummy-lora-7b-rank-16-2,566,17,877.9184674002618
6989,huggyllama/llama-7b,dummy-lora-7b-rank-8-4,290,66,877.965609885639
6990,huggyllama/llama-7b,dummy-lora-7b-rank-16-0,446,8,877.9815646894303
6991,huggyllama/llama-7b,dummy-lora-7b-rank-16-4,556,21,878.1383249208611
6992,huggyllama/llama-7b,dummy-lora-7b-rank-8-1,556,20,878.2308760324564
6993,huggyllama/llama-7b,dummy-lora-7b-rank-8-0,562,25,878.2853474674347
6994,huggyllama/llama-7b,dummy-lora-7b-rank-64-0,316,11,878.3058949482466
6995,huggyllama/llama-7b,dummy-lora-7b-rank-8-0,550,18,878.4407525179885
6996,huggyllama/llama-7b,dummy-lora-7b-rank-128-0,580,33,878.4759375575371
6997,huggyllama/llama-7b,dummy-lora-7b-rank-128-2,339,52,878.7801920803913
6998,huggyllama/llama-7b,dummy-lora-7b-rank-32-0,191,106,878.7929036016617
6999,huggyllama/llama-7b,dummy-lora-7b-rank-8-0,427,63,878.8266263729046
7000,huggyllama/llama-7b,dummy-lora-7b-rank-32-4,825,10,878.8371030829583
7001,huggyllama/llama-7b,dummy-lora-7b-rank-16-1,570,11,878.8394366963834
7002,huggyllama/llama-7b,dummy-lora-7b-rank-32-3,224,30,878.8498822123079
7003,huggyllama/llama-7b,dummy-lora-7b-rank-16-1,710,30,878.8661735727429
7004,huggyllama/llama-7b,dummy-lora-7b-rank-32-4,593,18,878.9963191493626
7005,huggyllama/llama-7b,dummy-lora-7b-rank-64-3,256,7,879.0702963326346
7006,huggyllama/llama-7b,dummy-lora-7b-rank-8-3,549,52,879.1102350042883
7007,huggyllama/llama-7b,dummy-lora-7b-rank-16-0,121,32,879.2562679242917
7008,huggyllama/llama-7b,dummy-lora-7b-rank-16-3,570,30,879.3477653576207
7009,huggyllama/llama-7b,dummy-lora-7b-rank-8-4,495,52,879.4595672805839
7010,huggyllama/llama-7b,dummy-lora-7b-rank-128-1,508,14,879.5532936318748
7011,huggyllama/llama-7b,dummy-lora-7b-rank-32-2,314,11,879.5808707148822
7012,huggyllama/llama-7b,dummy-lora-7b-rank-32-2,174,82,879.6192092226348
7013,huggyllama/llama-7b,dummy-lora-7b-rank-16-1,896,40,879.6248293522575
7014,huggyllama/llama-7b,dummy-lora-7b-rank-8-3,488,48,879.6382899220916
7015,huggyllama/llama-7b,dummy-lora-7b-rank-16-3,876,236,879.6616186034937
7016,huggyllama/llama-7b,dummy-lora-7b-rank-32-1,548,17,879.6931223627919
7017,huggyllama/llama-7b,dummy-lora-7b-rank-64-0,530,76,879.8364166038076
7018,huggyllama/llama-7b,dummy-lora-7b-rank-64-3,533,76,880.0376765119759
7019,huggyllama/llama-7b,dummy-lora-7b-rank-8-1,580,38,880.2515450225542
7020,huggyllama/llama-7b,dummy-lora-7b-rank-8-2,239,64,880.300236133405
7021,huggyllama/llama-7b,dummy-lora-7b-rank-32-4,481,6,880.3064032723756
7022,huggyllama/llama-7b,dummy-lora-7b-rank-32-4,249,47,880.628146776206
7023,huggyllama/llama-7b,dummy-lora-7b-rank-128-0,580,16,880.640430160764
7024,huggyllama/llama-7b,dummy-lora-7b-rank-64-1,601,28,880.6652619378553
7025,huggyllama/llama-7b,dummy-lora-7b-rank-128-2,288,39,880.6668382208077
7026,huggyllama/llama-7b,dummy-lora-7b-rank-128-0,932,3,880.7368221131846
7027,huggyllama/llama-7b,dummy-lora-7b-rank-128-0,424,154,880.865707671929
7028,huggyllama/llama-7b,dummy-lora-7b-rank-64-4,889,55,880.8832844403189
7029,huggyllama/llama-7b,dummy-lora-7b-rank-8-3,312,5,880.9685067073943
7030,huggyllama/llama-7b,dummy-lora-7b-rank-16-4,580,10,880.9781297663162
7031,huggyllama/llama-7b,dummy-lora-7b-rank-32-0,572,32,881.0273469441767
7032,huggyllama/llama-7b,dummy-lora-7b-rank-8-0,758,17,881.0376653553607
7033,huggyllama/llama-7b,dummy-lora-7b-rank-64-3,528,102,881.1295534573641
7034,huggyllama/llama-7b,dummy-lora-7b-rank-16-3,415,160,881.2856125231963
7035,huggyllama/llama-7b,dummy-lora-7b-rank-128-0,337,65,881.4428084595683
7036,huggyllama/llama-7b,dummy-lora-7b-rank-64-2,392,14,881.5264037313162
7037,huggyllama/llama-7b,dummy-lora-7b-rank-128-0,552,19,881.553322470421
7038,huggyllama/llama-7b,dummy-lora-7b-rank-32-1,562,16,881.838674762571
7039,huggyllama/llama-7b,dummy-lora-7b-rank-64-0,552,21,881.8503147353248
7040,huggyllama/llama-7b,dummy-lora-7b-rank-32-0,558,22,881.9564475529447
7041,huggyllama/llama-7b,dummy-lora-7b-rank-32-0,594,15,882.0334654380246
7042,huggyllama/llama-7b,dummy-lora-7b-rank-32-2,525,7,882.0678590905801
7043,huggyllama/llama-7b,dummy-lora-7b-rank-8-3,616,13,882.0985223916872
7044,huggyllama/llama-7b,dummy-lora-7b-rank-128-1,558,26,882.1235712119696
7045,huggyllama/llama-7b,dummy-lora-7b-rank-16-2,65,48,882.2718753226693
7046,huggyllama/llama-7b,dummy-lora-7b-rank-32-4,888,18,882.3016323293226
7047,huggyllama/llama-7b,dummy-lora-7b-rank-128-0,333,46,882.3466332031327
7048,huggyllama/llama-7b,dummy-lora-7b-rank-64-4,350,52,882.6799138460169
7049,huggyllama/llama-7b,dummy-lora-7b-rank-128-1,601,18,882.8483752659098
7050,huggyllama/llama-7b,dummy-lora-7b-rank-8-1,564,17,882.9043943149121
7051,huggyllama/llama-7b,dummy-lora-7b-rank-8-2,720,44,883.0237453183582
7052,huggyllama/llama-7b,dummy-lora-7b-rank-64-4,357,5,883.0890534442274
7053,huggyllama/llama-7b,dummy-lora-7b-rank-16-3,556,23,883.1381859173963
7054,huggyllama/llama-7b,dummy-lora-7b-rank-8-4,250,129,883.3105515793234
7055,huggyllama/llama-7b,dummy-lora-7b-rank-32-1,552,18,883.5449466354389
7056,huggyllama/llama-7b,dummy-lora-7b-rank-32-2,519,6,883.5917535837993
7057,huggyllama/llama-7b,dummy-lora-7b-rank-64-0,548,19,883.6051932203532
7058,huggyllama/llama-7b,dummy-lora-7b-rank-32-4,232,25,883.6639887518166
7059,huggyllama/llama-7b,dummy-lora-7b-rank-128-0,254,187,883.696365938841
7060,huggyllama/llama-7b,dummy-lora-7b-rank-16-1,238,4,883.7365598262537
7061,huggyllama/llama-7b,dummy-lora-7b-rank-64-1,166,135,883.8614928604286
7062,huggyllama/llama-7b,dummy-lora-7b-rank-32-0,619,30,883.939465472045
7063,huggyllama/llama-7b,dummy-lora-7b-rank-64-0,282,42,883.9475602881505
7064,huggyllama/llama-7b,dummy-lora-7b-rank-8-0,271,68,884.3502594173291
7065,huggyllama/llama-7b,dummy-lora-7b-rank-16-2,556,21,884.3902161273705
7066,huggyllama/llama-7b,dummy-lora-7b-rank-32-1,228,50,884.3988101866229
7067,huggyllama/llama-7b,dummy-lora-7b-rank-64-3,246,49,884.4867777885653
7068,huggyllama/llama-7b,dummy-lora-7b-rank-16-0,582,18,884.540748014866
7069,huggyllama/llama-7b,dummy-lora-7b-rank-16-2,626,8,884.6424469761771
7070,huggyllama/llama-7b,dummy-lora-7b-rank-32-0,349,166,884.8304136879256
7071,huggyllama/llama-7b,dummy-lora-7b-rank-16-0,340,33,885.047606589081
7072,huggyllama/llama-7b,dummy-lora-7b-rank-64-1,1024,39,885.0736363638534
7073,huggyllama/llama-7b,dummy-lora-7b-rank-8-4,901,76,885.1219174826807
7074,huggyllama/llama-7b,dummy-lora-7b-rank-32-3,536,8,885.1652919785804
7075,huggyllama/llama-7b,dummy-lora-7b-rank-16-4,640,50,885.6244418429092
7076,huggyllama/llama-7b,dummy-lora-7b-rank-8-4,419,89,885.6925399827923
7077,huggyllama/llama-7b,dummy-lora-7b-rank-16-2,310,46,886.277299558241
7078,huggyllama/llama-7b,dummy-lora-7b-rank-32-4,154,39,886.3176208889057
7079,huggyllama/llama-7b,dummy-lora-7b-rank-8-4,572,32,886.6605156890008
7080,huggyllama/llama-7b,dummy-lora-7b-rank-64-0,359,43,887.013531465454
7081,huggyllama/llama-7b,dummy-lora-7b-rank-32-3,437,59,887.2527005136858
7082,huggyllama/llama-7b,dummy-lora-7b-rank-16-1,836,77,887.5864021241315
7083,huggyllama/llama-7b,dummy-lora-7b-rank-16-4,104,38,887.6430981143959
7084,huggyllama/llama-7b,dummy-lora-7b-rank-128-0,237,36,887.7507945778852
7085,huggyllama/llama-7b,dummy-lora-7b-rank-16-1,622,35,887.7629680881033
7086,huggyllama/llama-7b,dummy-lora-7b-rank-8-1,263,16,887.8893897382029
7087,huggyllama/llama-7b,dummy-lora-7b-rank-8-2,312,150,887.9883020765504
7088,huggyllama/llama-7b,dummy-lora-7b-rank-16-1,517,60,887.9967839084628
7089,huggyllama/llama-7b,dummy-lora-7b-rank-128-4,598,25,888.1196194076698
7090,huggyllama/llama-7b,dummy-lora-7b-rank-32-0,313,10,888.1307371173465
7091,huggyllama/llama-7b,dummy-lora-7b-rank-64-2,554,20,888.422166390126
7092,huggyllama/llama-7b,dummy-lora-7b-rank-32-3,450,54,888.5822817020878
7093,huggyllama/llama-7b,dummy-lora-7b-rank-64-2,554,20,888.6210466407174
7094,huggyllama/llama-7b,dummy-lora-7b-rank-32-2,552,19,888.6491295703303
7095,huggyllama/llama-7b,dummy-lora-7b-rank-8-4,548,17,888.7323914966797
7096,huggyllama/llama-7b,dummy-lora-7b-rank-8-2,679,68,888.8924051604666
7097,huggyllama/llama-7b,dummy-lora-7b-rank-32-4,103,60,888.9439182277001
7098,huggyllama/llama-7b,dummy-lora-7b-rank-8-0,147,54,889.0548959906833
7099,huggyllama/llama-7b,dummy-lora-7b-rank-128-0,405,53,889.1076881853992
7100,huggyllama/llama-7b,dummy-lora-7b-rank-128-1,621,41,889.348786633124
7101,huggyllama/llama-7b,dummy-lora-7b-rank-8-4,558,6,889.364447147003
7102,huggyllama/llama-7b,dummy-lora-7b-rank-16-4,548,19,889.45030720279
7103,huggyllama/llama-7b,dummy-lora-7b-rank-16-1,507,43,889.4973805637395
7104,huggyllama/llama-7b,dummy-lora-7b-rank-32-0,461,106,889.6032659205795
7105,huggyllama/llama-7b,dummy-lora-7b-rank-16-4,546,16,889.6053439067947
7106,huggyllama/llama-7b,dummy-lora-7b-rank-64-2,392,54,889.6210744818658
7107,huggyllama/llama-7b,dummy-lora-7b-rank-8-0,998,3,889.6466016289306
7108,huggyllama/llama-7b,dummy-lora-7b-rank-64-0,214,55,889.8115438156713
7109,huggyllama/llama-7b,dummy-lora-7b-rank-8-1,546,16,890.0331238599572
7110,huggyllama/llama-7b,dummy-lora-7b-rank-16-3,345,140,890.0492904319046
7111,huggyllama/llama-7b,dummy-lora-7b-rank-64-3,533,12,890.1067497242854
7112,huggyllama/llama-7b,dummy-lora-7b-rank-32-2,492,10,890.1236726544679
7113,huggyllama/llama-7b,dummy-lora-7b-rank-64-3,556,19,890.2163588921899
7114,huggyllama/llama-7b,dummy-lora-7b-rank-64-2,621,3,890.252111530712
7115,huggyllama/llama-7b,dummy-lora-7b-rank-32-0,451,7,890.2529452234955
7116,huggyllama/llama-7b,dummy-lora-7b-rank-8-4,168,40,890.4498807175019
7117,huggyllama/llama-7b,dummy-lora-7b-rank-32-4,637,53,890.6104024936866
7118,huggyllama/llama-7b,dummy-lora-7b-rank-16-2,660,17,890.6107907952829
7119,huggyllama/llama-7b,dummy-lora-7b-rank-128-2,103,46,890.7307170309705
7120,huggyllama/llama-7b,dummy-lora-7b-rank-64-4,938,90,890.76613919304
7121,huggyllama/llama-7b,dummy-lora-7b-rank-16-2,919,10,890.8978946574545
7122,huggyllama/llama-7b,dummy-lora-7b-rank-32-0,554,20,890.9099600107803
7123,huggyllama/llama-7b,dummy-lora-7b-rank-32-1,713,30,890.9947363225617
7124,huggyllama/llama-7b,dummy-lora-7b-rank-128-3,231,178,891.1590686935988
7125,huggyllama/llama-7b,dummy-lora-7b-rank-64-0,390,126,891.1678537602919
7126,huggyllama/llama-7b,dummy-lora-7b-rank-16-0,397,53,891.1837031964808
7127,huggyllama/llama-7b,dummy-lora-7b-rank-128-0,994,90,891.4193199025613
7128,huggyllama/llama-7b,dummy-lora-7b-rank-64-0,589,10,891.4303325429815
7129,huggyllama/llama-7b,dummy-lora-7b-rank-16-0,964,11,891.445576355228
7130,huggyllama/llama-7b,dummy-lora-7b-rank-32-0,560,18,891.4648198137895
7131,huggyllama/llama-7b,dummy-lora-7b-rank-32-1,240,31,891.7311583397676
7132,huggyllama/llama-7b,dummy-lora-7b-rank-8-4,598,2,891.8086582151292
7133,huggyllama/llama-7b,dummy-lora-7b-rank-64-1,149,38,891.8169377755909
7134,huggyllama/llama-7b,dummy-lora-7b-rank-32-1,685,51,891.8448574444101
7135,huggyllama/llama-7b,dummy-lora-7b-rank-128-3,736,95,891.9954310750331
7136,huggyllama/llama-7b,dummy-lora-7b-rank-16-2,864,3,892.0653464782845
7137,huggyllama/llama-7b,dummy-lora-7b-rank-16-1,995,46,892.1326926819538
7138,huggyllama/llama-7b,dummy-lora-7b-rank-64-1,877,43,892.1761241831633
7139,huggyllama/llama-7b,dummy-lora-7b-rank-32-2,368,149,892.2000766283352
7140,huggyllama/llama-7b,dummy-lora-7b-rank-128-4,552,19,892.2023709155295
7141,huggyllama/llama-7b,dummy-lora-7b-rank-8-0,572,32,892.4132907313742
7142,huggyllama/llama-7b,dummy-lora-7b-rank-32-2,238,185,892.4566585696342
7143,huggyllama/llama-7b,dummy-lora-7b-rank-16-3,550,15,892.7041712336675
7144,huggyllama/llama-7b,dummy-lora-7b-rank-16-4,258,4,892.7288383928766
7145,huggyllama/llama-7b,dummy-lora-7b-rank-32-2,574,32,892.7473532201869
7146,huggyllama/llama-7b,dummy-lora-7b-rank-64-4,416,9,892.8547651689064
7147,huggyllama/llama-7b,dummy-lora-7b-rank-8-4,964,46,893.1517773470777
7148,huggyllama/llama-7b,dummy-lora-7b-rank-32-1,592,25,893.1731102297078
7149,huggyllama/llama-7b,dummy-lora-7b-rank-32-4,627,11,893.2494251345199
7150,huggyllama/llama-7b,dummy-lora-7b-rank-32-0,548,17,893.4055491563881
7151,huggyllama/llama-7b,dummy-lora-7b-rank-128-0,333,158,893.4431378334621
7152,huggyllama/llama-7b,dummy-lora-7b-rank-128-3,201,52,893.6174853219925
7153,huggyllama/llama-7b,dummy-lora-7b-rank-32-1,635,35,893.7965343698594
7154,huggyllama/llama-7b,dummy-lora-7b-rank-64-4,622,54,893.801341984159
7155,huggyllama/llama-7b,dummy-lora-7b-rank-8-3,524,42,893.8741636768857
7156,huggyllama/llama-7b,dummy-lora-7b-rank-64-3,562,67,893.9063716770764
7157,huggyllama/llama-7b,dummy-lora-7b-rank-32-4,548,19,894.0024893393937
7158,huggyllama/llama-7b,dummy-lora-7b-rank-64-1,552,19,894.1530089869768
7159,huggyllama/llama-7b,dummy-lora-7b-rank-8-1,459,75,894.3284192517029
7160,huggyllama/llama-7b,dummy-lora-7b-rank-128-0,755,16,894.3438867921907
7161,huggyllama/llama-7b,dummy-lora-7b-rank-32-4,613,21,894.3774724708435
7162,huggyllama/llama-7b,dummy-lora-7b-rank-8-0,586,38,894.4148632432936
7163,huggyllama/llama-7b,dummy-lora-7b-rank-64-3,307,40,894.4384718673914
7164,huggyllama/llama-7b,dummy-lora-7b-rank-16-2,894,47,894.668308236192
7165,huggyllama/llama-7b,dummy-lora-7b-rank-64-4,300,49,894.7238234378901
7166,huggyllama/llama-7b,dummy-lora-7b-rank-8-1,900,27,894.8591619927245
7167,huggyllama/llama-7b,dummy-lora-7b-rank-64-3,157,42,895.0358424117632
7168,huggyllama/llama-7b,dummy-lora-7b-rank-128-3,345,46,895.0441071460488
7169,huggyllama/llama-7b,dummy-lora-7b-rank-8-2,602,98,895.2297876020924
7170,huggyllama/llama-7b,dummy-lora-7b-rank-128-3,353,7,895.2652154521782
7171,huggyllama/llama-7b,dummy-lora-7b-rank-16-1,623,25,895.4676711673605
7172,huggyllama/llama-7b,dummy-lora-7b-rank-8-4,461,36,895.6343441256204
7173,huggyllama/llama-7b,dummy-lora-7b-rank-32-3,567,20,895.6380014411396
7174,huggyllama/llama-7b,dummy-lora-7b-rank-32-4,733,31,895.6918128258437
7175,huggyllama/llama-7b,dummy-lora-7b-rank-32-3,418,53,895.7219229372172
7176,huggyllama/llama-7b,dummy-lora-7b-rank-32-3,600,22,895.7477387896771
7177,huggyllama/llama-7b,dummy-lora-7b-rank-16-2,552,2,895.7610085235053
7178,huggyllama/llama-7b,dummy-lora-7b-rank-16-0,567,52,895.9794812915137
7179,huggyllama/llama-7b,dummy-lora-7b-rank-8-3,334,115,896.0059347332742
7180,huggyllama/llama-7b,dummy-lora-7b-rank-8-4,87,47,896.0340057110534
7181,huggyllama/llama-7b,dummy-lora-7b-rank-8-2,574,32,896.4979981054149
7182,huggyllama/llama-7b,dummy-lora-7b-rank-64-2,300,54,896.5000239189552
7183,huggyllama/llama-7b,dummy-lora-7b-rank-8-3,605,5,896.5828785767632
7184,huggyllama/llama-7b,dummy-lora-7b-rank-64-4,293,53,896.6549562796006
7185,huggyllama/llama-7b,dummy-lora-7b-rank-128-4,337,43,896.7337545387076
7186,huggyllama/llama-7b,dummy-lora-7b-rank-128-4,342,123,896.7935713849952
7187,huggyllama/llama-7b,dummy-lora-7b-rank-8-2,612,77,896.95461778418
7188,huggyllama/llama-7b,dummy-lora-7b-rank-32-1,562,26,897.1062029149597
7189,huggyllama/llama-7b,dummy-lora-7b-rank-128-3,409,51,897.1612314652614
7190,huggyllama/llama-7b,dummy-lora-7b-rank-128-0,80,38,897.340561263805
7191,huggyllama/llama-7b,dummy-lora-7b-rank-8-4,538,51,897.3426587908045
7192,huggyllama/llama-7b,dummy-lora-7b-rank-16-0,278,3,898.00591756479
7193,huggyllama/llama-7b,dummy-lora-7b-rank-32-2,688,12,898.7336978928635
7194,huggyllama/llama-7b,dummy-lora-7b-rank-64-2,566,28,898.9824059588353
7195,huggyllama/llama-7b,dummy-lora-7b-rank-64-2,410,48,899.1026921731034
7196,huggyllama/llama-7b,dummy-lora-7b-rank-8-1,600,8,899.21525433377
7197,huggyllama/llama-7b,dummy-lora-7b-rank-128-3,406,50,899.2574710906346
7198,huggyllama/llama-7b,dummy-lora-7b-rank-128-4,564,10,899.342412024965
7199,huggyllama/llama-7b,dummy-lora-7b-rank-32-2,245,48,899.5733731392767
