req_id,model_dir,adapter_dir,prompt_len,output_len,req_time
0,dummy-llama-30b-m,dummy-lora-7b-rank-8-0,386,52,0.04530863581378528
1,dummy-llama-30b-m,dummy-lora-7b-rank-8-1,550,18,0.09225012612958354
2,dummy-llama-30b-m,dummy-lora-7b-rank-32-0,448,69,0.15300431488316557
3,dummy-llama-30b-m,dummy-lora-7b-rank-8-0,811,86,0.22219939873335884
4,dummy-llama-30b-m,dummy-lora-7b-rank-128-1,570,8,0.29553574153880546
5,dummy-llama-30b-m,dummy-lora-7b-rank-64-0,403,18,0.4490080120832723
6,dummy-llama-30b-m,dummy-lora-7b-rank-32-1,434,94,0.45235896557670263
7,dummy-llama-30b-m,dummy-lora-7b-rank-32-0,290,37,0.5931965627474225
8,dummy-llama-30b-m,dummy-lora-7b-rank-32-0,276,47,0.5984076820301913
9,dummy-llama-30b-m,dummy-lora-7b-rank-32-1,476,85,0.7347541976411087
10,dummy-llama-30b-m,dummy-lora-7b-rank-8-3,230,53,0.7725075483407983
11,dummy-llama-30b-m,dummy-lora-7b-rank-32-1,585,7,0.7798238218741392
12,dummy-llama-30b-m,dummy-lora-7b-rank-128-4,232,2,0.7908587698634286
13,dummy-llama-30b-m,dummy-lora-7b-rank-64-0,353,9,0.8001286478996598
14,dummy-llama-30b-m,dummy-lora-7b-rank-32-1,872,12,0.8007013449699858
15,dummy-llama-30b-m,dummy-lora-7b-rank-128-3,562,10,0.8076533404617764
16,dummy-llama-30b-m,dummy-lora-7b-rank-8-0,397,7,0.8963141164827753
17,dummy-llama-30b-m,dummy-lora-7b-rank-128-0,556,22,0.9412318653934768
18,dummy-llama-30b-m,dummy-lora-7b-rank-32-0,745,9,0.9439400277738644
19,dummy-llama-30b-m,dummy-lora-7b-rank-8-0,535,161,0.9502912955819866
20,dummy-llama-30b-m,dummy-lora-7b-rank-64-3,259,51,1.0177262262661382
21,dummy-llama-30b-m,dummy-lora-7b-rank-64-0,335,21,1.0314687729460472
22,dummy-llama-30b-m,dummy-lora-7b-rank-16-4,611,23,1.1385087622460555
23,dummy-llama-30b-m,dummy-lora-7b-rank-8-4,145,48,1.164233536094205
24,dummy-llama-30b-m,dummy-lora-7b-rank-16-0,546,16,1.1768414633996915
25,dummy-llama-30b-m,dummy-lora-7b-rank-8-0,546,16,1.2206056922944426
26,dummy-llama-30b-m,dummy-lora-7b-rank-64-4,520,8,1.256292172658015
27,dummy-llama-30b-m,dummy-lora-7b-rank-32-3,222,50,1.2848243790274618
28,dummy-llama-30b-m,dummy-lora-7b-rank-8-1,53,54,1.50963837281405
29,dummy-llama-30b-m,dummy-lora-7b-rank-32-4,566,27,1.527108758857999
30,dummy-llama-30b-m,dummy-lora-7b-rank-128-3,345,141,1.5425893377285018
31,dummy-llama-30b-m,dummy-lora-7b-rank-32-4,643,19,1.5700496561475306
32,dummy-llama-30b-m,dummy-lora-7b-rank-32-1,556,23,1.6286583581909297
33,dummy-llama-30b-m,dummy-lora-7b-rank-16-0,547,16,1.6983442951922343
34,dummy-llama-30b-m,dummy-lora-7b-rank-32-3,319,12,1.7446377346592348
35,dummy-llama-30b-m,dummy-lora-7b-rank-32-1,614,56,1.8677560829653832
36,dummy-llama-30b-m,dummy-lora-7b-rank-16-4,599,17,2.016169220780183
37,dummy-llama-30b-m,dummy-lora-7b-rank-16-0,820,11,2.0683390320605146
38,dummy-llama-30b-m,dummy-lora-7b-rank-16-0,556,13,2.0980502619083055
39,dummy-llama-30b-m,dummy-lora-7b-rank-32-4,552,19,2.51585414251779
40,dummy-llama-30b-m,dummy-lora-7b-rank-64-4,134,46,2.6435076177108057
41,dummy-llama-30b-m,dummy-lora-7b-rank-32-1,139,143,2.6905169214150018
42,dummy-llama-30b-m,dummy-lora-7b-rank-128-2,568,29,2.700806616531487
43,dummy-llama-30b-m,dummy-lora-7b-rank-8-4,560,23,2.720240133201828
44,dummy-llama-30b-m,dummy-lora-7b-rank-128-2,635,3,2.767304893995498
45,dummy-llama-30b-m,dummy-lora-7b-rank-128-2,553,169,2.7967804360002435
46,dummy-llama-30b-m,dummy-lora-7b-rank-16-4,552,67,2.8205664629799196
47,dummy-llama-30b-m,dummy-lora-7b-rank-64-3,604,55,2.8319262979878266
48,dummy-llama-30b-m,dummy-lora-7b-rank-8-2,216,33,2.8938177883973597
49,dummy-llama-30b-m,dummy-lora-7b-rank-16-4,170,68,2.900115317493989
50,dummy-llama-30b-m,dummy-lora-7b-rank-32-1,833,12,2.9217399344517143
51,dummy-llama-30b-m,dummy-lora-7b-rank-128-2,386,46,2.925281678997759
52,dummy-llama-30b-m,dummy-lora-7b-rank-32-1,579,24,2.9376447146962215
53,dummy-llama-30b-m,dummy-lora-7b-rank-8-2,558,24,2.9393897244850886
54,dummy-llama-30b-m,dummy-lora-7b-rank-128-1,253,41,2.9910318534118665
55,dummy-llama-30b-m,dummy-lora-7b-rank-8-3,102,37,3.055853885746565
56,dummy-llama-30b-m,dummy-lora-7b-rank-8-1,442,143,3.1293669926830163
57,dummy-llama-30b-m,dummy-lora-7b-rank-8-3,556,13,3.147717305944262
58,dummy-llama-30b-m,dummy-lora-7b-rank-16-4,556,21,3.2991210223698992
59,dummy-llama-30b-m,dummy-lora-7b-rank-128-2,240,56,3.354155486840358
60,dummy-llama-30b-m,dummy-lora-7b-rank-16-0,538,42,3.414532708149227
61,dummy-llama-30b-m,dummy-lora-7b-rank-32-4,215,34,3.482643905962081
62,dummy-llama-30b-m,dummy-lora-7b-rank-8-4,326,92,3.4927654185469557
63,dummy-llama-30b-m,dummy-lora-7b-rank-64-2,557,69,3.506629599477278
64,dummy-llama-30b-m,dummy-lora-7b-rank-128-0,536,41,3.512927837272295
65,dummy-llama-30b-m,dummy-lora-7b-rank-8-3,554,10,3.5396516277029577
66,dummy-llama-30b-m,dummy-lora-7b-rank-16-4,554,16,3.5896685121234406
67,dummy-llama-30b-m,dummy-lora-7b-rank-64-3,1023,3,3.6870955159209573
68,dummy-llama-30b-m,dummy-lora-7b-rank-8-1,299,65,3.7232316384163244
69,dummy-llama-30b-m,dummy-lora-7b-rank-64-3,309,11,3.723355399759699
70,dummy-llama-30b-m,dummy-lora-7b-rank-64-4,556,21,3.72617346671088
71,dummy-llama-30b-m,dummy-lora-7b-rank-128-0,257,46,3.7853452133886116
72,dummy-llama-30b-m,dummy-lora-7b-rank-128-4,629,12,3.8031473499318413
73,dummy-llama-30b-m,dummy-lora-7b-rank-32-1,137,45,3.8311052367253096
74,dummy-llama-30b-m,dummy-lora-7b-rank-32-1,558,22,3.9384654509410244
75,dummy-llama-30b-m,dummy-lora-7b-rank-64-3,548,6,3.966516663488484
76,dummy-llama-30b-m,dummy-lora-7b-rank-16-3,987,11,4.0000402247375275
77,dummy-llama-30b-m,dummy-lora-7b-rank-128-4,489,4,4.003157501413968
78,dummy-llama-30b-m,dummy-lora-7b-rank-8-1,634,54,4.007711942759125
79,dummy-llama-30b-m,dummy-lora-7b-rank-32-4,548,17,4.030463615512797
80,dummy-llama-30b-m,dummy-lora-7b-rank-8-3,556,22,4.07006664621635
81,dummy-llama-30b-m,dummy-lora-7b-rank-8-2,428,81,4.266105684067816
82,dummy-llama-30b-m,dummy-lora-7b-rank-8-3,574,7,4.348826373595755
83,dummy-llama-30b-m,dummy-lora-7b-rank-16-0,388,154,4.3650878426384985
84,dummy-llama-30b-m,dummy-lora-7b-rank-8-1,384,48,4.429502823135244
85,dummy-llama-30b-m,dummy-lora-7b-rank-128-2,613,24,4.471272977218127
86,dummy-llama-30b-m,dummy-lora-7b-rank-64-2,774,54,4.475357391994498
87,dummy-llama-30b-m,dummy-lora-7b-rank-128-1,686,36,4.484841112821921
88,dummy-llama-30b-m,dummy-lora-7b-rank-64-0,554,20,4.499850291804807
89,dummy-llama-30b-m,dummy-lora-7b-rank-8-0,550,18,4.516349543394345
90,dummy-llama-30b-m,dummy-lora-7b-rank-128-4,603,19,4.5242268118645494
91,dummy-llama-30b-m,dummy-lora-7b-rank-64-3,495,71,4.628247452106763
92,dummy-llama-30b-m,dummy-lora-7b-rank-16-1,550,18,4.69380048489962
93,dummy-llama-30b-m,dummy-lora-7b-rank-32-2,53,45,4.719916195304019
94,dummy-llama-30b-m,dummy-lora-7b-rank-16-1,588,20,4.762757696265448
95,dummy-llama-30b-m,dummy-lora-7b-rank-64-0,166,52,4.780623736684097
96,dummy-llama-30b-m,dummy-lora-7b-rank-16-3,424,31,4.799740038051409
97,dummy-llama-30b-m,dummy-lora-7b-rank-8-2,402,11,4.801392258866908
98,dummy-llama-30b-m,dummy-lora-7b-rank-16-2,260,8,4.850764119548018
99,dummy-llama-30b-m,dummy-lora-7b-rank-128-1,469,43,4.935326214130871
100,dummy-llama-30b-m,dummy-lora-7b-rank-64-1,239,31,5.024207267038829
101,dummy-llama-30b-m,dummy-lora-7b-rank-64-1,450,59,5.110587030114156
102,dummy-llama-30b-m,dummy-lora-7b-rank-16-1,252,45,5.14912194165288
103,dummy-llama-30b-m,dummy-lora-7b-rank-64-4,506,10,5.186979840052719
104,dummy-llama-30b-m,dummy-lora-7b-rank-8-0,437,67,5.298190254791507
105,dummy-llama-30b-m,dummy-lora-7b-rank-16-2,628,51,5.38745831754538
106,dummy-llama-30b-m,dummy-lora-7b-rank-128-3,473,59,5.412671398746269
107,dummy-llama-30b-m,dummy-lora-7b-rank-8-0,211,158,5.417873265770867
108,dummy-llama-30b-m,dummy-lora-7b-rank-16-3,711,19,5.4776872308505835
109,dummy-llama-30b-m,dummy-lora-7b-rank-128-0,390,47,5.608779758044866
110,dummy-llama-30b-m,dummy-lora-7b-rank-64-0,230,111,5.622480852989564
111,dummy-llama-30b-m,dummy-lora-7b-rank-128-2,271,7,5.671646763614942
112,dummy-llama-30b-m,dummy-lora-7b-rank-32-0,815,63,5.716012418817398
113,dummy-llama-30b-m,dummy-lora-7b-rank-128-4,503,144,5.783023067926075
114,dummy-llama-30b-m,dummy-lora-7b-rank-128-2,600,33,5.816172779365709
115,dummy-llama-30b-m,dummy-lora-7b-rank-16-0,640,3,5.831480575207207
116,dummy-llama-30b-m,dummy-lora-7b-rank-8-3,556,23,6.001302183771169
117,dummy-llama-30b-m,dummy-lora-7b-rank-128-4,556,21,6.062842122045972
118,dummy-llama-30b-m,dummy-lora-7b-rank-64-2,974,14,6.07138881353556
119,dummy-llama-30b-m,dummy-lora-7b-rank-64-3,658,12,6.078067838268005
120,dummy-llama-30b-m,dummy-lora-7b-rank-16-0,562,23,6.1109392189377765
121,dummy-llama-30b-m,dummy-lora-7b-rank-32-4,568,29,6.135928013460529
122,dummy-llama-30b-m,dummy-lora-7b-rank-64-3,585,6,6.136694891385706
123,dummy-llama-30b-m,dummy-lora-7b-rank-8-4,486,54,6.219504481946148
124,dummy-llama-30b-m,dummy-lora-7b-rank-16-2,842,3,6.306510255595118
125,dummy-llama-30b-m,dummy-lora-7b-rank-128-3,558,22,6.320823366055267
126,dummy-llama-30b-m,dummy-lora-7b-rank-64-4,550,18,6.424535847753936
127,dummy-llama-30b-m,dummy-lora-7b-rank-128-2,720,45,6.427436841490423
128,dummy-llama-30b-m,dummy-lora-7b-rank-64-4,357,8,6.45932916949756
129,dummy-llama-30b-m,dummy-lora-7b-rank-128-2,558,14,6.478391215050467
130,dummy-llama-30b-m,dummy-lora-7b-rank-8-0,608,18,6.48204180893573
131,dummy-llama-30b-m,dummy-lora-7b-rank-16-4,308,49,6.535097599570044
132,dummy-llama-30b-m,dummy-lora-7b-rank-64-0,252,55,6.541385707449366
133,dummy-llama-30b-m,dummy-lora-7b-rank-16-0,620,55,6.609887862350307
134,dummy-llama-30b-m,dummy-lora-7b-rank-64-4,570,31,6.700049729541664
135,dummy-llama-30b-m,dummy-lora-7b-rank-64-3,379,6,6.715507895755276
136,dummy-llama-30b-m,dummy-lora-7b-rank-32-1,53,68,6.735303511465588
137,dummy-llama-30b-m,dummy-lora-7b-rank-8-2,562,24,6.78516135928467
138,dummy-llama-30b-m,dummy-lora-7b-rank-64-1,236,43,6.871812909546436
139,dummy-llama-30b-m,dummy-lora-7b-rank-128-0,290,49,6.90203794527911
140,dummy-llama-30b-m,dummy-lora-7b-rank-128-4,562,23,6.921586251763688
141,dummy-llama-30b-m,dummy-lora-7b-rank-64-3,224,50,6.939599102004903
142,dummy-llama-30b-m,dummy-lora-7b-rank-32-2,315,140,6.965411181272629
143,dummy-llama-30b-m,dummy-lora-7b-rank-128-3,59,57,7.0239963620566845
144,dummy-llama-30b-m,dummy-lora-7b-rank-8-3,556,13,7.039955019810241
145,dummy-llama-30b-m,dummy-lora-7b-rank-32-1,383,51,7.133889868248127
146,dummy-llama-30b-m,dummy-lora-7b-rank-64-1,374,42,7.2087541589332025
147,dummy-llama-30b-m,dummy-lora-7b-rank-16-1,832,19,7.227655638667266
148,dummy-llama-30b-m,dummy-lora-7b-rank-128-4,558,22,7.239382747355377
149,dummy-llama-30b-m,dummy-lora-7b-rank-16-1,611,23,7.266633317180534
150,dummy-llama-30b-m,dummy-lora-7b-rank-128-2,617,27,7.332911349148472
151,dummy-llama-30b-m,dummy-lora-7b-rank-32-0,778,55,7.35553351372508
152,dummy-llama-30b-m,dummy-lora-7b-rank-8-2,552,10,7.367090711157985
153,dummy-llama-30b-m,dummy-lora-7b-rank-64-4,526,40,7.3698813591470556
154,dummy-llama-30b-m,dummy-lora-7b-rank-128-3,172,58,7.440071746580105
155,dummy-llama-30b-m,dummy-lora-7b-rank-128-3,592,44,7.551559158481194
156,dummy-llama-30b-m,dummy-lora-7b-rank-128-1,621,9,7.553818154271046
157,dummy-llama-30b-m,dummy-lora-7b-rank-32-4,394,86,7.650109258338144
158,dummy-llama-30b-m,dummy-lora-7b-rank-8-1,243,50,7.731368285167821
159,dummy-llama-30b-m,dummy-lora-7b-rank-128-4,399,47,7.933757157497494
160,dummy-llama-30b-m,dummy-lora-7b-rank-64-1,500,47,8.053623887076965
161,dummy-llama-30b-m,dummy-lora-7b-rank-16-1,108,51,8.067280772663217
162,dummy-llama-30b-m,dummy-lora-7b-rank-128-3,417,45,8.131808863068004
163,dummy-llama-30b-m,dummy-lora-7b-rank-32-3,605,24,8.199054858673394
164,dummy-llama-30b-m,dummy-lora-7b-rank-32-4,573,21,8.22275567914685
165,dummy-llama-30b-m,dummy-lora-7b-rank-32-3,580,86,8.233514937416162
166,dummy-llama-30b-m,dummy-lora-7b-rank-128-2,460,46,8.327758504073405
167,dummy-llama-30b-m,dummy-lora-7b-rank-128-2,496,46,8.47658490888847
168,dummy-llama-30b-m,dummy-lora-7b-rank-8-2,303,121,8.496050232625594
169,dummy-llama-30b-m,dummy-lora-7b-rank-8-0,211,3,8.506953534181442
170,dummy-llama-30b-m,dummy-lora-7b-rank-128-0,851,32,8.56979270304451
171,dummy-llama-30b-m,dummy-lora-7b-rank-16-2,550,20,8.582529489422383
172,dummy-llama-30b-m,dummy-lora-7b-rank-16-0,570,92,8.633843650316797
173,dummy-llama-30b-m,dummy-lora-7b-rank-32-0,462,46,8.761216596421724
174,dummy-llama-30b-m,dummy-lora-7b-rank-64-4,558,8,8.781531568677703
175,dummy-llama-30b-m,dummy-lora-7b-rank-32-3,216,51,8.821396600367848
176,dummy-llama-30b-m,dummy-lora-7b-rank-16-1,352,12,8.832249578546039
177,dummy-llama-30b-m,dummy-lora-7b-rank-8-2,427,55,8.838974663369182
178,dummy-llama-30b-m,dummy-lora-7b-rank-64-4,814,46,8.898726046462256
179,dummy-llama-30b-m,dummy-lora-7b-rank-16-3,556,23,8.93005812866828
180,dummy-llama-30b-m,dummy-lora-7b-rank-8-4,598,44,9.098484253010099
181,dummy-llama-30b-m,dummy-lora-7b-rank-32-2,619,9,9.1941876707996
182,dummy-llama-30b-m,dummy-lora-7b-rank-64-0,605,20,9.238207600704925
183,dummy-llama-30b-m,dummy-lora-7b-rank-128-3,564,27,9.277891813882967
184,dummy-llama-30b-m,dummy-lora-7b-rank-128-4,538,8,9.293328670059587
185,dummy-llama-30b-m,dummy-lora-7b-rank-8-2,324,11,9.29687199875585
186,dummy-llama-30b-m,dummy-lora-7b-rank-8-3,255,73,9.318580843850706
187,dummy-llama-30b-m,dummy-lora-7b-rank-32-2,406,15,9.45757996590289
188,dummy-llama-30b-m,dummy-lora-7b-rank-128-2,562,26,9.574552785507457
189,dummy-llama-30b-m,dummy-lora-7b-rank-64-4,851,66,9.591775106591406
190,dummy-llama-30b-m,dummy-lora-7b-rank-64-1,607,13,9.673520072083734
191,dummy-llama-30b-m,dummy-lora-7b-rank-16-0,470,7,9.752392673193384
192,dummy-llama-30b-m,dummy-lora-7b-rank-128-1,149,143,9.787214508451417
193,dummy-llama-30b-m,dummy-lora-7b-rank-128-3,444,10,9.877053152749985
194,dummy-llama-30b-m,dummy-lora-7b-rank-64-4,612,3,9.907879723300052
195,dummy-llama-30b-m,dummy-lora-7b-rank-128-2,170,139,9.94741683449358
196,dummy-llama-30b-m,dummy-lora-7b-rank-32-0,148,129,9.957787831904355
197,dummy-llama-30b-m,dummy-lora-7b-rank-128-1,554,20,9.998275403210991
198,dummy-llama-30b-m,dummy-lora-7b-rank-8-1,558,21,10.036405276911102
199,dummy-llama-30b-m,dummy-lora-7b-rank-128-1,560,24,10.116807211057898
200,dummy-llama-30b-m,dummy-lora-7b-rank-128-2,309,138,10.130829451264951
201,dummy-llama-30b-m,dummy-lora-7b-rank-32-3,550,18,10.147795881932693
202,dummy-llama-30b-m,dummy-lora-7b-rank-8-4,706,41,10.163247908838828
203,dummy-llama-30b-m,dummy-lora-7b-rank-64-2,569,22,10.203019728880191
204,dummy-llama-30b-m,dummy-lora-7b-rank-128-3,568,27,10.207592627607095
205,dummy-llama-30b-m,dummy-lora-7b-rank-32-3,619,24,10.252982022180356
206,dummy-llama-30b-m,dummy-lora-7b-rank-64-2,846,49,10.2631626273974
207,dummy-llama-30b-m,dummy-lora-7b-rank-128-4,604,8,10.275801602256143
208,dummy-llama-30b-m,dummy-lora-7b-rank-8-2,626,11,10.550755280018704
209,dummy-llama-30b-m,dummy-lora-7b-rank-16-2,607,34,10.571070798864579
210,dummy-llama-30b-m,dummy-lora-7b-rank-16-1,522,53,10.614054938770108
211,dummy-llama-30b-m,dummy-lora-7b-rank-64-2,538,11,10.637572464427963
212,dummy-llama-30b-m,dummy-lora-7b-rank-8-3,869,41,10.654247580573356
213,dummy-llama-30b-m,dummy-lora-7b-rank-16-1,948,52,10.670942769625057
214,dummy-llama-30b-m,dummy-lora-7b-rank-8-0,594,14,10.71133845991946
215,dummy-llama-30b-m,dummy-lora-7b-rank-128-2,617,17,10.792772363609613
216,dummy-llama-30b-m,dummy-lora-7b-rank-32-2,514,17,10.811996365028849
217,dummy-llama-30b-m,dummy-lora-7b-rank-32-2,552,20,10.851302774253396
218,dummy-llama-30b-m,dummy-lora-7b-rank-16-3,607,22,11.001121748934146
219,dummy-llama-30b-m,dummy-lora-7b-rank-8-0,547,50,11.063005491654073
220,dummy-llama-30b-m,dummy-lora-7b-rank-64-1,369,61,11.121064471905754
221,dummy-llama-30b-m,dummy-lora-7b-rank-32-3,478,13,11.194401420862746
222,dummy-llama-30b-m,dummy-lora-7b-rank-8-4,603,50,11.218079123290487
223,dummy-llama-30b-m,dummy-lora-7b-rank-32-1,593,84,11.274838142006736
224,dummy-llama-30b-m,dummy-lora-7b-rank-16-4,398,18,11.320559909549244
225,dummy-llama-30b-m,dummy-lora-7b-rank-128-4,636,45,11.336843085966072
226,dummy-llama-30b-m,dummy-lora-7b-rank-64-4,663,8,11.364023860152423
227,dummy-llama-30b-m,dummy-lora-7b-rank-128-2,262,9,11.399113825721559
228,dummy-llama-30b-m,dummy-lora-7b-rank-8-2,650,9,11.437698185829072
229,dummy-llama-30b-m,dummy-lora-7b-rank-16-1,694,97,11.506898427890272
230,dummy-llama-30b-m,dummy-lora-7b-rank-32-3,424,8,11.620453263480233
231,dummy-llama-30b-m,dummy-lora-7b-rank-128-1,385,11,11.671611490437403
232,dummy-llama-30b-m,dummy-lora-7b-rank-128-4,821,43,11.733876330573972
233,dummy-llama-30b-m,dummy-lora-7b-rank-8-4,714,88,11.748210720535516
234,dummy-llama-30b-m,dummy-lora-7b-rank-8-0,495,42,11.83583765085094
235,dummy-llama-30b-m,dummy-lora-7b-rank-16-1,397,44,11.84111245023241
236,dummy-llama-30b-m,dummy-lora-7b-rank-128-0,554,20,11.859653688916387
237,dummy-llama-30b-m,dummy-lora-7b-rank-16-0,224,43,11.987996622439445
238,dummy-llama-30b-m,dummy-lora-7b-rank-16-2,556,13,12.10272456306177
239,dummy-llama-30b-m,dummy-lora-7b-rank-8-4,546,16,12.138167319085372
240,dummy-llama-30b-m,dummy-lora-7b-rank-64-0,576,30,12.19513376049724
241,dummy-llama-30b-m,dummy-lora-7b-rank-64-3,552,20,12.228603156502238
242,dummy-llama-30b-m,dummy-lora-7b-rank-16-1,664,14,12.29135492950539
243,dummy-llama-30b-m,dummy-lora-7b-rank-32-3,545,97,12.348062324330598
244,dummy-llama-30b-m,dummy-lora-7b-rank-16-3,525,44,12.356976499329843
245,dummy-llama-30b-m,dummy-lora-7b-rank-16-0,594,15,12.3936968949015
246,dummy-llama-30b-m,dummy-lora-7b-rank-64-0,51,46,12.435338076683543
247,dummy-llama-30b-m,dummy-lora-7b-rank-128-4,360,5,12.439849032501396
248,dummy-llama-30b-m,dummy-lora-7b-rank-64-1,867,115,12.498554325342017
249,dummy-llama-30b-m,dummy-lora-7b-rank-64-3,283,60,12.534977272423582
250,dummy-llama-30b-m,dummy-lora-7b-rank-128-2,550,10,12.543947306390084
251,dummy-llama-30b-m,dummy-lora-7b-rank-64-2,137,53,12.793230015725875
252,dummy-llama-30b-m,dummy-lora-7b-rank-16-0,605,61,12.812493353609339
253,dummy-llama-30b-m,dummy-lora-7b-rank-64-1,587,7,12.847163362124386
254,dummy-llama-30b-m,dummy-lora-7b-rank-64-3,600,34,12.94935932767711
255,dummy-llama-30b-m,dummy-lora-7b-rank-128-3,418,48,13.082193439538958
256,dummy-llama-30b-m,dummy-lora-7b-rank-16-4,548,17,13.088417989407732
257,dummy-llama-30b-m,dummy-lora-7b-rank-8-3,624,55,13.09151127320327
258,dummy-llama-30b-m,dummy-lora-7b-rank-64-4,175,49,13.096665374281018
259,dummy-llama-30b-m,dummy-lora-7b-rank-8-4,450,8,13.134472384844635
260,dummy-llama-30b-m,dummy-lora-7b-rank-8-3,592,46,13.150585967754589
261,dummy-llama-30b-m,dummy-lora-7b-rank-32-0,411,47,13.153716906662899
262,dummy-llama-30b-m,dummy-lora-7b-rank-32-3,408,48,13.29838864329194
263,dummy-llama-30b-m,dummy-lora-7b-rank-32-3,287,53,13.367591011852344
264,dummy-llama-30b-m,dummy-lora-7b-rank-128-4,347,159,13.402300303220938
265,dummy-llama-30b-m,dummy-lora-7b-rank-16-4,368,158,13.480351647596299
266,dummy-llama-30b-m,dummy-lora-7b-rank-8-4,375,24,13.579308014552142
267,dummy-llama-30b-m,dummy-lora-7b-rank-8-2,202,3,13.595018722723525
268,dummy-llama-30b-m,dummy-lora-7b-rank-16-2,640,61,13.624768283396536
269,dummy-llama-30b-m,dummy-lora-7b-rank-32-0,154,62,13.635642441546569
270,dummy-llama-30b-m,dummy-lora-7b-rank-8-4,560,15,13.654431460496701
271,dummy-llama-30b-m,dummy-lora-7b-rank-128-3,371,6,13.655730289719585
272,dummy-llama-30b-m,dummy-lora-7b-rank-128-0,206,49,13.717486010945953
273,dummy-llama-30b-m,dummy-lora-7b-rank-128-2,487,46,13.747043769601952
274,dummy-llama-30b-m,dummy-lora-7b-rank-8-0,687,13,13.816504789694054
275,dummy-llama-30b-m,dummy-lora-7b-rank-16-2,189,72,13.839984087652331
276,dummy-llama-30b-m,dummy-lora-7b-rank-32-1,546,16,13.901507057276827
277,dummy-llama-30b-m,dummy-lora-7b-rank-128-2,420,8,13.97191176206764
278,dummy-llama-30b-m,dummy-lora-7b-rank-128-1,98,99,13.978292800049955
279,dummy-llama-30b-m,dummy-lora-7b-rank-128-2,895,62,13.991288463034298
280,dummy-llama-30b-m,dummy-lora-7b-rank-128-0,182,48,14.008245631759095
281,dummy-llama-30b-m,dummy-lora-7b-rank-8-3,550,10,14.027452727562164
282,dummy-llama-30b-m,dummy-lora-7b-rank-16-0,275,91,14.041837714652493
283,dummy-llama-30b-m,dummy-lora-7b-rank-128-4,725,5,14.052171806656549
284,dummy-llama-30b-m,dummy-lora-7b-rank-32-3,22,256,14.057047210533332
285,dummy-llama-30b-m,dummy-lora-7b-rank-32-1,391,5,14.080481446717823
286,dummy-llama-30b-m,dummy-lora-7b-rank-16-0,570,26,14.17514383096942
287,dummy-llama-30b-m,dummy-lora-7b-rank-32-1,664,20,14.197181255627683
288,dummy-llama-30b-m,dummy-lora-7b-rank-32-1,480,16,14.224078988176542
289,dummy-llama-30b-m,dummy-lora-7b-rank-128-4,558,19,14.306520657897519
290,dummy-llama-30b-m,dummy-lora-7b-rank-32-2,567,51,14.417164528520424
291,dummy-llama-30b-m,dummy-lora-7b-rank-16-2,550,18,14.501809642861254
292,dummy-llama-30b-m,dummy-lora-7b-rank-64-1,353,129,14.514446733398744
293,dummy-llama-30b-m,dummy-lora-7b-rank-32-1,248,46,14.542982998836555
294,dummy-llama-30b-m,dummy-lora-7b-rank-64-2,615,10,14.610736591265985
295,dummy-llama-30b-m,dummy-lora-7b-rank-16-0,570,7,14.750521609765425
296,dummy-llama-30b-m,dummy-lora-7b-rank-8-2,293,41,14.824135156380216
297,dummy-llama-30b-m,dummy-lora-7b-rank-8-1,603,19,14.841024375629532
298,dummy-llama-30b-m,dummy-lora-7b-rank-32-4,404,189,14.875707918940199
299,dummy-llama-30b-m,dummy-lora-7b-rank-16-3,665,55,14.91210538782001
300,dummy-llama-30b-m,dummy-lora-7b-rank-128-3,731,11,15.015364224347518
301,dummy-llama-30b-m,dummy-lora-7b-rank-64-0,560,15,15.064859384798966
302,dummy-llama-30b-m,dummy-lora-7b-rank-128-2,437,10,15.07433738208828
303,dummy-llama-30b-m,dummy-lora-7b-rank-64-3,550,18,15.170401838283142
304,dummy-llama-30b-m,dummy-lora-7b-rank-16-0,613,27,15.183028313869258
305,dummy-llama-30b-m,dummy-lora-7b-rank-128-4,588,13,15.220565742373415
306,dummy-llama-30b-m,dummy-lora-7b-rank-128-1,907,47,15.227642527765504
307,dummy-llama-30b-m,dummy-lora-7b-rank-64-4,773,122,15.227730161340112
308,dummy-llama-30b-m,dummy-lora-7b-rank-128-1,243,54,15.246911059726777
309,dummy-llama-30b-m,dummy-lora-7b-rank-32-0,423,71,15.332288130488822
310,dummy-llama-30b-m,dummy-lora-7b-rank-16-3,573,97,15.358002883808554
311,dummy-llama-30b-m,dummy-lora-7b-rank-64-3,489,59,15.368231000501885
312,dummy-llama-30b-m,dummy-lora-7b-rank-16-0,512,55,15.411707599848366
313,dummy-llama-30b-m,dummy-lora-7b-rank-16-2,610,45,15.53316566132195
314,dummy-llama-30b-m,dummy-lora-7b-rank-16-4,562,24,15.577156882979645
315,dummy-llama-30b-m,dummy-lora-7b-rank-32-1,649,79,15.610740258450946
316,dummy-llama-30b-m,dummy-lora-7b-rank-64-0,133,47,15.627319546124367
317,dummy-llama-30b-m,dummy-lora-7b-rank-64-1,558,21,15.627326390791856
318,dummy-llama-30b-m,dummy-lora-7b-rank-32-0,355,9,15.668934928816869
319,dummy-llama-30b-m,dummy-lora-7b-rank-8-2,572,29,15.716383990186156
320,dummy-llama-30b-m,dummy-lora-7b-rank-16-0,554,20,15.719266961505022
321,dummy-llama-30b-m,dummy-lora-7b-rank-128-3,341,209,15.856976617660152
322,dummy-llama-30b-m,dummy-lora-7b-rank-64-3,584,26,15.904503950541194
323,dummy-llama-30b-m,dummy-lora-7b-rank-16-4,295,45,15.906747304913646
324,dummy-llama-30b-m,dummy-lora-7b-rank-128-3,761,44,15.932165394624914
325,dummy-llama-30b-m,dummy-lora-7b-rank-16-0,730,51,16.07262517331643
326,dummy-llama-30b-m,dummy-lora-7b-rank-8-1,201,32,16.09307147443548
327,dummy-llama-30b-m,dummy-lora-7b-rank-8-4,337,44,16.0997170459089
328,dummy-llama-30b-m,dummy-lora-7b-rank-16-4,568,26,16.102359026082663
329,dummy-llama-30b-m,dummy-lora-7b-rank-64-3,574,30,16.116815570501657
330,dummy-llama-30b-m,dummy-lora-7b-rank-32-1,97,33,16.189321500116932
331,dummy-llama-30b-m,dummy-lora-7b-rank-64-3,250,15,16.22281707714466
332,dummy-llama-30b-m,dummy-lora-7b-rank-64-1,592,21,16.31851323975162
333,dummy-llama-30b-m,dummy-lora-7b-rank-64-3,890,3,16.341976883256855
334,dummy-llama-30b-m,dummy-lora-7b-rank-32-2,495,12,16.344580457443193
335,dummy-llama-30b-m,dummy-lora-7b-rank-8-3,400,3,16.38487599461284
336,dummy-llama-30b-m,dummy-lora-7b-rank-32-0,188,50,16.574586917647263
337,dummy-llama-30b-m,dummy-lora-7b-rank-8-4,568,27,16.620067598386154
338,dummy-llama-30b-m,dummy-lora-7b-rank-8-0,565,82,16.631345946281513
339,dummy-llama-30b-m,dummy-lora-7b-rank-16-3,211,51,16.677146412129566
340,dummy-llama-30b-m,dummy-lora-7b-rank-16-3,702,120,16.70752469905309
341,dummy-llama-30b-m,dummy-lora-7b-rank-128-3,938,12,16.83970131432851
342,dummy-llama-30b-m,dummy-lora-7b-rank-64-2,88,46,16.86487364965808
343,dummy-llama-30b-m,dummy-lora-7b-rank-128-1,310,55,17.103044433975253
344,dummy-llama-30b-m,dummy-lora-7b-rank-128-1,570,30,17.159832329428003
345,dummy-llama-30b-m,dummy-lora-7b-rank-128-0,696,44,17.321008154987545
346,dummy-llama-30b-m,dummy-lora-7b-rank-64-3,603,19,17.33870581075291
347,dummy-llama-30b-m,dummy-lora-7b-rank-16-3,205,62,17.36307059644923
348,dummy-llama-30b-m,dummy-lora-7b-rank-128-0,550,18,17.405227392304862
349,dummy-llama-30b-m,dummy-lora-7b-rank-64-0,562,26,17.405844287838093
350,dummy-llama-30b-m,dummy-lora-7b-rank-16-4,617,3,17.41850536048802
351,dummy-llama-30b-m,dummy-lora-7b-rank-8-2,891,17,17.555820999320076
352,dummy-llama-30b-m,dummy-lora-7b-rank-8-4,556,22,17.61746520885892
353,dummy-llama-30b-m,dummy-lora-7b-rank-8-0,558,22,17.632647646608888
354,dummy-llama-30b-m,dummy-lora-7b-rank-64-1,377,5,17.646237487647475
355,dummy-llama-30b-m,dummy-lora-7b-rank-64-0,554,22,17.648260481526098
356,dummy-llama-30b-m,dummy-lora-7b-rank-64-0,262,49,17.755026886183252
357,dummy-llama-30b-m,dummy-lora-7b-rank-16-2,554,20,17.84953711113248
358,dummy-llama-30b-m,dummy-lora-7b-rank-16-1,591,14,17.963026718527416
359,dummy-llama-30b-m,dummy-lora-7b-rank-128-0,865,104,17.971278709668333
360,dummy-llama-30b-m,dummy-lora-7b-rank-8-1,436,62,18.116387155579307
361,dummy-llama-30b-m,dummy-lora-7b-rank-8-1,447,59,18.267306466563042
362,dummy-llama-30b-m,dummy-lora-7b-rank-16-4,202,49,18.294209539205852
363,dummy-llama-30b-m,dummy-lora-7b-rank-64-3,609,22,18.353504207095234
364,dummy-llama-30b-m,dummy-lora-7b-rank-16-2,791,19,18.414537876200725
365,dummy-llama-30b-m,dummy-lora-7b-rank-8-3,572,29,18.51681168786504
366,dummy-llama-30b-m,dummy-lora-7b-rank-32-4,564,20,18.517643198652365
367,dummy-llama-30b-m,dummy-lora-7b-rank-128-3,968,34,18.529395617508246
368,dummy-llama-30b-m,dummy-lora-7b-rank-128-4,603,30,18.536179601791588
369,dummy-llama-30b-m,dummy-lora-7b-rank-32-1,610,19,18.648242159005367
370,dummy-llama-30b-m,dummy-lora-7b-rank-64-0,562,25,18.73673091275606
371,dummy-llama-30b-m,dummy-lora-7b-rank-16-2,550,20,18.772841678663475
372,dummy-llama-30b-m,dummy-lora-7b-rank-8-3,573,11,18.775934099650243
373,dummy-llama-30b-m,dummy-lora-7b-rank-16-1,706,8,18.883537431084836
374,dummy-llama-30b-m,dummy-lora-7b-rank-16-0,869,3,18.953998718656162
375,dummy-llama-30b-m,dummy-lora-7b-rank-16-0,229,155,19.090885306406552
376,dummy-llama-30b-m,dummy-lora-7b-rank-64-1,132,53,19.172708781000107
377,dummy-llama-30b-m,dummy-lora-7b-rank-128-3,182,82,19.214862923052916
378,dummy-llama-30b-m,dummy-lora-7b-rank-16-1,532,39,19.249614395539965
379,dummy-llama-30b-m,dummy-lora-7b-rank-8-1,590,20,19.296039443097598
380,dummy-llama-30b-m,dummy-lora-7b-rank-8-0,398,132,19.33739704713719
381,dummy-llama-30b-m,dummy-lora-7b-rank-64-3,568,30,19.383063139465122
382,dummy-llama-30b-m,dummy-lora-7b-rank-32-4,623,28,19.405934908487353
383,dummy-llama-30b-m,dummy-lora-7b-rank-8-1,598,6,19.465261868672894
384,dummy-llama-30b-m,dummy-lora-7b-rank-128-1,560,26,19.56005617186467
385,dummy-llama-30b-m,dummy-lora-7b-rank-64-0,521,10,19.7370106813912
386,dummy-llama-30b-m,dummy-lora-7b-rank-64-0,617,9,19.795068409898256
387,dummy-llama-30b-m,dummy-lora-7b-rank-32-0,368,9,19.798924471734985
388,dummy-llama-30b-m,dummy-lora-7b-rank-16-2,519,49,19.806682060976573
389,dummy-llama-30b-m,dummy-lora-7b-rank-16-3,520,50,19.86485107360359
390,dummy-llama-30b-m,dummy-lora-7b-rank-16-3,477,149,19.979999453353898
391,dummy-llama-30b-m,dummy-lora-7b-rank-64-0,561,18,20.0737441091264
392,dummy-llama-30b-m,dummy-lora-7b-rank-16-1,59,54,20.153246826102205
393,dummy-llama-30b-m,dummy-lora-7b-rank-32-4,457,5,20.17632170978661
394,dummy-llama-30b-m,dummy-lora-7b-rank-8-1,611,23,20.203462599201266
395,dummy-llama-30b-m,dummy-lora-7b-rank-16-0,442,102,20.288309830330217
396,dummy-llama-30b-m,dummy-lora-7b-rank-128-2,598,36,20.400311316761744
397,dummy-llama-30b-m,dummy-lora-7b-rank-8-4,550,18,20.400347010335445
398,dummy-llama-30b-m,dummy-lora-7b-rank-8-0,559,15,20.63629738447203
399,dummy-llama-30b-m,dummy-lora-7b-rank-32-1,596,8,20.646268582249494
400,dummy-llama-30b-m,dummy-lora-7b-rank-128-0,707,14,20.709540583060473
401,dummy-llama-30b-m,dummy-lora-7b-rank-64-3,653,85,20.72131022712752
402,dummy-llama-30b-m,dummy-lora-7b-rank-16-1,560,23,20.724015761785115
403,dummy-llama-30b-m,dummy-lora-7b-rank-32-2,305,47,20.771747535600316
404,dummy-llama-30b-m,dummy-lora-7b-rank-32-4,556,13,20.812095159836616
405,dummy-llama-30b-m,dummy-lora-7b-rank-8-2,530,47,20.832029636642204
406,dummy-llama-30b-m,dummy-lora-7b-rank-64-2,454,53,20.848811803800558
407,dummy-llama-30b-m,dummy-lora-7b-rank-32-0,535,53,20.869481825970112
408,dummy-llama-30b-m,dummy-lora-7b-rank-8-3,552,19,20.874904253092637
409,dummy-llama-30b-m,dummy-lora-7b-rank-16-1,702,38,20.920677426950782
410,dummy-llama-30b-m,dummy-lora-7b-rank-64-1,948,38,20.943197959777002
411,dummy-llama-30b-m,dummy-lora-7b-rank-128-1,978,3,21.021319328832206
412,dummy-llama-30b-m,dummy-lora-7b-rank-16-2,303,41,21.037418133406117
413,dummy-llama-30b-m,dummy-lora-7b-rank-128-2,379,51,21.101378873340163
414,dummy-llama-30b-m,dummy-lora-7b-rank-128-4,684,93,21.141522158301395
415,dummy-llama-30b-m,dummy-lora-7b-rank-128-0,560,23,21.197550172893596
416,dummy-llama-30b-m,dummy-lora-7b-rank-8-2,584,34,21.321594212248897
417,dummy-llama-30b-m,dummy-lora-7b-rank-16-3,483,41,21.357417976326794
418,dummy-llama-30b-m,dummy-lora-7b-rank-128-0,142,33,21.416658698716073
419,dummy-llama-30b-m,dummy-lora-7b-rank-8-3,288,52,21.491942556495157
420,dummy-llama-30b-m,dummy-lora-7b-rank-8-0,550,18,21.52400878535755
421,dummy-llama-30b-m,dummy-lora-7b-rank-128-0,91,53,21.55190444626159
422,dummy-llama-30b-m,dummy-lora-7b-rank-64-4,550,18,21.642299620808092
423,dummy-llama-30b-m,dummy-lora-7b-rank-8-3,572,21,21.66582392118173
424,dummy-llama-30b-m,dummy-lora-7b-rank-32-3,415,45,21.734938312934457
425,dummy-llama-30b-m,dummy-lora-7b-rank-8-1,530,46,21.76996518631605
426,dummy-llama-30b-m,dummy-lora-7b-rank-8-2,353,47,21.86806081380914
427,dummy-llama-30b-m,dummy-lora-7b-rank-128-4,548,17,21.926849476097868
428,dummy-llama-30b-m,dummy-lora-7b-rank-128-1,487,47,22.073054751289735
429,dummy-llama-30b-m,dummy-lora-7b-rank-16-4,114,19,22.09020483391635
430,dummy-llama-30b-m,dummy-lora-7b-rank-64-3,548,14,22.13119791959737
431,dummy-llama-30b-m,dummy-lora-7b-rank-128-2,146,44,22.22185790568194
432,dummy-llama-30b-m,dummy-lora-7b-rank-64-1,529,36,22.363482495561218
433,dummy-llama-30b-m,dummy-lora-7b-rank-16-4,510,83,22.432620272710952
434,dummy-llama-30b-m,dummy-lora-7b-rank-128-3,613,27,22.479744803150467
435,dummy-llama-30b-m,dummy-lora-7b-rank-16-0,393,28,22.486109280489497
436,dummy-llama-30b-m,dummy-lora-7b-rank-128-2,225,55,22.528619303648785
437,dummy-llama-30b-m,dummy-lora-7b-rank-8-4,559,48,22.938880694394683
438,dummy-llama-30b-m,dummy-lora-7b-rank-32-3,565,44,22.962524801392377
439,dummy-llama-30b-m,dummy-lora-7b-rank-32-0,172,112,23.004876809924756
440,dummy-llama-30b-m,dummy-lora-7b-rank-8-2,187,16,23.157559165525097
441,dummy-llama-30b-m,dummy-lora-7b-rank-32-0,617,71,23.215475189505863
442,dummy-llama-30b-m,dummy-lora-7b-rank-128-4,688,60,23.219830540120935
443,dummy-llama-30b-m,dummy-lora-7b-rank-32-0,544,6,23.225904428481837
444,dummy-llama-30b-m,dummy-lora-7b-rank-16-2,533,56,23.2728480794947
445,dummy-llama-30b-m,dummy-lora-7b-rank-32-4,519,7,23.32069920132108
446,dummy-llama-30b-m,dummy-lora-7b-rank-64-0,502,54,23.36000968936963
447,dummy-llama-30b-m,dummy-lora-7b-rank-64-1,554,20,23.372322611559348
448,dummy-llama-30b-m,dummy-lora-7b-rank-8-3,554,20,23.3877821999576
449,dummy-llama-30b-m,dummy-lora-7b-rank-8-0,568,47,23.40200229045534
450,dummy-llama-30b-m,dummy-lora-7b-rank-128-1,558,22,23.45791799702254
451,dummy-llama-30b-m,dummy-lora-7b-rank-32-1,326,30,23.477283860659234
452,dummy-llama-30b-m,dummy-lora-7b-rank-32-2,858,3,23.56125023536489
453,dummy-llama-30b-m,dummy-lora-7b-rank-16-2,171,52,23.58357431804609
454,dummy-llama-30b-m,dummy-lora-7b-rank-8-4,230,137,23.588256801552244
455,dummy-llama-30b-m,dummy-lora-7b-rank-32-3,656,76,23.6152950226786
456,dummy-llama-30b-m,dummy-lora-7b-rank-32-0,657,75,23.706567165020562
457,dummy-llama-30b-m,dummy-lora-7b-rank-8-1,531,50,23.96947245350192
458,dummy-llama-30b-m,dummy-lora-7b-rank-16-3,957,68,24.025650601799178
459,dummy-llama-30b-m,dummy-lora-7b-rank-8-1,175,38,24.06244922545181
460,dummy-llama-30b-m,dummy-lora-7b-rank-16-2,550,10,24.20167742482948
461,dummy-llama-30b-m,dummy-lora-7b-rank-8-0,566,23,24.210263535570505
462,dummy-llama-30b-m,dummy-lora-7b-rank-32-1,213,139,24.28570967521366
463,dummy-llama-30b-m,dummy-lora-7b-rank-128-1,687,43,24.301126013195724
464,dummy-llama-30b-m,dummy-lora-7b-rank-16-1,967,69,24.424394675068307
465,dummy-llama-30b-m,dummy-lora-7b-rank-64-1,110,30,24.655276900898095
466,dummy-llama-30b-m,dummy-lora-7b-rank-16-4,601,29,24.669516072864152
467,dummy-llama-30b-m,dummy-lora-7b-rank-8-0,551,11,24.67094858401043
468,dummy-llama-30b-m,dummy-lora-7b-rank-16-4,165,59,24.67437365255282
469,dummy-llama-30b-m,dummy-lora-7b-rank-16-0,123,56,24.682512110643216
470,dummy-llama-30b-m,dummy-lora-7b-rank-32-2,619,25,24.785447097693083
471,dummy-llama-30b-m,dummy-lora-7b-rank-16-3,404,80,24.798876193319046
472,dummy-llama-30b-m,dummy-lora-7b-rank-128-3,592,6,24.82188339847634
473,dummy-llama-30b-m,dummy-lora-7b-rank-8-2,819,14,24.83738575871697
474,dummy-llama-30b-m,dummy-lora-7b-rank-32-0,358,4,24.993149573410804
475,dummy-llama-30b-m,dummy-lora-7b-rank-64-1,543,47,24.994320364680558
476,dummy-llama-30b-m,dummy-lora-7b-rank-8-0,292,46,25.12503891753164
477,dummy-llama-30b-m,dummy-lora-7b-rank-128-2,327,7,25.132553867024523
478,dummy-llama-30b-m,dummy-lora-7b-rank-16-1,564,28,25.145512762377134
479,dummy-llama-30b-m,dummy-lora-7b-rank-32-3,182,51,25.173435078179704
480,dummy-llama-30b-m,dummy-lora-7b-rank-64-1,233,54,25.212256826713602
481,dummy-llama-30b-m,dummy-lora-7b-rank-8-1,73,35,25.43568845381334
482,dummy-llama-30b-m,dummy-lora-7b-rank-128-0,603,19,25.50606841159835
483,dummy-llama-30b-m,dummy-lora-7b-rank-8-0,627,23,25.51170140442555
484,dummy-llama-30b-m,dummy-lora-7b-rank-64-1,582,37,25.53183022789161
485,dummy-llama-30b-m,dummy-lora-7b-rank-32-3,577,28,25.53498794007057
486,dummy-llama-30b-m,dummy-lora-7b-rank-64-1,554,20,25.563345650412213
487,dummy-llama-30b-m,dummy-lora-7b-rank-16-3,96,38,25.642639807829912
488,dummy-llama-30b-m,dummy-lora-7b-rank-16-1,556,24,25.696644943421532
489,dummy-llama-30b-m,dummy-lora-7b-rank-128-1,605,20,25.76684803461704
490,dummy-llama-30b-m,dummy-lora-7b-rank-32-2,728,89,25.768461156426177
491,dummy-llama-30b-m,dummy-lora-7b-rank-16-1,263,51,25.782127112258163
492,dummy-llama-30b-m,dummy-lora-7b-rank-16-3,558,22,25.79769955138749
493,dummy-llama-30b-m,dummy-lora-7b-rank-128-1,593,14,25.803538590580295
494,dummy-llama-30b-m,dummy-lora-7b-rank-32-3,552,22,25.84730940441605
495,dummy-llama-30b-m,dummy-lora-7b-rank-128-4,624,18,25.850570869563963
496,dummy-llama-30b-m,dummy-lora-7b-rank-64-3,612,17,25.9193958965673
497,dummy-llama-30b-m,dummy-lora-7b-rank-16-4,585,12,25.933685681256787
498,dummy-llama-30b-m,dummy-lora-7b-rank-64-1,580,13,25.951893731317686
499,dummy-llama-30b-m,dummy-lora-7b-rank-32-1,759,46,26.055634443415755
500,dummy-llama-30b-m,dummy-lora-7b-rank-64-1,783,54,26.093859890221122
501,dummy-llama-30b-m,dummy-lora-7b-rank-128-1,556,23,26.148885588651684
502,dummy-llama-30b-m,dummy-lora-7b-rank-16-1,362,123,26.220578773934815
503,dummy-llama-30b-m,dummy-lora-7b-rank-64-3,856,44,26.2987002640673
504,dummy-llama-30b-m,dummy-lora-7b-rank-16-4,700,13,26.337092081942753
505,dummy-llama-30b-m,dummy-lora-7b-rank-128-4,402,11,26.4185171146247
506,dummy-llama-30b-m,dummy-lora-7b-rank-16-4,440,41,26.482520611906775
507,dummy-llama-30b-m,dummy-lora-7b-rank-128-3,333,58,26.61322007171979
508,dummy-llama-30b-m,dummy-lora-7b-rank-128-3,526,58,26.72579333429168
509,dummy-llama-30b-m,dummy-lora-7b-rank-32-1,165,19,26.73462314940331
510,dummy-llama-30b-m,dummy-lora-7b-rank-128-4,546,13,26.747025695392463
511,dummy-llama-30b-m,dummy-lora-7b-rank-128-1,308,53,26.77863461611139
512,dummy-llama-30b-m,dummy-lora-7b-rank-64-3,441,12,26.820082072994026
513,dummy-llama-30b-m,dummy-lora-7b-rank-8-0,708,10,26.829414565668866
514,dummy-llama-30b-m,dummy-lora-7b-rank-128-1,518,64,26.985272445839716
515,dummy-llama-30b-m,dummy-lora-7b-rank-8-0,295,57,27.045180952288725
516,dummy-llama-30b-m,dummy-lora-7b-rank-128-0,334,50,27.107678077500566
517,dummy-llama-30b-m,dummy-lora-7b-rank-64-4,138,80,27.174787969069634
518,dummy-llama-30b-m,dummy-lora-7b-rank-32-3,55,36,27.20059969930516
519,dummy-llama-30b-m,dummy-lora-7b-rank-16-3,766,7,27.233446174736322
520,dummy-llama-30b-m,dummy-lora-7b-rank-16-3,646,66,27.25899788080681
521,dummy-llama-30b-m,dummy-lora-7b-rank-64-3,92,39,27.285839964329504
522,dummy-llama-30b-m,dummy-lora-7b-rank-64-0,275,60,27.32711269295028
523,dummy-llama-30b-m,dummy-lora-7b-rank-32-4,977,54,27.355767679288014
524,dummy-llama-30b-m,dummy-lora-7b-rank-8-3,843,220,27.382553698702946
525,dummy-llama-30b-m,dummy-lora-7b-rank-64-4,175,43,27.388782977007594
526,dummy-llama-30b-m,dummy-lora-7b-rank-64-0,686,23,27.45074316421447
527,dummy-llama-30b-m,dummy-lora-7b-rank-16-3,599,16,27.454389486671523
528,dummy-llama-30b-m,dummy-lora-7b-rank-8-1,552,19,27.468184017268456
529,dummy-llama-30b-m,dummy-lora-7b-rank-64-0,446,7,27.53649419903544
530,dummy-llama-30b-m,dummy-lora-7b-rank-16-0,567,49,27.55280641781826
531,dummy-llama-30b-m,dummy-lora-7b-rank-32-0,552,21,27.621844324596946
532,dummy-llama-30b-m,dummy-lora-7b-rank-16-3,660,37,27.671695821088623
533,dummy-llama-30b-m,dummy-lora-7b-rank-8-1,56,71,27.724939033765143
534,dummy-llama-30b-m,dummy-lora-7b-rank-32-4,790,16,27.78893593565475
535,dummy-llama-30b-m,dummy-lora-7b-rank-32-0,607,63,27.86524448878318
536,dummy-llama-30b-m,dummy-lora-7b-rank-8-3,519,96,27.90893611337936
537,dummy-llama-30b-m,dummy-lora-7b-rank-32-4,467,10,27.91897195333211
538,dummy-llama-30b-m,dummy-lora-7b-rank-32-3,307,128,28.09719721830873
539,dummy-llama-30b-m,dummy-lora-7b-rank-8-2,605,23,28.126000081399233
540,dummy-llama-30b-m,dummy-lora-7b-rank-32-2,674,18,28.183563581534425
541,dummy-llama-30b-m,dummy-lora-7b-rank-64-0,582,36,28.20733511840939
542,dummy-llama-30b-m,dummy-lora-7b-rank-32-3,552,21,28.211677136626793
543,dummy-llama-30b-m,dummy-lora-7b-rank-64-0,584,26,28.27262198568171
544,dummy-llama-30b-m,dummy-lora-7b-rank-32-0,248,54,28.298587919913132
545,dummy-llama-30b-m,dummy-lora-7b-rank-128-1,181,45,28.311895038377603
546,dummy-llama-30b-m,dummy-lora-7b-rank-16-4,678,57,28.335162755613972
547,dummy-llama-30b-m,dummy-lora-7b-rank-8-2,484,57,28.42336310258727
548,dummy-llama-30b-m,dummy-lora-7b-rank-16-4,574,32,28.497824186044177
549,dummy-llama-30b-m,dummy-lora-7b-rank-32-4,277,51,28.518743011973413
550,dummy-llama-30b-m,dummy-lora-7b-rank-16-1,171,51,28.811568272334664
551,dummy-llama-30b-m,dummy-lora-7b-rank-64-0,296,7,28.813939285718327
552,dummy-llama-30b-m,dummy-lora-7b-rank-32-3,380,171,28.84505406013215
553,dummy-llama-30b-m,dummy-lora-7b-rank-32-2,556,13,28.91203673487792
554,dummy-llama-30b-m,dummy-lora-7b-rank-64-4,378,54,28.92862891364377
555,dummy-llama-30b-m,dummy-lora-7b-rank-32-0,548,12,28.935029095972556
556,dummy-llama-30b-m,dummy-lora-7b-rank-128-4,218,66,28.942886771885835
557,dummy-llama-30b-m,dummy-lora-7b-rank-8-4,277,8,29.189949073759546
558,dummy-llama-30b-m,dummy-lora-7b-rank-32-3,429,51,29.19726950451301
559,dummy-llama-30b-m,dummy-lora-7b-rank-8-0,340,47,29.230077384059697
560,dummy-llama-30b-m,dummy-lora-7b-rank-8-1,653,47,29.338986501837446
561,dummy-llama-30b-m,dummy-lora-7b-rank-16-3,553,72,29.446116360840676
562,dummy-llama-30b-m,dummy-lora-7b-rank-128-2,560,23,29.49352839642612
563,dummy-llama-30b-m,dummy-lora-7b-rank-32-1,556,13,29.507790380269824
564,dummy-llama-30b-m,dummy-lora-7b-rank-32-4,572,21,29.56257217848373
565,dummy-llama-30b-m,dummy-lora-7b-rank-128-3,177,3,29.609297410805848
566,dummy-llama-30b-m,dummy-lora-7b-rank-32-4,97,42,29.615799662626877
567,dummy-llama-30b-m,dummy-lora-7b-rank-8-4,548,17,29.6163577158492
568,dummy-llama-30b-m,dummy-lora-7b-rank-64-1,100,56,29.699009050927998
569,dummy-llama-30b-m,dummy-lora-7b-rank-128-4,453,58,29.814396538709655
570,dummy-llama-30b-m,dummy-lora-7b-rank-16-0,608,16,29.82100591327876
571,dummy-llama-30b-m,dummy-lora-7b-rank-16-4,398,46,29.85018166661851
572,dummy-llama-30b-m,dummy-lora-7b-rank-32-0,392,67,29.89373489401456
573,dummy-llama-30b-m,dummy-lora-7b-rank-64-1,675,53,29.98158808708028
574,dummy-llama-30b-m,dummy-lora-7b-rank-128-1,580,35,30.0370216602375
575,dummy-llama-30b-m,dummy-lora-7b-rank-32-1,201,48,30.063596875972255
576,dummy-llama-30b-m,dummy-lora-7b-rank-64-3,619,26,30.113480074192182
577,dummy-llama-30b-m,dummy-lora-7b-rank-8-3,470,42,30.152955154065644
578,dummy-llama-30b-m,dummy-lora-7b-rank-8-1,758,32,30.274109361903438
579,dummy-llama-30b-m,dummy-lora-7b-rank-64-3,525,67,30.286090729047817
580,dummy-llama-30b-m,dummy-lora-7b-rank-16-3,351,54,30.342224625347175
581,dummy-llama-30b-m,dummy-lora-7b-rank-32-3,438,14,30.35705775705505
582,dummy-llama-30b-m,dummy-lora-7b-rank-32-1,618,18,30.403176391727254
583,dummy-llama-30b-m,dummy-lora-7b-rank-128-0,582,34,30.405525666515988
584,dummy-llama-30b-m,dummy-lora-7b-rank-128-4,594,59,30.415568936569226
585,dummy-llama-30b-m,dummy-lora-7b-rank-32-0,524,86,30.445806332426997
586,dummy-llama-30b-m,dummy-lora-7b-rank-32-4,501,108,30.542632240777024
587,dummy-llama-30b-m,dummy-lora-7b-rank-128-4,518,67,30.65039698445816
588,dummy-llama-30b-m,dummy-lora-7b-rank-16-2,250,49,30.889504391889822
589,dummy-llama-30b-m,dummy-lora-7b-rank-64-3,560,22,30.91641634212166
590,dummy-llama-30b-m,dummy-lora-7b-rank-128-3,603,14,30.91900332920552
591,dummy-llama-30b-m,dummy-lora-7b-rank-64-2,367,21,31.036163037894575
592,dummy-llama-30b-m,dummy-lora-7b-rank-128-1,545,47,31.03729874946974
593,dummy-llama-30b-m,dummy-lora-7b-rank-64-1,321,23,31.05290804591423
594,dummy-llama-30b-m,dummy-lora-7b-rank-128-0,497,52,31.06595493774131
595,dummy-llama-30b-m,dummy-lora-7b-rank-64-1,283,46,31.077357732907373
596,dummy-llama-30b-m,dummy-lora-7b-rank-8-0,266,3,31.081008953229883
597,dummy-llama-30b-m,dummy-lora-7b-rank-16-3,601,18,31.119488332487986
598,dummy-llama-30b-m,dummy-lora-7b-rank-16-0,340,6,31.306870170741604
599,dummy-llama-30b-m,dummy-lora-7b-rank-16-0,494,12,31.318242197885446
600,dummy-llama-30b-m,dummy-lora-7b-rank-32-2,582,36,31.33289807402757
601,dummy-llama-30b-m,dummy-lora-7b-rank-64-0,340,120,31.414241512604132
602,dummy-llama-30b-m,dummy-lora-7b-rank-16-0,271,43,31.415929120165806
603,dummy-llama-30b-m,dummy-lora-7b-rank-16-3,186,62,31.487926398337272
604,dummy-llama-30b-m,dummy-lora-7b-rank-128-4,594,21,31.539106078833388
605,dummy-llama-30b-m,dummy-lora-7b-rank-64-0,566,23,31.612054940099462
606,dummy-llama-30b-m,dummy-lora-7b-rank-16-3,723,14,31.726774267375305
607,dummy-llama-30b-m,dummy-lora-7b-rank-64-1,225,9,31.743514394434097
608,dummy-llama-30b-m,dummy-lora-7b-rank-128-3,703,27,31.761542253234598
609,dummy-llama-30b-m,dummy-lora-7b-rank-64-2,554,2,31.762688936569848
610,dummy-llama-30b-m,dummy-lora-7b-rank-32-2,514,43,31.819724047869787
611,dummy-llama-30b-m,dummy-lora-7b-rank-32-2,613,23,32.001738772909036
612,dummy-llama-30b-m,dummy-lora-7b-rank-16-1,578,35,32.01700903715977
613,dummy-llama-30b-m,dummy-lora-7b-rank-64-1,181,5,32.052728574699714
614,dummy-llama-30b-m,dummy-lora-7b-rank-32-4,604,44,32.060955642975934
615,dummy-llama-30b-m,dummy-lora-7b-rank-32-2,564,9,32.164706424455055
616,dummy-llama-30b-m,dummy-lora-7b-rank-32-4,139,19,32.22529694681475
617,dummy-llama-30b-m,dummy-lora-7b-rank-8-3,436,133,32.23847079756201
618,dummy-llama-30b-m,dummy-lora-7b-rank-128-2,409,41,32.3219866820691
619,dummy-llama-30b-m,dummy-lora-7b-rank-32-2,526,8,32.330636892066615
620,dummy-llama-30b-m,dummy-lora-7b-rank-16-4,319,43,32.33509135985803
621,dummy-llama-30b-m,dummy-lora-7b-rank-64-4,947,39,32.42885623854977
622,dummy-llama-30b-m,dummy-lora-7b-rank-64-1,315,89,32.45457516591429
623,dummy-llama-30b-m,dummy-lora-7b-rank-128-0,566,27,32.45790830420515
624,dummy-llama-30b-m,dummy-lora-7b-rank-128-2,207,3,32.502038981646336
625,dummy-llama-30b-m,dummy-lora-7b-rank-128-1,260,136,32.504151955353905
626,dummy-llama-30b-m,dummy-lora-7b-rank-8-4,609,22,32.59473853943928
627,dummy-llama-30b-m,dummy-lora-7b-rank-64-3,627,31,32.68640652882007
628,dummy-llama-30b-m,dummy-lora-7b-rank-128-4,390,65,32.725372347474
629,dummy-llama-30b-m,dummy-lora-7b-rank-128-3,246,62,32.752428266847204
630,dummy-llama-30b-m,dummy-lora-7b-rank-64-0,607,32,32.84969818088933
631,dummy-llama-30b-m,dummy-lora-7b-rank-128-0,441,72,32.88826253678639
632,dummy-llama-30b-m,dummy-lora-7b-rank-32-2,487,16,32.99512738145858
633,dummy-llama-30b-m,dummy-lora-7b-rank-64-3,580,51,33.078980061837335
634,dummy-llama-30b-m,dummy-lora-7b-rank-32-0,390,42,33.10277115686239
635,dummy-llama-30b-m,dummy-lora-7b-rank-64-3,317,99,33.17237790168086
636,dummy-llama-30b-m,dummy-lora-7b-rank-64-1,687,11,33.18411138614659
637,dummy-llama-30b-m,dummy-lora-7b-rank-16-3,383,179,33.207458728791025
638,dummy-llama-30b-m,dummy-lora-7b-rank-64-2,485,11,33.248661760763696
639,dummy-llama-30b-m,dummy-lora-7b-rank-64-2,562,50,33.250128747240694
640,dummy-llama-30b-m,dummy-lora-7b-rank-32-0,572,32,33.271649228418276
641,dummy-llama-30b-m,dummy-lora-7b-rank-32-0,561,8,33.30329971775904
642,dummy-llama-30b-m,dummy-lora-7b-rank-64-3,401,170,33.3453919667303
643,dummy-llama-30b-m,dummy-lora-7b-rank-32-0,340,32,33.369510449314234
644,dummy-llama-30b-m,dummy-lora-7b-rank-8-1,629,3,33.4179779568165
645,dummy-llama-30b-m,dummy-lora-7b-rank-16-1,266,48,33.4390561654389
646,dummy-llama-30b-m,dummy-lora-7b-rank-16-3,260,61,33.68513892374032
647,dummy-llama-30b-m,dummy-lora-7b-rank-128-1,558,20,33.69484950710698
648,dummy-llama-30b-m,dummy-lora-7b-rank-8-0,240,134,33.737924909921496
649,dummy-llama-30b-m,dummy-lora-7b-rank-128-1,370,41,34.19621945656342
650,dummy-llama-30b-m,dummy-lora-7b-rank-128-1,586,20,34.20644974124475
651,dummy-llama-30b-m,dummy-lora-7b-rank-64-4,554,22,34.241831916478056
652,dummy-llama-30b-m,dummy-lora-7b-rank-32-4,373,71,34.252974375011064
653,dummy-llama-30b-m,dummy-lora-7b-rank-32-0,669,94,34.28136361201438
654,dummy-llama-30b-m,dummy-lora-7b-rank-128-1,570,29,34.39629975677676
655,dummy-llama-30b-m,dummy-lora-7b-rank-64-1,320,44,34.4044550407598
656,dummy-llama-30b-m,dummy-lora-7b-rank-32-0,500,162,34.454375632175896
657,dummy-llama-30b-m,dummy-lora-7b-rank-32-0,437,77,34.45710625967835
658,dummy-llama-30b-m,dummy-lora-7b-rank-16-3,576,34,34.535684024633454
659,dummy-llama-30b-m,dummy-lora-7b-rank-32-2,563,10,34.75080254574708
660,dummy-llama-30b-m,dummy-lora-7b-rank-8-0,295,160,34.88220391910789
661,dummy-llama-30b-m,dummy-lora-7b-rank-8-1,407,50,34.90673506762762
662,dummy-llama-30b-m,dummy-lora-7b-rank-64-2,541,134,34.96776608443365
663,dummy-llama-30b-m,dummy-lora-7b-rank-8-0,690,39,35.037866444206706
664,dummy-llama-30b-m,dummy-lora-7b-rank-128-1,749,47,35.10778531168372
665,dummy-llama-30b-m,dummy-lora-7b-rank-8-4,556,23,35.14375410559512
666,dummy-llama-30b-m,dummy-lora-7b-rank-64-4,52,45,35.15913911041954
667,dummy-llama-30b-m,dummy-lora-7b-rank-64-4,635,37,35.1638174059273
668,dummy-llama-30b-m,dummy-lora-7b-rank-16-4,466,17,35.33061268245309
669,dummy-llama-30b-m,dummy-lora-7b-rank-128-2,592,23,35.374763040894926
670,dummy-llama-30b-m,dummy-lora-7b-rank-8-0,702,60,35.382746327259355
671,dummy-llama-30b-m,dummy-lora-7b-rank-16-4,336,42,35.430872323409005
672,dummy-llama-30b-m,dummy-lora-7b-rank-64-1,734,15,35.46784647666785
673,dummy-llama-30b-m,dummy-lora-7b-rank-8-0,566,25,35.51903905682636
674,dummy-llama-30b-m,dummy-lora-7b-rank-64-1,631,11,35.537672340196075
675,dummy-llama-30b-m,dummy-lora-7b-rank-32-4,290,10,35.59408485016909
676,dummy-llama-30b-m,dummy-lora-7b-rank-64-1,142,57,35.59561516331649
677,dummy-llama-30b-m,dummy-lora-7b-rank-128-3,143,43,35.66921715737484
678,dummy-llama-30b-m,dummy-lora-7b-rank-16-3,100,67,35.697655928212384
679,dummy-llama-30b-m,dummy-lora-7b-rank-16-0,748,13,35.75617056522352
680,dummy-llama-30b-m,dummy-lora-7b-rank-16-4,518,63,35.81613953374185
681,dummy-llama-30b-m,dummy-lora-7b-rank-32-1,239,78,35.82117442788821
682,dummy-llama-30b-m,dummy-lora-7b-rank-16-2,305,59,35.90937528561237
683,dummy-llama-30b-m,dummy-lora-7b-rank-64-1,621,42,35.94156054488659
684,dummy-llama-30b-m,dummy-lora-7b-rank-128-4,597,14,35.95625869945894
685,dummy-llama-30b-m,dummy-lora-7b-rank-64-0,346,49,36.13595525473308
686,dummy-llama-30b-m,dummy-lora-7b-rank-64-0,560,24,36.13753956181083
687,dummy-llama-30b-m,dummy-lora-7b-rank-64-4,558,24,36.14292598436584
688,dummy-llama-30b-m,dummy-lora-7b-rank-128-0,174,46,36.223731819452325
689,dummy-llama-30b-m,dummy-lora-7b-rank-64-0,715,106,36.33713257804427
690,dummy-llama-30b-m,dummy-lora-7b-rank-16-0,206,41,36.49708143071524
691,dummy-llama-30b-m,dummy-lora-7b-rank-16-4,750,8,36.51433360820889
692,dummy-llama-30b-m,dummy-lora-7b-rank-32-3,273,44,36.5774663978804
693,dummy-llama-30b-m,dummy-lora-7b-rank-128-1,349,55,36.584000370583475
694,dummy-llama-30b-m,dummy-lora-7b-rank-128-4,719,15,36.68278339048929
695,dummy-llama-30b-m,dummy-lora-7b-rank-128-3,628,3,36.75358453010959
696,dummy-llama-30b-m,dummy-lora-7b-rank-32-1,552,21,36.97536526240346
697,dummy-llama-30b-m,dummy-lora-7b-rank-16-3,602,49,36.986469325159284
698,dummy-llama-30b-m,dummy-lora-7b-rank-64-1,548,17,36.98962239045973
699,dummy-llama-30b-m,dummy-lora-7b-rank-32-4,411,55,37.00475927057639
700,dummy-llama-30b-m,dummy-lora-7b-rank-128-1,554,22,37.09476418071256
701,dummy-llama-30b-m,dummy-lora-7b-rank-64-3,899,3,37.113914617931
702,dummy-llama-30b-m,dummy-lora-7b-rank-16-1,671,36,37.136966497872756
703,dummy-llama-30b-m,dummy-lora-7b-rank-128-3,270,51,37.18232286569864
704,dummy-llama-30b-m,dummy-lora-7b-rank-16-0,607,23,37.26765427729228
705,dummy-llama-30b-m,dummy-lora-7b-rank-128-1,570,23,37.38684750398708
706,dummy-llama-30b-m,dummy-lora-7b-rank-64-2,117,51,37.49065616652014
707,dummy-llama-30b-m,dummy-lora-7b-rank-64-0,597,23,37.52024420154842
708,dummy-llama-30b-m,dummy-lora-7b-rank-8-2,550,19,37.56653506621635
709,dummy-llama-30b-m,dummy-lora-7b-rank-16-1,607,18,37.57207962748864
710,dummy-llama-30b-m,dummy-lora-7b-rank-128-0,391,47,37.59710847573512
711,dummy-llama-30b-m,dummy-lora-7b-rank-64-3,572,29,37.599515119641936
712,dummy-llama-30b-m,dummy-lora-7b-rank-128-1,563,48,37.60607514960645
713,dummy-llama-30b-m,dummy-lora-7b-rank-64-3,195,101,37.64749240806071
714,dummy-llama-30b-m,dummy-lora-7b-rank-32-0,593,22,37.8356827294898
715,dummy-llama-30b-m,dummy-lora-7b-rank-8-2,386,123,37.8914406233059
716,dummy-llama-30b-m,dummy-lora-7b-rank-64-4,552,19,37.904838029891
717,dummy-llama-30b-m,dummy-lora-7b-rank-128-2,259,44,37.95138621571614
718,dummy-llama-30b-m,dummy-lora-7b-rank-128-1,222,3,37.952941016261875
719,dummy-llama-30b-m,dummy-lora-7b-rank-32-1,550,119,37.97204353400284
720,dummy-llama-30b-m,dummy-lora-7b-rank-128-3,554,20,38.03164023216723
721,dummy-llama-30b-m,dummy-lora-7b-rank-32-3,810,84,38.04898406712692
722,dummy-llama-30b-m,dummy-lora-7b-rank-16-2,439,136,38.06212647002922
723,dummy-llama-30b-m,dummy-lora-7b-rank-64-1,568,27,38.08038455487318
724,dummy-llama-30b-m,dummy-lora-7b-rank-32-3,511,9,38.09057692931105
725,dummy-llama-30b-m,dummy-lora-7b-rank-64-3,821,5,38.094575610681304
726,dummy-llama-30b-m,dummy-lora-7b-rank-32-2,548,2,38.16302181348243
727,dummy-llama-30b-m,dummy-lora-7b-rank-64-3,130,19,38.21927640492094
728,dummy-llama-30b-m,dummy-lora-7b-rank-16-3,603,15,38.30323823925396
729,dummy-llama-30b-m,dummy-lora-7b-rank-16-1,274,54,38.37938121351972
730,dummy-llama-30b-m,dummy-lora-7b-rank-128-3,314,11,38.48474142393966
731,dummy-llama-30b-m,dummy-lora-7b-rank-8-0,242,100,38.603148829155025
732,dummy-llama-30b-m,dummy-lora-7b-rank-8-1,564,84,38.608927741147156
733,dummy-llama-30b-m,dummy-lora-7b-rank-64-3,493,69,38.62456356049037
734,dummy-llama-30b-m,dummy-lora-7b-rank-8-4,349,46,38.770492145079906
735,dummy-llama-30b-m,dummy-lora-7b-rank-64-0,607,8,38.784981097888036
736,dummy-llama-30b-m,dummy-lora-7b-rank-128-3,236,161,38.795573965385834
737,dummy-llama-30b-m,dummy-lora-7b-rank-64-2,411,41,39.06805198813379
738,dummy-llama-30b-m,dummy-lora-7b-rank-32-0,716,9,39.22331159031801
739,dummy-llama-30b-m,dummy-lora-7b-rank-8-3,817,84,39.23044417412726
740,dummy-llama-30b-m,dummy-lora-7b-rank-32-0,743,100,39.25274513850049
741,dummy-llama-30b-m,dummy-lora-7b-rank-64-0,546,13,39.457032470756474
742,dummy-llama-30b-m,dummy-lora-7b-rank-64-1,554,20,39.491498945764725
743,dummy-llama-30b-m,dummy-lora-7b-rank-32-3,552,19,39.52091064346247
744,dummy-llama-30b-m,dummy-lora-7b-rank-16-0,585,6,39.53658674897965
745,dummy-llama-30b-m,dummy-lora-7b-rank-16-0,52,62,39.56166941351823
746,dummy-llama-30b-m,dummy-lora-7b-rank-64-1,564,19,39.62091617604285
747,dummy-llama-30b-m,dummy-lora-7b-rank-128-4,141,19,39.75330142813465
748,dummy-llama-30b-m,dummy-lora-7b-rank-16-4,198,31,39.77658560411516
749,dummy-llama-30b-m,dummy-lora-7b-rank-32-0,558,22,39.78233940775021
750,dummy-llama-30b-m,dummy-lora-7b-rank-128-1,611,21,39.794967128980666
751,dummy-llama-30b-m,dummy-lora-7b-rank-32-2,599,17,39.9175828695245
752,dummy-llama-30b-m,dummy-lora-7b-rank-64-4,560,15,39.94794281459262
753,dummy-llama-30b-m,dummy-lora-7b-rank-32-3,277,12,39.9586011463558
754,dummy-llama-30b-m,dummy-lora-7b-rank-64-4,159,38,40.03151382279546
755,dummy-llama-30b-m,dummy-lora-7b-rank-128-4,639,63,40.03904353813382
756,dummy-llama-30b-m,dummy-lora-7b-rank-16-3,612,10,40.179714134893395
757,dummy-llama-30b-m,dummy-lora-7b-rank-128-2,629,11,40.27010427022284
758,dummy-llama-30b-m,dummy-lora-7b-rank-32-2,558,22,40.28280302949046
759,dummy-llama-30b-m,dummy-lora-7b-rank-8-3,353,11,40.3306221012484
760,dummy-llama-30b-m,dummy-lora-7b-rank-64-1,617,21,40.351107268273545
761,dummy-llama-30b-m,dummy-lora-7b-rank-64-0,535,49,40.37638115137769
762,dummy-llama-30b-m,dummy-lora-7b-rank-8-1,556,21,40.53636950435066
763,dummy-llama-30b-m,dummy-lora-7b-rank-32-2,554,12,40.574308858248486
764,dummy-llama-30b-m,dummy-lora-7b-rank-16-3,568,29,40.762525452034275
765,dummy-llama-30b-m,dummy-lora-7b-rank-128-3,452,96,40.816989164959004
766,dummy-llama-30b-m,dummy-lora-7b-rank-16-0,373,7,40.82628187669752
767,dummy-llama-30b-m,dummy-lora-7b-rank-8-1,345,50,40.89532620402428
768,dummy-llama-30b-m,dummy-lora-7b-rank-32-0,639,38,40.98836756034582
769,dummy-llama-30b-m,dummy-lora-7b-rank-8-1,737,9,40.989526199402356
770,dummy-llama-30b-m,dummy-lora-7b-rank-64-4,519,51,41.07734700968509
771,dummy-llama-30b-m,dummy-lora-7b-rank-8-3,441,51,41.152691097928766
772,dummy-llama-30b-m,dummy-lora-7b-rank-32-3,544,15,41.15436594187515
773,dummy-llama-30b-m,dummy-lora-7b-rank-32-1,608,6,41.16944369434044
774,dummy-llama-30b-m,dummy-lora-7b-rank-64-3,514,112,41.26158381548765
775,dummy-llama-30b-m,dummy-lora-7b-rank-128-0,166,19,41.270156183560985
776,dummy-llama-30b-m,dummy-lora-7b-rank-16-4,572,29,41.35509337012284
777,dummy-llama-30b-m,dummy-lora-7b-rank-32-4,982,60,41.41122692683007
778,dummy-llama-30b-m,dummy-lora-7b-rank-64-0,292,40,41.422694394739615
779,dummy-llama-30b-m,dummy-lora-7b-rank-8-3,574,28,41.43887988881341
780,dummy-llama-30b-m,dummy-lora-7b-rank-64-1,499,34,41.52878952728377
781,dummy-llama-30b-m,dummy-lora-7b-rank-16-4,558,24,41.54571963049081
782,dummy-llama-30b-m,dummy-lora-7b-rank-128-0,564,25,41.55457494969586
783,dummy-llama-30b-m,dummy-lora-7b-rank-64-0,562,27,41.78078407659182
784,dummy-llama-30b-m,dummy-lora-7b-rank-64-3,586,92,41.85883921463273
785,dummy-llama-30b-m,dummy-lora-7b-rank-32-2,239,61,41.968293216302456
786,dummy-llama-30b-m,dummy-lora-7b-rank-64-0,412,11,42.06847501296519
787,dummy-llama-30b-m,dummy-lora-7b-rank-8-4,318,49,42.08577813007598
788,dummy-llama-30b-m,dummy-lora-7b-rank-128-1,628,191,42.0910207824579
789,dummy-llama-30b-m,dummy-lora-7b-rank-16-3,1004,69,42.09410026087636
790,dummy-llama-30b-m,dummy-lora-7b-rank-16-3,783,78,42.09631998515725
791,dummy-llama-30b-m,dummy-lora-7b-rank-16-4,560,23,42.122336469247635
792,dummy-llama-30b-m,dummy-lora-7b-rank-128-1,674,23,42.12965726987374
793,dummy-llama-30b-m,dummy-lora-7b-rank-32-4,560,24,42.257041008041355
794,dummy-llama-30b-m,dummy-lora-7b-rank-16-4,627,11,42.272062023919084
795,dummy-llama-30b-m,dummy-lora-7b-rank-128-1,191,42,42.40376568401871
796,dummy-llama-30b-m,dummy-lora-7b-rank-16-3,554,20,42.474876255601494
797,dummy-llama-30b-m,dummy-lora-7b-rank-32-0,625,22,42.570426168614155
798,dummy-llama-30b-m,dummy-lora-7b-rank-128-1,501,87,42.598092784406795
799,dummy-llama-30b-m,dummy-lora-7b-rank-8-2,619,10,42.64384083786849
800,dummy-llama-30b-m,dummy-lora-7b-rank-32-4,616,20,42.721971831645014
801,dummy-llama-30b-m,dummy-lora-7b-rank-32-3,379,151,42.81840850899424
802,dummy-llama-30b-m,dummy-lora-7b-rank-8-2,364,56,42.834942767356566
803,dummy-llama-30b-m,dummy-lora-7b-rank-16-2,186,48,42.92962767259898
804,dummy-llama-30b-m,dummy-lora-7b-rank-8-3,511,36,42.94550980779752
805,dummy-llama-30b-m,dummy-lora-7b-rank-32-0,712,162,42.966356503508464
806,dummy-llama-30b-m,dummy-lora-7b-rank-16-4,120,53,42.99524695186352
807,dummy-llama-30b-m,dummy-lora-7b-rank-128-3,707,60,43.08009991961615
808,dummy-llama-30b-m,dummy-lora-7b-rank-32-2,560,25,43.202888330899036
809,dummy-llama-30b-m,dummy-lora-7b-rank-32-2,502,62,43.26051440891715
810,dummy-llama-30b-m,dummy-lora-7b-rank-128-3,763,8,43.50327686983487
811,dummy-llama-30b-m,dummy-lora-7b-rank-32-1,611,23,43.513369988401095
812,dummy-llama-30b-m,dummy-lora-7b-rank-8-3,601,13,43.53801659548844
813,dummy-llama-30b-m,dummy-lora-7b-rank-32-4,340,48,43.57020748206293
814,dummy-llama-30b-m,dummy-lora-7b-rank-8-3,552,19,43.66621883410061
815,dummy-llama-30b-m,dummy-lora-7b-rank-128-0,608,25,43.67307940694752
816,dummy-llama-30b-m,dummy-lora-7b-rank-128-3,444,7,43.69329657747928
817,dummy-llama-30b-m,dummy-lora-7b-rank-8-3,814,95,43.70506795893244
818,dummy-llama-30b-m,dummy-lora-7b-rank-8-3,864,48,43.721675671957726
819,dummy-llama-30b-m,dummy-lora-7b-rank-32-3,386,123,43.73018812811617
820,dummy-llama-30b-m,dummy-lora-7b-rank-16-1,410,35,43.97678941967426
821,dummy-llama-30b-m,dummy-lora-7b-rank-64-0,179,4,44.09884735511154
822,dummy-llama-30b-m,dummy-lora-7b-rank-32-3,270,128,44.11451158876987
823,dummy-llama-30b-m,dummy-lora-7b-rank-32-2,252,121,44.295998661945596
824,dummy-llama-30b-m,dummy-lora-7b-rank-8-2,622,2,44.358580917860735
825,dummy-llama-30b-m,dummy-lora-7b-rank-32-1,470,7,44.504107574296896
826,dummy-llama-30b-m,dummy-lora-7b-rank-128-4,616,21,44.508092457230234
827,dummy-llama-30b-m,dummy-lora-7b-rank-16-0,501,64,44.52835577794443
828,dummy-llama-30b-m,dummy-lora-7b-rank-8-2,425,17,44.55447590938118
829,dummy-llama-30b-m,dummy-lora-7b-rank-32-4,375,40,44.560982274414975
830,dummy-llama-30b-m,dummy-lora-7b-rank-8-0,613,18,44.63642146334247
831,dummy-llama-30b-m,dummy-lora-7b-rank-16-4,172,105,44.66635054519306
832,dummy-llama-30b-m,dummy-lora-7b-rank-32-2,607,34,44.717292801395054
833,dummy-llama-30b-m,dummy-lora-7b-rank-32-0,562,27,44.86253895001606
834,dummy-llama-30b-m,dummy-lora-7b-rank-8-4,740,10,44.92253172867474
835,dummy-llama-30b-m,dummy-lora-7b-rank-128-2,472,42,45.035985827526936
836,dummy-llama-30b-m,dummy-lora-7b-rank-8-4,439,23,45.04500246914845
837,dummy-llama-30b-m,dummy-lora-7b-rank-128-0,740,11,45.20093885498805
838,dummy-llama-30b-m,dummy-lora-7b-rank-32-1,592,27,45.23680888163069
839,dummy-llama-30b-m,dummy-lora-7b-rank-8-1,434,48,45.259137703850975
840,dummy-llama-30b-m,dummy-lora-7b-rank-64-0,856,85,45.32659763086188
841,dummy-llama-30b-m,dummy-lora-7b-rank-16-0,548,17,45.38461468280401
842,dummy-llama-30b-m,dummy-lora-7b-rank-8-2,211,38,45.60813610081681
843,dummy-llama-30b-m,dummy-lora-7b-rank-64-3,288,161,45.64585281811338
844,dummy-llama-30b-m,dummy-lora-7b-rank-32-1,528,9,45.706310000788214
845,dummy-llama-30b-m,dummy-lora-7b-rank-16-0,283,113,45.78386231855724
846,dummy-llama-30b-m,dummy-lora-7b-rank-64-2,931,89,45.816152613880455
847,dummy-llama-30b-m,dummy-lora-7b-rank-8-3,440,42,45.82763031219524
848,dummy-llama-30b-m,dummy-lora-7b-rank-32-0,366,50,45.85270189371972
849,dummy-llama-30b-m,dummy-lora-7b-rank-64-1,554,20,45.86680380917416
850,dummy-llama-30b-m,dummy-lora-7b-rank-8-3,605,28,45.87472093950558
851,dummy-llama-30b-m,dummy-lora-7b-rank-128-2,878,44,45.907582327223146
852,dummy-llama-30b-m,dummy-lora-7b-rank-16-3,558,24,45.946932459415216
853,dummy-llama-30b-m,dummy-lora-7b-rank-16-4,633,9,45.978879472624904
854,dummy-llama-30b-m,dummy-lora-7b-rank-128-3,380,8,46.02231373975493
855,dummy-llama-30b-m,dummy-lora-7b-rank-32-2,344,45,46.058547919024704
856,dummy-llama-30b-m,dummy-lora-7b-rank-16-1,839,151,46.24395703606342
857,dummy-llama-30b-m,dummy-lora-7b-rank-8-0,802,34,46.28674476004416
858,dummy-llama-30b-m,dummy-lora-7b-rank-64-3,550,18,46.3269806078135
859,dummy-llama-30b-m,dummy-lora-7b-rank-32-4,212,97,46.35272452509529
860,dummy-llama-30b-m,dummy-lora-7b-rank-32-3,552,20,46.359109983492296
861,dummy-llama-30b-m,dummy-lora-7b-rank-8-3,967,58,46.46372457296147
862,dummy-llama-30b-m,dummy-lora-7b-rank-16-3,602,93,46.474812307051096
863,dummy-llama-30b-m,dummy-lora-7b-rank-8-0,718,24,46.55522744154362
864,dummy-llama-30b-m,dummy-lora-7b-rank-16-2,568,18,46.57390420409555
865,dummy-llama-30b-m,dummy-lora-7b-rank-128-4,552,19,46.598776859406016
866,dummy-llama-30b-m,dummy-lora-7b-rank-128-0,336,6,46.60630886362982
867,dummy-llama-30b-m,dummy-lora-7b-rank-16-4,218,103,46.657740901743075
868,dummy-llama-30b-m,dummy-lora-7b-rank-8-1,418,55,46.66553709886592
869,dummy-llama-30b-m,dummy-lora-7b-rank-8-4,841,53,46.69553413799286
870,dummy-llama-30b-m,dummy-lora-7b-rank-16-0,556,21,46.74320036029238
871,dummy-llama-30b-m,dummy-lora-7b-rank-16-2,241,122,46.783970118666694
872,dummy-llama-30b-m,dummy-lora-7b-rank-128-3,495,16,46.865897487254784
873,dummy-llama-30b-m,dummy-lora-7b-rank-32-1,161,44,46.950638448464524
874,dummy-llama-30b-m,dummy-lora-7b-rank-8-2,560,25,47.19276914738912
875,dummy-llama-30b-m,dummy-lora-7b-rank-64-1,176,40,47.19423480674329
876,dummy-llama-30b-m,dummy-lora-7b-rank-8-3,337,42,47.255610942344205
877,dummy-llama-30b-m,dummy-lora-7b-rank-128-2,228,158,47.29557875626554
878,dummy-llama-30b-m,dummy-lora-7b-rank-128-1,497,48,47.312098879327785
879,dummy-llama-30b-m,dummy-lora-7b-rank-32-2,566,26,47.347237645675634
880,dummy-llama-30b-m,dummy-lora-7b-rank-64-3,345,36,47.439210434919175
881,dummy-llama-30b-m,dummy-lora-7b-rank-16-1,605,20,47.44032615126399
882,dummy-llama-30b-m,dummy-lora-7b-rank-128-2,286,56,47.500334357874266
883,dummy-llama-30b-m,dummy-lora-7b-rank-128-2,327,190,47.529702911863005
884,dummy-llama-30b-m,dummy-lora-7b-rank-16-4,308,42,47.69688671973244
885,dummy-llama-30b-m,dummy-lora-7b-rank-64-2,444,11,47.70033893566878
886,dummy-llama-30b-m,dummy-lora-7b-rank-16-0,550,18,47.772045658482035
887,dummy-llama-30b-m,dummy-lora-7b-rank-8-3,316,70,47.79762187000596
888,dummy-llama-30b-m,dummy-lora-7b-rank-8-1,751,18,47.96364266600286
889,dummy-llama-30b-m,dummy-lora-7b-rank-8-2,656,8,47.97089073096238
890,dummy-llama-30b-m,dummy-lora-7b-rank-64-4,245,59,48.0352587568132
891,dummy-llama-30b-m,dummy-lora-7b-rank-32-2,1019,105,48.08749118057517
892,dummy-llama-30b-m,dummy-lora-7b-rank-16-1,538,66,48.185086437294615
893,dummy-llama-30b-m,dummy-lora-7b-rank-64-3,509,44,48.25047014538596
894,dummy-llama-30b-m,dummy-lora-7b-rank-16-2,560,15,48.358869417538415
895,dummy-llama-30b-m,dummy-lora-7b-rank-128-3,489,6,48.38418046373145
896,dummy-llama-30b-m,dummy-lora-7b-rank-8-3,566,26,48.42394046636758
897,dummy-llama-30b-m,dummy-lora-7b-rank-32-3,54,39,48.608367402933816
898,dummy-llama-30b-m,dummy-lora-7b-rank-16-3,566,23,48.66948180057529
899,dummy-llama-30b-m,dummy-lora-7b-rank-128-4,605,20,48.7022798436284
900,dummy-llama-30b-m,dummy-lora-7b-rank-8-3,324,19,48.72536411035978
901,dummy-llama-30b-m,dummy-lora-7b-rank-128-3,469,6,48.73326028926402
902,dummy-llama-30b-m,dummy-lora-7b-rank-128-1,681,21,48.75126138866158
903,dummy-llama-30b-m,dummy-lora-7b-rank-8-1,552,11,48.805403886052225
904,dummy-llama-30b-m,dummy-lora-7b-rank-128-1,733,16,48.82828190013718
905,dummy-llama-30b-m,dummy-lora-7b-rank-64-2,122,19,48.867142790863944
906,dummy-llama-30b-m,dummy-lora-7b-rank-16-4,650,51,48.9639373746642
907,dummy-llama-30b-m,dummy-lora-7b-rank-32-2,483,57,48.99677374765705
908,dummy-llama-30b-m,dummy-lora-7b-rank-16-1,682,43,49.004093701476485
909,dummy-llama-30b-m,dummy-lora-7b-rank-16-0,554,20,49.154862326989395
910,dummy-llama-30b-m,dummy-lora-7b-rank-128-3,566,30,49.177273057087575
911,dummy-llama-30b-m,dummy-lora-7b-rank-32-1,275,48,49.26111363677189
912,dummy-llama-30b-m,dummy-lora-7b-rank-128-3,651,3,49.34300372457395
913,dummy-llama-30b-m,dummy-lora-7b-rank-64-4,554,20,49.39118758391259
914,dummy-llama-30b-m,dummy-lora-7b-rank-16-2,537,43,49.46743918823665
915,dummy-llama-30b-m,dummy-lora-7b-rank-16-2,556,20,49.51744638690952
916,dummy-llama-30b-m,dummy-lora-7b-rank-64-2,314,51,49.530311221463414
917,dummy-llama-30b-m,dummy-lora-7b-rank-64-3,195,132,49.57301998850304
918,dummy-llama-30b-m,dummy-lora-7b-rank-32-4,579,57,49.66903873159212
919,dummy-llama-30b-m,dummy-lora-7b-rank-32-4,345,9,49.7320553996085
920,dummy-llama-30b-m,dummy-lora-7b-rank-16-3,583,50,49.82215938784341
921,dummy-llama-30b-m,dummy-lora-7b-rank-8-3,648,10,49.85690814868846
922,dummy-llama-30b-m,dummy-lora-7b-rank-32-3,737,13,49.87961432569915
923,dummy-llama-30b-m,dummy-lora-7b-rank-128-4,476,96,49.891024683978394
924,dummy-llama-30b-m,dummy-lora-7b-rank-64-4,276,47,49.897653973503914
925,dummy-llama-30b-m,dummy-lora-7b-rank-64-2,478,51,49.92561253243607
926,dummy-llama-30b-m,dummy-lora-7b-rank-32-3,550,20,50.16493924255693
927,dummy-llama-30b-m,dummy-lora-7b-rank-16-0,670,6,50.17215513906669
928,dummy-llama-30b-m,dummy-lora-7b-rank-16-2,216,45,50.201987493038025
929,dummy-llama-30b-m,dummy-lora-7b-rank-128-0,186,51,50.209559259411215
930,dummy-llama-30b-m,dummy-lora-7b-rank-32-2,586,14,50.33459844092526
931,dummy-llama-30b-m,dummy-lora-7b-rank-32-3,250,105,50.42510290589325
932,dummy-llama-30b-m,dummy-lora-7b-rank-128-3,403,59,50.52493243670736
933,dummy-llama-30b-m,dummy-lora-7b-rank-16-1,548,9,50.54305942556395
934,dummy-llama-30b-m,dummy-lora-7b-rank-8-0,687,55,50.6072841044804
935,dummy-llama-30b-m,dummy-lora-7b-rank-32-0,552,19,50.636859898263275
936,dummy-llama-30b-m,dummy-lora-7b-rank-32-2,287,63,50.68623273950094
937,dummy-llama-30b-m,dummy-lora-7b-rank-32-2,328,9,50.79936529808073
938,dummy-llama-30b-m,dummy-lora-7b-rank-64-1,550,18,50.93422596002353
939,dummy-llama-30b-m,dummy-lora-7b-rank-8-2,535,106,50.95277994385712
940,dummy-llama-30b-m,dummy-lora-7b-rank-32-1,464,8,50.97549457446845
941,dummy-llama-30b-m,dummy-lora-7b-rank-64-1,558,25,51.05964755881455
942,dummy-llama-30b-m,dummy-lora-7b-rank-16-3,629,32,51.068016846546776
943,dummy-llama-30b-m,dummy-lora-7b-rank-16-3,661,17,51.107760674148416
944,dummy-llama-30b-m,dummy-lora-7b-rank-32-2,325,49,51.28460525686284
945,dummy-llama-30b-m,dummy-lora-7b-rank-64-4,297,8,51.33182228810326
946,dummy-llama-30b-m,dummy-lora-7b-rank-32-4,308,10,51.354199473199174
947,dummy-llama-30b-m,dummy-lora-7b-rank-16-0,203,49,51.38484805428141
948,dummy-llama-30b-m,dummy-lora-7b-rank-64-1,384,89,51.4287748362135
949,dummy-llama-30b-m,dummy-lora-7b-rank-32-0,374,49,51.455767186496814
950,dummy-llama-30b-m,dummy-lora-7b-rank-128-2,560,21,51.549869859084374
951,dummy-llama-30b-m,dummy-lora-7b-rank-64-3,548,3,51.5916159797564
952,dummy-llama-30b-m,dummy-lora-7b-rank-32-0,316,46,51.791017061624984
953,dummy-llama-30b-m,dummy-lora-7b-rank-8-4,327,43,51.795714041006406
954,dummy-llama-30b-m,dummy-lora-7b-rank-128-4,484,6,51.81584140770801
955,dummy-llama-30b-m,dummy-lora-7b-rank-64-3,190,45,51.858329580240564
956,dummy-llama-30b-m,dummy-lora-7b-rank-32-1,671,59,51.8977861087783
957,dummy-llama-30b-m,dummy-lora-7b-rank-16-1,175,95,52.02568308085567
958,dummy-llama-30b-m,dummy-lora-7b-rank-32-0,911,3,52.08258547904648
959,dummy-llama-30b-m,dummy-lora-7b-rank-16-4,885,8,52.14339450136563
960,dummy-llama-30b-m,dummy-lora-7b-rank-64-0,196,51,52.172125818487736
961,dummy-llama-30b-m,dummy-lora-7b-rank-8-4,668,30,52.237317286472106
962,dummy-llama-30b-m,dummy-lora-7b-rank-64-4,558,23,52.31352430061093
963,dummy-llama-30b-m,dummy-lora-7b-rank-16-0,160,120,52.35933838124049
964,dummy-llama-30b-m,dummy-lora-7b-rank-64-0,245,46,52.38587746751683
965,dummy-llama-30b-m,dummy-lora-7b-rank-64-1,527,9,52.47443153707835
966,dummy-llama-30b-m,dummy-lora-7b-rank-8-0,582,6,52.5489039447712
967,dummy-llama-30b-m,dummy-lora-7b-rank-128-4,288,46,52.7663510877535
968,dummy-llama-30b-m,dummy-lora-7b-rank-64-0,388,78,52.84009451112054
969,dummy-llama-30b-m,dummy-lora-7b-rank-128-3,469,12,52.85369472065516
970,dummy-llama-30b-m,dummy-lora-7b-rank-64-4,556,12,52.88211719188751
971,dummy-llama-30b-m,dummy-lora-7b-rank-128-0,841,43,52.89392634948703
972,dummy-llama-30b-m,dummy-lora-7b-rank-64-2,562,23,53.0253635472546
973,dummy-llama-30b-m,dummy-lora-7b-rank-32-0,608,7,53.124576233647915
974,dummy-llama-30b-m,dummy-lora-7b-rank-128-0,285,10,53.197918577278976
975,dummy-llama-30b-m,dummy-lora-7b-rank-128-4,802,43,53.22827120268234
976,dummy-llama-30b-m,dummy-lora-7b-rank-16-1,772,52,53.24555124142999
977,dummy-llama-30b-m,dummy-lora-7b-rank-8-2,383,88,53.25758722370367
978,dummy-llama-30b-m,dummy-lora-7b-rank-64-4,554,20,53.29594516723556
979,dummy-llama-30b-m,dummy-lora-7b-rank-64-4,566,26,53.39039603608639
980,dummy-llama-30b-m,dummy-lora-7b-rank-32-1,651,13,53.64125361304204
981,dummy-llama-30b-m,dummy-lora-7b-rank-128-2,417,173,53.64640749048958
982,dummy-llama-30b-m,dummy-lora-7b-rank-32-2,452,47,53.671014681578164
983,dummy-llama-30b-m,dummy-lora-7b-rank-16-1,146,50,53.70366125146867
984,dummy-llama-30b-m,dummy-lora-7b-rank-128-2,572,64,53.714113582118856
985,dummy-llama-30b-m,dummy-lora-7b-rank-8-3,952,11,53.78617632455014
986,dummy-llama-30b-m,dummy-lora-7b-rank-8-0,669,101,53.83567886859326
987,dummy-llama-30b-m,dummy-lora-7b-rank-64-4,556,13,53.89989060116394
988,dummy-llama-30b-m,dummy-lora-7b-rank-128-2,78,58,53.91183890394258
989,dummy-llama-30b-m,dummy-lora-7b-rank-8-3,601,18,53.96182121671043
990,dummy-llama-30b-m,dummy-lora-7b-rank-32-4,493,50,53.973934426485535
991,dummy-llama-30b-m,dummy-lora-7b-rank-32-1,350,11,53.97738716687076
992,dummy-llama-30b-m,dummy-lora-7b-rank-128-1,410,48,54.080411350796545
993,dummy-llama-30b-m,dummy-lora-7b-rank-8-0,575,26,54.12855587123496
994,dummy-llama-30b-m,dummy-lora-7b-rank-8-0,92,57,54.178164750665786
995,dummy-llama-30b-m,dummy-lora-7b-rank-64-1,675,3,54.19399986758165
996,dummy-llama-30b-m,dummy-lora-7b-rank-128-3,556,18,54.195658145469196
997,dummy-llama-30b-m,dummy-lora-7b-rank-128-2,357,34,54.223093718684154
998,dummy-llama-30b-m,dummy-lora-7b-rank-128-0,558,22,54.254908212906095
999,dummy-llama-30b-m,dummy-lora-7b-rank-8-1,552,20,54.33065691193902
1000,dummy-llama-30b-m,dummy-lora-7b-rank-64-4,615,27,54.549060759378705
1001,dummy-llama-30b-m,dummy-lora-7b-rank-128-4,247,129,54.6275457310395
1002,dummy-llama-30b-m,dummy-lora-7b-rank-16-2,451,40,54.64391202671927
1003,dummy-llama-30b-m,dummy-lora-7b-rank-32-4,391,45,54.86178983871659
1004,dummy-llama-30b-m,dummy-lora-7b-rank-8-1,544,12,54.8740016916343
1005,dummy-llama-30b-m,dummy-lora-7b-rank-64-4,739,167,54.95300718424804
1006,dummy-llama-30b-m,dummy-lora-7b-rank-32-4,970,3,55.13330527471803
1007,dummy-llama-30b-m,dummy-lora-7b-rank-32-1,135,60,55.2153892214115
1008,dummy-llama-30b-m,dummy-lora-7b-rank-32-3,560,25,55.26394116895055
1009,dummy-llama-30b-m,dummy-lora-7b-rank-128-0,692,23,55.40915433186469
1010,dummy-llama-30b-m,dummy-lora-7b-rank-32-4,300,46,55.42899774758825
1011,dummy-llama-30b-m,dummy-lora-7b-rank-16-3,465,8,55.48390246058603
1012,dummy-llama-30b-m,dummy-lora-7b-rank-128-0,965,213,55.53666888153123
1013,dummy-llama-30b-m,dummy-lora-7b-rank-128-3,411,87,55.57029423104012
1014,dummy-llama-30b-m,dummy-lora-7b-rank-128-4,566,28,55.578399870099844
1015,dummy-llama-30b-m,dummy-lora-7b-rank-128-1,560,25,55.670897894917054
1016,dummy-llama-30b-m,dummy-lora-7b-rank-16-2,739,70,55.69148624318142
1017,dummy-llama-30b-m,dummy-lora-7b-rank-32-2,580,16,55.827769369660494
1018,dummy-llama-30b-m,dummy-lora-7b-rank-64-0,710,21,55.84629224629307
1019,dummy-llama-30b-m,dummy-lora-7b-rank-8-4,53,101,55.86711412576869
1020,dummy-llama-30b-m,dummy-lora-7b-rank-32-1,665,15,55.906293284822475
1021,dummy-llama-30b-m,dummy-lora-7b-rank-16-4,550,18,55.924342225597044
1022,dummy-llama-30b-m,dummy-lora-7b-rank-8-2,433,43,55.95570591979487
1023,dummy-llama-30b-m,dummy-lora-7b-rank-8-2,369,125,55.99956774651518
1024,dummy-llama-30b-m,dummy-lora-7b-rank-128-0,464,50,56.02574799090239
1025,dummy-llama-30b-m,dummy-lora-7b-rank-16-0,453,57,56.0473692277789
1026,dummy-llama-30b-m,dummy-lora-7b-rank-128-3,336,45,56.05140565377576
1027,dummy-llama-30b-m,dummy-lora-7b-rank-8-2,552,11,56.08750922834113
1028,dummy-llama-30b-m,dummy-lora-7b-rank-128-4,609,22,56.156392384102766
1029,dummy-llama-30b-m,dummy-lora-7b-rank-64-1,414,59,56.170551117248394
1030,dummy-llama-30b-m,dummy-lora-7b-rank-64-0,623,62,56.296568018357334
1031,dummy-llama-30b-m,dummy-lora-7b-rank-32-2,635,253,56.32047757970123
1032,dummy-llama-30b-m,dummy-lora-7b-rank-128-1,190,51,56.32762356436033
1033,dummy-llama-30b-m,dummy-lora-7b-rank-8-1,662,26,56.34511887769586
1034,dummy-llama-30b-m,dummy-lora-7b-rank-64-3,497,50,56.40165087347847
1035,dummy-llama-30b-m,dummy-lora-7b-rank-128-3,256,39,56.440490602367916
1036,dummy-llama-30b-m,dummy-lora-7b-rank-8-4,554,47,56.46184861502404
1037,dummy-llama-30b-m,dummy-lora-7b-rank-128-3,548,17,56.496564415649104
1038,dummy-llama-30b-m,dummy-lora-7b-rank-32-1,619,22,56.53297241660849
1039,dummy-llama-30b-m,dummy-lora-7b-rank-64-2,651,26,56.66322250052452
1040,dummy-llama-30b-m,dummy-lora-7b-rank-128-4,578,36,56.67717563000917
1041,dummy-llama-30b-m,dummy-lora-7b-rank-128-4,607,21,56.679486553390994
1042,dummy-llama-30b-m,dummy-lora-7b-rank-64-1,758,45,56.68601417493696
1043,dummy-llama-30b-m,dummy-lora-7b-rank-64-4,558,22,56.718262382684415
1044,dummy-llama-30b-m,dummy-lora-7b-rank-64-1,306,60,56.736120268221285
1045,dummy-llama-30b-m,dummy-lora-7b-rank-32-3,299,149,56.80108888344491
1046,dummy-llama-30b-m,dummy-lora-7b-rank-128-0,619,8,56.850467095312695
1047,dummy-llama-30b-m,dummy-lora-7b-rank-8-1,618,8,56.86361222093465
1048,dummy-llama-30b-m,dummy-lora-7b-rank-16-3,201,53,56.878570877720534
1049,dummy-llama-30b-m,dummy-lora-7b-rank-64-3,611,63,56.927882273824906
1050,dummy-llama-30b-m,dummy-lora-7b-rank-128-4,627,24,56.98812558478346
1051,dummy-llama-30b-m,dummy-lora-7b-rank-32-2,939,27,56.99055931271772
1052,dummy-llama-30b-m,dummy-lora-7b-rank-32-2,606,39,56.99934233807901
1053,dummy-llama-30b-m,dummy-lora-7b-rank-32-0,532,9,57.197826677661496
1054,dummy-llama-30b-m,dummy-lora-7b-rank-32-0,558,22,57.24995131184129
1055,dummy-llama-30b-m,dummy-lora-7b-rank-16-2,625,11,57.30238658785136
1056,dummy-llama-30b-m,dummy-lora-7b-rank-128-2,294,67,57.51662090282025
1057,dummy-llama-30b-m,dummy-lora-7b-rank-8-1,272,42,57.55609192194878
1058,dummy-llama-30b-m,dummy-lora-7b-rank-64-0,572,10,57.56113919726993
1059,dummy-llama-30b-m,dummy-lora-7b-rank-32-2,645,13,57.606469612177975
1060,dummy-llama-30b-m,dummy-lora-7b-rank-64-0,203,51,57.68550052006298
1061,dummy-llama-30b-m,dummy-lora-7b-rank-16-1,601,18,57.763671169796055
1062,dummy-llama-30b-m,dummy-lora-7b-rank-128-2,373,66,57.790296089461094
1063,dummy-llama-30b-m,dummy-lora-7b-rank-8-2,505,10,57.83108777936647
1064,dummy-llama-30b-m,dummy-lora-7b-rank-128-2,125,19,57.874498676031166
1065,dummy-llama-30b-m,dummy-lora-7b-rank-64-0,367,57,57.928008889844925
1066,dummy-llama-30b-m,dummy-lora-7b-rank-8-3,556,20,57.93228725527755
1067,dummy-llama-30b-m,dummy-lora-7b-rank-128-0,961,146,57.93337026789749
1068,dummy-llama-30b-m,dummy-lora-7b-rank-32-2,552,19,57.94987228108515
1069,dummy-llama-30b-m,dummy-lora-7b-rank-16-3,554,20,57.9548621516495
1070,dummy-llama-30b-m,dummy-lora-7b-rank-8-0,571,11,57.9590713738598
1071,dummy-llama-30b-m,dummy-lora-7b-rank-32-0,599,26,57.96979597670113
1072,dummy-llama-30b-m,dummy-lora-7b-rank-8-1,731,16,58.01848115254275
1073,dummy-llama-30b-m,dummy-lora-7b-rank-64-2,566,27,58.067617403536886
1074,dummy-llama-30b-m,dummy-lora-7b-rank-64-0,440,47,58.116077130824415
1075,dummy-llama-30b-m,dummy-lora-7b-rank-32-4,148,110,58.22235615589478
1076,dummy-llama-30b-m,dummy-lora-7b-rank-128-1,734,14,58.257910888637824
1077,dummy-llama-30b-m,dummy-lora-7b-rank-16-3,491,40,58.33537675369491
1078,dummy-llama-30b-m,dummy-lora-7b-rank-32-2,673,22,58.48527376149354
1079,dummy-llama-30b-m,dummy-lora-7b-rank-64-2,588,20,58.51090962707407
1080,dummy-llama-30b-m,dummy-lora-7b-rank-8-3,820,30,58.592172174789354
1081,dummy-llama-30b-m,dummy-lora-7b-rank-32-2,414,35,58.61933197072908
1082,dummy-llama-30b-m,dummy-lora-7b-rank-128-1,210,48,58.64878229010647
1083,dummy-llama-30b-m,dummy-lora-7b-rank-32-2,580,8,58.70677969732416
1084,dummy-llama-30b-m,dummy-lora-7b-rank-8-4,560,13,58.71874432600037
1085,dummy-llama-30b-m,dummy-lora-7b-rank-32-0,582,17,58.74789679167519
1086,dummy-llama-30b-m,dummy-lora-7b-rank-8-1,699,36,58.86905631726004
1087,dummy-llama-30b-m,dummy-lora-7b-rank-16-3,97,40,58.88133622610953
1088,dummy-llama-30b-m,dummy-lora-7b-rank-8-2,1015,12,58.88782364892387
1089,dummy-llama-30b-m,dummy-lora-7b-rank-64-3,242,118,58.956653151861666
1090,dummy-llama-30b-m,dummy-lora-7b-rank-8-3,918,42,58.96147846089458
1091,dummy-llama-30b-m,dummy-lora-7b-rank-8-3,590,13,59.0268291411465
1092,dummy-llama-30b-m,dummy-lora-7b-rank-32-1,236,98,59.14978344326176
1093,dummy-llama-30b-m,dummy-lora-7b-rank-128-0,332,70,59.154038101883415
1094,dummy-llama-30b-m,dummy-lora-7b-rank-128-4,560,22,59.24302818832487
1095,dummy-llama-30b-m,dummy-lora-7b-rank-8-2,556,23,59.33126382152489
1096,dummy-llama-30b-m,dummy-lora-7b-rank-64-0,236,64,59.35680911291642
1097,dummy-llama-30b-m,dummy-lora-7b-rank-128-3,425,8,59.366528188166924
1098,dummy-llama-30b-m,dummy-lora-7b-rank-128-2,220,11,59.38821267554406
1099,dummy-llama-30b-m,dummy-lora-7b-rank-32-2,557,20,59.4562959127557
1100,dummy-llama-30b-m,dummy-lora-7b-rank-16-2,205,56,59.49894230971519
1101,dummy-llama-30b-m,dummy-lora-7b-rank-16-2,301,50,59.63964327964963
1102,dummy-llama-30b-m,dummy-lora-7b-rank-32-2,599,8,59.84826000907325
1103,dummy-llama-30b-m,dummy-lora-7b-rank-32-1,619,21,59.863509308379854
1104,dummy-llama-30b-m,dummy-lora-7b-rank-16-3,424,56,59.95561674436931
1105,dummy-llama-30b-m,dummy-lora-7b-rank-32-4,550,10,59.97775930593217
1106,dummy-llama-30b-m,dummy-lora-7b-rank-32-4,591,57,59.983776219289176
1107,dummy-llama-30b-m,dummy-lora-7b-rank-128-1,560,20,60.09039850377641
1108,dummy-llama-30b-m,dummy-lora-7b-rank-128-0,562,25,60.11956191937844
1109,dummy-llama-30b-m,dummy-lora-7b-rank-16-4,669,7,60.23546082400671
1110,dummy-llama-30b-m,dummy-lora-7b-rank-8-4,554,12,60.23798494730572
1111,dummy-llama-30b-m,dummy-lora-7b-rank-8-3,568,24,60.25860446443365
1112,dummy-llama-30b-m,dummy-lora-7b-rank-16-2,225,3,60.30203713424289
1113,dummy-llama-30b-m,dummy-lora-7b-rank-128-0,314,4,60.31878658774516
1114,dummy-llama-30b-m,dummy-lora-7b-rank-64-4,544,15,60.33084756077346
1115,dummy-llama-30b-m,dummy-lora-7b-rank-32-1,396,8,60.37652402842457
1116,dummy-llama-30b-m,dummy-lora-7b-rank-32-1,615,19,60.52037742177267
1117,dummy-llama-30b-m,dummy-lora-7b-rank-64-3,963,64,60.60141099653184
1118,dummy-llama-30b-m,dummy-lora-7b-rank-64-3,611,8,60.72555232978097
1119,dummy-llama-30b-m,dummy-lora-7b-rank-32-3,886,13,60.88597095578365
1120,dummy-llama-30b-m,dummy-lora-7b-rank-128-0,934,95,60.895569259914986
1121,dummy-llama-30b-m,dummy-lora-7b-rank-64-1,620,9,60.98920856021102
1122,dummy-llama-30b-m,dummy-lora-7b-rank-32-4,609,25,60.98952669190366
1123,dummy-llama-30b-m,dummy-lora-7b-rank-8-3,579,26,61.10482718992244
1124,dummy-llama-30b-m,dummy-lora-7b-rank-64-2,203,50,61.186608343301344
1125,dummy-llama-30b-m,dummy-lora-7b-rank-32-3,477,60,61.305110960250715
1126,dummy-llama-30b-m,dummy-lora-7b-rank-8-4,406,78,61.33966599799305
1127,dummy-llama-30b-m,dummy-lora-7b-rank-8-0,579,11,61.448479281111254
1128,dummy-llama-30b-m,dummy-lora-7b-rank-8-2,268,8,61.45057061818154
1129,dummy-llama-30b-m,dummy-lora-7b-rank-16-3,552,15,61.525406175111385
1130,dummy-llama-30b-m,dummy-lora-7b-rank-16-4,685,26,61.54593218243943
1131,dummy-llama-30b-m,dummy-lora-7b-rank-16-4,659,55,61.55200106328384
1132,dummy-llama-30b-m,dummy-lora-7b-rank-128-0,595,22,61.55478270629095
1133,dummy-llama-30b-m,dummy-lora-7b-rank-16-2,703,5,61.56389858992459
1134,dummy-llama-30b-m,dummy-lora-7b-rank-16-3,576,24,61.6669273954138
1135,dummy-llama-30b-m,dummy-lora-7b-rank-8-4,550,18,61.792981298809906
1136,dummy-llama-30b-m,dummy-lora-7b-rank-32-1,575,13,61.797662222656
1137,dummy-llama-30b-m,dummy-lora-7b-rank-8-3,114,30,61.847058894630116
1138,dummy-llama-30b-m,dummy-lora-7b-rank-8-3,611,22,61.87072323078649
1139,dummy-llama-30b-m,dummy-lora-7b-rank-64-3,843,3,61.94927046231522
1140,dummy-llama-30b-m,dummy-lora-7b-rank-8-4,379,6,61.96275562819902
1141,dummy-llama-30b-m,dummy-lora-7b-rank-128-1,346,54,61.991969098423255
1142,dummy-llama-30b-m,dummy-lora-7b-rank-8-1,366,43,62.048958037800304
1143,dummy-llama-30b-m,dummy-lora-7b-rank-8-1,495,9,62.21509855544827
1144,dummy-llama-30b-m,dummy-lora-7b-rank-64-3,358,17,62.2271634400811
1145,dummy-llama-30b-m,dummy-lora-7b-rank-32-2,205,52,62.360304460308896
1146,dummy-llama-30b-m,dummy-lora-7b-rank-32-3,601,18,62.36709734909184
1147,dummy-llama-30b-m,dummy-lora-7b-rank-8-4,383,8,62.50976625841497
1148,dummy-llama-30b-m,dummy-lora-7b-rank-64-3,582,42,62.542819224859265
1149,dummy-llama-30b-m,dummy-lora-7b-rank-16-1,572,17,62.54803711942813
1150,dummy-llama-30b-m,dummy-lora-7b-rank-64-2,763,8,62.599508563262965
1151,dummy-llama-30b-m,dummy-lora-7b-rank-32-3,260,145,62.69963785806044
1152,dummy-llama-30b-m,dummy-lora-7b-rank-8-1,220,46,62.803076394203224
1153,dummy-llama-30b-m,dummy-lora-7b-rank-8-4,216,6,62.93387078271661
1154,dummy-llama-30b-m,dummy-lora-7b-rank-32-0,382,41,62.94276588331216
1155,dummy-llama-30b-m,dummy-lora-7b-rank-64-2,450,159,62.982388515403585
1156,dummy-llama-30b-m,dummy-lora-7b-rank-32-4,111,78,63.05764031027049
1157,dummy-llama-30b-m,dummy-lora-7b-rank-64-4,643,9,63.1769768242801
1158,dummy-llama-30b-m,dummy-lora-7b-rank-16-3,601,10,63.2496791609145
1159,dummy-llama-30b-m,dummy-lora-7b-rank-128-3,584,26,63.25775736115741
1160,dummy-llama-30b-m,dummy-lora-7b-rank-32-2,504,8,63.272102116188286
1161,dummy-llama-30b-m,dummy-lora-7b-rank-8-3,364,49,63.341816479392946
1162,dummy-llama-30b-m,dummy-lora-7b-rank-16-3,418,6,63.344194133034655
1163,dummy-llama-30b-m,dummy-lora-7b-rank-64-3,479,7,63.36646041938672
1164,dummy-llama-30b-m,dummy-lora-7b-rank-64-2,589,14,63.37572262892403
1165,dummy-llama-30b-m,dummy-lora-7b-rank-8-3,585,117,63.39153466191686
1166,dummy-llama-30b-m,dummy-lora-7b-rank-16-2,352,51,63.55404404542037
1167,dummy-llama-30b-m,dummy-lora-7b-rank-16-2,140,43,63.557272488960415
1168,dummy-llama-30b-m,dummy-lora-7b-rank-32-1,555,43,63.59522602143829
1169,dummy-llama-30b-m,dummy-lora-7b-rank-8-4,618,73,63.6298239354178
1170,dummy-llama-30b-m,dummy-lora-7b-rank-8-1,424,53,63.666961195945504
1171,dummy-llama-30b-m,dummy-lora-7b-rank-128-3,602,3,63.718308954358015
1172,dummy-llama-30b-m,dummy-lora-7b-rank-128-2,587,7,63.73826602775959
1173,dummy-llama-30b-m,dummy-lora-7b-rank-128-2,548,19,63.999302177460805
1174,dummy-llama-30b-m,dummy-lora-7b-rank-32-2,665,45,64.00110539212184
1175,dummy-llama-30b-m,dummy-lora-7b-rank-64-3,492,123,64.09002101554385
1176,dummy-llama-30b-m,dummy-lora-7b-rank-64-3,139,47,64.13254216403661
1177,dummy-llama-30b-m,dummy-lora-7b-rank-16-2,590,21,64.17635003506473
1178,dummy-llama-30b-m,dummy-lora-7b-rank-8-0,603,18,64.1911993875894
1179,dummy-llama-30b-m,dummy-lora-7b-rank-128-3,307,6,64.22684386565969
1180,dummy-llama-30b-m,dummy-lora-7b-rank-16-2,251,56,64.24633881557827
1181,dummy-llama-30b-m,dummy-lora-7b-rank-64-2,232,109,64.2966105994395
1182,dummy-llama-30b-m,dummy-lora-7b-rank-128-1,259,45,64.31959703198869
1183,dummy-llama-30b-m,dummy-lora-7b-rank-128-0,332,21,64.32022762945499
1184,dummy-llama-30b-m,dummy-lora-7b-rank-16-1,615,28,64.35791259130713
1185,dummy-llama-30b-m,dummy-lora-7b-rank-64-1,339,92,64.4530591292468
1186,dummy-llama-30b-m,dummy-lora-7b-rank-128-1,614,81,64.46416511966015
1187,dummy-llama-30b-m,dummy-lora-7b-rank-32-3,317,40,64.57332500956741
1188,dummy-llama-30b-m,dummy-lora-7b-rank-128-1,831,256,64.5924875766617
1189,dummy-llama-30b-m,dummy-lora-7b-rank-64-1,568,27,64.60578570115523
1190,dummy-llama-30b-m,dummy-lora-7b-rank-32-2,588,41,64.63338267770426
1191,dummy-llama-30b-m,dummy-lora-7b-rank-128-1,619,12,64.69135152809052
1192,dummy-llama-30b-m,dummy-lora-7b-rank-128-4,587,17,64.72394455705184
1193,dummy-llama-30b-m,dummy-lora-7b-rank-64-3,481,47,64.77688070855581
1194,dummy-llama-30b-m,dummy-lora-7b-rank-64-2,466,12,64.88172594960686
1195,dummy-llama-30b-m,dummy-lora-7b-rank-16-3,726,34,64.89862886814032
1196,dummy-llama-30b-m,dummy-lora-7b-rank-128-2,363,49,64.93882496564868
1197,dummy-llama-30b-m,dummy-lora-7b-rank-64-4,605,18,64.97986308237752
1198,dummy-llama-30b-m,dummy-lora-7b-rank-8-0,609,22,64.98491107354123
1199,dummy-llama-30b-m,dummy-lora-7b-rank-64-1,823,61,65.02986514050691
1200,dummy-llama-30b-m,dummy-lora-7b-rank-8-4,136,41,65.03101080986326
1201,dummy-llama-30b-m,dummy-lora-7b-rank-128-0,463,49,65.09727387034505
1202,dummy-llama-30b-m,dummy-lora-7b-rank-128-0,548,21,65.15624231624487
1203,dummy-llama-30b-m,dummy-lora-7b-rank-16-0,292,5,65.16953414758854
1204,dummy-llama-30b-m,dummy-lora-7b-rank-128-2,330,119,65.20373403068777
1205,dummy-llama-30b-m,dummy-lora-7b-rank-128-2,480,14,65.23142531866345
1206,dummy-llama-30b-m,dummy-lora-7b-rank-128-0,474,43,65.3108417005651
1207,dummy-llama-30b-m,dummy-lora-7b-rank-8-3,563,20,65.31286991238073
1208,dummy-llama-30b-m,dummy-lora-7b-rank-64-1,556,20,65.3232610004324
1209,dummy-llama-30b-m,dummy-lora-7b-rank-32-4,690,24,65.35412652678781
1210,dummy-llama-30b-m,dummy-lora-7b-rank-64-2,175,44,65.38862408530657
1211,dummy-llama-30b-m,dummy-lora-7b-rank-32-4,641,34,65.40553625456725
1212,dummy-llama-30b-m,dummy-lora-7b-rank-16-4,158,29,65.48241245843437
1213,dummy-llama-30b-m,dummy-lora-7b-rank-16-3,318,55,65.62657702644869
1214,dummy-llama-30b-m,dummy-lora-7b-rank-32-4,603,18,65.64304656079536
1215,dummy-llama-30b-m,dummy-lora-7b-rank-16-0,554,20,65.64370163718553
1216,dummy-llama-30b-m,dummy-lora-7b-rank-8-2,97,37,65.64694308334659
1217,dummy-llama-30b-m,dummy-lora-7b-rank-128-4,375,9,65.67352684287967
1218,dummy-llama-30b-m,dummy-lora-7b-rank-8-4,348,47,65.72246068864267
1219,dummy-llama-30b-m,dummy-lora-7b-rank-128-1,460,44,65.92027980684117
1220,dummy-llama-30b-m,dummy-lora-7b-rank-16-2,176,110,66.00393468300092
1221,dummy-llama-30b-m,dummy-lora-7b-rank-128-1,554,20,66.00698502087495
1222,dummy-llama-30b-m,dummy-lora-7b-rank-8-4,495,11,66.01826346019003
1223,dummy-llama-30b-m,dummy-lora-7b-rank-64-4,389,94,66.0438325356841
1224,dummy-llama-30b-m,dummy-lora-7b-rank-128-0,116,60,66.04791248936584
1225,dummy-llama-30b-m,dummy-lora-7b-rank-8-4,137,66,66.07802402053001
1226,dummy-llama-30b-m,dummy-lora-7b-rank-8-3,355,47,66.19647894876265
1227,dummy-llama-30b-m,dummy-lora-7b-rank-128-3,90,55,66.20900033475091
1228,dummy-llama-30b-m,dummy-lora-7b-rank-16-4,315,56,66.21747507394186
1229,dummy-llama-30b-m,dummy-lora-7b-rank-16-0,557,34,66.22100822479821
1230,dummy-llama-30b-m,dummy-lora-7b-rank-32-1,278,33,66.27830278528917
1231,dummy-llama-30b-m,dummy-lora-7b-rank-128-3,429,10,66.29078527804508
1232,dummy-llama-30b-m,dummy-lora-7b-rank-32-0,196,93,66.40267148156823
1233,dummy-llama-30b-m,dummy-lora-7b-rank-32-2,600,45,66.40836380335851
1234,dummy-llama-30b-m,dummy-lora-7b-rank-128-1,426,63,66.41539851293469
1235,dummy-llama-30b-m,dummy-lora-7b-rank-128-0,79,21,66.61776055815672
1236,dummy-llama-30b-m,dummy-lora-7b-rank-64-2,589,17,66.61958122345
1237,dummy-llama-30b-m,dummy-lora-7b-rank-32-4,272,50,66.63316064024814
1238,dummy-llama-30b-m,dummy-lora-7b-rank-8-2,568,29,66.69008532533137
1239,dummy-llama-30b-m,dummy-lora-7b-rank-8-1,626,28,66.95103337917926
1240,dummy-llama-30b-m,dummy-lora-7b-rank-16-0,244,220,66.9789987695794
1241,dummy-llama-30b-m,dummy-lora-7b-rank-64-2,150,75,67.0979238665749
1242,dummy-llama-30b-m,dummy-lora-7b-rank-8-3,556,21,67.14138521112824
1243,dummy-llama-30b-m,dummy-lora-7b-rank-64-0,372,175,67.15650715210872
1244,dummy-llama-30b-m,dummy-lora-7b-rank-64-1,552,19,67.17925842734253
1245,dummy-llama-30b-m,dummy-lora-7b-rank-128-0,601,18,67.20005557194928
1246,dummy-llama-30b-m,dummy-lora-7b-rank-64-2,554,22,67.21169641041978
1247,dummy-llama-30b-m,dummy-lora-7b-rank-128-2,113,97,67.4405184381188
1248,dummy-llama-30b-m,dummy-lora-7b-rank-128-1,309,48,67.5830908750208
1249,dummy-llama-30b-m,dummy-lora-7b-rank-8-4,487,28,67.64813198852617
1250,dummy-llama-30b-m,dummy-lora-7b-rank-64-0,739,54,67.67344006377633
1251,dummy-llama-30b-m,dummy-lora-7b-rank-128-4,375,98,67.73296159995789
1252,dummy-llama-30b-m,dummy-lora-7b-rank-8-0,506,11,67.73753620095238
1253,dummy-llama-30b-m,dummy-lora-7b-rank-128-3,200,6,67.74117021650092
1254,dummy-llama-30b-m,dummy-lora-7b-rank-32-4,108,46,67.84969773342881
1255,dummy-llama-30b-m,dummy-lora-7b-rank-8-3,966,178,67.92636504899744
1256,dummy-llama-30b-m,dummy-lora-7b-rank-16-1,201,139,67.98613637574124
1257,dummy-llama-30b-m,dummy-lora-7b-rank-128-2,568,104,67.9882312526996
1258,dummy-llama-30b-m,dummy-lora-7b-rank-16-4,213,49,68.0157067365745
1259,dummy-llama-30b-m,dummy-lora-7b-rank-32-0,898,139,68.04840302442555
1260,dummy-llama-30b-m,dummy-lora-7b-rank-64-2,552,19,68.05943809093537
1261,dummy-llama-30b-m,dummy-lora-7b-rank-64-2,212,45,68.19683235431383
1262,dummy-llama-30b-m,dummy-lora-7b-rank-128-3,558,23,68.19872506477338
1263,dummy-llama-30b-m,dummy-lora-7b-rank-64-3,568,28,68.22314716508254
1264,dummy-llama-30b-m,dummy-lora-7b-rank-128-1,621,11,68.23946978636747
1265,dummy-llama-30b-m,dummy-lora-7b-rank-64-4,327,60,68.45105989029543
1266,dummy-llama-30b-m,dummy-lora-7b-rank-32-1,755,6,68.65029335872904
1267,dummy-llama-30b-m,dummy-lora-7b-rank-32-1,710,54,68.721230439199
1268,dummy-llama-30b-m,dummy-lora-7b-rank-16-1,598,24,68.72588270594193
1269,dummy-llama-30b-m,dummy-lora-7b-rank-16-3,773,46,68.75243828704774
1270,dummy-llama-30b-m,dummy-lora-7b-rank-16-2,104,54,68.87571301390523
1271,dummy-llama-30b-m,dummy-lora-7b-rank-8-0,615,25,68.88005176863432
1272,dummy-llama-30b-m,dummy-lora-7b-rank-128-0,197,38,69.08522236911813
1273,dummy-llama-30b-m,dummy-lora-7b-rank-32-4,562,19,69.15597381846125
1274,dummy-llama-30b-m,dummy-lora-7b-rank-64-4,721,40,69.21828504866299
1275,dummy-llama-30b-m,dummy-lora-7b-rank-32-0,52,37,69.24023278154255
1276,dummy-llama-30b-m,dummy-lora-7b-rank-32-1,552,19,69.25809393146044
1277,dummy-llama-30b-m,dummy-lora-7b-rank-64-1,469,46,69.28777591970722
1278,dummy-llama-30b-m,dummy-lora-7b-rank-16-2,234,72,69.38326142862958
1279,dummy-llama-30b-m,dummy-lora-7b-rank-16-0,225,50,69.45129568829135
1280,dummy-llama-30b-m,dummy-lora-7b-rank-16-3,522,88,69.47605457014126
1281,dummy-llama-30b-m,dummy-lora-7b-rank-32-4,556,51,69.50310405675656
1282,dummy-llama-30b-m,dummy-lora-7b-rank-128-4,554,20,69.53700130451378
1283,dummy-llama-30b-m,dummy-lora-7b-rank-32-1,564,22,69.65145663139705
1284,dummy-llama-30b-m,dummy-lora-7b-rank-64-4,408,11,69.66509752650605
1285,dummy-llama-30b-m,dummy-lora-7b-rank-32-0,347,58,69.70736171301402
1286,dummy-llama-30b-m,dummy-lora-7b-rank-8-1,605,9,69.71769594916968
1287,dummy-llama-30b-m,dummy-lora-7b-rank-128-0,526,15,69.73326205813869
1288,dummy-llama-30b-m,dummy-lora-7b-rank-32-4,871,66,69.77911494066349
1289,dummy-llama-30b-m,dummy-lora-7b-rank-128-4,856,208,69.78779278654604
1290,dummy-llama-30b-m,dummy-lora-7b-rank-32-0,419,10,69.818260017263
1291,dummy-llama-30b-m,dummy-lora-7b-rank-16-2,572,30,69.82240195309518
1292,dummy-llama-30b-m,dummy-lora-7b-rank-8-1,552,19,69.82275005886889
1293,dummy-llama-30b-m,dummy-lora-7b-rank-16-3,401,41,69.97621592983893
1294,dummy-llama-30b-m,dummy-lora-7b-rank-16-0,303,82,69.9864983446096
1295,dummy-llama-30b-m,dummy-lora-7b-rank-32-1,554,20,69.98678507010919
1296,dummy-llama-30b-m,dummy-lora-7b-rank-128-3,718,35,70.04375983151229
1297,dummy-llama-30b-m,dummy-lora-7b-rank-32-0,359,80,70.07769281451755
1298,dummy-llama-30b-m,dummy-lora-7b-rank-128-2,852,41,70.11284594607115
1299,dummy-llama-30b-m,dummy-lora-7b-rank-128-2,616,151,70.12825057890541
1300,dummy-llama-30b-m,dummy-lora-7b-rank-32-2,621,14,70.19372946889958
1301,dummy-llama-30b-m,dummy-lora-7b-rank-32-0,587,14,70.2791508513394
1302,dummy-llama-30b-m,dummy-lora-7b-rank-64-4,572,29,70.34207381892485
1303,dummy-llama-30b-m,dummy-lora-7b-rank-16-4,211,152,70.34730701730281
1304,dummy-llama-30b-m,dummy-lora-7b-rank-16-3,554,12,70.34973646103552
1305,dummy-llama-30b-m,dummy-lora-7b-rank-64-0,312,42,70.36216399171239
1306,dummy-llama-30b-m,dummy-lora-7b-rank-8-4,556,23,70.39228692632072
1307,dummy-llama-30b-m,dummy-lora-7b-rank-8-0,634,22,70.53074877409
1308,dummy-llama-30b-m,dummy-lora-7b-rank-128-0,326,47,70.54419996716108
1309,dummy-llama-30b-m,dummy-lora-7b-rank-8-1,389,49,70.57868179569948
1310,dummy-llama-30b-m,dummy-lora-7b-rank-8-1,205,7,70.67220084003523
1311,dummy-llama-30b-m,dummy-lora-7b-rank-128-4,162,40,70.72403660080548
1312,dummy-llama-30b-m,dummy-lora-7b-rank-64-1,629,35,70.72796449037247
1313,dummy-llama-30b-m,dummy-lora-7b-rank-128-3,576,24,70.78214586431346
1314,dummy-llama-30b-m,dummy-lora-7b-rank-8-1,601,26,70.80712687077892
1315,dummy-llama-30b-m,dummy-lora-7b-rank-8-3,576,34,71.0007492089156
1316,dummy-llama-30b-m,dummy-lora-7b-rank-32-2,851,47,71.00268318753515
1317,dummy-llama-30b-m,dummy-lora-7b-rank-32-1,372,13,71.00591168249068
1318,dummy-llama-30b-m,dummy-lora-7b-rank-8-1,351,42,71.09436004253992
1319,dummy-llama-30b-m,dummy-lora-7b-rank-32-2,374,40,71.10511450213437
1320,dummy-llama-30b-m,dummy-lora-7b-rank-64-3,661,5,71.10967725478808
1321,dummy-llama-30b-m,dummy-lora-7b-rank-8-1,836,54,71.21243182104263
1322,dummy-llama-30b-m,dummy-lora-7b-rank-16-1,556,13,71.21440441422043
1323,dummy-llama-30b-m,dummy-lora-7b-rank-128-2,485,38,71.23137252358912
1324,dummy-llama-30b-m,dummy-lora-7b-rank-16-0,607,12,71.28584484899696
1325,dummy-llama-30b-m,dummy-lora-7b-rank-64-0,645,62,71.31725041799127
1326,dummy-llama-30b-m,dummy-lora-7b-rank-16-1,244,51,71.40516104013342
1327,dummy-llama-30b-m,dummy-lora-7b-rank-32-2,407,11,71.43237014232102
1328,dummy-llama-30b-m,dummy-lora-7b-rank-32-0,565,9,71.58243601607268
1329,dummy-llama-30b-m,dummy-lora-7b-rank-128-3,151,35,71.59932268042776
1330,dummy-llama-30b-m,dummy-lora-7b-rank-128-2,564,28,71.6276716987073
1331,dummy-llama-30b-m,dummy-lora-7b-rank-8-0,102,59,71.64961763914988
1332,dummy-llama-30b-m,dummy-lora-7b-rank-8-2,245,59,71.6668602607481
1333,dummy-llama-30b-m,dummy-lora-7b-rank-8-2,532,53,71.69437634410245
1334,dummy-llama-30b-m,dummy-lora-7b-rank-8-4,237,56,71.74596049994607
1335,dummy-llama-30b-m,dummy-lora-7b-rank-64-3,561,84,71.80301316075939
1336,dummy-llama-30b-m,dummy-lora-7b-rank-32-3,263,63,71.80857732996684
1337,dummy-llama-30b-m,dummy-lora-7b-rank-16-1,552,19,71.90466378719495
1338,dummy-llama-30b-m,dummy-lora-7b-rank-8-3,263,9,71.94366791662583
1339,dummy-llama-30b-m,dummy-lora-7b-rank-64-4,554,20,71.94534307286276
1340,dummy-llama-30b-m,dummy-lora-7b-rank-16-1,182,46,71.97114346835549
1341,dummy-llama-30b-m,dummy-lora-7b-rank-8-0,460,65,72.05609420508952
1342,dummy-llama-30b-m,dummy-lora-7b-rank-64-2,638,9,72.1345933237815
1343,dummy-llama-30b-m,dummy-lora-7b-rank-8-4,433,52,72.15418548510576
1344,dummy-llama-30b-m,dummy-lora-7b-rank-8-4,556,21,72.2173639614888
1345,dummy-llama-30b-m,dummy-lora-7b-rank-16-1,564,27,72.25389242792608
1346,dummy-llama-30b-m,dummy-lora-7b-rank-64-1,633,8,72.40637635018427
1347,dummy-llama-30b-m,dummy-lora-7b-rank-8-2,552,21,72.43121825055262
1348,dummy-llama-30b-m,dummy-lora-7b-rank-64-4,436,52,72.46362527604128
1349,dummy-llama-30b-m,dummy-lora-7b-rank-64-0,191,50,72.48738622173423
1350,dummy-llama-30b-m,dummy-lora-7b-rank-32-2,523,9,72.49715431874314
1351,dummy-llama-30b-m,dummy-lora-7b-rank-64-2,916,52,72.54282724965539
1352,dummy-llama-30b-m,dummy-lora-7b-rank-32-1,549,12,72.55226482675555
1353,dummy-llama-30b-m,dummy-lora-7b-rank-64-3,570,31,72.56276589565165
1354,dummy-llama-30b-m,dummy-lora-7b-rank-128-1,489,86,72.57248989835419
1355,dummy-llama-30b-m,dummy-lora-7b-rank-8-0,246,3,72.57830717759241
1356,dummy-llama-30b-m,dummy-lora-7b-rank-64-2,876,90,72.59368990145143
1357,dummy-llama-30b-m,dummy-lora-7b-rank-128-0,501,42,72.61921137680702
1358,dummy-llama-30b-m,dummy-lora-7b-rank-64-1,566,7,72.62822418374891
1359,dummy-llama-30b-m,dummy-lora-7b-rank-16-3,875,35,72.62921717561979
1360,dummy-llama-30b-m,dummy-lora-7b-rank-8-3,93,45,72.67790044912117
1361,dummy-llama-30b-m,dummy-lora-7b-rank-8-1,201,43,72.72654221411709
1362,dummy-llama-30b-m,dummy-lora-7b-rank-128-4,399,39,72.84371731810849
1363,dummy-llama-30b-m,dummy-lora-7b-rank-128-0,600,2,72.96948564082895
1364,dummy-llama-30b-m,dummy-lora-7b-rank-64-4,319,43,72.98748347417528
1365,dummy-llama-30b-m,dummy-lora-7b-rank-16-2,670,48,73.03486457611437
1366,dummy-llama-30b-m,dummy-lora-7b-rank-16-4,353,55,73.0394165589262
1367,dummy-llama-30b-m,dummy-lora-7b-rank-128-0,1012,20,73.04424562773842
1368,dummy-llama-30b-m,dummy-lora-7b-rank-128-4,473,67,73.14518272385818
1369,dummy-llama-30b-m,dummy-lora-7b-rank-128-1,607,10,73.22121563611728
1370,dummy-llama-30b-m,dummy-lora-7b-rank-8-1,287,48,73.23957563373611
1371,dummy-llama-30b-m,dummy-lora-7b-rank-8-4,56,88,73.37436425432395
1372,dummy-llama-30b-m,dummy-lora-7b-rank-128-2,969,44,73.39850042257207
1373,dummy-llama-30b-m,dummy-lora-7b-rank-8-4,169,63,73.43611862281
1374,dummy-llama-30b-m,dummy-lora-7b-rank-16-3,384,53,73.46406184597176
1375,dummy-llama-30b-m,dummy-lora-7b-rank-128-2,186,7,73.5030417409441
1376,dummy-llama-30b-m,dummy-lora-7b-rank-128-0,556,21,73.51245661762084
1377,dummy-llama-30b-m,dummy-lora-7b-rank-128-1,754,46,73.5512450596899
1378,dummy-llama-30b-m,dummy-lora-7b-rank-32-3,309,42,73.57929783394943
1379,dummy-llama-30b-m,dummy-lora-7b-rank-32-3,420,52,73.61967914926618
1380,dummy-llama-30b-m,dummy-lora-7b-rank-32-2,640,111,73.9823496632584
1381,dummy-llama-30b-m,dummy-lora-7b-rank-8-2,886,15,74.17504333458724
1382,dummy-llama-30b-m,dummy-lora-7b-rank-64-1,286,72,74.1805891118043
1383,dummy-llama-30b-m,dummy-lora-7b-rank-16-0,571,45,74.26826892112506
1384,dummy-llama-30b-m,dummy-lora-7b-rank-8-0,346,159,74.29120488334868
1385,dummy-llama-30b-m,dummy-lora-7b-rank-128-0,388,8,74.316242128723
1386,dummy-llama-30b-m,dummy-lora-7b-rank-64-1,550,18,74.46944109404936
1387,dummy-llama-30b-m,dummy-lora-7b-rank-64-0,548,17,74.59145694200217
1388,dummy-llama-30b-m,dummy-lora-7b-rank-8-2,568,27,74.66156069636658
1389,dummy-llama-30b-m,dummy-lora-7b-rank-128-3,366,218,74.66681328094457
1390,dummy-llama-30b-m,dummy-lora-7b-rank-16-4,835,16,74.69021436297783
1391,dummy-llama-30b-m,dummy-lora-7b-rank-16-2,607,21,74.73095490065232
1392,dummy-llama-30b-m,dummy-lora-7b-rank-64-3,449,49,74.75341251340667
1393,dummy-llama-30b-m,dummy-lora-7b-rank-128-1,176,90,74.78174145982365
1394,dummy-llama-30b-m,dummy-lora-7b-rank-8-0,439,9,74.80198821980343
1395,dummy-llama-30b-m,dummy-lora-7b-rank-64-0,556,13,74.82522568175543
1396,dummy-llama-30b-m,dummy-lora-7b-rank-128-3,593,91,74.95615378393563
1397,dummy-llama-30b-m,dummy-lora-7b-rank-128-1,517,16,75.14412994272863
1398,dummy-llama-30b-m,dummy-lora-7b-rank-16-0,140,36,75.14452458360412
1399,dummy-llama-30b-m,dummy-lora-7b-rank-32-4,610,21,75.15842478196085
1400,dummy-llama-30b-m,dummy-lora-7b-rank-16-2,550,10,75.19410827207821
1401,dummy-llama-30b-m,dummy-lora-7b-rank-32-3,828,40,75.24582831843351
1402,dummy-llama-30b-m,dummy-lora-7b-rank-64-3,339,8,75.28351070867568
1403,dummy-llama-30b-m,dummy-lora-7b-rank-128-3,564,17,75.29173716639566
1404,dummy-llama-30b-m,dummy-lora-7b-rank-128-1,224,40,75.36429971108196
1405,dummy-llama-30b-m,dummy-lora-7b-rank-64-4,784,52,75.4308828265665
1406,dummy-llama-30b-m,dummy-lora-7b-rank-16-0,464,34,75.46509343397983
1407,dummy-llama-30b-m,dummy-lora-7b-rank-32-2,704,60,75.47174660578752
1408,dummy-llama-30b-m,dummy-lora-7b-rank-16-3,167,55,75.54951337406816
1409,dummy-llama-30b-m,dummy-lora-7b-rank-64-1,605,20,75.5551988766722
1410,dummy-llama-30b-m,dummy-lora-7b-rank-8-2,330,49,75.56694461313334
1411,dummy-llama-30b-m,dummy-lora-7b-rank-64-0,556,22,75.67549960387935
1412,dummy-llama-30b-m,dummy-lora-7b-rank-8-1,261,44,75.68362471102543
1413,dummy-llama-30b-m,dummy-lora-7b-rank-8-4,737,82,75.70927484905076
1414,dummy-llama-30b-m,dummy-lora-7b-rank-16-3,395,56,75.71032565985645
1415,dummy-llama-30b-m,dummy-lora-7b-rank-128-2,316,111,75.72941295017694
1416,dummy-llama-30b-m,dummy-lora-7b-rank-64-3,554,22,75.77535266246335
1417,dummy-llama-30b-m,dummy-lora-7b-rank-32-4,419,49,75.8269348649679
1418,dummy-llama-30b-m,dummy-lora-7b-rank-64-0,638,18,75.84715456495803
1419,dummy-llama-30b-m,dummy-lora-7b-rank-32-4,789,16,75.9328431440961
1420,dummy-llama-30b-m,dummy-lora-7b-rank-32-4,576,34,75.94850482212412
1421,dummy-llama-30b-m,dummy-lora-7b-rank-32-1,189,57,75.94964378500316
1422,dummy-llama-30b-m,dummy-lora-7b-rank-8-2,597,16,75.95105561399062
1423,dummy-llama-30b-m,dummy-lora-7b-rank-8-0,800,9,75.95172673324663
1424,dummy-llama-30b-m,dummy-lora-7b-rank-128-1,574,14,75.99050650996816
1425,dummy-llama-30b-m,dummy-lora-7b-rank-128-3,612,30,75.99817245445385
1426,dummy-llama-30b-m,dummy-lora-7b-rank-128-3,627,13,76.03123730149282
1427,dummy-llama-30b-m,dummy-lora-7b-rank-16-1,624,20,76.08412496968216
1428,dummy-llama-30b-m,dummy-lora-7b-rank-64-1,556,21,76.22182560514912
1429,dummy-llama-30b-m,dummy-lora-7b-rank-16-0,554,20,76.2670400528654
1430,dummy-llama-30b-m,dummy-lora-7b-rank-64-1,546,86,76.27879528396666
1431,dummy-llama-30b-m,dummy-lora-7b-rank-128-0,724,39,76.34334168804928
1432,dummy-llama-30b-m,dummy-lora-7b-rank-32-0,830,48,76.34392785101502
1433,dummy-llama-30b-m,dummy-lora-7b-rank-8-4,546,8,76.3627287712379
1434,dummy-llama-30b-m,dummy-lora-7b-rank-16-1,470,41,76.44065292636166
1435,dummy-llama-30b-m,dummy-lora-7b-rank-16-3,615,9,76.44295554934406
1436,dummy-llama-30b-m,dummy-lora-7b-rank-32-0,574,30,76.4617592072179
1437,dummy-llama-30b-m,dummy-lora-7b-rank-64-2,911,21,76.87863788908433
1438,dummy-llama-30b-m,dummy-lora-7b-rank-64-0,570,29,76.88640526940078
1439,dummy-llama-30b-m,dummy-lora-7b-rank-64-1,153,60,76.9050843507271
1440,dummy-llama-30b-m,dummy-lora-7b-rank-8-4,1018,33,76.91777478271686
1441,dummy-llama-30b-m,dummy-lora-7b-rank-32-1,54,46,76.92247808635848
1442,dummy-llama-30b-m,dummy-lora-7b-rank-16-0,583,13,76.96522764132587
1443,dummy-llama-30b-m,dummy-lora-7b-rank-32-2,206,52,77.01573124706685
1444,dummy-llama-30b-m,dummy-lora-7b-rank-64-0,268,47,77.04834572614305
1445,dummy-llama-30b-m,dummy-lora-7b-rank-32-3,423,47,77.05612576383704
1446,dummy-llama-30b-m,dummy-lora-7b-rank-128-1,550,18,77.06084851939917
1447,dummy-llama-30b-m,dummy-lora-7b-rank-16-0,603,55,77.09764508651375
1448,dummy-llama-30b-m,dummy-lora-7b-rank-64-0,340,48,77.11450270407877
1449,dummy-llama-30b-m,dummy-lora-7b-rank-128-0,570,29,77.16895409024562
1450,dummy-llama-30b-m,dummy-lora-7b-rank-8-3,330,8,77.19908332902098
1451,dummy-llama-30b-m,dummy-lora-7b-rank-128-4,629,24,77.31216257632143
1452,dummy-llama-30b-m,dummy-lora-7b-rank-16-1,944,44,77.33180264962559
1453,dummy-llama-30b-m,dummy-lora-7b-rank-32-0,444,11,77.39693019522291
1454,dummy-llama-30b-m,dummy-lora-7b-rank-64-1,128,19,77.4089972432531
1455,dummy-llama-30b-m,dummy-lora-7b-rank-128-2,268,30,77.49612224673403
1456,dummy-llama-30b-m,dummy-lora-7b-rank-16-2,718,8,77.53807085760805
1457,dummy-llama-30b-m,dummy-lora-7b-rank-16-2,879,31,77.72977466329957
1458,dummy-llama-30b-m,dummy-lora-7b-rank-64-2,552,15,77.76763477780793
1459,dummy-llama-30b-m,dummy-lora-7b-rank-128-0,495,38,77.81937622961038
1460,dummy-llama-30b-m,dummy-lora-7b-rank-128-0,726,13,77.83561945802181
1461,dummy-llama-30b-m,dummy-lora-7b-rank-64-3,666,18,77.84009685044974
1462,dummy-llama-30b-m,dummy-lora-7b-rank-16-1,564,10,77.87271903035939
1463,dummy-llama-30b-m,dummy-lora-7b-rank-8-4,556,23,77.88676437699682
1464,dummy-llama-30b-m,dummy-lora-7b-rank-128-3,556,77,77.90435396017246
1465,dummy-llama-30b-m,dummy-lora-7b-rank-16-1,167,46,77.90784655186184
1466,dummy-llama-30b-m,dummy-lora-7b-rank-64-1,319,40,77.92834403816931
1467,dummy-llama-30b-m,dummy-lora-7b-rank-32-1,524,71,77.94626120243286
1468,dummy-llama-30b-m,dummy-lora-7b-rank-16-0,560,24,77.9571578355383
1469,dummy-llama-30b-m,dummy-lora-7b-rank-8-2,565,23,78.04139371245961
1470,dummy-llama-30b-m,dummy-lora-7b-rank-8-4,525,5,78.18765202156057
1471,dummy-llama-30b-m,dummy-lora-7b-rank-8-3,333,42,78.20226377588297
1472,dummy-llama-30b-m,dummy-lora-7b-rank-16-0,212,14,78.23597605789357
1473,dummy-llama-30b-m,dummy-lora-7b-rank-32-0,316,63,78.24970285011828
1474,dummy-llama-30b-m,dummy-lora-7b-rank-16-0,386,39,78.25928269507574
1475,dummy-llama-30b-m,dummy-lora-7b-rank-32-3,538,5,78.27287365422919
1476,dummy-llama-30b-m,dummy-lora-7b-rank-64-2,550,2,78.29790187767236
1477,dummy-llama-30b-m,dummy-lora-7b-rank-8-2,558,24,78.33783459454064
1478,dummy-llama-30b-m,dummy-lora-7b-rank-16-0,601,59,78.37903699532126
1479,dummy-llama-30b-m,dummy-lora-7b-rank-16-4,760,40,78.38066116832594
1480,dummy-llama-30b-m,dummy-lora-7b-rank-64-1,844,12,78.3988142151449
1481,dummy-llama-30b-m,dummy-lora-7b-rank-16-1,379,46,78.40752278871467
1482,dummy-llama-30b-m,dummy-lora-7b-rank-8-2,630,19,78.51945457480296
1483,dummy-llama-30b-m,dummy-lora-7b-rank-16-0,395,6,78.58487287294176
1484,dummy-llama-30b-m,dummy-lora-7b-rank-64-2,564,24,78.58939548025819
1485,dummy-llama-30b-m,dummy-lora-7b-rank-128-3,963,14,78.62795617039036
1486,dummy-llama-30b-m,dummy-lora-7b-rank-128-3,365,29,78.6700941212834
1487,dummy-llama-30b-m,dummy-lora-7b-rank-64-2,554,20,78.69070125276494
1488,dummy-llama-30b-m,dummy-lora-7b-rank-64-1,613,51,78.76011119833684
1489,dummy-llama-30b-m,dummy-lora-7b-rank-16-0,940,20,78.81405799899345
1490,dummy-llama-30b-m,dummy-lora-7b-rank-64-3,248,48,78.84037006270331
1491,dummy-llama-30b-m,dummy-lora-7b-rank-128-4,555,3,78.8882406442343
1492,dummy-llama-30b-m,dummy-lora-7b-rank-32-3,343,62,78.92820992337099
1493,dummy-llama-30b-m,dummy-lora-7b-rank-128-1,773,15,78.9586214782579
1494,dummy-llama-30b-m,dummy-lora-7b-rank-64-4,556,23,79.00743810285087
1495,dummy-llama-30b-m,dummy-lora-7b-rank-32-3,560,81,79.0857291022752
1496,dummy-llama-30b-m,dummy-lora-7b-rank-128-4,476,51,79.08879375517519
1497,dummy-llama-30b-m,dummy-lora-7b-rank-128-4,619,30,79.11874143947715
1498,dummy-llama-30b-m,dummy-lora-7b-rank-32-0,826,104,79.1384674072362
1499,dummy-llama-30b-m,dummy-lora-7b-rank-32-1,301,37,79.18243109505084
1500,dummy-llama-30b-m,dummy-lora-7b-rank-32-1,389,42,79.24966744224423
1501,dummy-llama-30b-m,dummy-lora-7b-rank-8-1,324,45,79.28885679104707
1502,dummy-llama-30b-m,dummy-lora-7b-rank-8-1,560,24,79.34465663526134
1503,dummy-llama-30b-m,dummy-lora-7b-rank-128-0,123,19,79.36355701131592
1504,dummy-llama-30b-m,dummy-lora-7b-rank-64-4,608,46,79.57390490094919
1505,dummy-llama-30b-m,dummy-lora-7b-rank-8-0,249,43,79.58665842928268
1506,dummy-llama-30b-m,dummy-lora-7b-rank-16-4,414,111,79.77630473686567
1507,dummy-llama-30b-m,dummy-lora-7b-rank-64-3,245,126,79.82518855770574
1508,dummy-llama-30b-m,dummy-lora-7b-rank-32-3,562,26,79.89748211172669
1509,dummy-llama-30b-m,dummy-lora-7b-rank-128-1,541,49,80.04210559513308
1510,dummy-llama-30b-m,dummy-lora-7b-rank-128-2,682,83,80.05685206109658
1511,dummy-llama-30b-m,dummy-lora-7b-rank-8-3,565,21,80.17464015980238
1512,dummy-llama-30b-m,dummy-lora-7b-rank-64-3,576,29,80.20173658769822
1513,dummy-llama-30b-m,dummy-lora-7b-rank-16-4,566,23,80.27635141933908
1514,dummy-llama-30b-m,dummy-lora-7b-rank-32-1,554,20,80.31438550244853
1515,dummy-llama-30b-m,dummy-lora-7b-rank-32-1,790,7,80.33941144049963
1516,dummy-llama-30b-m,dummy-lora-7b-rank-64-3,826,68,80.42854790446022
1517,dummy-llama-30b-m,dummy-lora-7b-rank-64-3,123,38,80.55109137381933
1518,dummy-llama-30b-m,dummy-lora-7b-rank-16-3,538,9,80.58398831451595
1519,dummy-llama-30b-m,dummy-lora-7b-rank-16-0,550,18,80.61599652058172
1520,dummy-llama-30b-m,dummy-lora-7b-rank-8-3,187,48,80.67336041705816
1521,dummy-llama-30b-m,dummy-lora-7b-rank-32-0,340,43,80.69598708607072
1522,dummy-llama-30b-m,dummy-lora-7b-rank-16-1,714,54,80.76022222285577
1523,dummy-llama-30b-m,dummy-lora-7b-rank-16-3,661,23,80.84617015404243
1524,dummy-llama-30b-m,dummy-lora-7b-rank-128-1,852,42,80.8883924095653
1525,dummy-llama-30b-m,dummy-lora-7b-rank-8-2,584,38,80.90235750132348
1526,dummy-llama-30b-m,dummy-lora-7b-rank-8-0,566,26,80.93171893551899
1527,dummy-llama-30b-m,dummy-lora-7b-rank-16-4,435,56,80.95749040632003
1528,dummy-llama-30b-m,dummy-lora-7b-rank-128-0,550,18,80.98312024205049
1529,dummy-llama-30b-m,dummy-lora-7b-rank-16-2,509,6,80.98854658424122
1530,dummy-llama-30b-m,dummy-lora-7b-rank-128-2,558,19,81.04045366618418
1531,dummy-llama-30b-m,dummy-lora-7b-rank-32-1,307,56,81.08412763988595
1532,dummy-llama-30b-m,dummy-lora-7b-rank-8-1,203,55,81.08564109471419
1533,dummy-llama-30b-m,dummy-lora-7b-rank-32-2,88,40,81.13527248706404
1534,dummy-llama-30b-m,dummy-lora-7b-rank-64-3,552,21,81.2299258501442
1535,dummy-llama-30b-m,dummy-lora-7b-rank-64-4,584,37,81.27224826055283
1536,dummy-llama-30b-m,dummy-lora-7b-rank-32-2,603,16,81.3177751537507
1537,dummy-llama-30b-m,dummy-lora-7b-rank-32-1,439,69,81.32022938274547
1538,dummy-llama-30b-m,dummy-lora-7b-rank-8-0,414,41,81.34535367943852
1539,dummy-llama-30b-m,dummy-lora-7b-rank-16-4,695,44,81.35403531640338
1540,dummy-llama-30b-m,dummy-lora-7b-rank-32-0,554,23,81.39864607139764
1541,dummy-llama-30b-m,dummy-lora-7b-rank-32-0,558,23,81.46489074646506
1542,dummy-llama-30b-m,dummy-lora-7b-rank-32-1,630,8,81.47275631489889
1543,dummy-llama-30b-m,dummy-lora-7b-rank-16-2,415,15,81.49364764099535
1544,dummy-llama-30b-m,dummy-lora-7b-rank-128-4,234,56,81.6024568800579
1545,dummy-llama-30b-m,dummy-lora-7b-rank-64-1,626,38,81.63343749569468
1546,dummy-llama-30b-m,dummy-lora-7b-rank-128-1,396,80,81.802003850672
1547,dummy-llama-30b-m,dummy-lora-7b-rank-32-1,571,37,81.80480255463787
1548,dummy-llama-30b-m,dummy-lora-7b-rank-16-0,590,19,81.91431415705931
1549,dummy-llama-30b-m,dummy-lora-7b-rank-8-1,255,43,81.92353395929815
1550,dummy-llama-30b-m,dummy-lora-7b-rank-32-2,316,87,81.92850699651548
1551,dummy-llama-30b-m,dummy-lora-7b-rank-64-0,981,15,82.00334004801321
1552,dummy-llama-30b-m,dummy-lora-7b-rank-128-4,534,44,82.00461251127147
1553,dummy-llama-30b-m,dummy-lora-7b-rank-32-2,984,67,82.03795043033367
1554,dummy-llama-30b-m,dummy-lora-7b-rank-8-2,264,53,82.06436786887085
1555,dummy-llama-30b-m,dummy-lora-7b-rank-32-3,281,57,82.09678500393301
1556,dummy-llama-30b-m,dummy-lora-7b-rank-8-0,573,10,82.18471829656993
1557,dummy-llama-30b-m,dummy-lora-7b-rank-8-1,1011,10,82.18889828232632
1558,dummy-llama-30b-m,dummy-lora-7b-rank-64-4,556,13,82.25200533716392
1559,dummy-llama-30b-m,dummy-lora-7b-rank-128-2,501,9,82.2884851944801
1560,dummy-llama-30b-m,dummy-lora-7b-rank-8-3,106,40,82.30133223074132
1561,dummy-llama-30b-m,dummy-lora-7b-rank-32-1,558,23,82.30170226883885
1562,dummy-llama-30b-m,dummy-lora-7b-rank-16-4,211,55,82.32468126408446
1563,dummy-llama-30b-m,dummy-lora-7b-rank-32-3,180,98,82.35368896371176
1564,dummy-llama-30b-m,dummy-lora-7b-rank-32-4,558,22,82.53968034122221
1565,dummy-llama-30b-m,dummy-lora-7b-rank-128-0,595,25,82.56035539891242
1566,dummy-llama-30b-m,dummy-lora-7b-rank-16-3,112,82,82.58091121686506
1567,dummy-llama-30b-m,dummy-lora-7b-rank-16-4,510,58,82.62897163133437
1568,dummy-llama-30b-m,dummy-lora-7b-rank-64-2,58,69,82.68774341862257
1569,dummy-llama-30b-m,dummy-lora-7b-rank-32-4,419,54,82.69071595903061
1570,dummy-llama-30b-m,dummy-lora-7b-rank-128-3,400,42,82.79958621750369
1571,dummy-llama-30b-m,dummy-lora-7b-rank-8-3,341,52,82.8748365898623
1572,dummy-llama-30b-m,dummy-lora-7b-rank-32-1,480,24,82.91729978295844
1573,dummy-llama-30b-m,dummy-lora-7b-rank-32-0,612,18,82.94642038321058
1574,dummy-llama-30b-m,dummy-lora-7b-rank-16-3,781,4,82.9823371596365
1575,dummy-llama-30b-m,dummy-lora-7b-rank-8-1,560,100,83.00225411465038
1576,dummy-llama-30b-m,dummy-lora-7b-rank-16-1,99,43,83.00758467237681
1577,dummy-llama-30b-m,dummy-lora-7b-rank-32-4,578,10,83.12460634888241
1578,dummy-llama-30b-m,dummy-lora-7b-rank-32-2,166,31,83.1467486197848
1579,dummy-llama-30b-m,dummy-lora-7b-rank-16-0,586,18,83.23479434421812
1580,dummy-llama-30b-m,dummy-lora-7b-rank-128-3,530,51,83.24384806140499
1581,dummy-llama-30b-m,dummy-lora-7b-rank-8-1,346,58,83.36843822101598
1582,dummy-llama-30b-m,dummy-lora-7b-rank-32-4,592,14,83.38000281723527
1583,dummy-llama-30b-m,dummy-lora-7b-rank-8-3,552,21,83.43554241539388
1584,dummy-llama-30b-m,dummy-lora-7b-rank-128-1,361,66,83.50906963690508
1585,dummy-llama-30b-m,dummy-lora-7b-rank-16-4,864,3,83.58318674473989
1586,dummy-llama-30b-m,dummy-lora-7b-rank-64-2,590,57,83.58595462126003
1587,dummy-llama-30b-m,dummy-lora-7b-rank-32-2,434,217,83.62058144245341
1588,dummy-llama-30b-m,dummy-lora-7b-rank-8-4,428,42,83.62451091895156
1589,dummy-llama-30b-m,dummy-lora-7b-rank-32-0,548,17,83.64382579748559
1590,dummy-llama-30b-m,dummy-lora-7b-rank-16-0,364,102,83.706005642459
1591,dummy-llama-30b-m,dummy-lora-7b-rank-64-3,625,31,83.71746166850055
1592,dummy-llama-30b-m,dummy-lora-7b-rank-32-0,230,3,83.80029897457128
1593,dummy-llama-30b-m,dummy-lora-7b-rank-128-2,434,35,84.03683867372612
1594,dummy-llama-30b-m,dummy-lora-7b-rank-64-1,546,16,84.17004750130043
1595,dummy-llama-30b-m,dummy-lora-7b-rank-16-3,292,11,84.17187598191164
1596,dummy-llama-30b-m,dummy-lora-7b-rank-128-2,615,10,84.18518156416617
1597,dummy-llama-30b-m,dummy-lora-7b-rank-64-4,546,16,84.27061041629871
1598,dummy-llama-30b-m,dummy-lora-7b-rank-8-2,548,19,84.2868503761423
1599,dummy-llama-30b-m,dummy-lora-7b-rank-64-4,339,73,84.30540888681277
1600,dummy-llama-30b-m,dummy-lora-7b-rank-32-1,296,195,84.32627353147541
1601,dummy-llama-30b-m,dummy-lora-7b-rank-8-0,573,43,84.36465692066946
1602,dummy-llama-30b-m,dummy-lora-7b-rank-64-0,564,26,84.42278486071784
1603,dummy-llama-30b-m,dummy-lora-7b-rank-16-1,349,42,84.4809846796771
1604,dummy-llama-30b-m,dummy-lora-7b-rank-16-1,530,75,84.50101135122989
1605,dummy-llama-30b-m,dummy-lora-7b-rank-32-4,929,62,84.52346626989893
1606,dummy-llama-30b-m,dummy-lora-7b-rank-16-2,619,43,84.5406663290534
1607,dummy-llama-30b-m,dummy-lora-7b-rank-64-1,663,93,84.55819993197396
1608,dummy-llama-30b-m,dummy-lora-7b-rank-128-4,417,7,84.57034116838476
1609,dummy-llama-30b-m,dummy-lora-7b-rank-32-2,558,21,84.6339160359989
1610,dummy-llama-30b-m,dummy-lora-7b-rank-128-3,280,54,84.63911884673847
1611,dummy-llama-30b-m,dummy-lora-7b-rank-8-2,66,86,84.6526951147258
1612,dummy-llama-30b-m,dummy-lora-7b-rank-64-1,759,27,84.7317989698191
1613,dummy-llama-30b-m,dummy-lora-7b-rank-16-0,554,20,84.74181226505846
1614,dummy-llama-30b-m,dummy-lora-7b-rank-64-2,216,123,84.8832848794893
1615,dummy-llama-30b-m,dummy-lora-7b-rank-32-4,856,78,84.89200053752042
1616,dummy-llama-30b-m,dummy-lora-7b-rank-128-0,601,18,84.95567973873496
1617,dummy-llama-30b-m,dummy-lora-7b-rank-64-2,407,48,84.97723574440658
1618,dummy-llama-30b-m,dummy-lora-7b-rank-128-3,447,46,84.98380449946167
1619,dummy-llama-30b-m,dummy-lora-7b-rank-128-3,556,13,85.02624785462163
1620,dummy-llama-30b-m,dummy-lora-7b-rank-8-1,564,25,85.0518860243027
1621,dummy-llama-30b-m,dummy-lora-7b-rank-64-0,646,190,85.06823377744408
1622,dummy-llama-30b-m,dummy-lora-7b-rank-32-2,617,29,85.08006436001763
1623,dummy-llama-30b-m,dummy-lora-7b-rank-8-3,701,18,85.12427198385926
1624,dummy-llama-30b-m,dummy-lora-7b-rank-64-0,592,65,85.13388109256397
1625,dummy-llama-30b-m,dummy-lora-7b-rank-128-2,603,27,85.31779548411049
1626,dummy-llama-30b-m,dummy-lora-7b-rank-128-4,96,33,85.35892201943645
1627,dummy-llama-30b-m,dummy-lora-7b-rank-16-3,481,49,85.37169755553184
1628,dummy-llama-30b-m,dummy-lora-7b-rank-8-3,238,7,85.44056721678943
1629,dummy-llama-30b-m,dummy-lora-7b-rank-32-0,622,3,85.44463957346605
1630,dummy-llama-30b-m,dummy-lora-7b-rank-16-1,265,41,85.4500706145228
1631,dummy-llama-30b-m,dummy-lora-7b-rank-64-1,374,71,85.58216830985306
1632,dummy-llama-30b-m,dummy-lora-7b-rank-128-0,558,22,85.71003261969466
1633,dummy-llama-30b-m,dummy-lora-7b-rank-64-2,210,149,85.74038470770606
1634,dummy-llama-30b-m,dummy-lora-7b-rank-64-3,438,19,85.7455284304769
1635,dummy-llama-30b-m,dummy-lora-7b-rank-64-2,574,39,85.74871155202877
1636,dummy-llama-30b-m,dummy-lora-7b-rank-128-4,247,53,85.83817996810951
1637,dummy-llama-30b-m,dummy-lora-7b-rank-16-1,625,30,85.84804337808536
1638,dummy-llama-30b-m,dummy-lora-7b-rank-64-1,338,185,85.93042724507357
1639,dummy-llama-30b-m,dummy-lora-7b-rank-64-0,610,62,85.93053430529874
1640,dummy-llama-30b-m,dummy-lora-7b-rank-8-3,633,32,85.9553984668548
1641,dummy-llama-30b-m,dummy-lora-7b-rank-16-4,928,14,85.97289914715115
1642,dummy-llama-30b-m,dummy-lora-7b-rank-32-1,219,51,86.00381332251841
1643,dummy-llama-30b-m,dummy-lora-7b-rank-16-3,806,10,86.00948081527932
1644,dummy-llama-30b-m,dummy-lora-7b-rank-32-4,544,11,86.01910656378207
1645,dummy-llama-30b-m,dummy-lora-7b-rank-16-4,568,29,86.02461461184852
1646,dummy-llama-30b-m,dummy-lora-7b-rank-64-4,393,32,86.02627820245534
1647,dummy-llama-30b-m,dummy-lora-7b-rank-128-1,652,53,86.11894062310493
1648,dummy-llama-30b-m,dummy-lora-7b-rank-128-3,544,46,86.12413025700833
1649,dummy-llama-30b-m,dummy-lora-7b-rank-32-4,610,17,86.13120268886767
1650,dummy-llama-30b-m,dummy-lora-7b-rank-16-0,446,54,86.2560288178996
1651,dummy-llama-30b-m,dummy-lora-7b-rank-32-2,222,141,86.3333092613697
1652,dummy-llama-30b-m,dummy-lora-7b-rank-16-3,831,146,86.42143895974709
1653,dummy-llama-30b-m,dummy-lora-7b-rank-64-1,603,18,86.43252994665303
1654,dummy-llama-30b-m,dummy-lora-7b-rank-16-0,102,37,86.5230705963199
1655,dummy-llama-30b-m,dummy-lora-7b-rank-8-0,331,36,86.52363431172964
1656,dummy-llama-30b-m,dummy-lora-7b-rank-32-2,357,128,86.61495383826839
1657,dummy-llama-30b-m,dummy-lora-7b-rank-8-1,491,37,86.67785980654554
1658,dummy-llama-30b-m,dummy-lora-7b-rank-64-0,210,54,86.79481923990902
1659,dummy-llama-30b-m,dummy-lora-7b-rank-128-4,782,54,86.84855742760053
1660,dummy-llama-30b-m,dummy-lora-7b-rank-16-4,566,25,87.04113510416921
1661,dummy-llama-30b-m,dummy-lora-7b-rank-8-0,423,7,87.0970874269964
1662,dummy-llama-30b-m,dummy-lora-7b-rank-64-4,1022,105,87.18733742785285
1663,dummy-llama-30b-m,dummy-lora-7b-rank-16-1,618,14,87.37917524786906
1664,dummy-llama-30b-m,dummy-lora-7b-rank-8-2,355,73,87.38609652368079
1665,dummy-llama-30b-m,dummy-lora-7b-rank-128-0,616,122,87.39273526592282
1666,dummy-llama-30b-m,dummy-lora-7b-rank-8-1,350,46,87.51635652514125
1667,dummy-llama-30b-m,dummy-lora-7b-rank-64-4,338,61,87.54838860200054
1668,dummy-llama-30b-m,dummy-lora-7b-rank-16-0,195,63,87.64491066791409
1669,dummy-llama-30b-m,dummy-lora-7b-rank-32-3,556,21,87.82836410949001
1670,dummy-llama-30b-m,dummy-lora-7b-rank-128-3,556,23,87.82845948921434
1671,dummy-llama-30b-m,dummy-lora-7b-rank-8-1,588,2,87.86489241868945
1672,dummy-llama-30b-m,dummy-lora-7b-rank-64-4,572,32,87.89245092573319
1673,dummy-llama-30b-m,dummy-lora-7b-rank-8-0,454,38,87.90318401736896
1674,dummy-llama-30b-m,dummy-lora-7b-rank-128-3,319,146,87.91482634135042
1675,dummy-llama-30b-m,dummy-lora-7b-rank-8-4,458,14,87.93911195690595
1676,dummy-llama-30b-m,dummy-lora-7b-rank-8-0,423,57,87.9675834072091
1677,dummy-llama-30b-m,dummy-lora-7b-rank-16-0,550,20,88.05606353061253
1678,dummy-llama-30b-m,dummy-lora-7b-rank-32-1,203,3,88.09694054845848
1679,dummy-llama-30b-m,dummy-lora-7b-rank-64-3,782,48,88.12763728722526
1680,dummy-llama-30b-m,dummy-lora-7b-rank-16-0,560,26,88.20256943165006
1681,dummy-llama-30b-m,dummy-lora-7b-rank-64-3,702,93,88.37309332440736
1682,dummy-llama-30b-m,dummy-lora-7b-rank-64-1,598,45,88.37849229230969
1683,dummy-llama-30b-m,dummy-lora-7b-rank-8-0,452,13,88.39276355695561
1684,dummy-llama-30b-m,dummy-lora-7b-rank-128-2,289,41,88.44249469249905
1685,dummy-llama-30b-m,dummy-lora-7b-rank-64-2,513,31,88.49043929006658
1686,dummy-llama-30b-m,dummy-lora-7b-rank-16-3,564,18,88.67416589072141
1687,dummy-llama-30b-m,dummy-lora-7b-rank-64-2,926,93,88.80856207632469
1688,dummy-llama-30b-m,dummy-lora-7b-rank-32-3,602,33,88.85479215538224
1689,dummy-llama-30b-m,dummy-lora-7b-rank-64-3,568,29,88.88977742282823
1690,dummy-llama-30b-m,dummy-lora-7b-rank-64-2,607,21,88.98398597776368
1691,dummy-llama-30b-m,dummy-lora-7b-rank-32-3,400,144,88.99850772641447
1692,dummy-llama-30b-m,dummy-lora-7b-rank-64-2,508,56,88.9985471602942
1693,dummy-llama-30b-m,dummy-lora-7b-rank-16-1,598,49,89.0169196900091
1694,dummy-llama-30b-m,dummy-lora-7b-rank-32-2,377,56,89.08271726088692
1695,dummy-llama-30b-m,dummy-lora-7b-rank-32-2,366,40,89.18684424013362
1696,dummy-llama-30b-m,dummy-lora-7b-rank-64-0,321,46,89.32937120876613
1697,dummy-llama-30b-m,dummy-lora-7b-rank-128-2,312,64,89.36211563454319
1698,dummy-llama-30b-m,dummy-lora-7b-rank-8-2,649,12,89.37802025222571
1699,dummy-llama-30b-m,dummy-lora-7b-rank-128-1,683,96,89.37911732448893
1700,dummy-llama-30b-m,dummy-lora-7b-rank-64-3,503,56,89.43191833711015
1701,dummy-llama-30b-m,dummy-lora-7b-rank-128-1,592,13,89.47457136002058
1702,dummy-llama-30b-m,dummy-lora-7b-rank-32-2,254,40,89.47688744256102
1703,dummy-llama-30b-m,dummy-lora-7b-rank-8-3,969,51,89.53235832759405
1704,dummy-llama-30b-m,dummy-lora-7b-rank-8-4,558,20,89.56635273630793
1705,dummy-llama-30b-m,dummy-lora-7b-rank-16-0,558,23,89.57786539617958
1706,dummy-llama-30b-m,dummy-lora-7b-rank-8-4,262,48,89.60917417299021
1707,dummy-llama-30b-m,dummy-lora-7b-rank-16-0,548,17,89.61478083886954
1708,dummy-llama-30b-m,dummy-lora-7b-rank-16-2,532,52,89.70497846736453
1709,dummy-llama-30b-m,dummy-lora-7b-rank-8-2,566,29,89.75201256997808
1710,dummy-llama-30b-m,dummy-lora-7b-rank-32-3,558,25,89.87925608194917
1711,dummy-llama-30b-m,dummy-lora-7b-rank-8-3,580,47,89.88373080006579
1712,dummy-llama-30b-m,dummy-lora-7b-rank-32-3,454,52,89.88846318938256
1713,dummy-llama-30b-m,dummy-lora-7b-rank-32-1,655,23,89.91907477114287
1714,dummy-llama-30b-m,dummy-lora-7b-rank-32-3,501,57,89.93179072605383
1715,dummy-llama-30b-m,dummy-lora-7b-rank-8-2,61,96,89.99971914465256
1716,dummy-llama-30b-m,dummy-lora-7b-rank-16-0,573,30,90.00879308470377
1717,dummy-llama-30b-m,dummy-lora-7b-rank-32-1,221,121,90.04362543681295
1718,dummy-llama-30b-m,dummy-lora-7b-rank-32-1,749,7,90.15305830500142
1719,dummy-llama-30b-m,dummy-lora-7b-rank-32-3,666,55,90.16872143830764
1720,dummy-llama-30b-m,dummy-lora-7b-rank-128-0,387,39,90.25184464651257
1721,dummy-llama-30b-m,dummy-lora-7b-rank-32-0,256,49,90.32166132995455
1722,dummy-llama-30b-m,dummy-lora-7b-rank-16-1,400,6,90.39479364847428
1723,dummy-llama-30b-m,dummy-lora-7b-rank-64-0,337,53,90.45939596965773
1724,dummy-llama-30b-m,dummy-lora-7b-rank-16-1,171,34,90.5348911344337
1725,dummy-llama-30b-m,dummy-lora-7b-rank-128-0,395,44,90.56246611286322
1726,dummy-llama-30b-m,dummy-lora-7b-rank-64-0,139,19,90.62013328138119
1727,dummy-llama-30b-m,dummy-lora-7b-rank-16-2,488,49,90.665298328266
1728,dummy-llama-30b-m,dummy-lora-7b-rank-128-3,361,48,90.69048530778167
1729,dummy-llama-30b-m,dummy-lora-7b-rank-8-1,415,10,90.72032908261366
1730,dummy-llama-30b-m,dummy-lora-7b-rank-128-2,558,14,90.72897323313934
1731,dummy-llama-30b-m,dummy-lora-7b-rank-64-3,554,20,90.73247509918798
1732,dummy-llama-30b-m,dummy-lora-7b-rank-32-2,352,7,90.80678101472039
1733,dummy-llama-30b-m,dummy-lora-7b-rank-16-1,902,77,90.9467634891026
1734,dummy-llama-30b-m,dummy-lora-7b-rank-64-4,207,47,90.96195564932682
1735,dummy-llama-30b-m,dummy-lora-7b-rank-32-0,215,71,91.05183033795927
1736,dummy-llama-30b-m,dummy-lora-7b-rank-8-0,485,47,91.1717810991112
1737,dummy-llama-30b-m,dummy-lora-7b-rank-8-0,586,36,91.18772112163117
1738,dummy-llama-30b-m,dummy-lora-7b-rank-64-3,110,46,91.21600211400579
1739,dummy-llama-30b-m,dummy-lora-7b-rank-32-3,191,3,91.2200397065545
1740,dummy-llama-30b-m,dummy-lora-7b-rank-16-0,526,52,91.22569171842369
1741,dummy-llama-30b-m,dummy-lora-7b-rank-16-4,308,48,91.306653404745
1742,dummy-llama-30b-m,dummy-lora-7b-rank-32-3,338,11,91.34999040976197
1743,dummy-llama-30b-m,dummy-lora-7b-rank-16-4,280,11,91.35089406891635
1744,dummy-llama-30b-m,dummy-lora-7b-rank-8-2,580,36,91.35707779286024
1745,dummy-llama-30b-m,dummy-lora-7b-rank-128-1,714,17,91.37201985551728
1746,dummy-llama-30b-m,dummy-lora-7b-rank-8-4,652,176,91.39398692488125
1747,dummy-llama-30b-m,dummy-lora-7b-rank-8-0,594,23,91.41150550600062
1748,dummy-llama-30b-m,dummy-lora-7b-rank-32-0,443,11,91.48938906363676
1749,dummy-llama-30b-m,dummy-lora-7b-rank-8-4,713,23,91.51516292765054
1750,dummy-llama-30b-m,dummy-lora-7b-rank-8-3,144,36,91.54574757734959
1751,dummy-llama-30b-m,dummy-lora-7b-rank-128-4,410,11,91.60694806811334
1752,dummy-llama-30b-m,dummy-lora-7b-rank-32-2,417,8,91.80671459442351
1753,dummy-llama-30b-m,dummy-lora-7b-rank-32-2,583,40,91.89239686007868
1754,dummy-llama-30b-m,dummy-lora-7b-rank-64-3,603,19,91.91161892467682
1755,dummy-llama-30b-m,dummy-lora-7b-rank-64-2,279,122,91.92623533128479
1756,dummy-llama-30b-m,dummy-lora-7b-rank-16-0,298,46,91.9477836531303
1757,dummy-llama-30b-m,dummy-lora-7b-rank-16-2,603,13,91.95037191402938
1758,dummy-llama-30b-m,dummy-lora-7b-rank-32-4,570,28,92.03332402176875
1759,dummy-llama-30b-m,dummy-lora-7b-rank-128-2,331,48,92.03890038724458
1760,dummy-llama-30b-m,dummy-lora-7b-rank-64-2,869,16,92.03911320916977
1761,dummy-llama-30b-m,dummy-lora-7b-rank-64-3,605,15,92.04140177834695
1762,dummy-llama-30b-m,dummy-lora-7b-rank-64-2,697,58,92.10093936011717
1763,dummy-llama-30b-m,dummy-lora-7b-rank-128-4,609,20,92.10910169699615
1764,dummy-llama-30b-m,dummy-lora-7b-rank-16-3,383,6,92.12495226951125
1765,dummy-llama-30b-m,dummy-lora-7b-rank-16-3,731,17,92.12658780502704
1766,dummy-llama-30b-m,dummy-lora-7b-rank-32-2,616,31,92.18431771450626
1767,dummy-llama-30b-m,dummy-lora-7b-rank-64-4,560,26,92.20717507381929
1768,dummy-llama-30b-m,dummy-lora-7b-rank-128-1,298,40,92.28777107877258
1769,dummy-llama-30b-m,dummy-lora-7b-rank-32-0,284,40,92.32503784051464
1770,dummy-llama-30b-m,dummy-lora-7b-rank-16-3,439,7,92.34815289030516
1771,dummy-llama-30b-m,dummy-lora-7b-rank-128-4,333,53,92.39063296221939
1772,dummy-llama-30b-m,dummy-lora-7b-rank-8-4,560,24,92.3960985062718
1773,dummy-llama-30b-m,dummy-lora-7b-rank-16-3,350,6,92.40699866973873
1774,dummy-llama-30b-m,dummy-lora-7b-rank-16-3,605,33,92.476808762319
1775,dummy-llama-30b-m,dummy-lora-7b-rank-16-4,361,36,92.49807527042191
1776,dummy-llama-30b-m,dummy-lora-7b-rank-32-0,369,48,92.54243646860407
1777,dummy-llama-30b-m,dummy-lora-7b-rank-16-4,902,60,92.60594934580142
1778,dummy-llama-30b-m,dummy-lora-7b-rank-32-2,475,65,92.7263949412827
1779,dummy-llama-30b-m,dummy-lora-7b-rank-64-4,566,26,92.7354689778786
1780,dummy-llama-30b-m,dummy-lora-7b-rank-32-2,422,59,92.7752364361022
1781,dummy-llama-30b-m,dummy-lora-7b-rank-32-0,852,228,92.84480564491156
1782,dummy-llama-30b-m,dummy-lora-7b-rank-64-4,570,21,92.9707799856739
1783,dummy-llama-30b-m,dummy-lora-7b-rank-32-1,613,22,93.1024953677469
1784,dummy-llama-30b-m,dummy-lora-7b-rank-32-3,667,54,93.12543695938304
1785,dummy-llama-30b-m,dummy-lora-7b-rank-16-0,564,25,93.15583888271719
1786,dummy-llama-30b-m,dummy-lora-7b-rank-16-2,564,25,93.21301818121614
1787,dummy-llama-30b-m,dummy-lora-7b-rank-32-4,574,22,93.21579031527823
1788,dummy-llama-30b-m,dummy-lora-7b-rank-64-1,407,43,93.25496792881701
1789,dummy-llama-30b-m,dummy-lora-7b-rank-32-2,587,25,93.31331181901913
1790,dummy-llama-30b-m,dummy-lora-7b-rank-8-4,164,52,93.40726887379262
1791,dummy-llama-30b-m,dummy-lora-7b-rank-8-1,557,8,93.5360200433345
1792,dummy-llama-30b-m,dummy-lora-7b-rank-128-2,343,38,93.59379752704785
1793,dummy-llama-30b-m,dummy-lora-7b-rank-16-2,411,38,93.64280928016456
1794,dummy-llama-30b-m,dummy-lora-7b-rank-32-4,505,11,93.72360226823628
1795,dummy-llama-30b-m,dummy-lora-7b-rank-128-2,612,15,93.74767045638112
1796,dummy-llama-30b-m,dummy-lora-7b-rank-32-0,456,57,93.77217712880949
1797,dummy-llama-30b-m,dummy-lora-7b-rank-128-1,490,58,93.80894684917831
1798,dummy-llama-30b-m,dummy-lora-7b-rank-32-1,575,46,93.8477050832538
1799,dummy-llama-30b-m,dummy-lora-7b-rank-8-1,81,38,93.89823589789117
1800,dummy-llama-30b-m,dummy-lora-7b-rank-16-2,850,31,93.9319468122386
1801,dummy-llama-30b-m,dummy-lora-7b-rank-16-3,664,32,93.93609509510075
1802,dummy-llama-30b-m,dummy-lora-7b-rank-32-0,462,12,93.94502741935543
1803,dummy-llama-30b-m,dummy-lora-7b-rank-32-4,517,7,93.98905821527833
1804,dummy-llama-30b-m,dummy-lora-7b-rank-128-4,406,147,94.02998738933195
1805,dummy-llama-30b-m,dummy-lora-7b-rank-128-4,284,49,94.03989505864945
1806,dummy-llama-30b-m,dummy-lora-7b-rank-8-3,550,18,94.11599291006007
1807,dummy-llama-30b-m,dummy-lora-7b-rank-128-3,94,37,94.11652303101492
1808,dummy-llama-30b-m,dummy-lora-7b-rank-64-4,975,38,94.15381183323757
1809,dummy-llama-30b-m,dummy-lora-7b-rank-8-3,792,10,94.17463243365289
1810,dummy-llama-30b-m,dummy-lora-7b-rank-8-1,537,50,94.20933895852293
1811,dummy-llama-30b-m,dummy-lora-7b-rank-32-4,556,22,94.22854238543282
1812,dummy-llama-30b-m,dummy-lora-7b-rank-32-4,548,9,94.25119990298434
1813,dummy-llama-30b-m,dummy-lora-7b-rank-8-2,967,3,94.25507206804414
1814,dummy-llama-30b-m,dummy-lora-7b-rank-8-2,562,26,94.2627782020999
1815,dummy-llama-30b-m,dummy-lora-7b-rank-8-3,80,37,94.50651357542287
1816,dummy-llama-30b-m,dummy-lora-7b-rank-128-0,382,11,94.54097219327767
1817,dummy-llama-30b-m,dummy-lora-7b-rank-64-0,824,77,94.5414338591655
1818,dummy-llama-30b-m,dummy-lora-7b-rank-32-2,441,44,94.60910398967006
1819,dummy-llama-30b-m,dummy-lora-7b-rank-16-2,783,61,94.66956741574825
1820,dummy-llama-30b-m,dummy-lora-7b-rank-32-0,383,6,94.70717598136969
1821,dummy-llama-30b-m,dummy-lora-7b-rank-32-3,568,10,94.83046513663574
1822,dummy-llama-30b-m,dummy-lora-7b-rank-32-0,499,9,94.98516346964594
1823,dummy-llama-30b-m,dummy-lora-7b-rank-128-2,362,12,94.99847564306091
1824,dummy-llama-30b-m,dummy-lora-7b-rank-16-4,546,16,95.00104309701015
1825,dummy-llama-30b-m,dummy-lora-7b-rank-16-3,341,54,95.07816217784931
1826,dummy-llama-30b-m,dummy-lora-7b-rank-32-0,556,23,95.09086189029946
1827,dummy-llama-30b-m,dummy-lora-7b-rank-64-3,394,44,95.14923020218397
1828,dummy-llama-30b-m,dummy-lora-7b-rank-16-2,980,3,95.20651491341071
1829,dummy-llama-30b-m,dummy-lora-7b-rank-16-0,543,16,95.23224215054816
1830,dummy-llama-30b-m,dummy-lora-7b-rank-16-2,582,17,95.4843530401667
1831,dummy-llama-30b-m,dummy-lora-7b-rank-16-3,609,50,95.49566801589667
1832,dummy-llama-30b-m,dummy-lora-7b-rank-128-4,358,41,95.50555476132092
1833,dummy-llama-30b-m,dummy-lora-7b-rank-16-3,593,37,95.58519896476321
1834,dummy-llama-30b-m,dummy-lora-7b-rank-16-3,609,22,95.6032944965238
1835,dummy-llama-30b-m,dummy-lora-7b-rank-8-1,548,20,95.63374847929542
1836,dummy-llama-30b-m,dummy-lora-7b-rank-16-2,259,51,95.66023889614077
1837,dummy-llama-30b-m,dummy-lora-7b-rank-128-3,56,64,95.67930028081625
1838,dummy-llama-30b-m,dummy-lora-7b-rank-128-3,556,13,95.70218057795373
1839,dummy-llama-30b-m,dummy-lora-7b-rank-32-3,560,15,95.72221998552934
1840,dummy-llama-30b-m,dummy-lora-7b-rank-64-0,51,45,95.78036491814849
1841,dummy-llama-30b-m,dummy-lora-7b-rank-16-0,1019,47,95.82065135728777
1842,dummy-llama-30b-m,dummy-lora-7b-rank-64-3,958,16,95.8641036539386
1843,dummy-llama-30b-m,dummy-lora-7b-rank-64-2,127,19,96.0161337743974
1844,dummy-llama-30b-m,dummy-lora-7b-rank-128-4,548,17,96.03115650842088
1845,dummy-llama-30b-m,dummy-lora-7b-rank-8-4,399,8,96.07253054449599
1846,dummy-llama-30b-m,dummy-lora-7b-rank-8-1,609,28,96.07968501282363
1847,dummy-llama-30b-m,dummy-lora-7b-rank-128-1,420,52,96.14472758308706
1848,dummy-llama-30b-m,dummy-lora-7b-rank-16-4,645,5,96.24626796183173
1849,dummy-llama-30b-m,dummy-lora-7b-rank-8-1,299,52,96.31533328867945
1850,dummy-llama-30b-m,dummy-lora-7b-rank-8-3,603,19,96.3978869068964
1851,dummy-llama-30b-m,dummy-lora-7b-rank-8-0,568,30,96.40572320387555
1852,dummy-llama-30b-m,dummy-lora-7b-rank-32-3,586,40,96.42717630552576
1853,dummy-llama-30b-m,dummy-lora-7b-rank-32-1,328,4,96.45901951907544
1854,dummy-llama-30b-m,dummy-lora-7b-rank-8-1,396,57,96.48040997069376
1855,dummy-llama-30b-m,dummy-lora-7b-rank-64-0,564,27,96.48306477957121
1856,dummy-llama-30b-m,dummy-lora-7b-rank-8-2,594,77,96.5086665876767
1857,dummy-llama-30b-m,dummy-lora-7b-rank-16-1,617,22,96.50953525277554
1858,dummy-llama-30b-m,dummy-lora-7b-rank-8-4,548,9,96.52006193670245
1859,dummy-llama-30b-m,dummy-lora-7b-rank-128-3,728,105,96.53141045535463
1860,dummy-llama-30b-m,dummy-lora-7b-rank-16-3,562,10,96.60681980406787
1861,dummy-llama-30b-m,dummy-lora-7b-rank-128-2,601,18,96.6403920757737
1862,dummy-llama-30b-m,dummy-lora-7b-rank-16-1,541,56,96.65194130658611
1863,dummy-llama-30b-m,dummy-lora-7b-rank-32-0,637,5,96.71819277553354
1864,dummy-llama-30b-m,dummy-lora-7b-rank-8-0,473,8,96.75790759729303
1865,dummy-llama-30b-m,dummy-lora-7b-rank-16-0,495,49,96.81735466652728
1866,dummy-llama-30b-m,dummy-lora-7b-rank-64-2,1010,78,96.85967740314214
1867,dummy-llama-30b-m,dummy-lora-7b-rank-128-3,389,49,96.88120958224339
1868,dummy-llama-30b-m,dummy-lora-7b-rank-8-2,474,78,96.98382469607853
1869,dummy-llama-30b-m,dummy-lora-7b-rank-8-3,623,53,97.01822211576386
1870,dummy-llama-30b-m,dummy-lora-7b-rank-32-1,603,16,97.03760775070295
1871,dummy-llama-30b-m,dummy-lora-7b-rank-128-1,501,11,97.1098845259088
1872,dummy-llama-30b-m,dummy-lora-7b-rank-128-4,605,20,97.12552788873728
1873,dummy-llama-30b-m,dummy-lora-7b-rank-64-2,535,11,97.15296590304176
1874,dummy-llama-30b-m,dummy-lora-7b-rank-8-4,599,25,97.15849554638125
1875,dummy-llama-30b-m,dummy-lora-7b-rank-8-4,458,15,97.20520872942625
1876,dummy-llama-30b-m,dummy-lora-7b-rank-32-0,472,57,97.24668912439796
1877,dummy-llama-30b-m,dummy-lora-7b-rank-32-1,361,70,97.41871965543443
1878,dummy-llama-30b-m,dummy-lora-7b-rank-8-2,653,67,97.42071385928764
1879,dummy-llama-30b-m,dummy-lora-7b-rank-16-2,402,6,97.53608870437014
1880,dummy-llama-30b-m,dummy-lora-7b-rank-16-1,140,56,97.67494964054599
1881,dummy-llama-30b-m,dummy-lora-7b-rank-64-2,529,223,97.68923946928281
1882,dummy-llama-30b-m,dummy-lora-7b-rank-8-0,594,19,97.73031262940522
1883,dummy-llama-30b-m,dummy-lora-7b-rank-16-3,806,3,97.83313856525297
1884,dummy-llama-30b-m,dummy-lora-7b-rank-32-4,366,57,97.90331943852463
1885,dummy-llama-30b-m,dummy-lora-7b-rank-8-4,1023,13,98.00810593484103
1886,dummy-llama-30b-m,dummy-lora-7b-rank-32-3,236,4,98.07310757440047
1887,dummy-llama-30b-m,dummy-lora-7b-rank-32-3,291,10,98.07826410763028
1888,dummy-llama-30b-m,dummy-lora-7b-rank-64-0,469,63,98.24771232137651
1889,dummy-llama-30b-m,dummy-lora-7b-rank-32-4,165,49,98.35469785830949
1890,dummy-llama-30b-m,dummy-lora-7b-rank-128-4,414,67,98.38162283579754
1891,dummy-llama-30b-m,dummy-lora-7b-rank-16-3,691,45,98.4038507636504
1892,dummy-llama-30b-m,dummy-lora-7b-rank-64-1,940,66,98.42682442643107
1893,dummy-llama-30b-m,dummy-lora-7b-rank-8-3,501,53,98.46700076594112
1894,dummy-llama-30b-m,dummy-lora-7b-rank-8-4,407,142,98.59201127882272
1895,dummy-llama-30b-m,dummy-lora-7b-rank-128-4,249,52,98.61821996591675
1896,dummy-llama-30b-m,dummy-lora-7b-rank-16-4,354,162,98.67663033356105
1897,dummy-llama-30b-m,dummy-lora-7b-rank-128-2,395,34,98.90235489267494
1898,dummy-llama-30b-m,dummy-lora-7b-rank-64-3,568,27,99.0068927410392
1899,dummy-llama-30b-m,dummy-lora-7b-rank-16-3,273,57,99.02081779439095
1900,dummy-llama-30b-m,dummy-lora-7b-rank-64-4,605,27,99.054179825425
1901,dummy-llama-30b-m,dummy-lora-7b-rank-64-1,490,55,99.13230096000869
1902,dummy-llama-30b-m,dummy-lora-7b-rank-16-2,846,51,99.17848459129846
1903,dummy-llama-30b-m,dummy-lora-7b-rank-8-2,524,54,99.19527134260257
1904,dummy-llama-30b-m,dummy-lora-7b-rank-16-0,428,155,99.19601775936756
1905,dummy-llama-30b-m,dummy-lora-7b-rank-8-0,558,24,99.32372462678312
1906,dummy-llama-30b-m,dummy-lora-7b-rank-16-1,623,67,99.37501488769372
1907,dummy-llama-30b-m,dummy-lora-7b-rank-8-0,598,40,99.37739204624104
1908,dummy-llama-30b-m,dummy-lora-7b-rank-8-1,62,98,99.49460013939795
1909,dummy-llama-30b-m,dummy-lora-7b-rank-16-0,554,39,99.5904324185195
1910,dummy-llama-30b-m,dummy-lora-7b-rank-32-3,365,80,99.61067834452948
1911,dummy-llama-30b-m,dummy-lora-7b-rank-8-1,439,41,99.69245674269936
1912,dummy-llama-30b-m,dummy-lora-7b-rank-32-2,146,48,99.8228324341432
1913,dummy-llama-30b-m,dummy-lora-7b-rank-16-2,646,59,99.90011660610759
1914,dummy-llama-30b-m,dummy-lora-7b-rank-128-2,257,66,100.01490540253884
1915,dummy-llama-30b-m,dummy-lora-7b-rank-8-1,558,22,100.03105227733266
1916,dummy-llama-30b-m,dummy-lora-7b-rank-16-2,500,39,100.21980834274413
1917,dummy-llama-30b-m,dummy-lora-7b-rank-16-3,406,79,100.30333267875304
1918,dummy-llama-30b-m,dummy-lora-7b-rank-128-1,548,17,100.34381877060292
1919,dummy-llama-30b-m,dummy-lora-7b-rank-32-4,586,25,100.37797425819582
1920,dummy-llama-30b-m,dummy-lora-7b-rank-128-4,580,16,100.5349259042381
1921,dummy-llama-30b-m,dummy-lora-7b-rank-64-3,562,22,100.5471634192695
1922,dummy-llama-30b-m,dummy-lora-7b-rank-32-3,476,12,100.58780911907947
1923,dummy-llama-30b-m,dummy-lora-7b-rank-16-4,229,45,100.63784598327398
1924,dummy-llama-30b-m,dummy-lora-7b-rank-16-3,446,65,100.73536454114726
1925,dummy-llama-30b-m,dummy-lora-7b-rank-64-1,668,3,100.96522642078227
1926,dummy-llama-30b-m,dummy-lora-7b-rank-8-1,479,13,101.03966015587662
1927,dummy-llama-30b-m,dummy-lora-7b-rank-128-4,693,53,101.05490131238648
1928,dummy-llama-30b-m,dummy-lora-7b-rank-128-4,601,16,101.10834235833255
1929,dummy-llama-30b-m,dummy-lora-7b-rank-16-3,490,43,101.11050176676511
1930,dummy-llama-30b-m,dummy-lora-7b-rank-128-0,617,67,101.14932550722753
1931,dummy-llama-30b-m,dummy-lora-7b-rank-128-2,303,6,101.39015515592259
1932,dummy-llama-30b-m,dummy-lora-7b-rank-128-2,344,5,101.39928087321182
1933,dummy-llama-30b-m,dummy-lora-7b-rank-8-0,240,56,101.42339059747353
1934,dummy-llama-30b-m,dummy-lora-7b-rank-16-3,372,50,101.42437961963239
1935,dummy-llama-30b-m,dummy-lora-7b-rank-64-4,641,40,101.46402880308936
1936,dummy-llama-30b-m,dummy-lora-7b-rank-64-4,556,21,101.4892550132793
1937,dummy-llama-30b-m,dummy-lora-7b-rank-32-2,580,17,101.50466362963336
1938,dummy-llama-30b-m,dummy-lora-7b-rank-64-2,304,90,101.51856731509478
1939,dummy-llama-30b-m,dummy-lora-7b-rank-32-2,548,17,101.73799788197705
1940,dummy-llama-30b-m,dummy-lora-7b-rank-32-4,199,3,101.75953756331833
1941,dummy-llama-30b-m,dummy-lora-7b-rank-16-3,476,48,101.78154972924654
1942,dummy-llama-30b-m,dummy-lora-7b-rank-8-0,519,14,101.78627140932696
1943,dummy-llama-30b-m,dummy-lora-7b-rank-8-3,615,42,101.87315096449663
1944,dummy-llama-30b-m,dummy-lora-7b-rank-128-4,625,10,101.99835821011544
1945,dummy-llama-30b-m,dummy-lora-7b-rank-16-4,534,37,102.0043451773945
1946,dummy-llama-30b-m,dummy-lora-7b-rank-8-3,739,23,102.25451808052871
1947,dummy-llama-30b-m,dummy-lora-7b-rank-32-1,188,45,102.302667283707
1948,dummy-llama-30b-m,dummy-lora-7b-rank-128-3,605,3,102.37353362352836
1949,dummy-llama-30b-m,dummy-lora-7b-rank-64-0,689,8,102.38815100721416
1950,dummy-llama-30b-m,dummy-lora-7b-rank-128-4,421,46,102.40943985935998
1951,dummy-llama-30b-m,dummy-lora-7b-rank-64-4,469,43,102.46651545515624
1952,dummy-llama-30b-m,dummy-lora-7b-rank-8-0,570,30,102.4820978723385
1953,dummy-llama-30b-m,dummy-lora-7b-rank-8-1,465,50,102.66827314150102
1954,dummy-llama-30b-m,dummy-lora-7b-rank-32-4,556,21,102.88802777263274
1955,dummy-llama-30b-m,dummy-lora-7b-rank-8-1,554,20,102.94535865300085
1956,dummy-llama-30b-m,dummy-lora-7b-rank-32-0,568,27,103.05762853733029
1957,dummy-llama-30b-m,dummy-lora-7b-rank-16-3,781,64,103.16268909904558
1958,dummy-llama-30b-m,dummy-lora-7b-rank-32-2,602,44,103.16560234069995
1959,dummy-llama-30b-m,dummy-lora-7b-rank-16-2,689,101,103.34015867698686
1960,dummy-llama-30b-m,dummy-lora-7b-rank-64-1,121,32,103.38231894031857
1961,dummy-llama-30b-m,dummy-lora-7b-rank-16-3,541,50,103.39191416999009
1962,dummy-llama-30b-m,dummy-lora-7b-rank-64-4,154,41,103.40126766418807
1963,dummy-llama-30b-m,dummy-lora-7b-rank-64-1,172,33,103.59096068478732
1964,dummy-llama-30b-m,dummy-lora-7b-rank-16-3,276,56,103.6121065456103
1965,dummy-llama-30b-m,dummy-lora-7b-rank-16-3,428,53,103.68240055316846
1966,dummy-llama-30b-m,dummy-lora-7b-rank-128-1,584,35,104.05147224190274
1967,dummy-llama-30b-m,dummy-lora-7b-rank-64-0,288,6,104.21499946014121
1968,dummy-llama-30b-m,dummy-lora-7b-rank-128-1,652,15,104.24152609543626
1969,dummy-llama-30b-m,dummy-lora-7b-rank-16-0,431,13,104.29255713428705
1970,dummy-llama-30b-m,dummy-lora-7b-rank-16-1,251,66,104.32237405112599
1971,dummy-llama-30b-m,dummy-lora-7b-rank-128-3,625,32,104.336012926179
1972,dummy-llama-30b-m,dummy-lora-7b-rank-16-0,566,11,104.39799399489758
1973,dummy-llama-30b-m,dummy-lora-7b-rank-16-4,852,6,104.41099099986542
1974,dummy-llama-30b-m,dummy-lora-7b-rank-8-4,236,207,104.41813319194893
1975,dummy-llama-30b-m,dummy-lora-7b-rank-8-2,688,9,104.48354634616702
1976,dummy-llama-30b-m,dummy-lora-7b-rank-32-1,556,23,104.5585998485785
1977,dummy-llama-30b-m,dummy-lora-7b-rank-16-0,550,17,104.63806927195961
1978,dummy-llama-30b-m,dummy-lora-7b-rank-32-0,358,49,104.64002959795381
1979,dummy-llama-30b-m,dummy-lora-7b-rank-64-3,353,46,104.69878885719744
1980,dummy-llama-30b-m,dummy-lora-7b-rank-16-3,548,17,104.71857112516788
1981,dummy-llama-30b-m,dummy-lora-7b-rank-64-3,566,28,104.76009963427363
1982,dummy-llama-30b-m,dummy-lora-7b-rank-16-2,327,45,104.7762387273258
1983,dummy-llama-30b-m,dummy-lora-7b-rank-64-4,554,19,104.78339734891102
1984,dummy-llama-30b-m,dummy-lora-7b-rank-128-3,367,54,104.86318858791986
1985,dummy-llama-30b-m,dummy-lora-7b-rank-16-2,235,48,104.93538757066425
1986,dummy-llama-30b-m,dummy-lora-7b-rank-32-2,550,18,104.99755653883413
1987,dummy-llama-30b-m,dummy-lora-7b-rank-8-1,463,214,105.00548889168404
1988,dummy-llama-30b-m,dummy-lora-7b-rank-8-0,81,43,105.0634981304261
1989,dummy-llama-30b-m,dummy-lora-7b-rank-16-3,556,18,105.08697211244417
1990,dummy-llama-30b-m,dummy-lora-7b-rank-128-4,592,39,105.14201039622702
1991,dummy-llama-30b-m,dummy-lora-7b-rank-64-2,667,35,105.16150449219425
1992,dummy-llama-30b-m,dummy-lora-7b-rank-128-1,599,17,105.18303308818255
1993,dummy-llama-30b-m,dummy-lora-7b-rank-64-4,552,19,105.23669010089623
1994,dummy-llama-30b-m,dummy-lora-7b-rank-16-0,53,57,105.27164990389892
1995,dummy-llama-30b-m,dummy-lora-7b-rank-32-3,102,2,105.33218236566218
1996,dummy-llama-30b-m,dummy-lora-7b-rank-64-1,407,55,105.52680523433669
1997,dummy-llama-30b-m,dummy-lora-7b-rank-32-4,722,81,105.53337342372518
1998,dummy-llama-30b-m,dummy-lora-7b-rank-8-1,541,6,105.537846899266
1999,dummy-llama-30b-m,dummy-lora-7b-rank-128-4,438,11,105.61216423341898
2000,dummy-llama-30b-m,dummy-lora-7b-rank-16-1,550,18,105.65448861999522
2001,dummy-llama-30b-m,dummy-lora-7b-rank-32-0,157,60,105.76645871132689
2002,dummy-llama-30b-m,dummy-lora-7b-rank-16-1,906,79,105.87879457760437
2003,dummy-llama-30b-m,dummy-lora-7b-rank-128-1,615,94,105.92372037730863
2004,dummy-llama-30b-m,dummy-lora-7b-rank-32-2,776,49,105.97442384756917
2005,dummy-llama-30b-m,dummy-lora-7b-rank-64-0,557,50,106.02808467795445
2006,dummy-llama-30b-m,dummy-lora-7b-rank-32-0,609,20,106.10810395084326
2007,dummy-llama-30b-m,dummy-lora-7b-rank-16-1,120,45,106.15202842484247
2008,dummy-llama-30b-m,dummy-lora-7b-rank-64-2,616,3,106.21176004450874
2009,dummy-llama-30b-m,dummy-lora-7b-rank-64-1,233,57,106.22141613335452
2010,dummy-llama-30b-m,dummy-lora-7b-rank-128-1,957,107,106.27380032944669
2011,dummy-llama-30b-m,dummy-lora-7b-rank-128-1,558,14,106.31211981076802
2012,dummy-llama-30b-m,dummy-lora-7b-rank-8-1,488,106,106.34136813988295
2013,dummy-llama-30b-m,dummy-lora-7b-rank-8-4,206,52,106.37086339823831
2014,dummy-llama-30b-m,dummy-lora-7b-rank-8-4,367,7,106.37100584598352
2015,dummy-llama-30b-m,dummy-lora-7b-rank-16-4,327,9,106.47635314137939
2016,dummy-llama-30b-m,dummy-lora-7b-rank-16-0,455,76,106.5042597905008
2017,dummy-llama-30b-m,dummy-lora-7b-rank-16-1,554,21,106.52501618871919
2018,dummy-llama-30b-m,dummy-lora-7b-rank-8-3,396,58,106.6007124363663
2019,dummy-llama-30b-m,dummy-lora-7b-rank-32-2,118,19,106.66450699955578
2020,dummy-llama-30b-m,dummy-lora-7b-rank-64-3,438,11,106.68012893874494
2021,dummy-llama-30b-m,dummy-lora-7b-rank-64-3,590,42,106.71583975978717
2022,dummy-llama-30b-m,dummy-lora-7b-rank-16-1,611,129,106.75533423474107
2023,dummy-llama-30b-m,dummy-lora-7b-rank-8-1,589,8,106.87783074356086
2024,dummy-llama-30b-m,dummy-lora-7b-rank-16-4,295,49,106.90895361081456
2025,dummy-llama-30b-m,dummy-lora-7b-rank-64-2,556,51,106.97482935833673
2026,dummy-llama-30b-m,dummy-lora-7b-rank-32-3,550,18,106.98277741037953
2027,dummy-llama-30b-m,dummy-lora-7b-rank-128-4,557,10,107.00418892887156
2028,dummy-llama-30b-m,dummy-lora-7b-rank-16-4,893,115,107.04958740638924
2029,dummy-llama-30b-m,dummy-lora-7b-rank-32-1,291,39,107.06010510436157
2030,dummy-llama-30b-m,dummy-lora-7b-rank-16-0,845,89,107.18021964944646
2031,dummy-llama-30b-m,dummy-lora-7b-rank-32-1,442,16,107.25471504257817
2032,dummy-llama-30b-m,dummy-lora-7b-rank-32-4,903,51,107.34819964677315
2033,dummy-llama-30b-m,dummy-lora-7b-rank-32-3,618,23,107.3652572235071
2034,dummy-llama-30b-m,dummy-lora-7b-rank-32-1,613,56,107.37501538222325
2035,dummy-llama-30b-m,dummy-lora-7b-rank-32-3,461,7,107.44387968741394
2036,dummy-llama-30b-m,dummy-lora-7b-rank-128-1,556,24,107.4962851780804
2037,dummy-llama-30b-m,dummy-lora-7b-rank-16-0,611,20,107.54599901514985
2038,dummy-llama-30b-m,dummy-lora-7b-rank-128-4,191,3,107.8152162094121
2039,dummy-llama-30b-m,dummy-lora-7b-rank-128-3,409,45,107.8403071469687
2040,dummy-llama-30b-m,dummy-lora-7b-rank-8-3,575,52,107.96806502540362
2041,dummy-llama-30b-m,dummy-lora-7b-rank-8-2,647,104,108.01753410035379
2042,dummy-llama-30b-m,dummy-lora-7b-rank-16-1,434,44,108.0437416206855
2043,dummy-llama-30b-m,dummy-lora-7b-rank-128-0,504,47,108.13444716962914
2044,dummy-llama-30b-m,dummy-lora-7b-rank-128-0,563,24,108.28401287093077
2045,dummy-llama-30b-m,dummy-lora-7b-rank-8-4,550,2,108.32069037888338
2046,dummy-llama-30b-m,dummy-lora-7b-rank-8-1,566,29,108.34132313974936
2047,dummy-llama-30b-m,dummy-lora-7b-rank-128-1,654,63,108.41419427558745
2048,dummy-llama-30b-m,dummy-lora-7b-rank-16-0,723,14,108.43603043907581
2049,dummy-llama-30b-m,dummy-lora-7b-rank-8-2,548,17,108.48804454389888
2050,dummy-llama-30b-m,dummy-lora-7b-rank-16-2,403,21,108.66574476254956
2051,dummy-llama-30b-m,dummy-lora-7b-rank-128-3,841,16,108.72992044414116
2052,dummy-llama-30b-m,dummy-lora-7b-rank-128-4,554,20,108.74143161508678
2053,dummy-llama-30b-m,dummy-lora-7b-rank-128-2,331,47,108.74429652094258
2054,dummy-llama-30b-m,dummy-lora-7b-rank-64-0,553,50,108.75654928552548
2055,dummy-llama-30b-m,dummy-lora-7b-rank-64-4,666,21,108.78240649632706
2056,dummy-llama-30b-m,dummy-lora-7b-rank-128-4,558,22,108.81879982047732
2057,dummy-llama-30b-m,dummy-lora-7b-rank-32-3,584,18,109.14405482925987
2058,dummy-llama-30b-m,dummy-lora-7b-rank-128-0,280,8,109.15724745846659
2059,dummy-llama-30b-m,dummy-lora-7b-rank-16-4,556,22,109.31177452711397
2060,dummy-llama-30b-m,dummy-lora-7b-rank-32-2,508,198,109.3228647636114
2061,dummy-llama-30b-m,dummy-lora-7b-rank-32-4,919,39,109.34592266236935
2062,dummy-llama-30b-m,dummy-lora-7b-rank-128-0,955,89,109.46404919994369
2063,dummy-llama-30b-m,dummy-lora-7b-rank-32-4,333,71,109.47333845015056
2064,dummy-llama-30b-m,dummy-lora-7b-rank-64-0,548,17,109.5061985812214
2065,dummy-llama-30b-m,dummy-lora-7b-rank-8-1,84,40,109.65031614262628
2066,dummy-llama-30b-m,dummy-lora-7b-rank-16-3,379,141,109.78803934706586
2067,dummy-llama-30b-m,dummy-lora-7b-rank-8-1,294,48,109.80698144114109
2068,dummy-llama-30b-m,dummy-lora-7b-rank-32-4,524,17,109.88711252083394
2069,dummy-llama-30b-m,dummy-lora-7b-rank-8-1,574,25,109.88844962545656
2070,dummy-llama-30b-m,dummy-lora-7b-rank-128-4,339,177,109.88911814336488
2071,dummy-llama-30b-m,dummy-lora-7b-rank-64-1,120,71,110.02491534122444
2072,dummy-llama-30b-m,dummy-lora-7b-rank-8-0,570,31,110.04073571396572
2073,dummy-llama-30b-m,dummy-lora-7b-rank-8-2,140,56,110.04158702298824
2074,dummy-llama-30b-m,dummy-lora-7b-rank-64-1,991,113,110.06190613596155
2075,dummy-llama-30b-m,dummy-lora-7b-rank-16-3,313,60,110.07576742686982
2076,dummy-llama-30b-m,dummy-lora-7b-rank-16-2,290,63,110.09792801995617
2077,dummy-llama-30b-m,dummy-lora-7b-rank-16-1,432,4,110.11552617435068
2078,dummy-llama-30b-m,dummy-lora-7b-rank-8-4,546,8,110.23799207794278
2079,dummy-llama-30b-m,dummy-lora-7b-rank-128-0,436,14,110.26094798388351
2080,dummy-llama-30b-m,dummy-lora-7b-rank-64-0,443,41,110.28050185431968
2081,dummy-llama-30b-m,dummy-lora-7b-rank-128-2,297,11,110.40617261873241
2082,dummy-llama-30b-m,dummy-lora-7b-rank-64-2,342,146,110.45920330450318
2083,dummy-llama-30b-m,dummy-lora-7b-rank-64-3,890,27,110.50123458597969
2084,dummy-llama-30b-m,dummy-lora-7b-rank-8-0,248,48,110.52468514356985
2085,dummy-llama-30b-m,dummy-lora-7b-rank-8-0,568,29,110.66201598407885
2086,dummy-llama-30b-m,dummy-lora-7b-rank-16-2,550,10,110.72710846150102
2087,dummy-llama-30b-m,dummy-lora-7b-rank-16-0,552,19,110.80670506859899
2088,dummy-llama-30b-m,dummy-lora-7b-rank-8-2,420,53,110.8310301273259
2089,dummy-llama-30b-m,dummy-lora-7b-rank-16-3,607,23,110.92170325515633
2090,dummy-llama-30b-m,dummy-lora-7b-rank-64-4,464,49,110.9447195966497
2091,dummy-llama-30b-m,dummy-lora-7b-rank-64-0,555,52,110.95208470277787
2092,dummy-llama-30b-m,dummy-lora-7b-rank-64-4,560,23,111.04293499119007
2093,dummy-llama-30b-m,dummy-lora-7b-rank-8-0,617,23,111.05982634712107
2094,dummy-llama-30b-m,dummy-lora-7b-rank-16-0,516,42,111.15015988691307
2095,dummy-llama-30b-m,dummy-lora-7b-rank-8-1,554,20,111.26764557887532
2096,dummy-llama-30b-m,dummy-lora-7b-rank-128-3,534,6,111.28339301136856
2097,dummy-llama-30b-m,dummy-lora-7b-rank-32-2,619,26,111.42392037335568
2098,dummy-llama-30b-m,dummy-lora-7b-rank-64-1,355,52,111.45486888777475
2099,dummy-llama-30b-m,dummy-lora-7b-rank-128-1,629,53,111.51496365912429
2100,dummy-llama-30b-m,dummy-lora-7b-rank-128-4,546,16,111.57102490552623
2101,dummy-llama-30b-m,dummy-lora-7b-rank-128-2,281,67,111.57341630286608
2102,dummy-llama-30b-m,dummy-lora-7b-rank-32-1,302,51,111.60222396485614
2103,dummy-llama-30b-m,dummy-lora-7b-rank-128-2,623,32,111.67772849850135
2104,dummy-llama-30b-m,dummy-lora-7b-rank-32-4,97,50,111.74732554396573
2105,dummy-llama-30b-m,dummy-lora-7b-rank-8-3,446,50,111.83867450172731
2106,dummy-llama-30b-m,dummy-lora-7b-rank-32-2,560,25,111.88735708457146
2107,dummy-llama-30b-m,dummy-lora-7b-rank-64-2,133,109,111.97324521476725
2108,dummy-llama-30b-m,dummy-lora-7b-rank-32-3,322,11,112.00469572447403
2109,dummy-llama-30b-m,dummy-lora-7b-rank-16-2,562,24,112.03378254190565
2110,dummy-llama-30b-m,dummy-lora-7b-rank-128-1,564,87,112.08071056687324
2111,dummy-llama-30b-m,dummy-lora-7b-rank-8-4,474,16,112.10139878568745
2112,dummy-llama-30b-m,dummy-lora-7b-rank-64-2,115,39,112.11946643963361
2113,dummy-llama-30b-m,dummy-lora-7b-rank-32-3,325,122,112.18433904433032
2114,dummy-llama-30b-m,dummy-lora-7b-rank-32-0,324,9,112.20415700431333
2115,dummy-llama-30b-m,dummy-lora-7b-rank-32-1,829,13,112.2087403217171
2116,dummy-llama-30b-m,dummy-lora-7b-rank-16-1,613,21,112.21729255094304
2117,dummy-llama-30b-m,dummy-lora-7b-rank-32-0,574,45,112.24353218934178
2118,dummy-llama-30b-m,dummy-lora-7b-rank-64-2,112,101,112.26664958503589
2119,dummy-llama-30b-m,dummy-lora-7b-rank-16-2,712,26,112.45494574498939
2120,dummy-llama-30b-m,dummy-lora-7b-rank-32-4,868,40,112.66026565620358
2121,dummy-llama-30b-m,dummy-lora-7b-rank-32-0,403,52,112.66403730977882
2122,dummy-llama-30b-m,dummy-lora-7b-rank-8-0,604,28,112.67487125670567
2123,dummy-llama-30b-m,dummy-lora-7b-rank-32-3,210,10,112.67859287628102
2124,dummy-llama-30b-m,dummy-lora-7b-rank-128-1,398,70,112.70147061593545
2125,dummy-llama-30b-m,dummy-lora-7b-rank-32-2,562,24,112.7632955191532
2126,dummy-llama-30b-m,dummy-lora-7b-rank-8-3,435,54,112.79752358537421
2127,dummy-llama-30b-m,dummy-lora-7b-rank-64-1,609,36,112.85647490938027
2128,dummy-llama-30b-m,dummy-lora-7b-rank-128-4,804,55,112.8659016958989
2129,dummy-llama-30b-m,dummy-lora-7b-rank-64-3,637,8,112.87097464079129
2130,dummy-llama-30b-m,dummy-lora-7b-rank-32-0,382,7,112.89972625436882
2131,dummy-llama-30b-m,dummy-lora-7b-rank-32-4,489,57,112.96149511205961
2132,dummy-llama-30b-m,dummy-lora-7b-rank-16-1,366,53,113.01434853296509
2133,dummy-llama-30b-m,dummy-lora-7b-rank-64-1,378,40,113.06307850579486
2134,dummy-llama-30b-m,dummy-lora-7b-rank-8-0,89,47,113.09135343026226
2135,dummy-llama-30b-m,dummy-lora-7b-rank-16-1,640,79,113.10188430154129
2136,dummy-llama-30b-m,dummy-lora-7b-rank-8-0,754,10,113.18443892884764
2137,dummy-llama-30b-m,dummy-lora-7b-rank-64-0,322,78,113.18977238162753
2138,dummy-llama-30b-m,dummy-lora-7b-rank-32-3,624,46,113.25912573598778
2139,dummy-llama-30b-m,dummy-lora-7b-rank-128-1,286,200,113.2779938404678
2140,dummy-llama-30b-m,dummy-lora-7b-rank-64-0,252,122,113.29927498638004
2141,dummy-llama-30b-m,dummy-lora-7b-rank-32-3,359,47,113.32277755158375
2142,dummy-llama-30b-m,dummy-lora-7b-rank-8-0,380,51,113.45900104617053
2143,dummy-llama-30b-m,dummy-lora-7b-rank-16-0,536,48,113.58089350157394
2144,dummy-llama-30b-m,dummy-lora-7b-rank-16-3,550,18,113.73654713489715
2145,dummy-llama-30b-m,dummy-lora-7b-rank-64-3,506,52,113.78124470618144
2146,dummy-llama-30b-m,dummy-lora-7b-rank-16-3,576,34,113.86114480381565
2147,dummy-llama-30b-m,dummy-lora-7b-rank-16-0,499,43,113.8697218812592
2148,dummy-llama-30b-m,dummy-lora-7b-rank-8-0,607,8,113.93659580474376
2149,dummy-llama-30b-m,dummy-lora-7b-rank-64-4,508,12,113.97321065482778
2150,dummy-llama-30b-m,dummy-lora-7b-rank-128-4,490,37,113.98656974436952
2151,dummy-llama-30b-m,dummy-lora-7b-rank-64-1,314,161,114.09393565520926
2152,dummy-llama-30b-m,dummy-lora-7b-rank-64-0,619,24,114.29045847451795
2153,dummy-llama-30b-m,dummy-lora-7b-rank-16-0,358,24,114.29419400614782
2154,dummy-llama-30b-m,dummy-lora-7b-rank-32-1,557,18,114.37327161891255
2155,dummy-llama-30b-m,dummy-lora-7b-rank-128-4,615,25,114.39519120633163
2156,dummy-llama-30b-m,dummy-lora-7b-rank-8-3,764,50,114.42744073885315
2157,dummy-llama-30b-m,dummy-lora-7b-rank-128-4,248,42,114.46725866504433
2158,dummy-llama-30b-m,dummy-lora-7b-rank-128-4,436,48,114.49711261881922
2159,dummy-llama-30b-m,dummy-lora-7b-rank-64-2,736,29,114.51678185823049
2160,dummy-llama-30b-m,dummy-lora-7b-rank-128-2,815,3,114.53976673161515
2161,dummy-llama-30b-m,dummy-lora-7b-rank-16-4,858,13,114.58403850987317
2162,dummy-llama-30b-m,dummy-lora-7b-rank-64-0,539,59,114.60854708532958
2163,dummy-llama-30b-m,dummy-lora-7b-rank-16-4,222,52,114.61205921406321
2164,dummy-llama-30b-m,dummy-lora-7b-rank-128-3,504,9,114.71318837103382
2165,dummy-llama-30b-m,dummy-lora-7b-rank-32-0,98,60,114.72415243125836
2166,dummy-llama-30b-m,dummy-lora-7b-rank-16-3,171,37,114.7620973039256
2167,dummy-llama-30b-m,dummy-lora-7b-rank-64-3,228,7,114.8407880021304
2168,dummy-llama-30b-m,dummy-lora-7b-rank-64-1,554,20,114.8817494359927
2169,dummy-llama-30b-m,dummy-lora-7b-rank-128-0,326,27,115.01469061398763
2170,dummy-llama-30b-m,dummy-lora-7b-rank-128-0,726,95,115.08381119922471
2171,dummy-llama-30b-m,dummy-lora-7b-rank-128-1,353,41,115.12983555518714
2172,dummy-llama-30b-m,dummy-lora-7b-rank-8-3,353,12,115.16013562224897
2173,dummy-llama-30b-m,dummy-lora-7b-rank-8-3,432,13,115.21615944293656
2174,dummy-llama-30b-m,dummy-lora-7b-rank-8-2,378,96,115.23445965578614
2175,dummy-llama-30b-m,dummy-lora-7b-rank-8-0,872,8,115.26332512872149
2176,dummy-llama-30b-m,dummy-lora-7b-rank-128-0,556,21,115.29280815683589
2177,dummy-llama-30b-m,dummy-lora-7b-rank-16-1,351,67,115.31187230600314
2178,dummy-llama-30b-m,dummy-lora-7b-rank-128-2,399,60,115.34437141594807
2179,dummy-llama-30b-m,dummy-lora-7b-rank-8-4,956,15,115.51390831271438
2180,dummy-llama-30b-m,dummy-lora-7b-rank-128-3,542,66,115.55499021238774
2181,dummy-llama-30b-m,dummy-lora-7b-rank-64-3,351,133,115.68681910648552
2182,dummy-llama-30b-m,dummy-lora-7b-rank-16-4,674,66,115.87640428370361
2183,dummy-llama-30b-m,dummy-lora-7b-rank-64-3,449,30,115.91532638716151
2184,dummy-llama-30b-m,dummy-lora-7b-rank-64-2,568,30,115.97899712824838
2185,dummy-llama-30b-m,dummy-lora-7b-rank-8-0,297,60,116.05964868686874
2186,dummy-llama-30b-m,dummy-lora-7b-rank-8-4,403,6,116.12879328431505
2187,dummy-llama-30b-m,dummy-lora-7b-rank-16-2,728,39,116.15758144536419
2188,dummy-llama-30b-m,dummy-lora-7b-rank-64-4,452,33,116.2523453648514
2189,dummy-llama-30b-m,dummy-lora-7b-rank-64-4,467,7,116.27351812709203
2190,dummy-llama-30b-m,dummy-lora-7b-rank-32-3,751,37,116.2923749433586
2191,dummy-llama-30b-m,dummy-lora-7b-rank-8-4,568,25,116.345163365105
2192,dummy-llama-30b-m,dummy-lora-7b-rank-8-1,206,54,116.41394357422315
2193,dummy-llama-30b-m,dummy-lora-7b-rank-128-2,169,50,116.41458582799619
2194,dummy-llama-30b-m,dummy-lora-7b-rank-8-0,600,76,116.4170578002311
2195,dummy-llama-30b-m,dummy-lora-7b-rank-64-4,586,32,116.42711787290847
2196,dummy-llama-30b-m,dummy-lora-7b-rank-16-3,574,33,116.45026361697595
2197,dummy-llama-30b-m,dummy-lora-7b-rank-8-4,601,26,116.46081793635139
2198,dummy-llama-30b-m,dummy-lora-7b-rank-16-3,580,36,116.53189414751748
2199,dummy-llama-30b-m,dummy-lora-7b-rank-16-2,510,47,116.53881007979899
2200,dummy-llama-30b-m,dummy-lora-7b-rank-8-3,703,11,116.60367238287782
2201,dummy-llama-30b-m,dummy-lora-7b-rank-8-4,357,82,116.66407060470061
2202,dummy-llama-30b-m,dummy-lora-7b-rank-8-0,335,40,116.68178472657013
2203,dummy-llama-30b-m,dummy-lora-7b-rank-64-4,406,37,116.77237921475492
2204,dummy-llama-30b-m,dummy-lora-7b-rank-32-3,861,6,116.82379587209704
2205,dummy-llama-30b-m,dummy-lora-7b-rank-128-2,86,33,116.84224398333052
2206,dummy-llama-30b-m,dummy-lora-7b-rank-64-4,243,37,116.86739483085589
2207,dummy-llama-30b-m,dummy-lora-7b-rank-64-4,634,17,116.94054170159004
2208,dummy-llama-30b-m,dummy-lora-7b-rank-8-2,90,38,116.9597811451768
2209,dummy-llama-30b-m,dummy-lora-7b-rank-64-0,393,66,116.96672386544914
2210,dummy-llama-30b-m,dummy-lora-7b-rank-16-4,111,49,117.13315835994952
2211,dummy-llama-30b-m,dummy-lora-7b-rank-8-1,931,44,117.30464635914271
2212,dummy-llama-30b-m,dummy-lora-7b-rank-64-3,552,11,117.43530805656471
2213,dummy-llama-30b-m,dummy-lora-7b-rank-8-3,155,57,117.49904379694198
2214,dummy-llama-30b-m,dummy-lora-7b-rank-16-3,962,38,117.52567997200799
2215,dummy-llama-30b-m,dummy-lora-7b-rank-32-1,231,3,117.57421722720977
2216,dummy-llama-30b-m,dummy-lora-7b-rank-64-4,605,18,117.59605728634659
2217,dummy-llama-30b-m,dummy-lora-7b-rank-32-3,110,32,117.65052435675308
2218,dummy-llama-30b-m,dummy-lora-7b-rank-32-2,745,39,117.65956317994772
2219,dummy-llama-30b-m,dummy-lora-7b-rank-128-1,213,70,117.66644796614703
2220,dummy-llama-30b-m,dummy-lora-7b-rank-8-3,580,33,117.8071879540783
2221,dummy-llama-30b-m,dummy-lora-7b-rank-32-2,383,147,117.80727767883587
2222,dummy-llama-30b-m,dummy-lora-7b-rank-64-0,687,42,117.86947029549769
2223,dummy-llama-30b-m,dummy-lora-7b-rank-32-4,583,5,117.87246250663483
2224,dummy-llama-30b-m,dummy-lora-7b-rank-32-2,233,3,117.9300321519658
2225,dummy-llama-30b-m,dummy-lora-7b-rank-8-0,425,40,117.95682335584155
2226,dummy-llama-30b-m,dummy-lora-7b-rank-8-4,566,25,118.04955754654132
2227,dummy-llama-30b-m,dummy-lora-7b-rank-128-4,625,8,118.07450702370029
2228,dummy-llama-30b-m,dummy-lora-7b-rank-32-2,872,57,118.08541324315493
2229,dummy-llama-30b-m,dummy-lora-7b-rank-64-2,876,153,118.08792462925494
2230,dummy-llama-30b-m,dummy-lora-7b-rank-16-4,822,8,118.17138487110851
2231,dummy-llama-30b-m,dummy-lora-7b-rank-16-2,432,50,118.18566087825286
2232,dummy-llama-30b-m,dummy-lora-7b-rank-128-3,58,60,118.29141249384912
2233,dummy-llama-30b-m,dummy-lora-7b-rank-16-0,564,28,118.3764832711841
2234,dummy-llama-30b-m,dummy-lora-7b-rank-16-4,172,39,118.38662242134346
2235,dummy-llama-30b-m,dummy-lora-7b-rank-16-1,279,58,118.47574022607621
2236,dummy-llama-30b-m,dummy-lora-7b-rank-32-1,545,9,118.50315520955793
2237,dummy-llama-30b-m,dummy-lora-7b-rank-16-1,187,170,118.50633148687243
2238,dummy-llama-30b-m,dummy-lora-7b-rank-128-3,643,16,118.57405597007649
2239,dummy-llama-30b-m,dummy-lora-7b-rank-32-3,560,23,118.6056812197929
2240,dummy-llama-30b-m,dummy-lora-7b-rank-128-2,353,13,118.66538975404228
2241,dummy-llama-30b-m,dummy-lora-7b-rank-128-0,568,16,118.69025358792526
2242,dummy-llama-30b-m,dummy-lora-7b-rank-16-3,718,43,118.73860637249791
2243,dummy-llama-30b-m,dummy-lora-7b-rank-16-2,253,39,118.827183581015
2244,dummy-llama-30b-m,dummy-lora-7b-rank-64-2,558,24,118.91262670950526
2245,dummy-llama-30b-m,dummy-lora-7b-rank-128-3,582,11,118.92634168818888
2246,dummy-llama-30b-m,dummy-lora-7b-rank-32-3,560,23,118.93987407712008
2247,dummy-llama-30b-m,dummy-lora-7b-rank-64-0,397,61,119.1408027682151
2248,dummy-llama-30b-m,dummy-lora-7b-rank-64-1,396,47,119.15312024097268
2249,dummy-llama-30b-m,dummy-lora-7b-rank-8-2,405,6,119.19737328155372
2250,dummy-llama-30b-m,dummy-lora-7b-rank-128-3,607,21,119.21101520080772
2251,dummy-llama-30b-m,dummy-lora-7b-rank-16-4,366,49,119.34822442618365
2252,dummy-llama-30b-m,dummy-lora-7b-rank-32-0,258,53,119.47897002244137
2253,dummy-llama-30b-m,dummy-lora-7b-rank-8-3,217,54,119.55544169844367
2254,dummy-llama-30b-m,dummy-lora-7b-rank-64-2,370,9,119.5831607079377
2255,dummy-llama-30b-m,dummy-lora-7b-rank-128-1,502,45,119.6059105359949
2256,dummy-llama-30b-m,dummy-lora-7b-rank-16-0,862,114,119.65265106264778
2257,dummy-llama-30b-m,dummy-lora-7b-rank-16-4,253,61,119.68054052628511
2258,dummy-llama-30b-m,dummy-lora-7b-rank-8-4,553,19,119.6998819014301
2259,dummy-llama-30b-m,dummy-lora-7b-rank-32-0,816,87,119.78589939049279
2260,dummy-llama-30b-m,dummy-lora-7b-rank-64-1,400,11,119.84287410175412
2261,dummy-llama-30b-m,dummy-lora-7b-rank-64-2,556,19,119.87457581258765
2262,dummy-llama-30b-m,dummy-lora-7b-rank-128-4,764,55,119.93328056838251
2263,dummy-llama-30b-m,dummy-lora-7b-rank-64-3,269,52,119.96464945750769
2264,dummy-llama-30b-m,dummy-lora-7b-rank-8-2,562,27,120.03380193839844
2265,dummy-llama-30b-m,dummy-lora-7b-rank-16-0,629,11,120.09688788156474
2266,dummy-llama-30b-m,dummy-lora-7b-rank-32-1,552,21,120.21010405381244
2267,dummy-llama-30b-m,dummy-lora-7b-rank-64-3,362,49,120.25576238825661
2268,dummy-llama-30b-m,dummy-lora-7b-rank-128-0,371,41,120.36868752906408
2269,dummy-llama-30b-m,dummy-lora-7b-rank-128-1,423,5,120.38852133381938
2270,dummy-llama-30b-m,dummy-lora-7b-rank-16-1,688,18,120.47343864054403
2271,dummy-llama-30b-m,dummy-lora-7b-rank-32-2,605,25,120.51030312696719
2272,dummy-llama-30b-m,dummy-lora-7b-rank-64-0,574,55,120.51350366438452
2273,dummy-llama-30b-m,dummy-lora-7b-rank-64-4,796,14,120.53236897705128
2274,dummy-llama-30b-m,dummy-lora-7b-rank-128-3,236,3,120.57325272207866
2275,dummy-llama-30b-m,dummy-lora-7b-rank-16-4,247,72,120.59042382802309
2276,dummy-llama-30b-m,dummy-lora-7b-rank-8-4,570,29,120.63658513516941
2277,dummy-llama-30b-m,dummy-lora-7b-rank-8-4,558,14,120.75714724717261
2278,dummy-llama-30b-m,dummy-lora-7b-rank-128-1,956,15,120.96077657673749
2279,dummy-llama-30b-m,dummy-lora-7b-rank-8-4,332,12,120.99475186552264
2280,dummy-llama-30b-m,dummy-lora-7b-rank-8-2,295,81,121.07404635130301
2281,dummy-llama-30b-m,dummy-lora-7b-rank-32-1,332,104,121.08161826665867
2282,dummy-llama-30b-m,dummy-lora-7b-rank-16-0,378,37,121.16129277862491
2283,dummy-llama-30b-m,dummy-lora-7b-rank-32-2,314,144,121.34077766499223
2284,dummy-llama-30b-m,dummy-lora-7b-rank-128-1,753,12,121.36745817194065
2285,dummy-llama-30b-m,dummy-lora-7b-rank-128-2,605,19,121.45777605446082
2286,dummy-llama-30b-m,dummy-lora-7b-rank-32-0,503,8,121.50436222989006
2287,dummy-llama-30b-m,dummy-lora-7b-rank-16-1,414,6,121.5216766967213
2288,dummy-llama-30b-m,dummy-lora-7b-rank-16-1,444,91,121.74955337453711
2289,dummy-llama-30b-m,dummy-lora-7b-rank-8-3,176,37,121.82286583424901
2290,dummy-llama-30b-m,dummy-lora-7b-rank-128-1,455,32,121.92705169704915
2291,dummy-llama-30b-m,dummy-lora-7b-rank-32-2,822,70,122.02277344027621
2292,dummy-llama-30b-m,dummy-lora-7b-rank-16-0,832,8,122.05284235586369
2293,dummy-llama-30b-m,dummy-lora-7b-rank-128-2,605,20,122.08410137549521
2294,dummy-llama-30b-m,dummy-lora-7b-rank-16-3,786,14,122.12736520279587
2295,dummy-llama-30b-m,dummy-lora-7b-rank-64-2,455,24,122.13838684841781
2296,dummy-llama-30b-m,dummy-lora-7b-rank-16-1,561,42,122.48486988543621
2297,dummy-llama-30b-m,dummy-lora-7b-rank-16-3,595,8,122.50518442637231
2298,dummy-llama-30b-m,dummy-lora-7b-rank-16-0,554,12,122.53103805880232
2299,dummy-llama-30b-m,dummy-lora-7b-rank-16-4,161,19,122.66909076161853
2300,dummy-llama-30b-m,dummy-lora-7b-rank-64-0,568,32,122.73140834659283
2301,dummy-llama-30b-m,dummy-lora-7b-rank-64-1,753,117,122.86420246962572
2302,dummy-llama-30b-m,dummy-lora-7b-rank-8-4,381,72,123.01770465332808
2303,dummy-llama-30b-m,dummy-lora-7b-rank-8-4,131,80,123.02577967908402
2304,dummy-llama-30b-m,dummy-lora-7b-rank-64-2,1014,3,123.1732903023406
2305,dummy-llama-30b-m,dummy-lora-7b-rank-32-1,421,48,123.48096405451608
2306,dummy-llama-30b-m,dummy-lora-7b-rank-64-0,556,21,123.51820898719792
2307,dummy-llama-30b-m,dummy-lora-7b-rank-128-0,267,50,123.56296022876388
2308,dummy-llama-30b-m,dummy-lora-7b-rank-64-4,678,3,123.61568210356413
2309,dummy-llama-30b-m,dummy-lora-7b-rank-16-1,353,44,123.62181699898859
2310,dummy-llama-30b-m,dummy-lora-7b-rank-64-1,470,50,123.67944901526741
2311,dummy-llama-30b-m,dummy-lora-7b-rank-32-2,558,5,123.72303437862887
2312,dummy-llama-30b-m,dummy-lora-7b-rank-64-0,260,48,123.85904898052752
2313,dummy-llama-30b-m,dummy-lora-7b-rank-16-3,796,8,123.86337435738476
2314,dummy-llama-30b-m,dummy-lora-7b-rank-8-4,465,47,123.90424584535833
2315,dummy-llama-30b-m,dummy-lora-7b-rank-8-2,603,19,123.95046560103334
2316,dummy-llama-30b-m,dummy-lora-7b-rank-128-1,358,42,123.96899712627524
2317,dummy-llama-30b-m,dummy-lora-7b-rank-128-4,459,68,124.03493811445588
2318,dummy-llama-30b-m,dummy-lora-7b-rank-32-2,357,95,124.05670055496465
2319,dummy-llama-30b-m,dummy-lora-7b-rank-32-1,319,95,124.05717899678882
2320,dummy-llama-30b-m,dummy-lora-7b-rank-16-0,324,62,124.06199773698279
2321,dummy-llama-30b-m,dummy-lora-7b-rank-64-0,720,20,124.06237912029474
2322,dummy-llama-30b-m,dummy-lora-7b-rank-64-3,562,24,124.12088935230817
2323,dummy-llama-30b-m,dummy-lora-7b-rank-16-0,163,104,124.12926359698507
2324,dummy-llama-30b-m,dummy-lora-7b-rank-32-1,615,18,124.25406834118695
2325,dummy-llama-30b-m,dummy-lora-7b-rank-32-4,221,51,124.27621165694966
2326,dummy-llama-30b-m,dummy-lora-7b-rank-8-4,314,10,124.32470905536857
2327,dummy-llama-30b-m,dummy-lora-7b-rank-8-2,58,47,124.33591819792314
2328,dummy-llama-30b-m,dummy-lora-7b-rank-128-2,388,156,124.37181284694672
2329,dummy-llama-30b-m,dummy-lora-7b-rank-128-1,819,84,124.49638014606954
2330,dummy-llama-30b-m,dummy-lora-7b-rank-64-0,1024,101,124.51056639261395
2331,dummy-llama-30b-m,dummy-lora-7b-rank-32-2,331,55,124.53925095637764
2332,dummy-llama-30b-m,dummy-lora-7b-rank-64-4,611,38,124.5914987936849
2333,dummy-llama-30b-m,dummy-lora-7b-rank-32-4,371,144,124.90178866321052
2334,dummy-llama-30b-m,dummy-lora-7b-rank-32-1,286,6,124.91894894451403
2335,dummy-llama-30b-m,dummy-lora-7b-rank-32-0,562,25,124.9290776828348
2336,dummy-llama-30b-m,dummy-lora-7b-rank-8-0,666,43,124.94696812679584
2337,dummy-llama-30b-m,dummy-lora-7b-rank-8-3,546,16,125.25588718054907
2338,dummy-llama-30b-m,dummy-lora-7b-rank-32-3,556,21,125.26522275276821
2339,dummy-llama-30b-m,dummy-lora-7b-rank-128-3,566,26,125.29200879925256
2340,dummy-llama-30b-m,dummy-lora-7b-rank-64-0,556,20,125.40952611363342
2341,dummy-llama-30b-m,dummy-lora-7b-rank-128-4,314,47,125.41831837223758
2342,dummy-llama-30b-m,dummy-lora-7b-rank-16-3,422,40,125.45980970904041
2343,dummy-llama-30b-m,dummy-lora-7b-rank-8-4,567,7,125.51555988866856
2344,dummy-llama-30b-m,dummy-lora-7b-rank-128-0,695,11,125.57672125727888
2345,dummy-llama-30b-m,dummy-lora-7b-rank-64-1,470,50,125.62150366598777
2346,dummy-llama-30b-m,dummy-lora-7b-rank-128-1,478,6,125.6415679764405
2347,dummy-llama-30b-m,dummy-lora-7b-rank-32-1,619,10,125.7155179705036
2348,dummy-llama-30b-m,dummy-lora-7b-rank-32-3,177,48,125.75528381599726
2349,dummy-llama-30b-m,dummy-lora-7b-rank-64-4,385,42,125.90640159391927
2350,dummy-llama-30b-m,dummy-lora-7b-rank-8-0,118,19,125.91390308159816
2351,dummy-llama-30b-m,dummy-lora-7b-rank-8-0,303,41,125.96499469815622
2352,dummy-llama-30b-m,dummy-lora-7b-rank-32-3,444,50,125.98307480503867
2353,dummy-llama-30b-m,dummy-lora-7b-rank-64-4,367,46,126.00198874352849
2354,dummy-llama-30b-m,dummy-lora-7b-rank-32-0,191,73,126.03182068547176
2355,dummy-llama-30b-m,dummy-lora-7b-rank-64-4,979,32,126.10353868158906
2356,dummy-llama-30b-m,dummy-lora-7b-rank-128-2,557,23,126.15168813979778
2357,dummy-llama-30b-m,dummy-lora-7b-rank-128-1,717,92,126.17122903000123
2358,dummy-llama-30b-m,dummy-lora-7b-rank-128-1,133,39,126.24368674995816
2359,dummy-llama-30b-m,dummy-lora-7b-rank-32-1,406,50,126.5150483851083
2360,dummy-llama-30b-m,dummy-lora-7b-rank-128-4,476,45,126.6480889810994
2361,dummy-llama-30b-m,dummy-lora-7b-rank-16-4,261,44,126.6969678021425
2362,dummy-llama-30b-m,dummy-lora-7b-rank-16-3,139,59,126.74080012610905
2363,dummy-llama-30b-m,dummy-lora-7b-rank-64-1,404,178,126.75433761018171
2364,dummy-llama-30b-m,dummy-lora-7b-rank-64-0,498,7,126.8300343351083
2365,dummy-llama-30b-m,dummy-lora-7b-rank-64-3,682,47,126.83618139988764
2366,dummy-llama-30b-m,dummy-lora-7b-rank-16-3,428,53,126.91881032522461
2367,dummy-llama-30b-m,dummy-lora-7b-rank-32-0,475,41,126.98141759743103
2368,dummy-llama-30b-m,dummy-lora-7b-rank-128-3,401,98,126.98750875723886
2369,dummy-llama-30b-m,dummy-lora-7b-rank-64-0,935,15,127.02256722047669
2370,dummy-llama-30b-m,dummy-lora-7b-rank-16-0,441,9,127.06424964675698
2371,dummy-llama-30b-m,dummy-lora-7b-rank-32-3,877,17,127.17117971171174
2372,dummy-llama-30b-m,dummy-lora-7b-rank-32-2,202,3,127.21648134204436
2373,dummy-llama-30b-m,dummy-lora-7b-rank-8-2,566,11,127.2213626635993
2374,dummy-llama-30b-m,dummy-lora-7b-rank-64-3,768,93,127.24193765587651
2375,dummy-llama-30b-m,dummy-lora-7b-rank-16-3,550,10,127.26056612074434
2376,dummy-llama-30b-m,dummy-lora-7b-rank-128-0,173,38,127.30312049106686
2377,dummy-llama-30b-m,dummy-lora-7b-rank-16-1,643,8,127.34030295435099
2378,dummy-llama-30b-m,dummy-lora-7b-rank-64-1,531,65,127.34406199119103
2379,dummy-llama-30b-m,dummy-lora-7b-rank-8-1,364,104,127.35363325360716
2380,dummy-llama-30b-m,dummy-lora-7b-rank-32-1,492,56,127.41196264620002
2381,dummy-llama-30b-m,dummy-lora-7b-rank-16-1,572,32,127.47424318248119
2382,dummy-llama-30b-m,dummy-lora-7b-rank-64-2,450,65,127.49335158093118
2383,dummy-llama-30b-m,dummy-lora-7b-rank-128-4,556,21,127.51363681218666
2384,dummy-llama-30b-m,dummy-lora-7b-rank-64-3,675,103,127.51533673630108
2385,dummy-llama-30b-m,dummy-lora-7b-rank-64-4,253,44,127.53841541754737
2386,dummy-llama-30b-m,dummy-lora-7b-rank-16-1,443,24,127.54575244774156
2387,dummy-llama-30b-m,dummy-lora-7b-rank-128-2,333,52,127.58165982651916
2388,dummy-llama-30b-m,dummy-lora-7b-rank-8-4,548,17,127.60969080308347
2389,dummy-llama-30b-m,dummy-lora-7b-rank-64-0,323,67,127.68187373564052
2390,dummy-llama-30b-m,dummy-lora-7b-rank-32-3,359,43,127.71691031016704
2391,dummy-llama-30b-m,dummy-lora-7b-rank-32-4,322,89,127.90892472456481
2392,dummy-llama-30b-m,dummy-lora-7b-rank-64-0,714,60,127.96784229064187
2393,dummy-llama-30b-m,dummy-lora-7b-rank-128-2,792,41,128.01204931471187
2394,dummy-llama-30b-m,dummy-lora-7b-rank-64-1,552,19,128.09110965916793
2395,dummy-llama-30b-m,dummy-lora-7b-rank-128-3,568,15,128.12025251376974
2396,dummy-llama-30b-m,dummy-lora-7b-rank-16-1,422,45,128.26329717442118
2397,dummy-llama-30b-m,dummy-lora-7b-rank-8-0,224,38,128.3314536003363
2398,dummy-llama-30b-m,dummy-lora-7b-rank-128-0,558,14,128.335965167202
2399,dummy-llama-30b-m,dummy-lora-7b-rank-64-1,275,50,128.36078644518915
2400,dummy-llama-30b-m,dummy-lora-7b-rank-8-1,556,18,128.44813851092874
2401,dummy-llama-30b-m,dummy-lora-7b-rank-64-0,562,16,128.53041056856466
2402,dummy-llama-30b-m,dummy-lora-7b-rank-16-1,715,16,128.54019680975728
2403,dummy-llama-30b-m,dummy-lora-7b-rank-32-2,664,34,128.5576798706218
2404,dummy-llama-30b-m,dummy-lora-7b-rank-16-0,356,30,128.62514470687532
2405,dummy-llama-30b-m,dummy-lora-7b-rank-64-0,618,28,128.63779099388083
2406,dummy-llama-30b-m,dummy-lora-7b-rank-16-2,554,20,128.70378817664275
2407,dummy-llama-30b-m,dummy-lora-7b-rank-64-2,231,50,128.73493399655024
2408,dummy-llama-30b-m,dummy-lora-7b-rank-16-1,413,5,128.860248219892
2409,dummy-llama-30b-m,dummy-lora-7b-rank-64-3,749,21,128.87406393174442
2410,dummy-llama-30b-m,dummy-lora-7b-rank-64-0,564,11,128.9134971141777
2411,dummy-llama-30b-m,dummy-lora-7b-rank-64-0,704,53,128.94576786984265
2412,dummy-llama-30b-m,dummy-lora-7b-rank-64-3,181,67,128.9904865728552
2413,dummy-llama-30b-m,dummy-lora-7b-rank-32-0,211,4,129.00539168687948
2414,dummy-llama-30b-m,dummy-lora-7b-rank-128-2,549,46,129.02226955261412
2415,dummy-llama-30b-m,dummy-lora-7b-rank-8-3,293,158,129.14339159683905
2416,dummy-llama-30b-m,dummy-lora-7b-rank-64-3,56,106,129.1489414798752
2417,dummy-llama-30b-m,dummy-lora-7b-rank-16-0,584,2,129.162365354996
2418,dummy-llama-30b-m,dummy-lora-7b-rank-128-3,182,45,129.19582171543888
2419,dummy-llama-30b-m,dummy-lora-7b-rank-16-3,683,10,129.2835613078551
2420,dummy-llama-30b-m,dummy-lora-7b-rank-64-2,764,21,129.28688547030956
2421,dummy-llama-30b-m,dummy-lora-7b-rank-16-2,581,42,129.3510756193886
2422,dummy-llama-30b-m,dummy-lora-7b-rank-16-4,288,93,129.3808845813304
2423,dummy-llama-30b-m,dummy-lora-7b-rank-64-0,558,24,129.53781219543924
2424,dummy-llama-30b-m,dummy-lora-7b-rank-128-4,350,41,129.63755154832737
2425,dummy-llama-30b-m,dummy-lora-7b-rank-16-0,604,28,129.66945235865634
2426,dummy-llama-30b-m,dummy-lora-7b-rank-8-2,732,10,129.6836474356933
2427,dummy-llama-30b-m,dummy-lora-7b-rank-16-0,354,57,129.6958187813523
2428,dummy-llama-30b-m,dummy-lora-7b-rank-16-2,380,49,129.78461565268609
2429,dummy-llama-30b-m,dummy-lora-7b-rank-64-1,182,7,129.8722622498576
2430,dummy-llama-30b-m,dummy-lora-7b-rank-64-4,424,209,129.9358051454798
2431,dummy-llama-30b-m,dummy-lora-7b-rank-32-4,721,3,129.98388812367102
2432,dummy-llama-30b-m,dummy-lora-7b-rank-32-2,644,31,130.06383707850034
2433,dummy-llama-30b-m,dummy-lora-7b-rank-128-1,588,22,130.11651092410477
2434,dummy-llama-30b-m,dummy-lora-7b-rank-64-2,520,10,130.30561503366712
2435,dummy-llama-30b-m,dummy-lora-7b-rank-8-2,670,15,130.35558284480308
2436,dummy-llama-30b-m,dummy-lora-7b-rank-16-4,597,8,130.39352740972058
2437,dummy-llama-30b-m,dummy-lora-7b-rank-32-1,993,7,130.40748091678307
2438,dummy-llama-30b-m,dummy-lora-7b-rank-64-3,826,232,130.5709747943269
2439,dummy-llama-30b-m,dummy-lora-7b-rank-8-3,524,46,130.58419475689496
2440,dummy-llama-30b-m,dummy-lora-7b-rank-64-1,552,11,130.76672847400536
2441,dummy-llama-30b-m,dummy-lora-7b-rank-64-2,592,14,130.84698360746327
2442,dummy-llama-30b-m,dummy-lora-7b-rank-128-3,214,57,130.8578322477242
2443,dummy-llama-30b-m,dummy-lora-7b-rank-8-0,719,18,130.90859369060257
2444,dummy-llama-30b-m,dummy-lora-7b-rank-16-1,428,6,130.96041969114708
2445,dummy-llama-30b-m,dummy-lora-7b-rank-32-2,431,48,131.14136066935487
2446,dummy-llama-30b-m,dummy-lora-7b-rank-32-0,203,47,131.50993961705663
2447,dummy-llama-30b-m,dummy-lora-7b-rank-32-1,561,19,131.63971926702465
2448,dummy-llama-30b-m,dummy-lora-7b-rank-8-0,479,9,131.72604255658385
2449,dummy-llama-30b-m,dummy-lora-7b-rank-8-4,694,54,131.8320099137647
2450,dummy-llama-30b-m,dummy-lora-7b-rank-32-1,944,42,131.84737492560473
2451,dummy-llama-30b-m,dummy-lora-7b-rank-16-2,221,49,131.85899831905144
2452,dummy-llama-30b-m,dummy-lora-7b-rank-128-0,528,8,131.88000281288075
2453,dummy-llama-30b-m,dummy-lora-7b-rank-64-4,580,36,131.88849200024939
2454,dummy-llama-30b-m,dummy-lora-7b-rank-8-4,326,41,131.9562039369534
2455,dummy-llama-30b-m,dummy-lora-7b-rank-8-2,621,22,132.04828844145018
2456,dummy-llama-30b-m,dummy-lora-7b-rank-64-2,408,45,132.08065867404684
2457,dummy-llama-30b-m,dummy-lora-7b-rank-64-0,97,29,132.09516657618977
2458,dummy-llama-30b-m,dummy-lora-7b-rank-32-0,568,29,132.19712609394935
2459,dummy-llama-30b-m,dummy-lora-7b-rank-8-0,122,68,132.22905150428866
2460,dummy-llama-30b-m,dummy-lora-7b-rank-8-1,388,52,132.26981832184998
2461,dummy-llama-30b-m,dummy-lora-7b-rank-32-0,309,141,132.27526239111933
2462,dummy-llama-30b-m,dummy-lora-7b-rank-32-4,317,75,132.3327978907191
2463,dummy-llama-30b-m,dummy-lora-7b-rank-16-0,604,31,132.34437673180284
2464,dummy-llama-30b-m,dummy-lora-7b-rank-8-3,324,49,132.40415300339055
2465,dummy-llama-30b-m,dummy-lora-7b-rank-16-2,498,29,132.53276776753015
2466,dummy-llama-30b-m,dummy-lora-7b-rank-128-1,845,93,132.78487747940605
2467,dummy-llama-30b-m,dummy-lora-7b-rank-64-1,552,19,132.7865003297675
2468,dummy-llama-30b-m,dummy-lora-7b-rank-16-4,607,21,132.95490974446
2469,dummy-llama-30b-m,dummy-lora-7b-rank-8-4,560,2,132.99348086693797
2470,dummy-llama-30b-m,dummy-lora-7b-rank-8-1,552,11,133.02921854627135
2471,dummy-llama-30b-m,dummy-lora-7b-rank-128-0,550,18,133.03518162072965
2472,dummy-llama-30b-m,dummy-lora-7b-rank-8-3,159,113,133.1547860861659
2473,dummy-llama-30b-m,dummy-lora-7b-rank-64-2,712,89,133.22389683591408
2474,dummy-llama-30b-m,dummy-lora-7b-rank-16-3,648,10,133.28760901128746
2475,dummy-llama-30b-m,dummy-lora-7b-rank-8-1,552,19,133.3683418232332
2476,dummy-llama-30b-m,dummy-lora-7b-rank-8-1,341,44,133.4111530321878
2477,dummy-llama-30b-m,dummy-lora-7b-rank-8-4,550,18,133.43808141782728
2478,dummy-llama-30b-m,dummy-lora-7b-rank-8-4,154,122,133.47005352920655
2479,dummy-llama-30b-m,dummy-lora-7b-rank-32-4,652,22,133.56838062780736
2480,dummy-llama-30b-m,dummy-lora-7b-rank-128-2,550,10,133.60694760026269
2481,dummy-llama-30b-m,dummy-lora-7b-rank-8-1,362,45,133.62134879815096
2482,dummy-llama-30b-m,dummy-lora-7b-rank-128-0,643,102,133.91283972942813
2483,dummy-llama-30b-m,dummy-lora-7b-rank-8-1,582,37,133.91665055906103
2484,dummy-llama-30b-m,dummy-lora-7b-rank-16-3,825,22,133.9281286864987
2485,dummy-llama-30b-m,dummy-lora-7b-rank-32-1,601,13,134.03608174870362
2486,dummy-llama-30b-m,dummy-lora-7b-rank-16-0,309,8,134.09106632634615
2487,dummy-llama-30b-m,dummy-lora-7b-rank-128-3,88,36,134.14775929890408
2488,dummy-llama-30b-m,dummy-lora-7b-rank-64-2,513,48,134.3022043773488
2489,dummy-llama-30b-m,dummy-lora-7b-rank-8-3,335,48,134.36746318219147
2490,dummy-llama-30b-m,dummy-lora-7b-rank-64-1,237,104,134.41870146688717
2491,dummy-llama-30b-m,dummy-lora-7b-rank-64-1,323,102,134.5500498693947
2492,dummy-llama-30b-m,dummy-lora-7b-rank-64-1,566,22,134.59134290743015
2493,dummy-llama-30b-m,dummy-lora-7b-rank-128-4,477,62,134.66733064118353
2494,dummy-llama-30b-m,dummy-lora-7b-rank-16-3,969,119,134.67402019018044
2495,dummy-llama-30b-m,dummy-lora-7b-rank-32-2,53,46,134.7639591614352
2496,dummy-llama-30b-m,dummy-lora-7b-rank-128-3,717,8,134.77503354886173
2497,dummy-llama-30b-m,dummy-lora-7b-rank-16-1,907,107,134.82703755219907
2498,dummy-llama-30b-m,dummy-lora-7b-rank-32-2,569,11,134.8636339998978
2499,dummy-llama-30b-m,dummy-lora-7b-rank-128-3,386,55,134.94291500566965
2500,dummy-llama-30b-m,dummy-lora-7b-rank-32-4,385,7,134.94373230091676
2501,dummy-llama-30b-m,dummy-lora-7b-rank-16-1,462,48,135.00141321330312
2502,dummy-llama-30b-m,dummy-lora-7b-rank-8-4,200,43,135.08364012375196
2503,dummy-llama-30b-m,dummy-lora-7b-rank-16-0,399,42,135.09267303934217
2504,dummy-llama-30b-m,dummy-lora-7b-rank-8-4,607,25,135.1434202663237
2505,dummy-llama-30b-m,dummy-lora-7b-rank-32-0,685,52,135.15250804953132
2506,dummy-llama-30b-m,dummy-lora-7b-rank-8-1,381,8,135.18931091672394
2507,dummy-llama-30b-m,dummy-lora-7b-rank-128-1,550,18,135.2781210888434
2508,dummy-llama-30b-m,dummy-lora-7b-rank-8-1,375,152,135.28222981408786
2509,dummy-llama-30b-m,dummy-lora-7b-rank-64-1,343,46,135.32157843437045
2510,dummy-llama-30b-m,dummy-lora-7b-rank-64-2,666,57,135.34272787046365
2511,dummy-llama-30b-m,dummy-lora-7b-rank-128-3,184,44,135.36807744417916
2512,dummy-llama-30b-m,dummy-lora-7b-rank-128-2,177,41,135.4525253795759
2513,dummy-llama-30b-m,dummy-lora-7b-rank-64-2,144,52,135.4722367059428
2514,dummy-llama-30b-m,dummy-lora-7b-rank-16-0,613,25,135.54434360724528
2515,dummy-llama-30b-m,dummy-lora-7b-rank-16-0,799,197,135.55247616309578
2516,dummy-llama-30b-m,dummy-lora-7b-rank-64-0,564,25,135.5738485919478
2517,dummy-llama-30b-m,dummy-lora-7b-rank-32-2,361,53,135.62061141154328
2518,dummy-llama-30b-m,dummy-lora-7b-rank-32-4,759,71,135.7332613532669
2519,dummy-llama-30b-m,dummy-lora-7b-rank-64-3,546,16,135.7774637088385
2520,dummy-llama-30b-m,dummy-lora-7b-rank-128-4,552,19,135.84567068023551
2521,dummy-llama-30b-m,dummy-lora-7b-rank-64-2,548,17,136.07891656411232
2522,dummy-llama-30b-m,dummy-lora-7b-rank-16-4,572,51,136.14261856307743
2523,dummy-llama-30b-m,dummy-lora-7b-rank-128-1,472,17,136.20390932797363
2524,dummy-llama-30b-m,dummy-lora-7b-rank-16-0,347,74,136.23906355470123
2525,dummy-llama-30b-m,dummy-lora-7b-rank-128-3,495,88,136.33216010970085
2526,dummy-llama-30b-m,dummy-lora-7b-rank-8-1,564,23,136.35412462997735
2527,dummy-llama-30b-m,dummy-lora-7b-rank-128-4,204,3,136.37450318120418
2528,dummy-llama-30b-m,dummy-lora-7b-rank-16-0,489,51,136.52746632206532
2529,dummy-llama-30b-m,dummy-lora-7b-rank-128-1,566,59,136.7514090436364
2530,dummy-llama-30b-m,dummy-lora-7b-rank-16-0,570,30,136.7801954640592
2531,dummy-llama-30b-m,dummy-lora-7b-rank-8-1,378,59,136.8407025471594
2532,dummy-llama-30b-m,dummy-lora-7b-rank-64-4,530,40,136.93128595765486
2533,dummy-llama-30b-m,dummy-lora-7b-rank-128-3,312,33,136.93526965656068
2534,dummy-llama-30b-m,dummy-lora-7b-rank-8-1,550,18,136.97730554496042
2535,dummy-llama-30b-m,dummy-lora-7b-rank-8-4,571,29,137.02772286916573
2536,dummy-llama-30b-m,dummy-lora-7b-rank-16-0,561,9,137.14583061214753
2537,dummy-llama-30b-m,dummy-lora-7b-rank-128-3,556,23,137.16920318717288
2538,dummy-llama-30b-m,dummy-lora-7b-rank-128-1,608,48,137.2252792179145
2539,dummy-llama-30b-m,dummy-lora-7b-rank-32-3,560,23,137.2510076919274
2540,dummy-llama-30b-m,dummy-lora-7b-rank-128-3,256,45,137.26984255798578
2541,dummy-llama-30b-m,dummy-lora-7b-rank-64-0,556,8,137.28114828355206
2542,dummy-llama-30b-m,dummy-lora-7b-rank-64-2,196,60,137.30280451520653
2543,dummy-llama-30b-m,dummy-lora-7b-rank-16-4,483,48,137.3126442103232
2544,dummy-llama-30b-m,dummy-lora-7b-rank-16-0,236,50,137.35099603558712
2545,dummy-llama-30b-m,dummy-lora-7b-rank-8-0,379,54,137.42684396966436
2546,dummy-llama-30b-m,dummy-lora-7b-rank-32-1,486,63,137.46946893412633
2547,dummy-llama-30b-m,dummy-lora-7b-rank-16-4,481,4,137.52871612593268
2548,dummy-llama-30b-m,dummy-lora-7b-rank-16-1,611,16,137.54533904818524
2549,dummy-llama-30b-m,dummy-lora-7b-rank-32-0,151,41,137.56092310090074
2550,dummy-llama-30b-m,dummy-lora-7b-rank-8-2,525,97,137.65453313472136
2551,dummy-llama-30b-m,dummy-lora-7b-rank-128-0,331,55,137.76976994780782
2552,dummy-llama-30b-m,dummy-lora-7b-rank-32-2,390,20,137.80015294957562
2553,dummy-llama-30b-m,dummy-lora-7b-rank-32-2,312,46,137.80678308534368
2554,dummy-llama-30b-m,dummy-lora-7b-rank-128-0,1017,79,137.8280354317754
2555,dummy-llama-30b-m,dummy-lora-7b-rank-32-0,876,56,137.8640564999394
2556,dummy-llama-30b-m,dummy-lora-7b-rank-32-2,608,52,137.9301919647208
2557,dummy-llama-30b-m,dummy-lora-7b-rank-8-1,554,12,138.0024256725551
2558,dummy-llama-30b-m,dummy-lora-7b-rank-16-4,548,17,138.07248582896054
2559,dummy-llama-30b-m,dummy-lora-7b-rank-16-0,118,31,138.0881500488846
2560,dummy-llama-30b-m,dummy-lora-7b-rank-8-1,795,31,138.18368621863212
2561,dummy-llama-30b-m,dummy-lora-7b-rank-32-4,569,24,138.33051714328258
2562,dummy-llama-30b-m,dummy-lora-7b-rank-8-0,590,13,138.40363954736983
2563,dummy-llama-30b-m,dummy-lora-7b-rank-64-3,867,3,138.49818014442607
2564,dummy-llama-30b-m,dummy-lora-7b-rank-32-0,57,42,138.50111478901636
2565,dummy-llama-30b-m,dummy-lora-7b-rank-32-2,844,66,138.53492185192354
2566,dummy-llama-30b-m,dummy-lora-7b-rank-8-3,697,19,138.6827351495632
2567,dummy-llama-30b-m,dummy-lora-7b-rank-16-4,427,155,138.7389047913755
2568,dummy-llama-30b-m,dummy-lora-7b-rank-128-0,575,67,138.75567626107278
2569,dummy-llama-30b-m,dummy-lora-7b-rank-16-3,570,10,138.8390664436898
2570,dummy-llama-30b-m,dummy-lora-7b-rank-64-2,407,52,138.93566987087826
2571,dummy-llama-30b-m,dummy-lora-7b-rank-128-4,276,58,138.9610560486557
2572,dummy-llama-30b-m,dummy-lora-7b-rank-64-4,310,6,139.00306031152326
2573,dummy-llama-30b-m,dummy-lora-7b-rank-8-4,956,40,139.0799467679614
2574,dummy-llama-30b-m,dummy-lora-7b-rank-64-3,1004,3,139.16658559650773
2575,dummy-llama-30b-m,dummy-lora-7b-rank-16-1,407,20,139.19773446248848
2576,dummy-llama-30b-m,dummy-lora-7b-rank-64-3,313,9,139.23221985173203
2577,dummy-llama-30b-m,dummy-lora-7b-rank-16-0,412,42,139.24399814270097
2578,dummy-llama-30b-m,dummy-lora-7b-rank-64-0,552,19,139.24595955789516
2579,dummy-llama-30b-m,dummy-lora-7b-rank-8-0,730,28,139.33362178824157
2580,dummy-llama-30b-m,dummy-lora-7b-rank-64-0,399,136,139.33362538751197
2581,dummy-llama-30b-m,dummy-lora-7b-rank-32-3,185,3,139.36438885959456
2582,dummy-llama-30b-m,dummy-lora-7b-rank-16-0,415,125,139.42615679530485
2583,dummy-llama-30b-m,dummy-lora-7b-rank-64-0,188,128,139.4409912436377
2584,dummy-llama-30b-m,dummy-lora-7b-rank-64-0,177,3,139.5047396038522
2585,dummy-llama-30b-m,dummy-lora-7b-rank-16-2,614,98,139.5361750331811
2586,dummy-llama-30b-m,dummy-lora-7b-rank-64-4,463,167,139.57377203615548
2587,dummy-llama-30b-m,dummy-lora-7b-rank-8-3,440,39,139.62812394721905
2588,dummy-llama-30b-m,dummy-lora-7b-rank-128-0,606,29,139.748597729862
2589,dummy-llama-30b-m,dummy-lora-7b-rank-64-2,599,17,139.90235270307625
2590,dummy-llama-30b-m,dummy-lora-7b-rank-32-2,353,68,139.90770314784623
2591,dummy-llama-30b-m,dummy-lora-7b-rank-8-3,512,88,139.91227870936729
2592,dummy-llama-30b-m,dummy-lora-7b-rank-64-2,187,119,139.9434695041791
2593,dummy-llama-30b-m,dummy-lora-7b-rank-16-0,308,53,140.07627301710275
2594,dummy-llama-30b-m,dummy-lora-7b-rank-16-1,425,47,140.14611960897258
2595,dummy-llama-30b-m,dummy-lora-7b-rank-128-2,568,26,140.1809426520965
2596,dummy-llama-30b-m,dummy-lora-7b-rank-128-4,558,22,140.24295314845625
2597,dummy-llama-30b-m,dummy-lora-7b-rank-16-3,603,8,140.35253479636762
2598,dummy-llama-30b-m,dummy-lora-7b-rank-64-3,325,35,140.48157594824255
2599,dummy-llama-30b-m,dummy-lora-7b-rank-8-3,556,21,140.4879037218467
2600,dummy-llama-30b-m,dummy-lora-7b-rank-16-0,566,26,140.66488671470876
2601,dummy-llama-30b-m,dummy-lora-7b-rank-64-0,124,100,140.71253506730437
2602,dummy-llama-30b-m,dummy-lora-7b-rank-64-2,729,7,140.79753331548483
2603,dummy-llama-30b-m,dummy-lora-7b-rank-128-4,855,43,140.81550883503255
2604,dummy-llama-30b-m,dummy-lora-7b-rank-128-4,772,19,140.81928710111265
2605,dummy-llama-30b-m,dummy-lora-7b-rank-128-1,552,18,140.8290839572647
2606,dummy-llama-30b-m,dummy-lora-7b-rank-16-1,274,56,140.89596260001846
2607,dummy-llama-30b-m,dummy-lora-7b-rank-8-2,730,22,140.8999858207791
2608,dummy-llama-30b-m,dummy-lora-7b-rank-128-1,562,27,140.90653574643912
2609,dummy-llama-30b-m,dummy-lora-7b-rank-128-4,556,21,140.9224034978003
2610,dummy-llama-30b-m,dummy-lora-7b-rank-64-2,588,8,140.95723911857215
2611,dummy-llama-30b-m,dummy-lora-7b-rank-32-2,796,13,141.0168511663186
2612,dummy-llama-30b-m,dummy-lora-7b-rank-32-4,246,123,141.2008575158055
2613,dummy-llama-30b-m,dummy-lora-7b-rank-128-1,425,39,141.21958018957216
2614,dummy-llama-30b-m,dummy-lora-7b-rank-128-0,615,4,141.29505115962337
2615,dummy-llama-30b-m,dummy-lora-7b-rank-8-2,56,109,141.3302713179839
2616,dummy-llama-30b-m,dummy-lora-7b-rank-128-4,262,148,141.44186623063314
2617,dummy-llama-30b-m,dummy-lora-7b-rank-16-3,461,44,141.49360240856808
2618,dummy-llama-30b-m,dummy-lora-7b-rank-8-0,356,10,141.53628614649213
2619,dummy-llama-30b-m,dummy-lora-7b-rank-32-2,415,12,141.6843965676499
2620,dummy-llama-30b-m,dummy-lora-7b-rank-8-1,266,33,141.71874020659732
2621,dummy-llama-30b-m,dummy-lora-7b-rank-8-0,617,26,141.77326028313996
2622,dummy-llama-30b-m,dummy-lora-7b-rank-16-4,548,17,141.77550702952286
2623,dummy-llama-30b-m,dummy-lora-7b-rank-16-0,322,49,141.80891574666458
2624,dummy-llama-30b-m,dummy-lora-7b-rank-8-0,321,35,141.81265964054995
2625,dummy-llama-30b-m,dummy-lora-7b-rank-16-4,336,10,141.84325071053468
2626,dummy-llama-30b-m,dummy-lora-7b-rank-128-1,411,55,141.8646271582891
2627,dummy-llama-30b-m,dummy-lora-7b-rank-128-1,598,2,141.89653398044018
2628,dummy-llama-30b-m,dummy-lora-7b-rank-64-2,444,150,141.9604570964819
2629,dummy-llama-30b-m,dummy-lora-7b-rank-128-1,565,25,142.03030283652797
2630,dummy-llama-30b-m,dummy-lora-7b-rank-64-4,560,28,142.03326013765835
2631,dummy-llama-30b-m,dummy-lora-7b-rank-128-2,759,249,142.13402116130558
2632,dummy-llama-30b-m,dummy-lora-7b-rank-16-2,580,33,142.17375542370323
2633,dummy-llama-30b-m,dummy-lora-7b-rank-128-0,227,166,142.2180362158738
2634,dummy-llama-30b-m,dummy-lora-7b-rank-128-3,153,103,142.2294805166708
2635,dummy-llama-30b-m,dummy-lora-7b-rank-128-1,778,71,142.24901833893884
2636,dummy-llama-30b-m,dummy-lora-7b-rank-8-4,603,8,142.29052351100415
2637,dummy-llama-30b-m,dummy-lora-7b-rank-128-4,358,30,142.4301637556591
2638,dummy-llama-30b-m,dummy-lora-7b-rank-16-1,496,10,142.45720140139542
2639,dummy-llama-30b-m,dummy-lora-7b-rank-8-1,552,48,142.5058727625938
2640,dummy-llama-30b-m,dummy-lora-7b-rank-8-0,223,36,142.5498396428195
2641,dummy-llama-30b-m,dummy-lora-7b-rank-32-0,427,62,142.55047520444217
2642,dummy-llama-30b-m,dummy-lora-7b-rank-8-0,592,9,142.56292852242183
2643,dummy-llama-30b-m,dummy-lora-7b-rank-64-0,601,13,142.61924171474865
2644,dummy-llama-30b-m,dummy-lora-7b-rank-64-1,552,19,142.6909691635374
2645,dummy-llama-30b-m,dummy-lora-7b-rank-128-2,562,26,142.7689351266924
2646,dummy-llama-30b-m,dummy-lora-7b-rank-128-3,435,115,142.8010708061925
2647,dummy-llama-30b-m,dummy-lora-7b-rank-128-4,302,5,142.81715556637005
2648,dummy-llama-30b-m,dummy-lora-7b-rank-16-2,560,26,142.8258003685574
2649,dummy-llama-30b-m,dummy-lora-7b-rank-8-2,233,129,142.83848780541877
2650,dummy-llama-30b-m,dummy-lora-7b-rank-128-0,340,50,142.86313385483948
2651,dummy-llama-30b-m,dummy-lora-7b-rank-64-2,259,6,143.10016307606585
2652,dummy-llama-30b-m,dummy-lora-7b-rank-32-4,461,40,143.1205663277181
2653,dummy-llama-30b-m,dummy-lora-7b-rank-8-3,566,29,143.15927458390172
2654,dummy-llama-30b-m,dummy-lora-7b-rank-8-1,822,14,143.16961558323138
2655,dummy-llama-30b-m,dummy-lora-7b-rank-64-2,489,45,143.26001583757554
2656,dummy-llama-30b-m,dummy-lora-7b-rank-128-4,572,63,143.33811189479553
2657,dummy-llama-30b-m,dummy-lora-7b-rank-32-1,143,48,143.3471169998161
2658,dummy-llama-30b-m,dummy-lora-7b-rank-128-2,310,40,143.38430337924822
2659,dummy-llama-30b-m,dummy-lora-7b-rank-8-3,855,46,143.43925405462275
2660,dummy-llama-30b-m,dummy-lora-7b-rank-128-2,512,44,143.47516703378935
2661,dummy-llama-30b-m,dummy-lora-7b-rank-16-4,90,51,143.5801729745957
2662,dummy-llama-30b-m,dummy-lora-7b-rank-16-0,560,26,143.5828249002916
2663,dummy-llama-30b-m,dummy-lora-7b-rank-16-2,559,20,143.59760410452668
2664,dummy-llama-30b-m,dummy-lora-7b-rank-8-0,611,8,143.6786787981045
2665,dummy-llama-30b-m,dummy-lora-7b-rank-8-1,552,21,143.732114816028
2666,dummy-llama-30b-m,dummy-lora-7b-rank-16-3,374,42,143.90314034104648
2667,dummy-llama-30b-m,dummy-lora-7b-rank-64-0,554,12,143.91980547746087
2668,dummy-llama-30b-m,dummy-lora-7b-rank-128-4,578,32,143.99270586566644
2669,dummy-llama-30b-m,dummy-lora-7b-rank-8-1,709,8,143.999860870339
2670,dummy-llama-30b-m,dummy-lora-7b-rank-128-2,171,52,144.04028700166663
2671,dummy-llama-30b-m,dummy-lora-7b-rank-16-1,331,59,144.04234325390928
2672,dummy-llama-30b-m,dummy-lora-7b-rank-32-3,558,22,144.09537418305354
2673,dummy-llama-30b-m,dummy-lora-7b-rank-32-2,215,107,144.09726555614287
2674,dummy-llama-30b-m,dummy-lora-7b-rank-32-0,290,6,144.11344261817737
2675,dummy-llama-30b-m,dummy-lora-7b-rank-32-4,631,36,144.12301287096358
2676,dummy-llama-30b-m,dummy-lora-7b-rank-8-4,745,14,144.1350535716265
2677,dummy-llama-30b-m,dummy-lora-7b-rank-32-4,758,63,144.1900206825162
2678,dummy-llama-30b-m,dummy-lora-7b-rank-32-4,741,44,144.2391939200948
2679,dummy-llama-30b-m,dummy-lora-7b-rank-16-1,197,3,144.32374136238906
2680,dummy-llama-30b-m,dummy-lora-7b-rank-32-4,495,11,144.3488674646716
2681,dummy-llama-30b-m,dummy-lora-7b-rank-16-0,556,21,144.34936432951565
2682,dummy-llama-30b-m,dummy-lora-7b-rank-64-0,739,10,144.36747743501047
2683,dummy-llama-30b-m,dummy-lora-7b-rank-16-4,280,54,144.40696711297574
2684,dummy-llama-30b-m,dummy-lora-7b-rank-8-0,552,19,144.48855336601596
2685,dummy-llama-30b-m,dummy-lora-7b-rank-32-4,206,41,144.6730129950541
2686,dummy-llama-30b-m,dummy-lora-7b-rank-32-3,601,18,144.7856897782155
2687,dummy-llama-30b-m,dummy-lora-7b-rank-8-0,586,36,144.88728832986274
2688,dummy-llama-30b-m,dummy-lora-7b-rank-32-4,407,12,144.89452617155249
2689,dummy-llama-30b-m,dummy-lora-7b-rank-128-0,601,68,145.04514006494702
2690,dummy-llama-30b-m,dummy-lora-7b-rank-128-2,578,34,145.09535287180825
2691,dummy-llama-30b-m,dummy-lora-7b-rank-16-0,617,25,145.11646527595798
2692,dummy-llama-30b-m,dummy-lora-7b-rank-32-2,429,78,145.50419703130282
2693,dummy-llama-30b-m,dummy-lora-7b-rank-32-2,213,40,145.51317745024454
2694,dummy-llama-30b-m,dummy-lora-7b-rank-64-0,584,8,145.52328451404088
2695,dummy-llama-30b-m,dummy-lora-7b-rank-32-2,387,47,145.58195376431814
2696,dummy-llama-30b-m,dummy-lora-7b-rank-128-4,454,43,145.59245519545007
2697,dummy-llama-30b-m,dummy-lora-7b-rank-128-2,243,6,145.6446565808429
2698,dummy-llama-30b-m,dummy-lora-7b-rank-128-4,552,18,145.69210158399824
2699,dummy-llama-30b-m,dummy-lora-7b-rank-64-2,611,25,145.71300823334195
2700,dummy-llama-30b-m,dummy-lora-7b-rank-8-4,570,28,145.72100890504717
2701,dummy-llama-30b-m,dummy-lora-7b-rank-8-2,635,47,145.82894219831542
2702,dummy-llama-30b-m,dummy-lora-7b-rank-8-2,425,49,145.87568900311973
2703,dummy-llama-30b-m,dummy-lora-7b-rank-16-1,388,11,146.01669805111334
2704,dummy-llama-30b-m,dummy-lora-7b-rank-128-0,929,45,146.03149399305104
2705,dummy-llama-30b-m,dummy-lora-7b-rank-8-4,582,14,146.06404048746566
2706,dummy-llama-30b-m,dummy-lora-7b-rank-32-1,393,57,146.06693014046652
2707,dummy-llama-30b-m,dummy-lora-7b-rank-16-0,260,63,146.12781520452393
2708,dummy-llama-30b-m,dummy-lora-7b-rank-16-3,476,29,146.14825273550701
2709,dummy-llama-30b-m,dummy-lora-7b-rank-16-3,483,65,146.1537513442252
2710,dummy-llama-30b-m,dummy-lora-7b-rank-8-3,249,54,146.17027414343886
2711,dummy-llama-30b-m,dummy-lora-7b-rank-64-3,328,44,146.21732398404117
2712,dummy-llama-30b-m,dummy-lora-7b-rank-32-2,570,102,146.22144296408646
2713,dummy-llama-30b-m,dummy-lora-7b-rank-64-3,720,31,146.24218280024832
2714,dummy-llama-30b-m,dummy-lora-7b-rank-128-4,279,59,146.27116080580566
2715,dummy-llama-30b-m,dummy-lora-7b-rank-128-0,580,34,146.3137839090428
2716,dummy-llama-30b-m,dummy-lora-7b-rank-64-3,554,20,146.36084129587752
2717,dummy-llama-30b-m,dummy-lora-7b-rank-32-4,192,56,146.47524816930292
2718,dummy-llama-30b-m,dummy-lora-7b-rank-16-2,246,206,146.49945212987353
2719,dummy-llama-30b-m,dummy-lora-7b-rank-8-4,401,11,146.50322919778816
2720,dummy-llama-30b-m,dummy-lora-7b-rank-16-4,774,37,146.557409147205
2721,dummy-llama-30b-m,dummy-lora-7b-rank-32-1,570,40,146.58569582002588
2722,dummy-llama-30b-m,dummy-lora-7b-rank-8-3,548,17,146.59679117205525
2723,dummy-llama-30b-m,dummy-lora-7b-rank-8-2,564,27,146.6345791811359
2724,dummy-llama-30b-m,dummy-lora-7b-rank-16-3,227,45,146.68741963658945
2725,dummy-llama-30b-m,dummy-lora-7b-rank-8-2,211,43,146.7719610669573
2726,dummy-llama-30b-m,dummy-lora-7b-rank-128-0,397,100,146.8070434851064
2727,dummy-llama-30b-m,dummy-lora-7b-rank-128-2,828,8,146.81695437025172
2728,dummy-llama-30b-m,dummy-lora-7b-rank-128-2,566,25,146.84717119965822
2729,dummy-llama-30b-m,dummy-lora-7b-rank-128-1,548,17,146.85204442562625
2730,dummy-llama-30b-m,dummy-lora-7b-rank-8-4,507,7,146.896140465935
2731,dummy-llama-30b-m,dummy-lora-7b-rank-32-1,57,87,147.04283198908954
2732,dummy-llama-30b-m,dummy-lora-7b-rank-16-1,759,69,147.06101120747883
2733,dummy-llama-30b-m,dummy-lora-7b-rank-8-3,427,51,147.08564268775729
2734,dummy-llama-30b-m,dummy-lora-7b-rank-128-4,291,161,147.29159369513167
2735,dummy-llama-30b-m,dummy-lora-7b-rank-16-4,480,82,147.2943775224736
2736,dummy-llama-30b-m,dummy-lora-7b-rank-64-3,224,57,147.30616619282145
2737,dummy-llama-30b-m,dummy-lora-7b-rank-8-4,337,65,147.3518828620174
2738,dummy-llama-30b-m,dummy-lora-7b-rank-32-1,103,38,147.43027958187656
2739,dummy-llama-30b-m,dummy-lora-7b-rank-8-4,352,65,147.49992796280708
2740,dummy-llama-30b-m,dummy-lora-7b-rank-16-2,623,28,147.51371850699206
2741,dummy-llama-30b-m,dummy-lora-7b-rank-128-3,703,22,147.66641009211781
2742,dummy-llama-30b-m,dummy-lora-7b-rank-32-3,180,39,147.76476061931163
2743,dummy-llama-30b-m,dummy-lora-7b-rank-32-1,116,97,147.78854427507912
2744,dummy-llama-30b-m,dummy-lora-7b-rank-64-1,405,55,147.78937276642694
2745,dummy-llama-30b-m,dummy-lora-7b-rank-16-2,614,3,147.85892243621865
2746,dummy-llama-30b-m,dummy-lora-7b-rank-64-3,589,63,147.9632729218619
2747,dummy-llama-30b-m,dummy-lora-7b-rank-128-1,289,43,148.01007481006738
2748,dummy-llama-30b-m,dummy-lora-7b-rank-32-2,678,8,148.06030817955173
2749,dummy-llama-30b-m,dummy-lora-7b-rank-8-4,769,58,148.10214024852831
2750,dummy-llama-30b-m,dummy-lora-7b-rank-32-4,252,92,148.217939341279
2751,dummy-llama-30b-m,dummy-lora-7b-rank-8-1,558,22,148.283734836951
2752,dummy-llama-30b-m,dummy-lora-7b-rank-16-0,264,47,148.30645833948483
2753,dummy-llama-30b-m,dummy-lora-7b-rank-16-0,188,56,148.3863873221357
2754,dummy-llama-30b-m,dummy-lora-7b-rank-8-0,247,52,148.52681648366905
2755,dummy-llama-30b-m,dummy-lora-7b-rank-128-3,404,40,148.54730188216797
2756,dummy-llama-30b-m,dummy-lora-7b-rank-8-0,316,131,148.60463644032876
2757,dummy-llama-30b-m,dummy-lora-7b-rank-128-1,138,45,148.70336828897283
2758,dummy-llama-30b-m,dummy-lora-7b-rank-64-0,333,56,148.70794592617185
2759,dummy-llama-30b-m,dummy-lora-7b-rank-16-2,1013,3,148.80383324220637
2760,dummy-llama-30b-m,dummy-lora-7b-rank-16-1,449,71,148.9154324001243
2761,dummy-llama-30b-m,dummy-lora-7b-rank-16-1,299,48,148.9160012147444
2762,dummy-llama-30b-m,dummy-lora-7b-rank-32-3,556,21,149.02670016746936
2763,dummy-llama-30b-m,dummy-lora-7b-rank-128-4,174,29,149.18698161608344
2764,dummy-llama-30b-m,dummy-lora-7b-rank-128-2,294,38,149.20139028741187
2765,dummy-llama-30b-m,dummy-lora-7b-rank-32-1,604,28,149.2533788369835
2766,dummy-llama-30b-m,dummy-lora-7b-rank-16-3,410,42,149.28975577038602
2767,dummy-llama-30b-m,dummy-lora-7b-rank-16-3,556,21,149.35991613922806
2768,dummy-llama-30b-m,dummy-lora-7b-rank-16-0,845,77,149.41005599209646
2769,dummy-llama-30b-m,dummy-lora-7b-rank-16-3,149,73,149.5571128686807
2770,dummy-llama-30b-m,dummy-lora-7b-rank-8-4,569,22,149.61189581381964
2771,dummy-llama-30b-m,dummy-lora-7b-rank-8-2,620,11,149.66307220629471
2772,dummy-llama-30b-m,dummy-lora-7b-rank-8-3,446,8,149.76933730360759
2773,dummy-llama-30b-m,dummy-lora-7b-rank-128-3,599,17,149.7988277101073
2774,dummy-llama-30b-m,dummy-lora-7b-rank-32-4,344,45,149.81499292658444
2775,dummy-llama-30b-m,dummy-lora-7b-rank-128-2,552,19,149.84807853772756
2776,dummy-llama-30b-m,dummy-lora-7b-rank-16-4,548,16,149.8642133854452
2777,dummy-llama-30b-m,dummy-lora-7b-rank-8-4,558,19,149.92367573014266
2778,dummy-llama-30b-m,dummy-lora-7b-rank-64-3,381,36,149.9633516254311
2779,dummy-llama-30b-m,dummy-lora-7b-rank-8-2,601,18,150.093359233049
2780,dummy-llama-30b-m,dummy-lora-7b-rank-8-0,908,60,150.10167651379305
2781,dummy-llama-30b-m,dummy-lora-7b-rank-8-3,856,10,150.21759734372617
2782,dummy-llama-30b-m,dummy-lora-7b-rank-32-4,550,3,150.32094822537434
2783,dummy-llama-30b-m,dummy-lora-7b-rank-32-2,605,22,150.44997476830662
2784,dummy-llama-30b-m,dummy-lora-7b-rank-8-2,594,32,150.55096062387062
2785,dummy-llama-30b-m,dummy-lora-7b-rank-32-1,886,13,150.60504629733944
2786,dummy-llama-30b-m,dummy-lora-7b-rank-8-2,295,30,150.69272134454798
2787,dummy-llama-30b-m,dummy-lora-7b-rank-16-2,863,35,150.7213218543205
2788,dummy-llama-30b-m,dummy-lora-7b-rank-32-2,331,50,150.73919552655693
2789,dummy-llama-30b-m,dummy-lora-7b-rank-32-4,572,30,151.01326857833809
2790,dummy-llama-30b-m,dummy-lora-7b-rank-8-3,134,80,151.03272767989716
2791,dummy-llama-30b-m,dummy-lora-7b-rank-128-2,920,7,151.0490360713472
2792,dummy-llama-30b-m,dummy-lora-7b-rank-64-3,554,25,151.0538032476836
2793,dummy-llama-30b-m,dummy-lora-7b-rank-64-0,560,21,151.0614049166877
2794,dummy-llama-30b-m,dummy-lora-7b-rank-64-4,548,11,151.2648149170453
2795,dummy-llama-30b-m,dummy-lora-7b-rank-8-2,540,100,151.32352863812415
2796,dummy-llama-30b-m,dummy-lora-7b-rank-128-0,552,11,151.40398012415037
2797,dummy-llama-30b-m,dummy-lora-7b-rank-128-0,434,53,151.49605773086483
2798,dummy-llama-30b-m,dummy-lora-7b-rank-16-0,615,25,151.55314423180977
2799,dummy-llama-30b-m,dummy-lora-7b-rank-16-4,193,38,151.57380702858828
2800,dummy-llama-30b-m,dummy-lora-7b-rank-128-1,552,19,151.7578009597175
2801,dummy-llama-30b-m,dummy-lora-7b-rank-16-0,556,21,151.79490062205707
2802,dummy-llama-30b-m,dummy-lora-7b-rank-32-4,208,71,151.8216118064379
2803,dummy-llama-30b-m,dummy-lora-7b-rank-64-2,451,48,151.8512413551648
2804,dummy-llama-30b-m,dummy-lora-7b-rank-16-0,531,56,151.8710209379879
2805,dummy-llama-30b-m,dummy-lora-7b-rank-128-3,452,36,151.93680684186273
2806,dummy-llama-30b-m,dummy-lora-7b-rank-8-0,758,45,152.04780445091208
2807,dummy-llama-30b-m,dummy-lora-7b-rank-32-0,738,61,152.05697616990182
2808,dummy-llama-30b-m,dummy-lora-7b-rank-128-1,511,72,152.13592115558225
2809,dummy-llama-30b-m,dummy-lora-7b-rank-64-4,240,38,152.13906080988073
2810,dummy-llama-30b-m,dummy-lora-7b-rank-16-0,423,44,152.20725275947342
2811,dummy-llama-30b-m,dummy-lora-7b-rank-64-4,345,6,152.24564194837092
2812,dummy-llama-30b-m,dummy-lora-7b-rank-64-4,702,99,152.24833348535785
2813,dummy-llama-30b-m,dummy-lora-7b-rank-32-3,558,25,152.32732171175206
2814,dummy-llama-30b-m,dummy-lora-7b-rank-32-0,582,20,152.36476972754994
2815,dummy-llama-30b-m,dummy-lora-7b-rank-8-2,308,48,152.3874087094464
2816,dummy-llama-30b-m,dummy-lora-7b-rank-64-1,336,53,152.39180263180566
2817,dummy-llama-30b-m,dummy-lora-7b-rank-32-0,626,37,152.43129740097422
2818,dummy-llama-30b-m,dummy-lora-7b-rank-16-1,611,41,152.4941819671311
2819,dummy-llama-30b-m,dummy-lora-7b-rank-64-0,378,44,152.55916899166692
2820,dummy-llama-30b-m,dummy-lora-7b-rank-32-3,871,31,152.58146510551248
2821,dummy-llama-30b-m,dummy-lora-7b-rank-8-0,284,49,152.61061363617821
2822,dummy-llama-30b-m,dummy-lora-7b-rank-64-4,473,57,152.6430457365943
2823,dummy-llama-30b-m,dummy-lora-7b-rank-32-4,736,39,152.72688152769106
2824,dummy-llama-30b-m,dummy-lora-7b-rank-64-2,384,50,152.80459846104498
2825,dummy-llama-30b-m,dummy-lora-7b-rank-32-3,256,14,152.8668346894
2826,dummy-llama-30b-m,dummy-lora-7b-rank-8-1,629,13,152.89893680339102
2827,dummy-llama-30b-m,dummy-lora-7b-rank-32-0,172,55,152.9923799549544
2828,dummy-llama-30b-m,dummy-lora-7b-rank-8-0,333,135,153.12407296647893
2829,dummy-llama-30b-m,dummy-lora-7b-rank-8-3,562,24,153.3580362152813
2830,dummy-llama-30b-m,dummy-lora-7b-rank-16-3,564,25,153.3694505610608
2831,dummy-llama-30b-m,dummy-lora-7b-rank-32-4,359,48,153.40223994023586
2832,dummy-llama-30b-m,dummy-lora-7b-rank-32-0,564,23,153.49708621016816
2833,dummy-llama-30b-m,dummy-lora-7b-rank-128-1,817,12,153.70503726317247
2834,dummy-llama-30b-m,dummy-lora-7b-rank-8-1,302,49,153.71242804322574
2835,dummy-llama-30b-m,dummy-lora-7b-rank-64-2,554,12,153.85350050509865
2836,dummy-llama-30b-m,dummy-lora-7b-rank-64-1,546,16,153.8833006791987
2837,dummy-llama-30b-m,dummy-lora-7b-rank-64-0,468,22,153.91220802347402
2838,dummy-llama-30b-m,dummy-lora-7b-rank-32-3,438,53,153.98421753237963
2839,dummy-llama-30b-m,dummy-lora-7b-rank-8-3,564,25,154.02350574871485
2840,dummy-llama-30b-m,dummy-lora-7b-rank-16-1,556,13,154.02803167994944
2841,dummy-llama-30b-m,dummy-lora-7b-rank-16-2,556,23,154.1693807240268
2842,dummy-llama-30b-m,dummy-lora-7b-rank-16-0,338,46,154.23685709088375
2843,dummy-llama-30b-m,dummy-lora-7b-rank-64-3,197,48,154.43164531497067
2844,dummy-llama-30b-m,dummy-lora-7b-rank-32-3,356,39,154.44944615814202
2845,dummy-llama-30b-m,dummy-lora-7b-rank-128-4,570,30,154.58295473138526
2846,dummy-llama-30b-m,dummy-lora-7b-rank-16-3,620,7,154.58689930765684
2847,dummy-llama-30b-m,dummy-lora-7b-rank-32-3,531,11,154.66159322022125
2848,dummy-llama-30b-m,dummy-lora-7b-rank-8-0,562,24,154.69486342423988
2849,dummy-llama-30b-m,dummy-lora-7b-rank-8-0,760,15,154.71813449719033
2850,dummy-llama-30b-m,dummy-lora-7b-rank-8-2,736,45,154.76968036519528
2851,dummy-llama-30b-m,dummy-lora-7b-rank-128-2,348,136,154.77937895718367
2852,dummy-llama-30b-m,dummy-lora-7b-rank-128-0,552,10,154.7907624096939
2853,dummy-llama-30b-m,dummy-lora-7b-rank-16-2,793,8,154.94347168196938
2854,dummy-llama-30b-m,dummy-lora-7b-rank-64-2,607,17,154.95550051021434
2855,dummy-llama-30b-m,dummy-lora-7b-rank-8-1,580,13,155.02541001131192
2856,dummy-llama-30b-m,dummy-lora-7b-rank-32-4,741,34,155.11593330936344
2857,dummy-llama-30b-m,dummy-lora-7b-rank-128-2,472,39,155.16757845827456
2858,dummy-llama-30b-m,dummy-lora-7b-rank-16-0,366,6,155.2031748836696
2859,dummy-llama-30b-m,dummy-lora-7b-rank-128-0,511,10,155.20417480625116
2860,dummy-llama-30b-m,dummy-lora-7b-rank-32-2,609,19,155.24639167468965
2861,dummy-llama-30b-m,dummy-lora-7b-rank-32-2,540,41,155.26208142123744
2862,dummy-llama-30b-m,dummy-lora-7b-rank-64-2,305,42,155.2727461668553
2863,dummy-llama-30b-m,dummy-lora-7b-rank-8-2,572,32,155.3425861567233
2864,dummy-llama-30b-m,dummy-lora-7b-rank-16-1,492,67,155.39821703406545
2865,dummy-llama-30b-m,dummy-lora-7b-rank-8-2,193,44,155.40878456133652
2866,dummy-llama-30b-m,dummy-lora-7b-rank-16-1,592,74,155.41244196984812
2867,dummy-llama-30b-m,dummy-lora-7b-rank-8-4,599,17,155.51191877989845
2868,dummy-llama-30b-m,dummy-lora-7b-rank-16-4,171,94,155.51267552963466
2869,dummy-llama-30b-m,dummy-lora-7b-rank-16-1,615,28,155.51957181239362
2870,dummy-llama-30b-m,dummy-lora-7b-rank-16-2,677,70,155.57100969272759
2871,dummy-llama-30b-m,dummy-lora-7b-rank-8-0,606,3,155.6165683844296
2872,dummy-llama-30b-m,dummy-lora-7b-rank-8-3,889,37,155.72696869674309
2873,dummy-llama-30b-m,dummy-lora-7b-rank-32-0,988,3,155.7443109398678
2874,dummy-llama-30b-m,dummy-lora-7b-rank-32-4,550,18,155.85953202030854
2875,dummy-llama-30b-m,dummy-lora-7b-rank-32-3,558,22,155.86111828581036
2876,dummy-llama-30b-m,dummy-lora-7b-rank-64-0,249,53,155.9337762962545
2877,dummy-llama-30b-m,dummy-lora-7b-rank-8-3,854,3,156.26246746384527
2878,dummy-llama-30b-m,dummy-lora-7b-rank-64-4,560,17,156.28837084724154
2879,dummy-llama-30b-m,dummy-lora-7b-rank-64-2,296,42,156.3397214307639
2880,dummy-llama-30b-m,dummy-lora-7b-rank-64-4,393,49,156.36565940134952
2881,dummy-llama-30b-m,dummy-lora-7b-rank-8-0,443,54,156.44605796500494
2882,dummy-llama-30b-m,dummy-lora-7b-rank-16-3,666,9,156.46193137748702
2883,dummy-llama-30b-m,dummy-lora-7b-rank-8-0,556,21,156.57321070268998
2884,dummy-llama-30b-m,dummy-lora-7b-rank-64-4,556,24,156.61512146271056
2885,dummy-llama-30b-m,dummy-lora-7b-rank-128-3,552,21,156.67229385144395
2886,dummy-llama-30b-m,dummy-lora-7b-rank-64-4,345,57,156.75476362789638
2887,dummy-llama-30b-m,dummy-lora-7b-rank-32-1,592,14,156.9459169855643
2888,dummy-llama-30b-m,dummy-lora-7b-rank-32-2,97,49,156.94910301092725
2889,dummy-llama-30b-m,dummy-lora-7b-rank-32-3,560,23,156.9632816663222
2890,dummy-llama-30b-m,dummy-lora-7b-rank-64-2,572,31,157.04234640876456
2891,dummy-llama-30b-m,dummy-lora-7b-rank-8-1,331,114,157.09303242011757
2892,dummy-llama-30b-m,dummy-lora-7b-rank-64-0,378,82,157.22495456654752
2893,dummy-llama-30b-m,dummy-lora-7b-rank-8-2,366,45,157.22955896738722
2894,dummy-llama-30b-m,dummy-lora-7b-rank-8-1,584,38,157.25457757293947
2895,dummy-llama-30b-m,dummy-lora-7b-rank-8-4,576,34,157.3322871285143
2896,dummy-llama-30b-m,dummy-lora-7b-rank-32-3,562,24,157.36082367958994
2897,dummy-llama-30b-m,dummy-lora-7b-rank-128-0,570,29,157.37404336405527
2898,dummy-llama-30b-m,dummy-lora-7b-rank-32-4,247,70,157.4431522598847
2899,dummy-llama-30b-m,dummy-lora-7b-rank-16-1,667,15,157.44955389668212
2900,dummy-llama-30b-m,dummy-lora-7b-rank-16-1,251,80,157.4732087812095
2901,dummy-llama-30b-m,dummy-lora-7b-rank-128-4,339,55,157.53096900232296
2902,dummy-llama-30b-m,dummy-lora-7b-rank-64-0,256,46,157.57585007882514
2903,dummy-llama-30b-m,dummy-lora-7b-rank-32-4,511,32,157.58534353162275
2904,dummy-llama-30b-m,dummy-lora-7b-rank-64-0,306,75,157.59386672340213
2905,dummy-llama-30b-m,dummy-lora-7b-rank-128-4,403,11,157.67386157855515
2906,dummy-llama-30b-m,dummy-lora-7b-rank-128-3,672,13,157.6754560848395
2907,dummy-llama-30b-m,dummy-lora-7b-rank-8-1,693,193,157.7703855440681
2908,dummy-llama-30b-m,dummy-lora-7b-rank-32-4,552,40,157.79613853697387
2909,dummy-llama-30b-m,dummy-lora-7b-rank-16-4,617,20,157.8578163864995
2910,dummy-llama-30b-m,dummy-lora-7b-rank-128-1,855,146,158.0106141637932
2911,dummy-llama-30b-m,dummy-lora-7b-rank-64-0,580,32,158.09761210533412
2912,dummy-llama-30b-m,dummy-lora-7b-rank-32-0,564,25,158.10170602076212
2913,dummy-llama-30b-m,dummy-lora-7b-rank-32-0,275,92,158.12941455620225
2914,dummy-llama-30b-m,dummy-lora-7b-rank-32-4,349,5,158.13193467110483
2915,dummy-llama-30b-m,dummy-lora-7b-rank-32-3,274,99,158.2359216373243
2916,dummy-llama-30b-m,dummy-lora-7b-rank-64-3,556,18,158.27788954871386
2917,dummy-llama-30b-m,dummy-lora-7b-rank-128-0,379,56,158.29153659835578
2918,dummy-llama-30b-m,dummy-lora-7b-rank-64-4,588,12,158.33470975550526
2919,dummy-llama-30b-m,dummy-lora-7b-rank-16-4,360,38,158.33967460401786
2920,dummy-llama-30b-m,dummy-lora-7b-rank-32-0,554,12,158.37008157869897
2921,dummy-llama-30b-m,dummy-lora-7b-rank-128-1,191,53,158.42187030119527
2922,dummy-llama-30b-m,dummy-lora-7b-rank-16-4,576,30,158.45824709750337
2923,dummy-llama-30b-m,dummy-lora-7b-rank-64-4,372,32,158.47814214629028
2924,dummy-llama-30b-m,dummy-lora-7b-rank-64-1,777,82,158.54000859490006
2925,dummy-llama-30b-m,dummy-lora-7b-rank-8-4,832,10,158.602260088678
2926,dummy-llama-30b-m,dummy-lora-7b-rank-32-0,1001,45,158.8726249951795
2927,dummy-llama-30b-m,dummy-lora-7b-rank-16-0,223,50,159.0011126485758
2928,dummy-llama-30b-m,dummy-lora-7b-rank-64-0,554,20,159.113065435121
2929,dummy-llama-30b-m,dummy-lora-7b-rank-16-2,355,8,159.14516113787766
2930,dummy-llama-30b-m,dummy-lora-7b-rank-64-0,602,220,159.5871242423643
2931,dummy-llama-30b-m,dummy-lora-7b-rank-8-2,142,55,159.72537644729644
2932,dummy-llama-30b-m,dummy-lora-7b-rank-8-4,742,18,159.7272466386803
2933,dummy-llama-30b-m,dummy-lora-7b-rank-32-3,990,63,159.73701413710083
2934,dummy-llama-30b-m,dummy-lora-7b-rank-16-4,216,34,159.756916116466
2935,dummy-llama-30b-m,dummy-lora-7b-rank-64-3,220,38,159.91850006336483
2936,dummy-llama-30b-m,dummy-lora-7b-rank-8-1,402,5,160.0118462674931
2937,dummy-llama-30b-m,dummy-lora-7b-rank-32-3,452,62,160.18418360632432
2938,dummy-llama-30b-m,dummy-lora-7b-rank-32-4,906,54,160.27983091513417
2939,dummy-llama-30b-m,dummy-lora-7b-rank-32-0,883,84,160.28467926439026
2940,dummy-llama-30b-m,dummy-lora-7b-rank-16-1,315,36,160.4510011677491
2941,dummy-llama-30b-m,dummy-lora-7b-rank-128-2,513,8,160.66228637247096
2942,dummy-llama-30b-m,dummy-lora-7b-rank-64-2,566,28,160.70705587926054
2943,dummy-llama-30b-m,dummy-lora-7b-rank-64-0,357,11,160.71400133979287
2944,dummy-llama-30b-m,dummy-lora-7b-rank-64-3,323,52,160.80044688042346
2945,dummy-llama-30b-m,dummy-lora-7b-rank-16-3,285,42,160.89033293993336
2946,dummy-llama-30b-m,dummy-lora-7b-rank-16-3,448,63,160.95431582950366
2947,dummy-llama-30b-m,dummy-lora-7b-rank-32-4,546,11,161.15667210982213
2948,dummy-llama-30b-m,dummy-lora-7b-rank-8-3,868,8,161.21669490508853
2949,dummy-llama-30b-m,dummy-lora-7b-rank-8-4,163,132,161.36259062178848
2950,dummy-llama-30b-m,dummy-lora-7b-rank-16-3,384,10,161.38478663823867
2951,dummy-llama-30b-m,dummy-lora-7b-rank-32-1,623,34,161.38576610681937
2952,dummy-llama-30b-m,dummy-lora-7b-rank-64-3,199,37,161.47209902103165
2953,dummy-llama-30b-m,dummy-lora-7b-rank-16-1,576,34,161.52251175228812
2954,dummy-llama-30b-m,dummy-lora-7b-rank-128-2,601,15,161.55054950968866
2955,dummy-llama-30b-m,dummy-lora-7b-rank-64-2,179,48,161.5595921173579
2956,dummy-llama-30b-m,dummy-lora-7b-rank-128-1,357,196,161.5829660806367
2957,dummy-llama-30b-m,dummy-lora-7b-rank-128-1,554,20,161.61974154239832
2958,dummy-llama-30b-m,dummy-lora-7b-rank-64-0,689,68,161.64079136590655
2959,dummy-llama-30b-m,dummy-lora-7b-rank-128-3,457,8,161.73564439959827
2960,dummy-llama-30b-m,dummy-lora-7b-rank-16-1,700,12,161.76402584540818
2961,dummy-llama-30b-m,dummy-lora-7b-rank-128-2,714,10,161.76545034615833
2962,dummy-llama-30b-m,dummy-lora-7b-rank-128-1,508,65,161.82185571758725
2963,dummy-llama-30b-m,dummy-lora-7b-rank-64-2,552,22,161.82923871073092
2964,dummy-llama-30b-m,dummy-lora-7b-rank-64-2,631,26,161.83607275730975
2965,dummy-llama-30b-m,dummy-lora-7b-rank-128-1,238,47,161.89693947062528
2966,dummy-llama-30b-m,dummy-lora-7b-rank-32-4,821,84,161.91870493662455
2967,dummy-llama-30b-m,dummy-lora-7b-rank-128-2,602,30,162.00885854332034
2968,dummy-llama-30b-m,dummy-lora-7b-rank-16-1,947,74,162.06492340841848
2969,dummy-llama-30b-m,dummy-lora-7b-rank-64-3,459,55,162.12247117815076
2970,dummy-llama-30b-m,dummy-lora-7b-rank-16-2,826,232,162.1690987650048
2971,dummy-llama-30b-m,dummy-lora-7b-rank-8-1,674,30,162.21258025161478
2972,dummy-llama-30b-m,dummy-lora-7b-rank-128-2,547,44,162.34741914939016
2973,dummy-llama-30b-m,dummy-lora-7b-rank-128-1,315,42,162.43340149072208
2974,dummy-llama-30b-m,dummy-lora-7b-rank-32-4,945,66,162.4484083419695
2975,dummy-llama-30b-m,dummy-lora-7b-rank-16-4,572,19,162.46851172353834
2976,dummy-llama-30b-m,dummy-lora-7b-rank-128-1,106,20,162.71996705040928
2977,dummy-llama-30b-m,dummy-lora-7b-rank-32-0,607,24,162.72895016475348
2978,dummy-llama-30b-m,dummy-lora-7b-rank-64-3,857,11,162.75451645764863
2979,dummy-llama-30b-m,dummy-lora-7b-rank-16-2,601,17,162.89845477196297
2980,dummy-llama-30b-m,dummy-lora-7b-rank-16-1,453,49,162.9098431765331
2981,dummy-llama-30b-m,dummy-lora-7b-rank-16-0,560,24,162.92878434386466
2982,dummy-llama-30b-m,dummy-lora-7b-rank-32-0,363,37,162.93458544155422
2983,dummy-llama-30b-m,dummy-lora-7b-rank-32-0,324,47,162.94735431656613
2984,dummy-llama-30b-m,dummy-lora-7b-rank-128-1,548,19,162.98013093206117
2985,dummy-llama-30b-m,dummy-lora-7b-rank-32-3,597,6,162.99979122043584
2986,dummy-llama-30b-m,dummy-lora-7b-rank-64-3,503,104,163.0176864348554
2987,dummy-llama-30b-m,dummy-lora-7b-rank-16-0,476,9,163.10269173604505
2988,dummy-llama-30b-m,dummy-lora-7b-rank-64-1,120,78,163.12402016561498
2989,dummy-llama-30b-m,dummy-lora-7b-rank-16-4,208,6,163.1545935614085
2990,dummy-llama-30b-m,dummy-lora-7b-rank-128-0,599,17,163.18069251521644
2991,dummy-llama-30b-m,dummy-lora-7b-rank-16-1,237,46,163.2967282959191
2992,dummy-llama-30b-m,dummy-lora-7b-rank-8-4,860,8,163.3814325484937
2993,dummy-llama-30b-m,dummy-lora-7b-rank-128-0,376,54,163.39167503719221
2994,dummy-llama-30b-m,dummy-lora-7b-rank-128-3,536,8,163.48868665131246
2995,dummy-llama-30b-m,dummy-lora-7b-rank-16-2,633,10,163.56561553746
2996,dummy-llama-30b-m,dummy-lora-7b-rank-64-4,556,13,163.59856321935368
2997,dummy-llama-30b-m,dummy-lora-7b-rank-64-2,777,73,163.7549752446784
2998,dummy-llama-30b-m,dummy-lora-7b-rank-32-2,820,29,163.87412537069594
2999,dummy-llama-30b-m,dummy-lora-7b-rank-64-0,487,11,163.8751234465066
3000,dummy-llama-30b-m,dummy-lora-7b-rank-128-1,554,20,164.03446861337906
3001,dummy-llama-30b-m,dummy-lora-7b-rank-8-0,607,22,164.07336275967134
3002,dummy-llama-30b-m,dummy-lora-7b-rank-32-4,306,48,164.12167171332902
3003,dummy-llama-30b-m,dummy-lora-7b-rank-64-3,563,55,164.14464917942104
3004,dummy-llama-30b-m,dummy-lora-7b-rank-64-4,849,24,164.15136880061195
3005,dummy-llama-30b-m,dummy-lora-7b-rank-64-0,426,86,164.20207320435665
3006,dummy-llama-30b-m,dummy-lora-7b-rank-128-4,554,22,164.2662714665894
3007,dummy-llama-30b-m,dummy-lora-7b-rank-128-1,257,57,164.3327171499033
3008,dummy-llama-30b-m,dummy-lora-7b-rank-32-4,234,104,164.37529183475436
3009,dummy-llama-30b-m,dummy-lora-7b-rank-64-0,550,18,164.37680357574695
3010,dummy-llama-30b-m,dummy-lora-7b-rank-128-2,587,93,164.4036802231688
3011,dummy-llama-30b-m,dummy-lora-7b-rank-64-3,423,60,164.47003645421782
3012,dummy-llama-30b-m,dummy-lora-7b-rank-128-4,1015,3,164.49323200646933
3013,dummy-llama-30b-m,dummy-lora-7b-rank-16-0,268,18,164.52337669571713
3014,dummy-llama-30b-m,dummy-lora-7b-rank-64-4,605,8,164.54034281127053
3015,dummy-llama-30b-m,dummy-lora-7b-rank-8-4,247,54,164.54060210318198
3016,dummy-llama-30b-m,dummy-lora-7b-rank-32-1,385,7,164.58949254719857
3017,dummy-llama-30b-m,dummy-lora-7b-rank-16-3,148,47,164.6003445131739
3018,dummy-llama-30b-m,dummy-lora-7b-rank-16-4,622,54,164.60738608043388
3019,dummy-llama-30b-m,dummy-lora-7b-rank-32-3,578,35,164.76730438128217
3020,dummy-llama-30b-m,dummy-lora-7b-rank-64-2,269,45,164.83816280636506
3021,dummy-llama-30b-m,dummy-lora-7b-rank-32-2,617,21,164.89032550101695
3022,dummy-llama-30b-m,dummy-lora-7b-rank-32-4,300,33,164.89605070934724
3023,dummy-llama-30b-m,dummy-lora-7b-rank-128-3,223,64,164.95822306788446
3024,dummy-llama-30b-m,dummy-lora-7b-rank-32-4,113,30,164.98433825406235
3025,dummy-llama-30b-m,dummy-lora-7b-rank-64-2,574,33,164.99704853312736
3026,dummy-llama-30b-m,dummy-lora-7b-rank-8-4,334,46,165.06056311305306
3027,dummy-llama-30b-m,dummy-lora-7b-rank-32-2,552,20,165.14339305444025
3028,dummy-llama-30b-m,dummy-lora-7b-rank-16-1,968,51,165.18885396061577
3029,dummy-llama-30b-m,dummy-lora-7b-rank-8-4,586,18,165.23439531019497
3030,dummy-llama-30b-m,dummy-lora-7b-rank-64-1,532,44,165.2551724862855
3031,dummy-llama-30b-m,dummy-lora-7b-rank-8-4,686,33,165.2736578727476
3032,dummy-llama-30b-m,dummy-lora-7b-rank-8-3,277,6,165.34975480369351
3033,dummy-llama-30b-m,dummy-lora-7b-rank-16-3,326,54,165.35084837899456
3034,dummy-llama-30b-m,dummy-lora-7b-rank-32-4,392,58,165.40297009313716
3035,dummy-llama-30b-m,dummy-lora-7b-rank-64-4,792,107,165.54384321054988
3036,dummy-llama-30b-m,dummy-lora-7b-rank-8-4,599,25,165.57243606093633
3037,dummy-llama-30b-m,dummy-lora-7b-rank-32-0,851,22,165.61292148607677
3038,dummy-llama-30b-m,dummy-lora-7b-rank-64-4,554,20,165.61948639710525
3039,dummy-llama-30b-m,dummy-lora-7b-rank-32-1,564,26,165.62732226905212
3040,dummy-llama-30b-m,dummy-lora-7b-rank-128-4,839,105,165.64070569932687
3041,dummy-llama-30b-m,dummy-lora-7b-rank-32-2,550,18,165.8866245302044
3042,dummy-llama-30b-m,dummy-lora-7b-rank-64-3,556,17,165.89725613543527
3043,dummy-llama-30b-m,dummy-lora-7b-rank-128-3,590,40,165.9116403189423
3044,dummy-llama-30b-m,dummy-lora-7b-rank-128-0,436,54,166.04350848313604
3045,dummy-llama-30b-m,dummy-lora-7b-rank-64-2,515,46,166.07205431803504
3046,dummy-llama-30b-m,dummy-lora-7b-rank-64-2,544,11,166.11052567847622
3047,dummy-llama-30b-m,dummy-lora-7b-rank-32-2,184,3,166.27016798669797
3048,dummy-llama-30b-m,dummy-lora-7b-rank-32-2,253,44,166.42688471095008
3049,dummy-llama-30b-m,dummy-lora-7b-rank-64-4,128,55,166.42843091548832
3050,dummy-llama-30b-m,dummy-lora-7b-rank-128-1,504,51,166.48857433272053
3051,dummy-llama-30b-m,dummy-lora-7b-rank-64-4,643,64,166.51527138817363
3052,dummy-llama-30b-m,dummy-lora-7b-rank-32-0,244,46,166.52653908383851
3053,dummy-llama-30b-m,dummy-lora-7b-rank-8-3,400,11,166.5781991776883
3054,dummy-llama-30b-m,dummy-lora-7b-rank-128-1,883,76,166.64143761169603
3055,dummy-llama-30b-m,dummy-lora-7b-rank-16-0,238,4,166.6491378550714
3056,dummy-llama-30b-m,dummy-lora-7b-rank-64-4,464,36,166.656389759848
3057,dummy-llama-30b-m,dummy-lora-7b-rank-8-3,641,66,166.66340323176956
3058,dummy-llama-30b-m,dummy-lora-7b-rank-32-4,269,115,166.72208750550467
3059,dummy-llama-30b-m,dummy-lora-7b-rank-128-3,407,176,166.81393961351588
3060,dummy-llama-30b-m,dummy-lora-7b-rank-16-0,849,33,166.8212428654907
3061,dummy-llama-30b-m,dummy-lora-7b-rank-128-3,276,44,166.86140870168572
3062,dummy-llama-30b-m,dummy-lora-7b-rank-16-2,639,118,166.90918227111257
3063,dummy-llama-30b-m,dummy-lora-7b-rank-8-4,339,53,166.91121630216574
3064,dummy-llama-30b-m,dummy-lora-7b-rank-64-1,196,3,167.01026557512708
3065,dummy-llama-30b-m,dummy-lora-7b-rank-16-1,231,50,167.017627106583
3066,dummy-llama-30b-m,dummy-lora-7b-rank-32-0,272,93,167.08727317889569
3067,dummy-llama-30b-m,dummy-lora-7b-rank-64-4,379,33,167.09100482421118
3068,dummy-llama-30b-m,dummy-lora-7b-rank-32-0,605,12,167.18581772817487
3069,dummy-llama-30b-m,dummy-lora-7b-rank-8-4,718,32,167.2256842873403
3070,dummy-llama-30b-m,dummy-lora-7b-rank-8-1,568,28,167.2488654830576
3071,dummy-llama-30b-m,dummy-lora-7b-rank-128-1,175,142,167.4306825453812
3072,dummy-llama-30b-m,dummy-lora-7b-rank-8-1,574,32,167.49116504003345
3073,dummy-llama-30b-m,dummy-lora-7b-rank-16-4,855,42,167.59170011718973
3074,dummy-llama-30b-m,dummy-lora-7b-rank-16-2,568,27,167.63232368737553
3075,dummy-llama-30b-m,dummy-lora-7b-rank-64-2,309,49,167.7340192513344
3076,dummy-llama-30b-m,dummy-lora-7b-rank-128-3,390,59,167.79916814369577
3077,dummy-llama-30b-m,dummy-lora-7b-rank-64-0,554,20,167.8404010324519
3078,dummy-llama-30b-m,dummy-lora-7b-rank-16-1,562,25,167.91564712052894
3079,dummy-llama-30b-m,dummy-lora-7b-rank-16-4,562,18,167.9417701324231
3080,dummy-llama-30b-m,dummy-lora-7b-rank-64-2,403,44,167.9996148164811
3081,dummy-llama-30b-m,dummy-lora-7b-rank-128-0,446,36,168.04980135075485
3082,dummy-llama-30b-m,dummy-lora-7b-rank-8-4,595,36,168.06561238486321
3083,dummy-llama-30b-m,dummy-lora-7b-rank-32-3,354,34,168.14955844900547
3084,dummy-llama-30b-m,dummy-lora-7b-rank-8-3,562,24,168.2163403346473
3085,dummy-llama-30b-m,dummy-lora-7b-rank-8-4,603,19,168.30026891817087
3086,dummy-llama-30b-m,dummy-lora-7b-rank-8-4,294,42,168.33116657481955
3087,dummy-llama-30b-m,dummy-lora-7b-rank-64-0,133,45,168.421138885987
3088,dummy-llama-30b-m,dummy-lora-7b-rank-64-0,271,119,168.4335397817681
3089,dummy-llama-30b-m,dummy-lora-7b-rank-32-0,432,38,168.5631983708386
3090,dummy-llama-30b-m,dummy-lora-7b-rank-128-3,878,34,168.6961476144486
3091,dummy-llama-30b-m,dummy-lora-7b-rank-64-0,111,33,168.72080227840084
3092,dummy-llama-30b-m,dummy-lora-7b-rank-8-1,264,72,168.72662051965506
3093,dummy-llama-30b-m,dummy-lora-7b-rank-128-3,601,18,168.7658778317608
3094,dummy-llama-30b-m,dummy-lora-7b-rank-128-2,97,81,168.80451632994212
3095,dummy-llama-30b-m,dummy-lora-7b-rank-128-0,747,45,168.86526480020981
3096,dummy-llama-30b-m,dummy-lora-7b-rank-32-3,552,19,168.87390902953814
3097,dummy-llama-30b-m,dummy-lora-7b-rank-8-2,216,7,168.91796230206867
3098,dummy-llama-30b-m,dummy-lora-7b-rank-64-0,322,108,168.920210731416
3099,dummy-llama-30b-m,dummy-lora-7b-rank-32-3,630,48,168.96006454277884
3100,dummy-llama-30b-m,dummy-lora-7b-rank-8-3,584,18,168.97853038775648
3101,dummy-llama-30b-m,dummy-lora-7b-rank-32-3,603,63,169.00706487816302
3102,dummy-llama-30b-m,dummy-lora-7b-rank-32-2,735,51,169.01643409235558
3103,dummy-llama-30b-m,dummy-lora-7b-rank-8-4,336,47,169.0984286091092
3104,dummy-llama-30b-m,dummy-lora-7b-rank-8-3,244,59,169.1266841293807
3105,dummy-llama-30b-m,dummy-lora-7b-rank-32-4,387,125,169.13998390503036
3106,dummy-llama-30b-m,dummy-lora-7b-rank-8-1,533,48,169.14576041653527
3107,dummy-llama-30b-m,dummy-lora-7b-rank-16-1,742,34,169.1517760353133
3108,dummy-llama-30b-m,dummy-lora-7b-rank-128-1,195,50,169.18442748446205
3109,dummy-llama-30b-m,dummy-lora-7b-rank-16-2,458,53,169.18764695334283
3110,dummy-llama-30b-m,dummy-lora-7b-rank-8-3,444,53,169.19669584742414
3111,dummy-llama-30b-m,dummy-lora-7b-rank-32-0,198,45,169.25350343276546
3112,dummy-llama-30b-m,dummy-lora-7b-rank-32-3,380,44,169.27200265282173
3113,dummy-llama-30b-m,dummy-lora-7b-rank-32-4,441,50,169.28205899279234
3114,dummy-llama-30b-m,dummy-lora-7b-rank-32-0,133,47,169.32087648143178
3115,dummy-llama-30b-m,dummy-lora-7b-rank-128-4,238,11,169.3519861078483
3116,dummy-llama-30b-m,dummy-lora-7b-rank-32-1,433,50,169.39397420565436
3117,dummy-llama-30b-m,dummy-lora-7b-rank-8-4,558,22,169.50600888561635
3118,dummy-llama-30b-m,dummy-lora-7b-rank-8-3,547,54,169.5860717568252
3119,dummy-llama-30b-m,dummy-lora-7b-rank-64-3,870,21,169.59570228378777
3120,dummy-llama-30b-m,dummy-lora-7b-rank-64-2,463,45,169.6240566348186
3121,dummy-llama-30b-m,dummy-lora-7b-rank-8-2,381,52,169.66573452347748
3122,dummy-llama-30b-m,dummy-lora-7b-rank-32-4,256,202,169.69592323826106
3123,dummy-llama-30b-m,dummy-lora-7b-rank-16-1,717,49,169.7485972452176
3124,dummy-llama-30b-m,dummy-lora-7b-rank-32-3,608,32,169.75208859333205
3125,dummy-llama-30b-m,dummy-lora-7b-rank-8-4,623,48,169.75425623336824
3126,dummy-llama-30b-m,dummy-lora-7b-rank-64-4,556,20,169.84338667160372
3127,dummy-llama-30b-m,dummy-lora-7b-rank-8-1,863,11,169.88363753456102
3128,dummy-llama-30b-m,dummy-lora-7b-rank-64-2,741,28,169.8871512121915
3129,dummy-llama-30b-m,dummy-lora-7b-rank-128-0,419,5,169.89240311203633
3130,dummy-llama-30b-m,dummy-lora-7b-rank-128-0,927,43,169.8996942343211
3131,dummy-llama-30b-m,dummy-lora-7b-rank-128-4,572,31,169.94811510048828
3132,dummy-llama-30b-m,dummy-lora-7b-rank-32-1,548,17,169.98154430538483
3133,dummy-llama-30b-m,dummy-lora-7b-rank-128-1,572,18,169.99418857474157
3134,dummy-llama-30b-m,dummy-lora-7b-rank-64-0,221,81,170.20501362140945
3135,dummy-llama-30b-m,dummy-lora-7b-rank-128-4,617,44,170.2277168813854
3136,dummy-llama-30b-m,dummy-lora-7b-rank-16-1,907,11,170.23736013193442
3137,dummy-llama-30b-m,dummy-lora-7b-rank-128-4,295,121,170.24911081274095
3138,dummy-llama-30b-m,dummy-lora-7b-rank-64-2,309,12,170.24976870400886
3139,dummy-llama-30b-m,dummy-lora-7b-rank-64-2,247,56,170.2515585743222
3140,dummy-llama-30b-m,dummy-lora-7b-rank-128-0,594,157,170.25631672913494
3141,dummy-llama-30b-m,dummy-lora-7b-rank-32-4,596,44,170.28425190126148
3142,dummy-llama-30b-m,dummy-lora-7b-rank-128-4,558,22,170.29224218219986
3143,dummy-llama-30b-m,dummy-lora-7b-rank-64-0,550,10,170.3368180151662
3144,dummy-llama-30b-m,dummy-lora-7b-rank-128-3,550,21,170.34845236107634
3145,dummy-llama-30b-m,dummy-lora-7b-rank-64-1,671,63,170.3544871972895
3146,dummy-llama-30b-m,dummy-lora-7b-rank-8-4,554,19,170.37298883418697
3147,dummy-llama-30b-m,dummy-lora-7b-rank-16-2,311,6,170.4182238827921
3148,dummy-llama-30b-m,dummy-lora-7b-rank-64-2,574,33,170.43479111488944
3149,dummy-llama-30b-m,dummy-lora-7b-rank-128-1,260,100,170.50710091884812
3150,dummy-llama-30b-m,dummy-lora-7b-rank-16-1,257,113,170.51623771958606
3151,dummy-llama-30b-m,dummy-lora-7b-rank-16-1,391,19,170.67358898181695
3152,dummy-llama-30b-m,dummy-lora-7b-rank-64-2,473,11,170.6809645858286
3153,dummy-llama-30b-m,dummy-lora-7b-rank-16-3,56,46,170.76183018572553
3154,dummy-llama-30b-m,dummy-lora-7b-rank-32-0,703,14,170.81033427500464
3155,dummy-llama-30b-m,dummy-lora-7b-rank-128-0,173,53,171.00496870100739
3156,dummy-llama-30b-m,dummy-lora-7b-rank-64-3,556,21,171.01956213916122
3157,dummy-llama-30b-m,dummy-lora-7b-rank-32-1,228,51,171.02269414961646
3158,dummy-llama-30b-m,dummy-lora-7b-rank-128-2,255,48,171.13956737519754
3159,dummy-llama-30b-m,dummy-lora-7b-rank-32-1,440,50,171.22989421191238
3160,dummy-llama-30b-m,dummy-lora-7b-rank-64-4,357,52,171.29297702809941
3161,dummy-llama-30b-m,dummy-lora-7b-rank-32-4,320,55,171.48841979317513
3162,dummy-llama-30b-m,dummy-lora-7b-rank-128-3,243,7,171.5758550256373
3163,dummy-llama-30b-m,dummy-lora-7b-rank-64-1,367,39,171.6229733807942
3164,dummy-llama-30b-m,dummy-lora-7b-rank-16-4,544,12,171.68337683498734
3165,dummy-llama-30b-m,dummy-lora-7b-rank-64-3,469,62,171.68847537159687
3166,dummy-llama-30b-m,dummy-lora-7b-rank-64-3,246,54,171.73513470960503
3167,dummy-llama-30b-m,dummy-lora-7b-rank-128-4,560,55,171.80024310604546
3168,dummy-llama-30b-m,dummy-lora-7b-rank-64-3,871,55,171.83735458153703
3169,dummy-llama-30b-m,dummy-lora-7b-rank-64-1,554,20,171.87805402992328
3170,dummy-llama-30b-m,dummy-lora-7b-rank-16-4,470,17,171.90103276705386
3171,dummy-llama-30b-m,dummy-lora-7b-rank-8-2,236,43,171.95061162355003
3172,dummy-llama-30b-m,dummy-lora-7b-rank-64-4,604,14,171.95136591957203
3173,dummy-llama-30b-m,dummy-lora-7b-rank-8-2,662,38,171.9838785129687
3174,dummy-llama-30b-m,dummy-lora-7b-rank-64-1,648,16,172.01031644411214
3175,dummy-llama-30b-m,dummy-lora-7b-rank-64-1,112,54,172.02071093693115
3176,dummy-llama-30b-m,dummy-lora-7b-rank-8-3,735,54,172.07188673687503
3177,dummy-llama-30b-m,dummy-lora-7b-rank-8-1,576,33,172.11434472883423
3178,dummy-llama-30b-m,dummy-lora-7b-rank-8-1,375,53,172.3128520444704
3179,dummy-llama-30b-m,dummy-lora-7b-rank-8-1,303,88,172.32809886126853
3180,dummy-llama-30b-m,dummy-lora-7b-rank-16-0,552,17,172.45868002412473
3181,dummy-llama-30b-m,dummy-lora-7b-rank-64-0,560,13,172.48673902708046
3182,dummy-llama-30b-m,dummy-lora-7b-rank-16-4,586,15,172.50342980353923
3183,dummy-llama-30b-m,dummy-lora-7b-rank-8-3,499,49,172.55830436516018
3184,dummy-llama-30b-m,dummy-lora-7b-rank-128-0,564,27,172.58712576774394
3185,dummy-llama-30b-m,dummy-lora-7b-rank-32-3,454,46,172.60772596644074
3186,dummy-llama-30b-m,dummy-lora-7b-rank-64-4,268,63,172.64842482739348
3187,dummy-llama-30b-m,dummy-lora-7b-rank-16-2,605,7,172.65415120912945
3188,dummy-llama-30b-m,dummy-lora-7b-rank-16-2,287,66,172.70066937429428
3189,dummy-llama-30b-m,dummy-lora-7b-rank-8-3,332,65,172.79309360285953
3190,dummy-llama-30b-m,dummy-lora-7b-rank-128-2,570,31,172.8067934731266
3191,dummy-llama-30b-m,dummy-lora-7b-rank-8-2,519,95,172.83159581990614
3192,dummy-llama-30b-m,dummy-lora-7b-rank-32-2,248,79,172.8422451338066
3193,dummy-llama-30b-m,dummy-lora-7b-rank-16-0,178,51,172.84240459701957
3194,dummy-llama-30b-m,dummy-lora-7b-rank-16-0,767,68,172.87981865388977
3195,dummy-llama-30b-m,dummy-lora-7b-rank-16-0,542,52,173.06606490027568
3196,dummy-llama-30b-m,dummy-lora-7b-rank-128-4,560,26,173.09014630093571
3197,dummy-llama-30b-m,dummy-lora-7b-rank-32-4,656,7,173.09431446739129
3198,dummy-llama-30b-m,dummy-lora-7b-rank-128-1,588,12,173.1000907180768
3199,dummy-llama-30b-m,dummy-lora-7b-rank-128-4,201,11,173.16578722428417
3200,dummy-llama-30b-m,dummy-lora-7b-rank-16-2,699,53,173.17463020285965
3201,dummy-llama-30b-m,dummy-lora-7b-rank-64-1,556,13,173.17868706549302
3202,dummy-llama-30b-m,dummy-lora-7b-rank-16-2,901,14,173.1830039447768
3203,dummy-llama-30b-m,dummy-lora-7b-rank-64-0,958,42,173.27664763886725
3204,dummy-llama-30b-m,dummy-lora-7b-rank-64-1,621,50,173.30294407949194
3205,dummy-llama-30b-m,dummy-lora-7b-rank-128-2,477,182,173.3178375906972
3206,dummy-llama-30b-m,dummy-lora-7b-rank-8-4,414,47,173.37931658614076
3207,dummy-llama-30b-m,dummy-lora-7b-rank-32-3,428,35,173.38960945260558
3208,dummy-llama-30b-m,dummy-lora-7b-rank-128-3,322,216,173.471578487549
3209,dummy-llama-30b-m,dummy-lora-7b-rank-64-0,546,16,173.54337092321276
3210,dummy-llama-30b-m,dummy-lora-7b-rank-16-1,421,9,173.65500178343376
3211,dummy-llama-30b-m,dummy-lora-7b-rank-128-4,462,63,173.7505231025212
3212,dummy-llama-30b-m,dummy-lora-7b-rank-8-1,660,32,174.04395477838443
3213,dummy-llama-30b-m,dummy-lora-7b-rank-32-4,609,22,174.05313136385908
3214,dummy-llama-30b-m,dummy-lora-7b-rank-16-2,357,49,174.10491334718284
3215,dummy-llama-30b-m,dummy-lora-7b-rank-8-2,610,56,174.13770900504377
3216,dummy-llama-30b-m,dummy-lora-7b-rank-64-0,274,8,174.16357134791753
3217,dummy-llama-30b-m,dummy-lora-7b-rank-128-1,572,227,174.1834912697254
3218,dummy-llama-30b-m,dummy-lora-7b-rank-32-4,656,10,174.2483585444478
3219,dummy-llama-30b-m,dummy-lora-7b-rank-16-2,200,39,174.29493192772546
3220,dummy-llama-30b-m,dummy-lora-7b-rank-64-3,401,167,174.34309537289573
3221,dummy-llama-30b-m,dummy-lora-7b-rank-128-3,886,120,174.46832500472
3222,dummy-llama-30b-m,dummy-lora-7b-rank-8-4,290,52,174.47180805486258
3223,dummy-llama-30b-m,dummy-lora-7b-rank-32-3,393,42,174.5365734998966
3224,dummy-llama-30b-m,dummy-lora-7b-rank-16-0,447,56,174.61078645023494
3225,dummy-llama-30b-m,dummy-lora-7b-rank-32-2,578,17,174.67487381889197
3226,dummy-llama-30b-m,dummy-lora-7b-rank-128-3,275,42,174.6788163303326
3227,dummy-llama-30b-m,dummy-lora-7b-rank-64-4,388,184,174.71935622484273
3228,dummy-llama-30b-m,dummy-lora-7b-rank-64-4,546,14,174.72058143151614
3229,dummy-llama-30b-m,dummy-lora-7b-rank-128-1,181,141,174.80842759006205
3230,dummy-llama-30b-m,dummy-lora-7b-rank-8-2,554,15,174.8564799565855
3231,dummy-llama-30b-m,dummy-lora-7b-rank-32-3,473,51,174.89573776244524
3232,dummy-llama-30b-m,dummy-lora-7b-rank-128-1,332,7,174.96503039130053
3233,dummy-llama-30b-m,dummy-lora-7b-rank-32-2,388,50,174.98101344233098
3234,dummy-llama-30b-m,dummy-lora-7b-rank-16-4,738,36,175.03972972927065
3235,dummy-llama-30b-m,dummy-lora-7b-rank-8-0,562,26,175.10947547414136
3236,dummy-llama-30b-m,dummy-lora-7b-rank-16-3,554,18,175.20481046578837
3237,dummy-llama-30b-m,dummy-lora-7b-rank-16-2,383,7,175.23090388685299
3238,dummy-llama-30b-m,dummy-lora-7b-rank-16-1,621,25,175.42120172862715
3239,dummy-llama-30b-m,dummy-lora-7b-rank-128-4,212,57,175.43488443149127
3240,dummy-llama-30b-m,dummy-lora-7b-rank-8-2,808,10,175.4369284653583
3241,dummy-llama-30b-m,dummy-lora-7b-rank-32-4,366,50,175.45666598668046
3242,dummy-llama-30b-m,dummy-lora-7b-rank-128-2,89,43,175.46816756585227
3243,dummy-llama-30b-m,dummy-lora-7b-rank-32-3,213,117,175.52113632168138
3244,dummy-llama-30b-m,dummy-lora-7b-rank-8-3,624,22,175.55558193797114
3245,dummy-llama-30b-m,dummy-lora-7b-rank-8-2,505,49,175.70903482543235
3246,dummy-llama-30b-m,dummy-lora-7b-rank-64-3,550,16,175.8217404904624
3247,dummy-llama-30b-m,dummy-lora-7b-rank-16-3,562,25,175.88843145273228
3248,dummy-llama-30b-m,dummy-lora-7b-rank-128-0,143,42,176.1480379156998
3249,dummy-llama-30b-m,dummy-lora-7b-rank-64-2,301,49,176.20116550723625
3250,dummy-llama-30b-m,dummy-lora-7b-rank-8-3,600,26,176.32911634026178
3251,dummy-llama-30b-m,dummy-lora-7b-rank-64-0,437,82,176.34741799939732
3252,dummy-llama-30b-m,dummy-lora-7b-rank-32-3,374,42,176.36154397744775
3253,dummy-llama-30b-m,dummy-lora-7b-rank-8-2,633,52,176.39953522602875
3254,dummy-llama-30b-m,dummy-lora-7b-rank-8-1,147,33,176.45975804907619
3255,dummy-llama-30b-m,dummy-lora-7b-rank-128-3,566,24,176.5957931366107
3256,dummy-llama-30b-m,dummy-lora-7b-rank-64-1,392,56,176.67161378287506
3257,dummy-llama-30b-m,dummy-lora-7b-rank-8-1,544,15,176.71280822572376
3258,dummy-llama-30b-m,dummy-lora-7b-rank-64-4,558,22,176.84178350340895
3259,dummy-llama-30b-m,dummy-lora-7b-rank-32-3,396,46,176.91334600453672
3260,dummy-llama-30b-m,dummy-lora-7b-rank-64-0,325,28,176.923810507532
3261,dummy-llama-30b-m,dummy-lora-7b-rank-128-3,615,23,177.04527733783078
3262,dummy-llama-30b-m,dummy-lora-7b-rank-8-2,465,59,177.0524983389424
3263,dummy-llama-30b-m,dummy-lora-7b-rank-64-4,596,27,177.51327487221937
3264,dummy-llama-30b-m,dummy-lora-7b-rank-64-1,211,56,177.56756213766846
3265,dummy-llama-30b-m,dummy-lora-7b-rank-32-2,333,9,177.58505185175406
3266,dummy-llama-30b-m,dummy-lora-7b-rank-8-1,264,43,177.64160149361834
3267,dummy-llama-30b-m,dummy-lora-7b-rank-16-4,596,16,177.7747213417293
3268,dummy-llama-30b-m,dummy-lora-7b-rank-16-3,619,30,177.81182767954257
3269,dummy-llama-30b-m,dummy-lora-7b-rank-32-3,552,19,177.86215254514258
3270,dummy-llama-30b-m,dummy-lora-7b-rank-16-2,689,63,177.87041085382197
3271,dummy-llama-30b-m,dummy-lora-7b-rank-16-1,529,8,177.9549445575474
3272,dummy-llama-30b-m,dummy-lora-7b-rank-128-3,518,48,177.995672406456
3273,dummy-llama-30b-m,dummy-lora-7b-rank-8-4,550,18,178.0207158483538
3274,dummy-llama-30b-m,dummy-lora-7b-rank-8-3,550,10,178.02133357203326
3275,dummy-llama-30b-m,dummy-lora-7b-rank-128-3,465,8,178.1053046120009
3276,dummy-llama-30b-m,dummy-lora-7b-rank-64-4,79,41,178.1077928387977
3277,dummy-llama-30b-m,dummy-lora-7b-rank-128-2,599,17,178.15836985331848
3278,dummy-llama-30b-m,dummy-lora-7b-rank-16-2,558,22,178.2512076027411
3279,dummy-llama-30b-m,dummy-lora-7b-rank-64-4,161,19,178.26008309176504
3280,dummy-llama-30b-m,dummy-lora-7b-rank-16-1,114,19,178.49724000424106
3281,dummy-llama-30b-m,dummy-lora-7b-rank-64-4,304,55,178.53501836488658
3282,dummy-llama-30b-m,dummy-lora-7b-rank-16-1,331,57,178.54976642602463
3283,dummy-llama-30b-m,dummy-lora-7b-rank-128-1,303,53,178.67194313076413
3284,dummy-llama-30b-m,dummy-lora-7b-rank-128-2,391,61,178.69458177528008
3285,dummy-llama-30b-m,dummy-lora-7b-rank-32-0,559,20,178.73773173405283
3286,dummy-llama-30b-m,dummy-lora-7b-rank-64-1,601,18,178.74129417210003
3287,dummy-llama-30b-m,dummy-lora-7b-rank-16-3,234,41,178.7813177189199
3288,dummy-llama-30b-m,dummy-lora-7b-rank-128-0,554,41,178.78974500840724
3289,dummy-llama-30b-m,dummy-lora-7b-rank-8-4,219,107,178.80913221717313
3290,dummy-llama-30b-m,dummy-lora-7b-rank-32-1,651,22,178.8637703355814
3291,dummy-llama-30b-m,dummy-lora-7b-rank-32-2,331,48,178.92475029473016
3292,dummy-llama-30b-m,dummy-lora-7b-rank-32-2,600,28,178.98366136222052
3293,dummy-llama-30b-m,dummy-lora-7b-rank-128-2,312,48,179.04130940022037
3294,dummy-llama-30b-m,dummy-lora-7b-rank-64-0,448,5,179.04829354339685
3295,dummy-llama-30b-m,dummy-lora-7b-rank-16-1,306,34,179.18089610697004
3296,dummy-llama-30b-m,dummy-lora-7b-rank-8-1,455,14,179.42174153485834
3297,dummy-llama-30b-m,dummy-lora-7b-rank-128-0,199,46,179.53081298640922
3298,dummy-llama-30b-m,dummy-lora-7b-rank-128-0,560,23,179.5324583078079
3299,dummy-llama-30b-m,dummy-lora-7b-rank-8-0,604,29,179.59739402597788
3300,dummy-llama-30b-m,dummy-lora-7b-rank-64-0,421,155,179.63193915142443
3301,dummy-llama-30b-m,dummy-lora-7b-rank-128-4,394,58,179.71507133137393
3302,dummy-llama-30b-m,dummy-lora-7b-rank-8-1,394,73,179.82562672106425
3303,dummy-llama-30b-m,dummy-lora-7b-rank-16-1,117,49,179.8314755745431
3304,dummy-llama-30b-m,dummy-lora-7b-rank-8-1,316,49,179.90646663454413
3305,dummy-llama-30b-m,dummy-lora-7b-rank-8-1,161,103,179.94332841691744
3306,dummy-llama-30b-m,dummy-lora-7b-rank-64-2,554,21,179.98401464560118
3307,dummy-llama-30b-m,dummy-lora-7b-rank-8-2,350,40,180.05550926455052
3308,dummy-llama-30b-m,dummy-lora-7b-rank-128-4,241,108,180.11748892946704
3309,dummy-llama-30b-m,dummy-lora-7b-rank-64-2,661,16,180.13363895217572
3310,dummy-llama-30b-m,dummy-lora-7b-rank-8-3,562,2,180.18675757121483
3311,dummy-llama-30b-m,dummy-lora-7b-rank-16-4,562,27,180.20569796039499
3312,dummy-llama-30b-m,dummy-lora-7b-rank-128-4,560,11,180.29312967154294
3313,dummy-llama-30b-m,dummy-lora-7b-rank-32-1,352,48,180.50381886817323
3314,dummy-llama-30b-m,dummy-lora-7b-rank-16-3,586,36,180.59113659194813
3315,dummy-llama-30b-m,dummy-lora-7b-rank-128-3,958,11,180.7606441810057
3316,dummy-llama-30b-m,dummy-lora-7b-rank-128-1,556,23,180.81805101179995
3317,dummy-llama-30b-m,dummy-lora-7b-rank-64-3,785,8,180.96486506638223
3318,dummy-llama-30b-m,dummy-lora-7b-rank-64-4,578,20,181.06654431493794
3319,dummy-llama-30b-m,dummy-lora-7b-rank-8-4,548,9,181.09028015634476
3320,dummy-llama-30b-m,dummy-lora-7b-rank-8-3,585,47,181.22240193691542
3321,dummy-llama-30b-m,dummy-lora-7b-rank-128-4,962,11,181.23035103438787
3322,dummy-llama-30b-m,dummy-lora-7b-rank-8-0,714,124,181.26088551652515
3323,dummy-llama-30b-m,dummy-lora-7b-rank-8-2,566,29,181.34502610192422
3324,dummy-llama-30b-m,dummy-lora-7b-rank-64-4,704,146,181.41902919482317
3325,dummy-llama-30b-m,dummy-lora-7b-rank-128-3,561,47,181.6136871060763
3326,dummy-llama-30b-m,dummy-lora-7b-rank-16-3,359,45,181.7415586555911
3327,dummy-llama-30b-m,dummy-lora-7b-rank-128-0,548,17,181.86873767129543
3328,dummy-llama-30b-m,dummy-lora-7b-rank-64-3,232,48,181.89071329670105
3329,dummy-llama-30b-m,dummy-lora-7b-rank-8-2,585,33,181.90878888118993
3330,dummy-llama-30b-m,dummy-lora-7b-rank-128-1,730,7,181.90972788563275
3331,dummy-llama-30b-m,dummy-lora-7b-rank-16-4,552,11,182.00956344302355
3332,dummy-llama-30b-m,dummy-lora-7b-rank-128-4,421,10,182.04639954572727
3333,dummy-llama-30b-m,dummy-lora-7b-rank-64-4,376,246,182.13265304871214
3334,dummy-llama-30b-m,dummy-lora-7b-rank-128-0,711,11,182.31690618228455
3335,dummy-llama-30b-m,dummy-lora-7b-rank-32-0,270,39,182.39459036995365
3336,dummy-llama-30b-m,dummy-lora-7b-rank-32-0,552,19,182.39506715649748
3337,dummy-llama-30b-m,dummy-lora-7b-rank-32-4,605,8,182.47012582005314
3338,dummy-llama-30b-m,dummy-lora-7b-rank-16-4,173,37,182.54836340857318
3339,dummy-llama-30b-m,dummy-lora-7b-rank-64-3,550,10,182.6727212715964
3340,dummy-llama-30b-m,dummy-lora-7b-rank-64-2,589,43,182.67579113557264
3341,dummy-llama-30b-m,dummy-lora-7b-rank-128-4,445,77,182.74482972978998
3342,dummy-llama-30b-m,dummy-lora-7b-rank-128-1,81,45,182.75090298487555
3343,dummy-llama-30b-m,dummy-lora-7b-rank-16-3,857,10,182.82993929466292
3344,dummy-llama-30b-m,dummy-lora-7b-rank-8-0,210,95,182.9031331367711
3345,dummy-llama-30b-m,dummy-lora-7b-rank-32-0,171,103,182.92770612291662
3346,dummy-llama-30b-m,dummy-lora-7b-rank-32-0,590,21,182.94333860770783
3347,dummy-llama-30b-m,dummy-lora-7b-rank-128-2,57,88,182.95393026859895
3348,dummy-llama-30b-m,dummy-lora-7b-rank-64-2,544,11,183.0928990228643
3349,dummy-llama-30b-m,dummy-lora-7b-rank-16-0,614,53,183.09912438676116
3350,dummy-llama-30b-m,dummy-lora-7b-rank-128-0,106,30,183.1117837929873
3351,dummy-llama-30b-m,dummy-lora-7b-rank-16-4,556,20,183.30154259966164
3352,dummy-llama-30b-m,dummy-lora-7b-rank-128-2,52,51,183.35716758091777
3353,dummy-llama-30b-m,dummy-lora-7b-rank-128-0,558,22,183.37713848520835
3354,dummy-llama-30b-m,dummy-lora-7b-rank-16-3,543,12,183.41649182978227
3355,dummy-llama-30b-m,dummy-lora-7b-rank-16-2,314,8,183.42891020715797
3356,dummy-llama-30b-m,dummy-lora-7b-rank-16-2,641,65,183.45558502177704
3357,dummy-llama-30b-m,dummy-lora-7b-rank-8-4,260,49,183.45988596720935
3358,dummy-llama-30b-m,dummy-lora-7b-rank-64-1,93,53,183.4819478971367
3359,dummy-llama-30b-m,dummy-lora-7b-rank-128-2,577,55,183.5465923589977
3360,dummy-llama-30b-m,dummy-lora-7b-rank-32-2,586,11,183.67988440689317
3361,dummy-llama-30b-m,dummy-lora-7b-rank-128-3,456,8,183.70385374774312
3362,dummy-llama-30b-m,dummy-lora-7b-rank-32-0,631,59,183.8102266285199
3363,dummy-llama-30b-m,dummy-lora-7b-rank-8-2,586,61,183.8850773966589
3364,dummy-llama-30b-m,dummy-lora-7b-rank-32-1,548,17,184.1560646833591
3365,dummy-llama-30b-m,dummy-lora-7b-rank-128-1,383,33,184.16112114197438
3366,dummy-llama-30b-m,dummy-lora-7b-rank-32-3,612,11,184.17549026545043
3367,dummy-llama-30b-m,dummy-lora-7b-rank-8-2,387,48,184.2125353410764
3368,dummy-llama-30b-m,dummy-lora-7b-rank-128-0,852,44,184.21857664808397
3369,dummy-llama-30b-m,dummy-lora-7b-rank-16-1,469,11,184.31190918125765
3370,dummy-llama-30b-m,dummy-lora-7b-rank-64-2,700,200,184.50978679795372
3371,dummy-llama-30b-m,dummy-lora-7b-rank-16-1,375,46,184.55485805006813
3372,dummy-llama-30b-m,dummy-lora-7b-rank-16-2,305,5,184.58762111591037
3373,dummy-llama-30b-m,dummy-lora-7b-rank-32-2,604,6,184.64343233120033
3374,dummy-llama-30b-m,dummy-lora-7b-rank-32-0,309,13,184.69246989566102
3375,dummy-llama-30b-m,dummy-lora-7b-rank-64-3,334,167,184.89726249195243
3376,dummy-llama-30b-m,dummy-lora-7b-rank-16-0,331,100,185.0692098079669
3377,dummy-llama-30b-m,dummy-lora-7b-rank-32-4,554,20,185.1468982856427
3378,dummy-llama-30b-m,dummy-lora-7b-rank-8-1,400,49,185.20139196190792
3379,dummy-llama-30b-m,dummy-lora-7b-rank-64-1,509,217,185.21876456031154
3380,dummy-llama-30b-m,dummy-lora-7b-rank-8-1,307,35,185.22019948881052
3381,dummy-llama-30b-m,dummy-lora-7b-rank-128-3,248,44,185.26600830816676
3382,dummy-llama-30b-m,dummy-lora-7b-rank-8-1,605,10,185.35084598711916
3383,dummy-llama-30b-m,dummy-lora-7b-rank-8-2,556,21,185.35556784494722
3384,dummy-llama-30b-m,dummy-lora-7b-rank-128-3,584,28,185.48583398668532
3385,dummy-llama-30b-m,dummy-lora-7b-rank-16-3,569,56,185.53987144899543
3386,dummy-llama-30b-m,dummy-lora-7b-rank-16-1,615,2,185.56913060072375
3387,dummy-llama-30b-m,dummy-lora-7b-rank-64-0,531,11,185.63987751604844
3388,dummy-llama-30b-m,dummy-lora-7b-rank-64-4,315,31,185.64118983169104
3389,dummy-llama-30b-m,dummy-lora-7b-rank-128-2,420,54,185.71394176326712
3390,dummy-llama-30b-m,dummy-lora-7b-rank-64-3,312,17,185.74939261155544
3391,dummy-llama-30b-m,dummy-lora-7b-rank-16-3,314,6,185.80216289133415
3392,dummy-llama-30b-m,dummy-lora-7b-rank-8-4,409,72,185.83962872909262
3393,dummy-llama-30b-m,dummy-lora-7b-rank-8-2,607,19,185.85112369765164
3394,dummy-llama-30b-m,dummy-lora-7b-rank-16-3,266,41,185.9324104112264
3395,dummy-llama-30b-m,dummy-lora-7b-rank-32-3,730,10,185.9593575963649
3396,dummy-llama-30b-m,dummy-lora-7b-rank-128-4,400,206,185.96141793360977
3397,dummy-llama-30b-m,dummy-lora-7b-rank-8-1,979,28,186.11841819870764
3398,dummy-llama-30b-m,dummy-lora-7b-rank-32-2,249,82,186.12055161156593
3399,dummy-llama-30b-m,dummy-lora-7b-rank-128-3,408,32,186.13726202529196
3400,dummy-llama-30b-m,dummy-lora-7b-rank-32-2,599,17,186.17152344012047
3401,dummy-llama-30b-m,dummy-lora-7b-rank-8-4,291,8,186.254330640742
3402,dummy-llama-30b-m,dummy-lora-7b-rank-64-0,474,41,186.31728691100426
3403,dummy-llama-30b-m,dummy-lora-7b-rank-64-4,770,8,186.39705358501539
3404,dummy-llama-30b-m,dummy-lora-7b-rank-8-3,518,50,186.74088986406937
3405,dummy-llama-30b-m,dummy-lora-7b-rank-32-2,449,5,186.7482637027226
3406,dummy-llama-30b-m,dummy-lora-7b-rank-8-0,298,42,186.88666468260624
3407,dummy-llama-30b-m,dummy-lora-7b-rank-8-0,247,35,186.99158789129214
3408,dummy-llama-30b-m,dummy-lora-7b-rank-8-1,554,19,186.99476146152162
3409,dummy-llama-30b-m,dummy-lora-7b-rank-32-2,374,47,187.0370094728006
3410,dummy-llama-30b-m,dummy-lora-7b-rank-128-3,460,144,187.08257630400558
3411,dummy-llama-30b-m,dummy-lora-7b-rank-32-2,780,56,187.24635964748623
3412,dummy-llama-30b-m,dummy-lora-7b-rank-8-0,792,13,187.26880351383826
3413,dummy-llama-30b-m,dummy-lora-7b-rank-64-4,770,14,187.39532667465073
3414,dummy-llama-30b-m,dummy-lora-7b-rank-32-3,530,45,187.45273267687665
3415,dummy-llama-30b-m,dummy-lora-7b-rank-64-1,353,247,187.5525697500889
3416,dummy-llama-30b-m,dummy-lora-7b-rank-16-0,215,48,187.61513790878163
3417,dummy-llama-30b-m,dummy-lora-7b-rank-64-1,110,77,187.65432296422054
3418,dummy-llama-30b-m,dummy-lora-7b-rank-128-2,231,3,187.9336934394033
3419,dummy-llama-30b-m,dummy-lora-7b-rank-16-2,558,22,187.96894598899232
3420,dummy-llama-30b-m,dummy-lora-7b-rank-8-0,405,9,187.97225583510868
3421,dummy-llama-30b-m,dummy-lora-7b-rank-64-1,558,24,188.01866173234777
3422,dummy-llama-30b-m,dummy-lora-7b-rank-16-1,427,56,188.03356693012955
3423,dummy-llama-30b-m,dummy-lora-7b-rank-128-4,433,46,188.10280873776236
3424,dummy-llama-30b-m,dummy-lora-7b-rank-8-3,721,40,188.17596725934123
3425,dummy-llama-30b-m,dummy-lora-7b-rank-128-2,334,68,188.1971191377135
3426,dummy-llama-30b-m,dummy-lora-7b-rank-128-1,610,31,188.20578503208512
3427,dummy-llama-30b-m,dummy-lora-7b-rank-16-4,559,77,188.23429436381898
3428,dummy-llama-30b-m,dummy-lora-7b-rank-16-3,670,9,188.2389861437794
3429,dummy-llama-30b-m,dummy-lora-7b-rank-64-0,352,57,188.29153964938502
3430,dummy-llama-30b-m,dummy-lora-7b-rank-32-0,554,20,188.3094583718738
3431,dummy-llama-30b-m,dummy-lora-7b-rank-32-2,578,48,188.57098912289484
3432,dummy-llama-30b-m,dummy-lora-7b-rank-16-1,483,49,188.60147433753144
3433,dummy-llama-30b-m,dummy-lora-7b-rank-64-4,890,59,188.61415382044285
3434,dummy-llama-30b-m,dummy-lora-7b-rank-128-0,558,24,188.70198528250012
3435,dummy-llama-30b-m,dummy-lora-7b-rank-16-4,264,44,188.79777427395751
3436,dummy-llama-30b-m,dummy-lora-7b-rank-64-4,623,8,188.99197092267173
3437,dummy-llama-30b-m,dummy-lora-7b-rank-8-2,119,44,189.14657849050099
3438,dummy-llama-30b-m,dummy-lora-7b-rank-64-0,555,59,189.28386827101974
3439,dummy-llama-30b-m,dummy-lora-7b-rank-64-4,328,78,189.30069255073602
3440,dummy-llama-30b-m,dummy-lora-7b-rank-64-2,767,114,189.31996813990742
3441,dummy-llama-30b-m,dummy-lora-7b-rank-32-0,578,20,189.40051377867513
3442,dummy-llama-30b-m,dummy-lora-7b-rank-32-1,527,6,189.4687845610684
3443,dummy-llama-30b-m,dummy-lora-7b-rank-16-3,554,23,189.53188128905506
3444,dummy-llama-30b-m,dummy-lora-7b-rank-64-2,550,18,189.57466518651546
3445,dummy-llama-30b-m,dummy-lora-7b-rank-8-3,618,8,189.79463552809582
3446,dummy-llama-30b-m,dummy-lora-7b-rank-64-2,574,33,189.8302767091777
3447,dummy-llama-30b-m,dummy-lora-7b-rank-16-3,403,28,189.8446431636927
3448,dummy-llama-30b-m,dummy-lora-7b-rank-8-3,548,17,189.9022270366031
3449,dummy-llama-30b-m,dummy-lora-7b-rank-8-2,494,55,189.97471755007282
3450,dummy-llama-30b-m,dummy-lora-7b-rank-8-4,558,11,189.99290293549458
3451,dummy-llama-30b-m,dummy-lora-7b-rank-16-4,532,49,190.0209960234328
3452,dummy-llama-30b-m,dummy-lora-7b-rank-32-3,287,9,190.07408780992466
3453,dummy-llama-30b-m,dummy-lora-7b-rank-64-0,445,53,190.08621825427792
3454,dummy-llama-30b-m,dummy-lora-7b-rank-32-2,560,23,190.11015816132684
3455,dummy-llama-30b-m,dummy-lora-7b-rank-64-1,153,56,190.16869086265442
3456,dummy-llama-30b-m,dummy-lora-7b-rank-128-1,550,10,190.18439320389822
3457,dummy-llama-30b-m,dummy-lora-7b-rank-128-0,309,93,190.221885109202
3458,dummy-llama-30b-m,dummy-lora-7b-rank-128-1,176,39,190.22729712571294
3459,dummy-llama-30b-m,dummy-lora-7b-rank-64-2,648,51,190.33703973437548
3460,dummy-llama-30b-m,dummy-lora-7b-rank-16-0,365,73,190.3470712075841
3461,dummy-llama-30b-m,dummy-lora-7b-rank-8-0,352,46,190.41244503678666
3462,dummy-llama-30b-m,dummy-lora-7b-rank-8-3,572,32,190.41612005836117
3463,dummy-llama-30b-m,dummy-lora-7b-rank-32-3,558,24,190.44742094325994
3464,dummy-llama-30b-m,dummy-lora-7b-rank-8-3,558,24,190.46390729245275
3465,dummy-llama-30b-m,dummy-lora-7b-rank-128-1,407,49,190.47763290133693
3466,dummy-llama-30b-m,dummy-lora-7b-rank-64-1,555,20,190.60952651803024
3467,dummy-llama-30b-m,dummy-lora-7b-rank-32-0,627,15,190.6952975192698
3468,dummy-llama-30b-m,dummy-lora-7b-rank-64-0,689,21,190.7113557601423
3469,dummy-llama-30b-m,dummy-lora-7b-rank-128-2,448,62,190.73342259883123
3470,dummy-llama-30b-m,dummy-lora-7b-rank-32-0,237,51,190.73573103371473
3471,dummy-llama-30b-m,dummy-lora-7b-rank-64-1,554,23,190.80391493233307
3472,dummy-llama-30b-m,dummy-lora-7b-rank-128-2,417,49,190.83966272616973
3473,dummy-llama-30b-m,dummy-lora-7b-rank-16-1,511,5,190.85320622838927
3474,dummy-llama-30b-m,dummy-lora-7b-rank-64-1,224,13,190.87923420295706
3475,dummy-llama-30b-m,dummy-lora-7b-rank-8-1,136,128,190.9428246321107
3476,dummy-llama-30b-m,dummy-lora-7b-rank-16-2,537,6,190.95770471333077
3477,dummy-llama-30b-m,dummy-lora-7b-rank-32-1,597,42,190.9997150441946
3478,dummy-llama-30b-m,dummy-lora-7b-rank-8-0,285,125,191.08572222060093
3479,dummy-llama-30b-m,dummy-lora-7b-rank-64-3,573,7,191.08599437417695
3480,dummy-llama-30b-m,dummy-lora-7b-rank-128-3,252,67,191.13342086565106
3481,dummy-llama-30b-m,dummy-lora-7b-rank-128-3,475,45,191.16301122000834
3482,dummy-llama-30b-m,dummy-lora-7b-rank-8-4,433,11,191.18959522900911
3483,dummy-llama-30b-m,dummy-lora-7b-rank-128-3,421,72,191.1898489920029
3484,dummy-llama-30b-m,dummy-lora-7b-rank-64-3,330,44,191.23894847457365
3485,dummy-llama-30b-m,dummy-lora-7b-rank-128-1,552,17,191.24790543045714
3486,dummy-llama-30b-m,dummy-lora-7b-rank-64-3,704,43,191.2578795150839
3487,dummy-llama-30b-m,dummy-lora-7b-rank-16-3,560,23,191.31833121620016
3488,dummy-llama-30b-m,dummy-lora-7b-rank-128-2,562,16,191.34336107456812
3489,dummy-llama-30b-m,dummy-lora-7b-rank-128-2,505,6,191.37497853559154
3490,dummy-llama-30b-m,dummy-lora-7b-rank-8-4,602,27,191.41389999723475
3491,dummy-llama-30b-m,dummy-lora-7b-rank-8-1,588,21,191.42037151289006
3492,dummy-llama-30b-m,dummy-lora-7b-rank-128-1,267,45,191.47931736341923
3493,dummy-llama-30b-m,dummy-lora-7b-rank-16-1,353,150,191.55876239159116
3494,dummy-llama-30b-m,dummy-lora-7b-rank-8-1,538,5,191.57803114830384
3495,dummy-llama-30b-m,dummy-lora-7b-rank-32-0,550,18,191.6060432946749
3496,dummy-llama-30b-m,dummy-lora-7b-rank-8-0,554,22,191.6946246392789
3497,dummy-llama-30b-m,dummy-lora-7b-rank-128-2,554,20,191.73855424422402
3498,dummy-llama-30b-m,dummy-lora-7b-rank-8-0,422,146,191.74623641937052
3499,dummy-llama-30b-m,dummy-lora-7b-rank-8-4,544,5,191.77282101495229
3500,dummy-llama-30b-m,dummy-lora-7b-rank-8-3,748,13,191.97358381141842
3501,dummy-llama-30b-m,dummy-lora-7b-rank-16-3,558,23,192.1132225258441
3502,dummy-llama-30b-m,dummy-lora-7b-rank-128-4,554,20,192.17766654704639
3503,dummy-llama-30b-m,dummy-lora-7b-rank-64-1,505,51,192.17830265248227
3504,dummy-llama-30b-m,dummy-lora-7b-rank-16-4,633,3,192.29165249317887
3505,dummy-llama-30b-m,dummy-lora-7b-rank-128-0,426,19,192.38665208566465
3506,dummy-llama-30b-m,dummy-lora-7b-rank-8-1,558,19,192.4584551674531
3507,dummy-llama-30b-m,dummy-lora-7b-rank-32-4,619,68,192.5138906314597
3508,dummy-llama-30b-m,dummy-lora-7b-rank-64-2,178,3,192.53360115178683
3509,dummy-llama-30b-m,dummy-lora-7b-rank-8-1,87,41,192.54144965983647
3510,dummy-llama-30b-m,dummy-lora-7b-rank-8-2,182,43,192.6437916430689
3511,dummy-llama-30b-m,dummy-lora-7b-rank-32-2,514,47,192.65101139786736
3512,dummy-llama-30b-m,dummy-lora-7b-rank-32-3,603,19,192.66462444934263
3513,dummy-llama-30b-m,dummy-lora-7b-rank-128-4,215,49,192.71988203894313
3514,dummy-llama-30b-m,dummy-lora-7b-rank-8-0,619,36,192.8361757880953
3515,dummy-llama-30b-m,dummy-lora-7b-rank-64-4,259,89,192.86050669479255
3516,dummy-llama-30b-m,dummy-lora-7b-rank-32-0,558,23,192.87399645412577
3517,dummy-llama-30b-m,dummy-lora-7b-rank-32-2,586,37,192.91928425987788
3518,dummy-llama-30b-m,dummy-lora-7b-rank-128-4,640,71,192.99227713190257
3519,dummy-llama-30b-m,dummy-lora-7b-rank-32-2,848,115,193.11828170370958
3520,dummy-llama-30b-m,dummy-lora-7b-rank-8-3,919,85,193.12886900985652
3521,dummy-llama-30b-m,dummy-lora-7b-rank-128-4,550,2,193.1506617969305
3522,dummy-llama-30b-m,dummy-lora-7b-rank-32-0,685,14,193.23269430318402
3523,dummy-llama-30b-m,dummy-lora-7b-rank-16-3,556,12,193.32758460463322
3524,dummy-llama-30b-m,dummy-lora-7b-rank-128-4,764,28,193.36558090365196
3525,dummy-llama-30b-m,dummy-lora-7b-rank-128-4,278,51,193.37930260988423
3526,dummy-llama-30b-m,dummy-lora-7b-rank-128-1,922,16,193.3953353224056
3527,dummy-llama-30b-m,dummy-lora-7b-rank-64-1,599,17,193.46179208218757
3528,dummy-llama-30b-m,dummy-lora-7b-rank-128-3,689,49,193.4750354916601
3529,dummy-llama-30b-m,dummy-lora-7b-rank-8-1,821,109,193.60560411869133
3530,dummy-llama-30b-m,dummy-lora-7b-rank-32-1,609,10,193.64014433221942
3531,dummy-llama-30b-m,dummy-lora-7b-rank-8-0,108,39,193.64268416842216
3532,dummy-llama-30b-m,dummy-lora-7b-rank-64-4,127,85,193.71332079940103
3533,dummy-llama-30b-m,dummy-lora-7b-rank-8-4,550,10,193.74069522077792
3534,dummy-llama-30b-m,dummy-lora-7b-rank-8-4,505,37,193.89223353813293
3535,dummy-llama-30b-m,dummy-lora-7b-rank-32-4,563,20,194.01076409561045
3536,dummy-llama-30b-m,dummy-lora-7b-rank-32-2,400,11,194.06395242163907
3537,dummy-llama-30b-m,dummy-lora-7b-rank-16-3,574,22,194.18766433401152
3538,dummy-llama-30b-m,dummy-lora-7b-rank-16-2,319,63,194.24193512032082
3539,dummy-llama-30b-m,dummy-lora-7b-rank-128-2,552,10,194.38591038347155
3540,dummy-llama-30b-m,dummy-lora-7b-rank-64-2,234,5,194.4847788880029
3541,dummy-llama-30b-m,dummy-lora-7b-rank-32-0,558,22,194.54544296056318
3542,dummy-llama-30b-m,dummy-lora-7b-rank-16-0,562,24,194.5909775843606
3543,dummy-llama-30b-m,dummy-lora-7b-rank-128-3,901,11,194.67237970152453
3544,dummy-llama-30b-m,dummy-lora-7b-rank-16-2,564,26,194.78707755249496
3545,dummy-llama-30b-m,dummy-lora-7b-rank-64-0,190,166,194.8352975391251
3546,dummy-llama-30b-m,dummy-lora-7b-rank-128-1,679,71,194.97438041908782
3547,dummy-llama-30b-m,dummy-lora-7b-rank-32-3,169,3,194.9867269133922
3548,dummy-llama-30b-m,dummy-lora-7b-rank-32-3,204,54,195.041548642226
3549,dummy-llama-30b-m,dummy-lora-7b-rank-16-3,607,10,195.05242916844148
3550,dummy-llama-30b-m,dummy-lora-7b-rank-32-0,570,29,195.07025867030654
3551,dummy-llama-30b-m,dummy-lora-7b-rank-8-4,554,20,195.13509712113506
3552,dummy-llama-30b-m,dummy-lora-7b-rank-8-4,588,20,195.14626146759045
3553,dummy-llama-30b-m,dummy-lora-7b-rank-8-0,653,16,195.24618361457564
3554,dummy-llama-30b-m,dummy-lora-7b-rank-16-4,333,11,195.2562847336791
3555,dummy-llama-30b-m,dummy-lora-7b-rank-8-3,331,50,195.48650369689395
3556,dummy-llama-30b-m,dummy-lora-7b-rank-8-3,420,66,195.58177106013625
3557,dummy-llama-30b-m,dummy-lora-7b-rank-128-1,562,27,195.72233884074052
3558,dummy-llama-30b-m,dummy-lora-7b-rank-8-1,421,40,196.03044504360196
3559,dummy-llama-30b-m,dummy-lora-7b-rank-8-3,724,103,196.03550664178803
3560,dummy-llama-30b-m,dummy-lora-7b-rank-128-1,233,42,196.08940700435966
3561,dummy-llama-30b-m,dummy-lora-7b-rank-64-1,325,12,196.13715015968532
3562,dummy-llama-30b-m,dummy-lora-7b-rank-16-2,166,45,196.24415587973115
3563,dummy-llama-30b-m,dummy-lora-7b-rank-32-3,558,14,196.543465944865
3564,dummy-llama-30b-m,dummy-lora-7b-rank-64-4,336,45,196.64622216740077
3565,dummy-llama-30b-m,dummy-lora-7b-rank-128-1,964,14,196.68734429581457
3566,dummy-llama-30b-m,dummy-lora-7b-rank-64-1,751,11,196.7191338284743
3567,dummy-llama-30b-m,dummy-lora-7b-rank-16-2,650,22,196.83798108240606
3568,dummy-llama-30b-m,dummy-lora-7b-rank-8-3,446,133,196.8776301079102
3569,dummy-llama-30b-m,dummy-lora-7b-rank-64-0,228,11,196.9417150840856
3570,dummy-llama-30b-m,dummy-lora-7b-rank-32-2,621,16,196.95617513185186
3571,dummy-llama-30b-m,dummy-lora-7b-rank-16-0,321,7,197.01777310436523
3572,dummy-llama-30b-m,dummy-lora-7b-rank-16-3,318,8,197.08201658352462
3573,dummy-llama-30b-m,dummy-lora-7b-rank-128-2,560,23,197.0943925721917
3574,dummy-llama-30b-m,dummy-lora-7b-rank-64-0,488,43,197.1501924842124
3575,dummy-llama-30b-m,dummy-lora-7b-rank-8-4,347,99,197.24193445082528
3576,dummy-llama-30b-m,dummy-lora-7b-rank-128-2,154,124,197.2444953617151
3577,dummy-llama-30b-m,dummy-lora-7b-rank-16-4,416,107,197.26152725885646
3578,dummy-llama-30b-m,dummy-lora-7b-rank-128-2,478,12,197.2878720097084
3579,dummy-llama-30b-m,dummy-lora-7b-rank-128-1,179,52,197.4679097465266
3580,dummy-llama-30b-m,dummy-lora-7b-rank-8-4,546,16,197.5587694205737
3581,dummy-llama-30b-m,dummy-lora-7b-rank-8-1,409,10,197.58616287306597
3582,dummy-llama-30b-m,dummy-lora-7b-rank-8-2,808,113,197.60916235621323
3583,dummy-llama-30b-m,dummy-lora-7b-rank-128-0,474,6,197.67170934853078
3584,dummy-llama-30b-m,dummy-lora-7b-rank-8-4,191,32,197.71097770977053
3585,dummy-llama-30b-m,dummy-lora-7b-rank-16-3,556,21,197.7403644513529
3586,dummy-llama-30b-m,dummy-lora-7b-rank-16-2,900,3,197.78725686040247
3587,dummy-llama-30b-m,dummy-lora-7b-rank-16-2,554,20,197.7940709201076
3588,dummy-llama-30b-m,dummy-lora-7b-rank-64-4,294,44,197.81121172203774
3589,dummy-llama-30b-m,dummy-lora-7b-rank-128-1,558,22,197.85185643748645
3590,dummy-llama-30b-m,dummy-lora-7b-rank-64-3,568,30,197.87207674992337
3591,dummy-llama-30b-m,dummy-lora-7b-rank-8-2,579,9,197.90552376802424
3592,dummy-llama-30b-m,dummy-lora-7b-rank-64-3,564,26,197.95515217002404
3593,dummy-llama-30b-m,dummy-lora-7b-rank-32-1,572,32,197.9758720401096
3594,dummy-llama-30b-m,dummy-lora-7b-rank-16-2,391,39,198.06074765726888
3595,dummy-llama-30b-m,dummy-lora-7b-rank-16-4,272,44,198.13363938599625
3596,dummy-llama-30b-m,dummy-lora-7b-rank-128-2,101,52,198.17881427151812
3597,dummy-llama-30b-m,dummy-lora-7b-rank-128-3,641,7,198.2377198701333
3598,dummy-llama-30b-m,dummy-lora-7b-rank-32-0,411,41,198.40411440279092
3599,dummy-llama-30b-m,dummy-lora-7b-rank-64-3,630,24,198.4601921679946
3600,dummy-llama-30b-m,dummy-lora-7b-rank-16-2,110,55,198.5293078095418
3601,dummy-llama-30b-m,dummy-lora-7b-rank-64-0,273,38,198.60118691234027
3602,dummy-llama-30b-m,dummy-lora-7b-rank-32-3,388,46,198.6721652867188
3603,dummy-llama-30b-m,dummy-lora-7b-rank-8-3,554,20,198.71863789794597
3604,dummy-llama-30b-m,dummy-lora-7b-rank-128-4,365,74,198.91555155981771
3605,dummy-llama-30b-m,dummy-lora-7b-rank-8-4,598,39,198.93564303541902
3606,dummy-llama-30b-m,dummy-lora-7b-rank-64-3,505,62,199.06848723409658
3607,dummy-llama-30b-m,dummy-lora-7b-rank-128-4,224,53,199.0980938532519
3608,dummy-llama-30b-m,dummy-lora-7b-rank-64-0,188,47,199.16398682927615
3609,dummy-llama-30b-m,dummy-lora-7b-rank-64-1,369,6,199.27264714174794
3610,dummy-llama-30b-m,dummy-lora-7b-rank-8-0,483,47,199.30011283009893
3611,dummy-llama-30b-m,dummy-lora-7b-rank-16-0,614,23,199.30035517729587
3612,dummy-llama-30b-m,dummy-lora-7b-rank-128-3,107,56,199.35578334015304
3613,dummy-llama-30b-m,dummy-lora-7b-rank-64-1,56,97,199.46135097274555
3614,dummy-llama-30b-m,dummy-lora-7b-rank-16-0,622,32,199.46846154157382
3615,dummy-llama-30b-m,dummy-lora-7b-rank-8-2,554,22,199.62678763527785
3616,dummy-llama-30b-m,dummy-lora-7b-rank-128-2,554,13,199.626870697913
3617,dummy-llama-30b-m,dummy-lora-7b-rank-32-4,300,31,199.64870926220908
3618,dummy-llama-30b-m,dummy-lora-7b-rank-8-2,554,22,199.69004958300303
3619,dummy-llama-30b-m,dummy-lora-7b-rank-32-0,388,44,199.78692741840553
3620,dummy-llama-30b-m,dummy-lora-7b-rank-32-1,628,12,199.79233055232325
3621,dummy-llama-30b-m,dummy-lora-7b-rank-8-3,546,16,199.7968802556085
3622,dummy-llama-30b-m,dummy-lora-7b-rank-16-4,702,9,199.8138154553851
3623,dummy-llama-30b-m,dummy-lora-7b-rank-16-4,326,59,199.8620135244037
3624,dummy-llama-30b-m,dummy-lora-7b-rank-32-4,555,17,199.92221603196373
3625,dummy-llama-30b-m,dummy-lora-7b-rank-8-0,187,43,199.9234198614369
3626,dummy-llama-30b-m,dummy-lora-7b-rank-32-2,456,49,199.97051994085587
3627,dummy-llama-30b-m,dummy-lora-7b-rank-128-2,458,49,200.03439859923796
3628,dummy-llama-30b-m,dummy-lora-7b-rank-64-3,574,17,200.0369864760645
3629,dummy-llama-30b-m,dummy-lora-7b-rank-32-4,230,134,200.06357646899153
3630,dummy-llama-30b-m,dummy-lora-7b-rank-8-1,578,33,200.06566405425474
3631,dummy-llama-30b-m,dummy-lora-7b-rank-32-0,651,15,200.2276781469338
3632,dummy-llama-30b-m,dummy-lora-7b-rank-8-4,387,47,200.39224178955328
3633,dummy-llama-30b-m,dummy-lora-7b-rank-64-3,654,28,200.44909808437987
3634,dummy-llama-30b-m,dummy-lora-7b-rank-32-1,630,18,200.5338442969315
3635,dummy-llama-30b-m,dummy-lora-7b-rank-16-1,599,26,200.55551449833663
3636,dummy-llama-30b-m,dummy-lora-7b-rank-16-3,296,57,200.55924147243968
3637,dummy-llama-30b-m,dummy-lora-7b-rank-8-3,475,50,200.5770137935338
3638,dummy-llama-30b-m,dummy-lora-7b-rank-16-1,108,35,200.58546471941753
3639,dummy-llama-30b-m,dummy-lora-7b-rank-32-2,723,49,200.6473233607819
3640,dummy-llama-30b-m,dummy-lora-7b-rank-16-3,327,42,200.7576263908303
3641,dummy-llama-30b-m,dummy-lora-7b-rank-128-1,971,20,200.82906768633498
3642,dummy-llama-30b-m,dummy-lora-7b-rank-128-0,913,43,200.83490365137357
3643,dummy-llama-30b-m,dummy-lora-7b-rank-64-3,894,37,200.8515335230074
3644,dummy-llama-30b-m,dummy-lora-7b-rank-8-1,315,67,200.87006422722317
3645,dummy-llama-30b-m,dummy-lora-7b-rank-128-1,499,213,200.89630936424842
3646,dummy-llama-30b-m,dummy-lora-7b-rank-32-3,261,140,201.01715607956285
3647,dummy-llama-30b-m,dummy-lora-7b-rank-128-3,434,31,201.05976426418997
3648,dummy-llama-30b-m,dummy-lora-7b-rank-16-3,454,6,201.10500483812862
3649,dummy-llama-30b-m,dummy-lora-7b-rank-32-2,966,59,201.13622378565134
3650,dummy-llama-30b-m,dummy-lora-7b-rank-32-3,326,54,201.16577007262643
3651,dummy-llama-30b-m,dummy-lora-7b-rank-128-2,182,9,201.21927026592127
3652,dummy-llama-30b-m,dummy-lora-7b-rank-8-4,616,18,201.2546011248942
3653,dummy-llama-30b-m,dummy-lora-7b-rank-128-2,889,87,201.26489839864803
3654,dummy-llama-30b-m,dummy-lora-7b-rank-32-1,663,49,201.37310320196073
3655,dummy-llama-30b-m,dummy-lora-7b-rank-128-0,590,39,201.46610616414785
3656,dummy-llama-30b-m,dummy-lora-7b-rank-32-2,532,118,201.46954532932858
3657,dummy-llama-30b-m,dummy-lora-7b-rank-16-2,560,20,201.59708587157556
3658,dummy-llama-30b-m,dummy-lora-7b-rank-8-4,450,46,201.6459316658993
3659,dummy-llama-30b-m,dummy-lora-7b-rank-64-0,405,9,201.73724337634937
3660,dummy-llama-30b-m,dummy-lora-7b-rank-128-2,149,50,201.84574051927623
3661,dummy-llama-30b-m,dummy-lora-7b-rank-16-0,290,17,201.85340941516452
3662,dummy-llama-30b-m,dummy-lora-7b-rank-64-1,564,25,201.86943958919682
3663,dummy-llama-30b-m,dummy-lora-7b-rank-8-0,457,9,201.97060962796098
3664,dummy-llama-30b-m,dummy-lora-7b-rank-64-2,303,47,202.03378042470908
3665,dummy-llama-30b-m,dummy-lora-7b-rank-8-2,677,3,202.06929191692012
3666,dummy-llama-30b-m,dummy-lora-7b-rank-64-3,554,20,202.1265840489792
3667,dummy-llama-30b-m,dummy-lora-7b-rank-64-0,310,46,202.25731334511804
3668,dummy-llama-30b-m,dummy-lora-7b-rank-8-2,758,16,202.29856566470698
3669,dummy-llama-30b-m,dummy-lora-7b-rank-64-0,447,92,202.41403568671615
3670,dummy-llama-30b-m,dummy-lora-7b-rank-32-4,399,41,202.60976235107637
3671,dummy-llama-30b-m,dummy-lora-7b-rank-128-3,563,18,202.62709119972254
3672,dummy-llama-30b-m,dummy-lora-7b-rank-64-3,217,54,202.63214825426647
3673,dummy-llama-30b-m,dummy-lora-7b-rank-8-1,145,135,202.71685916971322
3674,dummy-llama-30b-m,dummy-lora-7b-rank-32-0,609,10,202.73181243923008
3675,dummy-llama-30b-m,dummy-lora-7b-rank-128-1,391,65,202.74081197809062
3676,dummy-llama-30b-m,dummy-lora-7b-rank-64-2,97,47,202.8361807198088
3677,dummy-llama-30b-m,dummy-lora-7b-rank-64-0,459,60,202.84070757985384
3678,dummy-llama-30b-m,dummy-lora-7b-rank-64-0,232,135,202.89348727406622
3679,dummy-llama-30b-m,dummy-lora-7b-rank-8-0,339,43,202.97316555600747
3680,dummy-llama-30b-m,dummy-lora-7b-rank-128-3,319,39,202.9735139578986
3681,dummy-llama-30b-m,dummy-lora-7b-rank-128-2,1019,58,203.01325966315483
3682,dummy-llama-30b-m,dummy-lora-7b-rank-32-3,936,44,203.0929009424268
3683,dummy-llama-30b-m,dummy-lora-7b-rank-8-1,385,38,203.10119250868271
3684,dummy-llama-30b-m,dummy-lora-7b-rank-128-4,500,75,203.10818493759385
3685,dummy-llama-30b-m,dummy-lora-7b-rank-64-0,573,26,203.29943141407003
3686,dummy-llama-30b-m,dummy-lora-7b-rank-16-2,976,31,203.3233302249614
3687,dummy-llama-30b-m,dummy-lora-7b-rank-8-4,349,41,203.41536967399466
3688,dummy-llama-30b-m,dummy-lora-7b-rank-128-2,609,18,203.43413855104484
3689,dummy-llama-30b-m,dummy-lora-7b-rank-64-1,613,24,203.43426335919094
3690,dummy-llama-30b-m,dummy-lora-7b-rank-16-2,167,64,203.43828380302068
3691,dummy-llama-30b-m,dummy-lora-7b-rank-16-1,576,27,203.5564750754652
3692,dummy-llama-30b-m,dummy-lora-7b-rank-8-2,165,43,203.56101750672968
3693,dummy-llama-30b-m,dummy-lora-7b-rank-32-2,598,28,203.61043447100874
3694,dummy-llama-30b-m,dummy-lora-7b-rank-64-0,558,22,203.77852565429848
3695,dummy-llama-30b-m,dummy-lora-7b-rank-8-4,151,48,203.85660795531348
3696,dummy-llama-30b-m,dummy-lora-7b-rank-8-0,599,25,203.89579346509194
3697,dummy-llama-30b-m,dummy-lora-7b-rank-64-2,562,25,203.9586243477859
3698,dummy-llama-30b-m,dummy-lora-7b-rank-16-3,646,6,204.0279245795297
3699,dummy-llama-30b-m,dummy-lora-7b-rank-32-1,570,28,204.04185206307352
3700,dummy-llama-30b-m,dummy-lora-7b-rank-128-4,436,47,204.2055613929165
3701,dummy-llama-30b-m,dummy-lora-7b-rank-16-0,578,24,204.28043926255395
3702,dummy-llama-30b-m,dummy-lora-7b-rank-32-2,257,40,204.33538191729295
3703,dummy-llama-30b-m,dummy-lora-7b-rank-16-2,367,213,204.40888694563742
3704,dummy-llama-30b-m,dummy-lora-7b-rank-32-1,325,6,204.49305011017358
3705,dummy-llama-30b-m,dummy-lora-7b-rank-128-2,588,22,204.5183618203622
3706,dummy-llama-30b-m,dummy-lora-7b-rank-8-4,292,37,204.5576605319574
3707,dummy-llama-30b-m,dummy-lora-7b-rank-16-1,659,28,204.62262866267804
3708,dummy-llama-30b-m,dummy-lora-7b-rank-32-1,196,13,204.64100432311736
3709,dummy-llama-30b-m,dummy-lora-7b-rank-16-1,607,19,204.6586039696693
3710,dummy-llama-30b-m,dummy-lora-7b-rank-64-0,576,2,204.66087032310818
3711,dummy-llama-30b-m,dummy-lora-7b-rank-64-1,472,48,204.699094536101
3712,dummy-llama-30b-m,dummy-lora-7b-rank-64-2,558,24,204.69932206993823
3713,dummy-llama-30b-m,dummy-lora-7b-rank-32-2,560,23,204.89487568467044
3714,dummy-llama-30b-m,dummy-lora-7b-rank-128-1,558,22,204.9513389107942
3715,dummy-llama-30b-m,dummy-lora-7b-rank-128-0,958,82,204.95910458871592
3716,dummy-llama-30b-m,dummy-lora-7b-rank-32-4,918,71,205.01865634634444
3717,dummy-llama-30b-m,dummy-lora-7b-rank-128-0,668,49,205.08673974503444
3718,dummy-llama-30b-m,dummy-lora-7b-rank-128-4,501,6,205.10727275068507
3719,dummy-llama-30b-m,dummy-lora-7b-rank-64-2,619,28,205.12123107189666
3720,dummy-llama-30b-m,dummy-lora-7b-rank-16-0,588,33,205.17279509008188
3721,dummy-llama-30b-m,dummy-lora-7b-rank-32-1,550,11,205.19042008907718
3722,dummy-llama-30b-m,dummy-lora-7b-rank-128-0,268,49,205.1907767783041
3723,dummy-llama-30b-m,dummy-lora-7b-rank-16-2,592,42,205.4313281225327
3724,dummy-llama-30b-m,dummy-lora-7b-rank-64-2,308,45,205.43284780359335
3725,dummy-llama-30b-m,dummy-lora-7b-rank-8-2,470,35,205.53633621554783
3726,dummy-llama-30b-m,dummy-lora-7b-rank-8-3,987,12,205.66961733579626
3727,dummy-llama-30b-m,dummy-lora-7b-rank-16-4,558,24,205.68355302744035
3728,dummy-llama-30b-m,dummy-lora-7b-rank-8-2,607,20,205.68717644794896
3729,dummy-llama-30b-m,dummy-lora-7b-rank-8-4,560,14,205.7830503035514
3730,dummy-llama-30b-m,dummy-lora-7b-rank-16-2,564,42,206.05440533824958
3731,dummy-llama-30b-m,dummy-lora-7b-rank-64-1,539,80,206.0989342597431
3732,dummy-llama-30b-m,dummy-lora-7b-rank-32-4,363,6,206.1459028389365
3733,dummy-llama-30b-m,dummy-lora-7b-rank-16-2,961,22,206.319406708891
3734,dummy-llama-30b-m,dummy-lora-7b-rank-128-1,699,53,206.34405296600215
3735,dummy-llama-30b-m,dummy-lora-7b-rank-128-3,418,48,206.37261201602806
3736,dummy-llama-30b-m,dummy-lora-7b-rank-8-2,584,13,206.37958387843415
3737,dummy-llama-30b-m,dummy-lora-7b-rank-128-1,342,113,206.46332013833958
3738,dummy-llama-30b-m,dummy-lora-7b-rank-8-1,215,120,206.48500960670592
3739,dummy-llama-30b-m,dummy-lora-7b-rank-8-3,554,20,206.54404137673097
3740,dummy-llama-30b-m,dummy-lora-7b-rank-8-0,607,19,206.55303187450411
3741,dummy-llama-30b-m,dummy-lora-7b-rank-8-4,556,23,206.59715015122015
3742,dummy-llama-30b-m,dummy-lora-7b-rank-16-0,560,23,206.63582802526
3743,dummy-llama-30b-m,dummy-lora-7b-rank-32-4,622,3,206.7128877475814
3744,dummy-llama-30b-m,dummy-lora-7b-rank-128-1,415,140,206.84220912157093
3745,dummy-llama-30b-m,dummy-lora-7b-rank-128-3,603,217,206.8690463344866
3746,dummy-llama-30b-m,dummy-lora-7b-rank-64-0,620,23,206.94989572172753
3747,dummy-llama-30b-m,dummy-lora-7b-rank-64-0,574,33,206.95607081876636
3748,dummy-llama-30b-m,dummy-lora-7b-rank-16-0,609,22,207.09960346012522
3749,dummy-llama-30b-m,dummy-lora-7b-rank-8-0,519,8,207.13855154730203
3750,dummy-llama-30b-m,dummy-lora-7b-rank-8-3,609,20,207.19659856420859
3751,dummy-llama-30b-m,dummy-lora-7b-rank-8-0,762,9,207.26755020240523
3752,dummy-llama-30b-m,dummy-lora-7b-rank-16-2,413,53,207.27141718551388
3753,dummy-llama-30b-m,dummy-lora-7b-rank-64-3,134,51,207.31322615133854
3754,dummy-llama-30b-m,dummy-lora-7b-rank-32-0,864,86,207.3678606108655
3755,dummy-llama-30b-m,dummy-lora-7b-rank-16-4,211,42,207.46181672592485
3756,dummy-llama-30b-m,dummy-lora-7b-rank-8-3,878,23,207.50466104193853
3757,dummy-llama-30b-m,dummy-lora-7b-rank-64-4,481,7,207.60523250134423
3758,dummy-llama-30b-m,dummy-lora-7b-rank-32-2,160,47,207.63165334548594
3759,dummy-llama-30b-m,dummy-lora-7b-rank-64-2,631,49,207.6518924785694
3760,dummy-llama-30b-m,dummy-lora-7b-rank-8-1,193,7,207.6571945944413
3761,dummy-llama-30b-m,dummy-lora-7b-rank-128-4,268,44,207.67270892496765
3762,dummy-llama-30b-m,dummy-lora-7b-rank-16-2,321,39,207.68559783142217
3763,dummy-llama-30b-m,dummy-lora-7b-rank-128-0,606,19,207.72587274074854
3764,dummy-llama-30b-m,dummy-lora-7b-rank-32-0,400,60,207.74853126140047
3765,dummy-llama-30b-m,dummy-lora-7b-rank-64-4,560,21,207.83084773979436
3766,dummy-llama-30b-m,dummy-lora-7b-rank-64-1,588,19,207.8727263046126
3767,dummy-llama-30b-m,dummy-lora-7b-rank-128-4,576,33,208.03041905795814
3768,dummy-llama-30b-m,dummy-lora-7b-rank-64-4,563,29,208.03651539559618
3769,dummy-llama-30b-m,dummy-lora-7b-rank-8-0,556,19,208.03994603510773
3770,dummy-llama-30b-m,dummy-lora-7b-rank-16-3,326,44,208.09917533755154
3771,dummy-llama-30b-m,dummy-lora-7b-rank-32-2,250,39,208.10491605088933
3772,dummy-llama-30b-m,dummy-lora-7b-rank-32-3,619,17,208.15935146043188
3773,dummy-llama-30b-m,dummy-lora-7b-rank-8-4,209,70,208.2155387867441
3774,dummy-llama-30b-m,dummy-lora-7b-rank-128-2,624,23,208.23190630390127
3775,dummy-llama-30b-m,dummy-lora-7b-rank-8-2,554,21,208.32283456751958
3776,dummy-llama-30b-m,dummy-lora-7b-rank-16-0,592,25,208.43590924177107
3777,dummy-llama-30b-m,dummy-lora-7b-rank-32-1,304,45,208.45201211890188
3778,dummy-llama-30b-m,dummy-lora-7b-rank-32-4,568,27,208.55054903486376
3779,dummy-llama-30b-m,dummy-lora-7b-rank-32-4,354,8,208.57508603761488
3780,dummy-llama-30b-m,dummy-lora-7b-rank-8-2,330,70,208.57748013765857
3781,dummy-llama-30b-m,dummy-lora-7b-rank-32-4,272,115,208.70706000616957
3782,dummy-llama-30b-m,dummy-lora-7b-rank-128-1,313,53,208.72400413799465
3783,dummy-llama-30b-m,dummy-lora-7b-rank-64-3,516,9,208.80872167939233
3784,dummy-llama-30b-m,dummy-lora-7b-rank-8-1,523,53,208.85252324208406
3785,dummy-llama-30b-m,dummy-lora-7b-rank-128-0,594,16,208.8839322776361
3786,dummy-llama-30b-m,dummy-lora-7b-rank-16-0,661,25,208.95494639119968
3787,dummy-llama-30b-m,dummy-lora-7b-rank-32-0,556,13,208.9667795003557
3788,dummy-llama-30b-m,dummy-lora-7b-rank-64-4,588,223,208.99191375862364
3789,dummy-llama-30b-m,dummy-lora-7b-rank-8-1,286,4,209.00867032298018
3790,dummy-llama-30b-m,dummy-lora-7b-rank-16-2,552,11,209.1893442350741
3791,dummy-llama-30b-m,dummy-lora-7b-rank-128-1,598,37,209.20709897120565
3792,dummy-llama-30b-m,dummy-lora-7b-rank-32-3,556,19,209.22382287015577
3793,dummy-llama-30b-m,dummy-lora-7b-rank-128-2,522,17,209.34873190643378
3794,dummy-llama-30b-m,dummy-lora-7b-rank-16-1,597,24,209.4414590066292
3795,dummy-llama-30b-m,dummy-lora-7b-rank-8-2,617,29,209.47403110819283
3796,dummy-llama-30b-m,dummy-lora-7b-rank-32-3,197,44,209.52797025796463
3797,dummy-llama-30b-m,dummy-lora-7b-rank-16-3,265,63,209.54605974915043
3798,dummy-llama-30b-m,dummy-lora-7b-rank-128-1,264,51,209.61158802904717
3799,dummy-llama-30b-m,dummy-lora-7b-rank-128-0,619,9,209.64370413889435
3800,dummy-llama-30b-m,dummy-lora-7b-rank-128-3,610,50,209.80208649942787
3801,dummy-llama-30b-m,dummy-lora-7b-rank-16-4,473,4,209.81154234224365
3802,dummy-llama-30b-m,dummy-lora-7b-rank-32-1,554,13,209.8269006690596
3803,dummy-llama-30b-m,dummy-lora-7b-rank-64-1,578,34,209.97315745523682
3804,dummy-llama-30b-m,dummy-lora-7b-rank-32-4,471,43,210.0758378871755
3805,dummy-llama-30b-m,dummy-lora-7b-rank-64-3,552,19,210.16820574545787
3806,dummy-llama-30b-m,dummy-lora-7b-rank-64-4,713,34,210.32676136036147
3807,dummy-llama-30b-m,dummy-lora-7b-rank-32-0,76,41,210.42135091125485
3808,dummy-llama-30b-m,dummy-lora-7b-rank-16-1,560,23,210.42245748222672
3809,dummy-llama-30b-m,dummy-lora-7b-rank-16-0,550,20,210.43081565671523
3810,dummy-llama-30b-m,dummy-lora-7b-rank-8-3,404,4,210.48192795547584
3811,dummy-llama-30b-m,dummy-lora-7b-rank-8-2,568,30,210.55629623488642
3812,dummy-llama-30b-m,dummy-lora-7b-rank-8-0,247,45,210.58163691978353
3813,dummy-llama-30b-m,dummy-lora-7b-rank-32-2,519,52,210.62738605829847
3814,dummy-llama-30b-m,dummy-lora-7b-rank-64-1,548,2,210.65926540663082
3815,dummy-llama-30b-m,dummy-lora-7b-rank-32-4,480,64,210.68169127432742
3816,dummy-llama-30b-m,dummy-lora-7b-rank-64-3,570,31,210.71651921510698
3817,dummy-llama-30b-m,dummy-lora-7b-rank-8-2,359,39,210.72061754075833
3818,dummy-llama-30b-m,dummy-lora-7b-rank-128-0,196,99,210.7879937148332
3819,dummy-llama-30b-m,dummy-lora-7b-rank-16-3,368,150,210.8209787713568
3820,dummy-llama-30b-m,dummy-lora-7b-rank-128-4,261,35,210.849909961963
3821,dummy-llama-30b-m,dummy-lora-7b-rank-32-3,587,33,210.87450146986313
3822,dummy-llama-30b-m,dummy-lora-7b-rank-32-2,455,49,210.8799602001838
3823,dummy-llama-30b-m,dummy-lora-7b-rank-64-0,593,8,210.88406095000218
3824,dummy-llama-30b-m,dummy-lora-7b-rank-16-4,556,20,210.90040269073427
3825,dummy-llama-30b-m,dummy-lora-7b-rank-128-1,578,30,210.91503194746488
3826,dummy-llama-30b-m,dummy-lora-7b-rank-32-0,550,18,210.9971130596326
3827,dummy-llama-30b-m,dummy-lora-7b-rank-128-0,822,3,211.24105876118813
3828,dummy-llama-30b-m,dummy-lora-7b-rank-128-3,535,77,211.25169196539994
3829,dummy-llama-30b-m,dummy-lora-7b-rank-128-2,172,77,211.27368295881465
3830,dummy-llama-30b-m,dummy-lora-7b-rank-16-0,262,10,211.3194635395992
3831,dummy-llama-30b-m,dummy-lora-7b-rank-16-0,355,46,211.34226541247705
3832,dummy-llama-30b-m,dummy-lora-7b-rank-128-4,457,32,211.42545515074022
3833,dummy-llama-30b-m,dummy-lora-7b-rank-64-2,728,39,211.44258555165206
3834,dummy-llama-30b-m,dummy-lora-7b-rank-8-1,972,6,211.44334538728575
3835,dummy-llama-30b-m,dummy-lora-7b-rank-8-2,268,51,211.53639269160345
3836,dummy-llama-30b-m,dummy-lora-7b-rank-64-4,308,8,211.5989661108989
3837,dummy-llama-30b-m,dummy-lora-7b-rank-128-4,193,58,211.71685510863318
3838,dummy-llama-30b-m,dummy-lora-7b-rank-16-0,178,66,211.78554679664836
3839,dummy-llama-30b-m,dummy-lora-7b-rank-16-1,818,3,211.79636059979046
3840,dummy-llama-30b-m,dummy-lora-7b-rank-32-3,645,26,211.80294286895062
3841,dummy-llama-30b-m,dummy-lora-7b-rank-16-1,701,57,211.84094947305834
3842,dummy-llama-30b-m,dummy-lora-7b-rank-128-2,526,90,211.90514507398458
3843,dummy-llama-30b-m,dummy-lora-7b-rank-8-3,636,31,211.97243281336202
3844,dummy-llama-30b-m,dummy-lora-7b-rank-32-2,158,86,211.97282470990916
3845,dummy-llama-30b-m,dummy-lora-7b-rank-8-2,462,54,212.03065210371207
3846,dummy-llama-30b-m,dummy-lora-7b-rank-8-1,346,79,212.0999191164093
3847,dummy-llama-30b-m,dummy-lora-7b-rank-16-3,586,18,212.19485041375535
3848,dummy-llama-30b-m,dummy-lora-7b-rank-64-3,562,16,212.38136703054025
3849,dummy-llama-30b-m,dummy-lora-7b-rank-32-4,558,22,212.5381065640053
3850,dummy-llama-30b-m,dummy-lora-7b-rank-16-1,398,12,212.56917132306526
3851,dummy-llama-30b-m,dummy-lora-7b-rank-64-1,564,27,212.61659570787987
3852,dummy-llama-30b-m,dummy-lora-7b-rank-128-0,584,18,212.74069437575113
3853,dummy-llama-30b-m,dummy-lora-7b-rank-16-3,138,19,212.74643415205844
3854,dummy-llama-30b-m,dummy-lora-7b-rank-8-4,311,45,212.80036862686504
3855,dummy-llama-30b-m,dummy-lora-7b-rank-64-1,804,66,212.98877848576342
3856,dummy-llama-30b-m,dummy-lora-7b-rank-128-2,214,55,213.01361483097116
3857,dummy-llama-30b-m,dummy-lora-7b-rank-8-4,332,10,213.04828733167142
3858,dummy-llama-30b-m,dummy-lora-7b-rank-32-4,576,2,213.08860556082038
3859,dummy-llama-30b-m,dummy-lora-7b-rank-64-4,216,127,213.14209161999958
3860,dummy-llama-30b-m,dummy-lora-7b-rank-32-0,548,17,213.14721537032574
3861,dummy-llama-30b-m,dummy-lora-7b-rank-8-3,427,70,213.22918501180334
3862,dummy-llama-30b-m,dummy-lora-7b-rank-32-1,880,9,213.27788803197575
3863,dummy-llama-30b-m,dummy-lora-7b-rank-128-0,554,12,213.28323160163973
3864,dummy-llama-30b-m,dummy-lora-7b-rank-8-4,598,42,213.29284683088844
3865,dummy-llama-30b-m,dummy-lora-7b-rank-128-2,500,35,213.37573012359087
3866,dummy-llama-30b-m,dummy-lora-7b-rank-16-4,740,49,213.3886105973192
3867,dummy-llama-30b-m,dummy-lora-7b-rank-8-4,556,183,213.4501965582017
3868,dummy-llama-30b-m,dummy-lora-7b-rank-8-0,560,23,213.45307112586644
3869,dummy-llama-30b-m,dummy-lora-7b-rank-8-0,492,59,213.48292584801436
3870,dummy-llama-30b-m,dummy-lora-7b-rank-16-3,547,87,213.5369050901332
3871,dummy-llama-30b-m,dummy-lora-7b-rank-16-4,287,102,213.54054242783732
3872,dummy-llama-30b-m,dummy-lora-7b-rank-32-4,190,5,213.6537169871055
3873,dummy-llama-30b-m,dummy-lora-7b-rank-8-3,778,47,213.666632387469
3874,dummy-llama-30b-m,dummy-lora-7b-rank-16-3,559,14,213.79627017919756
3875,dummy-llama-30b-m,dummy-lora-7b-rank-128-4,530,24,213.89580663907955
3876,dummy-llama-30b-m,dummy-lora-7b-rank-128-4,289,41,213.9476126856633
3877,dummy-llama-30b-m,dummy-lora-7b-rank-128-2,1005,26,214.0113267221218
3878,dummy-llama-30b-m,dummy-lora-7b-rank-128-1,520,94,214.02837771781543
3879,dummy-llama-30b-m,dummy-lora-7b-rank-32-4,807,14,214.04604189058844
3880,dummy-llama-30b-m,dummy-lora-7b-rank-32-2,575,49,214.09172155859156
3881,dummy-llama-30b-m,dummy-lora-7b-rank-64-3,580,62,214.129477118073
3882,dummy-llama-30b-m,dummy-lora-7b-rank-16-3,921,38,214.17910723818454
3883,dummy-llama-30b-m,dummy-lora-7b-rank-128-3,500,3,214.2838386471356
3884,dummy-llama-30b-m,dummy-lora-7b-rank-8-0,810,38,214.2901440069629
3885,dummy-llama-30b-m,dummy-lora-7b-rank-8-0,459,116,214.32074933667081
3886,dummy-llama-30b-m,dummy-lora-7b-rank-32-3,85,53,214.34135484601674
3887,dummy-llama-30b-m,dummy-lora-7b-rank-64-0,558,22,214.363315271871
3888,dummy-llama-30b-m,dummy-lora-7b-rank-16-3,821,81,214.39004694586473
3889,dummy-llama-30b-m,dummy-lora-7b-rank-8-3,584,36,214.41164189974742
3890,dummy-llama-30b-m,dummy-lora-7b-rank-16-2,205,5,214.47012460128008
3891,dummy-llama-30b-m,dummy-lora-7b-rank-32-0,516,16,214.50930021160212
3892,dummy-llama-30b-m,dummy-lora-7b-rank-32-4,252,148,214.55647617607318
3893,dummy-llama-30b-m,dummy-lora-7b-rank-32-4,715,10,214.62079905264017
3894,dummy-llama-30b-m,dummy-lora-7b-rank-128-0,607,21,214.6461736112951
3895,dummy-llama-30b-m,dummy-lora-7b-rank-32-2,656,11,214.66926329023937
3896,dummy-llama-30b-m,dummy-lora-7b-rank-64-2,240,149,214.6912761068944
3897,dummy-llama-30b-m,dummy-lora-7b-rank-128-0,688,76,214.69515327017126
3898,dummy-llama-30b-m,dummy-lora-7b-rank-64-4,487,180,214.71523253889697
3899,dummy-llama-30b-m,dummy-lora-7b-rank-8-0,550,18,214.7529717415526
3900,dummy-llama-30b-m,dummy-lora-7b-rank-32-1,615,22,214.78276363625187
3901,dummy-llama-30b-m,dummy-lora-7b-rank-64-1,226,46,214.80540627178007
3902,dummy-llama-30b-m,dummy-lora-7b-rank-64-2,560,21,214.8516157963404
3903,dummy-llama-30b-m,dummy-lora-7b-rank-128-2,565,83,214.92189258091727
3904,dummy-llama-30b-m,dummy-lora-7b-rank-128-0,554,20,214.95408782929232
3905,dummy-llama-30b-m,dummy-lora-7b-rank-8-3,546,8,214.9656011130206
3906,dummy-llama-30b-m,dummy-lora-7b-rank-128-3,554,20,214.98343685180512
3907,dummy-llama-30b-m,dummy-lora-7b-rank-32-2,554,64,215.07297821594275
3908,dummy-llama-30b-m,dummy-lora-7b-rank-8-1,203,53,215.09395208071567
3909,dummy-llama-30b-m,dummy-lora-7b-rank-64-0,524,36,215.14476461092923
3910,dummy-llama-30b-m,dummy-lora-7b-rank-32-2,109,46,215.16956512337504
3911,dummy-llama-30b-m,dummy-lora-7b-rank-64-3,534,67,215.1932113844974
3912,dummy-llama-30b-m,dummy-lora-7b-rank-8-3,454,12,215.2500889388144
3913,dummy-llama-30b-m,dummy-lora-7b-rank-64-2,493,51,215.2949859097863
3914,dummy-llama-30b-m,dummy-lora-7b-rank-8-0,457,8,215.3013161831042
3915,dummy-llama-30b-m,dummy-lora-7b-rank-128-3,349,6,215.30181187495623
3916,dummy-llama-30b-m,dummy-lora-7b-rank-64-0,584,18,215.3287603933712
3917,dummy-llama-30b-m,dummy-lora-7b-rank-16-4,131,52,215.34181752510767
3918,dummy-llama-30b-m,dummy-lora-7b-rank-8-3,442,57,215.4316873047313
3919,dummy-llama-30b-m,dummy-lora-7b-rank-32-3,1020,45,215.43618804795346
3920,dummy-llama-30b-m,dummy-lora-7b-rank-128-0,295,78,215.43823676551315
3921,dummy-llama-30b-m,dummy-lora-7b-rank-8-4,104,15,215.58103323854473
3922,dummy-llama-30b-m,dummy-lora-7b-rank-32-0,558,25,215.59044985434807
3923,dummy-llama-30b-m,dummy-lora-7b-rank-32-1,618,54,215.5975022028446
3924,dummy-llama-30b-m,dummy-lora-7b-rank-64-3,566,26,215.90570117316142
3925,dummy-llama-30b-m,dummy-lora-7b-rank-8-4,619,30,215.92200384579584
3926,dummy-llama-30b-m,dummy-lora-7b-rank-8-2,708,43,215.94001058991597
3927,dummy-llama-30b-m,dummy-lora-7b-rank-64-1,302,51,215.95292098557363
3928,dummy-llama-30b-m,dummy-lora-7b-rank-8-1,548,45,216.00676875665545
3929,dummy-llama-30b-m,dummy-lora-7b-rank-128-3,994,22,216.0154216752862
3930,dummy-llama-30b-m,dummy-lora-7b-rank-8-1,333,56,216.01811917865078
3931,dummy-llama-30b-m,dummy-lora-7b-rank-8-0,604,45,216.04790075571557
3932,dummy-llama-30b-m,dummy-lora-7b-rank-8-2,554,22,216.0558048826376
3933,dummy-llama-30b-m,dummy-lora-7b-rank-32-0,572,32,216.10024226938313
3934,dummy-llama-30b-m,dummy-lora-7b-rank-64-2,409,9,216.1054199322713
3935,dummy-llama-30b-m,dummy-lora-7b-rank-8-0,775,43,216.21963545223363
3936,dummy-llama-30b-m,dummy-lora-7b-rank-64-3,421,8,216.26138075676454
3937,dummy-llama-30b-m,dummy-lora-7b-rank-32-2,226,54,216.27610675756745
3938,dummy-llama-30b-m,dummy-lora-7b-rank-16-0,465,7,216.283347105591
3939,dummy-llama-30b-m,dummy-lora-7b-rank-64-3,419,62,216.29031343545407
3940,dummy-llama-30b-m,dummy-lora-7b-rank-16-1,659,88,216.29566297552745
3941,dummy-llama-30b-m,dummy-lora-7b-rank-16-1,418,238,216.33436859458843
3942,dummy-llama-30b-m,dummy-lora-7b-rank-32-4,587,5,216.38212314668334
3943,dummy-llama-30b-m,dummy-lora-7b-rank-128-3,62,109,216.40883432313373
3944,dummy-llama-30b-m,dummy-lora-7b-rank-128-0,699,61,216.47622985058464
3945,dummy-llama-30b-m,dummy-lora-7b-rank-32-3,269,149,216.49459316989757
3946,dummy-llama-30b-m,dummy-lora-7b-rank-16-3,535,68,216.5016144737567
3947,dummy-llama-30b-m,dummy-lora-7b-rank-64-0,498,48,216.5594867349093
3948,dummy-llama-30b-m,dummy-lora-7b-rank-64-4,112,49,216.6049166849799
3949,dummy-llama-30b-m,dummy-lora-7b-rank-64-1,565,59,216.61887888893287
3950,dummy-llama-30b-m,dummy-lora-7b-rank-32-2,552,11,216.65281251715473
3951,dummy-llama-30b-m,dummy-lora-7b-rank-16-1,320,193,216.6831091809998
3952,dummy-llama-30b-m,dummy-lora-7b-rank-8-0,585,40,216.69029271077957
3953,dummy-llama-30b-m,dummy-lora-7b-rank-64-1,351,53,216.71512285186537
3954,dummy-llama-30b-m,dummy-lora-7b-rank-32-1,552,19,216.73259434349134
3955,dummy-llama-30b-m,dummy-lora-7b-rank-64-4,319,6,216.80453446721893
3956,dummy-llama-30b-m,dummy-lora-7b-rank-64-3,405,60,216.8293892240304
3957,dummy-llama-30b-m,dummy-lora-7b-rank-32-1,735,162,216.85730512471062
3958,dummy-llama-30b-m,dummy-lora-7b-rank-32-0,260,37,216.95370980777565
3959,dummy-llama-30b-m,dummy-lora-7b-rank-128-1,601,18,217.11309563607423
3960,dummy-llama-30b-m,dummy-lora-7b-rank-32-0,617,26,217.16340439015232
3961,dummy-llama-30b-m,dummy-lora-7b-rank-128-4,465,68,217.22165515438448
3962,dummy-llama-30b-m,dummy-lora-7b-rank-8-1,100,67,217.24103609337283
3963,dummy-llama-30b-m,dummy-lora-7b-rank-8-1,395,52,217.29551257063432
3964,dummy-llama-30b-m,dummy-lora-7b-rank-16-1,552,19,217.33564940631723
3965,dummy-llama-30b-m,dummy-lora-7b-rank-64-3,563,16,217.3631181132654
3966,dummy-llama-30b-m,dummy-lora-7b-rank-16-4,742,12,217.39642200842914
3967,dummy-llama-30b-m,dummy-lora-7b-rank-8-0,560,25,217.44177142717024
3968,dummy-llama-30b-m,dummy-lora-7b-rank-128-2,675,9,217.52571056297555
3969,dummy-llama-30b-m,dummy-lora-7b-rank-128-1,150,45,217.57725149732758
3970,dummy-llama-30b-m,dummy-lora-7b-rank-64-0,572,32,217.58488429198923
3971,dummy-llama-30b-m,dummy-lora-7b-rank-128-1,614,13,217.61341542403648
3972,dummy-llama-30b-m,dummy-lora-7b-rank-32-3,346,52,217.7325152588484
3973,dummy-llama-30b-m,dummy-lora-7b-rank-8-3,424,46,217.74029664614199
3974,dummy-llama-30b-m,dummy-lora-7b-rank-128-0,602,41,217.80159641255585
3975,dummy-llama-30b-m,dummy-lora-7b-rank-32-0,794,8,217.9184954026488
3976,dummy-llama-30b-m,dummy-lora-7b-rank-32-4,613,51,218.0033726625115
3977,dummy-llama-30b-m,dummy-lora-7b-rank-32-3,364,5,218.1715924812396
3978,dummy-llama-30b-m,dummy-lora-7b-rank-64-3,164,117,218.19124148234323
3979,dummy-llama-30b-m,dummy-lora-7b-rank-16-2,511,55,218.31062154227362
3980,dummy-llama-30b-m,dummy-lora-7b-rank-64-4,357,40,218.34021586317357
3981,dummy-llama-30b-m,dummy-lora-7b-rank-16-1,246,50,218.39253939815836
3982,dummy-llama-30b-m,dummy-lora-7b-rank-64-1,548,19,218.49739423966295
3983,dummy-llama-30b-m,dummy-lora-7b-rank-8-3,554,21,218.6832669657826
3984,dummy-llama-30b-m,dummy-lora-7b-rank-64-4,854,89,218.70944860964104
3985,dummy-llama-30b-m,dummy-lora-7b-rank-16-2,552,11,218.74298274099763
3986,dummy-llama-30b-m,dummy-lora-7b-rank-32-1,442,14,218.85036823510953
3987,dummy-llama-30b-m,dummy-lora-7b-rank-64-0,494,135,218.86829113712776
3988,dummy-llama-30b-m,dummy-lora-7b-rank-32-2,470,9,219.04954805783606
3989,dummy-llama-30b-m,dummy-lora-7b-rank-8-3,219,3,219.1012391842323
3990,dummy-llama-30b-m,dummy-lora-7b-rank-16-3,125,47,219.20393603978997
3991,dummy-llama-30b-m,dummy-lora-7b-rank-32-0,550,18,219.2134801521243
3992,dummy-llama-30b-m,dummy-lora-7b-rank-64-0,552,28,219.32114419843867
3993,dummy-llama-30b-m,dummy-lora-7b-rank-16-0,396,9,219.42794806285934
3994,dummy-llama-30b-m,dummy-lora-7b-rank-32-2,560,23,219.55673647473236
3995,dummy-llama-30b-m,dummy-lora-7b-rank-8-4,787,37,219.55699932731414
3996,dummy-llama-30b-m,dummy-lora-7b-rank-8-3,151,79,219.56718952641555
3997,dummy-llama-30b-m,dummy-lora-7b-rank-128-4,223,49,219.5844714623343
3998,dummy-llama-30b-m,dummy-lora-7b-rank-8-3,250,51,219.5957923554979
3999,dummy-llama-30b-m,dummy-lora-7b-rank-64-3,955,10,219.6657186316105
4000,dummy-llama-30b-m,dummy-lora-7b-rank-128-4,737,103,219.7101739905987
4001,dummy-llama-30b-m,dummy-lora-7b-rank-64-2,619,3,219.77970017695907
4002,dummy-llama-30b-m,dummy-lora-7b-rank-16-1,554,19,219.82742563853228
4003,dummy-llama-30b-m,dummy-lora-7b-rank-8-2,571,51,219.8468057877236
4004,dummy-llama-30b-m,dummy-lora-7b-rank-32-1,228,142,219.8727319319111
4005,dummy-llama-30b-m,dummy-lora-7b-rank-16-0,755,70,219.89885431172198
4006,dummy-llama-30b-m,dummy-lora-7b-rank-16-0,558,14,219.92632532525658
4007,dummy-llama-30b-m,dummy-lora-7b-rank-16-3,705,34,220.0481127699311
4008,dummy-llama-30b-m,dummy-lora-7b-rank-8-0,580,27,220.1813114826611
4009,dummy-llama-30b-m,dummy-lora-7b-rank-64-3,637,32,220.23376066535897
4010,dummy-llama-30b-m,dummy-lora-7b-rank-16-0,495,72,220.3456681946722
4011,dummy-llama-30b-m,dummy-lora-7b-rank-16-0,544,47,220.40595754486773
4012,dummy-llama-30b-m,dummy-lora-7b-rank-32-4,558,22,220.40700283386195
4013,dummy-llama-30b-m,dummy-lora-7b-rank-64-2,921,200,220.44576996784596
4014,dummy-llama-30b-m,dummy-lora-7b-rank-32-0,293,132,220.46673397400104
4015,dummy-llama-30b-m,dummy-lora-7b-rank-32-0,559,21,220.5201989648115
4016,dummy-llama-30b-m,dummy-lora-7b-rank-32-1,612,21,220.5315370035149
4017,dummy-llama-30b-m,dummy-lora-7b-rank-64-0,419,12,220.55537347933787
4018,dummy-llama-30b-m,dummy-lora-7b-rank-8-3,979,71,220.68535319742838
4019,dummy-llama-30b-m,dummy-lora-7b-rank-128-3,937,26,220.7085255740873
4020,dummy-llama-30b-m,dummy-lora-7b-rank-16-1,89,34,220.75779567104792
4021,dummy-llama-30b-m,dummy-lora-7b-rank-64-0,320,11,220.76160979438356
4022,dummy-llama-30b-m,dummy-lora-7b-rank-32-4,556,21,220.92056881134374
4023,dummy-llama-30b-m,dummy-lora-7b-rank-8-4,691,38,221.02234451941652
4024,dummy-llama-30b-m,dummy-lora-7b-rank-16-3,470,161,221.02489278468613
4025,dummy-llama-30b-m,dummy-lora-7b-rank-128-4,438,65,221.0285840101436
4026,dummy-llama-30b-m,dummy-lora-7b-rank-32-4,552,19,221.0966333817736
4027,dummy-llama-30b-m,dummy-lora-7b-rank-16-1,475,12,221.10605301739602
4028,dummy-llama-30b-m,dummy-lora-7b-rank-16-3,803,45,221.17968690228292
4029,dummy-llama-30b-m,dummy-lora-7b-rank-16-4,598,8,221.19835129915202
4030,dummy-llama-30b-m,dummy-lora-7b-rank-64-0,572,28,221.2752138150767
4031,dummy-llama-30b-m,dummy-lora-7b-rank-64-2,390,51,221.27637398967795
4032,dummy-llama-30b-m,dummy-lora-7b-rank-64-1,446,52,221.435885982903
4033,dummy-llama-30b-m,dummy-lora-7b-rank-64-0,562,24,221.44231016600543
4034,dummy-llama-30b-m,dummy-lora-7b-rank-16-4,759,52,221.45268223072978
4035,dummy-llama-30b-m,dummy-lora-7b-rank-8-4,562,27,221.49955643163645
4036,dummy-llama-30b-m,dummy-lora-7b-rank-8-2,572,11,221.5850237288023
4037,dummy-llama-30b-m,dummy-lora-7b-rank-8-3,586,24,221.66493319446957
4038,dummy-llama-30b-m,dummy-lora-7b-rank-128-3,56,49,221.72628870588417
4039,dummy-llama-30b-m,dummy-lora-7b-rank-128-0,392,54,221.82106111001326
4040,dummy-llama-30b-m,dummy-lora-7b-rank-128-4,754,43,221.8492392129546
4041,dummy-llama-30b-m,dummy-lora-7b-rank-64-4,624,22,221.87680468467244
4042,dummy-llama-30b-m,dummy-lora-7b-rank-64-3,119,31,221.901039251735
4043,dummy-llama-30b-m,dummy-lora-7b-rank-8-2,798,34,221.9860260383053
4044,dummy-llama-30b-m,dummy-lora-7b-rank-128-3,663,18,222.1218706076649
4045,dummy-llama-30b-m,dummy-lora-7b-rank-8-3,701,23,222.23294367660742
4046,dummy-llama-30b-m,dummy-lora-7b-rank-64-1,472,19,222.23346419543117
4047,dummy-llama-30b-m,dummy-lora-7b-rank-64-2,129,41,222.2969941956484
4048,dummy-llama-30b-m,dummy-lora-7b-rank-32-1,560,24,222.38592662584088
4049,dummy-llama-30b-m,dummy-lora-7b-rank-32-1,364,52,222.3919351886182
4050,dummy-llama-30b-m,dummy-lora-7b-rank-128-4,713,43,222.48087772077074
4051,dummy-llama-30b-m,dummy-lora-7b-rank-64-3,652,7,222.4855363325314
4052,dummy-llama-30b-m,dummy-lora-7b-rank-128-3,566,28,222.78320889464482
4053,dummy-llama-30b-m,dummy-lora-7b-rank-16-1,980,65,222.8007529923174
4054,dummy-llama-30b-m,dummy-lora-7b-rank-32-2,622,110,222.86276399193724
4055,dummy-llama-30b-m,dummy-lora-7b-rank-32-4,312,56,222.8658142978583
4056,dummy-llama-30b-m,dummy-lora-7b-rank-128-4,552,11,222.90855568216259
4057,dummy-llama-30b-m,dummy-lora-7b-rank-8-3,588,22,222.92214131956047
4058,dummy-llama-30b-m,dummy-lora-7b-rank-32-1,144,4,222.9480304416045
4059,dummy-llama-30b-m,dummy-lora-7b-rank-8-1,215,37,223.01587730179259
4060,dummy-llama-30b-m,dummy-lora-7b-rank-16-1,654,41,223.04029332225684
4061,dummy-llama-30b-m,dummy-lora-7b-rank-64-2,439,160,223.05509045689618
4062,dummy-llama-30b-m,dummy-lora-7b-rank-8-2,558,21,223.24695614224433
4063,dummy-llama-30b-m,dummy-lora-7b-rank-16-0,801,69,223.29416579071784
4064,dummy-llama-30b-m,dummy-lora-7b-rank-64-4,317,139,223.3288318501104
4065,dummy-llama-30b-m,dummy-lora-7b-rank-64-3,304,40,223.37903403651416
4066,dummy-llama-30b-m,dummy-lora-7b-rank-16-4,344,40,223.43865432286475
4067,dummy-llama-30b-m,dummy-lora-7b-rank-8-0,617,5,223.47962162433703
4068,dummy-llama-30b-m,dummy-lora-7b-rank-128-2,603,14,223.4968037533248
4069,dummy-llama-30b-m,dummy-lora-7b-rank-32-2,556,22,223.56003833536337
4070,dummy-llama-30b-m,dummy-lora-7b-rank-16-2,568,29,223.5982898843389
4071,dummy-llama-30b-m,dummy-lora-7b-rank-64-1,280,78,223.62941053387524
4072,dummy-llama-30b-m,dummy-lora-7b-rank-16-3,552,19,223.64332773340755
4073,dummy-llama-30b-m,dummy-lora-7b-rank-8-2,556,21,223.69938443006862
4074,dummy-llama-30b-m,dummy-lora-7b-rank-128-4,88,61,223.82223523449247
4075,dummy-llama-30b-m,dummy-lora-7b-rank-8-4,592,24,223.9422398780004
4076,dummy-llama-30b-m,dummy-lora-7b-rank-64-0,191,129,223.95522926002653
4077,dummy-llama-30b-m,dummy-lora-7b-rank-32-3,430,106,223.9583393047385
4078,dummy-llama-30b-m,dummy-lora-7b-rank-32-4,580,13,223.99549702105102
4079,dummy-llama-30b-m,dummy-lora-7b-rank-64-3,109,58,224.17516978186995
4080,dummy-llama-30b-m,dummy-lora-7b-rank-8-1,332,49,224.3033969590837
4081,dummy-llama-30b-m,dummy-lora-7b-rank-32-3,762,47,224.30971722971918
4082,dummy-llama-30b-m,dummy-lora-7b-rank-16-3,550,18,224.35130456483023
4083,dummy-llama-30b-m,dummy-lora-7b-rank-16-4,582,9,224.37582768112773
4084,dummy-llama-30b-m,dummy-lora-7b-rank-8-2,330,52,224.51027580747586
4085,dummy-llama-30b-m,dummy-lora-7b-rank-128-2,676,149,224.51951877138399
4086,dummy-llama-30b-m,dummy-lora-7b-rank-64-1,566,29,224.57756393618035
4087,dummy-llama-30b-m,dummy-lora-7b-rank-32-4,548,15,224.58737875796203
4088,dummy-llama-30b-m,dummy-lora-7b-rank-64-1,453,126,224.8211821959163
4089,dummy-llama-30b-m,dummy-lora-7b-rank-32-4,415,55,224.8421627341073
4090,dummy-llama-30b-m,dummy-lora-7b-rank-16-1,466,56,224.8613169866304
4091,dummy-llama-30b-m,dummy-lora-7b-rank-64-4,194,158,224.86438817808943
4092,dummy-llama-30b-m,dummy-lora-7b-rank-8-1,233,56,225.04391512531237
4093,dummy-llama-30b-m,dummy-lora-7b-rank-32-1,568,30,225.11873575664833
4094,dummy-llama-30b-m,dummy-lora-7b-rank-64-1,984,124,225.19064441959998
4095,dummy-llama-30b-m,dummy-lora-7b-rank-32-3,279,62,225.22059970891573
4096,dummy-llama-30b-m,dummy-lora-7b-rank-64-3,462,14,225.27583936404545
4097,dummy-llama-30b-m,dummy-lora-7b-rank-128-3,415,10,225.44949225075214
4098,dummy-llama-30b-m,dummy-lora-7b-rank-16-4,848,17,225.4583293797143
4099,dummy-llama-30b-m,dummy-lora-7b-rank-16-2,550,19,225.8919492384918
4100,dummy-llama-30b-m,dummy-lora-7b-rank-32-2,433,7,225.98328473414122
4101,dummy-llama-30b-m,dummy-lora-7b-rank-64-1,556,23,226.27120003125265
4102,dummy-llama-30b-m,dummy-lora-7b-rank-32-2,593,50,226.31453722022675
4103,dummy-llama-30b-m,dummy-lora-7b-rank-8-4,148,137,226.3334102514952
4104,dummy-llama-30b-m,dummy-lora-7b-rank-16-3,339,6,226.3683477548942
4105,dummy-llama-30b-m,dummy-lora-7b-rank-128-0,394,18,226.3902205704956
4106,dummy-llama-30b-m,dummy-lora-7b-rank-16-2,182,50,226.40450603074925
4107,dummy-llama-30b-m,dummy-lora-7b-rank-64-2,228,38,226.41790245994724
4108,dummy-llama-30b-m,dummy-lora-7b-rank-32-0,207,54,226.47432420865752
4109,dummy-llama-30b-m,dummy-lora-7b-rank-128-4,744,7,226.4907094018454
4110,dummy-llama-30b-m,dummy-lora-7b-rank-128-0,295,58,226.5431079757365
4111,dummy-llama-30b-m,dummy-lora-7b-rank-8-4,605,17,226.56057091201313
4112,dummy-llama-30b-m,dummy-lora-7b-rank-64-3,261,13,226.6196032395071
4113,dummy-llama-30b-m,dummy-lora-7b-rank-8-1,566,26,226.73361377717256
4114,dummy-llama-30b-m,dummy-lora-7b-rank-8-1,687,9,226.836025174196
4115,dummy-llama-30b-m,dummy-lora-7b-rank-64-0,359,35,226.89391287906986
4116,dummy-llama-30b-m,dummy-lora-7b-rank-64-4,245,11,227.22862887156063
4117,dummy-llama-30b-m,dummy-lora-7b-rank-128-1,229,78,227.27750662944217
4118,dummy-llama-30b-m,dummy-lora-7b-rank-128-2,224,30,227.2800736642126
4119,dummy-llama-30b-m,dummy-lora-7b-rank-32-3,294,33,227.33392160585495
4120,dummy-llama-30b-m,dummy-lora-7b-rank-64-0,391,10,227.41847542033432
4121,dummy-llama-30b-m,dummy-lora-7b-rank-128-2,285,145,227.53251365111362
4122,dummy-llama-30b-m,dummy-lora-7b-rank-8-3,556,21,227.73090457126196
4123,dummy-llama-30b-m,dummy-lora-7b-rank-8-0,219,53,227.73485532138153
4124,dummy-llama-30b-m,dummy-lora-7b-rank-64-2,495,41,227.87736595068415
4125,dummy-llama-30b-m,dummy-lora-7b-rank-64-1,271,45,227.90345799998425
4126,dummy-llama-30b-m,dummy-lora-7b-rank-128-4,520,6,227.93430894039165
4127,dummy-llama-30b-m,dummy-lora-7b-rank-8-2,435,48,227.99346712784754
4128,dummy-llama-30b-m,dummy-lora-7b-rank-32-4,566,27,228.0133982892909
4129,dummy-llama-30b-m,dummy-lora-7b-rank-128-0,312,11,228.04154648144177
4130,dummy-llama-30b-m,dummy-lora-7b-rank-8-2,552,11,228.09488660028111
4131,dummy-llama-30b-m,dummy-lora-7b-rank-128-1,446,4,228.13122299650126
4132,dummy-llama-30b-m,dummy-lora-7b-rank-8-3,838,36,228.25276930010344
4133,dummy-llama-30b-m,dummy-lora-7b-rank-64-1,584,23,228.26258812140745
4134,dummy-llama-30b-m,dummy-lora-7b-rank-8-2,260,124,228.29192574896956
4135,dummy-llama-30b-m,dummy-lora-7b-rank-8-4,736,7,228.30438051507272
4136,dummy-llama-30b-m,dummy-lora-7b-rank-8-4,624,18,228.32091592917942
4137,dummy-llama-30b-m,dummy-lora-7b-rank-8-2,225,50,228.38814582813623
4138,dummy-llama-30b-m,dummy-lora-7b-rank-64-2,266,108,228.41800693405227
4139,dummy-llama-30b-m,dummy-lora-7b-rank-64-1,556,12,228.6367195147449
4140,dummy-llama-30b-m,dummy-lora-7b-rank-8-1,556,21,228.658446136868
4141,dummy-llama-30b-m,dummy-lora-7b-rank-8-1,554,2,228.66186961507094
4142,dummy-llama-30b-m,dummy-lora-7b-rank-128-4,568,27,228.70287188608208
4143,dummy-llama-30b-m,dummy-lora-7b-rank-8-4,375,161,228.70837859331368
4144,dummy-llama-30b-m,dummy-lora-7b-rank-16-3,395,57,228.86159944021506
4145,dummy-llama-30b-m,dummy-lora-7b-rank-128-1,701,3,228.8706356332522
4146,dummy-llama-30b-m,dummy-lora-7b-rank-64-4,768,10,228.90152819475188
4147,dummy-llama-30b-m,dummy-lora-7b-rank-32-3,564,27,228.92690232333646
4148,dummy-llama-30b-m,dummy-lora-7b-rank-128-3,581,22,228.96009679029322
4149,dummy-llama-30b-m,dummy-lora-7b-rank-16-0,780,143,228.98410190158307
4150,dummy-llama-30b-m,dummy-lora-7b-rank-16-4,782,37,229.10279583726137
4151,dummy-llama-30b-m,dummy-lora-7b-rank-64-2,194,47,229.12117343929754
4152,dummy-llama-30b-m,dummy-lora-7b-rank-64-0,701,10,229.35868139693008
4153,dummy-llama-30b-m,dummy-lora-7b-rank-32-1,301,47,229.38900691918835
4154,dummy-llama-30b-m,dummy-lora-7b-rank-64-0,703,53,229.3959734898639
4155,dummy-llama-30b-m,dummy-lora-7b-rank-64-4,320,10,229.46282241567243
4156,dummy-llama-30b-m,dummy-lora-7b-rank-64-1,329,51,229.5652486324289
4157,dummy-llama-30b-m,dummy-lora-7b-rank-32-0,343,60,229.5743700520656
4158,dummy-llama-30b-m,dummy-lora-7b-rank-128-3,401,11,229.59214575760487
4159,dummy-llama-30b-m,dummy-lora-7b-rank-16-1,383,8,229.71915367600602
4160,dummy-llama-30b-m,dummy-lora-7b-rank-64-2,383,46,229.76111937059284
4161,dummy-llama-30b-m,dummy-lora-7b-rank-8-3,548,11,229.7989086548668
4162,dummy-llama-30b-m,dummy-lora-7b-rank-8-2,552,19,229.85943385306183
4163,dummy-llama-30b-m,dummy-lora-7b-rank-8-0,550,18,229.89241354986027
4164,dummy-llama-30b-m,dummy-lora-7b-rank-8-3,373,121,229.97252675899034
4165,dummy-llama-30b-m,dummy-lora-7b-rank-64-2,668,3,230.01475931867776
4166,dummy-llama-30b-m,dummy-lora-7b-rank-16-4,100,42,230.1157918843255
4167,dummy-llama-30b-m,dummy-lora-7b-rank-8-4,53,41,230.1676681819174
4168,dummy-llama-30b-m,dummy-lora-7b-rank-64-0,190,73,230.18709413550965
4169,dummy-llama-30b-m,dummy-lora-7b-rank-8-4,341,53,230.22953979701444
4170,dummy-llama-30b-m,dummy-lora-7b-rank-8-1,599,26,230.23771592803345
4171,dummy-llama-30b-m,dummy-lora-7b-rank-8-0,695,103,230.31240843008896
4172,dummy-llama-30b-m,dummy-lora-7b-rank-8-0,554,18,230.34177966429996
4173,dummy-llama-30b-m,dummy-lora-7b-rank-64-1,707,40,230.36585157425915
4174,dummy-llama-30b-m,dummy-lora-7b-rank-8-4,323,251,230.38373858001253
4175,dummy-llama-30b-m,dummy-lora-7b-rank-32-3,104,48,230.3980510207735
4176,dummy-llama-30b-m,dummy-lora-7b-rank-64-3,593,18,230.45464431132763
4177,dummy-llama-30b-m,dummy-lora-7b-rank-8-0,544,15,230.48505907160657
4178,dummy-llama-30b-m,dummy-lora-7b-rank-32-4,343,8,230.55081361986691
4179,dummy-llama-30b-m,dummy-lora-7b-rank-16-0,380,51,230.57521657471622
4180,dummy-llama-30b-m,dummy-lora-7b-rank-32-2,402,8,230.6317197749188
4181,dummy-llama-30b-m,dummy-lora-7b-rank-64-0,613,18,230.7147388174137
4182,dummy-llama-30b-m,dummy-lora-7b-rank-128-1,170,115,230.7341651226428
4183,dummy-llama-30b-m,dummy-lora-7b-rank-32-0,550,15,230.9307712763989
4184,dummy-llama-30b-m,dummy-lora-7b-rank-32-1,592,21,230.9754718189596
4185,dummy-llama-30b-m,dummy-lora-7b-rank-128-0,564,28,230.9797511895016
4186,dummy-llama-30b-m,dummy-lora-7b-rank-64-0,363,116,231.05367483845356
4187,dummy-llama-30b-m,dummy-lora-7b-rank-64-4,419,47,231.15801949118944
4188,dummy-llama-30b-m,dummy-lora-7b-rank-64-0,332,6,231.29653048678912
4189,dummy-llama-30b-m,dummy-lora-7b-rank-64-3,363,168,231.36085890800055
4190,dummy-llama-30b-m,dummy-lora-7b-rank-64-0,613,21,231.47145267966053
4191,dummy-llama-30b-m,dummy-lora-7b-rank-16-4,554,21,231.47749497138838
4192,dummy-llama-30b-m,dummy-lora-7b-rank-128-1,578,35,231.49775183290083
4193,dummy-llama-30b-m,dummy-lora-7b-rank-16-4,780,78,231.4998361698746
4194,dummy-llama-30b-m,dummy-lora-7b-rank-16-1,375,97,231.56012229448183
4195,dummy-llama-30b-m,dummy-lora-7b-rank-16-1,552,18,231.6440660260205
4196,dummy-llama-30b-m,dummy-lora-7b-rank-128-4,532,6,231.73503355344815
4197,dummy-llama-30b-m,dummy-lora-7b-rank-64-3,550,10,231.74705253765615
4198,dummy-llama-30b-m,dummy-lora-7b-rank-64-0,223,47,231.8856894751248
4199,dummy-llama-30b-m,dummy-lora-7b-rank-64-3,406,33,231.95025833445928
4200,dummy-llama-30b-m,dummy-lora-7b-rank-8-3,590,41,231.9560111503348
4201,dummy-llama-30b-m,dummy-lora-7b-rank-16-3,201,128,232.04351608446223
4202,dummy-llama-30b-m,dummy-lora-7b-rank-16-0,554,21,232.07934107597427
4203,dummy-llama-30b-m,dummy-lora-7b-rank-8-3,611,23,232.0906996781978
4204,dummy-llama-30b-m,dummy-lora-7b-rank-16-1,264,46,232.31676388274454
4205,dummy-llama-30b-m,dummy-lora-7b-rank-128-2,248,37,232.32631269588327
4206,dummy-llama-30b-m,dummy-lora-7b-rank-8-2,566,28,232.3670173625267
4207,dummy-llama-30b-m,dummy-lora-7b-rank-8-4,576,34,232.36720995659323
4208,dummy-llama-30b-m,dummy-lora-7b-rank-128-3,270,61,232.4000680488615
4209,dummy-llama-30b-m,dummy-lora-7b-rank-64-2,388,49,232.5070668040393
4210,dummy-llama-30b-m,dummy-lora-7b-rank-32-1,557,6,232.55808402999227
4211,dummy-llama-30b-m,dummy-lora-7b-rank-16-4,223,69,232.60646712176904
4212,dummy-llama-30b-m,dummy-lora-7b-rank-64-4,558,24,232.68581328354762
4213,dummy-llama-30b-m,dummy-lora-7b-rank-16-4,554,20,232.7785052781499
4214,dummy-llama-30b-m,dummy-lora-7b-rank-8-4,321,99,232.8002018284533
4215,dummy-llama-30b-m,dummy-lora-7b-rank-8-2,536,7,232.84159513467554
4216,dummy-llama-30b-m,dummy-lora-7b-rank-128-0,422,53,232.85102062272307
4217,dummy-llama-30b-m,dummy-lora-7b-rank-16-0,344,106,232.8858880207442
4218,dummy-llama-30b-m,dummy-lora-7b-rank-64-2,578,11,233.06990304697925
4219,dummy-llama-30b-m,dummy-lora-7b-rank-128-1,472,28,233.0882902992517
4220,dummy-llama-30b-m,dummy-lora-7b-rank-128-0,602,24,233.22490655547128
4221,dummy-llama-30b-m,dummy-lora-7b-rank-64-1,517,56,233.41374677248126
4222,dummy-llama-30b-m,dummy-lora-7b-rank-32-0,332,56,233.45006382309808
4223,dummy-llama-30b-m,dummy-lora-7b-rank-64-0,307,46,233.52137012540402
4224,dummy-llama-30b-m,dummy-lora-7b-rank-64-4,926,44,233.55899914243108
4225,dummy-llama-30b-m,dummy-lora-7b-rank-32-0,115,47,233.79954402886693
4226,dummy-llama-30b-m,dummy-lora-7b-rank-64-0,528,87,233.90002332086746
4227,dummy-llama-30b-m,dummy-lora-7b-rank-8-1,576,32,234.01303913613137
4228,dummy-llama-30b-m,dummy-lora-7b-rank-128-0,751,80,234.18495723792915
4229,dummy-llama-30b-m,dummy-lora-7b-rank-128-3,619,35,234.2202987469169
4230,dummy-llama-30b-m,dummy-lora-7b-rank-64-3,391,163,234.2383959432779
4231,dummy-llama-30b-m,dummy-lora-7b-rank-32-0,558,23,234.2688932598585
4232,dummy-llama-30b-m,dummy-lora-7b-rank-8-3,634,111,234.28480200986596
4233,dummy-llama-30b-m,dummy-lora-7b-rank-16-4,882,7,234.3907329505419
4234,dummy-llama-30b-m,dummy-lora-7b-rank-32-0,660,22,234.41311694741395
4235,dummy-llama-30b-m,dummy-lora-7b-rank-8-2,582,27,234.4610439752813
4236,dummy-llama-30b-m,dummy-lora-7b-rank-32-0,1020,29,234.5449550837775
4237,dummy-llama-30b-m,dummy-lora-7b-rank-16-3,572,32,234.57209381992934
4238,dummy-llama-30b-m,dummy-lora-7b-rank-32-0,698,49,234.59327256025122
4239,dummy-llama-30b-m,dummy-lora-7b-rank-16-1,584,18,234.63552889775255
4240,dummy-llama-30b-m,dummy-lora-7b-rank-16-3,166,97,234.6681714056554
4241,dummy-llama-30b-m,dummy-lora-7b-rank-32-2,249,79,234.7011535829345
4242,dummy-llama-30b-m,dummy-lora-7b-rank-8-0,652,22,234.72250132822998
4243,dummy-llama-30b-m,dummy-lora-7b-rank-64-3,271,129,234.75769593715393
4244,dummy-llama-30b-m,dummy-lora-7b-rank-8-4,558,24,234.79756824763007
4245,dummy-llama-30b-m,dummy-lora-7b-rank-32-4,578,35,234.87005009216824
4246,dummy-llama-30b-m,dummy-lora-7b-rank-128-1,212,45,235.00894443508923
4247,dummy-llama-30b-m,dummy-lora-7b-rank-32-0,610,6,235.00950548252064
4248,dummy-llama-30b-m,dummy-lora-7b-rank-128-3,335,52,235.1146568149699
4249,dummy-llama-30b-m,dummy-lora-7b-rank-32-1,375,44,235.149020825617
4250,dummy-llama-30b-m,dummy-lora-7b-rank-64-0,458,56,235.14974691786594
4251,dummy-llama-30b-m,dummy-lora-7b-rank-16-4,566,26,235.15654376326805
4252,dummy-llama-30b-m,dummy-lora-7b-rank-8-1,548,20,235.19433441054647
4253,dummy-llama-30b-m,dummy-lora-7b-rank-64-2,568,30,235.28530375006238
4254,dummy-llama-30b-m,dummy-lora-7b-rank-64-1,562,16,235.31162974664556
4255,dummy-llama-30b-m,dummy-lora-7b-rank-128-3,384,44,235.37152424966843
4256,dummy-llama-30b-m,dummy-lora-7b-rank-8-1,489,41,235.39242833586016
4257,dummy-llama-30b-m,dummy-lora-7b-rank-8-2,194,45,235.47939860696226
4258,dummy-llama-30b-m,dummy-lora-7b-rank-32-2,554,22,235.48513753963687
4259,dummy-llama-30b-m,dummy-lora-7b-rank-128-3,54,93,235.5376341270797
4260,dummy-llama-30b-m,dummy-lora-7b-rank-16-1,951,103,235.6321401173491
4261,dummy-llama-30b-m,dummy-lora-7b-rank-8-3,348,51,235.6980455290715
4262,dummy-llama-30b-m,dummy-lora-7b-rank-64-1,312,48,235.71848021077008
4263,dummy-llama-30b-m,dummy-lora-7b-rank-8-4,550,18,235.7399292507219
4264,dummy-llama-30b-m,dummy-lora-7b-rank-64-3,194,41,235.7637835993293
4265,dummy-llama-30b-m,dummy-lora-7b-rank-8-2,625,18,235.8569157426901
4266,dummy-llama-30b-m,dummy-lora-7b-rank-16-1,507,46,236.14088170872904
4267,dummy-llama-30b-m,dummy-lora-7b-rank-128-2,717,39,236.14619224333472
4268,dummy-llama-30b-m,dummy-lora-7b-rank-16-2,588,42,236.20131529084745
4269,dummy-llama-30b-m,dummy-lora-7b-rank-16-0,385,87,236.2795859519761
4270,dummy-llama-30b-m,dummy-lora-7b-rank-128-4,562,26,236.46396451502284
4271,dummy-llama-30b-m,dummy-lora-7b-rank-32-4,629,24,236.55447882255075
4272,dummy-llama-30b-m,dummy-lora-7b-rank-16-4,568,29,236.6164134682386
4273,dummy-llama-30b-m,dummy-lora-7b-rank-128-0,552,22,236.70998083061144
4274,dummy-llama-30b-m,dummy-lora-7b-rank-128-1,860,46,236.72317172551314
4275,dummy-llama-30b-m,dummy-lora-7b-rank-64-2,562,10,236.73485881874902
4276,dummy-llama-30b-m,dummy-lora-7b-rank-64-3,642,43,236.8171848746981
4277,dummy-llama-30b-m,dummy-lora-7b-rank-64-1,447,52,236.94650646928255
4278,dummy-llama-30b-m,dummy-lora-7b-rank-8-1,574,31,237.00861967564904
4279,dummy-llama-30b-m,dummy-lora-7b-rank-8-0,878,13,237.05412008216624
4280,dummy-llama-30b-m,dummy-lora-7b-rank-32-4,705,59,237.1608158150081
4281,dummy-llama-30b-m,dummy-lora-7b-rank-8-3,172,44,237.17195513524547
4282,dummy-llama-30b-m,dummy-lora-7b-rank-32-4,88,39,237.18039289651503
4283,dummy-llama-30b-m,dummy-lora-7b-rank-128-4,546,16,237.24801242721722
4284,dummy-llama-30b-m,dummy-lora-7b-rank-16-2,465,46,237.2695405406934
4285,dummy-llama-30b-m,dummy-lora-7b-rank-128-4,261,131,237.33650068497622
4286,dummy-llama-30b-m,dummy-lora-7b-rank-32-4,558,18,237.35819573239405
4287,dummy-llama-30b-m,dummy-lora-7b-rank-16-1,399,51,237.40108176055247
4288,dummy-llama-30b-m,dummy-lora-7b-rank-32-1,430,10,237.40458435523894
4289,dummy-llama-30b-m,dummy-lora-7b-rank-8-4,556,22,237.42674022473545
4290,dummy-llama-30b-m,dummy-lora-7b-rank-16-2,556,23,237.58048300870905
4291,dummy-llama-30b-m,dummy-lora-7b-rank-64-1,712,6,237.58731926210336
4292,dummy-llama-30b-m,dummy-lora-7b-rank-16-4,607,8,237.63472815833717
4293,dummy-llama-30b-m,dummy-lora-7b-rank-8-4,314,54,237.70439735372284
4294,dummy-llama-30b-m,dummy-lora-7b-rank-32-1,325,17,237.90312655488168
4295,dummy-llama-30b-m,dummy-lora-7b-rank-32-4,337,6,237.91569548194693
4296,dummy-llama-30b-m,dummy-lora-7b-rank-16-3,341,132,237.9510758836965
4297,dummy-llama-30b-m,dummy-lora-7b-rank-8-1,243,92,238.088361574278
4298,dummy-llama-30b-m,dummy-lora-7b-rank-64-1,193,43,238.13137391471813
4299,dummy-llama-30b-m,dummy-lora-7b-rank-8-0,291,50,238.16353414291476
4300,dummy-llama-30b-m,dummy-lora-7b-rank-128-3,125,27,238.17531565533963
4301,dummy-llama-30b-m,dummy-lora-7b-rank-128-4,510,5,238.3120085486595
4302,dummy-llama-30b-m,dummy-lora-7b-rank-64-1,650,50,238.3569757221685
4303,dummy-llama-30b-m,dummy-lora-7b-rank-64-3,558,25,238.3849315165995
4304,dummy-llama-30b-m,dummy-lora-7b-rank-16-0,387,46,238.43565203515055
4305,dummy-llama-30b-m,dummy-lora-7b-rank-64-4,548,19,238.4723827213444
4306,dummy-llama-30b-m,dummy-lora-7b-rank-32-4,561,9,238.60271430923487
4307,dummy-llama-30b-m,dummy-lora-7b-rank-8-4,848,10,238.62509852138294
4308,dummy-llama-30b-m,dummy-lora-7b-rank-64-3,456,42,238.64991783713697
4309,dummy-llama-30b-m,dummy-lora-7b-rank-16-4,643,69,238.7016512386384
4310,dummy-llama-30b-m,dummy-lora-7b-rank-16-4,350,11,238.78991138448677
4311,dummy-llama-30b-m,dummy-lora-7b-rank-16-0,518,56,238.87907556673878
4312,dummy-llama-30b-m,dummy-lora-7b-rank-128-2,803,12,238.89051661687714
4313,dummy-llama-30b-m,dummy-lora-7b-rank-16-2,365,46,238.93089131919714
4314,dummy-llama-30b-m,dummy-lora-7b-rank-64-2,280,55,238.9747109172777
4315,dummy-llama-30b-m,dummy-lora-7b-rank-16-0,347,49,238.9844062167148
4316,dummy-llama-30b-m,dummy-lora-7b-rank-128-1,405,18,239.0328374317799
4317,dummy-llama-30b-m,dummy-lora-7b-rank-16-3,594,15,239.2189483830862
4318,dummy-llama-30b-m,dummy-lora-7b-rank-64-0,552,19,239.31836811932865
4319,dummy-llama-30b-m,dummy-lora-7b-rank-64-4,497,7,239.3803530831404
4320,dummy-llama-30b-m,dummy-lora-7b-rank-8-0,550,19,239.53660754453048
4321,dummy-llama-30b-m,dummy-lora-7b-rank-128-2,217,45,239.59472931979818
4322,dummy-llama-30b-m,dummy-lora-7b-rank-8-4,794,20,239.63533311574216
4323,dummy-llama-30b-m,dummy-lora-7b-rank-32-2,573,59,239.691188924284
4324,dummy-llama-30b-m,dummy-lora-7b-rank-16-0,572,32,239.77283105804725
4325,dummy-llama-30b-m,dummy-lora-7b-rank-64-0,609,9,239.78928049194397
4326,dummy-llama-30b-m,dummy-lora-7b-rank-16-1,305,69,239.88137021773818
4327,dummy-llama-30b-m,dummy-lora-7b-rank-128-0,552,24,239.92052921169412
4328,dummy-llama-30b-m,dummy-lora-7b-rank-128-1,564,26,239.959375848892
4329,dummy-llama-30b-m,dummy-lora-7b-rank-64-0,609,3,240.01147671383345
4330,dummy-llama-30b-m,dummy-lora-7b-rank-64-4,201,128,240.03831370044134
4331,dummy-llama-30b-m,dummy-lora-7b-rank-128-0,575,32,240.04041177772527
4332,dummy-llama-30b-m,dummy-lora-7b-rank-64-4,570,27,240.0959977391708
4333,dummy-llama-30b-m,dummy-lora-7b-rank-32-3,497,68,240.13266159915716
4334,dummy-llama-30b-m,dummy-lora-7b-rank-64-4,311,45,240.19613655787802
4335,dummy-llama-30b-m,dummy-lora-7b-rank-128-0,550,10,240.2626195684772
4336,dummy-llama-30b-m,dummy-lora-7b-rank-64-3,498,49,240.34046219343318
4337,dummy-llama-30b-m,dummy-lora-7b-rank-128-1,554,20,240.36233819393007
4338,dummy-llama-30b-m,dummy-lora-7b-rank-16-0,334,6,240.3987252337269
4339,dummy-llama-30b-m,dummy-lora-7b-rank-64-3,362,4,240.42359222627235
4340,dummy-llama-30b-m,dummy-lora-7b-rank-64-4,594,26,240.4942976491324
4341,dummy-llama-30b-m,dummy-lora-7b-rank-128-3,232,50,240.56222162140836
4342,dummy-llama-30b-m,dummy-lora-7b-rank-8-3,546,16,240.60145055612605
4343,dummy-llama-30b-m,dummy-lora-7b-rank-128-2,595,13,240.62033400942528
4344,dummy-llama-30b-m,dummy-lora-7b-rank-32-1,104,60,240.66084206042703
4345,dummy-llama-30b-m,dummy-lora-7b-rank-64-4,131,39,240.6803833912392
4346,dummy-llama-30b-m,dummy-lora-7b-rank-16-4,580,16,240.68418293450398
4347,dummy-llama-30b-m,dummy-lora-7b-rank-32-3,555,106,240.7503070573298
4348,dummy-llama-30b-m,dummy-lora-7b-rank-8-0,548,17,240.77234358785242
4349,dummy-llama-30b-m,dummy-lora-7b-rank-64-1,620,16,240.77344096620735
4350,dummy-llama-30b-m,dummy-lora-7b-rank-32-3,572,32,240.81022338793005
4351,dummy-llama-30b-m,dummy-lora-7b-rank-8-0,550,18,240.83613079687302
4352,dummy-llama-30b-m,dummy-lora-7b-rank-16-1,558,24,240.94011600351644
4353,dummy-llama-30b-m,dummy-lora-7b-rank-32-2,451,10,240.95168159041063
4354,dummy-llama-30b-m,dummy-lora-7b-rank-32-0,599,15,240.974092976059
4355,dummy-llama-30b-m,dummy-lora-7b-rank-128-0,114,65,241.06943352058894
4356,dummy-llama-30b-m,dummy-lora-7b-rank-32-1,389,48,241.11834960982335
4357,dummy-llama-30b-m,dummy-lora-7b-rank-64-3,560,26,241.20350840706735
4358,dummy-llama-30b-m,dummy-lora-7b-rank-8-2,133,54,241.29406293568215
4359,dummy-llama-30b-m,dummy-lora-7b-rank-64-1,500,133,241.34945259432112
4360,dummy-llama-30b-m,dummy-lora-7b-rank-8-2,133,43,241.4814197564324
4361,dummy-llama-30b-m,dummy-lora-7b-rank-32-4,750,43,241.52705537892368
4362,dummy-llama-30b-m,dummy-lora-7b-rank-8-3,627,21,241.6057991181155
4363,dummy-llama-30b-m,dummy-lora-7b-rank-64-1,349,9,241.72421652209013
4364,dummy-llama-30b-m,dummy-lora-7b-rank-16-1,605,28,241.7686497495961
4365,dummy-llama-30b-m,dummy-lora-7b-rank-64-0,592,14,241.7705435036069
4366,dummy-llama-30b-m,dummy-lora-7b-rank-64-0,564,26,241.7747621286595
4367,dummy-llama-30b-m,dummy-lora-7b-rank-64-1,302,52,241.77899860338613
4368,dummy-llama-30b-m,dummy-lora-7b-rank-32-4,518,60,241.78390270939258
4369,dummy-llama-30b-m,dummy-lora-7b-rank-8-0,579,44,241.80213188744142
4370,dummy-llama-30b-m,dummy-lora-7b-rank-128-2,600,18,241.8251201204946
4371,dummy-llama-30b-m,dummy-lora-7b-rank-32-2,720,53,241.86648810676516
4372,dummy-llama-30b-m,dummy-lora-7b-rank-16-3,483,11,241.8727891955355
4373,dummy-llama-30b-m,dummy-lora-7b-rank-64-3,402,43,241.87669326063045
4374,dummy-llama-30b-m,dummy-lora-7b-rank-32-1,546,8,241.94394493281652
4375,dummy-llama-30b-m,dummy-lora-7b-rank-32-0,688,16,241.95143264322004
4376,dummy-llama-30b-m,dummy-lora-7b-rank-32-2,471,55,242.2074459336354
4377,dummy-llama-30b-m,dummy-lora-7b-rank-8-0,350,42,242.2484922890514
4378,dummy-llama-30b-m,dummy-lora-7b-rank-8-1,211,146,242.41914269595534
4379,dummy-llama-30b-m,dummy-lora-7b-rank-128-0,480,6,242.42158027804206
4380,dummy-llama-30b-m,dummy-lora-7b-rank-128-0,671,10,242.52939204298423
4381,dummy-llama-30b-m,dummy-lora-7b-rank-128-1,683,10,242.7139420568863
4382,dummy-llama-30b-m,dummy-lora-7b-rank-128-2,639,12,242.7175919819815
4383,dummy-llama-30b-m,dummy-lora-7b-rank-32-2,196,49,242.73468857389912
4384,dummy-llama-30b-m,dummy-lora-7b-rank-16-2,581,11,242.74122505698793
4385,dummy-llama-30b-m,dummy-lora-7b-rank-16-1,372,37,242.82149038479534
4386,dummy-llama-30b-m,dummy-lora-7b-rank-128-3,668,54,242.856207799237
4387,dummy-llama-30b-m,dummy-lora-7b-rank-8-1,987,3,243.05343226675166
4388,dummy-llama-30b-m,dummy-lora-7b-rank-8-0,249,49,243.06932737636112
4389,dummy-llama-30b-m,dummy-lora-7b-rank-128-3,429,50,243.17105549813925
4390,dummy-llama-30b-m,dummy-lora-7b-rank-16-3,361,72,243.19486397640162
4391,dummy-llama-30b-m,dummy-lora-7b-rank-16-1,440,60,243.20433508241143
4392,dummy-llama-30b-m,dummy-lora-7b-rank-64-3,91,22,243.22865790519225
4393,dummy-llama-30b-m,dummy-lora-7b-rank-32-0,541,58,243.36425799468512
4394,dummy-llama-30b-m,dummy-lora-7b-rank-32-2,776,10,243.45814081379623
4395,dummy-llama-30b-m,dummy-lora-7b-rank-32-2,564,41,243.47088532300282
4396,dummy-llama-30b-m,dummy-lora-7b-rank-16-0,182,43,243.48596431846522
4397,dummy-llama-30b-m,dummy-lora-7b-rank-128-4,264,54,243.50319475451494
4398,dummy-llama-30b-m,dummy-lora-7b-rank-8-0,601,26,243.5361095942665
4399,dummy-llama-30b-m,dummy-lora-7b-rank-32-1,574,22,243.61765830974667
4400,dummy-llama-30b-m,dummy-lora-7b-rank-16-1,568,27,243.62170077725992
4401,dummy-llama-30b-m,dummy-lora-7b-rank-8-1,255,49,243.67946246529542
4402,dummy-llama-30b-m,dummy-lora-7b-rank-64-4,300,8,243.72516748701733
4403,dummy-llama-30b-m,dummy-lora-7b-rank-16-3,333,44,243.80228404206395
4404,dummy-llama-30b-m,dummy-lora-7b-rank-32-3,312,51,243.8340555329215
4405,dummy-llama-30b-m,dummy-lora-7b-rank-128-2,610,26,243.86536954006644
4406,dummy-llama-30b-m,dummy-lora-7b-rank-32-0,472,10,243.92428539472087
4407,dummy-llama-30b-m,dummy-lora-7b-rank-16-4,770,69,243.93283825945164
4408,dummy-llama-30b-m,dummy-lora-7b-rank-64-3,880,40,243.9625455605396
4409,dummy-llama-30b-m,dummy-lora-7b-rank-32-0,563,61,244.02822748549875
4410,dummy-llama-30b-m,dummy-lora-7b-rank-8-1,128,19,244.04492873826388
4411,dummy-llama-30b-m,dummy-lora-7b-rank-64-2,537,89,244.08743025751895
4412,dummy-llama-30b-m,dummy-lora-7b-rank-16-1,218,34,244.12508929475013
4413,dummy-llama-30b-m,dummy-lora-7b-rank-8-4,558,22,244.2661640303127
4414,dummy-llama-30b-m,dummy-lora-7b-rank-32-4,295,34,244.30622063986416
4415,dummy-llama-30b-m,dummy-lora-7b-rank-8-1,499,45,244.3370294967543
4416,dummy-llama-30b-m,dummy-lora-7b-rank-8-1,351,43,244.47510293954926
4417,dummy-llama-30b-m,dummy-lora-7b-rank-16-4,322,57,244.60051697014302
4418,dummy-llama-30b-m,dummy-lora-7b-rank-64-4,1022,12,244.6030579613178
4419,dummy-llama-30b-m,dummy-lora-7b-rank-16-4,552,19,244.6969577426385
4420,dummy-llama-30b-m,dummy-lora-7b-rank-16-2,444,201,244.83026380317162
4421,dummy-llama-30b-m,dummy-lora-7b-rank-64-3,550,10,244.8564272398273
4422,dummy-llama-30b-m,dummy-lora-7b-rank-16-3,757,56,244.89624860893724
4423,dummy-llama-30b-m,dummy-lora-7b-rank-128-4,558,24,244.9745761258497
4424,dummy-llama-30b-m,dummy-lora-7b-rank-64-0,553,13,245.0127066226975
4425,dummy-llama-30b-m,dummy-lora-7b-rank-16-2,565,27,245.01329043772802
4426,dummy-llama-30b-m,dummy-lora-7b-rank-64-0,835,10,245.0259446724326
4427,dummy-llama-30b-m,dummy-lora-7b-rank-32-2,522,9,245.1002113877311
4428,dummy-llama-30b-m,dummy-lora-7b-rank-16-3,552,19,245.16230770237883
4429,dummy-llama-30b-m,dummy-lora-7b-rank-64-2,604,31,245.32950887769033
4430,dummy-llama-30b-m,dummy-lora-7b-rank-8-4,859,18,245.44043059553886
4431,dummy-llama-30b-m,dummy-lora-7b-rank-64-0,550,18,245.51272197051858
4432,dummy-llama-30b-m,dummy-lora-7b-rank-8-3,390,199,245.5402025551633
4433,dummy-llama-30b-m,dummy-lora-7b-rank-64-4,564,15,245.69308819140724
4434,dummy-llama-30b-m,dummy-lora-7b-rank-8-2,504,7,245.9162908540576
4435,dummy-llama-30b-m,dummy-lora-7b-rank-64-4,523,66,246.0010512583537
4436,dummy-llama-30b-m,dummy-lora-7b-rank-128-0,683,44,246.13668605399158
4437,dummy-llama-30b-m,dummy-lora-7b-rank-8-2,818,42,246.23521337898492
4438,dummy-llama-30b-m,dummy-lora-7b-rank-64-3,554,23,246.31318061111392
4439,dummy-llama-30b-m,dummy-lora-7b-rank-16-4,558,22,246.31731536142522
4440,dummy-llama-30b-m,dummy-lora-7b-rank-32-2,552,17,246.3277884931825
4441,dummy-llama-30b-m,dummy-lora-7b-rank-128-2,623,39,246.3386291750289
4442,dummy-llama-30b-m,dummy-lora-7b-rank-128-0,568,29,246.36669585608797
4443,dummy-llama-30b-m,dummy-lora-7b-rank-64-2,793,82,246.36766643535918
4444,dummy-llama-30b-m,dummy-lora-7b-rank-128-1,619,30,246.50164196218367
4445,dummy-llama-30b-m,dummy-lora-7b-rank-16-2,224,46,246.59587290273154
4446,dummy-llama-30b-m,dummy-lora-7b-rank-8-2,570,30,246.70061870837023
4447,dummy-llama-30b-m,dummy-lora-7b-rank-8-0,755,3,246.81091711649427
4448,dummy-llama-30b-m,dummy-lora-7b-rank-64-4,592,44,246.8143532127617
4449,dummy-llama-30b-m,dummy-lora-7b-rank-64-3,282,5,246.82114854597282
4450,dummy-llama-30b-m,dummy-lora-7b-rank-16-0,331,45,246.84559870305404
4451,dummy-llama-30b-m,dummy-lora-7b-rank-32-3,550,18,246.84742910321904
4452,dummy-llama-30b-m,dummy-lora-7b-rank-32-2,696,66,246.99170441032066
4453,dummy-llama-30b-m,dummy-lora-7b-rank-64-3,590,21,247.01265621989526
4454,dummy-llama-30b-m,dummy-lora-7b-rank-128-1,592,22,247.02964953346398
4455,dummy-llama-30b-m,dummy-lora-7b-rank-128-3,564,27,247.1353684383869
4456,dummy-llama-30b-m,dummy-lora-7b-rank-16-4,152,93,247.17993328838045
4457,dummy-llama-30b-m,dummy-lora-7b-rank-16-2,552,19,247.19330826850126
4458,dummy-llama-30b-m,dummy-lora-7b-rank-32-4,329,53,247.19385191508042
4459,dummy-llama-30b-m,dummy-lora-7b-rank-16-3,605,8,247.22275209915398
4460,dummy-llama-30b-m,dummy-lora-7b-rank-32-0,556,21,247.35136684668547
4461,dummy-llama-30b-m,dummy-lora-7b-rank-16-2,251,8,247.36955546507133
4462,dummy-llama-30b-m,dummy-lora-7b-rank-8-1,734,86,247.42422014968622
4463,dummy-llama-30b-m,dummy-lora-7b-rank-16-1,414,10,247.53171360074802
4464,dummy-llama-30b-m,dummy-lora-7b-rank-32-2,902,105,247.53424121007248
4465,dummy-llama-30b-m,dummy-lora-7b-rank-16-3,207,56,247.5436870263296
4466,dummy-llama-30b-m,dummy-lora-7b-rank-8-0,978,50,247.54861684722775
4467,dummy-llama-30b-m,dummy-lora-7b-rank-32-4,621,33,247.65904719610762
4468,dummy-llama-30b-m,dummy-lora-7b-rank-128-4,560,23,247.82417554552583
4469,dummy-llama-30b-m,dummy-lora-7b-rank-64-0,865,100,247.86787778294484
4470,dummy-llama-30b-m,dummy-lora-7b-rank-32-1,300,45,247.93210445365625
4471,dummy-llama-30b-m,dummy-lora-7b-rank-64-2,394,47,247.96155421466673
4472,dummy-llama-30b-m,dummy-lora-7b-rank-32-1,144,48,247.96211025897776
4473,dummy-llama-30b-m,dummy-lora-7b-rank-128-2,426,60,247.98443175525537
4474,dummy-llama-30b-m,dummy-lora-7b-rank-8-3,548,17,247.99135745253113
4475,dummy-llama-30b-m,dummy-lora-7b-rank-8-4,215,76,248.05545852962035
4476,dummy-llama-30b-m,dummy-lora-7b-rank-32-1,211,159,248.0817679453523
4477,dummy-llama-30b-m,dummy-lora-7b-rank-128-4,613,18,248.10337005666204
4478,dummy-llama-30b-m,dummy-lora-7b-rank-8-0,672,15,248.15060636811052
4479,dummy-llama-30b-m,dummy-lora-7b-rank-64-2,552,19,248.22352297640973
4480,dummy-llama-30b-m,dummy-lora-7b-rank-128-1,564,28,248.29068233566193
4481,dummy-llama-30b-m,dummy-lora-7b-rank-128-4,103,66,248.43758123017287
4482,dummy-llama-30b-m,dummy-lora-7b-rank-64-1,558,34,248.50661869492004
4483,dummy-llama-30b-m,dummy-lora-7b-rank-128-0,419,118,248.5260966022755
4484,dummy-llama-30b-m,dummy-lora-7b-rank-32-2,186,50,248.53764448550595
4485,dummy-llama-30b-m,dummy-lora-7b-rank-64-0,859,37,248.56237846470665
4486,dummy-llama-30b-m,dummy-lora-7b-rank-8-3,448,37,248.62663375356482
4487,dummy-llama-30b-m,dummy-lora-7b-rank-16-4,556,18,248.71066785076286
4488,dummy-llama-30b-m,dummy-lora-7b-rank-32-0,626,14,248.73795308885482
4489,dummy-llama-30b-m,dummy-lora-7b-rank-8-4,638,27,248.73872590007875
4490,dummy-llama-30b-m,dummy-lora-7b-rank-32-2,440,51,248.78611453398182
4491,dummy-llama-30b-m,dummy-lora-7b-rank-32-2,592,42,248.83721821012267
4492,dummy-llama-30b-m,dummy-lora-7b-rank-8-2,405,48,248.92059346534046
4493,dummy-llama-30b-m,dummy-lora-7b-rank-8-3,408,80,248.96257879707161
4494,dummy-llama-30b-m,dummy-lora-7b-rank-8-3,535,8,249.15629455960934
4495,dummy-llama-30b-m,dummy-lora-7b-rank-64-3,429,86,249.1676710447241
4496,dummy-llama-30b-m,dummy-lora-7b-rank-64-2,258,154,249.2369934316772
4497,dummy-llama-30b-m,dummy-lora-7b-rank-64-3,231,52,249.37206006971604
4498,dummy-llama-30b-m,dummy-lora-7b-rank-16-0,351,43,249.43383875711112
4499,dummy-llama-30b-m,dummy-lora-7b-rank-8-2,601,14,249.46915112688816
4500,dummy-llama-30b-m,dummy-lora-7b-rank-8-0,597,8,249.52625107973037
4501,dummy-llama-30b-m,dummy-lora-7b-rank-8-3,556,14,249.5275937455992
4502,dummy-llama-30b-m,dummy-lora-7b-rank-8-4,425,51,249.6040005670033
4503,dummy-llama-30b-m,dummy-lora-7b-rank-128-4,597,18,249.6141875028362
4504,dummy-llama-30b-m,dummy-lora-7b-rank-128-1,498,8,249.71739028887788
4505,dummy-llama-30b-m,dummy-lora-7b-rank-8-0,690,50,249.73870864366177
4506,dummy-llama-30b-m,dummy-lora-7b-rank-128-0,550,10,249.76589820777642
4507,dummy-llama-30b-m,dummy-lora-7b-rank-32-2,478,182,249.79731805599604
4508,dummy-llama-30b-m,dummy-lora-7b-rank-32-3,562,67,249.79991770201883
4509,dummy-llama-30b-m,dummy-lora-7b-rank-8-4,565,87,249.8479155864659
4510,dummy-llama-30b-m,dummy-lora-7b-rank-128-1,219,77,249.86742541693266
4511,dummy-llama-30b-m,dummy-lora-7b-rank-32-3,560,23,249.8836685805598
4512,dummy-llama-30b-m,dummy-lora-7b-rank-32-1,642,64,249.89253451619962
4513,dummy-llama-30b-m,dummy-lora-7b-rank-64-3,309,61,249.9257020114578
4514,dummy-llama-30b-m,dummy-lora-7b-rank-32-0,779,49,250.03145335689013
4515,dummy-llama-30b-m,dummy-lora-7b-rank-8-2,217,62,250.08197873336414
4516,dummy-llama-30b-m,dummy-lora-7b-rank-32-1,598,22,250.13377772264664
4517,dummy-llama-30b-m,dummy-lora-7b-rank-8-4,1003,14,250.23432202534403
4518,dummy-llama-30b-m,dummy-lora-7b-rank-8-1,571,8,250.2951922785801
4519,dummy-llama-30b-m,dummy-lora-7b-rank-32-4,956,71,250.3417790207389
4520,dummy-llama-30b-m,dummy-lora-7b-rank-32-2,620,53,250.3439681884031
4521,dummy-llama-30b-m,dummy-lora-7b-rank-8-3,333,16,250.39624612910117
4522,dummy-llama-30b-m,dummy-lora-7b-rank-8-3,582,34,250.46465591745812
4523,dummy-llama-30b-m,dummy-lora-7b-rank-64-2,550,18,250.4718013544715
4524,dummy-llama-30b-m,dummy-lora-7b-rank-64-3,452,173,250.64730516047115
4525,dummy-llama-30b-m,dummy-lora-7b-rank-8-1,564,26,250.7746846735642
4526,dummy-llama-30b-m,dummy-lora-7b-rank-64-4,494,39,250.8266481996113
4527,dummy-llama-30b-m,dummy-lora-7b-rank-8-0,172,80,250.97494016324288
4528,dummy-llama-30b-m,dummy-lora-7b-rank-128-0,615,26,250.97555330006256
4529,dummy-llama-30b-m,dummy-lora-7b-rank-128-3,282,17,250.9832702703369
4530,dummy-llama-30b-m,dummy-lora-7b-rank-64-4,296,58,251.14876113198122
4531,dummy-llama-30b-m,dummy-lora-7b-rank-128-1,356,41,251.16864386359492
4532,dummy-llama-30b-m,dummy-lora-7b-rank-32-0,279,52,251.26373632375766
4533,dummy-llama-30b-m,dummy-lora-7b-rank-32-4,421,62,251.26895330147747
4534,dummy-llama-30b-m,dummy-lora-7b-rank-128-0,492,8,251.46063593944854
4535,dummy-llama-30b-m,dummy-lora-7b-rank-32-3,552,11,251.47371219216404
4536,dummy-llama-30b-m,dummy-lora-7b-rank-64-2,331,145,251.50133564456982
4537,dummy-llama-30b-m,dummy-lora-7b-rank-16-2,564,26,251.5140915191184
4538,dummy-llama-30b-m,dummy-lora-7b-rank-128-1,428,7,251.53728698431289
4539,dummy-llama-30b-m,dummy-lora-7b-rank-16-2,584,19,251.54187893290046
4540,dummy-llama-30b-m,dummy-lora-7b-rank-8-0,881,11,251.6545857565941
4541,dummy-llama-30b-m,dummy-lora-7b-rank-64-1,448,8,251.68102535797397
4542,dummy-llama-30b-m,dummy-lora-7b-rank-16-3,623,39,251.68414831962897
4543,dummy-llama-30b-m,dummy-lora-7b-rank-32-0,52,47,251.69051657748577
4544,dummy-llama-30b-m,dummy-lora-7b-rank-16-0,813,93,251.70918374267262
4545,dummy-llama-30b-m,dummy-lora-7b-rank-32-2,483,5,251.73273892476666
4546,dummy-llama-30b-m,dummy-lora-7b-rank-16-4,854,87,251.7372635906861
4547,dummy-llama-30b-m,dummy-lora-7b-rank-64-0,290,54,251.77018720679067
4548,dummy-llama-30b-m,dummy-lora-7b-rank-128-1,674,13,251.7899172739841
4549,dummy-llama-30b-m,dummy-lora-7b-rank-64-3,433,37,251.8188937199121
4550,dummy-llama-30b-m,dummy-lora-7b-rank-16-1,751,17,251.8920960997525
4551,dummy-llama-30b-m,dummy-lora-7b-rank-32-4,189,12,251.9398439466025
4552,dummy-llama-30b-m,dummy-lora-7b-rank-64-4,762,13,251.9542759081941
4553,dummy-llama-30b-m,dummy-lora-7b-rank-8-2,611,23,252.02823091659758
4554,dummy-llama-30b-m,dummy-lora-7b-rank-64-3,392,8,252.1062578093553
4555,dummy-llama-30b-m,dummy-lora-7b-rank-128-2,848,38,252.11507888433445
4556,dummy-llama-30b-m,dummy-lora-7b-rank-128-0,513,53,252.21930846980464
4557,dummy-llama-30b-m,dummy-lora-7b-rank-64-4,406,22,252.24461788584563
4558,dummy-llama-30b-m,dummy-lora-7b-rank-8-3,495,14,252.28917384488284
4559,dummy-llama-30b-m,dummy-lora-7b-rank-64-0,261,51,252.3232403275499
4560,dummy-llama-30b-m,dummy-lora-7b-rank-32-3,470,44,252.3272433837895
4561,dummy-llama-30b-m,dummy-lora-7b-rank-64-4,560,21,252.3328007168414
4562,dummy-llama-30b-m,dummy-lora-7b-rank-16-0,852,3,252.46876801868694
4563,dummy-llama-30b-m,dummy-lora-7b-rank-8-3,714,92,252.5091824281365
4564,dummy-llama-30b-m,dummy-lora-7b-rank-16-3,553,8,252.5102679355262
4565,dummy-llama-30b-m,dummy-lora-7b-rank-8-3,576,34,252.53701689013874
4566,dummy-llama-30b-m,dummy-lora-7b-rank-128-4,556,13,252.6000952894752
4567,dummy-llama-30b-m,dummy-lora-7b-rank-32-3,184,52,252.64082122899825
4568,dummy-llama-30b-m,dummy-lora-7b-rank-128-1,621,23,252.6652698532002
4569,dummy-llama-30b-m,dummy-lora-7b-rank-128-0,627,51,252.6821025571302
4570,dummy-llama-30b-m,dummy-lora-7b-rank-64-3,613,19,252.71436686748578
4571,dummy-llama-30b-m,dummy-lora-7b-rank-32-1,603,21,252.73728791524772
4572,dummy-llama-30b-m,dummy-lora-7b-rank-128-1,552,20,252.73738135128735
4573,dummy-llama-30b-m,dummy-lora-7b-rank-16-4,124,48,252.81682551829886
4574,dummy-llama-30b-m,dummy-lora-7b-rank-128-2,636,12,252.87810948109646
4575,dummy-llama-30b-m,dummy-lora-7b-rank-16-2,338,50,252.93743328863079
4576,dummy-llama-30b-m,dummy-lora-7b-rank-16-3,542,9,252.94599231635206
4577,dummy-llama-30b-m,dummy-lora-7b-rank-128-2,323,9,252.98505341505268
4578,dummy-llama-30b-m,dummy-lora-7b-rank-128-4,564,27,253.01058373346163
4579,dummy-llama-30b-m,dummy-lora-7b-rank-8-3,226,54,253.01232449606007
4580,dummy-llama-30b-m,dummy-lora-7b-rank-8-2,55,55,253.0297104423589
4581,dummy-llama-30b-m,dummy-lora-7b-rank-128-0,616,51,253.06348137403822
4582,dummy-llama-30b-m,dummy-lora-7b-rank-64-1,519,201,253.11479134470406
4583,dummy-llama-30b-m,dummy-lora-7b-rank-8-4,902,51,253.17041547315617
4584,dummy-llama-30b-m,dummy-lora-7b-rank-32-3,322,42,253.1708726978971
4585,dummy-llama-30b-m,dummy-lora-7b-rank-64-0,628,6,253.18644779230186
4586,dummy-llama-30b-m,dummy-lora-7b-rank-128-3,556,21,253.19021124117944
4587,dummy-llama-30b-m,dummy-lora-7b-rank-32-1,231,54,253.19658087012337
4588,dummy-llama-30b-m,dummy-lora-7b-rank-128-1,214,51,253.26999280816142
4589,dummy-llama-30b-m,dummy-lora-7b-rank-128-1,463,47,253.29877764661765
4590,dummy-llama-30b-m,dummy-lora-7b-rank-8-4,331,11,253.3067201628206
4591,dummy-llama-30b-m,dummy-lora-7b-rank-16-4,708,23,253.3428363953244
4592,dummy-llama-30b-m,dummy-lora-7b-rank-128-1,418,40,253.3437483051023
4593,dummy-llama-30b-m,dummy-lora-7b-rank-64-0,582,35,253.40620242855417
4594,dummy-llama-30b-m,dummy-lora-7b-rank-64-1,526,53,253.46347886752827
4595,dummy-llama-30b-m,dummy-lora-7b-rank-128-4,582,17,253.49068264234967
4596,dummy-llama-30b-m,dummy-lora-7b-rank-32-0,414,46,253.51059629819147
4597,dummy-llama-30b-m,dummy-lora-7b-rank-16-2,250,48,253.52545229200874
4598,dummy-llama-30b-m,dummy-lora-7b-rank-16-0,362,158,253.54965242321788
4599,dummy-llama-30b-m,dummy-lora-7b-rank-128-0,206,61,253.55519891277527
4600,dummy-llama-30b-m,dummy-lora-7b-rank-16-3,556,24,253.69893477256005
4601,dummy-llama-30b-m,dummy-lora-7b-rank-64-4,633,12,253.83471073762595
4602,dummy-llama-30b-m,dummy-lora-7b-rank-64-0,646,115,253.93016394685174
4603,dummy-llama-30b-m,dummy-lora-7b-rank-64-2,235,55,253.95245187488945
4604,dummy-llama-30b-m,dummy-lora-7b-rank-16-3,598,42,254.16385840191114
4605,dummy-llama-30b-m,dummy-lora-7b-rank-8-1,428,152,254.34721692468437
4606,dummy-llama-30b-m,dummy-lora-7b-rank-128-4,689,3,254.3600013225666
4607,dummy-llama-30b-m,dummy-lora-7b-rank-16-1,234,48,254.39172975612456
4608,dummy-llama-30b-m,dummy-lora-7b-rank-128-2,765,68,254.39350513359165
4609,dummy-llama-30b-m,dummy-lora-7b-rank-64-2,1021,72,254.3965141543178
4610,dummy-llama-30b-m,dummy-lora-7b-rank-128-2,556,17,254.43103669111017
4611,dummy-llama-30b-m,dummy-lora-7b-rank-64-3,611,20,254.46393762139968
4612,dummy-llama-30b-m,dummy-lora-7b-rank-128-1,191,145,254.6357499773616
4613,dummy-llama-30b-m,dummy-lora-7b-rank-128-1,562,27,254.64333926675616
4614,dummy-llama-30b-m,dummy-lora-7b-rank-16-2,454,40,254.64879048685202
4615,dummy-llama-30b-m,dummy-lora-7b-rank-16-3,819,10,254.6730883165852
4616,dummy-llama-30b-m,dummy-lora-7b-rank-8-2,486,4,254.67831732963077
4617,dummy-llama-30b-m,dummy-lora-7b-rank-32-3,504,50,254.6806160272625
4618,dummy-llama-30b-m,dummy-lora-7b-rank-128-4,457,45,254.70679392393916
4619,dummy-llama-30b-m,dummy-lora-7b-rank-16-1,607,21,254.73963813542247
4620,dummy-llama-30b-m,dummy-lora-7b-rank-64-1,580,36,254.77307920608905
4621,dummy-llama-30b-m,dummy-lora-7b-rank-16-0,211,102,254.80600960322823
4622,dummy-llama-30b-m,dummy-lora-7b-rank-128-0,373,46,254.8060952265709
4623,dummy-llama-30b-m,dummy-lora-7b-rank-64-4,545,53,254.91074061525197
4624,dummy-llama-30b-m,dummy-lora-7b-rank-16-0,627,51,254.99709761458513
4625,dummy-llama-30b-m,dummy-lora-7b-rank-32-2,913,45,255.01450612538957
4626,dummy-llama-30b-m,dummy-lora-7b-rank-16-1,463,48,255.04132639631305
4627,dummy-llama-30b-m,dummy-lora-7b-rank-32-2,340,123,255.07325048036537
4628,dummy-llama-30b-m,dummy-lora-7b-rank-32-1,343,50,255.10562644814175
4629,dummy-llama-30b-m,dummy-lora-7b-rank-64-1,380,83,255.21555395867455
4630,dummy-llama-30b-m,dummy-lora-7b-rank-64-4,436,52,255.2720475579232
4631,dummy-llama-30b-m,dummy-lora-7b-rank-128-4,212,7,255.33976039910382
4632,dummy-llama-30b-m,dummy-lora-7b-rank-128-3,586,5,255.39720789906593
4633,dummy-llama-30b-m,dummy-lora-7b-rank-16-2,586,22,255.544731269203
4634,dummy-llama-30b-m,dummy-lora-7b-rank-128-4,603,16,255.55801922360055
4635,dummy-llama-30b-m,dummy-lora-7b-rank-16-1,684,24,255.5787722851139
4636,dummy-llama-30b-m,dummy-lora-7b-rank-64-3,618,22,255.58803258294816
4637,dummy-llama-30b-m,dummy-lora-7b-rank-32-0,639,3,255.658632549057
4638,dummy-llama-30b-m,dummy-lora-7b-rank-64-1,288,171,255.6857843627269
4639,dummy-llama-30b-m,dummy-lora-7b-rank-64-4,308,10,255.72451796702418
4640,dummy-llama-30b-m,dummy-lora-7b-rank-16-3,603,30,255.77308222899464
4641,dummy-llama-30b-m,dummy-lora-7b-rank-8-2,434,9,255.78827558372777
4642,dummy-llama-30b-m,dummy-lora-7b-rank-128-4,85,37,255.83912602185828
4643,dummy-llama-30b-m,dummy-lora-7b-rank-32-0,568,30,255.92823169539452
4644,dummy-llama-30b-m,dummy-lora-7b-rank-128-4,650,42,255.94101270860799
4645,dummy-llama-30b-m,dummy-lora-7b-rank-8-4,568,7,256.11973997898866
4646,dummy-llama-30b-m,dummy-lora-7b-rank-16-0,713,3,256.1489078030358
4647,dummy-llama-30b-m,dummy-lora-7b-rank-16-1,326,138,256.1702994531004
4648,dummy-llama-30b-m,dummy-lora-7b-rank-8-2,751,15,256.24555497430924
4649,dummy-llama-30b-m,dummy-lora-7b-rank-8-0,207,48,256.3381165593872
4650,dummy-llama-30b-m,dummy-lora-7b-rank-64-3,560,23,256.3994947125361
4651,dummy-llama-30b-m,dummy-lora-7b-rank-16-2,706,6,256.4077090867328
4652,dummy-llama-30b-m,dummy-lora-7b-rank-128-4,576,34,256.4449094440447
4653,dummy-llama-30b-m,dummy-lora-7b-rank-16-2,449,40,256.6227651248114
4654,dummy-llama-30b-m,dummy-lora-7b-rank-128-3,377,30,256.6481894693997
4655,dummy-llama-30b-m,dummy-lora-7b-rank-64-1,561,21,256.6975865685675
4656,dummy-llama-30b-m,dummy-lora-7b-rank-128-1,392,59,256.71255461772165
4657,dummy-llama-30b-m,dummy-lora-7b-rank-8-3,590,21,256.74193047737816
4658,dummy-llama-30b-m,dummy-lora-7b-rank-32-0,435,46,256.90023632194055
4659,dummy-llama-30b-m,dummy-lora-7b-rank-64-0,551,18,256.93058190289463
4660,dummy-llama-30b-m,dummy-lora-7b-rank-32-2,505,118,256.9370221433622
4661,dummy-llama-30b-m,dummy-lora-7b-rank-32-0,562,9,256.95649982730407
4662,dummy-llama-30b-m,dummy-lora-7b-rank-16-2,564,26,256.9953434942943
4663,dummy-llama-30b-m,dummy-lora-7b-rank-16-3,302,76,257.0546600599261
4664,dummy-llama-30b-m,dummy-lora-7b-rank-64-1,609,18,257.1130854115483
4665,dummy-llama-30b-m,dummy-lora-7b-rank-128-0,194,45,257.1243981367277
4666,dummy-llama-30b-m,dummy-lora-7b-rank-8-3,292,59,257.1401076554484
4667,dummy-llama-30b-m,dummy-lora-7b-rank-16-4,511,69,257.14700652424835
4668,dummy-llama-30b-m,dummy-lora-7b-rank-64-3,599,17,257.17337876659536
4669,dummy-llama-30b-m,dummy-lora-7b-rank-16-3,221,91,257.1844333230639
4670,dummy-llama-30b-m,dummy-lora-7b-rank-16-4,478,48,257.26608593266155
4671,dummy-llama-30b-m,dummy-lora-7b-rank-8-1,603,18,257.3310371420999
4672,dummy-llama-30b-m,dummy-lora-7b-rank-32-0,538,10,257.3950182568971
4673,dummy-llama-30b-m,dummy-lora-7b-rank-32-0,516,6,257.47973440582143
4674,dummy-llama-30b-m,dummy-lora-7b-rank-32-1,189,3,257.4906349076408
4675,dummy-llama-30b-m,dummy-lora-7b-rank-32-2,656,8,257.5390256375796
4676,dummy-llama-30b-m,dummy-lora-7b-rank-128-3,552,19,257.5860833725521
4677,dummy-llama-30b-m,dummy-lora-7b-rank-32-3,560,24,257.58960924139757
4678,dummy-llama-30b-m,dummy-lora-7b-rank-64-0,554,55,257.655691532417
4679,dummy-llama-30b-m,dummy-lora-7b-rank-128-2,382,31,257.7030434661838
4680,dummy-llama-30b-m,dummy-lora-7b-rank-8-0,710,19,257.7133324734354
4681,dummy-llama-30b-m,dummy-lora-7b-rank-128-2,253,6,257.7676915019505
4682,dummy-llama-30b-m,dummy-lora-7b-rank-8-1,588,18,257.77167029328064
4683,dummy-llama-30b-m,dummy-lora-7b-rank-32-2,589,88,257.77241925598446
4684,dummy-llama-30b-m,dummy-lora-7b-rank-32-4,157,48,257.81391812365746
4685,dummy-llama-30b-m,dummy-lora-7b-rank-8-1,505,59,257.8399678122942
4686,dummy-llama-30b-m,dummy-lora-7b-rank-32-4,693,3,257.8594353878214
4687,dummy-llama-30b-m,dummy-lora-7b-rank-32-1,560,25,257.96056023027165
4688,dummy-llama-30b-m,dummy-lora-7b-rank-8-0,186,110,258.04384894197784
4689,dummy-llama-30b-m,dummy-lora-7b-rank-64-3,558,22,258.0885780579582
4690,dummy-llama-30b-m,dummy-lora-7b-rank-16-2,349,38,258.09499095211766
4691,dummy-llama-30b-m,dummy-lora-7b-rank-64-2,586,2,258.14408613116416
4692,dummy-llama-30b-m,dummy-lora-7b-rank-8-4,450,8,258.158244508137
4693,dummy-llama-30b-m,dummy-lora-7b-rank-128-0,574,23,258.2181074415722
4694,dummy-llama-30b-m,dummy-lora-7b-rank-128-4,679,47,258.2856134291746
4695,dummy-llama-30b-m,dummy-lora-7b-rank-128-2,130,56,258.4870807794054
4696,dummy-llama-30b-m,dummy-lora-7b-rank-8-3,433,100,258.5240178100399
4697,dummy-llama-30b-m,dummy-lora-7b-rank-32-1,600,11,258.58174405637936
4698,dummy-llama-30b-m,dummy-lora-7b-rank-8-1,189,55,258.63115830089674
4699,dummy-llama-30b-m,dummy-lora-7b-rank-32-4,580,32,258.63572666191493
4700,dummy-llama-30b-m,dummy-lora-7b-rank-64-3,272,123,258.6420799505436
4701,dummy-llama-30b-m,dummy-lora-7b-rank-32-4,565,53,258.6748403862104
4702,dummy-llama-30b-m,dummy-lora-7b-rank-32-2,185,49,258.7210121252413
4703,dummy-llama-30b-m,dummy-lora-7b-rank-128-4,117,40,258.77894960096285
4704,dummy-llama-30b-m,dummy-lora-7b-rank-128-1,555,18,258.8583577895599
4705,dummy-llama-30b-m,dummy-lora-7b-rank-16-4,560,25,258.93656155343973
4706,dummy-llama-30b-m,dummy-lora-7b-rank-16-3,261,63,259.02415621593985
4707,dummy-llama-30b-m,dummy-lora-7b-rank-128-0,615,27,259.06404190869665
4708,dummy-llama-30b-m,dummy-lora-7b-rank-64-3,413,8,259.3487497214188
4709,dummy-llama-30b-m,dummy-lora-7b-rank-16-2,175,50,259.3567992404195
4710,dummy-llama-30b-m,dummy-lora-7b-rank-8-2,550,20,259.4443031289457
4711,dummy-llama-30b-m,dummy-lora-7b-rank-128-2,377,8,259.464846968027
4712,dummy-llama-30b-m,dummy-lora-7b-rank-8-3,562,26,259.48333364252954
4713,dummy-llama-30b-m,dummy-lora-7b-rank-8-4,609,15,259.541734073009
4714,dummy-llama-30b-m,dummy-lora-7b-rank-32-1,449,46,259.64080497314654
4715,dummy-llama-30b-m,dummy-lora-7b-rank-128-1,544,15,259.67559593642545
4716,dummy-llama-30b-m,dummy-lora-7b-rank-16-2,193,47,259.748042649897
4717,dummy-llama-30b-m,dummy-lora-7b-rank-32-4,290,78,259.82132432505006
4718,dummy-llama-30b-m,dummy-lora-7b-rank-64-1,607,29,259.8335152752831
4719,dummy-llama-30b-m,dummy-lora-7b-rank-8-4,818,20,259.8335392449551
4720,dummy-llama-30b-m,dummy-lora-7b-rank-16-0,562,26,259.8802082975058
4721,dummy-llama-30b-m,dummy-lora-7b-rank-32-3,630,71,260.0075675122348
4722,dummy-llama-30b-m,dummy-lora-7b-rank-128-3,556,23,260.022255430437
4723,dummy-llama-30b-m,dummy-lora-7b-rank-8-0,439,51,260.10872336377116
4724,dummy-llama-30b-m,dummy-lora-7b-rank-128-3,554,20,260.17489152529816
4725,dummy-llama-30b-m,dummy-lora-7b-rank-128-2,637,63,260.2072697169534
4726,dummy-llama-30b-m,dummy-lora-7b-rank-128-0,200,41,260.25342035364463
4727,dummy-llama-30b-m,dummy-lora-7b-rank-8-1,931,105,260.2734660679378
4728,dummy-llama-30b-m,dummy-lora-7b-rank-8-2,637,102,260.2765723988632
4729,dummy-llama-30b-m,dummy-lora-7b-rank-128-4,556,2,260.2839241093593
4730,dummy-llama-30b-m,dummy-lora-7b-rank-128-3,552,11,260.32635777680173
4731,dummy-llama-30b-m,dummy-lora-7b-rank-8-4,120,19,260.3287302828977
4732,dummy-llama-30b-m,dummy-lora-7b-rank-32-1,454,48,260.34168481309416
4733,dummy-llama-30b-m,dummy-lora-7b-rank-128-3,917,45,260.4121750076402
4734,dummy-llama-30b-m,dummy-lora-7b-rank-128-1,444,5,260.43259237746423
4735,dummy-llama-30b-m,dummy-lora-7b-rank-64-2,923,13,260.4667061660934
4736,dummy-llama-30b-m,dummy-lora-7b-rank-32-0,528,9,260.48244749333406
4737,dummy-llama-30b-m,dummy-lora-7b-rank-16-2,290,56,260.49936963778526
4738,dummy-llama-30b-m,dummy-lora-7b-rank-8-2,609,24,260.62346175899717
4739,dummy-llama-30b-m,dummy-lora-7b-rank-32-4,684,20,260.6377122963163
4740,dummy-llama-30b-m,dummy-lora-7b-rank-128-0,596,46,260.68615259592286
4741,dummy-llama-30b-m,dummy-lora-7b-rank-8-4,556,21,260.8707121890939
4742,dummy-llama-30b-m,dummy-lora-7b-rank-16-4,187,64,260.92026200898266
4743,dummy-llama-30b-m,dummy-lora-7b-rank-128-2,583,41,260.9714386506962
4744,dummy-llama-30b-m,dummy-lora-7b-rank-128-2,550,16,260.97767030608196
4745,dummy-llama-30b-m,dummy-lora-7b-rank-64-0,692,36,261.0089403713624
4746,dummy-llama-30b-m,dummy-lora-7b-rank-32-3,368,8,261.1987687803283
4747,dummy-llama-30b-m,dummy-lora-7b-rank-128-2,605,20,261.3353141410017
4748,dummy-llama-30b-m,dummy-lora-7b-rank-8-3,419,57,261.33569877517556
4749,dummy-llama-30b-m,dummy-lora-7b-rank-128-0,286,76,261.4894818678439
4750,dummy-llama-30b-m,dummy-lora-7b-rank-64-3,548,17,261.51519160968877
4751,dummy-llama-30b-m,dummy-lora-7b-rank-8-0,449,91,261.52289738530084
4752,dummy-llama-30b-m,dummy-lora-7b-rank-128-4,283,71,261.52982647901405
4753,dummy-llama-30b-m,dummy-lora-7b-rank-128-1,720,30,261.5831979135972
4754,dummy-llama-30b-m,dummy-lora-7b-rank-64-3,365,11,261.62818018873605
4755,dummy-llama-30b-m,dummy-lora-7b-rank-32-4,363,52,261.7226297751015
4756,dummy-llama-30b-m,dummy-lora-7b-rank-32-1,517,53,261.75335293061664
4757,dummy-llama-30b-m,dummy-lora-7b-rank-32-2,572,26,261.804035148082
4758,dummy-llama-30b-m,dummy-lora-7b-rank-32-2,553,51,261.9076556618192
4759,dummy-llama-30b-m,dummy-lora-7b-rank-128-0,54,38,261.92004773285987
4760,dummy-llama-30b-m,dummy-lora-7b-rank-64-3,158,120,261.9826847375254
4761,dummy-llama-30b-m,dummy-lora-7b-rank-32-3,319,18,262.01814166293997
4762,dummy-llama-30b-m,dummy-lora-7b-rank-32-0,476,55,262.0753095769856
4763,dummy-llama-30b-m,dummy-lora-7b-rank-32-0,554,20,262.10781841869635
4764,dummy-llama-30b-m,dummy-lora-7b-rank-16-2,208,46,262.2022894429859
4765,dummy-llama-30b-m,dummy-lora-7b-rank-32-2,118,30,262.2046114759146
4766,dummy-llama-30b-m,dummy-lora-7b-rank-8-1,849,52,262.2297737950389
4767,dummy-llama-30b-m,dummy-lora-7b-rank-64-4,802,20,262.261180730174
4768,dummy-llama-30b-m,dummy-lora-7b-rank-16-2,465,37,262.26546726658705
4769,dummy-llama-30b-m,dummy-lora-7b-rank-8-1,546,16,262.27585623825354
4770,dummy-llama-30b-m,dummy-lora-7b-rank-16-2,556,22,262.3094427564181
4771,dummy-llama-30b-m,dummy-lora-7b-rank-32-4,588,40,262.339536864823
4772,dummy-llama-30b-m,dummy-lora-7b-rank-8-4,277,9,262.4909926459092
4773,dummy-llama-30b-m,dummy-lora-7b-rank-8-4,562,26,262.4959201794594
4774,dummy-llama-30b-m,dummy-lora-7b-rank-64-2,557,17,262.53718126479095
4775,dummy-llama-30b-m,dummy-lora-7b-rank-32-3,909,12,262.6057790967378
4776,dummy-llama-30b-m,dummy-lora-7b-rank-128-1,458,67,262.70059518144666
4777,dummy-llama-30b-m,dummy-lora-7b-rank-16-3,336,45,262.72124459460963
4778,dummy-llama-30b-m,dummy-lora-7b-rank-64-1,552,21,262.84894991252344
4779,dummy-llama-30b-m,dummy-lora-7b-rank-8-3,548,17,262.8815992038211
4780,dummy-llama-30b-m,dummy-lora-7b-rank-16-1,570,20,262.9286888398726
4781,dummy-llama-30b-m,dummy-lora-7b-rank-32-3,198,52,262.95846149938046
4782,dummy-llama-30b-m,dummy-lora-7b-rank-128-1,692,7,262.98737800280145
4783,dummy-llama-30b-m,dummy-lora-7b-rank-64-1,548,17,263.1204787299337
4784,dummy-llama-30b-m,dummy-lora-7b-rank-64-4,369,51,263.12457281502344
4785,dummy-llama-30b-m,dummy-lora-7b-rank-128-2,617,18,263.16991089658495
4786,dummy-llama-30b-m,dummy-lora-7b-rank-128-0,552,19,263.20398905554595
4787,dummy-llama-30b-m,dummy-lora-7b-rank-16-1,434,64,263.27936572464847
4788,dummy-llama-30b-m,dummy-lora-7b-rank-64-1,727,42,263.36451221443247
4789,dummy-llama-30b-m,dummy-lora-7b-rank-128-4,570,30,263.3721528652912
4790,dummy-llama-30b-m,dummy-lora-7b-rank-8-4,493,7,263.42138145539695
4791,dummy-llama-30b-m,dummy-lora-7b-rank-128-3,350,66,263.4647138524403
4792,dummy-llama-30b-m,dummy-lora-7b-rank-32-4,550,10,263.58865444335254
4793,dummy-llama-30b-m,dummy-lora-7b-rank-128-1,493,71,263.7010384570238
4794,dummy-llama-30b-m,dummy-lora-7b-rank-64-2,546,39,263.703007107673
4795,dummy-llama-30b-m,dummy-lora-7b-rank-128-2,236,54,263.7476190277642
4796,dummy-llama-30b-m,dummy-lora-7b-rank-64-4,584,37,263.7691939464059
4797,dummy-llama-30b-m,dummy-lora-7b-rank-8-0,392,104,263.98763250763636
4798,dummy-llama-30b-m,dummy-lora-7b-rank-64-1,310,48,264.00191361594176
4799,dummy-llama-30b-m,dummy-lora-7b-rank-32-0,900,41,264.13469789050237
4800,dummy-llama-30b-m,dummy-lora-7b-rank-16-2,232,36,264.22501050960614
4801,dummy-llama-30b-m,dummy-lora-7b-rank-32-3,670,185,264.3300140983981
4802,dummy-llama-30b-m,dummy-lora-7b-rank-128-0,554,12,264.5827594782169
4803,dummy-llama-30b-m,dummy-lora-7b-rank-32-3,621,10,264.59459588416183
4804,dummy-llama-30b-m,dummy-lora-7b-rank-16-1,558,22,264.7244589514919
4805,dummy-llama-30b-m,dummy-lora-7b-rank-16-0,545,17,264.7812622255863
4806,dummy-llama-30b-m,dummy-lora-7b-rank-128-1,552,18,264.79479415752604
4807,dummy-llama-30b-m,dummy-lora-7b-rank-128-1,548,17,264.8189722832221
4808,dummy-llama-30b-m,dummy-lora-7b-rank-16-1,776,141,264.89045577846804
4809,dummy-llama-30b-m,dummy-lora-7b-rank-64-2,601,3,264.92887508239573
4810,dummy-llama-30b-m,dummy-lora-7b-rank-128-2,766,12,265.0380889953267
4811,dummy-llama-30b-m,dummy-lora-7b-rank-16-1,562,23,265.0424672473814
4812,dummy-llama-30b-m,dummy-lora-7b-rank-8-4,545,45,265.0639016489538
4813,dummy-llama-30b-m,dummy-lora-7b-rank-16-3,663,12,265.1039089067204
4814,dummy-llama-30b-m,dummy-lora-7b-rank-64-0,704,9,265.12334516105193
4815,dummy-llama-30b-m,dummy-lora-7b-rank-16-1,610,19,265.1340052960505
4816,dummy-llama-30b-m,dummy-lora-7b-rank-64-4,713,35,265.1903373268502
4817,dummy-llama-30b-m,dummy-lora-7b-rank-8-2,691,27,265.2025562913093
4818,dummy-llama-30b-m,dummy-lora-7b-rank-32-1,870,25,265.23571251925057
4819,dummy-llama-30b-m,dummy-lora-7b-rank-128-4,560,23,265.23590995788476
4820,dummy-llama-30b-m,dummy-lora-7b-rank-64-4,504,50,265.28314700927757
4821,dummy-llama-30b-m,dummy-lora-7b-rank-8-1,250,168,265.34389103495323
4822,dummy-llama-30b-m,dummy-lora-7b-rank-32-4,404,34,265.3557749320656
4823,dummy-llama-30b-m,dummy-lora-7b-rank-16-1,141,58,265.3859637482638
4824,dummy-llama-30b-m,dummy-lora-7b-rank-16-3,564,20,265.3886775726609
4825,dummy-llama-30b-m,dummy-lora-7b-rank-32-4,348,48,265.56126970819423
4826,dummy-llama-30b-m,dummy-lora-7b-rank-8-1,293,38,265.5639715126153
4827,dummy-llama-30b-m,dummy-lora-7b-rank-128-4,198,12,265.7122420208299
4828,dummy-llama-30b-m,dummy-lora-7b-rank-8-4,264,62,265.7699640268647
4829,dummy-llama-30b-m,dummy-lora-7b-rank-32-2,186,35,265.7869298753048
4830,dummy-llama-30b-m,dummy-lora-7b-rank-8-1,230,45,265.84852474049416
4831,dummy-llama-30b-m,dummy-lora-7b-rank-16-4,573,26,265.849992958494
4832,dummy-llama-30b-m,dummy-lora-7b-rank-64-0,556,21,265.8575149494194
4833,dummy-llama-30b-m,dummy-lora-7b-rank-32-1,395,49,265.86621413464803
4834,dummy-llama-30b-m,dummy-lora-7b-rank-64-2,552,19,265.90192520166505
4835,dummy-llama-30b-m,dummy-lora-7b-rank-128-4,246,39,266.2691279412711
4836,dummy-llama-30b-m,dummy-lora-7b-rank-32-2,265,11,266.2941497880055
4837,dummy-llama-30b-m,dummy-lora-7b-rank-128-4,619,24,266.3119169942784
4838,dummy-llama-30b-m,dummy-lora-7b-rank-128-1,727,85,266.33269118060366
4839,dummy-llama-30b-m,dummy-lora-7b-rank-128-2,609,22,266.3561013021457
4840,dummy-llama-30b-m,dummy-lora-7b-rank-16-0,593,27,266.35841959214855
4841,dummy-llama-30b-m,dummy-lora-7b-rank-16-3,556,20,266.3972396447567
4842,dummy-llama-30b-m,dummy-lora-7b-rank-8-2,582,37,266.40211946442065
4843,dummy-llama-30b-m,dummy-lora-7b-rank-64-0,288,58,266.44464989414075
4844,dummy-llama-30b-m,dummy-lora-7b-rank-32-2,479,8,266.48159953184586
4845,dummy-llama-30b-m,dummy-lora-7b-rank-32-0,252,52,266.5088543383161
4846,dummy-llama-30b-m,dummy-lora-7b-rank-64-1,544,47,266.5225553307717
4847,dummy-llama-30b-m,dummy-lora-7b-rank-64-4,638,19,266.58945056358203
4848,dummy-llama-30b-m,dummy-lora-7b-rank-64-1,582,36,266.59325112773234
4849,dummy-llama-30b-m,dummy-lora-7b-rank-16-2,561,20,266.65874782366495
4850,dummy-llama-30b-m,dummy-lora-7b-rank-8-4,771,76,266.74831812597773
4851,dummy-llama-30b-m,dummy-lora-7b-rank-16-2,365,8,266.7624341367267
4852,dummy-llama-30b-m,dummy-lora-7b-rank-32-4,203,134,266.7649450165513
4853,dummy-llama-30b-m,dummy-lora-7b-rank-8-2,614,42,266.8120687259866
4854,dummy-llama-30b-m,dummy-lora-7b-rank-64-2,645,18,266.8710845159569
4855,dummy-llama-30b-m,dummy-lora-7b-rank-8-3,431,31,266.8891254887038
4856,dummy-llama-30b-m,dummy-lora-7b-rank-8-4,439,23,266.9377468591376
4857,dummy-llama-30b-m,dummy-lora-7b-rank-128-0,493,64,267.0935747160098
4858,dummy-llama-30b-m,dummy-lora-7b-rank-16-1,294,116,267.1095847910187
4859,dummy-llama-30b-m,dummy-lora-7b-rank-128-1,436,64,267.16719085203647
4860,dummy-llama-30b-m,dummy-lora-7b-rank-32-4,425,9,267.3056370413459
4861,dummy-llama-30b-m,dummy-lora-7b-rank-8-2,560,25,267.3104434916942
4862,dummy-llama-30b-m,dummy-lora-7b-rank-64-4,562,12,267.331722066313
4863,dummy-llama-30b-m,dummy-lora-7b-rank-16-2,274,50,267.3499798976238
4864,dummy-llama-30b-m,dummy-lora-7b-rank-16-4,611,26,267.37216340557643
4865,dummy-llama-30b-m,dummy-lora-7b-rank-128-3,446,41,267.5036667011505
4866,dummy-llama-30b-m,dummy-lora-7b-rank-32-0,564,25,267.5865093795668
4867,dummy-llama-30b-m,dummy-lora-7b-rank-32-2,334,69,267.8646249200083
4868,dummy-llama-30b-m,dummy-lora-7b-rank-64-2,272,6,268.0003279681229
4869,dummy-llama-30b-m,dummy-lora-7b-rank-128-3,476,46,268.0262794301583
4870,dummy-llama-30b-m,dummy-lora-7b-rank-64-2,273,74,268.0273469727908
4871,dummy-llama-30b-m,dummy-lora-7b-rank-128-2,139,49,268.0298256417365
4872,dummy-llama-30b-m,dummy-lora-7b-rank-64-3,544,15,268.1212332479863
4873,dummy-llama-30b-m,dummy-lora-7b-rank-64-2,646,63,268.13921271309414
4874,dummy-llama-30b-m,dummy-lora-7b-rank-32-3,341,173,268.28715872155294
4875,dummy-llama-30b-m,dummy-lora-7b-rank-128-3,560,25,268.35143799653247
4876,dummy-llama-30b-m,dummy-lora-7b-rank-64-4,564,27,268.5522509150611
4877,dummy-llama-30b-m,dummy-lora-7b-rank-32-2,556,21,268.55561444099
4878,dummy-llama-30b-m,dummy-lora-7b-rank-16-1,651,48,268.5859819156998
4879,dummy-llama-30b-m,dummy-lora-7b-rank-8-2,314,41,268.64997896237503
4880,dummy-llama-30b-m,dummy-lora-7b-rank-128-0,189,5,268.78160764206274
4881,dummy-llama-30b-m,dummy-lora-7b-rank-64-4,86,81,268.85662932261926
4882,dummy-llama-30b-m,dummy-lora-7b-rank-128-2,261,6,268.91187999855964
4883,dummy-llama-30b-m,dummy-lora-7b-rank-8-4,572,138,268.95200287762896
4884,dummy-llama-30b-m,dummy-lora-7b-rank-8-2,603,19,268.99118966404575
4885,dummy-llama-30b-m,dummy-lora-7b-rank-64-3,556,13,269.37489076302205
4886,dummy-llama-30b-m,dummy-lora-7b-rank-8-0,558,21,269.41321918122094
4887,dummy-llama-30b-m,dummy-lora-7b-rank-8-4,566,18,269.42736375092784
4888,dummy-llama-30b-m,dummy-lora-7b-rank-64-4,252,117,269.42940141406996
4889,dummy-llama-30b-m,dummy-lora-7b-rank-32-1,270,38,269.4700535541912
4890,dummy-llama-30b-m,dummy-lora-7b-rank-128-2,362,38,269.5054507575847
4891,dummy-llama-30b-m,dummy-lora-7b-rank-64-2,558,24,269.5092796483855
4892,dummy-llama-30b-m,dummy-lora-7b-rank-128-0,1007,3,269.5342773758329
4893,dummy-llama-30b-m,dummy-lora-7b-rank-16-4,552,11,269.58470443451415
4894,dummy-llama-30b-m,dummy-lora-7b-rank-64-1,629,42,269.5994021357478
4895,dummy-llama-30b-m,dummy-lora-7b-rank-128-4,894,116,269.77835877885985
4896,dummy-llama-30b-m,dummy-lora-7b-rank-16-4,736,11,269.8676637965338
4897,dummy-llama-30b-m,dummy-lora-7b-rank-8-2,554,22,269.9168688239872
4898,dummy-llama-30b-m,dummy-lora-7b-rank-8-0,523,75,269.95099984964395
4899,dummy-llama-30b-m,dummy-lora-7b-rank-8-1,702,151,270.02273945491686
4900,dummy-llama-30b-m,dummy-lora-7b-rank-128-3,528,35,270.08664492296685
4901,dummy-llama-30b-m,dummy-lora-7b-rank-128-4,562,24,270.09370301959547
4902,dummy-llama-30b-m,dummy-lora-7b-rank-128-2,113,87,270.11301564664257
4903,dummy-llama-30b-m,dummy-lora-7b-rank-32-3,857,8,270.2129572825216
4904,dummy-llama-30b-m,dummy-lora-7b-rank-16-1,554,22,270.2309240577554
4905,dummy-llama-30b-m,dummy-lora-7b-rank-32-1,591,5,270.2839771782906
4906,dummy-llama-30b-m,dummy-lora-7b-rank-8-3,548,17,270.330606082477
4907,dummy-llama-30b-m,dummy-lora-7b-rank-16-1,333,9,270.3468694090669
4908,dummy-llama-30b-m,dummy-lora-7b-rank-32-0,751,42,270.3593517215898
4909,dummy-llama-30b-m,dummy-lora-7b-rank-128-4,572,22,270.4089891898451
4910,dummy-llama-30b-m,dummy-lora-7b-rank-8-3,560,23,270.4892807168747
4911,dummy-llama-30b-m,dummy-lora-7b-rank-32-2,917,139,270.4921576596002
4912,dummy-llama-30b-m,dummy-lora-7b-rank-8-3,264,52,270.4927671772367
4913,dummy-llama-30b-m,dummy-lora-7b-rank-128-4,377,65,270.55088127395726
4914,dummy-llama-30b-m,dummy-lora-7b-rank-64-4,600,20,270.6117814235699
4915,dummy-llama-30b-m,dummy-lora-7b-rank-16-0,537,43,270.6267281330902
4916,dummy-llama-30b-m,dummy-lora-7b-rank-8-3,331,68,270.67823071015226
4917,dummy-llama-30b-m,dummy-lora-7b-rank-16-2,558,21,270.7563886880604
4918,dummy-llama-30b-m,dummy-lora-7b-rank-128-0,301,11,270.91024617760746
4919,dummy-llama-30b-m,dummy-lora-7b-rank-8-2,572,31,270.92323157452563
4920,dummy-llama-30b-m,dummy-lora-7b-rank-16-2,222,118,270.9627543286366
4921,dummy-llama-30b-m,dummy-lora-7b-rank-128-2,356,14,271.015114449906
4922,dummy-llama-30b-m,dummy-lora-7b-rank-16-4,417,38,271.04132234667
4923,dummy-llama-30b-m,dummy-lora-7b-rank-32-3,560,26,271.0667584125434
4924,dummy-llama-30b-m,dummy-lora-7b-rank-64-1,544,15,271.08138544308133
4925,dummy-llama-30b-m,dummy-lora-7b-rank-32-4,550,41,271.14930567470276
4926,dummy-llama-30b-m,dummy-lora-7b-rank-64-2,220,32,271.1509140052603
4927,dummy-llama-30b-m,dummy-lora-7b-rank-32-2,687,86,271.1572423626409
4928,dummy-llama-30b-m,dummy-lora-7b-rank-128-2,213,35,271.1914685213634
4929,dummy-llama-30b-m,dummy-lora-7b-rank-64-2,834,18,271.33512155358966
4930,dummy-llama-30b-m,dummy-lora-7b-rank-128-4,583,47,271.3999511517679
4931,dummy-llama-30b-m,dummy-lora-7b-rank-16-2,544,10,271.5043919790911
4932,dummy-llama-30b-m,dummy-lora-7b-rank-64-0,333,46,271.5426468021848
4933,dummy-llama-30b-m,dummy-lora-7b-rank-32-4,449,38,271.71759111923683
4934,dummy-llama-30b-m,dummy-lora-7b-rank-16-4,957,44,271.7176294988835
4935,dummy-llama-30b-m,dummy-lora-7b-rank-16-4,537,233,271.7738709191343
4936,dummy-llama-30b-m,dummy-lora-7b-rank-128-1,706,75,271.8901219601257
4937,dummy-llama-30b-m,dummy-lora-7b-rank-64-4,562,10,271.98869177859046
4938,dummy-llama-30b-m,dummy-lora-7b-rank-16-0,619,13,272.06716004348164
4939,dummy-llama-30b-m,dummy-lora-7b-rank-64-4,552,19,272.2462592920806
4940,dummy-llama-30b-m,dummy-lora-7b-rank-64-2,179,54,272.25508007712403
4941,dummy-llama-30b-m,dummy-lora-7b-rank-128-0,419,61,272.385119377403
4942,dummy-llama-30b-m,dummy-lora-7b-rank-64-1,757,212,272.39854690683455
4943,dummy-llama-30b-m,dummy-lora-7b-rank-128-1,613,40,272.4627981844769
4944,dummy-llama-30b-m,dummy-lora-7b-rank-128-3,635,53,272.47491068622725
4945,dummy-llama-30b-m,dummy-lora-7b-rank-16-2,552,11,272.47823819253523
4946,dummy-llama-30b-m,dummy-lora-7b-rank-64-0,588,41,272.5148615389153
4947,dummy-llama-30b-m,dummy-lora-7b-rank-32-0,278,43,272.60281309443644
4948,dummy-llama-30b-m,dummy-lora-7b-rank-64-2,443,36,272.63419486468683
4949,dummy-llama-30b-m,dummy-lora-7b-rank-8-4,255,79,272.6448359305263
4950,dummy-llama-30b-m,dummy-lora-7b-rank-32-0,578,32,272.83936847607197
4951,dummy-llama-30b-m,dummy-lora-7b-rank-64-2,260,74,272.87304129246075
4952,dummy-llama-30b-m,dummy-lora-7b-rank-8-2,447,57,272.8807385834301
4953,dummy-llama-30b-m,dummy-lora-7b-rank-16-4,333,93,273.0313409850293
4954,dummy-llama-30b-m,dummy-lora-7b-rank-8-0,219,66,273.04858637702154
4955,dummy-llama-30b-m,dummy-lora-7b-rank-128-2,550,46,273.18742998301025
4956,dummy-llama-30b-m,dummy-lora-7b-rank-64-1,397,55,273.2911250055871
4957,dummy-llama-30b-m,dummy-lora-7b-rank-64-4,556,21,273.3278718776632
4958,dummy-llama-30b-m,dummy-lora-7b-rank-8-4,548,17,273.45229997885093
4959,dummy-llama-30b-m,dummy-lora-7b-rank-8-1,79,42,273.4819717719995
4960,dummy-llama-30b-m,dummy-lora-7b-rank-64-0,810,3,273.55760441383393
4961,dummy-llama-30b-m,dummy-lora-7b-rank-64-4,369,117,273.60034075683114
4962,dummy-llama-30b-m,dummy-lora-7b-rank-8-4,924,3,273.60315469187105
4963,dummy-llama-30b-m,dummy-lora-7b-rank-16-2,600,18,273.6318906776488
4964,dummy-llama-30b-m,dummy-lora-7b-rank-8-1,604,30,273.7731531787574
4965,dummy-llama-30b-m,dummy-lora-7b-rank-128-0,556,22,273.86335872168775
4966,dummy-llama-30b-m,dummy-lora-7b-rank-32-4,588,20,273.92365140189486
4967,dummy-llama-30b-m,dummy-lora-7b-rank-16-2,251,48,274.03789942271175
4968,dummy-llama-30b-m,dummy-lora-7b-rank-8-4,383,16,274.05683953348387
4969,dummy-llama-30b-m,dummy-lora-7b-rank-16-0,200,3,274.0612645048115
4970,dummy-llama-30b-m,dummy-lora-7b-rank-64-1,584,34,274.2210319402512
4971,dummy-llama-30b-m,dummy-lora-7b-rank-16-4,559,65,274.22242109481283
4972,dummy-llama-30b-m,dummy-lora-7b-rank-16-4,219,102,274.2573162031493
4973,dummy-llama-30b-m,dummy-lora-7b-rank-8-3,357,62,274.25856167911866
4974,dummy-llama-30b-m,dummy-lora-7b-rank-128-2,106,73,274.3512580349282
4975,dummy-llama-30b-m,dummy-lora-7b-rank-32-3,240,40,274.4244928629805
4976,dummy-llama-30b-m,dummy-lora-7b-rank-64-3,552,19,274.4319200471925
4977,dummy-llama-30b-m,dummy-lora-7b-rank-128-0,617,9,274.4758325086236
4978,dummy-llama-30b-m,dummy-lora-7b-rank-32-0,374,45,274.5491324509207
4979,dummy-llama-30b-m,dummy-lora-7b-rank-128-1,679,17,274.58263806603077
4980,dummy-llama-30b-m,dummy-lora-7b-rank-128-2,556,21,274.60594808934695
4981,dummy-llama-30b-m,dummy-lora-7b-rank-16-1,166,38,274.6749456163146
4982,dummy-llama-30b-m,dummy-lora-7b-rank-16-1,577,10,274.68838392378314
4983,dummy-llama-30b-m,dummy-lora-7b-rank-128-0,792,81,274.69500884616286
4984,dummy-llama-30b-m,dummy-lora-7b-rank-128-0,238,48,274.77824142326415
4985,dummy-llama-30b-m,dummy-lora-7b-rank-128-2,355,52,274.81179230986777
4986,dummy-llama-30b-m,dummy-lora-7b-rank-32-3,568,28,274.815160128267
4987,dummy-llama-30b-m,dummy-lora-7b-rank-8-1,506,11,274.92424888870397
4988,dummy-llama-30b-m,dummy-lora-7b-rank-128-2,628,25,275.0277660080632
4989,dummy-llama-30b-m,dummy-lora-7b-rank-8-1,537,38,275.0953488442627
4990,dummy-llama-30b-m,dummy-lora-7b-rank-32-4,688,9,275.1479017982814
4991,dummy-llama-30b-m,dummy-lora-7b-rank-64-3,142,19,275.16760672361653
4992,dummy-llama-30b-m,dummy-lora-7b-rank-64-3,205,57,275.183182705344
4993,dummy-llama-30b-m,dummy-lora-7b-rank-16-0,586,92,275.24567199811565
4994,dummy-llama-30b-m,dummy-lora-7b-rank-64-3,566,27,275.31302107778987
4995,dummy-llama-30b-m,dummy-lora-7b-rank-64-0,541,69,275.3285690826422
4996,dummy-llama-30b-m,dummy-lora-7b-rank-32-0,554,10,275.3806072619966
4997,dummy-llama-30b-m,dummy-lora-7b-rank-8-0,407,75,275.5035310457789
4998,dummy-llama-30b-m,dummy-lora-7b-rank-32-2,576,34,275.5058683271239
4999,dummy-llama-30b-m,dummy-lora-7b-rank-128-3,830,11,275.5767646600726
5000,dummy-llama-30b-m,dummy-lora-7b-rank-16-2,546,16,275.59168456123757
5001,dummy-llama-30b-m,dummy-lora-7b-rank-16-1,379,65,275.62095358364286
5002,dummy-llama-30b-m,dummy-lora-7b-rank-16-1,549,7,275.6431443021023
5003,dummy-llama-30b-m,dummy-lora-7b-rank-16-4,599,8,275.6572378220428
5004,dummy-llama-30b-m,dummy-lora-7b-rank-32-1,562,24,275.70311408498657
5005,dummy-llama-30b-m,dummy-lora-7b-rank-128-3,887,12,275.83216090798766
5006,dummy-llama-30b-m,dummy-lora-7b-rank-128-1,836,10,275.84578039712915
5007,dummy-llama-30b-m,dummy-lora-7b-rank-8-3,570,31,275.88243202051626
5008,dummy-llama-30b-m,dummy-lora-7b-rank-64-2,495,46,275.89882138430283
5009,dummy-llama-30b-m,dummy-lora-7b-rank-64-3,220,21,275.90703686018225
5010,dummy-llama-30b-m,dummy-lora-7b-rank-64-1,408,86,275.94132469828264
5011,dummy-llama-30b-m,dummy-lora-7b-rank-32-2,625,52,275.94798493379767
5012,dummy-llama-30b-m,dummy-lora-7b-rank-16-2,624,26,275.9709660673961
5013,dummy-llama-30b-m,dummy-lora-7b-rank-64-0,556,21,275.9730865647785
5014,dummy-llama-30b-m,dummy-lora-7b-rank-16-4,546,42,276.06115107366065
5015,dummy-llama-30b-m,dummy-lora-7b-rank-8-3,550,20,276.20195029478265
5016,dummy-llama-30b-m,dummy-lora-7b-rank-8-3,663,17,276.27373721773137
5017,dummy-llama-30b-m,dummy-lora-7b-rank-16-3,562,13,276.31081458045577
5018,dummy-llama-30b-m,dummy-lora-7b-rank-64-0,244,48,276.47247766622354
5019,dummy-llama-30b-m,dummy-lora-7b-rank-8-3,128,53,276.53363245335584
5020,dummy-llama-30b-m,dummy-lora-7b-rank-32-2,394,49,276.60106497541193
5021,dummy-llama-30b-m,dummy-lora-7b-rank-64-1,123,32,276.711784072122
5022,dummy-llama-30b-m,dummy-lora-7b-rank-16-2,552,11,276.7263708262694
5023,dummy-llama-30b-m,dummy-lora-7b-rank-16-0,258,41,276.8067899781203
5024,dummy-llama-30b-m,dummy-lora-7b-rank-64-4,552,19,276.92988099687113
5025,dummy-llama-30b-m,dummy-lora-7b-rank-16-3,301,40,276.94915401849994
5026,dummy-llama-30b-m,dummy-lora-7b-rank-64-1,363,53,277.01293367255585
5027,dummy-llama-30b-m,dummy-lora-7b-rank-8-2,480,60,277.12308701539285
5028,dummy-llama-30b-m,dummy-lora-7b-rank-8-4,603,25,277.1307106144917
5029,dummy-llama-30b-m,dummy-lora-7b-rank-64-2,384,58,277.13671062627736
5030,dummy-llama-30b-m,dummy-lora-7b-rank-8-2,662,8,277.2690227474914
5031,dummy-llama-30b-m,dummy-lora-7b-rank-128-0,482,50,277.3156870350271
5032,dummy-llama-30b-m,dummy-lora-7b-rank-8-3,445,38,277.37038011379747
5033,dummy-llama-30b-m,dummy-lora-7b-rank-32-2,663,47,277.43061336898734
5034,dummy-llama-30b-m,dummy-lora-7b-rank-64-1,560,23,277.4735201256344
5035,dummy-llama-30b-m,dummy-lora-7b-rank-8-1,562,26,277.50618230009894
5036,dummy-llama-30b-m,dummy-lora-7b-rank-8-3,558,24,277.56429506316266
5037,dummy-llama-30b-m,dummy-lora-7b-rank-128-0,458,47,277.63735370269956
5038,dummy-llama-30b-m,dummy-lora-7b-rank-8-4,322,6,277.65589009390874
5039,dummy-llama-30b-m,dummy-lora-7b-rank-32-0,603,16,277.8360563519068
5040,dummy-llama-30b-m,dummy-lora-7b-rank-8-0,615,28,277.8907482473188
5041,dummy-llama-30b-m,dummy-lora-7b-rank-32-4,420,73,277.91778330691704
5042,dummy-llama-30b-m,dummy-lora-7b-rank-8-4,337,38,278.00173865417304
5043,dummy-llama-30b-m,dummy-lora-7b-rank-8-3,117,45,278.13728073458657
5044,dummy-llama-30b-m,dummy-lora-7b-rank-64-4,476,6,278.1914829987891
5045,dummy-llama-30b-m,dummy-lora-7b-rank-16-1,539,8,278.52143714391053
5046,dummy-llama-30b-m,dummy-lora-7b-rank-32-0,522,79,278.58179174658005
5047,dummy-llama-30b-m,dummy-lora-7b-rank-8-4,91,37,278.6827210805565
5048,dummy-llama-30b-m,dummy-lora-7b-rank-16-3,666,32,278.81098985066836
5049,dummy-llama-30b-m,dummy-lora-7b-rank-32-1,332,6,278.8642017825695
5050,dummy-llama-30b-m,dummy-lora-7b-rank-8-1,605,19,278.9920120373749
5051,dummy-llama-30b-m,dummy-lora-7b-rank-128-2,470,50,278.9951368283434
5052,dummy-llama-30b-m,dummy-lora-7b-rank-128-0,621,63,279.00815482313214
5053,dummy-llama-30b-m,dummy-lora-7b-rank-128-4,451,9,279.04966299830375
5054,dummy-llama-30b-m,dummy-lora-7b-rank-32-3,272,50,279.10550384532456
5055,dummy-llama-30b-m,dummy-lora-7b-rank-32-1,305,41,279.1127421785921
5056,dummy-llama-30b-m,dummy-lora-7b-rank-32-3,578,33,279.28222095076694
5057,dummy-llama-30b-m,dummy-lora-7b-rank-32-1,558,22,279.291246916394
5058,dummy-llama-30b-m,dummy-lora-7b-rank-8-3,584,18,279.39500371903716
5059,dummy-llama-30b-m,dummy-lora-7b-rank-16-3,558,24,279.4122211062386
5060,dummy-llama-30b-m,dummy-lora-7b-rank-128-3,315,116,279.44747669280224
5061,dummy-llama-30b-m,dummy-lora-7b-rank-64-4,297,52,279.45066167486783
5062,dummy-llama-30b-m,dummy-lora-7b-rank-32-3,560,25,279.48276568654404
5063,dummy-llama-30b-m,dummy-lora-7b-rank-8-4,52,44,279.5179212081759
5064,dummy-llama-30b-m,dummy-lora-7b-rank-8-2,448,221,279.58163747169056
5065,dummy-llama-30b-m,dummy-lora-7b-rank-64-3,557,22,279.6611649766965
5066,dummy-llama-30b-m,dummy-lora-7b-rank-128-2,91,35,279.73113172017185
5067,dummy-llama-30b-m,dummy-lora-7b-rank-128-4,605,20,279.8064864620237
5068,dummy-llama-30b-m,dummy-lora-7b-rank-128-4,526,51,279.8633269458591
5069,dummy-llama-30b-m,dummy-lora-7b-rank-8-3,907,38,279.89452402098595
5070,dummy-llama-30b-m,dummy-lora-7b-rank-128-1,568,27,280.0975063380202
5071,dummy-llama-30b-m,dummy-lora-7b-rank-32-1,443,107,280.1210523935825
5072,dummy-llama-30b-m,dummy-lora-7b-rank-32-1,795,11,280.1540118922958
5073,dummy-llama-30b-m,dummy-lora-7b-rank-16-3,581,206,280.1865041041223
5074,dummy-llama-30b-m,dummy-lora-7b-rank-32-4,550,18,280.3026093275891
5075,dummy-llama-30b-m,dummy-lora-7b-rank-16-2,85,52,280.319833024909
5076,dummy-llama-30b-m,dummy-lora-7b-rank-32-4,227,56,280.32292411120176
5077,dummy-llama-30b-m,dummy-lora-7b-rank-128-4,590,41,280.3946408087988
5078,dummy-llama-30b-m,dummy-lora-7b-rank-32-4,578,34,280.40929061080914
5079,dummy-llama-30b-m,dummy-lora-7b-rank-16-3,913,38,280.41787172769136
5080,dummy-llama-30b-m,dummy-lora-7b-rank-32-1,275,63,280.42391637864347
5081,dummy-llama-30b-m,dummy-lora-7b-rank-128-1,211,40,280.5160303554174
5082,dummy-llama-30b-m,dummy-lora-7b-rank-32-1,628,11,280.55745663013533
5083,dummy-llama-30b-m,dummy-lora-7b-rank-32-4,671,8,280.5853674956269
5084,dummy-llama-30b-m,dummy-lora-7b-rank-128-3,117,9,280.65847312038846
5085,dummy-llama-30b-m,dummy-lora-7b-rank-8-3,594,23,280.6948838452859
5086,dummy-llama-30b-m,dummy-lora-7b-rank-16-1,314,52,280.73397656528033
5087,dummy-llama-30b-m,dummy-lora-7b-rank-64-1,397,45,280.8339619237198
5088,dummy-llama-30b-m,dummy-lora-7b-rank-32-3,54,53,280.8347567213445
5089,dummy-llama-30b-m,dummy-lora-7b-rank-16-0,209,131,280.87575716619244
5090,dummy-llama-30b-m,dummy-lora-7b-rank-16-3,552,19,280.94468793153226
5091,dummy-llama-30b-m,dummy-lora-7b-rank-32-0,470,11,280.9573361742564
5092,dummy-llama-30b-m,dummy-lora-7b-rank-8-0,550,8,280.9575770385523
5093,dummy-llama-30b-m,dummy-lora-7b-rank-64-2,573,7,280.97987581565843
5094,dummy-llama-30b-m,dummy-lora-7b-rank-8-2,285,53,280.98868976616785
5095,dummy-llama-30b-m,dummy-lora-7b-rank-64-0,546,16,281.0464006781758
5096,dummy-llama-30b-m,dummy-lora-7b-rank-16-1,623,33,281.0919046191278
5097,dummy-llama-30b-m,dummy-lora-7b-rank-32-4,568,30,281.12783795088484
5098,dummy-llama-30b-m,dummy-lora-7b-rank-32-0,558,14,281.15193191212825
5099,dummy-llama-30b-m,dummy-lora-7b-rank-64-2,282,49,281.1817879677006
5100,dummy-llama-30b-m,dummy-lora-7b-rank-16-3,603,18,281.23482999065266
5101,dummy-llama-30b-m,dummy-lora-7b-rank-128-0,386,41,281.33606533680955
5102,dummy-llama-30b-m,dummy-lora-7b-rank-16-0,552,19,281.4662776350428
5103,dummy-llama-30b-m,dummy-lora-7b-rank-64-3,514,34,281.5629656987599
5104,dummy-llama-30b-m,dummy-lora-7b-rank-32-0,560,23,281.86402834096793
5105,dummy-llama-30b-m,dummy-lora-7b-rank-64-2,440,46,282.07238937064545
5106,dummy-llama-30b-m,dummy-lora-7b-rank-8-2,568,30,282.13339071516435
5107,dummy-llama-30b-m,dummy-lora-7b-rank-16-2,223,4,282.17425316831856
5108,dummy-llama-30b-m,dummy-lora-7b-rank-32-1,901,129,282.3274913236945
5109,dummy-llama-30b-m,dummy-lora-7b-rank-16-2,292,49,282.36120474276197
5110,dummy-llama-30b-m,dummy-lora-7b-rank-128-2,436,99,282.5544325277132
5111,dummy-llama-30b-m,dummy-lora-7b-rank-64-2,248,136,282.6083044547452
5112,dummy-llama-30b-m,dummy-lora-7b-rank-128-2,540,7,282.67523408662794
5113,dummy-llama-30b-m,dummy-lora-7b-rank-32-2,972,3,282.717537023943
5114,dummy-llama-30b-m,dummy-lora-7b-rank-16-4,623,53,282.7386630924592
5115,dummy-llama-30b-m,dummy-lora-7b-rank-128-0,573,19,282.7456703737835
5116,dummy-llama-30b-m,dummy-lora-7b-rank-16-1,904,44,282.7639415166777
5117,dummy-llama-30b-m,dummy-lora-7b-rank-8-2,548,17,283.0021416272191
5118,dummy-llama-30b-m,dummy-lora-7b-rank-32-4,554,20,283.0149174172172
5119,dummy-llama-30b-m,dummy-lora-7b-rank-16-1,527,15,283.07899786540173
5120,dummy-llama-30b-m,dummy-lora-7b-rank-32-0,558,24,283.1003909966086
5121,dummy-llama-30b-m,dummy-lora-7b-rank-16-0,169,112,283.1625912995823
5122,dummy-llama-30b-m,dummy-lora-7b-rank-128-2,376,36,283.20546406197303
5123,dummy-llama-30b-m,dummy-lora-7b-rank-128-4,552,11,283.30126448861733
5124,dummy-llama-30b-m,dummy-lora-7b-rank-16-4,153,52,283.3363261348655
5125,dummy-llama-30b-m,dummy-lora-7b-rank-16-4,338,67,283.35042612386366
5126,dummy-llama-30b-m,dummy-lora-7b-rank-64-4,298,10,283.3874461213489
5127,dummy-llama-30b-m,dummy-lora-7b-rank-16-1,448,34,283.3996872543174
5128,dummy-llama-30b-m,dummy-lora-7b-rank-64-0,558,24,283.41933588651943
5129,dummy-llama-30b-m,dummy-lora-7b-rank-8-4,121,64,283.51400020765385
5130,dummy-llama-30b-m,dummy-lora-7b-rank-8-2,508,64,283.6316672386399
5131,dummy-llama-30b-m,dummy-lora-7b-rank-32-4,727,78,283.6410279397894
5132,dummy-llama-30b-m,dummy-lora-7b-rank-8-0,218,40,283.6447727437625
5133,dummy-llama-30b-m,dummy-lora-7b-rank-16-2,346,42,283.77245883111357
5134,dummy-llama-30b-m,dummy-lora-7b-rank-8-3,654,107,283.82750327328864
5135,dummy-llama-30b-m,dummy-lora-7b-rank-8-4,169,30,283.8530692052867
5136,dummy-llama-30b-m,dummy-lora-7b-rank-128-4,513,49,283.9168166541837
5137,dummy-llama-30b-m,dummy-lora-7b-rank-64-0,1016,86,283.9725817861736
5138,dummy-llama-30b-m,dummy-lora-7b-rank-8-1,411,44,283.98543339252507
5139,dummy-llama-30b-m,dummy-lora-7b-rank-32-0,556,21,283.9936078416276
5140,dummy-llama-30b-m,dummy-lora-7b-rank-64-0,204,52,284.00606365699844
5141,dummy-llama-30b-m,dummy-lora-7b-rank-64-4,566,15,284.01611912472396
5142,dummy-llama-30b-m,dummy-lora-7b-rank-32-2,578,33,284.03359385925677
5143,dummy-llama-30b-m,dummy-lora-7b-rank-16-0,595,35,284.32241687605205
5144,dummy-llama-30b-m,dummy-lora-7b-rank-64-2,468,44,284.3868231145777
5145,dummy-llama-30b-m,dummy-lora-7b-rank-8-0,98,52,284.40803019545274
5146,dummy-llama-30b-m,dummy-lora-7b-rank-64-4,603,17,284.4089213325408
5147,dummy-llama-30b-m,dummy-lora-7b-rank-128-4,213,39,284.4518821056645
5148,dummy-llama-30b-m,dummy-lora-7b-rank-8-4,928,131,284.4577835570149
5149,dummy-llama-30b-m,dummy-lora-7b-rank-8-3,164,36,284.45784647477046
5150,dummy-llama-30b-m,dummy-lora-7b-rank-32-3,617,19,284.50868171823726
5151,dummy-llama-30b-m,dummy-lora-7b-rank-64-1,517,48,284.5363607932532
5152,dummy-llama-30b-m,dummy-lora-7b-rank-32-3,568,27,284.6119381775106
5153,dummy-llama-30b-m,dummy-lora-7b-rank-16-1,270,50,284.6941421307681
5154,dummy-llama-30b-m,dummy-lora-7b-rank-128-0,599,29,284.72165327241567
5155,dummy-llama-30b-m,dummy-lora-7b-rank-64-3,590,2,284.7444773065034
5156,dummy-llama-30b-m,dummy-lora-7b-rank-128-3,179,42,284.8046530698227
5157,dummy-llama-30b-m,dummy-lora-7b-rank-64-1,964,45,284.8250051871686
5158,dummy-llama-30b-m,dummy-lora-7b-rank-16-2,570,28,285.10529863943833
5159,dummy-llama-30b-m,dummy-lora-7b-rank-8-1,499,10,285.13447716540037
5160,dummy-llama-30b-m,dummy-lora-7b-rank-128-1,558,23,285.19905033934543
5161,dummy-llama-30b-m,dummy-lora-7b-rank-16-3,437,47,285.30102541456023
5162,dummy-llama-30b-m,dummy-lora-7b-rank-128-1,550,18,285.3887865927554
5163,dummy-llama-30b-m,dummy-lora-7b-rank-64-3,550,18,285.4233365009149
5164,dummy-llama-30b-m,dummy-lora-7b-rank-32-4,766,12,285.4922092246636
5165,dummy-llama-30b-m,dummy-lora-7b-rank-16-4,339,40,285.5717798269482
5166,dummy-llama-30b-m,dummy-lora-7b-rank-32-4,564,23,285.58530196078806
5167,dummy-llama-30b-m,dummy-lora-7b-rank-32-3,341,178,285.6200292414686
5168,dummy-llama-30b-m,dummy-lora-7b-rank-64-3,568,49,285.6848779987476
5169,dummy-llama-30b-m,dummy-lora-7b-rank-8-0,289,68,285.75653182019954
5170,dummy-llama-30b-m,dummy-lora-7b-rank-8-2,746,10,285.799465359084
5171,dummy-llama-30b-m,dummy-lora-7b-rank-32-1,611,31,285.8127786505606
5172,dummy-llama-30b-m,dummy-lora-7b-rank-32-3,548,17,285.89627341198104
5173,dummy-llama-30b-m,dummy-lora-7b-rank-128-3,235,51,285.9611510205083
5174,dummy-llama-30b-m,dummy-lora-7b-rank-128-3,556,19,285.99907708060755
5175,dummy-llama-30b-m,dummy-lora-7b-rank-32-1,186,50,286.023583153784
5176,dummy-llama-30b-m,dummy-lora-7b-rank-8-2,603,16,286.0425901066209
5177,dummy-llama-30b-m,dummy-lora-7b-rank-8-4,444,102,286.0594291464207
5178,dummy-llama-30b-m,dummy-lora-7b-rank-32-4,195,55,286.12174710242823
5179,dummy-llama-30b-m,dummy-lora-7b-rank-64-3,521,41,286.13845404077546
5180,dummy-llama-30b-m,dummy-lora-7b-rank-128-2,432,57,286.16772947566153
5181,dummy-llama-30b-m,dummy-lora-7b-rank-8-4,407,11,286.2143895949088
5182,dummy-llama-30b-m,dummy-lora-7b-rank-16-4,554,20,286.2331621282887
5183,dummy-llama-30b-m,dummy-lora-7b-rank-32-3,577,7,286.2358987036288
5184,dummy-llama-30b-m,dummy-lora-7b-rank-32-2,817,65,286.26265518867325
5185,dummy-llama-30b-m,dummy-lora-7b-rank-16-0,252,50,286.30866667089975
5186,dummy-llama-30b-m,dummy-lora-7b-rank-32-1,955,8,286.36520064421285
5187,dummy-llama-30b-m,dummy-lora-7b-rank-64-4,601,18,286.3676793178095
5188,dummy-llama-30b-m,dummy-lora-7b-rank-16-0,240,56,286.3742637109697
5189,dummy-llama-30b-m,dummy-lora-7b-rank-128-3,686,21,286.41438333275187
5190,dummy-llama-30b-m,dummy-lora-7b-rank-64-3,300,64,286.44308588327203
5191,dummy-llama-30b-m,dummy-lora-7b-rank-16-2,620,27,286.54354873517656
5192,dummy-llama-30b-m,dummy-lora-7b-rank-8-0,948,61,286.6104549106305
5193,dummy-llama-30b-m,dummy-lora-7b-rank-128-3,586,19,286.7846942163097
5194,dummy-llama-30b-m,dummy-lora-7b-rank-64-2,122,19,286.8170375941963
5195,dummy-llama-30b-m,dummy-lora-7b-rank-16-1,129,46,286.8495899928197
5196,dummy-llama-30b-m,dummy-lora-7b-rank-32-0,447,52,286.9823541740353
5197,dummy-llama-30b-m,dummy-lora-7b-rank-128-2,694,80,287.0026185556311
5198,dummy-llama-30b-m,dummy-lora-7b-rank-32-1,252,86,287.0584599973659
5199,dummy-llama-30b-m,dummy-lora-7b-rank-64-1,446,187,287.12682841354166
5200,dummy-llama-30b-m,dummy-lora-7b-rank-128-0,747,85,287.20709731373785
5201,dummy-llama-30b-m,dummy-lora-7b-rank-128-0,436,68,287.2268451825552
5202,dummy-llama-30b-m,dummy-lora-7b-rank-32-2,447,5,287.27341054174235
5203,dummy-llama-30b-m,dummy-lora-7b-rank-128-2,145,49,287.4763526342233
5204,dummy-llama-30b-m,dummy-lora-7b-rank-32-1,593,30,287.5343429213587
5205,dummy-llama-30b-m,dummy-lora-7b-rank-32-0,341,102,287.57861980350225
5206,dummy-llama-30b-m,dummy-lora-7b-rank-64-1,327,146,287.66379222443504
5207,dummy-llama-30b-m,dummy-lora-7b-rank-64-3,307,3,287.72784242936046
5208,dummy-llama-30b-m,dummy-lora-7b-rank-16-1,225,51,287.7884844833439
5209,dummy-llama-30b-m,dummy-lora-7b-rank-32-2,60,103,287.80743687099135
5210,dummy-llama-30b-m,dummy-lora-7b-rank-8-2,203,52,287.8231379304402
5211,dummy-llama-30b-m,dummy-lora-7b-rank-16-2,624,25,287.95292033556683
5212,dummy-llama-30b-m,dummy-lora-7b-rank-8-0,458,38,288.00591330297215
5213,dummy-llama-30b-m,dummy-lora-7b-rank-64-1,652,23,288.0332197988174
5214,dummy-llama-30b-m,dummy-lora-7b-rank-64-4,592,6,288.04298632939776
5215,dummy-llama-30b-m,dummy-lora-7b-rank-16-4,668,11,288.04915559897887
5216,dummy-llama-30b-m,dummy-lora-7b-rank-32-3,158,43,288.24554164950564
5217,dummy-llama-30b-m,dummy-lora-7b-rank-64-1,364,54,288.25691583713547
5218,dummy-llama-30b-m,dummy-lora-7b-rank-128-3,391,55,288.25696180346455
5219,dummy-llama-30b-m,dummy-lora-7b-rank-8-2,485,46,288.26551368164934
5220,dummy-llama-30b-m,dummy-lora-7b-rank-16-3,604,68,288.31193506640545
5221,dummy-llama-30b-m,dummy-lora-7b-rank-16-2,826,7,288.3360088039675
5222,dummy-llama-30b-m,dummy-lora-7b-rank-32-2,463,61,288.3361268517916
5223,dummy-llama-30b-m,dummy-lora-7b-rank-8-0,107,17,288.3615839963253
5224,dummy-llama-30b-m,dummy-lora-7b-rank-128-4,353,94,288.56332540110316
5225,dummy-llama-30b-m,dummy-lora-7b-rank-128-0,411,41,288.6684808850921
5226,dummy-llama-30b-m,dummy-lora-7b-rank-128-2,977,148,288.71252977661266
5227,dummy-llama-30b-m,dummy-lora-7b-rank-16-3,731,77,288.7278579498581
5228,dummy-llama-30b-m,dummy-lora-7b-rank-128-3,124,45,288.75009302429413
5229,dummy-llama-30b-m,dummy-lora-7b-rank-32-2,525,38,288.78440528986965
5230,dummy-llama-30b-m,dummy-lora-7b-rank-8-1,367,10,288.79925938192
5231,dummy-llama-30b-m,dummy-lora-7b-rank-128-0,601,12,288.84725581834874
5232,dummy-llama-30b-m,dummy-lora-7b-rank-16-4,733,13,289.04518536749003
5233,dummy-llama-30b-m,dummy-lora-7b-rank-16-4,321,75,289.0734493582419
5234,dummy-llama-30b-m,dummy-lora-7b-rank-128-2,550,18,289.1482923001325
5235,dummy-llama-30b-m,dummy-lora-7b-rank-16-2,642,14,289.16271215281523
5236,dummy-llama-30b-m,dummy-lora-7b-rank-16-4,599,59,289.18896784687297
5237,dummy-llama-30b-m,dummy-lora-7b-rank-32-1,340,38,289.2042901504874
5238,dummy-llama-30b-m,dummy-lora-7b-rank-32-0,823,86,289.21768615966585
5239,dummy-llama-30b-m,dummy-lora-7b-rank-64-3,590,13,289.2381529414978
5240,dummy-llama-30b-m,dummy-lora-7b-rank-8-3,560,23,289.37834263014366
5241,dummy-llama-30b-m,dummy-lora-7b-rank-128-2,558,20,289.3805457899213
5242,dummy-llama-30b-m,dummy-lora-7b-rank-64-4,562,27,289.3854150531065
5243,dummy-llama-30b-m,dummy-lora-7b-rank-16-2,888,70,289.43357725219124
5244,dummy-llama-30b-m,dummy-lora-7b-rank-32-2,572,37,289.52412350345253
5245,dummy-llama-30b-m,dummy-lora-7b-rank-128-2,552,19,289.5302198400596
5246,dummy-llama-30b-m,dummy-lora-7b-rank-32-3,363,54,289.56120915351636
5247,dummy-llama-30b-m,dummy-lora-7b-rank-64-0,617,22,289.57127076872365
5248,dummy-llama-30b-m,dummy-lora-7b-rank-16-3,395,230,289.60926973652016
5249,dummy-llama-30b-m,dummy-lora-7b-rank-16-0,426,50,289.7258442043217
5250,dummy-llama-30b-m,dummy-lora-7b-rank-16-4,231,52,289.7400861270467
5251,dummy-llama-30b-m,dummy-lora-7b-rank-8-1,445,61,289.7898872237837
5252,dummy-llama-30b-m,dummy-lora-7b-rank-128-2,574,30,289.80175470657076
5253,dummy-llama-30b-m,dummy-lora-7b-rank-64-3,266,42,289.8237750287117
5254,dummy-llama-30b-m,dummy-lora-7b-rank-64-0,133,78,289.95454511326636
5255,dummy-llama-30b-m,dummy-lora-7b-rank-128-2,838,161,290.04291106780244
5256,dummy-llama-30b-m,dummy-lora-7b-rank-16-3,552,21,290.04857178557506
5257,dummy-llama-30b-m,dummy-lora-7b-rank-32-3,602,30,290.0718844787266
5258,dummy-llama-30b-m,dummy-lora-7b-rank-64-1,564,27,290.2906823410357
5259,dummy-llama-30b-m,dummy-lora-7b-rank-128-4,256,43,290.29552674751596
5260,dummy-llama-30b-m,dummy-lora-7b-rank-16-3,112,46,290.3124700479368
5261,dummy-llama-30b-m,dummy-lora-7b-rank-32-3,317,12,290.3206858018879
5262,dummy-llama-30b-m,dummy-lora-7b-rank-128-4,548,17,290.39806869784667
5263,dummy-llama-30b-m,dummy-lora-7b-rank-16-1,267,185,290.4407815245778
5264,dummy-llama-30b-m,dummy-lora-7b-rank-32-2,134,125,290.6830383876334
5265,dummy-llama-30b-m,dummy-lora-7b-rank-32-0,310,54,290.68854864349953
5266,dummy-llama-30b-m,dummy-lora-7b-rank-8-2,323,51,290.76087577576874
5267,dummy-llama-30b-m,dummy-lora-7b-rank-16-1,173,51,290.82417492110653
5268,dummy-llama-30b-m,dummy-lora-7b-rank-8-4,293,51,290.82842609321807
5269,dummy-llama-30b-m,dummy-lora-7b-rank-16-1,364,57,290.8417931238778
5270,dummy-llama-30b-m,dummy-lora-7b-rank-64-2,792,119,290.94688641743096
5271,dummy-llama-30b-m,dummy-lora-7b-rank-32-1,307,57,291.003765966661
5272,dummy-llama-30b-m,dummy-lora-7b-rank-32-1,474,48,291.0663303173826
5273,dummy-llama-30b-m,dummy-lora-7b-rank-128-1,769,10,291.0673021936977
5274,dummy-llama-30b-m,dummy-lora-7b-rank-32-4,512,33,291.09883969938465
5275,dummy-llama-30b-m,dummy-lora-7b-rank-8-3,698,41,291.22052287415244
5276,dummy-llama-30b-m,dummy-lora-7b-rank-64-1,908,20,291.43641652312607
5277,dummy-llama-30b-m,dummy-lora-7b-rank-64-2,153,52,291.53900607389807
5278,dummy-llama-30b-m,dummy-lora-7b-rank-8-1,558,11,291.58301276536645
5279,dummy-llama-30b-m,dummy-lora-7b-rank-32-3,85,47,291.6025682610206
5280,dummy-llama-30b-m,dummy-lora-7b-rank-16-4,191,37,291.60290693290267
5281,dummy-llama-30b-m,dummy-lora-7b-rank-128-0,348,50,291.751586463112
5282,dummy-llama-30b-m,dummy-lora-7b-rank-16-4,179,9,291.8303826818798
5283,dummy-llama-30b-m,dummy-lora-7b-rank-8-3,338,45,291.8823870795362
5284,dummy-llama-30b-m,dummy-lora-7b-rank-8-4,332,12,291.8895439216476
5285,dummy-llama-30b-m,dummy-lora-7b-rank-8-0,579,73,291.98691490536964
5286,dummy-llama-30b-m,dummy-lora-7b-rank-32-1,162,6,292.00242524080255
5287,dummy-llama-30b-m,dummy-lora-7b-rank-128-0,228,38,292.14234531198355
5288,dummy-llama-30b-m,dummy-lora-7b-rank-16-4,629,49,292.15805918257564
5289,dummy-llama-30b-m,dummy-lora-7b-rank-128-3,452,49,292.2045754714445
5290,dummy-llama-30b-m,dummy-lora-7b-rank-16-3,261,39,292.23833505596116
5291,dummy-llama-30b-m,dummy-lora-7b-rank-16-2,564,27,292.3531028695728
5292,dummy-llama-30b-m,dummy-lora-7b-rank-8-2,429,13,292.38023325203153
5293,dummy-llama-30b-m,dummy-lora-7b-rank-8-1,548,17,292.3979004607176
5294,dummy-llama-30b-m,dummy-lora-7b-rank-32-2,569,15,292.485377500589
5295,dummy-llama-30b-m,dummy-lora-7b-rank-32-0,214,49,292.55019765048513
5296,dummy-llama-30b-m,dummy-lora-7b-rank-32-4,366,62,292.7443663716588
5297,dummy-llama-30b-m,dummy-lora-7b-rank-128-1,94,51,292.78456772067955
5298,dummy-llama-30b-m,dummy-lora-7b-rank-16-3,689,102,292.81920463801396
5299,dummy-llama-30b-m,dummy-lora-7b-rank-16-3,263,51,292.9743073278616
5300,dummy-llama-30b-m,dummy-lora-7b-rank-16-4,514,68,293.02642225555115
5301,dummy-llama-30b-m,dummy-lora-7b-rank-64-2,752,17,293.0326114650363
5302,dummy-llama-30b-m,dummy-lora-7b-rank-128-3,629,33,293.1775171024377
5303,dummy-llama-30b-m,dummy-lora-7b-rank-16-0,597,11,293.32316616864244
5304,dummy-llama-30b-m,dummy-lora-7b-rank-128-0,102,47,293.40972459154784
5305,dummy-llama-30b-m,dummy-lora-7b-rank-64-1,564,17,293.6135475201996
5306,dummy-llama-30b-m,dummy-lora-7b-rank-8-0,165,43,293.90715825388617
5307,dummy-llama-30b-m,dummy-lora-7b-rank-32-0,278,136,293.9563178091293
5308,dummy-llama-30b-m,dummy-lora-7b-rank-32-1,555,6,294.05155385729506
5309,dummy-llama-30b-m,dummy-lora-7b-rank-32-4,309,36,294.14907686342553
5310,dummy-llama-30b-m,dummy-lora-7b-rank-16-4,426,52,294.1700331107758
5311,dummy-llama-30b-m,dummy-lora-7b-rank-16-4,976,49,294.21195362775677
5312,dummy-llama-30b-m,dummy-lora-7b-rank-128-0,346,45,294.2397860640179
5313,dummy-llama-30b-m,dummy-lora-7b-rank-32-4,572,19,294.3229404065493
5314,dummy-llama-30b-m,dummy-lora-7b-rank-64-0,544,13,294.5187835663135
5315,dummy-llama-30b-m,dummy-lora-7b-rank-64-3,377,63,294.5997922352435
5316,dummy-llama-30b-m,dummy-lora-7b-rank-8-0,456,102,294.60337201730323
5317,dummy-llama-30b-m,dummy-lora-7b-rank-16-1,738,30,294.8002217776303
5318,dummy-llama-30b-m,dummy-lora-7b-rank-32-1,554,20,294.84850728197756
5319,dummy-llama-30b-m,dummy-lora-7b-rank-128-1,376,155,294.9247329503293
5320,dummy-llama-30b-m,dummy-lora-7b-rank-32-4,22,256,295.1041227521059
5321,dummy-llama-30b-m,dummy-lora-7b-rank-8-4,890,2,295.11410373336105
5322,dummy-llama-30b-m,dummy-lora-7b-rank-64-3,553,59,295.13447543111874
5323,dummy-llama-30b-m,dummy-lora-7b-rank-16-1,619,12,295.1703452368816
5324,dummy-llama-30b-m,dummy-lora-7b-rank-8-0,232,50,295.26157074636234
5325,dummy-llama-30b-m,dummy-lora-7b-rank-8-2,635,38,295.2827899667961
5326,dummy-llama-30b-m,dummy-lora-7b-rank-16-2,741,18,295.28593141659604
5327,dummy-llama-30b-m,dummy-lora-7b-rank-32-0,778,102,295.3099493448147
5328,dummy-llama-30b-m,dummy-lora-7b-rank-64-2,117,40,295.36220378999235
5329,dummy-llama-30b-m,dummy-lora-7b-rank-32-3,227,3,295.37356707471235
5330,dummy-llama-30b-m,dummy-lora-7b-rank-16-4,760,8,295.52524787888893
5331,dummy-llama-30b-m,dummy-lora-7b-rank-32-3,671,21,295.52664420519903
5332,dummy-llama-30b-m,dummy-lora-7b-rank-128-0,271,7,295.52946727771524
5333,dummy-llama-30b-m,dummy-lora-7b-rank-32-4,554,20,295.5629104413431
5334,dummy-llama-30b-m,dummy-lora-7b-rank-128-3,556,19,295.61567074472805
5335,dummy-llama-30b-m,dummy-lora-7b-rank-64-4,550,18,295.6320717408836
5336,dummy-llama-30b-m,dummy-lora-7b-rank-32-4,365,43,295.68901315288696
5337,dummy-llama-30b-m,dummy-lora-7b-rank-64-3,395,65,295.69880582271196
5338,dummy-llama-30b-m,dummy-lora-7b-rank-64-4,566,18,295.7541059227618
5339,dummy-llama-30b-m,dummy-lora-7b-rank-32-0,676,71,295.7630220622531
5340,dummy-llama-30b-m,dummy-lora-7b-rank-32-2,554,18,295.90340249751404
5341,dummy-llama-30b-m,dummy-lora-7b-rank-8-4,556,21,295.93435652531696
5342,dummy-llama-30b-m,dummy-lora-7b-rank-32-0,560,15,295.95284623250984
5343,dummy-llama-30b-m,dummy-lora-7b-rank-8-0,53,72,295.9817025693042
5344,dummy-llama-30b-m,dummy-lora-7b-rank-8-0,572,22,296.0630750488619
5345,dummy-llama-30b-m,dummy-lora-7b-rank-16-0,522,54,296.0717518217134
5346,dummy-llama-30b-m,dummy-lora-7b-rank-8-4,229,3,296.0815342441627
5347,dummy-llama-30b-m,dummy-lora-7b-rank-64-4,549,117,296.11811693883004
5348,dummy-llama-30b-m,dummy-lora-7b-rank-128-3,326,74,296.1764078559645
5349,dummy-llama-30b-m,dummy-lora-7b-rank-16-4,352,54,296.30032679707386
5350,dummy-llama-30b-m,dummy-lora-7b-rank-16-4,808,56,296.3393569141589
5351,dummy-llama-30b-m,dummy-lora-7b-rank-32-0,793,42,296.70083079638226
5352,dummy-llama-30b-m,dummy-lora-7b-rank-8-2,120,73,296.76195318256106
5353,dummy-llama-30b-m,dummy-lora-7b-rank-32-0,101,41,296.785773516749
5354,dummy-llama-30b-m,dummy-lora-7b-rank-16-1,948,12,296.8028616564811
5355,dummy-llama-30b-m,dummy-lora-7b-rank-8-0,506,70,296.8683780562494
5356,dummy-llama-30b-m,dummy-lora-7b-rank-8-4,397,12,296.92447696081183
5357,dummy-llama-30b-m,dummy-lora-7b-rank-8-1,558,24,297.004335883787
5358,dummy-llama-30b-m,dummy-lora-7b-rank-16-3,268,59,297.1064950679219
5359,dummy-llama-30b-m,dummy-lora-7b-rank-128-4,613,40,297.23399934468046
5360,dummy-llama-30b-m,dummy-lora-7b-rank-32-4,370,12,297.3015044778884
5361,dummy-llama-30b-m,dummy-lora-7b-rank-8-4,408,41,297.32450596217484
5362,dummy-llama-30b-m,dummy-lora-7b-rank-64-1,405,109,297.32685241969955
5363,dummy-llama-30b-m,dummy-lora-7b-rank-16-3,258,49,297.3362658992529
5364,dummy-llama-30b-m,dummy-lora-7b-rank-16-3,570,11,297.4247334011104
5365,dummy-llama-30b-m,dummy-lora-7b-rank-128-1,558,23,297.46320606145315
5366,dummy-llama-30b-m,dummy-lora-7b-rank-16-4,615,28,297.5127894019001
5367,dummy-llama-30b-m,dummy-lora-7b-rank-32-3,825,81,297.62384841262167
5368,dummy-llama-30b-m,dummy-lora-7b-rank-8-1,473,48,297.6873466246403
5369,dummy-llama-30b-m,dummy-lora-7b-rank-64-0,615,6,297.70027982114806
5370,dummy-llama-30b-m,dummy-lora-7b-rank-128-4,448,44,297.71650577920997
5371,dummy-llama-30b-m,dummy-lora-7b-rank-8-3,217,53,297.7587672484213
5372,dummy-llama-30b-m,dummy-lora-7b-rank-128-3,186,13,297.76745332546926
5373,dummy-llama-30b-m,dummy-lora-7b-rank-64-1,484,223,297.79923174529546
5374,dummy-llama-30b-m,dummy-lora-7b-rank-64-4,277,51,297.8656940351367
5375,dummy-llama-30b-m,dummy-lora-7b-rank-8-2,649,9,297.9071340183686
5376,dummy-llama-30b-m,dummy-lora-7b-rank-64-2,224,39,297.98402645096684
5377,dummy-llama-30b-m,dummy-lora-7b-rank-32-3,721,12,298.12662196943006
5378,dummy-llama-30b-m,dummy-lora-7b-rank-32-4,217,6,298.2676480086999
5379,dummy-llama-30b-m,dummy-lora-7b-rank-64-3,384,48,298.3680594064414
5380,dummy-llama-30b-m,dummy-lora-7b-rank-32-0,696,50,298.37289266788713
5381,dummy-llama-30b-m,dummy-lora-7b-rank-8-2,566,27,298.38535840719584
5382,dummy-llama-30b-m,dummy-lora-7b-rank-32-2,194,42,298.4883351517824
5383,dummy-llama-30b-m,dummy-lora-7b-rank-16-0,609,19,298.53365064462486
5384,dummy-llama-30b-m,dummy-lora-7b-rank-32-1,603,29,298.5340162478718
5385,dummy-llama-30b-m,dummy-lora-7b-rank-128-4,173,31,298.5715223343721
5386,dummy-llama-30b-m,dummy-lora-7b-rank-32-1,419,48,298.5853512256513
5387,dummy-llama-30b-m,dummy-lora-7b-rank-64-2,365,7,298.61027105088516
5388,dummy-llama-30b-m,dummy-lora-7b-rank-8-0,490,168,298.68819563727067
5389,dummy-llama-30b-m,dummy-lora-7b-rank-32-0,582,74,298.74390310380033
5390,dummy-llama-30b-m,dummy-lora-7b-rank-16-1,270,39,298.74529144290995
5391,dummy-llama-30b-m,dummy-lora-7b-rank-128-0,325,19,298.8847956838704
5392,dummy-llama-30b-m,dummy-lora-7b-rank-16-0,421,50,298.89260634587623
5393,dummy-llama-30b-m,dummy-lora-7b-rank-8-2,588,18,298.9507442488581
5394,dummy-llama-30b-m,dummy-lora-7b-rank-64-2,543,8,298.99346176891993
5395,dummy-llama-30b-m,dummy-lora-7b-rank-128-3,62,109,299.0213058749778
5396,dummy-llama-30b-m,dummy-lora-7b-rank-8-3,54,40,299.20059723547
5397,dummy-llama-30b-m,dummy-lora-7b-rank-128-1,508,88,299.24775400476386
5398,dummy-llama-30b-m,dummy-lora-7b-rank-128-2,582,225,299.28369000678896
5399,dummy-llama-30b-m,dummy-lora-7b-rank-32-4,567,18,299.3314079220026
5400,dummy-llama-30b-m,dummy-lora-7b-rank-64-0,552,2,299.3819509970992
5401,dummy-llama-30b-m,dummy-lora-7b-rank-128-3,364,7,299.42172864005374
5402,dummy-llama-30b-m,dummy-lora-7b-rank-32-3,712,9,299.4366362924096
5403,dummy-llama-30b-m,dummy-lora-7b-rank-128-0,378,41,299.4779247505154
5404,dummy-llama-30b-m,dummy-lora-7b-rank-32-4,535,71,299.5626053835559
5405,dummy-llama-30b-m,dummy-lora-7b-rank-32-3,368,13,299.58492195194947
5406,dummy-llama-30b-m,dummy-lora-7b-rank-16-2,324,39,299.6144733337169
5407,dummy-llama-30b-m,dummy-lora-7b-rank-64-4,915,71,299.6213909615582
5408,dummy-llama-30b-m,dummy-lora-7b-rank-8-1,978,17,299.6693891951163
5409,dummy-llama-30b-m,dummy-lora-7b-rank-128-1,383,50,299.7862414888714
5410,dummy-llama-30b-m,dummy-lora-7b-rank-16-0,333,29,299.81685088215795
5411,dummy-llama-30b-m,dummy-lora-7b-rank-64-3,399,17,299.82095412599665
5412,dummy-llama-30b-m,dummy-lora-7b-rank-32-3,554,19,299.8638880381081
5413,dummy-llama-30b-m,dummy-lora-7b-rank-64-4,331,45,299.91655419600283
5414,dummy-llama-30b-m,dummy-lora-7b-rank-128-1,370,77,299.9838181442891
5415,dummy-llama-30b-m,dummy-lora-7b-rank-32-2,599,9,300.1238015434871
5416,dummy-llama-30b-m,dummy-lora-7b-rank-8-3,620,44,300.217245875952
5417,dummy-llama-30b-m,dummy-lora-7b-rank-64-2,193,154,300.2361826849359
5418,dummy-llama-30b-m,dummy-lora-7b-rank-64-1,615,19,300.29815262117654
5419,dummy-llama-30b-m,dummy-lora-7b-rank-64-3,455,34,300.4117986964461
5420,dummy-llama-30b-m,dummy-lora-7b-rank-8-4,556,21,300.48797253769004
5421,dummy-llama-30b-m,dummy-lora-7b-rank-8-3,294,53,300.4945805368904
5422,dummy-llama-30b-m,dummy-lora-7b-rank-64-1,636,39,300.50258169654023
5423,dummy-llama-30b-m,dummy-lora-7b-rank-128-2,548,17,300.51505850991066
5424,dummy-llama-30b-m,dummy-lora-7b-rank-16-3,56,88,300.6003237796234
5425,dummy-llama-30b-m,dummy-lora-7b-rank-32-1,105,2,300.6393106734784
5426,dummy-llama-30b-m,dummy-lora-7b-rank-128-0,237,109,300.8239334452812
5427,dummy-llama-30b-m,dummy-lora-7b-rank-128-0,604,2,300.8702254857503
5428,dummy-llama-30b-m,dummy-lora-7b-rank-32-4,390,60,300.8939307115668
5429,dummy-llama-30b-m,dummy-lora-7b-rank-32-0,84,49,300.9754432426273
5430,dummy-llama-30b-m,dummy-lora-7b-rank-8-4,230,44,300.9981227169566
5431,dummy-llama-30b-m,dummy-lora-7b-rank-8-3,927,12,301.14717679673004
5432,dummy-llama-30b-m,dummy-lora-7b-rank-64-2,599,17,301.2027271776079
5433,dummy-llama-30b-m,dummy-lora-7b-rank-8-3,597,68,301.2147795367851
5434,dummy-llama-30b-m,dummy-lora-7b-rank-128-1,554,20,301.3224378991992
5435,dummy-llama-30b-m,dummy-lora-7b-rank-32-4,552,19,301.35897595604496
5436,dummy-llama-30b-m,dummy-lora-7b-rank-64-4,562,24,301.3828269997864
5437,dummy-llama-30b-m,dummy-lora-7b-rank-16-0,709,43,301.47129772420664
5438,dummy-llama-30b-m,dummy-lora-7b-rank-16-4,752,100,301.4748425055288
5439,dummy-llama-30b-m,dummy-lora-7b-rank-8-0,566,27,301.4996120303321
5440,dummy-llama-30b-m,dummy-lora-7b-rank-16-4,101,54,301.5527088432321
5441,dummy-llama-30b-m,dummy-lora-7b-rank-128-3,559,11,301.71795020952277
5442,dummy-llama-30b-m,dummy-lora-7b-rank-16-3,362,44,301.89328421600607
5443,dummy-llama-30b-m,dummy-lora-7b-rank-64-1,577,4,302.03816432084426
5444,dummy-llama-30b-m,dummy-lora-7b-rank-16-3,676,3,302.08871688369334
5445,dummy-llama-30b-m,dummy-lora-7b-rank-8-2,144,52,302.1987995209731
5446,dummy-llama-30b-m,dummy-lora-7b-rank-64-0,960,8,302.2256071791986
5447,dummy-llama-30b-m,dummy-lora-7b-rank-64-0,577,5,302.2296788400033
5448,dummy-llama-30b-m,dummy-lora-7b-rank-32-3,613,21,302.2867173362201
5449,dummy-llama-30b-m,dummy-lora-7b-rank-8-0,597,16,302.45252583284014
5450,dummy-llama-30b-m,dummy-lora-7b-rank-16-1,252,45,302.4620743192848
5451,dummy-llama-30b-m,dummy-lora-7b-rank-128-2,864,44,302.49889777924864
5452,dummy-llama-30b-m,dummy-lora-7b-rank-128-3,124,39,302.5220461163975
5453,dummy-llama-30b-m,dummy-lora-7b-rank-32-1,562,24,302.52886562448685
5454,dummy-llama-30b-m,dummy-lora-7b-rank-8-0,329,47,302.83014689499475
5455,dummy-llama-30b-m,dummy-lora-7b-rank-8-0,630,79,302.88968635582137
5456,dummy-llama-30b-m,dummy-lora-7b-rank-16-4,133,41,302.96772877190784
5457,dummy-llama-30b-m,dummy-lora-7b-rank-32-3,356,17,302.9930558585197
5458,dummy-llama-30b-m,dummy-lora-7b-rank-32-4,550,67,303.0059814687489
5459,dummy-llama-30b-m,dummy-lora-7b-rank-32-1,684,48,303.0475073628308
5460,dummy-llama-30b-m,dummy-lora-7b-rank-8-2,909,137,303.23419428132684
5461,dummy-llama-30b-m,dummy-lora-7b-rank-128-3,434,9,303.30008038332363
5462,dummy-llama-30b-m,dummy-lora-7b-rank-16-1,632,58,303.43126750173076
5463,dummy-llama-30b-m,dummy-lora-7b-rank-8-4,592,56,303.50249978835757
5464,dummy-llama-30b-m,dummy-lora-7b-rank-64-2,461,46,303.5213299491065
5465,dummy-llama-30b-m,dummy-lora-7b-rank-128-2,163,71,303.55756391297354
5466,dummy-llama-30b-m,dummy-lora-7b-rank-128-1,833,38,303.57629416104885
5467,dummy-llama-30b-m,dummy-lora-7b-rank-64-2,558,36,303.61701489440213
5468,dummy-llama-30b-m,dummy-lora-7b-rank-16-1,269,71,303.6331741999189
5469,dummy-llama-30b-m,dummy-lora-7b-rank-64-4,269,69,303.8924313939125
5470,dummy-llama-30b-m,dummy-lora-7b-rank-128-2,792,15,303.98492494994406
5471,dummy-llama-30b-m,dummy-lora-7b-rank-32-3,599,17,304.018274101809
5472,dummy-llama-30b-m,dummy-lora-7b-rank-32-3,615,25,304.0549366311558
5473,dummy-llama-30b-m,dummy-lora-7b-rank-16-4,562,24,304.08679815722036
5474,dummy-llama-30b-m,dummy-lora-7b-rank-128-0,674,9,304.09099762988745
5475,dummy-llama-30b-m,dummy-lora-7b-rank-8-3,550,10,304.1054783068281
5476,dummy-llama-30b-m,dummy-lora-7b-rank-8-1,189,107,304.20326784600445
5477,dummy-llama-30b-m,dummy-lora-7b-rank-8-1,530,78,304.27457197846445
5478,dummy-llama-30b-m,dummy-lora-7b-rank-64-0,283,106,304.27581062921354
5479,dummy-llama-30b-m,dummy-lora-7b-rank-8-2,145,91,304.29577291594615
5480,dummy-llama-30b-m,dummy-lora-7b-rank-128-0,566,29,304.3651625251025
5481,dummy-llama-30b-m,dummy-lora-7b-rank-8-4,611,23,304.40955717161626
5482,dummy-llama-30b-m,dummy-lora-7b-rank-128-4,548,17,304.4182265925347
5483,dummy-llama-30b-m,dummy-lora-7b-rank-16-0,231,49,304.50528999657223
5484,dummy-llama-30b-m,dummy-lora-7b-rank-32-0,277,224,304.5849675755614
5485,dummy-llama-30b-m,dummy-lora-7b-rank-16-2,603,17,304.6433968171988
5486,dummy-llama-30b-m,dummy-lora-7b-rank-32-4,574,33,304.66769992751284
5487,dummy-llama-30b-m,dummy-lora-7b-rank-16-3,601,115,304.80555184198806
5488,dummy-llama-30b-m,dummy-lora-7b-rank-128-2,187,42,304.91785775580587
5489,dummy-llama-30b-m,dummy-lora-7b-rank-128-3,177,45,304.9501629669353
5490,dummy-llama-30b-m,dummy-lora-7b-rank-8-1,307,28,305.01651684439145
5491,dummy-llama-30b-m,dummy-lora-7b-rank-8-0,293,216,305.10603044992985
5492,dummy-llama-30b-m,dummy-lora-7b-rank-32-2,460,46,305.15153800980306
5493,dummy-llama-30b-m,dummy-lora-7b-rank-64-1,336,55,305.1899834539318
5494,dummy-llama-30b-m,dummy-lora-7b-rank-128-0,568,30,305.35017457825063
5495,dummy-llama-30b-m,dummy-lora-7b-rank-128-0,481,76,305.4497322267318
5496,dummy-llama-30b-m,dummy-lora-7b-rank-32-0,697,84,305.4875063331259
5497,dummy-llama-30b-m,dummy-lora-7b-rank-8-0,585,46,305.52184085280214
5498,dummy-llama-30b-m,dummy-lora-7b-rank-16-1,295,50,305.5338048509944
5499,dummy-llama-30b-m,dummy-lora-7b-rank-64-1,533,34,305.6170857338567
5500,dummy-llama-30b-m,dummy-lora-7b-rank-8-3,952,3,305.617707262483
5501,dummy-llama-30b-m,dummy-lora-7b-rank-8-3,354,53,305.63306646670407
5502,dummy-llama-30b-m,dummy-lora-7b-rank-32-3,409,67,305.64090327901437
5503,dummy-llama-30b-m,dummy-lora-7b-rank-32-3,487,96,305.6428443360462
5504,dummy-llama-30b-m,dummy-lora-7b-rank-8-2,289,45,305.6549903591241
5505,dummy-llama-30b-m,dummy-lora-7b-rank-32-1,253,49,305.7447326075619
5506,dummy-llama-30b-m,dummy-lora-7b-rank-32-1,484,48,305.8065410522948
5507,dummy-llama-30b-m,dummy-lora-7b-rank-16-4,564,28,305.8530374702905
5508,dummy-llama-30b-m,dummy-lora-7b-rank-8-2,457,6,305.9097632107721
5509,dummy-llama-30b-m,dummy-lora-7b-rank-32-2,315,66,305.91281404065387
5510,dummy-llama-30b-m,dummy-lora-7b-rank-128-2,767,18,306.01141027754636
5511,dummy-llama-30b-m,dummy-lora-7b-rank-128-2,598,17,306.0760512478755
5512,dummy-llama-30b-m,dummy-lora-7b-rank-16-3,514,96,306.23419435435306
5513,dummy-llama-30b-m,dummy-lora-7b-rank-64-4,552,11,306.2591077207511
5514,dummy-llama-30b-m,dummy-lora-7b-rank-8-0,667,7,306.27640845151416
5515,dummy-llama-30b-m,dummy-lora-7b-rank-64-1,603,13,306.39199830797435
5516,dummy-llama-30b-m,dummy-lora-7b-rank-128-1,551,49,306.40849401721044
5517,dummy-llama-30b-m,dummy-lora-7b-rank-16-4,244,47,306.52490564718846
5518,dummy-llama-30b-m,dummy-lora-7b-rank-128-0,550,18,306.56106630618274
5519,dummy-llama-30b-m,dummy-lora-7b-rank-8-1,245,5,306.5703248059443
5520,dummy-llama-30b-m,dummy-lora-7b-rank-128-4,635,26,306.60733441344763
5521,dummy-llama-30b-m,dummy-lora-7b-rank-32-2,107,2,306.6634175324147
5522,dummy-llama-30b-m,dummy-lora-7b-rank-128-2,517,7,306.6637922732439
5523,dummy-llama-30b-m,dummy-lora-7b-rank-64-2,766,55,306.71107539938293
5524,dummy-llama-30b-m,dummy-lora-7b-rank-32-2,260,53,306.87088451543667
5525,dummy-llama-30b-m,dummy-lora-7b-rank-128-1,574,33,306.89125809461996
5526,dummy-llama-30b-m,dummy-lora-7b-rank-64-1,583,21,306.90357686916553
5527,dummy-llama-30b-m,dummy-lora-7b-rank-64-3,546,11,307.00429052298074
5528,dummy-llama-30b-m,dummy-lora-7b-rank-128-3,687,37,307.0203921299493
5529,dummy-llama-30b-m,dummy-lora-7b-rank-16-4,158,26,307.0267117888922
5530,dummy-llama-30b-m,dummy-lora-7b-rank-32-4,815,56,307.04060835875504
5531,dummy-llama-30b-m,dummy-lora-7b-rank-128-1,764,34,307.11690051029996
5532,dummy-llama-30b-m,dummy-lora-7b-rank-32-2,568,28,307.1375590680945
5533,dummy-llama-30b-m,dummy-lora-7b-rank-16-1,877,171,307.17396982557347
5534,dummy-llama-30b-m,dummy-lora-7b-rank-64-4,570,33,307.2362291327567
5535,dummy-llama-30b-m,dummy-lora-7b-rank-8-0,611,9,307.2447526899035
5536,dummy-llama-30b-m,dummy-lora-7b-rank-128-1,141,45,307.2450710965741
5537,dummy-llama-30b-m,dummy-lora-7b-rank-8-1,115,36,307.25358571732335
5538,dummy-llama-30b-m,dummy-lora-7b-rank-16-3,364,43,307.2725547452185
5539,dummy-llama-30b-m,dummy-lora-7b-rank-128-0,548,17,307.421467866567
5540,dummy-llama-30b-m,dummy-lora-7b-rank-8-4,576,11,307.45770619153495
5541,dummy-llama-30b-m,dummy-lora-7b-rank-64-2,623,29,307.4669717619851
5542,dummy-llama-30b-m,dummy-lora-7b-rank-32-3,398,41,307.4917053380745
5543,dummy-llama-30b-m,dummy-lora-7b-rank-128-1,768,30,307.6050356362173
5544,dummy-llama-30b-m,dummy-lora-7b-rank-16-3,343,52,307.6505683936017
5545,dummy-llama-30b-m,dummy-lora-7b-rank-64-1,580,2,307.6744335965211
5546,dummy-llama-30b-m,dummy-lora-7b-rank-32-3,550,18,307.69613742466595
5547,dummy-llama-30b-m,dummy-lora-7b-rank-128-2,548,17,307.7537602463116
5548,dummy-llama-30b-m,dummy-lora-7b-rank-64-3,189,48,307.8092648115843
5549,dummy-llama-30b-m,dummy-lora-7b-rank-32-3,394,44,307.8180781624571
5550,dummy-llama-30b-m,dummy-lora-7b-rank-64-3,218,102,307.8720960305675
5551,dummy-llama-30b-m,dummy-lora-7b-rank-64-4,288,160,307.881140719943
5552,dummy-llama-30b-m,dummy-lora-7b-rank-64-0,375,8,307.95909061518825
5553,dummy-llama-30b-m,dummy-lora-7b-rank-128-3,410,10,308.0624194512259
5554,dummy-llama-30b-m,dummy-lora-7b-rank-8-4,221,55,308.1251589051472
5555,dummy-llama-30b-m,dummy-lora-7b-rank-16-3,558,23,308.1572281201659
5556,dummy-llama-30b-m,dummy-lora-7b-rank-128-0,313,51,308.25564898151833
5557,dummy-llama-30b-m,dummy-lora-7b-rank-128-2,287,110,308.2855981819585
5558,dummy-llama-30b-m,dummy-lora-7b-rank-16-3,388,11,308.3348054050736
5559,dummy-llama-30b-m,dummy-lora-7b-rank-32-1,568,29,308.3441274124416
5560,dummy-llama-30b-m,dummy-lora-7b-rank-128-0,576,31,308.390494054352
5561,dummy-llama-30b-m,dummy-lora-7b-rank-64-0,117,59,308.45645192982704
5562,dummy-llama-30b-m,dummy-lora-7b-rank-64-0,617,8,308.5088563572324
5563,dummy-llama-30b-m,dummy-lora-7b-rank-32-2,207,51,308.5249049501468
5564,dummy-llama-30b-m,dummy-lora-7b-rank-8-3,377,58,308.5665847853267
5565,dummy-llama-30b-m,dummy-lora-7b-rank-128-1,528,9,308.5726050401925
5566,dummy-llama-30b-m,dummy-lora-7b-rank-32-3,136,36,308.6028370728932
5567,dummy-llama-30b-m,dummy-lora-7b-rank-16-3,405,6,308.61048637136304
5568,dummy-llama-30b-m,dummy-lora-7b-rank-32-4,813,12,308.6778992185945
5569,dummy-llama-30b-m,dummy-lora-7b-rank-8-3,237,55,308.7150273126285
5570,dummy-llama-30b-m,dummy-lora-7b-rank-64-4,593,36,308.75985235913424
5571,dummy-llama-30b-m,dummy-lora-7b-rank-32-4,611,25,308.7766367228442
5572,dummy-llama-30b-m,dummy-lora-7b-rank-16-1,283,74,308.8485129940653
5573,dummy-llama-30b-m,dummy-lora-7b-rank-128-0,851,11,308.87190810300467
5574,dummy-llama-30b-m,dummy-lora-7b-rank-8-3,366,42,308.882451086292
5575,dummy-llama-30b-m,dummy-lora-7b-rank-128-2,503,6,308.8982850435737
5576,dummy-llama-30b-m,dummy-lora-7b-rank-64-2,556,22,308.96291280447014
5577,dummy-llama-30b-m,dummy-lora-7b-rank-64-4,471,54,308.9647981035774
5578,dummy-llama-30b-m,dummy-lora-7b-rank-16-3,244,7,309.0926468651523
5579,dummy-llama-30b-m,dummy-lora-7b-rank-8-1,184,39,309.14821061476243
5580,dummy-llama-30b-m,dummy-lora-7b-rank-16-3,115,19,309.20084544871804
5581,dummy-llama-30b-m,dummy-lora-7b-rank-16-2,426,11,309.263175161121
5582,dummy-llama-30b-m,dummy-lora-7b-rank-128-1,558,22,309.28537303064866
5583,dummy-llama-30b-m,dummy-lora-7b-rank-128-2,517,8,309.34107009152996
5584,dummy-llama-30b-m,dummy-lora-7b-rank-128-4,556,22,309.3725613231886
5585,dummy-llama-30b-m,dummy-lora-7b-rank-128-4,603,19,309.41421504501164
5586,dummy-llama-30b-m,dummy-lora-7b-rank-8-0,128,46,309.425277521998
5587,dummy-llama-30b-m,dummy-lora-7b-rank-64-0,499,184,309.4319355273559
5588,dummy-llama-30b-m,dummy-lora-7b-rank-64-3,694,22,309.64392469934876
5589,dummy-llama-30b-m,dummy-lora-7b-rank-64-2,558,24,309.644132242835
5590,dummy-llama-30b-m,dummy-lora-7b-rank-16-0,536,9,309.6869175722401
5591,dummy-llama-30b-m,dummy-lora-7b-rank-32-0,627,33,309.7151786393772
5592,dummy-llama-30b-m,dummy-lora-7b-rank-8-2,604,4,309.752838578084
5593,dummy-llama-30b-m,dummy-lora-7b-rank-16-1,649,45,309.7713432897708
5594,dummy-llama-30b-m,dummy-lora-7b-rank-128-0,753,9,309.79790943929584
5595,dummy-llama-30b-m,dummy-lora-7b-rank-8-0,149,38,309.90577408213073
5596,dummy-llama-30b-m,dummy-lora-7b-rank-16-0,251,52,309.91435956731056
5597,dummy-llama-30b-m,dummy-lora-7b-rank-32-0,615,25,309.9252698894106
5598,dummy-llama-30b-m,dummy-lora-7b-rank-16-2,428,55,309.93601186523205
5599,dummy-llama-30b-m,dummy-lora-7b-rank-8-4,847,86,310.07988404324857
5600,dummy-llama-30b-m,dummy-lora-7b-rank-32-4,763,10,310.1072584366073
5601,dummy-llama-30b-m,dummy-lora-7b-rank-32-0,251,58,310.1098330257615
5602,dummy-llama-30b-m,dummy-lora-7b-rank-8-2,411,52,310.1213569009331
5603,dummy-llama-30b-m,dummy-lora-7b-rank-128-1,570,30,310.17661167019617
5604,dummy-llama-30b-m,dummy-lora-7b-rank-16-2,625,33,310.1783678004713
5605,dummy-llama-30b-m,dummy-lora-7b-rank-32-2,221,106,310.198279026885
5606,dummy-llama-30b-m,dummy-lora-7b-rank-32-3,808,71,310.20978937360053
5607,dummy-llama-30b-m,dummy-lora-7b-rank-32-2,325,107,310.2513600133654
5608,dummy-llama-30b-m,dummy-lora-7b-rank-16-4,473,46,310.3154527338287
5609,dummy-llama-30b-m,dummy-lora-7b-rank-128-1,589,55,310.3970151800602
5610,dummy-llama-30b-m,dummy-lora-7b-rank-128-2,368,45,310.43934360877597
5611,dummy-llama-30b-m,dummy-lora-7b-rank-64-1,409,64,310.5051117117186
5612,dummy-llama-30b-m,dummy-lora-7b-rank-16-4,62,50,310.50649878350555
5613,dummy-llama-30b-m,dummy-lora-7b-rank-16-4,512,43,310.56986922864405
5614,dummy-llama-30b-m,dummy-lora-7b-rank-8-1,296,6,310.6322831143528
5615,dummy-llama-30b-m,dummy-lora-7b-rank-64-0,511,7,310.66050132593375
5616,dummy-llama-30b-m,dummy-lora-7b-rank-32-1,436,52,310.67601298209087
5617,dummy-llama-30b-m,dummy-lora-7b-rank-8-0,558,22,310.71411835512407
5618,dummy-llama-30b-m,dummy-lora-7b-rank-128-1,335,12,310.7376874020464
5619,dummy-llama-30b-m,dummy-lora-7b-rank-64-1,548,17,310.8237790099668
5620,dummy-llama-30b-m,dummy-lora-7b-rank-32-0,260,59,310.8439284417333
5621,dummy-llama-30b-m,dummy-lora-7b-rank-8-4,455,53,310.84497658526686
5622,dummy-llama-30b-m,dummy-lora-7b-rank-8-0,613,6,310.98816199791935
5623,dummy-llama-30b-m,dummy-lora-7b-rank-64-0,253,46,310.98833745166195
5624,dummy-llama-30b-m,dummy-lora-7b-rank-32-3,499,10,311.0080922786437
5625,dummy-llama-30b-m,dummy-lora-7b-rank-8-2,601,17,311.0218062743488
5626,dummy-llama-30b-m,dummy-lora-7b-rank-64-4,801,71,311.0250801462519
5627,dummy-llama-30b-m,dummy-lora-7b-rank-32-3,296,144,311.09786393655486
5628,dummy-llama-30b-m,dummy-lora-7b-rank-128-0,558,22,311.2219671984594
5629,dummy-llama-30b-m,dummy-lora-7b-rank-128-1,488,11,311.23526059286905
5630,dummy-llama-30b-m,dummy-lora-7b-rank-64-3,548,17,311.2959949093429
5631,dummy-llama-30b-m,dummy-lora-7b-rank-8-2,296,44,311.37516837869583
5632,dummy-llama-30b-m,dummy-lora-7b-rank-64-2,317,15,311.3760761287188
5633,dummy-llama-30b-m,dummy-lora-7b-rank-128-4,565,27,311.45406601205553
5634,dummy-llama-30b-m,dummy-lora-7b-rank-128-0,1010,45,311.5192430290193
5635,dummy-llama-30b-m,dummy-lora-7b-rank-64-2,129,57,311.54644353585405
5636,dummy-llama-30b-m,dummy-lora-7b-rank-64-2,558,24,311.6127771269899
5637,dummy-llama-30b-m,dummy-lora-7b-rank-64-1,834,12,311.72588418827905
5638,dummy-llama-30b-m,dummy-lora-7b-rank-8-2,607,3,311.8106572884096
5639,dummy-llama-30b-m,dummy-lora-7b-rank-64-3,394,6,311.8131426589609
5640,dummy-llama-30b-m,dummy-lora-7b-rank-32-3,332,9,311.8418485678331
5641,dummy-llama-30b-m,dummy-lora-7b-rank-128-1,54,76,311.8468499125007
5642,dummy-llama-30b-m,dummy-lora-7b-rank-8-3,172,50,311.96509296692733
5643,dummy-llama-30b-m,dummy-lora-7b-rank-32-1,170,53,312.064313402671
5644,dummy-llama-30b-m,dummy-lora-7b-rank-8-1,388,92,312.1748113688986
5645,dummy-llama-30b-m,dummy-lora-7b-rank-32-0,202,46,312.2044815518371
5646,dummy-llama-30b-m,dummy-lora-7b-rank-128-1,349,11,312.2928244724691
5647,dummy-llama-30b-m,dummy-lora-7b-rank-16-2,556,23,312.30779883561826
5648,dummy-llama-30b-m,dummy-lora-7b-rank-64-3,346,14,312.3792056863021
5649,dummy-llama-30b-m,dummy-lora-7b-rank-8-4,548,17,312.46319417584783
5650,dummy-llama-30b-m,dummy-lora-7b-rank-16-4,402,15,312.50006029139803
5651,dummy-llama-30b-m,dummy-lora-7b-rank-32-2,693,32,312.5025663006428
5652,dummy-llama-30b-m,dummy-lora-7b-rank-64-2,725,51,312.63148012310353
5653,dummy-llama-30b-m,dummy-lora-7b-rank-128-1,654,10,312.6392639519341
5654,dummy-llama-30b-m,dummy-lora-7b-rank-16-4,242,55,312.64171131774384
5655,dummy-llama-30b-m,dummy-lora-7b-rank-128-2,572,30,312.65840032365566
5656,dummy-llama-30b-m,dummy-lora-7b-rank-16-0,633,20,312.66983547457636
5657,dummy-llama-30b-m,dummy-lora-7b-rank-16-4,430,14,312.7381671824596
5658,dummy-llama-30b-m,dummy-lora-7b-rank-64-1,848,13,312.8906815917804
5659,dummy-llama-30b-m,dummy-lora-7b-rank-16-4,574,32,312.9173639577728
5660,dummy-llama-30b-m,dummy-lora-7b-rank-8-1,554,20,312.9987494411872
5661,dummy-llama-30b-m,dummy-lora-7b-rank-8-2,761,14,313.00141828848206
5662,dummy-llama-30b-m,dummy-lora-7b-rank-128-3,325,38,313.0075410875015
5663,dummy-llama-30b-m,dummy-lora-7b-rank-64-1,440,47,313.10744467844904
5664,dummy-llama-30b-m,dummy-lora-7b-rank-32-1,206,142,313.1564347702192
5665,dummy-llama-30b-m,dummy-lora-7b-rank-64-2,340,6,313.18685545808177
5666,dummy-llama-30b-m,dummy-lora-7b-rank-128-0,449,7,313.223084012922
5667,dummy-llama-30b-m,dummy-lora-7b-rank-64-1,566,23,313.3729742220571
5668,dummy-llama-30b-m,dummy-lora-7b-rank-16-3,603,19,313.3940124613358
5669,dummy-llama-30b-m,dummy-lora-7b-rank-128-1,488,37,313.39638377775617
5670,dummy-llama-30b-m,dummy-lora-7b-rank-128-0,601,20,313.446858130435
5671,dummy-llama-30b-m,dummy-lora-7b-rank-128-3,629,94,313.5100358402664
5672,dummy-llama-30b-m,dummy-lora-7b-rank-128-1,296,43,313.54703775941044
5673,dummy-llama-30b-m,dummy-lora-7b-rank-128-4,1014,53,313.54777781715376
5674,dummy-llama-30b-m,dummy-lora-7b-rank-128-1,550,18,313.5716942464043
5675,dummy-llama-30b-m,dummy-lora-7b-rank-128-3,556,20,313.6168380391647
5676,dummy-llama-30b-m,dummy-lora-7b-rank-8-2,295,48,313.641598742535
5677,dummy-llama-30b-m,dummy-lora-7b-rank-16-0,401,5,313.66016721939826
5678,dummy-llama-30b-m,dummy-lora-7b-rank-128-2,790,11,313.70991747638124
5679,dummy-llama-30b-m,dummy-lora-7b-rank-64-2,399,48,313.7804757494096
5680,dummy-llama-30b-m,dummy-lora-7b-rank-32-3,887,76,313.8062033559301
5681,dummy-llama-30b-m,dummy-lora-7b-rank-8-0,364,41,313.87415903259847
5682,dummy-llama-30b-m,dummy-lora-7b-rank-128-3,546,16,313.9421985550421
5683,dummy-llama-30b-m,dummy-lora-7b-rank-16-0,554,20,314.0821890025455
5684,dummy-llama-30b-m,dummy-lora-7b-rank-32-1,85,42,314.13432727444024
5685,dummy-llama-30b-m,dummy-lora-7b-rank-64-4,570,9,314.13851325799544
5686,dummy-llama-30b-m,dummy-lora-7b-rank-16-4,907,3,314.1945983259415
5687,dummy-llama-30b-m,dummy-lora-7b-rank-128-1,171,37,314.208079294774
5688,dummy-llama-30b-m,dummy-lora-7b-rank-32-2,531,50,314.26539172530926
5689,dummy-llama-30b-m,dummy-lora-7b-rank-32-1,470,8,314.4328017168809
5690,dummy-llama-30b-m,dummy-lora-7b-rank-16-2,590,28,314.69694119563763
5691,dummy-llama-30b-m,dummy-lora-7b-rank-8-1,562,25,314.7598915760221
5692,dummy-llama-30b-m,dummy-lora-7b-rank-64-0,556,23,314.7741932072685
5693,dummy-llama-30b-m,dummy-lora-7b-rank-128-0,605,15,314.7773985690139
5694,dummy-llama-30b-m,dummy-lora-7b-rank-16-4,312,15,314.78588018426694
5695,dummy-llama-30b-m,dummy-lora-7b-rank-16-3,423,8,314.8393575947192
5696,dummy-llama-30b-m,dummy-lora-7b-rank-128-0,576,35,314.8734826596565
5697,dummy-llama-30b-m,dummy-lora-7b-rank-8-1,611,22,314.9262593916069
5698,dummy-llama-30b-m,dummy-lora-7b-rank-8-3,558,18,314.9657672941941
5699,dummy-llama-30b-m,dummy-lora-7b-rank-128-3,107,34,315.1411520011658
5700,dummy-llama-30b-m,dummy-lora-7b-rank-64-0,662,11,315.17289625399485
5701,dummy-llama-30b-m,dummy-lora-7b-rank-16-2,493,11,315.20307909060955
5702,dummy-llama-30b-m,dummy-lora-7b-rank-32-2,940,48,315.2284754154406
5703,dummy-llama-30b-m,dummy-lora-7b-rank-128-3,493,73,315.26387744818294
5704,dummy-llama-30b-m,dummy-lora-7b-rank-32-1,404,81,315.52031222438734
5705,dummy-llama-30b-m,dummy-lora-7b-rank-8-3,887,3,315.57321007826175
5706,dummy-llama-30b-m,dummy-lora-7b-rank-16-4,171,47,315.6423592618774
5707,dummy-llama-30b-m,dummy-lora-7b-rank-8-3,257,6,315.6796205409489
5708,dummy-llama-30b-m,dummy-lora-7b-rank-8-0,323,88,315.7259546187661
5709,dummy-llama-30b-m,dummy-lora-7b-rank-128-4,538,11,315.741807061194
5710,dummy-llama-30b-m,dummy-lora-7b-rank-32-3,529,64,315.7475365735666
5711,dummy-llama-30b-m,dummy-lora-7b-rank-16-4,609,7,315.7575014135863
5712,dummy-llama-30b-m,dummy-lora-7b-rank-128-4,599,17,315.84208607020366
5713,dummy-llama-30b-m,dummy-lora-7b-rank-16-3,431,64,315.93495389054897
5714,dummy-llama-30b-m,dummy-lora-7b-rank-32-1,552,19,316.0280541373769
5715,dummy-llama-30b-m,dummy-lora-7b-rank-16-0,532,16,316.08394058897693
5716,dummy-llama-30b-m,dummy-lora-7b-rank-8-1,376,12,316.4685312906359
5717,dummy-llama-30b-m,dummy-lora-7b-rank-128-4,285,88,316.51213046944565
5718,dummy-llama-30b-m,dummy-lora-7b-rank-128-3,209,49,316.5441092206495
5719,dummy-llama-30b-m,dummy-lora-7b-rank-8-3,501,14,316.5855572415919
5720,dummy-llama-30b-m,dummy-lora-7b-rank-8-3,552,12,316.6266112822715
5721,dummy-llama-30b-m,dummy-lora-7b-rank-16-3,217,3,316.6863014542485
5722,dummy-llama-30b-m,dummy-lora-7b-rank-16-1,556,13,316.7979571081694
5723,dummy-llama-30b-m,dummy-lora-7b-rank-64-3,297,45,316.81446766446703
5724,dummy-llama-30b-m,dummy-lora-7b-rank-16-2,607,11,316.8235608662966
5725,dummy-llama-30b-m,dummy-lora-7b-rank-16-0,203,43,316.84013789475557
5726,dummy-llama-30b-m,dummy-lora-7b-rank-64-0,797,7,316.88767012744813
5727,dummy-llama-30b-m,dummy-lora-7b-rank-64-2,941,6,317.0335524606313
5728,dummy-llama-30b-m,dummy-lora-7b-rank-64-3,525,47,317.0663907340178
5729,dummy-llama-30b-m,dummy-lora-7b-rank-32-1,185,3,317.069442612172
5730,dummy-llama-30b-m,dummy-lora-7b-rank-32-0,525,11,317.1389139777306
5731,dummy-llama-30b-m,dummy-lora-7b-rank-32-1,580,30,317.14615202791055
5732,dummy-llama-30b-m,dummy-lora-7b-rank-8-2,441,8,317.1705577590662
5733,dummy-llama-30b-m,dummy-lora-7b-rank-16-4,556,24,317.1775885210314
5734,dummy-llama-30b-m,dummy-lora-7b-rank-8-1,652,102,317.46574984917754
5735,dummy-llama-30b-m,dummy-lora-7b-rank-128-0,429,42,317.47908268175365
5736,dummy-llama-30b-m,dummy-lora-7b-rank-64-2,55,88,317.61783775220704
5737,dummy-llama-30b-m,dummy-lora-7b-rank-128-1,269,9,317.8095019152577
5738,dummy-llama-30b-m,dummy-lora-7b-rank-128-1,407,58,317.81518003397207
5739,dummy-llama-30b-m,dummy-lora-7b-rank-32-1,552,19,317.8157659730698
5740,dummy-llama-30b-m,dummy-lora-7b-rank-8-3,66,120,317.92061501209935
5741,dummy-llama-30b-m,dummy-lora-7b-rank-8-4,782,61,318.0772894689295
5742,dummy-llama-30b-m,dummy-lora-7b-rank-16-3,744,119,318.08935390479706
5743,dummy-llama-30b-m,dummy-lora-7b-rank-32-0,341,43,318.1010054444009
5744,dummy-llama-30b-m,dummy-lora-7b-rank-16-1,554,20,318.1154953470819
5745,dummy-llama-30b-m,dummy-lora-7b-rank-16-1,121,22,318.1330987701706
5746,dummy-llama-30b-m,dummy-lora-7b-rank-64-3,562,211,318.1409255136831
5747,dummy-llama-30b-m,dummy-lora-7b-rank-16-1,919,3,318.1545770491502
5748,dummy-llama-30b-m,dummy-lora-7b-rank-8-3,437,49,318.1673052633158
5749,dummy-llama-30b-m,dummy-lora-7b-rank-8-0,821,75,318.2178056042195
5750,dummy-llama-30b-m,dummy-lora-7b-rank-16-1,197,46,318.25054807590493
5751,dummy-llama-30b-m,dummy-lora-7b-rank-64-4,389,54,318.35638478342366
5752,dummy-llama-30b-m,dummy-lora-7b-rank-32-3,499,71,318.3696202984712
5753,dummy-llama-30b-m,dummy-lora-7b-rank-16-4,769,22,318.38030949377304
5754,dummy-llama-30b-m,dummy-lora-7b-rank-16-3,572,30,318.38797894035497
5755,dummy-llama-30b-m,dummy-lora-7b-rank-128-3,562,22,318.4967673274946
5756,dummy-llama-30b-m,dummy-lora-7b-rank-8-2,343,53,318.50922804360863
5757,dummy-llama-30b-m,dummy-lora-7b-rank-16-3,547,11,318.51205573635076
5758,dummy-llama-30b-m,dummy-lora-7b-rank-32-1,604,19,318.6527302931685
5759,dummy-llama-30b-m,dummy-lora-7b-rank-32-4,56,44,318.7025431403107
5760,dummy-llama-30b-m,dummy-lora-7b-rank-64-2,641,31,318.70294000057754
5761,dummy-llama-30b-m,dummy-lora-7b-rank-16-0,158,44,318.73774799418294
5762,dummy-llama-30b-m,dummy-lora-7b-rank-32-2,570,32,318.8300552077688
5763,dummy-llama-30b-m,dummy-lora-7b-rank-8-1,397,97,318.9076392839112
5764,dummy-llama-30b-m,dummy-lora-7b-rank-128-2,533,10,319.054056888498
5765,dummy-llama-30b-m,dummy-lora-7b-rank-64-1,540,10,319.07457630169563
5766,dummy-llama-30b-m,dummy-lora-7b-rank-8-3,247,45,319.10142279906637
5767,dummy-llama-30b-m,dummy-lora-7b-rank-16-4,385,49,319.10260329950125
5768,dummy-llama-30b-m,dummy-lora-7b-rank-8-0,381,36,319.14252389568526
5769,dummy-llama-30b-m,dummy-lora-7b-rank-128-1,387,8,319.15142648839617
5770,dummy-llama-30b-m,dummy-lora-7b-rank-128-1,193,89,319.168401825393
5771,dummy-llama-30b-m,dummy-lora-7b-rank-16-2,178,42,319.2933970271161
5772,dummy-llama-30b-m,dummy-lora-7b-rank-64-4,571,90,319.32811868631154
5773,dummy-llama-30b-m,dummy-lora-7b-rank-32-1,596,9,319.4429292370837
5774,dummy-llama-30b-m,dummy-lora-7b-rank-64-0,403,11,319.47013329214866
5775,dummy-llama-30b-m,dummy-lora-7b-rank-32-2,594,15,319.52030150013724
5776,dummy-llama-30b-m,dummy-lora-7b-rank-64-0,941,37,319.52462701928715
5777,dummy-llama-30b-m,dummy-lora-7b-rank-128-0,91,34,319.6176415787924
5778,dummy-llama-30b-m,dummy-lora-7b-rank-128-0,885,38,319.6316700724526
5779,dummy-llama-30b-m,dummy-lora-7b-rank-32-3,306,39,319.67080439431913
5780,dummy-llama-30b-m,dummy-lora-7b-rank-32-0,61,57,319.72458214139687
5781,dummy-llama-30b-m,dummy-lora-7b-rank-8-1,607,21,319.8295444455426
5782,dummy-llama-30b-m,dummy-lora-7b-rank-8-0,561,18,320.0796752145358
5783,dummy-llama-30b-m,dummy-lora-7b-rank-128-2,660,57,320.0955068079902
5784,dummy-llama-30b-m,dummy-lora-7b-rank-8-1,456,45,320.1017031261253
5785,dummy-llama-30b-m,dummy-lora-7b-rank-128-1,291,13,320.121580374873
5786,dummy-llama-30b-m,dummy-lora-7b-rank-128-0,152,43,320.15802112289964
5787,dummy-llama-30b-m,dummy-lora-7b-rank-32-2,617,26,320.17062940909386
5788,dummy-llama-30b-m,dummy-lora-7b-rank-16-0,229,22,320.2274864136453
5789,dummy-llama-30b-m,dummy-lora-7b-rank-32-2,142,48,320.28738896798365
5790,dummy-llama-30b-m,dummy-lora-7b-rank-128-1,305,38,320.3307034259659
5791,dummy-llama-30b-m,dummy-lora-7b-rank-128-4,328,41,320.3557826844664
5792,dummy-llama-30b-m,dummy-lora-7b-rank-16-2,538,37,320.3910040965994
5793,dummy-llama-30b-m,dummy-lora-7b-rank-16-0,341,142,320.43556886814395
5794,dummy-llama-30b-m,dummy-lora-7b-rank-8-3,466,60,320.45918729827076
5795,dummy-llama-30b-m,dummy-lora-7b-rank-128-1,548,8,320.5063122652973
5796,dummy-llama-30b-m,dummy-lora-7b-rank-64-2,554,20,320.5298701509594
5797,dummy-llama-30b-m,dummy-lora-7b-rank-32-3,584,18,320.61180493842284
5798,dummy-llama-30b-m,dummy-lora-7b-rank-64-1,523,54,320.6811377232249
5799,dummy-llama-30b-m,dummy-lora-7b-rank-32-3,292,37,320.76430565247614
5800,dummy-llama-30b-m,dummy-lora-7b-rank-8-0,249,133,320.8285119495715
5801,dummy-llama-30b-m,dummy-lora-7b-rank-16-1,558,23,320.84760620686393
5802,dummy-llama-30b-m,dummy-lora-7b-rank-32-2,359,39,320.93535369629114
5803,dummy-llama-30b-m,dummy-lora-7b-rank-16-1,566,18,320.943479264804
5804,dummy-llama-30b-m,dummy-lora-7b-rank-64-1,636,10,320.9597857961273
5805,dummy-llama-30b-m,dummy-lora-7b-rank-32-3,603,19,320.99986255035736
5806,dummy-llama-30b-m,dummy-lora-7b-rank-16-4,572,30,321.0604983889177
5807,dummy-llama-30b-m,dummy-lora-7b-rank-32-2,954,108,321.1050439404246
5808,dummy-llama-30b-m,dummy-lora-7b-rank-128-3,540,40,321.11209407586847
5809,dummy-llama-30b-m,dummy-lora-7b-rank-8-0,805,102,321.20829356670265
5810,dummy-llama-30b-m,dummy-lora-7b-rank-8-4,964,17,321.23251170682215
5811,dummy-llama-30b-m,dummy-lora-7b-rank-128-1,477,5,321.3527696815957
5812,dummy-llama-30b-m,dummy-lora-7b-rank-8-2,176,152,321.39140037676077
5813,dummy-llama-30b-m,dummy-lora-7b-rank-32-0,310,41,321.4282611701276
5814,dummy-llama-30b-m,dummy-lora-7b-rank-128-1,552,21,321.4999258156528
5815,dummy-llama-30b-m,dummy-lora-7b-rank-32-2,450,47,321.5048257586684
5816,dummy-llama-30b-m,dummy-lora-7b-rank-128-0,241,62,321.6485238429247
5817,dummy-llama-30b-m,dummy-lora-7b-rank-8-0,990,38,321.67651207832137
5818,dummy-llama-30b-m,dummy-lora-7b-rank-8-4,305,119,321.6851953040468
5819,dummy-llama-30b-m,dummy-lora-7b-rank-128-0,560,14,321.6859635314265
5820,dummy-llama-30b-m,dummy-lora-7b-rank-8-4,755,10,321.74395298874896
5821,dummy-llama-30b-m,dummy-lora-7b-rank-64-1,558,22,321.7468212374403
5822,dummy-llama-30b-m,dummy-lora-7b-rank-16-3,978,62,321.80190429368366
5823,dummy-llama-30b-m,dummy-lora-7b-rank-8-2,470,50,321.9664606128905
5824,dummy-llama-30b-m,dummy-lora-7b-rank-32-2,479,38,322.06956133385523
5825,dummy-llama-30b-m,dummy-lora-7b-rank-32-0,472,50,322.0805007188515
5826,dummy-llama-30b-m,dummy-lora-7b-rank-128-1,311,226,322.11630383533833
5827,dummy-llama-30b-m,dummy-lora-7b-rank-64-0,611,22,322.13073901344455
5828,dummy-llama-30b-m,dummy-lora-7b-rank-8-1,579,59,322.16769568022124
5829,dummy-llama-30b-m,dummy-lora-7b-rank-128-3,770,89,322.3339727151203
5830,dummy-llama-30b-m,dummy-lora-7b-rank-128-0,659,42,322.3482112628837
5831,dummy-llama-30b-m,dummy-lora-7b-rank-16-2,809,31,322.3563847610216
5832,dummy-llama-30b-m,dummy-lora-7b-rank-64-2,548,17,322.3621387855866
5833,dummy-llama-30b-m,dummy-lora-7b-rank-64-1,503,5,322.4015478742365
5834,dummy-llama-30b-m,dummy-lora-7b-rank-32-3,224,53,322.5279043240783
5835,dummy-llama-30b-m,dummy-lora-7b-rank-64-0,497,4,322.817617301985
5836,dummy-llama-30b-m,dummy-lora-7b-rank-32-4,568,31,322.81944268345245
5837,dummy-llama-30b-m,dummy-lora-7b-rank-64-3,562,24,322.9146703842634
5838,dummy-llama-30b-m,dummy-lora-7b-rank-16-4,227,50,322.9184398891036
5839,dummy-llama-30b-m,dummy-lora-7b-rank-16-2,315,7,322.92659885010124
5840,dummy-llama-30b-m,dummy-lora-7b-rank-32-3,459,65,322.9417553354295
5841,dummy-llama-30b-m,dummy-lora-7b-rank-32-2,472,53,322.9540934455982
5842,dummy-llama-30b-m,dummy-lora-7b-rank-128-4,665,50,323.0211208320241
5843,dummy-llama-30b-m,dummy-lora-7b-rank-16-4,570,90,323.0638984627855
5844,dummy-llama-30b-m,dummy-lora-7b-rank-32-4,705,9,323.1452552629929
5845,dummy-llama-30b-m,dummy-lora-7b-rank-16-0,511,5,323.19750875489865
5846,dummy-llama-30b-m,dummy-lora-7b-rank-16-0,671,82,323.24054496190234
5847,dummy-llama-30b-m,dummy-lora-7b-rank-128-1,372,41,323.347658839033
5848,dummy-llama-30b-m,dummy-lora-7b-rank-32-0,576,34,323.3500981865813
5849,dummy-llama-30b-m,dummy-lora-7b-rank-16-4,644,11,323.48157176952714
5850,dummy-llama-30b-m,dummy-lora-7b-rank-8-3,669,94,323.526091986059
5851,dummy-llama-30b-m,dummy-lora-7b-rank-32-2,691,14,323.5751018880914
5852,dummy-llama-30b-m,dummy-lora-7b-rank-32-4,621,25,323.60633461754986
5853,dummy-llama-30b-m,dummy-lora-7b-rank-16-2,619,5,323.6724914108683
5854,dummy-llama-30b-m,dummy-lora-7b-rank-16-2,172,36,323.7113713160927
5855,dummy-llama-30b-m,dummy-lora-7b-rank-32-1,613,24,323.7284956463606
5856,dummy-llama-30b-m,dummy-lora-7b-rank-32-1,587,3,323.82355845931835
5857,dummy-llama-30b-m,dummy-lora-7b-rank-32-2,204,135,323.9266039812996
5858,dummy-llama-30b-m,dummy-lora-7b-rank-32-1,550,18,323.9334719316327
5859,dummy-llama-30b-m,dummy-lora-7b-rank-16-3,627,4,323.9626174446446
5860,dummy-llama-30b-m,dummy-lora-7b-rank-128-0,631,26,323.98708704845
5861,dummy-llama-30b-m,dummy-lora-7b-rank-8-4,439,49,324.0607804092294
5862,dummy-llama-30b-m,dummy-lora-7b-rank-128-4,600,28,324.1389995557747
5863,dummy-llama-30b-m,dummy-lora-7b-rank-128-0,871,5,324.1443429176554
5864,dummy-llama-30b-m,dummy-lora-7b-rank-128-4,597,111,324.2666013512469
5865,dummy-llama-30b-m,dummy-lora-7b-rank-64-0,615,8,324.3118903043813
5866,dummy-llama-30b-m,dummy-lora-7b-rank-128-4,584,18,324.37007125062416
5867,dummy-llama-30b-m,dummy-lora-7b-rank-16-4,146,41,324.43017557221674
5868,dummy-llama-30b-m,dummy-lora-7b-rank-128-4,413,91,324.4859897140711
5869,dummy-llama-30b-m,dummy-lora-7b-rank-32-4,554,21,324.49633820306894
5870,dummy-llama-30b-m,dummy-lora-7b-rank-8-4,188,76,324.5436765190707
5871,dummy-llama-30b-m,dummy-lora-7b-rank-8-1,629,32,324.7084645859172
5872,dummy-llama-30b-m,dummy-lora-7b-rank-128-4,130,26,324.7147389416613
5873,dummy-llama-30b-m,dummy-lora-7b-rank-32-0,706,20,324.75851103940767
5874,dummy-llama-30b-m,dummy-lora-7b-rank-32-0,267,42,324.7917967771063
5875,dummy-llama-30b-m,dummy-lora-7b-rank-32-4,695,46,324.8216959957493
5876,dummy-llama-30b-m,dummy-lora-7b-rank-32-4,550,10,324.8764398355868
5877,dummy-llama-30b-m,dummy-lora-7b-rank-128-1,429,14,324.92984024298863
5878,dummy-llama-30b-m,dummy-lora-7b-rank-128-0,100,48,324.9521743522577
5879,dummy-llama-30b-m,dummy-lora-7b-rank-128-0,212,42,325.0524227351318
5880,dummy-llama-30b-m,dummy-lora-7b-rank-64-2,667,3,325.0594798176355
5881,dummy-llama-30b-m,dummy-lora-7b-rank-8-3,911,67,325.07619039288295
5882,dummy-llama-30b-m,dummy-lora-7b-rank-128-1,512,11,325.13383003593646
5883,dummy-llama-30b-m,dummy-lora-7b-rank-64-2,108,38,325.60639855532423
5884,dummy-llama-30b-m,dummy-lora-7b-rank-128-0,556,13,325.6162996825092
5885,dummy-llama-30b-m,dummy-lora-7b-rank-64-0,556,18,325.61634555018577
5886,dummy-llama-30b-m,dummy-lora-7b-rank-32-2,558,22,325.6223252673796
5887,dummy-llama-30b-m,dummy-lora-7b-rank-32-2,572,22,325.65859753885996
5888,dummy-llama-30b-m,dummy-lora-7b-rank-16-3,129,39,325.7028768050972
5889,dummy-llama-30b-m,dummy-lora-7b-rank-8-2,348,50,325.7403672580192
5890,dummy-llama-30b-m,dummy-lora-7b-rank-8-2,420,50,325.8491341859577
5891,dummy-llama-30b-m,dummy-lora-7b-rank-64-1,599,2,325.8892011709644
5892,dummy-llama-30b-m,dummy-lora-7b-rank-32-2,673,23,325.9018430238092
5893,dummy-llama-30b-m,dummy-lora-7b-rank-16-1,346,45,325.9212688902741
5894,dummy-llama-30b-m,dummy-lora-7b-rank-64-4,560,17,326.04604110067044
5895,dummy-llama-30b-m,dummy-lora-7b-rank-128-2,607,9,326.0875250865715
5896,dummy-llama-30b-m,dummy-lora-7b-rank-8-3,560,22,326.23408426374084
5897,dummy-llama-30b-m,dummy-lora-7b-rank-16-2,520,7,326.25256855188513
5898,dummy-llama-30b-m,dummy-lora-7b-rank-16-4,265,51,326.253361334849
5899,dummy-llama-30b-m,dummy-lora-7b-rank-128-3,577,22,326.3678958967305
5900,dummy-llama-30b-m,dummy-lora-7b-rank-64-0,376,42,326.4375261305093
5901,dummy-llama-30b-m,dummy-lora-7b-rank-64-4,576,12,326.45379223504455
5902,dummy-llama-30b-m,dummy-lora-7b-rank-32-0,407,52,326.59623990738555
5903,dummy-llama-30b-m,dummy-lora-7b-rank-32-2,258,49,326.659207602477
5904,dummy-llama-30b-m,dummy-lora-7b-rank-32-3,578,35,326.7621417924414
5905,dummy-llama-30b-m,dummy-lora-7b-rank-32-3,136,58,326.76297714504665
5906,dummy-llama-30b-m,dummy-lora-7b-rank-128-1,370,42,326.84502835244245
5907,dummy-llama-30b-m,dummy-lora-7b-rank-8-2,564,9,326.86324887212055
5908,dummy-llama-30b-m,dummy-lora-7b-rank-16-2,566,28,326.8849827211733
5909,dummy-llama-30b-m,dummy-lora-7b-rank-16-1,614,9,326.900986988715
5910,dummy-llama-30b-m,dummy-lora-7b-rank-64-0,124,39,326.9305882699983
5911,dummy-llama-30b-m,dummy-lora-7b-rank-8-2,334,37,326.93554603734856
5912,dummy-llama-30b-m,dummy-lora-7b-rank-64-2,727,210,326.9357062639608
5913,dummy-llama-30b-m,dummy-lora-7b-rank-16-1,493,19,326.9730270038139
5914,dummy-llama-30b-m,dummy-lora-7b-rank-64-4,688,49,327.0428654019412
5915,dummy-llama-30b-m,dummy-lora-7b-rank-8-1,550,9,327.0755010736299
5916,dummy-llama-30b-m,dummy-lora-7b-rank-32-3,250,48,327.1278471363223
5917,dummy-llama-30b-m,dummy-lora-7b-rank-8-3,420,46,327.26852480485707
5918,dummy-llama-30b-m,dummy-lora-7b-rank-8-2,289,10,327.334392448506
5919,dummy-llama-30b-m,dummy-lora-7b-rank-8-1,325,206,327.35436107146467
5920,dummy-llama-30b-m,dummy-lora-7b-rank-8-2,386,40,327.4005561821168
5921,dummy-llama-30b-m,dummy-lora-7b-rank-64-0,391,8,327.41506841788515
5922,dummy-llama-30b-m,dummy-lora-7b-rank-128-1,562,8,327.45841067712377
5923,dummy-llama-30b-m,dummy-lora-7b-rank-128-0,479,6,327.48151515996955
5924,dummy-llama-30b-m,dummy-lora-7b-rank-128-1,420,108,327.5081972348659
5925,dummy-llama-30b-m,dummy-lora-7b-rank-64-1,549,48,327.5636156198405
5926,dummy-llama-30b-m,dummy-lora-7b-rank-32-4,564,27,327.6250042590272
5927,dummy-llama-30b-m,dummy-lora-7b-rank-32-1,257,141,327.7078319484419
5928,dummy-llama-30b-m,dummy-lora-7b-rank-128-0,199,13,327.787778847548
5929,dummy-llama-30b-m,dummy-lora-7b-rank-32-2,371,11,327.79779672054195
5930,dummy-llama-30b-m,dummy-lora-7b-rank-128-1,408,63,327.8173815222586
5931,dummy-llama-30b-m,dummy-lora-7b-rank-8-0,548,19,327.85391433929703
5932,dummy-llama-30b-m,dummy-lora-7b-rank-16-2,101,45,327.9911288189382
5933,dummy-llama-30b-m,dummy-lora-7b-rank-16-3,552,11,328.01079907295525
5934,dummy-llama-30b-m,dummy-lora-7b-rank-64-2,288,64,328.02732802974754
5935,dummy-llama-30b-m,dummy-lora-7b-rank-16-4,380,56,328.03816568342404
5936,dummy-llama-30b-m,dummy-lora-7b-rank-16-4,617,52,328.1090376829516
5937,dummy-llama-30b-m,dummy-lora-7b-rank-128-3,480,37,328.1685377916474
5938,dummy-llama-30b-m,dummy-lora-7b-rank-16-3,552,17,328.2133108628231
5939,dummy-llama-30b-m,dummy-lora-7b-rank-8-4,657,207,328.23552518999304
5940,dummy-llama-30b-m,dummy-lora-7b-rank-32-1,513,5,328.3592936883952
5941,dummy-llama-30b-m,dummy-lora-7b-rank-8-1,548,17,328.4544520593026
5942,dummy-llama-30b-m,dummy-lora-7b-rank-32-2,526,47,328.4650720621331
5943,dummy-llama-30b-m,dummy-lora-7b-rank-64-4,719,56,328.47724191707107
5944,dummy-llama-30b-m,dummy-lora-7b-rank-8-1,546,34,328.4818168011149
5945,dummy-llama-30b-m,dummy-lora-7b-rank-32-4,257,4,328.4879156242011
5946,dummy-llama-30b-m,dummy-lora-7b-rank-128-3,302,5,328.5610066272691
5947,dummy-llama-30b-m,dummy-lora-7b-rank-8-4,560,25,328.6541354219208
5948,dummy-llama-30b-m,dummy-lora-7b-rank-16-0,641,30,328.66197009078826
5949,dummy-llama-30b-m,dummy-lora-7b-rank-64-2,293,104,328.68295365042843
5950,dummy-llama-30b-m,dummy-lora-7b-rank-16-3,160,49,328.71247326597654
5951,dummy-llama-30b-m,dummy-lora-7b-rank-16-3,613,24,328.7309561687536
5952,dummy-llama-30b-m,dummy-lora-7b-rank-128-1,550,18,328.74977125199104
5953,dummy-llama-30b-m,dummy-lora-7b-rank-32-2,369,28,328.7593242935232
5954,dummy-llama-30b-m,dummy-lora-7b-rank-8-4,312,11,328.86656645370994
5955,dummy-llama-30b-m,dummy-lora-7b-rank-64-3,375,52,328.9196515626177
5956,dummy-llama-30b-m,dummy-lora-7b-rank-16-2,343,43,328.9515659593589
5957,dummy-llama-30b-m,dummy-lora-7b-rank-16-0,780,70,328.98955004468036
5958,dummy-llama-30b-m,dummy-lora-7b-rank-64-1,564,27,329.02010853866824
5959,dummy-llama-30b-m,dummy-lora-7b-rank-32-1,607,18,329.1796530703757
5960,dummy-llama-30b-m,dummy-lora-7b-rank-128-1,730,21,329.20471704054575
5961,dummy-llama-30b-m,dummy-lora-7b-rank-8-1,598,74,329.2650006588598
5962,dummy-llama-30b-m,dummy-lora-7b-rank-16-2,164,54,329.2827623737174
5963,dummy-llama-30b-m,dummy-lora-7b-rank-64-3,575,7,329.35658965985147
5964,dummy-llama-30b-m,dummy-lora-7b-rank-8-3,421,47,329.3834606141473
5965,dummy-llama-30b-m,dummy-lora-7b-rank-64-3,578,16,329.5624502526309
5966,dummy-llama-30b-m,dummy-lora-7b-rank-32-0,180,52,329.61624678756095
5967,dummy-llama-30b-m,dummy-lora-7b-rank-16-0,552,19,329.64467660869917
5968,dummy-llama-30b-m,dummy-lora-7b-rank-16-3,456,55,329.73200116163514
5969,dummy-llama-30b-m,dummy-lora-7b-rank-16-4,377,47,329.80023745738055
5970,dummy-llama-30b-m,dummy-lora-7b-rank-64-3,270,96,329.9066403449966
5971,dummy-llama-30b-m,dummy-lora-7b-rank-32-1,414,42,329.9435847521168
5972,dummy-llama-30b-m,dummy-lora-7b-rank-64-2,720,16,329.9757716002621
5973,dummy-llama-30b-m,dummy-lora-7b-rank-8-3,706,116,329.9880557572604
5974,dummy-llama-30b-m,dummy-lora-7b-rank-8-4,297,5,330.00905635796767
5975,dummy-llama-30b-m,dummy-lora-7b-rank-8-0,542,14,330.03470325657764
5976,dummy-llama-30b-m,dummy-lora-7b-rank-64-0,362,43,330.05238284731706
5977,dummy-llama-30b-m,dummy-lora-7b-rank-8-4,663,13,330.0790635430139
5978,dummy-llama-30b-m,dummy-lora-7b-rank-64-1,556,23,330.1530767452395
5979,dummy-llama-30b-m,dummy-lora-7b-rank-128-1,598,60,330.23804525179224
5980,dummy-llama-30b-m,dummy-lora-7b-rank-32-1,516,42,330.2536002963998
5981,dummy-llama-30b-m,dummy-lora-7b-rank-32-4,554,20,330.2776240914083
5982,dummy-llama-30b-m,dummy-lora-7b-rank-16-3,666,14,330.3046334467141
5983,dummy-llama-30b-m,dummy-lora-7b-rank-32-0,96,34,330.31052819270536
5984,dummy-llama-30b-m,dummy-lora-7b-rank-64-2,613,24,330.3925753501713
5985,dummy-llama-30b-m,dummy-lora-7b-rank-16-1,298,92,330.4527320270664
5986,dummy-llama-30b-m,dummy-lora-7b-rank-32-2,481,79,330.50214091797454
5987,dummy-llama-30b-m,dummy-lora-7b-rank-32-0,240,44,330.51662873718163
5988,dummy-llama-30b-m,dummy-lora-7b-rank-8-4,560,14,330.5675510982558
5989,dummy-llama-30b-m,dummy-lora-7b-rank-16-3,551,19,330.6966927545215
5990,dummy-llama-30b-m,dummy-lora-7b-rank-32-4,135,59,330.7162972391941
5991,dummy-llama-30b-m,dummy-lora-7b-rank-8-3,248,141,330.7381894594956
5992,dummy-llama-30b-m,dummy-lora-7b-rank-8-1,434,31,330.7730855971233
5993,dummy-llama-30b-m,dummy-lora-7b-rank-64-2,554,11,330.8253235636904
5994,dummy-llama-30b-m,dummy-lora-7b-rank-8-0,427,46,330.8625828417954
5995,dummy-llama-30b-m,dummy-lora-7b-rank-16-0,550,18,330.8630571284196
5996,dummy-llama-30b-m,dummy-lora-7b-rank-8-0,208,62,330.92889996927295
5997,dummy-llama-30b-m,dummy-lora-7b-rank-32-1,161,106,330.93159577201277
5998,dummy-llama-30b-m,dummy-lora-7b-rank-32-0,823,35,330.9793134499261
5999,dummy-llama-30b-m,dummy-lora-7b-rank-32-0,186,52,331.08394912464746
6000,dummy-llama-30b-m,dummy-lora-7b-rank-16-1,360,51,331.1607545430639
6001,dummy-llama-30b-m,dummy-lora-7b-rank-32-2,623,25,331.19321842812843
6002,dummy-llama-30b-m,dummy-lora-7b-rank-16-1,284,9,331.31312013416664
6003,dummy-llama-30b-m,dummy-lora-7b-rank-128-3,234,50,331.3221494530084
6004,dummy-llama-30b-m,dummy-lora-7b-rank-16-1,564,22,331.4193437149388
6005,dummy-llama-30b-m,dummy-lora-7b-rank-128-4,308,57,331.474748504069
6006,dummy-llama-30b-m,dummy-lora-7b-rank-8-0,128,61,331.47695508607995
6007,dummy-llama-30b-m,dummy-lora-7b-rank-64-0,275,56,331.4922568018218
6008,dummy-llama-30b-m,dummy-lora-7b-rank-64-3,182,50,331.7107370668773
6009,dummy-llama-30b-m,dummy-lora-7b-rank-128-1,269,39,331.73239670632137
6010,dummy-llama-30b-m,dummy-lora-7b-rank-32-4,548,17,331.86007655050656
6011,dummy-llama-30b-m,dummy-lora-7b-rank-8-3,560,11,331.8869133690755
6012,dummy-llama-30b-m,dummy-lora-7b-rank-8-2,506,53,331.8933548906483
6013,dummy-llama-30b-m,dummy-lora-7b-rank-32-1,603,16,332.0889769905353
6014,dummy-llama-30b-m,dummy-lora-7b-rank-64-4,398,5,332.157758088251
6015,dummy-llama-30b-m,dummy-lora-7b-rank-128-3,305,7,332.1811766621518
6016,dummy-llama-30b-m,dummy-lora-7b-rank-32-4,299,9,332.24133979922044
6017,dummy-llama-30b-m,dummy-lora-7b-rank-32-2,460,7,332.2558091983235
6018,dummy-llama-30b-m,dummy-lora-7b-rank-16-4,552,19,332.26347091804547
6019,dummy-llama-30b-m,dummy-lora-7b-rank-16-1,169,122,332.29322881332996
6020,dummy-llama-30b-m,dummy-lora-7b-rank-32-3,349,61,332.3174502036906
6021,dummy-llama-30b-m,dummy-lora-7b-rank-128-4,837,3,332.3499203720283
6022,dummy-llama-30b-m,dummy-lora-7b-rank-16-1,398,12,332.4040351732242
6023,dummy-llama-30b-m,dummy-lora-7b-rank-64-3,278,155,332.4495670562212
6024,dummy-llama-30b-m,dummy-lora-7b-rank-8-4,491,13,332.4828690377817
6025,dummy-llama-30b-m,dummy-lora-7b-rank-8-0,998,44,332.52175314435016
6026,dummy-llama-30b-m,dummy-lora-7b-rank-128-3,155,84,332.5983705566375
6027,dummy-llama-30b-m,dummy-lora-7b-rank-128-2,416,10,332.6242264480655
6028,dummy-llama-30b-m,dummy-lora-7b-rank-64-2,647,11,332.65113464455175
6029,dummy-llama-30b-m,dummy-lora-7b-rank-32-0,642,5,332.6806078933392
6030,dummy-llama-30b-m,dummy-lora-7b-rank-16-3,816,12,332.6815005814182
6031,dummy-llama-30b-m,dummy-lora-7b-rank-8-3,129,43,332.89909354416943
6032,dummy-llama-30b-m,dummy-lora-7b-rank-16-4,252,47,333.0885072598835
6033,dummy-llama-30b-m,dummy-lora-7b-rank-16-2,679,46,333.1149699638051
6034,dummy-llama-30b-m,dummy-lora-7b-rank-64-3,630,32,333.20656201920076
6035,dummy-llama-30b-m,dummy-lora-7b-rank-8-3,562,18,333.210867204079
6036,dummy-llama-30b-m,dummy-lora-7b-rank-128-3,554,20,333.2684220770557
6037,dummy-llama-30b-m,dummy-lora-7b-rank-128-1,602,6,333.3634714402179
6038,dummy-llama-30b-m,dummy-lora-7b-rank-8-2,493,43,333.40053331214375
6039,dummy-llama-30b-m,dummy-lora-7b-rank-64-1,584,10,333.55152309852303
6040,dummy-llama-30b-m,dummy-lora-7b-rank-128-1,908,41,333.57071181076026
6041,dummy-llama-30b-m,dummy-lora-7b-rank-16-2,556,21,333.742595002953
6042,dummy-llama-30b-m,dummy-lora-7b-rank-128-2,566,18,333.77774024333576
6043,dummy-llama-30b-m,dummy-lora-7b-rank-64-2,613,17,333.79930491460914
6044,dummy-llama-30b-m,dummy-lora-7b-rank-32-0,979,57,334.07024173822884
6045,dummy-llama-30b-m,dummy-lora-7b-rank-128-2,552,18,334.1245420178422
6046,dummy-llama-30b-m,dummy-lora-7b-rank-64-4,538,43,334.142315461063
6047,dummy-llama-30b-m,dummy-lora-7b-rank-8-4,370,63,334.21237615482437
6048,dummy-llama-30b-m,dummy-lora-7b-rank-32-2,337,46,334.24037848520453
6049,dummy-llama-30b-m,dummy-lora-7b-rank-8-0,247,40,334.29208085615124
6050,dummy-llama-30b-m,dummy-lora-7b-rank-16-2,941,13,334.331412264936
6051,dummy-llama-30b-m,dummy-lora-7b-rank-128-4,527,81,334.42671541677925
6052,dummy-llama-30b-m,dummy-lora-7b-rank-16-2,239,87,334.4616902216677
6053,dummy-llama-30b-m,dummy-lora-7b-rank-16-0,569,20,334.50275410622527
6054,dummy-llama-30b-m,dummy-lora-7b-rank-8-1,134,58,334.5084969125672
6055,dummy-llama-30b-m,dummy-lora-7b-rank-8-2,429,55,334.53065758602685
6056,dummy-llama-30b-m,dummy-lora-7b-rank-64-2,168,74,334.5491996973923
6057,dummy-llama-30b-m,dummy-lora-7b-rank-128-1,552,21,334.5702078777311
6058,dummy-llama-30b-m,dummy-lora-7b-rank-8-1,534,142,334.6227875268637
6059,dummy-llama-30b-m,dummy-lora-7b-rank-8-0,687,2,334.72291827313103
6060,dummy-llama-30b-m,dummy-lora-7b-rank-128-0,281,48,334.82743650223574
6061,dummy-llama-30b-m,dummy-lora-7b-rank-32-0,575,30,334.8678839275549
6062,dummy-llama-30b-m,dummy-lora-7b-rank-32-4,288,47,334.9388266294307
6063,dummy-llama-30b-m,dummy-lora-7b-rank-64-3,445,66,335.0648129942529
6064,dummy-llama-30b-m,dummy-lora-7b-rank-128-3,554,22,335.07678175825146
6065,dummy-llama-30b-m,dummy-lora-7b-rank-64-3,556,21,335.10198951455743
6066,dummy-llama-30b-m,dummy-lora-7b-rank-8-0,399,57,335.1058453617731
6067,dummy-llama-30b-m,dummy-lora-7b-rank-32-2,305,58,335.12818968042353
6068,dummy-llama-30b-m,dummy-lora-7b-rank-8-2,554,20,335.15860071477715
6069,dummy-llama-30b-m,dummy-lora-7b-rank-128-1,188,119,335.18238094766264
6070,dummy-llama-30b-m,dummy-lora-7b-rank-16-3,669,18,335.27699975244303
6071,dummy-llama-30b-m,dummy-lora-7b-rank-16-1,605,20,335.50374224419244
6072,dummy-llama-30b-m,dummy-lora-7b-rank-32-4,438,61,335.54054061666676
6073,dummy-llama-30b-m,dummy-lora-7b-rank-64-3,524,36,335.5859652287976
6074,dummy-llama-30b-m,dummy-lora-7b-rank-128-3,643,11,335.64591188495075
6075,dummy-llama-30b-m,dummy-lora-7b-rank-128-1,946,100,335.66628313854153
6076,dummy-llama-30b-m,dummy-lora-7b-rank-128-0,560,25,335.79967856021113
6077,dummy-llama-30b-m,dummy-lora-7b-rank-128-3,554,20,335.8052895128314
6078,dummy-llama-30b-m,dummy-lora-7b-rank-16-1,468,55,335.89310938456714
6079,dummy-llama-30b-m,dummy-lora-7b-rank-64-1,173,116,335.9143314586354
6080,dummy-llama-30b-m,dummy-lora-7b-rank-64-0,584,12,335.9874236281001
6081,dummy-llama-30b-m,dummy-lora-7b-rank-16-3,803,86,336.1729797139997
6082,dummy-llama-30b-m,dummy-lora-7b-rank-16-4,844,68,336.2115513272364
6083,dummy-llama-30b-m,dummy-lora-7b-rank-32-2,582,104,336.29567751589764
6084,dummy-llama-30b-m,dummy-lora-7b-rank-32-0,509,13,336.459228082224
6085,dummy-llama-30b-m,dummy-lora-7b-rank-8-4,564,26,336.50986649153646
6086,dummy-llama-30b-m,dummy-lora-7b-rank-16-1,374,66,336.63594580846967
6087,dummy-llama-30b-m,dummy-lora-7b-rank-32-3,742,33,336.6406421576684
6088,dummy-llama-30b-m,dummy-lora-7b-rank-128-1,575,26,336.66054557569885
6089,dummy-llama-30b-m,dummy-lora-7b-rank-128-0,723,216,336.7249132751643
6090,dummy-llama-30b-m,dummy-lora-7b-rank-64-4,224,3,336.73096439377423
6091,dummy-llama-30b-m,dummy-lora-7b-rank-32-3,556,21,336.74537001836916
6092,dummy-llama-30b-m,dummy-lora-7b-rank-128-3,558,22,336.75582180181397
6093,dummy-llama-30b-m,dummy-lora-7b-rank-16-2,600,25,336.79747416817816
6094,dummy-llama-30b-m,dummy-lora-7b-rank-8-0,582,17,336.86097808497567
6095,dummy-llama-30b-m,dummy-lora-7b-rank-16-4,559,62,336.8615188998804
6096,dummy-llama-30b-m,dummy-lora-7b-rank-128-3,164,109,336.92079200388747
6097,dummy-llama-30b-m,dummy-lora-7b-rank-8-1,601,17,337.088195250047
6098,dummy-llama-30b-m,dummy-lora-7b-rank-32-4,552,19,337.0999443888816
6099,dummy-llama-30b-m,dummy-lora-7b-rank-128-2,464,41,337.1474475138544
6100,dummy-llama-30b-m,dummy-lora-7b-rank-32-4,481,56,337.3638925433321
6101,dummy-llama-30b-m,dummy-lora-7b-rank-32-1,780,3,337.4214542553419
6102,dummy-llama-30b-m,dummy-lora-7b-rank-16-1,574,32,337.4328006350629
6103,dummy-llama-30b-m,dummy-lora-7b-rank-64-1,868,22,337.5131534792819
6104,dummy-llama-30b-m,dummy-lora-7b-rank-64-2,921,3,337.51924934053653
6105,dummy-llama-30b-m,dummy-lora-7b-rank-8-2,524,116,337.6023633358556
6106,dummy-llama-30b-m,dummy-lora-7b-rank-16-2,927,22,337.60858589909026
6107,dummy-llama-30b-m,dummy-lora-7b-rank-32-1,519,47,337.6603511991373
6108,dummy-llama-30b-m,dummy-lora-7b-rank-128-2,154,44,337.8307682646278
6109,dummy-llama-30b-m,dummy-lora-7b-rank-8-2,524,98,337.85901576587116
6110,dummy-llama-30b-m,dummy-lora-7b-rank-128-4,88,40,337.92002323038514
6111,dummy-llama-30b-m,dummy-lora-7b-rank-32-0,524,57,337.9421078817893
6112,dummy-llama-30b-m,dummy-lora-7b-rank-16-1,373,37,338.01636655775076
6113,dummy-llama-30b-m,dummy-lora-7b-rank-128-4,579,32,338.02473921141075
6114,dummy-llama-30b-m,dummy-lora-7b-rank-64-0,197,157,338.0948511757776
6115,dummy-llama-30b-m,dummy-lora-7b-rank-32-0,572,29,338.1896122443368
6116,dummy-llama-30b-m,dummy-lora-7b-rank-128-4,251,46,338.2571920721036
6117,dummy-llama-30b-m,dummy-lora-7b-rank-64-3,802,21,338.323894982218
6118,dummy-llama-30b-m,dummy-lora-7b-rank-64-1,122,59,338.3761658531048
6119,dummy-llama-30b-m,dummy-lora-7b-rank-16-0,554,20,338.47942401805943
6120,dummy-llama-30b-m,dummy-lora-7b-rank-8-4,311,89,338.5296378290227
6121,dummy-llama-30b-m,dummy-lora-7b-rank-128-3,556,22,338.54641486618505
6122,dummy-llama-30b-m,dummy-lora-7b-rank-64-0,398,149,338.54660582511474
6123,dummy-llama-30b-m,dummy-lora-7b-rank-64-3,175,61,338.5657122997145
6124,dummy-llama-30b-m,dummy-lora-7b-rank-128-0,343,23,338.5982052364445
6125,dummy-llama-30b-m,dummy-lora-7b-rank-16-1,656,14,338.6049824334836
6126,dummy-llama-30b-m,dummy-lora-7b-rank-32-2,659,65,338.6446742008163
6127,dummy-llama-30b-m,dummy-lora-7b-rank-128-3,130,48,338.685168744223
6128,dummy-llama-30b-m,dummy-lora-7b-rank-64-0,371,7,338.70668939927396
6129,dummy-llama-30b-m,dummy-lora-7b-rank-16-1,387,62,338.80151270624293
6130,dummy-llama-30b-m,dummy-lora-7b-rank-32-4,975,44,339.1747979290241
6131,dummy-llama-30b-m,dummy-lora-7b-rank-128-4,240,55,339.1860668757535
6132,dummy-llama-30b-m,dummy-lora-7b-rank-8-2,560,15,339.21167687887674
6133,dummy-llama-30b-m,dummy-lora-7b-rank-8-4,715,35,339.21729287600505
6134,dummy-llama-30b-m,dummy-lora-7b-rank-32-0,677,48,339.3526462548166
6135,dummy-llama-30b-m,dummy-lora-7b-rank-64-2,388,4,339.54625370236164
6136,dummy-llama-30b-m,dummy-lora-7b-rank-32-0,599,26,339.57613798798917
6137,dummy-llama-30b-m,dummy-lora-7b-rank-8-2,262,48,339.61403420680296
6138,dummy-llama-30b-m,dummy-lora-7b-rank-32-4,560,26,339.6363057489506
6139,dummy-llama-30b-m,dummy-lora-7b-rank-8-3,666,94,339.651569843449
6140,dummy-llama-30b-m,dummy-lora-7b-rank-128-3,657,8,339.6651769238948
6141,dummy-llama-30b-m,dummy-lora-7b-rank-16-2,945,26,339.67720398129444
6142,dummy-llama-30b-m,dummy-lora-7b-rank-32-1,554,22,339.7297737937127
6143,dummy-llama-30b-m,dummy-lora-7b-rank-8-1,554,20,339.8041822060739
6144,dummy-llama-30b-m,dummy-lora-7b-rank-32-3,682,92,339.8528008911885
6145,dummy-llama-30b-m,dummy-lora-7b-rank-128-1,461,54,339.86113447223624
6146,dummy-llama-30b-m,dummy-lora-7b-rank-8-4,261,5,339.89660065977955
6147,dummy-llama-30b-m,dummy-lora-7b-rank-64-0,586,24,339.9213428588564
6148,dummy-llama-30b-m,dummy-lora-7b-rank-16-3,306,58,339.96304443254206
6149,dummy-llama-30b-m,dummy-lora-7b-rank-32-1,586,11,339.9819585572352
6150,dummy-llama-30b-m,dummy-lora-7b-rank-32-2,606,38,340.0359465259679
6151,dummy-llama-30b-m,dummy-lora-7b-rank-64-1,498,11,340.06805970667824
6152,dummy-llama-30b-m,dummy-lora-7b-rank-128-3,589,3,340.07065001482596
6153,dummy-llama-30b-m,dummy-lora-7b-rank-32-2,478,13,340.0732717974316
6154,dummy-llama-30b-m,dummy-lora-7b-rank-8-0,301,160,340.1017534012254
6155,dummy-llama-30b-m,dummy-lora-7b-rank-64-0,605,27,340.227855407042
6156,dummy-llama-30b-m,dummy-lora-7b-rank-8-2,548,17,340.3002295562697
6157,dummy-llama-30b-m,dummy-lora-7b-rank-128-2,623,3,340.37206313498126
6158,dummy-llama-30b-m,dummy-lora-7b-rank-128-1,188,46,340.4730872993517
6159,dummy-llama-30b-m,dummy-lora-7b-rank-128-3,685,4,340.48998945222337
6160,dummy-llama-30b-m,dummy-lora-7b-rank-16-1,878,40,340.49386336934265
6161,dummy-llama-30b-m,dummy-lora-7b-rank-128-2,381,48,340.5334386269472
6162,dummy-llama-30b-m,dummy-lora-7b-rank-128-1,246,51,340.64446204955493
6163,dummy-llama-30b-m,dummy-lora-7b-rank-32-0,839,25,340.6680112367216
6164,dummy-llama-30b-m,dummy-lora-7b-rank-32-3,550,18,340.7693140069975
6165,dummy-llama-30b-m,dummy-lora-7b-rank-64-2,552,21,340.9780587522479
6166,dummy-llama-30b-m,dummy-lora-7b-rank-32-4,227,146,341.0792336880844
6167,dummy-llama-30b-m,dummy-lora-7b-rank-16-2,643,59,341.1911639954535
6168,dummy-llama-30b-m,dummy-lora-7b-rank-32-1,963,66,341.1933829183594
6169,dummy-llama-30b-m,dummy-lora-7b-rank-16-3,314,55,341.21227338868226
6170,dummy-llama-30b-m,dummy-lora-7b-rank-8-2,552,18,341.26017061775764
6171,dummy-llama-30b-m,dummy-lora-7b-rank-8-4,461,66,341.2954015910183
6172,dummy-llama-30b-m,dummy-lora-7b-rank-128-3,305,43,341.3040308012002
6173,dummy-llama-30b-m,dummy-lora-7b-rank-8-4,574,33,341.3115843214756
6174,dummy-llama-30b-m,dummy-lora-7b-rank-16-3,92,26,341.5475463126762
6175,dummy-llama-30b-m,dummy-lora-7b-rank-128-2,286,49,341.6692718177785
6176,dummy-llama-30b-m,dummy-lora-7b-rank-64-3,272,39,341.68767724260874
6177,dummy-llama-30b-m,dummy-lora-7b-rank-64-1,168,42,341.73933417508226
6178,dummy-llama-30b-m,dummy-lora-7b-rank-128-2,589,86,341.8064020245015
6179,dummy-llama-30b-m,dummy-lora-7b-rank-16-2,887,64,341.8243566482514
6180,dummy-llama-30b-m,dummy-lora-7b-rank-64-2,605,20,341.9337742661905
6181,dummy-llama-30b-m,dummy-lora-7b-rank-64-4,590,23,342.1039149761752
6182,dummy-llama-30b-m,dummy-lora-7b-rank-128-2,478,54,342.10594599684737
6183,dummy-llama-30b-m,dummy-lora-7b-rank-128-0,95,55,342.17803726037295
6184,dummy-llama-30b-m,dummy-lora-7b-rank-64-4,556,19,342.19230800619806
6185,dummy-llama-30b-m,dummy-lora-7b-rank-64-4,594,8,342.20417624521093
6186,dummy-llama-30b-m,dummy-lora-7b-rank-16-4,533,7,342.3264928767735
6187,dummy-llama-30b-m,dummy-lora-7b-rank-16-2,558,24,342.4806968818629
6188,dummy-llama-30b-m,dummy-lora-7b-rank-128-4,346,8,342.4975861225063
6189,dummy-llama-30b-m,dummy-lora-7b-rank-8-4,183,9,342.52236837397083
6190,dummy-llama-30b-m,dummy-lora-7b-rank-32-4,808,82,342.5926194542997
6191,dummy-llama-30b-m,dummy-lora-7b-rank-16-1,244,10,342.5970705342347
6192,dummy-llama-30b-m,dummy-lora-7b-rank-8-4,564,28,342.654149607675
6193,dummy-llama-30b-m,dummy-lora-7b-rank-64-4,607,22,342.6864980693816
6194,dummy-llama-30b-m,dummy-lora-7b-rank-128-1,504,11,342.7247181932246
6195,dummy-llama-30b-m,dummy-lora-7b-rank-64-2,584,36,342.7575535654705
6196,dummy-llama-30b-m,dummy-lora-7b-rank-16-0,582,37,342.76743072717
6197,dummy-llama-30b-m,dummy-lora-7b-rank-32-2,567,11,342.854117423358
6198,dummy-llama-30b-m,dummy-lora-7b-rank-128-4,167,94,342.88654659312203
6199,dummy-llama-30b-m,dummy-lora-7b-rank-64-2,414,50,342.9315827793199
6200,dummy-llama-30b-m,dummy-lora-7b-rank-8-0,611,8,342.93183088951093
6201,dummy-llama-30b-m,dummy-lora-7b-rank-64-4,546,16,343.0017508097886
6202,dummy-llama-30b-m,dummy-lora-7b-rank-32-2,281,46,343.0371324143546
6203,dummy-llama-30b-m,dummy-lora-7b-rank-64-1,548,17,343.0518486640299
6204,dummy-llama-30b-m,dummy-lora-7b-rank-16-3,582,2,343.1813096962822
6205,dummy-llama-30b-m,dummy-lora-7b-rank-16-3,556,23,343.1949967298171
6206,dummy-llama-30b-m,dummy-lora-7b-rank-8-2,331,5,343.2019778678806
6207,dummy-llama-30b-m,dummy-lora-7b-rank-16-2,332,44,343.27569249931713
6208,dummy-llama-30b-m,dummy-lora-7b-rank-64-4,402,51,343.28514929064727
6209,dummy-llama-30b-m,dummy-lora-7b-rank-128-2,556,21,343.3522649727104
6210,dummy-llama-30b-m,dummy-lora-7b-rank-32-1,236,73,343.4233380217436
6211,dummy-llama-30b-m,dummy-lora-7b-rank-32-2,769,41,343.4355014402553
6212,dummy-llama-30b-m,dummy-lora-7b-rank-64-1,700,15,343.4493009459219
6213,dummy-llama-30b-m,dummy-lora-7b-rank-64-0,928,12,343.45082607117126
6214,dummy-llama-30b-m,dummy-lora-7b-rank-8-3,570,28,343.5179409165271
6215,dummy-llama-30b-m,dummy-lora-7b-rank-128-2,92,29,343.550893234448
6216,dummy-llama-30b-m,dummy-lora-7b-rank-128-1,197,47,343.85933635813495
6217,dummy-llama-30b-m,dummy-lora-7b-rank-64-3,561,53,343.86586802200446
6218,dummy-llama-30b-m,dummy-lora-7b-rank-16-4,385,5,343.9053131182242
6219,dummy-llama-30b-m,dummy-lora-7b-rank-64-1,377,67,343.98151177010953
6220,dummy-llama-30b-m,dummy-lora-7b-rank-16-1,144,51,344.0349050939772
6221,dummy-llama-30b-m,dummy-lora-7b-rank-128-3,560,15,344.0853069309278
6222,dummy-llama-30b-m,dummy-lora-7b-rank-128-3,432,11,344.1523158516229
6223,dummy-llama-30b-m,dummy-lora-7b-rank-8-3,905,3,344.1987567798535
6224,dummy-llama-30b-m,dummy-lora-7b-rank-16-4,558,22,344.21797906491423
6225,dummy-llama-30b-m,dummy-lora-7b-rank-128-3,599,21,344.2500310506392
6226,dummy-llama-30b-m,dummy-lora-7b-rank-16-0,417,9,344.2947454227788
6227,dummy-llama-30b-m,dummy-lora-7b-rank-8-1,599,17,344.4378318578578
6228,dummy-llama-30b-m,dummy-lora-7b-rank-128-1,578,35,344.6270568974672
6229,dummy-llama-30b-m,dummy-lora-7b-rank-32-2,630,28,344.64338955537704
6230,dummy-llama-30b-m,dummy-lora-7b-rank-64-1,781,3,344.69482098224677
6231,dummy-llama-30b-m,dummy-lora-7b-rank-64-0,732,13,344.70863380643317
6232,dummy-llama-30b-m,dummy-lora-7b-rank-128-1,822,46,344.75166896705247
6233,dummy-llama-30b-m,dummy-lora-7b-rank-16-1,774,52,344.77863286267626
6234,dummy-llama-30b-m,dummy-lora-7b-rank-64-4,552,10,344.8314118903183
6235,dummy-llama-30b-m,dummy-lora-7b-rank-128-0,283,40,344.951468118711
6236,dummy-llama-30b-m,dummy-lora-7b-rank-16-2,271,36,345.0601223710168
6237,dummy-llama-30b-m,dummy-lora-7b-rank-128-0,506,55,345.079466717068
6238,dummy-llama-30b-m,dummy-lora-7b-rank-16-3,195,58,345.09811557541144
6239,dummy-llama-30b-m,dummy-lora-7b-rank-16-0,554,22,345.2120635410244
6240,dummy-llama-30b-m,dummy-lora-7b-rank-128-2,564,27,345.280487491893
6241,dummy-llama-30b-m,dummy-lora-7b-rank-8-2,320,38,345.29862636622425
6242,dummy-llama-30b-m,dummy-lora-7b-rank-128-0,554,22,345.3259080379907
6243,dummy-llama-30b-m,dummy-lora-7b-rank-32-2,590,11,345.34721916564877
6244,dummy-llama-30b-m,dummy-lora-7b-rank-32-1,930,3,345.3475549276812
6245,dummy-llama-30b-m,dummy-lora-7b-rank-128-3,436,7,345.3805984703697
6246,dummy-llama-30b-m,dummy-lora-7b-rank-128-1,480,11,345.495572611309
6247,dummy-llama-30b-m,dummy-lora-7b-rank-32-2,277,35,345.69431085894036
6248,dummy-llama-30b-m,dummy-lora-7b-rank-32-2,576,5,345.7086346932564
6249,dummy-llama-30b-m,dummy-lora-7b-rank-32-1,554,20,345.8396187378372
6250,dummy-llama-30b-m,dummy-lora-7b-rank-128-0,850,36,345.84164732919055
6251,dummy-llama-30b-m,dummy-lora-7b-rank-128-0,322,48,345.90889101326576
6252,dummy-llama-30b-m,dummy-lora-7b-rank-64-2,388,68,345.9193230766224
6253,dummy-llama-30b-m,dummy-lora-7b-rank-128-4,719,4,346.01131638868117
6254,dummy-llama-30b-m,dummy-lora-7b-rank-128-3,574,30,346.11609115763855
6255,dummy-llama-30b-m,dummy-lora-7b-rank-16-0,1018,12,346.16444701400377
6256,dummy-llama-30b-m,dummy-lora-7b-rank-8-3,758,55,346.23610484470953
6257,dummy-llama-30b-m,dummy-lora-7b-rank-8-4,195,104,346.2404030016426
6258,dummy-llama-30b-m,dummy-lora-7b-rank-16-1,698,9,346.2622565462468
6259,dummy-llama-30b-m,dummy-lora-7b-rank-16-1,226,80,346.3320530781638
6260,dummy-llama-30b-m,dummy-lora-7b-rank-32-0,205,139,346.5737990651566
6261,dummy-llama-30b-m,dummy-lora-7b-rank-64-1,547,185,346.69919780310386
6262,dummy-llama-30b-m,dummy-lora-7b-rank-16-2,559,22,346.7060620105818
6263,dummy-llama-30b-m,dummy-lora-7b-rank-32-0,636,6,346.75837409565037
6264,dummy-llama-30b-m,dummy-lora-7b-rank-32-4,58,85,346.771658592426
6265,dummy-llama-30b-m,dummy-lora-7b-rank-64-1,587,47,346.773326184702
6266,dummy-llama-30b-m,dummy-lora-7b-rank-8-3,195,106,346.7998898553591
6267,dummy-llama-30b-m,dummy-lora-7b-rank-8-1,556,13,346.8554757471019
6268,dummy-llama-30b-m,dummy-lora-7b-rank-32-1,352,50,346.8557137146901
6269,dummy-llama-30b-m,dummy-lora-7b-rank-32-2,592,17,346.8877523205137
6270,dummy-llama-30b-m,dummy-lora-7b-rank-16-3,552,11,347.11518691851995
6271,dummy-llama-30b-m,dummy-lora-7b-rank-16-3,558,50,347.1282559015969
6272,dummy-llama-30b-m,dummy-lora-7b-rank-32-2,378,53,347.1840418025032
6273,dummy-llama-30b-m,dummy-lora-7b-rank-16-3,562,26,347.1859132886493
6274,dummy-llama-30b-m,dummy-lora-7b-rank-128-1,708,70,347.23548191617937
6275,dummy-llama-30b-m,dummy-lora-7b-rank-128-1,550,18,347.2373240112409
6276,dummy-llama-30b-m,dummy-lora-7b-rank-16-2,560,11,347.2835780701127
6277,dummy-llama-30b-m,dummy-lora-7b-rank-16-1,554,21,347.28426259908304
6278,dummy-llama-30b-m,dummy-lora-7b-rank-64-2,591,22,347.29599451239403
6279,dummy-llama-30b-m,dummy-lora-7b-rank-32-0,240,48,347.3232601653176
6280,dummy-llama-30b-m,dummy-lora-7b-rank-16-3,652,13,347.3235471002921
6281,dummy-llama-30b-m,dummy-lora-7b-rank-8-1,286,86,347.3417889631725
6282,dummy-llama-30b-m,dummy-lora-7b-rank-64-0,275,98,347.3806307610308
6283,dummy-llama-30b-m,dummy-lora-7b-rank-32-3,512,49,347.43569879871626
6284,dummy-llama-30b-m,dummy-lora-7b-rank-64-0,412,13,347.4798559474922
6285,dummy-llama-30b-m,dummy-lora-7b-rank-32-2,814,2,347.49470900373154
6286,dummy-llama-30b-m,dummy-lora-7b-rank-128-4,352,12,347.59793302379956
6287,dummy-llama-30b-m,dummy-lora-7b-rank-16-2,606,46,347.76044670246006
6288,dummy-llama-30b-m,dummy-lora-7b-rank-32-2,363,34,347.8706759827142
6289,dummy-llama-30b-m,dummy-lora-7b-rank-64-2,310,42,348.0028411877281
6290,dummy-llama-30b-m,dummy-lora-7b-rank-8-3,610,111,348.03261585302636
6291,dummy-llama-30b-m,dummy-lora-7b-rank-64-2,159,139,348.03948267247927
6292,dummy-llama-30b-m,dummy-lora-7b-rank-32-2,819,112,348.16899245135767
6293,dummy-llama-30b-m,dummy-lora-7b-rank-8-4,99,56,348.19558760525223
6294,dummy-llama-30b-m,dummy-lora-7b-rank-8-3,581,135,348.30984380201136
6295,dummy-llama-30b-m,dummy-lora-7b-rank-32-0,554,22,348.39140014636484
6296,dummy-llama-30b-m,dummy-lora-7b-rank-32-1,712,156,348.42800644939376
6297,dummy-llama-30b-m,dummy-lora-7b-rank-32-0,285,10,348.49971966688577
6298,dummy-llama-30b-m,dummy-lora-7b-rank-128-0,554,2,348.50083888665864
6299,dummy-llama-30b-m,dummy-lora-7b-rank-16-3,272,57,348.5221479219667
6300,dummy-llama-30b-m,dummy-lora-7b-rank-16-2,570,27,348.5452669212676
6301,dummy-llama-30b-m,dummy-lora-7b-rank-128-4,588,96,348.59251487467924
6302,dummy-llama-30b-m,dummy-lora-7b-rank-64-3,546,8,348.6069763685898
6303,dummy-llama-30b-m,dummy-lora-7b-rank-32-1,594,26,348.6554950442069
6304,dummy-llama-30b-m,dummy-lora-7b-rank-8-3,566,26,348.8138989242434
6305,dummy-llama-30b-m,dummy-lora-7b-rank-64-2,511,48,348.9004287156653
6306,dummy-llama-30b-m,dummy-lora-7b-rank-64-0,641,20,348.93144778236876
6307,dummy-llama-30b-m,dummy-lora-7b-rank-32-0,310,54,348.97382670818246
6308,dummy-llama-30b-m,dummy-lora-7b-rank-64-0,258,46,349.04898517318776
6309,dummy-llama-30b-m,dummy-lora-7b-rank-64-3,558,20,349.08014206836816
6310,dummy-llama-30b-m,dummy-lora-7b-rank-32-0,622,3,349.0968300097853
6311,dummy-llama-30b-m,dummy-lora-7b-rank-8-2,889,17,349.2052584516143
6312,dummy-llama-30b-m,dummy-lora-7b-rank-64-2,605,27,349.23140092085833
6313,dummy-llama-30b-m,dummy-lora-7b-rank-16-1,788,59,349.3068413686275
6314,dummy-llama-30b-m,dummy-lora-7b-rank-32-0,222,54,349.4560100424879
6315,dummy-llama-30b-m,dummy-lora-7b-rank-64-2,572,55,349.5902306405125
6316,dummy-llama-30b-m,dummy-lora-7b-rank-8-0,437,148,349.743090722622
6317,dummy-llama-30b-m,dummy-lora-7b-rank-128-3,398,43,349.7976143626923
6318,dummy-llama-30b-m,dummy-lora-7b-rank-8-2,284,6,349.8562478989101
6319,dummy-llama-30b-m,dummy-lora-7b-rank-16-1,378,45,349.86150842551746
6320,dummy-llama-30b-m,dummy-lora-7b-rank-16-2,684,28,349.87169156757983
6321,dummy-llama-30b-m,dummy-lora-7b-rank-64-4,118,49,349.9886592077644
6322,dummy-llama-30b-m,dummy-lora-7b-rank-16-4,580,70,350.0337852602435
6323,dummy-llama-30b-m,dummy-lora-7b-rank-64-4,574,33,350.11195949530963
6324,dummy-llama-30b-m,dummy-lora-7b-rank-16-0,546,16,350.1589363229012
6325,dummy-llama-30b-m,dummy-lora-7b-rank-128-4,539,78,350.20727735778564
6326,dummy-llama-30b-m,dummy-lora-7b-rank-64-4,916,44,350.4246135019336
6327,dummy-llama-30b-m,dummy-lora-7b-rank-8-3,372,44,350.5748071957596
6328,dummy-llama-30b-m,dummy-lora-7b-rank-64-0,606,49,350.68127871421035
6329,dummy-llama-30b-m,dummy-lora-7b-rank-32-4,781,27,350.70154385723447
6330,dummy-llama-30b-m,dummy-lora-7b-rank-64-1,357,150,350.78902551903707
6331,dummy-llama-30b-m,dummy-lora-7b-rank-32-3,406,137,350.78960293779505
6332,dummy-llama-30b-m,dummy-lora-7b-rank-8-1,84,51,350.7958896251741
6333,dummy-llama-30b-m,dummy-lora-7b-rank-32-2,560,89,350.85263635660453
6334,dummy-llama-30b-m,dummy-lora-7b-rank-16-4,368,57,350.92522881874504
6335,dummy-llama-30b-m,dummy-lora-7b-rank-32-0,560,23,350.97880794668055
6336,dummy-llama-30b-m,dummy-lora-7b-rank-16-2,337,51,351.0345662402087
6337,dummy-llama-30b-m,dummy-lora-7b-rank-64-1,619,27,351.0574274177179
6338,dummy-llama-30b-m,dummy-lora-7b-rank-128-2,58,51,351.0840681933595
6339,dummy-llama-30b-m,dummy-lora-7b-rank-16-4,572,30,351.12051833995025
6340,dummy-llama-30b-m,dummy-lora-7b-rank-8-1,286,148,351.13608469495955
6341,dummy-llama-30b-m,dummy-lora-7b-rank-32-2,734,6,351.2410414489353
6342,dummy-llama-30b-m,dummy-lora-7b-rank-8-1,183,98,351.266680360496
6343,dummy-llama-30b-m,dummy-lora-7b-rank-64-3,396,5,351.29289913447116
6344,dummy-llama-30b-m,dummy-lora-7b-rank-8-2,60,86,351.3284316654478
6345,dummy-llama-30b-m,dummy-lora-7b-rank-16-0,297,44,351.36962335722956
6346,dummy-llama-30b-m,dummy-lora-7b-rank-32-0,539,81,351.40862430009827
6347,dummy-llama-30b-m,dummy-lora-7b-rank-8-4,546,16,351.4463336210684
6348,dummy-llama-30b-m,dummy-lora-7b-rank-32-4,132,65,351.63213809874844
6349,dummy-llama-30b-m,dummy-lora-7b-rank-32-3,648,10,351.6770674433954
6350,dummy-llama-30b-m,dummy-lora-7b-rank-16-0,577,5,351.67719579163213
6351,dummy-llama-30b-m,dummy-lora-7b-rank-32-2,871,66,351.7406921050885
6352,dummy-llama-30b-m,dummy-lora-7b-rank-64-0,356,14,351.78952161862793
6353,dummy-llama-30b-m,dummy-lora-7b-rank-16-1,436,42,351.8029951610725
6354,dummy-llama-30b-m,dummy-lora-7b-rank-16-2,619,22,351.81894275184504
6355,dummy-llama-30b-m,dummy-lora-7b-rank-128-0,548,17,351.83790465033485
6356,dummy-llama-30b-m,dummy-lora-7b-rank-32-4,344,53,352.00352405034045
6357,dummy-llama-30b-m,dummy-lora-7b-rank-64-0,584,54,352.139942755923
6358,dummy-llama-30b-m,dummy-lora-7b-rank-8-2,167,87,352.23964933354904
6359,dummy-llama-30b-m,dummy-lora-7b-rank-16-4,303,8,352.26980234500815
6360,dummy-llama-30b-m,dummy-lora-7b-rank-32-2,564,28,352.3040137695432
6361,dummy-llama-30b-m,dummy-lora-7b-rank-16-4,554,18,352.3869971833561
6362,dummy-llama-30b-m,dummy-lora-7b-rank-32-0,568,27,352.4832127855822
6363,dummy-llama-30b-m,dummy-lora-7b-rank-64-1,169,119,352.4943953793696
6364,dummy-llama-30b-m,dummy-lora-7b-rank-16-0,577,118,352.6715182257223
6365,dummy-llama-30b-m,dummy-lora-7b-rank-16-2,584,17,352.75219212927584
6366,dummy-llama-30b-m,dummy-lora-7b-rank-8-2,248,41,352.76071419626527
6367,dummy-llama-30b-m,dummy-lora-7b-rank-8-0,324,52,352.81594292946056
6368,dummy-llama-30b-m,dummy-lora-7b-rank-32-1,915,26,352.83963502539865
6369,dummy-llama-30b-m,dummy-lora-7b-rank-16-2,355,9,352.84645207303345
6370,dummy-llama-30b-m,dummy-lora-7b-rank-64-1,417,48,352.9599719044483
6371,dummy-llama-30b-m,dummy-lora-7b-rank-128-0,585,6,352.9822519187525
6372,dummy-llama-30b-m,dummy-lora-7b-rank-8-1,487,32,352.9982831943577
6373,dummy-llama-30b-m,dummy-lora-7b-rank-8-1,831,54,353.00908494230504
6374,dummy-llama-30b-m,dummy-lora-7b-rank-64-3,206,143,353.14426569562085
6375,dummy-llama-30b-m,dummy-lora-7b-rank-64-3,356,34,353.1450009565455
6376,dummy-llama-30b-m,dummy-lora-7b-rank-64-2,101,27,353.20214983146855
6377,dummy-llama-30b-m,dummy-lora-7b-rank-128-4,182,107,353.22582178684866
6378,dummy-llama-30b-m,dummy-lora-7b-rank-128-3,384,39,353.275219116418
6379,dummy-llama-30b-m,dummy-lora-7b-rank-8-4,373,65,353.2945440129249
6380,dummy-llama-30b-m,dummy-lora-7b-rank-128-2,131,37,353.37411313894995
6381,dummy-llama-30b-m,dummy-lora-7b-rank-16-3,572,32,353.4463624088098
6382,dummy-llama-30b-m,dummy-lora-7b-rank-64-2,657,39,353.50613108162247
6383,dummy-llama-30b-m,dummy-lora-7b-rank-64-3,617,28,353.5102629095071
6384,dummy-llama-30b-m,dummy-lora-7b-rank-16-3,183,44,353.61316986495666
6385,dummy-llama-30b-m,dummy-lora-7b-rank-64-4,330,46,353.7474946121745
6386,dummy-llama-30b-m,dummy-lora-7b-rank-16-1,256,95,353.7761483374356
6387,dummy-llama-30b-m,dummy-lora-7b-rank-128-1,764,37,353.8029168058577
6388,dummy-llama-30b-m,dummy-lora-7b-rank-32-1,558,17,353.88832428993345
6389,dummy-llama-30b-m,dummy-lora-7b-rank-32-3,558,22,353.96135823002277
6390,dummy-llama-30b-m,dummy-lora-7b-rank-64-0,556,21,354.1204729941234
6391,dummy-llama-30b-m,dummy-lora-7b-rank-16-2,592,7,354.1511867801491
6392,dummy-llama-30b-m,dummy-lora-7b-rank-128-1,314,62,354.19345430742527
6393,dummy-llama-30b-m,dummy-lora-7b-rank-32-0,236,39,354.31761072923626
6394,dummy-llama-30b-m,dummy-lora-7b-rank-16-3,439,11,354.3893559203438
6395,dummy-llama-30b-m,dummy-lora-7b-rank-16-0,335,195,354.3965452635893
6396,dummy-llama-30b-m,dummy-lora-7b-rank-32-1,548,17,354.4893083453348
6397,dummy-llama-30b-m,dummy-lora-7b-rank-128-1,463,65,354.6023389188568
6398,dummy-llama-30b-m,dummy-lora-7b-rank-64-0,124,50,354.6329596164671
6399,dummy-llama-30b-m,dummy-lora-7b-rank-32-0,558,22,354.64130469065697
6400,dummy-llama-30b-m,dummy-lora-7b-rank-128-0,558,14,354.67803021244714
6401,dummy-llama-30b-m,dummy-lora-7b-rank-8-2,462,63,354.77473446567063
6402,dummy-llama-30b-m,dummy-lora-7b-rank-8-0,229,45,354.79810274523544
6403,dummy-llama-30b-m,dummy-lora-7b-rank-128-4,1005,3,354.8049933228465
6404,dummy-llama-30b-m,dummy-lora-7b-rank-32-2,552,11,355.0146525890582
6405,dummy-llama-30b-m,dummy-lora-7b-rank-8-4,574,7,355.2031361330333
6406,dummy-llama-30b-m,dummy-lora-7b-rank-8-3,554,89,355.2481898761261
6407,dummy-llama-30b-m,dummy-lora-7b-rank-16-4,660,56,355.2598091157937
6408,dummy-llama-30b-m,dummy-lora-7b-rank-16-3,562,27,355.4647121193076
6409,dummy-llama-30b-m,dummy-lora-7b-rank-16-2,212,77,355.4914747663567
6410,dummy-llama-30b-m,dummy-lora-7b-rank-16-0,262,7,355.4975578793946
6411,dummy-llama-30b-m,dummy-lora-7b-rank-128-3,260,36,355.5977541151143
6412,dummy-llama-30b-m,dummy-lora-7b-rank-128-1,504,85,355.6690899607264
6413,dummy-llama-30b-m,dummy-lora-7b-rank-8-3,303,8,355.75911670851065
6414,dummy-llama-30b-m,dummy-lora-7b-rank-32-4,556,9,355.7737686614381
6415,dummy-llama-30b-m,dummy-lora-7b-rank-16-4,914,148,355.7821262234688
6416,dummy-llama-30b-m,dummy-lora-7b-rank-64-0,908,14,355.7831380434539
6417,dummy-llama-30b-m,dummy-lora-7b-rank-32-0,240,59,355.8779850271453
6418,dummy-llama-30b-m,dummy-lora-7b-rank-16-2,603,19,355.88206365971695
6419,dummy-llama-30b-m,dummy-lora-7b-rank-64-3,560,23,355.8881691447317
6420,dummy-llama-30b-m,dummy-lora-7b-rank-64-4,558,24,356.06750362457757
6421,dummy-llama-30b-m,dummy-lora-7b-rank-8-3,550,55,356.0993802672156
6422,dummy-llama-30b-m,dummy-lora-7b-rank-32-0,400,9,356.15598249538215
6423,dummy-llama-30b-m,dummy-lora-7b-rank-64-2,97,41,356.2630826799781
6424,dummy-llama-30b-m,dummy-lora-7b-rank-64-4,403,71,356.29092337411345
6425,dummy-llama-30b-m,dummy-lora-7b-rank-32-3,130,44,356.3122799232807
6426,dummy-llama-30b-m,dummy-lora-7b-rank-8-2,590,21,356.40111635394845
6427,dummy-llama-30b-m,dummy-lora-7b-rank-8-1,482,6,356.4561934018265
6428,dummy-llama-30b-m,dummy-lora-7b-rank-32-1,323,16,356.50812163161015
6429,dummy-llama-30b-m,dummy-lora-7b-rank-64-0,341,10,356.5833658148101
6430,dummy-llama-30b-m,dummy-lora-7b-rank-128-2,534,58,356.6173662980383
6431,dummy-llama-30b-m,dummy-lora-7b-rank-64-3,918,17,356.65249498962703
6432,dummy-llama-30b-m,dummy-lora-7b-rank-128-1,548,17,356.73431591968955
6433,dummy-llama-30b-m,dummy-lora-7b-rank-16-2,558,22,356.7388158539722
6434,dummy-llama-30b-m,dummy-lora-7b-rank-8-1,579,58,356.82725232481823
6435,dummy-llama-30b-m,dummy-lora-7b-rank-8-2,801,63,356.84834955554635
6436,dummy-llama-30b-m,dummy-lora-7b-rank-16-0,756,2,356.8889492765195
6437,dummy-llama-30b-m,dummy-lora-7b-rank-16-0,609,20,356.8929726957602
6438,dummy-llama-30b-m,dummy-lora-7b-rank-8-2,556,21,356.93507931213975
6439,dummy-llama-30b-m,dummy-lora-7b-rank-64-2,309,40,357.0762706940394
6440,dummy-llama-30b-m,dummy-lora-7b-rank-16-1,280,153,357.165921088139
6441,dummy-llama-30b-m,dummy-lora-7b-rank-64-3,381,58,357.1669492843215
6442,dummy-llama-30b-m,dummy-lora-7b-rank-32-3,337,8,357.1992637144745
6443,dummy-llama-30b-m,dummy-lora-7b-rank-128-1,535,41,357.2558526269201
6444,dummy-llama-30b-m,dummy-lora-7b-rank-128-4,525,17,357.5089029581186
6445,dummy-llama-30b-m,dummy-lora-7b-rank-32-3,222,10,357.60449437847996
6446,dummy-llama-30b-m,dummy-lora-7b-rank-8-3,414,47,357.61211282783273
6447,dummy-llama-30b-m,dummy-lora-7b-rank-64-3,768,32,357.63090473676647
6448,dummy-llama-30b-m,dummy-lora-7b-rank-32-1,562,24,357.71017669699074
6449,dummy-llama-30b-m,dummy-lora-7b-rank-16-2,603,30,357.7358981931672
6450,dummy-llama-30b-m,dummy-lora-7b-rank-16-0,354,37,357.75138697982914
6451,dummy-llama-30b-m,dummy-lora-7b-rank-32-0,108,54,357.75193510611643
6452,dummy-llama-30b-m,dummy-lora-7b-rank-64-0,179,34,357.78250679656315
6453,dummy-llama-30b-m,dummy-lora-7b-rank-16-2,249,40,357.86021633607714
6454,dummy-llama-30b-m,dummy-lora-7b-rank-32-1,558,10,357.91669561618477
6455,dummy-llama-30b-m,dummy-lora-7b-rank-64-1,370,61,358.061526048809
6456,dummy-llama-30b-m,dummy-lora-7b-rank-16-3,226,5,358.0633002858192
6457,dummy-llama-30b-m,dummy-lora-7b-rank-64-0,778,20,358.1082570509906
6458,dummy-llama-30b-m,dummy-lora-7b-rank-8-2,558,21,358.21376978539223
6459,dummy-llama-30b-m,dummy-lora-7b-rank-8-4,580,14,358.31300792278336
6460,dummy-llama-30b-m,dummy-lora-7b-rank-16-0,574,17,358.4312735405193
6461,dummy-llama-30b-m,dummy-lora-7b-rank-8-0,208,13,358.48426389384474
6462,dummy-llama-30b-m,dummy-lora-7b-rank-64-1,259,32,358.51939540130036
6463,dummy-llama-30b-m,dummy-lora-7b-rank-8-4,698,18,358.6177473649834
6464,dummy-llama-30b-m,dummy-lora-7b-rank-8-2,155,123,358.6213472226163
6465,dummy-llama-30b-m,dummy-lora-7b-rank-128-1,705,102,358.71005964159593
6466,dummy-llama-30b-m,dummy-lora-7b-rank-64-4,562,21,358.77709359582167
6467,dummy-llama-30b-m,dummy-lora-7b-rank-32-3,912,91,359.19618055380414
6468,dummy-llama-30b-m,dummy-lora-7b-rank-8-2,138,19,359.36630154071037
6469,dummy-llama-30b-m,dummy-lora-7b-rank-8-3,347,14,359.3963797218103
6470,dummy-llama-30b-m,dummy-lora-7b-rank-8-3,435,61,359.4127795563311
6471,dummy-llama-30b-m,dummy-lora-7b-rank-128-2,448,38,359.46222915728237
6472,dummy-llama-30b-m,dummy-lora-7b-rank-128-2,561,21,359.4993143936563
6473,dummy-llama-30b-m,dummy-lora-7b-rank-16-2,518,53,359.5273107133269
6474,dummy-llama-30b-m,dummy-lora-7b-rank-128-0,470,48,359.5678819266118
6475,dummy-llama-30b-m,dummy-lora-7b-rank-128-4,352,9,359.62296360757557
6476,dummy-llama-30b-m,dummy-lora-7b-rank-8-3,460,72,359.6649720967883
6477,dummy-llama-30b-m,dummy-lora-7b-rank-128-2,251,41,359.7895889482407
6478,dummy-llama-30b-m,dummy-lora-7b-rank-128-0,559,8,359.9214380114422
6479,dummy-llama-30b-m,dummy-lora-7b-rank-64-3,242,53,360.001624214218
6480,dummy-llama-30b-m,dummy-lora-7b-rank-32-4,181,120,360.2067187187149
6481,dummy-llama-30b-m,dummy-lora-7b-rank-64-1,699,7,360.21032172358287
6482,dummy-llama-30b-m,dummy-lora-7b-rank-128-3,476,33,360.2495322640887
6483,dummy-llama-30b-m,dummy-lora-7b-rank-8-4,898,76,360.31397928141473
6484,dummy-llama-30b-m,dummy-lora-7b-rank-16-1,306,50,360.33609612495616
6485,dummy-llama-30b-m,dummy-lora-7b-rank-16-1,589,42,360.39396844242935
6486,dummy-llama-30b-m,dummy-lora-7b-rank-32-4,524,42,360.3985660801085
6487,dummy-llama-30b-m,dummy-lora-7b-rank-16-1,568,27,360.4033486654459
6488,dummy-llama-30b-m,dummy-lora-7b-rank-128-0,586,11,360.44787091597163
6489,dummy-llama-30b-m,dummy-lora-7b-rank-128-1,123,52,360.45570025398706
6490,dummy-llama-30b-m,dummy-lora-7b-rank-128-3,346,39,360.51063380981003
6491,dummy-llama-30b-m,dummy-lora-7b-rank-32-1,205,69,360.6042605354776
6492,dummy-llama-30b-m,dummy-lora-7b-rank-128-3,699,110,360.6265214543146
6493,dummy-llama-30b-m,dummy-lora-7b-rank-128-4,566,67,360.6663134626278
6494,dummy-llama-30b-m,dummy-lora-7b-rank-128-2,608,227,360.7246456212311
6495,dummy-llama-30b-m,dummy-lora-7b-rank-128-1,613,19,360.74042028419245
6496,dummy-llama-30b-m,dummy-lora-7b-rank-64-3,406,52,360.76367669719014
6497,dummy-llama-30b-m,dummy-lora-7b-rank-32-1,202,57,360.7676849487743
6498,dummy-llama-30b-m,dummy-lora-7b-rank-64-2,576,70,360.83586876221284
6499,dummy-llama-30b-m,dummy-lora-7b-rank-8-2,862,183,360.8445807030513
6500,dummy-llama-30b-m,dummy-lora-7b-rank-64-1,385,54,360.8898802830047
6501,dummy-llama-30b-m,dummy-lora-7b-rank-16-1,554,20,360.92908160785845
6502,dummy-llama-30b-m,dummy-lora-7b-rank-64-3,594,16,360.93892883705115
6503,dummy-llama-30b-m,dummy-lora-7b-rank-16-0,555,69,360.9550733850698
6504,dummy-llama-30b-m,dummy-lora-7b-rank-32-0,965,9,360.9669207514135
6505,dummy-llama-30b-m,dummy-lora-7b-rank-64-2,316,72,360.98375067577837
6506,dummy-llama-30b-m,dummy-lora-7b-rank-128-3,319,47,361.018722654893
6507,dummy-llama-30b-m,dummy-lora-7b-rank-128-4,566,24,361.019551353549
6508,dummy-llama-30b-m,dummy-lora-7b-rank-64-0,381,53,361.214371256721
6509,dummy-llama-30b-m,dummy-lora-7b-rank-32-1,491,58,361.2464448418445
6510,dummy-llama-30b-m,dummy-lora-7b-rank-128-2,566,21,361.25308211007075
6511,dummy-llama-30b-m,dummy-lora-7b-rank-8-2,318,49,361.30193336592447
6512,dummy-llama-30b-m,dummy-lora-7b-rank-64-3,199,62,361.3323684512949
6513,dummy-llama-30b-m,dummy-lora-7b-rank-128-0,705,22,361.4038969086976
6514,dummy-llama-30b-m,dummy-lora-7b-rank-8-4,557,18,361.44621264487796
6515,dummy-llama-30b-m,dummy-lora-7b-rank-8-3,959,17,361.53074308321294
6516,dummy-llama-30b-m,dummy-lora-7b-rank-128-4,257,48,361.5926743677715
6517,dummy-llama-30b-m,dummy-lora-7b-rank-32-0,740,3,361.6407450945984
6518,dummy-llama-30b-m,dummy-lora-7b-rank-32-3,576,9,361.68957767044736
6519,dummy-llama-30b-m,dummy-lora-7b-rank-8-0,701,62,361.77389276793036
6520,dummy-llama-30b-m,dummy-lora-7b-rank-128-1,344,5,361.8270114191007
6521,dummy-llama-30b-m,dummy-lora-7b-rank-32-3,668,20,361.86935597257104
6522,dummy-llama-30b-m,dummy-lora-7b-rank-8-1,456,62,361.9092048791716
6523,dummy-llama-30b-m,dummy-lora-7b-rank-8-0,846,177,361.9491548288663
6524,dummy-llama-30b-m,dummy-lora-7b-rank-32-4,467,57,362.0540154477154
6525,dummy-llama-30b-m,dummy-lora-7b-rank-16-4,373,65,362.07095861743505
6526,dummy-llama-30b-m,dummy-lora-7b-rank-128-2,574,33,362.1834149015259
6527,dummy-llama-30b-m,dummy-lora-7b-rank-128-4,350,44,362.19404036413056
6528,dummy-llama-30b-m,dummy-lora-7b-rank-32-4,560,26,362.2270452522352
6529,dummy-llama-30b-m,dummy-lora-7b-rank-128-2,547,7,362.2966347119287
6530,dummy-llama-30b-m,dummy-lora-7b-rank-32-3,819,85,362.32360890469573
6531,dummy-llama-30b-m,dummy-lora-7b-rank-64-0,552,20,362.340758032425
6532,dummy-llama-30b-m,dummy-lora-7b-rank-128-2,192,51,362.41169573096056
6533,dummy-llama-30b-m,dummy-lora-7b-rank-64-1,617,27,362.4326074928545
6534,dummy-llama-30b-m,dummy-lora-7b-rank-32-4,550,18,362.5204517752599
6535,dummy-llama-30b-m,dummy-lora-7b-rank-32-3,573,70,362.5229713482429
6536,dummy-llama-30b-m,dummy-lora-7b-rank-8-0,239,3,362.5437433620932
6537,dummy-llama-30b-m,dummy-lora-7b-rank-64-3,201,121,362.54644153284977
6538,dummy-llama-30b-m,dummy-lora-7b-rank-64-4,192,3,362.6719992523752
6539,dummy-llama-30b-m,dummy-lora-7b-rank-16-3,828,53,362.7152163713822
6540,dummy-llama-30b-m,dummy-lora-7b-rank-64-2,835,123,362.7264805796156
6541,dummy-llama-30b-m,dummy-lora-7b-rank-128-0,566,28,362.73405639477903
6542,dummy-llama-30b-m,dummy-lora-7b-rank-128-1,622,30,362.75457020169335
6543,dummy-llama-30b-m,dummy-lora-7b-rank-32-3,466,128,362.7687793270104
6544,dummy-llama-30b-m,dummy-lora-7b-rank-64-4,578,89,362.82391466484165
6545,dummy-llama-30b-m,dummy-lora-7b-rank-64-4,563,25,362.8648223241017
6546,dummy-llama-30b-m,dummy-lora-7b-rank-128-2,558,25,362.8876550748306
6547,dummy-llama-30b-m,dummy-lora-7b-rank-16-2,847,157,362.93170787196453
6548,dummy-llama-30b-m,dummy-lora-7b-rank-64-1,609,19,363.06931347314094
6549,dummy-llama-30b-m,dummy-lora-7b-rank-128-4,726,8,363.11330778596226
6550,dummy-llama-30b-m,dummy-lora-7b-rank-8-1,610,44,363.11355208503284
6551,dummy-llama-30b-m,dummy-lora-7b-rank-8-0,625,27,363.139331400342
6552,dummy-llama-30b-m,dummy-lora-7b-rank-16-1,376,48,363.17656838200435
6553,dummy-llama-30b-m,dummy-lora-7b-rank-16-1,668,9,363.3114208720412
6554,dummy-llama-30b-m,dummy-lora-7b-rank-16-4,548,17,363.45241305650023
6555,dummy-llama-30b-m,dummy-lora-7b-rank-16-0,418,128,363.4979161863894
6556,dummy-llama-30b-m,dummy-lora-7b-rank-64-1,438,10,363.5830453857377
6557,dummy-llama-30b-m,dummy-lora-7b-rank-64-3,454,40,363.77795113577537
6558,dummy-llama-30b-m,dummy-lora-7b-rank-16-3,457,67,363.81063046488373
6559,dummy-llama-30b-m,dummy-lora-7b-rank-16-2,619,20,363.83116751118104
6560,dummy-llama-30b-m,dummy-lora-7b-rank-16-2,345,42,363.9195354014903
6561,dummy-llama-30b-m,dummy-lora-7b-rank-64-0,190,74,363.9555270426154
6562,dummy-llama-30b-m,dummy-lora-7b-rank-128-3,710,72,364.01713891940864
6563,dummy-llama-30b-m,dummy-lora-7b-rank-128-3,347,107,364.0552319422474
6564,dummy-llama-30b-m,dummy-lora-7b-rank-32-3,413,60,364.09661240185744
6565,dummy-llama-30b-m,dummy-lora-7b-rank-32-3,554,20,364.1044216839639
6566,dummy-llama-30b-m,dummy-lora-7b-rank-32-3,898,13,364.106690661554
6567,dummy-llama-30b-m,dummy-lora-7b-rank-8-3,150,120,364.31813123265727
6568,dummy-llama-30b-m,dummy-lora-7b-rank-32-0,878,77,364.3738364716078
6569,dummy-llama-30b-m,dummy-lora-7b-rank-16-3,568,25,364.39174816137574
6570,dummy-llama-30b-m,dummy-lora-7b-rank-128-0,558,25,364.4319126157428
6571,dummy-llama-30b-m,dummy-lora-7b-rank-128-1,595,9,364.4799067057877
6572,dummy-llama-30b-m,dummy-lora-7b-rank-128-2,550,19,364.6119311070194
6573,dummy-llama-30b-m,dummy-lora-7b-rank-64-0,603,32,364.63104013635376
6574,dummy-llama-30b-m,dummy-lora-7b-rank-128-0,391,79,364.71057291596446
6575,dummy-llama-30b-m,dummy-lora-7b-rank-64-2,555,44,364.75207012647036
6576,dummy-llama-30b-m,dummy-lora-7b-rank-8-0,588,17,364.76985119596026
6577,dummy-llama-30b-m,dummy-lora-7b-rank-8-1,607,67,364.84839781962427
6578,dummy-llama-30b-m,dummy-lora-7b-rank-32-4,476,7,364.86441946445433
6579,dummy-llama-30b-m,dummy-lora-7b-rank-128-4,550,18,364.8949331278121
6580,dummy-llama-30b-m,dummy-lora-7b-rank-8-1,509,40,364.9578615628044
6581,dummy-llama-30b-m,dummy-lora-7b-rank-128-0,160,117,365.0369878311532
6582,dummy-llama-30b-m,dummy-lora-7b-rank-32-2,176,88,365.1389688387147
6583,dummy-llama-30b-m,dummy-lora-7b-rank-64-1,584,36,365.20830802357034
6584,dummy-llama-30b-m,dummy-lora-7b-rank-128-1,654,14,365.22151665398803
6585,dummy-llama-30b-m,dummy-lora-7b-rank-32-3,605,17,365.2392125781742
6586,dummy-llama-30b-m,dummy-lora-7b-rank-8-3,516,81,365.3379828732792
6587,dummy-llama-30b-m,dummy-lora-7b-rank-64-4,164,134,365.41804974796213
6588,dummy-llama-30b-m,dummy-lora-7b-rank-128-2,359,36,365.45206163454367
6589,dummy-llama-30b-m,dummy-lora-7b-rank-32-0,60,110,365.4896762232814
6590,dummy-llama-30b-m,dummy-lora-7b-rank-64-4,430,233,365.56823581532205
6591,dummy-llama-30b-m,dummy-lora-7b-rank-128-0,638,8,365.5753274773885
6592,dummy-llama-30b-m,dummy-lora-7b-rank-32-0,661,66,365.5990939560464
6593,dummy-llama-30b-m,dummy-lora-7b-rank-32-2,453,31,365.6046481866184
6594,dummy-llama-30b-m,dummy-lora-7b-rank-8-4,755,86,365.6369506142276
6595,dummy-llama-30b-m,dummy-lora-7b-rank-16-2,971,11,365.6763894168005
6596,dummy-llama-30b-m,dummy-lora-7b-rank-32-1,393,8,365.680062935177
6597,dummy-llama-30b-m,dummy-lora-7b-rank-128-1,312,55,365.6943322686358
6598,dummy-llama-30b-m,dummy-lora-7b-rank-32-0,307,48,365.73046102502485
6599,dummy-llama-30b-m,dummy-lora-7b-rank-128-4,687,7,365.81558439452596
6600,dummy-llama-30b-m,dummy-lora-7b-rank-128-0,654,3,365.87400939276847
6601,dummy-llama-30b-m,dummy-lora-7b-rank-128-2,451,38,365.97250833810915
6602,dummy-llama-30b-m,dummy-lora-7b-rank-64-3,266,75,366.0897304469179
6603,dummy-llama-30b-m,dummy-lora-7b-rank-32-1,554,9,366.1006272362583
6604,dummy-llama-30b-m,dummy-lora-7b-rank-16-3,655,20,366.1734587266063
6605,dummy-llama-30b-m,dummy-lora-7b-rank-128-3,556,21,366.2344078272651
6606,dummy-llama-30b-m,dummy-lora-7b-rank-128-2,294,44,366.24560881184846
6607,dummy-llama-30b-m,dummy-lora-7b-rank-128-1,629,19,366.4257479149273
6608,dummy-llama-30b-m,dummy-lora-7b-rank-64-3,176,46,366.4295710680628
6609,dummy-llama-30b-m,dummy-lora-7b-rank-128-4,281,57,366.4648515735212
6610,dummy-llama-30b-m,dummy-lora-7b-rank-128-0,358,49,366.5137246776745
6611,dummy-llama-30b-m,dummy-lora-7b-rank-32-2,452,50,366.54441872847883
6612,dummy-llama-30b-m,dummy-lora-7b-rank-16-1,923,16,366.54645102833143
6613,dummy-llama-30b-m,dummy-lora-7b-rank-32-4,558,21,366.6112444719976
6614,dummy-llama-30b-m,dummy-lora-7b-rank-128-1,505,70,366.62056433466825
6615,dummy-llama-30b-m,dummy-lora-7b-rank-32-0,562,27,366.78504385812795
6616,dummy-llama-30b-m,dummy-lora-7b-rank-32-2,687,19,366.7919231318747
6617,dummy-llama-30b-m,dummy-lora-7b-rank-8-2,159,35,366.9817574149307
6618,dummy-llama-30b-m,dummy-lora-7b-rank-16-2,927,68,366.9990640019415
6619,dummy-llama-30b-m,dummy-lora-7b-rank-128-3,364,10,367.13520513678566
6620,dummy-llama-30b-m,dummy-lora-7b-rank-32-3,505,6,367.14251122635267
6621,dummy-llama-30b-m,dummy-lora-7b-rank-64-2,621,47,367.2432515688877
6622,dummy-llama-30b-m,dummy-lora-7b-rank-128-0,553,8,367.33216316799934
6623,dummy-llama-30b-m,dummy-lora-7b-rank-32-0,599,17,367.4442184704659
6624,dummy-llama-30b-m,dummy-lora-7b-rank-8-1,374,44,367.5765557720054
6625,dummy-llama-30b-m,dummy-lora-7b-rank-32-0,51,52,367.6231628246028
6626,dummy-llama-30b-m,dummy-lora-7b-rank-64-3,520,61,367.6334994638927
6627,dummy-llama-30b-m,dummy-lora-7b-rank-16-1,426,50,367.7970023252157
6628,dummy-llama-30b-m,dummy-lora-7b-rank-8-2,617,19,367.8226768423043
6629,dummy-llama-30b-m,dummy-lora-7b-rank-16-3,556,49,367.86593833781353
6630,dummy-llama-30b-m,dummy-lora-7b-rank-16-2,575,19,367.9353298039297
6631,dummy-llama-30b-m,dummy-lora-7b-rank-32-4,1021,69,368.0019511254359
6632,dummy-llama-30b-m,dummy-lora-7b-rank-64-2,556,19,368.09130473347614
6633,dummy-llama-30b-m,dummy-lora-7b-rank-64-1,559,24,368.0952587129235
6634,dummy-llama-30b-m,dummy-lora-7b-rank-16-0,546,7,368.1131976350869
6635,dummy-llama-30b-m,dummy-lora-7b-rank-8-2,805,10,368.1185512313731
6636,dummy-llama-30b-m,dummy-lora-7b-rank-32-0,507,5,368.1294853071803
6637,dummy-llama-30b-m,dummy-lora-7b-rank-16-2,436,90,368.21708099633696
6638,dummy-llama-30b-m,dummy-lora-7b-rank-128-3,183,71,368.2795921192568
6639,dummy-llama-30b-m,dummy-lora-7b-rank-64-2,665,3,368.31440347320057
6640,dummy-llama-30b-m,dummy-lora-7b-rank-32-3,389,114,368.3391630316626
6641,dummy-llama-30b-m,dummy-lora-7b-rank-16-3,554,12,368.34518583822586
6642,dummy-llama-30b-m,dummy-lora-7b-rank-32-2,374,97,368.3843794108995
6643,dummy-llama-30b-m,dummy-lora-7b-rank-32-4,546,16,368.40042697600717
6644,dummy-llama-30b-m,dummy-lora-7b-rank-64-3,686,89,368.50041641792444
6645,dummy-llama-30b-m,dummy-lora-7b-rank-16-1,329,64,368.515148664064
6646,dummy-llama-30b-m,dummy-lora-7b-rank-16-2,148,76,368.6060812737138
6647,dummy-llama-30b-m,dummy-lora-7b-rank-64-2,271,47,368.79789612205036
6648,dummy-llama-30b-m,dummy-lora-7b-rank-8-0,357,69,368.8227242849971
6649,dummy-llama-30b-m,dummy-lora-7b-rank-64-1,213,40,368.88191361312295
6650,dummy-llama-30b-m,dummy-lora-7b-rank-32-0,282,6,368.8973237123137
6651,dummy-llama-30b-m,dummy-lora-7b-rank-128-3,573,46,368.9416019638336
6652,dummy-llama-30b-m,dummy-lora-7b-rank-8-2,227,52,368.95958818056494
6653,dummy-llama-30b-m,dummy-lora-7b-rank-64-0,607,9,369.10094410254214
6654,dummy-llama-30b-m,dummy-lora-7b-rank-32-2,516,41,369.1113387697912
6655,dummy-llama-30b-m,dummy-lora-7b-rank-32-0,568,19,369.1460518474
6656,dummy-llama-30b-m,dummy-lora-7b-rank-16-1,408,7,369.1544533357331
6657,dummy-llama-30b-m,dummy-lora-7b-rank-32-0,548,17,369.2050900685792
6658,dummy-llama-30b-m,dummy-lora-7b-rank-128-4,385,62,369.32624887566686
6659,dummy-llama-30b-m,dummy-lora-7b-rank-32-4,753,62,369.3375210051077
6660,dummy-llama-30b-m,dummy-lora-7b-rank-16-3,394,8,369.3905765897609
6661,dummy-llama-30b-m,dummy-lora-7b-rank-8-3,612,7,369.4293280081121
6662,dummy-llama-30b-m,dummy-lora-7b-rank-64-0,276,154,369.43617513254173
6663,dummy-llama-30b-m,dummy-lora-7b-rank-128-2,566,26,369.54183313844055
6664,dummy-llama-30b-m,dummy-lora-7b-rank-128-2,603,19,369.6367403240082
6665,dummy-llama-30b-m,dummy-lora-7b-rank-16-3,580,34,369.69846148166516
6666,dummy-llama-30b-m,dummy-lora-7b-rank-32-1,552,19,369.7245674346264
6667,dummy-llama-30b-m,dummy-lora-7b-rank-16-4,56,54,369.7554222755799
6668,dummy-llama-30b-m,dummy-lora-7b-rank-64-2,342,27,369.7737179578537
6669,dummy-llama-30b-m,dummy-lora-7b-rank-16-0,509,75,369.774601763012
6670,dummy-llama-30b-m,dummy-lora-7b-rank-64-1,548,12,369.7759985404792
6671,dummy-llama-30b-m,dummy-lora-7b-rank-128-0,629,45,369.92192716675675
6672,dummy-llama-30b-m,dummy-lora-7b-rank-16-0,114,66,369.93981892683206
6673,dummy-llama-30b-m,dummy-lora-7b-rank-64-2,556,21,370.0115332209142
6674,dummy-llama-30b-m,dummy-lora-7b-rank-8-1,237,45,370.0703197755944
6675,dummy-llama-30b-m,dummy-lora-7b-rank-16-2,346,32,370.1464159739288
6676,dummy-llama-30b-m,dummy-lora-7b-rank-16-1,485,82,370.15300074896015
6677,dummy-llama-30b-m,dummy-lora-7b-rank-128-0,550,18,370.2075299653675
6678,dummy-llama-30b-m,dummy-lora-7b-rank-16-0,639,17,370.3183936597355
6679,dummy-llama-30b-m,dummy-lora-7b-rank-32-4,269,108,370.37364454571195
6680,dummy-llama-30b-m,dummy-lora-7b-rank-32-3,298,44,370.38629427314333
6681,dummy-llama-30b-m,dummy-lora-7b-rank-8-0,218,47,370.4267048214744
6682,dummy-llama-30b-m,dummy-lora-7b-rank-128-1,588,83,370.43894850077334
6683,dummy-llama-30b-m,dummy-lora-7b-rank-32-4,233,188,370.4512466545705
6684,dummy-llama-30b-m,dummy-lora-7b-rank-128-1,269,13,370.4652774562951
6685,dummy-llama-30b-m,dummy-lora-7b-rank-32-3,556,21,370.4654186776901
6686,dummy-llama-30b-m,dummy-lora-7b-rank-64-2,562,16,370.54268868354
6687,dummy-llama-30b-m,dummy-lora-7b-rank-32-4,475,69,370.55406285854116
6688,dummy-llama-30b-m,dummy-lora-7b-rank-32-1,568,19,370.5606797133851
6689,dummy-llama-30b-m,dummy-lora-7b-rank-128-0,558,22,370.58413765349104
6690,dummy-llama-30b-m,dummy-lora-7b-rank-32-2,363,70,370.62480576551945
6691,dummy-llama-30b-m,dummy-lora-7b-rank-128-4,572,24,370.74343285508576
6692,dummy-llama-30b-m,dummy-lora-7b-rank-32-0,186,46,370.8913770389029
6693,dummy-llama-30b-m,dummy-lora-7b-rank-16-4,471,51,371.2236920297634
6694,dummy-llama-30b-m,dummy-lora-7b-rank-32-0,658,56,371.24642850739167
6695,dummy-llama-30b-m,dummy-lora-7b-rank-8-1,122,19,371.3349810225569
6696,dummy-llama-30b-m,dummy-lora-7b-rank-16-4,173,63,371.34971894848326
6697,dummy-llama-30b-m,dummy-lora-7b-rank-64-3,552,50,371.43765027288373
6698,dummy-llama-30b-m,dummy-lora-7b-rank-16-1,55,50,371.481862464974
6699,dummy-llama-30b-m,dummy-lora-7b-rank-32-0,612,67,371.51361565510956
6700,dummy-llama-30b-m,dummy-lora-7b-rank-16-2,337,56,371.5178631883346
6701,dummy-llama-30b-m,dummy-lora-7b-rank-128-3,570,20,371.53535287103455
6702,dummy-llama-30b-m,dummy-lora-7b-rank-8-3,483,38,371.5509232889452
6703,dummy-llama-30b-m,dummy-lora-7b-rank-8-3,552,11,371.60411170944235
6704,dummy-llama-30b-m,dummy-lora-7b-rank-64-0,970,250,371.7367388380378
6705,dummy-llama-30b-m,dummy-lora-7b-rank-64-0,284,60,371.7656534327279
6706,dummy-llama-30b-m,dummy-lora-7b-rank-128-4,711,30,371.924277295232
6707,dummy-llama-30b-m,dummy-lora-7b-rank-128-0,266,9,372.0770831940195
6708,dummy-llama-30b-m,dummy-lora-7b-rank-32-4,432,92,372.1108392441679
6709,dummy-llama-30b-m,dummy-lora-7b-rank-32-3,532,45,372.11599153922054
6710,dummy-llama-30b-m,dummy-lora-7b-rank-8-3,380,47,372.11829655085836
6711,dummy-llama-30b-m,dummy-lora-7b-rank-8-2,571,97,372.20767353564594
6712,dummy-llama-30b-m,dummy-lora-7b-rank-16-1,725,83,372.2120998352994
6713,dummy-llama-30b-m,dummy-lora-7b-rank-16-4,234,3,372.50420439581075
6714,dummy-llama-30b-m,dummy-lora-7b-rank-32-1,436,40,372.5268430081991
6715,dummy-llama-30b-m,dummy-lora-7b-rank-64-3,684,44,372.7164063584081
6716,dummy-llama-30b-m,dummy-lora-7b-rank-8-1,430,38,372.83721661575396
6717,dummy-llama-30b-m,dummy-lora-7b-rank-8-0,316,143,372.8529998074857
6718,dummy-llama-30b-m,dummy-lora-7b-rank-32-3,693,49,372.88031067738865
6719,dummy-llama-30b-m,dummy-lora-7b-rank-128-1,403,8,372.98504900473864
6720,dummy-llama-30b-m,dummy-lora-7b-rank-8-1,96,43,372.98985966407287
6721,dummy-llama-30b-m,dummy-lora-7b-rank-8-2,193,111,373.03940562200637
6722,dummy-llama-30b-m,dummy-lora-7b-rank-16-4,633,37,373.03986782820067
6723,dummy-llama-30b-m,dummy-lora-7b-rank-16-0,582,14,373.0968831840203
6724,dummy-llama-30b-m,dummy-lora-7b-rank-64-1,566,25,373.127261057717
6725,dummy-llama-30b-m,dummy-lora-7b-rank-128-0,309,84,373.1308061074557
6726,dummy-llama-30b-m,dummy-lora-7b-rank-16-0,562,26,373.14339906892013
6727,dummy-llama-30b-m,dummy-lora-7b-rank-128-2,552,17,373.2277490823876
6728,dummy-llama-30b-m,dummy-lora-7b-rank-32-4,320,11,373.28650138531
6729,dummy-llama-30b-m,dummy-lora-7b-rank-128-2,301,40,373.2923849727659
6730,dummy-llama-30b-m,dummy-lora-7b-rank-128-2,562,21,373.40612920752403
6731,dummy-llama-30b-m,dummy-lora-7b-rank-32-2,852,34,373.4787778412607
6732,dummy-llama-30b-m,dummy-lora-7b-rank-16-3,550,8,373.5397353626785
6733,dummy-llama-30b-m,dummy-lora-7b-rank-64-2,311,11,373.55879690664136
6734,dummy-llama-30b-m,dummy-lora-7b-rank-16-4,285,47,373.6174310831871
6735,dummy-llama-30b-m,dummy-lora-7b-rank-8-0,550,18,373.621235095742
6736,dummy-llama-30b-m,dummy-lora-7b-rank-32-1,883,19,373.6513695221717
6737,dummy-llama-30b-m,dummy-lora-7b-rank-16-3,546,16,373.71166233715286
6738,dummy-llama-30b-m,dummy-lora-7b-rank-128-3,117,52,373.7441027300899
6739,dummy-llama-30b-m,dummy-lora-7b-rank-32-2,554,22,373.74536112736035
6740,dummy-llama-30b-m,dummy-lora-7b-rank-64-3,435,93,373.865554913284
6741,dummy-llama-30b-m,dummy-lora-7b-rank-32-4,586,12,373.8868130417447
6742,dummy-llama-30b-m,dummy-lora-7b-rank-128-1,648,70,373.9036729535719
6743,dummy-llama-30b-m,dummy-lora-7b-rank-64-3,382,48,373.9192013991664
6744,dummy-llama-30b-m,dummy-lora-7b-rank-32-2,558,14,374.0012075541391
6745,dummy-llama-30b-m,dummy-lora-7b-rank-64-3,633,83,374.0701276605621
6746,dummy-llama-30b-m,dummy-lora-7b-rank-32-1,578,35,374.0701894614548
6747,dummy-llama-30b-m,dummy-lora-7b-rank-64-0,458,11,374.09837070296527
6748,dummy-llama-30b-m,dummy-lora-7b-rank-8-4,558,22,374.1397014734546
6749,dummy-llama-30b-m,dummy-lora-7b-rank-32-4,413,56,374.1509270090739
6750,dummy-llama-30b-m,dummy-lora-7b-rank-8-3,552,19,374.3704238270011
6751,dummy-llama-30b-m,dummy-lora-7b-rank-64-3,255,148,374.62389667903693
6752,dummy-llama-30b-m,dummy-lora-7b-rank-16-3,548,17,374.767983070152
6753,dummy-llama-30b-m,dummy-lora-7b-rank-16-1,165,125,374.8201209208205
6754,dummy-llama-30b-m,dummy-lora-7b-rank-32-4,734,50,374.8598171245292
6755,dummy-llama-30b-m,dummy-lora-7b-rank-8-2,614,22,374.9085551181639
6756,dummy-llama-30b-m,dummy-lora-7b-rank-128-1,589,21,374.96647340908044
6757,dummy-llama-30b-m,dummy-lora-7b-rank-64-0,247,44,375.0154243425379
6758,dummy-llama-30b-m,dummy-lora-7b-rank-8-1,778,83,375.0441266141127
6759,dummy-llama-30b-m,dummy-lora-7b-rank-8-1,836,42,375.08581460922323
6760,dummy-llama-30b-m,dummy-lora-7b-rank-16-4,628,15,375.1888605307662
6761,dummy-llama-30b-m,dummy-lora-7b-rank-128-1,746,44,375.20649604995435
6762,dummy-llama-30b-m,dummy-lora-7b-rank-32-1,684,56,375.3063612150983
6763,dummy-llama-30b-m,dummy-lora-7b-rank-32-1,496,33,375.3244267842352
6764,dummy-llama-30b-m,dummy-lora-7b-rank-8-4,592,22,375.36715240476286
6765,dummy-llama-30b-m,dummy-lora-7b-rank-32-2,208,147,375.3684447141784
6766,dummy-llama-30b-m,dummy-lora-7b-rank-16-3,552,19,375.37861797975273
6767,dummy-llama-30b-m,dummy-lora-7b-rank-8-0,536,26,375.418392780415
6768,dummy-llama-30b-m,dummy-lora-7b-rank-8-0,260,64,375.45275495543655
6769,dummy-llama-30b-m,dummy-lora-7b-rank-8-3,376,50,375.47506520018527
6770,dummy-llama-30b-m,dummy-lora-7b-rank-32-1,658,20,375.73624384845675
6771,dummy-llama-30b-m,dummy-lora-7b-rank-128-4,54,61,375.8395689813247
6772,dummy-llama-30b-m,dummy-lora-7b-rank-16-4,586,39,375.8430575085079
6773,dummy-llama-30b-m,dummy-lora-7b-rank-16-1,249,45,375.9259336251645
6774,dummy-llama-30b-m,dummy-lora-7b-rank-128-4,603,19,375.93771356405693
6775,dummy-llama-30b-m,dummy-lora-7b-rank-128-0,361,122,376.0696711638827
6776,dummy-llama-30b-m,dummy-lora-7b-rank-32-1,759,16,376.07424692158474
6777,dummy-llama-30b-m,dummy-lora-7b-rank-32-4,558,22,376.08182413455364
6778,dummy-llama-30b-m,dummy-lora-7b-rank-64-0,534,8,376.08400331537104
6779,dummy-llama-30b-m,dummy-lora-7b-rank-128-4,710,44,376.1741166432969
6780,dummy-llama-30b-m,dummy-lora-7b-rank-128-3,731,50,376.19517489958076
6781,dummy-llama-30b-m,dummy-lora-7b-rank-32-0,56,53,376.2959141776543
6782,dummy-llama-30b-m,dummy-lora-7b-rank-8-4,897,104,376.4308047132892
6783,dummy-llama-30b-m,dummy-lora-7b-rank-128-0,621,31,376.5380300623577
6784,dummy-llama-30b-m,dummy-lora-7b-rank-8-1,825,8,376.5560890926511
6785,dummy-llama-30b-m,dummy-lora-7b-rank-16-4,565,7,376.57874509919804
6786,dummy-llama-30b-m,dummy-lora-7b-rank-16-3,347,28,376.73648625690777
6787,dummy-llama-30b-m,dummy-lora-7b-rank-32-4,429,48,376.8605054797418
6788,dummy-llama-30b-m,dummy-lora-7b-rank-32-2,562,19,376.9141400398226
6789,dummy-llama-30b-m,dummy-lora-7b-rank-32-2,1005,23,376.9521703736358
6790,dummy-llama-30b-m,dummy-lora-7b-rank-32-4,712,7,376.96793632376733
6791,dummy-llama-30b-m,dummy-lora-7b-rank-128-2,329,44,377.140300368523
6792,dummy-llama-30b-m,dummy-lora-7b-rank-8-4,558,25,377.1615759531652
6793,dummy-llama-30b-m,dummy-lora-7b-rank-64-4,175,51,377.2633438304472
6794,dummy-llama-30b-m,dummy-lora-7b-rank-8-4,601,8,377.2675129539451
6795,dummy-llama-30b-m,dummy-lora-7b-rank-32-1,686,53,377.27327232147394
6796,dummy-llama-30b-m,dummy-lora-7b-rank-64-1,292,136,377.3109441302526
6797,dummy-llama-30b-m,dummy-lora-7b-rank-64-4,602,47,377.3111772792401
6798,dummy-llama-30b-m,dummy-lora-7b-rank-32-1,548,17,377.3129899539444
6799,dummy-llama-30b-m,dummy-lora-7b-rank-8-0,590,39,377.38640592976475
6800,dummy-llama-30b-m,dummy-lora-7b-rank-64-2,354,121,377.4676604130615
6801,dummy-llama-30b-m,dummy-lora-7b-rank-64-2,319,7,377.5130739111456
6802,dummy-llama-30b-m,dummy-lora-7b-rank-128-3,387,215,377.6287368094756
6803,dummy-llama-30b-m,dummy-lora-7b-rank-64-3,401,46,377.6886372282496
6804,dummy-llama-30b-m,dummy-lora-7b-rank-64-1,205,19,377.8288809877668
6805,dummy-llama-30b-m,dummy-lora-7b-rank-128-0,434,20,377.8343279019508
6806,dummy-llama-30b-m,dummy-lora-7b-rank-64-4,220,50,377.8531335205894
6807,dummy-llama-30b-m,dummy-lora-7b-rank-8-0,586,19,377.8806206637845
6808,dummy-llama-30b-m,dummy-lora-7b-rank-64-3,335,21,377.9853943348855
6809,dummy-llama-30b-m,dummy-lora-7b-rank-128-2,554,19,377.99989249998924
6810,dummy-llama-30b-m,dummy-lora-7b-rank-64-4,525,77,378.00090521666584
6811,dummy-llama-30b-m,dummy-lora-7b-rank-8-1,620,57,378.1028727074027
6812,dummy-llama-30b-m,dummy-lora-7b-rank-16-4,554,20,378.12279940149426
6813,dummy-llama-30b-m,dummy-lora-7b-rank-64-1,362,11,378.2698216722025
6814,dummy-llama-30b-m,dummy-lora-7b-rank-8-3,449,48,378.3286951123103
6815,dummy-llama-30b-m,dummy-lora-7b-rank-16-0,473,14,378.4270317302631
6816,dummy-llama-30b-m,dummy-lora-7b-rank-8-0,314,8,378.4437133791275
6817,dummy-llama-30b-m,dummy-lora-7b-rank-16-3,421,53,378.5055671355069
6818,dummy-llama-30b-m,dummy-lora-7b-rank-64-4,665,17,378.56744393623615
6819,dummy-llama-30b-m,dummy-lora-7b-rank-128-1,647,16,378.70959096207804
6820,dummy-llama-30b-m,dummy-lora-7b-rank-32-3,621,27,378.75884389496935
6821,dummy-llama-30b-m,dummy-lora-7b-rank-16-1,597,16,378.8194384193614
6822,dummy-llama-30b-m,dummy-lora-7b-rank-64-4,552,10,378.8235778065603
6823,dummy-llama-30b-m,dummy-lora-7b-rank-128-2,382,45,378.8333027366859
6824,dummy-llama-30b-m,dummy-lora-7b-rank-8-4,591,14,379.03040750648034
6825,dummy-llama-30b-m,dummy-lora-7b-rank-8-3,462,43,379.0552147756541
6826,dummy-llama-30b-m,dummy-lora-7b-rank-16-0,549,62,379.0846410350425
6827,dummy-llama-30b-m,dummy-lora-7b-rank-16-3,408,8,379.08759136395383
6828,dummy-llama-30b-m,dummy-lora-7b-rank-64-4,580,36,379.2218029111929
6829,dummy-llama-30b-m,dummy-lora-7b-rank-8-3,608,17,379.2584612943193
6830,dummy-llama-30b-m,dummy-lora-7b-rank-32-4,131,44,379.27284949683104
6831,dummy-llama-30b-m,dummy-lora-7b-rank-16-2,564,18,379.2955888278713
6832,dummy-llama-30b-m,dummy-lora-7b-rank-16-0,611,20,379.34088336007477
6833,dummy-llama-30b-m,dummy-lora-7b-rank-128-0,412,15,379.41103020994126
6834,dummy-llama-30b-m,dummy-lora-7b-rank-128-1,579,95,379.51786681696706
6835,dummy-llama-30b-m,dummy-lora-7b-rank-8-2,770,39,379.70060970786295
6836,dummy-llama-30b-m,dummy-lora-7b-rank-32-2,556,26,379.76177006167086
6837,dummy-llama-30b-m,dummy-lora-7b-rank-16-3,761,26,379.80136272105165
6838,dummy-llama-30b-m,dummy-lora-7b-rank-64-0,354,11,379.8420902143605
6839,dummy-llama-30b-m,dummy-lora-7b-rank-128-3,614,114,379.8969170419776
6840,dummy-llama-30b-m,dummy-lora-7b-rank-64-0,518,43,379.95230393355666
6841,dummy-llama-30b-m,dummy-lora-7b-rank-32-4,498,13,379.95376520695623
6842,dummy-llama-30b-m,dummy-lora-7b-rank-64-1,554,20,380.01449435720144
6843,dummy-llama-30b-m,dummy-lora-7b-rank-128-0,167,57,380.08298216202996
6844,dummy-llama-30b-m,dummy-lora-7b-rank-8-0,730,37,380.0952099740452
6845,dummy-llama-30b-m,dummy-lora-7b-rank-8-4,560,24,380.09588207318154
6846,dummy-llama-30b-m,dummy-lora-7b-rank-128-3,315,39,380.20095963099595
6847,dummy-llama-30b-m,dummy-lora-7b-rank-8-4,558,21,380.34156777795164
6848,dummy-llama-30b-m,dummy-lora-7b-rank-8-1,546,16,380.3491515103437
6849,dummy-llama-30b-m,dummy-lora-7b-rank-16-1,677,23,380.417099756528
6850,dummy-llama-30b-m,dummy-lora-7b-rank-8-3,591,66,380.43145418030406
6851,dummy-llama-30b-m,dummy-lora-7b-rank-128-2,551,11,380.56546234325106
6852,dummy-llama-30b-m,dummy-lora-7b-rank-32-3,108,6,380.62223690488844
6853,dummy-llama-30b-m,dummy-lora-7b-rank-8-0,653,69,380.6432694386282
6854,dummy-llama-30b-m,dummy-lora-7b-rank-128-3,817,68,380.6739183381965
6855,dummy-llama-30b-m,dummy-lora-7b-rank-64-2,328,49,380.67499791026546
6856,dummy-llama-30b-m,dummy-lora-7b-rank-8-4,959,47,380.6949598680509
6857,dummy-llama-30b-m,dummy-lora-7b-rank-32-1,234,3,380.7702950915848
6858,dummy-llama-30b-m,dummy-lora-7b-rank-32-1,393,8,380.81902508206673
6859,dummy-llama-30b-m,dummy-lora-7b-rank-64-3,603,30,380.8563473217609
6860,dummy-llama-30b-m,dummy-lora-7b-rank-128-3,311,7,381.00516653612465
6861,dummy-llama-30b-m,dummy-lora-7b-rank-8-1,396,53,381.10609254651246
6862,dummy-llama-30b-m,dummy-lora-7b-rank-128-4,590,23,381.1321991830302
6863,dummy-llama-30b-m,dummy-lora-7b-rank-64-0,937,3,381.20508411623996
6864,dummy-llama-30b-m,dummy-lora-7b-rank-128-1,555,86,381.2059046102277
6865,dummy-llama-30b-m,dummy-lora-7b-rank-8-0,564,27,381.2955093498988
6866,dummy-llama-30b-m,dummy-lora-7b-rank-64-4,675,99,381.35442196838864
6867,dummy-llama-30b-m,dummy-lora-7b-rank-64-0,312,36,381.40253290078226
6868,dummy-llama-30b-m,dummy-lora-7b-rank-128-1,281,48,381.4340926972196
6869,dummy-llama-30b-m,dummy-lora-7b-rank-16-3,560,25,381.4603675391206
6870,dummy-llama-30b-m,dummy-lora-7b-rank-64-0,58,44,381.54287249177315
6871,dummy-llama-30b-m,dummy-lora-7b-rank-8-1,564,17,381.571595855139
6872,dummy-llama-30b-m,dummy-lora-7b-rank-32-4,629,47,381.5949308949365
6873,dummy-llama-30b-m,dummy-lora-7b-rank-64-3,550,18,381.6013685327343
6874,dummy-llama-30b-m,dummy-lora-7b-rank-128-3,552,70,381.66221399110276
6875,dummy-llama-30b-m,dummy-lora-7b-rank-128-1,401,95,381.69306834066487
6876,dummy-llama-30b-m,dummy-lora-7b-rank-16-3,547,223,381.70159580560227
6877,dummy-llama-30b-m,dummy-lora-7b-rank-64-1,175,26,381.70246091347974
6878,dummy-llama-30b-m,dummy-lora-7b-rank-32-1,332,36,381.7238538879533
6879,dummy-llama-30b-m,dummy-lora-7b-rank-128-3,611,23,381.8132150036374
6880,dummy-llama-30b-m,dummy-lora-7b-rank-32-4,600,4,381.8462298699025
6881,dummy-llama-30b-m,dummy-lora-7b-rank-64-1,267,48,381.97222233660665
6882,dummy-llama-30b-m,dummy-lora-7b-rank-8-4,534,68,382.0011024559764
6883,dummy-llama-30b-m,dummy-lora-7b-rank-8-2,137,19,382.1892793334871
6884,dummy-llama-30b-m,dummy-lora-7b-rank-32-1,477,12,382.2115174708903
6885,dummy-llama-30b-m,dummy-lora-7b-rank-64-0,537,33,382.2602772612156
6886,dummy-llama-30b-m,dummy-lora-7b-rank-16-4,1006,45,382.29257921621615
6887,dummy-llama-30b-m,dummy-lora-7b-rank-8-2,385,50,382.3668837297181
6888,dummy-llama-30b-m,dummy-lora-7b-rank-32-0,617,9,382.50874854735537
6889,dummy-llama-30b-m,dummy-lora-7b-rank-16-1,580,56,382.5593209951747
6890,dummy-llama-30b-m,dummy-lora-7b-rank-16-4,165,41,382.61440263029886
6891,dummy-llama-30b-m,dummy-lora-7b-rank-128-2,613,41,382.63313314620495
6892,dummy-llama-30b-m,dummy-lora-7b-rank-16-2,582,34,382.67929200691543
6893,dummy-llama-30b-m,dummy-lora-7b-rank-8-1,602,55,382.7987811883132
6894,dummy-llama-30b-m,dummy-lora-7b-rank-128-2,554,18,382.83521651680513
6895,dummy-llama-30b-m,dummy-lora-7b-rank-128-0,733,53,382.84879978242225
6896,dummy-llama-30b-m,dummy-lora-7b-rank-128-0,550,18,382.86921182303286
6897,dummy-llama-30b-m,dummy-lora-7b-rank-32-2,270,119,382.8819949745911
6898,dummy-llama-30b-m,dummy-lora-7b-rank-32-3,382,57,382.996012349609
6899,dummy-llama-30b-m,dummy-lora-7b-rank-8-4,470,85,382.9968851071131
6900,dummy-llama-30b-m,dummy-lora-7b-rank-16-3,352,5,383.0374512854534
6901,dummy-llama-30b-m,dummy-lora-7b-rank-64-1,578,33,383.06245910477094
6902,dummy-llama-30b-m,dummy-lora-7b-rank-32-3,660,7,383.07552576545874
6903,dummy-llama-30b-m,dummy-lora-7b-rank-128-3,360,45,383.1550033865514
6904,dummy-llama-30b-m,dummy-lora-7b-rank-64-0,665,9,383.1584179992449
6905,dummy-llama-30b-m,dummy-lora-7b-rank-128-4,351,7,383.1993176563336
6906,dummy-llama-30b-m,dummy-lora-7b-rank-32-4,605,20,383.22016631347486
6907,dummy-llama-30b-m,dummy-lora-7b-rank-32-0,566,26,383.2900775982683
6908,dummy-llama-30b-m,dummy-lora-7b-rank-16-4,564,25,383.366163998535
6909,dummy-llama-30b-m,dummy-lora-7b-rank-64-0,556,21,383.3922181443641
6910,dummy-llama-30b-m,dummy-lora-7b-rank-64-4,582,17,383.4747117661387
6911,dummy-llama-30b-m,dummy-lora-7b-rank-128-0,528,53,383.512594139542
6912,dummy-llama-30b-m,dummy-lora-7b-rank-16-2,761,100,383.52885886064837
6913,dummy-llama-30b-m,dummy-lora-7b-rank-128-3,465,10,383.59531930558256
6914,dummy-llama-30b-m,dummy-lora-7b-rank-64-1,885,3,383.596735133881
6915,dummy-llama-30b-m,dummy-lora-7b-rank-128-3,562,27,383.68572719378244
6916,dummy-llama-30b-m,dummy-lora-7b-rank-8-0,629,24,383.6998184124881
6917,dummy-llama-30b-m,dummy-lora-7b-rank-8-4,473,9,383.7801060264438
6918,dummy-llama-30b-m,dummy-lora-7b-rank-8-2,915,40,383.81604000162355
6919,dummy-llama-30b-m,dummy-lora-7b-rank-128-2,312,17,383.8371032219061
6920,dummy-llama-30b-m,dummy-lora-7b-rank-8-2,556,21,383.8516342244331
6921,dummy-llama-30b-m,dummy-lora-7b-rank-64-1,575,92,383.86506771466935
6922,dummy-llama-30b-m,dummy-lora-7b-rank-32-2,649,32,383.9230625998554
6923,dummy-llama-30b-m,dummy-lora-7b-rank-128-2,496,35,383.98019948890754
6924,dummy-llama-30b-m,dummy-lora-7b-rank-64-1,558,22,384.0048239249571
6925,dummy-llama-30b-m,dummy-lora-7b-rank-128-1,289,48,384.0083063236304
6926,dummy-llama-30b-m,dummy-lora-7b-rank-8-0,305,35,384.1335281413117
6927,dummy-llama-30b-m,dummy-lora-7b-rank-16-1,552,19,384.2338436332776
6928,dummy-llama-30b-m,dummy-lora-7b-rank-8-0,743,48,384.26222194855865
6929,dummy-llama-30b-m,dummy-lora-7b-rank-8-0,523,58,384.3233453771397
6930,dummy-llama-30b-m,dummy-lora-7b-rank-128-3,444,100,384.4069797366766
6931,dummy-llama-30b-m,dummy-lora-7b-rank-16-1,417,46,384.4251354629992
6932,dummy-llama-30b-m,dummy-lora-7b-rank-8-3,148,98,384.4256005201459
6933,dummy-llama-30b-m,dummy-lora-7b-rank-128-0,393,16,384.51966609137844
6934,dummy-llama-30b-m,dummy-lora-7b-rank-32-2,447,57,384.53118399168784
6935,dummy-llama-30b-m,dummy-lora-7b-rank-8-4,221,74,384.6320077006094
6936,dummy-llama-30b-m,dummy-lora-7b-rank-16-2,515,11,384.6371747379392
6937,dummy-llama-30b-m,dummy-lora-7b-rank-128-1,364,48,384.66346906058794
6938,dummy-llama-30b-m,dummy-lora-7b-rank-128-2,597,11,384.67968063878396
6939,dummy-llama-30b-m,dummy-lora-7b-rank-8-0,572,41,384.68296384999906
6940,dummy-llama-30b-m,dummy-lora-7b-rank-32-1,380,47,384.9246365471297
6941,dummy-llama-30b-m,dummy-lora-7b-rank-64-0,369,94,385.037420890569
6942,dummy-llama-30b-m,dummy-lora-7b-rank-8-3,359,40,385.12105491324763
6943,dummy-llama-30b-m,dummy-lora-7b-rank-16-3,632,61,385.1318434834874
6944,dummy-llama-30b-m,dummy-lora-7b-rank-16-4,129,53,385.14859116249175
6945,dummy-llama-30b-m,dummy-lora-7b-rank-16-1,594,39,385.2091838202299
6946,dummy-llama-30b-m,dummy-lora-7b-rank-128-2,266,48,385.2227536646229
6947,dummy-llama-30b-m,dummy-lora-7b-rank-128-3,123,70,385.240709370015
6948,dummy-llama-30b-m,dummy-lora-7b-rank-64-0,666,19,385.36334060345183
6949,dummy-llama-30b-m,dummy-lora-7b-rank-64-4,558,23,385.3694695098328
6950,dummy-llama-30b-m,dummy-lora-7b-rank-32-4,239,97,385.39383731986203
6951,dummy-llama-30b-m,dummy-lora-7b-rank-64-2,612,27,385.40093539161575
6952,dummy-llama-30b-m,dummy-lora-7b-rank-16-1,6,20,385.4334553657397
6953,dummy-llama-30b-m,dummy-lora-7b-rank-16-4,292,46,385.48824917215524
6954,dummy-llama-30b-m,dummy-lora-7b-rank-64-0,244,59,385.4909717701494
6955,dummy-llama-30b-m,dummy-lora-7b-rank-8-1,161,26,385.52735206041143
6956,dummy-llama-30b-m,dummy-lora-7b-rank-64-0,564,14,385.5904497571169
6957,dummy-llama-30b-m,dummy-lora-7b-rank-16-2,601,8,385.685144689571
6958,dummy-llama-30b-m,dummy-lora-7b-rank-16-0,552,17,385.7112959413727
6959,dummy-llama-30b-m,dummy-lora-7b-rank-8-3,472,7,385.7187533134635
6960,dummy-llama-30b-m,dummy-lora-7b-rank-8-4,638,45,385.73715996072656
6961,dummy-llama-30b-m,dummy-lora-7b-rank-16-0,129,67,385.737556446303
6962,dummy-llama-30b-m,dummy-lora-7b-rank-16-3,485,43,385.7898872127882
6963,dummy-llama-30b-m,dummy-lora-7b-rank-16-2,336,54,385.81609445478983
6964,dummy-llama-30b-m,dummy-lora-7b-rank-32-4,58,62,385.82390668851514
6965,dummy-llama-30b-m,dummy-lora-7b-rank-8-4,475,50,385.8312429140005
6966,dummy-llama-30b-m,dummy-lora-7b-rank-64-3,711,101,385.84585467816765
6967,dummy-llama-30b-m,dummy-lora-7b-rank-128-0,136,44,385.8518559180565
6968,dummy-llama-30b-m,dummy-lora-7b-rank-64-1,301,60,385.89108605408927
6969,dummy-llama-30b-m,dummy-lora-7b-rank-16-3,515,5,385.99665506242275
6970,dummy-llama-30b-m,dummy-lora-7b-rank-32-3,610,61,386.16340830423513
6971,dummy-llama-30b-m,dummy-lora-7b-rank-32-3,814,40,386.1760968495293
6972,dummy-llama-30b-m,dummy-lora-7b-rank-64-4,605,18,386.22057738390646
6973,dummy-llama-30b-m,dummy-lora-7b-rank-16-4,441,53,386.2563245638784
6974,dummy-llama-30b-m,dummy-lora-7b-rank-16-0,863,44,386.30681723281367
6975,dummy-llama-30b-m,dummy-lora-7b-rank-8-3,297,145,386.32717873842444
6976,dummy-llama-30b-m,dummy-lora-7b-rank-16-4,607,21,386.3328418949533
6977,dummy-llama-30b-m,dummy-lora-7b-rank-32-2,462,7,386.39601372706903
6978,dummy-llama-30b-m,dummy-lora-7b-rank-64-1,548,17,386.4093931378975
6979,dummy-llama-30b-m,dummy-lora-7b-rank-64-3,774,47,386.43769704809324
6980,dummy-llama-30b-m,dummy-lora-7b-rank-32-2,363,49,386.4440723538107
6981,dummy-llama-30b-m,dummy-lora-7b-rank-8-2,131,46,386.48934683103045
6982,dummy-llama-30b-m,dummy-lora-7b-rank-16-0,552,21,386.50068497499234
6983,dummy-llama-30b-m,dummy-lora-7b-rank-32-3,205,51,386.5090442479671
6984,dummy-llama-30b-m,dummy-lora-7b-rank-16-3,198,147,386.5273281913165
6985,dummy-llama-30b-m,dummy-lora-7b-rank-16-1,560,24,386.6617638988926
6986,dummy-llama-30b-m,dummy-lora-7b-rank-32-4,369,42,386.7476558942476
6987,dummy-llama-30b-m,dummy-lora-7b-rank-128-0,409,34,386.7485041015661
6988,dummy-llama-30b-m,dummy-lora-7b-rank-32-0,667,5,386.75031312566347
6989,dummy-llama-30b-m,dummy-lora-7b-rank-8-1,607,16,386.7532262921428
6990,dummy-llama-30b-m,dummy-lora-7b-rank-32-2,121,59,386.81072386552495
6991,dummy-llama-30b-m,dummy-lora-7b-rank-64-1,476,63,386.83085969360087
6992,dummy-llama-30b-m,dummy-lora-7b-rank-16-4,552,21,386.98471808917606
6993,dummy-llama-30b-m,dummy-lora-7b-rank-16-0,560,11,387.05774328672015
6994,dummy-llama-30b-m,dummy-lora-7b-rank-128-0,238,43,387.11752854330143
6995,dummy-llama-30b-m,dummy-lora-7b-rank-32-0,298,10,387.17791091424925
6996,dummy-llama-30b-m,dummy-lora-7b-rank-16-4,319,22,387.2223831659889
6997,dummy-llama-30b-m,dummy-lora-7b-rank-32-4,346,12,387.2763676748351
6998,dummy-llama-30b-m,dummy-lora-7b-rank-64-0,359,43,387.2881581333441
6999,dummy-llama-30b-m,dummy-lora-7b-rank-16-0,657,54,387.30230393670377
7000,dummy-llama-30b-m,dummy-lora-7b-rank-32-4,600,17,387.3198346173613
7001,dummy-llama-30b-m,dummy-lora-7b-rank-128-4,682,42,387.3844599705234
7002,dummy-llama-30b-m,dummy-lora-7b-rank-128-1,240,36,387.41233652907044
7003,dummy-llama-30b-m,dummy-lora-7b-rank-8-4,575,4,387.4233231346606
7004,dummy-llama-30b-m,dummy-lora-7b-rank-128-3,380,72,387.43019363547114
7005,dummy-llama-30b-m,dummy-lora-7b-rank-16-0,603,19,387.4374956595557
7006,dummy-llama-30b-m,dummy-lora-7b-rank-32-2,560,23,387.43761668833014
7007,dummy-llama-30b-m,dummy-lora-7b-rank-128-2,386,250,387.45075552838847
7008,dummy-llama-30b-m,dummy-lora-7b-rank-8-1,318,45,387.4727846882772
7009,dummy-llama-30b-m,dummy-lora-7b-rank-8-2,290,54,387.53786477308734
7010,dummy-llama-30b-m,dummy-lora-7b-rank-16-3,395,144,387.57599804470465
7011,dummy-llama-30b-m,dummy-lora-7b-rank-64-4,580,36,387.58827597592636
7012,dummy-llama-30b-m,dummy-lora-7b-rank-16-2,199,47,387.61267681112093
7013,dummy-llama-30b-m,dummy-lora-7b-rank-128-1,249,49,387.6512676030569
7014,dummy-llama-30b-m,dummy-lora-7b-rank-64-2,555,18,387.6733456600396
7015,dummy-llama-30b-m,dummy-lora-7b-rank-128-4,108,50,387.7042792979342
7016,dummy-llama-30b-m,dummy-lora-7b-rank-8-0,424,6,387.9080863609112
7017,dummy-llama-30b-m,dummy-lora-7b-rank-32-2,753,80,387.9480395622997
7018,dummy-llama-30b-m,dummy-lora-7b-rank-32-0,201,41,387.9783028808577
7019,dummy-llama-30b-m,dummy-lora-7b-rank-64-2,202,3,388.0946175485806
7020,dummy-llama-30b-m,dummy-lora-7b-rank-128-0,598,25,388.1921668722173
7021,dummy-llama-30b-m,dummy-lora-7b-rank-16-1,276,80,388.2537851375887
7022,dummy-llama-30b-m,dummy-lora-7b-rank-128-0,965,38,388.2596749943197
7023,dummy-llama-30b-m,dummy-lora-7b-rank-32-0,384,39,388.29836210339175
7024,dummy-llama-30b-m,dummy-lora-7b-rank-16-1,506,62,388.3011497149904
7025,dummy-llama-30b-m,dummy-lora-7b-rank-128-4,558,24,388.32516342002964
7026,dummy-llama-30b-m,dummy-lora-7b-rank-64-4,733,34,388.4087662333751
7027,dummy-llama-30b-m,dummy-lora-7b-rank-128-4,196,55,388.5259053215801
7028,dummy-llama-30b-m,dummy-lora-7b-rank-32-1,558,20,388.53527679324816
7029,dummy-llama-30b-m,dummy-lora-7b-rank-16-4,114,123,388.54306359788274
7030,dummy-llama-30b-m,dummy-lora-7b-rank-64-2,171,43,388.55452091383466
7031,dummy-llama-30b-m,dummy-lora-7b-rank-32-1,546,16,388.5943378309335
7032,dummy-llama-30b-m,dummy-lora-7b-rank-16-1,168,40,388.70297641912845
7033,dummy-llama-30b-m,dummy-lora-7b-rank-64-3,635,35,388.7421730836567
7034,dummy-llama-30b-m,dummy-lora-7b-rank-64-3,560,15,388.7899496222344
7035,dummy-llama-30b-m,dummy-lora-7b-rank-8-0,842,13,388.82343341619514
7036,dummy-llama-30b-m,dummy-lora-7b-rank-16-1,603,19,388.8687058068209
7037,dummy-llama-30b-m,dummy-lora-7b-rank-16-0,171,114,388.9703414068463
7038,dummy-llama-30b-m,dummy-lora-7b-rank-32-4,228,45,388.97594314394377
7039,dummy-llama-30b-m,dummy-lora-7b-rank-128-2,333,44,388.99132247154057
7040,dummy-llama-30b-m,dummy-lora-7b-rank-32-4,257,71,389.14232383250857
7041,dummy-llama-30b-m,dummy-lora-7b-rank-8-2,744,82,389.24495688407063
7042,dummy-llama-30b-m,dummy-lora-7b-rank-128-2,830,36,389.41920257178367
7043,dummy-llama-30b-m,dummy-lora-7b-rank-128-4,298,158,389.4240615130345
7044,dummy-llama-30b-m,dummy-lora-7b-rank-64-2,116,76,389.4755645859007
7045,dummy-llama-30b-m,dummy-lora-7b-rank-128-2,370,107,389.4779813976752
7046,dummy-llama-30b-m,dummy-lora-7b-rank-32-0,592,20,389.51417284010085
7047,dummy-llama-30b-m,dummy-lora-7b-rank-32-3,728,100,389.58635696075635
7048,dummy-llama-30b-m,dummy-lora-7b-rank-64-3,466,36,389.62483946885277
7049,dummy-llama-30b-m,dummy-lora-7b-rank-32-0,418,60,389.6548948877634
7050,dummy-llama-30b-m,dummy-lora-7b-rank-128-3,809,118,389.70141883642526
7051,dummy-llama-30b-m,dummy-lora-7b-rank-16-0,570,28,389.718305740726
7052,dummy-llama-30b-m,dummy-lora-7b-rank-32-1,609,21,389.7200593263281
7053,dummy-llama-30b-m,dummy-lora-7b-rank-8-0,461,190,389.73495111980674
7054,dummy-llama-30b-m,dummy-lora-7b-rank-8-1,801,105,389.7388787044761
7055,dummy-llama-30b-m,dummy-lora-7b-rank-64-3,209,44,389.76793770284246
7056,dummy-llama-30b-m,dummy-lora-7b-rank-128-1,313,10,389.9614053274395
7057,dummy-llama-30b-m,dummy-lora-7b-rank-16-1,245,52,389.96170101877954
7058,dummy-llama-30b-m,dummy-lora-7b-rank-8-3,481,14,390.0361093426753
7059,dummy-llama-30b-m,dummy-lora-7b-rank-8-4,552,19,390.10934050447514
7060,dummy-llama-30b-m,dummy-lora-7b-rank-32-0,629,24,390.156881711836
7061,dummy-llama-30b-m,dummy-lora-7b-rank-16-1,383,62,390.1880260613733
7062,dummy-llama-30b-m,dummy-lora-7b-rank-16-4,317,7,390.21744354910174
7063,dummy-llama-30b-m,dummy-lora-7b-rank-64-4,188,49,390.2867181834335
7064,dummy-llama-30b-m,dummy-lora-7b-rank-16-2,510,15,390.3410057705825
7065,dummy-llama-30b-m,dummy-lora-7b-rank-32-2,287,198,390.3498903282853
7066,dummy-llama-30b-m,dummy-lora-7b-rank-8-0,252,5,390.35910461253036
7067,dummy-llama-30b-m,dummy-lora-7b-rank-128-1,145,44,390.3730632385136
7068,dummy-llama-30b-m,dummy-lora-7b-rank-16-2,322,43,390.40388173469523
7069,dummy-llama-30b-m,dummy-lora-7b-rank-64-3,437,64,390.4676797136862
7070,dummy-llama-30b-m,dummy-lora-7b-rank-32-1,548,19,390.5067051905603
7071,dummy-llama-30b-m,dummy-lora-7b-rank-32-0,187,102,390.59206392479047
7072,dummy-llama-30b-m,dummy-lora-7b-rank-8-1,490,216,390.61778866447645
7073,dummy-llama-30b-m,dummy-lora-7b-rank-8-0,554,20,390.6192804568843
7074,dummy-llama-30b-m,dummy-lora-7b-rank-64-2,199,33,390.6448818180717
7075,dummy-llama-30b-m,dummy-lora-7b-rank-32-1,548,17,390.7616350597594
7076,dummy-llama-30b-m,dummy-lora-7b-rank-64-3,550,18,390.8604358078582
7077,dummy-llama-30b-m,dummy-lora-7b-rank-8-1,907,3,390.8748748264625
7078,dummy-llama-30b-m,dummy-lora-7b-rank-32-3,455,72,390.89274195797464
7079,dummy-llama-30b-m,dummy-lora-7b-rank-16-0,554,20,391.0451014427625
7080,dummy-llama-30b-m,dummy-lora-7b-rank-16-0,556,2,391.0897754254803
7081,dummy-llama-30b-m,dummy-lora-7b-rank-16-3,469,16,391.12106938591165
7082,dummy-llama-30b-m,dummy-lora-7b-rank-16-3,623,32,391.1748853624509
7083,dummy-llama-30b-m,dummy-lora-7b-rank-128-2,420,7,391.347410727277
7084,dummy-llama-30b-m,dummy-lora-7b-rank-16-2,550,18,391.371610022097
7085,dummy-llama-30b-m,dummy-lora-7b-rank-128-1,358,53,391.4410024244685
7086,dummy-llama-30b-m,dummy-lora-7b-rank-64-0,364,48,391.4431269376508
7087,dummy-llama-30b-m,dummy-lora-7b-rank-32-4,319,101,391.52703884758574
7088,dummy-llama-30b-m,dummy-lora-7b-rank-32-3,266,45,391.61720870668086
7089,dummy-llama-30b-m,dummy-lora-7b-rank-8-4,552,19,391.6973365036697
7090,dummy-llama-30b-m,dummy-lora-7b-rank-16-3,776,15,391.7054805463961
7091,dummy-llama-30b-m,dummy-lora-7b-rank-32-4,556,13,391.72000562263696
7092,dummy-llama-30b-m,dummy-lora-7b-rank-32-2,367,69,391.7398549808975
7093,dummy-llama-30b-m,dummy-lora-7b-rank-32-4,411,9,391.7497273108327
7094,dummy-llama-30b-m,dummy-lora-7b-rank-128-3,322,11,391.84441528468415
7095,dummy-llama-30b-m,dummy-lora-7b-rank-16-1,952,19,391.86883742886647
7096,dummy-llama-30b-m,dummy-lora-7b-rank-8-0,746,44,391.90065683221695
7097,dummy-llama-30b-m,dummy-lora-7b-rank-16-3,645,49,391.9074824420486
7098,dummy-llama-30b-m,dummy-lora-7b-rank-64-0,101,41,391.91091972715367
7099,dummy-llama-30b-m,dummy-lora-7b-rank-128-3,365,64,391.93456048839084
7100,dummy-llama-30b-m,dummy-lora-7b-rank-32-0,548,17,391.9689093241617
7101,dummy-llama-30b-m,dummy-lora-7b-rank-8-2,550,18,392.0049100267622
7102,dummy-llama-30b-m,dummy-lora-7b-rank-32-1,558,22,392.0240427495151
7103,dummy-llama-30b-m,dummy-lora-7b-rank-128-3,500,45,392.0767597373082
7104,dummy-llama-30b-m,dummy-lora-7b-rank-128-4,426,112,392.2688808117387
7105,dummy-llama-30b-m,dummy-lora-7b-rank-8-0,580,53,392.30146819129027
7106,dummy-llama-30b-m,dummy-lora-7b-rank-64-0,264,42,392.41117633710405
7107,dummy-llama-30b-m,dummy-lora-7b-rank-16-0,424,63,392.4605309817092
7108,dummy-llama-30b-m,dummy-lora-7b-rank-64-2,753,16,392.5115022566761
7109,dummy-llama-30b-m,dummy-lora-7b-rank-32-4,504,63,392.59855201161747
7110,dummy-llama-30b-m,dummy-lora-7b-rank-64-2,494,111,392.60300632127013
7111,dummy-llama-30b-m,dummy-lora-7b-rank-32-1,633,57,392.6270463000645
7112,dummy-llama-30b-m,dummy-lora-7b-rank-128-4,560,50,392.6314622421536
7113,dummy-llama-30b-m,dummy-lora-7b-rank-8-1,331,46,392.64299244349627
7114,dummy-llama-30b-m,dummy-lora-7b-rank-16-2,447,56,392.83125127066063
7115,dummy-llama-30b-m,dummy-lora-7b-rank-64-4,414,67,392.90267593654033
7116,dummy-llama-30b-m,dummy-lora-7b-rank-64-0,568,29,392.9518846007401
7117,dummy-llama-30b-m,dummy-lora-7b-rank-32-2,798,31,393.0649218078582
7118,dummy-llama-30b-m,dummy-lora-7b-rank-64-2,655,45,393.10723718893934
7119,dummy-llama-30b-m,dummy-lora-7b-rank-8-0,368,63,393.26707603284996
7120,dummy-llama-30b-m,dummy-lora-7b-rank-64-3,413,56,393.3213097185065
7121,dummy-llama-30b-m,dummy-lora-7b-rank-8-4,400,51,393.3320442555861
7122,dummy-llama-30b-m,dummy-lora-7b-rank-64-2,262,45,393.4685254980638
7123,dummy-llama-30b-m,dummy-lora-7b-rank-32-1,588,38,393.478177527359
7124,dummy-llama-30b-m,dummy-lora-7b-rank-64-3,307,8,393.4851094679875
7125,dummy-llama-30b-m,dummy-lora-7b-rank-64-3,497,9,393.5262210398325
7126,dummy-llama-30b-m,dummy-lora-7b-rank-16-3,441,229,393.6511613446233
7127,dummy-llama-30b-m,dummy-lora-7b-rank-32-3,231,97,393.73665313965665
7128,dummy-llama-30b-m,dummy-lora-7b-rank-16-0,528,50,393.7396417052636
7129,dummy-llama-30b-m,dummy-lora-7b-rank-128-2,166,74,393.74651673507765
7130,dummy-llama-30b-m,dummy-lora-7b-rank-64-1,837,78,393.8778770189911
7131,dummy-llama-30b-m,dummy-lora-7b-rank-64-2,550,19,394.10715894465625
7132,dummy-llama-30b-m,dummy-lora-7b-rank-16-0,155,48,394.1528053069964
7133,dummy-llama-30b-m,dummy-lora-7b-rank-8-2,615,42,394.1535930713328
7134,dummy-llama-30b-m,dummy-lora-7b-rank-128-0,563,18,394.18654816142583
7135,dummy-llama-30b-m,dummy-lora-7b-rank-32-0,310,133,394.2652447444507
7136,dummy-llama-30b-m,dummy-lora-7b-rank-16-2,629,10,394.26556836859316
7137,dummy-llama-30b-m,dummy-lora-7b-rank-8-4,556,21,394.2845523247329
7138,dummy-llama-30b-m,dummy-lora-7b-rank-8-4,572,11,394.2952673011443
7139,dummy-llama-30b-m,dummy-lora-7b-rank-16-0,562,24,394.31276551398435
7140,dummy-llama-30b-m,dummy-lora-7b-rank-128-3,552,19,394.3195691307827
7141,dummy-llama-30b-m,dummy-lora-7b-rank-8-4,893,74,394.3773083188912
7142,dummy-llama-30b-m,dummy-lora-7b-rank-128-0,457,45,394.38559813877947
7143,dummy-llama-30b-m,dummy-lora-7b-rank-16-0,851,3,394.44985541395846
7144,dummy-llama-30b-m,dummy-lora-7b-rank-16-3,552,19,394.52526223910263
7145,dummy-llama-30b-m,dummy-lora-7b-rank-32-2,572,32,394.59037703481
7146,dummy-llama-30b-m,dummy-lora-7b-rank-128-4,466,27,394.632850718958
7147,dummy-llama-30b-m,dummy-lora-7b-rank-8-3,663,31,394.69190557335054
7148,dummy-llama-30b-m,dummy-lora-7b-rank-128-3,274,50,394.75896714031336
7149,dummy-llama-30b-m,dummy-lora-7b-rank-16-4,215,75,394.760583287939
7150,dummy-llama-30b-m,dummy-lora-7b-rank-128-0,544,5,394.7934289525923
7151,dummy-llama-30b-m,dummy-lora-7b-rank-32-3,552,10,394.837213049384
7152,dummy-llama-30b-m,dummy-lora-7b-rank-128-2,607,21,394.84168215970453
7153,dummy-llama-30b-m,dummy-lora-7b-rank-64-2,903,17,394.8542161370358
7154,dummy-llama-30b-m,dummy-lora-7b-rank-16-3,562,26,394.8726620865803
7155,dummy-llama-30b-m,dummy-lora-7b-rank-32-2,574,32,394.92365992717305
7156,dummy-llama-30b-m,dummy-lora-7b-rank-64-3,337,8,394.9565836771066
7157,dummy-llama-30b-m,dummy-lora-7b-rank-32-1,192,46,394.96941474691334
7158,dummy-llama-30b-m,dummy-lora-7b-rank-64-3,612,34,394.9741306565023
7159,dummy-llama-30b-m,dummy-lora-7b-rank-16-3,548,17,395.0093670277892
7160,dummy-llama-30b-m,dummy-lora-7b-rank-128-1,750,118,395.03122750582025
7161,dummy-llama-30b-m,dummy-lora-7b-rank-128-0,308,91,395.1116472012246
7162,dummy-llama-30b-m,dummy-lora-7b-rank-64-0,346,111,395.16294407258977
7163,dummy-llama-30b-m,dummy-lora-7b-rank-32-4,530,7,395.21427034872744
7164,dummy-llama-30b-m,dummy-lora-7b-rank-8-3,558,22,395.2660418628942
7165,dummy-llama-30b-m,dummy-lora-7b-rank-16-2,588,19,395.2724730850641
7166,dummy-llama-30b-m,dummy-lora-7b-rank-32-1,355,62,395.2968865374493
7167,dummy-llama-30b-m,dummy-lora-7b-rank-64-1,240,53,395.3355018217927
7168,dummy-llama-30b-m,dummy-lora-7b-rank-8-0,556,13,395.4227587591487
7169,dummy-llama-30b-m,dummy-lora-7b-rank-32-4,554,17,395.62032442129487
7170,dummy-llama-30b-m,dummy-lora-7b-rank-8-1,609,36,395.7083872182687
7171,dummy-llama-30b-m,dummy-lora-7b-rank-32-4,401,5,395.7372099725315
7172,dummy-llama-30b-m,dummy-lora-7b-rank-32-4,594,23,395.8373532823531
7173,dummy-llama-30b-m,dummy-lora-7b-rank-8-0,568,30,395.86629377597956
7174,dummy-llama-30b-m,dummy-lora-7b-rank-16-0,590,18,395.8783652889371
7175,dummy-llama-30b-m,dummy-lora-7b-rank-8-1,194,89,395.88822024547613
7176,dummy-llama-30b-m,dummy-lora-7b-rank-8-4,674,108,395.9506301660376
7177,dummy-llama-30b-m,dummy-lora-7b-rank-8-4,343,3,395.97037569685403
7178,dummy-llama-30b-m,dummy-lora-7b-rank-64-0,600,18,395.98835984156943
7179,dummy-llama-30b-m,dummy-lora-7b-rank-16-0,611,36,395.99716050746207
7180,dummy-llama-30b-m,dummy-lora-7b-rank-16-2,393,43,396.0118647786916
7181,dummy-llama-30b-m,dummy-lora-7b-rank-32-1,504,15,396.1052716052931
7182,dummy-llama-30b-m,dummy-lora-7b-rank-16-2,530,55,396.2067924194739
7183,dummy-llama-30b-m,dummy-lora-7b-rank-16-3,269,36,396.2399180316063
7184,dummy-llama-30b-m,dummy-lora-7b-rank-8-3,611,20,396.41367160772944
7185,dummy-llama-30b-m,dummy-lora-7b-rank-64-2,604,8,396.4268112896138
7186,dummy-llama-30b-m,dummy-lora-7b-rank-128-0,484,52,396.51688879807506
7187,dummy-llama-30b-m,dummy-lora-7b-rank-16-0,394,49,396.57256694853174
7188,dummy-llama-30b-m,dummy-lora-7b-rank-128-3,400,44,396.58949958704517
7189,dummy-llama-30b-m,dummy-lora-7b-rank-32-4,621,31,396.61500122555356
7190,dummy-llama-30b-m,dummy-lora-7b-rank-64-4,244,204,396.79869576516967
7191,dummy-llama-30b-m,dummy-lora-7b-rank-8-1,590,51,396.8104690950838
7192,dummy-llama-30b-m,dummy-lora-7b-rank-32-0,182,123,396.8262727390087
7193,dummy-llama-30b-m,dummy-lora-7b-rank-64-4,509,14,396.8878217268285
7194,dummy-llama-30b-m,dummy-lora-7b-rank-128-2,554,20,396.89605620150957
7195,dummy-llama-30b-m,dummy-lora-7b-rank-16-0,831,2,396.962506414731
7196,dummy-llama-30b-m,dummy-lora-7b-rank-8-3,560,23,396.97560735290585
7197,dummy-llama-30b-m,dummy-lora-7b-rank-128-0,328,54,397.02381990859396
7198,dummy-llama-30b-m,dummy-lora-7b-rank-32-3,546,16,397.094231261438
7199,dummy-llama-30b-m,dummy-lora-7b-rank-64-0,522,48,397.1323153451719
7200,dummy-llama-30b-m,dummy-lora-7b-rank-128-2,560,24,397.20139943624184
7201,dummy-llama-30b-m,dummy-lora-7b-rank-8-0,772,70,397.2798887015725
7202,dummy-llama-30b-m,dummy-lora-7b-rank-64-4,116,29,397.32543401366036
7203,dummy-llama-30b-m,dummy-lora-7b-rank-16-0,442,56,397.4209691867878
7204,dummy-llama-30b-m,dummy-lora-7b-rank-64-2,556,13,397.4557001206818
7205,dummy-llama-30b-m,dummy-lora-7b-rank-16-0,613,27,397.5607512212513
7206,dummy-llama-30b-m,dummy-lora-7b-rank-64-2,357,9,397.6031712165867
7207,dummy-llama-30b-m,dummy-lora-7b-rank-32-4,258,156,397.609754312257
7208,dummy-llama-30b-m,dummy-lora-7b-rank-32-0,774,48,397.6812439251709
7209,dummy-llama-30b-m,dummy-lora-7b-rank-32-1,264,45,397.755229019176
7210,dummy-llama-30b-m,dummy-lora-7b-rank-32-3,120,51,397.8198250172757
7211,dummy-llama-30b-m,dummy-lora-7b-rank-32-3,798,49,397.85480320973767
7212,dummy-llama-30b-m,dummy-lora-7b-rank-8-4,617,24,397.8877233678922
7213,dummy-llama-30b-m,dummy-lora-7b-rank-8-3,612,65,398.013766552026
7214,dummy-llama-30b-m,dummy-lora-7b-rank-64-2,305,7,398.0179100193082
7215,dummy-llama-30b-m,dummy-lora-7b-rank-8-2,223,43,398.08280624544807
7216,dummy-llama-30b-m,dummy-lora-7b-rank-64-2,583,36,398.0853176955738
7217,dummy-llama-30b-m,dummy-lora-7b-rank-8-1,533,61,398.161519027455
7218,dummy-llama-30b-m,dummy-lora-7b-rank-16-3,654,47,398.165142902509
7219,dummy-llama-30b-m,dummy-lora-7b-rank-32-0,667,10,398.2077949956638
7220,dummy-llama-30b-m,dummy-lora-7b-rank-16-3,203,65,398.22542311848156
7221,dummy-llama-30b-m,dummy-lora-7b-rank-32-0,445,52,398.2515628353934
7222,dummy-llama-30b-m,dummy-lora-7b-rank-8-1,562,52,398.3895567950024
7223,dummy-llama-30b-m,dummy-lora-7b-rank-8-1,200,42,398.4336853137822
7224,dummy-llama-30b-m,dummy-lora-7b-rank-128-3,548,18,398.4607185519581
7225,dummy-llama-30b-m,dummy-lora-7b-rank-8-0,565,10,398.496473600749
7226,dummy-llama-30b-m,dummy-lora-7b-rank-16-4,121,59,398.51591213581685
7227,dummy-llama-30b-m,dummy-lora-7b-rank-64-0,862,90,398.5376653745416
7228,dummy-llama-30b-m,dummy-lora-7b-rank-16-2,321,11,398.59610717665026
7229,dummy-llama-30b-m,dummy-lora-7b-rank-8-2,294,46,398.62017427067633
7230,dummy-llama-30b-m,dummy-lora-7b-rank-16-2,684,32,398.7707059203999
7231,dummy-llama-30b-m,dummy-lora-7b-rank-128-4,657,39,398.775778655854
7232,dummy-llama-30b-m,dummy-lora-7b-rank-128-0,559,19,398.9017825070743
7233,dummy-llama-30b-m,dummy-lora-7b-rank-64-3,109,40,398.9219181731213
7234,dummy-llama-30b-m,dummy-lora-7b-rank-64-4,288,44,399.0252849370549
7235,dummy-llama-30b-m,dummy-lora-7b-rank-64-0,643,74,399.12829488561476
7236,dummy-llama-30b-m,dummy-lora-7b-rank-32-2,768,48,399.15324969838804
7237,dummy-llama-30b-m,dummy-lora-7b-rank-32-3,587,9,399.25387877219214
7238,dummy-llama-30b-m,dummy-lora-7b-rank-8-4,562,39,399.2568445804785
7239,dummy-llama-30b-m,dummy-lora-7b-rank-32-0,433,214,399.2736685293664
7240,dummy-llama-30b-m,dummy-lora-7b-rank-32-4,990,92,399.4449274290877
7241,dummy-llama-30b-m,dummy-lora-7b-rank-64-2,433,7,399.4756060809053
7242,dummy-llama-30b-m,dummy-lora-7b-rank-8-1,538,39,399.513717380749
7243,dummy-llama-30b-m,dummy-lora-7b-rank-64-1,102,37,399.55348991621617
7244,dummy-llama-30b-m,dummy-lora-7b-rank-16-4,342,198,399.6624033348208
7245,dummy-llama-30b-m,dummy-lora-7b-rank-64-3,562,67,399.7699018388858
7246,dummy-llama-30b-m,dummy-lora-7b-rank-32-1,415,31,399.88624237084343
7247,dummy-llama-30b-m,dummy-lora-7b-rank-128-2,666,11,399.8927418232604
7248,dummy-llama-30b-m,dummy-lora-7b-rank-64-2,548,17,399.93909479021414
7249,dummy-llama-30b-m,dummy-lora-7b-rank-64-4,436,16,399.9563734209343
7250,dummy-llama-30b-m,dummy-lora-7b-rank-32-3,560,9,400.0400209869635
7251,dummy-llama-30b-m,dummy-lora-7b-rank-32-3,187,56,400.1020394265026
7252,dummy-llama-30b-m,dummy-lora-7b-rank-8-4,492,16,400.34644431637764
7253,dummy-llama-30b-m,dummy-lora-7b-rank-128-3,592,13,400.4703260651026
7254,dummy-llama-30b-m,dummy-lora-7b-rank-128-0,341,57,400.5248680709436
7255,dummy-llama-30b-m,dummy-lora-7b-rank-32-2,568,27,400.5281366194047
7256,dummy-llama-30b-m,dummy-lora-7b-rank-16-0,109,71,400.7503405362091
7257,dummy-llama-30b-m,dummy-lora-7b-rank-8-2,227,41,400.75495784670744
7258,dummy-llama-30b-m,dummy-lora-7b-rank-8-1,588,3,400.78887285856894
7259,dummy-llama-30b-m,dummy-lora-7b-rank-128-1,592,20,400.88736823759984
7260,dummy-llama-30b-m,dummy-lora-7b-rank-8-3,550,18,400.9895778381758
7261,dummy-llama-30b-m,dummy-lora-7b-rank-64-3,651,6,401.11196319399056
7262,dummy-llama-30b-m,dummy-lora-7b-rank-64-0,550,18,401.12773490530265
7263,dummy-llama-30b-m,dummy-lora-7b-rank-64-3,262,49,401.1379334791944
7264,dummy-llama-30b-m,dummy-lora-7b-rank-16-4,790,111,401.16685863076015
7265,dummy-llama-30b-m,dummy-lora-7b-rank-32-1,627,91,401.27126510894664
7266,dummy-llama-30b-m,dummy-lora-7b-rank-8-3,642,77,401.2912776591524
7267,dummy-llama-30b-m,dummy-lora-7b-rank-8-2,154,55,401.4608508701042
7268,dummy-llama-30b-m,dummy-lora-7b-rank-64-0,193,45,401.48751358873517
7269,dummy-llama-30b-m,dummy-lora-7b-rank-8-1,344,36,401.53324445977637
7270,dummy-llama-30b-m,dummy-lora-7b-rank-8-2,699,115,401.5704090408431
7271,dummy-llama-30b-m,dummy-lora-7b-rank-16-0,550,18,401.7295510186678
7272,dummy-llama-30b-m,dummy-lora-7b-rank-64-4,543,86,401.8293386999345
7273,dummy-llama-30b-m,dummy-lora-7b-rank-64-4,346,62,401.9019597667031
7274,dummy-llama-30b-m,dummy-lora-7b-rank-64-4,303,44,401.9053219255854
7275,dummy-llama-30b-m,dummy-lora-7b-rank-64-3,445,44,401.94021179062986
7276,dummy-llama-30b-m,dummy-lora-7b-rank-32-2,599,17,401.95315393060736
7277,dummy-llama-30b-m,dummy-lora-7b-rank-16-4,554,12,402.0447045045032
7278,dummy-llama-30b-m,dummy-lora-7b-rank-32-4,515,51,402.09164224488273
7279,dummy-llama-30b-m,dummy-lora-7b-rank-8-0,566,29,402.14425426359446
7280,dummy-llama-30b-m,dummy-lora-7b-rank-128-4,574,33,402.17246176423214
7281,dummy-llama-30b-m,dummy-lora-7b-rank-32-4,63,94,402.17657659940585
7282,dummy-llama-30b-m,dummy-lora-7b-rank-32-4,607,19,402.2024074664627
7283,dummy-llama-30b-m,dummy-lora-7b-rank-128-3,410,46,402.22929833208235
7284,dummy-llama-30b-m,dummy-lora-7b-rank-8-3,662,63,402.3760896920427
7285,dummy-llama-30b-m,dummy-lora-7b-rank-8-1,378,48,402.41294170572746
7286,dummy-llama-30b-m,dummy-lora-7b-rank-128-4,592,41,402.53669785001745
7287,dummy-llama-30b-m,dummy-lora-7b-rank-16-1,190,44,402.5653826302869
7288,dummy-llama-30b-m,dummy-lora-7b-rank-16-0,774,115,402.5693407403523
7289,dummy-llama-30b-m,dummy-lora-7b-rank-8-3,602,28,402.5834335292381
7290,dummy-llama-30b-m,dummy-lora-7b-rank-32-1,872,88,402.63617825542946
7291,dummy-llama-30b-m,dummy-lora-7b-rank-8-2,584,144,402.70724939835316
7292,dummy-llama-30b-m,dummy-lora-7b-rank-128-2,489,7,402.7112062185478
7293,dummy-llama-30b-m,dummy-lora-7b-rank-16-2,373,110,402.72255847106226
7294,dummy-llama-30b-m,dummy-lora-7b-rank-128-4,217,70,402.7596003473165
7295,dummy-llama-30b-m,dummy-lora-7b-rank-128-0,566,11,402.8140092253304
7296,dummy-llama-30b-m,dummy-lora-7b-rank-16-3,600,18,402.83399040942396
7297,dummy-llama-30b-m,dummy-lora-7b-rank-64-3,202,14,402.9222855573166
7298,dummy-llama-30b-m,dummy-lora-7b-rank-16-4,582,37,402.9506561505106
7299,dummy-llama-30b-m,dummy-lora-7b-rank-32-2,682,10,402.9661441036921
7300,dummy-llama-30b-m,dummy-lora-7b-rank-64-3,574,54,403.0063998898195
7301,dummy-llama-30b-m,dummy-lora-7b-rank-64-1,558,25,403.0606264258987
7302,dummy-llama-30b-m,dummy-lora-7b-rank-64-0,814,3,403.12999926479506
7303,dummy-llama-30b-m,dummy-lora-7b-rank-128-3,418,39,403.1604467804235
7304,dummy-llama-30b-m,dummy-lora-7b-rank-32-2,568,28,403.2393856384615
7305,dummy-llama-30b-m,dummy-lora-7b-rank-128-4,565,8,403.2696894053042
7306,dummy-llama-30b-m,dummy-lora-7b-rank-8-1,362,13,403.32485473820554
7307,dummy-llama-30b-m,dummy-lora-7b-rank-16-3,515,68,403.4020710040862
7308,dummy-llama-30b-m,dummy-lora-7b-rank-32-1,498,9,403.48934524731175
7309,dummy-llama-30b-m,dummy-lora-7b-rank-128-1,195,131,403.5363606529713
7310,dummy-llama-30b-m,dummy-lora-7b-rank-16-3,562,26,403.6036256570838
7311,dummy-llama-30b-m,dummy-lora-7b-rank-32-2,590,41,403.7308557946915
7312,dummy-llama-30b-m,dummy-lora-7b-rank-8-3,634,25,403.8008433033889
7313,dummy-llama-30b-m,dummy-lora-7b-rank-8-4,302,114,403.81570547146873
7314,dummy-llama-30b-m,dummy-lora-7b-rank-16-3,712,45,403.81990913782056
7315,dummy-llama-30b-m,dummy-lora-7b-rank-32-0,800,100,403.86554869566834
7316,dummy-llama-30b-m,dummy-lora-7b-rank-128-3,621,31,403.9813437095761
7317,dummy-llama-30b-m,dummy-lora-7b-rank-8-3,553,17,404.0029303981445
7318,dummy-llama-30b-m,dummy-lora-7b-rank-16-0,703,23,404.00741755689023
7319,dummy-llama-30b-m,dummy-lora-7b-rank-64-2,261,35,404.0205959196571
7320,dummy-llama-30b-m,dummy-lora-7b-rank-8-0,379,42,404.02324134304695
7321,dummy-llama-30b-m,dummy-lora-7b-rank-128-4,556,19,404.1110173091472
7322,dummy-llama-30b-m,dummy-lora-7b-rank-64-2,474,59,404.1367666253148
7323,dummy-llama-30b-m,dummy-lora-7b-rank-8-4,564,25,404.1368301065966
7324,dummy-llama-30b-m,dummy-lora-7b-rank-8-1,619,7,404.1386648409368
7325,dummy-llama-30b-m,dummy-lora-7b-rank-64-2,249,57,404.16392137046074
7326,dummy-llama-30b-m,dummy-lora-7b-rank-128-0,239,52,404.16660894362815
7327,dummy-llama-30b-m,dummy-lora-7b-rank-8-0,257,130,404.28043554334937
7328,dummy-llama-30b-m,dummy-lora-7b-rank-128-0,554,21,404.3011401913189
7329,dummy-llama-30b-m,dummy-lora-7b-rank-32-2,302,117,404.425842133062
7330,dummy-llama-30b-m,dummy-lora-7b-rank-32-2,295,6,404.42966599032815
7331,dummy-llama-30b-m,dummy-lora-7b-rank-8-0,294,39,404.64903086486527
7332,dummy-llama-30b-m,dummy-lora-7b-rank-64-3,603,13,404.6490576615906
7333,dummy-llama-30b-m,dummy-lora-7b-rank-32-4,550,18,404.65400004592556
7334,dummy-llama-30b-m,dummy-lora-7b-rank-64-3,324,43,404.66593138852835
7335,dummy-llama-30b-m,dummy-lora-7b-rank-64-4,400,11,404.7025610884559
7336,dummy-llama-30b-m,dummy-lora-7b-rank-128-3,739,24,404.7885603520974
7337,dummy-llama-30b-m,dummy-lora-7b-rank-32-4,550,18,404.82675790065605
7338,dummy-llama-30b-m,dummy-lora-7b-rank-64-2,731,48,404.83829475330117
7339,dummy-llama-30b-m,dummy-lora-7b-rank-32-3,849,9,404.8397183910555
7340,dummy-llama-30b-m,dummy-lora-7b-rank-8-0,548,18,404.9804727347045
7341,dummy-llama-30b-m,dummy-lora-7b-rank-64-1,560,15,404.9874518141965
7342,dummy-llama-30b-m,dummy-lora-7b-rank-128-3,249,57,404.99011012709764
7343,dummy-llama-30b-m,dummy-lora-7b-rank-32-2,570,29,405.0265767524152
7344,dummy-llama-30b-m,dummy-lora-7b-rank-128-4,605,20,405.030030636739
7345,dummy-llama-30b-m,dummy-lora-7b-rank-128-0,575,52,405.0378321014063
7346,dummy-llama-30b-m,dummy-lora-7b-rank-32-1,440,41,405.0885848026238
7347,dummy-llama-30b-m,dummy-lora-7b-rank-32-3,574,22,405.0909895827902
7348,dummy-llama-30b-m,dummy-lora-7b-rank-128-4,344,7,405.28862999716455
7349,dummy-llama-30b-m,dummy-lora-7b-rank-128-0,556,13,405.2929160487694
7350,dummy-llama-30b-m,dummy-lora-7b-rank-32-2,714,13,405.36188481162907
7351,dummy-llama-30b-m,dummy-lora-7b-rank-8-1,554,22,405.38776647051554
7352,dummy-llama-30b-m,dummy-lora-7b-rank-16-0,820,3,405.4153992921497
7353,dummy-llama-30b-m,dummy-lora-7b-rank-16-0,552,11,405.44642677104594
7354,dummy-llama-30b-m,dummy-lora-7b-rank-16-2,525,40,405.4798645920606
7355,dummy-llama-30b-m,dummy-lora-7b-rank-128-1,523,62,405.5565178911669
7356,dummy-llama-30b-m,dummy-lora-7b-rank-128-0,560,26,405.62478042401096
7357,dummy-llama-30b-m,dummy-lora-7b-rank-64-1,101,45,405.6968409613611
7358,dummy-llama-30b-m,dummy-lora-7b-rank-128-0,474,40,405.73606998051224
7359,dummy-llama-30b-m,dummy-lora-7b-rank-32-1,526,44,405.76687242549167
7360,dummy-llama-30b-m,dummy-lora-7b-rank-8-3,660,45,405.77049181125113
7361,dummy-llama-30b-m,dummy-lora-7b-rank-16-0,570,31,405.979059448068
7362,dummy-llama-30b-m,dummy-lora-7b-rank-64-0,443,46,406.00139827465875
7363,dummy-llama-30b-m,dummy-lora-7b-rank-32-3,992,101,406.0883239916411
7364,dummy-llama-30b-m,dummy-lora-7b-rank-128-1,350,123,406.1214111806214
7365,dummy-llama-30b-m,dummy-lora-7b-rank-8-3,164,138,406.15311122676627
7366,dummy-llama-30b-m,dummy-lora-7b-rank-16-0,316,75,406.18627999470084
7367,dummy-llama-30b-m,dummy-lora-7b-rank-128-1,133,52,406.25766920480544
7368,dummy-llama-30b-m,dummy-lora-7b-rank-32-2,563,39,406.26143665092155
7369,dummy-llama-30b-m,dummy-lora-7b-rank-64-4,558,88,406.2923738107018
7370,dummy-llama-30b-m,dummy-lora-7b-rank-32-4,550,18,406.43771823098047
7371,dummy-llama-30b-m,dummy-lora-7b-rank-8-2,411,21,406.4581662683909
7372,dummy-llama-30b-m,dummy-lora-7b-rank-8-0,556,20,406.6033503758897
7373,dummy-llama-30b-m,dummy-lora-7b-rank-32-1,521,50,406.62046229733426
7374,dummy-llama-30b-m,dummy-lora-7b-rank-128-1,274,228,406.66053294475995
7375,dummy-llama-30b-m,dummy-lora-7b-rank-64-0,506,18,406.66208138674267
7376,dummy-llama-30b-m,dummy-lora-7b-rank-16-0,258,57,406.74073241843723
7377,dummy-llama-30b-m,dummy-lora-7b-rank-32-0,558,22,406.77205603532934
7378,dummy-llama-30b-m,dummy-lora-7b-rank-32-2,558,14,406.9337447339295
7379,dummy-llama-30b-m,dummy-lora-7b-rank-8-4,597,16,406.97984271897684
7380,dummy-llama-30b-m,dummy-lora-7b-rank-8-1,262,47,406.9903863114972
7381,dummy-llama-30b-m,dummy-lora-7b-rank-8-0,556,21,407.05246271296716
7382,dummy-llama-30b-m,dummy-lora-7b-rank-64-1,331,62,407.0646653239851
7383,dummy-llama-30b-m,dummy-lora-7b-rank-128-1,198,57,407.1088490164051
7384,dummy-llama-30b-m,dummy-lora-7b-rank-8-4,603,59,407.15871331502325
7385,dummy-llama-30b-m,dummy-lora-7b-rank-128-1,556,59,407.1780538906477
7386,dummy-llama-30b-m,dummy-lora-7b-rank-16-0,486,60,407.2627138918161
7387,dummy-llama-30b-m,dummy-lora-7b-rank-8-4,475,43,407.26671572813655
7388,dummy-llama-30b-m,dummy-lora-7b-rank-128-0,208,169,407.28306861903707
7389,dummy-llama-30b-m,dummy-lora-7b-rank-128-1,550,18,407.4116434212839
7390,dummy-llama-30b-m,dummy-lora-7b-rank-128-4,562,27,407.45076606048667
7391,dummy-llama-30b-m,dummy-lora-7b-rank-16-2,552,2,407.5352642488951
7392,dummy-llama-30b-m,dummy-lora-7b-rank-8-1,228,52,407.5560965216843
7393,dummy-llama-30b-m,dummy-lora-7b-rank-128-3,186,51,407.5757615951064
7394,dummy-llama-30b-m,dummy-lora-7b-rank-8-0,386,44,407.65013273543786
7395,dummy-llama-30b-m,dummy-lora-7b-rank-16-0,633,68,407.66808973034017
7396,dummy-llama-30b-m,dummy-lora-7b-rank-64-1,548,17,407.67021124047955
7397,dummy-llama-30b-m,dummy-lora-7b-rank-128-0,382,46,407.67281558557426
7398,dummy-llama-30b-m,dummy-lora-7b-rank-16-1,601,18,407.6899790284136
7399,dummy-llama-30b-m,dummy-lora-7b-rank-16-0,356,66,407.73627982893504
7400,dummy-llama-30b-m,dummy-lora-7b-rank-8-3,52,57,407.7589208990695
7401,dummy-llama-30b-m,dummy-lora-7b-rank-64-4,287,37,407.76937893349054
7402,dummy-llama-30b-m,dummy-lora-7b-rank-32-3,552,14,407.82013170721405
7403,dummy-llama-30b-m,dummy-lora-7b-rank-16-0,552,22,407.84751357192675
7404,dummy-llama-30b-m,dummy-lora-7b-rank-128-3,177,47,407.87131586414836
7405,dummy-llama-30b-m,dummy-lora-7b-rank-16-2,656,40,407.97286019993015
7406,dummy-llama-30b-m,dummy-lora-7b-rank-32-4,419,55,407.99951588200173
7407,dummy-llama-30b-m,dummy-lora-7b-rank-8-1,126,48,408.01500672907713
7408,dummy-llama-30b-m,dummy-lora-7b-rank-128-0,1002,3,408.0429703558444
7409,dummy-llama-30b-m,dummy-lora-7b-rank-16-1,552,17,408.1761784924909
7410,dummy-llama-30b-m,dummy-lora-7b-rank-16-2,552,2,408.37707876274317
7411,dummy-llama-30b-m,dummy-lora-7b-rank-64-1,524,53,408.42779147213355
7412,dummy-llama-30b-m,dummy-lora-7b-rank-16-2,846,60,408.4372360638735
7413,dummy-llama-30b-m,dummy-lora-7b-rank-32-1,589,68,408.47032754575685
7414,dummy-llama-30b-m,dummy-lora-7b-rank-16-3,566,27,408.5033072717314
7415,dummy-llama-30b-m,dummy-lora-7b-rank-32-1,140,68,408.5218773734961
7416,dummy-llama-30b-m,dummy-lora-7b-rank-32-2,625,39,408.5571153677929
7417,dummy-llama-30b-m,dummy-lora-7b-rank-32-2,550,18,408.59535757805594
7418,dummy-llama-30b-m,dummy-lora-7b-rank-128-1,153,125,408.60690356087326
7419,dummy-llama-30b-m,dummy-lora-7b-rank-32-1,327,13,408.71268699847235
7420,dummy-llama-30b-m,dummy-lora-7b-rank-128-0,623,8,408.7541114474637
7421,dummy-llama-30b-m,dummy-lora-7b-rank-16-0,122,19,408.83793149278995
7422,dummy-llama-30b-m,dummy-lora-7b-rank-16-1,313,15,408.86715546409454
7423,dummy-llama-30b-m,dummy-lora-7b-rank-32-4,891,39,408.87291931491905
7424,dummy-llama-30b-m,dummy-lora-7b-rank-128-1,558,21,408.8888114415448
7425,dummy-llama-30b-m,dummy-lora-7b-rank-8-2,417,49,408.9035221019605
7426,dummy-llama-30b-m,dummy-lora-7b-rank-128-2,22,256,409.12293161133357
7427,dummy-llama-30b-m,dummy-lora-7b-rank-32-1,795,37,409.1928257481868
7428,dummy-llama-30b-m,dummy-lora-7b-rank-64-0,659,8,409.2733570256068
7429,dummy-llama-30b-m,dummy-lora-7b-rank-64-2,258,38,409.3321533918558
7430,dummy-llama-30b-m,dummy-lora-7b-rank-128-2,576,31,409.48545857761553
7431,dummy-llama-30b-m,dummy-lora-7b-rank-8-3,554,20,409.48610715090626
7432,dummy-llama-30b-m,dummy-lora-7b-rank-16-2,231,55,409.5036262952007
7433,dummy-llama-30b-m,dummy-lora-7b-rank-32-3,614,35,409.5391136495539
7434,dummy-llama-30b-m,dummy-lora-7b-rank-8-4,962,39,409.6119472845364
7435,dummy-llama-30b-m,dummy-lora-7b-rank-64-4,594,43,409.6460665027317
7436,dummy-llama-30b-m,dummy-lora-7b-rank-8-4,122,58,409.6468626957927
7437,dummy-llama-30b-m,dummy-lora-7b-rank-64-3,298,48,409.67089758902205
7438,dummy-llama-30b-m,dummy-lora-7b-rank-32-2,317,47,409.73993655585554
7439,dummy-llama-30b-m,dummy-lora-7b-rank-64-1,542,11,409.8376095536168
7440,dummy-llama-30b-m,dummy-lora-7b-rank-16-4,552,11,409.91795031004955
7441,dummy-llama-30b-m,dummy-lora-7b-rank-8-0,562,26,409.9575328421307
7442,dummy-llama-30b-m,dummy-lora-7b-rank-32-3,559,11,409.9749350322436
7443,dummy-llama-30b-m,dummy-lora-7b-rank-64-1,281,50,409.9869846327181
7444,dummy-llama-30b-m,dummy-lora-7b-rank-64-3,88,48,410.10785716449544
7445,dummy-llama-30b-m,dummy-lora-7b-rank-8-1,558,22,410.2346835258485
7446,dummy-llama-30b-m,dummy-lora-7b-rank-8-2,128,128,410.3242299187866
7447,dummy-llama-30b-m,dummy-lora-7b-rank-8-2,568,20,410.3263774935269
7448,dummy-llama-30b-m,dummy-lora-7b-rank-8-4,350,4,410.33142838933367
7449,dummy-llama-30b-m,dummy-lora-7b-rank-64-0,450,37,410.43253424825826
7450,dummy-llama-30b-m,dummy-lora-7b-rank-32-3,561,66,410.48649861304506
7451,dummy-llama-30b-m,dummy-lora-7b-rank-16-2,552,19,410.4890832698571
7452,dummy-llama-30b-m,dummy-lora-7b-rank-32-2,554,20,410.5379914304906
7453,dummy-llama-30b-m,dummy-lora-7b-rank-8-4,399,56,410.5922278575195
7454,dummy-llama-30b-m,dummy-lora-7b-rank-32-3,688,57,410.59879164210736
7455,dummy-llama-30b-m,dummy-lora-7b-rank-128-0,220,155,410.61300333837363
7456,dummy-llama-30b-m,dummy-lora-7b-rank-64-0,421,58,410.6448084443674
7457,dummy-llama-30b-m,dummy-lora-7b-rank-32-1,242,64,410.6458322964
7458,dummy-llama-30b-m,dummy-lora-7b-rank-16-2,115,48,410.7453002378396
7459,dummy-llama-30b-m,dummy-lora-7b-rank-64-3,685,60,410.75156740594264
7460,dummy-llama-30b-m,dummy-lora-7b-rank-64-0,687,63,411.03221139580734
7461,dummy-llama-30b-m,dummy-lora-7b-rank-64-3,308,48,411.2229608260295
7462,dummy-llama-30b-m,dummy-lora-7b-rank-8-2,604,24,411.2294639700351
7463,dummy-llama-30b-m,dummy-lora-7b-rank-16-0,320,76,411.37579056900705
7464,dummy-llama-30b-m,dummy-lora-7b-rank-8-1,509,6,411.38120274580297
7465,dummy-llama-30b-m,dummy-lora-7b-rank-32-2,637,67,411.400252548493
7466,dummy-llama-30b-m,dummy-lora-7b-rank-128-0,617,26,411.4141820037257
7467,dummy-llama-30b-m,dummy-lora-7b-rank-128-3,554,18,411.4162597218039
7468,dummy-llama-30b-m,dummy-lora-7b-rank-8-4,574,11,411.4904486255601
7469,dummy-llama-30b-m,dummy-lora-7b-rank-16-4,554,20,411.4963038247586
7470,dummy-llama-30b-m,dummy-lora-7b-rank-16-2,134,44,411.5017822907939
7471,dummy-llama-30b-m,dummy-lora-7b-rank-8-2,82,42,411.5842191238558
7472,dummy-llama-30b-m,dummy-lora-7b-rank-16-1,363,54,411.6001130356759
7473,dummy-llama-30b-m,dummy-lora-7b-rank-128-3,628,23,411.6167575177387
7474,dummy-llama-30b-m,dummy-lora-7b-rank-128-2,442,47,411.63996009838576
7475,dummy-llama-30b-m,dummy-lora-7b-rank-16-1,695,108,411.68742498223605
7476,dummy-llama-30b-m,dummy-lora-7b-rank-128-2,548,17,411.71304422009143
7477,dummy-llama-30b-m,dummy-lora-7b-rank-128-1,540,51,411.9699226897172
7478,dummy-llama-30b-m,dummy-lora-7b-rank-8-4,418,9,412.1392741254423
7479,dummy-llama-30b-m,dummy-lora-7b-rank-32-3,552,19,412.17802563103066
7480,dummy-llama-30b-m,dummy-lora-7b-rank-128-0,567,19,412.2476524650575
7481,dummy-llama-30b-m,dummy-lora-7b-rank-16-4,336,194,412.24778318044775
7482,dummy-llama-30b-m,dummy-lora-7b-rank-128-3,392,47,412.47648288980525
7483,dummy-llama-30b-m,dummy-lora-7b-rank-8-2,553,17,412.5189741150005
7484,dummy-llama-30b-m,dummy-lora-7b-rank-32-3,438,10,412.5281016697585
7485,dummy-llama-30b-m,dummy-lora-7b-rank-128-3,340,55,412.56608464918133
7486,dummy-llama-30b-m,dummy-lora-7b-rank-32-1,379,51,412.59749485179543
7487,dummy-llama-30b-m,dummy-lora-7b-rank-64-3,187,44,412.6018022558173
7488,dummy-llama-30b-m,dummy-lora-7b-rank-8-4,836,3,412.66515539049794
7489,dummy-llama-30b-m,dummy-lora-7b-rank-128-2,492,53,412.74339540230255
7490,dummy-llama-30b-m,dummy-lora-7b-rank-64-0,404,24,412.79433032327785
7491,dummy-llama-30b-m,dummy-lora-7b-rank-64-2,569,95,412.8350848806718
7492,dummy-llama-30b-m,dummy-lora-7b-rank-32-0,639,47,412.99721883312714
7493,dummy-llama-30b-m,dummy-lora-7b-rank-8-4,107,122,413.0049441596221
7494,dummy-llama-30b-m,dummy-lora-7b-rank-16-0,586,6,413.0563417671811
7495,dummy-llama-30b-m,dummy-lora-7b-rank-64-2,587,72,413.08627281019125
7496,dummy-llama-30b-m,dummy-lora-7b-rank-32-0,99,45,413.0905075145995
7497,dummy-llama-30b-m,dummy-lora-7b-rank-16-3,991,16,413.2470333074994
7498,dummy-llama-30b-m,dummy-lora-7b-rank-128-1,244,3,413.24996764985633
7499,dummy-llama-30b-m,dummy-lora-7b-rank-16-2,499,80,413.257964624557
7500,dummy-llama-30b-m,dummy-lora-7b-rank-128-2,225,40,413.30825334152195
7501,dummy-llama-30b-m,dummy-lora-7b-rank-64-3,650,10,413.3805091642113
7502,dummy-llama-30b-m,dummy-lora-7b-rank-32-2,302,74,413.46447222897444
7503,dummy-llama-30b-m,dummy-lora-7b-rank-128-4,440,56,413.4857321751681
7504,dummy-llama-30b-m,dummy-lora-7b-rank-32-1,566,69,413.4857743284583
7505,dummy-llama-30b-m,dummy-lora-7b-rank-128-1,228,3,413.49834407749074
7506,dummy-llama-30b-m,dummy-lora-7b-rank-32-3,348,9,413.55880501703535
7507,dummy-llama-30b-m,dummy-lora-7b-rank-64-0,550,18,413.5852656363291
7508,dummy-llama-30b-m,dummy-lora-7b-rank-8-2,736,76,413.6139177861087
7509,dummy-llama-30b-m,dummy-lora-7b-rank-64-0,252,39,413.7348477220536
7510,dummy-llama-30b-m,dummy-lora-7b-rank-32-2,188,148,413.86414190284586
7511,dummy-llama-30b-m,dummy-lora-7b-rank-16-0,631,24,413.95097224021913
7512,dummy-llama-30b-m,dummy-lora-7b-rank-16-3,113,44,413.96300530006533
7513,dummy-llama-30b-m,dummy-lora-7b-rank-16-2,558,22,413.9987813617214
7514,dummy-llama-30b-m,dummy-lora-7b-rank-8-2,615,8,414.0206318975917
7515,dummy-llama-30b-m,dummy-lora-7b-rank-8-4,597,16,414.19539620948046
7516,dummy-llama-30b-m,dummy-lora-7b-rank-64-2,784,68,414.2356981740281
7517,dummy-llama-30b-m,dummy-lora-7b-rank-128-1,693,10,414.2559224599649
7518,dummy-llama-30b-m,dummy-lora-7b-rank-16-1,249,67,414.37843532632087
7519,dummy-llama-30b-m,dummy-lora-7b-rank-16-0,263,60,414.394036556731
7520,dummy-llama-30b-m,dummy-lora-7b-rank-32-0,859,13,414.4053862828624
7521,dummy-llama-30b-m,dummy-lora-7b-rank-128-3,630,4,414.43180569917513
7522,dummy-llama-30b-m,dummy-lora-7b-rank-128-2,179,132,414.5064487766613
7523,dummy-llama-30b-m,dummy-lora-7b-rank-16-0,913,52,414.51760755200746
7524,dummy-llama-30b-m,dummy-lora-7b-rank-16-4,337,61,414.5633045746294
7525,dummy-llama-30b-m,dummy-lora-7b-rank-8-4,631,16,414.5737652290859
7526,dummy-llama-30b-m,dummy-lora-7b-rank-128-1,558,25,414.7102480010302
7527,dummy-llama-30b-m,dummy-lora-7b-rank-64-2,123,51,414.76139254338466
7528,dummy-llama-30b-m,dummy-lora-7b-rank-64-1,545,63,414.92184190130683
7529,dummy-llama-30b-m,dummy-lora-7b-rank-8-0,558,22,414.95360094838827
7530,dummy-llama-30b-m,dummy-lora-7b-rank-32-2,564,28,415.1494155525409
7531,dummy-llama-30b-m,dummy-lora-7b-rank-32-3,436,51,415.23667667269433
7532,dummy-llama-30b-m,dummy-lora-7b-rank-64-3,614,52,415.2724448766389
7533,dummy-llama-30b-m,dummy-lora-7b-rank-32-2,214,10,415.29069395400046
7534,dummy-llama-30b-m,dummy-lora-7b-rank-64-4,548,17,415.37919342288274
7535,dummy-llama-30b-m,dummy-lora-7b-rank-16-2,364,66,415.40607154557557
7536,dummy-llama-30b-m,dummy-lora-7b-rank-8-3,550,10,415.42188738973715
7537,dummy-llama-30b-m,dummy-lora-7b-rank-64-2,642,55,415.4782887597628
7538,dummy-llama-30b-m,dummy-lora-7b-rank-128-3,414,9,415.55861204351527
7539,dummy-llama-30b-m,dummy-lora-7b-rank-16-3,370,5,415.5916693944444
7540,dummy-llama-30b-m,dummy-lora-7b-rank-128-0,251,56,415.63835731918965
7541,dummy-llama-30b-m,dummy-lora-7b-rank-8-0,556,20,415.66756045303964
7542,dummy-llama-30b-m,dummy-lora-7b-rank-64-0,813,72,415.6832628696687
7543,dummy-llama-30b-m,dummy-lora-7b-rank-16-4,619,37,415.76010661274375
7544,dummy-llama-30b-m,dummy-lora-7b-rank-8-2,560,240,415.7866788615781
7545,dummy-llama-30b-m,dummy-lora-7b-rank-8-3,369,46,415.80151253173574
7546,dummy-llama-30b-m,dummy-lora-7b-rank-64-3,246,59,415.87961320596696
7547,dummy-llama-30b-m,dummy-lora-7b-rank-16-2,566,29,415.9096359616922
7548,dummy-llama-30b-m,dummy-lora-7b-rank-16-3,606,41,416.014045008957
7549,dummy-llama-30b-m,dummy-lora-7b-rank-16-4,556,21,416.0226498591033
7550,dummy-llama-30b-m,dummy-lora-7b-rank-64-0,348,62,416.06524801482055
7551,dummy-llama-30b-m,dummy-lora-7b-rank-8-3,572,70,416.09422756388244
7552,dummy-llama-30b-m,dummy-lora-7b-rank-32-2,646,28,416.2685010317926
7553,dummy-llama-30b-m,dummy-lora-7b-rank-128-1,414,181,416.3295019231484
7554,dummy-llama-30b-m,dummy-lora-7b-rank-128-2,548,66,416.35041766684935
7555,dummy-llama-30b-m,dummy-lora-7b-rank-64-1,586,36,416.3672574743106
7556,dummy-llama-30b-m,dummy-lora-7b-rank-8-1,261,52,416.4208328114544
7557,dummy-llama-30b-m,dummy-lora-7b-rank-32-1,815,28,416.4447397304139
7558,dummy-llama-30b-m,dummy-lora-7b-rank-32-4,605,27,416.4721875555481
7559,dummy-llama-30b-m,dummy-lora-7b-rank-128-3,564,16,416.475284944683
7560,dummy-llama-30b-m,dummy-lora-7b-rank-128-1,242,10,416.52629316304257
7561,dummy-llama-30b-m,dummy-lora-7b-rank-128-0,291,6,416.5551045122124
7562,dummy-llama-30b-m,dummy-lora-7b-rank-128-4,327,59,416.77615216471975
7563,dummy-llama-30b-m,dummy-lora-7b-rank-8-2,556,23,416.8299910652093
7564,dummy-llama-30b-m,dummy-lora-7b-rank-128-0,559,17,416.9290256129506
7565,dummy-llama-30b-m,dummy-lora-7b-rank-64-2,761,8,416.959468121875
7566,dummy-llama-30b-m,dummy-lora-7b-rank-64-0,629,29,416.9655621669875
7567,dummy-llama-30b-m,dummy-lora-7b-rank-128-2,550,18,417.0170482655411
7568,dummy-llama-30b-m,dummy-lora-7b-rank-8-2,164,135,417.025811467164
7569,dummy-llama-30b-m,dummy-lora-7b-rank-128-4,564,28,417.11739669683124
7570,dummy-llama-30b-m,dummy-lora-7b-rank-64-3,875,14,417.1689791330678
7571,dummy-llama-30b-m,dummy-lora-7b-rank-64-1,274,10,417.17501422746864
7572,dummy-llama-30b-m,dummy-lora-7b-rank-64-3,894,17,417.21887166014034
7573,dummy-llama-30b-m,dummy-lora-7b-rank-32-0,242,61,417.26812244537007
7574,dummy-llama-30b-m,dummy-lora-7b-rank-8-2,193,56,417.4263432527907
7575,dummy-llama-30b-m,dummy-lora-7b-rank-8-2,283,41,417.5067904509504
7576,dummy-llama-30b-m,dummy-lora-7b-rank-16-2,425,54,417.6000086549167
7577,dummy-llama-30b-m,dummy-lora-7b-rank-16-2,108,65,417.6157354091487
7578,dummy-llama-30b-m,dummy-lora-7b-rank-8-4,416,136,417.706386301076
7579,dummy-llama-30b-m,dummy-lora-7b-rank-64-0,560,22,417.7103888460564
7580,dummy-llama-30b-m,dummy-lora-7b-rank-128-3,657,30,417.8077211986296
7581,dummy-llama-30b-m,dummy-lora-7b-rank-16-0,560,25,417.81774629955254
7582,dummy-llama-30b-m,dummy-lora-7b-rank-64-2,131,74,417.9561299524586
7583,dummy-llama-30b-m,dummy-lora-7b-rank-64-0,568,97,418.0910525107451
7584,dummy-llama-30b-m,dummy-lora-7b-rank-8-3,625,44,418.11736442275856
7585,dummy-llama-30b-m,dummy-lora-7b-rank-64-3,374,111,418.19951865591264
7586,dummy-llama-30b-m,dummy-lora-7b-rank-16-3,353,43,418.36941518154634
7587,dummy-llama-30b-m,dummy-lora-7b-rank-64-4,171,52,418.52745906165075
7588,dummy-llama-30b-m,dummy-lora-7b-rank-32-1,552,11,418.53384736943883
7589,dummy-llama-30b-m,dummy-lora-7b-rank-128-3,734,24,418.53532973721804
7590,dummy-llama-30b-m,dummy-lora-7b-rank-32-0,658,41,418.55245825884646
7591,dummy-llama-30b-m,dummy-lora-7b-rank-64-3,385,11,418.6922341529883
7592,dummy-llama-30b-m,dummy-lora-7b-rank-16-2,297,147,418.69276578937394
7593,dummy-llama-30b-m,dummy-lora-7b-rank-8-2,856,102,418.71495904957374
7594,dummy-llama-30b-m,dummy-lora-7b-rank-8-4,668,135,418.7976032973457
7595,dummy-llama-30b-m,dummy-lora-7b-rank-128-1,141,146,418.8305154108964
7596,dummy-llama-30b-m,dummy-lora-7b-rank-16-0,612,8,418.85431527298056
7597,dummy-llama-30b-m,dummy-lora-7b-rank-16-3,625,11,418.96112031545323
7598,dummy-llama-30b-m,dummy-lora-7b-rank-32-2,345,60,418.9994393141758
7599,dummy-llama-30b-m,dummy-lora-7b-rank-128-2,540,54,419.01575652585996
7600,dummy-llama-30b-m,dummy-lora-7b-rank-8-0,932,18,419.2461811274502
7601,dummy-llama-30b-m,dummy-lora-7b-rank-128-2,560,25,419.2658343856096
7602,dummy-llama-30b-m,dummy-lora-7b-rank-32-0,387,11,419.270196989337
7603,dummy-llama-30b-m,dummy-lora-7b-rank-32-4,558,22,419.39694092708413
7604,dummy-llama-30b-m,dummy-lora-7b-rank-8-0,238,35,419.44549578174826
7605,dummy-llama-30b-m,dummy-lora-7b-rank-8-4,556,17,419.5360056797713
7606,dummy-llama-30b-m,dummy-lora-7b-rank-16-1,632,41,419.5706375568002
7607,dummy-llama-30b-m,dummy-lora-7b-rank-128-4,508,12,419.7196969509169
7608,dummy-llama-30b-m,dummy-lora-7b-rank-64-1,584,35,419.75621301948775
7609,dummy-llama-30b-m,dummy-lora-7b-rank-64-0,465,6,419.84095760424094
7610,dummy-llama-30b-m,dummy-lora-7b-rank-64-3,548,17,419.8689173397836
7611,dummy-llama-30b-m,dummy-lora-7b-rank-32-1,710,57,419.9782011378775
7612,dummy-llama-30b-m,dummy-lora-7b-rank-16-0,639,45,420.03023778975535
7613,dummy-llama-30b-m,dummy-lora-7b-rank-32-0,833,53,420.1021777497719
7614,dummy-llama-30b-m,dummy-lora-7b-rank-32-1,546,16,420.1191983874665
7615,dummy-llama-30b-m,dummy-lora-7b-rank-128-3,164,22,420.21081251927035
7616,dummy-llama-30b-m,dummy-lora-7b-rank-64-4,329,111,420.2296003671067
7617,dummy-llama-30b-m,dummy-lora-7b-rank-16-4,550,18,420.318844940533
7618,dummy-llama-30b-m,dummy-lora-7b-rank-32-0,568,27,420.3250450759035
7619,dummy-llama-30b-m,dummy-lora-7b-rank-8-2,577,41,420.3500636071923
7620,dummy-llama-30b-m,dummy-lora-7b-rank-32-2,271,46,420.38612772526835
7621,dummy-llama-30b-m,dummy-lora-7b-rank-16-3,582,37,420.4128162168931
7622,dummy-llama-30b-m,dummy-lora-7b-rank-32-2,566,26,420.4965485490764
7623,dummy-llama-30b-m,dummy-lora-7b-rank-128-4,139,49,420.59650625893323
7624,dummy-llama-30b-m,dummy-lora-7b-rank-32-4,711,42,420.59931737035686
7625,dummy-llama-30b-m,dummy-lora-7b-rank-8-1,590,60,420.6082946123965
7626,dummy-llama-30b-m,dummy-lora-7b-rank-64-3,393,56,420.632623774758
7627,dummy-llama-30b-m,dummy-lora-7b-rank-16-0,392,67,420.64039326868226
7628,dummy-llama-30b-m,dummy-lora-7b-rank-32-2,740,22,420.65902206948357
7629,dummy-llama-30b-m,dummy-lora-7b-rank-64-0,318,5,420.71620359790717
7630,dummy-llama-30b-m,dummy-lora-7b-rank-8-2,335,26,420.7419491985865
7631,dummy-llama-30b-m,dummy-lora-7b-rank-8-2,577,16,420.9045631978805
7632,dummy-llama-30b-m,dummy-lora-7b-rank-128-1,429,49,420.9516843090869
7633,dummy-llama-30b-m,dummy-lora-7b-rank-64-4,618,52,421.0092204301117
7634,dummy-llama-30b-m,dummy-lora-7b-rank-128-0,774,54,421.068247102444
7635,dummy-llama-30b-m,dummy-lora-7b-rank-32-0,264,35,421.11098927720104
7636,dummy-llama-30b-m,dummy-lora-7b-rank-32-2,779,108,421.1148723827493
7637,dummy-llama-30b-m,dummy-lora-7b-rank-16-2,554,20,421.18687600633865
7638,dummy-llama-30b-m,dummy-lora-7b-rank-128-3,537,63,421.2182874848
7639,dummy-llama-30b-m,dummy-lora-7b-rank-128-0,192,165,421.2792892440873
7640,dummy-llama-30b-m,dummy-lora-7b-rank-8-3,542,14,421.3262366950144
7641,dummy-llama-30b-m,dummy-lora-7b-rank-128-0,552,19,421.3306413157989
7642,dummy-llama-30b-m,dummy-lora-7b-rank-64-4,277,50,421.35032686443407
7643,dummy-llama-30b-m,dummy-lora-7b-rank-16-1,638,204,421.39156696731004
7644,dummy-llama-30b-m,dummy-lora-7b-rank-8-4,383,79,421.4297456442807
7645,dummy-llama-30b-m,dummy-lora-7b-rank-8-2,504,48,421.45599927639586
7646,dummy-llama-30b-m,dummy-lora-7b-rank-64-0,326,6,421.4902887450127
7647,dummy-llama-30b-m,dummy-lora-7b-rank-8-0,318,4,421.5388377157049
7648,dummy-llama-30b-m,dummy-lora-7b-rank-16-1,570,29,421.5440396918119
7649,dummy-llama-30b-m,dummy-lora-7b-rank-32-2,554,20,421.54910445370564
7650,dummy-llama-30b-m,dummy-lora-7b-rank-128-4,591,35,421.6115447656915
7651,dummy-llama-30b-m,dummy-lora-7b-rank-8-1,599,17,421.636375975918
7652,dummy-llama-30b-m,dummy-lora-7b-rank-128-1,550,18,421.65291446608893
7653,dummy-llama-30b-m,dummy-lora-7b-rank-32-2,468,53,421.6665210636311
7654,dummy-llama-30b-m,dummy-lora-7b-rank-8-4,652,25,421.6998812342706
7655,dummy-llama-30b-m,dummy-lora-7b-rank-16-2,544,15,421.7106757833155
7656,dummy-llama-30b-m,dummy-lora-7b-rank-128-1,501,99,421.7800495058553
7657,dummy-llama-30b-m,dummy-lora-7b-rank-128-1,784,50,421.7834947287956
7658,dummy-llama-30b-m,dummy-lora-7b-rank-32-3,1007,7,421.8185860994799
7659,dummy-llama-30b-m,dummy-lora-7b-rank-128-4,554,23,421.8830457000771
7660,dummy-llama-30b-m,dummy-lora-7b-rank-32-2,142,48,421.9165947448275
7661,dummy-llama-30b-m,dummy-lora-7b-rank-64-4,56,99,421.9217951492
7662,dummy-llama-30b-m,dummy-lora-7b-rank-64-1,621,6,421.92508946601475
7663,dummy-llama-30b-m,dummy-lora-7b-rank-8-4,556,22,422.0014809740705
7664,dummy-llama-30b-m,dummy-lora-7b-rank-64-3,191,45,422.01519458507715
7665,dummy-llama-30b-m,dummy-lora-7b-rank-8-4,318,191,422.0199625578228
7666,dummy-llama-30b-m,dummy-lora-7b-rank-16-2,609,8,422.06865407198944
7667,dummy-llama-30b-m,dummy-lora-7b-rank-8-0,602,42,422.0773893623747
7668,dummy-llama-30b-m,dummy-lora-7b-rank-16-3,558,22,422.09668879995905
7669,dummy-llama-30b-m,dummy-lora-7b-rank-8-3,417,96,422.21047128265116
7670,dummy-llama-30b-m,dummy-lora-7b-rank-8-3,190,105,422.25807239187975
7671,dummy-llama-30b-m,dummy-lora-7b-rank-8-4,831,27,422.3362675913668
7672,dummy-llama-30b-m,dummy-lora-7b-rank-8-4,292,71,422.36431635286465
7673,dummy-llama-30b-m,dummy-lora-7b-rank-128-1,319,48,422.49594808292744
7674,dummy-llama-30b-m,dummy-lora-7b-rank-64-0,315,93,422.51713476500163
7675,dummy-llama-30b-m,dummy-lora-7b-rank-16-4,154,51,422.542051417176
7676,dummy-llama-30b-m,dummy-lora-7b-rank-32-0,987,6,422.5503129762001
7677,dummy-llama-30b-m,dummy-lora-7b-rank-32-2,172,119,422.60741728675873
7678,dummy-llama-30b-m,dummy-lora-7b-rank-16-0,272,8,422.6147953096742
7679,dummy-llama-30b-m,dummy-lora-7b-rank-32-0,568,19,422.70902839732236
7680,dummy-llama-30b-m,dummy-lora-7b-rank-64-4,252,45,422.72883695165683
7681,dummy-llama-30b-m,dummy-lora-7b-rank-32-3,628,10,422.8188094831806
7682,dummy-llama-30b-m,dummy-lora-7b-rank-32-4,554,20,422.90616607276274
7683,dummy-llama-30b-m,dummy-lora-7b-rank-8-2,193,54,422.9237443567015
7684,dummy-llama-30b-m,dummy-lora-7b-rank-8-4,456,50,422.9497815738324
7685,dummy-llama-30b-m,dummy-lora-7b-rank-16-1,617,29,422.97157319873975
7686,dummy-llama-30b-m,dummy-lora-7b-rank-16-4,439,63,423.0931414110346
7687,dummy-llama-30b-m,dummy-lora-7b-rank-8-1,202,3,423.131261010274
7688,dummy-llama-30b-m,dummy-lora-7b-rank-128-0,351,41,423.1785911731795
7689,dummy-llama-30b-m,dummy-lora-7b-rank-128-3,424,17,423.19773375961915
7690,dummy-llama-30b-m,dummy-lora-7b-rank-64-0,344,9,423.20253439416615
7691,dummy-llama-30b-m,dummy-lora-7b-rank-32-0,462,49,423.2735230385089
7692,dummy-llama-30b-m,dummy-lora-7b-rank-64-1,940,16,423.2740933962214
7693,dummy-llama-30b-m,dummy-lora-7b-rank-16-0,554,22,423.3938254563178
7694,dummy-llama-30b-m,dummy-lora-7b-rank-32-1,546,16,423.5342497413488
7695,dummy-llama-30b-m,dummy-lora-7b-rank-32-3,556,21,423.5609505363254
7696,dummy-llama-30b-m,dummy-lora-7b-rank-32-4,873,22,423.57054991484335
7697,dummy-llama-30b-m,dummy-lora-7b-rank-32-4,422,5,423.72907022983526
7698,dummy-llama-30b-m,dummy-lora-7b-rank-64-4,526,40,423.7546596948152
7699,dummy-llama-30b-m,dummy-lora-7b-rank-64-2,216,3,423.7614912198382
7700,dummy-llama-30b-m,dummy-lora-7b-rank-32-1,630,20,423.76524967173253
7701,dummy-llama-30b-m,dummy-lora-7b-rank-64-4,692,53,423.7695078504749
7702,dummy-llama-30b-m,dummy-lora-7b-rank-32-4,393,67,423.8731762876129
7703,dummy-llama-30b-m,dummy-lora-7b-rank-128-1,52,46,424.01573563654404
7704,dummy-llama-30b-m,dummy-lora-7b-rank-32-0,455,52,424.03697160636426
7705,dummy-llama-30b-m,dummy-lora-7b-rank-32-1,588,37,424.0445368033879
7706,dummy-llama-30b-m,dummy-lora-7b-rank-8-2,602,18,424.0706718079568
7707,dummy-llama-30b-m,dummy-lora-7b-rank-32-0,1006,47,424.17610225372863
7708,dummy-llama-30b-m,dummy-lora-7b-rank-32-3,404,62,424.2852579932472
7709,dummy-llama-30b-m,dummy-lora-7b-rank-8-1,385,77,424.32821301993226
7710,dummy-llama-30b-m,dummy-lora-7b-rank-128-4,558,22,424.3345456387759
7711,dummy-llama-30b-m,dummy-lora-7b-rank-32-2,512,49,424.40597600238436
7712,dummy-llama-30b-m,dummy-lora-7b-rank-128-0,493,47,424.51735074294453
7713,dummy-llama-30b-m,dummy-lora-7b-rank-8-2,601,17,424.54484061633275
7714,dummy-llama-30b-m,dummy-lora-7b-rank-64-3,544,15,424.7517128572226
7715,dummy-llama-30b-m,dummy-lora-7b-rank-128-4,513,67,424.9540844818105
7716,dummy-llama-30b-m,dummy-lora-7b-rank-64-4,558,21,424.97492694905856
7717,dummy-llama-30b-m,dummy-lora-7b-rank-8-3,245,46,424.9787054275166
7718,dummy-llama-30b-m,dummy-lora-7b-rank-16-1,562,24,425.0061769241411
7719,dummy-llama-30b-m,dummy-lora-7b-rank-32-2,360,9,425.02873853639716
7720,dummy-llama-30b-m,dummy-lora-7b-rank-32-0,322,45,425.08701127867874
7721,dummy-llama-30b-m,dummy-lora-7b-rank-32-2,431,196,425.1224701820852
7722,dummy-llama-30b-m,dummy-lora-7b-rank-32-0,126,42,425.1467636920415
7723,dummy-llama-30b-m,dummy-lora-7b-rank-16-1,544,108,425.17930740189496
7724,dummy-llama-30b-m,dummy-lora-7b-rank-128-1,319,47,425.25003848820006
7725,dummy-llama-30b-m,dummy-lora-7b-rank-16-3,456,65,425.2548704023295
7726,dummy-llama-30b-m,dummy-lora-7b-rank-64-3,182,38,425.2575099423612
7727,dummy-llama-30b-m,dummy-lora-7b-rank-16-0,774,7,425.43976923506233
7728,dummy-llama-30b-m,dummy-lora-7b-rank-16-4,334,51,425.4670334038307
7729,dummy-llama-30b-m,dummy-lora-7b-rank-64-0,428,61,425.4836763629265
7730,dummy-llama-30b-m,dummy-lora-7b-rank-64-0,657,8,425.6625284424296
7731,dummy-llama-30b-m,dummy-lora-7b-rank-16-2,470,53,425.70403741438724
7732,dummy-llama-30b-m,dummy-lora-7b-rank-64-4,448,41,425.8891835645947
7733,dummy-llama-30b-m,dummy-lora-7b-rank-16-0,164,161,426.0444285123338
7734,dummy-llama-30b-m,dummy-lora-7b-rank-32-4,226,182,426.0507340542356
7735,dummy-llama-30b-m,dummy-lora-7b-rank-32-4,508,18,426.1111675941306
7736,dummy-llama-30b-m,dummy-lora-7b-rank-32-2,564,64,426.1154874030961
7737,dummy-llama-30b-m,dummy-lora-7b-rank-128-2,332,36,426.14861842060077
7738,dummy-llama-30b-m,dummy-lora-7b-rank-8-2,506,6,426.1791625234155
7739,dummy-llama-30b-m,dummy-lora-7b-rank-32-4,1015,3,426.31096102654686
7740,dummy-llama-30b-m,dummy-lora-7b-rank-32-4,683,62,426.4418659079994
7741,dummy-llama-30b-m,dummy-lora-7b-rank-32-0,544,15,426.4854411800561
7742,dummy-llama-30b-m,dummy-lora-7b-rank-32-2,554,20,426.4957858792554
7743,dummy-llama-30b-m,dummy-lora-7b-rank-128-1,543,62,426.59298232542443
7744,dummy-llama-30b-m,dummy-lora-7b-rank-32-1,287,7,426.6718293830797
7745,dummy-llama-30b-m,dummy-lora-7b-rank-8-1,387,67,426.6961995261037
7746,dummy-llama-30b-m,dummy-lora-7b-rank-64-3,514,9,426.7003432836866
7747,dummy-llama-30b-m,dummy-lora-7b-rank-32-0,995,9,426.7164602503501
7748,dummy-llama-30b-m,dummy-lora-7b-rank-8-1,556,17,426.9283063627613
7749,dummy-llama-30b-m,dummy-lora-7b-rank-16-2,619,36,426.96889680489284
7750,dummy-llama-30b-m,dummy-lora-7b-rank-32-1,58,47,427.1805569925218
7751,dummy-llama-30b-m,dummy-lora-7b-rank-128-4,483,52,427.2566347165768
7752,dummy-llama-30b-m,dummy-lora-7b-rank-16-2,376,44,427.27194518795113
7753,dummy-llama-30b-m,dummy-lora-7b-rank-128-3,608,61,427.33524559814225
7754,dummy-llama-30b-m,dummy-lora-7b-rank-128-2,461,5,427.3628126634434
7755,dummy-llama-30b-m,dummy-lora-7b-rank-16-0,842,20,427.3677443745849
7756,dummy-llama-30b-m,dummy-lora-7b-rank-32-4,582,43,427.48043541804566
7757,dummy-llama-30b-m,dummy-lora-7b-rank-8-4,259,3,427.49847824770507
7758,dummy-llama-30b-m,dummy-lora-7b-rank-64-0,215,4,427.5001004693544
7759,dummy-llama-30b-m,dummy-lora-7b-rank-16-4,602,7,427.53477394412096
7760,dummy-llama-30b-m,dummy-lora-7b-rank-128-2,266,86,427.54797248286735
7761,dummy-llama-30b-m,dummy-lora-7b-rank-8-2,612,49,427.5760164552327
7762,dummy-llama-30b-m,dummy-lora-7b-rank-8-1,153,41,427.62198385457765
7763,dummy-llama-30b-m,dummy-lora-7b-rank-8-4,446,10,427.654173981703
7764,dummy-llama-30b-m,dummy-lora-7b-rank-64-0,558,24,427.66078870722174
7765,dummy-llama-30b-m,dummy-lora-7b-rank-16-4,571,10,427.72417551303926
7766,dummy-llama-30b-m,dummy-lora-7b-rank-128-1,246,55,427.797056203497
7767,dummy-llama-30b-m,dummy-lora-7b-rank-128-2,323,32,427.807341719562
7768,dummy-llama-30b-m,dummy-lora-7b-rank-32-4,516,55,427.854716702627
7769,dummy-llama-30b-m,dummy-lora-7b-rank-16-1,336,127,427.87441321931647
7770,dummy-llama-30b-m,dummy-lora-7b-rank-32-3,188,55,427.9163363979543
7771,dummy-llama-30b-m,dummy-lora-7b-rank-32-4,636,51,427.95046537046437
7772,dummy-llama-30b-m,dummy-lora-7b-rank-64-3,567,11,427.9820828479075
7773,dummy-llama-30b-m,dummy-lora-7b-rank-16-1,890,55,428.05958481107183
7774,dummy-llama-30b-m,dummy-lora-7b-rank-32-1,641,57,428.0768381797065
7775,dummy-llama-30b-m,dummy-lora-7b-rank-128-2,465,8,428.0785603486835
7776,dummy-llama-30b-m,dummy-lora-7b-rank-8-2,614,19,428.14661314094514
7777,dummy-llama-30b-m,dummy-lora-7b-rank-8-3,305,58,428.2108567190719
7778,dummy-llama-30b-m,dummy-lora-7b-rank-16-1,119,19,428.2294716501597
7779,dummy-llama-30b-m,dummy-lora-7b-rank-8-4,568,25,428.3843773621227
7780,dummy-llama-30b-m,dummy-lora-7b-rank-32-4,384,46,428.51219790907044
7781,dummy-llama-30b-m,dummy-lora-7b-rank-64-2,150,33,428.57955802022866
7782,dummy-llama-30b-m,dummy-lora-7b-rank-64-2,560,25,428.6125544901642
7783,dummy-llama-30b-m,dummy-lora-7b-rank-32-4,203,3,428.66139528335924
7784,dummy-llama-30b-m,dummy-lora-7b-rank-32-2,418,6,428.68070110588246
7785,dummy-llama-30b-m,dummy-lora-7b-rank-32-0,718,27,428.71728618807083
7786,dummy-llama-30b-m,dummy-lora-7b-rank-16-2,93,39,428.7300218203454
7787,dummy-llama-30b-m,dummy-lora-7b-rank-32-1,263,40,428.7486443917093
7788,dummy-llama-30b-m,dummy-lora-7b-rank-16-4,548,17,428.7596573182535
7789,dummy-llama-30b-m,dummy-lora-7b-rank-128-2,556,21,428.7791851719939
7790,dummy-llama-30b-m,dummy-lora-7b-rank-128-1,349,146,428.8085928431078
7791,dummy-llama-30b-m,dummy-lora-7b-rank-128-1,558,14,428.92947476667047
7792,dummy-llama-30b-m,dummy-lora-7b-rank-32-3,311,60,428.9507196016423
7793,dummy-llama-30b-m,dummy-lora-7b-rank-128-2,599,15,428.96781427116105
7794,dummy-llama-30b-m,dummy-lora-7b-rank-64-4,309,51,429.0115240702426
7795,dummy-llama-30b-m,dummy-lora-7b-rank-8-0,603,8,429.03867050181685
7796,dummy-llama-30b-m,dummy-lora-7b-rank-32-2,679,216,429.0700103256231
7797,dummy-llama-30b-m,dummy-lora-7b-rank-16-2,212,35,429.1044751651328
7798,dummy-llama-30b-m,dummy-lora-7b-rank-8-1,296,60,429.1877959988734
7799,dummy-llama-30b-m,dummy-lora-7b-rank-64-4,195,51,429.19665267267396
7800,dummy-llama-30b-m,dummy-lora-7b-rank-32-2,637,8,429.2319389359123
7801,dummy-llama-30b-m,dummy-lora-7b-rank-16-3,489,8,429.28476174515544
7802,dummy-llama-30b-m,dummy-lora-7b-rank-16-2,412,8,429.33059675993263
7803,dummy-llama-30b-m,dummy-lora-7b-rank-16-3,653,7,429.4365609298772
7804,dummy-llama-30b-m,dummy-lora-7b-rank-16-2,560,23,429.47430417474465
7805,dummy-llama-30b-m,dummy-lora-7b-rank-64-1,740,62,429.4765757032622
7806,dummy-llama-30b-m,dummy-lora-7b-rank-32-2,219,40,429.50698973295465
7807,dummy-llama-30b-m,dummy-lora-7b-rank-16-3,632,42,429.51772046003373
7808,dummy-llama-30b-m,dummy-lora-7b-rank-16-4,559,18,429.59741887265284
7809,dummy-llama-30b-m,dummy-lora-7b-rank-8-0,616,6,429.61949864178985
7810,dummy-llama-30b-m,dummy-lora-7b-rank-32-3,735,12,429.69529916498493
7811,dummy-llama-30b-m,dummy-lora-7b-rank-128-4,550,18,429.73690571318036
7812,dummy-llama-30b-m,dummy-lora-7b-rank-16-3,653,32,429.73970419052455
7813,dummy-llama-30b-m,dummy-lora-7b-rank-128-3,514,46,429.7852377504669
7814,dummy-llama-30b-m,dummy-lora-7b-rank-32-0,519,44,430.0514059749901
7815,dummy-llama-30b-m,dummy-lora-7b-rank-16-2,529,102,430.1153108262941
7816,dummy-llama-30b-m,dummy-lora-7b-rank-8-1,576,34,430.14841059593044
7817,dummy-llama-30b-m,dummy-lora-7b-rank-64-3,708,65,430.1712343234542
7818,dummy-llama-30b-m,dummy-lora-7b-rank-32-1,59,94,430.29263741953514
7819,dummy-llama-30b-m,dummy-lora-7b-rank-32-4,632,2,430.33883163879904
7820,dummy-llama-30b-m,dummy-lora-7b-rank-32-3,594,20,430.34007924945695
7821,dummy-llama-30b-m,dummy-lora-7b-rank-128-0,119,19,430.4146942776041
7822,dummy-llama-30b-m,dummy-lora-7b-rank-64-4,622,12,430.44835900731994
7823,dummy-llama-30b-m,dummy-lora-7b-rank-32-2,177,3,430.47332469408394
7824,dummy-llama-30b-m,dummy-lora-7b-rank-32-3,226,44,430.5401137721619
7825,dummy-llama-30b-m,dummy-lora-7b-rank-16-4,445,44,430.5712052473238
7826,dummy-llama-30b-m,dummy-lora-7b-rank-16-3,194,45,430.58785903781796
7827,dummy-llama-30b-m,dummy-lora-7b-rank-128-4,554,20,430.60511659751546
7828,dummy-llama-30b-m,dummy-lora-7b-rank-128-3,597,24,430.61599740085154
7829,dummy-llama-30b-m,dummy-lora-7b-rank-64-2,352,95,430.631306901025
7830,dummy-llama-30b-m,dummy-lora-7b-rank-32-1,727,3,430.6728800756399
7831,dummy-llama-30b-m,dummy-lora-7b-rank-64-3,560,25,430.790790118879
7832,dummy-llama-30b-m,dummy-lora-7b-rank-16-3,366,64,430.7947316336841
7833,dummy-llama-30b-m,dummy-lora-7b-rank-128-1,1002,43,430.87968710810884
7834,dummy-llama-30b-m,dummy-lora-7b-rank-32-4,540,6,430.8804874063206
7835,dummy-llama-30b-m,dummy-lora-7b-rank-16-2,631,26,430.89265915020667
7836,dummy-llama-30b-m,dummy-lora-7b-rank-64-0,195,94,430.9177711125856
7837,dummy-llama-30b-m,dummy-lora-7b-rank-32-1,387,168,430.9720620078126
7838,dummy-llama-30b-m,dummy-lora-7b-rank-128-3,724,21,431.09954910775446
7839,dummy-llama-30b-m,dummy-lora-7b-rank-32-4,434,50,431.15410149122806
7840,dummy-llama-30b-m,dummy-lora-7b-rank-16-2,78,41,431.16300060029414
7841,dummy-llama-30b-m,dummy-lora-7b-rank-32-4,577,66,431.1687076633948
7842,dummy-llama-30b-m,dummy-lora-7b-rank-64-0,546,16,431.17380853240104
7843,dummy-llama-30b-m,dummy-lora-7b-rank-16-2,491,192,431.17929725659695
7844,dummy-llama-30b-m,dummy-lora-7b-rank-16-2,606,8,431.29222547234076
7845,dummy-llama-30b-m,dummy-lora-7b-rank-64-2,758,43,431.4854468934649
7846,dummy-llama-30b-m,dummy-lora-7b-rank-8-4,468,37,431.62137767750306
7847,dummy-llama-30b-m,dummy-lora-7b-rank-128-4,603,19,431.65871330955355
7848,dummy-llama-30b-m,dummy-lora-7b-rank-32-0,413,43,431.86112786193877
7849,dummy-llama-30b-m,dummy-lora-7b-rank-8-1,400,11,431.94199784052006
7850,dummy-llama-30b-m,dummy-lora-7b-rank-8-1,345,63,431.97199645240823
7851,dummy-llama-30b-m,dummy-lora-7b-rank-16-2,278,52,431.9753955229749
7852,dummy-llama-30b-m,dummy-lora-7b-rank-32-0,248,49,431.99400951646
7853,dummy-llama-30b-m,dummy-lora-7b-rank-8-2,562,26,432.0681507563164
7854,dummy-llama-30b-m,dummy-lora-7b-rank-8-2,886,61,432.1022520713385
7855,dummy-llama-30b-m,dummy-lora-7b-rank-16-2,258,30,432.1067442610213
7856,dummy-llama-30b-m,dummy-lora-7b-rank-8-3,558,22,432.24907508700767
7857,dummy-llama-30b-m,dummy-lora-7b-rank-16-1,640,85,432.32167429461464
7858,dummy-llama-30b-m,dummy-lora-7b-rank-64-3,526,10,432.36446157460097
7859,dummy-llama-30b-m,dummy-lora-7b-rank-32-1,309,13,432.3655896535385
7860,dummy-llama-30b-m,dummy-lora-7b-rank-32-0,252,11,432.4690817916681
7861,dummy-llama-30b-m,dummy-lora-7b-rank-128-1,594,11,432.49651099955577
7862,dummy-llama-30b-m,dummy-lora-7b-rank-16-1,355,156,432.5765101867854
7863,dummy-llama-30b-m,dummy-lora-7b-rank-64-3,393,60,432.5797576200167
7864,dummy-llama-30b-m,dummy-lora-7b-rank-16-0,637,48,432.65022325292006
7865,dummy-llama-30b-m,dummy-lora-7b-rank-128-0,572,25,432.8794661081268
7866,dummy-llama-30b-m,dummy-lora-7b-rank-64-4,638,13,432.89465735398204
7867,dummy-llama-30b-m,dummy-lora-7b-rank-32-1,195,127,432.9238373226094
7868,dummy-llama-30b-m,dummy-lora-7b-rank-64-1,607,17,432.93105691274917
7869,dummy-llama-30b-m,dummy-lora-7b-rank-64-2,426,50,432.94591788296856
7870,dummy-llama-30b-m,dummy-lora-7b-rank-128-0,489,55,433.0116811016072
7871,dummy-llama-30b-m,dummy-lora-7b-rank-8-3,182,36,433.0388932224327
7872,dummy-llama-30b-m,dummy-lora-7b-rank-128-0,556,21,433.0452655239577
7873,dummy-llama-30b-m,dummy-lora-7b-rank-128-2,514,43,433.09146100659615
7874,dummy-llama-30b-m,dummy-lora-7b-rank-128-1,450,5,433.41051449651184
7875,dummy-llama-30b-m,dummy-lora-7b-rank-16-2,724,14,433.42336554679514
7876,dummy-llama-30b-m,dummy-lora-7b-rank-64-0,605,113,433.4361776684854
7877,dummy-llama-30b-m,dummy-lora-7b-rank-128-0,605,20,433.4643848365878
7878,dummy-llama-30b-m,dummy-lora-7b-rank-32-3,423,50,433.5136987604814
7879,dummy-llama-30b-m,dummy-lora-7b-rank-128-0,738,86,433.66566970947224
7880,dummy-llama-30b-m,dummy-lora-7b-rank-128-3,235,43,433.6845997206797
7881,dummy-llama-30b-m,dummy-lora-7b-rank-32-4,455,65,433.7588131287654
7882,dummy-llama-30b-m,dummy-lora-7b-rank-128-0,562,22,433.7810288080884
7883,dummy-llama-30b-m,dummy-lora-7b-rank-32-4,770,17,433.9553216957163
7884,dummy-llama-30b-m,dummy-lora-7b-rank-8-2,433,38,434.00796029084006
7885,dummy-llama-30b-m,dummy-lora-7b-rank-64-4,255,70,434.0184500703147
7886,dummy-llama-30b-m,dummy-lora-7b-rank-128-1,424,41,434.04691428061534
7887,dummy-llama-30b-m,dummy-lora-7b-rank-64-4,552,11,434.08108915735625
7888,dummy-llama-30b-m,dummy-lora-7b-rank-8-3,586,108,434.100609755931
7889,dummy-llama-30b-m,dummy-lora-7b-rank-16-1,562,25,434.13071381346714
7890,dummy-llama-30b-m,dummy-lora-7b-rank-64-4,105,65,434.1383869254205
7891,dummy-llama-30b-m,dummy-lora-7b-rank-128-2,614,85,434.16849141593076
7892,dummy-llama-30b-m,dummy-lora-7b-rank-8-1,676,77,434.2350744104013
7893,dummy-llama-30b-m,dummy-lora-7b-rank-128-2,610,6,434.2941681094325
7894,dummy-llama-30b-m,dummy-lora-7b-rank-32-3,711,22,434.29855504000716
7895,dummy-llama-30b-m,dummy-lora-7b-rank-8-1,86,87,434.3341129092744
7896,dummy-llama-30b-m,dummy-lora-7b-rank-32-2,198,180,434.3504460776551
7897,dummy-llama-30b-m,dummy-lora-7b-rank-64-2,480,7,434.4110823218238
7898,dummy-llama-30b-m,dummy-lora-7b-rank-64-2,528,5,434.50301539762063
7899,dummy-llama-30b-m,dummy-lora-7b-rank-128-0,309,108,434.5070181871483
7900,dummy-llama-30b-m,dummy-lora-7b-rank-16-1,398,75,434.5831977231983
7901,dummy-llama-30b-m,dummy-lora-7b-rank-64-2,916,75,434.70097530250956
7902,dummy-llama-30b-m,dummy-lora-7b-rank-32-0,184,51,434.72305948324083
7903,dummy-llama-30b-m,dummy-lora-7b-rank-16-0,586,19,434.7427731900698
7904,dummy-llama-30b-m,dummy-lora-7b-rank-32-1,549,64,434.79292888075946
7905,dummy-llama-30b-m,dummy-lora-7b-rank-32-2,400,4,434.86613405416716
7906,dummy-llama-30b-m,dummy-lora-7b-rank-64-1,146,73,434.90853045737396
7907,dummy-llama-30b-m,dummy-lora-7b-rank-64-1,542,14,434.90988489042206
7908,dummy-llama-30b-m,dummy-lora-7b-rank-16-4,204,41,434.9213338487899
7909,dummy-llama-30b-m,dummy-lora-7b-rank-128-4,437,14,434.92306448538955
7910,dummy-llama-30b-m,dummy-lora-7b-rank-16-0,558,22,434.9898765104619
7911,dummy-llama-30b-m,dummy-lora-7b-rank-128-3,591,18,434.99549753425237
7912,dummy-llama-30b-m,dummy-lora-7b-rank-8-0,400,38,435.1278303248125
7913,dummy-llama-30b-m,dummy-lora-7b-rank-8-1,979,10,435.2071892078367
7914,dummy-llama-30b-m,dummy-lora-7b-rank-8-0,457,46,435.3126915386934
7915,dummy-llama-30b-m,dummy-lora-7b-rank-128-2,588,40,435.32473719905136
7916,dummy-llama-30b-m,dummy-lora-7b-rank-32-3,543,69,435.486003653321
7917,dummy-llama-30b-m,dummy-lora-7b-rank-16-4,736,31,435.55764182188244
7918,dummy-llama-30b-m,dummy-lora-7b-rank-64-4,619,19,435.69073216892747
7919,dummy-llama-30b-m,dummy-lora-7b-rank-128-2,355,86,435.791763247906
7920,dummy-llama-30b-m,dummy-lora-7b-rank-32-4,379,11,435.7986623807441
7921,dummy-llama-30b-m,dummy-lora-7b-rank-128-4,918,36,435.95334453767356
7922,dummy-llama-30b-m,dummy-lora-7b-rank-128-4,247,37,435.96342193934174
7923,dummy-llama-30b-m,dummy-lora-7b-rank-8-1,601,15,435.97832077134973
7924,dummy-llama-30b-m,dummy-lora-7b-rank-16-2,416,11,436.0119808715198
7925,dummy-llama-30b-m,dummy-lora-7b-rank-16-0,302,12,436.11762540464855
7926,dummy-llama-30b-m,dummy-lora-7b-rank-64-4,363,241,436.1826532178272
7927,dummy-llama-30b-m,dummy-lora-7b-rank-64-4,649,74,436.20505993914287
7928,dummy-llama-30b-m,dummy-lora-7b-rank-16-2,554,57,436.2634311069409
7929,dummy-llama-30b-m,dummy-lora-7b-rank-128-0,582,70,436.2718825223281
7930,dummy-llama-30b-m,dummy-lora-7b-rank-16-2,638,3,436.29032574166416
7931,dummy-llama-30b-m,dummy-lora-7b-rank-16-4,485,177,436.4506438860719
7932,dummy-llama-30b-m,dummy-lora-7b-rank-64-1,319,50,436.47637305603195
7933,dummy-llama-30b-m,dummy-lora-7b-rank-16-2,895,38,436.6032233416985
7934,dummy-llama-30b-m,dummy-lora-7b-rank-32-3,232,131,436.6340899846842
7935,dummy-llama-30b-m,dummy-lora-7b-rank-16-4,552,19,436.6793662276041
7936,dummy-llama-30b-m,dummy-lora-7b-rank-32-0,801,79,436.7246428461318
7937,dummy-llama-30b-m,dummy-lora-7b-rank-8-1,560,10,436.8119757002924
7938,dummy-llama-30b-m,dummy-lora-7b-rank-32-2,211,60,436.8929274453884
7939,dummy-llama-30b-m,dummy-lora-7b-rank-128-0,330,46,436.9836019564996
7940,dummy-llama-30b-m,dummy-lora-7b-rank-128-1,528,38,437.00251326443686
7941,dummy-llama-30b-m,dummy-lora-7b-rank-32-3,401,145,437.00311424125675
7942,dummy-llama-30b-m,dummy-lora-7b-rank-64-4,456,51,437.03760547006
7943,dummy-llama-30b-m,dummy-lora-7b-rank-32-2,569,23,437.0377557637554
7944,dummy-llama-30b-m,dummy-lora-7b-rank-32-4,570,31,437.3407541171269
7945,dummy-llama-30b-m,dummy-lora-7b-rank-64-4,942,3,437.40682492844263
7946,dummy-llama-30b-m,dummy-lora-7b-rank-8-3,554,20,437.4388798307256
7947,dummy-llama-30b-m,dummy-lora-7b-rank-128-0,295,51,437.54363712141713
7948,dummy-llama-30b-m,dummy-lora-7b-rank-32-0,564,21,437.5586200803793
7949,dummy-llama-30b-m,dummy-lora-7b-rank-8-0,445,52,437.6042535714436
7950,dummy-llama-30b-m,dummy-lora-7b-rank-32-1,550,10,437.62309883101113
7951,dummy-llama-30b-m,dummy-lora-7b-rank-8-4,217,8,437.6462164953517
7952,dummy-llama-30b-m,dummy-lora-7b-rank-128-1,554,20,437.67281222367905
7953,dummy-llama-30b-m,dummy-lora-7b-rank-16-3,288,43,437.81855404750166
7954,dummy-llama-30b-m,dummy-lora-7b-rank-16-0,477,80,437.9065388622494
7955,dummy-llama-30b-m,dummy-lora-7b-rank-32-3,599,17,437.927764862946
7956,dummy-llama-30b-m,dummy-lora-7b-rank-128-2,629,28,437.92864645121074
7957,dummy-llama-30b-m,dummy-lora-7b-rank-128-2,322,41,437.95962073607063
7958,dummy-llama-30b-m,dummy-lora-7b-rank-32-0,554,12,437.9860882967632
7959,dummy-llama-30b-m,dummy-lora-7b-rank-32-1,563,10,437.9882876278301
7960,dummy-llama-30b-m,dummy-lora-7b-rank-64-4,554,22,438.0205621587005
7961,dummy-llama-30b-m,dummy-lora-7b-rank-32-1,337,46,438.0281257863851
7962,dummy-llama-30b-m,dummy-lora-7b-rank-32-1,550,18,438.03412495335203
7963,dummy-llama-30b-m,dummy-lora-7b-rank-16-1,231,75,438.0841815430458
7964,dummy-llama-30b-m,dummy-lora-7b-rank-64-4,521,9,438.0904099507702
7965,dummy-llama-30b-m,dummy-lora-7b-rank-32-0,461,17,438.1452276057766
7966,dummy-llama-30b-m,dummy-lora-7b-rank-64-1,616,22,438.3792823938097
7967,dummy-llama-30b-m,dummy-lora-7b-rank-8-2,546,45,438.404325032329
7968,dummy-llama-30b-m,dummy-lora-7b-rank-32-4,505,62,438.5484319364213
7969,dummy-llama-30b-m,dummy-lora-7b-rank-16-2,708,95,438.6490319714024
7970,dummy-llama-30b-m,dummy-lora-7b-rank-32-3,578,36,438.70824382050466
7971,dummy-llama-30b-m,dummy-lora-7b-rank-16-3,572,53,438.72827332995604
7972,dummy-llama-30b-m,dummy-lora-7b-rank-16-3,443,19,438.7590092095936
7973,dummy-llama-30b-m,dummy-lora-7b-rank-32-2,616,8,438.8322937298983
7974,dummy-llama-30b-m,dummy-lora-7b-rank-32-4,159,44,438.85087824363484
7975,dummy-llama-30b-m,dummy-lora-7b-rank-8-3,556,21,438.8603653211168
7976,dummy-llama-30b-m,dummy-lora-7b-rank-128-1,596,11,438.86081449792607
7977,dummy-llama-30b-m,dummy-lora-7b-rank-128-2,564,28,438.87547977614474
7978,dummy-llama-30b-m,dummy-lora-7b-rank-16-0,166,44,438.8811825657758
7979,dummy-llama-30b-m,dummy-lora-7b-rank-16-1,574,22,438.90562516565865
7980,dummy-llama-30b-m,dummy-lora-7b-rank-8-0,715,97,438.9433986634619
7981,dummy-llama-30b-m,dummy-lora-7b-rank-128-0,207,122,439.1148642909822
7982,dummy-llama-30b-m,dummy-lora-7b-rank-8-4,318,48,439.153248993334
7983,dummy-llama-30b-m,dummy-lora-7b-rank-64-2,609,21,439.45440331215343
7984,dummy-llama-30b-m,dummy-lora-7b-rank-128-4,371,105,439.52289183093893
7985,dummy-llama-30b-m,dummy-lora-7b-rank-64-2,565,55,439.6622635661897
7986,dummy-llama-30b-m,dummy-lora-7b-rank-128-4,574,33,439.8840101467458
7987,dummy-llama-30b-m,dummy-lora-7b-rank-128-0,554,20,440.02511377748436
7988,dummy-llama-30b-m,dummy-lora-7b-rank-128-3,322,19,440.13125352595983
7989,dummy-llama-30b-m,dummy-lora-7b-rank-16-3,519,51,440.35820091831516
7990,dummy-llama-30b-m,dummy-lora-7b-rank-64-4,396,7,440.4507082489359
7991,dummy-llama-30b-m,dummy-lora-7b-rank-8-3,407,22,440.48692389546466
7992,dummy-llama-30b-m,dummy-lora-7b-rank-64-1,756,10,440.6458559450563
7993,dummy-llama-30b-m,dummy-lora-7b-rank-16-0,156,122,440.73666350711653
7994,dummy-llama-30b-m,dummy-lora-7b-rank-16-2,233,182,440.74017629436065
7995,dummy-llama-30b-m,dummy-lora-7b-rank-16-4,550,18,440.7687616105658
7996,dummy-llama-30b-m,dummy-lora-7b-rank-128-2,700,95,440.87797990433717
7997,dummy-llama-30b-m,dummy-lora-7b-rank-8-3,552,19,440.8814367144518
7998,dummy-llama-30b-m,dummy-lora-7b-rank-16-1,612,120,440.8951710420448
7999,dummy-llama-30b-m,dummy-lora-7b-rank-64-3,564,22,440.9112426231824
8000,dummy-llama-30b-m,dummy-lora-7b-rank-8-0,260,21,441.1618247117823
8001,dummy-llama-30b-m,dummy-lora-7b-rank-64-1,245,45,441.74667652480883
8002,dummy-llama-30b-m,dummy-lora-7b-rank-32-1,104,43,441.8887002223376
8003,dummy-llama-30b-m,dummy-lora-7b-rank-8-2,332,50,441.9177127406303
8004,dummy-llama-30b-m,dummy-lora-7b-rank-128-4,604,17,442.01963210226694
8005,dummy-llama-30b-m,dummy-lora-7b-rank-64-0,570,6,442.2204919719354
8006,dummy-llama-30b-m,dummy-lora-7b-rank-16-2,120,19,442.24033400181975
8007,dummy-llama-30b-m,dummy-lora-7b-rank-16-0,975,39,442.2530014770232
8008,dummy-llama-30b-m,dummy-lora-7b-rank-8-4,599,17,442.3135376020004
8009,dummy-llama-30b-m,dummy-lora-7b-rank-16-2,636,3,442.31895461624384
8010,dummy-llama-30b-m,dummy-lora-7b-rank-128-3,136,19,442.3776137484436
8011,dummy-llama-30b-m,dummy-lora-7b-rank-8-1,422,12,442.43428178448465
8012,dummy-llama-30b-m,dummy-lora-7b-rank-16-4,310,86,442.4716153465124
8013,dummy-llama-30b-m,dummy-lora-7b-rank-64-1,556,20,442.4890254930868
8014,dummy-llama-30b-m,dummy-lora-7b-rank-16-2,611,19,442.6534738906601
8015,dummy-llama-30b-m,dummy-lora-7b-rank-32-1,1021,8,442.708171987325
8016,dummy-llama-30b-m,dummy-lora-7b-rank-32-2,548,18,442.75255703276883
8017,dummy-llama-30b-m,dummy-lora-7b-rank-32-1,418,9,442.9128010451874
8018,dummy-llama-30b-m,dummy-lora-7b-rank-32-0,624,57,443.2322145018027
8019,dummy-llama-30b-m,dummy-lora-7b-rank-8-1,568,30,443.34851668260796
8020,dummy-llama-30b-m,dummy-lora-7b-rank-64-1,507,183,443.3887898131937
8021,dummy-llama-30b-m,dummy-lora-7b-rank-128-4,560,11,443.41605755897075
8022,dummy-llama-30b-m,dummy-lora-7b-rank-8-0,281,60,443.56804537655614
8023,dummy-llama-30b-m,dummy-lora-7b-rank-32-3,241,63,443.59781342028606
8024,dummy-llama-30b-m,dummy-lora-7b-rank-16-0,566,27,443.69321318797626
8025,dummy-llama-30b-m,dummy-lora-7b-rank-128-2,488,57,443.72713125593816
8026,dummy-llama-30b-m,dummy-lora-7b-rank-32-2,629,20,443.72987143736157
8027,dummy-llama-30b-m,dummy-lora-7b-rank-128-2,550,18,443.7630697856079
8028,dummy-llama-30b-m,dummy-lora-7b-rank-8-2,549,76,443.7702029888679
8029,dummy-llama-30b-m,dummy-lora-7b-rank-128-2,97,75,443.862818244381
8030,dummy-llama-30b-m,dummy-lora-7b-rank-64-2,789,86,443.88155000282853
8031,dummy-llama-30b-m,dummy-lora-7b-rank-16-3,929,7,443.97624990217304
8032,dummy-llama-30b-m,dummy-lora-7b-rank-128-2,245,8,443.9766128660895
8033,dummy-llama-30b-m,dummy-lora-7b-rank-64-3,631,12,444.01303919310476
8034,dummy-llama-30b-m,dummy-lora-7b-rank-16-4,460,34,444.0301590568486
8035,dummy-llama-30b-m,dummy-lora-7b-rank-64-2,558,23,444.1876984720355
8036,dummy-llama-30b-m,dummy-lora-7b-rank-16-0,579,8,444.29216540586805
8037,dummy-llama-30b-m,dummy-lora-7b-rank-32-2,257,46,444.317509750624
8038,dummy-llama-30b-m,dummy-lora-7b-rank-32-2,601,15,444.4063914405689
8039,dummy-llama-30b-m,dummy-lora-7b-rank-32-1,84,34,444.4860367829496
8040,dummy-llama-30b-m,dummy-lora-7b-rank-8-3,630,46,444.50736305673354
8041,dummy-llama-30b-m,dummy-lora-7b-rank-8-0,690,13,444.57835756474975
8042,dummy-llama-30b-m,dummy-lora-7b-rank-16-2,53,78,444.5860333278542
8043,dummy-llama-30b-m,dummy-lora-7b-rank-32-4,164,46,444.6904955779155
8044,dummy-llama-30b-m,dummy-lora-7b-rank-64-3,139,42,444.7384421092564
8045,dummy-llama-30b-m,dummy-lora-7b-rank-128-3,487,9,444.7783954520102
8046,dummy-llama-30b-m,dummy-lora-7b-rank-16-1,128,19,444.7814591069318
8047,dummy-llama-30b-m,dummy-lora-7b-rank-64-3,584,37,444.8429143775502
8048,dummy-llama-30b-m,dummy-lora-7b-rank-16-2,134,58,444.8464685462244
8049,dummy-llama-30b-m,dummy-lora-7b-rank-128-2,216,53,444.84862047131617
8050,dummy-llama-30b-m,dummy-lora-7b-rank-64-2,828,3,444.86622527722375
8051,dummy-llama-30b-m,dummy-lora-7b-rank-128-1,586,11,445.0633569074349
8052,dummy-llama-30b-m,dummy-lora-7b-rank-32-3,380,41,445.08549069302916
8053,dummy-llama-30b-m,dummy-lora-7b-rank-128-3,496,93,445.09478541692584
8054,dummy-llama-30b-m,dummy-lora-7b-rank-8-3,103,55,445.2078293063397
8055,dummy-llama-30b-m,dummy-lora-7b-rank-128-3,558,21,445.4069345632052
8056,dummy-llama-30b-m,dummy-lora-7b-rank-64-2,286,11,445.4193579244831
8057,dummy-llama-30b-m,dummy-lora-7b-rank-128-3,106,66,445.461485393029
8058,dummy-llama-30b-m,dummy-lora-7b-rank-64-2,211,39,445.63987445036895
8059,dummy-llama-30b-m,dummy-lora-7b-rank-128-2,54,55,445.67915124525985
8060,dummy-llama-30b-m,dummy-lora-7b-rank-16-1,208,53,445.70038880013726
8061,dummy-llama-30b-m,dummy-lora-7b-rank-8-4,532,54,445.76818932959526
8062,dummy-llama-30b-m,dummy-lora-7b-rank-16-2,658,51,445.81491419626576
8063,dummy-llama-30b-m,dummy-lora-7b-rank-128-1,323,47,445.8316721453896
8064,dummy-llama-30b-m,dummy-lora-7b-rank-32-3,579,99,445.85431701300985
8065,dummy-llama-30b-m,dummy-lora-7b-rank-32-3,291,5,445.8837572405583
8066,dummy-llama-30b-m,dummy-lora-7b-rank-16-1,651,17,446.04191073643443
8067,dummy-llama-30b-m,dummy-lora-7b-rank-8-2,607,34,446.0431325874949
8068,dummy-llama-30b-m,dummy-lora-7b-rank-128-3,823,107,446.0859312251807
8069,dummy-llama-30b-m,dummy-lora-7b-rank-32-2,434,108,446.14399858394086
8070,dummy-llama-30b-m,dummy-lora-7b-rank-8-4,170,44,446.18004792334517
8071,dummy-llama-30b-m,dummy-lora-7b-rank-128-3,260,4,446.386090928133
8072,dummy-llama-30b-m,dummy-lora-7b-rank-64-1,609,22,446.3928557296207
8073,dummy-llama-30b-m,dummy-lora-7b-rank-16-2,394,7,446.4763519678146
8074,dummy-llama-30b-m,dummy-lora-7b-rank-8-0,380,47,446.5143799134226
8075,dummy-llama-30b-m,dummy-lora-7b-rank-64-0,123,19,446.6419386781513
8076,dummy-llama-30b-m,dummy-lora-7b-rank-32-2,322,53,446.6634736090779
8077,dummy-llama-30b-m,dummy-lora-7b-rank-128-0,349,214,446.6713397375793
8078,dummy-llama-30b-m,dummy-lora-7b-rank-32-2,921,102,446.7094405897797
8079,dummy-llama-30b-m,dummy-lora-7b-rank-64-3,467,64,446.74518840026747
8080,dummy-llama-30b-m,dummy-lora-7b-rank-8-0,485,41,446.7850357049502
8081,dummy-llama-30b-m,dummy-lora-7b-rank-128-2,885,96,446.7888326096633
8082,dummy-llama-30b-m,dummy-lora-7b-rank-32-4,841,39,446.8730659725077
8083,dummy-llama-30b-m,dummy-lora-7b-rank-8-3,281,48,446.87673129138426
8084,dummy-llama-30b-m,dummy-lora-7b-rank-64-4,499,5,446.9267890777509
8085,dummy-llama-30b-m,dummy-lora-7b-rank-64-2,602,11,446.9382492865559
8086,dummy-llama-30b-m,dummy-lora-7b-rank-128-2,401,54,446.94968809190317
8087,dummy-llama-30b-m,dummy-lora-7b-rank-64-0,303,41,447.0602836192577
8088,dummy-llama-30b-m,dummy-lora-7b-rank-8-2,487,11,447.2176363281816
8089,dummy-llama-30b-m,dummy-lora-7b-rank-16-1,89,52,447.24369032976807
8090,dummy-llama-30b-m,dummy-lora-7b-rank-32-3,558,23,447.27881571340015
8091,dummy-llama-30b-m,dummy-lora-7b-rank-16-1,216,41,447.2855771608687
8092,dummy-llama-30b-m,dummy-lora-7b-rank-128-3,247,7,447.32819137982204
8093,dummy-llama-30b-m,dummy-lora-7b-rank-32-2,689,93,447.33629960519244
8094,dummy-llama-30b-m,dummy-lora-7b-rank-16-2,692,46,447.3561703052234
8095,dummy-llama-30b-m,dummy-lora-7b-rank-64-1,347,50,447.42434598866106
8096,dummy-llama-30b-m,dummy-lora-7b-rank-16-1,384,47,447.4254474722525
8097,dummy-llama-30b-m,dummy-lora-7b-rank-128-2,544,15,447.46696872380295
8098,dummy-llama-30b-m,dummy-lora-7b-rank-16-3,533,42,447.59439036364836
8099,dummy-llama-30b-m,dummy-lora-7b-rank-64-1,568,17,447.6466639387616
8100,dummy-llama-30b-m,dummy-lora-7b-rank-128-1,627,60,447.67767529003794
8101,dummy-llama-30b-m,dummy-lora-7b-rank-32-2,323,6,447.70050164549764
8102,dummy-llama-30b-m,dummy-lora-7b-rank-16-4,548,7,447.74606652144485
8103,dummy-llama-30b-m,dummy-lora-7b-rank-16-1,552,82,447.7838004749905
8104,dummy-llama-30b-m,dummy-lora-7b-rank-8-2,362,5,447.971588710266
8105,dummy-llama-30b-m,dummy-lora-7b-rank-8-2,603,20,448.1020861256468
8106,dummy-llama-30b-m,dummy-lora-7b-rank-128-2,351,11,448.1105910364109
8107,dummy-llama-30b-m,dummy-lora-7b-rank-16-2,671,149,448.1111676863586
8108,dummy-llama-30b-m,dummy-lora-7b-rank-16-3,361,59,448.2047254256271
8109,dummy-llama-30b-m,dummy-lora-7b-rank-64-4,558,25,448.2659770990099
8110,dummy-llama-30b-m,dummy-lora-7b-rank-16-0,548,17,448.2944035757319
8111,dummy-llama-30b-m,dummy-lora-7b-rank-64-3,446,59,448.298359407592
8112,dummy-llama-30b-m,dummy-lora-7b-rank-64-0,566,12,448.3465403345175
8113,dummy-llama-30b-m,dummy-lora-7b-rank-8-2,647,34,448.6359428629435
8114,dummy-llama-30b-m,dummy-lora-7b-rank-64-4,596,40,448.77196958143844
8115,dummy-llama-30b-m,dummy-lora-7b-rank-8-4,334,22,448.7768339239091
8116,dummy-llama-30b-m,dummy-lora-7b-rank-16-3,550,10,448.8250789209268
8117,dummy-llama-30b-m,dummy-lora-7b-rank-64-3,620,33,448.8266228093089
8118,dummy-llama-30b-m,dummy-lora-7b-rank-128-1,550,18,448.86486831596824
8119,dummy-llama-30b-m,dummy-lora-7b-rank-64-2,325,68,448.8965259292094
8120,dummy-llama-30b-m,dummy-lora-7b-rank-8-0,432,88,449.080972012065
8121,dummy-llama-30b-m,dummy-lora-7b-rank-8-0,335,154,449.2204189395654
8122,dummy-llama-30b-m,dummy-lora-7b-rank-128-0,598,52,449.42548589086385
8123,dummy-llama-30b-m,dummy-lora-7b-rank-64-4,98,56,449.470861642726
8124,dummy-llama-30b-m,dummy-lora-7b-rank-64-2,744,175,449.4801774112664
8125,dummy-llama-30b-m,dummy-lora-7b-rank-128-2,230,51,449.52529696101755
8126,dummy-llama-30b-m,dummy-lora-7b-rank-64-0,174,43,449.528673118007
8127,dummy-llama-30b-m,dummy-lora-7b-rank-8-4,580,36,449.63844449885556
8128,dummy-llama-30b-m,dummy-lora-7b-rank-64-4,575,41,449.6635843317813
8129,dummy-llama-30b-m,dummy-lora-7b-rank-64-4,599,17,449.8845171531482
8130,dummy-llama-30b-m,dummy-lora-7b-rank-128-0,119,47,449.9029119400421
8131,dummy-llama-30b-m,dummy-lora-7b-rank-128-1,164,25,449.90312331897024
8132,dummy-llama-30b-m,dummy-lora-7b-rank-128-1,317,24,449.9735605725564
8133,dummy-llama-30b-m,dummy-lora-7b-rank-32-0,627,6,449.98176717509676
8134,dummy-llama-30b-m,dummy-lora-7b-rank-16-1,107,55,450.00600076439827
8135,dummy-llama-30b-m,dummy-lora-7b-rank-8-1,558,24,450.1290612162597
8136,dummy-llama-30b-m,dummy-lora-7b-rank-32-2,487,7,450.13855765308546
8137,dummy-llama-30b-m,dummy-lora-7b-rank-64-3,564,27,450.18041000147286
8138,dummy-llama-30b-m,dummy-lora-7b-rank-128-1,606,16,450.194775494253
8139,dummy-llama-30b-m,dummy-lora-7b-rank-8-2,695,33,450.2144869764269
8140,dummy-llama-30b-m,dummy-lora-7b-rank-32-2,642,7,450.63097943082926
8141,dummy-llama-30b-m,dummy-lora-7b-rank-64-3,554,20,450.6319746316698
8142,dummy-llama-30b-m,dummy-lora-7b-rank-16-0,144,45,450.6347972488892
8143,dummy-llama-30b-m,dummy-lora-7b-rank-64-4,231,47,450.7089221501764
8144,dummy-llama-30b-m,dummy-lora-7b-rank-8-1,438,64,450.7386791774369
8145,dummy-llama-30b-m,dummy-lora-7b-rank-64-0,170,48,450.77021073669647
8146,dummy-llama-30b-m,dummy-lora-7b-rank-16-2,878,14,450.8555186501621
8147,dummy-llama-30b-m,dummy-lora-7b-rank-32-4,426,10,451.1050494842371
8148,dummy-llama-30b-m,dummy-lora-7b-rank-128-4,279,9,451.16411409517855
8149,dummy-llama-30b-m,dummy-lora-7b-rank-128-3,554,22,451.1757158382328
8150,dummy-llama-30b-m,dummy-lora-7b-rank-8-2,564,21,451.18817653335157
8151,dummy-llama-30b-m,dummy-lora-7b-rank-64-3,560,18,451.2353617667117
8152,dummy-llama-30b-m,dummy-lora-7b-rank-32-4,412,156,451.253041924134
8153,dummy-llama-30b-m,dummy-lora-7b-rank-8-0,259,171,451.3069930820096
8154,dummy-llama-30b-m,dummy-lora-7b-rank-8-2,570,31,451.3175393354987
8155,dummy-llama-30b-m,dummy-lora-7b-rank-16-0,778,105,451.3301985564755
8156,dummy-llama-30b-m,dummy-lora-7b-rank-128-1,521,10,451.4226943656746
8157,dummy-llama-30b-m,dummy-lora-7b-rank-64-3,552,19,451.5229477567023
8158,dummy-llama-30b-m,dummy-lora-7b-rank-8-2,103,58,451.64255704156335
8159,dummy-llama-30b-m,dummy-lora-7b-rank-8-1,548,18,451.67850706900674
8160,dummy-llama-30b-m,dummy-lora-7b-rank-16-0,611,22,451.6997961065016
8161,dummy-llama-30b-m,dummy-lora-7b-rank-8-1,999,49,451.7645465558042
8162,dummy-llama-30b-m,dummy-lora-7b-rank-8-1,556,21,451.7906520137097
8163,dummy-llama-30b-m,dummy-lora-7b-rank-16-0,572,29,451.81506878201486
8164,dummy-llama-30b-m,dummy-lora-7b-rank-64-2,554,22,451.93137811607266
8165,dummy-llama-30b-m,dummy-lora-7b-rank-16-3,816,152,451.9408047938549
8166,dummy-llama-30b-m,dummy-lora-7b-rank-128-2,186,53,451.95466362942057
8167,dummy-llama-30b-m,dummy-lora-7b-rank-64-0,314,103,451.9970160859521
8168,dummy-llama-30b-m,dummy-lora-7b-rank-32-1,260,12,452.0100008527323
8169,dummy-llama-30b-m,dummy-lora-7b-rank-128-3,335,190,452.04109458762235
8170,dummy-llama-30b-m,dummy-lora-7b-rank-128-3,572,31,452.2046485338438
8171,dummy-llama-30b-m,dummy-lora-7b-rank-128-2,55,40,452.47914703205765
8172,dummy-llama-30b-m,dummy-lora-7b-rank-64-0,322,43,452.4834114249587
8173,dummy-llama-30b-m,dummy-lora-7b-rank-128-0,642,66,452.54475190258813
8174,dummy-llama-30b-m,dummy-lora-7b-rank-8-3,216,192,452.569829077573
8175,dummy-llama-30b-m,dummy-lora-7b-rank-64-2,317,5,452.66195759437244
8176,dummy-llama-30b-m,dummy-lora-7b-rank-16-1,309,88,452.68983985709804
8177,dummy-llama-30b-m,dummy-lora-7b-rank-64-1,177,67,452.7796539469884
8178,dummy-llama-30b-m,dummy-lora-7b-rank-16-1,552,21,452.8263984922521
8179,dummy-llama-30b-m,dummy-lora-7b-rank-8-3,572,70,453.00667344327013
8180,dummy-llama-30b-m,dummy-lora-7b-rank-32-0,534,9,453.1886120723514
8181,dummy-llama-30b-m,dummy-lora-7b-rank-16-4,590,63,453.278296185936
8182,dummy-llama-30b-m,dummy-lora-7b-rank-16-0,554,21,453.3135315569771
8183,dummy-llama-30b-m,dummy-lora-7b-rank-64-3,869,17,453.3174456032122
8184,dummy-llama-30b-m,dummy-lora-7b-rank-128-2,60,47,453.4761967343866
8185,dummy-llama-30b-m,dummy-lora-7b-rank-64-1,345,7,453.6045907141881
8186,dummy-llama-30b-m,dummy-lora-7b-rank-16-4,519,43,453.61063230792337
8187,dummy-llama-30b-m,dummy-lora-7b-rank-8-3,584,9,453.64352413492213
8188,dummy-llama-30b-m,dummy-lora-7b-rank-64-4,284,13,453.76963356729783
8189,dummy-llama-30b-m,dummy-lora-7b-rank-32-1,566,26,453.8686435323786
8190,dummy-llama-30b-m,dummy-lora-7b-rank-128-1,908,38,453.8811506058782
8191,dummy-llama-30b-m,dummy-lora-7b-rank-16-4,407,88,453.9365427022852
8192,dummy-llama-30b-m,dummy-lora-7b-rank-32-4,583,27,453.9444126992704
8193,dummy-llama-30b-m,dummy-lora-7b-rank-16-2,598,17,453.94498810028784
8194,dummy-llama-30b-m,dummy-lora-7b-rank-64-4,960,44,453.95394617927843
8195,dummy-llama-30b-m,dummy-lora-7b-rank-64-2,822,12,454.0215984304899
8196,dummy-llama-30b-m,dummy-lora-7b-rank-32-2,588,85,454.1729703330228
8197,dummy-llama-30b-m,dummy-lora-7b-rank-32-0,565,51,454.4056638911168
8198,dummy-llama-30b-m,dummy-lora-7b-rank-32-3,278,54,454.4267351953739
8199,dummy-llama-30b-m,dummy-lora-7b-rank-64-0,421,8,454.56033556659577
8200,dummy-llama-30b-m,dummy-lora-7b-rank-32-2,601,28,454.56607337483393
8201,dummy-llama-30b-m,dummy-lora-7b-rank-128-2,394,62,454.5797756580888
8202,dummy-llama-30b-m,dummy-lora-7b-rank-32-2,54,40,454.67108650504605
8203,dummy-llama-30b-m,dummy-lora-7b-rank-64-2,287,105,454.7075535853382
8204,dummy-llama-30b-m,dummy-lora-7b-rank-128-0,397,9,454.83254500567733
8205,dummy-llama-30b-m,dummy-lora-7b-rank-8-0,665,9,454.86882591955066
8206,dummy-llama-30b-m,dummy-lora-7b-rank-128-3,229,177,454.8955479206308
8207,dummy-llama-30b-m,dummy-lora-7b-rank-128-3,828,39,454.9125226833898
8208,dummy-llama-30b-m,dummy-lora-7b-rank-64-1,509,7,454.95966822326096
8209,dummy-llama-30b-m,dummy-lora-7b-rank-8-4,613,21,454.9716329655192
8210,dummy-llama-30b-m,dummy-lora-7b-rank-64-1,584,11,455.1010707146211
8211,dummy-llama-30b-m,dummy-lora-7b-rank-32-4,108,32,455.1190210784208
8212,dummy-llama-30b-m,dummy-lora-7b-rank-64-2,310,54,455.1397991814036
8213,dummy-llama-30b-m,dummy-lora-7b-rank-128-1,236,114,455.188764958152
8214,dummy-llama-30b-m,dummy-lora-7b-rank-64-4,651,80,455.2789111198711
8215,dummy-llama-30b-m,dummy-lora-7b-rank-32-2,58,101,455.3080461791445
8216,dummy-llama-30b-m,dummy-lora-7b-rank-32-1,610,11,455.40951236747446
8217,dummy-llama-30b-m,dummy-lora-7b-rank-32-0,206,35,455.4594395040055
8218,dummy-llama-30b-m,dummy-lora-7b-rank-32-2,554,22,455.4869480724931
8219,dummy-llama-30b-m,dummy-lora-7b-rank-64-2,293,7,455.5236546889076
8220,dummy-llama-30b-m,dummy-lora-7b-rank-16-4,560,6,455.5690832140041
8221,dummy-llama-30b-m,dummy-lora-7b-rank-128-4,544,15,455.6816204563581
8222,dummy-llama-30b-m,dummy-lora-7b-rank-16-2,794,13,455.7167057312798
8223,dummy-llama-30b-m,dummy-lora-7b-rank-128-0,605,17,455.75374653503457
8224,dummy-llama-30b-m,dummy-lora-7b-rank-8-2,256,50,455.75815178019815
8225,dummy-llama-30b-m,dummy-lora-7b-rank-32-3,196,41,455.83017615133906
8226,dummy-llama-30b-m,dummy-lora-7b-rank-8-2,603,19,455.8303072138702
8227,dummy-llama-30b-m,dummy-lora-7b-rank-16-4,604,31,455.9356159388472
8228,dummy-llama-30b-m,dummy-lora-7b-rank-8-4,555,12,456.03099285095374
8229,dummy-llama-30b-m,dummy-lora-7b-rank-64-4,536,6,456.1332677524798
8230,dummy-llama-30b-m,dummy-lora-7b-rank-128-4,161,166,456.15881176376706
8231,dummy-llama-30b-m,dummy-lora-7b-rank-32-4,199,57,456.17567252684717
8232,dummy-llama-30b-m,dummy-lora-7b-rank-16-1,560,25,456.1802031073103
8233,dummy-llama-30b-m,dummy-lora-7b-rank-16-2,389,55,456.3741482343
8234,dummy-llama-30b-m,dummy-lora-7b-rank-8-4,558,25,456.50411782095847
8235,dummy-llama-30b-m,dummy-lora-7b-rank-16-0,615,45,456.51877968783094
8236,dummy-llama-30b-m,dummy-lora-7b-rank-32-1,567,23,456.5402126458014
8237,dummy-llama-30b-m,dummy-lora-7b-rank-16-1,577,12,456.5920482253331
8238,dummy-llama-30b-m,dummy-lora-7b-rank-128-4,942,63,456.6624875159684
8239,dummy-llama-30b-m,dummy-lora-7b-rank-8-4,144,45,456.9481744145873
8240,dummy-llama-30b-m,dummy-lora-7b-rank-16-0,548,17,457.06351079296513
8241,dummy-llama-30b-m,dummy-lora-7b-rank-8-1,54,85,457.201252964705
8242,dummy-llama-30b-m,dummy-lora-7b-rank-32-2,222,103,457.2697305537177
8243,dummy-llama-30b-m,dummy-lora-7b-rank-8-1,480,3,457.2851812858949
8244,dummy-llama-30b-m,dummy-lora-7b-rank-128-0,499,7,457.2955800279191
8245,dummy-llama-30b-m,dummy-lora-7b-rank-16-3,251,3,457.3023328262471
8246,dummy-llama-30b-m,dummy-lora-7b-rank-32-2,653,43,457.4888927126549
8247,dummy-llama-30b-m,dummy-lora-7b-rank-64-1,580,42,457.53037952864065
8248,dummy-llama-30b-m,dummy-lora-7b-rank-64-2,416,164,457.65628124897944
8249,dummy-llama-30b-m,dummy-lora-7b-rank-64-3,291,33,457.6858860696564
8250,dummy-llama-30b-m,dummy-lora-7b-rank-64-3,589,15,457.68838911615927
8251,dummy-llama-30b-m,dummy-lora-7b-rank-128-3,588,37,457.725750035377
8252,dummy-llama-30b-m,dummy-lora-7b-rank-16-3,777,100,457.84560363178036
8253,dummy-llama-30b-m,dummy-lora-7b-rank-8-3,437,11,457.859340643854
8254,dummy-llama-30b-m,dummy-lora-7b-rank-16-1,635,51,457.9847436940627
8255,dummy-llama-30b-m,dummy-lora-7b-rank-64-1,209,45,458.0244668379292
8256,dummy-llama-30b-m,dummy-lora-7b-rank-128-2,417,53,458.1604599909636
8257,dummy-llama-30b-m,dummy-lora-7b-rank-16-3,823,22,458.19894808478057
8258,dummy-llama-30b-m,dummy-lora-7b-rank-16-0,138,60,458.2123487544834
8259,dummy-llama-30b-m,dummy-lora-7b-rank-128-1,556,21,458.21868577690145
8260,dummy-llama-30b-m,dummy-lora-7b-rank-128-0,289,67,458.24190949235316
8261,dummy-llama-30b-m,dummy-lora-7b-rank-128-2,211,3,458.24370568373075
8262,dummy-llama-30b-m,dummy-lora-7b-rank-32-0,798,34,458.28100819117356
8263,dummy-llama-30b-m,dummy-lora-7b-rank-32-2,348,39,458.2884140838283
8264,dummy-llama-30b-m,dummy-lora-7b-rank-8-4,537,13,458.2966686344459
8265,dummy-llama-30b-m,dummy-lora-7b-rank-16-3,244,59,458.3094455225604
8266,dummy-llama-30b-m,dummy-lora-7b-rank-64-3,464,9,458.4900825145869
8267,dummy-llama-30b-m,dummy-lora-7b-rank-8-0,341,37,458.6056970873004
8268,dummy-llama-30b-m,dummy-lora-7b-rank-64-4,609,36,458.6438630557069
8269,dummy-llama-30b-m,dummy-lora-7b-rank-8-0,658,3,458.71600136066735
8270,dummy-llama-30b-m,dummy-lora-7b-rank-32-1,647,6,458.748066789387
8271,dummy-llama-30b-m,dummy-lora-7b-rank-64-1,757,61,458.7529851895013
8272,dummy-llama-30b-m,dummy-lora-7b-rank-64-1,220,50,458.7608769380222
8273,dummy-llama-30b-m,dummy-lora-7b-rank-8-1,605,18,458.83362223260656
8274,dummy-llama-30b-m,dummy-lora-7b-rank-32-0,564,25,458.87342408785764
8275,dummy-llama-30b-m,dummy-lora-7b-rank-128-4,293,152,458.938586372001
8276,dummy-llama-30b-m,dummy-lora-7b-rank-32-3,612,43,459.0659068990207
8277,dummy-llama-30b-m,dummy-lora-7b-rank-128-0,360,131,459.1360501790134
8278,dummy-llama-30b-m,dummy-lora-7b-rank-16-3,262,34,459.1877591987476
8279,dummy-llama-30b-m,dummy-lora-7b-rank-128-0,1018,25,459.30627828848264
8280,dummy-llama-30b-m,dummy-lora-7b-rank-32-3,552,19,459.3955323014807
8281,dummy-llama-30b-m,dummy-lora-7b-rank-16-2,286,13,459.39707701781396
8282,dummy-llama-30b-m,dummy-lora-7b-rank-128-2,511,79,459.4204532023953
8283,dummy-llama-30b-m,dummy-lora-7b-rank-16-0,709,56,459.52798708254903
8284,dummy-llama-30b-m,dummy-lora-7b-rank-32-2,467,56,459.56666076934755
8285,dummy-llama-30b-m,dummy-lora-7b-rank-32-3,323,36,459.63463064872684
8286,dummy-llama-30b-m,dummy-lora-7b-rank-128-0,442,112,459.6611199030923
8287,dummy-llama-30b-m,dummy-lora-7b-rank-16-2,556,22,459.70208874318286
8288,dummy-llama-30b-m,dummy-lora-7b-rank-16-4,845,95,459.71388826279895
8289,dummy-llama-30b-m,dummy-lora-7b-rank-64-1,390,4,459.8623139388573
8290,dummy-llama-30b-m,dummy-lora-7b-rank-128-4,556,11,459.8702574672279
8291,dummy-llama-30b-m,dummy-lora-7b-rank-128-0,424,106,459.8918913993531
8292,dummy-llama-30b-m,dummy-lora-7b-rank-128-0,1010,46,459.9087481489499
8293,dummy-llama-30b-m,dummy-lora-7b-rank-16-0,264,48,459.9113497211442
8294,dummy-llama-30b-m,dummy-lora-7b-rank-32-1,234,67,459.9429841515382
8295,dummy-llama-30b-m,dummy-lora-7b-rank-8-4,556,21,460.06117684647427
8296,dummy-llama-30b-m,dummy-lora-7b-rank-32-3,352,10,460.1344057048388
8297,dummy-llama-30b-m,dummy-lora-7b-rank-16-1,432,10,460.1398152082982
8298,dummy-llama-30b-m,dummy-lora-7b-rank-8-2,446,51,460.1608304536958
8299,dummy-llama-30b-m,dummy-lora-7b-rank-32-2,683,86,460.1676125201187
8300,dummy-llama-30b-m,dummy-lora-7b-rank-8-2,548,17,460.1856836000928
8301,dummy-llama-30b-m,dummy-lora-7b-rank-128-2,539,74,460.18611814898503
8302,dummy-llama-30b-m,dummy-lora-7b-rank-8-1,958,63,460.25966806980205
8303,dummy-llama-30b-m,dummy-lora-7b-rank-8-3,468,10,460.29015284336714
8304,dummy-llama-30b-m,dummy-lora-7b-rank-64-0,552,18,460.41471291988677
8305,dummy-llama-30b-m,dummy-lora-7b-rank-128-0,572,30,460.4441520837963
8306,dummy-llama-30b-m,dummy-lora-7b-rank-128-4,302,47,460.53883738846366
8307,dummy-llama-30b-m,dummy-lora-7b-rank-8-4,556,18,460.58856056002486
8308,dummy-llama-30b-m,dummy-lora-7b-rank-64-3,554,19,460.6045563260431
8309,dummy-llama-30b-m,dummy-lora-7b-rank-64-3,404,44,460.71164981196324
8310,dummy-llama-30b-m,dummy-lora-7b-rank-16-3,698,16,460.7200793197721
8311,dummy-llama-30b-m,dummy-lora-7b-rank-8-3,554,20,460.7298091956195
8312,dummy-llama-30b-m,dummy-lora-7b-rank-8-2,577,17,460.84235326934845
8313,dummy-llama-30b-m,dummy-lora-7b-rank-8-4,232,48,460.84928955782925
8314,dummy-llama-30b-m,dummy-lora-7b-rank-16-4,243,32,460.88830269324365
8315,dummy-llama-30b-m,dummy-lora-7b-rank-32-2,890,88,460.89582435830164
8316,dummy-llama-30b-m,dummy-lora-7b-rank-32-4,562,27,460.9528959525694
8317,dummy-llama-30b-m,dummy-lora-7b-rank-128-1,599,8,461.0148714706779
8318,dummy-llama-30b-m,dummy-lora-7b-rank-8-3,522,17,461.04269008940145
8319,dummy-llama-30b-m,dummy-lora-7b-rank-8-2,605,32,461.1132947444007
8320,dummy-llama-30b-m,dummy-lora-7b-rank-16-2,548,17,461.2102943877876
8321,dummy-llama-30b-m,dummy-lora-7b-rank-8-3,256,55,461.35460566278067
8322,dummy-llama-30b-m,dummy-lora-7b-rank-128-1,390,33,461.4337225921318
8323,dummy-llama-30b-m,dummy-lora-7b-rank-32-2,442,42,461.7220325502471
8324,dummy-llama-30b-m,dummy-lora-7b-rank-128-4,816,13,461.7220670342953
8325,dummy-llama-30b-m,dummy-lora-7b-rank-16-0,263,11,461.8726058491413
8326,dummy-llama-30b-m,dummy-lora-7b-rank-64-3,649,41,461.89997583742075
8327,dummy-llama-30b-m,dummy-lora-7b-rank-128-0,613,22,461.9215728479487
8328,dummy-llama-30b-m,dummy-lora-7b-rank-64-0,562,26,461.96550449645355
8329,dummy-llama-30b-m,dummy-lora-7b-rank-16-0,393,39,461.9903628978782
8330,dummy-llama-30b-m,dummy-lora-7b-rank-32-1,994,17,462.039683045488
8331,dummy-llama-30b-m,dummy-lora-7b-rank-64-0,303,3,462.0764192470315
8332,dummy-llama-30b-m,dummy-lora-7b-rank-128-2,285,32,462.12514561872246
8333,dummy-llama-30b-m,dummy-lora-7b-rank-128-4,688,10,462.1880680248612
8334,dummy-llama-30b-m,dummy-lora-7b-rank-64-3,638,18,462.2763607045261
8335,dummy-llama-30b-m,dummy-lora-7b-rank-32-3,410,54,462.3080073306556
8336,dummy-llama-30b-m,dummy-lora-7b-rank-128-2,207,208,462.31678155275097
8337,dummy-llama-30b-m,dummy-lora-7b-rank-16-0,553,4,462.39997977201745
8338,dummy-llama-30b-m,dummy-lora-7b-rank-16-3,670,18,462.4538096888168
8339,dummy-llama-30b-m,dummy-lora-7b-rank-32-3,556,23,462.54851499619787
8340,dummy-llama-30b-m,dummy-lora-7b-rank-64-0,167,41,462.5768592295403
8341,dummy-llama-30b-m,dummy-lora-7b-rank-8-0,916,138,462.5925404044095
8342,dummy-llama-30b-m,dummy-lora-7b-rank-8-0,868,65,462.6791328098873
8343,dummy-llama-30b-m,dummy-lora-7b-rank-16-3,613,23,462.7016475240294
8344,dummy-llama-30b-m,dummy-lora-7b-rank-32-0,414,47,462.7142833361592
8345,dummy-llama-30b-m,dummy-lora-7b-rank-128-4,552,11,462.73976587152737
8346,dummy-llama-30b-m,dummy-lora-7b-rank-64-4,567,13,462.8740003718935
8347,dummy-llama-30b-m,dummy-lora-7b-rank-32-4,576,33,463.05631429720086
8348,dummy-llama-30b-m,dummy-lora-7b-rank-64-2,603,18,463.0824846590561
8349,dummy-llama-30b-m,dummy-lora-7b-rank-8-1,589,11,463.0933885405111
8350,dummy-llama-30b-m,dummy-lora-7b-rank-8-1,618,39,463.1227461224159
8351,dummy-llama-30b-m,dummy-lora-7b-rank-64-2,453,49,463.163790297919
8352,dummy-llama-30b-m,dummy-lora-7b-rank-64-3,489,55,463.24290833994183
8353,dummy-llama-30b-m,dummy-lora-7b-rank-16-0,475,37,463.2999613671767
8354,dummy-llama-30b-m,dummy-lora-7b-rank-8-3,739,75,463.32188319476353
8355,dummy-llama-30b-m,dummy-lora-7b-rank-8-4,408,15,463.33508691719317
8356,dummy-llama-30b-m,dummy-lora-7b-rank-8-4,165,116,463.4254042697997
8357,dummy-llama-30b-m,dummy-lora-7b-rank-32-0,184,48,463.4389294823986
8358,dummy-llama-30b-m,dummy-lora-7b-rank-128-3,315,38,463.53837003786407
8359,dummy-llama-30b-m,dummy-lora-7b-rank-32-4,776,11,463.54113090052243
8360,dummy-llama-30b-m,dummy-lora-7b-rank-32-2,386,41,463.54451553396507
8361,dummy-llama-30b-m,dummy-lora-7b-rank-8-4,94,50,463.55578949223343
8362,dummy-llama-30b-m,dummy-lora-7b-rank-128-2,470,54,463.58980781738944
8363,dummy-llama-30b-m,dummy-lora-7b-rank-8-4,316,140,463.59707754089055
8364,dummy-llama-30b-m,dummy-lora-7b-rank-8-2,325,10,463.62229011653875
8365,dummy-llama-30b-m,dummy-lora-7b-rank-128-4,503,10,463.62763126769556
8366,dummy-llama-30b-m,dummy-lora-7b-rank-8-0,555,17,463.6825135312593
8367,dummy-llama-30b-m,dummy-lora-7b-rank-128-1,592,21,463.6864612628583
8368,dummy-llama-30b-m,dummy-lora-7b-rank-128-4,450,52,463.71478685541285
8369,dummy-llama-30b-m,dummy-lora-7b-rank-32-2,335,6,463.7165426749523
8370,dummy-llama-30b-m,dummy-lora-7b-rank-64-0,383,165,463.7818610507683
8371,dummy-llama-30b-m,dummy-lora-7b-rank-64-3,318,4,463.81367487277646
8372,dummy-llama-30b-m,dummy-lora-7b-rank-64-4,499,101,463.88275196969414
8373,dummy-llama-30b-m,dummy-lora-7b-rank-32-0,214,54,464.0455061590712
8374,dummy-llama-30b-m,dummy-lora-7b-rank-64-3,235,45,464.1644933077475
8375,dummy-llama-30b-m,dummy-lora-7b-rank-64-2,558,14,464.24656020533183
8376,dummy-llama-30b-m,dummy-lora-7b-rank-64-3,163,56,464.39478668832555
8377,dummy-llama-30b-m,dummy-lora-7b-rank-32-1,549,27,464.4584082993219
8378,dummy-llama-30b-m,dummy-lora-7b-rank-32-3,600,24,464.4858015628863
8379,dummy-llama-30b-m,dummy-lora-7b-rank-64-0,576,33,464.50463874935946
8380,dummy-llama-30b-m,dummy-lora-7b-rank-8-2,52,68,464.5357786451476
8381,dummy-llama-30b-m,dummy-lora-7b-rank-16-0,253,47,464.54322118982526
8382,dummy-llama-30b-m,dummy-lora-7b-rank-32-4,583,52,464.59135338011134
8383,dummy-llama-30b-m,dummy-lora-7b-rank-32-1,615,8,464.5966012489864
8384,dummy-llama-30b-m,dummy-lora-7b-rank-8-3,268,42,464.60252519509004
8385,dummy-llama-30b-m,dummy-lora-7b-rank-64-0,554,18,464.68032596274355
8386,dummy-llama-30b-m,dummy-lora-7b-rank-128-0,182,13,464.6840158453422
8387,dummy-llama-30b-m,dummy-lora-7b-rank-32-3,606,33,464.7443115060284
8388,dummy-llama-30b-m,dummy-lora-7b-rank-128-1,556,13,464.76203746267356
8389,dummy-llama-30b-m,dummy-lora-7b-rank-32-4,239,55,464.894166971318
8390,dummy-llama-30b-m,dummy-lora-7b-rank-8-2,422,58,465.0407933394285
8391,dummy-llama-30b-m,dummy-lora-7b-rank-32-3,352,39,465.0466371088632
8392,dummy-llama-30b-m,dummy-lora-7b-rank-16-2,484,51,465.05618334447615
8393,dummy-llama-30b-m,dummy-lora-7b-rank-64-2,247,156,465.06081724068383
8394,dummy-llama-30b-m,dummy-lora-7b-rank-128-0,924,106,465.1494879697837
8395,dummy-llama-30b-m,dummy-lora-7b-rank-128-4,564,26,465.16900321275625
8396,dummy-llama-30b-m,dummy-lora-7b-rank-64-1,334,31,465.17379333332997
8397,dummy-llama-30b-m,dummy-lora-7b-rank-8-4,673,11,465.18238271985206
8398,dummy-llama-30b-m,dummy-lora-7b-rank-32-0,414,43,465.28362141776245
8399,dummy-llama-30b-m,dummy-lora-7b-rank-64-3,312,54,465.30684462042313
8400,dummy-llama-30b-m,dummy-lora-7b-rank-8-2,544,8,465.3159032412522
8401,dummy-llama-30b-m,dummy-lora-7b-rank-16-2,659,43,465.32338712621686
8402,dummy-llama-30b-m,dummy-lora-7b-rank-128-3,243,45,465.3421266824322
8403,dummy-llama-30b-m,dummy-lora-7b-rank-16-0,432,51,465.3443476597386
8404,dummy-llama-30b-m,dummy-lora-7b-rank-32-0,647,58,465.3830340168622
8405,dummy-llama-30b-m,dummy-lora-7b-rank-8-3,216,37,465.4877526103579
8406,dummy-llama-30b-m,dummy-lora-7b-rank-16-0,491,11,465.5366199718436
8407,dummy-llama-30b-m,dummy-lora-7b-rank-64-0,256,9,465.5648373366724
8408,dummy-llama-30b-m,dummy-lora-7b-rank-16-3,467,138,465.6773069749647
8409,dummy-llama-30b-m,dummy-lora-7b-rank-32-3,527,12,465.6832086161425
8410,dummy-llama-30b-m,dummy-lora-7b-rank-16-1,698,115,465.7569092860718
8411,dummy-llama-30b-m,dummy-lora-7b-rank-8-0,556,21,465.7782780212731
8412,dummy-llama-30b-m,dummy-lora-7b-rank-32-0,628,23,465.8160546146697
8413,dummy-llama-30b-m,dummy-lora-7b-rank-32-4,262,81,466.04313091688874
8414,dummy-llama-30b-m,dummy-lora-7b-rank-8-2,987,64,466.0841352112328
8415,dummy-llama-30b-m,dummy-lora-7b-rank-16-3,384,70,466.096689298917
8416,dummy-llama-30b-m,dummy-lora-7b-rank-64-0,904,53,466.11141421667037
8417,dummy-llama-30b-m,dummy-lora-7b-rank-64-2,80,44,466.2893671445598
8418,dummy-llama-30b-m,dummy-lora-7b-rank-32-4,550,18,466.3302422594215
8419,dummy-llama-30b-m,dummy-lora-7b-rank-8-3,290,121,466.3334163927758
8420,dummy-llama-30b-m,dummy-lora-7b-rank-32-4,351,4,466.34113314746656
8421,dummy-llama-30b-m,dummy-lora-7b-rank-16-2,250,53,466.40165586161106
8422,dummy-llama-30b-m,dummy-lora-7b-rank-128-0,259,168,466.40313691795075
8423,dummy-llama-30b-m,dummy-lora-7b-rank-128-4,574,21,466.4555209522753
8424,dummy-llama-30b-m,dummy-lora-7b-rank-16-1,566,26,466.4957546362797
8425,dummy-llama-30b-m,dummy-lora-7b-rank-8-3,548,9,466.5165834746458
8426,dummy-llama-30b-m,dummy-lora-7b-rank-16-3,558,21,466.53967722563675
8427,dummy-llama-30b-m,dummy-lora-7b-rank-16-1,856,62,466.5521823161401
8428,dummy-llama-30b-m,dummy-lora-7b-rank-16-2,595,8,466.5808242941855
8429,dummy-llama-30b-m,dummy-lora-7b-rank-16-3,566,18,466.60162475969213
8430,dummy-llama-30b-m,dummy-lora-7b-rank-32-2,621,16,466.6665539778479
8431,dummy-llama-30b-m,dummy-lora-7b-rank-128-4,588,16,466.66920830649934
8432,dummy-llama-30b-m,dummy-lora-7b-rank-64-1,458,82,466.68620565665395
8433,dummy-llama-30b-m,dummy-lora-7b-rank-32-3,605,32,466.68621139516455
8434,dummy-llama-30b-m,dummy-lora-7b-rank-8-3,334,53,466.71006018897253
8435,dummy-llama-30b-m,dummy-lora-7b-rank-64-3,752,85,466.7322016780318
8436,dummy-llama-30b-m,dummy-lora-7b-rank-64-4,415,63,466.7892042270133
8437,dummy-llama-30b-m,dummy-lora-7b-rank-16-2,367,53,466.81256954773465
8438,dummy-llama-30b-m,dummy-lora-7b-rank-64-2,560,25,466.815613382517
8439,dummy-llama-30b-m,dummy-lora-7b-rank-8-0,527,19,466.81732686927955
8440,dummy-llama-30b-m,dummy-lora-7b-rank-16-4,783,55,466.840315683702
8441,dummy-llama-30b-m,dummy-lora-7b-rank-128-1,558,24,466.9170479309519
8442,dummy-llama-30b-m,dummy-lora-7b-rank-32-0,311,61,466.9438278190063
8443,dummy-llama-30b-m,dummy-lora-7b-rank-16-1,366,43,467.0246022772419
8444,dummy-llama-30b-m,dummy-lora-7b-rank-32-2,552,18,467.0256351431478
8445,dummy-llama-30b-m,dummy-lora-7b-rank-64-0,723,159,467.05369916786356
8446,dummy-llama-30b-m,dummy-lora-7b-rank-16-0,697,6,467.1878944878086
8447,dummy-llama-30b-m,dummy-lora-7b-rank-16-3,824,59,467.1911164856123
8448,dummy-llama-30b-m,dummy-lora-7b-rank-128-1,236,38,467.2942671027521
8449,dummy-llama-30b-m,dummy-lora-7b-rank-8-0,554,23,467.375920065803
8450,dummy-llama-30b-m,dummy-lora-7b-rank-8-1,335,40,467.3919153965673
8451,dummy-llama-30b-m,dummy-lora-7b-rank-16-1,550,18,467.42583220851833
8452,dummy-llama-30b-m,dummy-lora-7b-rank-8-4,544,102,467.43221527352074
8453,dummy-llama-30b-m,dummy-lora-7b-rank-16-2,556,22,467.59602827929905
8454,dummy-llama-30b-m,dummy-lora-7b-rank-32-3,600,26,467.6596849864701
8455,dummy-llama-30b-m,dummy-lora-7b-rank-8-1,319,49,467.7085481106625
8456,dummy-llama-30b-m,dummy-lora-7b-rank-16-3,887,52,467.829583691104
8457,dummy-llama-30b-m,dummy-lora-7b-rank-8-4,102,53,467.86590817487416
8458,dummy-llama-30b-m,dummy-lora-7b-rank-16-2,956,24,467.9336144454875
8459,dummy-llama-30b-m,dummy-lora-7b-rank-8-3,590,11,467.9508420380363
8460,dummy-llama-30b-m,dummy-lora-7b-rank-32-4,596,27,468.0367321559023
8461,dummy-llama-30b-m,dummy-lora-7b-rank-16-2,685,10,468.03893241672444
8462,dummy-llama-30b-m,dummy-lora-7b-rank-8-1,258,40,468.040345028033
8463,dummy-llama-30b-m,dummy-lora-7b-rank-128-1,552,19,468.0568390115951
8464,dummy-llama-30b-m,dummy-lora-7b-rank-128-4,492,9,468.1160478993187
8465,dummy-llama-30b-m,dummy-lora-7b-rank-16-1,564,27,468.13824711388446
8466,dummy-llama-30b-m,dummy-lora-7b-rank-16-3,637,49,468.13837185192193
8467,dummy-llama-30b-m,dummy-lora-7b-rank-64-1,607,18,468.2569741173314
8468,dummy-llama-30b-m,dummy-lora-7b-rank-128-3,654,9,468.3011107302403
8469,dummy-llama-30b-m,dummy-lora-7b-rank-64-1,526,4,468.3540831735294
8470,dummy-llama-30b-m,dummy-lora-7b-rank-8-0,272,6,468.3777220692675
8471,dummy-llama-30b-m,dummy-lora-7b-rank-16-1,527,16,468.39796360827506
8472,dummy-llama-30b-m,dummy-lora-7b-rank-64-4,599,17,468.4539891611468
8473,dummy-llama-30b-m,dummy-lora-7b-rank-128-0,443,60,468.5313462018916
8474,dummy-llama-30b-m,dummy-lora-7b-rank-64-1,669,59,468.540803652707
8475,dummy-llama-30b-m,dummy-lora-7b-rank-16-3,401,116,468.58156183262963
8476,dummy-llama-30b-m,dummy-lora-7b-rank-128-1,501,121,468.5888144046606
8477,dummy-llama-30b-m,dummy-lora-7b-rank-16-2,430,46,468.65085495290094
8478,dummy-llama-30b-m,dummy-lora-7b-rank-16-0,526,65,468.7064040497001
8479,dummy-llama-30b-m,dummy-lora-7b-rank-8-2,556,20,468.79514886324085
8480,dummy-llama-30b-m,dummy-lora-7b-rank-64-0,175,22,468.91278651557656
8481,dummy-llama-30b-m,dummy-lora-7b-rank-8-2,594,24,469.0016657644285
8482,dummy-llama-30b-m,dummy-lora-7b-rank-64-0,546,16,469.07297679444207
8483,dummy-llama-30b-m,dummy-lora-7b-rank-8-4,621,6,469.0731793167573
8484,dummy-llama-30b-m,dummy-lora-7b-rank-64-1,50,32,469.11057005166884
8485,dummy-llama-30b-m,dummy-lora-7b-rank-32-1,357,71,469.222579422379
8486,dummy-llama-30b-m,dummy-lora-7b-rank-64-1,434,51,469.25361677847144
8487,dummy-llama-30b-m,dummy-lora-7b-rank-64-3,584,14,469.25455395362445
8488,dummy-llama-30b-m,dummy-lora-7b-rank-16-2,935,45,469.25704081766554
8489,dummy-llama-30b-m,dummy-lora-7b-rank-128-2,423,147,469.3310066750509
8490,dummy-llama-30b-m,dummy-lora-7b-rank-8-1,196,50,469.42498008004344
8491,dummy-llama-30b-m,dummy-lora-7b-rank-8-4,909,71,469.5977265354619
8492,dummy-llama-30b-m,dummy-lora-7b-rank-64-1,588,42,469.64782611808164
8493,dummy-llama-30b-m,dummy-lora-7b-rank-32-3,908,36,469.6821150120749
8494,dummy-llama-30b-m,dummy-lora-7b-rank-32-2,712,83,469.7378314684463
8495,dummy-llama-30b-m,dummy-lora-7b-rank-16-0,404,35,469.8037999059646
8496,dummy-llama-30b-m,dummy-lora-7b-rank-8-4,352,7,469.85431571058723
8497,dummy-llama-30b-m,dummy-lora-7b-rank-16-3,319,32,469.89989274022076
8498,dummy-llama-30b-m,dummy-lora-7b-rank-16-2,715,15,469.9326050183347
8499,dummy-llama-30b-m,dummy-lora-7b-rank-32-0,186,111,469.9905161351222
8500,dummy-llama-30b-m,dummy-lora-7b-rank-64-2,206,53,470.0703350034165
8501,dummy-llama-30b-m,dummy-lora-7b-rank-32-1,505,51,470.1123610668424
8502,dummy-llama-30b-m,dummy-lora-7b-rank-16-4,564,25,470.1151219131783
8503,dummy-llama-30b-m,dummy-lora-7b-rank-32-4,355,73,470.15013961036254
8504,dummy-llama-30b-m,dummy-lora-7b-rank-64-0,426,35,470.21428851208753
8505,dummy-llama-30b-m,dummy-lora-7b-rank-32-2,352,46,470.2564174426099
8506,dummy-llama-30b-m,dummy-lora-7b-rank-32-2,559,18,470.4140248685524
8507,dummy-llama-30b-m,dummy-lora-7b-rank-128-0,374,39,470.4244719291467
8508,dummy-llama-30b-m,dummy-lora-7b-rank-32-0,601,26,470.4502395509098
8509,dummy-llama-30b-m,dummy-lora-7b-rank-128-3,517,100,470.4843164517591
8510,dummy-llama-30b-m,dummy-lora-7b-rank-64-4,748,12,470.5570412140017
8511,dummy-llama-30b-m,dummy-lora-7b-rank-128-2,562,20,470.62884125310165
8512,dummy-llama-30b-m,dummy-lora-7b-rank-128-3,375,52,470.73727943479776
8513,dummy-llama-30b-m,dummy-lora-7b-rank-128-0,566,18,470.74340483158676
8514,dummy-llama-30b-m,dummy-lora-7b-rank-8-4,1015,32,471.0600908629697
8515,dummy-llama-30b-m,dummy-lora-7b-rank-32-4,611,22,471.0607864428557
8516,dummy-llama-30b-m,dummy-lora-7b-rank-32-3,401,72,471.1158743784778
8517,dummy-llama-30b-m,dummy-lora-7b-rank-8-3,325,149,471.20186229163454
8518,dummy-llama-30b-m,dummy-lora-7b-rank-32-2,706,9,471.31766319722334
8519,dummy-llama-30b-m,dummy-lora-7b-rank-16-3,435,46,471.3614151440196
8520,dummy-llama-30b-m,dummy-lora-7b-rank-128-0,271,100,471.36912896866465
8521,dummy-llama-30b-m,dummy-lora-7b-rank-128-3,544,15,471.50283590785233
8522,dummy-llama-30b-m,dummy-lora-7b-rank-64-2,988,73,471.552168468683
8523,dummy-llama-30b-m,dummy-lora-7b-rank-32-2,281,58,471.6124758767081
8524,dummy-llama-30b-m,dummy-lora-7b-rank-64-0,616,96,471.6146126270607
8525,dummy-llama-30b-m,dummy-lora-7b-rank-128-2,172,44,471.80005863186426
8526,dummy-llama-30b-m,dummy-lora-7b-rank-128-3,653,27,472.0218685316335
8527,dummy-llama-30b-m,dummy-lora-7b-rank-32-4,571,31,472.0518471317812
8528,dummy-llama-30b-m,dummy-lora-7b-rank-16-2,560,24,472.05358440135393
8529,dummy-llama-30b-m,dummy-lora-7b-rank-64-3,236,51,472.0950416284724
8530,dummy-llama-30b-m,dummy-lora-7b-rank-64-2,308,45,472.1677594148743
8531,dummy-llama-30b-m,dummy-lora-7b-rank-32-2,279,3,472.22822466359884
8532,dummy-llama-30b-m,dummy-lora-7b-rank-8-0,405,58,472.23158508473495
8533,dummy-llama-30b-m,dummy-lora-7b-rank-16-1,581,10,472.25944968809387
8534,dummy-llama-30b-m,dummy-lora-7b-rank-32-1,483,11,472.2611638690606
8535,dummy-llama-30b-m,dummy-lora-7b-rank-16-1,120,43,472.28724372113186
8536,dummy-llama-30b-m,dummy-lora-7b-rank-16-2,109,45,472.3105422586479
8537,dummy-llama-30b-m,dummy-lora-7b-rank-16-3,431,45,472.3117518492966
8538,dummy-llama-30b-m,dummy-lora-7b-rank-8-2,844,179,472.35606187660136
8539,dummy-llama-30b-m,dummy-lora-7b-rank-128-4,826,37,472.4591752313485
8540,dummy-llama-30b-m,dummy-lora-7b-rank-8-1,208,133,472.4992462761368
8541,dummy-llama-30b-m,dummy-lora-7b-rank-32-3,618,23,472.5085495914065
8542,dummy-llama-30b-m,dummy-lora-7b-rank-32-2,592,2,472.51685372281514
8543,dummy-llama-30b-m,dummy-lora-7b-rank-64-2,244,5,472.52877848075786
8544,dummy-llama-30b-m,dummy-lora-7b-rank-16-4,556,21,472.55835617949305
8545,dummy-llama-30b-m,dummy-lora-7b-rank-32-4,548,17,472.5743367886111
8546,dummy-llama-30b-m,dummy-lora-7b-rank-128-3,241,31,472.6243212388557
8547,dummy-llama-30b-m,dummy-lora-7b-rank-32-2,349,163,472.6394658281187
8548,dummy-llama-30b-m,dummy-lora-7b-rank-128-3,577,100,472.712899944761
8549,dummy-llama-30b-m,dummy-lora-7b-rank-32-3,881,219,472.71414744201445
8550,dummy-llama-30b-m,dummy-lora-7b-rank-64-0,548,63,472.7811723993139
8551,dummy-llama-30b-m,dummy-lora-7b-rank-32-4,546,11,472.8100693363343
8552,dummy-llama-30b-m,dummy-lora-7b-rank-16-0,197,41,472.8131763237276
8553,dummy-llama-30b-m,dummy-lora-7b-rank-32-3,325,11,472.8526052551017
8554,dummy-llama-30b-m,dummy-lora-7b-rank-16-4,339,57,472.874871870977
8555,dummy-llama-30b-m,dummy-lora-7b-rank-64-1,605,17,472.9497005827996
8556,dummy-llama-30b-m,dummy-lora-7b-rank-64-2,146,50,473.00647731220516
8557,dummy-llama-30b-m,dummy-lora-7b-rank-64-4,803,37,473.0550516160375
8558,dummy-llama-30b-m,dummy-lora-7b-rank-8-2,303,132,473.10624040588004
8559,dummy-llama-30b-m,dummy-lora-7b-rank-64-3,950,60,473.11378652453544
8560,dummy-llama-30b-m,dummy-lora-7b-rank-128-3,571,24,473.1264195881521
8561,dummy-llama-30b-m,dummy-lora-7b-rank-16-0,95,93,473.14696074583213
8562,dummy-llama-30b-m,dummy-lora-7b-rank-16-3,554,12,473.17639556925235
8563,dummy-llama-30b-m,dummy-lora-7b-rank-8-3,299,45,473.1916149364211
8564,dummy-llama-30b-m,dummy-lora-7b-rank-32-2,560,24,473.2197450156579
8565,dummy-llama-30b-m,dummy-lora-7b-rank-8-1,423,36,473.32041436059865
8566,dummy-llama-30b-m,dummy-lora-7b-rank-128-0,760,16,473.3584970582803
8567,dummy-llama-30b-m,dummy-lora-7b-rank-64-2,227,44,473.4267635094565
8568,dummy-llama-30b-m,dummy-lora-7b-rank-16-4,694,14,473.5474446527963
8569,dummy-llama-30b-m,dummy-lora-7b-rank-8-1,215,146,473.65395836092483
8570,dummy-llama-30b-m,dummy-lora-7b-rank-64-2,556,21,473.69577457898345
8571,dummy-llama-30b-m,dummy-lora-7b-rank-32-4,741,68,473.71791800900513
8572,dummy-llama-30b-m,dummy-lora-7b-rank-128-4,340,47,473.72275524880524
8573,dummy-llama-30b-m,dummy-lora-7b-rank-128-4,385,50,473.85331795259924
8574,dummy-llama-30b-m,dummy-lora-7b-rank-128-1,586,11,473.8871651362433
8575,dummy-llama-30b-m,dummy-lora-7b-rank-8-2,548,17,473.9292612243455
8576,dummy-llama-30b-m,dummy-lora-7b-rank-32-0,556,21,473.9316507839623
8577,dummy-llama-30b-m,dummy-lora-7b-rank-64-4,157,47,473.98867038997554
8578,dummy-llama-30b-m,dummy-lora-7b-rank-128-2,665,8,474.02967516384524
8579,dummy-llama-30b-m,dummy-lora-7b-rank-128-0,494,15,474.1025685147424
8580,dummy-llama-30b-m,dummy-lora-7b-rank-128-4,607,25,474.1037593542152
8581,dummy-llama-30b-m,dummy-lora-7b-rank-16-1,201,39,474.1616102815428
8582,dummy-llama-30b-m,dummy-lora-7b-rank-32-2,379,5,474.25256938365607
8583,dummy-llama-30b-m,dummy-lora-7b-rank-64-2,548,17,474.30625141226477
8584,dummy-llama-30b-m,dummy-lora-7b-rank-128-2,266,63,474.34367692932364
8585,dummy-llama-30b-m,dummy-lora-7b-rank-8-1,588,90,474.3492220236027
8586,dummy-llama-30b-m,dummy-lora-7b-rank-128-1,560,14,474.36183463678566
8587,dummy-llama-30b-m,dummy-lora-7b-rank-128-2,964,45,474.3874791513309
8588,dummy-llama-30b-m,dummy-lora-7b-rank-64-3,520,132,474.41148699611585
8589,dummy-llama-30b-m,dummy-lora-7b-rank-64-0,617,96,474.4340396988664
8590,dummy-llama-30b-m,dummy-lora-7b-rank-32-2,591,47,474.4927087750217
8591,dummy-llama-30b-m,dummy-lora-7b-rank-8-3,566,17,474.571945732295
8592,dummy-llama-30b-m,dummy-lora-7b-rank-64-1,193,126,474.6733358499582
8593,dummy-llama-30b-m,dummy-lora-7b-rank-16-4,216,48,474.70607300995204
8594,dummy-llama-30b-m,dummy-lora-7b-rank-8-4,746,7,474.7755052293947
8595,dummy-llama-30b-m,dummy-lora-7b-rank-128-4,331,60,474.8154730521913
8596,dummy-llama-30b-m,dummy-lora-7b-rank-64-1,328,38,474.8525845011587
8597,dummy-llama-30b-m,dummy-lora-7b-rank-16-1,801,8,474.8642228747585
8598,dummy-llama-30b-m,dummy-lora-7b-rank-64-1,219,85,474.9170249084606
8599,dummy-llama-30b-m,dummy-lora-7b-rank-32-0,517,9,474.9188051472173
8600,dummy-llama-30b-m,dummy-lora-7b-rank-64-0,293,103,474.9228651490539
8601,dummy-llama-30b-m,dummy-lora-7b-rank-128-2,127,35,475.02248983812507
8602,dummy-llama-30b-m,dummy-lora-7b-rank-32-1,615,20,475.08889496463894
8603,dummy-llama-30b-m,dummy-lora-7b-rank-16-0,354,12,475.1110910640585
8604,dummy-llama-30b-m,dummy-lora-7b-rank-64-2,508,8,475.20617122067847
8605,dummy-llama-30b-m,dummy-lora-7b-rank-16-4,413,27,475.2351312121344
8606,dummy-llama-30b-m,dummy-lora-7b-rank-128-3,716,98,475.23650017580326
8607,dummy-llama-30b-m,dummy-lora-7b-rank-64-4,173,86,475.2504255704935
8608,dummy-llama-30b-m,dummy-lora-7b-rank-32-0,556,13,475.2715280228885
8609,dummy-llama-30b-m,dummy-lora-7b-rank-128-4,488,43,475.33946099601945
8610,dummy-llama-30b-m,dummy-lora-7b-rank-128-0,904,46,475.3461014646153
8611,dummy-llama-30b-m,dummy-lora-7b-rank-64-2,281,60,475.4519532841875
8612,dummy-llama-30b-m,dummy-lora-7b-rank-16-4,57,104,475.4739461868442
8613,dummy-llama-30b-m,dummy-lora-7b-rank-128-4,509,59,475.4909733252537
8614,dummy-llama-30b-m,dummy-lora-7b-rank-128-1,444,51,475.50754389718566
8615,dummy-llama-30b-m,dummy-lora-7b-rank-16-0,531,6,475.5890526970851
8616,dummy-llama-30b-m,dummy-lora-7b-rank-128-1,570,21,475.6111773643589
8617,dummy-llama-30b-m,dummy-lora-7b-rank-128-4,553,6,475.63049867787606
8618,dummy-llama-30b-m,dummy-lora-7b-rank-16-3,174,42,475.66846561686157
8619,dummy-llama-30b-m,dummy-lora-7b-rank-32-1,666,86,475.72661745589556
8620,dummy-llama-30b-m,dummy-lora-7b-rank-64-1,673,7,475.76504085437097
8621,dummy-llama-30b-m,dummy-lora-7b-rank-64-3,509,74,475.79654628275705
8622,dummy-llama-30b-m,dummy-lora-7b-rank-16-1,568,32,475.86178135219205
8623,dummy-llama-30b-m,dummy-lora-7b-rank-128-2,596,29,475.99267184298753
8624,dummy-llama-30b-m,dummy-lora-7b-rank-16-0,194,107,476.01070170195595
8625,dummy-llama-30b-m,dummy-lora-7b-rank-64-3,607,20,476.06415395500954
8626,dummy-llama-30b-m,dummy-lora-7b-rank-64-1,496,93,476.15774679253593
8627,dummy-llama-30b-m,dummy-lora-7b-rank-64-3,51,43,476.17296179974124
8628,dummy-llama-30b-m,dummy-lora-7b-rank-128-2,566,49,476.25424986732753
8629,dummy-llama-30b-m,dummy-lora-7b-rank-64-3,115,36,476.26513293572225
8630,dummy-llama-30b-m,dummy-lora-7b-rank-8-2,562,24,476.2935492085001
8631,dummy-llama-30b-m,dummy-lora-7b-rank-8-2,552,18,476.3375495543741
8632,dummy-llama-30b-m,dummy-lora-7b-rank-16-1,568,52,476.34688937796534
8633,dummy-llama-30b-m,dummy-lora-7b-rank-8-4,708,10,476.35777383267657
8634,dummy-llama-30b-m,dummy-lora-7b-rank-16-3,459,41,476.4388521243828
8635,dummy-llama-30b-m,dummy-lora-7b-rank-128-1,653,53,476.4464463075182
8636,dummy-llama-30b-m,dummy-lora-7b-rank-16-1,111,40,476.44660575599187
8637,dummy-llama-30b-m,dummy-lora-7b-rank-16-4,188,8,476.477440969954
8638,dummy-llama-30b-m,dummy-lora-7b-rank-32-4,562,16,476.4864042776858
8639,dummy-llama-30b-m,dummy-lora-7b-rank-64-3,313,11,476.56709881410495
8640,dummy-llama-30b-m,dummy-lora-7b-rank-32-4,566,41,476.6277965627561
8641,dummy-llama-30b-m,dummy-lora-7b-rank-32-3,303,8,476.8225573478567
8642,dummy-llama-30b-m,dummy-lora-7b-rank-64-3,226,189,476.86001076091003
8643,dummy-llama-30b-m,dummy-lora-7b-rank-32-0,56,51,476.88457247793554
8644,dummy-llama-30b-m,dummy-lora-7b-rank-16-0,332,41,476.9135645930222
8645,dummy-llama-30b-m,dummy-lora-7b-rank-16-3,668,8,477.1185588609185
8646,dummy-llama-30b-m,dummy-lora-7b-rank-64-1,391,43,477.1212923197836
8647,dummy-llama-30b-m,dummy-lora-7b-rank-32-0,637,28,477.14137414907486
8648,dummy-llama-30b-m,dummy-lora-7b-rank-128-1,603,18,477.1612117221317
8649,dummy-llama-30b-m,dummy-lora-7b-rank-16-3,216,38,477.16537146908524
8650,dummy-llama-30b-m,dummy-lora-7b-rank-64-0,556,13,477.28335464680885
8651,dummy-llama-30b-m,dummy-lora-7b-rank-32-3,607,16,477.30753493308754
8652,dummy-llama-30b-m,dummy-lora-7b-rank-8-4,555,56,477.36380264436525
8653,dummy-llama-30b-m,dummy-lora-7b-rank-8-4,248,55,477.3782908761248
8654,dummy-llama-30b-m,dummy-lora-7b-rank-16-2,422,121,477.4335562959138
8655,dummy-llama-30b-m,dummy-lora-7b-rank-64-4,58,72,477.5080786246409
8656,dummy-llama-30b-m,dummy-lora-7b-rank-16-4,473,35,477.5255110708032
8657,dummy-llama-30b-m,dummy-lora-7b-rank-64-2,564,27,477.5802646270684
8658,dummy-llama-30b-m,dummy-lora-7b-rank-8-3,598,28,477.64976895694684
8659,dummy-llama-30b-m,dummy-lora-7b-rank-128-4,548,17,477.6606497377242
8660,dummy-llama-30b-m,dummy-lora-7b-rank-8-0,557,57,477.67138711056174
8661,dummy-llama-30b-m,dummy-lora-7b-rank-64-4,195,131,477.71024720470115
8662,dummy-llama-30b-m,dummy-lora-7b-rank-32-4,492,41,477.7505944552245
8663,dummy-llama-30b-m,dummy-lora-7b-rank-8-3,603,19,477.76608662003935
8664,dummy-llama-30b-m,dummy-lora-7b-rank-64-0,591,14,477.8075771171829
8665,dummy-llama-30b-m,dummy-lora-7b-rank-128-4,715,25,477.80801285503145
8666,dummy-llama-30b-m,dummy-lora-7b-rank-8-4,184,46,477.82516961059434
8667,dummy-llama-30b-m,dummy-lora-7b-rank-64-3,623,32,477.8431743338364
8668,dummy-llama-30b-m,dummy-lora-7b-rank-8-0,290,44,477.90704721273227
8669,dummy-llama-30b-m,dummy-lora-7b-rank-128-3,584,18,477.9750737969633
8670,dummy-llama-30b-m,dummy-lora-7b-rank-128-1,550,18,477.9785837841452
8671,dummy-llama-30b-m,dummy-lora-7b-rank-16-3,388,5,478.0263784759332
8672,dummy-llama-30b-m,dummy-lora-7b-rank-8-2,566,25,478.0554749380245
8673,dummy-llama-30b-m,dummy-lora-7b-rank-64-0,650,22,478.2653536241341
8674,dummy-llama-30b-m,dummy-lora-7b-rank-32-2,100,41,478.2813726162331
8675,dummy-llama-30b-m,dummy-lora-7b-rank-32-4,817,39,478.28259652649984
8676,dummy-llama-30b-m,dummy-lora-7b-rank-8-1,558,24,478.3638054074924
8677,dummy-llama-30b-m,dummy-lora-7b-rank-64-4,259,51,478.4378295856167
8678,dummy-llama-30b-m,dummy-lora-7b-rank-16-1,251,60,478.45199264333473
8679,dummy-llama-30b-m,dummy-lora-7b-rank-64-0,424,57,478.46127476788337
8680,dummy-llama-30b-m,dummy-lora-7b-rank-64-4,531,8,478.5869032662792
8681,dummy-llama-30b-m,dummy-lora-7b-rank-128-2,317,53,478.73190053023393
8682,dummy-llama-30b-m,dummy-lora-7b-rank-32-4,651,90,478.75188040704893
8683,dummy-llama-30b-m,dummy-lora-7b-rank-128-4,548,17,478.8198262547012
8684,dummy-llama-30b-m,dummy-lora-7b-rank-8-0,724,11,478.8284234433903
8685,dummy-llama-30b-m,dummy-lora-7b-rank-32-0,554,20,479.00316830621426
8686,dummy-llama-30b-m,dummy-lora-7b-rank-64-4,834,52,479.15102385344505
8687,dummy-llama-30b-m,dummy-lora-7b-rank-32-0,235,3,479.1755785893618
8688,dummy-llama-30b-m,dummy-lora-7b-rank-128-0,354,112,479.29719767872865
8689,dummy-llama-30b-m,dummy-lora-7b-rank-32-1,592,19,479.30287841232854
8690,dummy-llama-30b-m,dummy-lora-7b-rank-8-4,566,22,479.31875229722925
8691,dummy-llama-30b-m,dummy-lora-7b-rank-8-0,439,54,479.36798257457826
8692,dummy-llama-30b-m,dummy-lora-7b-rank-16-1,653,11,479.37046767664754
8693,dummy-llama-30b-m,dummy-lora-7b-rank-16-4,975,20,479.3713979041743
8694,dummy-llama-30b-m,dummy-lora-7b-rank-16-3,215,43,479.3776453069433
8695,dummy-llama-30b-m,dummy-lora-7b-rank-32-2,584,36,479.46808687102305
8696,dummy-llama-30b-m,dummy-lora-7b-rank-64-3,425,41,479.67989762670726
8697,dummy-llama-30b-m,dummy-lora-7b-rank-16-2,489,192,479.76044689216053
8698,dummy-llama-30b-m,dummy-lora-7b-rank-128-4,661,8,479.8975837607834
8699,dummy-llama-30b-m,dummy-lora-7b-rank-8-3,236,53,479.93273730338177
8700,dummy-llama-30b-m,dummy-lora-7b-rank-32-3,562,24,479.96680688745414
8701,dummy-llama-30b-m,dummy-lora-7b-rank-128-2,109,57,480.0428678884416
8702,dummy-llama-30b-m,dummy-lora-7b-rank-8-3,609,6,480.06836214908157
8703,dummy-llama-30b-m,dummy-lora-7b-rank-8-0,621,30,480.0882380624653
8704,dummy-llama-30b-m,dummy-lora-7b-rank-64-3,582,9,480.19102876786627
8705,dummy-llama-30b-m,dummy-lora-7b-rank-16-2,405,69,480.21039261282374
8706,dummy-llama-30b-m,dummy-lora-7b-rank-64-2,599,17,480.2202617341252
8707,dummy-llama-30b-m,dummy-lora-7b-rank-16-3,628,19,480.254739208193
8708,dummy-llama-30b-m,dummy-lora-7b-rank-64-0,498,11,480.26487428740415
8709,dummy-llama-30b-m,dummy-lora-7b-rank-16-2,199,49,480.33522694908567
8710,dummy-llama-30b-m,dummy-lora-7b-rank-16-0,559,22,480.34257763151754
8711,dummy-llama-30b-m,dummy-lora-7b-rank-128-0,441,10,480.45371732125466
8712,dummy-llama-30b-m,dummy-lora-7b-rank-8-0,568,59,480.58735368830236
8713,dummy-llama-30b-m,dummy-lora-7b-rank-64-0,831,47,480.6631195393774
8714,dummy-llama-30b-m,dummy-lora-7b-rank-128-1,144,118,480.70103366839817
8715,dummy-llama-30b-m,dummy-lora-7b-rank-128-0,554,48,480.82430051257484
8716,dummy-llama-30b-m,dummy-lora-7b-rank-128-1,603,8,480.85573598674614
8717,dummy-llama-30b-m,dummy-lora-7b-rank-128-3,171,134,480.8599221020302
8718,dummy-llama-30b-m,dummy-lora-7b-rank-32-2,582,17,480.9078862577379
8719,dummy-llama-30b-m,dummy-lora-7b-rank-8-3,170,86,480.9266034714957
8720,dummy-llama-30b-m,dummy-lora-7b-rank-16-3,334,38,480.94439052397354
8721,dummy-llama-30b-m,dummy-lora-7b-rank-16-1,628,23,480.9839948264485
8722,dummy-llama-30b-m,dummy-lora-7b-rank-32-0,501,41,481.057941942418
8723,dummy-llama-30b-m,dummy-lora-7b-rank-8-3,558,24,481.1020271167158
8724,dummy-llama-30b-m,dummy-lora-7b-rank-8-3,619,54,481.1683937584796
8725,dummy-llama-30b-m,dummy-lora-7b-rank-32-1,794,51,481.1946846750593
8726,dummy-llama-30b-m,dummy-lora-7b-rank-128-4,314,40,481.2234317665769
8727,dummy-llama-30b-m,dummy-lora-7b-rank-32-4,286,3,481.2696549731199
8728,dummy-llama-30b-m,dummy-lora-7b-rank-64-4,782,10,481.31524929511556
8729,dummy-llama-30b-m,dummy-lora-7b-rank-32-0,287,40,481.3527694963233
8730,dummy-llama-30b-m,dummy-lora-7b-rank-128-0,174,145,481.4029624947475
8731,dummy-llama-30b-m,dummy-lora-7b-rank-64-1,239,6,481.41421618706465
8732,dummy-llama-30b-m,dummy-lora-7b-rank-64-4,608,8,481.4326776638445
8733,dummy-llama-30b-m,dummy-lora-7b-rank-8-1,550,18,481.4886467505579
8734,dummy-llama-30b-m,dummy-lora-7b-rank-128-2,568,24,481.50501583773314
8735,dummy-llama-30b-m,dummy-lora-7b-rank-128-2,435,47,481.56549201435155
8736,dummy-llama-30b-m,dummy-lora-7b-rank-16-3,758,90,481.7798459943918
8737,dummy-llama-30b-m,dummy-lora-7b-rank-128-1,923,57,481.79880802376573
8738,dummy-llama-30b-m,dummy-lora-7b-rank-16-3,225,35,481.8167803012215
8739,dummy-llama-30b-m,dummy-lora-7b-rank-64-0,527,6,481.83849629176143
8740,dummy-llama-30b-m,dummy-lora-7b-rank-8-1,292,41,481.9637322331646
8741,dummy-llama-30b-m,dummy-lora-7b-rank-64-2,548,9,482.01505384363065
8742,dummy-llama-30b-m,dummy-lora-7b-rank-8-0,726,113,482.12015278494374
8743,dummy-llama-30b-m,dummy-lora-7b-rank-128-1,210,105,482.1993735750343
8744,dummy-llama-30b-m,dummy-lora-7b-rank-16-1,684,20,482.40732686200107
8745,dummy-llama-30b-m,dummy-lora-7b-rank-8-3,600,21,482.49434728517883
8746,dummy-llama-30b-m,dummy-lora-7b-rank-16-4,556,21,482.61576689737007
8747,dummy-llama-30b-m,dummy-lora-7b-rank-16-3,695,68,482.7642624235519
8748,dummy-llama-30b-m,dummy-lora-7b-rank-16-2,716,52,482.7683617852886
8749,dummy-llama-30b-m,dummy-lora-7b-rank-8-2,266,50,482.8448225630883
8750,dummy-llama-30b-m,dummy-lora-7b-rank-128-1,415,46,482.87398474091333
8751,dummy-llama-30b-m,dummy-lora-7b-rank-32-2,159,79,483.0032205982521
8752,dummy-llama-30b-m,dummy-lora-7b-rank-64-4,564,26,483.04551556447404
8753,dummy-llama-30b-m,dummy-lora-7b-rank-64-4,556,24,483.1225862525571
8754,dummy-llama-30b-m,dummy-lora-7b-rank-64-1,554,21,483.17116749435326
8755,dummy-llama-30b-m,dummy-lora-7b-rank-32-0,262,88,483.1761160594635
8756,dummy-llama-30b-m,dummy-lora-7b-rank-16-2,594,24,483.3429377645252
8757,dummy-llama-30b-m,dummy-lora-7b-rank-128-3,977,56,483.3710857978595
8758,dummy-llama-30b-m,dummy-lora-7b-rank-64-3,611,96,483.37449513978373
8759,dummy-llama-30b-m,dummy-lora-7b-rank-32-1,564,18,483.4446183780658
8760,dummy-llama-30b-m,dummy-lora-7b-rank-64-0,251,55,483.53637218488814
8761,dummy-llama-30b-m,dummy-lora-7b-rank-64-2,366,135,483.54494001875577
8762,dummy-llama-30b-m,dummy-lora-7b-rank-16-2,323,149,483.6283447330098
8763,dummy-llama-30b-m,dummy-lora-7b-rank-32-3,424,43,483.646553032841
8764,dummy-llama-30b-m,dummy-lora-7b-rank-128-4,994,3,483.6608199053885
8765,dummy-llama-30b-m,dummy-lora-7b-rank-8-1,562,25,483.7799391858423
8766,dummy-llama-30b-m,dummy-lora-7b-rank-128-4,538,74,483.80119190567666
8767,dummy-llama-30b-m,dummy-lora-7b-rank-64-0,617,19,483.80705285382464
8768,dummy-llama-30b-m,dummy-lora-7b-rank-128-2,316,47,483.8942649624006
8769,dummy-llama-30b-m,dummy-lora-7b-rank-16-4,241,62,483.90111496457166
8770,dummy-llama-30b-m,dummy-lora-7b-rank-32-2,299,10,483.97890482653736
8771,dummy-llama-30b-m,dummy-lora-7b-rank-16-3,700,43,483.99812482621127
8772,dummy-llama-30b-m,dummy-lora-7b-rank-16-0,301,46,484.0524923268042
8773,dummy-llama-30b-m,dummy-lora-7b-rank-32-0,558,24,484.05726348300124
8774,dummy-llama-30b-m,dummy-lora-7b-rank-16-2,331,158,484.06126817781643
8775,dummy-llama-30b-m,dummy-lora-7b-rank-8-2,527,4,484.0726356963697
8776,dummy-llama-30b-m,dummy-lora-7b-rank-8-2,541,35,484.1656052762585
8777,dummy-llama-30b-m,dummy-lora-7b-rank-128-4,342,8,484.1857691402377
8778,dummy-llama-30b-m,dummy-lora-7b-rank-8-0,412,9,484.2082776353998
8779,dummy-llama-30b-m,dummy-lora-7b-rank-128-0,617,25,484.24062499919893
8780,dummy-llama-30b-m,dummy-lora-7b-rank-16-1,358,53,484.2846709508153
8781,dummy-llama-30b-m,dummy-lora-7b-rank-16-4,592,24,484.3262782658631
8782,dummy-llama-30b-m,dummy-lora-7b-rank-32-0,397,74,484.33200657216577
8783,dummy-llama-30b-m,dummy-lora-7b-rank-16-2,106,69,484.37745512854605
8784,dummy-llama-30b-m,dummy-lora-7b-rank-128-2,435,49,484.4963585002593
8785,dummy-llama-30b-m,dummy-lora-7b-rank-32-3,179,119,484.5632915281648
8786,dummy-llama-30b-m,dummy-lora-7b-rank-128-3,400,7,484.5812773010605
8787,dummy-llama-30b-m,dummy-lora-7b-rank-16-3,552,13,484.8171799191287
8788,dummy-llama-30b-m,dummy-lora-7b-rank-16-2,560,15,484.9498044614817
8789,dummy-llama-30b-m,dummy-lora-7b-rank-64-2,783,73,485.1255441241248
8790,dummy-llama-30b-m,dummy-lora-7b-rank-8-2,562,25,485.17269116021583
8791,dummy-llama-30b-m,dummy-lora-7b-rank-64-4,319,52,485.1994768991588
8792,dummy-llama-30b-m,dummy-lora-7b-rank-16-2,721,32,485.30575216133815
8793,dummy-llama-30b-m,dummy-lora-7b-rank-128-3,853,78,485.337166879209
8794,dummy-llama-30b-m,dummy-lora-7b-rank-128-4,205,90,485.3656910658653
8795,dummy-llama-30b-m,dummy-lora-7b-rank-32-2,184,119,485.4791741491894
8796,dummy-llama-30b-m,dummy-lora-7b-rank-16-1,378,43,485.5064551879065
8797,dummy-llama-30b-m,dummy-lora-7b-rank-128-1,572,45,485.511273907304
8798,dummy-llama-30b-m,dummy-lora-7b-rank-16-2,252,3,485.63976170950895
8799,dummy-llama-30b-m,dummy-lora-7b-rank-16-3,595,22,485.6456666872732
8800,dummy-llama-30b-m,dummy-lora-7b-rank-8-0,338,71,485.67416949599834
8801,dummy-llama-30b-m,dummy-lora-7b-rank-16-0,574,26,485.7198333440729
8802,dummy-llama-30b-m,dummy-lora-7b-rank-8-1,168,83,485.73729117113163
8803,dummy-llama-30b-m,dummy-lora-7b-rank-8-3,558,22,485.75262488976574
8804,dummy-llama-30b-m,dummy-lora-7b-rank-128-4,645,39,485.7794058439628
8805,dummy-llama-30b-m,dummy-lora-7b-rank-128-4,611,8,485.8054722465574
8806,dummy-llama-30b-m,dummy-lora-7b-rank-128-2,688,82,485.8154443621294
8807,dummy-llama-30b-m,dummy-lora-7b-rank-8-0,795,6,485.84157962679626
8808,dummy-llama-30b-m,dummy-lora-7b-rank-64-0,420,59,485.8467408090268
8809,dummy-llama-30b-m,dummy-lora-7b-rank-128-0,403,42,485.86302473237083
8810,dummy-llama-30b-m,dummy-lora-7b-rank-8-0,560,25,485.9020014722541
8811,dummy-llama-30b-m,dummy-lora-7b-rank-128-3,228,110,485.9868167418183
8812,dummy-llama-30b-m,dummy-lora-7b-rank-16-1,307,59,485.9993387679915
8813,dummy-llama-30b-m,dummy-lora-7b-rank-64-1,612,32,486.06839765144235
8814,dummy-llama-30b-m,dummy-lora-7b-rank-32-3,392,94,486.1815391741995
8815,dummy-llama-30b-m,dummy-lora-7b-rank-16-1,552,19,486.321285041379
8816,dummy-llama-30b-m,dummy-lora-7b-rank-32-4,562,26,486.3290271305851
8817,dummy-llama-30b-m,dummy-lora-7b-rank-32-0,586,35,486.46460608567935
8818,dummy-llama-30b-m,dummy-lora-7b-rank-64-4,517,8,486.46699141888814
8819,dummy-llama-30b-m,dummy-lora-7b-rank-64-1,209,55,486.4829359216857
8820,dummy-llama-30b-m,dummy-lora-7b-rank-64-4,798,9,486.5471171935251
8821,dummy-llama-30b-m,dummy-lora-7b-rank-16-2,562,25,486.65781056182357
8822,dummy-llama-30b-m,dummy-lora-7b-rank-8-1,550,18,486.7010450978893
8823,dummy-llama-30b-m,dummy-lora-7b-rank-16-2,514,57,486.870010260729
8824,dummy-llama-30b-m,dummy-lora-7b-rank-64-0,815,38,486.9776935174574
8825,dummy-llama-30b-m,dummy-lora-7b-rank-128-2,711,35,486.98843483526286
8826,dummy-llama-30b-m,dummy-lora-7b-rank-16-2,366,9,487.040951335265
8827,dummy-llama-30b-m,dummy-lora-7b-rank-32-2,568,29,487.0537654660706
8828,dummy-llama-30b-m,dummy-lora-7b-rank-16-1,192,136,487.118815184273
8829,dummy-llama-30b-m,dummy-lora-7b-rank-8-3,288,51,487.12148331104805
8830,dummy-llama-30b-m,dummy-lora-7b-rank-64-4,117,51,487.22054062726926
8831,dummy-llama-30b-m,dummy-lora-7b-rank-8-3,560,23,487.22853476937087
8832,dummy-llama-30b-m,dummy-lora-7b-rank-32-0,174,47,487.2291411404932
8833,dummy-llama-30b-m,dummy-lora-7b-rank-32-4,811,4,487.23633847976663
8834,dummy-llama-30b-m,dummy-lora-7b-rank-64-2,476,63,487.24767996477624
8835,dummy-llama-30b-m,dummy-lora-7b-rank-128-0,551,189,487.26272384380536
8836,dummy-llama-30b-m,dummy-lora-7b-rank-128-1,989,3,487.27204068391023
8837,dummy-llama-30b-m,dummy-lora-7b-rank-16-1,996,11,487.34535115374325
8838,dummy-llama-30b-m,dummy-lora-7b-rank-32-4,405,59,487.3465145226094
8839,dummy-llama-30b-m,dummy-lora-7b-rank-64-0,382,58,487.3539531872242
8840,dummy-llama-30b-m,dummy-lora-7b-rank-32-4,548,17,487.3654646568852
8841,dummy-llama-30b-m,dummy-lora-7b-rank-8-2,913,89,487.5497727741902
8842,dummy-llama-30b-m,dummy-lora-7b-rank-32-2,341,47,487.6166218027481
8843,dummy-llama-30b-m,dummy-lora-7b-rank-128-4,570,31,487.62227255390945
8844,dummy-llama-30b-m,dummy-lora-7b-rank-64-4,495,147,487.6526971737226
8845,dummy-llama-30b-m,dummy-lora-7b-rank-16-3,488,62,487.7256554765145
8846,dummy-llama-30b-m,dummy-lora-7b-rank-16-3,581,59,487.8975334365463
8847,dummy-llama-30b-m,dummy-lora-7b-rank-128-3,435,42,487.9602796405346
8848,dummy-llama-30b-m,dummy-lora-7b-rank-128-3,368,46,487.98375618382687
8849,dummy-llama-30b-m,dummy-lora-7b-rank-16-1,550,17,488.0491837208874
8850,dummy-llama-30b-m,dummy-lora-7b-rank-128-3,198,163,488.14053515035823
8851,dummy-llama-30b-m,dummy-lora-7b-rank-16-0,327,8,488.193255054603
8852,dummy-llama-30b-m,dummy-lora-7b-rank-16-4,439,55,488.2688594655206
8853,dummy-llama-30b-m,dummy-lora-7b-rank-32-4,562,16,488.2812374510825
8854,dummy-llama-30b-m,dummy-lora-7b-rank-128-4,552,5,488.30943370040234
8855,dummy-llama-30b-m,dummy-lora-7b-rank-16-3,346,56,488.33388706457333
8856,dummy-llama-30b-m,dummy-lora-7b-rank-64-3,601,18,488.3456654107962
8857,dummy-llama-30b-m,dummy-lora-7b-rank-32-1,560,18,488.36413083801676
8858,dummy-llama-30b-m,dummy-lora-7b-rank-16-3,231,49,488.3642703944366
8859,dummy-llama-30b-m,dummy-lora-7b-rank-32-1,571,44,488.40251063543417
8860,dummy-llama-30b-m,dummy-lora-7b-rank-8-3,527,43,488.41178430796765
8861,dummy-llama-30b-m,dummy-lora-7b-rank-64-2,844,60,488.4239474408298
8862,dummy-llama-30b-m,dummy-lora-7b-rank-32-3,450,46,488.4425556491297
8863,dummy-llama-30b-m,dummy-lora-7b-rank-8-0,570,31,488.46989410024105
8864,dummy-llama-30b-m,dummy-lora-7b-rank-32-0,461,66,488.4702782062389
8865,dummy-llama-30b-m,dummy-lora-7b-rank-64-0,694,112,488.5624209044902
8866,dummy-llama-30b-m,dummy-lora-7b-rank-16-1,559,8,488.56587741486106
8867,dummy-llama-30b-m,dummy-lora-7b-rank-128-1,693,30,488.5852385338138
8868,dummy-llama-30b-m,dummy-lora-7b-rank-16-0,576,34,488.6064972994366
8869,dummy-llama-30b-m,dummy-lora-7b-rank-128-1,238,47,488.6589185187563
8870,dummy-llama-30b-m,dummy-lora-7b-rank-8-1,581,44,488.7188528479873
8871,dummy-llama-30b-m,dummy-lora-7b-rank-32-4,493,46,488.837455363296
8872,dummy-llama-30b-m,dummy-lora-7b-rank-16-4,291,154,488.84073670982247
8873,dummy-llama-30b-m,dummy-lora-7b-rank-64-1,53,93,488.8550568153319
8874,dummy-llama-30b-m,dummy-lora-7b-rank-16-1,178,144,488.8697711465692
8875,dummy-llama-30b-m,dummy-lora-7b-rank-8-0,594,15,488.88173149379156
8876,dummy-llama-30b-m,dummy-lora-7b-rank-32-0,306,5,488.94636319521425
8877,dummy-llama-30b-m,dummy-lora-7b-rank-64-0,307,53,488.9973517585454
8878,dummy-llama-30b-m,dummy-lora-7b-rank-128-3,281,42,489.0513915457518
8879,dummy-llama-30b-m,dummy-lora-7b-rank-32-2,328,164,489.0923797296139
8880,dummy-llama-30b-m,dummy-lora-7b-rank-16-2,387,50,489.1271702324082
8881,dummy-llama-30b-m,dummy-lora-7b-rank-32-4,55,56,489.1364195361939
8882,dummy-llama-30b-m,dummy-lora-7b-rank-64-3,485,9,489.1791783254708
8883,dummy-llama-30b-m,dummy-lora-7b-rank-32-3,143,47,489.3570649352982
8884,dummy-llama-30b-m,dummy-lora-7b-rank-128-1,247,37,489.3817264888713
8885,dummy-llama-30b-m,dummy-lora-7b-rank-16-0,550,18,489.49844276208427
8886,dummy-llama-30b-m,dummy-lora-7b-rank-64-0,562,27,489.5303609583146
8887,dummy-llama-30b-m,dummy-lora-7b-rank-16-0,242,52,489.62583375351824
8888,dummy-llama-30b-m,dummy-lora-7b-rank-16-0,562,24,489.6680061349938
8889,dummy-llama-30b-m,dummy-lora-7b-rank-8-2,746,128,489.70006504810414
8890,dummy-llama-30b-m,dummy-lora-7b-rank-8-0,388,66,489.7013883858498
8891,dummy-llama-30b-m,dummy-lora-7b-rank-8-2,95,59,489.8097580024714
8892,dummy-llama-30b-m,dummy-lora-7b-rank-64-0,864,95,489.832079119604
8893,dummy-llama-30b-m,dummy-lora-7b-rank-16-2,385,44,489.838647031005
8894,dummy-llama-30b-m,dummy-lora-7b-rank-32-2,746,48,489.95428220280394
8895,dummy-llama-30b-m,dummy-lora-7b-rank-16-0,550,18,490.0179244030717
8896,dummy-llama-30b-m,dummy-lora-7b-rank-32-0,365,175,490.10455121636016
8897,dummy-llama-30b-m,dummy-lora-7b-rank-64-1,382,85,490.16069434989174
8898,dummy-llama-30b-m,dummy-lora-7b-rank-128-4,561,16,490.2577668905122
8899,dummy-llama-30b-m,dummy-lora-7b-rank-128-0,317,68,490.2773140282319
8900,dummy-llama-30b-m,dummy-lora-7b-rank-128-3,335,44,490.34273553413533
8901,dummy-llama-30b-m,dummy-lora-7b-rank-128-3,853,39,490.3877975824182
8902,dummy-llama-30b-m,dummy-lora-7b-rank-8-3,196,46,490.41180830360355
8903,dummy-llama-30b-m,dummy-lora-7b-rank-8-3,562,26,490.4642172217366
8904,dummy-llama-30b-m,dummy-lora-7b-rank-16-2,638,8,490.4770031866464
8905,dummy-llama-30b-m,dummy-lora-7b-rank-64-2,552,19,490.5202060635271
8906,dummy-llama-30b-m,dummy-lora-7b-rank-8-4,412,44,490.5511526571841
8907,dummy-llama-30b-m,dummy-lora-7b-rank-128-4,558,66,490.59922353640377
8908,dummy-llama-30b-m,dummy-lora-7b-rank-32-2,743,10,490.6571577917069
8909,dummy-llama-30b-m,dummy-lora-7b-rank-16-3,680,66,490.6637465146255
8910,dummy-llama-30b-m,dummy-lora-7b-rank-16-0,286,11,490.7343061805997
8911,dummy-llama-30b-m,dummy-lora-7b-rank-64-1,566,28,490.85630278289494
8912,dummy-llama-30b-m,dummy-lora-7b-rank-16-4,952,39,490.9292232962053
8913,dummy-llama-30b-m,dummy-lora-7b-rank-8-2,452,96,490.99251022657063
8914,dummy-llama-30b-m,dummy-lora-7b-rank-8-0,193,33,491.0046269332646
8915,dummy-llama-30b-m,dummy-lora-7b-rank-64-4,690,11,491.0310380862779
8916,dummy-llama-30b-m,dummy-lora-7b-rank-64-1,556,21,491.0653051305699
8917,dummy-llama-30b-m,dummy-lora-7b-rank-128-2,191,46,491.1591145737812
8918,dummy-llama-30b-m,dummy-lora-7b-rank-32-2,713,182,491.203091309374
8919,dummy-llama-30b-m,dummy-lora-7b-rank-64-3,600,97,491.23228247042005
8920,dummy-llama-30b-m,dummy-lora-7b-rank-128-0,308,189,491.28460948438556
8921,dummy-llama-30b-m,dummy-lora-7b-rank-32-1,560,24,491.50598756233194
8922,dummy-llama-30b-m,dummy-lora-7b-rank-128-2,568,29,491.6217459498073
8923,dummy-llama-30b-m,dummy-lora-7b-rank-8-4,360,64,491.68989017265716
8924,dummy-llama-30b-m,dummy-lora-7b-rank-32-2,584,38,491.7079324745456
8925,dummy-llama-30b-m,dummy-lora-7b-rank-128-0,106,10,491.7556825173132
8926,dummy-llama-30b-m,dummy-lora-7b-rank-32-3,754,68,491.88364479281734
8927,dummy-llama-30b-m,dummy-lora-7b-rank-128-4,566,21,491.89509892815727
8928,dummy-llama-30b-m,dummy-lora-7b-rank-8-1,877,16,491.9862173546313
8929,dummy-llama-30b-m,dummy-lora-7b-rank-8-1,590,13,492.0149959961684
8930,dummy-llama-30b-m,dummy-lora-7b-rank-128-0,556,21,492.0900879781215
8931,dummy-llama-30b-m,dummy-lora-7b-rank-128-0,605,20,492.104149615325
8932,dummy-llama-30b-m,dummy-lora-7b-rank-64-3,762,37,492.14995225600074
8933,dummy-llama-30b-m,dummy-lora-7b-rank-32-4,461,53,492.4042492923083
8934,dummy-llama-30b-m,dummy-lora-7b-rank-32-2,693,42,492.49386276104605
8935,dummy-llama-30b-m,dummy-lora-7b-rank-128-4,308,55,492.5010221960494
8936,dummy-llama-30b-m,dummy-lora-7b-rank-32-1,755,19,492.51016309325854
8937,dummy-llama-30b-m,dummy-lora-7b-rank-8-1,597,13,492.5600845978114
8938,dummy-llama-30b-m,dummy-lora-7b-rank-128-3,604,29,492.6282849313919
8939,dummy-llama-30b-m,dummy-lora-7b-rank-64-0,799,106,492.7088955798759
8940,dummy-llama-30b-m,dummy-lora-7b-rank-64-4,277,9,492.9397798706698
8941,dummy-llama-30b-m,dummy-lora-7b-rank-128-0,195,48,492.97543503477226
8942,dummy-llama-30b-m,dummy-lora-7b-rank-16-2,554,22,493.0096959725699
8943,dummy-llama-30b-m,dummy-lora-7b-rank-128-1,225,51,493.0236445066989
8944,dummy-llama-30b-m,dummy-lora-7b-rank-128-0,317,48,493.0351365870812
8945,dummy-llama-30b-m,dummy-lora-7b-rank-32-1,570,46,493.09185075186207
8946,dummy-llama-30b-m,dummy-lora-7b-rank-16-0,557,9,493.10332282031055
8947,dummy-llama-30b-m,dummy-lora-7b-rank-64-4,625,4,493.1037358303653
8948,dummy-llama-30b-m,dummy-lora-7b-rank-8-3,790,43,493.13536705452236
8949,dummy-llama-30b-m,dummy-lora-7b-rank-16-4,530,7,493.15657751189286
8950,dummy-llama-30b-m,dummy-lora-7b-rank-128-0,548,17,493.172857011236
8951,dummy-llama-30b-m,dummy-lora-7b-rank-8-1,550,16,493.20514134366437
8952,dummy-llama-30b-m,dummy-lora-7b-rank-32-4,711,68,493.2422368963837
8953,dummy-llama-30b-m,dummy-lora-7b-rank-8-2,398,45,493.27975463058544
8954,dummy-llama-30b-m,dummy-lora-7b-rank-128-3,598,3,493.3306397437057
8955,dummy-llama-30b-m,dummy-lora-7b-rank-64-3,842,67,493.3544924777499
8956,dummy-llama-30b-m,dummy-lora-7b-rank-64-2,622,50,493.43076279409036
8957,dummy-llama-30b-m,dummy-lora-7b-rank-8-3,568,29,493.4380398989369
8958,dummy-llama-30b-m,dummy-lora-7b-rank-16-2,546,16,493.4981760733651
8959,dummy-llama-30b-m,dummy-lora-7b-rank-32-2,683,22,493.5753458693585
8960,dummy-llama-30b-m,dummy-lora-7b-rank-64-4,325,85,493.7001296977814
8961,dummy-llama-30b-m,dummy-lora-7b-rank-128-4,554,22,493.7942269310241
8962,dummy-llama-30b-m,dummy-lora-7b-rank-64-4,556,21,493.9736230171377
8963,dummy-llama-30b-m,dummy-lora-7b-rank-64-0,538,70,494.0137658728004
8964,dummy-llama-30b-m,dummy-lora-7b-rank-32-1,607,20,494.02685954865086
8965,dummy-llama-30b-m,dummy-lora-7b-rank-64-4,285,67,494.26848979373716
8966,dummy-llama-30b-m,dummy-lora-7b-rank-64-0,490,97,494.2846052977252
8967,dummy-llama-30b-m,dummy-lora-7b-rank-16-4,601,14,494.2963315332561
8968,dummy-llama-30b-m,dummy-lora-7b-rank-128-3,392,188,494.3229336101581
8969,dummy-llama-30b-m,dummy-lora-7b-rank-64-0,144,19,494.3513671407602
8970,dummy-llama-30b-m,dummy-lora-7b-rank-16-4,769,81,494.36464527872835
8971,dummy-llama-30b-m,dummy-lora-7b-rank-64-2,351,152,494.4879657572094
8972,dummy-llama-30b-m,dummy-lora-7b-rank-128-0,412,4,494.51302553575596
8973,dummy-llama-30b-m,dummy-lora-7b-rank-128-4,595,15,494.5303389904703
8974,dummy-llama-30b-m,dummy-lora-7b-rank-64-4,269,64,494.58207006011634
8975,dummy-llama-30b-m,dummy-lora-7b-rank-128-1,367,9,494.65689741968924
8976,dummy-llama-30b-m,dummy-lora-7b-rank-128-1,260,92,494.88176361055594
8977,dummy-llama-30b-m,dummy-lora-7b-rank-128-2,274,59,494.94303151637206
8978,dummy-llama-30b-m,dummy-lora-7b-rank-16-2,550,18,494.949071879548
8979,dummy-llama-30b-m,dummy-lora-7b-rank-32-0,257,51,495.00882919213694
8980,dummy-llama-30b-m,dummy-lora-7b-rank-8-4,594,9,495.16224178497544
8981,dummy-llama-30b-m,dummy-lora-7b-rank-64-2,537,11,495.19556297900687
8982,dummy-llama-30b-m,dummy-lora-7b-rank-64-0,382,59,495.2670320532551
8983,dummy-llama-30b-m,dummy-lora-7b-rank-16-2,229,40,495.27924544584977
8984,dummy-llama-30b-m,dummy-lora-7b-rank-16-3,589,13,495.3499422312299
8985,dummy-llama-30b-m,dummy-lora-7b-rank-32-2,184,48,495.35004367451415
8986,dummy-llama-30b-m,dummy-lora-7b-rank-64-3,339,51,495.42276625421096
8987,dummy-llama-30b-m,dummy-lora-7b-rank-8-2,784,9,495.46735492859347
8988,dummy-llama-30b-m,dummy-lora-7b-rank-32-0,576,50,495.5589432228433
8989,dummy-llama-30b-m,dummy-lora-7b-rank-16-3,372,44,495.6276298981278
8990,dummy-llama-30b-m,dummy-lora-7b-rank-8-4,385,63,495.66468127063666
8991,dummy-llama-30b-m,dummy-lora-7b-rank-64-3,554,20,495.6948565467327
8992,dummy-llama-30b-m,dummy-lora-7b-rank-32-0,337,52,495.7287858602301
8993,dummy-llama-30b-m,dummy-lora-7b-rank-128-2,978,48,495.7878408686821
8994,dummy-llama-30b-m,dummy-lora-7b-rank-64-1,659,81,495.90055014600847
8995,dummy-llama-30b-m,dummy-lora-7b-rank-128-2,574,30,496.0261856553998
8996,dummy-llama-30b-m,dummy-lora-7b-rank-32-1,118,19,496.09925598769496
8997,dummy-llama-30b-m,dummy-lora-7b-rank-16-4,562,88,496.1385826095445
8998,dummy-llama-30b-m,dummy-lora-7b-rank-8-1,291,5,496.1477100120394
8999,dummy-llama-30b-m,dummy-lora-7b-rank-32-3,983,63,496.1531563283834
9000,dummy-llama-30b-m,dummy-lora-7b-rank-16-2,228,42,496.179717457697
9001,dummy-llama-30b-m,dummy-lora-7b-rank-128-3,294,61,496.36395904299155
9002,dummy-llama-30b-m,dummy-lora-7b-rank-16-2,134,35,496.3962257162652
9003,dummy-llama-30b-m,dummy-lora-7b-rank-32-4,636,3,496.42771031746327
9004,dummy-llama-30b-m,dummy-lora-7b-rank-16-1,208,55,496.43132619459266
9005,dummy-llama-30b-m,dummy-lora-7b-rank-128-3,550,18,496.43790988571226
9006,dummy-llama-30b-m,dummy-lora-7b-rank-8-3,556,23,496.50151112700615
9007,dummy-llama-30b-m,dummy-lora-7b-rank-16-3,387,69,496.5448360107723
9008,dummy-llama-30b-m,dummy-lora-7b-rank-8-1,349,10,496.59088635846786
9009,dummy-llama-30b-m,dummy-lora-7b-rank-8-0,280,64,496.72499440008494
9010,dummy-llama-30b-m,dummy-lora-7b-rank-32-3,361,70,496.83149331765406
9011,dummy-llama-30b-m,dummy-lora-7b-rank-32-4,334,95,496.86291171057127
9012,dummy-llama-30b-m,dummy-lora-7b-rank-32-0,533,6,496.8898073027124
9013,dummy-llama-30b-m,dummy-lora-7b-rank-64-1,954,133,496.91914649737424
9014,dummy-llama-30b-m,dummy-lora-7b-rank-32-0,453,71,496.93197459461487
9015,dummy-llama-30b-m,dummy-lora-7b-rank-128-3,651,26,497.0419496715447
9016,dummy-llama-30b-m,dummy-lora-7b-rank-32-4,884,10,497.04341835407524
9017,dummy-llama-30b-m,dummy-lora-7b-rank-128-2,699,69,497.0808436059697
9018,dummy-llama-30b-m,dummy-lora-7b-rank-8-1,649,208,497.0851422398121
9019,dummy-llama-30b-m,dummy-lora-7b-rank-64-3,565,21,497.1072904800645
9020,dummy-llama-30b-m,dummy-lora-7b-rank-16-2,609,21,497.13277104158294
9021,dummy-llama-30b-m,dummy-lora-7b-rank-8-0,641,37,497.14011666259023
9022,dummy-llama-30b-m,dummy-lora-7b-rank-16-2,554,12,497.2155441276332
9023,dummy-llama-30b-m,dummy-lora-7b-rank-64-2,187,3,497.44411487482074
9024,dummy-llama-30b-m,dummy-lora-7b-rank-64-1,662,9,497.453823805164
9025,dummy-llama-30b-m,dummy-lora-7b-rank-64-0,614,34,497.6134310714274
9026,dummy-llama-30b-m,dummy-lora-7b-rank-8-3,559,21,497.69532813995454
9027,dummy-llama-30b-m,dummy-lora-7b-rank-32-1,102,43,497.7638053367313
9028,dummy-llama-30b-m,dummy-lora-7b-rank-8-4,90,53,497.7671822424424
9029,dummy-llama-30b-m,dummy-lora-7b-rank-16-4,602,13,497.777954856721
9030,dummy-llama-30b-m,dummy-lora-7b-rank-16-3,239,52,497.8573769333366
9031,dummy-llama-30b-m,dummy-lora-7b-rank-8-4,693,10,498.11099982156884
9032,dummy-llama-30b-m,dummy-lora-7b-rank-64-0,231,3,498.1553108677325
9033,dummy-llama-30b-m,dummy-lora-7b-rank-128-1,947,78,498.26731508578746
9034,dummy-llama-30b-m,dummy-lora-7b-rank-8-0,417,47,498.30557594762354
9035,dummy-llama-30b-m,dummy-lora-7b-rank-8-4,895,48,498.3549146126557
9036,dummy-llama-30b-m,dummy-lora-7b-rank-16-2,574,30,498.3563325926209
9037,dummy-llama-30b-m,dummy-lora-7b-rank-64-1,252,5,498.4406213224256
9038,dummy-llama-30b-m,dummy-lora-7b-rank-64-4,423,65,498.46718635131117
9039,dummy-llama-30b-m,dummy-lora-7b-rank-128-1,76,40,498.52238768451826
9040,dummy-llama-30b-m,dummy-lora-7b-rank-16-2,597,20,498.57215883138406
9041,dummy-llama-30b-m,dummy-lora-7b-rank-64-0,581,3,498.69638049808833
9042,dummy-llama-30b-m,dummy-lora-7b-rank-16-4,111,51,498.74898148870204
9043,dummy-llama-30b-m,dummy-lora-7b-rank-8-3,894,44,498.86391246976757
9044,dummy-llama-30b-m,dummy-lora-7b-rank-64-4,972,78,498.93082981660365
9045,dummy-llama-30b-m,dummy-lora-7b-rank-8-1,561,20,498.9326567184565
9046,dummy-llama-30b-m,dummy-lora-7b-rank-64-1,554,20,498.9798552589455
9047,dummy-llama-30b-m,dummy-lora-7b-rank-8-4,1015,7,499.0369460836054
9048,dummy-llama-30b-m,dummy-lora-7b-rank-16-0,283,58,499.08114101376947
9049,dummy-llama-30b-m,dummy-lora-7b-rank-8-3,564,25,499.0870167895975
9050,dummy-llama-30b-m,dummy-lora-7b-rank-64-4,50,44,499.087199210784
9051,dummy-llama-30b-m,dummy-lora-7b-rank-32-3,313,11,499.2266340917248
9052,dummy-llama-30b-m,dummy-lora-7b-rank-16-3,626,22,499.2499929763269
9053,dummy-llama-30b-m,dummy-lora-7b-rank-8-2,661,21,499.3365134784822
9054,dummy-llama-30b-m,dummy-lora-7b-rank-32-3,558,14,499.3636644404248
9055,dummy-llama-30b-m,dummy-lora-7b-rank-64-2,344,146,499.38711813679174
9056,dummy-llama-30b-m,dummy-lora-7b-rank-32-1,354,42,499.3984359236152
9057,dummy-llama-30b-m,dummy-lora-7b-rank-64-0,394,46,499.4148157511969
9058,dummy-llama-30b-m,dummy-lora-7b-rank-64-2,554,22,499.4337599959213
9059,dummy-llama-30b-m,dummy-lora-7b-rank-32-2,558,22,499.477209291682
9060,dummy-llama-30b-m,dummy-lora-7b-rank-16-1,555,56,499.49055486477585
9061,dummy-llama-30b-m,dummy-lora-7b-rank-128-2,554,20,499.66997373422276
9062,dummy-llama-30b-m,dummy-lora-7b-rank-64-1,191,128,499.67302680972887
9063,dummy-llama-30b-m,dummy-lora-7b-rank-128-1,336,62,499.70135184681516
9064,dummy-llama-30b-m,dummy-lora-7b-rank-64-3,403,9,499.7959000179676
9065,dummy-llama-30b-m,dummy-lora-7b-rank-16-1,609,22,499.8538984491103
9066,dummy-llama-30b-m,dummy-lora-7b-rank-8-4,518,82,499.8739393737474
9067,dummy-llama-30b-m,dummy-lora-7b-rank-128-1,430,22,499.948460242681
9068,dummy-llama-30b-m,dummy-lora-7b-rank-16-4,556,13,500.02670201491935
9069,dummy-llama-30b-m,dummy-lora-7b-rank-64-4,570,40,500.0723975682508
9070,dummy-llama-30b-m,dummy-lora-7b-rank-16-1,562,25,500.1177920165606
9071,dummy-llama-30b-m,dummy-lora-7b-rank-32-2,599,17,500.12822358857903
9072,dummy-llama-30b-m,dummy-lora-7b-rank-8-2,255,48,500.14406867418325
9073,dummy-llama-30b-m,dummy-lora-7b-rank-32-3,567,14,500.1735638844002
9074,dummy-llama-30b-m,dummy-lora-7b-rank-16-0,592,42,500.1788005093754
9075,dummy-llama-30b-m,dummy-lora-7b-rank-64-1,197,124,500.3642641693965
9076,dummy-llama-30b-m,dummy-lora-7b-rank-128-0,552,11,500.42111055770283
9077,dummy-llama-30b-m,dummy-lora-7b-rank-128-1,277,61,500.5180071248198
9078,dummy-llama-30b-m,dummy-lora-7b-rank-64-4,735,59,500.5344134568045
9079,dummy-llama-30b-m,dummy-lora-7b-rank-16-2,277,54,500.6141583078112
9080,dummy-llama-30b-m,dummy-lora-7b-rank-16-4,964,199,500.6332799717621
9081,dummy-llama-30b-m,dummy-lora-7b-rank-64-4,626,22,500.7375434395183
9082,dummy-llama-30b-m,dummy-lora-7b-rank-64-4,576,9,500.7879357998571
9083,dummy-llama-30b-m,dummy-lora-7b-rank-64-0,1007,39,500.7980535121077
9084,dummy-llama-30b-m,dummy-lora-7b-rank-32-1,187,39,500.94518226713245
9085,dummy-llama-30b-m,dummy-lora-7b-rank-32-2,469,5,500.95912793924873
9086,dummy-llama-30b-m,dummy-lora-7b-rank-16-0,226,50,500.9983288076583
9087,dummy-llama-30b-m,dummy-lora-7b-rank-128-0,558,24,501.0586797532388
9088,dummy-llama-30b-m,dummy-lora-7b-rank-128-4,682,115,501.11183445062085
9089,dummy-llama-30b-m,dummy-lora-7b-rank-128-4,566,28,501.1658919795576
9090,dummy-llama-30b-m,dummy-lora-7b-rank-64-4,256,52,501.36264851710445
9091,dummy-llama-30b-m,dummy-lora-7b-rank-64-4,57,48,501.3691105455286
9092,dummy-llama-30b-m,dummy-lora-7b-rank-32-4,282,47,501.37929538547223
9093,dummy-llama-30b-m,dummy-lora-7b-rank-64-2,556,24,501.479226106181
9094,dummy-llama-30b-m,dummy-lora-7b-rank-32-3,187,47,501.4827450527523
9095,dummy-llama-30b-m,dummy-lora-7b-rank-8-3,580,56,501.4939203098795
9096,dummy-llama-30b-m,dummy-lora-7b-rank-8-4,555,8,501.5014715532118
9097,dummy-llama-30b-m,dummy-lora-7b-rank-128-3,262,48,501.53339172399546
9098,dummy-llama-30b-m,dummy-lora-7b-rank-64-2,174,131,501.53763807923235
9099,dummy-llama-30b-m,dummy-lora-7b-rank-64-3,581,65,501.7527653549081
9100,dummy-llama-30b-m,dummy-lora-7b-rank-128-4,242,143,501.8036838455397
9101,dummy-llama-30b-m,dummy-lora-7b-rank-32-2,560,21,501.92370708281015
9102,dummy-llama-30b-m,dummy-lora-7b-rank-16-1,548,14,502.03861694360603
9103,dummy-llama-30b-m,dummy-lora-7b-rank-128-3,214,36,502.0534679802083
9104,dummy-llama-30b-m,dummy-lora-7b-rank-64-3,410,145,502.06888360708695
9105,dummy-llama-30b-m,dummy-lora-7b-rank-64-3,335,96,502.1384501339474
9106,dummy-llama-30b-m,dummy-lora-7b-rank-64-2,795,77,502.1522166018757
9107,dummy-llama-30b-m,dummy-lora-7b-rank-32-1,230,59,502.337135344566
9108,dummy-llama-30b-m,dummy-lora-7b-rank-64-1,263,219,502.5444978758467
9109,dummy-llama-30b-m,dummy-lora-7b-rank-16-4,568,27,502.54832871563656
9110,dummy-llama-30b-m,dummy-lora-7b-rank-32-2,472,52,502.58248767647734
9111,dummy-llama-30b-m,dummy-lora-7b-rank-8-3,599,3,502.61270138233954
9112,dummy-llama-30b-m,dummy-lora-7b-rank-8-2,611,39,502.62642368498
9113,dummy-llama-30b-m,dummy-lora-7b-rank-8-4,197,14,502.63016929570796
9114,dummy-llama-30b-m,dummy-lora-7b-rank-16-2,566,28,502.6647720065747
9115,dummy-llama-30b-m,dummy-lora-7b-rank-8-0,554,20,502.8031106110054
9116,dummy-llama-30b-m,dummy-lora-7b-rank-64-2,597,21,502.8049181799995
9117,dummy-llama-30b-m,dummy-lora-7b-rank-128-1,745,33,502.84890005214896
9118,dummy-llama-30b-m,dummy-lora-7b-rank-32-3,548,17,502.86764178522634
9119,dummy-llama-30b-m,dummy-lora-7b-rank-64-2,560,15,502.93572291529233
9120,dummy-llama-30b-m,dummy-lora-7b-rank-64-4,202,129,502.9414081645652
9121,dummy-llama-30b-m,dummy-lora-7b-rank-64-1,234,68,502.94617330803777
9122,dummy-llama-30b-m,dummy-lora-7b-rank-64-0,563,68,502.95571759159265
9123,dummy-llama-30b-m,dummy-lora-7b-rank-32-3,268,57,503.0207580612045
9124,dummy-llama-30b-m,dummy-lora-7b-rank-32-3,168,53,503.07897873220514
9125,dummy-llama-30b-m,dummy-lora-7b-rank-32-3,546,98,503.227453519958
9126,dummy-llama-30b-m,dummy-lora-7b-rank-128-0,584,18,503.2453198127849
9127,dummy-llama-30b-m,dummy-lora-7b-rank-16-3,701,128,503.2897324235511
9128,dummy-llama-30b-m,dummy-lora-7b-rank-64-2,215,151,503.3096398891988
9129,dummy-llama-30b-m,dummy-lora-7b-rank-8-0,353,181,503.3928156056205
9130,dummy-llama-30b-m,dummy-lora-7b-rank-16-1,601,18,503.423182343035
9131,dummy-llama-30b-m,dummy-lora-7b-rank-32-4,552,11,503.42431051995317
9132,dummy-llama-30b-m,dummy-lora-7b-rank-32-1,294,63,503.4599140293981
9133,dummy-llama-30b-m,dummy-lora-7b-rank-64-2,603,33,503.56427219789884
9134,dummy-llama-30b-m,dummy-lora-7b-rank-8-1,230,91,503.6246228326828
9135,dummy-llama-30b-m,dummy-lora-7b-rank-8-2,409,217,503.7447200260608
9136,dummy-llama-30b-m,dummy-lora-7b-rank-64-3,629,11,503.7824855951094
9137,dummy-llama-30b-m,dummy-lora-7b-rank-64-3,609,7,503.8779437951154
9138,dummy-llama-30b-m,dummy-lora-7b-rank-16-0,546,70,503.9155129191426
9139,dummy-llama-30b-m,dummy-lora-7b-rank-8-3,273,44,503.94476115554784
9140,dummy-llama-30b-m,dummy-lora-7b-rank-64-3,352,44,503.96913154736865
9141,dummy-llama-30b-m,dummy-lora-7b-rank-8-4,119,39,503.9998128548405
9142,dummy-llama-30b-m,dummy-lora-7b-rank-32-3,518,49,504.0556783077392
9143,dummy-llama-30b-m,dummy-lora-7b-rank-64-3,705,21,504.104107016482
9144,dummy-llama-30b-m,dummy-lora-7b-rank-128-1,413,99,504.1603624338872
9145,dummy-llama-30b-m,dummy-lora-7b-rank-8-3,745,77,504.22445085136366
9146,dummy-llama-30b-m,dummy-lora-7b-rank-128-3,509,11,504.245051705945
9147,dummy-llama-30b-m,dummy-lora-7b-rank-16-4,548,17,504.2655885893408
9148,dummy-llama-30b-m,dummy-lora-7b-rank-16-2,916,10,504.33125233081387
9149,dummy-llama-30b-m,dummy-lora-7b-rank-8-3,346,15,504.38855031892683
9150,dummy-llama-30b-m,dummy-lora-7b-rank-8-0,767,35,504.444630929794
9151,dummy-llama-30b-m,dummy-lora-7b-rank-16-0,364,61,504.596244940893
9152,dummy-llama-30b-m,dummy-lora-7b-rank-16-1,554,21,504.7434467632269
9153,dummy-llama-30b-m,dummy-lora-7b-rank-32-0,195,45,504.8059604583454
9154,dummy-llama-30b-m,dummy-lora-7b-rank-16-1,540,38,504.86387136431847
9155,dummy-llama-30b-m,dummy-lora-7b-rank-8-1,564,30,505.0530979854807
9156,dummy-llama-30b-m,dummy-lora-7b-rank-64-2,592,22,505.06015795026286
9157,dummy-llama-30b-m,dummy-lora-7b-rank-8-3,245,42,505.07524191966456
9158,dummy-llama-30b-m,dummy-lora-7b-rank-64-0,235,53,505.0841501778619
9159,dummy-llama-30b-m,dummy-lora-7b-rank-8-4,848,119,505.0969450450793
9160,dummy-llama-30b-m,dummy-lora-7b-rank-32-1,366,49,505.12546560053073
9161,dummy-llama-30b-m,dummy-lora-7b-rank-128-0,550,18,505.1344370143706
9162,dummy-llama-30b-m,dummy-lora-7b-rank-128-3,580,36,505.14881110614914
9163,dummy-llama-30b-m,dummy-lora-7b-rank-64-0,704,95,505.20505025401667
9164,dummy-llama-30b-m,dummy-lora-7b-rank-16-4,287,9,505.20826997603086
9165,dummy-llama-30b-m,dummy-lora-7b-rank-16-4,550,20,505.36516651033975
9166,dummy-llama-30b-m,dummy-lora-7b-rank-128-2,556,21,505.41000493960115
9167,dummy-llama-30b-m,dummy-lora-7b-rank-16-1,554,20,505.50160979948294
9168,dummy-llama-30b-m,dummy-lora-7b-rank-16-2,413,11,505.5197437936313
9169,dummy-llama-30b-m,dummy-lora-7b-rank-32-0,611,79,505.56979784825756
9170,dummy-llama-30b-m,dummy-lora-7b-rank-8-4,592,22,505.5885290522215
9171,dummy-llama-30b-m,dummy-lora-7b-rank-8-2,788,9,505.6750013268328
9172,dummy-llama-30b-m,dummy-lora-7b-rank-16-1,633,83,505.6951743722151
9173,dummy-llama-30b-m,dummy-lora-7b-rank-8-0,598,20,505.7002994470583
9174,dummy-llama-30b-m,dummy-lora-7b-rank-128-4,570,28,505.76466252422887
9175,dummy-llama-30b-m,dummy-lora-7b-rank-128-0,990,57,505.7850904985371
9176,dummy-llama-30b-m,dummy-lora-7b-rank-128-1,561,87,505.84514997078406
9177,dummy-llama-30b-m,dummy-lora-7b-rank-128-1,516,37,506.0109140004044
9178,dummy-llama-30b-m,dummy-lora-7b-rank-64-3,764,48,506.02201560798716
9179,dummy-llama-30b-m,dummy-lora-7b-rank-64-1,405,12,506.1082616092405
9180,dummy-llama-30b-m,dummy-lora-7b-rank-8-0,744,61,506.1355348543315
9181,dummy-llama-30b-m,dummy-lora-7b-rank-128-4,619,37,506.19849874529535
9182,dummy-llama-30b-m,dummy-lora-7b-rank-32-1,996,15,506.30236886733525
9183,dummy-llama-30b-m,dummy-lora-7b-rank-128-3,605,20,506.3157180624853
9184,dummy-llama-30b-m,dummy-lora-7b-rank-32-4,550,10,506.331173367072
9185,dummy-llama-30b-m,dummy-lora-7b-rank-128-0,86,46,506.38973894697114
9186,dummy-llama-30b-m,dummy-lora-7b-rank-64-3,598,42,506.46353070871936
9187,dummy-llama-30b-m,dummy-lora-7b-rank-8-0,552,19,506.4930604852802
9188,dummy-llama-30b-m,dummy-lora-7b-rank-16-1,106,68,506.8310954468264
9189,dummy-llama-30b-m,dummy-lora-7b-rank-16-3,313,57,506.8758460725541
9190,dummy-llama-30b-m,dummy-lora-7b-rank-64-2,420,68,506.9184532432328
9191,dummy-llama-30b-m,dummy-lora-7b-rank-32-4,548,17,506.9475144857155
9192,dummy-llama-30b-m,dummy-lora-7b-rank-64-4,56,52,506.969741157561
9193,dummy-llama-30b-m,dummy-lora-7b-rank-128-1,56,39,507.02539683502715
9194,dummy-llama-30b-m,dummy-lora-7b-rank-8-0,532,8,507.059853870339
9195,dummy-llama-30b-m,dummy-lora-7b-rank-16-0,423,151,507.12697043732925
9196,dummy-llama-30b-m,dummy-lora-7b-rank-8-2,643,46,507.1765251416696
9197,dummy-llama-30b-m,dummy-lora-7b-rank-8-3,535,107,507.31239419539156
9198,dummy-llama-30b-m,dummy-lora-7b-rank-16-1,200,3,507.3571670624217
9199,dummy-llama-30b-m,dummy-lora-7b-rank-8-3,821,94,507.404505325666
9200,dummy-llama-30b-m,dummy-lora-7b-rank-16-1,554,20,507.4666951829082
9201,dummy-llama-30b-m,dummy-lora-7b-rank-64-2,469,53,507.7515898434969
9202,dummy-llama-30b-m,dummy-lora-7b-rank-128-0,158,57,507.7849899729454
9203,dummy-llama-30b-m,dummy-lora-7b-rank-8-0,179,6,507.79267581759166
9204,dummy-llama-30b-m,dummy-lora-7b-rank-128-2,348,45,507.81238944126505
9205,dummy-llama-30b-m,dummy-lora-7b-rank-128-1,307,173,507.8453292010868
9206,dummy-llama-30b-m,dummy-lora-7b-rank-64-3,316,11,507.85177821159516
9207,dummy-llama-30b-m,dummy-lora-7b-rank-128-0,691,45,507.8770371177053
9208,dummy-llama-30b-m,dummy-lora-7b-rank-128-3,619,37,507.9181552190672
9209,dummy-llama-30b-m,dummy-lora-7b-rank-16-2,223,205,507.9813989525276
9210,dummy-llama-30b-m,dummy-lora-7b-rank-64-0,601,13,507.9924946956634
9211,dummy-llama-30b-m,dummy-lora-7b-rank-128-0,572,28,507.9978412135684
9212,dummy-llama-30b-m,dummy-lora-7b-rank-128-3,574,30,508.0870764758888
9213,dummy-llama-30b-m,dummy-lora-7b-rank-8-0,205,55,508.1111950971076
9214,dummy-llama-30b-m,dummy-lora-7b-rank-64-0,342,126,508.2919118849497
9215,dummy-llama-30b-m,dummy-lora-7b-rank-64-4,615,88,508.294782220836
9216,dummy-llama-30b-m,dummy-lora-7b-rank-8-2,60,64,508.31009820976885
9217,dummy-llama-30b-m,dummy-lora-7b-rank-8-0,560,22,508.32098274008587
9218,dummy-llama-30b-m,dummy-lora-7b-rank-16-3,50,39,508.3656867951818
9219,dummy-llama-30b-m,dummy-lora-7b-rank-8-2,560,63,508.3660584491293
9220,dummy-llama-30b-m,dummy-lora-7b-rank-16-1,356,171,508.38443779844886
9221,dummy-llama-30b-m,dummy-lora-7b-rank-32-1,583,206,508.5620013527696
9222,dummy-llama-30b-m,dummy-lora-7b-rank-32-3,554,20,508.57180848237886
9223,dummy-llama-30b-m,dummy-lora-7b-rank-8-0,821,36,508.69438661646177
9224,dummy-llama-30b-m,dummy-lora-7b-rank-64-2,552,21,508.7121942114575
9225,dummy-llama-30b-m,dummy-lora-7b-rank-32-2,462,45,508.72634145267114
9226,dummy-llama-30b-m,dummy-lora-7b-rank-128-2,392,17,508.7725447096397
9227,dummy-llama-30b-m,dummy-lora-7b-rank-64-1,726,187,508.87814780271947
9228,dummy-llama-30b-m,dummy-lora-7b-rank-64-3,188,52,508.9460170051478
9229,dummy-llama-30b-m,dummy-lora-7b-rank-128-1,558,23,508.97381287119134
9230,dummy-llama-30b-m,dummy-lora-7b-rank-32-4,634,37,509.057901605694
9231,dummy-llama-30b-m,dummy-lora-7b-rank-128-2,586,19,509.0687252421333
9232,dummy-llama-30b-m,dummy-lora-7b-rank-16-3,550,18,509.1610762078917
9233,dummy-llama-30b-m,dummy-lora-7b-rank-8-2,796,10,509.2152307591133
9234,dummy-llama-30b-m,dummy-lora-7b-rank-128-1,578,35,509.22664459813296
9235,dummy-llama-30b-m,dummy-lora-7b-rank-128-2,603,19,509.239838943609
9236,dummy-llama-30b-m,dummy-lora-7b-rank-64-2,876,3,509.28911793771096
9237,dummy-llama-30b-m,dummy-lora-7b-rank-128-3,855,11,509.4678924109181
9238,dummy-llama-30b-m,dummy-lora-7b-rank-32-0,605,15,509.4979037913487
9239,dummy-llama-30b-m,dummy-lora-7b-rank-8-4,514,55,509.5963162981274
9240,dummy-llama-30b-m,dummy-lora-7b-rank-32-4,308,40,509.60412832648865
9241,dummy-llama-30b-m,dummy-lora-7b-rank-8-2,607,16,509.62065084092256
9242,dummy-llama-30b-m,dummy-lora-7b-rank-64-2,562,21,509.67004714630775
9243,dummy-llama-30b-m,dummy-lora-7b-rank-64-1,574,31,509.7284013413891
9244,dummy-llama-30b-m,dummy-lora-7b-rank-16-2,925,3,509.73944779179504
9245,dummy-llama-30b-m,dummy-lora-7b-rank-128-3,608,204,509.7568552167663
9246,dummy-llama-30b-m,dummy-lora-7b-rank-8-2,206,47,509.75844408874343
9247,dummy-llama-30b-m,dummy-lora-7b-rank-32-1,593,36,509.77364182720567
9248,dummy-llama-30b-m,dummy-lora-7b-rank-8-1,268,11,509.7780872856741
9249,dummy-llama-30b-m,dummy-lora-7b-rank-8-1,413,48,509.8536449491574
9250,dummy-llama-30b-m,dummy-lora-7b-rank-64-0,564,20,509.91665438437656
9251,dummy-llama-30b-m,dummy-lora-7b-rank-128-3,190,50,509.9698062833673
9252,dummy-llama-30b-m,dummy-lora-7b-rank-128-2,351,77,509.97999984088796
9253,dummy-llama-30b-m,dummy-lora-7b-rank-16-3,590,20,509.98495749497425
9254,dummy-llama-30b-m,dummy-lora-7b-rank-32-2,563,51,510.03535614797323
9255,dummy-llama-30b-m,dummy-lora-7b-rank-128-4,560,26,510.2574115554491
9256,dummy-llama-30b-m,dummy-lora-7b-rank-16-2,552,49,510.504483095403
9257,dummy-llama-30b-m,dummy-lora-7b-rank-16-3,558,22,510.5293132833724
9258,dummy-llama-30b-m,dummy-lora-7b-rank-8-1,404,63,510.59433744780637
9259,dummy-llama-30b-m,dummy-lora-7b-rank-32-3,556,46,510.78842633066523
9260,dummy-llama-30b-m,dummy-lora-7b-rank-64-2,215,6,510.8419796426262
9261,dummy-llama-30b-m,dummy-lora-7b-rank-64-3,359,11,511.0902949256063
9262,dummy-llama-30b-m,dummy-lora-7b-rank-32-1,609,21,511.12925901807904
9263,dummy-llama-30b-m,dummy-lora-7b-rank-8-3,403,51,511.2110440852812
9264,dummy-llama-30b-m,dummy-lora-7b-rank-32-1,401,161,511.2684646504186
9265,dummy-llama-30b-m,dummy-lora-7b-rank-64-0,738,7,511.3433999596753
9266,dummy-llama-30b-m,dummy-lora-7b-rank-32-0,76,100,511.347412974137
9267,dummy-llama-30b-m,dummy-lora-7b-rank-128-2,599,16,511.4028850230262
9268,dummy-llama-30b-m,dummy-lora-7b-rank-8-4,558,19,511.4469325237667
9269,dummy-llama-30b-m,dummy-lora-7b-rank-128-1,935,3,511.46489253430195
9270,dummy-llama-30b-m,dummy-lora-7b-rank-32-2,411,67,511.5329884243886
9271,dummy-llama-30b-m,dummy-lora-7b-rank-32-3,584,18,511.5515377487881
9272,dummy-llama-30b-m,dummy-lora-7b-rank-128-0,905,12,511.56720361368485
9273,dummy-llama-30b-m,dummy-lora-7b-rank-16-0,200,4,511.5814188959496
9274,dummy-llama-30b-m,dummy-lora-7b-rank-8-1,493,5,511.6522531145873
9275,dummy-llama-30b-m,dummy-lora-7b-rank-32-3,560,21,511.8656716120869
9276,dummy-llama-30b-m,dummy-lora-7b-rank-64-2,998,56,511.8770226436003
9277,dummy-llama-30b-m,dummy-lora-7b-rank-128-0,309,65,511.9576479113225
9278,dummy-llama-30b-m,dummy-lora-7b-rank-16-4,615,137,511.9895365654998
9279,dummy-llama-30b-m,dummy-lora-7b-rank-32-0,603,20,512.0184465151908
9280,dummy-llama-30b-m,dummy-lora-7b-rank-16-1,531,34,512.0530559544386
9281,dummy-llama-30b-m,dummy-lora-7b-rank-32-2,885,15,512.2393729418021
9282,dummy-llama-30b-m,dummy-lora-7b-rank-32-3,554,22,512.3706991138808
9283,dummy-llama-30b-m,dummy-lora-7b-rank-32-2,648,8,512.5336793990014
9284,dummy-llama-30b-m,dummy-lora-7b-rank-16-3,564,17,512.5950239445427
9285,dummy-llama-30b-m,dummy-lora-7b-rank-8-0,735,9,512.5951395787156
9286,dummy-llama-30b-m,dummy-lora-7b-rank-16-1,414,25,512.6412671887117
9287,dummy-llama-30b-m,dummy-lora-7b-rank-64-0,399,45,512.7794171225557
9288,dummy-llama-30b-m,dummy-lora-7b-rank-64-1,223,138,512.8176591939776
9289,dummy-llama-30b-m,dummy-lora-7b-rank-32-0,430,56,512.8703696743868
9290,dummy-llama-30b-m,dummy-lora-7b-rank-32-0,729,75,512.8911845490957
9291,dummy-llama-30b-m,dummy-lora-7b-rank-32-1,318,74,512.8986387170672
9292,dummy-llama-30b-m,dummy-lora-7b-rank-8-4,598,25,512.9997343179141
9293,dummy-llama-30b-m,dummy-lora-7b-rank-128-0,562,24,513.1055659535626
9294,dummy-llama-30b-m,dummy-lora-7b-rank-16-2,229,52,513.1176718766292
9295,dummy-llama-30b-m,dummy-lora-7b-rank-128-3,693,82,513.2420898819203
9296,dummy-llama-30b-m,dummy-lora-7b-rank-128-4,622,54,513.2423994703627
9297,dummy-llama-30b-m,dummy-lora-7b-rank-16-2,959,138,513.2743358411122
9298,dummy-llama-30b-m,dummy-lora-7b-rank-16-1,876,39,513.2776317593281
9299,dummy-llama-30b-m,dummy-lora-7b-rank-64-2,295,202,513.2911027259964
9300,dummy-llama-30b-m,dummy-lora-7b-rank-128-1,516,56,513.3617751080113
9301,dummy-llama-30b-m,dummy-lora-7b-rank-8-2,621,46,513.4713423094764
9302,dummy-llama-30b-m,dummy-lora-7b-rank-32-1,379,163,513.5712562767737
9303,dummy-llama-30b-m,dummy-lora-7b-rank-16-2,725,65,513.5912851890563
9304,dummy-llama-30b-m,dummy-lora-7b-rank-64-0,409,59,513.657826892189
9305,dummy-llama-30b-m,dummy-lora-7b-rank-8-1,661,64,513.7173154937643
9306,dummy-llama-30b-m,dummy-lora-7b-rank-16-1,256,174,513.7217531847474
9307,dummy-llama-30b-m,dummy-lora-7b-rank-32-3,556,13,513.8168571738737
9308,dummy-llama-30b-m,dummy-lora-7b-rank-64-1,608,19,513.9534506322848
9309,dummy-llama-30b-m,dummy-lora-7b-rank-32-2,412,66,514.0386132832327
9310,dummy-llama-30b-m,dummy-lora-7b-rank-32-3,227,44,514.2148635018526
9311,dummy-llama-30b-m,dummy-lora-7b-rank-64-0,141,35,514.2358050918069
9312,dummy-llama-30b-m,dummy-lora-7b-rank-128-2,348,47,514.3447004671993
9313,dummy-llama-30b-m,dummy-lora-7b-rank-64-1,208,41,514.3470223544639
9314,dummy-llama-30b-m,dummy-lora-7b-rank-32-4,290,108,514.3913907126012
9315,dummy-llama-30b-m,dummy-lora-7b-rank-16-4,221,176,514.407721566905
9316,dummy-llama-30b-m,dummy-lora-7b-rank-32-4,611,11,514.4100984708963
9317,dummy-llama-30b-m,dummy-lora-7b-rank-64-4,558,22,514.4244259602882
9318,dummy-llama-30b-m,dummy-lora-7b-rank-8-1,477,11,514.4581573119464
9319,dummy-llama-30b-m,dummy-lora-7b-rank-8-2,580,34,514.4693550719625
9320,dummy-llama-30b-m,dummy-lora-7b-rank-16-2,201,105,514.5598819758027
9321,dummy-llama-30b-m,dummy-lora-7b-rank-16-4,404,44,514.5637510908462
9322,dummy-llama-30b-m,dummy-lora-7b-rank-64-2,286,54,514.5825892623961
9323,dummy-llama-30b-m,dummy-lora-7b-rank-64-2,554,21,514.6205256876667
9324,dummy-llama-30b-m,dummy-lora-7b-rank-8-1,444,57,514.7161024230545
9325,dummy-llama-30b-m,dummy-lora-7b-rank-8-2,326,47,514.8148240794957
9326,dummy-llama-30b-m,dummy-lora-7b-rank-64-3,582,14,514.8254394098043
9327,dummy-llama-30b-m,dummy-lora-7b-rank-32-3,751,20,514.8496697244587
9328,dummy-llama-30b-m,dummy-lora-7b-rank-32-1,783,116,514.9146138510334
9329,dummy-llama-30b-m,dummy-lora-7b-rank-32-4,522,5,514.9869476201044
9330,dummy-llama-30b-m,dummy-lora-7b-rank-32-2,579,11,515.0879159200401
9331,dummy-llama-30b-m,dummy-lora-7b-rank-128-0,126,19,515.1375926966771
9332,dummy-llama-30b-m,dummy-lora-7b-rank-16-1,114,47,515.2753734188269
9333,dummy-llama-30b-m,dummy-lora-7b-rank-8-0,558,22,515.30952727571
9334,dummy-llama-30b-m,dummy-lora-7b-rank-128-0,779,3,515.3668138980321
9335,dummy-llama-30b-m,dummy-lora-7b-rank-32-3,798,5,515.4365890249043
9336,dummy-llama-30b-m,dummy-lora-7b-rank-8-2,548,9,515.4494419578774
9337,dummy-llama-30b-m,dummy-lora-7b-rank-32-1,558,20,515.5699707156339
9338,dummy-llama-30b-m,dummy-lora-7b-rank-32-4,122,61,515.5866603783218
9339,dummy-llama-30b-m,dummy-lora-7b-rank-32-3,149,45,515.6323911985193
9340,dummy-llama-30b-m,dummy-lora-7b-rank-8-3,650,16,515.6625532058137
9341,dummy-llama-30b-m,dummy-lora-7b-rank-16-3,477,49,515.76182489923
9342,dummy-llama-30b-m,dummy-lora-7b-rank-16-0,98,48,515.8270277048169
9343,dummy-llama-30b-m,dummy-lora-7b-rank-8-2,564,25,515.8279883530067
9344,dummy-llama-30b-m,dummy-lora-7b-rank-128-0,568,19,515.8453822535573
9345,dummy-llama-30b-m,dummy-lora-7b-rank-64-2,434,11,515.8466772693231
9346,dummy-llama-30b-m,dummy-lora-7b-rank-128-1,954,11,515.8703708923572
9347,dummy-llama-30b-m,dummy-lora-7b-rank-32-2,469,112,515.8813020130686
9348,dummy-llama-30b-m,dummy-lora-7b-rank-64-3,213,6,515.9869688696147
9349,dummy-llama-30b-m,dummy-lora-7b-rank-128-2,325,136,515.9992508969987
9350,dummy-llama-30b-m,dummy-lora-7b-rank-16-2,285,131,516.0082402187404
9351,dummy-llama-30b-m,dummy-lora-7b-rank-8-2,694,49,516.0223041361334
9352,dummy-llama-30b-m,dummy-lora-7b-rank-64-0,592,22,516.1123888877569
9353,dummy-llama-30b-m,dummy-lora-7b-rank-128-3,454,45,516.1246094210048
9354,dummy-llama-30b-m,dummy-lora-7b-rank-64-1,749,96,516.1685588746477
9355,dummy-llama-30b-m,dummy-lora-7b-rank-64-3,562,22,516.2281893342451
9356,dummy-llama-30b-m,dummy-lora-7b-rank-128-3,548,17,516.2468225709551
9357,dummy-llama-30b-m,dummy-lora-7b-rank-32-0,586,38,516.3668591166247
9358,dummy-llama-30b-m,dummy-lora-7b-rank-32-0,200,6,516.4284662162512
9359,dummy-llama-30b-m,dummy-lora-7b-rank-128-1,552,11,516.4806130481472
9360,dummy-llama-30b-m,dummy-lora-7b-rank-128-0,115,73,516.5070201750211
9361,dummy-llama-30b-m,dummy-lora-7b-rank-64-2,352,11,516.8368865165934
9362,dummy-llama-30b-m,dummy-lora-7b-rank-16-4,407,64,516.8646303238356
9363,dummy-llama-30b-m,dummy-lora-7b-rank-128-0,508,51,516.9020080211219
9364,dummy-llama-30b-m,dummy-lora-7b-rank-64-2,464,41,516.9110183067362
9365,dummy-llama-30b-m,dummy-lora-7b-rank-64-1,252,159,517.0028359173803
9366,dummy-llama-30b-m,dummy-lora-7b-rank-128-4,644,6,517.022717963154
9367,dummy-llama-30b-m,dummy-lora-7b-rank-16-4,6,20,517.0250945700443
9368,dummy-llama-30b-m,dummy-lora-7b-rank-128-4,316,54,517.1046585531807
9369,dummy-llama-30b-m,dummy-lora-7b-rank-64-1,472,83,517.329150982335
9370,dummy-llama-30b-m,dummy-lora-7b-rank-128-2,686,37,517.4232494927442
9371,dummy-llama-30b-m,dummy-lora-7b-rank-128-4,266,143,517.4443178938654
9372,dummy-llama-30b-m,dummy-lora-7b-rank-128-2,983,87,517.4861684389758
9373,dummy-llama-30b-m,dummy-lora-7b-rank-32-1,317,41,517.5089405509929
9374,dummy-llama-30b-m,dummy-lora-7b-rank-32-2,560,15,517.5148102813365
9375,dummy-llama-30b-m,dummy-lora-7b-rank-32-1,231,52,517.5702176828977
9376,dummy-llama-30b-m,dummy-lora-7b-rank-8-3,350,8,517.6201728809755
9377,dummy-llama-30b-m,dummy-lora-7b-rank-32-3,373,53,517.6831764669706
9378,dummy-llama-30b-m,dummy-lora-7b-rank-64-1,441,10,517.7850566114647
9379,dummy-llama-30b-m,dummy-lora-7b-rank-8-2,56,60,517.7936055915808
9380,dummy-llama-30b-m,dummy-lora-7b-rank-32-2,558,25,517.796176076253
9381,dummy-llama-30b-m,dummy-lora-7b-rank-32-0,619,18,517.8143541059967
9382,dummy-llama-30b-m,dummy-lora-7b-rank-128-2,433,34,517.8512071171903
9383,dummy-llama-30b-m,dummy-lora-7b-rank-16-4,621,28,517.9848157551738
9384,dummy-llama-30b-m,dummy-lora-7b-rank-8-3,255,31,518.014147650268
9385,dummy-llama-30b-m,dummy-lora-7b-rank-64-1,538,34,518.0687174439956
9386,dummy-llama-30b-m,dummy-lora-7b-rank-64-3,243,62,518.6201219520758
9387,dummy-llama-30b-m,dummy-lora-7b-rank-64-2,419,47,518.6805851851472
9388,dummy-llama-30b-m,dummy-lora-7b-rank-16-2,987,84,518.6823501450914
9389,dummy-llama-30b-m,dummy-lora-7b-rank-64-0,485,46,518.7073817272851
9390,dummy-llama-30b-m,dummy-lora-7b-rank-16-3,552,19,518.728459947221
9391,dummy-llama-30b-m,dummy-lora-7b-rank-128-4,654,10,518.8427858053574
9392,dummy-llama-30b-m,dummy-lora-7b-rank-32-4,687,10,518.931140870315
9393,dummy-llama-30b-m,dummy-lora-7b-rank-16-4,216,47,519.049485206829
9394,dummy-llama-30b-m,dummy-lora-7b-rank-32-1,710,20,519.0706823004175
9395,dummy-llama-30b-m,dummy-lora-7b-rank-8-0,603,3,519.0812896627712
9396,dummy-llama-30b-m,dummy-lora-7b-rank-8-2,883,48,519.0943328041577
9397,dummy-llama-30b-m,dummy-lora-7b-rank-16-4,682,81,519.1400197738902
9398,dummy-llama-30b-m,dummy-lora-7b-rank-32-4,556,106,519.1655996833
9399,dummy-llama-30b-m,dummy-lora-7b-rank-128-4,649,17,519.1895732729199
9400,dummy-llama-30b-m,dummy-lora-7b-rank-16-3,606,9,519.2229763445021
9401,dummy-llama-30b-m,dummy-lora-7b-rank-8-0,379,76,519.2240417350331
9402,dummy-llama-30b-m,dummy-lora-7b-rank-16-1,593,93,519.289124462934
9403,dummy-llama-30b-m,dummy-lora-7b-rank-64-0,151,55,519.3852256241505
9404,dummy-llama-30b-m,dummy-lora-7b-rank-64-1,212,3,519.4315904264781
9405,dummy-llama-30b-m,dummy-lora-7b-rank-16-2,519,10,519.4328035527451
9406,dummy-llama-30b-m,dummy-lora-7b-rank-64-0,171,41,519.4359593486649
9407,dummy-llama-30b-m,dummy-lora-7b-rank-32-0,342,49,519.4434694365517
9408,dummy-llama-30b-m,dummy-lora-7b-rank-16-3,56,60,519.5312532432127
9409,dummy-llama-30b-m,dummy-lora-7b-rank-128-2,512,44,519.5630440750137
9410,dummy-llama-30b-m,dummy-lora-7b-rank-8-1,558,22,519.5865691944479
9411,dummy-llama-30b-m,dummy-lora-7b-rank-8-4,292,38,519.615184873527
9412,dummy-llama-30b-m,dummy-lora-7b-rank-128-3,409,11,519.714270930425
9413,dummy-llama-30b-m,dummy-lora-7b-rank-8-4,302,45,519.8238362295483
9414,dummy-llama-30b-m,dummy-lora-7b-rank-64-3,878,3,519.8471719869679
9415,dummy-llama-30b-m,dummy-lora-7b-rank-64-1,597,16,519.8514531457357
9416,dummy-llama-30b-m,dummy-lora-7b-rank-32-0,270,108,519.8543573377843
9417,dummy-llama-30b-m,dummy-lora-7b-rank-128-2,495,69,520.0364406057539
9418,dummy-llama-30b-m,dummy-lora-7b-rank-64-2,557,50,520.2222214764137
9419,dummy-llama-30b-m,dummy-lora-7b-rank-8-0,346,7,520.2446354165123
9420,dummy-llama-30b-m,dummy-lora-7b-rank-16-1,723,56,520.2644507648365
9421,dummy-llama-30b-m,dummy-lora-7b-rank-8-4,385,51,520.4328405904578
9422,dummy-llama-30b-m,dummy-lora-7b-rank-64-2,548,17,520.4656954941734
9423,dummy-llama-30b-m,dummy-lora-7b-rank-128-2,591,18,520.5091287377414
9424,dummy-llama-30b-m,dummy-lora-7b-rank-32-2,741,41,520.528199091837
9425,dummy-llama-30b-m,dummy-lora-7b-rank-8-4,502,12,520.5515426472417
9426,dummy-llama-30b-m,dummy-lora-7b-rank-64-3,615,26,520.5647561338413
9427,dummy-llama-30b-m,dummy-lora-7b-rank-8-0,534,64,520.6058987575508
9428,dummy-llama-30b-m,dummy-lora-7b-rank-8-1,89,37,520.7219543878812
9429,dummy-llama-30b-m,dummy-lora-7b-rank-8-1,741,53,520.8728031706048
9430,dummy-llama-30b-m,dummy-lora-7b-rank-8-1,372,49,520.9583283147288
9431,dummy-llama-30b-m,dummy-lora-7b-rank-16-4,204,6,520.9606484454205
9432,dummy-llama-30b-m,dummy-lora-7b-rank-32-2,556,21,520.9998362743368
9433,dummy-llama-30b-m,dummy-lora-7b-rank-8-1,332,50,521.0431060032668
9434,dummy-llama-30b-m,dummy-lora-7b-rank-16-4,607,30,521.0526461587675
9435,dummy-llama-30b-m,dummy-lora-7b-rank-32-4,467,60,521.273649239806
9436,dummy-llama-30b-m,dummy-lora-7b-rank-32-3,562,24,521.3052496582844
9437,dummy-llama-30b-m,dummy-lora-7b-rank-16-3,566,27,521.3070847488813
9438,dummy-llama-30b-m,dummy-lora-7b-rank-32-4,591,15,521.340624159735
9439,dummy-llama-30b-m,dummy-lora-7b-rank-128-0,470,85,521.3664562561186
9440,dummy-llama-30b-m,dummy-lora-7b-rank-128-1,230,72,521.4063456213242
9441,dummy-llama-30b-m,dummy-lora-7b-rank-16-0,819,47,521.4705328841417
9442,dummy-llama-30b-m,dummy-lora-7b-rank-64-0,139,48,521.4758284752966
9443,dummy-llama-30b-m,dummy-lora-7b-rank-16-2,315,65,521.501958788387
9444,dummy-llama-30b-m,dummy-lora-7b-rank-8-2,728,43,521.6041914566197
9445,dummy-llama-30b-m,dummy-lora-7b-rank-16-0,862,97,521.7050391586056
9446,dummy-llama-30b-m,dummy-lora-7b-rank-64-4,622,53,521.7223427369175
9447,dummy-llama-30b-m,dummy-lora-7b-rank-8-1,249,70,521.8125055447734
9448,dummy-llama-30b-m,dummy-lora-7b-rank-64-0,560,15,521.8353563918813
9449,dummy-llama-30b-m,dummy-lora-7b-rank-8-4,570,25,521.876126238092
9450,dummy-llama-30b-m,dummy-lora-7b-rank-32-1,576,32,521.8765376482226
9451,dummy-llama-30b-m,dummy-lora-7b-rank-32-4,352,43,521.8924297629086
9452,dummy-llama-30b-m,dummy-lora-7b-rank-64-1,609,70,521.929889192245
9453,dummy-llama-30b-m,dummy-lora-7b-rank-16-3,288,215,522.0016236308537
9454,dummy-llama-30b-m,dummy-lora-7b-rank-8-3,533,61,522.0673474499181
9455,dummy-llama-30b-m,dummy-lora-7b-rank-16-2,564,24,522.0760845652972
9456,dummy-llama-30b-m,dummy-lora-7b-rank-64-0,334,46,522.1454294987932
9457,dummy-llama-30b-m,dummy-lora-7b-rank-128-2,550,18,522.200548617639
9458,dummy-llama-30b-m,dummy-lora-7b-rank-64-2,830,33,522.2085251213605
9459,dummy-llama-30b-m,dummy-lora-7b-rank-128-1,432,43,522.3277285873891
9460,dummy-llama-30b-m,dummy-lora-7b-rank-8-4,509,7,522.3465638991355
9461,dummy-llama-30b-m,dummy-lora-7b-rank-64-2,330,57,522.3477571826882
9462,dummy-llama-30b-m,dummy-lora-7b-rank-128-3,224,153,522.4050715015379
9463,dummy-llama-30b-m,dummy-lora-7b-rank-8-3,333,57,522.556650934423
9464,dummy-llama-30b-m,dummy-lora-7b-rank-16-0,438,114,522.6181588376877
9465,dummy-llama-30b-m,dummy-lora-7b-rank-128-2,289,51,522.6262793723558
9466,dummy-llama-30b-m,dummy-lora-7b-rank-64-0,818,51,522.6428388875229
9467,dummy-llama-30b-m,dummy-lora-7b-rank-32-1,822,78,522.6581596565943
9468,dummy-llama-30b-m,dummy-lora-7b-rank-32-0,548,9,522.6952716457465
9469,dummy-llama-30b-m,dummy-lora-7b-rank-128-2,548,17,522.7070000483274
9470,dummy-llama-30b-m,dummy-lora-7b-rank-8-2,231,45,522.732548997553
9471,dummy-llama-30b-m,dummy-lora-7b-rank-128-4,619,27,522.7384747028148
9472,dummy-llama-30b-m,dummy-lora-7b-rank-128-3,933,37,522.7980118780343
9473,dummy-llama-30b-m,dummy-lora-7b-rank-32-0,607,19,522.8490969312164
9474,dummy-llama-30b-m,dummy-lora-7b-rank-8-0,333,47,522.8603159027136
9475,dummy-llama-30b-m,dummy-lora-7b-rank-128-2,652,56,522.8935890527329
9476,dummy-llama-30b-m,dummy-lora-7b-rank-32-0,574,29,522.9003227656922
9477,dummy-llama-30b-m,dummy-lora-7b-rank-8-1,564,21,522.9040028841664
9478,dummy-llama-30b-m,dummy-lora-7b-rank-128-0,537,86,522.9478238440537
9479,dummy-llama-30b-m,dummy-lora-7b-rank-8-1,456,41,522.9793533328474
9480,dummy-llama-30b-m,dummy-lora-7b-rank-8-3,573,48,522.9887498576787
9481,dummy-llama-30b-m,dummy-lora-7b-rank-64-0,629,9,522.9911685410116
9482,dummy-llama-30b-m,dummy-lora-7b-rank-64-1,405,10,523.058915315131
9483,dummy-llama-30b-m,dummy-lora-7b-rank-128-2,601,18,523.0694191112976
9484,dummy-llama-30b-m,dummy-lora-7b-rank-8-3,361,50,523.0756105893324
9485,dummy-llama-30b-m,dummy-lora-7b-rank-64-0,733,37,523.1785633947113
9486,dummy-llama-30b-m,dummy-lora-7b-rank-128-4,291,52,523.2503481669713
9487,dummy-llama-30b-m,dummy-lora-7b-rank-32-0,199,42,523.2950844948583
9488,dummy-llama-30b-m,dummy-lora-7b-rank-16-4,393,8,523.3185067959663
9489,dummy-llama-30b-m,dummy-lora-7b-rank-128-1,503,8,523.4104775802433
9490,dummy-llama-30b-m,dummy-lora-7b-rank-8-0,449,240,523.4128887588254
9491,dummy-llama-30b-m,dummy-lora-7b-rank-32-3,214,146,523.4268407103008
9492,dummy-llama-30b-m,dummy-lora-7b-rank-128-3,560,24,523.4481544404032
9493,dummy-llama-30b-m,dummy-lora-7b-rank-128-4,562,24,523.5799020341932
9494,dummy-llama-30b-m,dummy-lora-7b-rank-64-2,678,55,523.6603704940403
9495,dummy-llama-30b-m,dummy-lora-7b-rank-16-3,213,51,523.7744138004332
9496,dummy-llama-30b-m,dummy-lora-7b-rank-32-4,403,179,523.8134257917891
9497,dummy-llama-30b-m,dummy-lora-7b-rank-128-0,178,124,524.0182841341018
9498,dummy-llama-30b-m,dummy-lora-7b-rank-128-1,552,11,524.022903452232
9499,dummy-llama-30b-m,dummy-lora-7b-rank-64-3,546,16,524.1346224964394
9500,dummy-llama-30b-m,dummy-lora-7b-rank-32-3,556,21,524.1404059466579
9501,dummy-llama-30b-m,dummy-lora-7b-rank-8-3,277,19,524.2478160174788
9502,dummy-llama-30b-m,dummy-lora-7b-rank-64-3,706,44,524.2543742842687
9503,dummy-llama-30b-m,dummy-lora-7b-rank-16-1,564,27,524.3148571463846
9504,dummy-llama-30b-m,dummy-lora-7b-rank-8-0,511,82,524.3420521956497
9505,dummy-llama-30b-m,dummy-lora-7b-rank-16-1,562,26,524.4053166379289
9506,dummy-llama-30b-m,dummy-lora-7b-rank-128-1,456,54,524.4103728541869
9507,dummy-llama-30b-m,dummy-lora-7b-rank-16-4,274,50,524.4803213216882
9508,dummy-llama-30b-m,dummy-lora-7b-rank-8-4,97,48,524.4833614230589
9509,dummy-llama-30b-m,dummy-lora-7b-rank-32-0,560,23,524.6660564368216
9510,dummy-llama-30b-m,dummy-lora-7b-rank-32-4,292,52,524.6980177192511
9511,dummy-llama-30b-m,dummy-lora-7b-rank-64-1,509,43,524.7116190845701
9512,dummy-llama-30b-m,dummy-lora-7b-rank-64-2,469,10,524.7303920746687
9513,dummy-llama-30b-m,dummy-lora-7b-rank-32-3,558,22,524.7340185841443
9514,dummy-llama-30b-m,dummy-lora-7b-rank-64-1,550,10,524.9522913375673
9515,dummy-llama-30b-m,dummy-lora-7b-rank-128-2,165,54,524.9806063001068
9516,dummy-llama-30b-m,dummy-lora-7b-rank-32-2,428,9,524.98758385423
9517,dummy-llama-30b-m,dummy-lora-7b-rank-64-0,613,24,525.0856794484675
9518,dummy-llama-30b-m,dummy-lora-7b-rank-8-1,645,79,525.0927396645637
9519,dummy-llama-30b-m,dummy-lora-7b-rank-32-2,516,5,525.0998968723319
9520,dummy-llama-30b-m,dummy-lora-7b-rank-64-4,316,12,525.1206580804742
9521,dummy-llama-30b-m,dummy-lora-7b-rank-64-2,372,11,525.1735129234276
9522,dummy-llama-30b-m,dummy-lora-7b-rank-128-4,600,22,525.1760180320953
9523,dummy-llama-30b-m,dummy-lora-7b-rank-16-1,412,124,525.1840879218713
9524,dummy-llama-30b-m,dummy-lora-7b-rank-16-2,310,48,525.2210992727805
9525,dummy-llama-30b-m,dummy-lora-7b-rank-128-1,406,9,525.2826781849451
9526,dummy-llama-30b-m,dummy-lora-7b-rank-32-2,373,10,525.2875203950434
9527,dummy-llama-30b-m,dummy-lora-7b-rank-64-2,603,30,525.3517580544195
9528,dummy-llama-30b-m,dummy-lora-7b-rank-16-0,550,10,525.5125567709644
9529,dummy-llama-30b-m,dummy-lora-7b-rank-8-3,611,18,525.5925863125109
9530,dummy-llama-30b-m,dummy-lora-7b-rank-32-2,58,93,525.5928592803601
9531,dummy-llama-30b-m,dummy-lora-7b-rank-16-3,148,48,525.6079069178918
9532,dummy-llama-30b-m,dummy-lora-7b-rank-32-2,673,96,525.661834476557
9533,dummy-llama-30b-m,dummy-lora-7b-rank-32-0,208,53,525.6968175263281
9534,dummy-llama-30b-m,dummy-lora-7b-rank-8-2,573,40,525.838949620519
9535,dummy-llama-30b-m,dummy-lora-7b-rank-64-2,711,43,525.8438699633599
9536,dummy-llama-30b-m,dummy-lora-7b-rank-128-0,578,35,525.933654848318
9537,dummy-llama-30b-m,dummy-lora-7b-rank-8-2,327,39,526.17102879638
9538,dummy-llama-30b-m,dummy-lora-7b-rank-16-3,761,89,526.2243750852033
9539,dummy-llama-30b-m,dummy-lora-7b-rank-64-0,399,33,526.2932795102713
9540,dummy-llama-30b-m,dummy-lora-7b-rank-128-4,869,66,526.3856315816645
9541,dummy-llama-30b-m,dummy-lora-7b-rank-16-0,609,22,526.3978438225101
9542,dummy-llama-30b-m,dummy-lora-7b-rank-8-1,698,25,526.4328437719831
9543,dummy-llama-30b-m,dummy-lora-7b-rank-16-2,339,19,526.4544226798533
9544,dummy-llama-30b-m,dummy-lora-7b-rank-16-1,948,56,526.4837526196542
9545,dummy-llama-30b-m,dummy-lora-7b-rank-32-2,198,3,526.5580531152344
9546,dummy-llama-30b-m,dummy-lora-7b-rank-128-3,600,17,526.562915674418
9547,dummy-llama-30b-m,dummy-lora-7b-rank-16-4,552,19,526.6209390897055
9548,dummy-llama-30b-m,dummy-lora-7b-rank-8-4,882,23,526.654814541246
9549,dummy-llama-30b-m,dummy-lora-7b-rank-16-2,632,10,526.7509335307161
9550,dummy-llama-30b-m,dummy-lora-7b-rank-32-3,324,50,526.755547230339
9551,dummy-llama-30b-m,dummy-lora-7b-rank-128-3,558,22,526.9432480969466
9552,dummy-llama-30b-m,dummy-lora-7b-rank-32-3,380,44,526.952776342534
9553,dummy-llama-30b-m,dummy-lora-7b-rank-16-0,757,9,527.0073491988835
9554,dummy-llama-30b-m,dummy-lora-7b-rank-8-2,960,114,527.0681150446662
9555,dummy-llama-30b-m,dummy-lora-7b-rank-128-4,664,65,527.1145975224345
9556,dummy-llama-30b-m,dummy-lora-7b-rank-16-0,566,12,527.1406367073934
9557,dummy-llama-30b-m,dummy-lora-7b-rank-64-4,566,28,527.261016910496
9558,dummy-llama-30b-m,dummy-lora-7b-rank-8-4,556,19,527.2840581019511
9559,dummy-llama-30b-m,dummy-lora-7b-rank-16-4,378,20,527.2944441550204
9560,dummy-llama-30b-m,dummy-lora-7b-rank-128-1,750,78,527.3013154185556
9561,dummy-llama-30b-m,dummy-lora-7b-rank-128-3,446,151,527.4049064915544
9562,dummy-llama-30b-m,dummy-lora-7b-rank-16-0,558,19,527.4473486699432
9563,dummy-llama-30b-m,dummy-lora-7b-rank-32-4,222,21,527.4615039275866
9564,dummy-llama-30b-m,dummy-lora-7b-rank-128-1,502,95,527.49424001301
9565,dummy-llama-30b-m,dummy-lora-7b-rank-32-4,653,67,527.4979408525537
9566,dummy-llama-30b-m,dummy-lora-7b-rank-16-0,558,22,527.509666727294
9567,dummy-llama-30b-m,dummy-lora-7b-rank-128-4,451,5,527.5231175148286
9568,dummy-llama-30b-m,dummy-lora-7b-rank-128-1,434,53,527.5988975202227
9569,dummy-llama-30b-m,dummy-lora-7b-rank-128-3,945,3,527.607580260941
9570,dummy-llama-30b-m,dummy-lora-7b-rank-64-2,584,10,527.7347473741634
9571,dummy-llama-30b-m,dummy-lora-7b-rank-128-3,655,64,527.7815124870884
9572,dummy-llama-30b-m,dummy-lora-7b-rank-64-4,563,20,527.8050176420119
9573,dummy-llama-30b-m,dummy-lora-7b-rank-8-1,929,79,527.8202106826363
9574,dummy-llama-30b-m,dummy-lora-7b-rank-128-3,544,15,527.8458075084473
9575,dummy-llama-30b-m,dummy-lora-7b-rank-8-0,556,9,527.9680124569343
9576,dummy-llama-30b-m,dummy-lora-7b-rank-64-0,369,42,528.0119432111079
9577,dummy-llama-30b-m,dummy-lora-7b-rank-16-1,606,41,528.04517041266
9578,dummy-llama-30b-m,dummy-lora-7b-rank-32-4,55,80,528.1493535839141
9579,dummy-llama-30b-m,dummy-lora-7b-rank-8-2,267,12,528.1620808915508
9580,dummy-llama-30b-m,dummy-lora-7b-rank-128-0,443,60,528.2628663385896
9581,dummy-llama-30b-m,dummy-lora-7b-rank-64-2,799,70,528.2948677754162
9582,dummy-llama-30b-m,dummy-lora-7b-rank-32-2,247,56,528.2995428725816
9583,dummy-llama-30b-m,dummy-lora-7b-rank-8-1,649,13,528.3443778840445
9584,dummy-llama-30b-m,dummy-lora-7b-rank-8-0,263,53,528.3955970471965
9585,dummy-llama-30b-m,dummy-lora-7b-rank-16-4,548,17,528.4427183734132
9586,dummy-llama-30b-m,dummy-lora-7b-rank-16-1,606,34,528.4806726065246
9587,dummy-llama-30b-m,dummy-lora-7b-rank-128-3,395,52,528.4847856993888
9588,dummy-llama-30b-m,dummy-lora-7b-rank-128-0,496,11,528.5279981705243
9589,dummy-llama-30b-m,dummy-lora-7b-rank-16-3,640,3,528.5798743642904
9590,dummy-llama-30b-m,dummy-lora-7b-rank-32-3,548,53,528.5830059407409
9591,dummy-llama-30b-m,dummy-lora-7b-rank-8-2,189,8,528.8002100558226
9592,dummy-llama-30b-m,dummy-lora-7b-rank-16-0,700,13,528.9017480331097
9593,dummy-llama-30b-m,dummy-lora-7b-rank-8-0,718,80,529.0540555801077
9594,dummy-llama-30b-m,dummy-lora-7b-rank-16-4,552,19,529.0968187363396
9595,dummy-llama-30b-m,dummy-lora-7b-rank-8-3,524,51,529.1620948172034
9596,dummy-llama-30b-m,dummy-lora-7b-rank-8-1,256,218,529.1835948733485
9597,dummy-llama-30b-m,dummy-lora-7b-rank-8-3,726,7,529.1927747282858
9598,dummy-llama-30b-m,dummy-lora-7b-rank-16-4,190,48,529.2213658429421
9599,dummy-llama-30b-m,dummy-lora-7b-rank-128-3,317,118,529.2289504049899
9600,dummy-llama-30b-m,dummy-lora-7b-rank-128-0,507,11,529.2802502702348
9601,dummy-llama-30b-m,dummy-lora-7b-rank-64-0,769,54,529.3325698906596
9602,dummy-llama-30b-m,dummy-lora-7b-rank-128-4,580,35,529.4499545605354
9603,dummy-llama-30b-m,dummy-lora-7b-rank-8-4,246,123,529.4818193279666
9604,dummy-llama-30b-m,dummy-lora-7b-rank-16-0,623,51,529.4903070484999
9605,dummy-llama-30b-m,dummy-lora-7b-rank-8-1,116,55,529.518699771732
9606,dummy-llama-30b-m,dummy-lora-7b-rank-128-2,700,62,529.5293848423656
9607,dummy-llama-30b-m,dummy-lora-7b-rank-32-2,849,12,529.5875272626065
9608,dummy-llama-30b-m,dummy-lora-7b-rank-8-1,168,33,529.6097780903319
9609,dummy-llama-30b-m,dummy-lora-7b-rank-128-3,586,28,529.7982453123307
9610,dummy-llama-30b-m,dummy-lora-7b-rank-64-1,361,8,529.8458530070291
9611,dummy-llama-30b-m,dummy-lora-7b-rank-16-3,358,55,529.8678966430039
9612,dummy-llama-30b-m,dummy-lora-7b-rank-64-3,611,26,529.8712646799963
9613,dummy-llama-30b-m,dummy-lora-7b-rank-16-4,314,36,529.878098725895
9614,dummy-llama-30b-m,dummy-lora-7b-rank-8-0,496,7,529.9101650588708
9615,dummy-llama-30b-m,dummy-lora-7b-rank-128-2,476,45,529.9800973129875
9616,dummy-llama-30b-m,dummy-lora-7b-rank-8-4,642,24,529.9989870486393
9617,dummy-llama-30b-m,dummy-lora-7b-rank-64-2,550,18,530.0271553946167
9618,dummy-llama-30b-m,dummy-lora-7b-rank-8-0,552,19,530.2150006380451
9619,dummy-llama-30b-m,dummy-lora-7b-rank-32-1,482,6,530.3102043762616
9620,dummy-llama-30b-m,dummy-lora-7b-rank-16-1,408,5,530.3217191498495
9621,dummy-llama-30b-m,dummy-lora-7b-rank-64-2,345,49,530.3344434600418
9622,dummy-llama-30b-m,dummy-lora-7b-rank-16-3,373,135,530.3350006491817
9623,dummy-llama-30b-m,dummy-lora-7b-rank-16-0,810,49,530.3469813893141
9624,dummy-llama-30b-m,dummy-lora-7b-rank-128-1,576,24,530.3686073704595
9625,dummy-llama-30b-m,dummy-lora-7b-rank-64-3,152,104,530.3931031112343
9626,dummy-llama-30b-m,dummy-lora-7b-rank-64-1,336,9,530.4367421516074
9627,dummy-llama-30b-m,dummy-lora-7b-rank-32-1,284,167,530.4584506213766
9628,dummy-llama-30b-m,dummy-lora-7b-rank-16-2,492,11,530.540085674113
9629,dummy-llama-30b-m,dummy-lora-7b-rank-8-3,366,11,530.5430806095288
9630,dummy-llama-30b-m,dummy-lora-7b-rank-128-1,554,19,530.6299448260129
9631,dummy-llama-30b-m,dummy-lora-7b-rank-16-1,625,39,530.634062744596
9632,dummy-llama-30b-m,dummy-lora-7b-rank-128-3,733,55,530.6353240221487
9633,dummy-llama-30b-m,dummy-lora-7b-rank-128-0,806,87,530.6428028013092
9634,dummy-llama-30b-m,dummy-lora-7b-rank-16-4,415,66,530.7218392375327
9635,dummy-llama-30b-m,dummy-lora-7b-rank-8-1,177,122,530.8296316729553
9636,dummy-llama-30b-m,dummy-lora-7b-rank-64-4,519,37,530.8578328480032
9637,dummy-llama-30b-m,dummy-lora-7b-rank-8-4,725,52,530.8631050014501
9638,dummy-llama-30b-m,dummy-lora-7b-rank-16-0,587,102,531.1626016377834
9639,dummy-llama-30b-m,dummy-lora-7b-rank-64-2,278,92,531.29900401945
9640,dummy-llama-30b-m,dummy-lora-7b-rank-128-4,382,60,531.4722029653938
9641,dummy-llama-30b-m,dummy-lora-7b-rank-32-1,308,47,531.5152743782536
9642,dummy-llama-30b-m,dummy-lora-7b-rank-128-0,889,54,531.5614918215747
9643,dummy-llama-30b-m,dummy-lora-7b-rank-64-2,182,167,531.6235838307
9644,dummy-llama-30b-m,dummy-lora-7b-rank-32-1,554,11,531.6497210000789
9645,dummy-llama-30b-m,dummy-lora-7b-rank-32-1,291,41,531.6575544817601
9646,dummy-llama-30b-m,dummy-lora-7b-rank-8-3,709,51,531.758817950183
9647,dummy-llama-30b-m,dummy-lora-7b-rank-128-0,240,44,531.8330804624622
9648,dummy-llama-30b-m,dummy-lora-7b-rank-16-3,168,50,531.9040851632317
9649,dummy-llama-30b-m,dummy-lora-7b-rank-64-2,574,30,532.0118622660793
9650,dummy-llama-30b-m,dummy-lora-7b-rank-16-3,385,23,532.0188598061792
9651,dummy-llama-30b-m,dummy-lora-7b-rank-64-0,485,66,532.0425180537081
9652,dummy-llama-30b-m,dummy-lora-7b-rank-64-0,536,13,532.140675683377
9653,dummy-llama-30b-m,dummy-lora-7b-rank-8-2,619,27,532.2228898297273
9654,dummy-llama-30b-m,dummy-lora-7b-rank-128-4,417,44,532.2450108543015
9655,dummy-llama-30b-m,dummy-lora-7b-rank-16-1,556,21,532.2941322236624
9656,dummy-llama-30b-m,dummy-lora-7b-rank-16-1,506,11,532.2972937437027
9657,dummy-llama-30b-m,dummy-lora-7b-rank-8-4,191,77,532.334414241848
9658,dummy-llama-30b-m,dummy-lora-7b-rank-32-0,417,63,532.3497774181777
9659,dummy-llama-30b-m,dummy-lora-7b-rank-16-0,426,40,532.3835665905967
9660,dummy-llama-30b-m,dummy-lora-7b-rank-16-0,560,23,532.3890781751746
9661,dummy-llama-30b-m,dummy-lora-7b-rank-8-1,621,37,532.3944658290598
9662,dummy-llama-30b-m,dummy-lora-7b-rank-64-1,823,77,532.4657419635677
9663,dummy-llama-30b-m,dummy-lora-7b-rank-16-3,151,78,532.5077176817009
9664,dummy-llama-30b-m,dummy-lora-7b-rank-16-1,721,22,532.5754482624722
9665,dummy-llama-30b-m,dummy-lora-7b-rank-8-1,558,25,532.7061863403293
9666,dummy-llama-30b-m,dummy-lora-7b-rank-128-3,550,18,532.71486887582
9667,dummy-llama-30b-m,dummy-lora-7b-rank-64-3,548,17,532.7777879465681
9668,dummy-llama-30b-m,dummy-lora-7b-rank-32-1,102,33,532.7823857324364
9669,dummy-llama-30b-m,dummy-lora-7b-rank-8-0,602,42,532.8352723838736
9670,dummy-llama-30b-m,dummy-lora-7b-rank-32-0,434,31,533.1096815423955
9671,dummy-llama-30b-m,dummy-lora-7b-rank-16-0,605,20,533.161038006142
9672,dummy-llama-30b-m,dummy-lora-7b-rank-128-4,556,21,533.2452032113481
9673,dummy-llama-30b-m,dummy-lora-7b-rank-128-1,241,3,533.2610248285632
9674,dummy-llama-30b-m,dummy-lora-7b-rank-16-2,733,55,533.3138989225101
9675,dummy-llama-30b-m,dummy-lora-7b-rank-8-2,417,137,533.359344566751
9676,dummy-llama-30b-m,dummy-lora-7b-rank-128-2,804,21,533.4184836766534
9677,dummy-llama-30b-m,dummy-lora-7b-rank-128-1,554,22,533.4473504712859
9678,dummy-llama-30b-m,dummy-lora-7b-rank-64-2,229,30,533.5192641069833
9679,dummy-llama-30b-m,dummy-lora-7b-rank-128-1,495,43,533.5213901882535
9680,dummy-llama-30b-m,dummy-lora-7b-rank-128-4,179,39,533.581099605954
9681,dummy-llama-30b-m,dummy-lora-7b-rank-8-1,619,11,533.6476403752689
9682,dummy-llama-30b-m,dummy-lora-7b-rank-32-4,267,54,533.7745313725151
9683,dummy-llama-30b-m,dummy-lora-7b-rank-32-0,191,3,533.775751971742
9684,dummy-llama-30b-m,dummy-lora-7b-rank-128-2,348,49,533.7796704170727
9685,dummy-llama-30b-m,dummy-lora-7b-rank-32-4,667,15,533.7902624413176
9686,dummy-llama-30b-m,dummy-lora-7b-rank-32-4,340,12,533.8163359315479
9687,dummy-llama-30b-m,dummy-lora-7b-rank-128-1,212,80,533.823034603385
9688,dummy-llama-30b-m,dummy-lora-7b-rank-64-2,558,17,533.8365865805097
9689,dummy-llama-30b-m,dummy-lora-7b-rank-64-3,637,22,533.8679627675436
9690,dummy-llama-30b-m,dummy-lora-7b-rank-8-3,503,44,533.9376167200935
9691,dummy-llama-30b-m,dummy-lora-7b-rank-16-2,351,47,533.966281584859
9692,dummy-llama-30b-m,dummy-lora-7b-rank-32-3,588,12,534.003824322649
9693,dummy-llama-30b-m,dummy-lora-7b-rank-32-2,327,32,534.0810186402365
9694,dummy-llama-30b-m,dummy-lora-7b-rank-64-2,560,26,534.0853215956665
9695,dummy-llama-30b-m,dummy-lora-7b-rank-128-0,607,22,534.1080068677193
9696,dummy-llama-30b-m,dummy-lora-7b-rank-32-4,404,3,534.2057089460689
9697,dummy-llama-30b-m,dummy-lora-7b-rank-32-2,338,82,534.2061500984468
9698,dummy-llama-30b-m,dummy-lora-7b-rank-32-0,572,32,534.2251651618595
9699,dummy-llama-30b-m,dummy-lora-7b-rank-8-0,419,45,534.2281296399233
9700,dummy-llama-30b-m,dummy-lora-7b-rank-32-1,415,44,534.2478525637088
9701,dummy-llama-30b-m,dummy-lora-7b-rank-32-1,147,38,534.2552901437826
9702,dummy-llama-30b-m,dummy-lora-7b-rank-8-2,794,46,534.3035421725352
9703,dummy-llama-30b-m,dummy-lora-7b-rank-8-0,450,64,534.3455220459837
9704,dummy-llama-30b-m,dummy-lora-7b-rank-64-1,594,69,534.3636150431771
9705,dummy-llama-30b-m,dummy-lora-7b-rank-64-2,556,21,534.372750509899
9706,dummy-llama-30b-m,dummy-lora-7b-rank-8-0,560,23,534.5154909542108
9707,dummy-llama-30b-m,dummy-lora-7b-rank-64-4,506,46,534.5158246881286
9708,dummy-llama-30b-m,dummy-lora-7b-rank-128-4,333,61,534.8009208386705
9709,dummy-llama-30b-m,dummy-lora-7b-rank-64-2,529,6,534.8585447194585
9710,dummy-llama-30b-m,dummy-lora-7b-rank-16-1,195,139,534.8618768469616
9711,dummy-llama-30b-m,dummy-lora-7b-rank-128-0,172,43,535.0047823521753
9712,dummy-llama-30b-m,dummy-lora-7b-rank-16-4,798,10,535.0144567177807
9713,dummy-llama-30b-m,dummy-lora-7b-rank-8-3,163,48,535.055861272837
9714,dummy-llama-30b-m,dummy-lora-7b-rank-128-2,260,53,535.0661085928671
9715,dummy-llama-30b-m,dummy-lora-7b-rank-128-2,106,60,535.128717246692
9716,dummy-llama-30b-m,dummy-lora-7b-rank-64-4,180,40,535.2009043003596
9717,dummy-llama-30b-m,dummy-lora-7b-rank-8-0,550,18,535.2564944330588
9718,dummy-llama-30b-m,dummy-lora-7b-rank-128-1,599,26,535.300181127501
9719,dummy-llama-30b-m,dummy-lora-7b-rank-16-4,196,13,535.4231516227245
9720,dummy-llama-30b-m,dummy-lora-7b-rank-128-1,386,54,535.4503479407513
9721,dummy-llama-30b-m,dummy-lora-7b-rank-64-1,255,43,535.4632689749154
9722,dummy-llama-30b-m,dummy-lora-7b-rank-16-4,173,38,535.4924940241845
9723,dummy-llama-30b-m,dummy-lora-7b-rank-64-3,550,18,535.5442734615664
9724,dummy-llama-30b-m,dummy-lora-7b-rank-64-3,688,16,535.6314254556802
9725,dummy-llama-30b-m,dummy-lora-7b-rank-64-1,554,22,535.7469843209478
9726,dummy-llama-30b-m,dummy-lora-7b-rank-64-1,960,3,535.7814502831556
9727,dummy-llama-30b-m,dummy-lora-7b-rank-32-4,608,33,535.9054376230202
9728,dummy-llama-30b-m,dummy-lora-7b-rank-64-4,650,11,535.9435146628134
9729,dummy-llama-30b-m,dummy-lora-7b-rank-32-2,552,16,536.1055753349223
9730,dummy-llama-30b-m,dummy-lora-7b-rank-32-4,382,13,536.1859107093522
9731,dummy-llama-30b-m,dummy-lora-7b-rank-64-2,464,49,536.320672333275
9732,dummy-llama-30b-m,dummy-lora-7b-rank-16-3,560,25,536.3795250704067
9733,dummy-llama-30b-m,dummy-lora-7b-rank-32-2,180,51,536.4004154970016
9734,dummy-llama-30b-m,dummy-lora-7b-rank-32-4,282,44,536.4354227645882
9735,dummy-llama-30b-m,dummy-lora-7b-rank-64-0,326,104,536.4808930545368
9736,dummy-llama-30b-m,dummy-lora-7b-rank-32-4,586,34,536.5244665898235
9737,dummy-llama-30b-m,dummy-lora-7b-rank-16-3,584,38,536.6159508412217
9738,dummy-llama-30b-m,dummy-lora-7b-rank-8-4,542,14,536.6478576876623
9739,dummy-llama-30b-m,dummy-lora-7b-rank-64-4,493,56,536.7473897676205
9740,dummy-llama-30b-m,dummy-lora-7b-rank-32-4,609,3,536.8301746745894
9741,dummy-llama-30b-m,dummy-lora-7b-rank-128-0,552,19,536.8806038095445
9742,dummy-llama-30b-m,dummy-lora-7b-rank-32-2,571,43,536.8976464854331
9743,dummy-llama-30b-m,dummy-lora-7b-rank-64-2,259,49,536.9129006317881
9744,dummy-llama-30b-m,dummy-lora-7b-rank-64-0,546,16,536.9604479363792
9745,dummy-llama-30b-m,dummy-lora-7b-rank-16-3,494,59,537.0918015817695
9746,dummy-llama-30b-m,dummy-lora-7b-rank-128-1,552,19,537.1067478357592
9747,dummy-llama-30b-m,dummy-lora-7b-rank-64-2,375,44,537.2313931606425
9748,dummy-llama-30b-m,dummy-lora-7b-rank-16-2,603,52,537.4807610437481
9749,dummy-llama-30b-m,dummy-lora-7b-rank-8-2,550,18,537.4986508721129
9750,dummy-llama-30b-m,dummy-lora-7b-rank-8-4,403,37,537.5407256092216
9751,dummy-llama-30b-m,dummy-lora-7b-rank-64-0,585,43,537.5423173179603
9752,dummy-llama-30b-m,dummy-lora-7b-rank-32-1,429,82,537.5500520240206
9753,dummy-llama-30b-m,dummy-lora-7b-rank-32-2,618,16,537.5767026954624
9754,dummy-llama-30b-m,dummy-lora-7b-rank-32-4,155,41,537.631265714866
9755,dummy-llama-30b-m,dummy-lora-7b-rank-32-2,374,45,537.7158951606159
9756,dummy-llama-30b-m,dummy-lora-7b-rank-16-2,247,4,537.8063109357657
9757,dummy-llama-30b-m,dummy-lora-7b-rank-32-0,459,9,537.8300568465546
9758,dummy-llama-30b-m,dummy-lora-7b-rank-32-1,489,59,537.8547161562936
9759,dummy-llama-30b-m,dummy-lora-7b-rank-8-2,599,26,537.8953470455431
9760,dummy-llama-30b-m,dummy-lora-7b-rank-16-0,580,22,537.932311857237
9761,dummy-llama-30b-m,dummy-lora-7b-rank-64-3,831,39,537.951493691512
9762,dummy-llama-30b-m,dummy-lora-7b-rank-128-2,123,49,538.1386353555419
9763,dummy-llama-30b-m,dummy-lora-7b-rank-32-4,566,29,538.1430572363457
9764,dummy-llama-30b-m,dummy-lora-7b-rank-128-2,382,65,538.165608969569
9765,dummy-llama-30b-m,dummy-lora-7b-rank-128-1,609,21,538.1663868902015
9766,dummy-llama-30b-m,dummy-lora-7b-rank-32-1,603,16,538.2544074390748
9767,dummy-llama-30b-m,dummy-lora-7b-rank-8-4,659,22,538.2798370902915
9768,dummy-llama-30b-m,dummy-lora-7b-rank-16-1,560,25,538.3645526131003
9769,dummy-llama-30b-m,dummy-lora-7b-rank-128-2,149,66,538.438494739268
9770,dummy-llama-30b-m,dummy-lora-7b-rank-128-0,556,21,538.4665074707797
9771,dummy-llama-30b-m,dummy-lora-7b-rank-64-2,853,16,538.4684022969777
9772,dummy-llama-30b-m,dummy-lora-7b-rank-32-4,550,18,538.557968831404
9773,dummy-llama-30b-m,dummy-lora-7b-rank-8-4,319,45,538.8731636621674
9774,dummy-llama-30b-m,dummy-lora-7b-rank-64-2,961,40,538.8741972085314
9775,dummy-llama-30b-m,dummy-lora-7b-rank-8-1,326,47,538.9156726061906
9776,dummy-llama-30b-m,dummy-lora-7b-rank-32-4,556,7,539.0209215502324
9777,dummy-llama-30b-m,dummy-lora-7b-rank-32-1,52,51,539.0608902974981
9778,dummy-llama-30b-m,dummy-lora-7b-rank-32-0,594,24,539.0726172348627
9779,dummy-llama-30b-m,dummy-lora-7b-rank-32-0,152,33,539.2295332141822
9780,dummy-llama-30b-m,dummy-lora-7b-rank-128-0,551,194,539.2618649143334
9781,dummy-llama-30b-m,dummy-lora-7b-rank-64-1,400,71,539.3849098848865
9782,dummy-llama-30b-m,dummy-lora-7b-rank-64-4,558,22,539.409470153969
9783,dummy-llama-30b-m,dummy-lora-7b-rank-16-0,192,143,539.4597003829277
9784,dummy-llama-30b-m,dummy-lora-7b-rank-16-2,194,105,539.5518929084953
9785,dummy-llama-30b-m,dummy-lora-7b-rank-16-3,191,60,539.7070502082438
9786,dummy-llama-30b-m,dummy-lora-7b-rank-128-0,605,246,539.8050750224264
9787,dummy-llama-30b-m,dummy-lora-7b-rank-128-1,452,84,539.8505380827595
9788,dummy-llama-30b-m,dummy-lora-7b-rank-16-0,501,45,539.8562833762159
9789,dummy-llama-30b-m,dummy-lora-7b-rank-128-3,59,82,539.8624598237848
9790,dummy-llama-30b-m,dummy-lora-7b-rank-8-1,552,17,539.8934160868675
9791,dummy-llama-30b-m,dummy-lora-7b-rank-64-0,506,11,539.9719629926816
9792,dummy-llama-30b-m,dummy-lora-7b-rank-128-2,184,34,540.0152299592382
9793,dummy-llama-30b-m,dummy-lora-7b-rank-64-4,250,47,540.101687862819
9794,dummy-llama-30b-m,dummy-lora-7b-rank-64-3,554,20,540.1057717226636
9795,dummy-llama-30b-m,dummy-lora-7b-rank-8-2,592,59,540.1602013132406
9796,dummy-llama-30b-m,dummy-lora-7b-rank-64-0,500,43,540.3889198474004
9797,dummy-llama-30b-m,dummy-lora-7b-rank-128-2,560,25,540.4307069594037
9798,dummy-llama-30b-m,dummy-lora-7b-rank-32-2,605,19,540.4501793746008
9799,dummy-llama-30b-m,dummy-lora-7b-rank-128-4,552,21,540.5194106987797
9800,dummy-llama-30b-m,dummy-lora-7b-rank-64-2,379,55,540.5686032328549
9801,dummy-llama-30b-m,dummy-lora-7b-rank-64-0,768,74,540.7144746594167
9802,dummy-llama-30b-m,dummy-lora-7b-rank-8-4,605,18,540.781490976006
9803,dummy-llama-30b-m,dummy-lora-7b-rank-32-1,57,86,540.8360851523722
9804,dummy-llama-30b-m,dummy-lora-7b-rank-64-2,611,21,540.9025047408903
9805,dummy-llama-30b-m,dummy-lora-7b-rank-8-2,391,40,540.9232469597674
9806,dummy-llama-30b-m,dummy-lora-7b-rank-8-2,293,110,540.9252926109915
9807,dummy-llama-30b-m,dummy-lora-7b-rank-16-0,572,31,541.0164711790602
9808,dummy-llama-30b-m,dummy-lora-7b-rank-32-2,612,73,541.0212267234391
9809,dummy-llama-30b-m,dummy-lora-7b-rank-8-2,381,69,541.0481917982934
9810,dummy-llama-30b-m,dummy-lora-7b-rank-64-2,329,7,541.3204249462667
9811,dummy-llama-30b-m,dummy-lora-7b-rank-32-3,540,7,541.3990210206338
9812,dummy-llama-30b-m,dummy-lora-7b-rank-16-1,508,13,541.4841693276007
9813,dummy-llama-30b-m,dummy-lora-7b-rank-64-4,233,46,541.4863751101717
9814,dummy-llama-30b-m,dummy-lora-7b-rank-8-1,660,36,541.5170544968104
9815,dummy-llama-30b-m,dummy-lora-7b-rank-32-2,386,63,541.5969660394098
9816,dummy-llama-30b-m,dummy-lora-7b-rank-64-2,304,6,541.6465424427641
9817,dummy-llama-30b-m,dummy-lora-7b-rank-8-2,617,47,541.7103501113463
9818,dummy-llama-30b-m,dummy-lora-7b-rank-128-4,583,55,541.7215627357004
9819,dummy-llama-30b-m,dummy-lora-7b-rank-8-2,550,82,541.7462622276859
9820,dummy-llama-30b-m,dummy-lora-7b-rank-8-0,78,23,541.7875906231634
9821,dummy-llama-30b-m,dummy-lora-7b-rank-32-0,258,134,541.7989975081581
9822,dummy-llama-30b-m,dummy-lora-7b-rank-16-2,583,13,541.800506798056
9823,dummy-llama-30b-m,dummy-lora-7b-rank-32-1,558,24,541.8937914086702
9824,dummy-llama-30b-m,dummy-lora-7b-rank-32-3,605,21,541.9083745009901
9825,dummy-llama-30b-m,dummy-lora-7b-rank-8-0,778,61,541.9791228490765
9826,dummy-llama-30b-m,dummy-lora-7b-rank-32-2,316,52,542.207125760202
9827,dummy-llama-30b-m,dummy-lora-7b-rank-32-2,226,45,542.2187643715324
9828,dummy-llama-30b-m,dummy-lora-7b-rank-64-3,649,40,542.2197263464394
9829,dummy-llama-30b-m,dummy-lora-7b-rank-32-4,528,46,542.3137862824299
9830,dummy-llama-30b-m,dummy-lora-7b-rank-64-0,641,11,542.3979829911692
9831,dummy-llama-30b-m,dummy-lora-7b-rank-32-3,623,24,542.4686369808163
9832,dummy-llama-30b-m,dummy-lora-7b-rank-64-2,646,8,542.5587105547505
9833,dummy-llama-30b-m,dummy-lora-7b-rank-64-1,554,22,542.580085690627
9834,dummy-llama-30b-m,dummy-lora-7b-rank-128-2,586,18,542.6274451454931
9835,dummy-llama-30b-m,dummy-lora-7b-rank-128-2,360,52,542.7064474972673
9836,dummy-llama-30b-m,dummy-lora-7b-rank-16-2,888,52,542.7422417427135
9837,dummy-llama-30b-m,dummy-lora-7b-rank-16-0,601,14,542.7851878407458
9838,dummy-llama-30b-m,dummy-lora-7b-rank-128-2,143,46,542.853665601412
9839,dummy-llama-30b-m,dummy-lora-7b-rank-64-0,173,59,542.9150507817817
9840,dummy-llama-30b-m,dummy-lora-7b-rank-32-4,609,36,543.1803375107343
9841,dummy-llama-30b-m,dummy-lora-7b-rank-16-1,179,35,543.1910756151062
9842,dummy-llama-30b-m,dummy-lora-7b-rank-32-4,387,12,543.2075678056802
9843,dummy-llama-30b-m,dummy-lora-7b-rank-128-0,224,152,543.2186511095556
9844,dummy-llama-30b-m,dummy-lora-7b-rank-16-3,927,101,543.2446667440781
9845,dummy-llama-30b-m,dummy-lora-7b-rank-128-1,625,42,543.3325809202239
9846,dummy-llama-30b-m,dummy-lora-7b-rank-8-3,552,11,543.3418371417797
9847,dummy-llama-30b-m,dummy-lora-7b-rank-64-3,456,37,543.3729589943728
9848,dummy-llama-30b-m,dummy-lora-7b-rank-128-2,448,7,543.4204904650186
9849,dummy-llama-30b-m,dummy-lora-7b-rank-128-2,514,66,543.4205526971481
9850,dummy-llama-30b-m,dummy-lora-7b-rank-128-3,549,63,543.4377917437856
9851,dummy-llama-30b-m,dummy-lora-7b-rank-16-3,335,42,543.4588268698712
9852,dummy-llama-30b-m,dummy-lora-7b-rank-8-1,554,20,543.4769202854278
9853,dummy-llama-30b-m,dummy-lora-7b-rank-8-1,906,68,543.5227385817445
9854,dummy-llama-30b-m,dummy-lora-7b-rank-16-1,420,70,543.591750764584
9855,dummy-llama-30b-m,dummy-lora-7b-rank-16-3,863,48,543.84472813214
9856,dummy-llama-30b-m,dummy-lora-7b-rank-128-1,550,18,543.8772183681259
9857,dummy-llama-30b-m,dummy-lora-7b-rank-64-0,568,28,543.993278763746
9858,dummy-llama-30b-m,dummy-lora-7b-rank-16-0,434,45,544.0511662650518
9859,dummy-llama-30b-m,dummy-lora-7b-rank-16-3,56,51,544.0818029645667
9860,dummy-llama-30b-m,dummy-lora-7b-rank-16-4,550,18,544.0976691290213
9861,dummy-llama-30b-m,dummy-lora-7b-rank-8-2,905,57,544.1087446319679
9862,dummy-llama-30b-m,dummy-lora-7b-rank-32-4,242,117,544.2319815890401
9863,dummy-llama-30b-m,dummy-lora-7b-rank-8-1,114,55,544.2423314118533
9864,dummy-llama-30b-m,dummy-lora-7b-rank-16-2,550,10,544.3620123171798
9865,dummy-llama-30b-m,dummy-lora-7b-rank-16-3,199,49,544.3887549260614
9866,dummy-llama-30b-m,dummy-lora-7b-rank-32-2,247,167,544.4045454920546
9867,dummy-llama-30b-m,dummy-lora-7b-rank-16-0,622,80,544.4362875024317
9868,dummy-llama-30b-m,dummy-lora-7b-rank-64-2,290,9,544.5054482740055
9869,dummy-llama-30b-m,dummy-lora-7b-rank-64-3,396,54,544.5288305290787
9870,dummy-llama-30b-m,dummy-lora-7b-rank-32-4,406,156,544.5397642721389
9871,dummy-llama-30b-m,dummy-lora-7b-rank-32-3,299,154,544.5519690904109
9872,dummy-llama-30b-m,dummy-lora-7b-rank-16-3,53,66,544.5665689518452
9873,dummy-llama-30b-m,dummy-lora-7b-rank-64-1,548,17,544.5847977427245
9874,dummy-llama-30b-m,dummy-lora-7b-rank-32-3,133,75,544.6078036370388
9875,dummy-llama-30b-m,dummy-lora-7b-rank-8-3,550,18,544.623871847734
9876,dummy-llama-30b-m,dummy-lora-7b-rank-64-4,339,59,544.715373659406
9877,dummy-llama-30b-m,dummy-lora-7b-rank-16-0,218,143,544.8437590644733
9878,dummy-llama-30b-m,dummy-lora-7b-rank-128-0,560,19,545.0156415671877
9879,dummy-llama-30b-m,dummy-lora-7b-rank-16-2,995,23,545.0841069663641
9880,dummy-llama-30b-m,dummy-lora-7b-rank-64-3,549,45,545.1064023363707
9881,dummy-llama-30b-m,dummy-lora-7b-rank-8-3,449,33,545.1104353466333
9882,dummy-llama-30b-m,dummy-lora-7b-rank-32-4,769,34,545.2243415257343
9883,dummy-llama-30b-m,dummy-lora-7b-rank-64-3,763,108,545.5326966867839
9884,dummy-llama-30b-m,dummy-lora-7b-rank-8-2,293,51,545.6825461433456
9885,dummy-llama-30b-m,dummy-lora-7b-rank-64-3,108,46,545.7108425857989
9886,dummy-llama-30b-m,dummy-lora-7b-rank-32-2,262,49,545.7169004727697
9887,dummy-llama-30b-m,dummy-lora-7b-rank-32-4,386,40,545.7722185502
9888,dummy-llama-30b-m,dummy-lora-7b-rank-32-3,556,24,545.8264544235097
9889,dummy-llama-30b-m,dummy-lora-7b-rank-128-3,609,22,545.9677937865015
9890,dummy-llama-30b-m,dummy-lora-7b-rank-8-3,764,9,546.010149822903
9891,dummy-llama-30b-m,dummy-lora-7b-rank-64-2,400,133,546.0586490190648
9892,dummy-llama-30b-m,dummy-lora-7b-rank-32-3,355,41,546.1420029950477
9893,dummy-llama-30b-m,dummy-lora-7b-rank-8-0,558,24,546.182202671914
9894,dummy-llama-30b-m,dummy-lora-7b-rank-64-2,559,6,546.2718843568376
9895,dummy-llama-30b-m,dummy-lora-7b-rank-8-4,477,69,546.3410652890896
9896,dummy-llama-30b-m,dummy-lora-7b-rank-32-4,468,13,546.3625063244016
9897,dummy-llama-30b-m,dummy-lora-7b-rank-32-4,188,68,546.387832616746
9898,dummy-llama-30b-m,dummy-lora-7b-rank-64-1,480,112,546.4100486019208
9899,dummy-llama-30b-m,dummy-lora-7b-rank-128-0,550,18,546.434815568123
9900,dummy-llama-30b-m,dummy-lora-7b-rank-8-1,361,74,546.5200874108441
9901,dummy-llama-30b-m,dummy-lora-7b-rank-8-2,258,41,546.522657647716
9902,dummy-llama-30b-m,dummy-lora-7b-rank-32-3,441,82,546.530706067072
9903,dummy-llama-30b-m,dummy-lora-7b-rank-16-1,202,40,546.5479018029002
9904,dummy-llama-30b-m,dummy-lora-7b-rank-32-2,754,150,546.5611344989047
9905,dummy-llama-30b-m,dummy-lora-7b-rank-32-1,596,44,546.5630497816329
9906,dummy-llama-30b-m,dummy-lora-7b-rank-32-2,106,53,546.5738681652833
9907,dummy-llama-30b-m,dummy-lora-7b-rank-8-1,274,50,546.6193207834214
9908,dummy-llama-30b-m,dummy-lora-7b-rank-8-3,173,48,546.6209341582367
9909,dummy-llama-30b-m,dummy-lora-7b-rank-64-2,346,43,546.7893062937758
9910,dummy-llama-30b-m,dummy-lora-7b-rank-32-2,609,8,546.8651006302091
9911,dummy-llama-30b-m,dummy-lora-7b-rank-64-1,550,18,546.905516589022
9912,dummy-llama-30b-m,dummy-lora-7b-rank-128-0,268,45,547.0060420763897
9913,dummy-llama-30b-m,dummy-lora-7b-rank-32-2,550,18,547.0770323455992
9914,dummy-llama-30b-m,dummy-lora-7b-rank-128-2,586,11,547.1484178231306
9915,dummy-llama-30b-m,dummy-lora-7b-rank-32-1,828,48,547.1637763235769
9916,dummy-llama-30b-m,dummy-lora-7b-rank-16-4,109,85,547.239716484683
9917,dummy-llama-30b-m,dummy-lora-7b-rank-64-3,556,21,547.2455521081275
9918,dummy-llama-30b-m,dummy-lora-7b-rank-128-2,466,6,547.2496950854152
9919,dummy-llama-30b-m,dummy-lora-7b-rank-32-2,191,42,547.2561681343741
9920,dummy-llama-30b-m,dummy-lora-7b-rank-64-2,639,12,547.2748497993005
9921,dummy-llama-30b-m,dummy-lora-7b-rank-8-3,823,41,547.2797394730351
9922,dummy-llama-30b-m,dummy-lora-7b-rank-64-4,660,3,547.3769685766822
9923,dummy-llama-30b-m,dummy-lora-7b-rank-64-2,562,26,547.4479338656088
9924,dummy-llama-30b-m,dummy-lora-7b-rank-64-2,507,6,547.641939207743
9925,dummy-llama-30b-m,dummy-lora-7b-rank-128-1,645,56,547.6453452504516
9926,dummy-llama-30b-m,dummy-lora-7b-rank-32-0,550,6,547.7123237364318
9927,dummy-llama-30b-m,dummy-lora-7b-rank-128-1,619,21,547.7639114691375
9928,dummy-llama-30b-m,dummy-lora-7b-rank-16-1,234,9,547.7643496290918
9929,dummy-llama-30b-m,dummy-lora-7b-rank-128-3,558,23,547.8802942588522
9930,dummy-llama-30b-m,dummy-lora-7b-rank-64-1,171,42,547.962450065369
9931,dummy-llama-30b-m,dummy-lora-7b-rank-8-2,604,44,548.0470303440519
9932,dummy-llama-30b-m,dummy-lora-7b-rank-16-0,550,16,548.0632146571121
9933,dummy-llama-30b-m,dummy-lora-7b-rank-64-3,585,21,548.1363508972894
9934,dummy-llama-30b-m,dummy-lora-7b-rank-32-0,616,22,548.2277284357043
9935,dummy-llama-30b-m,dummy-lora-7b-rank-64-1,434,116,548.3170792467367
9936,dummy-llama-30b-m,dummy-lora-7b-rank-64-1,182,46,548.3668046479776
9937,dummy-llama-30b-m,dummy-lora-7b-rank-32-4,558,22,548.3688258390622
9938,dummy-llama-30b-m,dummy-lora-7b-rank-64-0,302,46,548.4347648565215
9939,dummy-llama-30b-m,dummy-lora-7b-rank-128-1,552,19,548.5484119749065
9940,dummy-llama-30b-m,dummy-lora-7b-rank-8-1,478,49,548.5624071825757
9941,dummy-llama-30b-m,dummy-lora-7b-rank-8-2,641,8,548.5673269508651
9942,dummy-llama-30b-m,dummy-lora-7b-rank-16-0,292,119,548.5887791468909
9943,dummy-llama-30b-m,dummy-lora-7b-rank-64-3,356,53,548.7079319173713
9944,dummy-llama-30b-m,dummy-lora-7b-rank-8-4,318,58,548.9250147981271
9945,dummy-llama-30b-m,dummy-lora-7b-rank-8-2,779,50,548.927487932075
9946,dummy-llama-30b-m,dummy-lora-7b-rank-32-0,293,74,548.9536241948942
9947,dummy-llama-30b-m,dummy-lora-7b-rank-32-3,552,19,549.2147279763578
9948,dummy-llama-30b-m,dummy-lora-7b-rank-32-1,235,118,549.2444893819902
9949,dummy-llama-30b-m,dummy-lora-7b-rank-16-0,556,21,549.39526616058
9950,dummy-llama-30b-m,dummy-lora-7b-rank-16-2,408,8,549.4458834934147
9951,dummy-llama-30b-m,dummy-lora-7b-rank-32-3,485,95,549.4984508688879
9952,dummy-llama-30b-m,dummy-lora-7b-rank-64-1,446,101,549.6225397672689
9953,dummy-llama-30b-m,dummy-lora-7b-rank-32-2,464,85,549.6411186591874
9954,dummy-llama-30b-m,dummy-lora-7b-rank-8-3,409,11,549.8472295319002
9955,dummy-llama-30b-m,dummy-lora-7b-rank-128-4,270,163,549.853534534686
9956,dummy-llama-30b-m,dummy-lora-7b-rank-128-3,158,49,549.8542376565871
9957,dummy-llama-30b-m,dummy-lora-7b-rank-32-4,689,125,549.8850923481725
9958,dummy-llama-30b-m,dummy-lora-7b-rank-32-3,431,53,549.9509871888904
9959,dummy-llama-30b-m,dummy-lora-7b-rank-64-2,797,26,550.0070228884049
9960,dummy-llama-30b-m,dummy-lora-7b-rank-64-3,596,8,550.030498844093
9961,dummy-llama-30b-m,dummy-lora-7b-rank-32-1,566,26,550.0634078107232
9962,dummy-llama-30b-m,dummy-lora-7b-rank-128-4,556,21,550.1853841965858
9963,dummy-llama-30b-m,dummy-lora-7b-rank-8-3,387,45,550.2330838092511
9964,dummy-llama-30b-m,dummy-lora-7b-rank-64-0,221,48,550.5677580780124
9965,dummy-llama-30b-m,dummy-lora-7b-rank-8-0,246,41,550.6065898187804
9966,dummy-llama-30b-m,dummy-lora-7b-rank-8-2,418,41,550.6119079719164
9967,dummy-llama-30b-m,dummy-lora-7b-rank-128-1,938,61,550.6579262223427
9968,dummy-llama-30b-m,dummy-lora-7b-rank-16-4,574,22,550.7027861126667
9969,dummy-llama-30b-m,dummy-lora-7b-rank-16-3,564,9,550.7083380574858
9970,dummy-llama-30b-m,dummy-lora-7b-rank-128-3,435,53,550.7937970334597
9971,dummy-llama-30b-m,dummy-lora-7b-rank-8-0,612,49,550.8633805422737
9972,dummy-llama-30b-m,dummy-lora-7b-rank-16-0,229,52,550.9463296513236
9973,dummy-llama-30b-m,dummy-lora-7b-rank-32-3,462,47,550.9542805868323
9974,dummy-llama-30b-m,dummy-lora-7b-rank-8-0,559,10,550.9652128754957
9975,dummy-llama-30b-m,dummy-lora-7b-rank-128-4,258,11,551.01033515077
9976,dummy-llama-30b-m,dummy-lora-7b-rank-128-0,605,20,551.0157765110442
9977,dummy-llama-30b-m,dummy-lora-7b-rank-32-4,560,8,551.1166814944755
9978,dummy-llama-30b-m,dummy-lora-7b-rank-64-2,314,40,551.1769385417041
9979,dummy-llama-30b-m,dummy-lora-7b-rank-32-1,546,16,551.2272372391722
9980,dummy-llama-30b-m,dummy-lora-7b-rank-64-0,232,73,551.2520312906444
9981,dummy-llama-30b-m,dummy-lora-7b-rank-128-2,442,37,551.3129789921829
9982,dummy-llama-30b-m,dummy-lora-7b-rank-16-2,607,21,551.3351252445597
9983,dummy-llama-30b-m,dummy-lora-7b-rank-128-4,228,59,551.3392279818783
9984,dummy-llama-30b-m,dummy-lora-7b-rank-128-2,306,49,551.3500504669655
9985,dummy-llama-30b-m,dummy-lora-7b-rank-16-4,556,21,551.3892795749546
9986,dummy-llama-30b-m,dummy-lora-7b-rank-32-4,605,20,551.4076723876021
9987,dummy-llama-30b-m,dummy-lora-7b-rank-64-0,321,55,551.4108428917306
9988,dummy-llama-30b-m,dummy-lora-7b-rank-32-2,617,61,551.4713562468055
9989,dummy-llama-30b-m,dummy-lora-7b-rank-32-1,570,29,551.481753478463
9990,dummy-llama-30b-m,dummy-lora-7b-rank-128-2,632,25,551.6220509366686
9991,dummy-llama-30b-m,dummy-lora-7b-rank-128-2,577,52,551.664640104073
9992,dummy-llama-30b-m,dummy-lora-7b-rank-32-2,124,50,551.7561030870222
9993,dummy-llama-30b-m,dummy-lora-7b-rank-64-4,1009,13,551.7977804809242
9994,dummy-llama-30b-m,dummy-lora-7b-rank-32-0,976,68,552.0261224023003
9995,dummy-llama-30b-m,dummy-lora-7b-rank-64-4,865,9,552.0294540800908
9996,dummy-llama-30b-m,dummy-lora-7b-rank-16-1,590,21,552.0782045261968
9997,dummy-llama-30b-m,dummy-lora-7b-rank-8-1,471,237,552.1301898955945
9998,dummy-llama-30b-m,dummy-lora-7b-rank-32-1,609,18,552.1620195921743
9999,dummy-llama-30b-m,dummy-lora-7b-rank-16-1,300,40,552.216807125985
10000,dummy-llama-30b-m,dummy-lora-7b-rank-16-4,689,3,552.2764536580058
10001,dummy-llama-30b-m,dummy-lora-7b-rank-32-2,627,26,552.3160347389577
10002,dummy-llama-30b-m,dummy-lora-7b-rank-128-2,222,85,552.3381188003171
10003,dummy-llama-30b-m,dummy-lora-7b-rank-8-3,391,107,552.3967442944323
10004,dummy-llama-30b-m,dummy-lora-7b-rank-32-2,634,6,552.4455895439559
10005,dummy-llama-30b-m,dummy-lora-7b-rank-8-3,221,52,552.5223732792114
10006,dummy-llama-30b-m,dummy-lora-7b-rank-8-3,985,17,552.5989670607605
10007,dummy-llama-30b-m,dummy-lora-7b-rank-32-4,533,90,552.6331689873391
10008,dummy-llama-30b-m,dummy-lora-7b-rank-16-3,337,45,552.6365557579373
10009,dummy-llama-30b-m,dummy-lora-7b-rank-32-2,588,40,552.6873559658144
10010,dummy-llama-30b-m,dummy-lora-7b-rank-8-0,983,44,552.6997881344691
10011,dummy-llama-30b-m,dummy-lora-7b-rank-32-4,655,35,552.7213130068092
10012,dummy-llama-30b-m,dummy-lora-7b-rank-16-4,584,38,552.7523846719547
10013,dummy-llama-30b-m,dummy-lora-7b-rank-8-0,279,32,552.7798697926128
10014,dummy-llama-30b-m,dummy-lora-7b-rank-32-2,261,24,552.7989544219113
10015,dummy-llama-30b-m,dummy-lora-7b-rank-64-1,568,9,552.9008472798118
10016,dummy-llama-30b-m,dummy-lora-7b-rank-64-4,586,44,553.0334977701482
10017,dummy-llama-30b-m,dummy-lora-7b-rank-128-2,565,22,553.0340174436991
10018,dummy-llama-30b-m,dummy-lora-7b-rank-32-0,207,51,553.0398694251381
10019,dummy-llama-30b-m,dummy-lora-7b-rank-16-2,264,35,553.1734069030939
10020,dummy-llama-30b-m,dummy-lora-7b-rank-32-3,514,62,553.2610520820211
10021,dummy-llama-30b-m,dummy-lora-7b-rank-128-1,208,66,553.3292635730818
10022,dummy-llama-30b-m,dummy-lora-7b-rank-64-2,597,16,553.3319324632845
10023,dummy-llama-30b-m,dummy-lora-7b-rank-8-1,613,21,553.3513642404349
10024,dummy-llama-30b-m,dummy-lora-7b-rank-64-2,560,25,553.4242084466889
10025,dummy-llama-30b-m,dummy-lora-7b-rank-128-0,609,25,553.4977878444563
10026,dummy-llama-30b-m,dummy-lora-7b-rank-32-2,613,7,553.5118607223643
10027,dummy-llama-30b-m,dummy-lora-7b-rank-8-4,729,120,553.5196617611759
10028,dummy-llama-30b-m,dummy-lora-7b-rank-128-4,552,19,553.5245944925875
10029,dummy-llama-30b-m,dummy-lora-7b-rank-16-0,554,20,553.5505982048551
10030,dummy-llama-30b-m,dummy-lora-7b-rank-16-1,221,9,553.5772117145386
10031,dummy-llama-30b-m,dummy-lora-7b-rank-16-3,209,3,553.5999217718321
10032,dummy-llama-30b-m,dummy-lora-7b-rank-128-2,393,43,553.6328816206914
10033,dummy-llama-30b-m,dummy-lora-7b-rank-16-2,581,41,553.7023737259658
10034,dummy-llama-30b-m,dummy-lora-7b-rank-64-4,879,121,553.7146904013233
10035,dummy-llama-30b-m,dummy-lora-7b-rank-128-1,403,47,553.9827799305866
10036,dummy-llama-30b-m,dummy-lora-7b-rank-32-2,414,8,553.9927041185758
10037,dummy-llama-30b-m,dummy-lora-7b-rank-64-3,257,45,554.088076322026
10038,dummy-llama-30b-m,dummy-lora-7b-rank-8-3,510,9,554.1172967338364
10039,dummy-llama-30b-m,dummy-lora-7b-rank-8-0,615,25,554.1692309840398
10040,dummy-llama-30b-m,dummy-lora-7b-rank-8-0,505,77,554.2014344802918
10041,dummy-llama-30b-m,dummy-lora-7b-rank-8-4,397,49,554.2099222440119
10042,dummy-llama-30b-m,dummy-lora-7b-rank-8-4,560,23,554.2192870672523
10043,dummy-llama-30b-m,dummy-lora-7b-rank-64-1,584,18,554.2720887220074
10044,dummy-llama-30b-m,dummy-lora-7b-rank-32-0,956,9,554.3137710932406
10045,dummy-llama-30b-m,dummy-lora-7b-rank-128-4,160,112,554.4251051584878
10046,dummy-llama-30b-m,dummy-lora-7b-rank-128-0,275,182,554.4759783878889
10047,dummy-llama-30b-m,dummy-lora-7b-rank-64-1,568,32,554.544173507649
10048,dummy-llama-30b-m,dummy-lora-7b-rank-16-3,552,19,554.5741592948726
10049,dummy-llama-30b-m,dummy-lora-7b-rank-64-0,637,16,554.6038060178098
10050,dummy-llama-30b-m,dummy-lora-7b-rank-32-4,783,238,554.6070840918718
10051,dummy-llama-30b-m,dummy-lora-7b-rank-32-1,599,13,554.6203389967521
10052,dummy-llama-30b-m,dummy-lora-7b-rank-32-0,558,23,554.7290073250662
10053,dummy-llama-30b-m,dummy-lora-7b-rank-16-4,234,45,554.7385228771534
10054,dummy-llama-30b-m,dummy-lora-7b-rank-8-4,734,105,554.7515518105212
10055,dummy-llama-30b-m,dummy-lora-7b-rank-16-2,381,145,554.989139450464
10056,dummy-llama-30b-m,dummy-lora-7b-rank-128-2,468,47,555.0707256673829
10057,dummy-llama-30b-m,dummy-lora-7b-rank-32-3,556,23,555.499492255127
10058,dummy-llama-30b-m,dummy-lora-7b-rank-128-2,657,8,555.5006428001172
10059,dummy-llama-30b-m,dummy-lora-7b-rank-64-3,407,13,555.519428544464
10060,dummy-llama-30b-m,dummy-lora-7b-rank-32-1,169,63,555.7136565227609
10061,dummy-llama-30b-m,dummy-lora-7b-rank-64-0,563,81,555.7644873275988
10062,dummy-llama-30b-m,dummy-lora-7b-rank-32-0,274,46,555.9038656392124
10063,dummy-llama-30b-m,dummy-lora-7b-rank-32-3,122,58,555.9078893214855
10064,dummy-llama-30b-m,dummy-lora-7b-rank-16-2,556,21,555.9346063107882
10065,dummy-llama-30b-m,dummy-lora-7b-rank-8-0,604,27,556.071370847932
10066,dummy-llama-30b-m,dummy-lora-7b-rank-32-4,185,65,556.0813287198655
10067,dummy-llama-30b-m,dummy-lora-7b-rank-32-4,361,99,556.1606801908498
10068,dummy-llama-30b-m,dummy-lora-7b-rank-16-1,908,100,556.1625836526096
10069,dummy-llama-30b-m,dummy-lora-7b-rank-8-3,293,74,556.1776232762699
10070,dummy-llama-30b-m,dummy-lora-7b-rank-64-1,355,48,556.201066784194
10071,dummy-llama-30b-m,dummy-lora-7b-rank-64-1,597,16,556.2610793508067
10072,dummy-llama-30b-m,dummy-lora-7b-rank-128-4,598,44,556.2636170078922
10073,dummy-llama-30b-m,dummy-lora-7b-rank-32-4,625,30,556.3344526520511
10074,dummy-llama-30b-m,dummy-lora-7b-rank-32-1,359,51,556.3585513125282
10075,dummy-llama-30b-m,dummy-lora-7b-rank-16-4,359,10,556.4630758365628
10076,dummy-llama-30b-m,dummy-lora-7b-rank-128-2,394,51,556.4709291927796
10077,dummy-llama-30b-m,dummy-lora-7b-rank-128-0,554,22,556.4818683853582
10078,dummy-llama-30b-m,dummy-lora-7b-rank-16-4,427,39,556.5114189001262
10079,dummy-llama-30b-m,dummy-lora-7b-rank-32-1,559,22,556.5321982365144
10080,dummy-llama-30b-m,dummy-lora-7b-rank-16-1,114,49,556.5445767392757
10081,dummy-llama-30b-m,dummy-lora-7b-rank-8-2,558,10,556.5616982347
10082,dummy-llama-30b-m,dummy-lora-7b-rank-128-2,300,96,556.5827201752643
10083,dummy-llama-30b-m,dummy-lora-7b-rank-64-4,609,23,556.6786674817719
10084,dummy-llama-30b-m,dummy-lora-7b-rank-8-0,243,124,556.6846749029797
10085,dummy-llama-30b-m,dummy-lora-7b-rank-8-0,594,83,556.7528900295223
10086,dummy-llama-30b-m,dummy-lora-7b-rank-64-2,698,3,556.8092251099037
10087,dummy-llama-30b-m,dummy-lora-7b-rank-32-2,324,54,557.0694824386784
10088,dummy-llama-30b-m,dummy-lora-7b-rank-128-4,949,49,557.1487600621731
10089,dummy-llama-30b-m,dummy-lora-7b-rank-32-3,631,33,557.1583258479682
10090,dummy-llama-30b-m,dummy-lora-7b-rank-32-3,342,92,557.2174262960087
10091,dummy-llama-30b-m,dummy-lora-7b-rank-8-0,584,10,557.2380133567862
10092,dummy-llama-30b-m,dummy-lora-7b-rank-16-4,155,39,557.2752050761085
10093,dummy-llama-30b-m,dummy-lora-7b-rank-32-3,333,56,557.399941003231
10094,dummy-llama-30b-m,dummy-lora-7b-rank-32-2,749,30,557.4538582059162
10095,dummy-llama-30b-m,dummy-lora-7b-rank-128-4,365,44,557.5188242435124
10096,dummy-llama-30b-m,dummy-lora-7b-rank-32-1,557,17,557.5427845318247
10097,dummy-llama-30b-m,dummy-lora-7b-rank-128-3,425,4,557.6998020974363
10098,dummy-llama-30b-m,dummy-lora-7b-rank-32-0,556,21,557.7769299646955
10099,dummy-llama-30b-m,dummy-lora-7b-rank-64-2,878,22,557.7960417875602
10100,dummy-llama-30b-m,dummy-lora-7b-rank-16-0,568,30,557.9598330888858
10101,dummy-llama-30b-m,dummy-lora-7b-rank-8-2,556,24,558.0958382150495
10102,dummy-llama-30b-m,dummy-lora-7b-rank-16-3,415,42,558.0992604220977
10103,dummy-llama-30b-m,dummy-lora-7b-rank-64-3,624,17,558.2284893845008
10104,dummy-llama-30b-m,dummy-lora-7b-rank-128-4,184,48,558.2460845302764
10105,dummy-llama-30b-m,dummy-lora-7b-rank-8-4,526,14,558.3758267557472
10106,dummy-llama-30b-m,dummy-lora-7b-rank-16-3,605,10,558.4002505969414
10107,dummy-llama-30b-m,dummy-lora-7b-rank-32-0,733,3,558.4122186026276
10108,dummy-llama-30b-m,dummy-lora-7b-rank-8-1,504,98,558.4415866413752
10109,dummy-llama-30b-m,dummy-lora-7b-rank-64-0,552,19,558.4824967928324
10110,dummy-llama-30b-m,dummy-lora-7b-rank-128-3,773,47,558.5534852245889
10111,dummy-llama-30b-m,dummy-lora-7b-rank-32-4,550,18,558.5705659151271
10112,dummy-llama-30b-m,dummy-lora-7b-rank-64-3,908,93,558.7331848012474
10113,dummy-llama-30b-m,dummy-lora-7b-rank-8-4,636,12,559.1462620725207
10114,dummy-llama-30b-m,dummy-lora-7b-rank-16-0,556,23,559.1778104574296
10115,dummy-llama-30b-m,dummy-lora-7b-rank-16-2,601,18,559.1825875038279
10116,dummy-llama-30b-m,dummy-lora-7b-rank-32-2,481,42,559.2038815930894
10117,dummy-llama-30b-m,dummy-lora-7b-rank-128-2,650,29,559.2855670577612
10118,dummy-llama-30b-m,dummy-lora-7b-rank-64-1,558,23,559.3070565198105
10119,dummy-llama-30b-m,dummy-lora-7b-rank-16-4,852,38,559.3527803456373
10120,dummy-llama-30b-m,dummy-lora-7b-rank-8-0,501,10,559.4223397516015
10121,dummy-llama-30b-m,dummy-lora-7b-rank-8-2,550,10,559.591162001368
10122,dummy-llama-30b-m,dummy-lora-7b-rank-64-4,268,47,559.6408905405004
10123,dummy-llama-30b-m,dummy-lora-7b-rank-128-3,577,49,559.6551738849035
10124,dummy-llama-30b-m,dummy-lora-7b-rank-16-2,421,44,559.6835486091057
10125,dummy-llama-30b-m,dummy-lora-7b-rank-128-1,383,244,559.7153650296036
10126,dummy-llama-30b-m,dummy-lora-7b-rank-8-2,556,23,559.7560190571519
10127,dummy-llama-30b-m,dummy-lora-7b-rank-16-3,580,33,559.783648763013
10128,dummy-llama-30b-m,dummy-lora-7b-rank-16-1,272,55,559.7855057929345
10129,dummy-llama-30b-m,dummy-lora-7b-rank-64-1,456,35,559.8113557032709
10130,dummy-llama-30b-m,dummy-lora-7b-rank-128-2,619,83,559.881443665319
10131,dummy-llama-30b-m,dummy-lora-7b-rank-32-2,771,16,559.9886296061817
10132,dummy-llama-30b-m,dummy-lora-7b-rank-16-1,513,70,559.9938930429968
10133,dummy-llama-30b-m,dummy-lora-7b-rank-128-0,554,20,560.0778635740676
10134,dummy-llama-30b-m,dummy-lora-7b-rank-8-0,602,39,560.1124496725547
10135,dummy-llama-30b-m,dummy-lora-7b-rank-64-1,558,13,560.1475241086999
10136,dummy-llama-30b-m,dummy-lora-7b-rank-32-3,638,11,560.1696179081079
10137,dummy-llama-30b-m,dummy-lora-7b-rank-32-3,121,93,560.1717235160673
10138,dummy-llama-30b-m,dummy-lora-7b-rank-64-1,290,11,560.2635371502813
10139,dummy-llama-30b-m,dummy-lora-7b-rank-32-1,386,191,560.424488781008
10140,dummy-llama-30b-m,dummy-lora-7b-rank-8-4,558,44,560.4283806378463
10141,dummy-llama-30b-m,dummy-lora-7b-rank-64-1,1022,77,560.5188402907122
10142,dummy-llama-30b-m,dummy-lora-7b-rank-16-2,343,56,560.5431471633926
10143,dummy-llama-30b-m,dummy-lora-7b-rank-64-4,596,14,560.6853125788946
10144,dummy-llama-30b-m,dummy-lora-7b-rank-8-1,240,5,560.7053863198852
10145,dummy-llama-30b-m,dummy-lora-7b-rank-128-4,556,21,560.7503174982819
10146,dummy-llama-30b-m,dummy-lora-7b-rank-16-3,260,115,560.7769595545777
10147,dummy-llama-30b-m,dummy-lora-7b-rank-8-3,567,23,560.7846161761951
10148,dummy-llama-30b-m,dummy-lora-7b-rank-16-3,605,16,560.8759880099817
10149,dummy-llama-30b-m,dummy-lora-7b-rank-128-4,436,47,560.8942246867994
10150,dummy-llama-30b-m,dummy-lora-7b-rank-128-1,368,48,560.8963717840595
10151,dummy-llama-30b-m,dummy-lora-7b-rank-32-0,552,11,560.9076809289577
10152,dummy-llama-30b-m,dummy-lora-7b-rank-32-3,574,76,560.9492086494234
10153,dummy-llama-30b-m,dummy-lora-7b-rank-8-3,99,36,560.9529000186191
10154,dummy-llama-30b-m,dummy-lora-7b-rank-128-4,607,4,560.9607433049038
10155,dummy-llama-30b-m,dummy-lora-7b-rank-128-0,562,24,561.0448519218605
10156,dummy-llama-30b-m,dummy-lora-7b-rank-16-2,886,31,561.2231808236149
10157,dummy-llama-30b-m,dummy-lora-7b-rank-16-3,368,53,561.2813838486923
10158,dummy-llama-30b-m,dummy-lora-7b-rank-32-0,673,20,561.5050590490235
10159,dummy-llama-30b-m,dummy-lora-7b-rank-16-1,590,21,561.5327990205637
10160,dummy-llama-30b-m,dummy-lora-7b-rank-8-1,463,65,561.5578815402495
10161,dummy-llama-30b-m,dummy-lora-7b-rank-16-2,588,204,561.6067394475053
10162,dummy-llama-30b-m,dummy-lora-7b-rank-16-1,458,40,561.6946567793931
10163,dummy-llama-30b-m,dummy-lora-7b-rank-8-4,564,21,561.7674620358302
10164,dummy-llama-30b-m,dummy-lora-7b-rank-8-2,562,25,561.8130586665698
10165,dummy-llama-30b-m,dummy-lora-7b-rank-8-2,653,19,561.8293885569237
10166,dummy-llama-30b-m,dummy-lora-7b-rank-32-3,563,116,561.8876710698189
10167,dummy-llama-30b-m,dummy-lora-7b-rank-32-1,620,7,561.8879504397838
10168,dummy-llama-30b-m,dummy-lora-7b-rank-8-0,550,20,561.9917517972566
10169,dummy-llama-30b-m,dummy-lora-7b-rank-32-4,570,48,562.0063310939314
10170,dummy-llama-30b-m,dummy-lora-7b-rank-128-3,534,5,562.0148426830539
10171,dummy-llama-30b-m,dummy-lora-7b-rank-32-4,595,29,562.0372593718668
10172,dummy-llama-30b-m,dummy-lora-7b-rank-64-4,595,24,562.1347127507983
10173,dummy-llama-30b-m,dummy-lora-7b-rank-128-0,562,26,562.2054241554996
10174,dummy-llama-30b-m,dummy-lora-7b-rank-32-2,452,51,562.2244159961274
10175,dummy-llama-30b-m,dummy-lora-7b-rank-32-4,540,98,562.2774494422962
10176,dummy-llama-30b-m,dummy-lora-7b-rank-32-4,558,23,562.2954959507003
10177,dummy-llama-30b-m,dummy-lora-7b-rank-64-2,556,22,562.328225779145
10178,dummy-llama-30b-m,dummy-lora-7b-rank-64-2,326,40,562.344354328609
10179,dummy-llama-30b-m,dummy-lora-7b-rank-128-0,484,79,562.3538366558284
10180,dummy-llama-30b-m,dummy-lora-7b-rank-32-4,384,46,562.6524701720393
10181,dummy-llama-30b-m,dummy-lora-7b-rank-8-1,230,32,562.6534636219693
10182,dummy-llama-30b-m,dummy-lora-7b-rank-32-4,560,25,562.831274082263
10183,dummy-llama-30b-m,dummy-lora-7b-rank-128-3,114,46,562.8460463439484
10184,dummy-llama-30b-m,dummy-lora-7b-rank-8-1,617,19,562.919484340345
10185,dummy-llama-30b-m,dummy-lora-7b-rank-32-0,550,18,562.9232364238894
10186,dummy-llama-30b-m,dummy-lora-7b-rank-128-4,550,18,562.9255392805711
10187,dummy-llama-30b-m,dummy-lora-7b-rank-8-4,236,156,562.9575378469234
10188,dummy-llama-30b-m,dummy-lora-7b-rank-64-4,743,10,562.9846282374976
10189,dummy-llama-30b-m,dummy-lora-7b-rank-128-2,382,157,562.9960434074342
10190,dummy-llama-30b-m,dummy-lora-7b-rank-128-0,586,36,563.0064950425366
10191,dummy-llama-30b-m,dummy-lora-7b-rank-16-1,283,45,563.208400291501
10192,dummy-llama-30b-m,dummy-lora-7b-rank-64-1,520,17,563.3416197386329
10193,dummy-llama-30b-m,dummy-lora-7b-rank-64-2,548,17,563.3729399334246
10194,dummy-llama-30b-m,dummy-lora-7b-rank-32-1,193,8,563.423971447643
10195,dummy-llama-30b-m,dummy-lora-7b-rank-16-1,564,16,563.5009930519587
10196,dummy-llama-30b-m,dummy-lora-7b-rank-8-4,402,11,563.5832112682863
10197,dummy-llama-30b-m,dummy-lora-7b-rank-8-0,305,62,563.6707198046371
10198,dummy-llama-30b-m,dummy-lora-7b-rank-128-1,145,129,563.6845381131815
10199,dummy-llama-30b-m,dummy-lora-7b-rank-128-4,615,34,563.7043028284487
10200,dummy-llama-30b-m,dummy-lora-7b-rank-32-0,554,20,563.8778006323935
10201,dummy-llama-30b-m,dummy-lora-7b-rank-8-2,383,57,563.9909274155129
10202,dummy-llama-30b-m,dummy-lora-7b-rank-16-3,600,26,564.0804226665164
10203,dummy-llama-30b-m,dummy-lora-7b-rank-128-2,563,53,564.1177479637263
10204,dummy-llama-30b-m,dummy-lora-7b-rank-8-2,186,37,564.1442180927676
10205,dummy-llama-30b-m,dummy-lora-7b-rank-32-1,194,48,564.1560559229071
10206,dummy-llama-30b-m,dummy-lora-7b-rank-16-3,568,26,564.1778707113411
10207,dummy-llama-30b-m,dummy-lora-7b-rank-16-0,218,218,564.2136959916932
10208,dummy-llama-30b-m,dummy-lora-7b-rank-32-1,172,58,564.2434884093425
10209,dummy-llama-30b-m,dummy-lora-7b-rank-128-4,400,42,564.271805487748
10210,dummy-llama-30b-m,dummy-lora-7b-rank-32-3,588,12,564.2797499007617
10211,dummy-llama-30b-m,dummy-lora-7b-rank-64-0,774,86,564.3429620269575
10212,dummy-llama-30b-m,dummy-lora-7b-rank-8-4,578,35,564.4325632907226
10213,dummy-llama-30b-m,dummy-lora-7b-rank-128-2,607,21,564.5078021323388
10214,dummy-llama-30b-m,dummy-lora-7b-rank-8-0,629,30,564.5287669245685
10215,dummy-llama-30b-m,dummy-lora-7b-rank-32-2,153,93,564.7103574866978
10216,dummy-llama-30b-m,dummy-lora-7b-rank-64-0,466,24,564.7305949419705
10217,dummy-llama-30b-m,dummy-lora-7b-rank-32-2,498,11,564.7366990111534
10218,dummy-llama-30b-m,dummy-lora-7b-rank-8-3,570,26,564.8122378570205
10219,dummy-llama-30b-m,dummy-lora-7b-rank-128-1,754,26,564.8225883270085
10220,dummy-llama-30b-m,dummy-lora-7b-rank-16-3,606,45,564.8911105326798
10221,dummy-llama-30b-m,dummy-lora-7b-rank-16-3,635,26,564.9763830783979
10222,dummy-llama-30b-m,dummy-lora-7b-rank-32-2,603,19,565.0785083356054
10223,dummy-llama-30b-m,dummy-lora-7b-rank-128-0,566,27,565.1445383599284
10224,dummy-llama-30b-m,dummy-lora-7b-rank-32-4,258,52,565.1598314308563
10225,dummy-llama-30b-m,dummy-lora-7b-rank-64-3,210,44,565.1946694910521
10226,dummy-llama-30b-m,dummy-lora-7b-rank-16-3,570,24,565.2512847923527
10227,dummy-llama-30b-m,dummy-lora-7b-rank-16-1,830,37,565.2599953582761
10228,dummy-llama-30b-m,dummy-lora-7b-rank-8-0,601,18,565.3377194775189
10229,dummy-llama-30b-m,dummy-lora-7b-rank-16-1,962,177,565.3684297672827
10230,dummy-llama-30b-m,dummy-lora-7b-rank-128-4,995,63,565.470645307365
10231,dummy-llama-30b-m,dummy-lora-7b-rank-128-2,560,23,565.7204857286035
10232,dummy-llama-30b-m,dummy-lora-7b-rank-128-1,542,11,565.7841844875226
10233,dummy-llama-30b-m,dummy-lora-7b-rank-16-1,568,28,565.8738155002005
10234,dummy-llama-30b-m,dummy-lora-7b-rank-32-1,297,188,565.9046122978255
10235,dummy-llama-30b-m,dummy-lora-7b-rank-8-3,614,52,565.9073653713602
10236,dummy-llama-30b-m,dummy-lora-7b-rank-8-2,190,48,565.966712036588
10237,dummy-llama-30b-m,dummy-lora-7b-rank-32-2,556,23,566.0117032479238
10238,dummy-llama-30b-m,dummy-lora-7b-rank-128-2,614,11,566.0262878928486
10239,dummy-llama-30b-m,dummy-lora-7b-rank-8-0,635,26,566.104028002557
10240,dummy-llama-30b-m,dummy-lora-7b-rank-16-2,724,71,566.1215485643509
10241,dummy-llama-30b-m,dummy-lora-7b-rank-8-4,299,195,566.1371178966583
10242,dummy-llama-30b-m,dummy-lora-7b-rank-128-1,793,49,566.1557069347792
10243,dummy-llama-30b-m,dummy-lora-7b-rank-16-2,450,34,566.1860180661495
10244,dummy-llama-30b-m,dummy-lora-7b-rank-32-2,329,92,566.1946479954527
10245,dummy-llama-30b-m,dummy-lora-7b-rank-8-2,919,125,566.2323945423101
10246,dummy-llama-30b-m,dummy-lora-7b-rank-128-2,597,16,566.2367229500978
10247,dummy-llama-30b-m,dummy-lora-7b-rank-128-0,558,22,566.3139401087835
10248,dummy-llama-30b-m,dummy-lora-7b-rank-16-2,366,58,566.4299199851021
10249,dummy-llama-30b-m,dummy-lora-7b-rank-8-3,815,51,566.4521145829691
10250,dummy-llama-30b-m,dummy-lora-7b-rank-128-0,611,3,566.4816012084937
10251,dummy-llama-30b-m,dummy-lora-7b-rank-8-4,564,26,566.5451326328558
10252,dummy-llama-30b-m,dummy-lora-7b-rank-128-0,382,226,566.5979206220283
10253,dummy-llama-30b-m,dummy-lora-7b-rank-16-0,556,21,566.6213140478645
10254,dummy-llama-30b-m,dummy-lora-7b-rank-16-2,877,166,566.6681236837596
10255,dummy-llama-30b-m,dummy-lora-7b-rank-8-3,617,19,566.6801370825673
10256,dummy-llama-30b-m,dummy-lora-7b-rank-8-3,234,52,566.6886467041528
10257,dummy-llama-30b-m,dummy-lora-7b-rank-128-1,250,58,566.7860941696053
10258,dummy-llama-30b-m,dummy-lora-7b-rank-128-3,260,43,566.8414215910594
10259,dummy-llama-30b-m,dummy-lora-7b-rank-16-3,556,13,566.8836324783873
10260,dummy-llama-30b-m,dummy-lora-7b-rank-8-1,491,50,566.9202968845956
10261,dummy-llama-30b-m,dummy-lora-7b-rank-16-2,434,8,566.9940483222907
10262,dummy-llama-30b-m,dummy-lora-7b-rank-8-4,258,46,567.0068290517542
10263,dummy-llama-30b-m,dummy-lora-7b-rank-32-1,550,18,567.0471629401998
10264,dummy-llama-30b-m,dummy-lora-7b-rank-32-2,337,49,567.0619859230166
10265,dummy-llama-30b-m,dummy-lora-7b-rank-64-4,550,19,567.2072055799921
10266,dummy-llama-30b-m,dummy-lora-7b-rank-128-0,598,21,567.248530867235
10267,dummy-llama-30b-m,dummy-lora-7b-rank-16-3,531,12,567.2641015769351
10268,dummy-llama-30b-m,dummy-lora-7b-rank-8-2,596,13,567.4113981290222
10269,dummy-llama-30b-m,dummy-lora-7b-rank-128-3,336,45,567.4612383038584
10270,dummy-llama-30b-m,dummy-lora-7b-rank-64-2,558,14,567.5137262933175
10271,dummy-llama-30b-m,dummy-lora-7b-rank-64-4,604,47,567.5413784897073
10272,dummy-llama-30b-m,dummy-lora-7b-rank-32-4,498,10,567.6301372790508
10273,dummy-llama-30b-m,dummy-lora-7b-rank-128-2,357,44,567.6852585952712
10274,dummy-llama-30b-m,dummy-lora-7b-rank-8-4,709,90,567.7258978286662
10275,dummy-llama-30b-m,dummy-lora-7b-rank-16-1,430,7,567.7586775095137
10276,dummy-llama-30b-m,dummy-lora-7b-rank-64-1,106,67,567.8135442351138
10277,dummy-llama-30b-m,dummy-lora-7b-rank-32-2,558,48,567.8413150609648
10278,dummy-llama-30b-m,dummy-lora-7b-rank-8-0,550,18,567.9734402480879
10279,dummy-llama-30b-m,dummy-lora-7b-rank-128-3,552,11,568.019715232597
10280,dummy-llama-30b-m,dummy-lora-7b-rank-64-2,880,57,568.1528566886333
10281,dummy-llama-30b-m,dummy-lora-7b-rank-8-3,554,20,568.1849603012164
10282,dummy-llama-30b-m,dummy-lora-7b-rank-16-2,554,20,568.1952864687295
10283,dummy-llama-30b-m,dummy-lora-7b-rank-8-3,610,21,568.2354543373133
10284,dummy-llama-30b-m,dummy-lora-7b-rank-32-2,552,19,568.2373934022105
10285,dummy-llama-30b-m,dummy-lora-7b-rank-16-2,514,64,568.2875624524739
10286,dummy-llama-30b-m,dummy-lora-7b-rank-16-1,556,26,568.2973741058767
10287,dummy-llama-30b-m,dummy-lora-7b-rank-32-1,544,75,568.331098189549
10288,dummy-llama-30b-m,dummy-lora-7b-rank-8-3,560,23,568.3403691272861
10289,dummy-llama-30b-m,dummy-lora-7b-rank-16-0,568,26,568.4738032281999
10290,dummy-llama-30b-m,dummy-lora-7b-rank-64-0,586,2,568.5651441699738
10291,dummy-llama-30b-m,dummy-lora-7b-rank-16-1,127,49,568.6706203024848
10292,dummy-llama-30b-m,dummy-lora-7b-rank-8-0,550,18,568.6817588288881
10293,dummy-llama-30b-m,dummy-lora-7b-rank-16-2,560,10,568.7421878212498
10294,dummy-llama-30b-m,dummy-lora-7b-rank-16-0,332,43,568.7604234221272
10295,dummy-llama-30b-m,dummy-lora-7b-rank-8-0,271,51,568.8058372014467
10296,dummy-llama-30b-m,dummy-lora-7b-rank-16-0,289,12,568.8606009063379
10297,dummy-llama-30b-m,dummy-lora-7b-rank-128-0,420,8,568.9033050480934
10298,dummy-llama-30b-m,dummy-lora-7b-rank-16-4,332,209,568.9576397911885
10299,dummy-llama-30b-m,dummy-lora-7b-rank-8-3,750,32,569.0497413026369
10300,dummy-llama-30b-m,dummy-lora-7b-rank-64-3,164,44,569.0872536697021
10301,dummy-llama-30b-m,dummy-lora-7b-rank-128-4,556,18,569.2243660937905
10302,dummy-llama-30b-m,dummy-lora-7b-rank-16-4,175,110,569.3629534422896
10303,dummy-llama-30b-m,dummy-lora-7b-rank-32-4,556,23,569.3758878281526
10304,dummy-llama-30b-m,dummy-lora-7b-rank-8-2,162,40,569.5164696285508
10305,dummy-llama-30b-m,dummy-lora-7b-rank-128-0,102,52,569.5345419531302
10306,dummy-llama-30b-m,dummy-lora-7b-rank-128-1,96,43,569.5606113820918
10307,dummy-llama-30b-m,dummy-lora-7b-rank-128-1,691,9,569.5744543056554
10308,dummy-llama-30b-m,dummy-lora-7b-rank-8-2,394,52,569.6558523804019
10309,dummy-llama-30b-m,dummy-lora-7b-rank-128-4,358,227,569.750085847346
10310,dummy-llama-30b-m,dummy-lora-7b-rank-8-0,96,93,569.7639565743168
10311,dummy-llama-30b-m,dummy-lora-7b-rank-8-1,107,31,569.7811072502632
10312,dummy-llama-30b-m,dummy-lora-7b-rank-128-3,800,52,569.801627756858
10313,dummy-llama-30b-m,dummy-lora-7b-rank-32-0,192,42,569.8366017651506
10314,dummy-llama-30b-m,dummy-lora-7b-rank-128-4,309,85,569.8523600308359
10315,dummy-llama-30b-m,dummy-lora-7b-rank-8-3,419,7,569.9834391819618
10316,dummy-llama-30b-m,dummy-lora-7b-rank-128-2,515,57,570.2090553698239
10317,dummy-llama-30b-m,dummy-lora-7b-rank-32-1,744,58,570.2145019083291
10318,dummy-llama-30b-m,dummy-lora-7b-rank-16-2,329,9,570.3723903016711
10319,dummy-llama-30b-m,dummy-lora-7b-rank-8-0,463,42,570.4246352846193
10320,dummy-llama-30b-m,dummy-lora-7b-rank-64-2,317,45,570.471759012471
10321,dummy-llama-30b-m,dummy-lora-7b-rank-8-3,560,26,570.4719109106478
10322,dummy-llama-30b-m,dummy-lora-7b-rank-8-3,603,47,570.5646649646818
10323,dummy-llama-30b-m,dummy-lora-7b-rank-128-4,590,40,570.5765334349037
10324,dummy-llama-30b-m,dummy-lora-7b-rank-64-2,556,23,570.5972299864919
10325,dummy-llama-30b-m,dummy-lora-7b-rank-8-2,552,24,570.6393622350446
10326,dummy-llama-30b-m,dummy-lora-7b-rank-32-1,54,91,570.6593325527973
10327,dummy-llama-30b-m,dummy-lora-7b-rank-64-4,625,31,570.6806099281806
10328,dummy-llama-30b-m,dummy-lora-7b-rank-64-1,659,6,570.7253188339306
10329,dummy-llama-30b-m,dummy-lora-7b-rank-8-0,434,7,570.7882971728906
10330,dummy-llama-30b-m,dummy-lora-7b-rank-8-0,292,7,570.8021619533748
10331,dummy-llama-30b-m,dummy-lora-7b-rank-16-1,252,170,570.9120789469688
10332,dummy-llama-30b-m,dummy-lora-7b-rank-16-3,851,66,570.980306431023
10333,dummy-llama-30b-m,dummy-lora-7b-rank-32-1,707,8,571.0362825834235
10334,dummy-llama-30b-m,dummy-lora-7b-rank-16-0,366,53,571.1775368144478
10335,dummy-llama-30b-m,dummy-lora-7b-rank-128-4,602,49,571.1848011422612
10336,dummy-llama-30b-m,dummy-lora-7b-rank-8-4,560,22,571.2009805368829
10337,dummy-llama-30b-m,dummy-lora-7b-rank-16-3,1008,3,571.2572545447399
10338,dummy-llama-30b-m,dummy-lora-7b-rank-8-4,546,16,571.3304297602948
10339,dummy-llama-30b-m,dummy-lora-7b-rank-64-4,589,44,571.4674240378037
10340,dummy-llama-30b-m,dummy-lora-7b-rank-16-3,533,62,571.4992537294706
10341,dummy-llama-30b-m,dummy-lora-7b-rank-32-4,636,9,571.581847896836
10342,dummy-llama-30b-m,dummy-lora-7b-rank-32-2,499,107,571.6278516566583
10343,dummy-llama-30b-m,dummy-lora-7b-rank-128-0,426,9,571.7134333205142
10344,dummy-llama-30b-m,dummy-lora-7b-rank-32-0,560,25,571.7287822371331
10345,dummy-llama-30b-m,dummy-lora-7b-rank-16-0,140,65,571.7495973325232
10346,dummy-llama-30b-m,dummy-lora-7b-rank-64-3,204,69,571.752290673676
10347,dummy-llama-30b-m,dummy-lora-7b-rank-16-1,419,16,571.769528188913
10348,dummy-llama-30b-m,dummy-lora-7b-rank-32-3,558,22,571.9113576560751
10349,dummy-llama-30b-m,dummy-lora-7b-rank-128-2,570,31,571.9371667016683
10350,dummy-llama-30b-m,dummy-lora-7b-rank-16-3,233,154,572.1774741867579
10351,dummy-llama-30b-m,dummy-lora-7b-rank-128-2,356,104,572.1777182800702
10352,dummy-llama-30b-m,dummy-lora-7b-rank-8-2,179,61,572.213167484394
10353,dummy-llama-30b-m,dummy-lora-7b-rank-8-0,916,9,572.2556818359665
10354,dummy-llama-30b-m,dummy-lora-7b-rank-64-4,558,24,572.2707277109456
10355,dummy-llama-30b-m,dummy-lora-7b-rank-16-2,58,56,572.2810925609518
10356,dummy-llama-30b-m,dummy-lora-7b-rank-32-2,138,47,572.3050209882529
10357,dummy-llama-30b-m,dummy-lora-7b-rank-64-1,407,14,572.4171497170383
10358,dummy-llama-30b-m,dummy-lora-7b-rank-8-1,541,5,572.5209001603904
10359,dummy-llama-30b-m,dummy-lora-7b-rank-64-1,572,32,572.553459300926
10360,dummy-llama-30b-m,dummy-lora-7b-rank-8-3,448,43,572.5550881826108
10361,dummy-llama-30b-m,dummy-lora-7b-rank-32-2,524,160,572.7521583878836
10362,dummy-llama-30b-m,dummy-lora-7b-rank-8-1,469,37,572.7874168729129
10363,dummy-llama-30b-m,dummy-lora-7b-rank-16-0,291,110,572.8353863403848
10364,dummy-llama-30b-m,dummy-lora-7b-rank-128-2,533,40,572.925153357967
10365,dummy-llama-30b-m,dummy-lora-7b-rank-8-4,374,46,572.969482844953
10366,dummy-llama-30b-m,dummy-lora-7b-rank-16-2,548,19,572.9861619812517
10367,dummy-llama-30b-m,dummy-lora-7b-rank-16-4,574,31,573.167525938699
10368,dummy-llama-30b-m,dummy-lora-7b-rank-128-2,419,11,573.1883597234653
10369,dummy-llama-30b-m,dummy-lora-7b-rank-16-3,432,35,573.251019935767
10370,dummy-llama-30b-m,dummy-lora-7b-rank-16-3,796,101,573.2942260705253
10371,dummy-llama-30b-m,dummy-lora-7b-rank-128-3,588,12,573.3002330991766
10372,dummy-llama-30b-m,dummy-lora-7b-rank-8-4,58,81,573.3238794899943
10373,dummy-llama-30b-m,dummy-lora-7b-rank-8-1,642,62,573.347254842059
10374,dummy-llama-30b-m,dummy-lora-7b-rank-16-0,604,10,573.3784547739892
10375,dummy-llama-30b-m,dummy-lora-7b-rank-16-2,687,47,573.4741135170882
10376,dummy-llama-30b-m,dummy-lora-7b-rank-16-2,631,35,573.5947698609438
10377,dummy-llama-30b-m,dummy-lora-7b-rank-128-3,276,50,573.635983488356
10378,dummy-llama-30b-m,dummy-lora-7b-rank-8-4,298,61,573.6769625681752
10379,dummy-llama-30b-m,dummy-lora-7b-rank-16-3,552,19,573.8452753903352
10380,dummy-llama-30b-m,dummy-lora-7b-rank-64-4,345,46,573.8563928797573
10381,dummy-llama-30b-m,dummy-lora-7b-rank-128-4,329,61,574.0151998473461
10382,dummy-llama-30b-m,dummy-lora-7b-rank-8-3,609,25,574.2743949373968
10383,dummy-llama-30b-m,dummy-lora-7b-rank-64-1,548,17,574.2856361443453
10384,dummy-llama-30b-m,dummy-lora-7b-rank-8-4,382,9,574.2996324644271
10385,dummy-llama-30b-m,dummy-lora-7b-rank-128-1,331,50,574.3198441549821
10386,dummy-llama-30b-m,dummy-lora-7b-rank-8-1,788,13,574.3454848834981
10387,dummy-llama-30b-m,dummy-lora-7b-rank-8-2,255,50,574.4437855546275
10388,dummy-llama-30b-m,dummy-lora-7b-rank-8-1,556,21,574.5281576186884
10389,dummy-llama-30b-m,dummy-lora-7b-rank-16-0,905,3,574.6200753466932
10390,dummy-llama-30b-m,dummy-lora-7b-rank-128-1,476,47,574.6300864447659
10391,dummy-llama-30b-m,dummy-lora-7b-rank-16-4,570,28,574.6641880778329
10392,dummy-llama-30b-m,dummy-lora-7b-rank-16-3,223,33,574.6795194670808
10393,dummy-llama-30b-m,dummy-lora-7b-rank-16-3,550,18,574.7246877812918
10394,dummy-llama-30b-m,dummy-lora-7b-rank-32-0,147,57,574.7784499660864
10395,dummy-llama-30b-m,dummy-lora-7b-rank-32-4,990,43,574.935168309745
10396,dummy-llama-30b-m,dummy-lora-7b-rank-128-4,548,17,575.054678133051
10397,dummy-llama-30b-m,dummy-lora-7b-rank-32-4,268,65,575.0820459270028
10398,dummy-llama-30b-m,dummy-lora-7b-rank-64-0,550,18,575.1690383228545
10399,dummy-llama-30b-m,dummy-lora-7b-rank-8-0,635,11,575.2734178282917
10400,dummy-llama-30b-m,dummy-lora-7b-rank-16-2,627,23,575.2932206843631
10401,dummy-llama-30b-m,dummy-lora-7b-rank-128-3,205,181,575.3080681612646
10402,dummy-llama-30b-m,dummy-lora-7b-rank-8-3,560,23,575.3158193867366
10403,dummy-llama-30b-m,dummy-lora-7b-rank-128-1,514,40,575.3226934350827
10404,dummy-llama-30b-m,dummy-lora-7b-rank-64-3,575,9,575.4724469666859
10405,dummy-llama-30b-m,dummy-lora-7b-rank-128-4,753,47,575.4965960656164
10406,dummy-llama-30b-m,dummy-lora-7b-rank-64-4,445,87,575.514189018213
10407,dummy-llama-30b-m,dummy-lora-7b-rank-128-4,303,38,575.5422897314847
10408,dummy-llama-30b-m,dummy-lora-7b-rank-128-3,165,47,575.5567777912191
10409,dummy-llama-30b-m,dummy-lora-7b-rank-64-1,550,10,575.5899474533819
10410,dummy-llama-30b-m,dummy-lora-7b-rank-8-3,442,42,575.6109958344134
10411,dummy-llama-30b-m,dummy-lora-7b-rank-128-1,601,18,575.7278971252659
10412,dummy-llama-30b-m,dummy-lora-7b-rank-64-0,57,46,575.7387754504786
10413,dummy-llama-30b-m,dummy-lora-7b-rank-128-2,582,65,575.7558570302447
10414,dummy-llama-30b-m,dummy-lora-7b-rank-16-0,552,11,575.8023823238724
10415,dummy-llama-30b-m,dummy-lora-7b-rank-32-3,356,36,575.8724117396031
10416,dummy-llama-30b-m,dummy-lora-7b-rank-8-4,552,21,575.9398766867083
10417,dummy-llama-30b-m,dummy-lora-7b-rank-128-1,704,54,575.9697764818291
10418,dummy-llama-30b-m,dummy-lora-7b-rank-128-0,554,50,576.0291716395378
10419,dummy-llama-30b-m,dummy-lora-7b-rank-64-0,637,15,576.0725779105034
10420,dummy-llama-30b-m,dummy-lora-7b-rank-8-1,550,18,576.2199999815756
10421,dummy-llama-30b-m,dummy-lora-7b-rank-16-3,597,16,576.280427965872
10422,dummy-llama-30b-m,dummy-lora-7b-rank-128-0,369,31,576.3072243657941
10423,dummy-llama-30b-m,dummy-lora-7b-rank-32-2,331,45,576.3133655512448
10424,dummy-llama-30b-m,dummy-lora-7b-rank-8-4,552,10,576.3419319832353
10425,dummy-llama-30b-m,dummy-lora-7b-rank-64-0,802,115,576.3466853060821
10426,dummy-llama-30b-m,dummy-lora-7b-rank-16-4,567,21,576.4461524865031
10427,dummy-llama-30b-m,dummy-lora-7b-rank-8-2,554,12,576.4887019394047
10428,dummy-llama-30b-m,dummy-lora-7b-rank-16-1,765,58,576.509962584147
10429,dummy-llama-30b-m,dummy-lora-7b-rank-128-1,338,41,576.5713295359537
10430,dummy-llama-30b-m,dummy-lora-7b-rank-64-2,304,38,576.5830803347503
10431,dummy-llama-30b-m,dummy-lora-7b-rank-128-4,463,187,576.8544708800852
10432,dummy-llama-30b-m,dummy-lora-7b-rank-32-1,552,20,577.0691721981392
10433,dummy-llama-30b-m,dummy-lora-7b-rank-128-4,284,6,577.082083125458
10434,dummy-llama-30b-m,dummy-lora-7b-rank-8-4,559,19,577.1099540533083
10435,dummy-llama-30b-m,dummy-lora-7b-rank-8-2,86,45,577.1136990451337
10436,dummy-llama-30b-m,dummy-lora-7b-rank-32-3,513,4,577.2052696336142
10437,dummy-llama-30b-m,dummy-lora-7b-rank-16-4,334,43,577.2462787298759
10438,dummy-llama-30b-m,dummy-lora-7b-rank-64-3,371,37,577.247375485044
10439,dummy-llama-30b-m,dummy-lora-7b-rank-128-3,621,10,577.289204955272
10440,dummy-llama-30b-m,dummy-lora-7b-rank-8-2,177,2,577.3156779976412
10441,dummy-llama-30b-m,dummy-lora-7b-rank-64-0,307,139,577.4343756183182
10442,dummy-llama-30b-m,dummy-lora-7b-rank-8-0,547,54,577.4397352359042
10443,dummy-llama-30b-m,dummy-lora-7b-rank-128-3,558,14,577.4789364851392
10444,dummy-llama-30b-m,dummy-lora-7b-rank-8-1,891,9,577.5178264830548
10445,dummy-llama-30b-m,dummy-lora-7b-rank-8-4,592,10,577.6555982524151
10446,dummy-llama-30b-m,dummy-lora-7b-rank-32-4,630,38,577.6914716322169
10447,dummy-llama-30b-m,dummy-lora-7b-rank-8-0,554,22,577.74188023691
10448,dummy-llama-30b-m,dummy-lora-7b-rank-64-4,584,35,577.7568635984796
10449,dummy-llama-30b-m,dummy-lora-7b-rank-32-0,556,19,577.82695130776
10450,dummy-llama-30b-m,dummy-lora-7b-rank-128-0,704,121,577.8805105037093
10451,dummy-llama-30b-m,dummy-lora-7b-rank-128-0,619,227,577.9068544832024
10452,dummy-llama-30b-m,dummy-lora-7b-rank-16-2,85,44,577.959476052592
10453,dummy-llama-30b-m,dummy-lora-7b-rank-64-4,701,74,578.0484929574775
10454,dummy-llama-30b-m,dummy-lora-7b-rank-64-1,341,152,578.076438793551
10455,dummy-llama-30b-m,dummy-lora-7b-rank-128-0,248,127,578.0948595243365
10456,dummy-llama-30b-m,dummy-lora-7b-rank-16-0,556,23,578.1067796466515
10457,dummy-llama-30b-m,dummy-lora-7b-rank-8-2,667,18,578.1172618713098
10458,dummy-llama-30b-m,dummy-lora-7b-rank-8-2,741,51,578.2255455725822
10459,dummy-llama-30b-m,dummy-lora-7b-rank-128-0,550,18,578.2721040077274
10460,dummy-llama-30b-m,dummy-lora-7b-rank-32-4,362,53,578.3248356505438
10461,dummy-llama-30b-m,dummy-lora-7b-rank-8-1,562,8,578.4327449567545
10462,dummy-llama-30b-m,dummy-lora-7b-rank-64-1,364,45,578.5048495496571
10463,dummy-llama-30b-m,dummy-lora-7b-rank-16-1,805,97,578.5171639949555
10464,dummy-llama-30b-m,dummy-lora-7b-rank-8-0,583,164,578.6190757645031
10465,dummy-llama-30b-m,dummy-lora-7b-rank-64-0,481,110,578.6527224512708
10466,dummy-llama-30b-m,dummy-lora-7b-rank-8-2,550,2,578.6638185089936
10467,dummy-llama-30b-m,dummy-lora-7b-rank-8-1,214,40,578.7041845199374
10468,dummy-llama-30b-m,dummy-lora-7b-rank-64-1,597,11,578.9012314283333
10469,dummy-llama-30b-m,dummy-lora-7b-rank-8-2,161,103,579.0371637126063
10470,dummy-llama-30b-m,dummy-lora-7b-rank-8-1,279,59,579.1238300149263
10471,dummy-llama-30b-m,dummy-lora-7b-rank-8-4,556,21,579.3743940110867
10472,dummy-llama-30b-m,dummy-lora-7b-rank-32-1,635,25,579.4904537270446
10473,dummy-llama-30b-m,dummy-lora-7b-rank-128-2,244,81,579.4922130743049
10474,dummy-llama-30b-m,dummy-lora-7b-rank-64-0,315,209,579.571759892862
10475,dummy-llama-30b-m,dummy-lora-7b-rank-16-4,588,10,579.5847256698534
10476,dummy-llama-30b-m,dummy-lora-7b-rank-32-4,515,49,579.5922333414504
10477,dummy-llama-30b-m,dummy-lora-7b-rank-128-2,389,8,579.6198511872893
10478,dummy-llama-30b-m,dummy-lora-7b-rank-16-2,106,46,579.6210061715577
10479,dummy-llama-30b-m,dummy-lora-7b-rank-64-3,550,20,579.6251496603875
10480,dummy-llama-30b-m,dummy-lora-7b-rank-64-4,432,56,579.6267000703316
10481,dummy-llama-30b-m,dummy-lora-7b-rank-16-3,597,16,579.6824163791906
10482,dummy-llama-30b-m,dummy-lora-7b-rank-64-4,596,16,579.7036678909169
10483,dummy-llama-30b-m,dummy-lora-7b-rank-64-3,396,5,579.7414126519983
10484,dummy-llama-30b-m,dummy-lora-7b-rank-32-3,566,20,579.8742616040819
10485,dummy-llama-30b-m,dummy-lora-7b-rank-32-4,334,37,579.9520292128597
10486,dummy-llama-30b-m,dummy-lora-7b-rank-8-3,614,8,579.9594412482335
10487,dummy-llama-30b-m,dummy-lora-7b-rank-128-3,131,38,579.9793803806498
10488,dummy-llama-30b-m,dummy-lora-7b-rank-32-3,431,5,579.9853522204575
10489,dummy-llama-30b-m,dummy-lora-7b-rank-128-2,788,45,580.0754756195399
10490,dummy-llama-30b-m,dummy-lora-7b-rank-16-3,915,44,580.1297605726385
10491,dummy-llama-30b-m,dummy-lora-7b-rank-32-1,735,12,580.1298367859512
10492,dummy-llama-30b-m,dummy-lora-7b-rank-64-2,269,78,580.1337462508259
10493,dummy-llama-30b-m,dummy-lora-7b-rank-16-3,564,25,580.1500287420323
10494,dummy-llama-30b-m,dummy-lora-7b-rank-32-1,326,47,580.1561991631354
10495,dummy-llama-30b-m,dummy-lora-7b-rank-64-1,670,57,580.2545198562366
10496,dummy-llama-30b-m,dummy-lora-7b-rank-64-3,590,20,580.2648788901123
10497,dummy-llama-30b-m,dummy-lora-7b-rank-32-4,570,29,580.2927712276385
10498,dummy-llama-30b-m,dummy-lora-7b-rank-32-2,367,60,580.4160851423763
10499,dummy-llama-30b-m,dummy-lora-7b-rank-64-3,564,28,580.4654695532232
10500,dummy-llama-30b-m,dummy-lora-7b-rank-64-2,261,13,580.497144379236
10501,dummy-llama-30b-m,dummy-lora-7b-rank-64-2,586,31,580.5863617150841
10502,dummy-llama-30b-m,dummy-lora-7b-rank-16-0,554,20,580.7766129228041
10503,dummy-llama-30b-m,dummy-lora-7b-rank-128-2,594,15,580.8195120182601
10504,dummy-llama-30b-m,dummy-lora-7b-rank-64-2,574,31,580.8398223747192
10505,dummy-llama-30b-m,dummy-lora-7b-rank-64-4,786,16,580.8468818080953
10506,dummy-llama-30b-m,dummy-lora-7b-rank-8-4,208,146,580.9015458720235
10507,dummy-llama-30b-m,dummy-lora-7b-rank-64-2,435,71,580.9197035186908
10508,dummy-llama-30b-m,dummy-lora-7b-rank-8-2,533,81,580.9289527795329
10509,dummy-llama-30b-m,dummy-lora-7b-rank-32-0,582,37,580.9570446023155
10510,dummy-llama-30b-m,dummy-lora-7b-rank-8-1,524,125,581.0394941286455
10511,dummy-llama-30b-m,dummy-lora-7b-rank-64-0,262,59,581.1268744024719
10512,dummy-llama-30b-m,dummy-lora-7b-rank-64-2,556,21,581.1521796105486
10513,dummy-llama-30b-m,dummy-lora-7b-rank-64-2,255,54,581.1934240460496
10514,dummy-llama-30b-m,dummy-lora-7b-rank-32-1,728,11,581.1974326437735
10515,dummy-llama-30b-m,dummy-lora-7b-rank-32-2,501,101,581.2186445516577
10516,dummy-llama-30b-m,dummy-lora-7b-rank-128-0,94,58,581.3307324951628
10517,dummy-llama-30b-m,dummy-lora-7b-rank-16-2,546,7,581.3624612169726
10518,dummy-llama-30b-m,dummy-lora-7b-rank-16-4,199,10,581.3944273490603
10519,dummy-llama-30b-m,dummy-lora-7b-rank-16-1,422,52,581.4090595406126
10520,dummy-llama-30b-m,dummy-lora-7b-rank-128-1,558,25,581.4550088668815
10521,dummy-llama-30b-m,dummy-lora-7b-rank-16-4,124,48,581.5484872320205
10522,dummy-llama-30b-m,dummy-lora-7b-rank-16-4,560,25,581.6220948331032
10523,dummy-llama-30b-m,dummy-lora-7b-rank-32-0,262,44,581.672898739512
10524,dummy-llama-30b-m,dummy-lora-7b-rank-128-4,317,108,581.7495917069236
10525,dummy-llama-30b-m,dummy-lora-7b-rank-64-1,669,54,581.8206915837425
10526,dummy-llama-30b-m,dummy-lora-7b-rank-8-0,439,10,581.8571736237799
10527,dummy-llama-30b-m,dummy-lora-7b-rank-64-3,222,50,582.071311898272
10528,dummy-llama-30b-m,dummy-lora-7b-rank-32-3,361,11,582.1999194344428
10529,dummy-llama-30b-m,dummy-lora-7b-rank-16-1,676,8,582.2062782502795
10530,dummy-llama-30b-m,dummy-lora-7b-rank-64-1,582,19,582.2321989936655
10531,dummy-llama-30b-m,dummy-lora-7b-rank-128-1,561,63,582.4155545668896
10532,dummy-llama-30b-m,dummy-lora-7b-rank-64-1,981,52,582.5473491437988
10533,dummy-llama-30b-m,dummy-lora-7b-rank-64-2,552,19,582.6694067783043
10534,dummy-llama-30b-m,dummy-lora-7b-rank-32-4,491,43,582.6877819339791
10535,dummy-llama-30b-m,dummy-lora-7b-rank-16-4,215,120,582.747835398317
10536,dummy-llama-30b-m,dummy-lora-7b-rank-32-2,349,43,582.8323125088123
10537,dummy-llama-30b-m,dummy-lora-7b-rank-32-4,215,94,582.8351398365558
10538,dummy-llama-30b-m,dummy-lora-7b-rank-16-1,605,12,582.8443619470002
10539,dummy-llama-30b-m,dummy-lora-7b-rank-64-4,653,84,582.8518138655049
10540,dummy-llama-30b-m,dummy-lora-7b-rank-8-3,899,3,582.8624033859666
10541,dummy-llama-30b-m,dummy-lora-7b-rank-128-4,405,11,582.9054149467333
10542,dummy-llama-30b-m,dummy-lora-7b-rank-128-0,430,64,582.9484457972773
10543,dummy-llama-30b-m,dummy-lora-7b-rank-8-3,544,101,582.9510464880533
10544,dummy-llama-30b-m,dummy-lora-7b-rank-64-3,573,90,582.9625769354873
10545,dummy-llama-30b-m,dummy-lora-7b-rank-16-0,992,71,582.9733540930913
10546,dummy-llama-30b-m,dummy-lora-7b-rank-64-2,482,63,582.9923024321605
10547,dummy-llama-30b-m,dummy-lora-7b-rank-32-4,393,59,583.0156907030986
10548,dummy-llama-30b-m,dummy-lora-7b-rank-16-2,328,51,583.1247505904789
10549,dummy-llama-30b-m,dummy-lora-7b-rank-128-2,556,23,583.2673388912601
10550,dummy-llama-30b-m,dummy-lora-7b-rank-128-1,551,11,583.2834659048846
10551,dummy-llama-30b-m,dummy-lora-7b-rank-8-2,689,20,583.3420294813142
10552,dummy-llama-30b-m,dummy-lora-7b-rank-8-1,483,40,583.3436428203463
10553,dummy-llama-30b-m,dummy-lora-7b-rank-32-2,554,20,583.6312680935868
10554,dummy-llama-30b-m,dummy-lora-7b-rank-16-1,602,6,583.7765786882828
10555,dummy-llama-30b-m,dummy-lora-7b-rank-32-0,314,20,583.8867653223588
10556,dummy-llama-30b-m,dummy-lora-7b-rank-32-1,967,86,583.893786223987
10557,dummy-llama-30b-m,dummy-lora-7b-rank-8-2,574,33,583.8992233241341
10558,dummy-llama-30b-m,dummy-lora-7b-rank-64-1,343,51,583.9060815067353
10559,dummy-llama-30b-m,dummy-lora-7b-rank-32-4,559,22,583.9448651586699
10560,dummy-llama-30b-m,dummy-lora-7b-rank-32-2,871,80,583.9790557457719
10561,dummy-llama-30b-m,dummy-lora-7b-rank-64-3,527,52,583.980038104954
10562,dummy-llama-30b-m,dummy-lora-7b-rank-128-1,372,40,584.0364819365077
10563,dummy-llama-30b-m,dummy-lora-7b-rank-64-0,548,17,584.1014439805675
10564,dummy-llama-30b-m,dummy-lora-7b-rank-16-4,772,44,584.169931535726
10565,dummy-llama-30b-m,dummy-lora-7b-rank-64-3,742,7,584.2602531847547
10566,dummy-llama-30b-m,dummy-lora-7b-rank-64-2,378,126,584.3132921003051
10567,dummy-llama-30b-m,dummy-lora-7b-rank-64-0,361,44,584.3207139486694
10568,dummy-llama-30b-m,dummy-lora-7b-rank-32-2,418,89,584.4701702811294
10569,dummy-llama-30b-m,dummy-lora-7b-rank-16-0,222,39,584.6204951859934
10570,dummy-llama-30b-m,dummy-lora-7b-rank-32-2,374,52,584.6219865463551
10571,dummy-llama-30b-m,dummy-lora-7b-rank-32-0,317,162,584.6226202095156
10572,dummy-llama-30b-m,dummy-lora-7b-rank-16-1,538,96,584.7050740625075
10573,dummy-llama-30b-m,dummy-lora-7b-rank-8-4,307,12,584.8763743170629
10574,dummy-llama-30b-m,dummy-lora-7b-rank-32-4,200,50,584.9300467967406
10575,dummy-llama-30b-m,dummy-lora-7b-rank-128-0,695,72,584.9305564148145
10576,dummy-llama-30b-m,dummy-lora-7b-rank-128-2,256,141,584.9528069713639
10577,dummy-llama-30b-m,dummy-lora-7b-rank-8-1,311,125,585.0330053176093
10578,dummy-llama-30b-m,dummy-lora-7b-rank-16-0,479,11,585.1370352361545
10579,dummy-llama-30b-m,dummy-lora-7b-rank-8-1,245,39,585.1562266451713
10580,dummy-llama-30b-m,dummy-lora-7b-rank-128-1,785,34,585.1810442083755
10581,dummy-llama-30b-m,dummy-lora-7b-rank-16-0,552,19,585.2998866436021
10582,dummy-llama-30b-m,dummy-lora-7b-rank-64-0,527,34,585.3482038621773
10583,dummy-llama-30b-m,dummy-lora-7b-rank-64-1,187,39,585.3636734894812
10584,dummy-llama-30b-m,dummy-lora-7b-rank-8-1,548,17,585.3866079717848
10585,dummy-llama-30b-m,dummy-lora-7b-rank-32-4,271,45,585.4464169942049
10586,dummy-llama-30b-m,dummy-lora-7b-rank-8-0,468,11,585.4487907696466
10587,dummy-llama-30b-m,dummy-lora-7b-rank-8-2,603,18,585.5020720507105
10588,dummy-llama-30b-m,dummy-lora-7b-rank-16-4,494,6,585.5847713003459
10589,dummy-llama-30b-m,dummy-lora-7b-rank-64-1,137,57,585.5985901600002
10590,dummy-llama-30b-m,dummy-lora-7b-rank-32-4,469,33,585.8003829576875
10591,dummy-llama-30b-m,dummy-lora-7b-rank-32-3,721,11,585.8591389979665
10592,dummy-llama-30b-m,dummy-lora-7b-rank-16-3,592,37,585.8772642667453
10593,dummy-llama-30b-m,dummy-lora-7b-rank-32-4,699,16,585.9279690335784
10594,dummy-llama-30b-m,dummy-lora-7b-rank-64-3,223,43,585.9413867771445
10595,dummy-llama-30b-m,dummy-lora-7b-rank-64-2,618,15,586.070146406924
10596,dummy-llama-30b-m,dummy-lora-7b-rank-128-0,543,66,586.0863155205901
10597,dummy-llama-30b-m,dummy-lora-7b-rank-128-2,623,7,586.0947683792767
10598,dummy-llama-30b-m,dummy-lora-7b-rank-8-4,526,49,586.0975483177912
10599,dummy-llama-30b-m,dummy-lora-7b-rank-8-3,566,29,586.2031337534195
10600,dummy-llama-30b-m,dummy-lora-7b-rank-32-0,566,20,586.2080449809611
10601,dummy-llama-30b-m,dummy-lora-7b-rank-8-2,608,3,586.3139693701154
10602,dummy-llama-30b-m,dummy-lora-7b-rank-8-1,605,20,586.3498907445638
10603,dummy-llama-30b-m,dummy-lora-7b-rank-16-0,498,38,586.3743808886286
10604,dummy-llama-30b-m,dummy-lora-7b-rank-8-2,598,2,586.4084699182761
10605,dummy-llama-30b-m,dummy-lora-7b-rank-128-1,594,23,586.4335564716791
10606,dummy-llama-30b-m,dummy-lora-7b-rank-16-0,558,25,586.4600735689096
10607,dummy-llama-30b-m,dummy-lora-7b-rank-32-4,454,11,586.4923777713551
10608,dummy-llama-30b-m,dummy-lora-7b-rank-8-3,460,36,586.516290091869
10609,dummy-llama-30b-m,dummy-lora-7b-rank-8-4,51,46,586.5790870512686
10610,dummy-llama-30b-m,dummy-lora-7b-rank-64-2,272,39,586.6404216152793
10611,dummy-llama-30b-m,dummy-lora-7b-rank-32-1,585,5,586.6629768557033
10612,dummy-llama-30b-m,dummy-lora-7b-rank-8-2,150,46,586.700487940504
10613,dummy-llama-30b-m,dummy-lora-7b-rank-16-4,606,39,586.7566033646091
10614,dummy-llama-30b-m,dummy-lora-7b-rank-8-1,609,20,587.153325486688
10615,dummy-llama-30b-m,dummy-lora-7b-rank-16-3,544,8,587.1863815420759
10616,dummy-llama-30b-m,dummy-lora-7b-rank-32-1,380,5,587.3131312077703
10617,dummy-llama-30b-m,dummy-lora-7b-rank-64-2,61,86,587.3605525668249
10618,dummy-llama-30b-m,dummy-lora-7b-rank-8-1,924,30,587.4107138576916
10619,dummy-llama-30b-m,dummy-lora-7b-rank-16-2,325,6,587.4152046584989
10620,dummy-llama-30b-m,dummy-lora-7b-rank-128-4,567,12,587.4500115588291
10621,dummy-llama-30b-m,dummy-lora-7b-rank-128-3,363,8,587.4581069315449
10622,dummy-llama-30b-m,dummy-lora-7b-rank-32-3,326,46,587.5391384330723
10623,dummy-llama-30b-m,dummy-lora-7b-rank-64-4,586,9,587.6744535759615
10624,dummy-llama-30b-m,dummy-lora-7b-rank-32-1,560,25,587.6992110208715
10625,dummy-llama-30b-m,dummy-lora-7b-rank-128-0,528,78,587.8431302275993
10626,dummy-llama-30b-m,dummy-lora-7b-rank-8-3,397,8,587.8530394539225
10627,dummy-llama-30b-m,dummy-lora-7b-rank-32-1,572,92,587.9072586377756
10628,dummy-llama-30b-m,dummy-lora-7b-rank-16-3,579,29,587.9260195543358
10629,dummy-llama-30b-m,dummy-lora-7b-rank-8-2,533,45,587.9997648154912
10630,dummy-llama-30b-m,dummy-lora-7b-rank-16-2,384,116,588.005639301226
10631,dummy-llama-30b-m,dummy-lora-7b-rank-64-1,212,126,588.1562618025768
10632,dummy-llama-30b-m,dummy-lora-7b-rank-32-4,396,54,588.2208557443778
10633,dummy-llama-30b-m,dummy-lora-7b-rank-64-3,190,47,588.2959331247619
10634,dummy-llama-30b-m,dummy-lora-7b-rank-16-0,506,51,588.352445316405
10635,dummy-llama-30b-m,dummy-lora-7b-rank-16-4,371,55,588.6365993946248
10636,dummy-llama-30b-m,dummy-lora-7b-rank-32-2,592,8,588.6888714240858
10637,dummy-llama-30b-m,dummy-lora-7b-rank-64-0,398,57,588.7557884841282
10638,dummy-llama-30b-m,dummy-lora-7b-rank-128-0,568,24,588.832829874317
10639,dummy-llama-30b-m,dummy-lora-7b-rank-16-0,407,108,588.9210901918444
10640,dummy-llama-30b-m,dummy-lora-7b-rank-64-3,552,22,588.9276977546909
10641,dummy-llama-30b-m,dummy-lora-7b-rank-8-1,832,75,588.9814072571412
10642,dummy-llama-30b-m,dummy-lora-7b-rank-32-3,365,9,589.0545928564152
10643,dummy-llama-30b-m,dummy-lora-7b-rank-128-4,284,52,589.1505520400035
10644,dummy-llama-30b-m,dummy-lora-7b-rank-128-3,723,9,589.1967919087814
10645,dummy-llama-30b-m,dummy-lora-7b-rank-16-3,402,11,589.31875571673
10646,dummy-llama-30b-m,dummy-lora-7b-rank-32-1,366,98,589.3982937182701
10647,dummy-llama-30b-m,dummy-lora-7b-rank-16-2,354,59,589.4087491116261
10648,dummy-llama-30b-m,dummy-lora-7b-rank-32-2,554,16,589.4423726829812
10649,dummy-llama-30b-m,dummy-lora-7b-rank-128-2,552,21,589.4703059075747
10650,dummy-llama-30b-m,dummy-lora-7b-rank-8-0,175,51,589.5220368034983
10651,dummy-llama-30b-m,dummy-lora-7b-rank-128-2,142,41,589.5408661897467
10652,dummy-llama-30b-m,dummy-lora-7b-rank-32-0,354,27,589.5518490536493
10653,dummy-llama-30b-m,dummy-lora-7b-rank-8-4,550,10,589.5601923902685
10654,dummy-llama-30b-m,dummy-lora-7b-rank-8-1,562,24,589.5871115616031
10655,dummy-llama-30b-m,dummy-lora-7b-rank-128-4,453,70,589.6805031238335
10656,dummy-llama-30b-m,dummy-lora-7b-rank-128-3,772,18,589.7478924091655
10657,dummy-llama-30b-m,dummy-lora-7b-rank-16-3,615,36,589.7905803543551
10658,dummy-llama-30b-m,dummy-lora-7b-rank-8-1,436,51,589.872913366537
10659,dummy-llama-30b-m,dummy-lora-7b-rank-8-2,616,7,589.9695690239325
10660,dummy-llama-30b-m,dummy-lora-7b-rank-32-4,560,20,589.9893028471487
10661,dummy-llama-30b-m,dummy-lora-7b-rank-8-1,611,51,590.0187156037856
10662,dummy-llama-30b-m,dummy-lora-7b-rank-16-0,272,78,590.0303472984962
10663,dummy-llama-30b-m,dummy-lora-7b-rank-8-3,350,9,590.0944297558104
10664,dummy-llama-30b-m,dummy-lora-7b-rank-64-4,756,70,590.1122328781282
10665,dummy-llama-30b-m,dummy-lora-7b-rank-128-1,461,61,590.1590228419252
10666,dummy-llama-30b-m,dummy-lora-7b-rank-16-0,342,92,590.1613965942989
10667,dummy-llama-30b-m,dummy-lora-7b-rank-128-0,550,19,590.2259797658224
10668,dummy-llama-30b-m,dummy-lora-7b-rank-32-3,83,37,590.232317359077
10669,dummy-llama-30b-m,dummy-lora-7b-rank-64-3,675,83,590.2948793068776
10670,dummy-llama-30b-m,dummy-lora-7b-rank-32-4,756,149,590.3783541769686
10671,dummy-llama-30b-m,dummy-lora-7b-rank-32-2,621,44,590.404974498447
10672,dummy-llama-30b-m,dummy-lora-7b-rank-64-4,645,22,590.4223549779243
10673,dummy-llama-30b-m,dummy-lora-7b-rank-128-0,562,28,590.4288869495696
10674,dummy-llama-30b-m,dummy-lora-7b-rank-128-0,572,23,590.4383798262163
10675,dummy-llama-30b-m,dummy-lora-7b-rank-16-4,615,25,590.5518309846343
10676,dummy-llama-30b-m,dummy-lora-7b-rank-16-1,238,35,590.7243874623523
10677,dummy-llama-30b-m,dummy-lora-7b-rank-128-4,85,38,590.7316805453984
10678,dummy-llama-30b-m,dummy-lora-7b-rank-64-3,619,22,590.7781546077836
10679,dummy-llama-30b-m,dummy-lora-7b-rank-128-4,135,39,590.8626819466361
10680,dummy-llama-30b-m,dummy-lora-7b-rank-8-4,206,119,590.8832052116958
10681,dummy-llama-30b-m,dummy-lora-7b-rank-128-2,647,10,590.9464895740305
10682,dummy-llama-30b-m,dummy-lora-7b-rank-8-0,558,22,591.2529504177477
10683,dummy-llama-30b-m,dummy-lora-7b-rank-128-0,285,5,591.2749179295436
10684,dummy-llama-30b-m,dummy-lora-7b-rank-8-2,6,20,591.3386895756274
10685,dummy-llama-30b-m,dummy-lora-7b-rank-8-2,791,192,591.357172782866
10686,dummy-llama-30b-m,dummy-lora-7b-rank-32-2,877,156,591.3948713780709
10687,dummy-llama-30b-m,dummy-lora-7b-rank-8-3,98,32,591.4192598263712
10688,dummy-llama-30b-m,dummy-lora-7b-rank-8-3,560,23,591.4760548173798
10689,dummy-llama-30b-m,dummy-lora-7b-rank-16-1,590,41,591.5377996345701
10690,dummy-llama-30b-m,dummy-lora-7b-rank-32-4,596,24,591.5909947077538
10691,dummy-llama-30b-m,dummy-lora-7b-rank-128-3,402,38,591.6091775471972
10692,dummy-llama-30b-m,dummy-lora-7b-rank-128-1,228,51,591.6369558503952
10693,dummy-llama-30b-m,dummy-lora-7b-rank-8-0,335,17,591.6483809523094
10694,dummy-llama-30b-m,dummy-lora-7b-rank-8-4,609,18,591.6757428891049
10695,dummy-llama-30b-m,dummy-lora-7b-rank-128-4,556,13,591.8033786833477
10696,dummy-llama-30b-m,dummy-lora-7b-rank-16-3,105,53,591.9476277137735
10697,dummy-llama-30b-m,dummy-lora-7b-rank-32-0,609,19,592.0634639310664
10698,dummy-llama-30b-m,dummy-lora-7b-rank-64-0,595,21,592.0826921067711
10699,dummy-llama-30b-m,dummy-lora-7b-rank-128-3,902,43,592.1566814099039
10700,dummy-llama-30b-m,dummy-lora-7b-rank-8-3,566,38,592.1586595207217
10701,dummy-llama-30b-m,dummy-lora-7b-rank-16-1,175,130,592.2150942156696
10702,dummy-llama-30b-m,dummy-lora-7b-rank-64-0,905,11,592.2267365972443
10703,dummy-llama-30b-m,dummy-lora-7b-rank-32-0,405,16,592.2501780359688
10704,dummy-llama-30b-m,dummy-lora-7b-rank-32-2,450,10,592.2867071391995
10705,dummy-llama-30b-m,dummy-lora-7b-rank-64-1,995,32,592.299843168485
10706,dummy-llama-30b-m,dummy-lora-7b-rank-8-4,486,60,592.357792421501
10707,dummy-llama-30b-m,dummy-lora-7b-rank-16-2,503,19,592.4221195294065
10708,dummy-llama-30b-m,dummy-lora-7b-rank-128-4,554,20,592.462467076202
10709,dummy-llama-30b-m,dummy-lora-7b-rank-16-0,593,20,592.4781236782978
10710,dummy-llama-30b-m,dummy-lora-7b-rank-64-3,225,163,592.5037204481808
10711,dummy-llama-30b-m,dummy-lora-7b-rank-8-2,1023,101,592.6100326389292
10712,dummy-llama-30b-m,dummy-lora-7b-rank-128-0,468,94,592.6797788508381
10713,dummy-llama-30b-m,dummy-lora-7b-rank-8-4,316,39,592.7195454030899
10714,dummy-llama-30b-m,dummy-lora-7b-rank-128-2,491,98,592.822237921435
10715,dummy-llama-30b-m,dummy-lora-7b-rank-8-0,564,16,592.9168356401736
10716,dummy-llama-30b-m,dummy-lora-7b-rank-16-3,734,3,592.9957073289024
10717,dummy-llama-30b-m,dummy-lora-7b-rank-128-2,182,49,593.0011718883562
10718,dummy-llama-30b-m,dummy-lora-7b-rank-8-3,578,25,593.0922897807682
10719,dummy-llama-30b-m,dummy-lora-7b-rank-8-2,644,49,593.0935641672054
10720,dummy-llama-30b-m,dummy-lora-7b-rank-8-2,817,53,593.1937833673899
10721,dummy-llama-30b-m,dummy-lora-7b-rank-64-4,602,40,593.224857311807
10722,dummy-llama-30b-m,dummy-lora-7b-rank-128-4,590,2,593.2467542786293
10723,dummy-llama-30b-m,dummy-lora-7b-rank-32-3,404,11,593.2543048219854
10724,dummy-llama-30b-m,dummy-lora-7b-rank-16-2,369,45,593.3682190356169
10725,dummy-llama-30b-m,dummy-lora-7b-rank-64-0,618,9,593.4771816218815
10726,dummy-llama-30b-m,dummy-lora-7b-rank-16-3,431,37,593.4804338849959
10727,dummy-llama-30b-m,dummy-lora-7b-rank-64-4,614,41,593.5522413158913
10728,dummy-llama-30b-m,dummy-lora-7b-rank-32-1,404,11,593.6245269753642
10729,dummy-llama-30b-m,dummy-lora-7b-rank-16-2,195,70,593.8763872528953
10730,dummy-llama-30b-m,dummy-lora-7b-rank-64-3,578,59,593.9339169622671
10731,dummy-llama-30b-m,dummy-lora-7b-rank-8-0,576,31,593.9853678077743
10732,dummy-llama-30b-m,dummy-lora-7b-rank-16-3,556,23,594.0598394270106
10733,dummy-llama-30b-m,dummy-lora-7b-rank-16-4,576,32,594.0840732508058
10734,dummy-llama-30b-m,dummy-lora-7b-rank-8-4,710,33,594.0853298531953
10735,dummy-llama-30b-m,dummy-lora-7b-rank-8-1,6,20,594.188824805706
10736,dummy-llama-30b-m,dummy-lora-7b-rank-8-4,748,183,594.2233112581495
10737,dummy-llama-30b-m,dummy-lora-7b-rank-16-4,552,11,594.2732909998124
10738,dummy-llama-30b-m,dummy-lora-7b-rank-32-4,317,36,594.3096234846744
10739,dummy-llama-30b-m,dummy-lora-7b-rank-128-4,613,82,594.3421187876828
10740,dummy-llama-30b-m,dummy-lora-7b-rank-128-2,570,17,594.4648738366592
10741,dummy-llama-30b-m,dummy-lora-7b-rank-16-0,517,49,594.5621603241082
10742,dummy-llama-30b-m,dummy-lora-7b-rank-128-2,814,80,594.5890892694871
10743,dummy-llama-30b-m,dummy-lora-7b-rank-8-1,329,39,594.5989557035967
10744,dummy-llama-30b-m,dummy-lora-7b-rank-128-0,344,42,594.5989557125599
10745,dummy-llama-30b-m,dummy-lora-7b-rank-64-3,611,22,594.6544163869569
10746,dummy-llama-30b-m,dummy-lora-7b-rank-32-3,562,25,594.7216192744131
10747,dummy-llama-30b-m,dummy-lora-7b-rank-32-3,894,33,594.8657765440927
10748,dummy-llama-30b-m,dummy-lora-7b-rank-64-4,598,28,594.8986617233332
10749,dummy-llama-30b-m,dummy-lora-7b-rank-64-1,203,177,594.9027149825449
10750,dummy-llama-30b-m,dummy-lora-7b-rank-16-1,542,11,594.941206024783
10751,dummy-llama-30b-m,dummy-lora-7b-rank-64-2,565,26,594.9916077689834
10752,dummy-llama-30b-m,dummy-lora-7b-rank-16-2,660,67,594.9981655787649
10753,dummy-llama-30b-m,dummy-lora-7b-rank-32-2,603,95,595.0417529562795
10754,dummy-llama-30b-m,dummy-lora-7b-rank-8-0,557,20,595.0481740856237
10755,dummy-llama-30b-m,dummy-lora-7b-rank-16-2,227,83,595.120519447434
10756,dummy-llama-30b-m,dummy-lora-7b-rank-16-1,479,58,595.131009998425
10757,dummy-llama-30b-m,dummy-lora-7b-rank-64-1,154,34,595.2418306162363
10758,dummy-llama-30b-m,dummy-lora-7b-rank-16-0,403,4,595.2669156717623
10759,dummy-llama-30b-m,dummy-lora-7b-rank-32-3,404,34,595.3957019457387
10760,dummy-llama-30b-m,dummy-lora-7b-rank-8-4,519,47,595.4120177769321
10761,dummy-llama-30b-m,dummy-lora-7b-rank-8-2,906,13,595.4191514617097
10762,dummy-llama-30b-m,dummy-lora-7b-rank-8-2,603,22,595.4207489392724
10763,dummy-llama-30b-m,dummy-lora-7b-rank-128-4,974,81,595.4455450184065
10764,dummy-llama-30b-m,dummy-lora-7b-rank-64-2,733,14,595.4770756096043
10765,dummy-llama-30b-m,dummy-lora-7b-rank-128-1,732,85,595.5036239756242
10766,dummy-llama-30b-m,dummy-lora-7b-rank-16-3,554,187,595.550274208884
10767,dummy-llama-30b-m,dummy-lora-7b-rank-64-0,526,11,595.6528810236081
10768,dummy-llama-30b-m,dummy-lora-7b-rank-8-3,650,6,595.6901919020823
10769,dummy-llama-30b-m,dummy-lora-7b-rank-128-4,376,46,595.7158144863782
10770,dummy-llama-30b-m,dummy-lora-7b-rank-64-0,607,19,595.7444961718189
10771,dummy-llama-30b-m,dummy-lora-7b-rank-32-1,455,49,595.7534596743108
10772,dummy-llama-30b-m,dummy-lora-7b-rank-32-2,529,40,595.7791010559173
10773,dummy-llama-30b-m,dummy-lora-7b-rank-32-3,552,11,595.8336875269543
10774,dummy-llama-30b-m,dummy-lora-7b-rank-16-0,108,55,595.8431810771576
10775,dummy-llama-30b-m,dummy-lora-7b-rank-128-4,564,27,595.9344901742546
10776,dummy-llama-30b-m,dummy-lora-7b-rank-16-3,546,51,596.0136366316423
10777,dummy-llama-30b-m,dummy-lora-7b-rank-128-1,511,75,596.0522008601392
10778,dummy-llama-30b-m,dummy-lora-7b-rank-128-4,663,81,596.0764183088631
10779,dummy-llama-30b-m,dummy-lora-7b-rank-64-4,609,9,596.1220070567634
10780,dummy-llama-30b-m,dummy-lora-7b-rank-128-4,550,20,596.406261827127
10781,dummy-llama-30b-m,dummy-lora-7b-rank-32-1,949,5,596.4485708548584
10782,dummy-llama-30b-m,dummy-lora-7b-rank-16-1,343,43,596.4800802972602
10783,dummy-llama-30b-m,dummy-lora-7b-rank-16-3,241,159,596.5281386800918
10784,dummy-llama-30b-m,dummy-lora-7b-rank-64-4,867,44,596.530080628592
10785,dummy-llama-30b-m,dummy-lora-7b-rank-32-1,763,50,596.5393039404182
10786,dummy-llama-30b-m,dummy-lora-7b-rank-16-0,471,55,596.566229607808
10787,dummy-llama-30b-m,dummy-lora-7b-rank-32-1,403,9,596.6212653063665
10788,dummy-llama-30b-m,dummy-lora-7b-rank-32-1,1018,77,596.6804000189705
10789,dummy-llama-30b-m,dummy-lora-7b-rank-16-4,440,13,596.6965711506168
10790,dummy-llama-30b-m,dummy-lora-7b-rank-128-0,720,40,596.7676357594264
10791,dummy-llama-30b-m,dummy-lora-7b-rank-8-2,601,18,596.8852378295687
10792,dummy-llama-30b-m,dummy-lora-7b-rank-32-1,550,18,596.9524769052069
10793,dummy-llama-30b-m,dummy-lora-7b-rank-32-0,515,183,596.992966295272
10794,dummy-llama-30b-m,dummy-lora-7b-rank-64-4,476,5,597.015034954014
10795,dummy-llama-30b-m,dummy-lora-7b-rank-16-1,239,86,597.0360310716212
10796,dummy-llama-30b-m,dummy-lora-7b-rank-8-4,358,154,597.0719782809356
10797,dummy-llama-30b-m,dummy-lora-7b-rank-32-2,556,21,597.0755534399415
10798,dummy-llama-30b-m,dummy-lora-7b-rank-8-3,617,37,597.176363913469
10799,dummy-llama-30b-m,dummy-lora-7b-rank-128-2,406,45,597.1998148132471
