req_id,model_dir,adapter_dir,prompt_len,output_len,req_time
0,dummy-llama-70b-m,dummy-lora-llama-70b-m-rank-64-2,556,18,0.14093364912060935
1,dummy-llama-70b-m,dummy-lora-llama-70b-m-rank-16-4,295,56,0.17602867836821728
2,dummy-llama-70b-m,dummy-lora-llama-70b-m-rank-64-4,562,27,0.1794074647296411
3,dummy-llama-70b-m,dummy-lora-llama-70b-m-rank-8-3,216,59,0.31923762888476337
4,dummy-llama-70b-m,dummy-lora-llama-70b-m-rank-32-4,729,10,0.38614521170662347
5,dummy-llama-70b-m,dummy-lora-llama-70b-m-rank-32-4,556,13,0.580381120360728
6,dummy-llama-70b-m,dummy-lora-llama-70b-m-rank-8-2,245,55,0.8127427942011896
7,dummy-llama-70b-m,dummy-lora-llama-70b-m-rank-64-2,408,65,0.9321773943279112
8,dummy-llama-70b-m,dummy-lora-llama-70b-m-rank-32-4,326,8,0.9715198339007288
9,dummy-llama-70b-m,dummy-lora-llama-70b-m-rank-64-2,219,69,1.1363149821828746
10,dummy-llama-70b-m,dummy-lora-llama-70b-m-rank-8-4,693,23,1.167849017957905
11,dummy-llama-70b-m,dummy-lora-llama-70b-m-rank-64-2,352,49,1.176817849622149
12,dummy-llama-70b-m,dummy-lora-llama-70b-m-rank-32-1,411,56,1.249170108956112
13,dummy-llama-70b-m,dummy-lora-llama-70b-m-rank-64-0,431,51,1.4544910593233678
14,dummy-llama-70b-m,dummy-lora-llama-70b-m-rank-32-3,318,49,1.4890001949749225
15,dummy-llama-70b-m,dummy-lora-llama-70b-m-rank-128-0,703,90,1.5522366859163852
16,dummy-llama-70b-m,dummy-lora-llama-70b-m-rank-32-0,865,18,1.6204249084308997
17,dummy-llama-70b-m,dummy-lora-llama-70b-m-rank-16-0,570,30,2.0068201635826224
18,dummy-llama-70b-m,dummy-lora-llama-70b-m-rank-8-3,240,132,2.0083932573418966
19,dummy-llama-70b-m,dummy-lora-llama-70b-m-rank-64-3,693,47,2.1477548622684144
20,dummy-llama-70b-m,dummy-lora-llama-70b-m-rank-64-3,749,34,2.1775198189631335
21,dummy-llama-70b-m,dummy-lora-llama-70b-m-rank-16-3,405,57,2.2148543478087657
22,dummy-llama-70b-m,dummy-lora-llama-70b-m-rank-128-2,244,149,2.304084169278053
23,dummy-llama-70b-m,dummy-lora-llama-70b-m-rank-16-4,560,15,2.3963133117278774
24,dummy-llama-70b-m,dummy-lora-llama-70b-m-rank-32-4,566,27,2.4693639780783583
25,dummy-llama-70b-m,dummy-lora-llama-70b-m-rank-128-2,576,34,2.4724710608715377
26,dummy-llama-70b-m,dummy-lora-llama-70b-m-rank-64-3,564,27,2.609398298639122
27,dummy-llama-70b-m,dummy-lora-llama-70b-m-rank-16-4,316,43,2.750839067429325
28,dummy-llama-70b-m,dummy-lora-llama-70b-m-rank-16-4,381,64,2.9024408138622495
29,dummy-llama-70b-m,dummy-lora-llama-70b-m-rank-64-3,820,61,3.017051659190983
30,dummy-llama-70b-m,dummy-lora-llama-70b-m-rank-32-4,204,42,3.090420111453766
31,dummy-llama-70b-m,dummy-lora-llama-70b-m-rank-32-4,471,214,3.157604805758616
32,dummy-llama-70b-m,dummy-lora-llama-70b-m-rank-32-4,344,59,3.3466172149160083
33,dummy-llama-70b-m,dummy-lora-llama-70b-m-rank-16-0,137,49,3.3795871227226737
34,dummy-llama-70b-m,dummy-lora-llama-70b-m-rank-64-4,335,38,3.42727122560082
35,dummy-llama-70b-m,dummy-lora-llama-70b-m-rank-16-4,406,128,3.4800840425703536
36,dummy-llama-70b-m,dummy-lora-llama-70b-m-rank-128-3,369,44,3.667567804123739
37,dummy-llama-70b-m,dummy-lora-llama-70b-m-rank-16-0,796,62,3.6898959961064848
38,dummy-llama-70b-m,dummy-lora-llama-70b-m-rank-8-2,472,46,3.8660215969835248
39,dummy-llama-70b-m,dummy-lora-llama-70b-m-rank-128-2,286,39,3.988158672868194
40,dummy-llama-70b-m,dummy-lora-llama-70b-m-rank-128-3,275,36,4.0012240396145735
41,dummy-llama-70b-m,dummy-lora-llama-70b-m-rank-32-1,566,25,4.0102441941675995
42,dummy-llama-70b-m,dummy-lora-llama-70b-m-rank-64-4,177,42,4.169568505800905
43,dummy-llama-70b-m,dummy-lora-llama-70b-m-rank-32-2,157,120,4.2963514548645065
44,dummy-llama-70b-m,dummy-lora-llama-70b-m-rank-64-0,803,105,4.513667088049137
45,dummy-llama-70b-m,dummy-lora-llama-70b-m-rank-32-3,517,78,4.56874431092088
46,dummy-llama-70b-m,dummy-lora-llama-70b-m-rank-64-4,430,13,4.569857697484092
47,dummy-llama-70b-m,dummy-lora-llama-70b-m-rank-32-0,253,50,4.592140562314496
48,dummy-llama-70b-m,dummy-lora-llama-70b-m-rank-16-0,93,58,4.699584178160579
49,dummy-llama-70b-m,dummy-lora-llama-70b-m-rank-32-2,548,19,4.850547511218077
50,dummy-llama-70b-m,dummy-lora-llama-70b-m-rank-16-1,245,55,5.00896065902086
51,dummy-llama-70b-m,dummy-lora-llama-70b-m-rank-16-1,611,110,5.05355574469664
52,dummy-llama-70b-m,dummy-lora-llama-70b-m-rank-8-1,911,33,5.143443129992425
53,dummy-llama-70b-m,dummy-lora-llama-70b-m-rank-16-4,360,8,5.1468134762428415
54,dummy-llama-70b-m,dummy-lora-llama-70b-m-rank-64-0,617,70,5.2055842134259604
55,dummy-llama-70b-m,dummy-lora-llama-70b-m-rank-32-3,548,17,5.285862815604722
56,dummy-llama-70b-m,dummy-lora-llama-70b-m-rank-32-1,558,24,5.386501516574576
57,dummy-llama-70b-m,dummy-lora-llama-70b-m-rank-128-0,474,48,5.47119629865764
58,dummy-llama-70b-m,dummy-lora-llama-70b-m-rank-32-3,788,87,5.560753579500584
59,dummy-llama-70b-m,dummy-lora-llama-70b-m-rank-32-3,320,84,5.749156481120452
60,dummy-llama-70b-m,dummy-lora-llama-70b-m-rank-128-4,548,17,5.760565162325372
61,dummy-llama-70b-m,dummy-lora-llama-70b-m-rank-8-1,617,22,5.795140309490243
62,dummy-llama-70b-m,dummy-lora-llama-70b-m-rank-32-1,110,41,5.99828396528533
63,dummy-llama-70b-m,dummy-lora-llama-70b-m-rank-8-4,556,15,6.012590196599974
64,dummy-llama-70b-m,dummy-lora-llama-70b-m-rank-32-0,548,17,6.070125812551045
65,dummy-llama-70b-m,dummy-lora-llama-70b-m-rank-128-0,805,42,6.0872577829187104
66,dummy-llama-70b-m,dummy-lora-llama-70b-m-rank-16-2,564,21,6.121169095458613
67,dummy-llama-70b-m,dummy-lora-llama-70b-m-rank-32-3,184,52,6.141323962114157
68,dummy-llama-70b-m,dummy-lora-llama-70b-m-rank-64-4,554,22,6.168107231392791
69,dummy-llama-70b-m,dummy-lora-llama-70b-m-rank-8-0,607,21,6.209291773072938
70,dummy-llama-70b-m,dummy-lora-llama-70b-m-rank-64-3,290,48,6.328955755641287
71,dummy-llama-70b-m,dummy-lora-llama-70b-m-rank-128-0,312,38,6.336073024249517
72,dummy-llama-70b-m,dummy-lora-llama-70b-m-rank-32-4,601,28,6.562877121649857
73,dummy-llama-70b-m,dummy-lora-llama-70b-m-rank-128-1,242,47,6.588335175821617
74,dummy-llama-70b-m,dummy-lora-llama-70b-m-rank-128-1,197,111,6.6077517941494905
75,dummy-llama-70b-m,dummy-lora-llama-70b-m-rank-64-0,618,3,6.613690981581076
76,dummy-llama-70b-m,dummy-lora-llama-70b-m-rank-32-1,711,44,6.640797554456589
77,dummy-llama-70b-m,dummy-lora-llama-70b-m-rank-8-0,580,37,6.677349351726594
78,dummy-llama-70b-m,dummy-lora-llama-70b-m-rank-16-4,601,18,6.978506224731371
79,dummy-llama-70b-m,dummy-lora-llama-70b-m-rank-8-1,474,42,7.021871158815905
80,dummy-llama-70b-m,dummy-lora-llama-70b-m-rank-32-1,206,68,7.041730008029705
81,dummy-llama-70b-m,dummy-lora-llama-70b-m-rank-8-4,568,27,7.187690813092384
82,dummy-llama-70b-m,dummy-lora-llama-70b-m-rank-8-4,230,44,7.388589579907604
83,dummy-llama-70b-m,dummy-lora-llama-70b-m-rank-16-0,625,11,7.700762356000777
84,dummy-llama-70b-m,dummy-lora-llama-70b-m-rank-16-2,992,55,7.833382458027638
85,dummy-llama-70b-m,dummy-lora-llama-70b-m-rank-8-4,561,121,7.891401251489579
86,dummy-llama-70b-m,dummy-lora-llama-70b-m-rank-32-3,603,18,7.896026111436159
87,dummy-llama-70b-m,dummy-lora-llama-70b-m-rank-128-3,584,15,8.172912506022609
88,dummy-llama-70b-m,dummy-lora-llama-70b-m-rank-8-2,289,48,8.263369278811915
89,dummy-llama-70b-m,dummy-lora-llama-70b-m-rank-16-0,198,42,8.293508804336001
90,dummy-llama-70b-m,dummy-lora-llama-70b-m-rank-32-1,355,43,8.294395851223245
91,dummy-llama-70b-m,dummy-lora-llama-70b-m-rank-8-4,554,11,8.385441740564039
92,dummy-llama-70b-m,dummy-lora-llama-70b-m-rank-32-0,351,5,8.415673879067684
93,dummy-llama-70b-m,dummy-lora-llama-70b-m-rank-64-0,53,56,8.474638469850133
94,dummy-llama-70b-m,dummy-lora-llama-70b-m-rank-32-2,443,8,8.486863426914269
95,dummy-llama-70b-m,dummy-lora-llama-70b-m-rank-16-1,472,42,8.640261411480815
96,dummy-llama-70b-m,dummy-lora-llama-70b-m-rank-8-2,517,17,8.706596494798701
97,dummy-llama-70b-m,dummy-lora-llama-70b-m-rank-16-0,568,42,8.794285862193753
98,dummy-llama-70b-m,dummy-lora-llama-70b-m-rank-128-0,56,54,8.981572774688022
99,dummy-llama-70b-m,dummy-lora-llama-70b-m-rank-16-1,383,88,9.020473701008907
100,dummy-llama-70b-m,dummy-lora-llama-70b-m-rank-16-4,395,50,9.157449079626918
101,dummy-llama-70b-m,dummy-lora-llama-70b-m-rank-64-4,460,51,9.200549653798662
102,dummy-llama-70b-m,dummy-lora-llama-70b-m-rank-64-4,554,22,9.262579247693889
103,dummy-llama-70b-m,dummy-lora-llama-70b-m-rank-64-2,550,18,9.374697658636865
104,dummy-llama-70b-m,dummy-lora-llama-70b-m-rank-128-0,408,9,9.61396662360243
105,dummy-llama-70b-m,dummy-lora-llama-70b-m-rank-16-2,293,53,9.673202777242889
106,dummy-llama-70b-m,dummy-lora-llama-70b-m-rank-8-1,588,34,9.699648376861926
107,dummy-llama-70b-m,dummy-lora-llama-70b-m-rank-128-1,96,59,9.72374865144875
108,dummy-llama-70b-m,dummy-lora-llama-70b-m-rank-64-0,554,20,9.724203194603419
109,dummy-llama-70b-m,dummy-lora-llama-70b-m-rank-64-0,400,11,9.82105576290486
110,dummy-llama-70b-m,dummy-lora-llama-70b-m-rank-64-3,764,70,10.015036367647799
111,dummy-llama-70b-m,dummy-lora-llama-70b-m-rank-8-1,564,26,10.100316441984857
112,dummy-llama-70b-m,dummy-lora-llama-70b-m-rank-64-2,57,49,10.1684718631208
113,dummy-llama-70b-m,dummy-lora-llama-70b-m-rank-128-4,468,48,10.2354353947902
114,dummy-llama-70b-m,dummy-lora-llama-70b-m-rank-32-1,267,144,10.464160192838683
115,dummy-llama-70b-m,dummy-lora-llama-70b-m-rank-128-3,298,48,10.529356922007638
116,dummy-llama-70b-m,dummy-lora-llama-70b-m-rank-8-1,105,39,10.588026514522692
117,dummy-llama-70b-m,dummy-lora-llama-70b-m-rank-32-0,661,15,10.661967228418392
118,dummy-llama-70b-m,dummy-lora-llama-70b-m-rank-8-2,648,11,10.741533734193004
119,dummy-llama-70b-m,dummy-lora-llama-70b-m-rank-64-4,586,18,10.843980125184101
120,dummy-llama-70b-m,dummy-lora-llama-70b-m-rank-32-0,598,22,11.082431911601146
121,dummy-llama-70b-m,dummy-lora-llama-70b-m-rank-32-3,550,18,11.151948058449348
122,dummy-llama-70b-m,dummy-lora-llama-70b-m-rank-16-1,318,46,11.15765119480322
123,dummy-llama-70b-m,dummy-lora-llama-70b-m-rank-32-1,560,45,11.244286107839443
124,dummy-llama-70b-m,dummy-lora-llama-70b-m-rank-64-3,346,36,11.262888925218974
125,dummy-llama-70b-m,dummy-lora-llama-70b-m-rank-32-4,556,21,11.297987936833188
126,dummy-llama-70b-m,dummy-lora-llama-70b-m-rank-128-2,552,19,11.515271033242152
127,dummy-llama-70b-m,dummy-lora-llama-70b-m-rank-64-3,733,39,11.635657560706475
128,dummy-llama-70b-m,dummy-lora-llama-70b-m-rank-16-1,180,19,11.880150701446798
129,dummy-llama-70b-m,dummy-lora-llama-70b-m-rank-8-2,373,42,12.012854899699885
130,dummy-llama-70b-m,dummy-lora-llama-70b-m-rank-128-0,489,47,12.053661899380407
131,dummy-llama-70b-m,dummy-lora-llama-70b-m-rank-64-0,339,41,12.237154385635304
132,dummy-llama-70b-m,dummy-lora-llama-70b-m-rank-64-4,325,48,12.561946628216527
133,dummy-llama-70b-m,dummy-lora-llama-70b-m-rank-8-2,834,46,12.606433163701709
134,dummy-llama-70b-m,dummy-lora-llama-70b-m-rank-16-3,238,51,12.751988408363262
135,dummy-llama-70b-m,dummy-lora-llama-70b-m-rank-64-1,58,47,12.900443728374043
136,dummy-llama-70b-m,dummy-lora-llama-70b-m-rank-128-4,657,49,12.945778340665495
137,dummy-llama-70b-m,dummy-lora-llama-70b-m-rank-64-0,321,13,12.948004613801476
138,dummy-llama-70b-m,dummy-lora-llama-70b-m-rank-64-3,100,42,13.001812424773876
139,dummy-llama-70b-m,dummy-lora-llama-70b-m-rank-64-1,505,150,13.05747107270065
140,dummy-llama-70b-m,dummy-lora-llama-70b-m-rank-16-0,552,11,13.080777215041513
141,dummy-llama-70b-m,dummy-lora-llama-70b-m-rank-8-4,333,46,13.126201971445065
142,dummy-llama-70b-m,dummy-lora-llama-70b-m-rank-64-4,434,156,13.214381481831952
143,dummy-llama-70b-m,dummy-lora-llama-70b-m-rank-64-3,308,62,13.325744444597008
144,dummy-llama-70b-m,dummy-lora-llama-70b-m-rank-32-1,585,38,13.389167178379223
145,dummy-llama-70b-m,dummy-lora-llama-70b-m-rank-16-3,799,108,13.442192289637484
146,dummy-llama-70b-m,dummy-lora-llama-70b-m-rank-8-2,554,12,13.497831460807285
147,dummy-llama-70b-m,dummy-lora-llama-70b-m-rank-8-2,565,9,13.637184106247243
148,dummy-llama-70b-m,dummy-lora-llama-70b-m-rank-128-1,496,48,13.93140229845423
149,dummy-llama-70b-m,dummy-lora-llama-70b-m-rank-64-0,318,44,13.975210020829882
150,dummy-llama-70b-m,dummy-lora-llama-70b-m-rank-64-0,493,69,14.002743430282905
151,dummy-llama-70b-m,dummy-lora-llama-70b-m-rank-32-1,400,71,14.003897635955552
152,dummy-llama-70b-m,dummy-lora-llama-70b-m-rank-8-1,604,104,14.184117130584937
153,dummy-llama-70b-m,dummy-lora-llama-70b-m-rank-64-0,304,8,14.371603668744825
154,dummy-llama-70b-m,dummy-lora-llama-70b-m-rank-32-2,554,20,14.439291021333501
155,dummy-llama-70b-m,dummy-lora-llama-70b-m-rank-128-3,174,73,14.470103354779496
156,dummy-llama-70b-m,dummy-lora-llama-70b-m-rank-16-0,449,6,14.48023759594788
157,dummy-llama-70b-m,dummy-lora-llama-70b-m-rank-16-3,378,8,14.482344156591843
158,dummy-llama-70b-m,dummy-lora-llama-70b-m-rank-64-1,171,44,14.52712935683798
159,dummy-llama-70b-m,dummy-lora-llama-70b-m-rank-128-1,216,39,15.159070925277677
160,dummy-llama-70b-m,dummy-lora-llama-70b-m-rank-128-1,565,11,15.35386134035594
161,dummy-llama-70b-m,dummy-lora-llama-70b-m-rank-8-1,580,36,15.383414189135348
162,dummy-llama-70b-m,dummy-lora-llama-70b-m-rank-128-2,558,22,15.598761027405589
163,dummy-llama-70b-m,dummy-lora-llama-70b-m-rank-32-3,367,54,15.618552981683408
164,dummy-llama-70b-m,dummy-lora-llama-70b-m-rank-32-0,448,58,15.702333086213967
165,dummy-llama-70b-m,dummy-lora-llama-70b-m-rank-8-1,472,7,15.74530078234663
166,dummy-llama-70b-m,dummy-lora-llama-70b-m-rank-128-3,453,10,15.823254953785867
167,dummy-llama-70b-m,dummy-lora-llama-70b-m-rank-8-2,366,57,15.896064682748364
168,dummy-llama-70b-m,dummy-lora-llama-70b-m-rank-128-0,353,28,15.995777528220447
169,dummy-llama-70b-m,dummy-lora-llama-70b-m-rank-64-2,562,23,16.035332459560543
170,dummy-llama-70b-m,dummy-lora-llama-70b-m-rank-8-4,289,58,16.08748412428162
171,dummy-llama-70b-m,dummy-lora-llama-70b-m-rank-32-3,597,16,16.113434637138095
172,dummy-llama-70b-m,dummy-lora-llama-70b-m-rank-8-4,667,48,16.28037737146208
173,dummy-llama-70b-m,dummy-lora-llama-70b-m-rank-128-1,552,19,16.28064641042866
174,dummy-llama-70b-m,dummy-lora-llama-70b-m-rank-8-1,710,7,16.291636283555313
175,dummy-llama-70b-m,dummy-lora-llama-70b-m-rank-128-3,722,212,16.332630637460518
176,dummy-llama-70b-m,dummy-lora-llama-70b-m-rank-32-0,234,7,16.339360574915872
177,dummy-llama-70b-m,dummy-lora-llama-70b-m-rank-64-2,447,56,16.382979640417975
178,dummy-llama-70b-m,dummy-lora-llama-70b-m-rank-64-2,599,14,16.43384190987111
179,dummy-llama-70b-m,dummy-lora-llama-70b-m-rank-32-0,572,30,16.494564520930584
180,dummy-llama-70b-m,dummy-lora-llama-70b-m-rank-32-0,590,22,16.597207858596203
181,dummy-llama-70b-m,dummy-lora-llama-70b-m-rank-8-2,586,37,16.65399283050784
182,dummy-llama-70b-m,dummy-lora-llama-70b-m-rank-64-4,584,22,16.756654011084795
183,dummy-llama-70b-m,dummy-lora-llama-70b-m-rank-128-4,554,23,16.777272772549647
184,dummy-llama-70b-m,dummy-lora-llama-70b-m-rank-8-3,877,87,16.80394227253288
185,dummy-llama-70b-m,dummy-lora-llama-70b-m-rank-128-0,655,42,17.19741618216126
186,dummy-llama-70b-m,dummy-lora-llama-70b-m-rank-32-1,367,41,17.43260431873488
187,dummy-llama-70b-m,dummy-lora-llama-70b-m-rank-32-4,576,34,17.462323128246037
188,dummy-llama-70b-m,dummy-lora-llama-70b-m-rank-64-3,617,8,17.556598452822907
189,dummy-llama-70b-m,dummy-lora-llama-70b-m-rank-8-3,556,21,17.623419704432294
190,dummy-llama-70b-m,dummy-lora-llama-70b-m-rank-16-3,556,21,17.6373036395137
191,dummy-llama-70b-m,dummy-lora-llama-70b-m-rank-8-3,442,11,17.86588402192833
192,dummy-llama-70b-m,dummy-lora-llama-70b-m-rank-16-1,310,40,18.061911872330423
193,dummy-llama-70b-m,dummy-lora-llama-70b-m-rank-32-4,376,49,18.150940108332986
194,dummy-llama-70b-m,dummy-lora-llama-70b-m-rank-16-4,174,146,18.241680916746994
195,dummy-llama-70b-m,dummy-lora-llama-70b-m-rank-32-1,574,29,18.322134833515264
196,dummy-llama-70b-m,dummy-lora-llama-70b-m-rank-64-0,296,40,18.38436017243971
197,dummy-llama-70b-m,dummy-lora-llama-70b-m-rank-64-3,594,11,18.453698951137575
198,dummy-llama-70b-m,dummy-lora-llama-70b-m-rank-32-1,557,10,18.465954068648287
199,dummy-llama-70b-m,dummy-lora-llama-70b-m-rank-8-0,562,25,18.49153377911987
200,dummy-llama-70b-m,dummy-lora-llama-70b-m-rank-16-3,607,17,18.737163041736668
201,dummy-llama-70b-m,dummy-lora-llama-70b-m-rank-32-2,463,13,18.763569756950133
202,dummy-llama-70b-m,dummy-lora-llama-70b-m-rank-16-0,569,93,18.886274997636512
203,dummy-llama-70b-m,dummy-lora-llama-70b-m-rank-8-1,710,45,19.012127690922796
204,dummy-llama-70b-m,dummy-lora-llama-70b-m-rank-128-1,470,43,19.2550762653956
205,dummy-llama-70b-m,dummy-lora-llama-70b-m-rank-64-3,954,33,19.28268760477415
206,dummy-llama-70b-m,dummy-lora-llama-70b-m-rank-128-0,550,11,19.319622486640167
207,dummy-llama-70b-m,dummy-lora-llama-70b-m-rank-128-4,326,164,19.552765118799844
208,dummy-llama-70b-m,dummy-lora-llama-70b-m-rank-64-0,554,19,19.654666191388287
209,dummy-llama-70b-m,dummy-lora-llama-70b-m-rank-64-0,564,5,19.71082292188703
210,dummy-llama-70b-m,dummy-lora-llama-70b-m-rank-8-3,231,44,19.94102834818166
211,dummy-llama-70b-m,dummy-lora-llama-70b-m-rank-16-1,609,36,19.974001522597582
212,dummy-llama-70b-m,dummy-lora-llama-70b-m-rank-8-2,334,84,20.136622180522888
213,dummy-llama-70b-m,dummy-lora-llama-70b-m-rank-8-0,160,42,20.218457604714242
214,dummy-llama-70b-m,dummy-lora-llama-70b-m-rank-16-3,477,55,20.221158248162713
215,dummy-llama-70b-m,dummy-lora-llama-70b-m-rank-64-1,274,8,20.410467074208576
216,dummy-llama-70b-m,dummy-lora-llama-70b-m-rank-32-4,672,17,20.616544897404918
217,dummy-llama-70b-m,dummy-lora-llama-70b-m-rank-128-0,824,18,20.64708061809636
218,dummy-llama-70b-m,dummy-lora-llama-70b-m-rank-16-2,548,17,20.958975068026007
219,dummy-llama-70b-m,dummy-lora-llama-70b-m-rank-128-2,671,27,21.293691994334804
220,dummy-llama-70b-m,dummy-lora-llama-70b-m-rank-128-4,685,69,21.781534874056984
221,dummy-llama-70b-m,dummy-lora-llama-70b-m-rank-64-2,607,36,22.07030415984067
222,dummy-llama-70b-m,dummy-lora-llama-70b-m-rank-32-1,187,134,22.23959579089053
223,dummy-llama-70b-m,dummy-lora-llama-70b-m-rank-16-1,560,21,22.378647904181967
224,dummy-llama-70b-m,dummy-lora-llama-70b-m-rank-16-1,374,185,22.393940606363135
225,dummy-llama-70b-m,dummy-lora-llama-70b-m-rank-8-4,343,76,22.51627284182036
226,dummy-llama-70b-m,dummy-lora-llama-70b-m-rank-128-1,371,54,22.610802999246367
227,dummy-llama-70b-m,dummy-lora-llama-70b-m-rank-8-3,502,155,22.73806997012953
228,dummy-llama-70b-m,dummy-lora-llama-70b-m-rank-64-1,548,17,22.75322673236107
229,dummy-llama-70b-m,dummy-lora-llama-70b-m-rank-8-0,361,46,22.806782072396288
230,dummy-llama-70b-m,dummy-lora-llama-70b-m-rank-32-2,510,68,22.80868361349014
231,dummy-llama-70b-m,dummy-lora-llama-70b-m-rank-64-3,415,53,22.879120602248104
232,dummy-llama-70b-m,dummy-lora-llama-70b-m-rank-128-2,629,41,23.012272273924548
233,dummy-llama-70b-m,dummy-lora-llama-70b-m-rank-16-0,495,8,23.200693343937566
234,dummy-llama-70b-m,dummy-lora-llama-70b-m-rank-16-0,197,8,23.230338707061733
235,dummy-llama-70b-m,dummy-lora-llama-70b-m-rank-8-1,958,116,23.399735914592643
236,dummy-llama-70b-m,dummy-lora-llama-70b-m-rank-64-4,786,31,23.418769028418147
237,dummy-llama-70b-m,dummy-lora-llama-70b-m-rank-16-0,559,12,23.528951682902893
238,dummy-llama-70b-m,dummy-lora-llama-70b-m-rank-16-1,490,40,23.586518978808993
239,dummy-llama-70b-m,dummy-lora-llama-70b-m-rank-16-4,406,45,23.66555261868783
240,dummy-llama-70b-m,dummy-lora-llama-70b-m-rank-64-2,246,58,23.75037125836357
241,dummy-llama-70b-m,dummy-lora-llama-70b-m-rank-32-1,354,87,23.928995137904497
242,dummy-llama-70b-m,dummy-lora-llama-70b-m-rank-128-4,607,21,23.99378065145809
243,dummy-llama-70b-m,dummy-lora-llama-70b-m-rank-64-4,599,17,24.04304467237906
244,dummy-llama-70b-m,dummy-lora-llama-70b-m-rank-32-3,580,16,24.140274047436183
245,dummy-llama-70b-m,dummy-lora-llama-70b-m-rank-64-0,556,13,24.200077330635335
246,dummy-llama-70b-m,dummy-lora-llama-70b-m-rank-128-4,616,19,24.28537728735456
247,dummy-llama-70b-m,dummy-lora-llama-70b-m-rank-32-2,518,57,24.327757789271317
248,dummy-llama-70b-m,dummy-lora-llama-70b-m-rank-32-3,271,50,24.35733850684517
249,dummy-llama-70b-m,dummy-lora-llama-70b-m-rank-128-3,180,47,24.39541501478596
250,dummy-llama-70b-m,dummy-lora-llama-70b-m-rank-128-0,408,7,24.455642227056853
251,dummy-llama-70b-m,dummy-lora-llama-70b-m-rank-8-4,361,43,24.62217469590933
252,dummy-llama-70b-m,dummy-lora-llama-70b-m-rank-32-3,338,47,24.652780076730178
253,dummy-llama-70b-m,dummy-lora-llama-70b-m-rank-64-1,264,6,24.685862978039584
254,dummy-llama-70b-m,dummy-lora-llama-70b-m-rank-16-2,601,18,24.74754703916664
255,dummy-llama-70b-m,dummy-lora-llama-70b-m-rank-8-0,598,26,24.82217594382118
256,dummy-llama-70b-m,dummy-lora-llama-70b-m-rank-32-1,155,59,24.8472311560306
257,dummy-llama-70b-m,dummy-lora-llama-70b-m-rank-128-2,411,43,24.849547771328332
258,dummy-llama-70b-m,dummy-lora-llama-70b-m-rank-32-0,552,11,24.954246319802166
259,dummy-llama-70b-m,dummy-lora-llama-70b-m-rank-32-4,316,130,25.02096021232277
260,dummy-llama-70b-m,dummy-lora-llama-70b-m-rank-128-3,288,43,25.189436941798803
261,dummy-llama-70b-m,dummy-lora-llama-70b-m-rank-32-3,331,128,25.21531094826914
262,dummy-llama-70b-m,dummy-lora-llama-70b-m-rank-8-0,612,57,25.358122825104846
263,dummy-llama-70b-m,dummy-lora-llama-70b-m-rank-16-2,743,48,25.398805331627713
264,dummy-llama-70b-m,dummy-lora-llama-70b-m-rank-128-2,560,26,25.476071860790807
265,dummy-llama-70b-m,dummy-lora-llama-70b-m-rank-8-2,584,18,25.568531267054656
266,dummy-llama-70b-m,dummy-lora-llama-70b-m-rank-64-1,285,6,25.587314929990704
267,dummy-llama-70b-m,dummy-lora-llama-70b-m-rank-128-3,556,13,25.6106065858339
268,dummy-llama-70b-m,dummy-lora-llama-70b-m-rank-16-1,550,20,25.695933866179132
269,dummy-llama-70b-m,dummy-lora-llama-70b-m-rank-8-1,941,105,25.778495954518124
270,dummy-llama-70b-m,dummy-lora-llama-70b-m-rank-16-2,584,18,25.983661209970702
271,dummy-llama-70b-m,dummy-lora-llama-70b-m-rank-8-0,236,82,26.10968821015844
272,dummy-llama-70b-m,dummy-lora-llama-70b-m-rank-128-3,594,24,26.147994131958427
273,dummy-llama-70b-m,dummy-lora-llama-70b-m-rank-128-0,924,18,26.35489404724884
274,dummy-llama-70b-m,dummy-lora-llama-70b-m-rank-8-1,576,34,26.391850889951556
275,dummy-llama-70b-m,dummy-lora-llama-70b-m-rank-8-3,761,9,26.40505144383147
276,dummy-llama-70b-m,dummy-lora-llama-70b-m-rank-64-4,564,16,26.416878927037597
277,dummy-llama-70b-m,dummy-lora-llama-70b-m-rank-128-4,561,17,26.44768668665494
278,dummy-llama-70b-m,dummy-lora-llama-70b-m-rank-128-4,621,24,26.46637325023367
279,dummy-llama-70b-m,dummy-lora-llama-70b-m-rank-8-4,681,81,26.505127257037955
280,dummy-llama-70b-m,dummy-lora-llama-70b-m-rank-128-3,894,57,26.744794656330004
281,dummy-llama-70b-m,dummy-lora-llama-70b-m-rank-128-2,570,6,26.803696944156787
282,dummy-llama-70b-m,dummy-lora-llama-70b-m-rank-16-2,380,48,26.85870531001558
283,dummy-llama-70b-m,dummy-lora-llama-70b-m-rank-32-1,466,10,27.196435996578465
284,dummy-llama-70b-m,dummy-lora-llama-70b-m-rank-64-3,560,25,27.271641500642797
285,dummy-llama-70b-m,dummy-lora-llama-70b-m-rank-128-0,132,47,27.33185970614299
286,dummy-llama-70b-m,dummy-lora-llama-70b-m-rank-32-0,748,86,27.476163450959753
287,dummy-llama-70b-m,dummy-lora-llama-70b-m-rank-8-2,546,11,27.658845541388615
288,dummy-llama-70b-m,dummy-lora-llama-70b-m-rank-32-3,332,9,27.92650444963433
289,dummy-llama-70b-m,dummy-lora-llama-70b-m-rank-8-4,507,9,27.950761736309033
290,dummy-llama-70b-m,dummy-lora-llama-70b-m-rank-8-3,430,58,28.089188769442682
291,dummy-llama-70b-m,dummy-lora-llama-70b-m-rank-32-2,423,55,28.138521291216225
292,dummy-llama-70b-m,dummy-lora-llama-70b-m-rank-32-2,552,19,28.423203511012204
293,dummy-llama-70b-m,dummy-lora-llama-70b-m-rank-64-2,816,60,28.741753553403395
294,dummy-llama-70b-m,dummy-lora-llama-70b-m-rank-16-1,965,90,28.74598403780735
295,dummy-llama-70b-m,dummy-lora-llama-70b-m-rank-128-1,548,17,28.84443173766486
296,dummy-llama-70b-m,dummy-lora-llama-70b-m-rank-8-2,269,52,29.102520451472095
297,dummy-llama-70b-m,dummy-lora-llama-70b-m-rank-64-4,519,42,29.179025765762468
298,dummy-llama-70b-m,dummy-lora-llama-70b-m-rank-16-0,552,19,29.181311367107853
299,dummy-llama-70b-m,dummy-lora-llama-70b-m-rank-8-1,771,13,29.415022475440686
300,dummy-llama-70b-m,dummy-lora-llama-70b-m-rank-32-2,559,43,29.42179135188091
301,dummy-llama-70b-m,dummy-lora-llama-70b-m-rank-64-3,390,38,29.449625275972384
302,dummy-llama-70b-m,dummy-lora-llama-70b-m-rank-16-0,591,38,29.58096184898184
303,dummy-llama-70b-m,dummy-lora-llama-70b-m-rank-32-2,278,47,29.68631985687892
304,dummy-llama-70b-m,dummy-lora-llama-70b-m-rank-32-0,564,25,29.691118481163574
305,dummy-llama-70b-m,dummy-lora-llama-70b-m-rank-64-0,328,45,29.75979103562625
306,dummy-llama-70b-m,dummy-lora-llama-70b-m-rank-64-0,301,44,29.80585689177096
307,dummy-llama-70b-m,dummy-lora-llama-70b-m-rank-16-1,389,50,29.857178475140266
308,dummy-llama-70b-m,dummy-lora-llama-70b-m-rank-16-4,872,78,30.00476457428668
309,dummy-llama-70b-m,dummy-lora-llama-70b-m-rank-128-0,332,11,30.255425705368854
310,dummy-llama-70b-m,dummy-lora-llama-70b-m-rank-128-1,561,23,30.305287675004262
311,dummy-llama-70b-m,dummy-lora-llama-70b-m-rank-16-3,875,25,30.34921004475226
312,dummy-llama-70b-m,dummy-lora-llama-70b-m-rank-8-0,564,33,30.41396055202131
313,dummy-llama-70b-m,dummy-lora-llama-70b-m-rank-64-2,582,26,30.552930213121314
314,dummy-llama-70b-m,dummy-lora-llama-70b-m-rank-16-1,550,17,30.621871095856427
315,dummy-llama-70b-m,dummy-lora-llama-70b-m-rank-32-3,572,30,30.749061781384167
316,dummy-llama-70b-m,dummy-lora-llama-70b-m-rank-32-3,967,79,30.800097443369566
317,dummy-llama-70b-m,dummy-lora-llama-70b-m-rank-64-2,560,15,31.02278572615218
318,dummy-llama-70b-m,dummy-lora-llama-70b-m-rank-16-0,791,71,31.1158889704155
319,dummy-llama-70b-m,dummy-lora-llama-70b-m-rank-8-2,304,53,31.209599051099296
320,dummy-llama-70b-m,dummy-lora-llama-70b-m-rank-64-3,554,20,31.269498308546783
321,dummy-llama-70b-m,dummy-lora-llama-70b-m-rank-16-2,455,89,31.4284072158084
322,dummy-llama-70b-m,dummy-lora-llama-70b-m-rank-8-2,641,132,31.461365781707634
323,dummy-llama-70b-m,dummy-lora-llama-70b-m-rank-32-1,288,47,31.51083586683978
324,dummy-llama-70b-m,dummy-lora-llama-70b-m-rank-64-1,556,21,31.579659751420145
325,dummy-llama-70b-m,dummy-lora-llama-70b-m-rank-32-3,191,8,31.65387711630145
326,dummy-llama-70b-m,dummy-lora-llama-70b-m-rank-16-1,264,213,31.65923292644262
327,dummy-llama-70b-m,dummy-lora-llama-70b-m-rank-8-3,379,126,31.665381299494463
328,dummy-llama-70b-m,dummy-lora-llama-70b-m-rank-128-1,595,7,31.881081395611588
329,dummy-llama-70b-m,dummy-lora-llama-70b-m-rank-8-3,890,43,31.998999892157812
330,dummy-llama-70b-m,dummy-lora-llama-70b-m-rank-32-2,537,107,32.08686195664435
331,dummy-llama-70b-m,dummy-lora-llama-70b-m-rank-8-3,450,10,32.134477791787354
332,dummy-llama-70b-m,dummy-lora-llama-70b-m-rank-8-3,720,14,32.13783387763391
333,dummy-llama-70b-m,dummy-lora-llama-70b-m-rank-64-2,611,23,32.22836827585189
334,dummy-llama-70b-m,dummy-lora-llama-70b-m-rank-32-3,258,51,32.46262499541227
335,dummy-llama-70b-m,dummy-lora-llama-70b-m-rank-8-4,297,9,32.58843939626863
336,dummy-llama-70b-m,dummy-lora-llama-70b-m-rank-32-2,236,44,32.656889448018056
337,dummy-llama-70b-m,dummy-lora-llama-70b-m-rank-128-2,869,29,33.15310298916086
338,dummy-llama-70b-m,dummy-lora-llama-70b-m-rank-64-3,562,27,33.182118727890185
339,dummy-llama-70b-m,dummy-lora-llama-70b-m-rank-32-0,366,43,33.20212824070255
340,dummy-llama-70b-m,dummy-lora-llama-70b-m-rank-16-4,568,27,33.26217539836187
341,dummy-llama-70b-m,dummy-lora-llama-70b-m-rank-32-3,564,22,33.43254221204335
342,dummy-llama-70b-m,dummy-lora-llama-70b-m-rank-64-0,640,8,33.46259487444066
343,dummy-llama-70b-m,dummy-lora-llama-70b-m-rank-8-2,528,9,33.5043018881529
344,dummy-llama-70b-m,dummy-lora-llama-70b-m-rank-128-3,595,19,33.56571069899746
345,dummy-llama-70b-m,dummy-lora-llama-70b-m-rank-128-2,535,6,33.692085672539974
346,dummy-llama-70b-m,dummy-lora-llama-70b-m-rank-16-0,56,45,33.73648795844441
347,dummy-llama-70b-m,dummy-lora-llama-70b-m-rank-32-3,513,8,33.75251346803164
348,dummy-llama-70b-m,dummy-lora-llama-70b-m-rank-16-1,615,11,33.84856166887161
349,dummy-llama-70b-m,dummy-lora-llama-70b-m-rank-16-1,614,30,34.00439683367241
350,dummy-llama-70b-m,dummy-lora-llama-70b-m-rank-128-4,598,27,34.32723334030778
351,dummy-llama-70b-m,dummy-lora-llama-70b-m-rank-32-0,596,24,34.423480435754946
352,dummy-llama-70b-m,dummy-lora-llama-70b-m-rank-64-1,275,40,34.44783755355814
353,dummy-llama-70b-m,dummy-lora-llama-70b-m-rank-128-3,271,150,34.62003064149432
354,dummy-llama-70b-m,dummy-lora-llama-70b-m-rank-32-0,574,25,34.63911424339301
355,dummy-llama-70b-m,dummy-lora-llama-70b-m-rank-16-0,605,20,34.662928169809646
356,dummy-llama-70b-m,dummy-lora-llama-70b-m-rank-32-3,311,64,34.68173436008764
357,dummy-llama-70b-m,dummy-lora-llama-70b-m-rank-64-1,582,9,34.73338678870227
358,dummy-llama-70b-m,dummy-lora-llama-70b-m-rank-32-2,588,20,34.862218592560026
359,dummy-llama-70b-m,dummy-lora-llama-70b-m-rank-16-3,246,48,35.10418160057296
360,dummy-llama-70b-m,dummy-lora-llama-70b-m-rank-16-0,206,3,35.27825135304642
361,dummy-llama-70b-m,dummy-lora-llama-70b-m-rank-8-3,298,145,35.330181358452826
362,dummy-llama-70b-m,dummy-lora-llama-70b-m-rank-8-2,287,46,35.35659974256774
363,dummy-llama-70b-m,dummy-lora-llama-70b-m-rank-16-1,781,41,35.5612161897066
364,dummy-llama-70b-m,dummy-lora-llama-70b-m-rank-64-2,400,51,35.81073525975703
365,dummy-llama-70b-m,dummy-lora-llama-70b-m-rank-128-1,342,48,35.98528096312423
366,dummy-llama-70b-m,dummy-lora-llama-70b-m-rank-128-4,513,43,36.34014012628315
367,dummy-llama-70b-m,dummy-lora-llama-70b-m-rank-32-4,689,3,36.41300077872288
368,dummy-llama-70b-m,dummy-lora-llama-70b-m-rank-64-0,427,62,36.427010962669485
369,dummy-llama-70b-m,dummy-lora-llama-70b-m-rank-16-4,859,48,36.47139179704292
370,dummy-llama-70b-m,dummy-lora-llama-70b-m-rank-64-0,144,19,37.148808437858094
371,dummy-llama-70b-m,dummy-lora-llama-70b-m-rank-16-1,566,29,37.26347229667484
372,dummy-llama-70b-m,dummy-lora-llama-70b-m-rank-32-1,709,90,37.53551647700517
373,dummy-llama-70b-m,dummy-lora-llama-70b-m-rank-16-3,412,57,37.56954556859819
374,dummy-llama-70b-m,dummy-lora-llama-70b-m-rank-64-1,863,256,37.61737613329767
375,dummy-llama-70b-m,dummy-lora-llama-70b-m-rank-8-4,137,36,37.72394061619523
376,dummy-llama-70b-m,dummy-lora-llama-70b-m-rank-128-1,616,6,37.79165459897379
377,dummy-llama-70b-m,dummy-lora-llama-70b-m-rank-64-1,554,20,37.88265570617025
378,dummy-llama-70b-m,dummy-lora-llama-70b-m-rank-16-3,778,8,37.886229944141746
379,dummy-llama-70b-m,dummy-lora-llama-70b-m-rank-128-2,546,8,37.96324035300182
380,dummy-llama-70b-m,dummy-lora-llama-70b-m-rank-32-1,536,55,38.00520033733542
381,dummy-llama-70b-m,dummy-lora-llama-70b-m-rank-8-1,568,27,38.04621140195273
382,dummy-llama-70b-m,dummy-lora-llama-70b-m-rank-8-4,397,8,38.08955693925584
383,dummy-llama-70b-m,dummy-lora-llama-70b-m-rank-16-1,400,7,38.20049090007747
384,dummy-llama-70b-m,dummy-lora-llama-70b-m-rank-128-2,403,55,38.20092312978456
385,dummy-llama-70b-m,dummy-lora-llama-70b-m-rank-8-4,949,3,38.25574470511705
386,dummy-llama-70b-m,dummy-lora-llama-70b-m-rank-32-1,721,6,38.321178657579885
387,dummy-llama-70b-m,dummy-lora-llama-70b-m-rank-32-0,284,45,38.40950753025398
388,dummy-llama-70b-m,dummy-lora-llama-70b-m-rank-128-4,619,24,38.567506628761755
389,dummy-llama-70b-m,dummy-lora-llama-70b-m-rank-128-4,165,62,38.64598527713527
390,dummy-llama-70b-m,dummy-lora-llama-70b-m-rank-128-4,560,25,38.77040554854452
391,dummy-llama-70b-m,dummy-lora-llama-70b-m-rank-8-3,336,45,39.02540211660504
392,dummy-llama-70b-m,dummy-lora-llama-70b-m-rank-128-1,732,14,39.060870120719834
393,dummy-llama-70b-m,dummy-lora-llama-70b-m-rank-16-3,388,5,39.066923199970375
394,dummy-llama-70b-m,dummy-lora-llama-70b-m-rank-64-4,570,59,39.19805792932429
395,dummy-llama-70b-m,dummy-lora-llama-70b-m-rank-32-1,621,24,39.403638645623154
396,dummy-llama-70b-m,dummy-lora-llama-70b-m-rank-8-0,351,183,39.587513110903146
397,dummy-llama-70b-m,dummy-lora-llama-70b-m-rank-32-0,285,52,39.842648637850196
398,dummy-llama-70b-m,dummy-lora-llama-70b-m-rank-16-1,454,137,39.86231655064584
399,dummy-llama-70b-m,dummy-lora-llama-70b-m-rank-16-0,154,45,39.89033588072261
400,dummy-llama-70b-m,dummy-lora-llama-70b-m-rank-64-2,442,82,40.14880815370758
401,dummy-llama-70b-m,dummy-lora-llama-70b-m-rank-8-0,351,44,40.16271124387836
402,dummy-llama-70b-m,dummy-lora-llama-70b-m-rank-32-3,53,50,40.91267904872919
403,dummy-llama-70b-m,dummy-lora-llama-70b-m-rank-64-0,467,46,41.02029467592749
404,dummy-llama-70b-m,dummy-lora-llama-70b-m-rank-16-1,791,49,41.036467537190354
405,dummy-llama-70b-m,dummy-lora-llama-70b-m-rank-32-0,165,92,41.28466026702809
406,dummy-llama-70b-m,dummy-lora-llama-70b-m-rank-32-3,552,60,41.3441706382399
407,dummy-llama-70b-m,dummy-lora-llama-70b-m-rank-16-1,214,116,41.410968087418645
408,dummy-llama-70b-m,dummy-lora-llama-70b-m-rank-8-3,599,26,41.514580594924844
409,dummy-llama-70b-m,dummy-lora-llama-70b-m-rank-64-4,568,23,41.55578884337071
410,dummy-llama-70b-m,dummy-lora-llama-70b-m-rank-8-2,287,16,41.66422410711732
411,dummy-llama-70b-m,dummy-lora-llama-70b-m-rank-8-4,550,18,41.7391778478646
412,dummy-llama-70b-m,dummy-lora-llama-70b-m-rank-8-0,609,50,41.74996434741987
413,dummy-llama-70b-m,dummy-lora-llama-70b-m-rank-64-1,555,11,41.942474922254895
414,dummy-llama-70b-m,dummy-lora-llama-70b-m-rank-32-4,631,46,41.98198724429401
415,dummy-llama-70b-m,dummy-lora-llama-70b-m-rank-64-2,411,128,42.170413119422335
416,dummy-llama-70b-m,dummy-lora-llama-70b-m-rank-8-1,362,172,42.17723643753185
417,dummy-llama-70b-m,dummy-lora-llama-70b-m-rank-128-4,611,36,42.28496897149145
418,dummy-llama-70b-m,dummy-lora-llama-70b-m-rank-64-2,562,21,42.41791835050312
419,dummy-llama-70b-m,dummy-lora-llama-70b-m-rank-32-0,608,3,42.44671151654468
420,dummy-llama-70b-m,dummy-lora-llama-70b-m-rank-128-1,276,61,42.45141447915215
421,dummy-llama-70b-m,dummy-lora-llama-70b-m-rank-16-1,548,11,42.608330254703404
422,dummy-llama-70b-m,dummy-lora-llama-70b-m-rank-64-2,673,11,42.67090158664953
423,dummy-llama-70b-m,dummy-lora-llama-70b-m-rank-8-4,831,18,42.96949678732515
424,dummy-llama-70b-m,dummy-lora-llama-70b-m-rank-32-4,570,28,43.07165193028012
425,dummy-llama-70b-m,dummy-lora-llama-70b-m-rank-32-2,557,20,43.11012365371383
426,dummy-llama-70b-m,dummy-lora-llama-70b-m-rank-128-0,735,20,43.15673653366003
427,dummy-llama-70b-m,dummy-lora-llama-70b-m-rank-8-2,358,182,43.16356968121676
428,dummy-llama-70b-m,dummy-lora-llama-70b-m-rank-16-1,875,69,43.42120826143273
429,dummy-llama-70b-m,dummy-lora-llama-70b-m-rank-64-2,78,29,43.45749415351223
430,dummy-llama-70b-m,dummy-lora-llama-70b-m-rank-128-1,1002,8,43.749945170841436
431,dummy-llama-70b-m,dummy-lora-llama-70b-m-rank-128-2,218,57,43.84291818826953
432,dummy-llama-70b-m,dummy-lora-llama-70b-m-rank-64-4,580,34,43.88415533185729
433,dummy-llama-70b-m,dummy-lora-llama-70b-m-rank-32-0,572,30,44.05945835886858
434,dummy-llama-70b-m,dummy-lora-llama-70b-m-rank-64-4,558,24,44.11655996823742
435,dummy-llama-70b-m,dummy-lora-llama-70b-m-rank-128-0,548,17,44.18226193486089
436,dummy-llama-70b-m,dummy-lora-llama-70b-m-rank-128-4,322,49,44.26043921108905
437,dummy-llama-70b-m,dummy-lora-llama-70b-m-rank-8-4,703,3,44.28093020174268
438,dummy-llama-70b-m,dummy-lora-llama-70b-m-rank-128-1,521,50,44.45335154232588
439,dummy-llama-70b-m,dummy-lora-llama-70b-m-rank-64-3,269,47,44.49879742451563
440,dummy-llama-70b-m,dummy-lora-llama-70b-m-rank-32-1,584,15,44.54583079396085
441,dummy-llama-70b-m,dummy-lora-llama-70b-m-rank-128-0,556,21,44.55845007244237
442,dummy-llama-70b-m,dummy-lora-llama-70b-m-rank-64-2,1008,10,44.64549124330402
443,dummy-llama-70b-m,dummy-lora-llama-70b-m-rank-16-3,221,58,44.72305949875055
444,dummy-llama-70b-m,dummy-lora-llama-70b-m-rank-64-4,550,18,44.81844609045127
445,dummy-llama-70b-m,dummy-lora-llama-70b-m-rank-32-4,550,18,44.8284567482284
446,dummy-llama-70b-m,dummy-lora-llama-70b-m-rank-128-3,454,8,44.888711303940035
447,dummy-llama-70b-m,dummy-lora-llama-70b-m-rank-16-0,232,76,44.950506386504316
448,dummy-llama-70b-m,dummy-lora-llama-70b-m-rank-16-2,472,46,45.16863915246429
449,dummy-llama-70b-m,dummy-lora-llama-70b-m-rank-16-4,491,52,45.257569210500485
450,dummy-llama-70b-m,dummy-lora-llama-70b-m-rank-32-4,665,60,45.31447480087494
451,dummy-llama-70b-m,dummy-lora-llama-70b-m-rank-8-2,355,33,45.31570176643383
452,dummy-llama-70b-m,dummy-lora-llama-70b-m-rank-16-2,465,123,45.52170825591028
453,dummy-llama-70b-m,dummy-lora-llama-70b-m-rank-8-4,376,44,45.59606338426016
454,dummy-llama-70b-m,dummy-lora-llama-70b-m-rank-32-3,446,94,45.76538927941572
455,dummy-llama-70b-m,dummy-lora-llama-70b-m-rank-128-3,426,165,45.8980016610424
456,dummy-llama-70b-m,dummy-lora-llama-70b-m-rank-32-3,599,17,46.0040031137141
457,dummy-llama-70b-m,dummy-lora-llama-70b-m-rank-32-1,255,66,46.12563597192217
458,dummy-llama-70b-m,dummy-lora-llama-70b-m-rank-128-2,309,8,46.164267107114746
459,dummy-llama-70b-m,dummy-lora-llama-70b-m-rank-64-2,417,45,46.24161616479439
460,dummy-llama-70b-m,dummy-lora-llama-70b-m-rank-32-3,225,44,46.363612248194165
461,dummy-llama-70b-m,dummy-lora-llama-70b-m-rank-64-2,203,36,46.633417180438826
462,dummy-llama-70b-m,dummy-lora-llama-70b-m-rank-128-4,566,27,46.71968789734384
463,dummy-llama-70b-m,dummy-lora-llama-70b-m-rank-64-0,544,15,46.89029474437641
464,dummy-llama-70b-m,dummy-lora-llama-70b-m-rank-64-1,777,11,47.07331334999432
465,dummy-llama-70b-m,dummy-lora-llama-70b-m-rank-64-3,600,46,47.28832395178682
466,dummy-llama-70b-m,dummy-lora-llama-70b-m-rank-128-3,561,70,47.30510392629583
467,dummy-llama-70b-m,dummy-lora-llama-70b-m-rank-64-2,542,11,47.32028483800897
468,dummy-llama-70b-m,dummy-lora-llama-70b-m-rank-32-2,548,17,47.503227748213554
469,dummy-llama-70b-m,dummy-lora-llama-70b-m-rank-16-0,334,37,47.504907062572265
470,dummy-llama-70b-m,dummy-lora-llama-70b-m-rank-64-2,213,45,47.51859297012472
471,dummy-llama-70b-m,dummy-lora-llama-70b-m-rank-16-4,291,74,47.539812170889874
472,dummy-llama-70b-m,dummy-lora-llama-70b-m-rank-16-2,394,45,47.96968995649679
473,dummy-llama-70b-m,dummy-lora-llama-70b-m-rank-32-1,405,53,48.26766439214624
474,dummy-llama-70b-m,dummy-lora-llama-70b-m-rank-16-4,554,20,48.27277615287168
475,dummy-llama-70b-m,dummy-lora-llama-70b-m-rank-32-1,706,8,48.287095153253965
476,dummy-llama-70b-m,dummy-lora-llama-70b-m-rank-32-2,618,22,48.358108855912924
477,dummy-llama-70b-m,dummy-lora-llama-70b-m-rank-16-3,275,53,48.45223165927584
478,dummy-llama-70b-m,dummy-lora-llama-70b-m-rank-8-4,521,75,48.465883551665556
479,dummy-llama-70b-m,dummy-lora-llama-70b-m-rank-128-3,52,66,48.47551857714338
480,dummy-llama-70b-m,dummy-lora-llama-70b-m-rank-64-0,608,28,48.56301284577875
481,dummy-llama-70b-m,dummy-lora-llama-70b-m-rank-32-4,268,48,48.59328681007149
482,dummy-llama-70b-m,dummy-lora-llama-70b-m-rank-128-3,921,155,48.69255327917008
483,dummy-llama-70b-m,dummy-lora-llama-70b-m-rank-128-2,734,9,48.766562683551015
484,dummy-llama-70b-m,dummy-lora-llama-70b-m-rank-16-1,564,24,48.82811708565028
485,dummy-llama-70b-m,dummy-lora-llama-70b-m-rank-8-4,562,24,48.92749999400815
486,dummy-llama-70b-m,dummy-lora-llama-70b-m-rank-8-1,204,17,49.1147174680502
487,dummy-llama-70b-m,dummy-lora-llama-70b-m-rank-128-2,552,19,49.151317321607564
488,dummy-llama-70b-m,dummy-lora-llama-70b-m-rank-16-4,144,61,49.24034185712035
489,dummy-llama-70b-m,dummy-lora-llama-70b-m-rank-8-2,550,18,49.25211904754259
490,dummy-llama-70b-m,dummy-lora-llama-70b-m-rank-16-1,544,15,49.298412873573696
491,dummy-llama-70b-m,dummy-lora-llama-70b-m-rank-8-3,231,44,49.507938190657896
492,dummy-llama-70b-m,dummy-lora-llama-70b-m-rank-32-0,271,110,49.673139484824716
493,dummy-llama-70b-m,dummy-lora-llama-70b-m-rank-32-3,487,49,49.70621327057931
494,dummy-llama-70b-m,dummy-lora-llama-70b-m-rank-128-2,316,12,49.81949234018001
495,dummy-llama-70b-m,dummy-lora-llama-70b-m-rank-8-3,603,19,49.91085429143103
496,dummy-llama-70b-m,dummy-lora-llama-70b-m-rank-16-0,627,22,50.14686072070777
497,dummy-llama-70b-m,dummy-lora-llama-70b-m-rank-64-0,292,5,50.349760817939966
498,dummy-llama-70b-m,dummy-lora-llama-70b-m-rank-16-4,564,25,50.60452267518069
499,dummy-llama-70b-m,dummy-lora-llama-70b-m-rank-8-1,406,79,50.86612717734473
500,dummy-llama-70b-m,dummy-lora-llama-70b-m-rank-128-1,353,36,50.91893208655156
501,dummy-llama-70b-m,dummy-lora-llama-70b-m-rank-8-4,191,39,50.9289245899858
502,dummy-llama-70b-m,dummy-lora-llama-70b-m-rank-128-1,731,7,50.9456596073432
503,dummy-llama-70b-m,dummy-lora-llama-70b-m-rank-8-0,322,42,51.08674459730759
504,dummy-llama-70b-m,dummy-lora-llama-70b-m-rank-8-2,548,19,51.10552348489235
505,dummy-llama-70b-m,dummy-lora-llama-70b-m-rank-32-4,562,24,51.11148213400242
506,dummy-llama-70b-m,dummy-lora-llama-70b-m-rank-32-1,561,20,51.21230160256775
507,dummy-llama-70b-m,dummy-lora-llama-70b-m-rank-16-1,548,17,51.25926253830937
508,dummy-llama-70b-m,dummy-lora-llama-70b-m-rank-64-0,588,17,51.38256687597794
509,dummy-llama-70b-m,dummy-lora-llama-70b-m-rank-64-3,661,33,51.44501535529297
510,dummy-llama-70b-m,dummy-lora-llama-70b-m-rank-8-3,184,146,51.52876998798864
511,dummy-llama-70b-m,dummy-lora-llama-70b-m-rank-128-0,556,21,51.55559047509633
512,dummy-llama-70b-m,dummy-lora-llama-70b-m-rank-8-3,711,38,51.58582372018667
513,dummy-llama-70b-m,dummy-lora-llama-70b-m-rank-32-3,432,142,51.77302921395342
514,dummy-llama-70b-m,dummy-lora-llama-70b-m-rank-64-3,412,92,51.81702426690836
515,dummy-llama-70b-m,dummy-lora-llama-70b-m-rank-64-2,570,9,51.94277572227515
516,dummy-llama-70b-m,dummy-lora-llama-70b-m-rank-16-0,847,3,51.9433842243459
517,dummy-llama-70b-m,dummy-lora-llama-70b-m-rank-128-0,413,58,51.98063320434031
518,dummy-llama-70b-m,dummy-lora-llama-70b-m-rank-8-1,675,7,52.86356774246418
519,dummy-llama-70b-m,dummy-lora-llama-70b-m-rank-32-4,632,59,53.07451162305933
520,dummy-llama-70b-m,dummy-lora-llama-70b-m-rank-64-2,608,18,53.31830011336968
521,dummy-llama-70b-m,dummy-lora-llama-70b-m-rank-8-1,568,29,53.43321406503653
522,dummy-llama-70b-m,dummy-lora-llama-70b-m-rank-16-3,258,146,53.47115222092461
523,dummy-llama-70b-m,dummy-lora-llama-70b-m-rank-64-0,445,46,53.731636015396425
524,dummy-llama-70b-m,dummy-lora-llama-70b-m-rank-64-4,437,9,54.16053045970709
525,dummy-llama-70b-m,dummy-lora-llama-70b-m-rank-8-1,397,44,54.48526935216068
526,dummy-llama-70b-m,dummy-lora-llama-70b-m-rank-32-1,544,15,54.4934259458673
527,dummy-llama-70b-m,dummy-lora-llama-70b-m-rank-16-0,508,11,54.52692079625232
528,dummy-llama-70b-m,dummy-lora-llama-70b-m-rank-16-3,598,41,54.544583825936805
529,dummy-llama-70b-m,dummy-lora-llama-70b-m-rank-16-1,544,11,54.59943125404452
530,dummy-llama-70b-m,dummy-lora-llama-70b-m-rank-64-1,558,22,54.712195043712526
531,dummy-llama-70b-m,dummy-lora-llama-70b-m-rank-128-1,57,94,54.72305750441647
532,dummy-llama-70b-m,dummy-lora-llama-70b-m-rank-8-3,542,48,54.75128595230534
533,dummy-llama-70b-m,dummy-lora-llama-70b-m-rank-16-4,544,11,54.77135054986202
534,dummy-llama-70b-m,dummy-lora-llama-70b-m-rank-32-1,675,51,54.776840887030204
535,dummy-llama-70b-m,dummy-lora-llama-70b-m-rank-16-1,568,30,54.878122744578455
536,dummy-llama-70b-m,dummy-lora-llama-70b-m-rank-128-2,588,21,54.88619128590307
537,dummy-llama-70b-m,dummy-lora-llama-70b-m-rank-128-4,403,53,54.9462830546274
538,dummy-llama-70b-m,dummy-lora-llama-70b-m-rank-16-3,556,21,55.05415393031338
539,dummy-llama-70b-m,dummy-lora-llama-70b-m-rank-64-0,611,65,55.15089723808135
540,dummy-llama-70b-m,dummy-lora-llama-70b-m-rank-128-3,345,4,55.18608317520278
541,dummy-llama-70b-m,dummy-lora-llama-70b-m-rank-128-3,816,13,55.36517466094102
542,dummy-llama-70b-m,dummy-lora-llama-70b-m-rank-128-4,331,46,55.43210658922186
543,dummy-llama-70b-m,dummy-lora-llama-70b-m-rank-64-1,190,43,55.465316297639916
544,dummy-llama-70b-m,dummy-lora-llama-70b-m-rank-16-2,566,21,55.705259305390086
545,dummy-llama-70b-m,dummy-lora-llama-70b-m-rank-64-4,590,13,55.78467551248194
546,dummy-llama-70b-m,dummy-lora-llama-70b-m-rank-128-3,559,12,55.902808831467105
547,dummy-llama-70b-m,dummy-lora-llama-70b-m-rank-32-4,974,3,55.97802171249984
548,dummy-llama-70b-m,dummy-lora-llama-70b-m-rank-32-1,280,50,56.18442564301724
549,dummy-llama-70b-m,dummy-lora-llama-70b-m-rank-128-4,624,25,56.37282378915884
550,dummy-llama-70b-m,dummy-lora-llama-70b-m-rank-64-2,925,21,56.382999912872585
551,dummy-llama-70b-m,dummy-lora-llama-70b-m-rank-16-0,719,81,56.61820154214079
552,dummy-llama-70b-m,dummy-lora-llama-70b-m-rank-16-0,675,10,56.706232996603816
553,dummy-llama-70b-m,dummy-lora-llama-70b-m-rank-128-3,191,96,56.71530753401122
554,dummy-llama-70b-m,dummy-lora-llama-70b-m-rank-8-2,915,138,56.89251810433641
555,dummy-llama-70b-m,dummy-lora-llama-70b-m-rank-8-1,348,14,56.9002271842638
556,dummy-llama-70b-m,dummy-lora-llama-70b-m-rank-128-0,544,15,56.96807699033369
557,dummy-llama-70b-m,dummy-lora-llama-70b-m-rank-16-1,346,132,57.04501173350649
558,dummy-llama-70b-m,dummy-lora-llama-70b-m-rank-8-4,737,15,57.0474812560769
559,dummy-llama-70b-m,dummy-lora-llama-70b-m-rank-64-4,928,33,57.414851661998995
560,dummy-llama-70b-m,dummy-lora-llama-70b-m-rank-128-1,361,10,57.45039994788084
561,dummy-llama-70b-m,dummy-lora-llama-70b-m-rank-64-0,562,70,57.604823448044286
562,dummy-llama-70b-m,dummy-lora-llama-70b-m-rank-8-4,114,43,57.6070613170212
563,dummy-llama-70b-m,dummy-lora-llama-70b-m-rank-32-2,428,61,57.730229727327384
564,dummy-llama-70b-m,dummy-lora-llama-70b-m-rank-16-0,550,18,57.99774097367256
565,dummy-llama-70b-m,dummy-lora-llama-70b-m-rank-64-0,165,52,58.10793786457698
566,dummy-llama-70b-m,dummy-lora-llama-70b-m-rank-128-1,558,22,58.13527205063252
567,dummy-llama-70b-m,dummy-lora-llama-70b-m-rank-16-0,648,16,58.16112627554587
568,dummy-llama-70b-m,dummy-lora-llama-70b-m-rank-8-4,566,18,58.16538103058851
569,dummy-llama-70b-m,dummy-lora-llama-70b-m-rank-16-0,246,76,58.301974017864325
570,dummy-llama-70b-m,dummy-lora-llama-70b-m-rank-32-2,576,33,58.50890431574933
571,dummy-llama-70b-m,dummy-lora-llama-70b-m-rank-16-3,333,30,58.523574305421405
572,dummy-llama-70b-m,dummy-lora-llama-70b-m-rank-64-3,565,11,58.61815196559239
573,dummy-llama-70b-m,dummy-lora-llama-70b-m-rank-32-2,522,6,58.828283786418964
574,dummy-llama-70b-m,dummy-lora-llama-70b-m-rank-16-2,409,10,58.868122116146935
575,dummy-llama-70b-m,dummy-lora-llama-70b-m-rank-64-4,767,67,58.889803951084474
576,dummy-llama-70b-m,dummy-lora-llama-70b-m-rank-32-4,569,60,59.059518984530165
577,dummy-llama-70b-m,dummy-lora-llama-70b-m-rank-64-0,588,18,59.320915038403086
578,dummy-llama-70b-m,dummy-lora-llama-70b-m-rank-8-1,546,16,59.32110982428798
579,dummy-llama-70b-m,dummy-lora-llama-70b-m-rank-8-0,558,24,59.357625883210304
580,dummy-llama-70b-m,dummy-lora-llama-70b-m-rank-8-1,560,23,59.45522142429995
581,dummy-llama-70b-m,dummy-lora-llama-70b-m-rank-128-3,613,22,59.521843006060344
582,dummy-llama-70b-m,dummy-lora-llama-70b-m-rank-32-1,625,13,59.6754128147659
583,dummy-llama-70b-m,dummy-lora-llama-70b-m-rank-16-0,933,63,59.816351779605355
584,dummy-llama-70b-m,dummy-lora-llama-70b-m-rank-128-1,878,3,59.83670096845175
585,dummy-llama-70b-m,dummy-lora-llama-70b-m-rank-128-3,892,18,59.86983989230874
586,dummy-llama-70b-m,dummy-lora-llama-70b-m-rank-16-3,342,34,59.88186503828703
587,dummy-llama-70b-m,dummy-lora-llama-70b-m-rank-8-3,183,41,59.89314683421041
588,dummy-llama-70b-m,dummy-lora-llama-70b-m-rank-128-2,305,5,60.01498610380778
589,dummy-llama-70b-m,dummy-lora-llama-70b-m-rank-8-4,303,14,60.32546892431307
590,dummy-llama-70b-m,dummy-lora-llama-70b-m-rank-8-1,51,53,60.40044809765513
591,dummy-llama-70b-m,dummy-lora-llama-70b-m-rank-8-0,426,89,60.42930021121154
592,dummy-llama-70b-m,dummy-lora-llama-70b-m-rank-16-2,392,8,60.67876128917665
593,dummy-llama-70b-m,dummy-lora-llama-70b-m-rank-32-2,432,44,60.70311763560489
594,dummy-llama-70b-m,dummy-lora-llama-70b-m-rank-64-1,556,25,60.70698596939275
595,dummy-llama-70b-m,dummy-lora-llama-70b-m-rank-8-4,577,81,60.8192459781131
596,dummy-llama-70b-m,dummy-lora-llama-70b-m-rank-8-3,455,56,60.87024819400819
597,dummy-llama-70b-m,dummy-lora-llama-70b-m-rank-32-0,769,10,60.89386530369199
598,dummy-llama-70b-m,dummy-lora-llama-70b-m-rank-16-3,372,18,61.10052660173865
599,dummy-llama-70b-m,dummy-lora-llama-70b-m-rank-64-2,578,12,61.173517538734224
600,dummy-llama-70b-m,dummy-lora-llama-70b-m-rank-16-2,329,89,61.39835160676214
601,dummy-llama-70b-m,dummy-lora-llama-70b-m-rank-8-4,570,48,61.632257169045545
602,dummy-llama-70b-m,dummy-lora-llama-70b-m-rank-128-2,489,7,61.67912427939875
603,dummy-llama-70b-m,dummy-lora-llama-70b-m-rank-8-4,566,28,61.7329421651049
604,dummy-llama-70b-m,dummy-lora-llama-70b-m-rank-8-3,189,51,61.7821373438934
605,dummy-llama-70b-m,dummy-lora-llama-70b-m-rank-128-3,556,21,61.837417088169154
606,dummy-llama-70b-m,dummy-lora-llama-70b-m-rank-64-4,140,45,61.853194826742495
607,dummy-llama-70b-m,dummy-lora-llama-70b-m-rank-8-4,456,10,61.92656326895633
608,dummy-llama-70b-m,dummy-lora-llama-70b-m-rank-64-3,497,72,62.08804206708699
609,dummy-llama-70b-m,dummy-lora-llama-70b-m-rank-32-0,554,20,62.39222047925856
610,dummy-llama-70b-m,dummy-lora-llama-70b-m-rank-8-4,622,57,62.450187041830624
611,dummy-llama-70b-m,dummy-lora-llama-70b-m-rank-16-0,344,44,62.769325385965715
612,dummy-llama-70b-m,dummy-lora-llama-70b-m-rank-16-1,301,176,62.79662083862503
613,dummy-llama-70b-m,dummy-lora-llama-70b-m-rank-64-2,203,43,62.910919108808535
614,dummy-llama-70b-m,dummy-lora-llama-70b-m-rank-128-1,201,50,63.13198070772552
615,dummy-llama-70b-m,dummy-lora-llama-70b-m-rank-64-4,379,52,63.17200648147186
616,dummy-llama-70b-m,dummy-lora-llama-70b-m-rank-64-0,136,46,63.18295651002344
617,dummy-llama-70b-m,dummy-lora-llama-70b-m-rank-32-2,403,52,63.27819927162241
618,dummy-llama-70b-m,dummy-lora-llama-70b-m-rank-128-4,460,7,63.40463866568103
619,dummy-llama-70b-m,dummy-lora-llama-70b-m-rank-8-3,238,6,63.45672416796958
620,dummy-llama-70b-m,dummy-lora-llama-70b-m-rank-64-4,760,34,63.56762183445324
621,dummy-llama-70b-m,dummy-lora-llama-70b-m-rank-128-4,311,53,63.678221938387274
622,dummy-llama-70b-m,dummy-lora-llama-70b-m-rank-64-1,560,22,63.7185966634199
623,dummy-llama-70b-m,dummy-lora-llama-70b-m-rank-64-0,1004,38,63.78471162108791
624,dummy-llama-70b-m,dummy-lora-llama-70b-m-rank-16-1,554,12,63.932538060525154
625,dummy-llama-70b-m,dummy-lora-llama-70b-m-rank-16-2,431,47,63.974220320015895
626,dummy-llama-70b-m,dummy-lora-llama-70b-m-rank-32-2,653,6,64.30992034161837
627,dummy-llama-70b-m,dummy-lora-llama-70b-m-rank-16-1,698,48,64.52757123483288
628,dummy-llama-70b-m,dummy-lora-llama-70b-m-rank-16-1,817,14,64.559284583813
629,dummy-llama-70b-m,dummy-lora-llama-70b-m-rank-32-3,513,59,64.61124324696102
630,dummy-llama-70b-m,dummy-lora-llama-70b-m-rank-32-2,587,50,64.6795187479304
631,dummy-llama-70b-m,dummy-lora-llama-70b-m-rank-128-3,207,14,64.71519223113599
632,dummy-llama-70b-m,dummy-lora-llama-70b-m-rank-32-3,603,19,64.87864257645671
633,dummy-llama-70b-m,dummy-lora-llama-70b-m-rank-8-4,104,61,64.96443703743607
634,dummy-llama-70b-m,dummy-lora-llama-70b-m-rank-32-0,707,13,65.02454620347466
635,dummy-llama-70b-m,dummy-lora-llama-70b-m-rank-8-2,607,21,65.0635929250691
636,dummy-llama-70b-m,dummy-lora-llama-70b-m-rank-16-4,189,46,65.07890720675852
637,dummy-llama-70b-m,dummy-lora-llama-70b-m-rank-8-3,262,44,65.42862684779253
638,dummy-llama-70b-m,dummy-lora-llama-70b-m-rank-128-3,365,57,65.52521390333351
639,dummy-llama-70b-m,dummy-lora-llama-70b-m-rank-64-4,594,41,65.53542022602326
640,dummy-llama-70b-m,dummy-lora-llama-70b-m-rank-32-0,942,3,65.81446104952857
641,dummy-llama-70b-m,dummy-lora-llama-70b-m-rank-8-0,574,31,65.85191610276456
642,dummy-llama-70b-m,dummy-lora-llama-70b-m-rank-32-1,330,50,65.97956642901485
643,dummy-llama-70b-m,dummy-lora-llama-70b-m-rank-64-4,554,12,66.00217373685607
644,dummy-llama-70b-m,dummy-lora-llama-70b-m-rank-16-3,206,28,66.2868344970052
645,dummy-llama-70b-m,dummy-lora-llama-70b-m-rank-8-0,613,31,66.2943249045384
646,dummy-llama-70b-m,dummy-lora-llama-70b-m-rank-8-3,416,7,66.391755717953
647,dummy-llama-70b-m,dummy-lora-llama-70b-m-rank-64-0,275,6,66.5249248982869
648,dummy-llama-70b-m,dummy-lora-llama-70b-m-rank-8-0,456,31,66.64349254220112
649,dummy-llama-70b-m,dummy-lora-llama-70b-m-rank-128-3,334,42,66.75295897935553
650,dummy-llama-70b-m,dummy-lora-llama-70b-m-rank-64-1,552,19,66.76791582900533
651,dummy-llama-70b-m,dummy-lora-llama-70b-m-rank-64-1,544,15,66.79978023944243
652,dummy-llama-70b-m,dummy-lora-llama-70b-m-rank-16-1,554,22,66.82001556336063
653,dummy-llama-70b-m,dummy-lora-llama-70b-m-rank-128-0,616,14,66.83550227435587
654,dummy-llama-70b-m,dummy-lora-llama-70b-m-rank-8-1,548,17,66.96111466689146
655,dummy-llama-70b-m,dummy-lora-llama-70b-m-rank-16-2,272,127,66.97632429285845
656,dummy-llama-70b-m,dummy-lora-llama-70b-m-rank-16-1,592,20,67.03138265079757
657,dummy-llama-70b-m,dummy-lora-llama-70b-m-rank-128-3,454,8,67.13033814073759
658,dummy-llama-70b-m,dummy-lora-llama-70b-m-rank-128-0,421,63,67.51678160099114
659,dummy-llama-70b-m,dummy-lora-llama-70b-m-rank-64-2,582,34,67.54622558697248
660,dummy-llama-70b-m,dummy-lora-llama-70b-m-rank-16-1,654,43,67.71060989004877
661,dummy-llama-70b-m,dummy-lora-llama-70b-m-rank-32-1,510,6,67.85030971519105
662,dummy-llama-70b-m,dummy-lora-llama-70b-m-rank-8-3,564,18,68.26587095902569
663,dummy-llama-70b-m,dummy-lora-llama-70b-m-rank-64-0,564,8,68.28318253276373
664,dummy-llama-70b-m,dummy-lora-llama-70b-m-rank-64-0,254,5,68.31808733163774
665,dummy-llama-70b-m,dummy-lora-llama-70b-m-rank-32-4,478,47,68.31985966778866
666,dummy-llama-70b-m,dummy-lora-llama-70b-m-rank-64-4,293,40,68.32575566406408
667,dummy-llama-70b-m,dummy-lora-llama-70b-m-rank-64-3,216,51,68.33982877011309
668,dummy-llama-70b-m,dummy-lora-llama-70b-m-rank-64-3,349,53,68.53720197383414
669,dummy-llama-70b-m,dummy-lora-llama-70b-m-rank-8-3,594,35,68.67964363561364
670,dummy-llama-70b-m,dummy-lora-llama-70b-m-rank-8-3,416,10,68.78015149525415
671,dummy-llama-70b-m,dummy-lora-llama-70b-m-rank-128-2,606,21,68.85084320877938
672,dummy-llama-70b-m,dummy-lora-llama-70b-m-rank-32-2,216,216,68.85395772332716
673,dummy-llama-70b-m,dummy-lora-llama-70b-m-rank-128-3,867,12,68.8672087097369
674,dummy-llama-70b-m,dummy-lora-llama-70b-m-rank-32-4,308,6,68.87193281709271
675,dummy-llama-70b-m,dummy-lora-llama-70b-m-rank-128-2,389,6,68.94908078525503
676,dummy-llama-70b-m,dummy-lora-llama-70b-m-rank-8-4,660,4,68.98276985919429
677,dummy-llama-70b-m,dummy-lora-llama-70b-m-rank-128-1,631,28,69.04828054647513
678,dummy-llama-70b-m,dummy-lora-llama-70b-m-rank-128-1,562,21,69.22986889564403
679,dummy-llama-70b-m,dummy-lora-llama-70b-m-rank-32-3,364,166,69.35113837024657
680,dummy-llama-70b-m,dummy-lora-llama-70b-m-rank-16-4,560,25,69.44697983319718
681,dummy-llama-70b-m,dummy-lora-llama-70b-m-rank-8-3,592,14,69.53435016020124
682,dummy-llama-70b-m,dummy-lora-llama-70b-m-rank-64-1,404,9,69.68037828884943
683,dummy-llama-70b-m,dummy-lora-llama-70b-m-rank-64-4,558,25,69.73483730921829
684,dummy-llama-70b-m,dummy-lora-llama-70b-m-rank-64-2,832,6,70.18756615641384
685,dummy-llama-70b-m,dummy-lora-llama-70b-m-rank-64-2,440,48,70.18840385655378
686,dummy-llama-70b-m,dummy-lora-llama-70b-m-rank-32-1,554,12,70.32318568001212
687,dummy-llama-70b-m,dummy-lora-llama-70b-m-rank-128-1,552,11,70.33211380254963
688,dummy-llama-70b-m,dummy-lora-llama-70b-m-rank-32-3,431,39,70.52184927845205
689,dummy-llama-70b-m,dummy-lora-llama-70b-m-rank-16-2,601,9,70.80885381718758
690,dummy-llama-70b-m,dummy-lora-llama-70b-m-rank-8-0,254,16,70.93093699344125
691,dummy-llama-70b-m,dummy-lora-llama-70b-m-rank-64-0,913,10,70.99677230600788
692,dummy-llama-70b-m,dummy-lora-llama-70b-m-rank-128-3,688,87,71.11074039881318
693,dummy-llama-70b-m,dummy-lora-llama-70b-m-rank-64-4,241,62,71.23922953879841
694,dummy-llama-70b-m,dummy-lora-llama-70b-m-rank-64-0,566,26,71.38210056161458
695,dummy-llama-70b-m,dummy-lora-llama-70b-m-rank-128-0,430,5,71.6323936406057
696,dummy-llama-70b-m,dummy-lora-llama-70b-m-rank-16-4,561,55,71.65321151360487
697,dummy-llama-70b-m,dummy-lora-llama-70b-m-rank-8-3,376,51,71.67276980620548
698,dummy-llama-70b-m,dummy-lora-llama-70b-m-rank-32-1,568,12,71.7766062141405
699,dummy-llama-70b-m,dummy-lora-llama-70b-m-rank-8-2,434,10,71.83700189740473
700,dummy-llama-70b-m,dummy-lora-llama-70b-m-rank-16-0,492,61,71.90854733201647
701,dummy-llama-70b-m,dummy-lora-llama-70b-m-rank-64-2,181,6,72.18768828321296
702,dummy-llama-70b-m,dummy-lora-llama-70b-m-rank-16-1,552,19,72.19274176959873
703,dummy-llama-70b-m,dummy-lora-llama-70b-m-rank-64-0,356,46,72.24612902256304
704,dummy-llama-70b-m,dummy-lora-llama-70b-m-rank-16-1,558,14,72.25123341418933
705,dummy-llama-70b-m,dummy-lora-llama-70b-m-rank-64-3,981,44,72.26072539941056
706,dummy-llama-70b-m,dummy-lora-llama-70b-m-rank-8-2,179,55,72.32878996129291
707,dummy-llama-70b-m,dummy-lora-llama-70b-m-rank-64-2,499,53,72.3389835677365
708,dummy-llama-70b-m,dummy-lora-llama-70b-m-rank-64-3,52,57,72.38847331615275
709,dummy-llama-70b-m,dummy-lora-llama-70b-m-rank-16-1,139,46,72.42639676139433
710,dummy-llama-70b-m,dummy-lora-llama-70b-m-rank-128-0,548,19,72.64463218586472
711,dummy-llama-70b-m,dummy-lora-llama-70b-m-rank-64-1,550,10,72.90445859149746
712,dummy-llama-70b-m,dummy-lora-llama-70b-m-rank-32-3,592,74,73.01442633251763
713,dummy-llama-70b-m,dummy-lora-llama-70b-m-rank-32-4,544,15,73.06800003013257
714,dummy-llama-70b-m,dummy-lora-llama-70b-m-rank-32-4,616,19,73.10985456148256
715,dummy-llama-70b-m,dummy-lora-llama-70b-m-rank-64-2,387,53,73.20520925055274
716,dummy-llama-70b-m,dummy-lora-llama-70b-m-rank-128-1,631,10,73.43041426469941
717,dummy-llama-70b-m,dummy-lora-llama-70b-m-rank-16-2,449,6,73.61716251322801
718,dummy-llama-70b-m,dummy-lora-llama-70b-m-rank-32-4,489,39,73.65086018200196
719,dummy-llama-70b-m,dummy-lora-llama-70b-m-rank-16-4,348,58,73.70096601273914
720,dummy-llama-70b-m,dummy-lora-llama-70b-m-rank-16-1,328,101,73.77646053113921
721,dummy-llama-70b-m,dummy-lora-llama-70b-m-rank-16-4,559,22,74.04343103482738
722,dummy-llama-70b-m,dummy-lora-llama-70b-m-rank-16-0,191,129,74.18140481370416
723,dummy-llama-70b-m,dummy-lora-llama-70b-m-rank-8-4,270,57,74.1998876144354
724,dummy-llama-70b-m,dummy-lora-llama-70b-m-rank-64-2,177,7,74.31974821931898
725,dummy-llama-70b-m,dummy-lora-llama-70b-m-rank-128-2,525,85,74.40637820914814
726,dummy-llama-70b-m,dummy-lora-llama-70b-m-rank-16-1,558,14,74.4298451967173
727,dummy-llama-70b-m,dummy-lora-llama-70b-m-rank-128-2,99,78,74.47806214309807
728,dummy-llama-70b-m,dummy-lora-llama-70b-m-rank-64-3,373,37,74.70761939490019
729,dummy-llama-70b-m,dummy-lora-llama-70b-m-rank-32-4,280,144,74.72986662852139
730,dummy-llama-70b-m,dummy-lora-llama-70b-m-rank-16-1,642,38,74.77786462455782
731,dummy-llama-70b-m,dummy-lora-llama-70b-m-rank-8-0,605,19,74.90590600490515
732,dummy-llama-70b-m,dummy-lora-llama-70b-m-rank-16-0,346,8,74.99695647252445
733,dummy-llama-70b-m,dummy-lora-llama-70b-m-rank-16-0,350,62,74.99910742733144
734,dummy-llama-70b-m,dummy-lora-llama-70b-m-rank-8-4,605,20,75.10443066052275
735,dummy-llama-70b-m,dummy-lora-llama-70b-m-rank-8-1,125,36,75.10698620798999
736,dummy-llama-70b-m,dummy-lora-llama-70b-m-rank-64-2,319,7,75.39810100621374
737,dummy-llama-70b-m,dummy-lora-llama-70b-m-rank-32-0,140,36,75.41015274668052
738,dummy-llama-70b-m,dummy-lora-llama-70b-m-rank-32-2,391,158,75.52016293732775
739,dummy-llama-70b-m,dummy-lora-llama-70b-m-rank-16-4,323,6,75.62915696806479
740,dummy-llama-70b-m,dummy-lora-llama-70b-m-rank-128-0,537,111,75.7498819444139
741,dummy-llama-70b-m,dummy-lora-llama-70b-m-rank-16-1,417,56,75.78263512192665
742,dummy-llama-70b-m,dummy-lora-llama-70b-m-rank-8-2,556,21,75.80041126018901
743,dummy-llama-70b-m,dummy-lora-llama-70b-m-rank-16-0,554,20,75.82587053010161
744,dummy-llama-70b-m,dummy-lora-llama-70b-m-rank-32-4,537,12,75.99944501095302
745,dummy-llama-70b-m,dummy-lora-llama-70b-m-rank-64-2,621,21,76.14231281160849
746,dummy-llama-70b-m,dummy-lora-llama-70b-m-rank-32-1,514,53,76.25248784638228
747,dummy-llama-70b-m,dummy-lora-llama-70b-m-rank-32-3,834,3,76.31768294452553
748,dummy-llama-70b-m,dummy-lora-llama-70b-m-rank-32-3,788,55,76.39597347987772
749,dummy-llama-70b-m,dummy-lora-llama-70b-m-rank-128-4,296,54,76.42926175792967
750,dummy-llama-70b-m,dummy-lora-llama-70b-m-rank-32-4,162,115,76.72503261816736
751,dummy-llama-70b-m,dummy-lora-llama-70b-m-rank-16-3,552,19,76.93612472066579
752,dummy-llama-70b-m,dummy-lora-llama-70b-m-rank-8-0,476,54,76.94288654324852
753,dummy-llama-70b-m,dummy-lora-llama-70b-m-rank-64-2,477,44,76.94960920906344
754,dummy-llama-70b-m,dummy-lora-llama-70b-m-rank-8-4,576,55,77.13670671024472
755,dummy-llama-70b-m,dummy-lora-llama-70b-m-rank-128-0,591,11,77.13877617399486
756,dummy-llama-70b-m,dummy-lora-llama-70b-m-rank-32-0,282,8,77.14072305502154
757,dummy-llama-70b-m,dummy-lora-llama-70b-m-rank-128-2,549,54,77.27192897181467
758,dummy-llama-70b-m,dummy-lora-llama-70b-m-rank-64-3,973,209,77.55021098369707
759,dummy-llama-70b-m,dummy-lora-llama-70b-m-rank-8-4,526,40,77.65796518467101
760,dummy-llama-70b-m,dummy-lora-llama-70b-m-rank-8-0,648,35,77.66842003533905
761,dummy-llama-70b-m,dummy-lora-llama-70b-m-rank-16-2,58,42,77.72385480224119
762,dummy-llama-70b-m,dummy-lora-llama-70b-m-rank-16-2,158,42,77.76210137470508
763,dummy-llama-70b-m,dummy-lora-llama-70b-m-rank-128-1,133,92,77.80290314485615
764,dummy-llama-70b-m,dummy-lora-llama-70b-m-rank-8-3,551,49,77.81806206321335
765,dummy-llama-70b-m,dummy-lora-llama-70b-m-rank-16-1,603,19,77.86235490287783
766,dummy-llama-70b-m,dummy-lora-llama-70b-m-rank-32-1,572,2,78.30050268639131
767,dummy-llama-70b-m,dummy-lora-llama-70b-m-rank-16-3,420,46,78.38778304750332
768,dummy-llama-70b-m,dummy-lora-llama-70b-m-rank-128-1,374,51,78.53837250355416
769,dummy-llama-70b-m,dummy-lora-llama-70b-m-rank-64-0,425,51,78.56672080732179
770,dummy-llama-70b-m,dummy-lora-llama-70b-m-rank-16-1,104,4,78.65199438742452
771,dummy-llama-70b-m,dummy-lora-llama-70b-m-rank-64-2,240,7,78.65591640102532
772,dummy-llama-70b-m,dummy-lora-llama-70b-m-rank-8-2,554,20,78.6740809661278
773,dummy-llama-70b-m,dummy-lora-llama-70b-m-rank-16-4,228,78,78.7360778737034
774,dummy-llama-70b-m,dummy-lora-llama-70b-m-rank-128-4,386,42,78.82027916820338
775,dummy-llama-70b-m,dummy-lora-llama-70b-m-rank-16-3,603,15,78.9486165846889
776,dummy-llama-70b-m,dummy-lora-llama-70b-m-rank-128-2,558,22,79.32109109709691
777,dummy-llama-70b-m,dummy-lora-llama-70b-m-rank-16-3,446,11,79.43294452878838
778,dummy-llama-70b-m,dummy-lora-llama-70b-m-rank-16-4,189,134,79.71054792074798
779,dummy-llama-70b-m,dummy-lora-llama-70b-m-rank-16-0,569,40,79.72040446798269
780,dummy-llama-70b-m,dummy-lora-llama-70b-m-rank-32-4,277,11,80.04041400855232
781,dummy-llama-70b-m,dummy-lora-llama-70b-m-rank-64-4,220,117,80.1956463320421
782,dummy-llama-70b-m,dummy-lora-llama-70b-m-rank-8-4,666,74,80.35355536704174
783,dummy-llama-70b-m,dummy-lora-llama-70b-m-rank-16-2,290,140,80.3831240959201
784,dummy-llama-70b-m,dummy-lora-llama-70b-m-rank-64-1,599,17,80.44281519054519
785,dummy-llama-70b-m,dummy-lora-llama-70b-m-rank-32-0,447,73,80.45527924672153
786,dummy-llama-70b-m,dummy-lora-llama-70b-m-rank-128-4,562,24,80.54012068007586
787,dummy-llama-70b-m,dummy-lora-llama-70b-m-rank-64-4,597,11,80.67564925647638
788,dummy-llama-70b-m,dummy-lora-llama-70b-m-rank-16-3,827,32,80.75298249062335
789,dummy-llama-70b-m,dummy-lora-llama-70b-m-rank-8-0,549,10,80.7671296371104
790,dummy-llama-70b-m,dummy-lora-llama-70b-m-rank-128-2,190,51,80.8990698029928
791,dummy-llama-70b-m,dummy-lora-llama-70b-m-rank-32-2,629,35,80.97173646247067
792,dummy-llama-70b-m,dummy-lora-llama-70b-m-rank-64-4,390,48,80.9883924064153
793,dummy-llama-70b-m,dummy-lora-llama-70b-m-rank-8-1,594,44,81.01478570406114
794,dummy-llama-70b-m,dummy-lora-llama-70b-m-rank-16-3,550,18,81.03318473969887
795,dummy-llama-70b-m,dummy-lora-llama-70b-m-rank-8-3,399,64,81.07796279473325
796,dummy-llama-70b-m,dummy-lora-llama-70b-m-rank-32-1,956,7,81.20873636977971
797,dummy-llama-70b-m,dummy-lora-llama-70b-m-rank-16-1,199,5,81.41816100184658
798,dummy-llama-70b-m,dummy-lora-llama-70b-m-rank-128-2,256,60,81.64147181614521
799,dummy-llama-70b-m,dummy-lora-llama-70b-m-rank-32-4,613,26,82.02998355031308
800,dummy-llama-70b-m,dummy-lora-llama-70b-m-rank-64-0,923,77,82.17401955913402
801,dummy-llama-70b-m,dummy-lora-llama-70b-m-rank-128-2,340,9,82.28133819480907
802,dummy-llama-70b-m,dummy-lora-llama-70b-m-rank-8-2,198,45,82.50203922972607
803,dummy-llama-70b-m,dummy-lora-llama-70b-m-rank-32-0,231,134,82.53717751120358
804,dummy-llama-70b-m,dummy-lora-llama-70b-m-rank-64-1,569,13,82.74548045031928
805,dummy-llama-70b-m,dummy-lora-llama-70b-m-rank-32-3,118,66,82.82635305352451
806,dummy-llama-70b-m,dummy-lora-llama-70b-m-rank-16-1,576,64,82.82857093246405
807,dummy-llama-70b-m,dummy-lora-llama-70b-m-rank-8-0,869,78,82.8954488965192
808,dummy-llama-70b-m,dummy-lora-llama-70b-m-rank-64-2,354,62,82.92503411963618
809,dummy-llama-70b-m,dummy-lora-llama-70b-m-rank-128-4,594,18,82.93425285708076
810,dummy-llama-70b-m,dummy-lora-llama-70b-m-rank-16-3,440,56,82.9853057293034
811,dummy-llama-70b-m,dummy-lora-llama-70b-m-rank-32-0,598,42,83.61418849840182
812,dummy-llama-70b-m,dummy-lora-llama-70b-m-rank-32-0,369,94,83.68217511109708
813,dummy-llama-70b-m,dummy-lora-llama-70b-m-rank-32-3,356,205,83.97860940976493
814,dummy-llama-70b-m,dummy-lora-llama-70b-m-rank-64-3,556,8,84.07496152926592
815,dummy-llama-70b-m,dummy-lora-llama-70b-m-rank-128-3,268,8,84.08466766011314
816,dummy-llama-70b-m,dummy-lora-llama-70b-m-rank-64-0,382,7,84.26543009152181
817,dummy-llama-70b-m,dummy-lora-llama-70b-m-rank-32-0,607,22,84.33174915487311
818,dummy-llama-70b-m,dummy-lora-llama-70b-m-rank-128-2,412,8,84.34458028578169
819,dummy-llama-70b-m,dummy-lora-llama-70b-m-rank-64-0,325,44,84.38345078311453
820,dummy-llama-70b-m,dummy-lora-llama-70b-m-rank-8-0,548,17,84.48497556570985
821,dummy-llama-70b-m,dummy-lora-llama-70b-m-rank-8-4,582,32,84.48586530992934
822,dummy-llama-70b-m,dummy-lora-llama-70b-m-rank-32-1,554,21,84.54161301023296
823,dummy-llama-70b-m,dummy-lora-llama-70b-m-rank-64-0,258,50,84.71678117756181
824,dummy-llama-70b-m,dummy-lora-llama-70b-m-rank-32-2,363,7,84.72152343996358
825,dummy-llama-70b-m,dummy-lora-llama-70b-m-rank-32-0,566,18,84.74568190376752
826,dummy-llama-70b-m,dummy-lora-llama-70b-m-rank-16-1,594,15,84.7614886358397
827,dummy-llama-70b-m,dummy-lora-llama-70b-m-rank-64-2,643,18,84.83133000483147
828,dummy-llama-70b-m,dummy-lora-llama-70b-m-rank-8-0,556,21,84.909942290588
829,dummy-llama-70b-m,dummy-lora-llama-70b-m-rank-128-0,264,69,85.10455182352712
830,dummy-llama-70b-m,dummy-lora-llama-70b-m-rank-8-1,368,57,85.11206186763941
831,dummy-llama-70b-m,dummy-lora-llama-70b-m-rank-32-2,566,29,85.19813972379433
832,dummy-llama-70b-m,dummy-lora-llama-70b-m-rank-8-3,323,115,85.22035466786454
833,dummy-llama-70b-m,dummy-lora-llama-70b-m-rank-8-2,330,33,85.28580531925435
834,dummy-llama-70b-m,dummy-lora-llama-70b-m-rank-64-3,578,23,85.33927734110627
835,dummy-llama-70b-m,dummy-lora-llama-70b-m-rank-8-0,226,44,85.3808870553519
836,dummy-llama-70b-m,dummy-lora-llama-70b-m-rank-8-2,519,8,85.46217006879027
837,dummy-llama-70b-m,dummy-lora-llama-70b-m-rank-128-3,530,40,85.47452569951882
838,dummy-llama-70b-m,dummy-lora-llama-70b-m-rank-8-3,595,12,85.48179776874242
839,dummy-llama-70b-m,dummy-lora-llama-70b-m-rank-16-3,233,134,85.63086231294908
840,dummy-llama-70b-m,dummy-lora-llama-70b-m-rank-16-2,426,9,85.75332605328983
841,dummy-llama-70b-m,dummy-lora-llama-70b-m-rank-16-1,471,8,85.79135322037087
842,dummy-llama-70b-m,dummy-lora-llama-70b-m-rank-128-1,678,193,85.96730128923866
843,dummy-llama-70b-m,dummy-lora-llama-70b-m-rank-128-3,113,37,85.97445791178296
844,dummy-llama-70b-m,dummy-lora-llama-70b-m-rank-64-1,807,14,85.97829587691672
845,dummy-llama-70b-m,dummy-lora-llama-70b-m-rank-32-1,661,21,86.04416630520576
846,dummy-llama-70b-m,dummy-lora-llama-70b-m-rank-128-1,161,45,86.3002436158078
847,dummy-llama-70b-m,dummy-lora-llama-70b-m-rank-16-2,279,56,86.34215988868081
848,dummy-llama-70b-m,dummy-lora-llama-70b-m-rank-8-4,447,69,86.34274780234506
849,dummy-llama-70b-m,dummy-lora-llama-70b-m-rank-64-4,537,59,86.39439738280481
850,dummy-llama-70b-m,dummy-lora-llama-70b-m-rank-8-2,346,94,86.44820062066256
851,dummy-llama-70b-m,dummy-lora-llama-70b-m-rank-128-2,608,47,86.73659696571906
852,dummy-llama-70b-m,dummy-lora-llama-70b-m-rank-8-2,516,71,87.03271362872479
853,dummy-llama-70b-m,dummy-lora-llama-70b-m-rank-8-2,598,13,87.23535200696345
854,dummy-llama-70b-m,dummy-lora-llama-70b-m-rank-64-1,654,12,87.52770790941977
855,dummy-llama-70b-m,dummy-lora-llama-70b-m-rank-8-2,761,3,87.57397774906906
856,dummy-llama-70b-m,dummy-lora-llama-70b-m-rank-64-3,365,19,87.67762971223964
857,dummy-llama-70b-m,dummy-lora-llama-70b-m-rank-64-4,477,40,87.73430956820745
858,dummy-llama-70b-m,dummy-lora-llama-70b-m-rank-32-2,355,50,87.93561141120423
859,dummy-llama-70b-m,dummy-lora-llama-70b-m-rank-32-1,305,6,87.95688887717489
860,dummy-llama-70b-m,dummy-lora-llama-70b-m-rank-8-1,238,49,88.03955645865233
861,dummy-llama-70b-m,dummy-lora-llama-70b-m-rank-32-3,834,13,88.09178542665377
862,dummy-llama-70b-m,dummy-lora-llama-70b-m-rank-8-4,347,13,88.31372500316988
863,dummy-llama-70b-m,dummy-lora-llama-70b-m-rank-64-1,558,23,88.3988280484347
864,dummy-llama-70b-m,dummy-lora-llama-70b-m-rank-128-3,796,13,88.42314411831381
865,dummy-llama-70b-m,dummy-lora-llama-70b-m-rank-8-2,164,61,88.66944378060654
866,dummy-llama-70b-m,dummy-lora-llama-70b-m-rank-16-1,554,20,88.77214210149545
867,dummy-llama-70b-m,dummy-lora-llama-70b-m-rank-8-4,551,11,88.7728483709653
868,dummy-llama-70b-m,dummy-lora-llama-70b-m-rank-64-0,468,57,88.80558117904108
869,dummy-llama-70b-m,dummy-lora-llama-70b-m-rank-32-2,288,7,88.97214482648084
870,dummy-llama-70b-m,dummy-lora-llama-70b-m-rank-16-4,177,57,89.05707601716945
871,dummy-llama-70b-m,dummy-lora-llama-70b-m-rank-64-4,609,37,89.13817371502813
872,dummy-llama-70b-m,dummy-lora-llama-70b-m-rank-8-1,562,27,89.15662163497169
873,dummy-llama-70b-m,dummy-lora-llama-70b-m-rank-32-1,269,4,89.17131645522625
874,dummy-llama-70b-m,dummy-lora-llama-70b-m-rank-32-3,451,47,89.203498569629
875,dummy-llama-70b-m,dummy-lora-llama-70b-m-rank-8-1,825,88,89.27796645628571
876,dummy-llama-70b-m,dummy-lora-llama-70b-m-rank-64-3,553,17,89.44805080795027
877,dummy-llama-70b-m,dummy-lora-llama-70b-m-rank-64-4,560,39,89.48138942152714
878,dummy-llama-70b-m,dummy-lora-llama-70b-m-rank-8-2,603,14,89.67488972330554
879,dummy-llama-70b-m,dummy-lora-llama-70b-m-rank-128-2,609,21,89.83637513084246
880,dummy-llama-70b-m,dummy-lora-llama-70b-m-rank-16-2,558,22,89.8822452092852
881,dummy-llama-70b-m,dummy-lora-llama-70b-m-rank-128-0,674,27,90.09218388443882
882,dummy-llama-70b-m,dummy-lora-llama-70b-m-rank-64-4,497,43,90.61339102983436
883,dummy-llama-70b-m,dummy-lora-llama-70b-m-rank-64-0,231,10,90.63627916257855
884,dummy-llama-70b-m,dummy-lora-llama-70b-m-rank-32-4,372,97,90.70394097373794
885,dummy-llama-70b-m,dummy-lora-llama-70b-m-rank-128-3,325,11,90.76115921917238
886,dummy-llama-70b-m,dummy-lora-llama-70b-m-rank-64-0,572,32,90.80453819883321
887,dummy-llama-70b-m,dummy-lora-llama-70b-m-rank-32-4,616,44,90.83259504200457
888,dummy-llama-70b-m,dummy-lora-llama-70b-m-rank-16-0,752,8,90.86475490617778
889,dummy-llama-70b-m,dummy-lora-llama-70b-m-rank-32-2,554,20,90.97922511889058
890,dummy-llama-70b-m,dummy-lora-llama-70b-m-rank-128-1,335,18,91.19645770031573
891,dummy-llama-70b-m,dummy-lora-llama-70b-m-rank-16-2,488,54,91.20938775323366
892,dummy-llama-70b-m,dummy-lora-llama-70b-m-rank-32-4,640,19,91.21426539558225
893,dummy-llama-70b-m,dummy-lora-llama-70b-m-rank-128-2,678,48,91.232326408724
894,dummy-llama-70b-m,dummy-lora-llama-70b-m-rank-32-4,460,57,91.2977826857134
895,dummy-llama-70b-m,dummy-lora-llama-70b-m-rank-32-3,421,51,91.30304920754389
896,dummy-llama-70b-m,dummy-lora-llama-70b-m-rank-64-0,291,11,91.31412139652437
897,dummy-llama-70b-m,dummy-lora-llama-70b-m-rank-64-1,562,27,91.31696758602783
898,dummy-llama-70b-m,dummy-lora-llama-70b-m-rank-8-4,556,22,91.4631951220956
899,dummy-llama-70b-m,dummy-lora-llama-70b-m-rank-16-0,455,55,91.5143928181715
900,dummy-llama-70b-m,dummy-lora-llama-70b-m-rank-16-3,590,21,91.64772554997828
901,dummy-llama-70b-m,dummy-lora-llama-70b-m-rank-16-3,901,166,91.67190176727432
902,dummy-llama-70b-m,dummy-lora-llama-70b-m-rank-64-1,558,24,91.8617917487339
903,dummy-llama-70b-m,dummy-lora-llama-70b-m-rank-64-3,224,46,91.8633603929832
904,dummy-llama-70b-m,dummy-lora-llama-70b-m-rank-64-4,895,30,92.0663253092601
905,dummy-llama-70b-m,dummy-lora-llama-70b-m-rank-32-4,550,18,92.14268359011024
906,dummy-llama-70b-m,dummy-lora-llama-70b-m-rank-128-1,340,138,92.45083547735824
907,dummy-llama-70b-m,dummy-lora-llama-70b-m-rank-64-2,558,24,92.49933915624864
908,dummy-llama-70b-m,dummy-lora-llama-70b-m-rank-8-3,582,37,92.59374420242162
909,dummy-llama-70b-m,dummy-lora-llama-70b-m-rank-32-2,248,56,92.6798069806395
910,dummy-llama-70b-m,dummy-lora-llama-70b-m-rank-64-0,550,18,92.87378749143663
911,dummy-llama-70b-m,dummy-lora-llama-70b-m-rank-64-4,552,19,93.01942451336548
912,dummy-llama-70b-m,dummy-lora-llama-70b-m-rank-8-2,301,12,93.25789823937001
913,dummy-llama-70b-m,dummy-lora-llama-70b-m-rank-128-0,476,43,93.2889580238303
914,dummy-llama-70b-m,dummy-lora-llama-70b-m-rank-16-2,772,11,93.29210669047202
915,dummy-llama-70b-m,dummy-lora-llama-70b-m-rank-64-0,714,57,93.30348594201114
916,dummy-llama-70b-m,dummy-lora-llama-70b-m-rank-64-4,566,23,93.34862567260677
917,dummy-llama-70b-m,dummy-lora-llama-70b-m-rank-128-3,133,46,93.48899935580633
918,dummy-llama-70b-m,dummy-lora-llama-70b-m-rank-64-4,324,36,93.55480299391216
919,dummy-llama-70b-m,dummy-lora-llama-70b-m-rank-8-0,580,8,93.56001465829732
920,dummy-llama-70b-m,dummy-lora-llama-70b-m-rank-16-0,574,22,93.73239251450855
921,dummy-llama-70b-m,dummy-lora-llama-70b-m-rank-32-3,379,79,93.81013021862584
922,dummy-llama-70b-m,dummy-lora-llama-70b-m-rank-128-0,483,67,93.83869095847773
923,dummy-llama-70b-m,dummy-lora-llama-70b-m-rank-16-4,683,95,93.91082867524646
924,dummy-llama-70b-m,dummy-lora-llama-70b-m-rank-16-4,417,51,93.91338931395751
925,dummy-llama-70b-m,dummy-lora-llama-70b-m-rank-128-0,304,143,93.97251686613457
926,dummy-llama-70b-m,dummy-lora-llama-70b-m-rank-16-0,646,53,94.09033567333066
927,dummy-llama-70b-m,dummy-lora-llama-70b-m-rank-16-1,552,19,94.11144201542734
928,dummy-llama-70b-m,dummy-lora-llama-70b-m-rank-16-4,119,129,94.31007389897708
929,dummy-llama-70b-m,dummy-lora-llama-70b-m-rank-16-3,387,41,94.34161740592018
930,dummy-llama-70b-m,dummy-lora-llama-70b-m-rank-8-3,542,10,94.34610841790716
931,dummy-llama-70b-m,dummy-lora-llama-70b-m-rank-128-2,263,4,94.3561992971281
932,dummy-llama-70b-m,dummy-lora-llama-70b-m-rank-128-3,674,20,94.54419197819666
933,dummy-llama-70b-m,dummy-lora-llama-70b-m-rank-8-1,706,57,94.67983943880905
934,dummy-llama-70b-m,dummy-lora-llama-70b-m-rank-16-4,109,87,94.68145874343641
935,dummy-llama-70b-m,dummy-lora-llama-70b-m-rank-16-1,556,21,94.72492990346417
936,dummy-llama-70b-m,dummy-lora-llama-70b-m-rank-128-1,875,29,94.77961310818455
937,dummy-llama-70b-m,dummy-lora-llama-70b-m-rank-128-1,550,18,94.80417240111503
938,dummy-llama-70b-m,dummy-lora-llama-70b-m-rank-8-4,554,20,94.85715861358614
939,dummy-llama-70b-m,dummy-lora-llama-70b-m-rank-128-3,341,61,95.16424453894344
940,dummy-llama-70b-m,dummy-lora-llama-70b-m-rank-128-0,556,19,95.22471534185335
941,dummy-llama-70b-m,dummy-lora-llama-70b-m-rank-128-3,552,19,95.22571641763278
942,dummy-llama-70b-m,dummy-lora-llama-70b-m-rank-8-3,327,103,95.48127428218942
943,dummy-llama-70b-m,dummy-lora-llama-70b-m-rank-16-2,746,46,95.51824201964341
944,dummy-llama-70b-m,dummy-lora-llama-70b-m-rank-128-1,288,77,95.60823014137381
945,dummy-llama-70b-m,dummy-lora-llama-70b-m-rank-16-1,570,16,95.92444668724825
946,dummy-llama-70b-m,dummy-lora-llama-70b-m-rank-32-2,307,19,95.99639697147515
947,dummy-llama-70b-m,dummy-lora-llama-70b-m-rank-8-4,595,21,96.10535292107014
948,dummy-llama-70b-m,dummy-lora-llama-70b-m-rank-128-4,558,14,96.12528021773655
949,dummy-llama-70b-m,dummy-lora-llama-70b-m-rank-16-3,568,27,96.21986205919976
950,dummy-llama-70b-m,dummy-lora-llama-70b-m-rank-128-4,164,61,96.39921842448607
951,dummy-llama-70b-m,dummy-lora-llama-70b-m-rank-64-0,552,11,96.439053263655
952,dummy-llama-70b-m,dummy-lora-llama-70b-m-rank-16-2,397,46,96.52772387387566
953,dummy-llama-70b-m,dummy-lora-llama-70b-m-rank-32-1,556,22,96.55105057159416
954,dummy-llama-70b-m,dummy-lora-llama-70b-m-rank-8-4,552,19,96.58585963152812
955,dummy-llama-70b-m,dummy-lora-llama-70b-m-rank-64-1,601,28,96.61393252962144
956,dummy-llama-70b-m,dummy-lora-llama-70b-m-rank-128-0,422,52,96.68033048887288
957,dummy-llama-70b-m,dummy-lora-llama-70b-m-rank-128-0,829,10,96.7618528096933
958,dummy-llama-70b-m,dummy-lora-llama-70b-m-rank-128-1,577,30,96.78846053156994
959,dummy-llama-70b-m,dummy-lora-llama-70b-m-rank-16-3,556,21,96.79094415909218
960,dummy-llama-70b-m,dummy-lora-llama-70b-m-rank-32-4,328,51,96.98940084266087
961,dummy-llama-70b-m,dummy-lora-llama-70b-m-rank-8-2,449,9,97.00675124657246
962,dummy-llama-70b-m,dummy-lora-llama-70b-m-rank-128-4,712,75,97.02749917442607
963,dummy-llama-70b-m,dummy-lora-llama-70b-m-rank-8-4,642,124,97.08012096328999
964,dummy-llama-70b-m,dummy-lora-llama-70b-m-rank-32-0,697,8,97.14111138247873
965,dummy-llama-70b-m,dummy-lora-llama-70b-m-rank-16-0,371,6,97.34279969154919
966,dummy-llama-70b-m,dummy-lora-llama-70b-m-rank-32-0,607,8,97.41029719898077
967,dummy-llama-70b-m,dummy-lora-llama-70b-m-rank-128-0,597,24,97.43202994711473
968,dummy-llama-70b-m,dummy-lora-llama-70b-m-rank-32-3,560,15,97.49923018518908
969,dummy-llama-70b-m,dummy-lora-llama-70b-m-rank-64-2,285,42,97.54926169293222
970,dummy-llama-70b-m,dummy-lora-llama-70b-m-rank-32-2,326,11,97.55937188404242
971,dummy-llama-70b-m,dummy-lora-llama-70b-m-rank-64-1,325,17,97.61340212789827
972,dummy-llama-70b-m,dummy-lora-llama-70b-m-rank-16-3,239,41,97.62092400869217
973,dummy-llama-70b-m,dummy-lora-llama-70b-m-rank-8-4,333,61,97.70123286726177
974,dummy-llama-70b-m,dummy-lora-llama-70b-m-rank-64-1,333,42,97.77104758171808
975,dummy-llama-70b-m,dummy-lora-llama-70b-m-rank-8-4,550,10,97.81384826612917
976,dummy-llama-70b-m,dummy-lora-llama-70b-m-rank-32-3,582,38,97.82029635747811
977,dummy-llama-70b-m,dummy-lora-llama-70b-m-rank-128-1,232,117,97.87274115554301
978,dummy-llama-70b-m,dummy-lora-llama-70b-m-rank-128-4,413,46,97.95050537094306
979,dummy-llama-70b-m,dummy-lora-llama-70b-m-rank-64-1,109,54,98.09394257592997
980,dummy-llama-70b-m,dummy-lora-llama-70b-m-rank-16-1,639,7,98.11534864689331
981,dummy-llama-70b-m,dummy-lora-llama-70b-m-rank-64-3,527,55,98.12622858079104
982,dummy-llama-70b-m,dummy-lora-llama-70b-m-rank-32-3,363,57,98.24478736285516
983,dummy-llama-70b-m,dummy-lora-llama-70b-m-rank-16-4,582,37,98.33948251656567
984,dummy-llama-70b-m,dummy-lora-llama-70b-m-rank-128-4,305,56,98.34486192534888
985,dummy-llama-70b-m,dummy-lora-llama-70b-m-rank-32-2,320,46,98.40087286642556
986,dummy-llama-70b-m,dummy-lora-llama-70b-m-rank-32-2,550,18,98.44599570192703
987,dummy-llama-70b-m,dummy-lora-llama-70b-m-rank-16-4,875,91,98.48761160230607
988,dummy-llama-70b-m,dummy-lora-llama-70b-m-rank-16-1,594,22,98.66185275461324
989,dummy-llama-70b-m,dummy-lora-llama-70b-m-rank-16-2,552,21,98.66413253767297
990,dummy-llama-70b-m,dummy-lora-llama-70b-m-rank-8-4,552,19,98.6695404685234
991,dummy-llama-70b-m,dummy-lora-llama-70b-m-rank-128-2,294,45,98.7818873386752
992,dummy-llama-70b-m,dummy-lora-llama-70b-m-rank-128-3,614,18,99.1447648292522
993,dummy-llama-70b-m,dummy-lora-llama-70b-m-rank-128-4,196,192,99.1947146572066
994,dummy-llama-70b-m,dummy-lora-llama-70b-m-rank-32-2,248,51,99.21807743551383
995,dummy-llama-70b-m,dummy-lora-llama-70b-m-rank-128-4,620,58,99.29140862358388
996,dummy-llama-70b-m,dummy-lora-llama-70b-m-rank-64-3,604,44,99.41764683591077
997,dummy-llama-70b-m,dummy-lora-llama-70b-m-rank-16-3,117,37,99.87651665757187
998,dummy-llama-70b-m,dummy-lora-llama-70b-m-rank-16-1,385,39,99.95590254554975
999,dummy-llama-70b-m,dummy-lora-llama-70b-m-rank-64-0,601,28,99.98068269850637
1000,dummy-llama-70b-m,dummy-lora-llama-70b-m-rank-8-2,111,67,100.03153474522313
1001,dummy-llama-70b-m,dummy-lora-llama-70b-m-rank-16-4,521,87,100.09044971008211
1002,dummy-llama-70b-m,dummy-lora-llama-70b-m-rank-16-4,552,19,100.16953507350199
1003,dummy-llama-70b-m,dummy-lora-llama-70b-m-rank-64-4,621,8,100.33307053594794
1004,dummy-llama-70b-m,dummy-lora-llama-70b-m-rank-32-0,548,17,100.44463557173283
1005,dummy-llama-70b-m,dummy-lora-llama-70b-m-rank-32-0,561,14,100.4659017224909
1006,dummy-llama-70b-m,dummy-lora-llama-70b-m-rank-16-2,848,68,100.47902818542296
1007,dummy-llama-70b-m,dummy-lora-llama-70b-m-rank-8-1,440,23,100.49270767383045
1008,dummy-llama-70b-m,dummy-lora-llama-70b-m-rank-32-1,967,37,100.71100456124425
1009,dummy-llama-70b-m,dummy-lora-llama-70b-m-rank-16-1,568,28,100.74500424786072
1010,dummy-llama-70b-m,dummy-lora-llama-70b-m-rank-128-0,518,13,100.80989608372276
1011,dummy-llama-70b-m,dummy-lora-llama-70b-m-rank-128-2,538,9,100.87827308273886
1012,dummy-llama-70b-m,dummy-lora-llama-70b-m-rank-16-4,597,11,100.88973372460708
1013,dummy-llama-70b-m,dummy-lora-llama-70b-m-rank-32-1,625,11,100.98792609900755
1014,dummy-llama-70b-m,dummy-lora-llama-70b-m-rank-128-1,295,37,101.03702520587413
1015,dummy-llama-70b-m,dummy-lora-llama-70b-m-rank-16-3,51,58,101.05504369210873
1016,dummy-llama-70b-m,dummy-lora-llama-70b-m-rank-128-4,568,8,101.23374599255997
1017,dummy-llama-70b-m,dummy-lora-llama-70b-m-rank-8-4,454,84,101.32494338997067
1018,dummy-llama-70b-m,dummy-lora-llama-70b-m-rank-64-0,187,115,101.52731132148055
1019,dummy-llama-70b-m,dummy-lora-llama-70b-m-rank-8-2,572,30,101.66516114148835
1020,dummy-llama-70b-m,dummy-lora-llama-70b-m-rank-16-1,231,2,101.84504293088351
1021,dummy-llama-70b-m,dummy-lora-llama-70b-m-rank-128-0,556,13,101.91897083678909
1022,dummy-llama-70b-m,dummy-lora-llama-70b-m-rank-32-1,257,56,101.9522509190357
1023,dummy-llama-70b-m,dummy-lora-llama-70b-m-rank-128-2,539,5,102.22543446123251
1024,dummy-llama-70b-m,dummy-lora-llama-70b-m-rank-64-3,331,48,102.46349718951036
1025,dummy-llama-70b-m,dummy-lora-llama-70b-m-rank-32-1,158,48,102.5203650163415
1026,dummy-llama-70b-m,dummy-lora-llama-70b-m-rank-128-3,601,18,102.53419362562629
1027,dummy-llama-70b-m,dummy-lora-llama-70b-m-rank-8-2,270,36,102.62358209657145
1028,dummy-llama-70b-m,dummy-lora-llama-70b-m-rank-16-1,359,52,102.62648312279448
1029,dummy-llama-70b-m,dummy-lora-llama-70b-m-rank-128-4,553,12,102.7122244989773
1030,dummy-llama-70b-m,dummy-lora-llama-70b-m-rank-128-2,247,53,102.78578438066714
1031,dummy-llama-70b-m,dummy-lora-llama-70b-m-rank-32-0,91,45,102.81415288481942
1032,dummy-llama-70b-m,dummy-lora-llama-70b-m-rank-16-1,625,10,102.84338444617947
1033,dummy-llama-70b-m,dummy-lora-llama-70b-m-rank-128-1,875,99,102.8506861561156
1034,dummy-llama-70b-m,dummy-lora-llama-70b-m-rank-16-4,564,15,103.34097525684932
1035,dummy-llama-70b-m,dummy-lora-llama-70b-m-rank-64-0,179,80,103.52689912382213
1036,dummy-llama-70b-m,dummy-lora-llama-70b-m-rank-16-1,560,25,103.80985103958925
1037,dummy-llama-70b-m,dummy-lora-llama-70b-m-rank-32-3,446,43,103.88261429952225
1038,dummy-llama-70b-m,dummy-lora-llama-70b-m-rank-16-4,828,29,103.88870860281908
1039,dummy-llama-70b-m,dummy-lora-llama-70b-m-rank-8-4,597,8,104.4137915643847
1040,dummy-llama-70b-m,dummy-lora-llama-70b-m-rank-8-0,554,20,104.45666013386015
1041,dummy-llama-70b-m,dummy-lora-llama-70b-m-rank-32-4,419,41,104.81139388302476
1042,dummy-llama-70b-m,dummy-lora-llama-70b-m-rank-32-3,560,23,104.85712093105566
1043,dummy-llama-70b-m,dummy-lora-llama-70b-m-rank-64-2,550,10,104.88164159424728
1044,dummy-llama-70b-m,dummy-lora-llama-70b-m-rank-64-2,611,12,104.9639237615345
1045,dummy-llama-70b-m,dummy-lora-llama-70b-m-rank-64-0,599,7,104.96818534749691
1046,dummy-llama-70b-m,dummy-lora-llama-70b-m-rank-128-3,906,207,104.97991488880692
1047,dummy-llama-70b-m,dummy-lora-llama-70b-m-rank-128-4,300,40,105.01201281418476
1048,dummy-llama-70b-m,dummy-lora-llama-70b-m-rank-8-3,144,53,105.04714167204094
1049,dummy-llama-70b-m,dummy-lora-llama-70b-m-rank-8-3,822,46,105.17326969995955
1050,dummy-llama-70b-m,dummy-lora-llama-70b-m-rank-128-0,294,40,105.20787562448359
1051,dummy-llama-70b-m,dummy-lora-llama-70b-m-rank-16-4,236,63,105.31833280007847
1052,dummy-llama-70b-m,dummy-lora-llama-70b-m-rank-16-1,508,102,105.36198610643952
1053,dummy-llama-70b-m,dummy-lora-llama-70b-m-rank-128-2,90,41,105.63706531494373
1054,dummy-llama-70b-m,dummy-lora-llama-70b-m-rank-8-0,897,3,105.69997285987908
1055,dummy-llama-70b-m,dummy-lora-llama-70b-m-rank-8-0,625,22,105.92088159087835
1056,dummy-llama-70b-m,dummy-lora-llama-70b-m-rank-32-2,542,159,106.03291797180832
1057,dummy-llama-70b-m,dummy-lora-llama-70b-m-rank-8-3,399,11,106.04129716163432
1058,dummy-llama-70b-m,dummy-lora-llama-70b-m-rank-32-2,505,34,106.11166955513472
1059,dummy-llama-70b-m,dummy-lora-llama-70b-m-rank-16-2,364,51,106.44372160658662
1060,dummy-llama-70b-m,dummy-lora-llama-70b-m-rank-8-4,514,44,106.56893925830329
1061,dummy-llama-70b-m,dummy-lora-llama-70b-m-rank-32-4,249,57,106.77352117408651
1062,dummy-llama-70b-m,dummy-lora-llama-70b-m-rank-32-4,552,11,106.85558876074882
1063,dummy-llama-70b-m,dummy-lora-llama-70b-m-rank-32-4,564,28,106.8805279202915
1064,dummy-llama-70b-m,dummy-lora-llama-70b-m-rank-32-2,617,32,106.93416394112408
1065,dummy-llama-70b-m,dummy-lora-llama-70b-m-rank-64-4,671,71,106.96311457473514
1066,dummy-llama-70b-m,dummy-lora-llama-70b-m-rank-16-3,704,29,107.02513732325407
1067,dummy-llama-70b-m,dummy-lora-llama-70b-m-rank-32-1,736,8,107.10522588073371
1068,dummy-llama-70b-m,dummy-lora-llama-70b-m-rank-16-3,446,47,107.20917052412113
1069,dummy-llama-70b-m,dummy-lora-llama-70b-m-rank-8-4,252,145,107.29974780635794
1070,dummy-llama-70b-m,dummy-lora-llama-70b-m-rank-8-1,558,35,107.32225198736865
1071,dummy-llama-70b-m,dummy-lora-llama-70b-m-rank-32-4,429,21,107.34350847630724
1072,dummy-llama-70b-m,dummy-lora-llama-70b-m-rank-32-2,500,71,107.43155918170466
1073,dummy-llama-70b-m,dummy-lora-llama-70b-m-rank-16-1,324,7,107.9480479326368
1074,dummy-llama-70b-m,dummy-lora-llama-70b-m-rank-8-0,570,29,108.06291517097428
1075,dummy-llama-70b-m,dummy-lora-llama-70b-m-rank-8-0,359,44,108.17547417504595
1076,dummy-llama-70b-m,dummy-lora-llama-70b-m-rank-32-4,235,101,108.29682966439805
1077,dummy-llama-70b-m,dummy-lora-llama-70b-m-rank-8-2,686,20,108.35980352240658
1078,dummy-llama-70b-m,dummy-lora-llama-70b-m-rank-8-1,815,107,108.62844790380397
1079,dummy-llama-70b-m,dummy-lora-llama-70b-m-rank-16-1,683,12,108.6893450607742
1080,dummy-llama-70b-m,dummy-lora-llama-70b-m-rank-8-3,493,60,108.73401874004291
1081,dummy-llama-70b-m,dummy-lora-llama-70b-m-rank-32-3,264,48,108.92896472587982
1082,dummy-llama-70b-m,dummy-lora-llama-70b-m-rank-64-4,972,8,108.98484890741393
1083,dummy-llama-70b-m,dummy-lora-llama-70b-m-rank-128-0,441,30,108.99274427740959
1084,dummy-llama-70b-m,dummy-lora-llama-70b-m-rank-32-1,357,12,109.06172005374445
1085,dummy-llama-70b-m,dummy-lora-llama-70b-m-rank-8-4,251,42,109.07387953710608
1086,dummy-llama-70b-m,dummy-lora-llama-70b-m-rank-16-3,559,23,109.13448373134888
1087,dummy-llama-70b-m,dummy-lora-llama-70b-m-rank-64-4,550,18,109.35624561711796
1088,dummy-llama-70b-m,dummy-lora-llama-70b-m-rank-128-2,366,50,109.37233791722119
1089,dummy-llama-70b-m,dummy-lora-llama-70b-m-rank-64-4,417,45,109.46105782960433
1090,dummy-llama-70b-m,dummy-lora-llama-70b-m-rank-32-1,309,54,109.51376100921347
1091,dummy-llama-70b-m,dummy-lora-llama-70b-m-rank-128-1,244,138,109.51634018858236
1092,dummy-llama-70b-m,dummy-lora-llama-70b-m-rank-128-0,212,49,109.59789779064243
1093,dummy-llama-70b-m,dummy-lora-llama-70b-m-rank-32-1,408,50,110.16409150413395
1094,dummy-llama-70b-m,dummy-lora-llama-70b-m-rank-128-4,322,138,110.36461726561181
1095,dummy-llama-70b-m,dummy-lora-llama-70b-m-rank-32-0,596,22,110.3938436792374
1096,dummy-llama-70b-m,dummy-lora-llama-70b-m-rank-8-4,645,6,110.45822293331705
1097,dummy-llama-70b-m,dummy-lora-llama-70b-m-rank-64-1,123,65,110.6187712593607
1098,dummy-llama-70b-m,dummy-lora-llama-70b-m-rank-32-4,570,14,110.77491184464564
1099,dummy-llama-70b-m,dummy-lora-llama-70b-m-rank-8-1,834,18,110.77972512387535
1100,dummy-llama-70b-m,dummy-lora-llama-70b-m-rank-8-4,785,59,110.83793826149002
1101,dummy-llama-70b-m,dummy-lora-llama-70b-m-rank-8-1,572,30,110.8708540649457
1102,dummy-llama-70b-m,dummy-lora-llama-70b-m-rank-16-0,568,27,110.96311509031065
1103,dummy-llama-70b-m,dummy-lora-llama-70b-m-rank-32-4,546,16,110.97270847019308
1104,dummy-llama-70b-m,dummy-lora-llama-70b-m-rank-32-2,568,24,111.1269374471078
1105,dummy-llama-70b-m,dummy-lora-llama-70b-m-rank-32-4,481,46,111.15895344282724
1106,dummy-llama-70b-m,dummy-lora-llama-70b-m-rank-128-0,578,66,111.17767280179721
1107,dummy-llama-70b-m,dummy-lora-llama-70b-m-rank-16-2,340,60,111.19739904945794
1108,dummy-llama-70b-m,dummy-lora-llama-70b-m-rank-16-4,877,28,111.23967206518256
1109,dummy-llama-70b-m,dummy-lora-llama-70b-m-rank-64-3,645,36,111.42447818252984
1110,dummy-llama-70b-m,dummy-lora-llama-70b-m-rank-16-4,390,93,111.42787635034311
1111,dummy-llama-70b-m,dummy-lora-llama-70b-m-rank-8-0,554,22,111.59536592791483
1112,dummy-llama-70b-m,dummy-lora-llama-70b-m-rank-128-0,556,23,111.64448098553224
1113,dummy-llama-70b-m,dummy-lora-llama-70b-m-rank-64-1,392,59,111.6548610340635
1114,dummy-llama-70b-m,dummy-lora-llama-70b-m-rank-8-3,617,25,111.90238925521409
1115,dummy-llama-70b-m,dummy-lora-llama-70b-m-rank-8-2,200,8,111.91723149936827
1116,dummy-llama-70b-m,dummy-lora-llama-70b-m-rank-8-1,376,11,112.35965134094735
1117,dummy-llama-70b-m,dummy-lora-llama-70b-m-rank-16-1,310,8,112.41427227516195
1118,dummy-llama-70b-m,dummy-lora-llama-70b-m-rank-32-2,567,29,112.48978227303749
1119,dummy-llama-70b-m,dummy-lora-llama-70b-m-rank-8-0,336,61,112.51716682893343
1120,dummy-llama-70b-m,dummy-lora-llama-70b-m-rank-128-4,554,20,112.54612355473732
1121,dummy-llama-70b-m,dummy-lora-llama-70b-m-rank-32-3,508,75,112.6462690221109
1122,dummy-llama-70b-m,dummy-lora-llama-70b-m-rank-8-0,273,60,112.73851850304632
1123,dummy-llama-70b-m,dummy-lora-llama-70b-m-rank-32-0,610,51,112.92515411938093
1124,dummy-llama-70b-m,dummy-lora-llama-70b-m-rank-16-4,550,17,113.02873235476342
1125,dummy-llama-70b-m,dummy-lora-llama-70b-m-rank-64-1,458,43,113.02994711809963
1126,dummy-llama-70b-m,dummy-lora-llama-70b-m-rank-16-0,568,30,113.0896558640074
1127,dummy-llama-70b-m,dummy-lora-llama-70b-m-rank-64-0,966,29,113.2529364792585
1128,dummy-llama-70b-m,dummy-lora-llama-70b-m-rank-64-1,304,85,113.2962706844366
1129,dummy-llama-70b-m,dummy-lora-llama-70b-m-rank-32-1,203,55,113.41778098578501
1130,dummy-llama-70b-m,dummy-lora-llama-70b-m-rank-16-3,1013,40,113.48092838093672
1131,dummy-llama-70b-m,dummy-lora-llama-70b-m-rank-64-2,625,9,113.58299132855889
1132,dummy-llama-70b-m,dummy-lora-llama-70b-m-rank-64-4,590,7,113.60085501278107
1133,dummy-llama-70b-m,dummy-lora-llama-70b-m-rank-128-0,618,21,113.64423235633744
1134,dummy-llama-70b-m,dummy-lora-llama-70b-m-rank-64-2,592,20,113.83412501289872
1135,dummy-llama-70b-m,dummy-lora-llama-70b-m-rank-128-0,835,83,113.84825990732637
1136,dummy-llama-70b-m,dummy-lora-llama-70b-m-rank-32-0,340,56,114.10217576424476
1137,dummy-llama-70b-m,dummy-lora-llama-70b-m-rank-32-2,202,108,114.28504528919707
1138,dummy-llama-70b-m,dummy-lora-llama-70b-m-rank-64-4,580,3,114.5845164094981
1139,dummy-llama-70b-m,dummy-lora-llama-70b-m-rank-64-2,601,18,114.62260982072839
1140,dummy-llama-70b-m,dummy-lora-llama-70b-m-rank-8-3,412,21,114.64727238918748
1141,dummy-llama-70b-m,dummy-lora-llama-70b-m-rank-16-4,552,11,114.6599209836455
1142,dummy-llama-70b-m,dummy-lora-llama-70b-m-rank-16-3,560,15,114.77514077137523
1143,dummy-llama-70b-m,dummy-lora-llama-70b-m-rank-8-0,125,19,114.79948989594385
1144,dummy-llama-70b-m,dummy-lora-llama-70b-m-rank-16-2,546,16,114.83025014932343
1145,dummy-llama-70b-m,dummy-lora-llama-70b-m-rank-32-2,601,18,115.20410765501806
1146,dummy-llama-70b-m,dummy-lora-llama-70b-m-rank-8-1,562,26,115.26491064276199
1147,dummy-llama-70b-m,dummy-lora-llama-70b-m-rank-8-3,542,14,115.3526196341367
1148,dummy-llama-70b-m,dummy-lora-llama-70b-m-rank-8-1,243,128,115.42976500007909
1149,dummy-llama-70b-m,dummy-lora-llama-70b-m-rank-128-1,224,55,115.43057234044753
1150,dummy-llama-70b-m,dummy-lora-llama-70b-m-rank-8-3,572,29,115.55230791944184
1151,dummy-llama-70b-m,dummy-lora-llama-70b-m-rank-16-1,298,8,115.66106594712411
1152,dummy-llama-70b-m,dummy-lora-llama-70b-m-rank-64-1,203,84,115.75016111534025
1153,dummy-llama-70b-m,dummy-lora-llama-70b-m-rank-16-1,554,20,115.79552135900092
1154,dummy-llama-70b-m,dummy-lora-llama-70b-m-rank-8-3,219,46,115.87447174484952
1155,dummy-llama-70b-m,dummy-lora-llama-70b-m-rank-128-3,195,35,115.96407089270463
1156,dummy-llama-70b-m,dummy-lora-llama-70b-m-rank-128-0,443,11,116.014561192843
1157,dummy-llama-70b-m,dummy-lora-llama-70b-m-rank-64-1,566,29,116.13071497825938
1158,dummy-llama-70b-m,dummy-lora-llama-70b-m-rank-128-3,51,73,116.19392874547492
1159,dummy-llama-70b-m,dummy-lora-llama-70b-m-rank-16-1,176,30,116.33163935109282
1160,dummy-llama-70b-m,dummy-lora-llama-70b-m-rank-128-4,594,25,116.42544986489254
1161,dummy-llama-70b-m,dummy-lora-llama-70b-m-rank-128-3,147,43,116.48538526031932
1162,dummy-llama-70b-m,dummy-lora-llama-70b-m-rank-32-1,367,129,116.5923187194388
1163,dummy-llama-70b-m,dummy-lora-llama-70b-m-rank-128-4,805,101,116.70384395821713
1164,dummy-llama-70b-m,dummy-lora-llama-70b-m-rank-16-4,511,47,116.81082442914128
1165,dummy-llama-70b-m,dummy-lora-llama-70b-m-rank-8-3,590,3,116.8136069785219
1166,dummy-llama-70b-m,dummy-lora-llama-70b-m-rank-128-1,532,48,116.91167515280559
1167,dummy-llama-70b-m,dummy-lora-llama-70b-m-rank-64-3,616,53,116.9681102219372
1168,dummy-llama-70b-m,dummy-lora-llama-70b-m-rank-32-0,228,5,117.08086516159675
1169,dummy-llama-70b-m,dummy-lora-llama-70b-m-rank-128-3,554,20,117.22989299231732
1170,dummy-llama-70b-m,dummy-lora-llama-70b-m-rank-64-3,625,19,117.37374462703129
1171,dummy-llama-70b-m,dummy-lora-llama-70b-m-rank-16-1,556,23,117.39615782954479
1172,dummy-llama-70b-m,dummy-lora-llama-70b-m-rank-64-4,419,74,117.60355680966799
1173,dummy-llama-70b-m,dummy-lora-llama-70b-m-rank-8-4,613,54,117.65644192085556
1174,dummy-llama-70b-m,dummy-lora-llama-70b-m-rank-64-2,232,45,117.76016847244681
1175,dummy-llama-70b-m,dummy-lora-llama-70b-m-rank-32-0,784,3,118.5780829146961
1176,dummy-llama-70b-m,dummy-lora-llama-70b-m-rank-64-4,552,16,118.68098321776343
1177,dummy-llama-70b-m,dummy-lora-llama-70b-m-rank-16-2,441,61,118.73422950660975
1178,dummy-llama-70b-m,dummy-lora-llama-70b-m-rank-8-4,245,53,118.86964127207186
1179,dummy-llama-70b-m,dummy-lora-llama-70b-m-rank-32-3,483,11,118.92597743936214
1180,dummy-llama-70b-m,dummy-lora-llama-70b-m-rank-16-0,487,49,118.94493567107178
1181,dummy-llama-70b-m,dummy-lora-llama-70b-m-rank-128-3,879,110,119.05475309734176
1182,dummy-llama-70b-m,dummy-lora-llama-70b-m-rank-64-4,568,29,119.12758375943113
1183,dummy-llama-70b-m,dummy-lora-llama-70b-m-rank-32-3,373,46,119.5278843506637
1184,dummy-llama-70b-m,dummy-lora-llama-70b-m-rank-64-0,693,20,119.55395369364636
1185,dummy-llama-70b-m,dummy-lora-llama-70b-m-rank-8-2,698,50,119.69246208645859
1186,dummy-llama-70b-m,dummy-lora-llama-70b-m-rank-16-2,568,44,120.23566238290523
1187,dummy-llama-70b-m,dummy-lora-llama-70b-m-rank-16-3,362,53,120.50866796841193
1188,dummy-llama-70b-m,dummy-lora-llama-70b-m-rank-32-0,660,72,120.56174931560896
1189,dummy-llama-70b-m,dummy-lora-llama-70b-m-rank-64-4,178,41,120.67370440751522
1190,dummy-llama-70b-m,dummy-lora-llama-70b-m-rank-8-4,288,65,120.69590486532718
1191,dummy-llama-70b-m,dummy-lora-llama-70b-m-rank-64-3,902,112,120.71523577196763
1192,dummy-llama-70b-m,dummy-lora-llama-70b-m-rank-8-3,581,25,120.75875311221269
1193,dummy-llama-70b-m,dummy-lora-llama-70b-m-rank-64-1,422,43,120.81587842965443
1194,dummy-llama-70b-m,dummy-lora-llama-70b-m-rank-128-4,548,17,121.00969613242479
1195,dummy-llama-70b-m,dummy-lora-llama-70b-m-rank-128-1,189,49,121.01754173190292
1196,dummy-llama-70b-m,dummy-lora-llama-70b-m-rank-32-3,571,23,121.02374678658245
1197,dummy-llama-70b-m,dummy-lora-llama-70b-m-rank-128-3,605,20,121.16402052358077
1198,dummy-llama-70b-m,dummy-lora-llama-70b-m-rank-64-0,410,47,121.20696770197749
1199,dummy-llama-70b-m,dummy-lora-llama-70b-m-rank-128-2,632,42,121.21022156718219
1200,dummy-llama-70b-m,dummy-lora-llama-70b-m-rank-16-0,100,62,121.2498315864677
1201,dummy-llama-70b-m,dummy-lora-llama-70b-m-rank-8-1,421,7,121.32205078497255
1202,dummy-llama-70b-m,dummy-lora-llama-70b-m-rank-8-0,844,8,121.4816930306009
1203,dummy-llama-70b-m,dummy-lora-llama-70b-m-rank-8-3,487,48,121.51526182283816
1204,dummy-llama-70b-m,dummy-lora-llama-70b-m-rank-8-4,552,19,121.70774874565248
1205,dummy-llama-70b-m,dummy-lora-llama-70b-m-rank-8-0,384,52,121.8211100684754
1206,dummy-llama-70b-m,dummy-lora-llama-70b-m-rank-64-0,552,14,121.94260464446882
1207,dummy-llama-70b-m,dummy-lora-llama-70b-m-rank-32-3,603,19,122.00269526554999
1208,dummy-llama-70b-m,dummy-lora-llama-70b-m-rank-8-4,744,11,122.05517016940904
1209,dummy-llama-70b-m,dummy-lora-llama-70b-m-rank-32-1,694,47,122.25773666277803
1210,dummy-llama-70b-m,dummy-lora-llama-70b-m-rank-64-0,656,54,122.54255672987061
1211,dummy-llama-70b-m,dummy-lora-llama-70b-m-rank-32-0,55,38,122.61863600135547
1212,dummy-llama-70b-m,dummy-lora-llama-70b-m-rank-16-0,603,21,122.81467012968
1213,dummy-llama-70b-m,dummy-lora-llama-70b-m-rank-16-2,155,43,123.11015327754751
1214,dummy-llama-70b-m,dummy-lora-llama-70b-m-rank-32-2,447,8,123.13208366173036
1215,dummy-llama-70b-m,dummy-lora-llama-70b-m-rank-16-3,429,13,123.13284910169945
1216,dummy-llama-70b-m,dummy-lora-llama-70b-m-rank-16-0,304,36,123.16058124620012
1217,dummy-llama-70b-m,dummy-lora-llama-70b-m-rank-64-0,711,42,123.31521277123355
1218,dummy-llama-70b-m,dummy-lora-llama-70b-m-rank-32-4,550,5,123.67269348931714
1219,dummy-llama-70b-m,dummy-lora-llama-70b-m-rank-8-0,445,50,123.71325210911911
1220,dummy-llama-70b-m,dummy-lora-llama-70b-m-rank-128-4,797,47,123.7179008566673
1221,dummy-llama-70b-m,dummy-lora-llama-70b-m-rank-64-4,583,48,124.18239155416596
1222,dummy-llama-70b-m,dummy-lora-llama-70b-m-rank-32-1,636,25,124.45640679431938
1223,dummy-llama-70b-m,dummy-lora-llama-70b-m-rank-8-1,560,23,124.47144696794388
1224,dummy-llama-70b-m,dummy-lora-llama-70b-m-rank-32-2,326,42,124.47273113070298
1225,dummy-llama-70b-m,dummy-lora-llama-70b-m-rank-64-2,564,17,124.48651594605866
1226,dummy-llama-70b-m,dummy-lora-llama-70b-m-rank-32-2,204,143,124.50510442837333
1227,dummy-llama-70b-m,dummy-lora-llama-70b-m-rank-8-3,776,11,124.51796395556913
1228,dummy-llama-70b-m,dummy-lora-llama-70b-m-rank-128-0,639,93,124.79518444977302
1229,dummy-llama-70b-m,dummy-lora-llama-70b-m-rank-64-1,603,24,124.80043647737011
1230,dummy-llama-70b-m,dummy-lora-llama-70b-m-rank-8-0,333,51,124.93652180090287
1231,dummy-llama-70b-m,dummy-lora-llama-70b-m-rank-128-2,431,39,125.18358306410853
1232,dummy-llama-70b-m,dummy-lora-llama-70b-m-rank-8-0,571,3,125.20749532130262
1233,dummy-llama-70b-m,dummy-lora-llama-70b-m-rank-8-1,310,60,125.22230393413533
1234,dummy-llama-70b-m,dummy-lora-llama-70b-m-rank-8-1,392,52,125.23588851416238
1235,dummy-llama-70b-m,dummy-lora-llama-70b-m-rank-64-2,160,75,125.4677725807409
1236,dummy-llama-70b-m,dummy-lora-llama-70b-m-rank-32-3,554,11,125.65611312385211
1237,dummy-llama-70b-m,dummy-lora-llama-70b-m-rank-128-4,156,47,125.8223080788846
1238,dummy-llama-70b-m,dummy-lora-llama-70b-m-rank-128-4,536,54,125.9843903916893
1239,dummy-llama-70b-m,dummy-lora-llama-70b-m-rank-8-3,139,74,126.13855402325386
1240,dummy-llama-70b-m,dummy-lora-llama-70b-m-rank-8-4,298,51,126.2588118798624
1241,dummy-llama-70b-m,dummy-lora-llama-70b-m-rank-16-3,444,52,126.2640192256102
1242,dummy-llama-70b-m,dummy-lora-llama-70b-m-rank-32-0,554,20,126.26925283193724
1243,dummy-llama-70b-m,dummy-lora-llama-70b-m-rank-32-4,916,38,126.27986407179928
1244,dummy-llama-70b-m,dummy-lora-llama-70b-m-rank-64-0,600,46,126.40945963639281
1245,dummy-llama-70b-m,dummy-lora-llama-70b-m-rank-16-0,486,105,126.46853920240997
1246,dummy-llama-70b-m,dummy-lora-llama-70b-m-rank-8-4,558,25,126.51317834966814
1247,dummy-llama-70b-m,dummy-lora-llama-70b-m-rank-128-2,404,51,126.87291606915845
1248,dummy-llama-70b-m,dummy-lora-llama-70b-m-rank-8-3,484,13,127.04025983912983
1249,dummy-llama-70b-m,dummy-lora-llama-70b-m-rank-32-1,594,20,127.07185343949956
1250,dummy-llama-70b-m,dummy-lora-llama-70b-m-rank-64-4,645,9,127.12010425004502
1251,dummy-llama-70b-m,dummy-lora-llama-70b-m-rank-8-0,233,155,127.13913132977417
1252,dummy-llama-70b-m,dummy-lora-llama-70b-m-rank-8-0,844,17,127.16679611731351
1253,dummy-llama-70b-m,dummy-lora-llama-70b-m-rank-16-0,926,105,127.23178963950988
1254,dummy-llama-70b-m,dummy-lora-llama-70b-m-rank-64-2,292,47,127.27420387682393
1255,dummy-llama-70b-m,dummy-lora-llama-70b-m-rank-128-2,578,2,127.33979883706566
1256,dummy-llama-70b-m,dummy-lora-llama-70b-m-rank-8-3,558,25,127.37807557976008
1257,dummy-llama-70b-m,dummy-lora-llama-70b-m-rank-8-2,770,125,127.38746025072967
1258,dummy-llama-70b-m,dummy-lora-llama-70b-m-rank-16-1,382,150,127.38908577816909
1259,dummy-llama-70b-m,dummy-lora-llama-70b-m-rank-32-1,242,149,127.43773727633058
1260,dummy-llama-70b-m,dummy-lora-llama-70b-m-rank-32-0,562,21,127.47105098459274
1261,dummy-llama-70b-m,dummy-lora-llama-70b-m-rank-32-1,571,28,127.47862374517773
1262,dummy-llama-70b-m,dummy-lora-llama-70b-m-rank-8-0,677,5,127.74459685156297
1263,dummy-llama-70b-m,dummy-lora-llama-70b-m-rank-64-1,971,99,127.77170606933502
1264,dummy-llama-70b-m,dummy-lora-llama-70b-m-rank-8-1,575,31,128.02252199899888
1265,dummy-llama-70b-m,dummy-lora-llama-70b-m-rank-16-2,260,37,128.23778878156318
1266,dummy-llama-70b-m,dummy-lora-llama-70b-m-rank-64-1,135,79,128.27062134009518
1267,dummy-llama-70b-m,dummy-lora-llama-70b-m-rank-32-2,832,11,128.31382964170143
1268,dummy-llama-70b-m,dummy-lora-llama-70b-m-rank-16-0,558,22,128.396590191199
1269,dummy-llama-70b-m,dummy-lora-llama-70b-m-rank-32-3,710,9,128.40794425892898
1270,dummy-llama-70b-m,dummy-lora-llama-70b-m-rank-8-4,552,11,128.48562915274113
1271,dummy-llama-70b-m,dummy-lora-llama-70b-m-rank-128-2,738,51,128.60989306210962
1272,dummy-llama-70b-m,dummy-lora-llama-70b-m-rank-64-4,321,83,128.64707590973632
1273,dummy-llama-70b-m,dummy-lora-llama-70b-m-rank-64-2,291,165,128.65636471800266
1274,dummy-llama-70b-m,dummy-lora-llama-70b-m-rank-128-3,700,76,128.70095735811486
1275,dummy-llama-70b-m,dummy-lora-llama-70b-m-rank-32-2,218,52,128.89682872123137
1276,dummy-llama-70b-m,dummy-lora-llama-70b-m-rank-32-4,142,51,129.19308746881555
1277,dummy-llama-70b-m,dummy-lora-llama-70b-m-rank-128-1,150,105,129.3185852894868
1278,dummy-llama-70b-m,dummy-lora-llama-70b-m-rank-16-0,538,43,129.42775365167847
1279,dummy-llama-70b-m,dummy-lora-llama-70b-m-rank-16-3,623,24,129.42790492161222
1280,dummy-llama-70b-m,dummy-lora-llama-70b-m-rank-128-2,564,26,129.4698960413416
1281,dummy-llama-70b-m,dummy-lora-llama-70b-m-rank-64-0,546,16,129.52280703730727
1282,dummy-llama-70b-m,dummy-lora-llama-70b-m-rank-32-1,564,30,129.52434454255416
1283,dummy-llama-70b-m,dummy-lora-llama-70b-m-rank-64-4,411,65,129.61141066658868
1284,dummy-llama-70b-m,dummy-lora-llama-70b-m-rank-16-1,574,70,129.65065866004522
1285,dummy-llama-70b-m,dummy-lora-llama-70b-m-rank-8-2,526,74,129.88782365526203
1286,dummy-llama-70b-m,dummy-lora-llama-70b-m-rank-16-2,219,3,129.93052018457232
1287,dummy-llama-70b-m,dummy-lora-llama-70b-m-rank-128-4,564,21,129.9978404009853
1288,dummy-llama-70b-m,dummy-lora-llama-70b-m-rank-64-4,556,8,130.08470044928754
1289,dummy-llama-70b-m,dummy-lora-llama-70b-m-rank-16-1,297,198,130.23405378208795
1290,dummy-llama-70b-m,dummy-lora-llama-70b-m-rank-128-3,550,20,130.30076125565475
1291,dummy-llama-70b-m,dummy-lora-llama-70b-m-rank-128-4,477,6,130.63808410702572
1292,dummy-llama-70b-m,dummy-lora-llama-70b-m-rank-16-2,590,21,130.75864341396576
1293,dummy-llama-70b-m,dummy-lora-llama-70b-m-rank-8-0,421,176,130.8253091744814
1294,dummy-llama-70b-m,dummy-lora-llama-70b-m-rank-16-1,275,39,130.8753550320656
1295,dummy-llama-70b-m,dummy-lora-llama-70b-m-rank-16-2,430,77,131.0333275434839
1296,dummy-llama-70b-m,dummy-lora-llama-70b-m-rank-8-4,495,47,131.23612381879994
1297,dummy-llama-70b-m,dummy-lora-llama-70b-m-rank-32-3,863,61,131.250803911978
1298,dummy-llama-70b-m,dummy-lora-llama-70b-m-rank-32-2,203,161,131.29153015343724
1299,dummy-llama-70b-m,dummy-lora-llama-70b-m-rank-16-2,300,56,131.43702161234123
1300,dummy-llama-70b-m,dummy-lora-llama-70b-m-rank-32-2,751,94,131.44181033713514
1301,dummy-llama-70b-m,dummy-lora-llama-70b-m-rank-64-1,580,51,131.53466806350914
1302,dummy-llama-70b-m,dummy-lora-llama-70b-m-rank-32-0,288,52,131.79809853661735
1303,dummy-llama-70b-m,dummy-lora-llama-70b-m-rank-32-4,578,8,131.81105992661315
1304,dummy-llama-70b-m,dummy-lora-llama-70b-m-rank-8-4,462,135,131.84554505307494
1305,dummy-llama-70b-m,dummy-lora-llama-70b-m-rank-128-3,558,22,131.87202272232165
1306,dummy-llama-70b-m,dummy-lora-llama-70b-m-rank-32-2,577,41,132.098147223352
1307,dummy-llama-70b-m,dummy-lora-llama-70b-m-rank-16-0,830,162,132.2155560072044
1308,dummy-llama-70b-m,dummy-lora-llama-70b-m-rank-64-0,246,30,132.34547472270535
1309,dummy-llama-70b-m,dummy-lora-llama-70b-m-rank-64-4,502,8,132.4327917304014
1310,dummy-llama-70b-m,dummy-lora-llama-70b-m-rank-8-4,370,49,132.45655615444534
1311,dummy-llama-70b-m,dummy-lora-llama-70b-m-rank-64-3,596,3,132.46480005511722
1312,dummy-llama-70b-m,dummy-lora-llama-70b-m-rank-32-4,279,6,132.56473544805982
1313,dummy-llama-70b-m,dummy-lora-llama-70b-m-rank-8-0,570,31,132.68737637323304
1314,dummy-llama-70b-m,dummy-lora-llama-70b-m-rank-64-2,591,2,133.1325315579706
1315,dummy-llama-70b-m,dummy-lora-llama-70b-m-rank-128-2,624,15,133.40323871265662
1316,dummy-llama-70b-m,dummy-lora-llama-70b-m-rank-16-3,572,32,133.51550608876755
1317,dummy-llama-70b-m,dummy-lora-llama-70b-m-rank-32-0,623,69,133.57140141721374
1318,dummy-llama-70b-m,dummy-lora-llama-70b-m-rank-8-4,554,23,133.83792044381826
1319,dummy-llama-70b-m,dummy-lora-llama-70b-m-rank-32-4,405,7,133.9957508092321
1320,dummy-llama-70b-m,dummy-lora-llama-70b-m-rank-8-2,306,47,134.1189785048627
1321,dummy-llama-70b-m,dummy-lora-llama-70b-m-rank-16-3,603,17,134.19889316870177
1322,dummy-llama-70b-m,dummy-lora-llama-70b-m-rank-128-0,560,18,134.21546573694903
1323,dummy-llama-70b-m,dummy-lora-llama-70b-m-rank-64-4,560,26,134.44263406222666
1324,dummy-llama-70b-m,dummy-lora-llama-70b-m-rank-8-2,453,62,134.45721399778574
1325,dummy-llama-70b-m,dummy-lora-llama-70b-m-rank-128-4,382,55,134.6032767835382
1326,dummy-llama-70b-m,dummy-lora-llama-70b-m-rank-32-3,392,39,134.61595860056832
1327,dummy-llama-70b-m,dummy-lora-llama-70b-m-rank-128-4,695,47,134.77663238330365
1328,dummy-llama-70b-m,dummy-lora-llama-70b-m-rank-8-0,231,47,134.98298344168796
1329,dummy-llama-70b-m,dummy-lora-llama-70b-m-rank-8-2,405,6,135.3055890240758
1330,dummy-llama-70b-m,dummy-lora-llama-70b-m-rank-16-3,457,11,135.4065799198486
1331,dummy-llama-70b-m,dummy-lora-llama-70b-m-rank-8-3,562,25,135.5276676856387
1332,dummy-llama-70b-m,dummy-lora-llama-70b-m-rank-128-2,873,153,135.54007486350017
1333,dummy-llama-70b-m,dummy-lora-llama-70b-m-rank-128-4,384,51,135.69884409662404
1334,dummy-llama-70b-m,dummy-lora-llama-70b-m-rank-8-2,242,53,135.88544311081392
1335,dummy-llama-70b-m,dummy-lora-llama-70b-m-rank-8-2,633,10,135.91927424503197
1336,dummy-llama-70b-m,dummy-lora-llama-70b-m-rank-128-3,276,65,136.14841737310047
1337,dummy-llama-70b-m,dummy-lora-llama-70b-m-rank-8-3,150,20,136.25812343836566
1338,dummy-llama-70b-m,dummy-lora-llama-70b-m-rank-64-3,617,17,136.28525796213054
1339,dummy-llama-70b-m,dummy-lora-llama-70b-m-rank-8-0,570,29,136.7413211128781
1340,dummy-llama-70b-m,dummy-lora-llama-70b-m-rank-128-1,302,58,136.76404168709254
1341,dummy-llama-70b-m,dummy-lora-llama-70b-m-rank-16-4,613,21,136.82792973551972
1342,dummy-llama-70b-m,dummy-lora-llama-70b-m-rank-32-1,543,7,136.86228712575414
1343,dummy-llama-70b-m,dummy-lora-llama-70b-m-rank-64-1,52,44,136.99268912329066
1344,dummy-llama-70b-m,dummy-lora-llama-70b-m-rank-8-4,336,9,137.05990116514803
1345,dummy-llama-70b-m,dummy-lora-llama-70b-m-rank-128-1,552,18,137.14043702957292
1346,dummy-llama-70b-m,dummy-lora-llama-70b-m-rank-64-0,396,129,137.18490176434415
1347,dummy-llama-70b-m,dummy-lora-llama-70b-m-rank-128-3,611,11,137.2955615936541
1348,dummy-llama-70b-m,dummy-lora-llama-70b-m-rank-16-1,570,26,137.47098844423235
1349,dummy-llama-70b-m,dummy-lora-llama-70b-m-rank-16-4,554,23,137.49893568483742
1350,dummy-llama-70b-m,dummy-lora-llama-70b-m-rank-64-3,457,33,137.84446100498513
1351,dummy-llama-70b-m,dummy-lora-llama-70b-m-rank-128-0,382,54,137.98135723357177
1352,dummy-llama-70b-m,dummy-lora-llama-70b-m-rank-8-1,287,145,138.17105378013056
1353,dummy-llama-70b-m,dummy-lora-llama-70b-m-rank-8-3,348,37,138.17354977446877
1354,dummy-llama-70b-m,dummy-lora-llama-70b-m-rank-32-0,501,7,138.24783717282875
1355,dummy-llama-70b-m,dummy-lora-llama-70b-m-rank-128-4,494,42,138.42296507561565
1356,dummy-llama-70b-m,dummy-lora-llama-70b-m-rank-128-1,122,19,138.5438159919296
1357,dummy-llama-70b-m,dummy-lora-llama-70b-m-rank-16-3,556,21,138.61453530918163
1358,dummy-llama-70b-m,dummy-lora-llama-70b-m-rank-8-3,234,50,138.6571838985119
1359,dummy-llama-70b-m,dummy-lora-llama-70b-m-rank-8-2,808,66,138.7470375851476
1360,dummy-llama-70b-m,dummy-lora-llama-70b-m-rank-16-4,548,17,138.99993948921355
1361,dummy-llama-70b-m,dummy-lora-llama-70b-m-rank-8-4,400,14,139.0079923942334
1362,dummy-llama-70b-m,dummy-lora-llama-70b-m-rank-64-2,257,49,139.3955190176588
1363,dummy-llama-70b-m,dummy-lora-llama-70b-m-rank-128-3,707,7,139.40341277277153
1364,dummy-llama-70b-m,dummy-lora-llama-70b-m-rank-32-2,535,48,139.49173478371455
1365,dummy-llama-70b-m,dummy-lora-llama-70b-m-rank-16-3,334,49,139.56113443160868
1366,dummy-llama-70b-m,dummy-lora-llama-70b-m-rank-32-3,612,7,139.63878878259155
1367,dummy-llama-70b-m,dummy-lora-llama-70b-m-rank-8-4,817,49,140.0029359803497
1368,dummy-llama-70b-m,dummy-lora-llama-70b-m-rank-64-0,344,50,140.05843955023576
1369,dummy-llama-70b-m,dummy-lora-llama-70b-m-rank-64-0,368,56,140.36525647045278
1370,dummy-llama-70b-m,dummy-lora-llama-70b-m-rank-8-2,970,3,140.43232608431572
1371,dummy-llama-70b-m,dummy-lora-llama-70b-m-rank-8-2,303,56,140.53800479667285
1372,dummy-llama-70b-m,dummy-lora-llama-70b-m-rank-128-1,464,71,140.6437920158032
1373,dummy-llama-70b-m,dummy-lora-llama-70b-m-rank-128-4,612,33,140.68334184596412
1374,dummy-llama-70b-m,dummy-lora-llama-70b-m-rank-16-2,609,10,140.86316850621114
1375,dummy-llama-70b-m,dummy-lora-llama-70b-m-rank-32-3,575,122,140.87602555119318
1376,dummy-llama-70b-m,dummy-lora-llama-70b-m-rank-128-1,188,116,140.88704124606124
1377,dummy-llama-70b-m,dummy-lora-llama-70b-m-rank-64-1,552,19,141.01248556082913
1378,dummy-llama-70b-m,dummy-lora-llama-70b-m-rank-64-1,136,19,141.03891165801033
1379,dummy-llama-70b-m,dummy-lora-llama-70b-m-rank-16-0,797,7,141.13160541496376
1380,dummy-llama-70b-m,dummy-lora-llama-70b-m-rank-32-0,200,122,141.29009643960788
1381,dummy-llama-70b-m,dummy-lora-llama-70b-m-rank-32-4,275,128,141.3342901727018
1382,dummy-llama-70b-m,dummy-lora-llama-70b-m-rank-64-4,862,8,141.34246719232956
1383,dummy-llama-70b-m,dummy-lora-llama-70b-m-rank-128-0,532,11,141.35676638383606
1384,dummy-llama-70b-m,dummy-lora-llama-70b-m-rank-32-4,298,66,141.5181907469131
1385,dummy-llama-70b-m,dummy-lora-llama-70b-m-rank-8-0,282,14,141.6012721287189
1386,dummy-llama-70b-m,dummy-lora-llama-70b-m-rank-8-4,232,59,141.69530203316015
1387,dummy-llama-70b-m,dummy-lora-llama-70b-m-rank-64-0,118,53,142.11653110714943
1388,dummy-llama-70b-m,dummy-lora-llama-70b-m-rank-32-4,465,50,142.30852191979108
1389,dummy-llama-70b-m,dummy-lora-llama-70b-m-rank-8-3,556,24,142.45994616661662
1390,dummy-llama-70b-m,dummy-lora-llama-70b-m-rank-16-4,859,8,142.50332181745483
1391,dummy-llama-70b-m,dummy-lora-llama-70b-m-rank-128-2,556,13,142.7262877330155
1392,dummy-llama-70b-m,dummy-lora-llama-70b-m-rank-32-1,582,243,142.7267697890209
1393,dummy-llama-70b-m,dummy-lora-llama-70b-m-rank-8-4,240,110,142.73910879104218
1394,dummy-llama-70b-m,dummy-lora-llama-70b-m-rank-16-4,287,49,142.73993578985235
1395,dummy-llama-70b-m,dummy-lora-llama-70b-m-rank-64-1,548,17,142.81667029140635
1396,dummy-llama-70b-m,dummy-lora-llama-70b-m-rank-8-2,554,20,142.91191840592424
1397,dummy-llama-70b-m,dummy-lora-llama-70b-m-rank-32-4,333,6,142.99483845941256
1398,dummy-llama-70b-m,dummy-lora-llama-70b-m-rank-64-3,229,145,143.43174943754116
1399,dummy-llama-70b-m,dummy-lora-llama-70b-m-rank-128-3,552,19,143.4456369666727
1400,dummy-llama-70b-m,dummy-lora-llama-70b-m-rank-8-4,519,56,143.7015598284163
1401,dummy-llama-70b-m,dummy-lora-llama-70b-m-rank-128-0,645,8,143.85045713155736
1402,dummy-llama-70b-m,dummy-lora-llama-70b-m-rank-64-0,734,16,144.03867175336342
1403,dummy-llama-70b-m,dummy-lora-llama-70b-m-rank-32-0,907,15,144.23499962671633
1404,dummy-llama-70b-m,dummy-lora-llama-70b-m-rank-8-2,699,56,144.39648339243428
1405,dummy-llama-70b-m,dummy-lora-llama-70b-m-rank-128-4,590,21,144.40218479647524
1406,dummy-llama-70b-m,dummy-lora-llama-70b-m-rank-64-3,552,33,144.42673209795467
1407,dummy-llama-70b-m,dummy-lora-llama-70b-m-rank-32-4,628,25,144.51356546507205
1408,dummy-llama-70b-m,dummy-lora-llama-70b-m-rank-32-2,552,22,144.55223969265145
1409,dummy-llama-70b-m,dummy-lora-llama-70b-m-rank-64-4,576,10,144.65342935311463
1410,dummy-llama-70b-m,dummy-lora-llama-70b-m-rank-32-2,664,25,144.66941934060782
1411,dummy-llama-70b-m,dummy-lora-llama-70b-m-rank-16-3,609,17,144.80884072329187
1412,dummy-llama-70b-m,dummy-lora-llama-70b-m-rank-32-2,400,51,144.97874024574233
1413,dummy-llama-70b-m,dummy-lora-llama-70b-m-rank-32-4,688,46,145.28017511817168
1414,dummy-llama-70b-m,dummy-lora-llama-70b-m-rank-8-2,546,16,145.36155498331917
1415,dummy-llama-70b-m,dummy-lora-llama-70b-m-rank-64-3,554,22,145.53041903210737
1416,dummy-llama-70b-m,dummy-lora-llama-70b-m-rank-8-3,779,10,145.68548257060795
1417,dummy-llama-70b-m,dummy-lora-llama-70b-m-rank-32-3,831,141,145.74092401364575
1418,dummy-llama-70b-m,dummy-lora-llama-70b-m-rank-8-2,658,10,145.76131408264615
1419,dummy-llama-70b-m,dummy-lora-llama-70b-m-rank-16-4,297,43,145.90882399360018
1420,dummy-llama-70b-m,dummy-lora-llama-70b-m-rank-128-3,448,38,145.98572951855274
1421,dummy-llama-70b-m,dummy-lora-llama-70b-m-rank-16-4,392,65,146.05454970022973
1422,dummy-llama-70b-m,dummy-lora-llama-70b-m-rank-8-2,355,111,146.07716039624543
1423,dummy-llama-70b-m,dummy-lora-llama-70b-m-rank-16-1,284,58,146.24255444699148
1424,dummy-llama-70b-m,dummy-lora-llama-70b-m-rank-32-2,206,43,146.4092620302062
1425,dummy-llama-70b-m,dummy-lora-llama-70b-m-rank-64-4,137,44,146.68255077797818
1426,dummy-llama-70b-m,dummy-lora-llama-70b-m-rank-32-3,557,19,146.71458500691938
1427,dummy-llama-70b-m,dummy-lora-llama-70b-m-rank-64-1,341,37,146.81198460065528
1428,dummy-llama-70b-m,dummy-lora-llama-70b-m-rank-128-2,427,9,146.83670645055759
1429,dummy-llama-70b-m,dummy-lora-llama-70b-m-rank-32-3,604,30,146.9739821818959
1430,dummy-llama-70b-m,dummy-lora-llama-70b-m-rank-16-4,566,26,147.04492912551444
1431,dummy-llama-70b-m,dummy-lora-llama-70b-m-rank-128-4,588,20,147.22679055209625
1432,dummy-llama-70b-m,dummy-lora-llama-70b-m-rank-128-1,494,55,147.32141084409162
1433,dummy-llama-70b-m,dummy-lora-llama-70b-m-rank-16-1,408,48,147.45754597406375
1434,dummy-llama-70b-m,dummy-lora-llama-70b-m-rank-16-4,552,50,147.506748757263
1435,dummy-llama-70b-m,dummy-lora-llama-70b-m-rank-64-3,597,24,147.7245789134548
1436,dummy-llama-70b-m,dummy-lora-llama-70b-m-rank-128-3,285,48,147.95700345922555
1437,dummy-llama-70b-m,dummy-lora-llama-70b-m-rank-8-0,860,10,147.97109356623662
1438,dummy-llama-70b-m,dummy-lora-llama-70b-m-rank-64-2,315,8,148.04112447356113
1439,dummy-llama-70b-m,dummy-lora-llama-70b-m-rank-64-2,290,151,148.13854150096734
1440,dummy-llama-70b-m,dummy-lora-llama-70b-m-rank-128-0,716,8,148.30987522497276
1441,dummy-llama-70b-m,dummy-lora-llama-70b-m-rank-128-0,488,62,148.49693941913455
1442,dummy-llama-70b-m,dummy-lora-llama-70b-m-rank-16-0,558,22,148.65545166645316
1443,dummy-llama-70b-m,dummy-lora-llama-70b-m-rank-64-3,293,53,148.6898406820622
1444,dummy-llama-70b-m,dummy-lora-llama-70b-m-rank-16-4,431,57,148.76457772787663
1445,dummy-llama-70b-m,dummy-lora-llama-70b-m-rank-8-2,447,5,148.9525649320321
1446,dummy-llama-70b-m,dummy-lora-llama-70b-m-rank-128-3,544,15,149.18988290854332
1447,dummy-llama-70b-m,dummy-lora-llama-70b-m-rank-32-1,464,36,149.25046338014684
1448,dummy-llama-70b-m,dummy-lora-llama-70b-m-rank-16-1,428,44,149.40069098515923
1449,dummy-llama-70b-m,dummy-lora-llama-70b-m-rank-128-1,550,18,149.46120418921691
1450,dummy-llama-70b-m,dummy-lora-llama-70b-m-rank-64-3,962,24,149.55737861364082
1451,dummy-llama-70b-m,dummy-lora-llama-70b-m-rank-8-0,876,15,149.61794855060947
1452,dummy-llama-70b-m,dummy-lora-llama-70b-m-rank-32-1,1021,97,149.64403462615823
1453,dummy-llama-70b-m,dummy-lora-llama-70b-m-rank-32-0,634,22,149.86519248983845
1454,dummy-llama-70b-m,dummy-lora-llama-70b-m-rank-64-3,572,31,149.92715903916866
1455,dummy-llama-70b-m,dummy-lora-llama-70b-m-rank-16-0,773,50,149.96815057427202
1456,dummy-llama-70b-m,dummy-lora-llama-70b-m-rank-32-3,491,7,150.02339184602616
1457,dummy-llama-70b-m,dummy-lora-llama-70b-m-rank-128-1,766,7,150.09004846645107
1458,dummy-llama-70b-m,dummy-lora-llama-70b-m-rank-32-1,495,56,150.25433359972513
1459,dummy-llama-70b-m,dummy-lora-llama-70b-m-rank-64-4,578,32,150.27751055468983
1460,dummy-llama-70b-m,dummy-lora-llama-70b-m-rank-32-1,293,60,150.35490001696394
1461,dummy-llama-70b-m,dummy-lora-llama-70b-m-rank-8-3,559,43,150.420843366157
1462,dummy-llama-70b-m,dummy-lora-llama-70b-m-rank-128-3,749,19,150.48388347475782
1463,dummy-llama-70b-m,dummy-lora-llama-70b-m-rank-128-4,594,2,150.62608766703872
1464,dummy-llama-70b-m,dummy-lora-llama-70b-m-rank-64-2,485,179,150.62999342901227
1465,dummy-llama-70b-m,dummy-lora-llama-70b-m-rank-128-0,323,48,151.0436108305154
1466,dummy-llama-70b-m,dummy-lora-llama-70b-m-rank-128-2,110,4,151.04947921761104
1467,dummy-llama-70b-m,dummy-lora-llama-70b-m-rank-32-3,593,45,151.1351686603489
1468,dummy-llama-70b-m,dummy-lora-llama-70b-m-rank-64-4,622,49,151.46849202518993
1469,dummy-llama-70b-m,dummy-lora-llama-70b-m-rank-32-0,603,3,151.65391657051828
1470,dummy-llama-70b-m,dummy-lora-llama-70b-m-rank-16-4,503,80,151.6597127428885
1471,dummy-llama-70b-m,dummy-lora-llama-70b-m-rank-16-4,554,12,151.73630875950624
1472,dummy-llama-70b-m,dummy-lora-llama-70b-m-rank-8-4,606,4,151.8692243711952
1473,dummy-llama-70b-m,dummy-lora-llama-70b-m-rank-32-1,561,7,151.89397234752354
1474,dummy-llama-70b-m,dummy-lora-llama-70b-m-rank-128-0,597,15,152.09894857963832
1475,dummy-llama-70b-m,dummy-lora-llama-70b-m-rank-128-2,615,10,152.46458032222156
1476,dummy-llama-70b-m,dummy-lora-llama-70b-m-rank-64-1,795,10,152.49725532266572
1477,dummy-llama-70b-m,dummy-lora-llama-70b-m-rank-8-0,438,51,152.72195066656622
1478,dummy-llama-70b-m,dummy-lora-llama-70b-m-rank-32-2,586,11,152.73769577549731
1479,dummy-llama-70b-m,dummy-lora-llama-70b-m-rank-128-4,588,19,152.76601311723127
1480,dummy-llama-70b-m,dummy-lora-llama-70b-m-rank-64-0,607,21,152.78536783310358
1481,dummy-llama-70b-m,dummy-lora-llama-70b-m-rank-64-3,309,53,152.88033369599592
1482,dummy-llama-70b-m,dummy-lora-llama-70b-m-rank-8-3,560,25,152.9241759666007
1483,dummy-llama-70b-m,dummy-lora-llama-70b-m-rank-32-1,536,185,152.93877885544595
1484,dummy-llama-70b-m,dummy-lora-llama-70b-m-rank-8-2,645,19,153.00336098668055
1485,dummy-llama-70b-m,dummy-lora-llama-70b-m-rank-32-2,479,51,153.02894026585759
1486,dummy-llama-70b-m,dummy-lora-llama-70b-m-rank-32-0,212,30,153.16767702679456
1487,dummy-llama-70b-m,dummy-lora-llama-70b-m-rank-8-4,812,63,153.1902128673516
1488,dummy-llama-70b-m,dummy-lora-llama-70b-m-rank-64-3,198,36,153.26602845082434
1489,dummy-llama-70b-m,dummy-lora-llama-70b-m-rank-16-2,590,56,153.33870902035062
1490,dummy-llama-70b-m,dummy-lora-llama-70b-m-rank-8-3,309,146,153.39177406645328
1491,dummy-llama-70b-m,dummy-lora-llama-70b-m-rank-16-2,562,24,153.50280306700185
1492,dummy-llama-70b-m,dummy-lora-llama-70b-m-rank-128-2,564,17,153.77528262192808
1493,dummy-llama-70b-m,dummy-lora-llama-70b-m-rank-64-1,560,23,153.91177866907972
1494,dummy-llama-70b-m,dummy-lora-llama-70b-m-rank-128-4,386,42,153.9255266288578
1495,dummy-llama-70b-m,dummy-lora-llama-70b-m-rank-16-4,274,42,153.9782839923713
1496,dummy-llama-70b-m,dummy-lora-llama-70b-m-rank-32-1,265,44,154.08167030587484
1497,dummy-llama-70b-m,dummy-lora-llama-70b-m-rank-128-4,636,89,154.40684819877984
1498,dummy-llama-70b-m,dummy-lora-llama-70b-m-rank-8-4,208,47,154.48900930572017
1499,dummy-llama-70b-m,dummy-lora-llama-70b-m-rank-32-4,324,77,154.50638298737096
1500,dummy-llama-70b-m,dummy-lora-llama-70b-m-rank-8-0,633,26,154.5185196286061
1501,dummy-llama-70b-m,dummy-lora-llama-70b-m-rank-64-4,405,39,154.7346172412376
1502,dummy-llama-70b-m,dummy-lora-llama-70b-m-rank-64-4,323,62,154.74741613170906
1503,dummy-llama-70b-m,dummy-lora-llama-70b-m-rank-8-1,562,24,154.7859788580743
1504,dummy-llama-70b-m,dummy-lora-llama-70b-m-rank-128-3,688,28,154.90640887851364
1505,dummy-llama-70b-m,dummy-lora-llama-70b-m-rank-16-2,596,24,154.9161960895888
1506,dummy-llama-70b-m,dummy-lora-llama-70b-m-rank-8-2,340,66,154.97367086998733
1507,dummy-llama-70b-m,dummy-lora-llama-70b-m-rank-8-3,269,102,155.03171858118694
1508,dummy-llama-70b-m,dummy-lora-llama-70b-m-rank-64-4,986,59,155.11679859230722
1509,dummy-llama-70b-m,dummy-lora-llama-70b-m-rank-8-1,127,60,155.14057497067304
1510,dummy-llama-70b-m,dummy-lora-llama-70b-m-rank-32-3,717,34,155.1683457433316
1511,dummy-llama-70b-m,dummy-lora-llama-70b-m-rank-8-0,599,17,155.2955949219307
1512,dummy-llama-70b-m,dummy-lora-llama-70b-m-rank-8-4,414,223,155.3395393047509
1513,dummy-llama-70b-m,dummy-lora-llama-70b-m-rank-16-1,601,94,155.54158433299494
1514,dummy-llama-70b-m,dummy-lora-llama-70b-m-rank-128-0,550,10,155.5872937145872
1515,dummy-llama-70b-m,dummy-lora-llama-70b-m-rank-8-1,554,20,155.71506474558942
1516,dummy-llama-70b-m,dummy-lora-llama-70b-m-rank-64-3,638,64,155.71742177734413
1517,dummy-llama-70b-m,dummy-lora-llama-70b-m-rank-64-4,464,59,155.7256897553843
1518,dummy-llama-70b-m,dummy-lora-llama-70b-m-rank-64-3,90,44,155.9216069453449
1519,dummy-llama-70b-m,dummy-lora-llama-70b-m-rank-8-0,718,7,155.92316209857174
1520,dummy-llama-70b-m,dummy-lora-llama-70b-m-rank-16-4,206,53,155.97585195631984
1521,dummy-llama-70b-m,dummy-lora-llama-70b-m-rank-16-0,138,57,156.0579301014265
1522,dummy-llama-70b-m,dummy-lora-llama-70b-m-rank-8-4,722,63,156.06841894834105
1523,dummy-llama-70b-m,dummy-lora-llama-70b-m-rank-32-2,350,14,156.2336417635768
1524,dummy-llama-70b-m,dummy-lora-llama-70b-m-rank-128-0,558,22,156.27547898253366
1525,dummy-llama-70b-m,dummy-lora-llama-70b-m-rank-16-0,169,47,156.36831430501118
1526,dummy-llama-70b-m,dummy-lora-llama-70b-m-rank-16-3,805,56,156.41671226941972
1527,dummy-llama-70b-m,dummy-lora-llama-70b-m-rank-8-1,726,8,156.54853067262565
1528,dummy-llama-70b-m,dummy-lora-llama-70b-m-rank-16-4,219,71,156.64620873624352
1529,dummy-llama-70b-m,dummy-lora-llama-70b-m-rank-128-4,582,14,156.72022672265794
1530,dummy-llama-70b-m,dummy-lora-llama-70b-m-rank-32-2,572,28,156.83917656935026
1531,dummy-llama-70b-m,dummy-lora-llama-70b-m-rank-128-1,562,22,156.85746823019275
1532,dummy-llama-70b-m,dummy-lora-llama-70b-m-rank-128-0,274,39,157.0548496359119
1533,dummy-llama-70b-m,dummy-lora-llama-70b-m-rank-32-1,353,39,157.06616198451238
1534,dummy-llama-70b-m,dummy-lora-llama-70b-m-rank-128-1,554,22,157.1747101602228
1535,dummy-llama-70b-m,dummy-lora-llama-70b-m-rank-128-0,254,44,157.2198252009784
1536,dummy-llama-70b-m,dummy-lora-llama-70b-m-rank-16-1,153,43,157.28078939523044
1537,dummy-llama-70b-m,dummy-lora-llama-70b-m-rank-8-2,615,8,157.35022782836958
1538,dummy-llama-70b-m,dummy-lora-llama-70b-m-rank-32-2,225,110,157.50928768839879
1539,dummy-llama-70b-m,dummy-lora-llama-70b-m-rank-64-0,526,47,157.51887528609444
1540,dummy-llama-70b-m,dummy-lora-llama-70b-m-rank-32-0,305,91,157.60542404179083
1541,dummy-llama-70b-m,dummy-lora-llama-70b-m-rank-16-1,306,8,157.6716576800629
1542,dummy-llama-70b-m,dummy-lora-llama-70b-m-rank-64-3,819,42,157.7474000402317
1543,dummy-llama-70b-m,dummy-lora-llama-70b-m-rank-128-3,1020,47,157.89047220687956
1544,dummy-llama-70b-m,dummy-lora-llama-70b-m-rank-8-1,704,39,157.97974906134084
1545,dummy-llama-70b-m,dummy-lora-llama-70b-m-rank-128-0,687,8,158.0368324208822
1546,dummy-llama-70b-m,dummy-lora-llama-70b-m-rank-8-2,509,108,158.1110122049698
1547,dummy-llama-70b-m,dummy-lora-llama-70b-m-rank-8-0,193,160,158.11460528219087
1548,dummy-llama-70b-m,dummy-lora-llama-70b-m-rank-128-2,550,18,158.18396889214765
1549,dummy-llama-70b-m,dummy-lora-llama-70b-m-rank-8-2,239,61,158.26224632237674
1550,dummy-llama-70b-m,dummy-lora-llama-70b-m-rank-16-4,623,25,158.2681788372728
1551,dummy-llama-70b-m,dummy-lora-llama-70b-m-rank-8-4,560,19,158.4432929078086
1552,dummy-llama-70b-m,dummy-lora-llama-70b-m-rank-32-2,543,12,158.48202992824704
1553,dummy-llama-70b-m,dummy-lora-llama-70b-m-rank-8-1,396,7,158.51800268716403
1554,dummy-llama-70b-m,dummy-lora-llama-70b-m-rank-8-0,827,24,158.52267561323197
1555,dummy-llama-70b-m,dummy-lora-llama-70b-m-rank-8-3,566,31,159.14418257706527
1556,dummy-llama-70b-m,dummy-lora-llama-70b-m-rank-64-3,876,35,159.2055403857786
1557,dummy-llama-70b-m,dummy-lora-llama-70b-m-rank-128-4,355,37,159.33621895370194
1558,dummy-llama-70b-m,dummy-lora-llama-70b-m-rank-32-4,418,9,159.71038035648868
1559,dummy-llama-70b-m,dummy-lora-llama-70b-m-rank-128-2,635,31,159.77834291454857
1560,dummy-llama-70b-m,dummy-lora-llama-70b-m-rank-32-0,295,127,159.82845220114783
1561,dummy-llama-70b-m,dummy-lora-llama-70b-m-rank-64-3,833,38,159.9791881254069
1562,dummy-llama-70b-m,dummy-lora-llama-70b-m-rank-128-4,485,13,160.03703088975925
1563,dummy-llama-70b-m,dummy-lora-llama-70b-m-rank-128-0,610,34,160.04403282717743
1564,dummy-llama-70b-m,dummy-lora-llama-70b-m-rank-128-4,306,38,160.05093106869776
1565,dummy-llama-70b-m,dummy-lora-llama-70b-m-rank-16-4,552,18,160.52597999088997
1566,dummy-llama-70b-m,dummy-lora-llama-70b-m-rank-128-3,669,12,160.5297380361499
1567,dummy-llama-70b-m,dummy-lora-llama-70b-m-rank-32-1,322,64,160.60591724362723
1568,dummy-llama-70b-m,dummy-lora-llama-70b-m-rank-16-4,412,6,160.7075525384117
1569,dummy-llama-70b-m,dummy-lora-llama-70b-m-rank-128-3,572,2,160.89386264301217
1570,dummy-llama-70b-m,dummy-lora-llama-70b-m-rank-8-3,560,15,161.07263156907342
1571,dummy-llama-70b-m,dummy-lora-llama-70b-m-rank-16-3,977,121,161.10344446761422
1572,dummy-llama-70b-m,dummy-lora-llama-70b-m-rank-64-4,589,13,161.1569424651039
1573,dummy-llama-70b-m,dummy-lora-llama-70b-m-rank-128-1,556,19,161.23476236888584
1574,dummy-llama-70b-m,dummy-lora-llama-70b-m-rank-16-0,602,24,161.2703885767508
1575,dummy-llama-70b-m,dummy-lora-llama-70b-m-rank-16-0,327,57,161.4813220082489
1576,dummy-llama-70b-m,dummy-lora-llama-70b-m-rank-128-2,411,42,161.5650143778604
1577,dummy-llama-70b-m,dummy-lora-llama-70b-m-rank-16-0,582,37,161.5955788457186
1578,dummy-llama-70b-m,dummy-lora-llama-70b-m-rank-16-0,341,47,161.75322620573985
1579,dummy-llama-70b-m,dummy-lora-llama-70b-m-rank-8-3,389,47,162.35623516500777
1580,dummy-llama-70b-m,dummy-lora-llama-70b-m-rank-128-2,296,65,162.37051057675916
1581,dummy-llama-70b-m,dummy-lora-llama-70b-m-rank-16-2,278,7,162.37401652710943
1582,dummy-llama-70b-m,dummy-lora-llama-70b-m-rank-128-1,481,45,162.42857398371038
1583,dummy-llama-70b-m,dummy-lora-llama-70b-m-rank-128-2,605,22,162.51250652665013
1584,dummy-llama-70b-m,dummy-lora-llama-70b-m-rank-16-3,352,46,163.03892687980246
1585,dummy-llama-70b-m,dummy-lora-llama-70b-m-rank-16-0,511,49,163.12890163490025
1586,dummy-llama-70b-m,dummy-lora-llama-70b-m-rank-8-2,162,47,163.17839422000216
1587,dummy-llama-70b-m,dummy-lora-llama-70b-m-rank-32-0,556,8,163.36091271551177
1588,dummy-llama-70b-m,dummy-lora-llama-70b-m-rank-8-4,297,8,163.3717702872043
1589,dummy-llama-70b-m,dummy-lora-llama-70b-m-rank-8-4,611,19,163.41479443499654
1590,dummy-llama-70b-m,dummy-lora-llama-70b-m-rank-16-4,407,8,163.50130990093115
1591,dummy-llama-70b-m,dummy-lora-llama-70b-m-rank-8-4,552,19,163.52849055633607
1592,dummy-llama-70b-m,dummy-lora-llama-70b-m-rank-64-4,562,19,163.6005172621981
1593,dummy-llama-70b-m,dummy-lora-llama-70b-m-rank-8-0,556,13,163.6402434758873
1594,dummy-llama-70b-m,dummy-lora-llama-70b-m-rank-64-0,85,30,163.64912744027407
1595,dummy-llama-70b-m,dummy-lora-llama-70b-m-rank-128-3,218,3,163.75352309782016
1596,dummy-llama-70b-m,dummy-lora-llama-70b-m-rank-16-2,802,36,163.93985909701533
1597,dummy-llama-70b-m,dummy-lora-llama-70b-m-rank-128-2,425,72,164.06439070414172
1598,dummy-llama-70b-m,dummy-lora-llama-70b-m-rank-8-2,543,45,164.1448254802727
1599,dummy-llama-70b-m,dummy-lora-llama-70b-m-rank-64-1,605,18,164.1573150463564
1600,dummy-llama-70b-m,dummy-lora-llama-70b-m-rank-64-0,550,17,164.15756434872975
1601,dummy-llama-70b-m,dummy-lora-llama-70b-m-rank-32-2,353,54,164.22261488659805
1602,dummy-llama-70b-m,dummy-lora-llama-70b-m-rank-16-0,278,41,164.26878263271024
1603,dummy-llama-70b-m,dummy-lora-llama-70b-m-rank-128-1,805,3,164.2781352240081
1604,dummy-llama-70b-m,dummy-lora-llama-70b-m-rank-32-2,639,13,164.34140814998904
1605,dummy-llama-70b-m,dummy-lora-llama-70b-m-rank-16-0,418,55,164.52738880412213
1606,dummy-llama-70b-m,dummy-lora-llama-70b-m-rank-16-0,549,7,164.53828136777767
1607,dummy-llama-70b-m,dummy-lora-llama-70b-m-rank-64-1,564,18,164.64583422095035
1608,dummy-llama-70b-m,dummy-lora-llama-70b-m-rank-128-4,663,38,164.78141981102934
1609,dummy-llama-70b-m,dummy-lora-llama-70b-m-rank-128-3,548,16,164.87113657125542
1610,dummy-llama-70b-m,dummy-lora-llama-70b-m-rank-64-1,927,41,164.96943075548418
1611,dummy-llama-70b-m,dummy-lora-llama-70b-m-rank-32-4,342,131,165.13732072839528
1612,dummy-llama-70b-m,dummy-lora-llama-70b-m-rank-32-3,274,57,165.47746859423023
1613,dummy-llama-70b-m,dummy-lora-llama-70b-m-rank-32-4,340,154,165.48618596493088
1614,dummy-llama-70b-m,dummy-lora-llama-70b-m-rank-128-3,601,18,165.60261786939
1615,dummy-llama-70b-m,dummy-lora-llama-70b-m-rank-8-1,335,36,165.63945438969398
1616,dummy-llama-70b-m,dummy-lora-llama-70b-m-rank-32-4,58,67,165.71841528563172
1617,dummy-llama-70b-m,dummy-lora-llama-70b-m-rank-32-2,596,69,165.82358555015844
1618,dummy-llama-70b-m,dummy-lora-llama-70b-m-rank-128-1,558,22,165.96253202216425
1619,dummy-llama-70b-m,dummy-lora-llama-70b-m-rank-16-1,909,43,166.03963319388703
1620,dummy-llama-70b-m,dummy-lora-llama-70b-m-rank-16-3,393,57,166.13180300828412
1621,dummy-llama-70b-m,dummy-lora-llama-70b-m-rank-16-2,146,62,166.18202282184194
1622,dummy-llama-70b-m,dummy-lora-llama-70b-m-rank-8-1,293,7,166.3334114666683
1623,dummy-llama-70b-m,dummy-lora-llama-70b-m-rank-8-0,546,18,166.43905004001184
1624,dummy-llama-70b-m,dummy-lora-llama-70b-m-rank-64-1,305,7,166.46474791507146
1625,dummy-llama-70b-m,dummy-lora-llama-70b-m-rank-8-0,279,43,166.48951750424584
1626,dummy-llama-70b-m,dummy-lora-llama-70b-m-rank-32-1,461,6,166.60555326607403
1627,dummy-llama-70b-m,dummy-lora-llama-70b-m-rank-32-2,392,115,166.66174255624992
1628,dummy-llama-70b-m,dummy-lora-llama-70b-m-rank-64-2,376,49,166.7371446039495
1629,dummy-llama-70b-m,dummy-lora-llama-70b-m-rank-64-1,254,3,166.75161049582684
1630,dummy-llama-70b-m,dummy-lora-llama-70b-m-rank-16-2,614,8,166.80749636851004
1631,dummy-llama-70b-m,dummy-lora-llama-70b-m-rank-8-4,558,22,166.89716406750298
1632,dummy-llama-70b-m,dummy-lora-llama-70b-m-rank-64-1,597,69,166.91299906343986
1633,dummy-llama-70b-m,dummy-lora-llama-70b-m-rank-8-3,505,7,166.91906946843736
1634,dummy-llama-70b-m,dummy-lora-llama-70b-m-rank-8-4,421,49,166.95603839922217
1635,dummy-llama-70b-m,dummy-lora-llama-70b-m-rank-16-4,719,8,167.00119499974937
1636,dummy-llama-70b-m,dummy-lora-llama-70b-m-rank-16-3,722,187,167.37122091037205
1637,dummy-llama-70b-m,dummy-lora-llama-70b-m-rank-32-0,600,115,167.40499125194023
1638,dummy-llama-70b-m,dummy-lora-llama-70b-m-rank-8-0,353,7,167.51777699657436
1639,dummy-llama-70b-m,dummy-lora-llama-70b-m-rank-128-0,638,24,167.58050841395186
1640,dummy-llama-70b-m,dummy-lora-llama-70b-m-rank-8-0,700,119,167.7412837510016
1641,dummy-llama-70b-m,dummy-lora-llama-70b-m-rank-32-4,337,47,168.26527102871174
1642,dummy-llama-70b-m,dummy-lora-llama-70b-m-rank-64-4,271,53,168.43539733967782
1643,dummy-llama-70b-m,dummy-lora-llama-70b-m-rank-8-4,447,48,168.70556936936575
1644,dummy-llama-70b-m,dummy-lora-llama-70b-m-rank-64-4,178,48,168.80120022592976
1645,dummy-llama-70b-m,dummy-lora-llama-70b-m-rank-16-0,796,53,168.87715837274666
1646,dummy-llama-70b-m,dummy-lora-llama-70b-m-rank-16-0,566,26,168.87814689187297
1647,dummy-llama-70b-m,dummy-lora-llama-70b-m-rank-128-4,341,52,168.89695624250774
1648,dummy-llama-70b-m,dummy-lora-llama-70b-m-rank-128-2,552,22,168.91283233548552
1649,dummy-llama-70b-m,dummy-lora-llama-70b-m-rank-8-0,570,27,169.04487012510026
1650,dummy-llama-70b-m,dummy-lora-llama-70b-m-rank-16-0,109,55,169.06627952072006
1651,dummy-llama-70b-m,dummy-lora-llama-70b-m-rank-64-2,768,231,169.26244625461828
1652,dummy-llama-70b-m,dummy-lora-llama-70b-m-rank-16-1,668,8,169.32677647231088
1653,dummy-llama-70b-m,dummy-lora-llama-70b-m-rank-8-4,603,20,169.37601867048204
1654,dummy-llama-70b-m,dummy-lora-llama-70b-m-rank-128-0,347,50,169.40543562625822
1655,dummy-llama-70b-m,dummy-lora-llama-70b-m-rank-32-3,325,38,169.547313836559
1656,dummy-llama-70b-m,dummy-lora-llama-70b-m-rank-128-4,608,36,169.60792331749508
1657,dummy-llama-70b-m,dummy-lora-llama-70b-m-rank-128-0,570,31,169.60802823230802
1658,dummy-llama-70b-m,dummy-lora-llama-70b-m-rank-128-1,192,94,169.61588838546945
1659,dummy-llama-70b-m,dummy-lora-llama-70b-m-rank-64-0,401,127,169.69177907880402
1660,dummy-llama-70b-m,dummy-lora-llama-70b-m-rank-32-3,591,31,169.70534069132495
1661,dummy-llama-70b-m,dummy-lora-llama-70b-m-rank-8-0,995,55,169.7087901072082
1662,dummy-llama-70b-m,dummy-lora-llama-70b-m-rank-128-3,285,55,169.74307733390094
1663,dummy-llama-70b-m,dummy-lora-llama-70b-m-rank-8-0,62,98,169.74866175402886
1664,dummy-llama-70b-m,dummy-lora-llama-70b-m-rank-128-0,278,94,169.8255250904544
1665,dummy-llama-70b-m,dummy-lora-llama-70b-m-rank-32-4,429,48,169.92331659516753
1666,dummy-llama-70b-m,dummy-lora-llama-70b-m-rank-16-3,616,58,170.07023318308833
1667,dummy-llama-70b-m,dummy-lora-llama-70b-m-rank-64-2,601,8,170.09957299549305
1668,dummy-llama-70b-m,dummy-lora-llama-70b-m-rank-64-4,447,103,170.42034950102894
1669,dummy-llama-70b-m,dummy-lora-llama-70b-m-rank-8-3,663,36,170.52223287317184
1670,dummy-llama-70b-m,dummy-lora-llama-70b-m-rank-32-4,204,75,170.53032440225093
1671,dummy-llama-70b-m,dummy-lora-llama-70b-m-rank-8-3,469,57,170.62082917611605
1672,dummy-llama-70b-m,dummy-lora-llama-70b-m-rank-32-3,372,6,170.82961722056146
1673,dummy-llama-70b-m,dummy-lora-llama-70b-m-rank-8-4,552,21,170.9221341057116
1674,dummy-llama-70b-m,dummy-lora-llama-70b-m-rank-64-4,553,19,170.96740282266884
1675,dummy-llama-70b-m,dummy-lora-llama-70b-m-rank-128-3,634,17,171.04164504913211
1676,dummy-llama-70b-m,dummy-lora-llama-70b-m-rank-16-1,409,30,171.15843961912347
1677,dummy-llama-70b-m,dummy-lora-llama-70b-m-rank-16-2,305,32,171.31534646137337
1678,dummy-llama-70b-m,dummy-lora-llama-70b-m-rank-16-1,201,3,171.40816319456968
1679,dummy-llama-70b-m,dummy-lora-llama-70b-m-rank-128-4,122,44,171.52950548689034
1680,dummy-llama-70b-m,dummy-lora-llama-70b-m-rank-128-3,549,91,171.6046430973128
1681,dummy-llama-70b-m,dummy-lora-llama-70b-m-rank-32-4,576,60,171.67253767557654
1682,dummy-llama-70b-m,dummy-lora-llama-70b-m-rank-128-1,361,40,171.85520482952242
1683,dummy-llama-70b-m,dummy-lora-llama-70b-m-rank-8-1,550,18,171.9491999465137
1684,dummy-llama-70b-m,dummy-lora-llama-70b-m-rank-64-4,542,8,172.01602872116266
1685,dummy-llama-70b-m,dummy-lora-llama-70b-m-rank-16-0,389,41,172.03764645325023
1686,dummy-llama-70b-m,dummy-lora-llama-70b-m-rank-16-4,623,26,172.05145367294523
1687,dummy-llama-70b-m,dummy-lora-llama-70b-m-rank-128-3,558,23,172.05443691224392
1688,dummy-llama-70b-m,dummy-lora-llama-70b-m-rank-32-2,516,8,172.0898452369158
1689,dummy-llama-70b-m,dummy-lora-llama-70b-m-rank-64-2,315,36,172.14345266285295
1690,dummy-llama-70b-m,dummy-lora-llama-70b-m-rank-8-0,612,35,172.1715372573992
1691,dummy-llama-70b-m,dummy-lora-llama-70b-m-rank-128-4,189,3,172.4347430346796
1692,dummy-llama-70b-m,dummy-lora-llama-70b-m-rank-8-4,560,18,172.48178687083092
1693,dummy-llama-70b-m,dummy-lora-llama-70b-m-rank-16-3,684,48,172.48430160150534
1694,dummy-llama-70b-m,dummy-lora-llama-70b-m-rank-16-3,898,207,172.62060016612526
1695,dummy-llama-70b-m,dummy-lora-llama-70b-m-rank-32-3,207,79,172.65120709832112
1696,dummy-llama-70b-m,dummy-lora-llama-70b-m-rank-128-4,597,16,172.68423583585744
1697,dummy-llama-70b-m,dummy-lora-llama-70b-m-rank-16-3,381,43,172.76491122787203
1698,dummy-llama-70b-m,dummy-lora-llama-70b-m-rank-8-3,647,27,172.85362521653593
1699,dummy-llama-70b-m,dummy-lora-llama-70b-m-rank-128-1,550,21,172.91915374126984
1700,dummy-llama-70b-m,dummy-lora-llama-70b-m-rank-8-3,456,48,172.94530669218045
1701,dummy-llama-70b-m,dummy-lora-llama-70b-m-rank-64-1,887,58,172.97632306217295
1702,dummy-llama-70b-m,dummy-lora-llama-70b-m-rank-128-4,552,19,173.17803685224672
1703,dummy-llama-70b-m,dummy-lora-llama-70b-m-rank-8-0,544,45,173.27332693838918
1704,dummy-llama-70b-m,dummy-lora-llama-70b-m-rank-32-0,594,24,173.3646770592503
1705,dummy-llama-70b-m,dummy-lora-llama-70b-m-rank-16-2,554,18,173.62427171785893
1706,dummy-llama-70b-m,dummy-lora-llama-70b-m-rank-64-0,575,27,173.7039057039728
1707,dummy-llama-70b-m,dummy-lora-llama-70b-m-rank-16-3,617,28,173.75267198212129
1708,dummy-llama-70b-m,dummy-lora-llama-70b-m-rank-128-3,465,161,173.81441226095257
1709,dummy-llama-70b-m,dummy-lora-llama-70b-m-rank-128-0,675,55,173.9760396646111
1710,dummy-llama-70b-m,dummy-lora-llama-70b-m-rank-64-4,372,39,174.01196710273774
1711,dummy-llama-70b-m,dummy-lora-llama-70b-m-rank-16-0,452,9,174.1408715262199
1712,dummy-llama-70b-m,dummy-lora-llama-70b-m-rank-32-2,247,141,174.34512566338216
1713,dummy-llama-70b-m,dummy-lora-llama-70b-m-rank-32-3,279,65,174.62972064880563
1714,dummy-llama-70b-m,dummy-lora-llama-70b-m-rank-64-3,564,25,174.68197765088496
1715,dummy-llama-70b-m,dummy-lora-llama-70b-m-rank-16-3,325,10,174.7145715791999
1716,dummy-llama-70b-m,dummy-lora-llama-70b-m-rank-8-4,260,129,174.76435429542653
1717,dummy-llama-70b-m,dummy-lora-llama-70b-m-rank-64-0,402,36,174.78478784150943
1718,dummy-llama-70b-m,dummy-lora-llama-70b-m-rank-8-4,574,30,174.8031337682944
1719,dummy-llama-70b-m,dummy-lora-llama-70b-m-rank-8-0,577,56,174.80478430767468
1720,dummy-llama-70b-m,dummy-lora-llama-70b-m-rank-128-0,548,19,175.0494162648394
1721,dummy-llama-70b-m,dummy-lora-llama-70b-m-rank-8-3,787,13,175.0861433087633
1722,dummy-llama-70b-m,dummy-lora-llama-70b-m-rank-16-2,375,76,175.0938156002862
1723,dummy-llama-70b-m,dummy-lora-llama-70b-m-rank-16-1,272,157,175.13287434520524
1724,dummy-llama-70b-m,dummy-lora-llama-70b-m-rank-64-4,493,232,175.25473485882642
1725,dummy-llama-70b-m,dummy-lora-llama-70b-m-rank-8-1,601,18,175.35593445350543
1726,dummy-llama-70b-m,dummy-lora-llama-70b-m-rank-16-2,752,105,175.46567492500154
1727,dummy-llama-70b-m,dummy-lora-llama-70b-m-rank-8-4,609,19,175.52582947723226
1728,dummy-llama-70b-m,dummy-lora-llama-70b-m-rank-64-4,548,2,175.53201999895873
1729,dummy-llama-70b-m,dummy-lora-llama-70b-m-rank-8-2,81,43,175.53440777459582
1730,dummy-llama-70b-m,dummy-lora-llama-70b-m-rank-16-1,624,56,175.5924487120223
1731,dummy-llama-70b-m,dummy-lora-llama-70b-m-rank-128-3,413,67,175.60229193923414
1732,dummy-llama-70b-m,dummy-lora-llama-70b-m-rank-128-4,548,19,175.96991012794768
1733,dummy-llama-70b-m,dummy-lora-llama-70b-m-rank-8-4,567,62,176.12655549124148
1734,dummy-llama-70b-m,dummy-lora-llama-70b-m-rank-64-4,648,58,176.23862323450953
1735,dummy-llama-70b-m,dummy-lora-llama-70b-m-rank-16-2,538,14,176.5123057928647
1736,dummy-llama-70b-m,dummy-lora-llama-70b-m-rank-8-1,554,20,176.52746975396585
1737,dummy-llama-70b-m,dummy-lora-llama-70b-m-rank-32-1,802,81,176.795907494688
1738,dummy-llama-70b-m,dummy-lora-llama-70b-m-rank-64-0,433,7,176.89773735846495
1739,dummy-llama-70b-m,dummy-lora-llama-70b-m-rank-8-2,845,110,177.01474787821115
1740,dummy-llama-70b-m,dummy-lora-llama-70b-m-rank-16-2,560,20,177.18943787667678
1741,dummy-llama-70b-m,dummy-lora-llama-70b-m-rank-128-0,163,110,177.7036503859007
1742,dummy-llama-70b-m,dummy-lora-llama-70b-m-rank-128-3,584,55,177.71131630863255
1743,dummy-llama-70b-m,dummy-lora-llama-70b-m-rank-128-1,328,9,177.9273816876188
1744,dummy-llama-70b-m,dummy-lora-llama-70b-m-rank-64-3,666,34,177.92920971915225
1745,dummy-llama-70b-m,dummy-lora-llama-70b-m-rank-32-3,180,31,178.00270665191502
1746,dummy-llama-70b-m,dummy-lora-llama-70b-m-rank-64-4,560,18,178.11701506620037
1747,dummy-llama-70b-m,dummy-lora-llama-70b-m-rank-16-4,804,55,178.31907688308644
1748,dummy-llama-70b-m,dummy-lora-llama-70b-m-rank-128-4,361,44,178.39524332181986
1749,dummy-llama-70b-m,dummy-lora-llama-70b-m-rank-8-2,692,28,178.4530915150261
1750,dummy-llama-70b-m,dummy-lora-llama-70b-m-rank-8-0,562,25,178.51447033157515
1751,dummy-llama-70b-m,dummy-lora-llama-70b-m-rank-32-0,621,20,178.78629130924267
1752,dummy-llama-70b-m,dummy-lora-llama-70b-m-rank-64-2,407,37,178.8173362851132
1753,dummy-llama-70b-m,dummy-lora-llama-70b-m-rank-128-4,603,19,178.87877445899915
1754,dummy-llama-70b-m,dummy-lora-llama-70b-m-rank-128-1,580,68,178.98164028424637
1755,dummy-llama-70b-m,dummy-lora-llama-70b-m-rank-64-4,550,11,179.09808050680198
1756,dummy-llama-70b-m,dummy-lora-llama-70b-m-rank-128-1,219,48,179.10877241778056
1757,dummy-llama-70b-m,dummy-lora-llama-70b-m-rank-16-1,560,23,179.133019898378
1758,dummy-llama-70b-m,dummy-lora-llama-70b-m-rank-64-1,259,6,179.20968918475967
1759,dummy-llama-70b-m,dummy-lora-llama-70b-m-rank-128-2,733,10,179.37568533013885
1760,dummy-llama-70b-m,dummy-lora-llama-70b-m-rank-64-3,574,32,179.42623095912109
1761,dummy-llama-70b-m,dummy-lora-llama-70b-m-rank-64-1,458,16,179.47841781833574
1762,dummy-llama-70b-m,dummy-lora-llama-70b-m-rank-32-2,322,5,179.81650246006754
1763,dummy-llama-70b-m,dummy-lora-llama-70b-m-rank-32-3,330,130,179.8318424150652
1764,dummy-llama-70b-m,dummy-lora-llama-70b-m-rank-8-0,673,7,179.84152788588355
1765,dummy-llama-70b-m,dummy-lora-llama-70b-m-rank-16-1,263,55,179.85962605021285
1766,dummy-llama-70b-m,dummy-lora-llama-70b-m-rank-8-4,600,46,179.94363587573827
1767,dummy-llama-70b-m,dummy-lora-llama-70b-m-rank-8-3,254,10,180.08965779886873
1768,dummy-llama-70b-m,dummy-lora-llama-70b-m-rank-32-3,721,96,180.1358992938188
1769,dummy-llama-70b-m,dummy-lora-llama-70b-m-rank-64-3,346,58,180.18859972905844
1770,dummy-llama-70b-m,dummy-lora-llama-70b-m-rank-16-4,269,53,180.23519111676993
1771,dummy-llama-70b-m,dummy-lora-llama-70b-m-rank-64-2,254,206,180.260538625428
1772,dummy-llama-70b-m,dummy-lora-llama-70b-m-rank-16-0,572,32,180.29575132432893
1773,dummy-llama-70b-m,dummy-lora-llama-70b-m-rank-8-1,302,38,180.4299582385254
1774,dummy-llama-70b-m,dummy-lora-llama-70b-m-rank-8-0,617,23,180.67305145156948
1775,dummy-llama-70b-m,dummy-lora-llama-70b-m-rank-64-0,603,8,180.8924813712299
1776,dummy-llama-70b-m,dummy-lora-llama-70b-m-rank-32-0,433,192,181.11572981982042
1777,dummy-llama-70b-m,dummy-lora-llama-70b-m-rank-128-1,53,47,181.35284111144452
1778,dummy-llama-70b-m,dummy-lora-llama-70b-m-rank-32-1,113,51,181.49699626810613
1779,dummy-llama-70b-m,dummy-lora-llama-70b-m-rank-64-0,292,96,181.88981908329288
1780,dummy-llama-70b-m,dummy-lora-llama-70b-m-rank-64-2,590,22,181.9003708127582
1781,dummy-llama-70b-m,dummy-lora-llama-70b-m-rank-128-4,710,12,182.05321987463807
1782,dummy-llama-70b-m,dummy-lora-llama-70b-m-rank-128-3,865,3,182.20688396426954
1783,dummy-llama-70b-m,dummy-lora-llama-70b-m-rank-64-2,198,41,182.20788302070636
1784,dummy-llama-70b-m,dummy-lora-llama-70b-m-rank-128-2,569,10,182.5008957339973
1785,dummy-llama-70b-m,dummy-lora-llama-70b-m-rank-64-1,359,64,182.58044302509416
1786,dummy-llama-70b-m,dummy-lora-llama-70b-m-rank-128-3,658,50,182.61884595264215
1787,dummy-llama-70b-m,dummy-lora-llama-70b-m-rank-128-2,866,56,182.78403627898385
1788,dummy-llama-70b-m,dummy-lora-llama-70b-m-rank-128-2,179,135,182.81911150479192
1789,dummy-llama-70b-m,dummy-lora-llama-70b-m-rank-16-3,592,22,182.9262297659315
1790,dummy-llama-70b-m,dummy-lora-llama-70b-m-rank-128-4,294,3,183.03829923720778
1791,dummy-llama-70b-m,dummy-lora-llama-70b-m-rank-16-4,475,7,183.10899510345794
1792,dummy-llama-70b-m,dummy-lora-llama-70b-m-rank-128-0,560,8,183.3035386948143
1793,dummy-llama-70b-m,dummy-lora-llama-70b-m-rank-8-3,440,106,183.3847252817173
1794,dummy-llama-70b-m,dummy-lora-llama-70b-m-rank-8-3,776,47,183.49281197852721
1795,dummy-llama-70b-m,dummy-lora-llama-70b-m-rank-128-1,686,32,183.4975222684821
1796,dummy-llama-70b-m,dummy-lora-llama-70b-m-rank-8-4,609,21,183.56489484685991
1797,dummy-llama-70b-m,dummy-lora-llama-70b-m-rank-8-2,484,105,183.59230618358126
1798,dummy-llama-70b-m,dummy-lora-llama-70b-m-rank-8-1,585,20,183.6203814303819
1799,dummy-llama-70b-m,dummy-lora-llama-70b-m-rank-64-0,496,42,183.71293114374959
1800,dummy-llama-70b-m,dummy-lora-llama-70b-m-rank-32-0,317,10,183.76994437354688
1801,dummy-llama-70b-m,dummy-lora-llama-70b-m-rank-32-2,909,106,183.77460300623264
1802,dummy-llama-70b-m,dummy-lora-llama-70b-m-rank-128-0,560,23,183.78660999802705
1803,dummy-llama-70b-m,dummy-lora-llama-70b-m-rank-128-4,322,33,183.852768347413
1804,dummy-llama-70b-m,dummy-lora-llama-70b-m-rank-16-0,550,18,183.9870208694255
1805,dummy-llama-70b-m,dummy-lora-llama-70b-m-rank-8-4,941,24,184.04045935573677
1806,dummy-llama-70b-m,dummy-lora-llama-70b-m-rank-8-2,399,16,184.20864355497858
1807,dummy-llama-70b-m,dummy-lora-llama-70b-m-rank-32-4,566,24,184.22634650164943
1808,dummy-llama-70b-m,dummy-lora-llama-70b-m-rank-128-1,818,3,184.25620817235117
1809,dummy-llama-70b-m,dummy-lora-llama-70b-m-rank-128-2,187,33,184.35128581071993
1810,dummy-llama-70b-m,dummy-lora-llama-70b-m-rank-32-2,250,47,184.4048367828141
1811,dummy-llama-70b-m,dummy-lora-llama-70b-m-rank-32-1,584,18,184.48388287237245
1812,dummy-llama-70b-m,dummy-lora-llama-70b-m-rank-64-3,601,18,184.50769661014854
1813,dummy-llama-70b-m,dummy-lora-llama-70b-m-rank-128-1,559,19,184.76625706371726
1814,dummy-llama-70b-m,dummy-lora-llama-70b-m-rank-32-3,587,25,184.8423369182983
1815,dummy-llama-70b-m,dummy-lora-llama-70b-m-rank-64-1,1018,67,185.00428951795314
1816,dummy-llama-70b-m,dummy-lora-llama-70b-m-rank-16-0,386,6,185.04349462568587
1817,dummy-llama-70b-m,dummy-lora-llama-70b-m-rank-64-0,133,51,185.07428512719923
1818,dummy-llama-70b-m,dummy-lora-llama-70b-m-rank-16-0,568,30,185.15442816199592
1819,dummy-llama-70b-m,dummy-lora-llama-70b-m-rank-32-2,560,23,185.3083891114831
1820,dummy-llama-70b-m,dummy-lora-llama-70b-m-rank-128-1,512,58,185.39369244335202
1821,dummy-llama-70b-m,dummy-lora-llama-70b-m-rank-16-3,550,18,185.42503976876193
1822,dummy-llama-70b-m,dummy-lora-llama-70b-m-rank-128-0,259,40,185.78703336046442
1823,dummy-llama-70b-m,dummy-lora-llama-70b-m-rank-128-0,554,20,185.83372201790968
1824,dummy-llama-70b-m,dummy-lora-llama-70b-m-rank-128-4,592,39,185.8339339901208
1825,dummy-llama-70b-m,dummy-lora-llama-70b-m-rank-16-3,596,41,186.03424318676693
1826,dummy-llama-70b-m,dummy-lora-llama-70b-m-rank-64-2,438,11,186.2573102842803
1827,dummy-llama-70b-m,dummy-lora-llama-70b-m-rank-32-1,550,18,186.54888049963313
1828,dummy-llama-70b-m,dummy-lora-llama-70b-m-rank-16-1,335,46,186.55387128855048
1829,dummy-llama-70b-m,dummy-lora-llama-70b-m-rank-16-4,547,45,186.7229494772194
1830,dummy-llama-70b-m,dummy-lora-llama-70b-m-rank-8-0,605,20,186.7432656480321
1831,dummy-llama-70b-m,dummy-lora-llama-70b-m-rank-8-3,550,18,186.74342786116785
1832,dummy-llama-70b-m,dummy-lora-llama-70b-m-rank-128-2,232,130,186.77059997908688
1833,dummy-llama-70b-m,dummy-lora-llama-70b-m-rank-16-1,81,44,186.7863955289132
1834,dummy-llama-70b-m,dummy-lora-llama-70b-m-rank-64-2,191,47,186.95858818624941
1835,dummy-llama-70b-m,dummy-lora-llama-70b-m-rank-32-2,600,51,187.04281980136858
1836,dummy-llama-70b-m,dummy-lora-llama-70b-m-rank-16-3,609,22,187.08325019915165
1837,dummy-llama-70b-m,dummy-lora-llama-70b-m-rank-64-3,796,11,187.1136166389158
1838,dummy-llama-70b-m,dummy-lora-llama-70b-m-rank-64-4,329,50,187.14865395959947
1839,dummy-llama-70b-m,dummy-lora-llama-70b-m-rank-16-0,523,16,187.45591961422116
1840,dummy-llama-70b-m,dummy-lora-llama-70b-m-rank-64-0,364,46,187.51278253818293
1841,dummy-llama-70b-m,dummy-lora-llama-70b-m-rank-16-0,199,39,187.53724900263018
1842,dummy-llama-70b-m,dummy-lora-llama-70b-m-rank-16-3,730,5,187.68927086626186
1843,dummy-llama-70b-m,dummy-lora-llama-70b-m-rank-32-1,944,34,187.7325467028315
1844,dummy-llama-70b-m,dummy-lora-llama-70b-m-rank-64-2,314,41,187.80630331109558
1845,dummy-llama-70b-m,dummy-lora-llama-70b-m-rank-32-2,322,38,187.87094021006973
1846,dummy-llama-70b-m,dummy-lora-llama-70b-m-rank-64-1,558,14,187.94361254421136
1847,dummy-llama-70b-m,dummy-lora-llama-70b-m-rank-128-0,422,10,188.00046241940038
1848,dummy-llama-70b-m,dummy-lora-llama-70b-m-rank-64-2,179,95,188.06199044558576
1849,dummy-llama-70b-m,dummy-lora-llama-70b-m-rank-128-2,582,37,188.16230226420328
1850,dummy-llama-70b-m,dummy-lora-llama-70b-m-rank-128-1,554,22,188.2317962448983
1851,dummy-llama-70b-m,dummy-lora-llama-70b-m-rank-16-3,545,51,188.30068903533837
1852,dummy-llama-70b-m,dummy-lora-llama-70b-m-rank-128-1,213,57,188.5026480083627
1853,dummy-llama-70b-m,dummy-lora-llama-70b-m-rank-32-1,580,9,188.59202158334352
1854,dummy-llama-70b-m,dummy-lora-llama-70b-m-rank-32-2,130,67,188.73949239408435
1855,dummy-llama-70b-m,dummy-lora-llama-70b-m-rank-64-4,556,23,188.7657127871258
1856,dummy-llama-70b-m,dummy-lora-llama-70b-m-rank-16-2,155,46,188.83966291690962
1857,dummy-llama-70b-m,dummy-lora-llama-70b-m-rank-16-1,633,3,188.97157075400082
1858,dummy-llama-70b-m,dummy-lora-llama-70b-m-rank-8-0,124,19,189.03374594380918
1859,dummy-llama-70b-m,dummy-lora-llama-70b-m-rank-128-4,649,10,189.0472493199021
1860,dummy-llama-70b-m,dummy-lora-llama-70b-m-rank-16-0,562,27,189.08066785417188
1861,dummy-llama-70b-m,dummy-lora-llama-70b-m-rank-64-1,710,51,189.41311653805965
1862,dummy-llama-70b-m,dummy-lora-llama-70b-m-rank-64-1,203,46,189.4421405404855
1863,dummy-llama-70b-m,dummy-lora-llama-70b-m-rank-32-1,735,87,189.5057170575957
1864,dummy-llama-70b-m,dummy-lora-llama-70b-m-rank-16-3,599,17,189.6471253691397
1865,dummy-llama-70b-m,dummy-lora-llama-70b-m-rank-8-4,586,52,189.90030271725377
1866,dummy-llama-70b-m,dummy-lora-llama-70b-m-rank-64-0,379,63,189.901700244441
1867,dummy-llama-70b-m,dummy-lora-llama-70b-m-rank-32-1,195,16,189.98843100499286
1868,dummy-llama-70b-m,dummy-lora-llama-70b-m-rank-64-1,574,32,190.22031327566575
1869,dummy-llama-70b-m,dummy-lora-llama-70b-m-rank-8-1,384,51,190.45950624371832
1870,dummy-llama-70b-m,dummy-lora-llama-70b-m-rank-64-0,606,26,190.47060812113244
1871,dummy-llama-70b-m,dummy-lora-llama-70b-m-rank-32-0,811,38,190.5360442275061
1872,dummy-llama-70b-m,dummy-lora-llama-70b-m-rank-32-2,138,60,190.56971803925055
1873,dummy-llama-70b-m,dummy-lora-llama-70b-m-rank-32-0,500,42,190.636074078048
1874,dummy-llama-70b-m,dummy-lora-llama-70b-m-rank-32-0,625,235,190.64550501724077
1875,dummy-llama-70b-m,dummy-lora-llama-70b-m-rank-16-0,466,109,191.06311384488086
1876,dummy-llama-70b-m,dummy-lora-llama-70b-m-rank-32-4,164,61,191.14717961649438
1877,dummy-llama-70b-m,dummy-lora-llama-70b-m-rank-8-2,589,34,191.2749422939509
1878,dummy-llama-70b-m,dummy-lora-llama-70b-m-rank-128-1,479,106,191.32822057314394
1879,dummy-llama-70b-m,dummy-lora-llama-70b-m-rank-16-1,566,24,191.4117963342653
1880,dummy-llama-70b-m,dummy-lora-llama-70b-m-rank-32-0,562,24,191.4528198271333
1881,dummy-llama-70b-m,dummy-lora-llama-70b-m-rank-16-3,584,23,191.60171885970524
1882,dummy-llama-70b-m,dummy-lora-llama-70b-m-rank-128-4,520,17,191.75368641855715
1883,dummy-llama-70b-m,dummy-lora-llama-70b-m-rank-16-4,358,9,191.7576875900335
1884,dummy-llama-70b-m,dummy-lora-llama-70b-m-rank-16-2,217,56,191.7610131095089
1885,dummy-llama-70b-m,dummy-lora-llama-70b-m-rank-128-2,516,52,191.80790501235325
1886,dummy-llama-70b-m,dummy-lora-llama-70b-m-rank-64-3,255,37,191.8993921371418
1887,dummy-llama-70b-m,dummy-lora-llama-70b-m-rank-32-0,488,66,192.02651227763755
1888,dummy-llama-70b-m,dummy-lora-llama-70b-m-rank-64-4,603,18,192.0434032211922
1889,dummy-llama-70b-m,dummy-lora-llama-70b-m-rank-64-3,628,5,192.1386940113241
1890,dummy-llama-70b-m,dummy-lora-llama-70b-m-rank-64-2,605,23,192.4166504128333
1891,dummy-llama-70b-m,dummy-lora-llama-70b-m-rank-32-2,757,33,192.510562481758
1892,dummy-llama-70b-m,dummy-lora-llama-70b-m-rank-128-0,585,36,192.53717402495693
1893,dummy-llama-70b-m,dummy-lora-llama-70b-m-rank-64-0,183,22,192.6540915080041
1894,dummy-llama-70b-m,dummy-lora-llama-70b-m-rank-64-4,554,20,192.96454312626318
1895,dummy-llama-70b-m,dummy-lora-llama-70b-m-rank-16-1,305,10,192.98303267511963
1896,dummy-llama-70b-m,dummy-lora-llama-70b-m-rank-16-3,607,35,193.01442406303917
1897,dummy-llama-70b-m,dummy-lora-llama-70b-m-rank-8-0,419,52,193.02500463600103
1898,dummy-llama-70b-m,dummy-lora-llama-70b-m-rank-64-4,578,35,193.04748514666693
1899,dummy-llama-70b-m,dummy-lora-llama-70b-m-rank-64-0,599,17,193.12367844740248
1900,dummy-llama-70b-m,dummy-lora-llama-70b-m-rank-64-1,578,12,193.13128974842388
1901,dummy-llama-70b-m,dummy-lora-llama-70b-m-rank-16-0,605,32,193.20779104558542
1902,dummy-llama-70b-m,dummy-lora-llama-70b-m-rank-16-1,566,26,193.21116609648493
1903,dummy-llama-70b-m,dummy-lora-llama-70b-m-rank-16-2,274,42,193.25348112387184
1904,dummy-llama-70b-m,dummy-lora-llama-70b-m-rank-8-3,1010,66,193.39345623417222
1905,dummy-llama-70b-m,dummy-lora-llama-70b-m-rank-128-0,554,18,193.48811915432907
1906,dummy-llama-70b-m,dummy-lora-llama-70b-m-rank-8-3,565,8,193.5067887861431
1907,dummy-llama-70b-m,dummy-lora-llama-70b-m-rank-128-3,415,84,193.57973969746405
1908,dummy-llama-70b-m,dummy-lora-llama-70b-m-rank-16-3,309,41,193.59196826120223
1909,dummy-llama-70b-m,dummy-lora-llama-70b-m-rank-8-2,694,54,193.90490108226263
1910,dummy-llama-70b-m,dummy-lora-llama-70b-m-rank-32-1,552,11,194.13982534335562
1911,dummy-llama-70b-m,dummy-lora-llama-70b-m-rank-16-4,588,15,194.42689078919895
1912,dummy-llama-70b-m,dummy-lora-llama-70b-m-rank-128-4,611,23,194.45287361229984
1913,dummy-llama-70b-m,dummy-lora-llama-70b-m-rank-16-2,552,19,194.5040698642574
1914,dummy-llama-70b-m,dummy-lora-llama-70b-m-rank-16-2,534,11,194.6400132526487
1915,dummy-llama-70b-m,dummy-lora-llama-70b-m-rank-16-4,317,48,194.7336898689657
1916,dummy-llama-70b-m,dummy-lora-llama-70b-m-rank-32-4,574,22,195.0260384252935
1917,dummy-llama-70b-m,dummy-lora-llama-70b-m-rank-16-0,269,58,195.0868685025151
1918,dummy-llama-70b-m,dummy-lora-llama-70b-m-rank-8-4,212,47,195.2811622981056
1919,dummy-llama-70b-m,dummy-lora-llama-70b-m-rank-32-3,549,19,195.28406990009557
1920,dummy-llama-70b-m,dummy-lora-llama-70b-m-rank-128-4,260,60,195.31363095819518
1921,dummy-llama-70b-m,dummy-lora-llama-70b-m-rank-128-0,556,14,195.3461401719699
1922,dummy-llama-70b-m,dummy-lora-llama-70b-m-rank-16-0,851,85,195.44526950248405
1923,dummy-llama-70b-m,dummy-lora-llama-70b-m-rank-64-4,611,27,195.46771885757002
1924,dummy-llama-70b-m,dummy-lora-llama-70b-m-rank-128-0,550,20,195.6894706924671
1925,dummy-llama-70b-m,dummy-lora-llama-70b-m-rank-64-0,391,75,195.71439809878538
1926,dummy-llama-70b-m,dummy-lora-llama-70b-m-rank-128-2,650,123,195.83894638415396
1927,dummy-llama-70b-m,dummy-lora-llama-70b-m-rank-128-4,117,36,195.92918457990217
1928,dummy-llama-70b-m,dummy-lora-llama-70b-m-rank-8-4,660,25,195.96151424781104
1929,dummy-llama-70b-m,dummy-lora-llama-70b-m-rank-8-2,498,59,195.98114619627376
1930,dummy-llama-70b-m,dummy-lora-llama-70b-m-rank-16-3,196,53,195.98940577498757
1931,dummy-llama-70b-m,dummy-lora-llama-70b-m-rank-128-1,697,47,196.13785824882342
1932,dummy-llama-70b-m,dummy-lora-llama-70b-m-rank-64-1,261,148,196.1381862381386
1933,dummy-llama-70b-m,dummy-lora-llama-70b-m-rank-64-3,552,17,196.1924460925603
1934,dummy-llama-70b-m,dummy-lora-llama-70b-m-rank-8-4,322,87,196.37295623326884
1935,dummy-llama-70b-m,dummy-lora-llama-70b-m-rank-64-0,580,31,196.4230965046018
1936,dummy-llama-70b-m,dummy-lora-llama-70b-m-rank-128-0,570,31,196.48628677506548
1937,dummy-llama-70b-m,dummy-lora-llama-70b-m-rank-16-3,554,17,196.65284076721636
1938,dummy-llama-70b-m,dummy-lora-llama-70b-m-rank-16-1,136,93,196.69099724958085
1939,dummy-llama-70b-m,dummy-lora-llama-70b-m-rank-64-0,232,61,196.72504496175452
1940,dummy-llama-70b-m,dummy-lora-llama-70b-m-rank-64-3,633,9,196.89550772444053
1941,dummy-llama-70b-m,dummy-lora-llama-70b-m-rank-16-0,578,35,197.14001566167155
1942,dummy-llama-70b-m,dummy-lora-llama-70b-m-rank-128-0,548,18,197.23580014587168
1943,dummy-llama-70b-m,dummy-lora-llama-70b-m-rank-8-2,383,26,197.27724034399628
1944,dummy-llama-70b-m,dummy-lora-llama-70b-m-rank-64-3,694,14,197.35216484760767
1945,dummy-llama-70b-m,dummy-lora-llama-70b-m-rank-128-1,604,27,197.36705158994198
1946,dummy-llama-70b-m,dummy-lora-llama-70b-m-rank-128-0,513,55,197.42369991579386
1947,dummy-llama-70b-m,dummy-lora-llama-70b-m-rank-64-4,601,8,197.95957314160293
1948,dummy-llama-70b-m,dummy-lora-llama-70b-m-rank-32-1,552,20,198.18895305173828
1949,dummy-llama-70b-m,dummy-lora-llama-70b-m-rank-64-2,448,49,198.19327680533155
1950,dummy-llama-70b-m,dummy-lora-llama-70b-m-rank-32-0,604,19,198.5256614908907
1951,dummy-llama-70b-m,dummy-lora-llama-70b-m-rank-64-3,623,8,198.53802107929923
1952,dummy-llama-70b-m,dummy-lora-llama-70b-m-rank-16-0,829,60,198.5394139737904
1953,dummy-llama-70b-m,dummy-lora-llama-70b-m-rank-64-3,1024,60,198.74110394369913
1954,dummy-llama-70b-m,dummy-lora-llama-70b-m-rank-128-4,667,32,198.78058629311914
1955,dummy-llama-70b-m,dummy-lora-llama-70b-m-rank-8-1,234,29,198.85247746857104
1956,dummy-llama-70b-m,dummy-lora-llama-70b-m-rank-8-2,535,204,198.86652313222578
1957,dummy-llama-70b-m,dummy-lora-llama-70b-m-rank-16-3,554,12,198.92183817079118
1958,dummy-llama-70b-m,dummy-lora-llama-70b-m-rank-32-0,607,63,198.941657529602
1959,dummy-llama-70b-m,dummy-lora-llama-70b-m-rank-128-4,570,28,198.99275045392125
1960,dummy-llama-70b-m,dummy-lora-llama-70b-m-rank-32-1,456,56,199.08558758567295
1961,dummy-llama-70b-m,dummy-lora-llama-70b-m-rank-32-4,386,51,199.13219102389948
1962,dummy-llama-70b-m,dummy-lora-llama-70b-m-rank-16-1,501,90,199.1377921458354
1963,dummy-llama-70b-m,dummy-lora-llama-70b-m-rank-16-0,401,66,199.29077968337003
1964,dummy-llama-70b-m,dummy-lora-llama-70b-m-rank-16-4,605,27,199.3353860165728
1965,dummy-llama-70b-m,dummy-lora-llama-70b-m-rank-128-4,552,19,199.64586137398854
1966,dummy-llama-70b-m,dummy-lora-llama-70b-m-rank-16-0,611,26,199.89731656105212
1967,dummy-llama-70b-m,dummy-lora-llama-70b-m-rank-8-4,862,133,199.9179035034969
1968,dummy-llama-70b-m,dummy-lora-llama-70b-m-rank-8-2,710,150,199.94162999184968
1969,dummy-llama-70b-m,dummy-lora-llama-70b-m-rank-128-1,598,17,199.9718460027107
1970,dummy-llama-70b-m,dummy-lora-llama-70b-m-rank-64-3,951,16,200.0075522244134
1971,dummy-llama-70b-m,dummy-lora-llama-70b-m-rank-16-1,448,46,200.05145288618814
1972,dummy-llama-70b-m,dummy-lora-llama-70b-m-rank-8-0,560,23,200.14464478186602
1973,dummy-llama-70b-m,dummy-lora-llama-70b-m-rank-128-1,556,21,200.15920241217634
1974,dummy-llama-70b-m,dummy-lora-llama-70b-m-rank-16-0,422,51,200.35523630401985
1975,dummy-llama-70b-m,dummy-lora-llama-70b-m-rank-64-4,521,68,200.36791139576863
1976,dummy-llama-70b-m,dummy-lora-llama-70b-m-rank-32-2,617,20,200.47187172418174
1977,dummy-llama-70b-m,dummy-lora-llama-70b-m-rank-128-2,729,11,200.72725887948127
1978,dummy-llama-70b-m,dummy-lora-llama-70b-m-rank-128-0,237,53,200.77657713984485
1979,dummy-llama-70b-m,dummy-lora-llama-70b-m-rank-16-4,265,49,200.78008331048565
1980,dummy-llama-70b-m,dummy-lora-llama-70b-m-rank-128-4,586,11,200.8533184335505
1981,dummy-llama-70b-m,dummy-lora-llama-70b-m-rank-32-3,315,49,200.92822354451076
1982,dummy-llama-70b-m,dummy-lora-llama-70b-m-rank-64-1,767,61,200.98430474421647
1983,dummy-llama-70b-m,dummy-lora-llama-70b-m-rank-16-4,645,31,201.0550906993791
1984,dummy-llama-70b-m,dummy-lora-llama-70b-m-rank-16-0,968,36,201.10419938368972
1985,dummy-llama-70b-m,dummy-lora-llama-70b-m-rank-128-4,677,3,201.1697219593839
1986,dummy-llama-70b-m,dummy-lora-llama-70b-m-rank-32-4,632,43,201.1779297841214
1987,dummy-llama-70b-m,dummy-lora-llama-70b-m-rank-8-0,288,106,201.32358338691404
1988,dummy-llama-70b-m,dummy-lora-llama-70b-m-rank-128-0,441,92,201.4056634762317
1989,dummy-llama-70b-m,dummy-lora-llama-70b-m-rank-16-0,674,60,201.42574859667585
1990,dummy-llama-70b-m,dummy-lora-llama-70b-m-rank-16-4,550,18,201.45207843804224
1991,dummy-llama-70b-m,dummy-lora-llama-70b-m-rank-128-4,569,48,201.52364717802106
1992,dummy-llama-70b-m,dummy-lora-llama-70b-m-rank-8-0,237,3,201.60586884467082
1993,dummy-llama-70b-m,dummy-lora-llama-70b-m-rank-16-3,570,28,201.7698384810725
1994,dummy-llama-70b-m,dummy-lora-llama-70b-m-rank-8-0,224,52,201.89459978826758
1995,dummy-llama-70b-m,dummy-lora-llama-70b-m-rank-8-4,560,22,201.99296899567224
1996,dummy-llama-70b-m,dummy-lora-llama-70b-m-rank-64-1,705,22,202.0097909496771
1997,dummy-llama-70b-m,dummy-lora-llama-70b-m-rank-16-0,552,18,202.01452061568608
1998,dummy-llama-70b-m,dummy-lora-llama-70b-m-rank-64-3,727,85,202.0548826747779
1999,dummy-llama-70b-m,dummy-lora-llama-70b-m-rank-16-0,399,153,202.19531016432705
2000,dummy-llama-70b-m,dummy-lora-llama-70b-m-rank-128-0,508,10,202.27676145521056
2001,dummy-llama-70b-m,dummy-lora-llama-70b-m-rank-8-4,124,39,202.2899598832672
2002,dummy-llama-70b-m,dummy-lora-llama-70b-m-rank-64-1,452,50,202.41935459059397
2003,dummy-llama-70b-m,dummy-lora-llama-70b-m-rank-128-4,981,42,202.4749027296085
2004,dummy-llama-70b-m,dummy-lora-llama-70b-m-rank-16-4,600,29,202.55349391182347
2005,dummy-llama-70b-m,dummy-lora-llama-70b-m-rank-64-4,671,84,202.57421111309418
2006,dummy-llama-70b-m,dummy-lora-llama-70b-m-rank-8-0,421,32,202.7005219322493
2007,dummy-llama-70b-m,dummy-lora-llama-70b-m-rank-64-2,558,20,202.70124502293385
2008,dummy-llama-70b-m,dummy-lora-llama-70b-m-rank-32-1,633,24,202.80667088825115
2009,dummy-llama-70b-m,dummy-lora-llama-70b-m-rank-16-4,568,27,203.2441399467638
2010,dummy-llama-70b-m,dummy-lora-llama-70b-m-rank-16-4,320,51,203.45642584031032
2011,dummy-llama-70b-m,dummy-lora-llama-70b-m-rank-16-3,895,130,203.54489984335635
2012,dummy-llama-70b-m,dummy-lora-llama-70b-m-rank-32-2,354,48,203.5478857318526
2013,dummy-llama-70b-m,dummy-lora-llama-70b-m-rank-16-0,758,9,203.68259115841423
2014,dummy-llama-70b-m,dummy-lora-llama-70b-m-rank-16-3,329,43,203.69032872925345
2015,dummy-llama-70b-m,dummy-lora-llama-70b-m-rank-16-3,328,7,203.69102899479697
2016,dummy-llama-70b-m,dummy-lora-llama-70b-m-rank-16-0,538,41,203.741033080372
2017,dummy-llama-70b-m,dummy-lora-llama-70b-m-rank-8-0,546,16,203.75322252405496
2018,dummy-llama-70b-m,dummy-lora-llama-70b-m-rank-128-4,606,8,203.828729139376
2019,dummy-llama-70b-m,dummy-lora-llama-70b-m-rank-64-1,433,36,203.92594935980605
2020,dummy-llama-70b-m,dummy-lora-llama-70b-m-rank-8-3,915,32,203.9416212178689
2021,dummy-llama-70b-m,dummy-lora-llama-70b-m-rank-8-1,408,55,203.94171995081587
2022,dummy-llama-70b-m,dummy-lora-llama-70b-m-rank-8-1,594,15,204.00091987091287
2023,dummy-llama-70b-m,dummy-lora-llama-70b-m-rank-64-3,599,14,204.08561519766724
2024,dummy-llama-70b-m,dummy-lora-llama-70b-m-rank-8-3,588,23,204.1050358780573
2025,dummy-llama-70b-m,dummy-lora-llama-70b-m-rank-16-4,785,58,204.46900593153194
2026,dummy-llama-70b-m,dummy-lora-llama-70b-m-rank-8-1,546,7,204.55124033181843
2027,dummy-llama-70b-m,dummy-lora-llama-70b-m-rank-128-4,202,56,204.55257160166656
2028,dummy-llama-70b-m,dummy-lora-llama-70b-m-rank-8-3,552,10,204.5625351613919
2029,dummy-llama-70b-m,dummy-lora-llama-70b-m-rank-128-2,302,114,204.66413834259404
2030,dummy-llama-70b-m,dummy-lora-llama-70b-m-rank-8-3,728,36,205.03757006658373
2031,dummy-llama-70b-m,dummy-lora-llama-70b-m-rank-32-0,602,14,205.38939756096138
2032,dummy-llama-70b-m,dummy-lora-llama-70b-m-rank-8-3,446,7,205.45278006480422
2033,dummy-llama-70b-m,dummy-lora-llama-70b-m-rank-8-3,432,46,205.56436786517418
2034,dummy-llama-70b-m,dummy-lora-llama-70b-m-rank-8-1,554,20,205.58933549794904
2035,dummy-llama-70b-m,dummy-lora-llama-70b-m-rank-64-1,633,26,205.63541093202517
2036,dummy-llama-70b-m,dummy-lora-llama-70b-m-rank-16-1,554,20,205.7277056618462
2037,dummy-llama-70b-m,dummy-lora-llama-70b-m-rank-16-0,316,150,205.80253569479885
2038,dummy-llama-70b-m,dummy-lora-llama-70b-m-rank-32-4,456,7,205.82298714489738
2039,dummy-llama-70b-m,dummy-lora-llama-70b-m-rank-8-1,369,58,205.8356227311135
2040,dummy-llama-70b-m,dummy-lora-llama-70b-m-rank-16-3,479,61,205.91140326475403
2041,dummy-llama-70b-m,dummy-lora-llama-70b-m-rank-8-1,566,28,206.05212079709187
2042,dummy-llama-70b-m,dummy-lora-llama-70b-m-rank-8-1,866,69,206.06878524552354
2043,dummy-llama-70b-m,dummy-lora-llama-70b-m-rank-8-3,201,155,206.08910429674916
2044,dummy-llama-70b-m,dummy-lora-llama-70b-m-rank-128-0,321,25,206.11139610596436
2045,dummy-llama-70b-m,dummy-lora-llama-70b-m-rank-16-0,558,22,206.21350631847326
2046,dummy-llama-70b-m,dummy-lora-llama-70b-m-rank-8-3,576,33,206.27060600916
2047,dummy-llama-70b-m,dummy-lora-llama-70b-m-rank-16-4,154,46,206.37437423967756
2048,dummy-llama-70b-m,dummy-lora-llama-70b-m-rank-8-2,566,28,206.37494652681923
2049,dummy-llama-70b-m,dummy-lora-llama-70b-m-rank-32-3,347,47,206.4150618171878
2050,dummy-llama-70b-m,dummy-lora-llama-70b-m-rank-16-4,366,57,206.46570040451752
2051,dummy-llama-70b-m,dummy-lora-llama-70b-m-rank-32-4,601,8,206.5403880718913
2052,dummy-llama-70b-m,dummy-lora-llama-70b-m-rank-32-4,671,69,206.56155351443556
2053,dummy-llama-70b-m,dummy-lora-llama-70b-m-rank-32-2,677,23,206.6960348940969
2054,dummy-llama-70b-m,dummy-lora-llama-70b-m-rank-128-1,558,22,206.8106447800666
2055,dummy-llama-70b-m,dummy-lora-llama-70b-m-rank-8-2,612,83,206.81451819487
2056,dummy-llama-70b-m,dummy-lora-llama-70b-m-rank-32-0,337,41,206.8566179740076
2057,dummy-llama-70b-m,dummy-lora-llama-70b-m-rank-128-1,550,19,206.89534990940604
2058,dummy-llama-70b-m,dummy-lora-llama-70b-m-rank-8-4,181,44,206.9313735276092
2059,dummy-llama-70b-m,dummy-lora-llama-70b-m-rank-128-4,613,26,206.93821476874945
2060,dummy-llama-70b-m,dummy-lora-llama-70b-m-rank-8-2,570,29,207.04065984891741
2061,dummy-llama-70b-m,dummy-lora-llama-70b-m-rank-128-1,97,128,207.05523783614944
2062,dummy-llama-70b-m,dummy-lora-llama-70b-m-rank-128-0,556,13,207.17598124379168
2063,dummy-llama-70b-m,dummy-lora-llama-70b-m-rank-32-3,603,22,207.3527246803218
2064,dummy-llama-70b-m,dummy-lora-llama-70b-m-rank-32-4,91,41,207.42008549182586
2065,dummy-llama-70b-m,dummy-lora-llama-70b-m-rank-32-2,560,24,207.49144408669005
2066,dummy-llama-70b-m,dummy-lora-llama-70b-m-rank-32-2,579,11,207.49875667869796
2067,dummy-llama-70b-m,dummy-lora-llama-70b-m-rank-64-4,613,25,207.65918667318743
2068,dummy-llama-70b-m,dummy-lora-llama-70b-m-rank-8-2,548,17,207.79352370052712
2069,dummy-llama-70b-m,dummy-lora-llama-70b-m-rank-64-2,528,75,208.0060475478511
2070,dummy-llama-70b-m,dummy-lora-llama-70b-m-rank-128-2,101,51,208.19119533898166
2071,dummy-llama-70b-m,dummy-lora-llama-70b-m-rank-32-2,668,8,208.2493570294888
2072,dummy-llama-70b-m,dummy-lora-llama-70b-m-rank-16-2,778,6,208.47848982270992
2073,dummy-llama-70b-m,dummy-lora-llama-70b-m-rank-32-0,85,31,208.54416484326862
2074,dummy-llama-70b-m,dummy-lora-llama-70b-m-rank-8-1,478,14,208.5561772819219
2075,dummy-llama-70b-m,dummy-lora-llama-70b-m-rank-128-3,617,22,208.57624012860552
2076,dummy-llama-70b-m,dummy-lora-llama-70b-m-rank-64-2,548,17,208.62700861301195
2077,dummy-llama-70b-m,dummy-lora-llama-70b-m-rank-128-0,666,133,208.69831429460788
2078,dummy-llama-70b-m,dummy-lora-llama-70b-m-rank-64-1,517,10,208.80634717864243
2079,dummy-llama-70b-m,dummy-lora-llama-70b-m-rank-32-3,560,23,208.80685391354316
2080,dummy-llama-70b-m,dummy-lora-llama-70b-m-rank-16-1,197,44,208.872470876718
2081,dummy-llama-70b-m,dummy-lora-llama-70b-m-rank-64-0,480,113,209.40048539759195
2082,dummy-llama-70b-m,dummy-lora-llama-70b-m-rank-16-1,379,51,209.5027163436565
2083,dummy-llama-70b-m,dummy-lora-llama-70b-m-rank-16-3,556,21,209.5768430373329
2084,dummy-llama-70b-m,dummy-lora-llama-70b-m-rank-16-2,589,65,209.7952723980039
2085,dummy-llama-70b-m,dummy-lora-llama-70b-m-rank-32-2,290,56,209.87732585538447
2086,dummy-llama-70b-m,dummy-lora-llama-70b-m-rank-64-1,198,152,209.88003757615243
2087,dummy-llama-70b-m,dummy-lora-llama-70b-m-rank-64-3,558,22,209.9135147286018
2088,dummy-llama-70b-m,dummy-lora-llama-70b-m-rank-8-0,558,20,210.024121877434
2089,dummy-llama-70b-m,dummy-lora-llama-70b-m-rank-16-2,101,3,210.03319188446972
2090,dummy-llama-70b-m,dummy-lora-llama-70b-m-rank-128-1,316,10,210.10723579103734
2091,dummy-llama-70b-m,dummy-lora-llama-70b-m-rank-8-3,329,31,210.14176638821243
2092,dummy-llama-70b-m,dummy-lora-llama-70b-m-rank-32-0,56,85,210.16420950871188
2093,dummy-llama-70b-m,dummy-lora-llama-70b-m-rank-32-2,969,38,210.220855916898
2094,dummy-llama-70b-m,dummy-lora-llama-70b-m-rank-128-1,556,21,210.43514405605268
2095,dummy-llama-70b-m,dummy-lora-llama-70b-m-rank-8-3,607,21,210.6081427105061
2096,dummy-llama-70b-m,dummy-lora-llama-70b-m-rank-128-2,580,33,210.6963955206411
2097,dummy-llama-70b-m,dummy-lora-llama-70b-m-rank-64-4,623,8,210.79017121217643
2098,dummy-llama-70b-m,dummy-lora-llama-70b-m-rank-128-0,506,9,210.8387923596948
2099,dummy-llama-70b-m,dummy-lora-llama-70b-m-rank-128-1,500,81,211.00083449056996
2100,dummy-llama-70b-m,dummy-lora-llama-70b-m-rank-32-2,149,47,211.20345365182956
2101,dummy-llama-70b-m,dummy-lora-llama-70b-m-rank-128-3,582,50,211.27502787770274
2102,dummy-llama-70b-m,dummy-lora-llama-70b-m-rank-128-0,860,40,211.28942823302276
2103,dummy-llama-70b-m,dummy-lora-llama-70b-m-rank-64-1,566,23,211.29669574611475
2104,dummy-llama-70b-m,dummy-lora-llama-70b-m-rank-64-2,240,52,211.300024350396
2105,dummy-llama-70b-m,dummy-lora-llama-70b-m-rank-32-1,200,31,211.44792791459685
2106,dummy-llama-70b-m,dummy-lora-llama-70b-m-rank-8-0,632,65,211.45583324906346
2107,dummy-llama-70b-m,dummy-lora-llama-70b-m-rank-8-4,599,17,211.4704596899661
2108,dummy-llama-70b-m,dummy-lora-llama-70b-m-rank-64-0,571,22,211.56801403690002
2109,dummy-llama-70b-m,dummy-lora-llama-70b-m-rank-64-3,697,6,211.6078239149426
2110,dummy-llama-70b-m,dummy-lora-llama-70b-m-rank-128-4,283,140,211.96232345263124
2111,dummy-llama-70b-m,dummy-lora-llama-70b-m-rank-32-3,561,15,212.23255361278783
2112,dummy-llama-70b-m,dummy-lora-llama-70b-m-rank-16-1,582,35,212.4149057764162
2113,dummy-llama-70b-m,dummy-lora-llama-70b-m-rank-8-4,360,11,212.7805319233364
2114,dummy-llama-70b-m,dummy-lora-llama-70b-m-rank-128-0,610,16,212.99158948601948
2115,dummy-llama-70b-m,dummy-lora-llama-70b-m-rank-64-4,701,9,213.00815004016104
2116,dummy-llama-70b-m,dummy-lora-llama-70b-m-rank-16-2,554,9,213.18513242749208
2117,dummy-llama-70b-m,dummy-lora-llama-70b-m-rank-128-1,747,8,213.26501609504425
2118,dummy-llama-70b-m,dummy-lora-llama-70b-m-rank-32-1,488,5,213.32611522428036
2119,dummy-llama-70b-m,dummy-lora-llama-70b-m-rank-16-1,422,51,213.32945911026275
2120,dummy-llama-70b-m,dummy-lora-llama-70b-m-rank-16-2,600,53,213.37672340048442
2121,dummy-llama-70b-m,dummy-lora-llama-70b-m-rank-64-1,388,43,213.57253055507857
2122,dummy-llama-70b-m,dummy-lora-llama-70b-m-rank-32-4,341,48,213.70033454791442
2123,dummy-llama-70b-m,dummy-lora-llama-70b-m-rank-128-0,467,51,213.94263448406065
2124,dummy-llama-70b-m,dummy-lora-llama-70b-m-rank-16-3,191,149,214.03253572217525
2125,dummy-llama-70b-m,dummy-lora-llama-70b-m-rank-128-3,297,111,214.19115735638994
2126,dummy-llama-70b-m,dummy-lora-llama-70b-m-rank-16-1,606,28,214.1913030907153
2127,dummy-llama-70b-m,dummy-lora-llama-70b-m-rank-16-1,574,23,214.247406573637
2128,dummy-llama-70b-m,dummy-lora-llama-70b-m-rank-8-3,183,8,214.28833175297757
2129,dummy-llama-70b-m,dummy-lora-llama-70b-m-rank-8-2,518,42,214.44727004246087
2130,dummy-llama-70b-m,dummy-lora-llama-70b-m-rank-8-1,267,68,214.51202022610312
2131,dummy-llama-70b-m,dummy-lora-llama-70b-m-rank-32-2,848,65,214.52035495783383
2132,dummy-llama-70b-m,dummy-lora-llama-70b-m-rank-16-0,916,67,214.66236260698264
2133,dummy-llama-70b-m,dummy-lora-llama-70b-m-rank-32-1,552,19,214.7045805811128
2134,dummy-llama-70b-m,dummy-lora-llama-70b-m-rank-64-3,487,50,214.71283019449046
2135,dummy-llama-70b-m,dummy-lora-llama-70b-m-rank-32-2,553,19,214.80618839043356
2136,dummy-llama-70b-m,dummy-lora-llama-70b-m-rank-64-1,362,209,214.92590127747036
2137,dummy-llama-70b-m,dummy-lora-llama-70b-m-rank-128-4,560,23,214.9925204712823
2138,dummy-llama-70b-m,dummy-lora-llama-70b-m-rank-32-4,592,42,215.1088193967894
2139,dummy-llama-70b-m,dummy-lora-llama-70b-m-rank-64-3,602,50,215.20671625444575
2140,dummy-llama-70b-m,dummy-lora-llama-70b-m-rank-32-4,198,134,215.22214592788484
2141,dummy-llama-70b-m,dummy-lora-llama-70b-m-rank-128-2,389,9,215.24777386168915
2142,dummy-llama-70b-m,dummy-lora-llama-70b-m-rank-64-1,560,15,215.3758512759345
2143,dummy-llama-70b-m,dummy-lora-llama-70b-m-rank-8-2,262,117,215.46983826288715
2144,dummy-llama-70b-m,dummy-lora-llama-70b-m-rank-32-1,668,10,215.47799385582718
2145,dummy-llama-70b-m,dummy-lora-llama-70b-m-rank-32-2,839,216,215.47937593810366
2146,dummy-llama-70b-m,dummy-lora-llama-70b-m-rank-64-0,460,40,215.614444567151
2147,dummy-llama-70b-m,dummy-lora-llama-70b-m-rank-16-0,92,53,215.8092279455285
2148,dummy-llama-70b-m,dummy-lora-llama-70b-m-rank-32-3,433,56,215.8689880386782
2149,dummy-llama-70b-m,dummy-lora-llama-70b-m-rank-8-3,263,81,215.90392333502177
2150,dummy-llama-70b-m,dummy-lora-llama-70b-m-rank-8-4,618,36,216.07163295062963
2151,dummy-llama-70b-m,dummy-lora-llama-70b-m-rank-8-1,675,48,216.13763672348608
2152,dummy-llama-70b-m,dummy-lora-llama-70b-m-rank-64-4,556,23,216.1938390380156
2153,dummy-llama-70b-m,dummy-lora-llama-70b-m-rank-128-3,554,20,216.2042205290851
2154,dummy-llama-70b-m,dummy-lora-llama-70b-m-rank-16-0,309,43,216.20478067850627
2155,dummy-llama-70b-m,dummy-lora-llama-70b-m-rank-128-0,601,8,216.2750484778512
2156,dummy-llama-70b-m,dummy-lora-llama-70b-m-rank-16-4,619,26,216.36094908878096
2157,dummy-llama-70b-m,dummy-lora-llama-70b-m-rank-16-2,228,42,216.3826717810998
2158,dummy-llama-70b-m,dummy-lora-llama-70b-m-rank-64-0,636,8,216.5245814490435
2159,dummy-llama-70b-m,dummy-lora-llama-70b-m-rank-32-1,534,37,216.53224629551428
2160,dummy-llama-70b-m,dummy-lora-llama-70b-m-rank-32-4,281,78,216.74754145754505
2161,dummy-llama-70b-m,dummy-lora-llama-70b-m-rank-128-0,434,155,216.75233806572948
2162,dummy-llama-70b-m,dummy-lora-llama-70b-m-rank-8-2,330,61,216.8114160423681
2163,dummy-llama-70b-m,dummy-lora-llama-70b-m-rank-16-0,558,36,216.8940919544104
2164,dummy-llama-70b-m,dummy-lora-llama-70b-m-rank-128-2,215,41,216.94239008227493
2165,dummy-llama-70b-m,dummy-lora-llama-70b-m-rank-64-0,597,43,216.99150479692017
2166,dummy-llama-70b-m,dummy-lora-llama-70b-m-rank-32-3,580,16,217.02943211302994
2167,dummy-llama-70b-m,dummy-lora-llama-70b-m-rank-8-0,385,38,217.23878202508106
2168,dummy-llama-70b-m,dummy-lora-llama-70b-m-rank-128-1,396,36,217.2654081767293
2169,dummy-llama-70b-m,dummy-lora-llama-70b-m-rank-8-3,586,36,217.27201422878443
2170,dummy-llama-70b-m,dummy-lora-llama-70b-m-rank-8-4,252,19,217.35294568141288
2171,dummy-llama-70b-m,dummy-lora-llama-70b-m-rank-32-3,684,89,217.45205765988666
2172,dummy-llama-70b-m,dummy-lora-llama-70b-m-rank-16-2,901,47,217.61427824953986
2173,dummy-llama-70b-m,dummy-lora-llama-70b-m-rank-8-1,564,24,217.6607212009873
2174,dummy-llama-70b-m,dummy-lora-llama-70b-m-rank-16-3,910,118,217.7203563631517
2175,dummy-llama-70b-m,dummy-lora-llama-70b-m-rank-8-0,364,35,217.74571131234728
2176,dummy-llama-70b-m,dummy-lora-llama-70b-m-rank-8-3,532,5,217.796165025256
2177,dummy-llama-70b-m,dummy-lora-llama-70b-m-rank-128-1,308,50,217.88189970182285
2178,dummy-llama-70b-m,dummy-lora-llama-70b-m-rank-8-2,841,8,218.0402497196908
2179,dummy-llama-70b-m,dummy-lora-llama-70b-m-rank-32-1,407,54,218.0507103647755
2180,dummy-llama-70b-m,dummy-lora-llama-70b-m-rank-32-4,756,113,218.10060094992258
2181,dummy-llama-70b-m,dummy-lora-llama-70b-m-rank-128-3,601,17,218.13998450075857
2182,dummy-llama-70b-m,dummy-lora-llama-70b-m-rank-32-3,797,6,218.61500106336547
2183,dummy-llama-70b-m,dummy-lora-llama-70b-m-rank-128-2,593,51,218.63751364257303
2184,dummy-llama-70b-m,dummy-lora-llama-70b-m-rank-8-4,604,43,218.85512149087302
2185,dummy-llama-70b-m,dummy-lora-llama-70b-m-rank-16-0,552,11,218.95884215411937
2186,dummy-llama-70b-m,dummy-lora-llama-70b-m-rank-16-2,588,18,218.9767373279277
2187,dummy-llama-70b-m,dummy-lora-llama-70b-m-rank-8-1,172,20,219.02916692941858
2188,dummy-llama-70b-m,dummy-lora-llama-70b-m-rank-32-4,653,53,219.13831667269994
2189,dummy-llama-70b-m,dummy-lora-llama-70b-m-rank-8-4,998,28,219.40801812792984
2190,dummy-llama-70b-m,dummy-lora-llama-70b-m-rank-64-0,167,36,219.67303821557158
2191,dummy-llama-70b-m,dummy-lora-llama-70b-m-rank-64-3,424,39,219.67718471333995
2192,dummy-llama-70b-m,dummy-lora-llama-70b-m-rank-16-3,631,30,220.0649828594714
2193,dummy-llama-70b-m,dummy-lora-llama-70b-m-rank-64-2,149,42,220.12203738406757
2194,dummy-llama-70b-m,dummy-lora-llama-70b-m-rank-128-3,189,46,220.29833769918662
2195,dummy-llama-70b-m,dummy-lora-llama-70b-m-rank-128-2,1001,84,220.43349193927696
2196,dummy-llama-70b-m,dummy-lora-llama-70b-m-rank-32-1,145,69,220.5480377962592
2197,dummy-llama-70b-m,dummy-lora-llama-70b-m-rank-128-4,236,57,220.55965560389959
2198,dummy-llama-70b-m,dummy-lora-llama-70b-m-rank-64-2,366,48,220.58600561485284
2199,dummy-llama-70b-m,dummy-lora-llama-70b-m-rank-16-4,667,55,220.66088947466815
2200,dummy-llama-70b-m,dummy-lora-llama-70b-m-rank-128-0,562,16,220.8463039661267
2201,dummy-llama-70b-m,dummy-lora-llama-70b-m-rank-16-1,926,12,220.88068833992423
2202,dummy-llama-70b-m,dummy-lora-llama-70b-m-rank-64-2,584,44,220.96295053424345
2203,dummy-llama-70b-m,dummy-lora-llama-70b-m-rank-32-1,797,34,221.0082969758376
2204,dummy-llama-70b-m,dummy-lora-llama-70b-m-rank-8-1,550,19,221.06708932444445
2205,dummy-llama-70b-m,dummy-lora-llama-70b-m-rank-8-0,556,21,221.0884274809455
2206,dummy-llama-70b-m,dummy-lora-llama-70b-m-rank-128-4,760,58,221.21558587555805
2207,dummy-llama-70b-m,dummy-lora-llama-70b-m-rank-128-3,607,21,221.23439860720052
2208,dummy-llama-70b-m,dummy-lora-llama-70b-m-rank-8-3,284,45,221.2931445046497
2209,dummy-llama-70b-m,dummy-lora-llama-70b-m-rank-8-1,689,102,221.56409564087548
2210,dummy-llama-70b-m,dummy-lora-llama-70b-m-rank-32-1,558,19,221.8996470607469
2211,dummy-llama-70b-m,dummy-lora-llama-70b-m-rank-8-1,887,124,221.98777698512708
2212,dummy-llama-70b-m,dummy-lora-llama-70b-m-rank-128-4,355,4,222.00869870365403
2213,dummy-llama-70b-m,dummy-lora-llama-70b-m-rank-32-4,196,50,222.05311719792653
2214,dummy-llama-70b-m,dummy-lora-llama-70b-m-rank-128-1,838,28,222.15256659645866
2215,dummy-llama-70b-m,dummy-lora-llama-70b-m-rank-64-1,482,52,222.33433925812662
2216,dummy-llama-70b-m,dummy-lora-llama-70b-m-rank-16-0,482,95,222.55611805991128
2217,dummy-llama-70b-m,dummy-lora-llama-70b-m-rank-64-2,604,45,222.60685844810786
2218,dummy-llama-70b-m,dummy-lora-llama-70b-m-rank-16-2,596,2,222.64812024533288
2219,dummy-llama-70b-m,dummy-lora-llama-70b-m-rank-16-0,56,96,222.67708941873425
2220,dummy-llama-70b-m,dummy-lora-llama-70b-m-rank-32-0,569,10,222.73488252099733
2221,dummy-llama-70b-m,dummy-lora-llama-70b-m-rank-16-4,564,25,222.74130549354538
2222,dummy-llama-70b-m,dummy-lora-llama-70b-m-rank-16-3,566,23,223.03654002607985
2223,dummy-llama-70b-m,dummy-lora-llama-70b-m-rank-16-0,744,9,223.0973707100614
2224,dummy-llama-70b-m,dummy-lora-llama-70b-m-rank-8-0,564,25,223.26354590260286
2225,dummy-llama-70b-m,dummy-lora-llama-70b-m-rank-128-3,552,16,223.3214446185714
2226,dummy-llama-70b-m,dummy-lora-llama-70b-m-rank-128-2,596,44,223.38047189244756
2227,dummy-llama-70b-m,dummy-lora-llama-70b-m-rank-128-0,586,39,223.41552424634787
2228,dummy-llama-70b-m,dummy-lora-llama-70b-m-rank-64-3,554,19,223.5348488231843
2229,dummy-llama-70b-m,dummy-lora-llama-70b-m-rank-8-3,552,21,223.66547623315108
2230,dummy-llama-70b-m,dummy-lora-llama-70b-m-rank-16-2,712,14,223.9242562411708
2231,dummy-llama-70b-m,dummy-lora-llama-70b-m-rank-8-1,446,15,224.41179364416115
2232,dummy-llama-70b-m,dummy-lora-llama-70b-m-rank-8-4,879,12,224.46307068198158
2233,dummy-llama-70b-m,dummy-lora-llama-70b-m-rank-16-4,578,31,224.56382906743352
2234,dummy-llama-70b-m,dummy-lora-llama-70b-m-rank-64-4,430,176,224.6315002243148
2235,dummy-llama-70b-m,dummy-lora-llama-70b-m-rank-64-1,122,35,224.84506726992961
2236,dummy-llama-70b-m,dummy-lora-llama-70b-m-rank-64-3,586,38,225.03754537972895
2237,dummy-llama-70b-m,dummy-lora-llama-70b-m-rank-16-0,370,50,225.11909861826618
2238,dummy-llama-70b-m,dummy-lora-llama-70b-m-rank-128-0,853,13,225.1778374195547
2239,dummy-llama-70b-m,dummy-lora-llama-70b-m-rank-32-2,375,44,225.2305383158265
2240,dummy-llama-70b-m,dummy-lora-llama-70b-m-rank-32-2,214,29,225.28013426890152
2241,dummy-llama-70b-m,dummy-lora-llama-70b-m-rank-64-0,722,49,225.44439727716107
2242,dummy-llama-70b-m,dummy-lora-llama-70b-m-rank-128-3,552,19,225.74535799258547
2243,dummy-llama-70b-m,dummy-lora-llama-70b-m-rank-32-0,617,28,225.93918715926347
2244,dummy-llama-70b-m,dummy-lora-llama-70b-m-rank-64-3,466,6,225.9408689453464
2245,dummy-llama-70b-m,dummy-lora-llama-70b-m-rank-8-3,582,28,225.96321565480523
2246,dummy-llama-70b-m,dummy-lora-llama-70b-m-rank-32-4,785,29,226.02558476682378
2247,dummy-llama-70b-m,dummy-lora-llama-70b-m-rank-16-3,52,47,226.10865151750352
2248,dummy-llama-70b-m,dummy-lora-llama-70b-m-rank-128-0,977,3,226.1709727931275
2249,dummy-llama-70b-m,dummy-lora-llama-70b-m-rank-32-4,552,19,226.18301503381673
2250,dummy-llama-70b-m,dummy-lora-llama-70b-m-rank-64-4,574,32,226.2752267985605
2251,dummy-llama-70b-m,dummy-lora-llama-70b-m-rank-8-4,635,3,226.3083905703758
2252,dummy-llama-70b-m,dummy-lora-llama-70b-m-rank-8-3,556,21,226.31359217477845
2253,dummy-llama-70b-m,dummy-lora-llama-70b-m-rank-128-3,629,8,226.32633301310398
2254,dummy-llama-70b-m,dummy-lora-llama-70b-m-rank-64-0,560,72,226.3423070130978
2255,dummy-llama-70b-m,dummy-lora-llama-70b-m-rank-16-1,509,168,226.53768083999176
2256,dummy-llama-70b-m,dummy-lora-llama-70b-m-rank-64-4,367,61,226.56961187562072
2257,dummy-llama-70b-m,dummy-lora-llama-70b-m-rank-8-2,897,67,226.63427755504594
2258,dummy-llama-70b-m,dummy-lora-llama-70b-m-rank-128-3,597,46,226.68899295399822
2259,dummy-llama-70b-m,dummy-lora-llama-70b-m-rank-128-2,723,55,226.9419439305856
2260,dummy-llama-70b-m,dummy-lora-llama-70b-m-rank-8-4,536,37,226.98589790048896
2261,dummy-llama-70b-m,dummy-lora-llama-70b-m-rank-64-3,114,52,227.00297995823024
2262,dummy-llama-70b-m,dummy-lora-llama-70b-m-rank-16-2,345,64,227.2044930132148
2263,dummy-llama-70b-m,dummy-lora-llama-70b-m-rank-16-2,546,16,227.22956895982205
2264,dummy-llama-70b-m,dummy-lora-llama-70b-m-rank-32-2,566,18,227.31318878699568
2265,dummy-llama-70b-m,dummy-lora-llama-70b-m-rank-64-4,65,97,227.34506555793422
2266,dummy-llama-70b-m,dummy-lora-llama-70b-m-rank-8-0,593,113,227.3681638178399
2267,dummy-llama-70b-m,dummy-lora-llama-70b-m-rank-128-1,469,6,227.43961544665666
2268,dummy-llama-70b-m,dummy-lora-llama-70b-m-rank-8-0,452,6,227.44453152265015
2269,dummy-llama-70b-m,dummy-lora-llama-70b-m-rank-32-4,605,20,227.46060881612192
2270,dummy-llama-70b-m,dummy-lora-llama-70b-m-rank-128-1,374,53,227.48619274676108
2271,dummy-llama-70b-m,dummy-lora-llama-70b-m-rank-64-0,546,16,227.6475484039372
2272,dummy-llama-70b-m,dummy-lora-llama-70b-m-rank-64-0,590,21,227.6525546505248
2273,dummy-llama-70b-m,dummy-lora-llama-70b-m-rank-64-3,422,91,227.7819189705017
2274,dummy-llama-70b-m,dummy-lora-llama-70b-m-rank-8-2,566,27,228.10156648899454
2275,dummy-llama-70b-m,dummy-lora-llama-70b-m-rank-8-3,543,7,228.10552754596415
2276,dummy-llama-70b-m,dummy-lora-llama-70b-m-rank-32-0,560,8,228.18781502287348
2277,dummy-llama-70b-m,dummy-lora-llama-70b-m-rank-32-4,550,17,228.22319313291106
2278,dummy-llama-70b-m,dummy-lora-llama-70b-m-rank-8-1,166,46,228.28596294747976
2279,dummy-llama-70b-m,dummy-lora-llama-70b-m-rank-64-2,548,20,228.36063973793077
2280,dummy-llama-70b-m,dummy-lora-llama-70b-m-rank-128-3,272,39,228.42306210067977
2281,dummy-llama-70b-m,dummy-lora-llama-70b-m-rank-64-0,620,11,228.4493165346469
2282,dummy-llama-70b-m,dummy-lora-llama-70b-m-rank-128-1,403,170,228.61972851340198
2283,dummy-llama-70b-m,dummy-lora-llama-70b-m-rank-64-0,283,131,228.6805384116271
2284,dummy-llama-70b-m,dummy-lora-llama-70b-m-rank-8-0,595,15,228.85347162782742
2285,dummy-llama-70b-m,dummy-lora-llama-70b-m-rank-16-4,189,43,228.8837463606789
2286,dummy-llama-70b-m,dummy-lora-llama-70b-m-rank-8-2,393,8,228.93211542539788
2287,dummy-llama-70b-m,dummy-lora-llama-70b-m-rank-8-0,576,33,229.20666408237716
2288,dummy-llama-70b-m,dummy-lora-llama-70b-m-rank-64-0,542,11,229.27822393820745
2289,dummy-llama-70b-m,dummy-lora-llama-70b-m-rank-16-4,867,8,229.32245896274557
2290,dummy-llama-70b-m,dummy-lora-llama-70b-m-rank-64-4,322,48,229.34012756495025
2291,dummy-llama-70b-m,dummy-lora-llama-70b-m-rank-8-3,552,11,229.36324517328222
2292,dummy-llama-70b-m,dummy-lora-llama-70b-m-rank-128-4,147,44,229.5778477153542
2293,dummy-llama-70b-m,dummy-lora-llama-70b-m-rank-64-3,271,138,229.7088930129676
2294,dummy-llama-70b-m,dummy-lora-llama-70b-m-rank-32-2,556,21,229.71452773793322
2295,dummy-llama-70b-m,dummy-lora-llama-70b-m-rank-32-2,234,4,229.72386484227056
2296,dummy-llama-70b-m,dummy-lora-llama-70b-m-rank-32-0,564,2,229.73565746399203
2297,dummy-llama-70b-m,dummy-lora-llama-70b-m-rank-16-3,239,113,229.7972710243412
2298,dummy-llama-70b-m,dummy-lora-llama-70b-m-rank-16-2,1011,120,229.80165563181458
2299,dummy-llama-70b-m,dummy-lora-llama-70b-m-rank-64-4,396,53,229.89462600754206
2300,dummy-llama-70b-m,dummy-lora-llama-70b-m-rank-128-3,548,17,230.02486532209883
2301,dummy-llama-70b-m,dummy-lora-llama-70b-m-rank-16-1,572,211,230.21140686602
2302,dummy-llama-70b-m,dummy-lora-llama-70b-m-rank-32-0,751,96,230.3163803890218
2303,dummy-llama-70b-m,dummy-lora-llama-70b-m-rank-64-2,506,58,230.43221792733667
2304,dummy-llama-70b-m,dummy-lora-llama-70b-m-rank-8-1,560,23,230.62308376468934
2305,dummy-llama-70b-m,dummy-lora-llama-70b-m-rank-16-2,662,46,230.66867499581736
2306,dummy-llama-70b-m,dummy-lora-llama-70b-m-rank-8-0,168,115,230.7158364672077
2307,dummy-llama-70b-m,dummy-lora-llama-70b-m-rank-128-0,566,2,230.84153906139218
2308,dummy-llama-70b-m,dummy-lora-llama-70b-m-rank-16-4,341,42,230.94212365927433
2309,dummy-llama-70b-m,dummy-lora-llama-70b-m-rank-16-0,771,196,230.98973346359512
2310,dummy-llama-70b-m,dummy-lora-llama-70b-m-rank-8-2,117,52,231.09196807196565
2311,dummy-llama-70b-m,dummy-lora-llama-70b-m-rank-32-3,600,46,231.23142960263633
2312,dummy-llama-70b-m,dummy-lora-llama-70b-m-rank-128-0,617,22,231.4695340295426
2313,dummy-llama-70b-m,dummy-lora-llama-70b-m-rank-32-2,570,27,231.59770827489552
2314,dummy-llama-70b-m,dummy-lora-llama-70b-m-rank-32-1,908,20,231.69274907210726
2315,dummy-llama-70b-m,dummy-lora-llama-70b-m-rank-32-0,317,152,231.74164551455428
2316,dummy-llama-70b-m,dummy-lora-llama-70b-m-rank-64-2,564,25,231.81252917933728
2317,dummy-llama-70b-m,dummy-lora-llama-70b-m-rank-8-4,548,20,231.8694135281032
2318,dummy-llama-70b-m,dummy-lora-llama-70b-m-rank-32-1,922,15,231.902430101658
2319,dummy-llama-70b-m,dummy-lora-llama-70b-m-rank-64-2,552,19,232.2069502261211
2320,dummy-llama-70b-m,dummy-lora-llama-70b-m-rank-64-3,568,28,232.23263509057142
2321,dummy-llama-70b-m,dummy-lora-llama-70b-m-rank-8-1,574,32,232.39019821288053
2322,dummy-llama-70b-m,dummy-lora-llama-70b-m-rank-8-2,553,97,232.4232666358663
2323,dummy-llama-70b-m,dummy-lora-llama-70b-m-rank-128-4,419,175,232.64873865456926
2324,dummy-llama-70b-m,dummy-lora-llama-70b-m-rank-128-1,99,33,232.67636164387503
2325,dummy-llama-70b-m,dummy-lora-llama-70b-m-rank-8-3,115,48,232.81178023348593
2326,dummy-llama-70b-m,dummy-lora-llama-70b-m-rank-8-4,558,24,232.85354510056078
2327,dummy-llama-70b-m,dummy-lora-llama-70b-m-rank-8-4,606,13,232.89835832243213
2328,dummy-llama-70b-m,dummy-lora-llama-70b-m-rank-32-2,470,64,232.9079920892736
2329,dummy-llama-70b-m,dummy-lora-llama-70b-m-rank-32-2,554,21,233.0659679279103
2330,dummy-llama-70b-m,dummy-lora-llama-70b-m-rank-8-0,633,8,233.12508490529163
2331,dummy-llama-70b-m,dummy-lora-llama-70b-m-rank-128-0,493,178,233.19932650240676
2332,dummy-llama-70b-m,dummy-lora-llama-70b-m-rank-64-3,538,49,233.37921972152816
2333,dummy-llama-70b-m,dummy-lora-llama-70b-m-rank-16-4,508,60,233.42753217650773
2334,dummy-llama-70b-m,dummy-lora-llama-70b-m-rank-64-1,394,13,233.4774870716808
2335,dummy-llama-70b-m,dummy-lora-llama-70b-m-rank-64-0,548,93,233.49390074878937
2336,dummy-llama-70b-m,dummy-lora-llama-70b-m-rank-64-0,176,65,233.60880909718628
2337,dummy-llama-70b-m,dummy-lora-llama-70b-m-rank-64-3,513,80,233.8652277759382
2338,dummy-llama-70b-m,dummy-lora-llama-70b-m-rank-128-3,124,19,233.89386481158218
2339,dummy-llama-70b-m,dummy-lora-llama-70b-m-rank-32-0,558,10,234.11683215458837
2340,dummy-llama-70b-m,dummy-lora-llama-70b-m-rank-64-0,450,53,234.12423382024681
2341,dummy-llama-70b-m,dummy-lora-llama-70b-m-rank-128-0,115,41,234.18687556422017
2342,dummy-llama-70b-m,dummy-lora-llama-70b-m-rank-8-3,313,77,234.19688250972456
2343,dummy-llama-70b-m,dummy-lora-llama-70b-m-rank-128-3,554,22,234.28782361778357
2344,dummy-llama-70b-m,dummy-lora-llama-70b-m-rank-32-4,556,23,234.36740022118687
2345,dummy-llama-70b-m,dummy-lora-llama-70b-m-rank-16-1,396,49,234.3762498548483
2346,dummy-llama-70b-m,dummy-lora-llama-70b-m-rank-64-3,605,33,234.49443417882068
2347,dummy-llama-70b-m,dummy-lora-llama-70b-m-rank-64-2,161,147,234.56022819608495
2348,dummy-llama-70b-m,dummy-lora-llama-70b-m-rank-128-1,337,44,234.57265535041228
2349,dummy-llama-70b-m,dummy-lora-llama-70b-m-rank-128-0,558,24,234.67903309761195
2350,dummy-llama-70b-m,dummy-lora-llama-70b-m-rank-32-1,489,39,234.88498726125877
2351,dummy-llama-70b-m,dummy-lora-llama-70b-m-rank-8-2,338,72,235.25927940408388
2352,dummy-llama-70b-m,dummy-lora-llama-70b-m-rank-16-4,556,32,235.2893822863174
2353,dummy-llama-70b-m,dummy-lora-llama-70b-m-rank-64-3,296,15,235.30917732939398
2354,dummy-llama-70b-m,dummy-lora-llama-70b-m-rank-32-1,799,48,235.37013147197226
2355,dummy-llama-70b-m,dummy-lora-llama-70b-m-rank-16-1,560,155,235.39231732266072
2356,dummy-llama-70b-m,dummy-lora-llama-70b-m-rank-64-1,794,40,235.3975412939467
2357,dummy-llama-70b-m,dummy-lora-llama-70b-m-rank-16-4,470,55,235.45820271930913
2358,dummy-llama-70b-m,dummy-lora-llama-70b-m-rank-128-2,489,8,235.6014689269886
2359,dummy-llama-70b-m,dummy-lora-llama-70b-m-rank-64-3,473,8,235.71157911442683
2360,dummy-llama-70b-m,dummy-lora-llama-70b-m-rank-16-0,247,144,235.77941739624336
2361,dummy-llama-70b-m,dummy-lora-llama-70b-m-rank-32-4,294,7,235.82974160119454
2362,dummy-llama-70b-m,dummy-lora-llama-70b-m-rank-64-4,660,25,236.03357527115276
2363,dummy-llama-70b-m,dummy-lora-llama-70b-m-rank-32-1,556,23,236.0533776580085
2364,dummy-llama-70b-m,dummy-lora-llama-70b-m-rank-16-3,891,80,236.2388068991645
2365,dummy-llama-70b-m,dummy-lora-llama-70b-m-rank-32-4,217,61,236.43989847854021
2366,dummy-llama-70b-m,dummy-lora-llama-70b-m-rank-32-2,705,45,236.7266057683966
2367,dummy-llama-70b-m,dummy-lora-llama-70b-m-rank-128-2,290,54,236.7600441524675
2368,dummy-llama-70b-m,dummy-lora-llama-70b-m-rank-8-3,148,53,236.85172299905682
2369,dummy-llama-70b-m,dummy-lora-llama-70b-m-rank-16-1,554,22,237.10910021051325
2370,dummy-llama-70b-m,dummy-lora-llama-70b-m-rank-128-2,560,25,237.205094420669
2371,dummy-llama-70b-m,dummy-lora-llama-70b-m-rank-128-2,213,117,237.4229791181969
2372,dummy-llama-70b-m,dummy-lora-llama-70b-m-rank-64-1,518,33,237.4275432330617
2373,dummy-llama-70b-m,dummy-lora-llama-70b-m-rank-16-0,343,55,237.46381037262614
2374,dummy-llama-70b-m,dummy-lora-llama-70b-m-rank-64-2,556,13,237.49988531260223
2375,dummy-llama-70b-m,dummy-lora-llama-70b-m-rank-8-0,1014,36,237.66043349669204
2376,dummy-llama-70b-m,dummy-lora-llama-70b-m-rank-32-2,633,126,237.89721462115324
2377,dummy-llama-70b-m,dummy-lora-llama-70b-m-rank-64-2,676,64,238.2712938624322
2378,dummy-llama-70b-m,dummy-lora-llama-70b-m-rank-128-4,556,17,238.2950220740328
2379,dummy-llama-70b-m,dummy-lora-llama-70b-m-rank-8-2,609,101,238.3101254357339
2380,dummy-llama-70b-m,dummy-lora-llama-70b-m-rank-64-3,803,88,238.48819549550373
2381,dummy-llama-70b-m,dummy-lora-llama-70b-m-rank-16-2,104,54,238.59913928246377
2382,dummy-llama-70b-m,dummy-lora-llama-70b-m-rank-16-2,976,62,238.65318915493853
2383,dummy-llama-70b-m,dummy-lora-llama-70b-m-rank-32-4,647,39,238.72304239239617
2384,dummy-llama-70b-m,dummy-lora-llama-70b-m-rank-8-2,609,89,238.8180458921939
2385,dummy-llama-70b-m,dummy-lora-llama-70b-m-rank-64-0,445,6,238.86067112043105
2386,dummy-llama-70b-m,dummy-lora-llama-70b-m-rank-16-2,619,10,239.04224024828994
2387,dummy-llama-70b-m,dummy-lora-llama-70b-m-rank-32-4,436,48,239.08899814863616
2388,dummy-llama-70b-m,dummy-lora-llama-70b-m-rank-128-1,607,23,239.19583872434512
2389,dummy-llama-70b-m,dummy-lora-llama-70b-m-rank-8-2,572,30,239.31825982195537
2390,dummy-llama-70b-m,dummy-lora-llama-70b-m-rank-128-3,112,53,239.38458662641636
2391,dummy-llama-70b-m,dummy-lora-llama-70b-m-rank-8-1,241,60,239.51611995711212
2392,dummy-llama-70b-m,dummy-lora-llama-70b-m-rank-16-3,550,10,239.6662065764488
2393,dummy-llama-70b-m,dummy-lora-llama-70b-m-rank-8-1,361,6,239.8357920070443
2394,dummy-llama-70b-m,dummy-lora-llama-70b-m-rank-16-1,868,232,239.84203333874447
2395,dummy-llama-70b-m,dummy-lora-llama-70b-m-rank-8-2,485,40,239.91851912692468
2396,dummy-llama-70b-m,dummy-lora-llama-70b-m-rank-128-1,529,5,240.27414762525203
2397,dummy-llama-70b-m,dummy-lora-llama-70b-m-rank-32-2,154,42,240.2898288126156
2398,dummy-llama-70b-m,dummy-lora-llama-70b-m-rank-16-0,627,8,240.34940203428673
2399,dummy-llama-70b-m,dummy-lora-llama-70b-m-rank-32-4,526,7,240.50205983931582
2400,dummy-llama-70b-m,dummy-lora-llama-70b-m-rank-64-3,554,20,240.5742197781075
2401,dummy-llama-70b-m,dummy-lora-llama-70b-m-rank-128-4,322,19,240.68903539571593
2402,dummy-llama-70b-m,dummy-lora-llama-70b-m-rank-8-4,572,29,241.23639014092166
2403,dummy-llama-70b-m,dummy-lora-llama-70b-m-rank-8-2,432,102,241.3458719299974
2404,dummy-llama-70b-m,dummy-lora-llama-70b-m-rank-64-1,787,196,241.40519047118087
2405,dummy-llama-70b-m,dummy-lora-llama-70b-m-rank-8-1,613,24,241.84974575325876
2406,dummy-llama-70b-m,dummy-lora-llama-70b-m-rank-8-2,524,52,241.93291937820968
2407,dummy-llama-70b-m,dummy-lora-llama-70b-m-rank-32-4,213,29,242.31515374294918
2408,dummy-llama-70b-m,dummy-lora-llama-70b-m-rank-64-0,417,39,242.48644043633635
2409,dummy-llama-70b-m,dummy-lora-llama-70b-m-rank-64-1,689,8,242.71611463699273
2410,dummy-llama-70b-m,dummy-lora-llama-70b-m-rank-128-3,296,54,242.74929121049996
2411,dummy-llama-70b-m,dummy-lora-llama-70b-m-rank-32-4,731,51,242.79014116366503
2412,dummy-llama-70b-m,dummy-lora-llama-70b-m-rank-8-0,368,119,242.93624849210417
2413,dummy-llama-70b-m,dummy-lora-llama-70b-m-rank-16-4,458,41,243.50673005390885
2414,dummy-llama-70b-m,dummy-lora-llama-70b-m-rank-32-4,691,64,243.55606026791688
2415,dummy-llama-70b-m,dummy-lora-llama-70b-m-rank-16-1,129,42,243.6245182127672
2416,dummy-llama-70b-m,dummy-lora-llama-70b-m-rank-128-3,271,49,243.6859618993242
2417,dummy-llama-70b-m,dummy-lora-llama-70b-m-rank-32-1,795,7,243.69188802541328
2418,dummy-llama-70b-m,dummy-lora-llama-70b-m-rank-64-2,55,53,244.00864446540365
2419,dummy-llama-70b-m,dummy-lora-llama-70b-m-rank-32-3,603,16,244.07024336681428
2420,dummy-llama-70b-m,dummy-lora-llama-70b-m-rank-8-2,130,39,244.0839341045811
2421,dummy-llama-70b-m,dummy-lora-llama-70b-m-rank-16-0,382,76,244.09926781996816
2422,dummy-llama-70b-m,dummy-lora-llama-70b-m-rank-16-4,420,213,244.15061758896243
2423,dummy-llama-70b-m,dummy-lora-llama-70b-m-rank-64-1,373,47,244.1682005172675
2424,dummy-llama-70b-m,dummy-lora-llama-70b-m-rank-64-1,253,56,244.22451208848076
2425,dummy-llama-70b-m,dummy-lora-llama-70b-m-rank-128-0,580,31,244.230247202769
2426,dummy-llama-70b-m,dummy-lora-llama-70b-m-rank-128-4,478,52,244.27028532568954
2427,dummy-llama-70b-m,dummy-lora-llama-70b-m-rank-8-1,123,55,244.40532315015093
2428,dummy-llama-70b-m,dummy-lora-llama-70b-m-rank-16-0,234,65,244.47981027505512
2429,dummy-llama-70b-m,dummy-lora-llama-70b-m-rank-128-1,586,19,244.64973533098282
2430,dummy-llama-70b-m,dummy-lora-llama-70b-m-rank-64-3,93,63,244.7732911698115
2431,dummy-llama-70b-m,dummy-lora-llama-70b-m-rank-32-1,696,253,245.00076137498428
2432,dummy-llama-70b-m,dummy-lora-llama-70b-m-rank-128-4,231,116,245.01273237574404
2433,dummy-llama-70b-m,dummy-lora-llama-70b-m-rank-8-4,337,121,245.14355881820768
2434,dummy-llama-70b-m,dummy-lora-llama-70b-m-rank-8-3,283,152,245.16337133255715
2435,dummy-llama-70b-m,dummy-lora-llama-70b-m-rank-32-3,552,19,245.35738245267018
2436,dummy-llama-70b-m,dummy-lora-llama-70b-m-rank-16-1,582,37,245.73091068762318
2437,dummy-llama-70b-m,dummy-lora-llama-70b-m-rank-32-4,301,50,245.78051772835923
2438,dummy-llama-70b-m,dummy-lora-llama-70b-m-rank-32-2,181,111,245.90461768282566
2439,dummy-llama-70b-m,dummy-lora-llama-70b-m-rank-16-1,554,21,245.95600713576982
2440,dummy-llama-70b-m,dummy-lora-llama-70b-m-rank-16-3,526,42,245.95820374844322
2441,dummy-llama-70b-m,dummy-lora-llama-70b-m-rank-64-4,552,17,245.98956416394674
2442,dummy-llama-70b-m,dummy-lora-llama-70b-m-rank-32-2,746,76,246.0346161456775
2443,dummy-llama-70b-m,dummy-lora-llama-70b-m-rank-64-2,489,58,246.1686564732641
2444,dummy-llama-70b-m,dummy-lora-llama-70b-m-rank-16-0,615,45,246.173118232419
2445,dummy-llama-70b-m,dummy-lora-llama-70b-m-rank-8-0,671,56,246.39393048376087
2446,dummy-llama-70b-m,dummy-lora-llama-70b-m-rank-32-2,556,23,246.39556601916775
2447,dummy-llama-70b-m,dummy-lora-llama-70b-m-rank-8-0,177,47,246.60667936657038
2448,dummy-llama-70b-m,dummy-lora-llama-70b-m-rank-16-1,644,81,247.04492176785075
2449,dummy-llama-70b-m,dummy-lora-llama-70b-m-rank-16-3,570,31,247.18054125051964
2450,dummy-llama-70b-m,dummy-lora-llama-70b-m-rank-64-0,157,48,247.27471685640873
2451,dummy-llama-70b-m,dummy-lora-llama-70b-m-rank-64-1,464,51,247.38156668055097
2452,dummy-llama-70b-m,dummy-lora-llama-70b-m-rank-64-4,552,20,247.4428619256728
2453,dummy-llama-70b-m,dummy-lora-llama-70b-m-rank-128-4,55,94,247.51862396874458
2454,dummy-llama-70b-m,dummy-lora-llama-70b-m-rank-32-0,341,12,247.55326227151042
2455,dummy-llama-70b-m,dummy-lora-llama-70b-m-rank-32-4,178,45,247.6706840187147
2456,dummy-llama-70b-m,dummy-lora-llama-70b-m-rank-64-3,605,20,247.80659184750937
2457,dummy-llama-70b-m,dummy-lora-llama-70b-m-rank-8-4,492,6,247.99873163724354
2458,dummy-llama-70b-m,dummy-lora-llama-70b-m-rank-64-2,495,54,248.207425556623
2459,dummy-llama-70b-m,dummy-lora-llama-70b-m-rank-128-2,708,18,248.21865203519627
2460,dummy-llama-70b-m,dummy-lora-llama-70b-m-rank-128-2,554,21,248.28640850095238
2461,dummy-llama-70b-m,dummy-lora-llama-70b-m-rank-64-0,572,30,248.3951035422377
2462,dummy-llama-70b-m,dummy-lora-llama-70b-m-rank-32-1,855,20,248.4701597196275
2463,dummy-llama-70b-m,dummy-lora-llama-70b-m-rank-8-0,197,3,248.67863169321765
2464,dummy-llama-70b-m,dummy-lora-llama-70b-m-rank-8-2,322,47,248.70017337570593
2465,dummy-llama-70b-m,dummy-lora-llama-70b-m-rank-64-2,610,3,248.73465544891454
2466,dummy-llama-70b-m,dummy-lora-llama-70b-m-rank-8-3,615,41,248.8314192385054
2467,dummy-llama-70b-m,dummy-lora-llama-70b-m-rank-64-0,568,26,248.99896085328547
2468,dummy-llama-70b-m,dummy-lora-llama-70b-m-rank-8-1,314,49,249.16648913911243
2469,dummy-llama-70b-m,dummy-lora-llama-70b-m-rank-8-0,450,51,249.25857141825108
2470,dummy-llama-70b-m,dummy-lora-llama-70b-m-rank-64-2,686,20,249.52255685198003
2471,dummy-llama-70b-m,dummy-lora-llama-70b-m-rank-128-1,895,89,249.60988133031046
2472,dummy-llama-70b-m,dummy-lora-llama-70b-m-rank-16-4,542,11,249.68950831370265
2473,dummy-llama-70b-m,dummy-lora-llama-70b-m-rank-16-4,64,53,249.78248299889185
2474,dummy-llama-70b-m,dummy-lora-llama-70b-m-rank-16-0,285,89,249.8416033813163
2475,dummy-llama-70b-m,dummy-lora-llama-70b-m-rank-16-0,475,19,249.91326264142592
2476,dummy-llama-70b-m,dummy-lora-llama-70b-m-rank-32-0,434,54,249.9135326880554
2477,dummy-llama-70b-m,dummy-lora-llama-70b-m-rank-64-4,324,46,249.9888989850977
2478,dummy-llama-70b-m,dummy-lora-llama-70b-m-rank-8-3,474,77,250.0832546400039
2479,dummy-llama-70b-m,dummy-lora-llama-70b-m-rank-8-1,404,93,250.18826979651357
2480,dummy-llama-70b-m,dummy-lora-llama-70b-m-rank-16-3,187,32,250.19535017652925
2481,dummy-llama-70b-m,dummy-lora-llama-70b-m-rank-128-1,467,11,250.24975318924854
2482,dummy-llama-70b-m,dummy-lora-llama-70b-m-rank-32-2,348,16,250.35491748812484
2483,dummy-llama-70b-m,dummy-lora-llama-70b-m-rank-8-1,560,24,250.40891095931775
2484,dummy-llama-70b-m,dummy-lora-llama-70b-m-rank-128-4,763,37,250.43365599675332
2485,dummy-llama-70b-m,dummy-lora-llama-70b-m-rank-16-1,271,64,250.71401469564015
2486,dummy-llama-70b-m,dummy-lora-llama-70b-m-rank-32-0,609,20,250.79837006655995
2487,dummy-llama-70b-m,dummy-lora-llama-70b-m-rank-128-2,333,114,250.8593258673884
2488,dummy-llama-70b-m,dummy-lora-llama-70b-m-rank-128-3,562,28,250.86799121671572
2489,dummy-llama-70b-m,dummy-lora-llama-70b-m-rank-32-4,582,36,251.08949360809365
2490,dummy-llama-70b-m,dummy-lora-llama-70b-m-rank-16-3,570,31,251.23873151282484
2491,dummy-llama-70b-m,dummy-lora-llama-70b-m-rank-128-1,531,104,251.29492111775733
2492,dummy-llama-70b-m,dummy-lora-llama-70b-m-rank-32-0,607,37,251.58512095767077
2493,dummy-llama-70b-m,dummy-lora-llama-70b-m-rank-64-3,372,60,251.75963186424457
2494,dummy-llama-70b-m,dummy-lora-llama-70b-m-rank-16-3,551,69,251.91658026441667
2495,dummy-llama-70b-m,dummy-lora-llama-70b-m-rank-16-1,562,24,252.0492022568827
2496,dummy-llama-70b-m,dummy-lora-llama-70b-m-rank-128-3,222,56,252.08557407863916
2497,dummy-llama-70b-m,dummy-lora-llama-70b-m-rank-8-4,216,41,252.45970566603768
2498,dummy-llama-70b-m,dummy-lora-llama-70b-m-rank-16-3,321,47,252.6933682033506
2499,dummy-llama-70b-m,dummy-lora-llama-70b-m-rank-16-0,637,8,252.78701502280379
2500,dummy-llama-70b-m,dummy-lora-llama-70b-m-rank-16-2,717,45,252.9430014942265
2501,dummy-llama-70b-m,dummy-lora-llama-70b-m-rank-64-3,461,46,252.97095274860823
2502,dummy-llama-70b-m,dummy-lora-llama-70b-m-rank-128-0,332,41,253.01462456034082
2503,dummy-llama-70b-m,dummy-lora-llama-70b-m-rank-8-1,57,68,253.02878281118313
2504,dummy-llama-70b-m,dummy-lora-llama-70b-m-rank-32-1,473,9,253.06868033461714
2505,dummy-llama-70b-m,dummy-lora-llama-70b-m-rank-16-3,245,47,253.17028580315272
2506,dummy-llama-70b-m,dummy-lora-llama-70b-m-rank-16-2,597,16,253.23900472952076
2507,dummy-llama-70b-m,dummy-lora-llama-70b-m-rank-128-3,786,16,253.34549650770782
2508,dummy-llama-70b-m,dummy-lora-llama-70b-m-rank-16-0,200,134,253.43490444358193
2509,dummy-llama-70b-m,dummy-lora-llama-70b-m-rank-16-1,452,62,253.49654744581167
2510,dummy-llama-70b-m,dummy-lora-llama-70b-m-rank-64-0,552,21,253.5138386227276
2511,dummy-llama-70b-m,dummy-lora-llama-70b-m-rank-64-4,385,51,253.6531185406314
2512,dummy-llama-70b-m,dummy-lora-llama-70b-m-rank-32-2,956,106,253.82222591155409
2513,dummy-llama-70b-m,dummy-lora-llama-70b-m-rank-8-0,554,7,253.86242394350688
2514,dummy-llama-70b-m,dummy-lora-llama-70b-m-rank-8-2,326,25,254.10143668850102
2515,dummy-llama-70b-m,dummy-lora-llama-70b-m-rank-16-3,470,8,254.12189834199347
2516,dummy-llama-70b-m,dummy-lora-llama-70b-m-rank-64-1,568,29,254.1486520502118
2517,dummy-llama-70b-m,dummy-lora-llama-70b-m-rank-32-3,499,48,254.2358549751524
2518,dummy-llama-70b-m,dummy-lora-llama-70b-m-rank-16-0,566,28,254.2509157688181
2519,dummy-llama-70b-m,dummy-lora-llama-70b-m-rank-64-2,591,19,254.64664232387315
2520,dummy-llama-70b-m,dummy-lora-llama-70b-m-rank-8-2,416,102,254.7262960729867
2521,dummy-llama-70b-m,dummy-lora-llama-70b-m-rank-64-2,795,10,254.74272140973935
2522,dummy-llama-70b-m,dummy-lora-llama-70b-m-rank-8-1,550,18,255.0592337244368
2523,dummy-llama-70b-m,dummy-lora-llama-70b-m-rank-16-4,746,34,255.12366993119787
2524,dummy-llama-70b-m,dummy-lora-llama-70b-m-rank-32-0,385,52,255.21678940111104
2525,dummy-llama-70b-m,dummy-lora-llama-70b-m-rank-128-0,568,30,255.23037706094564
2526,dummy-llama-70b-m,dummy-lora-llama-70b-m-rank-8-1,120,45,255.29993430214475
2527,dummy-llama-70b-m,dummy-lora-llama-70b-m-rank-32-3,168,55,255.31508717359577
2528,dummy-llama-70b-m,dummy-lora-llama-70b-m-rank-16-2,982,83,255.349329845771
2529,dummy-llama-70b-m,dummy-lora-llama-70b-m-rank-8-4,103,44,255.34945511504742
2530,dummy-llama-70b-m,dummy-lora-llama-70b-m-rank-128-1,553,16,255.88053209159776
2531,dummy-llama-70b-m,dummy-lora-llama-70b-m-rank-64-2,572,30,255.97318133785168
2532,dummy-llama-70b-m,dummy-lora-llama-70b-m-rank-8-2,613,18,256.0004047086963
2533,dummy-llama-70b-m,dummy-lora-llama-70b-m-rank-16-1,554,20,256.21229679792566
2534,dummy-llama-70b-m,dummy-lora-llama-70b-m-rank-16-2,373,25,256.2487379121689
2535,dummy-llama-70b-m,dummy-lora-llama-70b-m-rank-128-4,599,26,256.283254229932
2536,dummy-llama-70b-m,dummy-lora-llama-70b-m-rank-64-2,381,42,256.3008054396574
2537,dummy-llama-70b-m,dummy-lora-llama-70b-m-rank-32-2,328,69,256.33631865889333
2538,dummy-llama-70b-m,dummy-lora-llama-70b-m-rank-32-1,118,85,256.4369094608012
2539,dummy-llama-70b-m,dummy-lora-llama-70b-m-rank-8-3,570,31,256.6654712089577
2540,dummy-llama-70b-m,dummy-lora-llama-70b-m-rank-8-4,52,46,256.75583596397155
2541,dummy-llama-70b-m,dummy-lora-llama-70b-m-rank-8-1,452,15,256.813030259257
2542,dummy-llama-70b-m,dummy-lora-llama-70b-m-rank-32-3,332,39,256.8836256250821
2543,dummy-llama-70b-m,dummy-lora-llama-70b-m-rank-128-0,531,57,257.16878213135993
2544,dummy-llama-70b-m,dummy-lora-llama-70b-m-rank-16-1,644,16,257.26945273798674
2545,dummy-llama-70b-m,dummy-lora-llama-70b-m-rank-16-1,448,49,257.2864780514506
2546,dummy-llama-70b-m,dummy-lora-llama-70b-m-rank-16-4,721,10,257.3717550734084
2547,dummy-llama-70b-m,dummy-lora-llama-70b-m-rank-16-0,183,35,257.4465883197803
2548,dummy-llama-70b-m,dummy-lora-llama-70b-m-rank-8-0,319,44,257.52569595471255
2549,dummy-llama-70b-m,dummy-lora-llama-70b-m-rank-8-4,625,11,257.5877589311606
2550,dummy-llama-70b-m,dummy-lora-llama-70b-m-rank-64-3,293,49,257.7715483460051
2551,dummy-llama-70b-m,dummy-lora-llama-70b-m-rank-128-1,422,56,258.0016445513376
2552,dummy-llama-70b-m,dummy-lora-llama-70b-m-rank-16-0,558,25,258.2789909345674
2553,dummy-llama-70b-m,dummy-lora-llama-70b-m-rank-8-1,469,46,258.3227596034698
2554,dummy-llama-70b-m,dummy-lora-llama-70b-m-rank-64-0,575,27,258.3383135233234
2555,dummy-llama-70b-m,dummy-lora-llama-70b-m-rank-16-2,901,10,258.37943169272455
2556,dummy-llama-70b-m,dummy-lora-llama-70b-m-rank-64-2,335,38,258.4979617967774
2557,dummy-llama-70b-m,dummy-lora-llama-70b-m-rank-8-1,241,111,258.5181099070392
2558,dummy-llama-70b-m,dummy-lora-llama-70b-m-rank-8-0,424,61,258.60683993768276
2559,dummy-llama-70b-m,dummy-lora-llama-70b-m-rank-128-4,645,9,258.72072004852225
2560,dummy-llama-70b-m,dummy-lora-llama-70b-m-rank-32-1,260,92,258.7478097278849
2561,dummy-llama-70b-m,dummy-lora-llama-70b-m-rank-64-4,598,17,258.80999521088006
2562,dummy-llama-70b-m,dummy-lora-llama-70b-m-rank-16-2,586,19,258.9602712344153
2563,dummy-llama-70b-m,dummy-lora-llama-70b-m-rank-16-0,303,49,259.02697975557624
2564,dummy-llama-70b-m,dummy-lora-llama-70b-m-rank-64-2,562,22,259.0534240837023
2565,dummy-llama-70b-m,dummy-lora-llama-70b-m-rank-128-4,56,91,259.15525644461934
2566,dummy-llama-70b-m,dummy-lora-llama-70b-m-rank-128-4,552,11,259.37118518933954
2567,dummy-llama-70b-m,dummy-lora-llama-70b-m-rank-32-2,232,4,259.3934281395132
2568,dummy-llama-70b-m,dummy-lora-llama-70b-m-rank-64-0,111,35,259.4500360900548
2569,dummy-llama-70b-m,dummy-lora-llama-70b-m-rank-64-0,562,21,259.56249025762634
2570,dummy-llama-70b-m,dummy-lora-llama-70b-m-rank-32-1,475,58,259.5975528884968
2571,dummy-llama-70b-m,dummy-lora-llama-70b-m-rank-64-4,273,86,259.71039487651143
2572,dummy-llama-70b-m,dummy-lora-llama-70b-m-rank-64-3,156,106,259.8639494692898
2573,dummy-llama-70b-m,dummy-lora-llama-70b-m-rank-32-2,591,3,260.1480713155723
2574,dummy-llama-70b-m,dummy-lora-llama-70b-m-rank-16-1,552,11,260.1943996425595
2575,dummy-llama-70b-m,dummy-lora-llama-70b-m-rank-32-2,552,11,260.24642630377406
2576,dummy-llama-70b-m,dummy-lora-llama-70b-m-rank-64-3,694,18,260.6619829617585
2577,dummy-llama-70b-m,dummy-lora-llama-70b-m-rank-32-1,534,11,260.84434785190115
2578,dummy-llama-70b-m,dummy-lora-llama-70b-m-rank-16-1,193,9,260.8459070839949
2579,dummy-llama-70b-m,dummy-lora-llama-70b-m-rank-32-4,588,7,261.00677931934223
2580,dummy-llama-70b-m,dummy-lora-llama-70b-m-rank-16-4,551,11,261.1346904503536
2581,dummy-llama-70b-m,dummy-lora-llama-70b-m-rank-8-4,937,6,261.21740228183285
2582,dummy-llama-70b-m,dummy-lora-llama-70b-m-rank-16-1,101,62,261.27146386377296
2583,dummy-llama-70b-m,dummy-lora-llama-70b-m-rank-8-3,162,33,261.305444096947
2584,dummy-llama-70b-m,dummy-lora-llama-70b-m-rank-32-2,430,50,261.45618803211505
2585,dummy-llama-70b-m,dummy-lora-llama-70b-m-rank-64-3,282,82,261.5990958389424
2586,dummy-llama-70b-m,dummy-lora-llama-70b-m-rank-64-0,548,19,261.68665124952247
2587,dummy-llama-70b-m,dummy-lora-llama-70b-m-rank-64-1,78,40,261.8750259154433
2588,dummy-llama-70b-m,dummy-lora-llama-70b-m-rank-64-3,600,18,262.1770810556423
2589,dummy-llama-70b-m,dummy-lora-llama-70b-m-rank-8-1,971,66,262.19697961103697
2590,dummy-llama-70b-m,dummy-lora-llama-70b-m-rank-8-0,200,6,262.2418976878101
2591,dummy-llama-70b-m,dummy-lora-llama-70b-m-rank-8-0,628,51,262.27746889615037
2592,dummy-llama-70b-m,dummy-lora-llama-70b-m-rank-32-4,544,11,262.3164457016416
2593,dummy-llama-70b-m,dummy-lora-llama-70b-m-rank-16-0,550,18,262.3493029873538
2594,dummy-llama-70b-m,dummy-lora-llama-70b-m-rank-8-3,559,20,262.4532203346829
2595,dummy-llama-70b-m,dummy-lora-llama-70b-m-rank-16-1,256,51,262.5160923479951
2596,dummy-llama-70b-m,dummy-lora-llama-70b-m-rank-32-4,665,73,262.5607792113537
2597,dummy-llama-70b-m,dummy-lora-llama-70b-m-rank-8-2,764,157,262.5766188648654
2598,dummy-llama-70b-m,dummy-lora-llama-70b-m-rank-128-2,281,3,262.6505299072763
2599,dummy-llama-70b-m,dummy-lora-llama-70b-m-rank-64-4,207,129,262.6806087500996
2600,dummy-llama-70b-m,dummy-lora-llama-70b-m-rank-128-2,371,52,262.78737876386646
2601,dummy-llama-70b-m,dummy-lora-llama-70b-m-rank-16-3,899,12,262.90306947229794
2602,dummy-llama-70b-m,dummy-lora-llama-70b-m-rank-64-4,584,18,262.9111570812272
2603,dummy-llama-70b-m,dummy-lora-llama-70b-m-rank-128-4,332,80,263.19462985017316
2604,dummy-llama-70b-m,dummy-lora-llama-70b-m-rank-128-2,572,30,263.26669919002813
2605,dummy-llama-70b-m,dummy-lora-llama-70b-m-rank-8-4,356,44,263.41036052923465
2606,dummy-llama-70b-m,dummy-lora-llama-70b-m-rank-128-3,980,41,263.5567115212665
2607,dummy-llama-70b-m,dummy-lora-llama-70b-m-rank-64-1,325,10,263.678671024963
2608,dummy-llama-70b-m,dummy-lora-llama-70b-m-rank-64-0,560,4,263.686950799581
2609,dummy-llama-70b-m,dummy-lora-llama-70b-m-rank-16-4,152,50,263.7417877964236
2610,dummy-llama-70b-m,dummy-lora-llama-70b-m-rank-32-0,830,12,263.7636394272044
2611,dummy-llama-70b-m,dummy-lora-llama-70b-m-rank-32-0,346,15,263.82079520595653
2612,dummy-llama-70b-m,dummy-lora-llama-70b-m-rank-128-0,271,50,263.89254496985643
2613,dummy-llama-70b-m,dummy-lora-llama-70b-m-rank-8-1,558,11,263.9558536231747
2614,dummy-llama-70b-m,dummy-lora-llama-70b-m-rank-16-2,548,17,263.9784480948628
2615,dummy-llama-70b-m,dummy-lora-llama-70b-m-rank-128-4,389,49,264.00256190108183
2616,dummy-llama-70b-m,dummy-lora-llama-70b-m-rank-128-2,834,11,264.10772785898797
2617,dummy-llama-70b-m,dummy-lora-llama-70b-m-rank-128-1,573,20,264.16358530633164
2618,dummy-llama-70b-m,dummy-lora-llama-70b-m-rank-8-1,859,66,264.2644605342157
2619,dummy-llama-70b-m,dummy-lora-llama-70b-m-rank-16-0,420,45,264.34150681607036
2620,dummy-llama-70b-m,dummy-lora-llama-70b-m-rank-32-0,522,92,264.3536350591311
2621,dummy-llama-70b-m,dummy-lora-llama-70b-m-rank-128-2,550,18,264.5524622124283
2622,dummy-llama-70b-m,dummy-lora-llama-70b-m-rank-128-0,550,17,264.8722021072388
2623,dummy-llama-70b-m,dummy-lora-llama-70b-m-rank-16-0,185,65,264.9481615312456
2624,dummy-llama-70b-m,dummy-lora-llama-70b-m-rank-8-3,556,21,264.9729644665392
2625,dummy-llama-70b-m,dummy-lora-llama-70b-m-rank-64-1,308,68,265.3643768359645
2626,dummy-llama-70b-m,dummy-lora-llama-70b-m-rank-8-3,455,9,265.55510348817967
2627,dummy-llama-70b-m,dummy-lora-llama-70b-m-rank-16-0,707,30,265.8429644577301
2628,dummy-llama-70b-m,dummy-lora-llama-70b-m-rank-8-2,945,44,266.19099109392096
2629,dummy-llama-70b-m,dummy-lora-llama-70b-m-rank-16-2,369,6,266.56978969379986
2630,dummy-llama-70b-m,dummy-lora-llama-70b-m-rank-64-4,560,22,266.6180532857792
2631,dummy-llama-70b-m,dummy-lora-llama-70b-m-rank-8-3,405,11,266.79638901917207
2632,dummy-llama-70b-m,dummy-lora-llama-70b-m-rank-16-0,404,53,266.84954013365905
2633,dummy-llama-70b-m,dummy-lora-llama-70b-m-rank-128-1,592,25,266.88772958323716
2634,dummy-llama-70b-m,dummy-lora-llama-70b-m-rank-128-1,823,53,266.889847595141
2635,dummy-llama-70b-m,dummy-lora-llama-70b-m-rank-64-4,562,24,266.9439043434321
2636,dummy-llama-70b-m,dummy-lora-llama-70b-m-rank-16-0,1016,46,267.1309766773365
2637,dummy-llama-70b-m,dummy-lora-llama-70b-m-rank-64-1,844,42,267.2345401830511
2638,dummy-llama-70b-m,dummy-lora-llama-70b-m-rank-128-0,438,44,267.3658858369001
2639,dummy-llama-70b-m,dummy-lora-llama-70b-m-rank-8-3,889,12,267.45605331676705
2640,dummy-llama-70b-m,dummy-lora-llama-70b-m-rank-64-0,574,30,267.458764790344
2641,dummy-llama-70b-m,dummy-lora-llama-70b-m-rank-64-2,503,53,267.7489035799774
2642,dummy-llama-70b-m,dummy-lora-llama-70b-m-rank-128-2,347,56,267.86790570326934
2643,dummy-llama-70b-m,dummy-lora-llama-70b-m-rank-128-3,303,68,268.0695892437809
2644,dummy-llama-70b-m,dummy-lora-llama-70b-m-rank-16-0,57,38,268.0918337932108
2645,dummy-llama-70b-m,dummy-lora-llama-70b-m-rank-64-4,779,28,268.3637064507173
2646,dummy-llama-70b-m,dummy-lora-llama-70b-m-rank-64-3,392,131,268.41409061915215
2647,dummy-llama-70b-m,dummy-lora-llama-70b-m-rank-16-3,556,21,268.4627115447547
2648,dummy-llama-70b-m,dummy-lora-llama-70b-m-rank-32-3,612,11,268.51247583485707
2649,dummy-llama-70b-m,dummy-lora-llama-70b-m-rank-8-3,552,19,268.5636402954099
2650,dummy-llama-70b-m,dummy-lora-llama-70b-m-rank-64-0,219,55,268.5947012158089
2651,dummy-llama-70b-m,dummy-lora-llama-70b-m-rank-32-1,546,16,268.6826888137245
2652,dummy-llama-70b-m,dummy-lora-llama-70b-m-rank-16-4,347,158,268.7508960689043
2653,dummy-llama-70b-m,dummy-lora-llama-70b-m-rank-32-4,349,49,268.81503524350796
2654,dummy-llama-70b-m,dummy-lora-llama-70b-m-rank-32-4,680,19,268.95605790198096
2655,dummy-llama-70b-m,dummy-lora-llama-70b-m-rank-128-0,560,25,269.24778743606083
2656,dummy-llama-70b-m,dummy-lora-llama-70b-m-rank-16-0,937,40,269.5479451546758
2657,dummy-llama-70b-m,dummy-lora-llama-70b-m-rank-8-3,323,12,269.5695642841037
2658,dummy-llama-70b-m,dummy-lora-llama-70b-m-rank-64-1,271,52,269.595800215512
2659,dummy-llama-70b-m,dummy-lora-llama-70b-m-rank-128-4,556,23,269.79347071631395
2660,dummy-llama-70b-m,dummy-lora-llama-70b-m-rank-8-1,569,60,270.04030624849094
2661,dummy-llama-70b-m,dummy-lora-llama-70b-m-rank-16-1,310,4,270.2542926385614
2662,dummy-llama-70b-m,dummy-lora-llama-70b-m-rank-128-0,572,29,270.27232224938217
2663,dummy-llama-70b-m,dummy-lora-llama-70b-m-rank-32-3,560,23,270.2890736054863
2664,dummy-llama-70b-m,dummy-lora-llama-70b-m-rank-64-3,543,64,270.3817566427688
2665,dummy-llama-70b-m,dummy-lora-llama-70b-m-rank-32-0,248,102,270.48210035595474
2666,dummy-llama-70b-m,dummy-lora-llama-70b-m-rank-64-3,305,74,270.90030308339254
2667,dummy-llama-70b-m,dummy-lora-llama-70b-m-rank-16-4,669,18,270.9769454338415
2668,dummy-llama-70b-m,dummy-lora-llama-70b-m-rank-8-4,821,13,271.144163290512
2669,dummy-llama-70b-m,dummy-lora-llama-70b-m-rank-128-0,464,5,271.26217500890004
2670,dummy-llama-70b-m,dummy-lora-llama-70b-m-rank-64-2,225,197,271.33293854239594
2671,dummy-llama-70b-m,dummy-lora-llama-70b-m-rank-8-3,153,51,271.3367366260878
2672,dummy-llama-70b-m,dummy-lora-llama-70b-m-rank-16-1,599,17,271.387144966675
2673,dummy-llama-70b-m,dummy-lora-llama-70b-m-rank-128-0,562,24,271.49731175366236
2674,dummy-llama-70b-m,dummy-lora-llama-70b-m-rank-16-3,190,10,271.5667051302244
2675,dummy-llama-70b-m,dummy-lora-llama-70b-m-rank-16-1,572,30,271.62960988233596
2676,dummy-llama-70b-m,dummy-lora-llama-70b-m-rank-8-1,607,22,271.75867629832624
2677,dummy-llama-70b-m,dummy-lora-llama-70b-m-rank-32-3,609,38,271.78257759835736
2678,dummy-llama-70b-m,dummy-lora-llama-70b-m-rank-16-1,633,96,271.8222536302882
2679,dummy-llama-70b-m,dummy-lora-llama-70b-m-rank-128-4,285,40,272.1730621140054
2680,dummy-llama-70b-m,dummy-lora-llama-70b-m-rank-64-4,291,131,272.22081005492976
2681,dummy-llama-70b-m,dummy-lora-llama-70b-m-rank-16-3,960,70,272.24060922291994
2682,dummy-llama-70b-m,dummy-lora-llama-70b-m-rank-8-4,192,3,272.5379612633207
2683,dummy-llama-70b-m,dummy-lora-llama-70b-m-rank-32-3,518,10,272.5850054117436
2684,dummy-llama-70b-m,dummy-lora-llama-70b-m-rank-64-2,985,39,272.60821095720786
2685,dummy-llama-70b-m,dummy-lora-llama-70b-m-rank-32-1,645,13,272.77911322766136
2686,dummy-llama-70b-m,dummy-lora-llama-70b-m-rank-64-3,236,37,272.7819853353981
2687,dummy-llama-70b-m,dummy-lora-llama-70b-m-rank-32-1,546,16,272.8004435567842
2688,dummy-llama-70b-m,dummy-lora-llama-70b-m-rank-32-3,328,56,272.88201818171126
2689,dummy-llama-70b-m,dummy-lora-llama-70b-m-rank-128-2,554,23,272.9890592864038
2690,dummy-llama-70b-m,dummy-lora-llama-70b-m-rank-16-2,562,11,273.0684884533573
2691,dummy-llama-70b-m,dummy-lora-llama-70b-m-rank-16-1,618,42,273.2676665383229
2692,dummy-llama-70b-m,dummy-lora-llama-70b-m-rank-32-2,605,16,273.29888470574485
2693,dummy-llama-70b-m,dummy-lora-llama-70b-m-rank-32-0,874,11,273.5317041976562
2694,dummy-llama-70b-m,dummy-lora-llama-70b-m-rank-64-4,594,21,274.2042602463178
2695,dummy-llama-70b-m,dummy-lora-llama-70b-m-rank-8-4,239,53,274.2719897996234
2696,dummy-llama-70b-m,dummy-lora-llama-70b-m-rank-32-3,554,20,274.3023014027523
2697,dummy-llama-70b-m,dummy-lora-llama-70b-m-rank-64-2,279,60,274.5488102488057
2698,dummy-llama-70b-m,dummy-lora-llama-70b-m-rank-16-4,198,48,274.5639198200507
2699,dummy-llama-70b-m,dummy-lora-llama-70b-m-rank-128-2,276,50,274.59354512715
2700,dummy-llama-70b-m,dummy-lora-llama-70b-m-rank-64-1,727,8,274.7862045971574
2701,dummy-llama-70b-m,dummy-lora-llama-70b-m-rank-32-3,607,15,274.80372697088416
2702,dummy-llama-70b-m,dummy-lora-llama-70b-m-rank-64-0,569,19,275.0045555652916
2703,dummy-llama-70b-m,dummy-lora-llama-70b-m-rank-16-4,381,100,275.0235193975277
2704,dummy-llama-70b-m,dummy-lora-llama-70b-m-rank-16-1,458,7,275.3122992516511
2705,dummy-llama-70b-m,dummy-lora-llama-70b-m-rank-64-3,359,55,275.3527876193073
2706,dummy-llama-70b-m,dummy-lora-llama-70b-m-rank-64-0,439,132,275.42458715936186
2707,dummy-llama-70b-m,dummy-lora-llama-70b-m-rank-128-0,546,8,275.4860564642769
2708,dummy-llama-70b-m,dummy-lora-llama-70b-m-rank-8-3,592,22,275.49777210590236
2709,dummy-llama-70b-m,dummy-lora-llama-70b-m-rank-16-0,649,44,275.56299627997186
2710,dummy-llama-70b-m,dummy-lora-llama-70b-m-rank-64-0,466,46,275.5678046863926
2711,dummy-llama-70b-m,dummy-lora-llama-70b-m-rank-64-2,319,39,275.6533870328263
2712,dummy-llama-70b-m,dummy-lora-llama-70b-m-rank-128-0,558,19,275.7023470217383
2713,dummy-llama-70b-m,dummy-lora-llama-70b-m-rank-16-1,332,15,275.7333958469648
2714,dummy-llama-70b-m,dummy-lora-llama-70b-m-rank-128-3,550,18,275.87536132029095
2715,dummy-llama-70b-m,dummy-lora-llama-70b-m-rank-32-4,540,43,275.92476515470804
2716,dummy-llama-70b-m,dummy-lora-llama-70b-m-rank-8-4,415,38,275.9444170004733
2717,dummy-llama-70b-m,dummy-lora-llama-70b-m-rank-8-1,130,38,275.96953332878377
2718,dummy-llama-70b-m,dummy-lora-llama-70b-m-rank-32-4,914,23,275.9766489218353
2719,dummy-llama-70b-m,dummy-lora-llama-70b-m-rank-8-4,554,22,275.9978693587406
2720,dummy-llama-70b-m,dummy-lora-llama-70b-m-rank-16-3,749,57,276.0995384966224
2721,dummy-llama-70b-m,dummy-lora-llama-70b-m-rank-128-1,398,43,276.203776177088
2722,dummy-llama-70b-m,dummy-lora-llama-70b-m-rank-64-4,275,44,276.3599646371589
2723,dummy-llama-70b-m,dummy-lora-llama-70b-m-rank-128-1,554,20,276.4862829744413
2724,dummy-llama-70b-m,dummy-lora-llama-70b-m-rank-8-2,378,51,276.5996867820963
2725,dummy-llama-70b-m,dummy-lora-llama-70b-m-rank-32-3,635,46,276.7783407907934
2726,dummy-llama-70b-m,dummy-lora-llama-70b-m-rank-128-4,846,96,276.8829916511339
2727,dummy-llama-70b-m,dummy-lora-llama-70b-m-rank-16-1,919,19,276.91237804078844
2728,dummy-llama-70b-m,dummy-lora-llama-70b-m-rank-64-4,464,48,276.9372644841295
2729,dummy-llama-70b-m,dummy-lora-llama-70b-m-rank-8-4,483,8,277.0856067919673
2730,dummy-llama-70b-m,dummy-lora-llama-70b-m-rank-8-1,196,49,277.0924053695086
2731,dummy-llama-70b-m,dummy-lora-llama-70b-m-rank-128-1,556,22,277.1644612235285
2732,dummy-llama-70b-m,dummy-lora-llama-70b-m-rank-64-4,270,159,277.23771845327184
2733,dummy-llama-70b-m,dummy-lora-llama-70b-m-rank-8-0,454,52,277.44014518482834
2734,dummy-llama-70b-m,dummy-lora-llama-70b-m-rank-64-1,485,7,277.44273312914436
2735,dummy-llama-70b-m,dummy-lora-llama-70b-m-rank-128-0,505,8,277.46099887504255
2736,dummy-llama-70b-m,dummy-lora-llama-70b-m-rank-8-2,548,17,277.6434603224042
2737,dummy-llama-70b-m,dummy-lora-llama-70b-m-rank-16-4,264,170,277.74446912835725
2738,dummy-llama-70b-m,dummy-lora-llama-70b-m-rank-8-0,126,45,277.7514816164253
2739,dummy-llama-70b-m,dummy-lora-llama-70b-m-rank-16-1,626,22,277.77609479602717
2740,dummy-llama-70b-m,dummy-lora-llama-70b-m-rank-64-4,165,57,277.779841770154
2741,dummy-llama-70b-m,dummy-lora-llama-70b-m-rank-128-4,552,19,277.8620516812006
2742,dummy-llama-70b-m,dummy-lora-llama-70b-m-rank-128-1,664,5,278.1220835455607
2743,dummy-llama-70b-m,dummy-lora-llama-70b-m-rank-64-0,548,17,278.1859269904779
2744,dummy-llama-70b-m,dummy-lora-llama-70b-m-rank-16-2,176,57,278.22980116821265
2745,dummy-llama-70b-m,dummy-lora-llama-70b-m-rank-8-2,296,136,278.56268048549066
2746,dummy-llama-70b-m,dummy-lora-llama-70b-m-rank-16-3,609,16,278.80991985049553
2747,dummy-llama-70b-m,dummy-lora-llama-70b-m-rank-8-4,826,62,278.8285280985547
2748,dummy-llama-70b-m,dummy-lora-llama-70b-m-rank-8-1,660,60,278.8597390269355
2749,dummy-llama-70b-m,dummy-lora-llama-70b-m-rank-16-2,496,42,279.00640763322986
2750,dummy-llama-70b-m,dummy-lora-llama-70b-m-rank-64-3,90,39,279.10034111834847
2751,dummy-llama-70b-m,dummy-lora-llama-70b-m-rank-16-1,398,49,279.1227056674962
2752,dummy-llama-70b-m,dummy-lora-llama-70b-m-rank-8-4,469,7,279.1526837256156
2753,dummy-llama-70b-m,dummy-lora-llama-70b-m-rank-16-1,571,94,279.1837456540457
2754,dummy-llama-70b-m,dummy-lora-llama-70b-m-rank-8-4,794,10,279.1907093515429
2755,dummy-llama-70b-m,dummy-lora-llama-70b-m-rank-64-3,296,40,279.27313710224826
2756,dummy-llama-70b-m,dummy-lora-llama-70b-m-rank-8-2,529,42,279.3026156633863
2757,dummy-llama-70b-m,dummy-lora-llama-70b-m-rank-32-2,771,173,279.37123810142486
2758,dummy-llama-70b-m,dummy-lora-llama-70b-m-rank-32-3,584,98,279.3959039311979
2759,dummy-llama-70b-m,dummy-lora-llama-70b-m-rank-8-0,501,49,279.6341605421933
2760,dummy-llama-70b-m,dummy-lora-llama-70b-m-rank-16-2,58,79,279.96764778728254
2761,dummy-llama-70b-m,dummy-lora-llama-70b-m-rank-8-2,371,56,280.07113654304317
2762,dummy-llama-70b-m,dummy-lora-llama-70b-m-rank-64-1,712,93,280.0739253318894
2763,dummy-llama-70b-m,dummy-lora-llama-70b-m-rank-16-0,550,18,280.12961222320445
2764,dummy-llama-70b-m,dummy-lora-llama-70b-m-rank-16-0,588,38,280.1298608475535
2765,dummy-llama-70b-m,dummy-lora-llama-70b-m-rank-64-0,385,14,280.47988818933703
2766,dummy-llama-70b-m,dummy-lora-llama-70b-m-rank-8-3,95,54,280.633959695164
2767,dummy-llama-70b-m,dummy-lora-llama-70b-m-rank-32-1,296,82,280.9813052104156
2768,dummy-llama-70b-m,dummy-lora-llama-70b-m-rank-16-1,462,44,281.05439164438013
2769,dummy-llama-70b-m,dummy-lora-llama-70b-m-rank-16-1,607,18,281.17747168060976
2770,dummy-llama-70b-m,dummy-lora-llama-70b-m-rank-8-4,554,21,281.2076784817849
2771,dummy-llama-70b-m,dummy-lora-llama-70b-m-rank-32-0,588,22,281.2283637636857
2772,dummy-llama-70b-m,dummy-lora-llama-70b-m-rank-128-1,786,169,281.23438273247456
2773,dummy-llama-70b-m,dummy-lora-llama-70b-m-rank-64-0,626,21,281.3490788931837
2774,dummy-llama-70b-m,dummy-lora-llama-70b-m-rank-128-1,633,46,281.3930666524866
2775,dummy-llama-70b-m,dummy-lora-llama-70b-m-rank-128-4,398,50,281.4004050028867
2776,dummy-llama-70b-m,dummy-lora-llama-70b-m-rank-16-2,98,46,281.4403622972236
2777,dummy-llama-70b-m,dummy-lora-llama-70b-m-rank-128-3,244,165,281.44807563327606
2778,dummy-llama-70b-m,dummy-lora-llama-70b-m-rank-16-4,969,3,281.4690544944331
2779,dummy-llama-70b-m,dummy-lora-llama-70b-m-rank-128-1,562,27,281.88677495877266
2780,dummy-llama-70b-m,dummy-lora-llama-70b-m-rank-64-0,554,23,281.9465607012791
2781,dummy-llama-70b-m,dummy-lora-llama-70b-m-rank-16-4,658,158,281.98947760501363
2782,dummy-llama-70b-m,dummy-lora-llama-70b-m-rank-128-2,177,47,282.09823956024775
2783,dummy-llama-70b-m,dummy-lora-llama-70b-m-rank-64-2,568,23,282.2923472473497
2784,dummy-llama-70b-m,dummy-lora-llama-70b-m-rank-8-0,363,50,282.320331732612
2785,dummy-llama-70b-m,dummy-lora-llama-70b-m-rank-128-1,571,53,282.4431471770627
2786,dummy-llama-70b-m,dummy-lora-llama-70b-m-rank-64-4,627,64,282.474805076642
2787,dummy-llama-70b-m,dummy-lora-llama-70b-m-rank-16-0,675,13,282.54514950735575
2788,dummy-llama-70b-m,dummy-lora-llama-70b-m-rank-16-3,880,76,282.5967759221446
2789,dummy-llama-70b-m,dummy-lora-llama-70b-m-rank-32-2,390,35,282.7662915379716
2790,dummy-llama-70b-m,dummy-lora-llama-70b-m-rank-16-2,568,29,282.9983020817812
2791,dummy-llama-70b-m,dummy-lora-llama-70b-m-rank-8-0,356,36,283.019484299015
2792,dummy-llama-70b-m,dummy-lora-llama-70b-m-rank-128-2,435,183,283.2319341429067
2793,dummy-llama-70b-m,dummy-lora-llama-70b-m-rank-64-0,627,9,283.31727088925095
2794,dummy-llama-70b-m,dummy-lora-llama-70b-m-rank-8-1,274,106,283.3375832477855
2795,dummy-llama-70b-m,dummy-lora-llama-70b-m-rank-64-0,116,57,283.4150508617981
2796,dummy-llama-70b-m,dummy-lora-llama-70b-m-rank-16-2,235,46,283.6117912179768
2797,dummy-llama-70b-m,dummy-lora-llama-70b-m-rank-64-4,564,28,283.68657556549005
2798,dummy-llama-70b-m,dummy-lora-llama-70b-m-rank-128-4,178,19,283.87920434865276
2799,dummy-llama-70b-m,dummy-lora-llama-70b-m-rank-128-4,387,34,284.0922393016845
2800,dummy-llama-70b-m,dummy-lora-llama-70b-m-rank-8-2,386,34,284.12539351862006
2801,dummy-llama-70b-m,dummy-lora-llama-70b-m-rank-8-0,554,20,284.27965252968954
2802,dummy-llama-70b-m,dummy-lora-llama-70b-m-rank-128-4,564,26,284.30498603503025
2803,dummy-llama-70b-m,dummy-lora-llama-70b-m-rank-128-1,509,14,284.3406349454882
2804,dummy-llama-70b-m,dummy-lora-llama-70b-m-rank-16-1,710,15,284.37834715039804
2805,dummy-llama-70b-m,dummy-lora-llama-70b-m-rank-64-2,201,69,284.47270008603977
2806,dummy-llama-70b-m,dummy-lora-llama-70b-m-rank-64-3,181,50,284.4854327988181
2807,dummy-llama-70b-m,dummy-lora-llama-70b-m-rank-16-4,999,70,284.62632538432774
2808,dummy-llama-70b-m,dummy-lora-llama-70b-m-rank-32-2,659,49,284.679222502375
2809,dummy-llama-70b-m,dummy-lora-llama-70b-m-rank-128-2,187,3,284.6820088004331
2810,dummy-llama-70b-m,dummy-lora-llama-70b-m-rank-16-3,208,57,284.88722138174836
2811,dummy-llama-70b-m,dummy-lora-llama-70b-m-rank-64-3,728,52,285.18716039472787
2812,dummy-llama-70b-m,dummy-lora-llama-70b-m-rank-32-0,118,43,285.1971796913525
2813,dummy-llama-70b-m,dummy-lora-llama-70b-m-rank-64-3,359,47,285.27132604298413
2814,dummy-llama-70b-m,dummy-lora-llama-70b-m-rank-8-0,249,37,285.30307362267325
2815,dummy-llama-70b-m,dummy-lora-llama-70b-m-rank-64-0,523,13,285.3416090967753
2816,dummy-llama-70b-m,dummy-lora-llama-70b-m-rank-32-4,648,63,285.38874022878366
2817,dummy-llama-70b-m,dummy-lora-llama-70b-m-rank-16-1,611,92,285.5419347522949
2818,dummy-llama-70b-m,dummy-lora-llama-70b-m-rank-8-3,232,49,285.61145347599734
2819,dummy-llama-70b-m,dummy-lora-llama-70b-m-rank-8-3,393,5,285.6674509723208
2820,dummy-llama-70b-m,dummy-lora-llama-70b-m-rank-32-0,629,33,285.69804620614104
2821,dummy-llama-70b-m,dummy-lora-llama-70b-m-rank-64-2,938,78,285.7469664201377
2822,dummy-llama-70b-m,dummy-lora-llama-70b-m-rank-32-2,244,50,285.76058512545796
2823,dummy-llama-70b-m,dummy-lora-llama-70b-m-rank-16-4,618,16,285.79244194050085
2824,dummy-llama-70b-m,dummy-lora-llama-70b-m-rank-16-3,624,18,285.82550030623463
2825,dummy-llama-70b-m,dummy-lora-llama-70b-m-rank-16-4,214,3,285.8492539808931
2826,dummy-llama-70b-m,dummy-lora-llama-70b-m-rank-16-0,560,23,285.95524674532527
2827,dummy-llama-70b-m,dummy-lora-llama-70b-m-rank-16-2,560,26,286.00205359905266
2828,dummy-llama-70b-m,dummy-lora-llama-70b-m-rank-8-2,570,149,286.1257737878159
2829,dummy-llama-70b-m,dummy-lora-llama-70b-m-rank-32-4,104,49,286.18324487029116
2830,dummy-llama-70b-m,dummy-lora-llama-70b-m-rank-128-0,760,40,286.2084161221757
2831,dummy-llama-70b-m,dummy-lora-llama-70b-m-rank-32-2,638,3,286.2286840409512
2832,dummy-llama-70b-m,dummy-lora-llama-70b-m-rank-128-0,665,22,286.36468573880836
2833,dummy-llama-70b-m,dummy-lora-llama-70b-m-rank-8-0,562,27,286.38910179353525
2834,dummy-llama-70b-m,dummy-lora-llama-70b-m-rank-128-2,128,102,286.4742821724659
2835,dummy-llama-70b-m,dummy-lora-llama-70b-m-rank-128-3,54,47,286.49835650480287
2836,dummy-llama-70b-m,dummy-lora-llama-70b-m-rank-8-3,363,54,286.6255667274416
2837,dummy-llama-70b-m,dummy-lora-llama-70b-m-rank-64-3,799,60,286.7266843913535
2838,dummy-llama-70b-m,dummy-lora-llama-70b-m-rank-128-4,225,62,286.76084791425797
2839,dummy-llama-70b-m,dummy-lora-llama-70b-m-rank-64-0,564,28,287.0296169950537
2840,dummy-llama-70b-m,dummy-lora-llama-70b-m-rank-16-3,248,50,287.1963613370611
2841,dummy-llama-70b-m,dummy-lora-llama-70b-m-rank-16-0,584,35,287.2173346858147
2842,dummy-llama-70b-m,dummy-lora-llama-70b-m-rank-8-1,625,31,287.40947979459423
2843,dummy-llama-70b-m,dummy-lora-llama-70b-m-rank-32-0,295,6,287.44407573135703
2844,dummy-llama-70b-m,dummy-lora-llama-70b-m-rank-16-1,574,29,287.5254242472267
2845,dummy-llama-70b-m,dummy-lora-llama-70b-m-rank-32-0,334,93,287.53291107645043
2846,dummy-llama-70b-m,dummy-lora-llama-70b-m-rank-64-1,847,10,287.61672234744225
2847,dummy-llama-70b-m,dummy-lora-llama-70b-m-rank-64-2,975,9,287.82482909030625
2848,dummy-llama-70b-m,dummy-lora-llama-70b-m-rank-8-2,306,6,287.87540006944687
2849,dummy-llama-70b-m,dummy-lora-llama-70b-m-rank-32-1,508,62,287.8991882493151
2850,dummy-llama-70b-m,dummy-lora-llama-70b-m-rank-8-2,710,73,288.00795117970006
2851,dummy-llama-70b-m,dummy-lora-llama-70b-m-rank-128-2,555,7,288.1731447520609
2852,dummy-llama-70b-m,dummy-lora-llama-70b-m-rank-64-4,475,85,288.19912465503484
2853,dummy-llama-70b-m,dummy-lora-llama-70b-m-rank-32-2,546,16,288.2349988053181
2854,dummy-llama-70b-m,dummy-lora-llama-70b-m-rank-8-3,380,140,288.30274543922815
2855,dummy-llama-70b-m,dummy-lora-llama-70b-m-rank-32-4,513,93,288.35380158436595
2856,dummy-llama-70b-m,dummy-lora-llama-70b-m-rank-128-1,373,45,288.5851903431838
2857,dummy-llama-70b-m,dummy-lora-llama-70b-m-rank-128-4,240,58,288.5901483956623
2858,dummy-llama-70b-m,dummy-lora-llama-70b-m-rank-32-0,243,48,288.9492016810872
2859,dummy-llama-70b-m,dummy-lora-llama-70b-m-rank-64-2,285,149,288.9503072713416
2860,dummy-llama-70b-m,dummy-lora-llama-70b-m-rank-128-4,548,17,288.96293703281833
2861,dummy-llama-70b-m,dummy-lora-llama-70b-m-rank-128-1,562,34,288.96397590133125
2862,dummy-llama-70b-m,dummy-lora-llama-70b-m-rank-16-0,437,55,289.01095379901494
2863,dummy-llama-70b-m,dummy-lora-llama-70b-m-rank-128-3,588,40,289.1348892061434
2864,dummy-llama-70b-m,dummy-lora-llama-70b-m-rank-8-1,538,37,289.1491254810157
2865,dummy-llama-70b-m,dummy-lora-llama-70b-m-rank-64-3,560,23,289.2965778366368
2866,dummy-llama-70b-m,dummy-lora-llama-70b-m-rank-8-1,475,53,289.29727453515386
2867,dummy-llama-70b-m,dummy-lora-llama-70b-m-rank-32-3,809,92,289.4999299546037
2868,dummy-llama-70b-m,dummy-lora-llama-70b-m-rank-32-3,614,79,289.5555934714256
2869,dummy-llama-70b-m,dummy-lora-llama-70b-m-rank-32-4,738,26,289.7081636661878
2870,dummy-llama-70b-m,dummy-lora-llama-70b-m-rank-64-1,214,52,289.7082056699537
2871,dummy-llama-70b-m,dummy-lora-llama-70b-m-rank-8-3,263,38,289.82625065949986
2872,dummy-llama-70b-m,dummy-lora-llama-70b-m-rank-64-4,143,120,289.85150069337243
2873,dummy-llama-70b-m,dummy-lora-llama-70b-m-rank-8-1,86,43,289.94501253567864
2874,dummy-llama-70b-m,dummy-lora-llama-70b-m-rank-32-3,595,22,290.0076050556663
2875,dummy-llama-70b-m,dummy-lora-llama-70b-m-rank-16-0,596,11,290.2417310698832
2876,dummy-llama-70b-m,dummy-lora-llama-70b-m-rank-16-2,554,20,290.31054117428107
2877,dummy-llama-70b-m,dummy-lora-llama-70b-m-rank-32-4,544,11,290.4062613832649
2878,dummy-llama-70b-m,dummy-lora-llama-70b-m-rank-64-3,597,17,290.6926807744394
2879,dummy-llama-70b-m,dummy-lora-llama-70b-m-rank-128-3,138,19,290.7861787139701
2880,dummy-llama-70b-m,dummy-lora-llama-70b-m-rank-64-0,559,19,290.98563321504855
2881,dummy-llama-70b-m,dummy-lora-llama-70b-m-rank-16-0,374,13,291.2205658904319
2882,dummy-llama-70b-m,dummy-lora-llama-70b-m-rank-64-2,270,29,291.35501390790813
2883,dummy-llama-70b-m,dummy-lora-llama-70b-m-rank-64-1,559,24,291.3881471726557
2884,dummy-llama-70b-m,dummy-lora-llama-70b-m-rank-64-0,768,34,291.4400794075563
2885,dummy-llama-70b-m,dummy-lora-llama-70b-m-rank-64-2,554,20,291.4536168615068
2886,dummy-llama-70b-m,dummy-lora-llama-70b-m-rank-16-4,526,53,291.555876011387
2887,dummy-llama-70b-m,dummy-lora-llama-70b-m-rank-32-0,212,53,291.56442122090175
2888,dummy-llama-70b-m,dummy-lora-llama-70b-m-rank-64-3,249,54,291.57337339017505
2889,dummy-llama-70b-m,dummy-lora-llama-70b-m-rank-16-2,599,19,291.6637300966141
2890,dummy-llama-70b-m,dummy-lora-llama-70b-m-rank-32-0,599,26,291.89364996258723
2891,dummy-llama-70b-m,dummy-lora-llama-70b-m-rank-64-4,854,102,292.09966081573526
2892,dummy-llama-70b-m,dummy-lora-llama-70b-m-rank-8-3,708,8,292.1397721559092
2893,dummy-llama-70b-m,dummy-lora-llama-70b-m-rank-8-2,552,19,292.21518574714037
2894,dummy-llama-70b-m,dummy-lora-llama-70b-m-rank-32-0,799,23,292.314648964843
2895,dummy-llama-70b-m,dummy-lora-llama-70b-m-rank-16-1,601,18,292.38894319916614
2896,dummy-llama-70b-m,dummy-lora-llama-70b-m-rank-128-0,561,25,292.721510561106
2897,dummy-llama-70b-m,dummy-lora-llama-70b-m-rank-64-2,383,64,293.00646222646964
2898,dummy-llama-70b-m,dummy-lora-llama-70b-m-rank-8-1,476,6,293.0376477737277
2899,dummy-llama-70b-m,dummy-lora-llama-70b-m-rank-8-3,604,10,293.1473681929353
2900,dummy-llama-70b-m,dummy-lora-llama-70b-m-rank-128-3,560,25,293.2704221204582
2901,dummy-llama-70b-m,dummy-lora-llama-70b-m-rank-128-0,473,52,293.35607389910666
2902,dummy-llama-70b-m,dummy-lora-llama-70b-m-rank-64-0,548,17,293.3828388830715
2903,dummy-llama-70b-m,dummy-lora-llama-70b-m-rank-128-4,501,7,293.5295743017398
2904,dummy-llama-70b-m,dummy-lora-llama-70b-m-rank-64-0,587,10,293.6455891057618
2905,dummy-llama-70b-m,dummy-lora-llama-70b-m-rank-128-1,875,34,293.648446629413
2906,dummy-llama-70b-m,dummy-lora-llama-70b-m-rank-128-3,446,52,293.76488601038784
2907,dummy-llama-70b-m,dummy-lora-llama-70b-m-rank-16-1,385,49,293.8946232974475
2908,dummy-llama-70b-m,dummy-lora-llama-70b-m-rank-16-2,400,9,294.02642806755665
2909,dummy-llama-70b-m,dummy-lora-llama-70b-m-rank-32-1,672,9,294.25795801873033
2910,dummy-llama-70b-m,dummy-lora-llama-70b-m-rank-64-0,260,54,294.3548471451886
2911,dummy-llama-70b-m,dummy-lora-llama-70b-m-rank-16-1,891,54,294.5078461709272
2912,dummy-llama-70b-m,dummy-lora-llama-70b-m-rank-64-1,430,6,294.61367503608204
2913,dummy-llama-70b-m,dummy-lora-llama-70b-m-rank-32-2,552,21,294.75351166281985
2914,dummy-llama-70b-m,dummy-lora-llama-70b-m-rank-64-1,420,31,295.18555190389156
2915,dummy-llama-70b-m,dummy-lora-llama-70b-m-rank-8-2,605,10,295.3225686505614
2916,dummy-llama-70b-m,dummy-lora-llama-70b-m-rank-8-0,185,52,295.3473308545706
2917,dummy-llama-70b-m,dummy-lora-llama-70b-m-rank-128-2,315,4,295.5102942934343
2918,dummy-llama-70b-m,dummy-lora-llama-70b-m-rank-8-4,594,23,295.58836173260136
2919,dummy-llama-70b-m,dummy-lora-llama-70b-m-rank-128-3,554,12,295.6154285277439
2920,dummy-llama-70b-m,dummy-lora-llama-70b-m-rank-64-1,284,49,295.68038796154775
2921,dummy-llama-70b-m,dummy-lora-llama-70b-m-rank-128-4,555,8,295.6822324382542
2922,dummy-llama-70b-m,dummy-lora-llama-70b-m-rank-32-1,593,51,295.71159366900065
2923,dummy-llama-70b-m,dummy-lora-llama-70b-m-rank-16-2,558,20,295.9563822393065
2924,dummy-llama-70b-m,dummy-lora-llama-70b-m-rank-32-2,498,36,296.42740116126055
2925,dummy-llama-70b-m,dummy-lora-llama-70b-m-rank-8-2,464,58,296.4428944636351
2926,dummy-llama-70b-m,dummy-lora-llama-70b-m-rank-8-1,228,37,296.48866529176786
2927,dummy-llama-70b-m,dummy-lora-llama-70b-m-rank-128-1,558,22,296.52034925807413
2928,dummy-llama-70b-m,dummy-lora-llama-70b-m-rank-8-4,144,117,296.5770510497394
2929,dummy-llama-70b-m,dummy-lora-llama-70b-m-rank-16-1,605,11,296.7088564577317
2930,dummy-llama-70b-m,dummy-lora-llama-70b-m-rank-32-4,526,42,296.7455735857553
2931,dummy-llama-70b-m,dummy-lora-llama-70b-m-rank-128-1,677,10,296.862858431354
2932,dummy-llama-70b-m,dummy-lora-llama-70b-m-rank-64-4,263,18,296.9912152469174
2933,dummy-llama-70b-m,dummy-lora-llama-70b-m-rank-16-4,670,78,297.1129705302573
2934,dummy-llama-70b-m,dummy-lora-llama-70b-m-rank-64-0,639,238,297.1456805590742
2935,dummy-llama-70b-m,dummy-lora-llama-70b-m-rank-16-1,401,49,297.21541053112884
2936,dummy-llama-70b-m,dummy-lora-llama-70b-m-rank-16-2,274,52,297.3121553936051
2937,dummy-llama-70b-m,dummy-lora-llama-70b-m-rank-8-2,289,48,297.35520063580157
2938,dummy-llama-70b-m,dummy-lora-llama-70b-m-rank-64-1,603,19,297.4325185754413
2939,dummy-llama-70b-m,dummy-lora-llama-70b-m-rank-8-4,615,22,297.47682563913577
2940,dummy-llama-70b-m,dummy-lora-llama-70b-m-rank-64-0,82,41,297.4859277088567
2941,dummy-llama-70b-m,dummy-lora-llama-70b-m-rank-64-4,993,98,297.56784785087626
2942,dummy-llama-70b-m,dummy-lora-llama-70b-m-rank-128-3,552,22,297.5824715735751
2943,dummy-llama-70b-m,dummy-lora-llama-70b-m-rank-64-4,318,51,297.6048985644994
2944,dummy-llama-70b-m,dummy-lora-llama-70b-m-rank-64-3,222,135,297.6901784542315
2945,dummy-llama-70b-m,dummy-lora-llama-70b-m-rank-16-1,721,48,297.73809570537543
2946,dummy-llama-70b-m,dummy-lora-llama-70b-m-rank-128-0,548,14,297.7642273701522
2947,dummy-llama-70b-m,dummy-lora-llama-70b-m-rank-64-3,562,25,298.00820621520944
2948,dummy-llama-70b-m,dummy-lora-llama-70b-m-rank-8-4,550,18,298.39580775693935
2949,dummy-llama-70b-m,dummy-lora-llama-70b-m-rank-128-3,528,10,298.77986029270363
2950,dummy-llama-70b-m,dummy-lora-llama-70b-m-rank-16-2,554,12,298.8889789807508
2951,dummy-llama-70b-m,dummy-lora-llama-70b-m-rank-64-0,631,25,298.9220873080529
2952,dummy-llama-70b-m,dummy-lora-llama-70b-m-rank-32-4,973,14,299.2611069457052
2953,dummy-llama-70b-m,dummy-lora-llama-70b-m-rank-64-4,625,45,299.305316145603
2954,dummy-llama-70b-m,dummy-lora-llama-70b-m-rank-128-4,249,7,299.52400510231905
2955,dummy-llama-70b-m,dummy-lora-llama-70b-m-rank-128-4,609,48,299.7718842656458
2956,dummy-llama-70b-m,dummy-lora-llama-70b-m-rank-16-0,472,5,299.8727318661075
2957,dummy-llama-70b-m,dummy-lora-llama-70b-m-rank-128-0,611,22,299.8870068764876
2958,dummy-llama-70b-m,dummy-lora-llama-70b-m-rank-8-1,466,48,299.88744761344225
2959,dummy-llama-70b-m,dummy-lora-llama-70b-m-rank-8-2,475,8,299.98521596355954
2960,dummy-llama-70b-m,dummy-lora-llama-70b-m-rank-64-3,253,7,300.10413153542146
2961,dummy-llama-70b-m,dummy-lora-llama-70b-m-rank-128-3,554,20,300.1172112916431
2962,dummy-llama-70b-m,dummy-lora-llama-70b-m-rank-16-4,373,10,300.18024516696283
2963,dummy-llama-70b-m,dummy-lora-llama-70b-m-rank-128-4,362,99,300.3206415395971
2964,dummy-llama-70b-m,dummy-lora-llama-70b-m-rank-128-1,361,91,300.32310524507017
2965,dummy-llama-70b-m,dummy-lora-llama-70b-m-rank-32-2,666,167,300.34764659448706
2966,dummy-llama-70b-m,dummy-lora-llama-70b-m-rank-128-4,227,39,300.48660893962875
2967,dummy-llama-70b-m,dummy-lora-llama-70b-m-rank-16-3,431,8,300.53791202914675
2968,dummy-llama-70b-m,dummy-lora-llama-70b-m-rank-128-0,757,42,300.5605255952813
2969,dummy-llama-70b-m,dummy-lora-llama-70b-m-rank-64-2,337,39,300.68732507804157
2970,dummy-llama-70b-m,dummy-lora-llama-70b-m-rank-16-1,747,13,300.7075325190234
2971,dummy-llama-70b-m,dummy-lora-llama-70b-m-rank-64-0,76,37,300.77888986457344
2972,dummy-llama-70b-m,dummy-lora-llama-70b-m-rank-8-2,567,28,300.8040576321596
2973,dummy-llama-70b-m,dummy-lora-llama-70b-m-rank-64-2,418,32,300.937375090157
2974,dummy-llama-70b-m,dummy-lora-llama-70b-m-rank-128-0,552,19,300.99167349402813
2975,dummy-llama-70b-m,dummy-lora-llama-70b-m-rank-8-4,435,8,301.1647693415733
2976,dummy-llama-70b-m,dummy-lora-llama-70b-m-rank-16-1,272,75,301.2455524144208
2977,dummy-llama-70b-m,dummy-lora-llama-70b-m-rank-32-2,299,67,301.34932355940487
2978,dummy-llama-70b-m,dummy-lora-llama-70b-m-rank-8-1,548,17,301.3903060707572
2979,dummy-llama-70b-m,dummy-lora-llama-70b-m-rank-32-3,550,18,301.87964646250236
2980,dummy-llama-70b-m,dummy-lora-llama-70b-m-rank-128-0,393,7,302.03990744862824
2981,dummy-llama-70b-m,dummy-lora-llama-70b-m-rank-32-2,171,51,302.0485555098238
2982,dummy-llama-70b-m,dummy-lora-llama-70b-m-rank-64-0,508,41,302.1509854539639
2983,dummy-llama-70b-m,dummy-lora-llama-70b-m-rank-32-1,594,3,302.1522786934545
2984,dummy-llama-70b-m,dummy-lora-llama-70b-m-rank-32-0,558,23,302.15305418836357
2985,dummy-llama-70b-m,dummy-lora-llama-70b-m-rank-8-2,637,27,302.18170138166244
2986,dummy-llama-70b-m,dummy-lora-llama-70b-m-rank-16-2,310,6,302.2486327343136
2987,dummy-llama-70b-m,dummy-lora-llama-70b-m-rank-8-1,769,69,302.2875524985419
2988,dummy-llama-70b-m,dummy-lora-llama-70b-m-rank-8-4,351,30,302.36811769379557
2989,dummy-llama-70b-m,dummy-lora-llama-70b-m-rank-32-3,570,21,302.51418089657824
2990,dummy-llama-70b-m,dummy-lora-llama-70b-m-rank-8-3,570,28,302.65659090892524
2991,dummy-llama-70b-m,dummy-lora-llama-70b-m-rank-32-2,710,23,302.78110897454536
2992,dummy-llama-70b-m,dummy-lora-llama-70b-m-rank-128-2,651,7,302.9661380396341
2993,dummy-llama-70b-m,dummy-lora-llama-70b-m-rank-16-4,256,72,303.0880681011161
2994,dummy-llama-70b-m,dummy-lora-llama-70b-m-rank-128-0,814,86,303.1465081185154
2995,dummy-llama-70b-m,dummy-lora-llama-70b-m-rank-8-1,266,152,303.30331397297863
2996,dummy-llama-70b-m,dummy-lora-llama-70b-m-rank-16-4,478,7,303.3190937286323
2997,dummy-llama-70b-m,dummy-lora-llama-70b-m-rank-128-1,758,53,303.47827486652216
2998,dummy-llama-70b-m,dummy-lora-llama-70b-m-rank-128-2,385,26,303.4830616927722
2999,dummy-llama-70b-m,dummy-lora-llama-70b-m-rank-8-2,568,30,303.55256812116204
3000,dummy-llama-70b-m,dummy-lora-llama-70b-m-rank-32-4,574,33,303.8050994058423
3001,dummy-llama-70b-m,dummy-lora-llama-70b-m-rank-128-1,566,29,303.81588023451957
3002,dummy-llama-70b-m,dummy-lora-llama-70b-m-rank-8-0,220,43,303.8603243906946
3003,dummy-llama-70b-m,dummy-lora-llama-70b-m-rank-64-4,552,11,304.01235030955854
3004,dummy-llama-70b-m,dummy-lora-llama-70b-m-rank-8-2,554,20,304.2135730983296
3005,dummy-llama-70b-m,dummy-lora-llama-70b-m-rank-8-3,56,3,304.2199095894767
3006,dummy-llama-70b-m,dummy-lora-llama-70b-m-rank-32-3,315,51,304.2270489840236
3007,dummy-llama-70b-m,dummy-lora-llama-70b-m-rank-32-3,331,86,304.2858876487312
3008,dummy-llama-70b-m,dummy-lora-llama-70b-m-rank-128-0,148,57,304.3225491898121
3009,dummy-llama-70b-m,dummy-lora-llama-70b-m-rank-64-4,631,26,304.36040912660485
3010,dummy-llama-70b-m,dummy-lora-llama-70b-m-rank-128-0,111,49,304.3747020156572
3011,dummy-llama-70b-m,dummy-lora-llama-70b-m-rank-16-4,550,10,304.52188143200203
3012,dummy-llama-70b-m,dummy-lora-llama-70b-m-rank-32-0,51,58,304.76753876734733
3013,dummy-llama-70b-m,dummy-lora-llama-70b-m-rank-128-2,386,49,304.8849596170993
3014,dummy-llama-70b-m,dummy-lora-llama-70b-m-rank-32-2,510,31,305.0784064816006
3015,dummy-llama-70b-m,dummy-lora-llama-70b-m-rank-16-3,469,39,305.1113485123805
3016,dummy-llama-70b-m,dummy-lora-llama-70b-m-rank-128-3,426,159,305.1947373254543
3017,dummy-llama-70b-m,dummy-lora-llama-70b-m-rank-128-1,328,45,305.2162696363668
3018,dummy-llama-70b-m,dummy-lora-llama-70b-m-rank-128-0,564,28,305.3000205324456
3019,dummy-llama-70b-m,dummy-lora-llama-70b-m-rank-16-0,498,12,305.3379695294759
3020,dummy-llama-70b-m,dummy-lora-llama-70b-m-rank-32-2,554,25,305.34628645832663
3021,dummy-llama-70b-m,dummy-lora-llama-70b-m-rank-8-3,556,21,305.4010450415464
3022,dummy-llama-70b-m,dummy-lora-llama-70b-m-rank-128-0,1017,34,305.4632896666507
3023,dummy-llama-70b-m,dummy-lora-llama-70b-m-rank-64-2,821,122,305.5741118557116
3024,dummy-llama-70b-m,dummy-lora-llama-70b-m-rank-64-2,609,24,305.59758628718043
3025,dummy-llama-70b-m,dummy-lora-llama-70b-m-rank-32-3,596,24,305.73431918515644
3026,dummy-llama-70b-m,dummy-lora-llama-70b-m-rank-64-1,551,73,305.77503811004016
3027,dummy-llama-70b-m,dummy-lora-llama-70b-m-rank-64-4,350,44,305.8033185492169
3028,dummy-llama-70b-m,dummy-lora-llama-70b-m-rank-128-0,239,8,305.88711456606677
3029,dummy-llama-70b-m,dummy-lora-llama-70b-m-rank-16-1,775,10,305.9021378938456
3030,dummy-llama-70b-m,dummy-lora-llama-70b-m-rank-16-2,434,75,306.07201909436947
3031,dummy-llama-70b-m,dummy-lora-llama-70b-m-rank-64-2,703,97,306.2701742266436
3032,dummy-llama-70b-m,dummy-lora-llama-70b-m-rank-64-1,598,10,306.3187397117802
3033,dummy-llama-70b-m,dummy-lora-llama-70b-m-rank-16-4,858,44,306.37460601832174
3034,dummy-llama-70b-m,dummy-lora-llama-70b-m-rank-8-4,261,48,306.3762001693844
3035,dummy-llama-70b-m,dummy-lora-llama-70b-m-rank-128-0,196,43,306.4348350397757
3036,dummy-llama-70b-m,dummy-lora-llama-70b-m-rank-8-2,715,51,306.4386834475916
3037,dummy-llama-70b-m,dummy-lora-llama-70b-m-rank-8-0,84,39,306.5601236910329
3038,dummy-llama-70b-m,dummy-lora-llama-70b-m-rank-32-3,641,61,306.64385457731646
3039,dummy-llama-70b-m,dummy-lora-llama-70b-m-rank-8-4,142,31,306.6477675407515
3040,dummy-llama-70b-m,dummy-lora-llama-70b-m-rank-16-4,661,11,306.7521694645732
3041,dummy-llama-70b-m,dummy-lora-llama-70b-m-rank-8-4,122,59,306.88295157116505
3042,dummy-llama-70b-m,dummy-lora-llama-70b-m-rank-32-3,643,65,307.1946816465982
3043,dummy-llama-70b-m,dummy-lora-llama-70b-m-rank-16-2,124,46,307.25560397368497
3044,dummy-llama-70b-m,dummy-lora-llama-70b-m-rank-32-3,613,8,307.36085663682553
3045,dummy-llama-70b-m,dummy-lora-llama-70b-m-rank-32-3,495,5,307.3755442650121
3046,dummy-llama-70b-m,dummy-lora-llama-70b-m-rank-128-4,205,43,307.3977014548287
3047,dummy-llama-70b-m,dummy-lora-llama-70b-m-rank-8-2,619,26,307.5188728718047
3048,dummy-llama-70b-m,dummy-lora-llama-70b-m-rank-32-3,536,5,307.7995477484243
3049,dummy-llama-70b-m,dummy-lora-llama-70b-m-rank-16-0,496,52,308.0106557044053
3050,dummy-llama-70b-m,dummy-lora-llama-70b-m-rank-64-2,189,157,308.0698751759174
3051,dummy-llama-70b-m,dummy-lora-llama-70b-m-rank-128-2,607,16,308.11287969823684
3052,dummy-llama-70b-m,dummy-lora-llama-70b-m-rank-16-1,450,44,308.13931035499667
3053,dummy-llama-70b-m,dummy-lora-llama-70b-m-rank-32-1,159,57,308.1484432830268
3054,dummy-llama-70b-m,dummy-lora-llama-70b-m-rank-64-4,708,22,308.1736987039446
3055,dummy-llama-70b-m,dummy-lora-llama-70b-m-rank-32-3,601,18,308.18860766312906
3056,dummy-llama-70b-m,dummy-lora-llama-70b-m-rank-32-0,823,36,308.25461361118204
3057,dummy-llama-70b-m,dummy-lora-llama-70b-m-rank-128-4,255,46,308.2676357669041
3058,dummy-llama-70b-m,dummy-lora-llama-70b-m-rank-32-3,922,13,308.3286307079564
3059,dummy-llama-70b-m,dummy-lora-llama-70b-m-rank-128-0,255,3,308.3351380757195
3060,dummy-llama-70b-m,dummy-lora-llama-70b-m-rank-8-3,227,51,308.507977556504
3061,dummy-llama-70b-m,dummy-lora-llama-70b-m-rank-128-1,473,70,308.53022803355896
3062,dummy-llama-70b-m,dummy-lora-llama-70b-m-rank-8-4,341,48,308.559562211569
3063,dummy-llama-70b-m,dummy-lora-llama-70b-m-rank-64-3,652,67,308.6227006156648
3064,dummy-llama-70b-m,dummy-lora-llama-70b-m-rank-64-2,550,10,308.645935294123
3065,dummy-llama-70b-m,dummy-lora-llama-70b-m-rank-128-3,607,19,308.66301650953346
3066,dummy-llama-70b-m,dummy-lora-llama-70b-m-rank-16-4,970,78,308.76383196780154
3067,dummy-llama-70b-m,dummy-lora-llama-70b-m-rank-8-3,463,53,308.86229108364853
3068,dummy-llama-70b-m,dummy-lora-llama-70b-m-rank-32-1,570,31,309.0617280463883
3069,dummy-llama-70b-m,dummy-lora-llama-70b-m-rank-64-1,554,20,309.11729579241387
3070,dummy-llama-70b-m,dummy-lora-llama-70b-m-rank-64-2,432,35,309.1520479022036
3071,dummy-llama-70b-m,dummy-lora-llama-70b-m-rank-16-0,680,10,309.15309364748066
3072,dummy-llama-70b-m,dummy-lora-llama-70b-m-rank-128-2,555,45,309.2464668223201
3073,dummy-llama-70b-m,dummy-lora-llama-70b-m-rank-64-2,676,40,309.4421627896285
3074,dummy-llama-70b-m,dummy-lora-llama-70b-m-rank-64-2,603,30,309.46370262471333
3075,dummy-llama-70b-m,dummy-lora-llama-70b-m-rank-16-1,458,46,309.523474224553
3076,dummy-llama-70b-m,dummy-lora-llama-70b-m-rank-16-4,312,100,309.84864313012037
3077,dummy-llama-70b-m,dummy-lora-llama-70b-m-rank-16-2,570,31,309.9666012031546
3078,dummy-llama-70b-m,dummy-lora-llama-70b-m-rank-64-4,218,36,310.0051726147512
3079,dummy-llama-70b-m,dummy-lora-llama-70b-m-rank-8-4,554,20,310.0217462875383
3080,dummy-llama-70b-m,dummy-lora-llama-70b-m-rank-32-1,593,34,310.1079140612489
3081,dummy-llama-70b-m,dummy-lora-llama-70b-m-rank-16-4,563,21,310.14503563022583
3082,dummy-llama-70b-m,dummy-lora-llama-70b-m-rank-16-1,114,46,310.15146027771397
3083,dummy-llama-70b-m,dummy-lora-llama-70b-m-rank-16-2,635,26,310.16419612456303
3084,dummy-llama-70b-m,dummy-lora-llama-70b-m-rank-8-0,413,11,310.1800381692394
3085,dummy-llama-70b-m,dummy-lora-llama-70b-m-rank-16-4,437,9,310.2144177287925
3086,dummy-llama-70b-m,dummy-lora-llama-70b-m-rank-16-2,350,82,310.2803688499941
3087,dummy-llama-70b-m,dummy-lora-llama-70b-m-rank-64-3,340,49,310.3238568806049
3088,dummy-llama-70b-m,dummy-lora-llama-70b-m-rank-32-4,307,49,310.3675386629222
3089,dummy-llama-70b-m,dummy-lora-llama-70b-m-rank-128-0,435,46,310.4744187595394
3090,dummy-llama-70b-m,dummy-lora-llama-70b-m-rank-128-2,638,30,310.59319185020996
3091,dummy-llama-70b-m,dummy-lora-llama-70b-m-rank-32-3,560,25,310.7992527527192
3092,dummy-llama-70b-m,dummy-lora-llama-70b-m-rank-16-1,332,33,310.9446122753591
3093,dummy-llama-70b-m,dummy-lora-llama-70b-m-rank-128-2,250,128,311.0206997749348
3094,dummy-llama-70b-m,dummy-lora-llama-70b-m-rank-32-2,429,137,311.0730984709791
3095,dummy-llama-70b-m,dummy-lora-llama-70b-m-rank-128-4,851,47,311.08211859881476
3096,dummy-llama-70b-m,dummy-lora-llama-70b-m-rank-8-1,483,7,311.1536530101183
3097,dummy-llama-70b-m,dummy-lora-llama-70b-m-rank-32-0,283,56,311.1639126079977
3098,dummy-llama-70b-m,dummy-lora-llama-70b-m-rank-8-3,105,70,311.2040410795584
3099,dummy-llama-70b-m,dummy-lora-llama-70b-m-rank-64-4,550,18,311.26154856944055
3100,dummy-llama-70b-m,dummy-lora-llama-70b-m-rank-128-3,550,18,311.60191216861523
3101,dummy-llama-70b-m,dummy-lora-llama-70b-m-rank-128-0,460,41,311.6887826896392
3102,dummy-llama-70b-m,dummy-lora-llama-70b-m-rank-16-3,532,55,311.84035783498905
3103,dummy-llama-70b-m,dummy-lora-llama-70b-m-rank-8-1,248,44,311.91050131966233
3104,dummy-llama-70b-m,dummy-lora-llama-70b-m-rank-8-3,558,24,311.99383756938045
3105,dummy-llama-70b-m,dummy-lora-llama-70b-m-rank-32-1,482,6,312.0200391621218
3106,dummy-llama-70b-m,dummy-lora-llama-70b-m-rank-128-4,215,111,312.09081977576034
3107,dummy-llama-70b-m,dummy-lora-llama-70b-m-rank-8-0,269,8,312.09335138119206
3108,dummy-llama-70b-m,dummy-lora-llama-70b-m-rank-64-1,261,11,312.1429054447284
3109,dummy-llama-70b-m,dummy-lora-llama-70b-m-rank-32-2,572,32,312.19331909171575
3110,dummy-llama-70b-m,dummy-lora-llama-70b-m-rank-128-3,192,32,312.3073899017047
3111,dummy-llama-70b-m,dummy-lora-llama-70b-m-rank-8-3,180,64,312.35095382751155
3112,dummy-llama-70b-m,dummy-lora-llama-70b-m-rank-32-3,552,19,312.5734418208044
3113,dummy-llama-70b-m,dummy-lora-llama-70b-m-rank-64-2,554,22,312.5967681673794
3114,dummy-llama-70b-m,dummy-lora-llama-70b-m-rank-16-4,259,6,312.63902821168
3115,dummy-llama-70b-m,dummy-lora-llama-70b-m-rank-16-4,552,19,312.74241190685757
3116,dummy-llama-70b-m,dummy-lora-llama-70b-m-rank-32-2,289,10,312.85625797483215
3117,dummy-llama-70b-m,dummy-lora-llama-70b-m-rank-128-0,607,3,313.0450689275552
3118,dummy-llama-70b-m,dummy-lora-llama-70b-m-rank-16-3,439,19,313.09240819480016
3119,dummy-llama-70b-m,dummy-lora-llama-70b-m-rank-128-4,568,27,313.12240694536194
3120,dummy-llama-70b-m,dummy-lora-llama-70b-m-rank-16-2,574,2,313.21939453812575
3121,dummy-llama-70b-m,dummy-lora-llama-70b-m-rank-128-0,279,145,313.25522965968
3122,dummy-llama-70b-m,dummy-lora-llama-70b-m-rank-128-2,556,22,313.26447194360344
3123,dummy-llama-70b-m,dummy-lora-llama-70b-m-rank-128-1,578,24,313.31739462945137
3124,dummy-llama-70b-m,dummy-lora-llama-70b-m-rank-32-0,533,53,313.3469289160189
3125,dummy-llama-70b-m,dummy-lora-llama-70b-m-rank-32-0,556,23,313.3481928382285
3126,dummy-llama-70b-m,dummy-lora-llama-70b-m-rank-32-0,396,48,313.4639629553971
3127,dummy-llama-70b-m,dummy-lora-llama-70b-m-rank-8-2,575,23,313.79962416679444
3128,dummy-llama-70b-m,dummy-lora-llama-70b-m-rank-32-1,603,16,313.8639345049158
3129,dummy-llama-70b-m,dummy-lora-llama-70b-m-rank-64-1,564,17,313.88045875574704
3130,dummy-llama-70b-m,dummy-lora-llama-70b-m-rank-64-3,549,77,314.1580636250091
3131,dummy-llama-70b-m,dummy-lora-llama-70b-m-rank-8-2,455,52,314.4017964647276
3132,dummy-llama-70b-m,dummy-lora-llama-70b-m-rank-16-1,212,49,314.5469651327363
3133,dummy-llama-70b-m,dummy-lora-llama-70b-m-rank-16-4,732,24,314.69396583327364
3134,dummy-llama-70b-m,dummy-lora-llama-70b-m-rank-16-2,558,24,314.80437946839737
3135,dummy-llama-70b-m,dummy-lora-llama-70b-m-rank-32-1,387,48,314.8225138228133
3136,dummy-llama-70b-m,dummy-lora-llama-70b-m-rank-64-3,340,40,314.9082173934447
3137,dummy-llama-70b-m,dummy-lora-llama-70b-m-rank-8-2,389,5,314.98849272158003
3138,dummy-llama-70b-m,dummy-lora-llama-70b-m-rank-8-3,181,45,315.00540740735914
3139,dummy-llama-70b-m,dummy-lora-llama-70b-m-rank-128-2,560,23,315.14856579919365
3140,dummy-llama-70b-m,dummy-lora-llama-70b-m-rank-128-1,718,34,315.15259829829694
3141,dummy-llama-70b-m,dummy-lora-llama-70b-m-rank-64-0,586,19,315.19298726339326
3142,dummy-llama-70b-m,dummy-lora-llama-70b-m-rank-64-2,566,24,315.30970679959495
3143,dummy-llama-70b-m,dummy-lora-llama-70b-m-rank-128-0,504,36,315.5923685765302
3144,dummy-llama-70b-m,dummy-lora-llama-70b-m-rank-8-4,349,11,315.6384371372133
3145,dummy-llama-70b-m,dummy-lora-llama-70b-m-rank-32-0,267,135,315.78412786474706
3146,dummy-llama-70b-m,dummy-lora-llama-70b-m-rank-16-4,544,10,316.19210978889856
3147,dummy-llama-70b-m,dummy-lora-llama-70b-m-rank-8-4,287,56,316.2388281209867
3148,dummy-llama-70b-m,dummy-lora-llama-70b-m-rank-32-3,550,18,316.3280169915654
3149,dummy-llama-70b-m,dummy-lora-llama-70b-m-rank-8-2,376,72,316.58280530075484
3150,dummy-llama-70b-m,dummy-lora-llama-70b-m-rank-64-2,352,56,316.6370271090393
3151,dummy-llama-70b-m,dummy-lora-llama-70b-m-rank-128-0,443,49,316.69873205907027
3152,dummy-llama-70b-m,dummy-lora-llama-70b-m-rank-64-0,479,9,316.71837497320837
3153,dummy-llama-70b-m,dummy-lora-llama-70b-m-rank-8-0,1008,32,316.7387005117214
3154,dummy-llama-70b-m,dummy-lora-llama-70b-m-rank-32-1,669,23,316.7447726453771
3155,dummy-llama-70b-m,dummy-lora-llama-70b-m-rank-64-1,269,19,316.75296762003404
3156,dummy-llama-70b-m,dummy-lora-llama-70b-m-rank-16-1,315,44,316.8112877722452
3157,dummy-llama-70b-m,dummy-lora-llama-70b-m-rank-16-0,568,44,316.8289923332229
3158,dummy-llama-70b-m,dummy-lora-llama-70b-m-rank-32-2,641,51,316.879191502173
3159,dummy-llama-70b-m,dummy-lora-llama-70b-m-rank-32-3,220,110,316.9592211846065
3160,dummy-llama-70b-m,dummy-lora-llama-70b-m-rank-32-0,338,74,316.95989479125313
3161,dummy-llama-70b-m,dummy-lora-llama-70b-m-rank-128-2,540,49,316.98471445698493
3162,dummy-llama-70b-m,dummy-lora-llama-70b-m-rank-8-2,386,51,317.1263005447772
3163,dummy-llama-70b-m,dummy-lora-llama-70b-m-rank-16-1,427,9,317.28417670547344
3164,dummy-llama-70b-m,dummy-lora-llama-70b-m-rank-16-3,140,128,317.3305513637304
3165,dummy-llama-70b-m,dummy-lora-llama-70b-m-rank-32-4,636,3,317.4455494669386
3166,dummy-llama-70b-m,dummy-lora-llama-70b-m-rank-128-1,208,129,317.63035225526687
3167,dummy-llama-70b-m,dummy-lora-llama-70b-m-rank-64-1,604,82,317.6924962485668
3168,dummy-llama-70b-m,dummy-lora-llama-70b-m-rank-64-4,446,54,317.80195916839364
3169,dummy-llama-70b-m,dummy-lora-llama-70b-m-rank-64-3,430,60,317.83341406567814
3170,dummy-llama-70b-m,dummy-lora-llama-70b-m-rank-64-3,545,54,317.8710355356313
3171,dummy-llama-70b-m,dummy-lora-llama-70b-m-rank-16-4,126,19,317.93556808981197
3172,dummy-llama-70b-m,dummy-lora-llama-70b-m-rank-8-0,588,48,318.01142340256206
3173,dummy-llama-70b-m,dummy-lora-llama-70b-m-rank-16-2,525,59,318.0236110086013
3174,dummy-llama-70b-m,dummy-lora-llama-70b-m-rank-8-3,645,69,318.16585363185027
3175,dummy-llama-70b-m,dummy-lora-llama-70b-m-rank-8-2,289,8,318.2370150883529
3176,dummy-llama-70b-m,dummy-lora-llama-70b-m-rank-128-0,738,95,318.36122203065645
3177,dummy-llama-70b-m,dummy-lora-llama-70b-m-rank-128-0,317,49,318.41232199556464
3178,dummy-llama-70b-m,dummy-lora-llama-70b-m-rank-128-2,711,39,318.52618348854077
3179,dummy-llama-70b-m,dummy-lora-llama-70b-m-rank-32-2,578,33,318.56735781641976
3180,dummy-llama-70b-m,dummy-lora-llama-70b-m-rank-32-2,468,123,318.6204355330769
3181,dummy-llama-70b-m,dummy-lora-llama-70b-m-rank-128-4,554,20,318.67732990861725
3182,dummy-llama-70b-m,dummy-lora-llama-70b-m-rank-128-0,197,107,318.6803703617578
3183,dummy-llama-70b-m,dummy-lora-llama-70b-m-rank-128-0,651,11,318.6952028062689
3184,dummy-llama-70b-m,dummy-lora-llama-70b-m-rank-64-1,335,8,318.77289068968616
3185,dummy-llama-70b-m,dummy-lora-llama-70b-m-rank-32-2,556,21,318.79174924695894
3186,dummy-llama-70b-m,dummy-lora-llama-70b-m-rank-64-0,473,36,319.1714422370857
3187,dummy-llama-70b-m,dummy-lora-llama-70b-m-rank-128-0,558,14,319.23665896117814
3188,dummy-llama-70b-m,dummy-lora-llama-70b-m-rank-64-3,446,47,319.25126256900637
3189,dummy-llama-70b-m,dummy-lora-llama-70b-m-rank-8-1,889,3,319.7235903096169
3190,dummy-llama-70b-m,dummy-lora-llama-70b-m-rank-128-0,634,9,319.8487900100481
3191,dummy-llama-70b-m,dummy-lora-llama-70b-m-rank-8-2,330,167,319.84904012952603
3192,dummy-llama-70b-m,dummy-lora-llama-70b-m-rank-16-3,702,97,319.99395573724735
3193,dummy-llama-70b-m,dummy-lora-llama-70b-m-rank-32-2,266,8,320.1017589543022
3194,dummy-llama-70b-m,dummy-lora-llama-70b-m-rank-16-2,186,70,320.1832038055349
3195,dummy-llama-70b-m,dummy-lora-llama-70b-m-rank-8-0,599,17,320.20628780848324
3196,dummy-llama-70b-m,dummy-lora-llama-70b-m-rank-64-1,564,25,320.6574815262659
3197,dummy-llama-70b-m,dummy-lora-llama-70b-m-rank-16-4,562,16,320.75042568737257
3198,dummy-llama-70b-m,dummy-lora-llama-70b-m-rank-64-1,153,62,320.8518377434054
3199,dummy-llama-70b-m,dummy-lora-llama-70b-m-rank-16-3,410,9,320.85628330533154
3200,dummy-llama-70b-m,dummy-lora-llama-70b-m-rank-16-3,554,62,320.9276354966029
3201,dummy-llama-70b-m,dummy-lora-llama-70b-m-rank-128-0,618,21,320.97515039739835
3202,dummy-llama-70b-m,dummy-lora-llama-70b-m-rank-16-2,420,62,321.0191876475962
3203,dummy-llama-70b-m,dummy-lora-llama-70b-m-rank-128-2,352,40,321.3624348810324
3204,dummy-llama-70b-m,dummy-lora-llama-70b-m-rank-128-1,606,19,321.40664361089097
3205,dummy-llama-70b-m,dummy-lora-llama-70b-m-rank-128-4,611,37,321.4297462013224
3206,dummy-llama-70b-m,dummy-lora-llama-70b-m-rank-64-4,691,6,321.5650709185957
3207,dummy-llama-70b-m,dummy-lora-llama-70b-m-rank-32-3,548,47,321.5757078521393
3208,dummy-llama-70b-m,dummy-lora-llama-70b-m-rank-16-2,458,19,321.6289316272861
3209,dummy-llama-70b-m,dummy-lora-llama-70b-m-rank-8-0,174,44,321.7866678068034
3210,dummy-llama-70b-m,dummy-lora-llama-70b-m-rank-32-3,269,56,321.8495596724365
3211,dummy-llama-70b-m,dummy-lora-llama-70b-m-rank-32-4,560,26,321.9513588275715
3212,dummy-llama-70b-m,dummy-lora-llama-70b-m-rank-8-1,603,27,322.01042572652193
3213,dummy-llama-70b-m,dummy-lora-llama-70b-m-rank-8-1,412,201,322.1135728496065
3214,dummy-llama-70b-m,dummy-lora-llama-70b-m-rank-128-4,409,35,322.1270488741177
3215,dummy-llama-70b-m,dummy-lora-llama-70b-m-rank-16-1,585,27,322.19412297864943
3216,dummy-llama-70b-m,dummy-lora-llama-70b-m-rank-16-0,226,75,322.36522292829176
3217,dummy-llama-70b-m,dummy-lora-llama-70b-m-rank-128-3,270,132,322.64010486697373
3218,dummy-llama-70b-m,dummy-lora-llama-70b-m-rank-64-1,653,58,322.893980481028
3219,dummy-llama-70b-m,dummy-lora-llama-70b-m-rank-32-2,402,8,322.9883345618042
3220,dummy-llama-70b-m,dummy-lora-llama-70b-m-rank-8-3,626,62,323.0246600747067
3221,dummy-llama-70b-m,dummy-lora-llama-70b-m-rank-8-0,971,49,323.0854149541677
3222,dummy-llama-70b-m,dummy-lora-llama-70b-m-rank-32-4,558,8,323.1871507562516
3223,dummy-llama-70b-m,dummy-lora-llama-70b-m-rank-64-0,357,10,323.31433356417074
3224,dummy-llama-70b-m,dummy-lora-llama-70b-m-rank-64-3,951,26,323.4165845649499
3225,dummy-llama-70b-m,dummy-lora-llama-70b-m-rank-16-1,686,8,323.5294583238693
3226,dummy-llama-70b-m,dummy-lora-llama-70b-m-rank-32-3,618,20,323.5390471708135
3227,dummy-llama-70b-m,dummy-lora-llama-70b-m-rank-8-3,54,80,323.60504166556984
3228,dummy-llama-70b-m,dummy-lora-llama-70b-m-rank-8-2,246,46,323.6935389814764
3229,dummy-llama-70b-m,dummy-lora-llama-70b-m-rank-32-4,969,40,324.18308331980205
3230,dummy-llama-70b-m,dummy-lora-llama-70b-m-rank-128-2,190,7,324.2578232307474
3231,dummy-llama-70b-m,dummy-lora-llama-70b-m-rank-16-2,678,12,324.27051750382344
3232,dummy-llama-70b-m,dummy-lora-llama-70b-m-rank-64-1,578,12,324.32439218300476
3233,dummy-llama-70b-m,dummy-lora-llama-70b-m-rank-8-1,380,6,324.32986876403857
3234,dummy-llama-70b-m,dummy-lora-llama-70b-m-rank-32-0,622,24,324.5179839518322
3235,dummy-llama-70b-m,dummy-lora-llama-70b-m-rank-8-0,583,79,324.6527692256656
3236,dummy-llama-70b-m,dummy-lora-llama-70b-m-rank-16-0,226,28,324.66088856589676
3237,dummy-llama-70b-m,dummy-lora-llama-70b-m-rank-16-2,393,10,324.73111792425306
3238,dummy-llama-70b-m,dummy-lora-llama-70b-m-rank-32-3,379,52,324.80055573707546
3239,dummy-llama-70b-m,dummy-lora-llama-70b-m-rank-8-3,212,47,324.8514783069357
3240,dummy-llama-70b-m,dummy-lora-llama-70b-m-rank-8-1,315,20,324.88876854027154
3241,dummy-llama-70b-m,dummy-lora-llama-70b-m-rank-32-1,586,39,324.9328427700685
3242,dummy-llama-70b-m,dummy-lora-llama-70b-m-rank-8-4,554,20,325.0545418709939
3243,dummy-llama-70b-m,dummy-lora-llama-70b-m-rank-64-4,270,61,325.0640279193285
3244,dummy-llama-70b-m,dummy-lora-llama-70b-m-rank-64-2,511,32,325.102557915221
3245,dummy-llama-70b-m,dummy-lora-llama-70b-m-rank-32-3,437,57,325.1640912652503
3246,dummy-llama-70b-m,dummy-lora-llama-70b-m-rank-64-4,552,19,325.2791762463527
3247,dummy-llama-70b-m,dummy-lora-llama-70b-m-rank-8-2,168,47,325.29066471944464
3248,dummy-llama-70b-m,dummy-lora-llama-70b-m-rank-16-1,550,11,325.3573957382036
3249,dummy-llama-70b-m,dummy-lora-llama-70b-m-rank-128-3,608,22,325.40340254097816
3250,dummy-llama-70b-m,dummy-lora-llama-70b-m-rank-128-0,313,237,325.6478845225256
3251,dummy-llama-70b-m,dummy-lora-llama-70b-m-rank-32-4,377,33,325.7566882318394
3252,dummy-llama-70b-m,dummy-lora-llama-70b-m-rank-64-0,745,48,325.8183276112752
3253,dummy-llama-70b-m,dummy-lora-llama-70b-m-rank-32-2,576,28,325.9588466934753
3254,dummy-llama-70b-m,dummy-lora-llama-70b-m-rank-16-2,314,11,325.95927289556505
3255,dummy-llama-70b-m,dummy-lora-llama-70b-m-rank-32-0,280,5,326.03651275186735
3256,dummy-llama-70b-m,dummy-lora-llama-70b-m-rank-8-1,313,9,326.16242429505564
3257,dummy-llama-70b-m,dummy-lora-llama-70b-m-rank-64-3,452,7,326.19485858738926
3258,dummy-llama-70b-m,dummy-lora-llama-70b-m-rank-32-4,584,18,326.31481925929836
3259,dummy-llama-70b-m,dummy-lora-llama-70b-m-rank-8-4,638,30,326.39664254296406
3260,dummy-llama-70b-m,dummy-lora-llama-70b-m-rank-32-4,427,54,326.4432703634405
3261,dummy-llama-70b-m,dummy-lora-llama-70b-m-rank-128-0,562,38,326.6222169748033
3262,dummy-llama-70b-m,dummy-lora-llama-70b-m-rank-128-0,729,3,326.9025031537311
3263,dummy-llama-70b-m,dummy-lora-llama-70b-m-rank-32-4,554,22,326.9833200881378
3264,dummy-llama-70b-m,dummy-lora-llama-70b-m-rank-64-4,596,8,327.1876970397692
3265,dummy-llama-70b-m,dummy-lora-llama-70b-m-rank-64-4,327,11,327.36683580295073
3266,dummy-llama-70b-m,dummy-lora-llama-70b-m-rank-128-3,609,21,327.4313782798096
3267,dummy-llama-70b-m,dummy-lora-llama-70b-m-rank-128-0,613,38,327.49764732224975
3268,dummy-llama-70b-m,dummy-lora-llama-70b-m-rank-32-4,303,48,327.50728897128096
3269,dummy-llama-70b-m,dummy-lora-llama-70b-m-rank-32-1,353,10,327.64539439199274
3270,dummy-llama-70b-m,dummy-lora-llama-70b-m-rank-8-3,596,38,327.8413487309215
3271,dummy-llama-70b-m,dummy-lora-llama-70b-m-rank-16-2,421,233,328.12257140702275
3272,dummy-llama-70b-m,dummy-lora-llama-70b-m-rank-128-0,256,70,328.1991298032279
3273,dummy-llama-70b-m,dummy-lora-llama-70b-m-rank-32-2,182,52,328.39665710882764
3274,dummy-llama-70b-m,dummy-lora-llama-70b-m-rank-32-2,580,95,328.4446983434247
3275,dummy-llama-70b-m,dummy-lora-llama-70b-m-rank-32-2,565,9,328.48568259512945
3276,dummy-llama-70b-m,dummy-lora-llama-70b-m-rank-8-4,477,47,328.4915452192673
3277,dummy-llama-70b-m,dummy-lora-llama-70b-m-rank-16-3,323,6,328.5059145404822
3278,dummy-llama-70b-m,dummy-lora-llama-70b-m-rank-32-1,560,15,328.6329812509373
3279,dummy-llama-70b-m,dummy-lora-llama-70b-m-rank-8-1,560,21,328.76338171049986
3280,dummy-llama-70b-m,dummy-lora-llama-70b-m-rank-32-4,393,9,328.7649110990473
3281,dummy-llama-70b-m,dummy-lora-llama-70b-m-rank-128-4,915,58,328.8727833184296
3282,dummy-llama-70b-m,dummy-lora-llama-70b-m-rank-64-0,554,22,329.14418915694876
3283,dummy-llama-70b-m,dummy-lora-llama-70b-m-rank-16-1,327,29,329.4023271608939
3284,dummy-llama-70b-m,dummy-lora-llama-70b-m-rank-128-1,560,25,329.426965231997
3285,dummy-llama-70b-m,dummy-lora-llama-70b-m-rank-8-1,680,10,329.428917632385
3286,dummy-llama-70b-m,dummy-lora-llama-70b-m-rank-64-3,378,65,329.60899040476824
3287,dummy-llama-70b-m,dummy-lora-llama-70b-m-rank-16-3,614,85,329.609248150993
3288,dummy-llama-70b-m,dummy-lora-llama-70b-m-rank-8-4,419,245,329.61159164102486
3289,dummy-llama-70b-m,dummy-lora-llama-70b-m-rank-32-0,240,79,329.62830746854695
3290,dummy-llama-70b-m,dummy-lora-llama-70b-m-rank-64-3,562,24,329.73729344421224
3291,dummy-llama-70b-m,dummy-lora-llama-70b-m-rank-64-3,93,38,329.7695586963578
3292,dummy-llama-70b-m,dummy-lora-llama-70b-m-rank-32-2,671,7,329.8380257077664
3293,dummy-llama-70b-m,dummy-lora-llama-70b-m-rank-32-0,56,100,329.86059196545557
3294,dummy-llama-70b-m,dummy-lora-llama-70b-m-rank-8-4,453,77,329.94708343622773
3295,dummy-llama-70b-m,dummy-lora-llama-70b-m-rank-8-0,402,40,330.1350959842153
3296,dummy-llama-70b-m,dummy-lora-llama-70b-m-rank-64-1,308,68,330.1476502894026
3297,dummy-llama-70b-m,dummy-lora-llama-70b-m-rank-16-3,317,131,330.21372087878797
3298,dummy-llama-70b-m,dummy-lora-llama-70b-m-rank-8-1,632,8,330.290460534162
3299,dummy-llama-70b-m,dummy-lora-llama-70b-m-rank-128-0,181,64,330.5026135747036
3300,dummy-llama-70b-m,dummy-lora-llama-70b-m-rank-8-1,550,16,330.53612945966694
3301,dummy-llama-70b-m,dummy-lora-llama-70b-m-rank-16-3,461,5,330.73027476387546
3302,dummy-llama-70b-m,dummy-lora-llama-70b-m-rank-8-2,410,39,330.835339418459
3303,dummy-llama-70b-m,dummy-lora-llama-70b-m-rank-128-3,163,19,330.8669095943839
3304,dummy-llama-70b-m,dummy-lora-llama-70b-m-rank-16-0,419,44,331.18743543703283
3305,dummy-llama-70b-m,dummy-lora-llama-70b-m-rank-128-0,386,63,331.20644160166665
3306,dummy-llama-70b-m,dummy-lora-llama-70b-m-rank-32-0,836,8,331.3259556940131
3307,dummy-llama-70b-m,dummy-lora-llama-70b-m-rank-64-0,281,48,331.34179805455256
3308,dummy-llama-70b-m,dummy-lora-llama-70b-m-rank-32-2,273,45,331.34316361942854
3309,dummy-llama-70b-m,dummy-lora-llama-70b-m-rank-32-0,558,23,331.50286157011686
3310,dummy-llama-70b-m,dummy-lora-llama-70b-m-rank-8-4,656,26,331.54596040907956
3311,dummy-llama-70b-m,dummy-lora-llama-70b-m-rank-32-3,560,13,331.5652658229289
3312,dummy-llama-70b-m,dummy-lora-llama-70b-m-rank-16-3,556,21,331.7770608850826
3313,dummy-llama-70b-m,dummy-lora-llama-70b-m-rank-16-2,293,39,331.9181115706824
3314,dummy-llama-70b-m,dummy-lora-llama-70b-m-rank-32-4,148,54,331.9636584455859
3315,dummy-llama-70b-m,dummy-lora-llama-70b-m-rank-64-3,570,31,331.99707418068266
3316,dummy-llama-70b-m,dummy-lora-llama-70b-m-rank-32-2,840,41,332.0089953959207
3317,dummy-llama-70b-m,dummy-lora-llama-70b-m-rank-64-0,510,13,332.1994144231917
3318,dummy-llama-70b-m,dummy-lora-llama-70b-m-rank-32-4,457,50,332.2680401685657
3319,dummy-llama-70b-m,dummy-lora-llama-70b-m-rank-32-1,1002,50,332.71599369466327
3320,dummy-llama-70b-m,dummy-lora-llama-70b-m-rank-128-2,119,72,332.78771010192816
3321,dummy-llama-70b-m,dummy-lora-llama-70b-m-rank-64-2,631,8,332.82439529664725
3322,dummy-llama-70b-m,dummy-lora-llama-70b-m-rank-64-3,281,54,332.87374775866397
3323,dummy-llama-70b-m,dummy-lora-llama-70b-m-rank-128-2,558,22,332.9165397986437
3324,dummy-llama-70b-m,dummy-lora-llama-70b-m-rank-128-2,609,24,332.9567867039398
3325,dummy-llama-70b-m,dummy-lora-llama-70b-m-rank-8-4,858,56,332.9826839765738
3326,dummy-llama-70b-m,dummy-lora-llama-70b-m-rank-128-3,400,71,333.16826528291483
3327,dummy-llama-70b-m,dummy-lora-llama-70b-m-rank-32-3,578,23,333.1841810888588
3328,dummy-llama-70b-m,dummy-lora-llama-70b-m-rank-64-1,259,60,333.21424413056707
3329,dummy-llama-70b-m,dummy-lora-llama-70b-m-rank-16-0,244,131,333.23396381144903
3330,dummy-llama-70b-m,dummy-lora-llama-70b-m-rank-64-1,128,19,333.2387677660818
3331,dummy-llama-70b-m,dummy-lora-llama-70b-m-rank-8-4,568,30,333.2391046216989
3332,dummy-llama-70b-m,dummy-lora-llama-70b-m-rank-8-4,234,3,333.2901074693835
3333,dummy-llama-70b-m,dummy-lora-llama-70b-m-rank-64-4,564,25,333.2966582971932
3334,dummy-llama-70b-m,dummy-lora-llama-70b-m-rank-16-3,576,29,333.30634368519134
3335,dummy-llama-70b-m,dummy-lora-llama-70b-m-rank-32-2,538,41,333.46045213735164
3336,dummy-llama-70b-m,dummy-lora-llama-70b-m-rank-128-3,620,53,333.50614684422925
3337,dummy-llama-70b-m,dummy-lora-llama-70b-m-rank-8-0,529,49,333.6158154853289
3338,dummy-llama-70b-m,dummy-lora-llama-70b-m-rank-16-3,644,8,333.68401492543194
3339,dummy-llama-70b-m,dummy-lora-llama-70b-m-rank-16-0,480,6,333.7210565377523
3340,dummy-llama-70b-m,dummy-lora-llama-70b-m-rank-128-4,556,21,333.8403740605061
3341,dummy-llama-70b-m,dummy-lora-llama-70b-m-rank-16-2,558,22,333.97872714820573
3342,dummy-llama-70b-m,dummy-lora-llama-70b-m-rank-64-3,551,12,334.00649953614425
3343,dummy-llama-70b-m,dummy-lora-llama-70b-m-rank-16-3,578,14,334.0549287806243
3344,dummy-llama-70b-m,dummy-lora-llama-70b-m-rank-16-4,582,17,334.1601872500583
3345,dummy-llama-70b-m,dummy-lora-llama-70b-m-rank-64-1,181,117,334.2830369051625
3346,dummy-llama-70b-m,dummy-lora-llama-70b-m-rank-16-4,446,12,334.4515492667878
3347,dummy-llama-70b-m,dummy-lora-llama-70b-m-rank-8-2,414,18,334.52745822548275
3348,dummy-llama-70b-m,dummy-lora-llama-70b-m-rank-64-2,300,17,334.7606728838123
3349,dummy-llama-70b-m,dummy-lora-llama-70b-m-rank-32-4,411,53,335.0363188161615
3350,dummy-llama-70b-m,dummy-lora-llama-70b-m-rank-32-2,822,49,335.10794450431285
3351,dummy-llama-70b-m,dummy-lora-llama-70b-m-rank-128-4,163,146,335.4788518734912
3352,dummy-llama-70b-m,dummy-lora-llama-70b-m-rank-8-4,1003,52,335.6432639550602
3353,dummy-llama-70b-m,dummy-lora-llama-70b-m-rank-32-1,586,38,335.6569699003203
3354,dummy-llama-70b-m,dummy-lora-llama-70b-m-rank-16-4,474,39,335.6614254688474
3355,dummy-llama-70b-m,dummy-lora-llama-70b-m-rank-16-1,592,11,335.69692636588474
3356,dummy-llama-70b-m,dummy-lora-llama-70b-m-rank-32-0,546,8,335.73487829880634
3357,dummy-llama-70b-m,dummy-lora-llama-70b-m-rank-32-2,53,47,335.8164246827999
3358,dummy-llama-70b-m,dummy-lora-llama-70b-m-rank-16-3,591,8,335.88841394448013
3359,dummy-llama-70b-m,dummy-lora-llama-70b-m-rank-8-2,116,46,335.95522047945184
3360,dummy-llama-70b-m,dummy-lora-llama-70b-m-rank-64-4,435,13,336.01370577290106
3361,dummy-llama-70b-m,dummy-lora-llama-70b-m-rank-8-4,274,5,336.19621440843923
3362,dummy-llama-70b-m,dummy-lora-llama-70b-m-rank-64-2,227,45,336.286432984355
3363,dummy-llama-70b-m,dummy-lora-llama-70b-m-rank-16-3,552,19,336.4833261382707
3364,dummy-llama-70b-m,dummy-lora-llama-70b-m-rank-8-1,568,8,336.6206664993053
3365,dummy-llama-70b-m,dummy-lora-llama-70b-m-rank-16-1,273,108,336.79621997821374
3366,dummy-llama-70b-m,dummy-lora-llama-70b-m-rank-16-1,639,14,336.8766775796074
3367,dummy-llama-70b-m,dummy-lora-llama-70b-m-rank-16-3,302,44,336.9121532527805
3368,dummy-llama-70b-m,dummy-lora-llama-70b-m-rank-8-4,347,48,336.95244115084625
3369,dummy-llama-70b-m,dummy-lora-llama-70b-m-rank-16-1,314,61,336.9965044622193
3370,dummy-llama-70b-m,dummy-lora-llama-70b-m-rank-8-1,802,74,337.14696768624265
3371,dummy-llama-70b-m,dummy-lora-llama-70b-m-rank-8-0,572,25,337.25395677427935
3372,dummy-llama-70b-m,dummy-lora-llama-70b-m-rank-16-3,256,41,337.2616975197362
3373,dummy-llama-70b-m,dummy-lora-llama-70b-m-rank-128-4,560,23,337.4722873793944
3374,dummy-llama-70b-m,dummy-lora-llama-70b-m-rank-16-4,245,213,337.8245134134544
3375,dummy-llama-70b-m,dummy-lora-llama-70b-m-rank-32-3,560,26,338.0682995401979
3376,dummy-llama-70b-m,dummy-lora-llama-70b-m-rank-64-3,835,12,338.23755170638873
3377,dummy-llama-70b-m,dummy-lora-llama-70b-m-rank-8-3,442,45,338.24220011857426
3378,dummy-llama-70b-m,dummy-lora-llama-70b-m-rank-128-0,602,57,338.3516800495408
3379,dummy-llama-70b-m,dummy-lora-llama-70b-m-rank-128-2,430,43,338.3939074399711
3380,dummy-llama-70b-m,dummy-lora-llama-70b-m-rank-32-3,316,144,338.429827629486
3381,dummy-llama-70b-m,dummy-lora-llama-70b-m-rank-128-0,483,100,338.8470476285745
3382,dummy-llama-70b-m,dummy-lora-llama-70b-m-rank-32-1,543,76,339.34884764411123
3383,dummy-llama-70b-m,dummy-lora-llama-70b-m-rank-64-3,143,178,339.5816072390325
3384,dummy-llama-70b-m,dummy-lora-llama-70b-m-rank-16-2,550,18,339.61798301090363
3385,dummy-llama-70b-m,dummy-lora-llama-70b-m-rank-32-2,546,16,339.6216626235893
3386,dummy-llama-70b-m,dummy-lora-llama-70b-m-rank-128-0,340,44,339.859722332008
3387,dummy-llama-70b-m,dummy-lora-llama-70b-m-rank-8-0,556,21,339.92448340873614
3388,dummy-llama-70b-m,dummy-lora-llama-70b-m-rank-32-2,555,19,340.1278023736701
3389,dummy-llama-70b-m,dummy-lora-llama-70b-m-rank-16-3,282,107,340.2758357717961
3390,dummy-llama-70b-m,dummy-lora-llama-70b-m-rank-32-1,811,9,340.3660847015304
3391,dummy-llama-70b-m,dummy-lora-llama-70b-m-rank-32-2,502,57,340.6652150253743
3392,dummy-llama-70b-m,dummy-lora-llama-70b-m-rank-64-2,596,22,340.8863069034799
3393,dummy-llama-70b-m,dummy-lora-llama-70b-m-rank-32-2,642,14,341.1836017063705
3394,dummy-llama-70b-m,dummy-lora-llama-70b-m-rank-64-3,603,24,341.247112981347
3395,dummy-llama-70b-m,dummy-lora-llama-70b-m-rank-128-1,570,28,341.2642150886656
3396,dummy-llama-70b-m,dummy-lora-llama-70b-m-rank-128-3,390,46,341.4559626107211
3397,dummy-llama-70b-m,dummy-lora-llama-70b-m-rank-64-0,198,44,341.4989002950577
3398,dummy-llama-70b-m,dummy-lora-llama-70b-m-rank-16-1,686,20,341.5080637384627
3399,dummy-llama-70b-m,dummy-lora-llama-70b-m-rank-32-3,568,29,341.960607082601
3400,dummy-llama-70b-m,dummy-lora-llama-70b-m-rank-16-3,473,83,342.20657627781117
3401,dummy-llama-70b-m,dummy-lora-llama-70b-m-rank-128-4,153,33,342.2395019301371
3402,dummy-llama-70b-m,dummy-lora-llama-70b-m-rank-32-2,603,19,342.3233280634873
3403,dummy-llama-70b-m,dummy-lora-llama-70b-m-rank-32-2,576,34,342.3621781597375
3404,dummy-llama-70b-m,dummy-lora-llama-70b-m-rank-128-1,556,13,342.54602610228454
3405,dummy-llama-70b-m,dummy-lora-llama-70b-m-rank-128-0,50,38,342.5833401293283
3406,dummy-llama-70b-m,dummy-lora-llama-70b-m-rank-64-4,687,4,342.62218337631276
3407,dummy-llama-70b-m,dummy-lora-llama-70b-m-rank-8-3,553,73,342.74330875684245
3408,dummy-llama-70b-m,dummy-lora-llama-70b-m-rank-32-4,54,46,342.8173893155408
3409,dummy-llama-70b-m,dummy-lora-llama-70b-m-rank-128-4,558,25,342.85621958447314
3410,dummy-llama-70b-m,dummy-lora-llama-70b-m-rank-32-4,535,172,342.9402484635729
3411,dummy-llama-70b-m,dummy-lora-llama-70b-m-rank-32-2,259,37,342.9543914276239
3412,dummy-llama-70b-m,dummy-lora-llama-70b-m-rank-128-3,821,66,342.98286730262794
3413,dummy-llama-70b-m,dummy-lora-llama-70b-m-rank-32-3,255,32,343.0678476050132
3414,dummy-llama-70b-m,dummy-lora-llama-70b-m-rank-16-0,605,22,343.19834342741365
3415,dummy-llama-70b-m,dummy-lora-llama-70b-m-rank-32-0,548,17,343.2438811358291
3416,dummy-llama-70b-m,dummy-lora-llama-70b-m-rank-128-2,299,65,343.2649555275195
3417,dummy-llama-70b-m,dummy-lora-llama-70b-m-rank-16-3,580,16,343.2789098391002
3418,dummy-llama-70b-m,dummy-lora-llama-70b-m-rank-16-4,567,11,343.311261348075
3419,dummy-llama-70b-m,dummy-lora-llama-70b-m-rank-64-3,556,23,343.4071493733048
3420,dummy-llama-70b-m,dummy-lora-llama-70b-m-rank-64-4,350,52,343.61703063591887
3421,dummy-llama-70b-m,dummy-lora-llama-70b-m-rank-64-4,696,47,343.8993273836313
3422,dummy-llama-70b-m,dummy-lora-llama-70b-m-rank-8-4,556,21,343.9186075554442
3423,dummy-llama-70b-m,dummy-lora-llama-70b-m-rank-16-3,176,19,344.0365537953913
3424,dummy-llama-70b-m,dummy-lora-llama-70b-m-rank-16-1,356,52,344.0445554052331
3425,dummy-llama-70b-m,dummy-lora-llama-70b-m-rank-32-2,195,48,344.08000739465274
3426,dummy-llama-70b-m,dummy-lora-llama-70b-m-rank-16-2,178,42,344.11699061436804
3427,dummy-llama-70b-m,dummy-lora-llama-70b-m-rank-8-1,542,31,344.3078086791885
3428,dummy-llama-70b-m,dummy-lora-llama-70b-m-rank-32-3,926,3,344.52993978814874
3429,dummy-llama-70b-m,dummy-lora-llama-70b-m-rank-128-1,429,6,344.6519217501198
3430,dummy-llama-70b-m,dummy-lora-llama-70b-m-rank-32-0,804,5,344.6587199297007
3431,dummy-llama-70b-m,dummy-lora-llama-70b-m-rank-8-1,334,54,344.72810795431394
3432,dummy-llama-70b-m,dummy-lora-llama-70b-m-rank-16-3,227,84,344.74824930421306
3433,dummy-llama-70b-m,dummy-lora-llama-70b-m-rank-32-0,797,87,344.81331196222936
3434,dummy-llama-70b-m,dummy-lora-llama-70b-m-rank-16-4,971,169,344.8368551815031
3435,dummy-llama-70b-m,dummy-lora-llama-70b-m-rank-16-3,602,18,344.8489923814535
3436,dummy-llama-70b-m,dummy-lora-llama-70b-m-rank-64-4,734,11,344.96258923621315
3437,dummy-llama-70b-m,dummy-lora-llama-70b-m-rank-64-3,276,8,345.2655636600023
3438,dummy-llama-70b-m,dummy-lora-llama-70b-m-rank-64-2,400,8,345.3683279989394
3439,dummy-llama-70b-m,dummy-lora-llama-70b-m-rank-8-2,160,103,345.42088721120973
3440,dummy-llama-70b-m,dummy-lora-llama-70b-m-rank-128-0,601,2,345.60640178696485
3441,dummy-llama-70b-m,dummy-lora-llama-70b-m-rank-64-1,593,84,345.65366193858034
3442,dummy-llama-70b-m,dummy-lora-llama-70b-m-rank-32-1,348,10,345.7123319030803
3443,dummy-llama-70b-m,dummy-lora-llama-70b-m-rank-128-1,570,29,345.76662715666185
3444,dummy-llama-70b-m,dummy-lora-llama-70b-m-rank-64-1,603,18,345.7827486648149
3445,dummy-llama-70b-m,dummy-lora-llama-70b-m-rank-8-3,423,71,345.84222171988824
3446,dummy-llama-70b-m,dummy-lora-llama-70b-m-rank-128-2,554,20,345.8454731609935
3447,dummy-llama-70b-m,dummy-lora-llama-70b-m-rank-32-4,245,4,345.85112932927046
3448,dummy-llama-70b-m,dummy-lora-llama-70b-m-rank-64-4,465,37,346.2172245638904
3449,dummy-llama-70b-m,dummy-lora-llama-70b-m-rank-128-1,391,49,346.3007040221987
3450,dummy-llama-70b-m,dummy-lora-llama-70b-m-rank-128-2,362,6,346.43160012912773
3451,dummy-llama-70b-m,dummy-lora-llama-70b-m-rank-128-3,55,87,346.6492964584723
3452,dummy-llama-70b-m,dummy-lora-llama-70b-m-rank-32-2,498,69,346.77670264351536
3453,dummy-llama-70b-m,dummy-lora-llama-70b-m-rank-128-1,333,45,346.89839446946814
3454,dummy-llama-70b-m,dummy-lora-llama-70b-m-rank-32-1,515,7,346.9728387370985
3455,dummy-llama-70b-m,dummy-lora-llama-70b-m-rank-32-1,376,6,346.9991465150553
3456,dummy-llama-70b-m,dummy-lora-llama-70b-m-rank-8-3,149,55,347.1897100889739
3457,dummy-llama-70b-m,dummy-lora-llama-70b-m-rank-8-1,558,25,347.2086064100267
3458,dummy-llama-70b-m,dummy-lora-llama-70b-m-rank-8-3,562,26,347.3657580245499
3459,dummy-llama-70b-m,dummy-lora-llama-70b-m-rank-8-1,168,19,347.36988421379255
3460,dummy-llama-70b-m,dummy-lora-llama-70b-m-rank-8-3,383,10,347.4829120893374
3461,dummy-llama-70b-m,dummy-lora-llama-70b-m-rank-8-4,214,5,347.57392460288906
3462,dummy-llama-70b-m,dummy-lora-llama-70b-m-rank-8-4,343,111,347.59422487115904
3463,dummy-llama-70b-m,dummy-lora-llama-70b-m-rank-64-1,323,52,347.62882953426765
3464,dummy-llama-70b-m,dummy-lora-llama-70b-m-rank-128-2,609,8,347.6414704880204
3465,dummy-llama-70b-m,dummy-lora-llama-70b-m-rank-8-0,205,47,347.73707647401034
3466,dummy-llama-70b-m,dummy-lora-llama-70b-m-rank-128-0,426,43,347.81515727928854
3467,dummy-llama-70b-m,dummy-lora-llama-70b-m-rank-128-2,376,52,348.01705976694376
3468,dummy-llama-70b-m,dummy-lora-llama-70b-m-rank-8-2,611,20,348.02590682216953
3469,dummy-llama-70b-m,dummy-lora-llama-70b-m-rank-64-1,550,18,348.03940862256593
3470,dummy-llama-70b-m,dummy-lora-llama-70b-m-rank-8-4,609,22,348.13523523302246
3471,dummy-llama-70b-m,dummy-lora-llama-70b-m-rank-128-1,644,57,348.2156513335139
3472,dummy-llama-70b-m,dummy-lora-llama-70b-m-rank-8-0,382,45,348.281890430318
3473,dummy-llama-70b-m,dummy-lora-llama-70b-m-rank-128-0,487,9,348.35460089313244
3474,dummy-llama-70b-m,dummy-lora-llama-70b-m-rank-32-1,244,60,348.4434396949162
3475,dummy-llama-70b-m,dummy-lora-llama-70b-m-rank-16-3,819,60,348.49100997423415
3476,dummy-llama-70b-m,dummy-lora-llama-70b-m-rank-64-3,459,51,348.6699827294529
3477,dummy-llama-70b-m,dummy-lora-llama-70b-m-rank-16-0,584,94,348.7266377600487
3478,dummy-llama-70b-m,dummy-lora-llama-70b-m-rank-128-3,240,6,348.8129438542096
3479,dummy-llama-70b-m,dummy-lora-llama-70b-m-rank-128-1,552,53,348.82308285912274
3480,dummy-llama-70b-m,dummy-lora-llama-70b-m-rank-8-0,361,122,348.8401973635472
3481,dummy-llama-70b-m,dummy-lora-llama-70b-m-rank-32-2,282,55,348.9915964643099
3482,dummy-llama-70b-m,dummy-lora-llama-70b-m-rank-16-2,556,21,348.996815666427
3483,dummy-llama-70b-m,dummy-lora-llama-70b-m-rank-128-1,840,13,349.2207642730131
3484,dummy-llama-70b-m,dummy-lora-llama-70b-m-rank-128-3,567,27,349.2779136998992
3485,dummy-llama-70b-m,dummy-lora-llama-70b-m-rank-16-3,800,61,349.5343757780978
3486,dummy-llama-70b-m,dummy-lora-llama-70b-m-rank-16-4,582,47,349.86815551799583
3487,dummy-llama-70b-m,dummy-lora-llama-70b-m-rank-32-0,469,51,349.98863062813376
3488,dummy-llama-70b-m,dummy-lora-llama-70b-m-rank-128-4,560,21,350.19506221873894
3489,dummy-llama-70b-m,dummy-lora-llama-70b-m-rank-128-1,733,49,350.36798622148615
3490,dummy-llama-70b-m,dummy-lora-llama-70b-m-rank-32-3,564,14,350.3776122746978
3491,dummy-llama-70b-m,dummy-lora-llama-70b-m-rank-32-2,651,11,350.47496390854343
3492,dummy-llama-70b-m,dummy-lora-llama-70b-m-rank-128-0,562,24,350.51717967872634
3493,dummy-llama-70b-m,dummy-lora-llama-70b-m-rank-64-2,529,36,350.6307142838154
3494,dummy-llama-70b-m,dummy-lora-llama-70b-m-rank-128-2,552,20,350.6366854616162
3495,dummy-llama-70b-m,dummy-lora-llama-70b-m-rank-64-1,620,36,350.67803555579604
3496,dummy-llama-70b-m,dummy-lora-llama-70b-m-rank-16-1,554,12,350.6980327751302
3497,dummy-llama-70b-m,dummy-lora-llama-70b-m-rank-64-3,303,47,351.0022968573118
3498,dummy-llama-70b-m,dummy-lora-llama-70b-m-rank-16-4,385,42,351.01272782666945
3499,dummy-llama-70b-m,dummy-lora-llama-70b-m-rank-16-3,741,52,351.03456661367653
3500,dummy-llama-70b-m,dummy-lora-llama-70b-m-rank-128-4,542,11,351.3018992653407
3501,dummy-llama-70b-m,dummy-lora-llama-70b-m-rank-32-4,882,8,351.4543607013602
3502,dummy-llama-70b-m,dummy-lora-llama-70b-m-rank-32-2,560,21,351.5288426492218
3503,dummy-llama-70b-m,dummy-lora-llama-70b-m-rank-32-4,182,157,351.6309147872126
3504,dummy-llama-70b-m,dummy-lora-llama-70b-m-rank-16-4,483,11,351.79626893134576
3505,dummy-llama-70b-m,dummy-lora-llama-70b-m-rank-128-3,818,60,351.80203472153704
3506,dummy-llama-70b-m,dummy-lora-llama-70b-m-rank-64-2,477,11,352.0517146494651
3507,dummy-llama-70b-m,dummy-lora-llama-70b-m-rank-128-3,554,22,352.19406096316607
3508,dummy-llama-70b-m,dummy-lora-llama-70b-m-rank-8-2,240,49,352.28184273926314
3509,dummy-llama-70b-m,dummy-lora-llama-70b-m-rank-16-1,580,30,352.28952723924283
3510,dummy-llama-70b-m,dummy-lora-llama-70b-m-rank-128-0,297,49,352.3985005298711
3511,dummy-llama-70b-m,dummy-lora-llama-70b-m-rank-16-4,607,20,352.59212128886577
3512,dummy-llama-70b-m,dummy-lora-llama-70b-m-rank-32-1,332,52,352.70358090684493
3513,dummy-llama-70b-m,dummy-lora-llama-70b-m-rank-8-2,463,49,352.758280265215
3514,dummy-llama-70b-m,dummy-lora-llama-70b-m-rank-64-0,609,18,352.7659524324126
3515,dummy-llama-70b-m,dummy-lora-llama-70b-m-rank-8-4,572,29,352.7988482904559
3516,dummy-llama-70b-m,dummy-lora-llama-70b-m-rank-32-0,468,114,352.84839378545496
3517,dummy-llama-70b-m,dummy-lora-llama-70b-m-rank-128-1,642,8,352.88062271820496
3518,dummy-llama-70b-m,dummy-lora-llama-70b-m-rank-16-3,552,19,353.02584558601006
3519,dummy-llama-70b-m,dummy-lora-llama-70b-m-rank-64-3,286,50,353.09435818432013
3520,dummy-llama-70b-m,dummy-lora-llama-70b-m-rank-64-0,740,68,353.1721229944642
3521,dummy-llama-70b-m,dummy-lora-llama-70b-m-rank-128-2,560,23,353.31924168427946
3522,dummy-llama-70b-m,dummy-lora-llama-70b-m-rank-64-2,556,13,353.4575629195307
3523,dummy-llama-70b-m,dummy-lora-llama-70b-m-rank-64-0,725,28,353.4947108095757
3524,dummy-llama-70b-m,dummy-lora-llama-70b-m-rank-128-2,881,17,353.6356541461422
3525,dummy-llama-70b-m,dummy-lora-llama-70b-m-rank-64-0,929,38,353.65261102375194
3526,dummy-llama-70b-m,dummy-lora-llama-70b-m-rank-8-4,407,6,353.79745754003784
3527,dummy-llama-70b-m,dummy-lora-llama-70b-m-rank-64-4,714,114,353.8822747729911
3528,dummy-llama-70b-m,dummy-lora-llama-70b-m-rank-16-3,562,24,353.979587411792
3529,dummy-llama-70b-m,dummy-lora-llama-70b-m-rank-128-3,524,44,353.9923270799525
3530,dummy-llama-70b-m,dummy-lora-llama-70b-m-rank-64-1,236,97,354.0719430619742
3531,dummy-llama-70b-m,dummy-lora-llama-70b-m-rank-16-3,606,31,354.12084258327985
3532,dummy-llama-70b-m,dummy-lora-llama-70b-m-rank-64-3,847,3,354.14314221619344
3533,dummy-llama-70b-m,dummy-lora-llama-70b-m-rank-64-0,659,5,354.25883143508366
3534,dummy-llama-70b-m,dummy-lora-llama-70b-m-rank-8-0,118,54,354.27067308540467
3535,dummy-llama-70b-m,dummy-lora-llama-70b-m-rank-32-4,206,53,354.3217450405876
3536,dummy-llama-70b-m,dummy-lora-llama-70b-m-rank-16-1,338,46,354.455980774257
3537,dummy-llama-70b-m,dummy-lora-llama-70b-m-rank-16-0,119,50,354.4681515135511
3538,dummy-llama-70b-m,dummy-lora-llama-70b-m-rank-128-3,653,32,354.6119008028548
3539,dummy-llama-70b-m,dummy-lora-llama-70b-m-rank-32-4,578,64,354.64945153535643
3540,dummy-llama-70b-m,dummy-lora-llama-70b-m-rank-8-2,613,25,354.7914687256377
3541,dummy-llama-70b-m,dummy-lora-llama-70b-m-rank-16-4,566,27,354.82121528625
3542,dummy-llama-70b-m,dummy-lora-llama-70b-m-rank-32-1,617,17,354.92444358398023
3543,dummy-llama-70b-m,dummy-lora-llama-70b-m-rank-32-3,552,21,355.0172929391152
3544,dummy-llama-70b-m,dummy-lora-llama-70b-m-rank-64-4,742,45,355.03384771966654
3545,dummy-llama-70b-m,dummy-lora-llama-70b-m-rank-8-2,528,194,355.03720036969537
3546,dummy-llama-70b-m,dummy-lora-llama-70b-m-rank-32-4,198,8,355.0719697152158
3547,dummy-llama-70b-m,dummy-lora-llama-70b-m-rank-16-4,556,22,355.21349979766075
3548,dummy-llama-70b-m,dummy-lora-llama-70b-m-rank-64-3,913,3,355.30094098839766
3549,dummy-llama-70b-m,dummy-lora-llama-70b-m-rank-32-3,697,15,355.3206456137125
3550,dummy-llama-70b-m,dummy-lora-llama-70b-m-rank-64-1,278,39,355.50355437155577
3551,dummy-llama-70b-m,dummy-lora-llama-70b-m-rank-8-0,271,62,355.55045586493947
3552,dummy-llama-70b-m,dummy-lora-llama-70b-m-rank-64-0,621,30,355.56465720153454
3553,dummy-llama-70b-m,dummy-lora-llama-70b-m-rank-8-2,434,29,355.6144760264079
3554,dummy-llama-70b-m,dummy-lora-llama-70b-m-rank-16-4,828,8,355.6638948711427
3555,dummy-llama-70b-m,dummy-lora-llama-70b-m-rank-32-1,259,59,355.7314393548973
3556,dummy-llama-70b-m,dummy-lora-llama-70b-m-rank-64-1,554,8,355.79250903573825
3557,dummy-llama-70b-m,dummy-lora-llama-70b-m-rank-16-4,564,10,355.8259519763893
3558,dummy-llama-70b-m,dummy-lora-llama-70b-m-rank-128-3,1002,61,356.05491843180704
3559,dummy-llama-70b-m,dummy-lora-llama-70b-m-rank-128-2,558,22,356.07241457518893
3560,dummy-llama-70b-m,dummy-lora-llama-70b-m-rank-128-2,552,21,356.15959146151226
3561,dummy-llama-70b-m,dummy-lora-llama-70b-m-rank-16-0,218,57,356.43362038604414
3562,dummy-llama-70b-m,dummy-lora-llama-70b-m-rank-32-2,558,22,356.46810952334306
3563,dummy-llama-70b-m,dummy-lora-llama-70b-m-rank-64-0,273,125,356.538201470039
3564,dummy-llama-70b-m,dummy-lora-llama-70b-m-rank-8-0,307,97,356.5808469415868
3565,dummy-llama-70b-m,dummy-lora-llama-70b-m-rank-32-1,560,26,356.5817774105512
3566,dummy-llama-70b-m,dummy-lora-llama-70b-m-rank-32-1,552,19,356.7787737802945
3567,dummy-llama-70b-m,dummy-lora-llama-70b-m-rank-32-4,217,17,356.91790087642886
3568,dummy-llama-70b-m,dummy-lora-llama-70b-m-rank-8-3,350,4,356.9779659852121
3569,dummy-llama-70b-m,dummy-lora-llama-70b-m-rank-8-1,745,11,356.99724137490165
3570,dummy-llama-70b-m,dummy-lora-llama-70b-m-rank-32-0,623,27,357.04819751170834
3571,dummy-llama-70b-m,dummy-lora-llama-70b-m-rank-32-0,457,19,357.16015524185553
3572,dummy-llama-70b-m,dummy-lora-llama-70b-m-rank-16-3,369,38,357.3744032269896
3573,dummy-llama-70b-m,dummy-lora-llama-70b-m-rank-8-1,609,9,357.44664775078303
3574,dummy-llama-70b-m,dummy-lora-llama-70b-m-rank-64-2,590,50,357.5574113397413
3575,dummy-llama-70b-m,dummy-lora-llama-70b-m-rank-128-3,715,8,357.58786443433263
3576,dummy-llama-70b-m,dummy-lora-llama-70b-m-rank-32-4,345,48,357.6597918445753
3577,dummy-llama-70b-m,dummy-lora-llama-70b-m-rank-16-2,718,10,357.8845657933733
3578,dummy-llama-70b-m,dummy-lora-llama-70b-m-rank-128-2,552,19,357.96366259061915
3579,dummy-llama-70b-m,dummy-lora-llama-70b-m-rank-32-1,476,76,358.0949131661891
3580,dummy-llama-70b-m,dummy-lora-llama-70b-m-rank-64-2,221,160,358.41656238568
3581,dummy-llama-70b-m,dummy-lora-llama-70b-m-rank-32-0,564,27,358.44177648683774
3582,dummy-llama-70b-m,dummy-lora-llama-70b-m-rank-8-1,562,115,358.48770573258196
3583,dummy-llama-70b-m,dummy-lora-llama-70b-m-rank-32-2,313,52,358.6106958878656
3584,dummy-llama-70b-m,dummy-lora-llama-70b-m-rank-32-3,211,128,358.6115975895593
3585,dummy-llama-70b-m,dummy-lora-llama-70b-m-rank-8-1,629,29,358.7875888914353
3586,dummy-llama-70b-m,dummy-lora-llama-70b-m-rank-16-2,864,122,358.98784311367604
3587,dummy-llama-70b-m,dummy-lora-llama-70b-m-rank-64-1,723,43,359.04685937004035
3588,dummy-llama-70b-m,dummy-lora-llama-70b-m-rank-128-1,535,41,359.11344981122943
3589,dummy-llama-70b-m,dummy-lora-llama-70b-m-rank-32-4,604,45,359.1334439673974
3590,dummy-llama-70b-m,dummy-lora-llama-70b-m-rank-64-3,511,64,359.27773656883386
3591,dummy-llama-70b-m,dummy-lora-llama-70b-m-rank-128-2,504,160,359.3055792680014
3592,dummy-llama-70b-m,dummy-lora-llama-70b-m-rank-16-3,312,36,359.3971199723952
3593,dummy-llama-70b-m,dummy-lora-llama-70b-m-rank-16-2,419,9,359.72340624102225
3594,dummy-llama-70b-m,dummy-lora-llama-70b-m-rank-32-3,427,6,359.7715418019878
3595,dummy-llama-70b-m,dummy-lora-llama-70b-m-rank-8-3,556,23,359.85871834490086
3596,dummy-llama-70b-m,dummy-lora-llama-70b-m-rank-16-1,627,22,359.9717131771696
3597,dummy-llama-70b-m,dummy-lora-llama-70b-m-rank-32-4,103,44,360.0303690215313
3598,dummy-llama-70b-m,dummy-lora-llama-70b-m-rank-128-1,628,57,360.0334705964327
3599,dummy-llama-70b-m,dummy-lora-llama-70b-m-rank-128-1,554,20,360.06504745235145
3600,dummy-llama-70b-m,dummy-lora-llama-70b-m-rank-32-4,840,10,360.13279497750545
3601,dummy-llama-70b-m,dummy-lora-llama-70b-m-rank-8-2,672,40,360.26209452309195
3602,dummy-llama-70b-m,dummy-lora-llama-70b-m-rank-8-2,340,42,360.40660904195283
3603,dummy-llama-70b-m,dummy-lora-llama-70b-m-rank-128-3,612,9,360.5078833106791
3604,dummy-llama-70b-m,dummy-lora-llama-70b-m-rank-8-0,430,6,360.9341322886381
3605,dummy-llama-70b-m,dummy-lora-llama-70b-m-rank-32-4,644,51,361.04178791045234
3606,dummy-llama-70b-m,dummy-lora-llama-70b-m-rank-16-4,458,162,361.15162764710624
3607,dummy-llama-70b-m,dummy-lora-llama-70b-m-rank-16-2,328,51,361.1961595031829
3608,dummy-llama-70b-m,dummy-lora-llama-70b-m-rank-32-1,736,59,361.2799814722224
3609,dummy-llama-70b-m,dummy-lora-llama-70b-m-rank-32-3,546,16,361.53907619484585
3610,dummy-llama-70b-m,dummy-lora-llama-70b-m-rank-128-0,429,54,361.8309365286971
3611,dummy-llama-70b-m,dummy-lora-llama-70b-m-rank-128-3,397,7,361.8819390014987
3612,dummy-llama-70b-m,dummy-lora-llama-70b-m-rank-16-1,396,42,362.0658090566186
3613,dummy-llama-70b-m,dummy-lora-llama-70b-m-rank-32-3,196,83,362.06671244882455
3614,dummy-llama-70b-m,dummy-lora-llama-70b-m-rank-8-0,551,15,362.1905089552608
3615,dummy-llama-70b-m,dummy-lora-llama-70b-m-rank-128-1,742,3,362.2350943036313
3616,dummy-llama-70b-m,dummy-lora-llama-70b-m-rank-32-2,582,35,362.3965926781223
3617,dummy-llama-70b-m,dummy-lora-llama-70b-m-rank-32-3,239,49,362.4576906445497
3618,dummy-llama-70b-m,dummy-lora-llama-70b-m-rank-8-1,552,19,362.48591423657916
3619,dummy-llama-70b-m,dummy-lora-llama-70b-m-rank-64-2,669,100,362.5040574817358
3620,dummy-llama-70b-m,dummy-lora-llama-70b-m-rank-64-3,642,54,362.6314055292671
3621,dummy-llama-70b-m,dummy-lora-llama-70b-m-rank-32-1,495,86,362.78855005607335
3622,dummy-llama-70b-m,dummy-lora-llama-70b-m-rank-64-4,334,8,363.00012210688345
3623,dummy-llama-70b-m,dummy-lora-llama-70b-m-rank-128-4,558,24,363.0481307533193
3624,dummy-llama-70b-m,dummy-lora-llama-70b-m-rank-8-2,233,94,363.21874489438454
3625,dummy-llama-70b-m,dummy-lora-llama-70b-m-rank-32-1,404,55,363.2824397289043
3626,dummy-llama-70b-m,dummy-lora-llama-70b-m-rank-128-3,235,41,363.28691979920904
3627,dummy-llama-70b-m,dummy-lora-llama-70b-m-rank-128-1,298,41,363.4608790012
3628,dummy-llama-70b-m,dummy-lora-llama-70b-m-rank-16-4,611,20,363.5891895781233
3629,dummy-llama-70b-m,dummy-lora-llama-70b-m-rank-128-3,203,77,363.6653523253112
3630,dummy-llama-70b-m,dummy-lora-llama-70b-m-rank-8-3,948,31,363.70373798408946
3631,dummy-llama-70b-m,dummy-lora-llama-70b-m-rank-64-3,393,47,363.7748628208613
3632,dummy-llama-70b-m,dummy-lora-llama-70b-m-rank-64-3,191,3,363.84098890656196
3633,dummy-llama-70b-m,dummy-lora-llama-70b-m-rank-16-3,572,18,363.9945791237683
3634,dummy-llama-70b-m,dummy-lora-llama-70b-m-rank-8-3,618,21,364.0290258433768
3635,dummy-llama-70b-m,dummy-lora-llama-70b-m-rank-32-2,759,3,364.1360563763814
3636,dummy-llama-70b-m,dummy-lora-llama-70b-m-rank-32-2,358,50,364.21843154190486
3637,dummy-llama-70b-m,dummy-lora-llama-70b-m-rank-32-2,340,55,364.3051218115179
3638,dummy-llama-70b-m,dummy-lora-llama-70b-m-rank-128-1,558,24,364.4398392703105
3639,dummy-llama-70b-m,dummy-lora-llama-70b-m-rank-128-3,283,167,364.61263559520404
3640,dummy-llama-70b-m,dummy-lora-llama-70b-m-rank-16-2,566,18,364.7394315211093
3641,dummy-llama-70b-m,dummy-lora-llama-70b-m-rank-8-4,523,36,364.8936164790148
3642,dummy-llama-70b-m,dummy-lora-llama-70b-m-rank-16-4,546,16,364.9845873169824
3643,dummy-llama-70b-m,dummy-lora-llama-70b-m-rank-128-1,377,10,364.990869667386
3644,dummy-llama-70b-m,dummy-lora-llama-70b-m-rank-16-4,985,3,364.9911291691699
3645,dummy-llama-70b-m,dummy-lora-llama-70b-m-rank-8-3,108,73,365.12462507802695
3646,dummy-llama-70b-m,dummy-lora-llama-70b-m-rank-16-2,702,1,365.2286056631507
3647,dummy-llama-70b-m,dummy-lora-llama-70b-m-rank-32-3,192,48,365.2611093935555
3648,dummy-llama-70b-m,dummy-lora-llama-70b-m-rank-64-1,682,3,365.31078702712955
3649,dummy-llama-70b-m,dummy-lora-llama-70b-m-rank-32-0,54,50,365.4043183363592
3650,dummy-llama-70b-m,dummy-lora-llama-70b-m-rank-64-2,558,24,365.50229100185595
3651,dummy-llama-70b-m,dummy-lora-llama-70b-m-rank-128-3,296,36,365.66302955595046
3652,dummy-llama-70b-m,dummy-lora-llama-70b-m-rank-16-1,806,43,365.75416212117796
3653,dummy-llama-70b-m,dummy-lora-llama-70b-m-rank-128-0,279,51,365.78649163647935
3654,dummy-llama-70b-m,dummy-lora-llama-70b-m-rank-16-4,274,106,365.9082243682203
3655,dummy-llama-70b-m,dummy-lora-llama-70b-m-rank-32-4,431,5,365.9446003527717
3656,dummy-llama-70b-m,dummy-lora-llama-70b-m-rank-64-3,393,62,365.97666301594137
3657,dummy-llama-70b-m,dummy-lora-llama-70b-m-rank-128-3,785,43,366.12616581801217
3658,dummy-llama-70b-m,dummy-lora-llama-70b-m-rank-128-4,832,61,366.1999207739953
3659,dummy-llama-70b-m,dummy-lora-llama-70b-m-rank-128-1,611,18,366.5949912774415
3660,dummy-llama-70b-m,dummy-lora-llama-70b-m-rank-16-0,603,19,366.66565352277087
3661,dummy-llama-70b-m,dummy-lora-llama-70b-m-rank-32-1,707,99,366.7687486055119
3662,dummy-llama-70b-m,dummy-lora-llama-70b-m-rank-16-3,472,10,366.79218955079676
3663,dummy-llama-70b-m,dummy-lora-llama-70b-m-rank-64-3,552,19,366.8795587873914
3664,dummy-llama-70b-m,dummy-lora-llama-70b-m-rank-64-4,424,53,367.0129563521133
3665,dummy-llama-70b-m,dummy-lora-llama-70b-m-rank-64-1,398,8,367.06811795132023
3666,dummy-llama-70b-m,dummy-lora-llama-70b-m-rank-64-2,413,49,367.0790730589429
3667,dummy-llama-70b-m,dummy-lora-llama-70b-m-rank-32-2,570,29,367.0859559553113
3668,dummy-llama-70b-m,dummy-lora-llama-70b-m-rank-8-0,1013,14,367.1567119505849
3669,dummy-llama-70b-m,dummy-lora-llama-70b-m-rank-128-1,417,69,367.1730680672467
3670,dummy-llama-70b-m,dummy-lora-llama-70b-m-rank-128-4,560,14,367.3065026127862
3671,dummy-llama-70b-m,dummy-lora-llama-70b-m-rank-64-1,556,23,367.3689598337172
3672,dummy-llama-70b-m,dummy-lora-llama-70b-m-rank-128-3,440,53,367.38273292902034
3673,dummy-llama-70b-m,dummy-lora-llama-70b-m-rank-16-3,178,69,367.4038925078526
3674,dummy-llama-70b-m,dummy-lora-llama-70b-m-rank-128-1,268,51,367.4249797797984
3675,dummy-llama-70b-m,dummy-lora-llama-70b-m-rank-16-4,195,43,367.54199605042595
3676,dummy-llama-70b-m,dummy-lora-llama-70b-m-rank-8-2,283,8,367.6067885939176
3677,dummy-llama-70b-m,dummy-lora-llama-70b-m-rank-128-4,368,78,367.7365351982798
3678,dummy-llama-70b-m,dummy-lora-llama-70b-m-rank-128-0,553,16,367.755146071531
3679,dummy-llama-70b-m,dummy-lora-llama-70b-m-rank-64-0,778,98,367.78765093849125
3680,dummy-llama-70b-m,dummy-lora-llama-70b-m-rank-64-0,427,5,368.44750923116226
3681,dummy-llama-70b-m,dummy-lora-llama-70b-m-rank-64-1,214,64,368.5018955328042
3682,dummy-llama-70b-m,dummy-lora-llama-70b-m-rank-128-4,334,45,368.51728695247283
3683,dummy-llama-70b-m,dummy-lora-llama-70b-m-rank-32-1,422,43,368.52466086849813
3684,dummy-llama-70b-m,dummy-lora-llama-70b-m-rank-16-1,223,161,368.67733607847316
3685,dummy-llama-70b-m,dummy-lora-llama-70b-m-rank-64-3,239,120,368.6942380585731
3686,dummy-llama-70b-m,dummy-lora-llama-70b-m-rank-32-1,455,11,368.72669081543563
3687,dummy-llama-70b-m,dummy-lora-llama-70b-m-rank-128-3,592,3,369.0786265123712
3688,dummy-llama-70b-m,dummy-lora-llama-70b-m-rank-32-4,558,22,369.0960836986252
3689,dummy-llama-70b-m,dummy-lora-llama-70b-m-rank-64-4,451,54,369.2763563577972
3690,dummy-llama-70b-m,dummy-lora-llama-70b-m-rank-64-1,838,74,369.49597927652815
3691,dummy-llama-70b-m,dummy-lora-llama-70b-m-rank-128-4,449,6,369.5693744404881
3692,dummy-llama-70b-m,dummy-lora-llama-70b-m-rank-64-0,599,67,369.6580199853376
3693,dummy-llama-70b-m,dummy-lora-llama-70b-m-rank-8-2,556,21,369.80416853298107
3694,dummy-llama-70b-m,dummy-lora-llama-70b-m-rank-64-2,678,82,369.82986060967625
3695,dummy-llama-70b-m,dummy-lora-llama-70b-m-rank-32-1,570,28,370.08465164443265
3696,dummy-llama-70b-m,dummy-lora-llama-70b-m-rank-8-4,796,12,370.1466015769332
3697,dummy-llama-70b-m,dummy-lora-llama-70b-m-rank-8-0,321,55,370.3346733678115
3698,dummy-llama-70b-m,dummy-lora-llama-70b-m-rank-16-0,248,120,370.8613920150628
3699,dummy-llama-70b-m,dummy-lora-llama-70b-m-rank-64-4,382,45,370.9006586912725
3700,dummy-llama-70b-m,dummy-lora-llama-70b-m-rank-16-0,611,20,370.9240288868673
3701,dummy-llama-70b-m,dummy-lora-llama-70b-m-rank-64-3,525,5,370.94727522725896
3702,dummy-llama-70b-m,dummy-lora-llama-70b-m-rank-64-0,564,27,371.00628951607405
3703,dummy-llama-70b-m,dummy-lora-llama-70b-m-rank-8-2,875,11,371.0397342917457
3704,dummy-llama-70b-m,dummy-lora-llama-70b-m-rank-8-2,609,24,371.08378298017413
3705,dummy-llama-70b-m,dummy-lora-llama-70b-m-rank-64-3,268,53,371.14413959045066
3706,dummy-llama-70b-m,dummy-lora-llama-70b-m-rank-64-4,738,22,371.32011135630177
3707,dummy-llama-70b-m,dummy-lora-llama-70b-m-rank-32-4,318,49,371.33743391974264
3708,dummy-llama-70b-m,dummy-lora-llama-70b-m-rank-8-0,584,37,371.4397929865359
3709,dummy-llama-70b-m,dummy-lora-llama-70b-m-rank-16-3,564,26,371.5659656149395
3710,dummy-llama-70b-m,dummy-lora-llama-70b-m-rank-16-0,196,51,371.6452699472176
3711,dummy-llama-70b-m,dummy-lora-llama-70b-m-rank-16-1,470,47,371.74696564440035
3712,dummy-llama-70b-m,dummy-lora-llama-70b-m-rank-128-3,496,100,371.9087066950177
3713,dummy-llama-70b-m,dummy-lora-llama-70b-m-rank-128-3,645,47,372.0136452311258
3714,dummy-llama-70b-m,dummy-lora-llama-70b-m-rank-32-1,220,49,372.06178384350727
3715,dummy-llama-70b-m,dummy-lora-llama-70b-m-rank-16-0,572,26,372.35327671468866
3716,dummy-llama-70b-m,dummy-lora-llama-70b-m-rank-16-3,681,242,372.35947355076274
3717,dummy-llama-70b-m,dummy-lora-llama-70b-m-rank-16-3,275,56,372.48805892702967
3718,dummy-llama-70b-m,dummy-lora-llama-70b-m-rank-16-0,444,47,372.53444247251804
3719,dummy-llama-70b-m,dummy-lora-llama-70b-m-rank-16-4,371,68,372.65343209619505
3720,dummy-llama-70b-m,dummy-lora-llama-70b-m-rank-64-3,177,126,372.70260177669974
3721,dummy-llama-70b-m,dummy-lora-llama-70b-m-rank-32-4,617,86,372.9508336475158
3722,dummy-llama-70b-m,dummy-lora-llama-70b-m-rank-128-4,546,8,373.01284497239766
3723,dummy-llama-70b-m,dummy-lora-llama-70b-m-rank-64-2,615,25,373.0728796454788
3724,dummy-llama-70b-m,dummy-lora-llama-70b-m-rank-8-2,219,3,373.20073883304633
3725,dummy-llama-70b-m,dummy-lora-llama-70b-m-rank-32-4,175,73,373.20075806739976
3726,dummy-llama-70b-m,dummy-lora-llama-70b-m-rank-32-1,546,16,373.33301052640746
3727,dummy-llama-70b-m,dummy-lora-llama-70b-m-rank-16-3,530,6,373.337551492759
3728,dummy-llama-70b-m,dummy-lora-llama-70b-m-rank-32-2,417,51,373.4019928731569
3729,dummy-llama-70b-m,dummy-lora-llama-70b-m-rank-8-0,883,142,373.4973140896066
3730,dummy-llama-70b-m,dummy-lora-llama-70b-m-rank-128-4,200,41,373.5579637564339
3731,dummy-llama-70b-m,dummy-lora-llama-70b-m-rank-128-0,282,59,373.7812477210901
3732,dummy-llama-70b-m,dummy-lora-llama-70b-m-rank-32-4,302,6,373.84469632030437
3733,dummy-llama-70b-m,dummy-lora-llama-70b-m-rank-64-3,494,48,373.9297828598225
3734,dummy-llama-70b-m,dummy-lora-llama-70b-m-rank-32-1,594,60,373.949477963955
3735,dummy-llama-70b-m,dummy-lora-llama-70b-m-rank-32-0,562,16,373.9784628624729
3736,dummy-llama-70b-m,dummy-lora-llama-70b-m-rank-16-2,574,26,374.15163171004156
3737,dummy-llama-70b-m,dummy-lora-llama-70b-m-rank-32-3,588,37,374.20435646830794
3738,dummy-llama-70b-m,dummy-lora-llama-70b-m-rank-64-3,290,58,374.2064720186286
3739,dummy-llama-70b-m,dummy-lora-llama-70b-m-rank-128-1,494,44,374.2107415206091
3740,dummy-llama-70b-m,dummy-lora-llama-70b-m-rank-32-4,887,114,374.445092924947
3741,dummy-llama-70b-m,dummy-lora-llama-70b-m-rank-8-4,558,20,374.5457640472427
3742,dummy-llama-70b-m,dummy-lora-llama-70b-m-rank-8-4,418,48,374.649650420596
3743,dummy-llama-70b-m,dummy-lora-llama-70b-m-rank-128-4,483,8,374.72955245270543
3744,dummy-llama-70b-m,dummy-lora-llama-70b-m-rank-32-3,167,67,374.73167458183457
3745,dummy-llama-70b-m,dummy-lora-llama-70b-m-rank-64-0,763,183,374.7338818386651
3746,dummy-llama-70b-m,dummy-lora-llama-70b-m-rank-8-0,564,19,374.7508750433114
3747,dummy-llama-70b-m,dummy-lora-llama-70b-m-rank-128-0,688,85,374.7671250387354
3748,dummy-llama-70b-m,dummy-lora-llama-70b-m-rank-32-3,179,27,374.8626430689977
3749,dummy-llama-70b-m,dummy-lora-llama-70b-m-rank-64-2,618,38,374.8741047997961
3750,dummy-llama-70b-m,dummy-lora-llama-70b-m-rank-8-0,535,41,374.99300795364286
3751,dummy-llama-70b-m,dummy-lora-llama-70b-m-rank-8-3,340,62,375.06341154786264
3752,dummy-llama-70b-m,dummy-lora-llama-70b-m-rank-64-4,625,6,375.09454487217664
3753,dummy-llama-70b-m,dummy-lora-llama-70b-m-rank-64-4,939,22,375.1063813527847
3754,dummy-llama-70b-m,dummy-lora-llama-70b-m-rank-128-2,446,49,375.18740030438437
3755,dummy-llama-70b-m,dummy-lora-llama-70b-m-rank-64-0,666,8,375.2384655946409
3756,dummy-llama-70b-m,dummy-lora-llama-70b-m-rank-8-4,808,60,375.2671388742046
3757,dummy-llama-70b-m,dummy-lora-llama-70b-m-rank-8-2,414,122,375.57663452185847
3758,dummy-llama-70b-m,dummy-lora-llama-70b-m-rank-8-4,700,22,375.6641863999949
3759,dummy-llama-70b-m,dummy-lora-llama-70b-m-rank-128-3,647,14,375.78765321982684
3760,dummy-llama-70b-m,dummy-lora-llama-70b-m-rank-32-1,603,8,375.81835648402813
3761,dummy-llama-70b-m,dummy-lora-llama-70b-m-rank-8-2,562,27,375.9801989576657
3762,dummy-llama-70b-m,dummy-lora-llama-70b-m-rank-32-4,598,27,376.0363303798031
3763,dummy-llama-70b-m,dummy-lora-llama-70b-m-rank-128-1,590,13,376.0893063369487
3764,dummy-llama-70b-m,dummy-lora-llama-70b-m-rank-32-0,50,55,376.229517243818
3765,dummy-llama-70b-m,dummy-lora-llama-70b-m-rank-32-3,554,20,376.2867780195886
3766,dummy-llama-70b-m,dummy-lora-llama-70b-m-rank-128-1,986,123,376.5425665688274
3767,dummy-llama-70b-m,dummy-lora-llama-70b-m-rank-8-0,635,3,376.57175499850024
3768,dummy-llama-70b-m,dummy-lora-llama-70b-m-rank-32-4,570,31,376.70325135799646
3769,dummy-llama-70b-m,dummy-lora-llama-70b-m-rank-16-2,602,30,376.7291143360984
3770,dummy-llama-70b-m,dummy-lora-llama-70b-m-rank-128-1,417,51,376.7477211235814
3771,dummy-llama-70b-m,dummy-lora-llama-70b-m-rank-32-0,584,18,376.79383642949824
3772,dummy-llama-70b-m,dummy-lora-llama-70b-m-rank-16-2,681,8,376.81905243036744
3773,dummy-llama-70b-m,dummy-lora-llama-70b-m-rank-8-2,361,47,376.91848721855996
3774,dummy-llama-70b-m,dummy-lora-llama-70b-m-rank-16-2,345,41,376.927642133126
3775,dummy-llama-70b-m,dummy-lora-llama-70b-m-rank-64-2,236,52,377.2082797987497
3776,dummy-llama-70b-m,dummy-lora-llama-70b-m-rank-32-0,494,44,377.21510910490247
3777,dummy-llama-70b-m,dummy-lora-llama-70b-m-rank-128-3,176,6,377.29913002256933
3778,dummy-llama-70b-m,dummy-lora-llama-70b-m-rank-64-1,900,83,377.33129256362605
3779,dummy-llama-70b-m,dummy-lora-llama-70b-m-rank-16-3,401,6,377.50342604337243
3780,dummy-llama-70b-m,dummy-lora-llama-70b-m-rank-16-3,554,20,377.71926014740666
3781,dummy-llama-70b-m,dummy-lora-llama-70b-m-rank-32-1,552,19,377.7197058156723
3782,dummy-llama-70b-m,dummy-lora-llama-70b-m-rank-128-3,207,174,377.73330809762615
3783,dummy-llama-70b-m,dummy-lora-llama-70b-m-rank-8-0,258,7,377.8317763715113
3784,dummy-llama-70b-m,dummy-lora-llama-70b-m-rank-64-1,560,23,377.8470580930064
3785,dummy-llama-70b-m,dummy-lora-llama-70b-m-rank-32-3,544,12,377.9055273664234
3786,dummy-llama-70b-m,dummy-lora-llama-70b-m-rank-16-2,189,6,378.28218410647725
3787,dummy-llama-70b-m,dummy-lora-llama-70b-m-rank-16-0,546,36,378.4404932277323
3788,dummy-llama-70b-m,dummy-lora-llama-70b-m-rank-8-3,763,59,378.4701482974206
3789,dummy-llama-70b-m,dummy-lora-llama-70b-m-rank-16-1,158,127,378.73709950105683
3790,dummy-llama-70b-m,dummy-lora-llama-70b-m-rank-16-2,471,100,378.75736659119997
3791,dummy-llama-70b-m,dummy-lora-llama-70b-m-rank-8-4,485,6,378.7731173053633
3792,dummy-llama-70b-m,dummy-lora-llama-70b-m-rank-128-0,823,57,379.0031065419706
3793,dummy-llama-70b-m,dummy-lora-llama-70b-m-rank-8-2,587,18,379.009742954587
3794,dummy-llama-70b-m,dummy-lora-llama-70b-m-rank-64-0,497,46,379.14334038893014
3795,dummy-llama-70b-m,dummy-lora-llama-70b-m-rank-16-4,264,59,379.1798243259302
3796,dummy-llama-70b-m,dummy-lora-llama-70b-m-rank-32-2,381,44,379.20660289424825
3797,dummy-llama-70b-m,dummy-lora-llama-70b-m-rank-64-2,558,24,379.4155471790518
3798,dummy-llama-70b-m,dummy-lora-llama-70b-m-rank-32-0,494,61,379.45865668739566
3799,dummy-llama-70b-m,dummy-lora-llama-70b-m-rank-64-3,572,32,379.45964395371305
3800,dummy-llama-70b-m,dummy-lora-llama-70b-m-rank-32-4,598,43,379.4666420795978
3801,dummy-llama-70b-m,dummy-lora-llama-70b-m-rank-8-3,388,64,379.4935348920883
3802,dummy-llama-70b-m,dummy-lora-llama-70b-m-rank-64-2,603,18,379.61189685597446
3803,dummy-llama-70b-m,dummy-lora-llama-70b-m-rank-16-2,550,20,379.61306051515766
3804,dummy-llama-70b-m,dummy-lora-llama-70b-m-rank-128-3,262,38,379.81404860989164
3805,dummy-llama-70b-m,dummy-lora-llama-70b-m-rank-16-4,177,3,379.95425122956954
3806,dummy-llama-70b-m,dummy-lora-llama-70b-m-rank-64-3,948,3,380.1628112003648
3807,dummy-llama-70b-m,dummy-lora-llama-70b-m-rank-32-4,757,33,380.1762635241629
3808,dummy-llama-70b-m,dummy-lora-llama-70b-m-rank-8-1,391,52,380.2132962162297
3809,dummy-llama-70b-m,dummy-lora-llama-70b-m-rank-32-2,275,37,380.3965218048528
3810,dummy-llama-70b-m,dummy-lora-llama-70b-m-rank-8-4,548,17,380.51007480534497
3811,dummy-llama-70b-m,dummy-lora-llama-70b-m-rank-16-1,138,48,380.5348970056309
3812,dummy-llama-70b-m,dummy-lora-llama-70b-m-rank-32-0,768,98,380.5623512740639
3813,dummy-llama-70b-m,dummy-lora-llama-70b-m-rank-16-3,681,37,380.6919254365762
3814,dummy-llama-70b-m,dummy-lora-llama-70b-m-rank-8-2,561,20,380.7231829402838
3815,dummy-llama-70b-m,dummy-lora-llama-70b-m-rank-32-4,422,16,380.7784803700192
3816,dummy-llama-70b-m,dummy-lora-llama-70b-m-rank-128-0,574,30,380.88293455580344
3817,dummy-llama-70b-m,dummy-lora-llama-70b-m-rank-16-4,548,9,381.0647188935658
3818,dummy-llama-70b-m,dummy-lora-llama-70b-m-rank-32-4,552,19,381.34904020476694
3819,dummy-llama-70b-m,dummy-lora-llama-70b-m-rank-8-2,556,21,381.44054642198194
3820,dummy-llama-70b-m,dummy-lora-llama-70b-m-rank-8-4,727,94,381.45335988911575
3821,dummy-llama-70b-m,dummy-lora-llama-70b-m-rank-8-4,239,87,381.52029122964046
3822,dummy-llama-70b-m,dummy-lora-llama-70b-m-rank-32-0,556,21,381.6989133217957
3823,dummy-llama-70b-m,dummy-lora-llama-70b-m-rank-64-1,390,6,381.8038619453027
3824,dummy-llama-70b-m,dummy-lora-llama-70b-m-rank-128-3,628,8,381.8692209367864
3825,dummy-llama-70b-m,dummy-lora-llama-70b-m-rank-128-0,556,21,381.9717801977839
3826,dummy-llama-70b-m,dummy-lora-llama-70b-m-rank-8-2,493,47,382.08065041684034
3827,dummy-llama-70b-m,dummy-lora-llama-70b-m-rank-8-4,680,11,382.13464881510833
3828,dummy-llama-70b-m,dummy-lora-llama-70b-m-rank-8-3,983,42,382.21527283406175
3829,dummy-llama-70b-m,dummy-lora-llama-70b-m-rank-64-3,516,45,382.45307909085244
3830,dummy-llama-70b-m,dummy-lora-llama-70b-m-rank-64-4,387,19,382.50862943283045
3831,dummy-llama-70b-m,dummy-lora-llama-70b-m-rank-16-1,576,20,382.5593977721603
3832,dummy-llama-70b-m,dummy-lora-llama-70b-m-rank-8-0,1004,39,382.5620187689183
3833,dummy-llama-70b-m,dummy-lora-llama-70b-m-rank-16-0,907,45,382.67075139826534
3834,dummy-llama-70b-m,dummy-lora-llama-70b-m-rank-32-1,633,11,382.6821642473698
3835,dummy-llama-70b-m,dummy-lora-llama-70b-m-rank-16-1,606,58,382.7275716592793
3836,dummy-llama-70b-m,dummy-lora-llama-70b-m-rank-8-4,772,47,382.9552947816355
3837,dummy-llama-70b-m,dummy-lora-llama-70b-m-rank-16-1,304,55,382.9837046017346
3838,dummy-llama-70b-m,dummy-lora-llama-70b-m-rank-128-1,572,71,382.99727047589136
3839,dummy-llama-70b-m,dummy-lora-llama-70b-m-rank-16-2,601,35,383.00069680760873
3840,dummy-llama-70b-m,dummy-lora-llama-70b-m-rank-8-2,263,8,383.0956161876859
3841,dummy-llama-70b-m,dummy-lora-llama-70b-m-rank-64-4,640,63,383.22823463904075
3842,dummy-llama-70b-m,dummy-lora-llama-70b-m-rank-8-1,432,246,383.2526316408604
3843,dummy-llama-70b-m,dummy-lora-llama-70b-m-rank-16-2,576,34,383.31116604131057
3844,dummy-llama-70b-m,dummy-lora-llama-70b-m-rank-16-0,568,24,383.31592050198105
3845,dummy-llama-70b-m,dummy-lora-llama-70b-m-rank-32-1,772,6,383.4619901644489
3846,dummy-llama-70b-m,dummy-lora-llama-70b-m-rank-64-3,558,24,383.6041462571632
3847,dummy-llama-70b-m,dummy-lora-llama-70b-m-rank-64-3,550,17,383.69288867739306
3848,dummy-llama-70b-m,dummy-lora-llama-70b-m-rank-8-1,548,17,383.8171020742638
3849,dummy-llama-70b-m,dummy-lora-llama-70b-m-rank-16-1,573,40,383.9660367510167
3850,dummy-llama-70b-m,dummy-lora-llama-70b-m-rank-16-0,569,25,384.3039610599465
3851,dummy-llama-70b-m,dummy-lora-llama-70b-m-rank-32-1,410,52,384.36866176897087
3852,dummy-llama-70b-m,dummy-lora-llama-70b-m-rank-16-2,207,40,384.4243098564239
3853,dummy-llama-70b-m,dummy-lora-llama-70b-m-rank-128-4,837,224,384.8037361834931
3854,dummy-llama-70b-m,dummy-lora-llama-70b-m-rank-64-1,870,53,385.5551351751382
3855,dummy-llama-70b-m,dummy-lora-llama-70b-m-rank-8-1,950,13,385.6085045903981
3856,dummy-llama-70b-m,dummy-lora-llama-70b-m-rank-8-0,566,26,385.7649553683105
3857,dummy-llama-70b-m,dummy-lora-llama-70b-m-rank-64-2,689,12,385.96908826070666
3858,dummy-llama-70b-m,dummy-lora-llama-70b-m-rank-32-3,252,59,386.2419097622651
3859,dummy-llama-70b-m,dummy-lora-llama-70b-m-rank-32-1,773,57,386.50310536408233
3860,dummy-llama-70b-m,dummy-lora-llama-70b-m-rank-32-2,699,10,386.7855874064786
3861,dummy-llama-70b-m,dummy-lora-llama-70b-m-rank-128-3,525,74,386.8194025293765
3862,dummy-llama-70b-m,dummy-lora-llama-70b-m-rank-128-4,157,102,386.8818803041621
3863,dummy-llama-70b-m,dummy-lora-llama-70b-m-rank-128-2,556,22,386.88599049036793
3864,dummy-llama-70b-m,dummy-lora-llama-70b-m-rank-32-3,605,24,386.9143642483276
3865,dummy-llama-70b-m,dummy-lora-llama-70b-m-rank-32-2,593,17,386.96978478066995
3866,dummy-llama-70b-m,dummy-lora-llama-70b-m-rank-8-0,474,59,387.01322424246297
3867,dummy-llama-70b-m,dummy-lora-llama-70b-m-rank-8-0,337,45,387.09640461216367
3868,dummy-llama-70b-m,dummy-lora-llama-70b-m-rank-128-0,132,49,387.1444133217444
3869,dummy-llama-70b-m,dummy-lora-llama-70b-m-rank-8-4,529,47,387.23131477948186
3870,dummy-llama-70b-m,dummy-lora-llama-70b-m-rank-128-3,556,23,387.2359428535556
3871,dummy-llama-70b-m,dummy-lora-llama-70b-m-rank-128-0,604,2,387.54598750831855
3872,dummy-llama-70b-m,dummy-lora-llama-70b-m-rank-128-2,608,15,387.6912622487488
3873,dummy-llama-70b-m,dummy-lora-llama-70b-m-rank-128-1,660,63,387.8477660597019
3874,dummy-llama-70b-m,dummy-lora-llama-70b-m-rank-8-0,572,31,388.1154596489111
3875,dummy-llama-70b-m,dummy-lora-llama-70b-m-rank-32-1,527,203,388.51351507795954
3876,dummy-llama-70b-m,dummy-lora-llama-70b-m-rank-128-4,805,26,388.57565347085614
3877,dummy-llama-70b-m,dummy-lora-llama-70b-m-rank-8-4,563,77,388.57761722721114
3878,dummy-llama-70b-m,dummy-lora-llama-70b-m-rank-16-2,162,52,388.7149919668229
3879,dummy-llama-70b-m,dummy-lora-llama-70b-m-rank-128-1,130,109,388.8303762821241
3880,dummy-llama-70b-m,dummy-lora-llama-70b-m-rank-64-2,867,45,388.8810066711556
3881,dummy-llama-70b-m,dummy-lora-llama-70b-m-rank-128-0,98,55,389.0007153736019
3882,dummy-llama-70b-m,dummy-lora-llama-70b-m-rank-64-4,491,21,389.03348463535855
3883,dummy-llama-70b-m,dummy-lora-llama-70b-m-rank-16-4,561,19,389.15756715713144
3884,dummy-llama-70b-m,dummy-lora-llama-70b-m-rank-128-2,212,45,389.21596624630274
3885,dummy-llama-70b-m,dummy-lora-llama-70b-m-rank-32-1,319,47,389.3262254964603
3886,dummy-llama-70b-m,dummy-lora-llama-70b-m-rank-16-1,554,20,389.4769088155134
3887,dummy-llama-70b-m,dummy-lora-llama-70b-m-rank-128-4,620,37,389.52138891249524
3888,dummy-llama-70b-m,dummy-lora-llama-70b-m-rank-16-0,604,104,389.52330194489633
3889,dummy-llama-70b-m,dummy-lora-llama-70b-m-rank-32-2,353,31,389.60321503378157
3890,dummy-llama-70b-m,dummy-lora-llama-70b-m-rank-16-4,544,95,389.84430597664385
3891,dummy-llama-70b-m,dummy-lora-llama-70b-m-rank-16-1,327,69,389.8892414926095
3892,dummy-llama-70b-m,dummy-lora-llama-70b-m-rank-16-3,584,28,389.9168881489366
3893,dummy-llama-70b-m,dummy-lora-llama-70b-m-rank-32-2,193,51,389.9384437068022
3894,dummy-llama-70b-m,dummy-lora-llama-70b-m-rank-128-1,537,13,389.9437305134059
3895,dummy-llama-70b-m,dummy-lora-llama-70b-m-rank-128-2,333,94,390.00178160666826
3896,dummy-llama-70b-m,dummy-lora-llama-70b-m-rank-32-1,654,178,390.0084103589782
3897,dummy-llama-70b-m,dummy-lora-llama-70b-m-rank-8-1,338,38,390.21665441149656
3898,dummy-llama-70b-m,dummy-lora-llama-70b-m-rank-8-4,409,50,390.24011654569136
3899,dummy-llama-70b-m,dummy-lora-llama-70b-m-rank-128-3,755,60,390.3313190935457
3900,dummy-llama-70b-m,dummy-lora-llama-70b-m-rank-16-2,170,33,390.5592507111863
3901,dummy-llama-70b-m,dummy-lora-llama-70b-m-rank-128-1,139,76,390.62961116085535
3902,dummy-llama-70b-m,dummy-lora-llama-70b-m-rank-32-4,618,18,390.8244243330103
3903,dummy-llama-70b-m,dummy-lora-llama-70b-m-rank-8-0,783,7,390.86392007261446
3904,dummy-llama-70b-m,dummy-lora-llama-70b-m-rank-16-4,337,56,391.0628946372806
3905,dummy-llama-70b-m,dummy-lora-llama-70b-m-rank-128-3,556,23,391.2102492671364
3906,dummy-llama-70b-m,dummy-lora-llama-70b-m-rank-16-0,601,3,391.2178311588062
3907,dummy-llama-70b-m,dummy-lora-llama-70b-m-rank-32-2,639,52,391.28153694036433
3908,dummy-llama-70b-m,dummy-lora-llama-70b-m-rank-32-3,548,17,391.5111421602862
3909,dummy-llama-70b-m,dummy-lora-llama-70b-m-rank-64-2,157,43,391.6605477070282
3910,dummy-llama-70b-m,dummy-lora-llama-70b-m-rank-8-3,352,69,391.86483853250206
3911,dummy-llama-70b-m,dummy-lora-llama-70b-m-rank-128-2,208,47,391.96112632153273
3912,dummy-llama-70b-m,dummy-lora-llama-70b-m-rank-32-3,569,18,392.0849865286519
3913,dummy-llama-70b-m,dummy-lora-llama-70b-m-rank-32-2,748,235,392.1589478248855
3914,dummy-llama-70b-m,dummy-lora-llama-70b-m-rank-8-3,331,42,392.21690719087457
3915,dummy-llama-70b-m,dummy-lora-llama-70b-m-rank-8-4,607,18,392.4213625996772
3916,dummy-llama-70b-m,dummy-lora-llama-70b-m-rank-8-1,154,44,392.51172418574646
3917,dummy-llama-70b-m,dummy-lora-llama-70b-m-rank-64-4,682,8,392.6208043493013
3918,dummy-llama-70b-m,dummy-lora-llama-70b-m-rank-128-3,272,46,392.62561648983467
3919,dummy-llama-70b-m,dummy-lora-llama-70b-m-rank-8-3,384,41,392.6263429568498
3920,dummy-llama-70b-m,dummy-lora-llama-70b-m-rank-8-1,515,5,392.67697439108747
3921,dummy-llama-70b-m,dummy-lora-llama-70b-m-rank-64-0,738,57,392.73103583664135
3922,dummy-llama-70b-m,dummy-lora-llama-70b-m-rank-32-1,548,17,392.86381024430534
3923,dummy-llama-70b-m,dummy-lora-llama-70b-m-rank-8-1,709,20,392.9822718268167
3924,dummy-llama-70b-m,dummy-lora-llama-70b-m-rank-16-0,323,49,393.032227723653
3925,dummy-llama-70b-m,dummy-lora-llama-70b-m-rank-16-4,199,146,393.3463259454465
3926,dummy-llama-70b-m,dummy-lora-llama-70b-m-rank-16-3,601,17,393.3971738408998
3927,dummy-llama-70b-m,dummy-lora-llama-70b-m-rank-8-0,570,31,393.39773186640826
3928,dummy-llama-70b-m,dummy-lora-llama-70b-m-rank-128-1,552,21,393.4687534583089
3929,dummy-llama-70b-m,dummy-lora-llama-70b-m-rank-64-1,531,10,393.4768039921627
3930,dummy-llama-70b-m,dummy-lora-llama-70b-m-rank-8-0,490,6,393.61029223787216
3931,dummy-llama-70b-m,dummy-lora-llama-70b-m-rank-128-4,364,70,393.6578692402473
3932,dummy-llama-70b-m,dummy-lora-llama-70b-m-rank-64-3,177,3,393.7689681493149
3933,dummy-llama-70b-m,dummy-lora-llama-70b-m-rank-32-1,103,55,393.89087183354377
3934,dummy-llama-70b-m,dummy-lora-llama-70b-m-rank-16-3,442,42,393.97785137857016
3935,dummy-llama-70b-m,dummy-lora-llama-70b-m-rank-32-0,611,17,394.05059671926034
3936,dummy-llama-70b-m,dummy-lora-llama-70b-m-rank-16-1,601,18,394.0904593334135
3937,dummy-llama-70b-m,dummy-lora-llama-70b-m-rank-8-2,328,46,394.1859930308692
3938,dummy-llama-70b-m,dummy-lora-llama-70b-m-rank-32-4,479,7,394.2102093951107
3939,dummy-llama-70b-m,dummy-lora-llama-70b-m-rank-128-2,254,6,394.33691551322204
3940,dummy-llama-70b-m,dummy-lora-llama-70b-m-rank-16-1,221,162,394.46489622878306
3941,dummy-llama-70b-m,dummy-lora-llama-70b-m-rank-64-2,301,44,394.5226051712484
3942,dummy-llama-70b-m,dummy-lora-llama-70b-m-rank-16-0,476,56,394.7959680419529
3943,dummy-llama-70b-m,dummy-lora-llama-70b-m-rank-64-3,382,5,394.8819943687623
3944,dummy-llama-70b-m,dummy-lora-llama-70b-m-rank-32-4,560,10,394.891888067186
3945,dummy-llama-70b-m,dummy-lora-llama-70b-m-rank-8-2,886,77,394.9390828978437
3946,dummy-llama-70b-m,dummy-lora-llama-70b-m-rank-8-1,552,11,395.01773163032675
3947,dummy-llama-70b-m,dummy-lora-llama-70b-m-rank-8-4,584,92,395.1057970287589
3948,dummy-llama-70b-m,dummy-lora-llama-70b-m-rank-64-3,794,62,395.1438823468536
3949,dummy-llama-70b-m,dummy-lora-llama-70b-m-rank-64-1,288,7,395.1570112452554
3950,dummy-llama-70b-m,dummy-lora-llama-70b-m-rank-32-2,358,51,395.2332350897027
3951,dummy-llama-70b-m,dummy-lora-llama-70b-m-rank-32-2,442,181,395.5758607337424
3952,dummy-llama-70b-m,dummy-lora-llama-70b-m-rank-32-0,583,55,395.73086825504936
3953,dummy-llama-70b-m,dummy-lora-llama-70b-m-rank-128-1,506,51,395.7878053971684
3954,dummy-llama-70b-m,dummy-lora-llama-70b-m-rank-128-2,226,3,395.7951723834674
3955,dummy-llama-70b-m,dummy-lora-llama-70b-m-rank-32-3,560,9,395.8275781958635
3956,dummy-llama-70b-m,dummy-lora-llama-70b-m-rank-64-4,660,4,395.8662398250139
3957,dummy-llama-70b-m,dummy-lora-llama-70b-m-rank-32-4,208,45,395.94939611108583
3958,dummy-llama-70b-m,dummy-lora-llama-70b-m-rank-32-4,709,123,395.95833539456544
3959,dummy-llama-70b-m,dummy-lora-llama-70b-m-rank-32-2,479,6,395.99218804864927
3960,dummy-llama-70b-m,dummy-lora-llama-70b-m-rank-16-4,412,56,396.02639471275114
3961,dummy-llama-70b-m,dummy-lora-llama-70b-m-rank-8-4,602,45,396.08244921841475
3962,dummy-llama-70b-m,dummy-lora-llama-70b-m-rank-8-0,532,54,396.2097675735478
3963,dummy-llama-70b-m,dummy-lora-llama-70b-m-rank-128-2,564,25,396.3122909457144
3964,dummy-llama-70b-m,dummy-lora-llama-70b-m-rank-64-0,803,4,396.4109443600562
3965,dummy-llama-70b-m,dummy-lora-llama-70b-m-rank-32-3,552,19,396.4747473949725
3966,dummy-llama-70b-m,dummy-lora-llama-70b-m-rank-64-4,314,106,396.49556140648525
3967,dummy-llama-70b-m,dummy-lora-llama-70b-m-rank-8-2,899,43,396.5136153248724
3968,dummy-llama-70b-m,dummy-lora-llama-70b-m-rank-16-1,432,127,396.5154559695035
3969,dummy-llama-70b-m,dummy-lora-llama-70b-m-rank-8-3,620,86,396.5557499021638
3970,dummy-llama-70b-m,dummy-lora-llama-70b-m-rank-64-2,163,40,396.77527934026267
3971,dummy-llama-70b-m,dummy-lora-llama-70b-m-rank-16-4,608,31,396.9776522134816
3972,dummy-llama-70b-m,dummy-lora-llama-70b-m-rank-128-2,300,44,397.2751082727881
3973,dummy-llama-70b-m,dummy-lora-llama-70b-m-rank-8-0,260,45,397.30042806663124
3974,dummy-llama-70b-m,dummy-lora-llama-70b-m-rank-32-4,598,45,397.39079713306154
3975,dummy-llama-70b-m,dummy-lora-llama-70b-m-rank-16-3,161,25,397.4125654825839
3976,dummy-llama-70b-m,dummy-lora-llama-70b-m-rank-64-4,283,5,397.47570556290503
3977,dummy-llama-70b-m,dummy-lora-llama-70b-m-rank-16-0,371,13,397.4799706526708
3978,dummy-llama-70b-m,dummy-lora-llama-70b-m-rank-128-4,558,171,397.58470444778476
3979,dummy-llama-70b-m,dummy-lora-llama-70b-m-rank-8-0,284,168,397.6661936714162
3980,dummy-llama-70b-m,dummy-lora-llama-70b-m-rank-128-2,216,6,397.7354827987282
3981,dummy-llama-70b-m,dummy-lora-llama-70b-m-rank-32-3,425,5,397.77024716032304
3982,dummy-llama-70b-m,dummy-lora-llama-70b-m-rank-128-4,120,47,398.0726646430223
3983,dummy-llama-70b-m,dummy-lora-llama-70b-m-rank-128-0,528,12,398.3187012764927
3984,dummy-llama-70b-m,dummy-lora-llama-70b-m-rank-64-2,399,111,398.33989690343674
3985,dummy-llama-70b-m,dummy-lora-llama-70b-m-rank-64-2,554,20,398.3819104464211
3986,dummy-llama-70b-m,dummy-lora-llama-70b-m-rank-8-0,694,35,398.38448355798
3987,dummy-llama-70b-m,dummy-lora-llama-70b-m-rank-8-2,305,64,398.4025306317338
3988,dummy-llama-70b-m,dummy-lora-llama-70b-m-rank-8-0,659,63,398.54204978092235
3989,dummy-llama-70b-m,dummy-lora-llama-70b-m-rank-8-1,962,45,398.78913312916734
3990,dummy-llama-70b-m,dummy-lora-llama-70b-m-rank-128-1,197,46,398.9718490676156
3991,dummy-llama-70b-m,dummy-lora-llama-70b-m-rank-8-2,620,35,398.98992350395326
3992,dummy-llama-70b-m,dummy-lora-llama-70b-m-rank-8-3,359,51,399.12938086596074
3993,dummy-llama-70b-m,dummy-lora-llama-70b-m-rank-8-0,270,51,399.1897311303861
3994,dummy-llama-70b-m,dummy-lora-llama-70b-m-rank-32-4,546,13,399.2079448845089
3995,dummy-llama-70b-m,dummy-lora-llama-70b-m-rank-64-4,558,24,399.222793092201
3996,dummy-llama-70b-m,dummy-lora-llama-70b-m-rank-8-1,642,59,399.2661389100162
3997,dummy-llama-70b-m,dummy-lora-llama-70b-m-rank-8-4,1008,19,399.4573736936862
3998,dummy-llama-70b-m,dummy-lora-llama-70b-m-rank-16-2,576,9,399.6959052542177
3999,dummy-llama-70b-m,dummy-lora-llama-70b-m-rank-16-0,537,61,399.7198199535362
4000,dummy-llama-70b-m,dummy-lora-llama-70b-m-rank-64-4,121,69,399.72358874737694
4001,dummy-llama-70b-m,dummy-lora-llama-70b-m-rank-64-0,717,17,399.75151422372824
4002,dummy-llama-70b-m,dummy-lora-llama-70b-m-rank-16-0,459,44,399.96860361537443
4003,dummy-llama-70b-m,dummy-lora-llama-70b-m-rank-32-2,322,169,400.29331251045784
4004,dummy-llama-70b-m,dummy-lora-llama-70b-m-rank-64-3,402,41,400.4754913154788
4005,dummy-llama-70b-m,dummy-lora-llama-70b-m-rank-32-4,750,6,400.52243300321356
4006,dummy-llama-70b-m,dummy-lora-llama-70b-m-rank-8-3,419,62,400.5974122286839
4007,dummy-llama-70b-m,dummy-lora-llama-70b-m-rank-64-3,397,42,400.63559434676523
4008,dummy-llama-70b-m,dummy-lora-llama-70b-m-rank-16-4,590,20,400.7314605704178
4009,dummy-llama-70b-m,dummy-lora-llama-70b-m-rank-128-2,688,8,400.75346455412654
4010,dummy-llama-70b-m,dummy-lora-llama-70b-m-rank-64-4,419,48,400.77253235213567
4011,dummy-llama-70b-m,dummy-lora-llama-70b-m-rank-16-2,220,43,400.9276389544219
4012,dummy-llama-70b-m,dummy-lora-llama-70b-m-rank-8-2,558,22,400.92768464050044
4013,dummy-llama-70b-m,dummy-lora-llama-70b-m-rank-32-1,463,50,400.9976287149489
4014,dummy-llama-70b-m,dummy-lora-llama-70b-m-rank-16-4,564,2,401.057474051744
4015,dummy-llama-70b-m,dummy-lora-llama-70b-m-rank-64-1,611,22,401.18501140428754
4016,dummy-llama-70b-m,dummy-lora-llama-70b-m-rank-16-1,637,12,401.3329233397453
4017,dummy-llama-70b-m,dummy-lora-llama-70b-m-rank-8-2,377,9,401.55905769739513
4018,dummy-llama-70b-m,dummy-lora-llama-70b-m-rank-32-0,570,29,401.6475793896507
4019,dummy-llama-70b-m,dummy-lora-llama-70b-m-rank-128-1,360,52,401.8876691941994
4020,dummy-llama-70b-m,dummy-lora-llama-70b-m-rank-32-1,111,46,401.941050221141
4021,dummy-llama-70b-m,dummy-lora-llama-70b-m-rank-16-2,163,19,402.0027764414338
4022,dummy-llama-70b-m,dummy-lora-llama-70b-m-rank-8-4,701,59,402.1519490085703
4023,dummy-llama-70b-m,dummy-lora-llama-70b-m-rank-8-1,384,134,402.4690365519093
4024,dummy-llama-70b-m,dummy-lora-llama-70b-m-rank-64-0,548,17,402.5409862238743
4025,dummy-llama-70b-m,dummy-lora-llama-70b-m-rank-64-3,548,17,402.5522999004524
4026,dummy-llama-70b-m,dummy-lora-llama-70b-m-rank-32-2,554,25,402.56908514983803
4027,dummy-llama-70b-m,dummy-lora-llama-70b-m-rank-8-1,671,88,402.577712576079
4028,dummy-llama-70b-m,dummy-lora-llama-70b-m-rank-16-1,554,20,402.9784825865301
4029,dummy-llama-70b-m,dummy-lora-llama-70b-m-rank-8-3,170,48,403.1057361556685
4030,dummy-llama-70b-m,dummy-lora-llama-70b-m-rank-32-3,266,67,403.17008373959305
4031,dummy-llama-70b-m,dummy-lora-llama-70b-m-rank-128-2,554,20,403.2622192379063
4032,dummy-llama-70b-m,dummy-lora-llama-70b-m-rank-64-3,815,40,403.4300992831661
4033,dummy-llama-70b-m,dummy-lora-llama-70b-m-rank-64-4,566,32,403.49266541472
4034,dummy-llama-70b-m,dummy-lora-llama-70b-m-rank-32-3,564,22,403.79905931199755
4035,dummy-llama-70b-m,dummy-lora-llama-70b-m-rank-16-0,760,111,403.8088942453131
4036,dummy-llama-70b-m,dummy-lora-llama-70b-m-rank-32-4,327,5,403.95317686013937
4037,dummy-llama-70b-m,dummy-lora-llama-70b-m-rank-64-2,122,19,403.99129172079216
4038,dummy-llama-70b-m,dummy-lora-llama-70b-m-rank-8-3,909,216,404.1062394641967
4039,dummy-llama-70b-m,dummy-lora-llama-70b-m-rank-8-0,443,63,404.1202556026288
4040,dummy-llama-70b-m,dummy-lora-llama-70b-m-rank-32-1,391,60,404.1728687985064
4041,dummy-llama-70b-m,dummy-lora-llama-70b-m-rank-32-0,548,17,404.3127870196324
4042,dummy-llama-70b-m,dummy-lora-llama-70b-m-rank-16-3,735,12,404.3501668343969
4043,dummy-llama-70b-m,dummy-lora-llama-70b-m-rank-8-3,446,14,404.39687781726195
4044,dummy-llama-70b-m,dummy-lora-llama-70b-m-rank-128-0,759,8,404.40738389405084
4045,dummy-llama-70b-m,dummy-lora-llama-70b-m-rank-32-1,586,19,404.50731095945207
4046,dummy-llama-70b-m,dummy-lora-llama-70b-m-rank-8-0,966,41,404.5197211748271
4047,dummy-llama-70b-m,dummy-lora-llama-70b-m-rank-8-2,556,21,404.7247290824172
4048,dummy-llama-70b-m,dummy-lora-llama-70b-m-rank-64-0,594,23,404.8582989395554
4049,dummy-llama-70b-m,dummy-lora-llama-70b-m-rank-32-4,413,60,404.9974944164829
4050,dummy-llama-70b-m,dummy-lora-llama-70b-m-rank-16-2,171,27,405.42361667200043
4051,dummy-llama-70b-m,dummy-lora-llama-70b-m-rank-32-4,586,7,405.4599181136191
4052,dummy-llama-70b-m,dummy-lora-llama-70b-m-rank-128-3,546,16,405.57001726387296
4053,dummy-llama-70b-m,dummy-lora-llama-70b-m-rank-64-3,506,56,405.5721909415923
4054,dummy-llama-70b-m,dummy-lora-llama-70b-m-rank-8-3,915,57,405.61792525432446
4055,dummy-llama-70b-m,dummy-lora-llama-70b-m-rank-32-3,605,32,405.7448889531721
4056,dummy-llama-70b-m,dummy-lora-llama-70b-m-rank-16-3,592,11,406.0138519027648
4057,dummy-llama-70b-m,dummy-lora-llama-70b-m-rank-8-1,480,55,406.0443617328053
4058,dummy-llama-70b-m,dummy-lora-llama-70b-m-rank-8-2,564,23,406.06960031852776
4059,dummy-llama-70b-m,dummy-lora-llama-70b-m-rank-32-1,466,7,406.1060583274068
4060,dummy-llama-70b-m,dummy-lora-llama-70b-m-rank-32-3,550,18,406.1598539487741
4061,dummy-llama-70b-m,dummy-lora-llama-70b-m-rank-32-3,626,42,406.16445667811485
4062,dummy-llama-70b-m,dummy-lora-llama-70b-m-rank-128-0,489,45,406.2791810186775
4063,dummy-llama-70b-m,dummy-lora-llama-70b-m-rank-64-1,440,13,406.2863641432162
4064,dummy-llama-70b-m,dummy-lora-llama-70b-m-rank-16-3,666,14,406.35184627143377
4065,dummy-llama-70b-m,dummy-lora-llama-70b-m-rank-32-3,446,81,406.3730599670442
4066,dummy-llama-70b-m,dummy-lora-llama-70b-m-rank-8-3,320,35,406.45528469040613
4067,dummy-llama-70b-m,dummy-lora-llama-70b-m-rank-8-4,422,46,406.48923092542367
4068,dummy-llama-70b-m,dummy-lora-llama-70b-m-rank-16-0,380,46,406.4944202061737
4069,dummy-llama-70b-m,dummy-lora-llama-70b-m-rank-32-1,381,39,406.52465571659326
4070,dummy-llama-70b-m,dummy-lora-llama-70b-m-rank-128-0,566,91,406.5867368840556
4071,dummy-llama-70b-m,dummy-lora-llama-70b-m-rank-16-2,374,151,406.62850305973814
4072,dummy-llama-70b-m,dummy-lora-llama-70b-m-rank-16-2,61,11,406.64262266829377
4073,dummy-llama-70b-m,dummy-lora-llama-70b-m-rank-128-3,135,87,406.78243606861247
4074,dummy-llama-70b-m,dummy-lora-llama-70b-m-rank-16-0,613,26,406.9196901506051
4075,dummy-llama-70b-m,dummy-lora-llama-70b-m-rank-8-4,424,41,407.07832644581885
4076,dummy-llama-70b-m,dummy-lora-llama-70b-m-rank-128-4,440,23,407.1784497537748
4077,dummy-llama-70b-m,dummy-lora-llama-70b-m-rank-16-2,588,20,407.24849185744426
4078,dummy-llama-70b-m,dummy-lora-llama-70b-m-rank-128-2,211,3,407.3601090874477
4079,dummy-llama-70b-m,dummy-lora-llama-70b-m-rank-8-4,1014,3,407.46229430438467
4080,dummy-llama-70b-m,dummy-lora-llama-70b-m-rank-32-3,292,10,407.53443847038375
4081,dummy-llama-70b-m,dummy-lora-llama-70b-m-rank-32-4,546,16,407.5744316180889
4082,dummy-llama-70b-m,dummy-lora-llama-70b-m-rank-128-4,631,8,407.5969678659597
4083,dummy-llama-70b-m,dummy-lora-llama-70b-m-rank-32-0,568,28,407.6190517770042
4084,dummy-llama-70b-m,dummy-lora-llama-70b-m-rank-128-1,856,51,407.96034852767815
4085,dummy-llama-70b-m,dummy-lora-llama-70b-m-rank-16-1,647,96,408.01595967094966
4086,dummy-llama-70b-m,dummy-lora-llama-70b-m-rank-32-0,423,49,408.0668033464636
4087,dummy-llama-70b-m,dummy-lora-llama-70b-m-rank-16-1,243,48,408.16412976920526
4088,dummy-llama-70b-m,dummy-lora-llama-70b-m-rank-16-2,567,11,408.21255909449343
4089,dummy-llama-70b-m,dummy-lora-llama-70b-m-rank-16-4,400,217,408.9273584545445
4090,dummy-llama-70b-m,dummy-lora-llama-70b-m-rank-8-3,121,46,408.97106519119524
4091,dummy-llama-70b-m,dummy-lora-llama-70b-m-rank-128-2,710,37,409.01050647545753
4092,dummy-llama-70b-m,dummy-lora-llama-70b-m-rank-16-2,285,161,409.2175313275087
4093,dummy-llama-70b-m,dummy-lora-llama-70b-m-rank-8-4,275,68,409.2874590679887
4094,dummy-llama-70b-m,dummy-lora-llama-70b-m-rank-128-1,324,7,409.4851481443443
4095,dummy-llama-70b-m,dummy-lora-llama-70b-m-rank-64-3,194,43,409.6742423530381
4096,dummy-llama-70b-m,dummy-lora-llama-70b-m-rank-64-4,492,28,409.7613971244325
4097,dummy-llama-70b-m,dummy-lora-llama-70b-m-rank-8-3,446,48,409.78645052790745
4098,dummy-llama-70b-m,dummy-lora-llama-70b-m-rank-64-3,338,36,409.9174900970865
4099,dummy-llama-70b-m,dummy-lora-llama-70b-m-rank-64-2,552,11,409.9643442839695
4100,dummy-llama-70b-m,dummy-lora-llama-70b-m-rank-8-1,552,11,410.1962406124987
4101,dummy-llama-70b-m,dummy-lora-llama-70b-m-rank-128-3,180,6,410.22445018293524
4102,dummy-llama-70b-m,dummy-lora-llama-70b-m-rank-64-2,323,42,410.25489201473124
4103,dummy-llama-70b-m,dummy-lora-llama-70b-m-rank-128-2,552,19,410.5387562442892
4104,dummy-llama-70b-m,dummy-lora-llama-70b-m-rank-64-3,607,21,410.61285782628266
4105,dummy-llama-70b-m,dummy-lora-llama-70b-m-rank-128-0,595,59,410.66931959818174
4106,dummy-llama-70b-m,dummy-lora-llama-70b-m-rank-16-0,222,42,410.67476598465515
4107,dummy-llama-70b-m,dummy-lora-llama-70b-m-rank-32-3,563,6,410.6901711447892
4108,dummy-llama-70b-m,dummy-lora-llama-70b-m-rank-16-4,460,11,410.7003505848547
4109,dummy-llama-70b-m,dummy-lora-llama-70b-m-rank-128-3,565,21,410.8885847703685
4110,dummy-llama-70b-m,dummy-lora-llama-70b-m-rank-32-1,422,19,411.19463833726275
4111,dummy-llama-70b-m,dummy-lora-llama-70b-m-rank-128-0,558,22,411.1989390031247
4112,dummy-llama-70b-m,dummy-lora-llama-70b-m-rank-32-1,457,150,411.22137225101454
4113,dummy-llama-70b-m,dummy-lora-llama-70b-m-rank-32-2,550,10,411.29071079192335
4114,dummy-llama-70b-m,dummy-lora-llama-70b-m-rank-32-3,928,48,411.48031250650143
4115,dummy-llama-70b-m,dummy-lora-llama-70b-m-rank-128-0,470,66,411.56600616673006
4116,dummy-llama-70b-m,dummy-lora-llama-70b-m-rank-64-1,448,30,411.5938799046778
4117,dummy-llama-70b-m,dummy-lora-llama-70b-m-rank-128-3,620,30,411.5949474876466
4118,dummy-llama-70b-m,dummy-lora-llama-70b-m-rank-32-2,462,36,411.6895861161207
4119,dummy-llama-70b-m,dummy-lora-llama-70b-m-rank-32-1,578,51,411.9856233896495
4120,dummy-llama-70b-m,dummy-lora-llama-70b-m-rank-16-4,560,22,412.1725519990745
4121,dummy-llama-70b-m,dummy-lora-llama-70b-m-rank-32-4,546,18,412.178823659017
4122,dummy-llama-70b-m,dummy-lora-llama-70b-m-rank-16-3,502,35,412.3006391568806
4123,dummy-llama-70b-m,dummy-lora-llama-70b-m-rank-16-1,396,66,412.3742289325186
4124,dummy-llama-70b-m,dummy-lora-llama-70b-m-rank-16-4,479,51,412.4450735738708
4125,dummy-llama-70b-m,dummy-lora-llama-70b-m-rank-32-1,524,11,412.4970441832817
4126,dummy-llama-70b-m,dummy-lora-llama-70b-m-rank-16-3,291,42,412.7686445802692
4127,dummy-llama-70b-m,dummy-lora-llama-70b-m-rank-64-1,682,10,412.7883307245832
4128,dummy-llama-70b-m,dummy-lora-llama-70b-m-rank-128-3,552,19,412.7885108097666
4129,dummy-llama-70b-m,dummy-lora-llama-70b-m-rank-128-0,134,52,412.9257396571317
4130,dummy-llama-70b-m,dummy-lora-llama-70b-m-rank-32-3,231,52,413.01797220014913
4131,dummy-llama-70b-m,dummy-lora-llama-70b-m-rank-8-0,631,31,413.20300737735533
4132,dummy-llama-70b-m,dummy-lora-llama-70b-m-rank-8-3,570,22,413.25909165620664
4133,dummy-llama-70b-m,dummy-lora-llama-70b-m-rank-64-4,430,9,413.33747962297946
4134,dummy-llama-70b-m,dummy-lora-llama-70b-m-rank-128-1,552,17,413.34380958905757
4135,dummy-llama-70b-m,dummy-lora-llama-70b-m-rank-32-2,557,20,413.448553736797
4136,dummy-llama-70b-m,dummy-lora-llama-70b-m-rank-64-0,623,22,413.6212468816093
4137,dummy-llama-70b-m,dummy-lora-llama-70b-m-rank-16-3,290,6,413.6729390887273
4138,dummy-llama-70b-m,dummy-lora-llama-70b-m-rank-16-1,939,12,413.7471250920907
4139,dummy-llama-70b-m,dummy-lora-llama-70b-m-rank-64-1,350,120,413.78231787410215
4140,dummy-llama-70b-m,dummy-lora-llama-70b-m-rank-128-4,564,25,413.7971347697665
4141,dummy-llama-70b-m,dummy-lora-llama-70b-m-rank-8-1,550,18,413.8445046511004
4142,dummy-llama-70b-m,dummy-lora-llama-70b-m-rank-64-4,641,8,413.8811447133263
4143,dummy-llama-70b-m,dummy-lora-llama-70b-m-rank-128-1,356,37,414.1009111122431
4144,dummy-llama-70b-m,dummy-lora-llama-70b-m-rank-8-1,338,11,414.1098457713567
4145,dummy-llama-70b-m,dummy-lora-llama-70b-m-rank-128-3,148,27,414.16270570140136
4146,dummy-llama-70b-m,dummy-lora-llama-70b-m-rank-16-2,339,65,414.16341842761165
4147,dummy-llama-70b-m,dummy-lora-llama-70b-m-rank-32-4,713,3,414.31791740631036
4148,dummy-llama-70b-m,dummy-lora-llama-70b-m-rank-16-2,158,28,414.3709221276119
4149,dummy-llama-70b-m,dummy-lora-llama-70b-m-rank-32-2,604,7,414.38726807130314
4150,dummy-llama-70b-m,dummy-lora-llama-70b-m-rank-32-4,652,3,414.42571814074563
4151,dummy-llama-70b-m,dummy-lora-llama-70b-m-rank-16-4,550,20,414.5042066867803
4152,dummy-llama-70b-m,dummy-lora-llama-70b-m-rank-16-4,615,25,414.5429205594452
4153,dummy-llama-70b-m,dummy-lora-llama-70b-m-rank-16-0,570,31,414.5908008264104
4154,dummy-llama-70b-m,dummy-lora-llama-70b-m-rank-128-0,653,43,414.6404571487286
4155,dummy-llama-70b-m,dummy-lora-llama-70b-m-rank-128-4,637,36,414.9429137805511
4156,dummy-llama-70b-m,dummy-lora-llama-70b-m-rank-64-4,196,44,415.0288262431497
4157,dummy-llama-70b-m,dummy-lora-llama-70b-m-rank-64-3,135,19,415.2263255545423
4158,dummy-llama-70b-m,dummy-lora-llama-70b-m-rank-64-1,602,97,415.37217985879096
4159,dummy-llama-70b-m,dummy-lora-llama-70b-m-rank-32-4,262,51,415.40692799386164
4160,dummy-llama-70b-m,dummy-lora-llama-70b-m-rank-16-0,599,15,415.4448053791311
4161,dummy-llama-70b-m,dummy-lora-llama-70b-m-rank-128-4,824,12,415.45718188868295
4162,dummy-llama-70b-m,dummy-lora-llama-70b-m-rank-32-4,548,17,415.47193308397567
4163,dummy-llama-70b-m,dummy-lora-llama-70b-m-rank-128-2,605,21,415.50901905115217
4164,dummy-llama-70b-m,dummy-lora-llama-70b-m-rank-64-4,292,146,415.68482554840364
4165,dummy-llama-70b-m,dummy-lora-llama-70b-m-rank-128-1,659,49,415.7154015872006
4166,dummy-llama-70b-m,dummy-lora-llama-70b-m-rank-32-1,292,150,415.87261389179247
4167,dummy-llama-70b-m,dummy-lora-llama-70b-m-rank-128-1,554,20,415.89593528984886
4168,dummy-llama-70b-m,dummy-lora-llama-70b-m-rank-128-1,569,62,415.92527003569916
4169,dummy-llama-70b-m,dummy-lora-llama-70b-m-rank-128-0,404,45,415.96643420049975
4170,dummy-llama-70b-m,dummy-lora-llama-70b-m-rank-8-1,579,209,416.0332790944613
4171,dummy-llama-70b-m,dummy-lora-llama-70b-m-rank-16-4,242,53,416.07422910240257
4172,dummy-llama-70b-m,dummy-lora-llama-70b-m-rank-8-0,288,52,416.30179073502893
4173,dummy-llama-70b-m,dummy-lora-llama-70b-m-rank-16-4,548,17,416.41999623906315
4174,dummy-llama-70b-m,dummy-lora-llama-70b-m-rank-128-1,60,99,416.52472547448275
4175,dummy-llama-70b-m,dummy-lora-llama-70b-m-rank-128-4,471,79,416.5620527574631
4176,dummy-llama-70b-m,dummy-lora-llama-70b-m-rank-64-2,634,60,416.64716150044666
4177,dummy-llama-70b-m,dummy-lora-llama-70b-m-rank-64-4,208,43,416.7718640024657
4178,dummy-llama-70b-m,dummy-lora-llama-70b-m-rank-32-4,419,58,416.784052540593
4179,dummy-llama-70b-m,dummy-lora-llama-70b-m-rank-32-0,571,39,416.7962856977804
4180,dummy-llama-70b-m,dummy-lora-llama-70b-m-rank-8-4,568,28,416.92409333506015
4181,dummy-llama-70b-m,dummy-lora-llama-70b-m-rank-128-0,301,39,417.06886637024365
4182,dummy-llama-70b-m,dummy-lora-llama-70b-m-rank-128-3,586,19,417.0820850154448
4183,dummy-llama-70b-m,dummy-lora-llama-70b-m-rank-16-0,466,46,417.091167152737
4184,dummy-llama-70b-m,dummy-lora-llama-70b-m-rank-8-1,481,48,417.0931250194578
4185,dummy-llama-70b-m,dummy-lora-llama-70b-m-rank-64-2,332,47,417.3730005529622
4186,dummy-llama-70b-m,dummy-lora-llama-70b-m-rank-128-4,708,40,417.4771018420175
4187,dummy-llama-70b-m,dummy-lora-llama-70b-m-rank-16-0,600,26,417.52741704482753
4188,dummy-llama-70b-m,dummy-lora-llama-70b-m-rank-64-4,380,40,417.5494192772888
4189,dummy-llama-70b-m,dummy-lora-llama-70b-m-rank-8-2,179,118,417.5523548182106
4190,dummy-llama-70b-m,dummy-lora-llama-70b-m-rank-32-2,979,3,417.61705963680697
4191,dummy-llama-70b-m,dummy-lora-llama-70b-m-rank-32-3,260,53,417.71560482778165
4192,dummy-llama-70b-m,dummy-lora-llama-70b-m-rank-16-3,530,27,417.7363099818048
4193,dummy-llama-70b-m,dummy-lora-llama-70b-m-rank-64-4,137,29,417.7490799200439
4194,dummy-llama-70b-m,dummy-lora-llama-70b-m-rank-16-1,800,52,417.7948333964444
4195,dummy-llama-70b-m,dummy-lora-llama-70b-m-rank-128-0,895,155,417.8068197636652
4196,dummy-llama-70b-m,dummy-lora-llama-70b-m-rank-8-1,710,24,417.90245283493476
4197,dummy-llama-70b-m,dummy-lora-llama-70b-m-rank-8-1,183,65,417.9619838231907
4198,dummy-llama-70b-m,dummy-lora-llama-70b-m-rank-16-2,582,14,418.06799952823087
4199,dummy-llama-70b-m,dummy-lora-llama-70b-m-rank-32-2,812,30,418.2413042342336
4200,dummy-llama-70b-m,dummy-lora-llama-70b-m-rank-8-4,550,16,418.3205655693625
4201,dummy-llama-70b-m,dummy-lora-llama-70b-m-rank-128-3,764,127,418.32450125040884
4202,dummy-llama-70b-m,dummy-lora-llama-70b-m-rank-16-1,552,19,418.6021114542212
4203,dummy-llama-70b-m,dummy-lora-llama-70b-m-rank-8-0,425,44,418.6233813467883
4204,dummy-llama-70b-m,dummy-lora-llama-70b-m-rank-128-2,550,10,418.63145555866936
4205,dummy-llama-70b-m,dummy-lora-llama-70b-m-rank-32-2,95,37,418.67343073977815
4206,dummy-llama-70b-m,dummy-lora-llama-70b-m-rank-32-4,364,8,418.73796185353024
4207,dummy-llama-70b-m,dummy-lora-llama-70b-m-rank-8-3,558,13,418.7534201377837
4208,dummy-llama-70b-m,dummy-lora-llama-70b-m-rank-32-4,548,17,418.92771980271766
4209,dummy-llama-70b-m,dummy-lora-llama-70b-m-rank-8-1,224,151,419.16143490397883
4210,dummy-llama-70b-m,dummy-lora-llama-70b-m-rank-8-3,802,53,419.232840685101
4211,dummy-llama-70b-m,dummy-lora-llama-70b-m-rank-8-2,574,33,419.2406470179877
4212,dummy-llama-70b-m,dummy-lora-llama-70b-m-rank-32-2,199,57,419.35659455200454
4213,dummy-llama-70b-m,dummy-lora-llama-70b-m-rank-8-0,109,72,419.43581964109666
4214,dummy-llama-70b-m,dummy-lora-llama-70b-m-rank-32-4,801,70,419.700455302671
4215,dummy-llama-70b-m,dummy-lora-llama-70b-m-rank-128-2,580,11,419.7268654433503
4216,dummy-llama-70b-m,dummy-lora-llama-70b-m-rank-16-1,515,8,419.7403035457424
4217,dummy-llama-70b-m,dummy-lora-llama-70b-m-rank-16-4,645,14,419.7921106452225
4218,dummy-llama-70b-m,dummy-lora-llama-70b-m-rank-16-1,306,54,419.829670215643
4219,dummy-llama-70b-m,dummy-lora-llama-70b-m-rank-64-2,559,21,419.8474783119616
4220,dummy-llama-70b-m,dummy-lora-llama-70b-m-rank-32-2,372,40,419.89736375942687
4221,dummy-llama-70b-m,dummy-lora-llama-70b-m-rank-16-0,169,124,419.9138797683462
4222,dummy-llama-70b-m,dummy-lora-llama-70b-m-rank-8-4,529,15,419.9644506754801
4223,dummy-llama-70b-m,dummy-lora-llama-70b-m-rank-8-0,398,205,420.1848605252386
4224,dummy-llama-70b-m,dummy-lora-llama-70b-m-rank-8-3,485,48,420.22529244724404
4225,dummy-llama-70b-m,dummy-lora-llama-70b-m-rank-8-3,307,47,420.26366896974656
4226,dummy-llama-70b-m,dummy-lora-llama-70b-m-rank-8-2,605,16,420.33255186425816
4227,dummy-llama-70b-m,dummy-lora-llama-70b-m-rank-64-1,485,42,420.3977796161535
4228,dummy-llama-70b-m,dummy-lora-llama-70b-m-rank-128-2,480,159,420.4376224729254
4229,dummy-llama-70b-m,dummy-lora-llama-70b-m-rank-32-2,163,75,420.51759106461486
4230,dummy-llama-70b-m,dummy-lora-llama-70b-m-rank-8-4,607,21,420.74207333719977
4231,dummy-llama-70b-m,dummy-lora-llama-70b-m-rank-16-0,227,49,420.7792131414389
4232,dummy-llama-70b-m,dummy-lora-llama-70b-m-rank-64-4,398,140,420.78554726086594
4233,dummy-llama-70b-m,dummy-lora-llama-70b-m-rank-128-4,609,17,421.04114416660644
4234,dummy-llama-70b-m,dummy-lora-llama-70b-m-rank-32-0,603,30,421.1692955831585
4235,dummy-llama-70b-m,dummy-lora-llama-70b-m-rank-128-2,409,210,421.2774797050658
4236,dummy-llama-70b-m,dummy-lora-llama-70b-m-rank-8-0,556,23,421.2831092158019
4237,dummy-llama-70b-m,dummy-lora-llama-70b-m-rank-32-3,834,7,421.33349812062113
4238,dummy-llama-70b-m,dummy-lora-llama-70b-m-rank-128-2,120,52,421.6001216606783
4239,dummy-llama-70b-m,dummy-lora-llama-70b-m-rank-128-4,574,29,421.67290645388607
4240,dummy-llama-70b-m,dummy-lora-llama-70b-m-rank-128-2,986,44,421.6807663211573
4241,dummy-llama-70b-m,dummy-lora-llama-70b-m-rank-16-1,685,8,421.87915568289947
4242,dummy-llama-70b-m,dummy-lora-llama-70b-m-rank-16-4,450,64,421.88007682330476
4243,dummy-llama-70b-m,dummy-lora-llama-70b-m-rank-16-2,617,23,422.05027743654387
4244,dummy-llama-70b-m,dummy-lora-llama-70b-m-rank-8-3,641,48,422.23730301669735
4245,dummy-llama-70b-m,dummy-lora-llama-70b-m-rank-128-2,603,18,422.5345358126263
4246,dummy-llama-70b-m,dummy-lora-llama-70b-m-rank-128-4,572,21,422.582431304119
4247,dummy-llama-70b-m,dummy-lora-llama-70b-m-rank-32-2,564,16,422.58388572631304
4248,dummy-llama-70b-m,dummy-lora-llama-70b-m-rank-8-2,552,17,422.8157999625947
4249,dummy-llama-70b-m,dummy-lora-llama-70b-m-rank-16-1,613,10,422.81703905295603
4250,dummy-llama-70b-m,dummy-lora-llama-70b-m-rank-64-0,550,18,422.8171383081658
4251,dummy-llama-70b-m,dummy-lora-llama-70b-m-rank-64-3,599,17,422.8479683718305
4252,dummy-llama-70b-m,dummy-lora-llama-70b-m-rank-32-4,184,64,422.9427491531492
4253,dummy-llama-70b-m,dummy-lora-llama-70b-m-rank-32-2,448,43,423.0982595199119
4254,dummy-llama-70b-m,dummy-lora-llama-70b-m-rank-64-2,341,157,423.24877290318574
4255,dummy-llama-70b-m,dummy-lora-llama-70b-m-rank-16-0,350,41,423.2870890618763
4256,dummy-llama-70b-m,dummy-lora-llama-70b-m-rank-8-2,747,12,423.3100825361787
4257,dummy-llama-70b-m,dummy-lora-llama-70b-m-rank-32-3,567,39,423.33182084885465
4258,dummy-llama-70b-m,dummy-lora-llama-70b-m-rank-32-4,544,11,423.35777488734414
4259,dummy-llama-70b-m,dummy-lora-llama-70b-m-rank-8-1,415,42,423.5025547760555
4260,dummy-llama-70b-m,dummy-lora-llama-70b-m-rank-32-3,554,10,423.60203695523603
4261,dummy-llama-70b-m,dummy-lora-llama-70b-m-rank-64-1,550,17,423.61286843251645
4262,dummy-llama-70b-m,dummy-lora-llama-70b-m-rank-128-3,574,8,423.7087742390927
4263,dummy-llama-70b-m,dummy-lora-llama-70b-m-rank-32-2,470,6,423.73593899442693
4264,dummy-llama-70b-m,dummy-lora-llama-70b-m-rank-64-4,492,80,424.1340300339808
4265,dummy-llama-70b-m,dummy-lora-llama-70b-m-rank-32-0,204,3,424.21267689178717
4266,dummy-llama-70b-m,dummy-lora-llama-70b-m-rank-32-0,376,165,424.27874531310044
4267,dummy-llama-70b-m,dummy-lora-llama-70b-m-rank-16-3,554,20,424.3711251193964
4268,dummy-llama-70b-m,dummy-lora-llama-70b-m-rank-8-0,303,14,424.44619760729694
4269,dummy-llama-70b-m,dummy-lora-llama-70b-m-rank-128-4,651,56,424.4797116598419
4270,dummy-llama-70b-m,dummy-lora-llama-70b-m-rank-16-4,222,160,424.6715601096619
4271,dummy-llama-70b-m,dummy-lora-llama-70b-m-rank-16-2,447,11,424.70918250949495
4272,dummy-llama-70b-m,dummy-lora-llama-70b-m-rank-64-3,422,52,424.8228114252809
4273,dummy-llama-70b-m,dummy-lora-llama-70b-m-rank-16-4,568,26,425.0370660609316
4274,dummy-llama-70b-m,dummy-lora-llama-70b-m-rank-128-2,664,96,425.0754482442089
4275,dummy-llama-70b-m,dummy-lora-llama-70b-m-rank-16-2,599,17,425.1575603997817
4276,dummy-llama-70b-m,dummy-lora-llama-70b-m-rank-32-3,984,56,425.3573570329403
4277,dummy-llama-70b-m,dummy-lora-llama-70b-m-rank-128-0,588,14,425.49603892679653
4278,dummy-llama-70b-m,dummy-lora-llama-70b-m-rank-128-1,643,30,425.5006903030838
4279,dummy-llama-70b-m,dummy-lora-llama-70b-m-rank-32-0,422,35,425.56212107041983
4280,dummy-llama-70b-m,dummy-lora-llama-70b-m-rank-8-2,110,44,425.77097618124867
4281,dummy-llama-70b-m,dummy-lora-llama-70b-m-rank-64-1,604,43,425.9116566404958
4282,dummy-llama-70b-m,dummy-lora-llama-70b-m-rank-16-4,567,20,426.0063202494373
4283,dummy-llama-70b-m,dummy-lora-llama-70b-m-rank-32-0,894,37,426.0524352183887
4284,dummy-llama-70b-m,dummy-lora-llama-70b-m-rank-128-1,415,51,426.1962764262849
4285,dummy-llama-70b-m,dummy-lora-llama-70b-m-rank-64-4,550,18,426.23428562332464
4286,dummy-llama-70b-m,dummy-lora-llama-70b-m-rank-16-2,556,23,426.60338296382446
4287,dummy-llama-70b-m,dummy-lora-llama-70b-m-rank-32-2,503,56,426.94608910490706
4288,dummy-llama-70b-m,dummy-lora-llama-70b-m-rank-64-0,421,59,426.9638726409461
4289,dummy-llama-70b-m,dummy-lora-llama-70b-m-rank-8-0,380,8,427.1907353864255
4290,dummy-llama-70b-m,dummy-lora-llama-70b-m-rank-8-1,151,114,427.30176450385665
4291,dummy-llama-70b-m,dummy-lora-llama-70b-m-rank-16-3,681,38,427.64577691392515
4292,dummy-llama-70b-m,dummy-lora-llama-70b-m-rank-64-0,582,115,427.80835526295755
4293,dummy-llama-70b-m,dummy-lora-llama-70b-m-rank-16-0,550,10,427.91088184370216
4294,dummy-llama-70b-m,dummy-lora-llama-70b-m-rank-32-3,332,39,427.9750589605197
4295,dummy-llama-70b-m,dummy-lora-llama-70b-m-rank-128-1,841,47,427.99283191405533
4296,dummy-llama-70b-m,dummy-lora-llama-70b-m-rank-128-3,977,37,428.0241607813537
4297,dummy-llama-70b-m,dummy-lora-llama-70b-m-rank-8-1,556,52,428.1219152263531
4298,dummy-llama-70b-m,dummy-lora-llama-70b-m-rank-32-2,554,19,428.1445576567804
4299,dummy-llama-70b-m,dummy-lora-llama-70b-m-rank-16-3,734,58,428.1828164371292
4300,dummy-llama-70b-m,dummy-lora-llama-70b-m-rank-8-4,552,19,428.27450343750377
4301,dummy-llama-70b-m,dummy-lora-llama-70b-m-rank-16-4,550,18,428.32362678348795
4302,dummy-llama-70b-m,dummy-lora-llama-70b-m-rank-64-2,550,10,428.50715378372684
4303,dummy-llama-70b-m,dummy-lora-llama-70b-m-rank-8-3,599,17,428.65612677633123
4304,dummy-llama-70b-m,dummy-lora-llama-70b-m-rank-8-2,607,5,428.7039732779903
4305,dummy-llama-70b-m,dummy-lora-llama-70b-m-rank-64-1,560,23,428.7474149437314
4306,dummy-llama-70b-m,dummy-lora-llama-70b-m-rank-32-0,395,150,428.8161668682142
4307,dummy-llama-70b-m,dummy-lora-llama-70b-m-rank-64-4,404,68,428.98671881640536
4308,dummy-llama-70b-m,dummy-lora-llama-70b-m-rank-128-4,548,19,429.0382595888064
4309,dummy-llama-70b-m,dummy-lora-llama-70b-m-rank-16-1,562,19,429.11229369477627
4310,dummy-llama-70b-m,dummy-lora-llama-70b-m-rank-64-0,504,8,429.26898012599696
4311,dummy-llama-70b-m,dummy-lora-llama-70b-m-rank-128-1,276,59,429.40332487501263
4312,dummy-llama-70b-m,dummy-lora-llama-70b-m-rank-64-2,558,108,429.5195939039568
4313,dummy-llama-70b-m,dummy-lora-llama-70b-m-rank-128-2,720,35,429.53724595179057
4314,dummy-llama-70b-m,dummy-lora-llama-70b-m-rank-16-2,487,58,429.632775414515
4315,dummy-llama-70b-m,dummy-lora-llama-70b-m-rank-16-3,383,36,429.7082333478823
4316,dummy-llama-70b-m,dummy-lora-llama-70b-m-rank-16-3,906,84,429.8307556564851
4317,dummy-llama-70b-m,dummy-lora-llama-70b-m-rank-8-1,771,8,430.00438505015865
4318,dummy-llama-70b-m,dummy-lora-llama-70b-m-rank-32-4,56,47,430.34339812659687
4319,dummy-llama-70b-m,dummy-lora-llama-70b-m-rank-32-4,756,10,430.5873351056801
4320,dummy-llama-70b-m,dummy-lora-llama-70b-m-rank-16-3,213,49,430.9142773813878
4321,dummy-llama-70b-m,dummy-lora-llama-70b-m-rank-16-3,429,5,430.9357255256981
4322,dummy-llama-70b-m,dummy-lora-llama-70b-m-rank-8-2,282,138,431.190412720892
4323,dummy-llama-70b-m,dummy-lora-llama-70b-m-rank-64-3,53,63,431.31581470790235
4324,dummy-llama-70b-m,dummy-lora-llama-70b-m-rank-128-1,672,16,431.4100818410548
4325,dummy-llama-70b-m,dummy-lora-llama-70b-m-rank-16-1,232,13,431.5587269405427
4326,dummy-llama-70b-m,dummy-lora-llama-70b-m-rank-64-1,326,42,431.8889828441852
4327,dummy-llama-70b-m,dummy-lora-llama-70b-m-rank-64-3,779,13,432.0344084034349
4328,dummy-llama-70b-m,dummy-lora-llama-70b-m-rank-32-4,342,44,432.1257765187163
4329,dummy-llama-70b-m,dummy-lora-llama-70b-m-rank-16-4,307,54,432.1264854140169
4330,dummy-llama-70b-m,dummy-lora-llama-70b-m-rank-32-0,246,61,432.3231071427129
4331,dummy-llama-70b-m,dummy-lora-llama-70b-m-rank-8-1,574,29,432.34953877201417
4332,dummy-llama-70b-m,dummy-lora-llama-70b-m-rank-8-0,607,37,432.4331649374842
4333,dummy-llama-70b-m,dummy-lora-llama-70b-m-rank-32-3,568,29,432.51427730651113
4334,dummy-llama-70b-m,dummy-lora-llama-70b-m-rank-32-3,359,66,432.526104747761
4335,dummy-llama-70b-m,dummy-lora-llama-70b-m-rank-64-3,710,8,432.63466965567727
4336,dummy-llama-70b-m,dummy-lora-llama-70b-m-rank-8-2,556,24,432.67335899221416
4337,dummy-llama-70b-m,dummy-lora-llama-70b-m-rank-64-2,560,22,432.95126499776165
4338,dummy-llama-70b-m,dummy-lora-llama-70b-m-rank-128-3,286,52,432.95420897050707
4339,dummy-llama-70b-m,dummy-lora-llama-70b-m-rank-32-2,219,47,433.02837793720056
4340,dummy-llama-70b-m,dummy-lora-llama-70b-m-rank-16-3,640,11,433.21885672420717
4341,dummy-llama-70b-m,dummy-lora-llama-70b-m-rank-32-2,214,40,433.26778990526293
4342,dummy-llama-70b-m,dummy-lora-llama-70b-m-rank-16-1,592,40,433.3690502788347
4343,dummy-llama-70b-m,dummy-lora-llama-70b-m-rank-64-4,310,33,433.38949317183256
4344,dummy-llama-70b-m,dummy-lora-llama-70b-m-rank-128-1,646,10,433.4081075842307
4345,dummy-llama-70b-m,dummy-lora-llama-70b-m-rank-8-0,99,60,433.46697495408705
4346,dummy-llama-70b-m,dummy-lora-llama-70b-m-rank-64-4,475,212,433.47417960710834
4347,dummy-llama-70b-m,dummy-lora-llama-70b-m-rank-16-2,212,57,433.6059415025638
4348,dummy-llama-70b-m,dummy-lora-llama-70b-m-rank-64-1,611,8,433.62552425183185
4349,dummy-llama-70b-m,dummy-lora-llama-70b-m-rank-128-4,297,5,433.68845670186266
4350,dummy-llama-70b-m,dummy-lora-llama-70b-m-rank-128-3,334,155,433.705702364797
4351,dummy-llama-70b-m,dummy-lora-llama-70b-m-rank-32-3,403,164,433.71887619377003
4352,dummy-llama-70b-m,dummy-lora-llama-70b-m-rank-64-3,536,53,433.7506291464771
4353,dummy-llama-70b-m,dummy-lora-llama-70b-m-rank-8-0,548,17,433.86835759393006
4354,dummy-llama-70b-m,dummy-lora-llama-70b-m-rank-32-0,485,12,433.88305510228975
4355,dummy-llama-70b-m,dummy-lora-llama-70b-m-rank-128-4,312,34,433.894520531326
4356,dummy-llama-70b-m,dummy-lora-llama-70b-m-rank-16-3,258,48,434.09126842802965
4357,dummy-llama-70b-m,dummy-lora-llama-70b-m-rank-64-0,724,86,434.1372645726448
4358,dummy-llama-70b-m,dummy-lora-llama-70b-m-rank-128-3,903,11,434.15345753238216
4359,dummy-llama-70b-m,dummy-lora-llama-70b-m-rank-8-4,325,69,434.2418394854304
4360,dummy-llama-70b-m,dummy-lora-llama-70b-m-rank-16-4,425,60,434.24737458232903
4361,dummy-llama-70b-m,dummy-lora-llama-70b-m-rank-32-1,588,59,434.45211507951666
4362,dummy-llama-70b-m,dummy-lora-llama-70b-m-rank-32-1,564,25,434.54757142784086
4363,dummy-llama-70b-m,dummy-lora-llama-70b-m-rank-128-1,548,17,434.56441618915244
4364,dummy-llama-70b-m,dummy-lora-llama-70b-m-rank-128-1,358,40,434.69171577269606
4365,dummy-llama-70b-m,dummy-lora-llama-70b-m-rank-8-2,391,7,434.71321990410996
4366,dummy-llama-70b-m,dummy-lora-llama-70b-m-rank-128-2,560,20,434.8790516492328
4367,dummy-llama-70b-m,dummy-lora-llama-70b-m-rank-16-2,552,19,435.0480338315992
4368,dummy-llama-70b-m,dummy-lora-llama-70b-m-rank-8-2,170,43,435.0964503908726
4369,dummy-llama-70b-m,dummy-lora-llama-70b-m-rank-128-0,586,38,435.1952186511102
4370,dummy-llama-70b-m,dummy-lora-llama-70b-m-rank-16-2,657,10,435.2908534643488
4371,dummy-llama-70b-m,dummy-lora-llama-70b-m-rank-64-1,552,22,435.30139134835207
4372,dummy-llama-70b-m,dummy-lora-llama-70b-m-rank-16-0,154,32,435.47639075018935
4373,dummy-llama-70b-m,dummy-lora-llama-70b-m-rank-32-0,556,19,435.7316833255341
4374,dummy-llama-70b-m,dummy-lora-llama-70b-m-rank-128-0,94,43,435.7551184057706
4375,dummy-llama-70b-m,dummy-lora-llama-70b-m-rank-64-0,542,11,435.75721488985494
4376,dummy-llama-70b-m,dummy-lora-llama-70b-m-rank-8-0,497,8,435.82770400113753
4377,dummy-llama-70b-m,dummy-lora-llama-70b-m-rank-128-2,464,61,436.13863579010825
4378,dummy-llama-70b-m,dummy-lora-llama-70b-m-rank-8-4,554,19,436.16281784363207
4379,dummy-llama-70b-m,dummy-lora-llama-70b-m-rank-32-1,328,48,436.23785979659544
4380,dummy-llama-70b-m,dummy-lora-llama-70b-m-rank-128-4,511,49,436.5512331614969
4381,dummy-llama-70b-m,dummy-lora-llama-70b-m-rank-32-3,77,29,436.55127129557263
4382,dummy-llama-70b-m,dummy-lora-llama-70b-m-rank-128-0,374,41,436.65044859682547
4383,dummy-llama-70b-m,dummy-lora-llama-70b-m-rank-128-3,572,29,436.6553641440985
4384,dummy-llama-70b-m,dummy-lora-llama-70b-m-rank-128-3,386,134,436.9120424984458
4385,dummy-llama-70b-m,dummy-lora-llama-70b-m-rank-64-4,548,17,437.23396376256153
4386,dummy-llama-70b-m,dummy-lora-llama-70b-m-rank-8-3,556,21,437.610376929831
4387,dummy-llama-70b-m,dummy-lora-llama-70b-m-rank-64-2,337,31,437.67689965816186
4388,dummy-llama-70b-m,dummy-lora-llama-70b-m-rank-64-2,611,24,437.7911996502288
4389,dummy-llama-70b-m,dummy-lora-llama-70b-m-rank-16-3,562,26,437.9532008559506
4390,dummy-llama-70b-m,dummy-lora-llama-70b-m-rank-16-1,554,22,437.9927047309576
4391,dummy-llama-70b-m,dummy-lora-llama-70b-m-rank-64-0,522,54,438.01019383968634
4392,dummy-llama-70b-m,dummy-lora-llama-70b-m-rank-8-2,601,18,438.1724632715126
4393,dummy-llama-70b-m,dummy-lora-llama-70b-m-rank-16-0,230,205,438.26248749291926
4394,dummy-llama-70b-m,dummy-lora-llama-70b-m-rank-8-4,594,20,438.2984734421631
4395,dummy-llama-70b-m,dummy-lora-llama-70b-m-rank-8-4,75,39,438.41626386665274
4396,dummy-llama-70b-m,dummy-lora-llama-70b-m-rank-8-3,566,25,438.4184270248648
4397,dummy-llama-70b-m,dummy-lora-llama-70b-m-rank-16-2,222,39,438.5040180511831
4398,dummy-llama-70b-m,dummy-lora-llama-70b-m-rank-32-0,55,11,438.5409960513161
4399,dummy-llama-70b-m,dummy-lora-llama-70b-m-rank-32-1,537,127,438.8781018227275
4400,dummy-llama-70b-m,dummy-lora-llama-70b-m-rank-64-0,236,114,438.9814751351898
4401,dummy-llama-70b-m,dummy-lora-llama-70b-m-rank-8-2,185,34,439.00232875239726
4402,dummy-llama-70b-m,dummy-lora-llama-70b-m-rank-32-0,562,23,439.1099409649061
4403,dummy-llama-70b-m,dummy-lora-llama-70b-m-rank-8-2,439,97,439.13033962103714
4404,dummy-llama-70b-m,dummy-lora-llama-70b-m-rank-64-4,350,35,439.1643872204172
4405,dummy-llama-70b-m,dummy-lora-llama-70b-m-rank-128-4,444,36,439.259006205132
4406,dummy-llama-70b-m,dummy-lora-llama-70b-m-rank-32-4,274,112,439.46167783707676
4407,dummy-llama-70b-m,dummy-lora-llama-70b-m-rank-64-0,544,15,439.58265928666214
4408,dummy-llama-70b-m,dummy-lora-llama-70b-m-rank-64-2,556,21,439.7520112184791
4409,dummy-llama-70b-m,dummy-lora-llama-70b-m-rank-32-3,628,16,439.7824056187381
4410,dummy-llama-70b-m,dummy-lora-llama-70b-m-rank-32-2,705,14,439.8521978525905
4411,dummy-llama-70b-m,dummy-lora-llama-70b-m-rank-8-3,426,152,439.8607467847665
4412,dummy-llama-70b-m,dummy-lora-llama-70b-m-rank-128-0,600,18,440.13758620373613
4413,dummy-llama-70b-m,dummy-lora-llama-70b-m-rank-16-4,345,10,440.2833479224048
4414,dummy-llama-70b-m,dummy-lora-llama-70b-m-rank-16-3,599,9,440.7655743836525
4415,dummy-llama-70b-m,dummy-lora-llama-70b-m-rank-64-4,282,7,440.86202705778214
4416,dummy-llama-70b-m,dummy-lora-llama-70b-m-rank-32-3,411,185,440.89598979491615
4417,dummy-llama-70b-m,dummy-lora-llama-70b-m-rank-128-4,490,5,441.075542771066
4418,dummy-llama-70b-m,dummy-lora-llama-70b-m-rank-64-1,609,19,441.08255902405193
4419,dummy-llama-70b-m,dummy-lora-llama-70b-m-rank-128-2,565,24,441.09139488490194
4420,dummy-llama-70b-m,dummy-lora-llama-70b-m-rank-128-2,477,10,441.1173694040931
4421,dummy-llama-70b-m,dummy-lora-llama-70b-m-rank-32-1,445,46,441.21099302502324
4422,dummy-llama-70b-m,dummy-lora-llama-70b-m-rank-32-1,456,44,441.6759812498802
4423,dummy-llama-70b-m,dummy-lora-llama-70b-m-rank-16-0,131,44,441.73009002779173
4424,dummy-llama-70b-m,dummy-lora-llama-70b-m-rank-64-1,906,33,441.9151521673607
4425,dummy-llama-70b-m,dummy-lora-llama-70b-m-rank-128-2,255,125,441.9887839441847
4426,dummy-llama-70b-m,dummy-lora-llama-70b-m-rank-8-4,508,47,442.06180435021224
4427,dummy-llama-70b-m,dummy-lora-llama-70b-m-rank-16-1,403,7,442.19727587570975
4428,dummy-llama-70b-m,dummy-lora-llama-70b-m-rank-32-3,568,26,442.3644234103789
4429,dummy-llama-70b-m,dummy-lora-llama-70b-m-rank-8-3,139,32,442.4138595772019
4430,dummy-llama-70b-m,dummy-lora-llama-70b-m-rank-64-0,564,28,442.50699936433307
4431,dummy-llama-70b-m,dummy-lora-llama-70b-m-rank-8-1,228,168,442.57409726046046
4432,dummy-llama-70b-m,dummy-lora-llama-70b-m-rank-128-4,194,47,442.57415024346506
4433,dummy-llama-70b-m,dummy-lora-llama-70b-m-rank-64-4,609,20,442.68224056429113
4434,dummy-llama-70b-m,dummy-lora-llama-70b-m-rank-32-0,599,20,442.74708710039437
4435,dummy-llama-70b-m,dummy-lora-llama-70b-m-rank-16-1,363,183,442.76350630859383
4436,dummy-llama-70b-m,dummy-lora-llama-70b-m-rank-64-3,568,28,442.973402289596
4437,dummy-llama-70b-m,dummy-lora-llama-70b-m-rank-128-0,438,5,443.0934433472693
4438,dummy-llama-70b-m,dummy-lora-llama-70b-m-rank-8-0,710,30,443.4344800741536
4439,dummy-llama-70b-m,dummy-lora-llama-70b-m-rank-8-4,558,25,443.4974349171111
4440,dummy-llama-70b-m,dummy-lora-llama-70b-m-rank-32-0,156,101,443.5686490825765
4441,dummy-llama-70b-m,dummy-lora-llama-70b-m-rank-8-2,374,13,443.654221770032
4442,dummy-llama-70b-m,dummy-lora-llama-70b-m-rank-8-0,558,22,443.67557472574805
4443,dummy-llama-70b-m,dummy-lora-llama-70b-m-rank-8-3,765,22,443.8328453529202
4444,dummy-llama-70b-m,dummy-lora-llama-70b-m-rank-128-0,208,3,443.84586854063076
4445,dummy-llama-70b-m,dummy-lora-llama-70b-m-rank-8-4,356,11,443.8548697192042
4446,dummy-llama-70b-m,dummy-lora-llama-70b-m-rank-128-4,298,201,443.92442291084785
4447,dummy-llama-70b-m,dummy-lora-llama-70b-m-rank-16-1,552,18,444.004460358829
4448,dummy-llama-70b-m,dummy-lora-llama-70b-m-rank-8-3,192,125,444.1258204811407
4449,dummy-llama-70b-m,dummy-lora-llama-70b-m-rank-128-0,645,7,444.13096617547944
4450,dummy-llama-70b-m,dummy-lora-llama-70b-m-rank-32-1,561,44,444.37665724801315
4451,dummy-llama-70b-m,dummy-lora-llama-70b-m-rank-32-1,646,142,444.393036942125
4452,dummy-llama-70b-m,dummy-lora-llama-70b-m-rank-16-3,554,12,444.71404480799583
4453,dummy-llama-70b-m,dummy-lora-llama-70b-m-rank-8-0,610,49,445.04553012316086
4454,dummy-llama-70b-m,dummy-lora-llama-70b-m-rank-16-3,288,44,445.24698300525324
4455,dummy-llama-70b-m,dummy-lora-llama-70b-m-rank-128-2,284,15,445.3898382569717
4456,dummy-llama-70b-m,dummy-lora-llama-70b-m-rank-32-1,281,7,445.56076182301376
4457,dummy-llama-70b-m,dummy-lora-llama-70b-m-rank-64-3,168,37,445.6477685554618
4458,dummy-llama-70b-m,dummy-lora-llama-70b-m-rank-16-2,552,10,445.678234690881
4459,dummy-llama-70b-m,dummy-lora-llama-70b-m-rank-8-2,552,19,445.9702054782934
4460,dummy-llama-70b-m,dummy-lora-llama-70b-m-rank-32-4,174,56,446.10141873246164
4461,dummy-llama-70b-m,dummy-lora-llama-70b-m-rank-16-2,552,22,446.21540600973555
4462,dummy-llama-70b-m,dummy-lora-llama-70b-m-rank-8-1,306,7,446.2242565635494
4463,dummy-llama-70b-m,dummy-lora-llama-70b-m-rank-8-2,112,51,446.30616207804854
4464,dummy-llama-70b-m,dummy-lora-llama-70b-m-rank-16-0,679,6,446.33703948498305
4465,dummy-llama-70b-m,dummy-lora-llama-70b-m-rank-128-1,524,5,446.5885323463929
4466,dummy-llama-70b-m,dummy-lora-llama-70b-m-rank-128-1,490,47,446.81044236198267
4467,dummy-llama-70b-m,dummy-lora-llama-70b-m-rank-16-0,570,19,446.93911810979216
4468,dummy-llama-70b-m,dummy-lora-llama-70b-m-rank-128-1,57,99,447.021121492569
4469,dummy-llama-70b-m,dummy-lora-llama-70b-m-rank-128-4,534,9,447.1608570776191
4470,dummy-llama-70b-m,dummy-lora-llama-70b-m-rank-64-2,550,17,447.19814126779744
4471,dummy-llama-70b-m,dummy-lora-llama-70b-m-rank-8-1,441,40,447.2538680300463
4472,dummy-llama-70b-m,dummy-lora-llama-70b-m-rank-8-4,180,98,447.3678201762237
4473,dummy-llama-70b-m,dummy-lora-llama-70b-m-rank-32-2,325,175,447.47124557161703
4474,dummy-llama-70b-m,dummy-lora-llama-70b-m-rank-8-0,604,18,447.67711326181717
4475,dummy-llama-70b-m,dummy-lora-llama-70b-m-rank-64-4,752,14,447.9103825844177
4476,dummy-llama-70b-m,dummy-lora-llama-70b-m-rank-64-4,576,26,448.1271539894699
4477,dummy-llama-70b-m,dummy-lora-llama-70b-m-rank-128-2,556,79,448.6197960409182
4478,dummy-llama-70b-m,dummy-lora-llama-70b-m-rank-64-1,582,18,448.7201984176306
4479,dummy-llama-70b-m,dummy-lora-llama-70b-m-rank-64-3,214,6,448.8327283066188
4480,dummy-llama-70b-m,dummy-lora-llama-70b-m-rank-64-4,273,152,448.8826768125232
4481,dummy-llama-70b-m,dummy-lora-llama-70b-m-rank-16-2,124,80,449.0100531150645
4482,dummy-llama-70b-m,dummy-lora-llama-70b-m-rank-8-2,404,41,449.10228475837124
4483,dummy-llama-70b-m,dummy-lora-llama-70b-m-rank-32-3,1016,62,449.45511063287915
4484,dummy-llama-70b-m,dummy-lora-llama-70b-m-rank-8-3,197,45,449.57451705739936
4485,dummy-llama-70b-m,dummy-lora-llama-70b-m-rank-32-2,404,6,449.88317537140597
4486,dummy-llama-70b-m,dummy-lora-llama-70b-m-rank-16-3,496,60,449.94698202536415
4487,dummy-llama-70b-m,dummy-lora-llama-70b-m-rank-16-3,533,82,450.1872819186546
4488,dummy-llama-70b-m,dummy-lora-llama-70b-m-rank-64-0,441,14,450.3573398560648
4489,dummy-llama-70b-m,dummy-lora-llama-70b-m-rank-64-4,573,23,450.51072240741314
4490,dummy-llama-70b-m,dummy-lora-llama-70b-m-rank-32-2,552,11,450.54199564690066
4491,dummy-llama-70b-m,dummy-lora-llama-70b-m-rank-128-3,258,111,450.6858103755105
4492,dummy-llama-70b-m,dummy-lora-llama-70b-m-rank-64-4,349,11,450.73750551696213
4493,dummy-llama-70b-m,dummy-lora-llama-70b-m-rank-128-2,351,47,450.77067982065034
4494,dummy-llama-70b-m,dummy-lora-llama-70b-m-rank-16-0,692,3,450.81582592584664
4495,dummy-llama-70b-m,dummy-lora-llama-70b-m-rank-32-3,276,152,450.8342132580653
4496,dummy-llama-70b-m,dummy-lora-llama-70b-m-rank-128-0,613,3,450.86216643903975
4497,dummy-llama-70b-m,dummy-lora-llama-70b-m-rank-16-1,848,84,450.8803016884524
4498,dummy-llama-70b-m,dummy-lora-llama-70b-m-rank-32-3,582,126,450.9396515631681
4499,dummy-llama-70b-m,dummy-lora-llama-70b-m-rank-8-4,423,42,451.1526327424472
4500,dummy-llama-70b-m,dummy-lora-llama-70b-m-rank-128-3,230,49,451.2609032599555
4501,dummy-llama-70b-m,dummy-lora-llama-70b-m-rank-32-0,320,49,451.3822224623029
4502,dummy-llama-70b-m,dummy-lora-llama-70b-m-rank-16-2,108,86,451.3935649936312
4503,dummy-llama-70b-m,dummy-lora-llama-70b-m-rank-8-1,751,53,451.45689819389435
4504,dummy-llama-70b-m,dummy-lora-llama-70b-m-rank-128-2,489,11,451.46278149786997
4505,dummy-llama-70b-m,dummy-lora-llama-70b-m-rank-64-4,475,14,451.52345187295333
4506,dummy-llama-70b-m,dummy-lora-llama-70b-m-rank-8-1,352,48,451.6766562260662
4507,dummy-llama-70b-m,dummy-lora-llama-70b-m-rank-64-0,450,44,451.73087473605176
4508,dummy-llama-70b-m,dummy-lora-llama-70b-m-rank-16-3,229,2,451.7720022214925
4509,dummy-llama-70b-m,dummy-lora-llama-70b-m-rank-16-2,556,14,451.8935629848359
4510,dummy-llama-70b-m,dummy-lora-llama-70b-m-rank-32-4,658,12,452.08518122692817
4511,dummy-llama-70b-m,dummy-lora-llama-70b-m-rank-64-0,994,24,452.1042715607215
4512,dummy-llama-70b-m,dummy-lora-llama-70b-m-rank-32-3,829,40,452.1297858547189
4513,dummy-llama-70b-m,dummy-lora-llama-70b-m-rank-8-3,566,27,452.31436460203594
4514,dummy-llama-70b-m,dummy-lora-llama-70b-m-rank-32-1,841,217,452.8970901058256
4515,dummy-llama-70b-m,dummy-lora-llama-70b-m-rank-128-3,359,56,452.9125758212826
4516,dummy-llama-70b-m,dummy-lora-llama-70b-m-rank-16-0,217,53,452.9508950885507
4517,dummy-llama-70b-m,dummy-lora-llama-70b-m-rank-16-4,294,37,453.0302119877056
4518,dummy-llama-70b-m,dummy-lora-llama-70b-m-rank-16-1,261,74,453.1048343508632
4519,dummy-llama-70b-m,dummy-lora-llama-70b-m-rank-64-2,603,30,453.183352041075
4520,dummy-llama-70b-m,dummy-lora-llama-70b-m-rank-64-1,556,21,453.21651518364797
4521,dummy-llama-70b-m,dummy-lora-llama-70b-m-rank-16-2,249,40,453.37607270838674
4522,dummy-llama-70b-m,dummy-lora-llama-70b-m-rank-64-4,505,53,453.4566627454666
4523,dummy-llama-70b-m,dummy-lora-llama-70b-m-rank-32-4,360,46,453.4804318387493
4524,dummy-llama-70b-m,dummy-lora-llama-70b-m-rank-8-3,596,21,453.5019630014106
4525,dummy-llama-70b-m,dummy-lora-llama-70b-m-rank-32-1,558,23,453.52137572907645
4526,dummy-llama-70b-m,dummy-lora-llama-70b-m-rank-16-2,318,50,453.5864545000667
4527,dummy-llama-70b-m,dummy-lora-llama-70b-m-rank-64-2,603,19,453.71922735626845
4528,dummy-llama-70b-m,dummy-lora-llama-70b-m-rank-8-4,605,8,453.7619744981739
4529,dummy-llama-70b-m,dummy-lora-llama-70b-m-rank-16-2,333,8,453.82147584575955
4530,dummy-llama-70b-m,dummy-lora-llama-70b-m-rank-16-1,334,9,453.90144275262924
4531,dummy-llama-70b-m,dummy-lora-llama-70b-m-rank-8-3,164,51,453.90438956979875
4532,dummy-llama-70b-m,dummy-lora-llama-70b-m-rank-128-4,556,166,453.97914376927105
4533,dummy-llama-70b-m,dummy-lora-llama-70b-m-rank-64-4,350,189,454.16827553104093
4534,dummy-llama-70b-m,dummy-lora-llama-70b-m-rank-32-0,635,26,454.1746899516856
4535,dummy-llama-70b-m,dummy-lora-llama-70b-m-rank-128-4,601,18,454.2299703124081
4536,dummy-llama-70b-m,dummy-lora-llama-70b-m-rank-128-4,125,41,454.23289751340974
4537,dummy-llama-70b-m,dummy-lora-llama-70b-m-rank-16-3,557,52,454.39110049707904
4538,dummy-llama-70b-m,dummy-lora-llama-70b-m-rank-128-3,556,18,454.45289674086666
4539,dummy-llama-70b-m,dummy-lora-llama-70b-m-rank-16-0,263,43,454.51523753968553
4540,dummy-llama-70b-m,dummy-lora-llama-70b-m-rank-8-1,304,9,454.6287340331021
4541,dummy-llama-70b-m,dummy-lora-llama-70b-m-rank-8-4,550,18,454.75017797038964
4542,dummy-llama-70b-m,dummy-lora-llama-70b-m-rank-64-0,441,59,454.9027776590925
4543,dummy-llama-70b-m,dummy-lora-llama-70b-m-rank-8-2,566,28,455.09118374086785
4544,dummy-llama-70b-m,dummy-lora-llama-70b-m-rank-128-1,764,94,455.13628634445354
4545,dummy-llama-70b-m,dummy-lora-llama-70b-m-rank-16-2,698,92,455.2052045845855
4546,dummy-llama-70b-m,dummy-lora-llama-70b-m-rank-8-0,558,24,455.49698982831165
4547,dummy-llama-70b-m,dummy-lora-llama-70b-m-rank-8-1,234,99,455.6137412362832
4548,dummy-llama-70b-m,dummy-lora-llama-70b-m-rank-64-4,162,19,456.249301589017
4549,dummy-llama-70b-m,dummy-lora-llama-70b-m-rank-128-4,618,21,456.2537464057351
4550,dummy-llama-70b-m,dummy-lora-llama-70b-m-rank-16-1,548,17,456.3149861455243
4551,dummy-llama-70b-m,dummy-lora-llama-70b-m-rank-32-3,139,19,456.5351907085235
4552,dummy-llama-70b-m,dummy-lora-llama-70b-m-rank-32-3,366,88,456.5446541603166
4553,dummy-llama-70b-m,dummy-lora-llama-70b-m-rank-64-2,693,9,456.6379968081588
4554,dummy-llama-70b-m,dummy-lora-llama-70b-m-rank-8-1,563,19,456.6844321915142
4555,dummy-llama-70b-m,dummy-lora-llama-70b-m-rank-16-1,475,49,456.761182384507
4556,dummy-llama-70b-m,dummy-lora-llama-70b-m-rank-128-0,616,22,457.31970728712537
4557,dummy-llama-70b-m,dummy-lora-llama-70b-m-rank-64-4,695,12,457.4521208217324
4558,dummy-llama-70b-m,dummy-lora-llama-70b-m-rank-128-1,889,45,457.6317590279206
4559,dummy-llama-70b-m,dummy-lora-llama-70b-m-rank-64-4,433,6,457.75318336022053
4560,dummy-llama-70b-m,dummy-lora-llama-70b-m-rank-64-4,556,21,457.9814203261694
4561,dummy-llama-70b-m,dummy-lora-llama-70b-m-rank-8-3,376,11,458.1717096686218
4562,dummy-llama-70b-m,dummy-lora-llama-70b-m-rank-64-3,910,228,458.20025143984935
4563,dummy-llama-70b-m,dummy-lora-llama-70b-m-rank-8-0,586,3,458.3817626033372
4564,dummy-llama-70b-m,dummy-lora-llama-70b-m-rank-8-4,840,3,458.6105465225595
4565,dummy-llama-70b-m,dummy-lora-llama-70b-m-rank-64-4,439,58,458.68040457871143
4566,dummy-llama-70b-m,dummy-lora-llama-70b-m-rank-8-2,263,50,458.74723181444926
4567,dummy-llama-70b-m,dummy-lora-llama-70b-m-rank-16-3,304,55,458.7576346517285
4568,dummy-llama-70b-m,dummy-lora-llama-70b-m-rank-16-1,665,10,458.78700883853924
4569,dummy-llama-70b-m,dummy-lora-llama-70b-m-rank-128-1,364,54,458.81286658781283
4570,dummy-llama-70b-m,dummy-lora-llama-70b-m-rank-32-3,554,20,459.1671694755272
4571,dummy-llama-70b-m,dummy-lora-llama-70b-m-rank-16-1,614,56,459.19100981379466
4572,dummy-llama-70b-m,dummy-lora-llama-70b-m-rank-16-3,576,34,459.25931610426437
4573,dummy-llama-70b-m,dummy-lora-llama-70b-m-rank-128-0,550,18,459.8421348187051
4574,dummy-llama-70b-m,dummy-lora-llama-70b-m-rank-64-4,610,65,459.8621326812097
4575,dummy-llama-70b-m,dummy-lora-llama-70b-m-rank-64-3,430,9,459.98809512309356
4576,dummy-llama-70b-m,dummy-lora-llama-70b-m-rank-16-2,234,171,459.9930793262994
4577,dummy-llama-70b-m,dummy-lora-llama-70b-m-rank-8-0,495,47,460.0933998496869
4578,dummy-llama-70b-m,dummy-lora-llama-70b-m-rank-32-3,604,10,460.16151690577254
4579,dummy-llama-70b-m,dummy-lora-llama-70b-m-rank-16-3,277,36,460.2160318775762
4580,dummy-llama-70b-m,dummy-lora-llama-70b-m-rank-32-2,550,17,460.2811824858139
4581,dummy-llama-70b-m,dummy-lora-llama-70b-m-rank-8-3,190,38,460.28767874395214
4582,dummy-llama-70b-m,dummy-lora-llama-70b-m-rank-8-1,418,169,460.37795274700784
4583,dummy-llama-70b-m,dummy-lora-llama-70b-m-rank-64-3,552,21,460.47682969083786
4584,dummy-llama-70b-m,dummy-lora-llama-70b-m-rank-128-1,618,34,460.5237482166488
4585,dummy-llama-70b-m,dummy-lora-llama-70b-m-rank-64-1,629,25,460.7484670411128
4586,dummy-llama-70b-m,dummy-lora-llama-70b-m-rank-8-0,607,13,460.75850707265454
4587,dummy-llama-70b-m,dummy-lora-llama-70b-m-rank-128-4,812,9,460.9780432524249
4588,dummy-llama-70b-m,dummy-lora-llama-70b-m-rank-64-4,752,41,461.02334832295406
4589,dummy-llama-70b-m,dummy-lora-llama-70b-m-rank-64-4,416,90,461.03555955094697
4590,dummy-llama-70b-m,dummy-lora-llama-70b-m-rank-8-0,394,10,461.0847358940749
4591,dummy-llama-70b-m,dummy-lora-llama-70b-m-rank-128-3,514,11,461.44628727701974
4592,dummy-llama-70b-m,dummy-lora-llama-70b-m-rank-8-3,404,5,461.53449881652386
4593,dummy-llama-70b-m,dummy-lora-llama-70b-m-rank-64-0,142,42,461.6000954599508
4594,dummy-llama-70b-m,dummy-lora-llama-70b-m-rank-8-3,566,71,461.72513234306706
4595,dummy-llama-70b-m,dummy-lora-llama-70b-m-rank-16-0,451,47,461.8513426563881
4596,dummy-llama-70b-m,dummy-lora-llama-70b-m-rank-32-3,554,20,461.8728269122712
4597,dummy-llama-70b-m,dummy-lora-llama-70b-m-rank-32-0,687,206,461.9403911717068
4598,dummy-llama-70b-m,dummy-lora-llama-70b-m-rank-8-4,676,9,461.96332883200677
4599,dummy-llama-70b-m,dummy-lora-llama-70b-m-rank-32-4,698,43,462.00888218237264
4600,dummy-llama-70b-m,dummy-lora-llama-70b-m-rank-8-3,156,38,462.1731459224092
4601,dummy-llama-70b-m,dummy-lora-llama-70b-m-rank-8-3,292,46,462.4267834552688
4602,dummy-llama-70b-m,dummy-lora-llama-70b-m-rank-128-2,879,60,462.4495044267759
4603,dummy-llama-70b-m,dummy-lora-llama-70b-m-rank-16-0,772,24,462.51394590428805
4604,dummy-llama-70b-m,dummy-lora-llama-70b-m-rank-8-0,613,7,462.5640978544546
4605,dummy-llama-70b-m,dummy-lora-llama-70b-m-rank-128-1,560,14,462.7393491474342
4606,dummy-llama-70b-m,dummy-lora-llama-70b-m-rank-16-3,713,7,462.77097012453305
4607,dummy-llama-70b-m,dummy-lora-llama-70b-m-rank-64-0,645,32,462.79406902622713
4608,dummy-llama-70b-m,dummy-lora-llama-70b-m-rank-32-4,607,7,462.9455605815163
4609,dummy-llama-70b-m,dummy-lora-llama-70b-m-rank-64-2,616,28,462.947286906995
4610,dummy-llama-70b-m,dummy-lora-llama-70b-m-rank-64-1,252,53,463.1831032093286
4611,dummy-llama-70b-m,dummy-lora-llama-70b-m-rank-8-3,331,28,463.47952630414534
4612,dummy-llama-70b-m,dummy-lora-llama-70b-m-rank-128-2,568,27,463.4835284053148
4613,dummy-llama-70b-m,dummy-lora-llama-70b-m-rank-16-3,570,30,463.55020338824505
4614,dummy-llama-70b-m,dummy-lora-llama-70b-m-rank-64-2,587,7,463.7004658628247
4615,dummy-llama-70b-m,dummy-lora-llama-70b-m-rank-8-4,162,117,463.866715216652
4616,dummy-llama-70b-m,dummy-lora-llama-70b-m-rank-32-0,554,22,463.9143996754303
4617,dummy-llama-70b-m,dummy-lora-llama-70b-m-rank-8-2,594,44,464.0746053949045
4618,dummy-llama-70b-m,dummy-lora-llama-70b-m-rank-32-1,491,5,464.1164735753082
4619,dummy-llama-70b-m,dummy-lora-llama-70b-m-rank-16-4,238,55,464.52526066486433
4620,dummy-llama-70b-m,dummy-lora-llama-70b-m-rank-128-3,233,7,464.55591141758987
4621,dummy-llama-70b-m,dummy-lora-llama-70b-m-rank-8-0,396,4,464.5809408268703
4622,dummy-llama-70b-m,dummy-lora-llama-70b-m-rank-16-2,350,74,464.7283131560553
4623,dummy-llama-70b-m,dummy-lora-llama-70b-m-rank-64-3,767,25,464.74431467104415
4624,dummy-llama-70b-m,dummy-lora-llama-70b-m-rank-16-4,554,12,464.8220414682546
4625,dummy-llama-70b-m,dummy-lora-llama-70b-m-rank-16-2,250,49,464.8321415379476
4626,dummy-llama-70b-m,dummy-lora-llama-70b-m-rank-128-0,241,142,464.8942498330087
4627,dummy-llama-70b-m,dummy-lora-llama-70b-m-rank-16-4,562,24,464.9147922714864
4628,dummy-llama-70b-m,dummy-lora-llama-70b-m-rank-128-0,476,9,464.93362701354533
4629,dummy-llama-70b-m,dummy-lora-llama-70b-m-rank-16-4,609,16,465.12131545835365
4630,dummy-llama-70b-m,dummy-lora-llama-70b-m-rank-16-3,390,41,465.1889623490535
4631,dummy-llama-70b-m,dummy-lora-llama-70b-m-rank-32-1,457,49,465.33917613130023
4632,dummy-llama-70b-m,dummy-lora-llama-70b-m-rank-128-3,743,85,465.40392153248524
4633,dummy-llama-70b-m,dummy-lora-llama-70b-m-rank-16-1,497,41,465.4483629078439
4634,dummy-llama-70b-m,dummy-lora-llama-70b-m-rank-32-1,245,56,465.65274281601535
4635,dummy-llama-70b-m,dummy-lora-llama-70b-m-rank-128-4,713,3,465.8137529668239
4636,dummy-llama-70b-m,dummy-lora-llama-70b-m-rank-16-0,267,79,465.871889675261
4637,dummy-llama-70b-m,dummy-lora-llama-70b-m-rank-8-0,163,55,465.9832866897133
4638,dummy-llama-70b-m,dummy-lora-llama-70b-m-rank-16-3,256,90,466.1888623024044
4639,dummy-llama-70b-m,dummy-lora-llama-70b-m-rank-16-3,559,22,466.20655159940065
4640,dummy-llama-70b-m,dummy-lora-llama-70b-m-rank-16-4,240,47,466.4071133549995
4641,dummy-llama-70b-m,dummy-lora-llama-70b-m-rank-16-2,550,20,466.62895021140315
4642,dummy-llama-70b-m,dummy-lora-llama-70b-m-rank-8-3,372,54,466.6555742761711
4643,dummy-llama-70b-m,dummy-lora-llama-70b-m-rank-64-1,584,10,466.6588604987847
4644,dummy-llama-70b-m,dummy-lora-llama-70b-m-rank-128-1,342,42,466.6756295435738
4645,dummy-llama-70b-m,dummy-lora-llama-70b-m-rank-16-3,329,10,466.79573372109166
4646,dummy-llama-70b-m,dummy-lora-llama-70b-m-rank-32-1,272,61,466.8189878338567
4647,dummy-llama-70b-m,dummy-lora-llama-70b-m-rank-16-1,437,4,466.8991366732893
4648,dummy-llama-70b-m,dummy-lora-llama-70b-m-rank-64-1,548,17,466.92722997591477
4649,dummy-llama-70b-m,dummy-lora-llama-70b-m-rank-64-3,356,53,467.1788308664143
4650,dummy-llama-70b-m,dummy-lora-llama-70b-m-rank-32-3,320,40,467.50829007949744
4651,dummy-llama-70b-m,dummy-lora-llama-70b-m-rank-16-1,639,84,467.69844213498897
4652,dummy-llama-70b-m,dummy-lora-llama-70b-m-rank-128-2,465,33,467.73189217509565
4653,dummy-llama-70b-m,dummy-lora-llama-70b-m-rank-8-4,389,56,467.8061618820467
4654,dummy-llama-70b-m,dummy-lora-llama-70b-m-rank-32-4,300,5,467.8221163302978
4655,dummy-llama-70b-m,dummy-lora-llama-70b-m-rank-64-3,502,42,467.9383333928332
4656,dummy-llama-70b-m,dummy-lora-llama-70b-m-rank-128-1,588,38,467.9512180466247
4657,dummy-llama-70b-m,dummy-lora-llama-70b-m-rank-64-1,437,11,467.99958144412966
4658,dummy-llama-70b-m,dummy-lora-llama-70b-m-rank-16-2,560,25,468.0611759696898
4659,dummy-llama-70b-m,dummy-lora-llama-70b-m-rank-128-4,536,6,468.58325723936485
4660,dummy-llama-70b-m,dummy-lora-llama-70b-m-rank-128-1,199,148,468.7431870525473
4661,dummy-llama-70b-m,dummy-lora-llama-70b-m-rank-128-4,603,17,468.76701134834246
4662,dummy-llama-70b-m,dummy-lora-llama-70b-m-rank-8-4,335,41,468.8690156627685
4663,dummy-llama-70b-m,dummy-lora-llama-70b-m-rank-128-1,567,66,468.9622137571692
4664,dummy-llama-70b-m,dummy-lora-llama-70b-m-rank-16-2,591,46,469.18412164360194
4665,dummy-llama-70b-m,dummy-lora-llama-70b-m-rank-32-3,550,18,469.2821684120845
4666,dummy-llama-70b-m,dummy-lora-llama-70b-m-rank-16-4,560,11,469.3179602607654
4667,dummy-llama-70b-m,dummy-lora-llama-70b-m-rank-16-1,556,23,469.56272242332284
4668,dummy-llama-70b-m,dummy-lora-llama-70b-m-rank-128-1,485,47,469.62811082061705
4669,dummy-llama-70b-m,dummy-lora-llama-70b-m-rank-8-0,568,32,469.63317276429785
4670,dummy-llama-70b-m,dummy-lora-llama-70b-m-rank-64-0,892,25,469.7644981242484
4671,dummy-llama-70b-m,dummy-lora-llama-70b-m-rank-128-3,443,40,469.8920252184869
4672,dummy-llama-70b-m,dummy-lora-llama-70b-m-rank-64-0,659,76,470.19034734938464
4673,dummy-llama-70b-m,dummy-lora-llama-70b-m-rank-64-2,592,33,470.2642108843853
4674,dummy-llama-70b-m,dummy-lora-llama-70b-m-rank-16-4,574,30,470.2790729818291
4675,dummy-llama-70b-m,dummy-lora-llama-70b-m-rank-64-3,305,48,470.38246287875785
4676,dummy-llama-70b-m,dummy-lora-llama-70b-m-rank-32-3,445,51,470.4167839321064
4677,dummy-llama-70b-m,dummy-lora-llama-70b-m-rank-8-1,265,163,470.41779795484325
4678,dummy-llama-70b-m,dummy-lora-llama-70b-m-rank-32-3,588,20,470.49731373406627
4679,dummy-llama-70b-m,dummy-lora-llama-70b-m-rank-8-2,527,5,470.4983829136468
4680,dummy-llama-70b-m,dummy-lora-llama-70b-m-rank-32-4,514,53,470.6805129491902
4681,dummy-llama-70b-m,dummy-lora-llama-70b-m-rank-8-1,245,43,470.70468076529784
4682,dummy-llama-70b-m,dummy-lora-llama-70b-m-rank-128-4,396,67,470.7365815843235
4683,dummy-llama-70b-m,dummy-lora-llama-70b-m-rank-8-3,546,16,470.7665624243989
4684,dummy-llama-70b-m,dummy-lora-llama-70b-m-rank-64-1,709,8,470.8489627502271
4685,dummy-llama-70b-m,dummy-lora-llama-70b-m-rank-16-3,439,45,471.24974534172645
4686,dummy-llama-70b-m,dummy-lora-llama-70b-m-rank-32-0,554,12,471.2864661910922
4687,dummy-llama-70b-m,dummy-lora-llama-70b-m-rank-128-1,638,10,471.4526912059838
4688,dummy-llama-70b-m,dummy-lora-llama-70b-m-rank-32-0,332,133,471.50254418785755
4689,dummy-llama-70b-m,dummy-lora-llama-70b-m-rank-128-1,513,76,471.526629316467
4690,dummy-llama-70b-m,dummy-lora-llama-70b-m-rank-64-2,550,10,471.52731517828073
4691,dummy-llama-70b-m,dummy-lora-llama-70b-m-rank-8-2,618,49,471.5702261372644
4692,dummy-llama-70b-m,dummy-lora-llama-70b-m-rank-128-1,304,70,471.66474521136684
4693,dummy-llama-70b-m,dummy-lora-llama-70b-m-rank-8-3,552,39,471.72197582780143
4694,dummy-llama-70b-m,dummy-lora-llama-70b-m-rank-16-0,455,7,471.7784916722869
4695,dummy-llama-70b-m,dummy-lora-llama-70b-m-rank-64-4,569,177,471.85234179368257
4696,dummy-llama-70b-m,dummy-lora-llama-70b-m-rank-8-3,318,151,472.00188909558597
4697,dummy-llama-70b-m,dummy-lora-llama-70b-m-rank-16-4,560,23,472.06435812592406
4698,dummy-llama-70b-m,dummy-lora-llama-70b-m-rank-128-0,608,27,472.08646614987117
4699,dummy-llama-70b-m,dummy-lora-llama-70b-m-rank-16-0,554,11,472.1285124905896
4700,dummy-llama-70b-m,dummy-lora-llama-70b-m-rank-128-1,904,20,472.23470796124366
4701,dummy-llama-70b-m,dummy-lora-llama-70b-m-rank-64-0,53,53,472.2911378991101
4702,dummy-llama-70b-m,dummy-lora-llama-70b-m-rank-64-0,552,11,472.29784151040246
4703,dummy-llama-70b-m,dummy-lora-llama-70b-m-rank-16-1,606,46,472.4155317675966
4704,dummy-llama-70b-m,dummy-lora-llama-70b-m-rank-16-3,553,19,472.5761729454962
4705,dummy-llama-70b-m,dummy-lora-llama-70b-m-rank-128-3,250,33,472.65358481546593
4706,dummy-llama-70b-m,dummy-lora-llama-70b-m-rank-8-2,558,25,472.7198989089701
4707,dummy-llama-70b-m,dummy-lora-llama-70b-m-rank-32-3,181,51,472.731500415271
4708,dummy-llama-70b-m,dummy-lora-llama-70b-m-rank-64-2,648,97,472.79323095964105
4709,dummy-llama-70b-m,dummy-lora-llama-70b-m-rank-32-0,353,75,472.90178673359395
4710,dummy-llama-70b-m,dummy-lora-llama-70b-m-rank-16-0,800,9,472.9794089020918
4711,dummy-llama-70b-m,dummy-lora-llama-70b-m-rank-16-4,552,19,473.0378849481278
4712,dummy-llama-70b-m,dummy-lora-llama-70b-m-rank-64-3,457,40,473.07749379699436
4713,dummy-llama-70b-m,dummy-lora-llama-70b-m-rank-8-4,623,8,473.1645992876669
4714,dummy-llama-70b-m,dummy-lora-llama-70b-m-rank-32-3,434,43,473.425119749038
4715,dummy-llama-70b-m,dummy-lora-llama-70b-m-rank-128-3,566,27,473.54858799557746
4716,dummy-llama-70b-m,dummy-lora-llama-70b-m-rank-16-3,896,3,473.56493505950164
4717,dummy-llama-70b-m,dummy-lora-llama-70b-m-rank-128-1,331,55,473.59498995661454
4718,dummy-llama-70b-m,dummy-lora-llama-70b-m-rank-32-3,728,125,473.7186838604633
4719,dummy-llama-70b-m,dummy-lora-llama-70b-m-rank-32-0,316,83,473.8044761850316
4720,dummy-llama-70b-m,dummy-lora-llama-70b-m-rank-8-4,907,11,473.95660867055915
4721,dummy-llama-70b-m,dummy-lora-llama-70b-m-rank-64-0,554,20,474.1878351268672
4722,dummy-llama-70b-m,dummy-lora-llama-70b-m-rank-8-2,380,8,474.2439856954764
4723,dummy-llama-70b-m,dummy-lora-llama-70b-m-rank-32-4,341,137,474.31558776233106
4724,dummy-llama-70b-m,dummy-lora-llama-70b-m-rank-8-4,1016,14,474.3875314345167
4725,dummy-llama-70b-m,dummy-lora-llama-70b-m-rank-16-1,610,220,474.45617636722915
4726,dummy-llama-70b-m,dummy-lora-llama-70b-m-rank-128-4,565,25,474.78688968842005
4727,dummy-llama-70b-m,dummy-lora-llama-70b-m-rank-32-4,424,6,474.7954986804726
4728,dummy-llama-70b-m,dummy-lora-llama-70b-m-rank-8-3,558,14,474.81086004476055
4729,dummy-llama-70b-m,dummy-lora-llama-70b-m-rank-32-3,552,19,474.85116683690046
4730,dummy-llama-70b-m,dummy-lora-llama-70b-m-rank-32-0,142,71,474.9173460953515
4731,dummy-llama-70b-m,dummy-lora-llama-70b-m-rank-128-1,530,5,474.92637659039815
4732,dummy-llama-70b-m,dummy-lora-llama-70b-m-rank-128-2,428,48,474.979614095239
4733,dummy-llama-70b-m,dummy-lora-llama-70b-m-rank-32-3,86,36,475.0902356225925
4734,dummy-llama-70b-m,dummy-lora-llama-70b-m-rank-32-1,738,9,475.28469166960804
4735,dummy-llama-70b-m,dummy-lora-llama-70b-m-rank-32-1,564,15,475.44646478231186
4736,dummy-llama-70b-m,dummy-lora-llama-70b-m-rank-32-2,680,87,475.82929979245324
4737,dummy-llama-70b-m,dummy-lora-llama-70b-m-rank-16-2,614,47,475.8603286840551
4738,dummy-llama-70b-m,dummy-lora-llama-70b-m-rank-32-4,323,66,475.89193884966943
4739,dummy-llama-70b-m,dummy-lora-llama-70b-m-rank-128-3,380,48,475.9317817826069
4740,dummy-llama-70b-m,dummy-lora-llama-70b-m-rank-16-2,558,22,475.94196694078346
4741,dummy-llama-70b-m,dummy-lora-llama-70b-m-rank-32-2,214,6,475.9864621564461
4742,dummy-llama-70b-m,dummy-lora-llama-70b-m-rank-32-1,802,81,476.0239436739941
4743,dummy-llama-70b-m,dummy-lora-llama-70b-m-rank-128-4,622,18,476.1291683558484
4744,dummy-llama-70b-m,dummy-lora-llama-70b-m-rank-16-2,606,17,476.2122425261504
4745,dummy-llama-70b-m,dummy-lora-llama-70b-m-rank-8-3,188,16,476.262035393298
4746,dummy-llama-70b-m,dummy-lora-llama-70b-m-rank-32-1,419,14,476.2847740881041
4747,dummy-llama-70b-m,dummy-lora-llama-70b-m-rank-8-4,374,62,476.3193878742406
4748,dummy-llama-70b-m,dummy-lora-llama-70b-m-rank-128-0,221,3,476.3392148576441
4749,dummy-llama-70b-m,dummy-lora-llama-70b-m-rank-64-4,381,91,476.54756176952577
4750,dummy-llama-70b-m,dummy-lora-llama-70b-m-rank-16-1,584,36,476.7050778028739
4751,dummy-llama-70b-m,dummy-lora-llama-70b-m-rank-32-3,558,19,476.724910138395
4752,dummy-llama-70b-m,dummy-lora-llama-70b-m-rank-8-0,813,97,476.73154461324134
4753,dummy-llama-70b-m,dummy-lora-llama-70b-m-rank-64-2,544,15,476.75180917353293
4754,dummy-llama-70b-m,dummy-lora-llama-70b-m-rank-128-3,387,53,476.88409180139143
4755,dummy-llama-70b-m,dummy-lora-llama-70b-m-rank-8-1,404,36,476.9071772661308
4756,dummy-llama-70b-m,dummy-lora-llama-70b-m-rank-8-0,639,55,476.9480032952015
4757,dummy-llama-70b-m,dummy-lora-llama-70b-m-rank-128-1,575,93,476.9694226711084
4758,dummy-llama-70b-m,dummy-lora-llama-70b-m-rank-16-3,550,19,476.9758316248295
4759,dummy-llama-70b-m,dummy-lora-llama-70b-m-rank-64-4,708,8,477.04167151268564
4760,dummy-llama-70b-m,dummy-lora-llama-70b-m-rank-16-1,338,56,477.2364363694867
4761,dummy-llama-70b-m,dummy-lora-llama-70b-m-rank-64-2,548,16,477.2483592804875
4762,dummy-llama-70b-m,dummy-lora-llama-70b-m-rank-16-1,762,128,477.3220958752297
4763,dummy-llama-70b-m,dummy-lora-llama-70b-m-rank-64-2,559,19,477.4144087763954
4764,dummy-llama-70b-m,dummy-lora-llama-70b-m-rank-32-0,556,13,477.5799100791054
4765,dummy-llama-70b-m,dummy-lora-llama-70b-m-rank-128-4,98,44,477.68590401799753
4766,dummy-llama-70b-m,dummy-lora-llama-70b-m-rank-64-1,286,44,477.8393239228695
4767,dummy-llama-70b-m,dummy-lora-llama-70b-m-rank-32-1,422,50,477.9011388282061
4768,dummy-llama-70b-m,dummy-lora-llama-70b-m-rank-16-1,570,20,477.9320333741874
4769,dummy-llama-70b-m,dummy-lora-llama-70b-m-rank-128-3,462,41,477.9977684571747
4770,dummy-llama-70b-m,dummy-lora-llama-70b-m-rank-128-0,556,22,478.1396608584377
4771,dummy-llama-70b-m,dummy-lora-llama-70b-m-rank-128-1,558,22,478.1795223537968
4772,dummy-llama-70b-m,dummy-lora-llama-70b-m-rank-128-3,554,12,478.44385654914925
4773,dummy-llama-70b-m,dummy-lora-llama-70b-m-rank-8-3,584,63,478.50423312534156
4774,dummy-llama-70b-m,dummy-lora-llama-70b-m-rank-128-4,556,7,478.5089369289204
4775,dummy-llama-70b-m,dummy-lora-llama-70b-m-rank-64-3,491,27,478.59930677192665
4776,dummy-llama-70b-m,dummy-lora-llama-70b-m-rank-128-0,550,10,478.7623490409426
4777,dummy-llama-70b-m,dummy-lora-llama-70b-m-rank-16-4,580,35,478.87051261481867
4778,dummy-llama-70b-m,dummy-lora-llama-70b-m-rank-8-1,334,176,478.9340074320516
4779,dummy-llama-70b-m,dummy-lora-llama-70b-m-rank-16-1,790,47,478.9498461749382
4780,dummy-llama-70b-m,dummy-lora-llama-70b-m-rank-8-0,511,45,479.04071443342843
4781,dummy-llama-70b-m,dummy-lora-llama-70b-m-rank-128-1,402,35,479.15908493597016
4782,dummy-llama-70b-m,dummy-lora-llama-70b-m-rank-64-2,570,44,479.19073790511146
4783,dummy-llama-70b-m,dummy-lora-llama-70b-m-rank-64-2,611,13,479.24537393601184
4784,dummy-llama-70b-m,dummy-lora-llama-70b-m-rank-16-0,290,48,479.3049062253801
4785,dummy-llama-70b-m,dummy-lora-llama-70b-m-rank-16-3,347,15,479.3449611485191
4786,dummy-llama-70b-m,dummy-lora-llama-70b-m-rank-64-2,310,7,479.38640304353584
4787,dummy-llama-70b-m,dummy-lora-llama-70b-m-rank-32-2,512,40,479.4102942649559
4788,dummy-llama-70b-m,dummy-lora-llama-70b-m-rank-32-3,584,9,479.4247343736562
4789,dummy-llama-70b-m,dummy-lora-llama-70b-m-rank-32-1,658,2,479.692774071541
4790,dummy-llama-70b-m,dummy-lora-llama-70b-m-rank-128-0,941,52,479.7158013555694
4791,dummy-llama-70b-m,dummy-lora-llama-70b-m-rank-16-4,472,51,479.85037264770006
4792,dummy-llama-70b-m,dummy-lora-llama-70b-m-rank-32-0,688,41,480.08688290103174
4793,dummy-llama-70b-m,dummy-lora-llama-70b-m-rank-32-1,460,46,480.3006480530572
4794,dummy-llama-70b-m,dummy-lora-llama-70b-m-rank-8-4,696,147,480.36409784200737
4795,dummy-llama-70b-m,dummy-lora-llama-70b-m-rank-128-3,286,48,480.47617192032845
4796,dummy-llama-70b-m,dummy-lora-llama-70b-m-rank-128-1,842,32,480.7476595201243
4797,dummy-llama-70b-m,dummy-lora-llama-70b-m-rank-8-3,328,48,480.7631967776725
4798,dummy-llama-70b-m,dummy-lora-llama-70b-m-rank-64-2,152,48,480.95922087926147
4799,dummy-llama-70b-m,dummy-lora-llama-70b-m-rank-16-4,664,75,481.0681421570523
4800,dummy-llama-70b-m,dummy-lora-llama-70b-m-rank-8-0,166,99,481.17887253186785
4801,dummy-llama-70b-m,dummy-lora-llama-70b-m-rank-128-2,838,53,481.18326773311253
4802,dummy-llama-70b-m,dummy-lora-llama-70b-m-rank-8-4,568,27,481.5232267705289
4803,dummy-llama-70b-m,dummy-lora-llama-70b-m-rank-16-1,562,24,481.67520967251926
4804,dummy-llama-70b-m,dummy-lora-llama-70b-m-rank-32-0,427,49,481.85180985297137
4805,dummy-llama-70b-m,dummy-lora-llama-70b-m-rank-16-2,290,51,482.1703176144984
4806,dummy-llama-70b-m,dummy-lora-llama-70b-m-rank-16-2,568,29,482.2694741160431
4807,dummy-llama-70b-m,dummy-lora-llama-70b-m-rank-32-2,282,45,482.5271106164339
4808,dummy-llama-70b-m,dummy-lora-llama-70b-m-rank-32-1,185,59,482.63974325127685
4809,dummy-llama-70b-m,dummy-lora-llama-70b-m-rank-32-4,176,44,482.75044234188476
4810,dummy-llama-70b-m,dummy-lora-llama-70b-m-rank-8-1,576,33,482.84673361732064
4811,dummy-llama-70b-m,dummy-lora-llama-70b-m-rank-64-2,1010,8,482.94406682431185
4812,dummy-llama-70b-m,dummy-lora-llama-70b-m-rank-16-1,605,32,482.9500016068195
4813,dummy-llama-70b-m,dummy-lora-llama-70b-m-rank-16-0,117,47,482.96319026685114
4814,dummy-llama-70b-m,dummy-lora-llama-70b-m-rank-128-2,102,46,483.0613615281258
4815,dummy-llama-70b-m,dummy-lora-llama-70b-m-rank-128-3,641,9,483.1193502043737
4816,dummy-llama-70b-m,dummy-lora-llama-70b-m-rank-16-4,554,22,483.13101020125225
4817,dummy-llama-70b-m,dummy-lora-llama-70b-m-rank-16-1,587,16,483.2751625107572
4818,dummy-llama-70b-m,dummy-lora-llama-70b-m-rank-32-2,363,12,483.28662356448956
4819,dummy-llama-70b-m,dummy-lora-llama-70b-m-rank-32-2,215,5,483.38124093921067
4820,dummy-llama-70b-m,dummy-lora-llama-70b-m-rank-16-3,408,10,483.46700782865076
4821,dummy-llama-70b-m,dummy-lora-llama-70b-m-rank-128-2,554,20,484.02421159781255
4822,dummy-llama-70b-m,dummy-lora-llama-70b-m-rank-128-4,604,48,484.2226899920006
4823,dummy-llama-70b-m,dummy-lora-llama-70b-m-rank-8-1,389,23,484.34760707852894
4824,dummy-llama-70b-m,dummy-lora-llama-70b-m-rank-32-3,523,7,484.4079776335571
4825,dummy-llama-70b-m,dummy-lora-llama-70b-m-rank-32-3,248,44,484.412465076264
4826,dummy-llama-70b-m,dummy-lora-llama-70b-m-rank-16-1,556,12,484.5820049891437
4827,dummy-llama-70b-m,dummy-lora-llama-70b-m-rank-128-1,607,20,485.1360206679182
4828,dummy-llama-70b-m,dummy-lora-llama-70b-m-rank-32-2,260,46,485.1543937612057
4829,dummy-llama-70b-m,dummy-lora-llama-70b-m-rank-16-3,455,119,485.35970688841263
4830,dummy-llama-70b-m,dummy-lora-llama-70b-m-rank-64-2,562,23,485.4124984348022
4831,dummy-llama-70b-m,dummy-lora-llama-70b-m-rank-32-4,582,26,485.5431063322235
4832,dummy-llama-70b-m,dummy-lora-llama-70b-m-rank-16-2,711,62,485.5575167244905
4833,dummy-llama-70b-m,dummy-lora-llama-70b-m-rank-16-0,609,9,485.7642630075268
4834,dummy-llama-70b-m,dummy-lora-llama-70b-m-rank-64-3,213,137,486.10544704920295
4835,dummy-llama-70b-m,dummy-lora-llama-70b-m-rank-16-1,671,3,486.1276750407994
4836,dummy-llama-70b-m,dummy-lora-llama-70b-m-rank-16-0,373,34,486.14789278627734
4837,dummy-llama-70b-m,dummy-lora-llama-70b-m-rank-32-3,863,33,486.229503799367
4838,dummy-llama-70b-m,dummy-lora-llama-70b-m-rank-16-1,588,39,486.3125762112228
4839,dummy-llama-70b-m,dummy-lora-llama-70b-m-rank-128-0,335,45,486.3569209144643
4840,dummy-llama-70b-m,dummy-lora-llama-70b-m-rank-8-2,580,115,486.4246105921929
4841,dummy-llama-70b-m,dummy-lora-llama-70b-m-rank-16-4,598,45,486.5194435341508
4842,dummy-llama-70b-m,dummy-lora-llama-70b-m-rank-128-4,468,43,486.613080354132
4843,dummy-llama-70b-m,dummy-lora-llama-70b-m-rank-32-4,617,44,486.8354567297898
4844,dummy-llama-70b-m,dummy-lora-llama-70b-m-rank-128-1,558,40,486.9566374848762
4845,dummy-llama-70b-m,dummy-lora-llama-70b-m-rank-8-0,796,58,486.98632247356227
4846,dummy-llama-70b-m,dummy-lora-llama-70b-m-rank-8-2,634,46,487.1961392645235
4847,dummy-llama-70b-m,dummy-lora-llama-70b-m-rank-64-3,835,106,487.2756633388488
4848,dummy-llama-70b-m,dummy-lora-llama-70b-m-rank-16-0,633,25,487.3873206916462
4849,dummy-llama-70b-m,dummy-lora-llama-70b-m-rank-8-2,556,13,487.4409930747828
4850,dummy-llama-70b-m,dummy-lora-llama-70b-m-rank-16-3,345,52,487.4575395754683
4851,dummy-llama-70b-m,dummy-lora-llama-70b-m-rank-8-1,717,35,487.57304524744313
4852,dummy-llama-70b-m,dummy-lora-llama-70b-m-rank-16-4,554,12,487.85136321030376
4853,dummy-llama-70b-m,dummy-lora-llama-70b-m-rank-16-0,598,34,487.90585347850936
4854,dummy-llama-70b-m,dummy-lora-llama-70b-m-rank-128-4,322,38,487.97088320687254
4855,dummy-llama-70b-m,dummy-lora-llama-70b-m-rank-128-4,789,44,488.1151671881752
4856,dummy-llama-70b-m,dummy-lora-llama-70b-m-rank-8-1,554,20,488.1167246632126
4857,dummy-llama-70b-m,dummy-lora-llama-70b-m-rank-128-1,970,3,488.1788536030952
4858,dummy-llama-70b-m,dummy-lora-llama-70b-m-rank-16-1,563,20,488.19242951074307
4859,dummy-llama-70b-m,dummy-lora-llama-70b-m-rank-32-0,744,21,488.29077132628066
4860,dummy-llama-70b-m,dummy-lora-llama-70b-m-rank-8-0,588,40,488.3719068732811
4861,dummy-llama-70b-m,dummy-lora-llama-70b-m-rank-16-4,484,37,488.58410729344376
4862,dummy-llama-70b-m,dummy-lora-llama-70b-m-rank-32-3,588,23,488.60915749495535
4863,dummy-llama-70b-m,dummy-lora-llama-70b-m-rank-64-1,718,75,488.74746023916293
4864,dummy-llama-70b-m,dummy-lora-llama-70b-m-rank-16-0,362,39,488.793987067019
4865,dummy-llama-70b-m,dummy-lora-llama-70b-m-rank-64-3,631,13,488.8302923918175
4866,dummy-llama-70b-m,dummy-lora-llama-70b-m-rank-128-0,116,8,488.8799701344457
4867,dummy-llama-70b-m,dummy-lora-llama-70b-m-rank-128-4,265,28,488.9452124685714
4868,dummy-llama-70b-m,dummy-lora-llama-70b-m-rank-32-4,127,45,489.00610207131444
4869,dummy-llama-70b-m,dummy-lora-llama-70b-m-rank-8-1,766,26,489.06339101468734
4870,dummy-llama-70b-m,dummy-lora-llama-70b-m-rank-8-0,562,20,489.14451910226535
4871,dummy-llama-70b-m,dummy-lora-llama-70b-m-rank-16-3,601,35,489.1453902921244
4872,dummy-llama-70b-m,dummy-lora-llama-70b-m-rank-128-1,560,23,489.1719139360808
4873,dummy-llama-70b-m,dummy-lora-llama-70b-m-rank-8-2,775,126,489.23779809304045
4874,dummy-llama-70b-m,dummy-lora-llama-70b-m-rank-32-3,184,132,489.2809822067263
4875,dummy-llama-70b-m,dummy-lora-llama-70b-m-rank-16-3,572,29,489.3401266257564
4876,dummy-llama-70b-m,dummy-lora-llama-70b-m-rank-8-2,908,2,489.3429032313857
4877,dummy-llama-70b-m,dummy-lora-llama-70b-m-rank-128-1,56,51,489.3662528404713
4878,dummy-llama-70b-m,dummy-lora-llama-70b-m-rank-16-2,193,51,489.5240560900573
4879,dummy-llama-70b-m,dummy-lora-llama-70b-m-rank-32-3,152,49,489.71023457092934
4880,dummy-llama-70b-m,dummy-lora-llama-70b-m-rank-16-3,262,60,489.71869809394514
4881,dummy-llama-70b-m,dummy-lora-llama-70b-m-rank-32-3,399,55,489.75817267002094
4882,dummy-llama-70b-m,dummy-lora-llama-70b-m-rank-128-2,403,48,490.0238967192486
4883,dummy-llama-70b-m,dummy-lora-llama-70b-m-rank-16-1,640,21,490.03434949847417
4884,dummy-llama-70b-m,dummy-lora-llama-70b-m-rank-8-3,192,45,490.12371269368526
4885,dummy-llama-70b-m,dummy-lora-llama-70b-m-rank-8-0,1015,9,490.30972876336523
4886,dummy-llama-70b-m,dummy-lora-llama-70b-m-rank-32-2,605,18,490.382410189821
4887,dummy-llama-70b-m,dummy-lora-llama-70b-m-rank-8-1,556,22,490.5430077150773
4888,dummy-llama-70b-m,dummy-lora-llama-70b-m-rank-64-1,618,57,490.81189105900427
4889,dummy-llama-70b-m,dummy-lora-llama-70b-m-rank-32-4,100,47,490.9218014920553
4890,dummy-llama-70b-m,dummy-lora-llama-70b-m-rank-8-4,869,32,491.1818672630496
4891,dummy-llama-70b-m,dummy-lora-llama-70b-m-rank-64-1,465,12,491.2998365225806
4892,dummy-llama-70b-m,dummy-lora-llama-70b-m-rank-64-4,753,13,491.48730558111305
4893,dummy-llama-70b-m,dummy-lora-llama-70b-m-rank-64-0,556,13,491.5096946547966
4894,dummy-llama-70b-m,dummy-lora-llama-70b-m-rank-32-1,181,36,491.7164144108707
4895,dummy-llama-70b-m,dummy-lora-llama-70b-m-rank-16-4,766,16,491.8314916374046
4896,dummy-llama-70b-m,dummy-lora-llama-70b-m-rank-8-0,774,190,491.9095494669485
4897,dummy-llama-70b-m,dummy-lora-llama-70b-m-rank-128-1,562,27,492.02013850785494
4898,dummy-llama-70b-m,dummy-lora-llama-70b-m-rank-16-2,556,13,492.0279067119578
4899,dummy-llama-70b-m,dummy-lora-llama-70b-m-rank-8-2,170,45,492.2857247420891
4900,dummy-llama-70b-m,dummy-lora-llama-70b-m-rank-128-2,409,11,492.3280856995759
4901,dummy-llama-70b-m,dummy-lora-llama-70b-m-rank-32-0,602,30,492.35602319226854
4902,dummy-llama-70b-m,dummy-lora-llama-70b-m-rank-64-2,422,51,492.46925460336536
4903,dummy-llama-70b-m,dummy-lora-llama-70b-m-rank-64-4,544,53,492.4776410213201
4904,dummy-llama-70b-m,dummy-lora-llama-70b-m-rank-16-2,556,23,492.4868206833532
4905,dummy-llama-70b-m,dummy-lora-llama-70b-m-rank-16-1,241,68,492.50253057947816
4906,dummy-llama-70b-m,dummy-lora-llama-70b-m-rank-32-1,687,11,492.52906327202925
4907,dummy-llama-70b-m,dummy-lora-llama-70b-m-rank-128-1,730,10,492.53310765163036
4908,dummy-llama-70b-m,dummy-lora-llama-70b-m-rank-64-4,360,169,492.5835676080703
4909,dummy-llama-70b-m,dummy-lora-llama-70b-m-rank-16-4,845,62,492.72508980835903
4910,dummy-llama-70b-m,dummy-lora-llama-70b-m-rank-32-2,451,43,493.02220798965607
4911,dummy-llama-70b-m,dummy-lora-llama-70b-m-rank-16-2,391,44,493.18479324487845
4912,dummy-llama-70b-m,dummy-lora-llama-70b-m-rank-8-0,222,3,493.23943134579963
4913,dummy-llama-70b-m,dummy-lora-llama-70b-m-rank-16-2,244,5,493.4460663907281
4914,dummy-llama-70b-m,dummy-lora-llama-70b-m-rank-16-4,579,8,493.52876450548496
4915,dummy-llama-70b-m,dummy-lora-llama-70b-m-rank-16-3,348,52,493.58288935064127
4916,dummy-llama-70b-m,dummy-lora-llama-70b-m-rank-16-1,402,55,493.6660617286323
4917,dummy-llama-70b-m,dummy-lora-llama-70b-m-rank-64-3,322,45,493.7686862250654
4918,dummy-llama-70b-m,dummy-lora-llama-70b-m-rank-128-4,357,48,493.79694573424
4919,dummy-llama-70b-m,dummy-lora-llama-70b-m-rank-32-1,373,113,493.89787009318104
4920,dummy-llama-70b-m,dummy-lora-llama-70b-m-rank-64-2,195,46,493.96215092966975
4921,dummy-llama-70b-m,dummy-lora-llama-70b-m-rank-32-1,235,42,494.08277762620287
4922,dummy-llama-70b-m,dummy-lora-llama-70b-m-rank-8-0,548,20,494.08441775379964
4923,dummy-llama-70b-m,dummy-lora-llama-70b-m-rank-8-1,561,20,494.11506009559554
4924,dummy-llama-70b-m,dummy-lora-llama-70b-m-rank-128-3,620,3,494.26071519974386
4925,dummy-llama-70b-m,dummy-lora-llama-70b-m-rank-128-3,353,69,494.3730026466444
4926,dummy-llama-70b-m,dummy-lora-llama-70b-m-rank-64-3,325,56,494.4515335901747
4927,dummy-llama-70b-m,dummy-lora-llama-70b-m-rank-32-0,490,12,494.51049607045667
4928,dummy-llama-70b-m,dummy-lora-llama-70b-m-rank-16-0,384,58,494.62303305825264
4929,dummy-llama-70b-m,dummy-lora-llama-70b-m-rank-128-0,552,19,494.67322601528156
4930,dummy-llama-70b-m,dummy-lora-llama-70b-m-rank-64-0,284,6,494.7542586981004
4931,dummy-llama-70b-m,dummy-lora-llama-70b-m-rank-128-3,572,32,494.7578868663309
4932,dummy-llama-70b-m,dummy-lora-llama-70b-m-rank-8-2,664,55,494.87530831735364
4933,dummy-llama-70b-m,dummy-lora-llama-70b-m-rank-64-1,568,27,494.95564283597827
4934,dummy-llama-70b-m,dummy-lora-llama-70b-m-rank-32-1,564,27,494.99427427983073
4935,dummy-llama-70b-m,dummy-lora-llama-70b-m-rank-128-3,607,33,495.0914534683199
4936,dummy-llama-70b-m,dummy-lora-llama-70b-m-rank-64-2,959,121,495.23148547335126
4937,dummy-llama-70b-m,dummy-lora-llama-70b-m-rank-32-3,354,63,495.2342278447277
4938,dummy-llama-70b-m,dummy-lora-llama-70b-m-rank-128-3,568,28,495.25258253262297
4939,dummy-llama-70b-m,dummy-lora-llama-70b-m-rank-64-1,432,68,495.3327903110121
4940,dummy-llama-70b-m,dummy-lora-llama-70b-m-rank-8-4,556,21,495.3841422631522
4941,dummy-llama-70b-m,dummy-lora-llama-70b-m-rank-64-3,513,101,495.4296080195395
4942,dummy-llama-70b-m,dummy-lora-llama-70b-m-rank-16-4,308,110,495.44395167947954
4943,dummy-llama-70b-m,dummy-lora-llama-70b-m-rank-128-3,554,20,495.50803104671894
4944,dummy-llama-70b-m,dummy-lora-llama-70b-m-rank-16-2,366,86,495.52553214474574
4945,dummy-llama-70b-m,dummy-lora-llama-70b-m-rank-8-4,711,17,495.6223053239426
4946,dummy-llama-70b-m,dummy-lora-llama-70b-m-rank-32-3,739,157,495.75301036812317
4947,dummy-llama-70b-m,dummy-lora-llama-70b-m-rank-128-2,750,3,495.7922153974267
4948,dummy-llama-70b-m,dummy-lora-llama-70b-m-rank-32-1,562,24,495.9903842376767
4949,dummy-llama-70b-m,dummy-lora-llama-70b-m-rank-128-4,645,21,496.1424637239253
4950,dummy-llama-70b-m,dummy-lora-llama-70b-m-rank-128-1,558,22,496.1571222206187
4951,dummy-llama-70b-m,dummy-lora-llama-70b-m-rank-8-0,544,11,496.2149911357599
4952,dummy-llama-70b-m,dummy-lora-llama-70b-m-rank-128-1,238,35,496.21859335215515
4953,dummy-llama-70b-m,dummy-lora-llama-70b-m-rank-16-3,114,37,496.2420472852699
4954,dummy-llama-70b-m,dummy-lora-llama-70b-m-rank-128-2,363,66,496.5606332582189
4955,dummy-llama-70b-m,dummy-lora-llama-70b-m-rank-32-3,568,29,496.5635478063801
4956,dummy-llama-70b-m,dummy-lora-llama-70b-m-rank-16-3,349,41,496.66963133533756
4957,dummy-llama-70b-m,dummy-lora-llama-70b-m-rank-128-1,556,8,496.844503357984
4958,dummy-llama-70b-m,dummy-lora-llama-70b-m-rank-32-4,464,70,497.18675632520143
4959,dummy-llama-70b-m,dummy-lora-llama-70b-m-rank-8-0,166,45,497.2346794574575
4960,dummy-llama-70b-m,dummy-lora-llama-70b-m-rank-32-3,562,24,497.25192932141977
4961,dummy-llama-70b-m,dummy-lora-llama-70b-m-rank-128-0,562,26,497.2626398750527
4962,dummy-llama-70b-m,dummy-lora-llama-70b-m-rank-16-0,204,3,497.2842143681299
4963,dummy-llama-70b-m,dummy-lora-llama-70b-m-rank-32-3,231,61,497.3731894165485
4964,dummy-llama-70b-m,dummy-lora-llama-70b-m-rank-8-3,592,20,497.4652194700971
4965,dummy-llama-70b-m,dummy-lora-llama-70b-m-rank-8-1,368,9,497.55863744223046
4966,dummy-llama-70b-m,dummy-lora-llama-70b-m-rank-64-2,586,40,497.71523709567714
4967,dummy-llama-70b-m,dummy-lora-llama-70b-m-rank-64-4,554,20,497.8734096966088
4968,dummy-llama-70b-m,dummy-lora-llama-70b-m-rank-128-2,336,150,497.9587711541681
4969,dummy-llama-70b-m,dummy-lora-llama-70b-m-rank-16-4,292,190,497.9646413615837
4970,dummy-llama-70b-m,dummy-lora-llama-70b-m-rank-128-2,478,32,498.15636846293137
4971,dummy-llama-70b-m,dummy-lora-llama-70b-m-rank-32-1,317,56,498.22738003388633
4972,dummy-llama-70b-m,dummy-lora-llama-70b-m-rank-8-0,398,76,498.2865580703685
4973,dummy-llama-70b-m,dummy-lora-llama-70b-m-rank-8-3,178,101,498.5928006823652
4974,dummy-llama-70b-m,dummy-lora-llama-70b-m-rank-32-2,609,19,499.0038672766438
4975,dummy-llama-70b-m,dummy-lora-llama-70b-m-rank-8-2,548,17,499.1069844318779
4976,dummy-llama-70b-m,dummy-lora-llama-70b-m-rank-128-4,503,41,499.129444501409
4977,dummy-llama-70b-m,dummy-lora-llama-70b-m-rank-32-0,566,28,499.22095354228213
4978,dummy-llama-70b-m,dummy-lora-llama-70b-m-rank-32-1,309,136,499.31892626802767
4979,dummy-llama-70b-m,dummy-lora-llama-70b-m-rank-32-4,383,39,499.342251682927
4980,dummy-llama-70b-m,dummy-lora-llama-70b-m-rank-32-2,469,22,499.4345979050672
4981,dummy-llama-70b-m,dummy-lora-llama-70b-m-rank-128-2,759,32,499.4555492982658
4982,dummy-llama-70b-m,dummy-lora-llama-70b-m-rank-16-1,336,38,499.48769551171983
4983,dummy-llama-70b-m,dummy-lora-llama-70b-m-rank-64-0,916,89,499.4961200429532
4984,dummy-llama-70b-m,dummy-lora-llama-70b-m-rank-32-4,752,113,499.7990064187995
4985,dummy-llama-70b-m,dummy-lora-llama-70b-m-rank-128-4,185,41,499.9100454991892
4986,dummy-llama-70b-m,dummy-lora-llama-70b-m-rank-16-0,308,102,500.0570054723631
4987,dummy-llama-70b-m,dummy-lora-llama-70b-m-rank-128-4,412,49,500.13564571769604
4988,dummy-llama-70b-m,dummy-lora-llama-70b-m-rank-8-3,314,7,500.1836262244335
4989,dummy-llama-70b-m,dummy-lora-llama-70b-m-rank-8-3,550,10,500.25061541216235
4990,dummy-llama-70b-m,dummy-lora-llama-70b-m-rank-32-4,287,41,500.4262925723795
4991,dummy-llama-70b-m,dummy-lora-llama-70b-m-rank-8-3,560,20,500.53789101617843
4992,dummy-llama-70b-m,dummy-lora-llama-70b-m-rank-16-4,341,110,500.62531758236616
4993,dummy-llama-70b-m,dummy-lora-llama-70b-m-rank-64-1,556,13,500.6611874035262
4994,dummy-llama-70b-m,dummy-lora-llama-70b-m-rank-32-2,598,18,500.73850164720943
4995,dummy-llama-70b-m,dummy-lora-llama-70b-m-rank-16-3,228,44,500.8255073019746
4996,dummy-llama-70b-m,dummy-lora-llama-70b-m-rank-64-3,603,12,500.85843538114074
4997,dummy-llama-70b-m,dummy-lora-llama-70b-m-rank-32-3,348,12,500.966716530221
4998,dummy-llama-70b-m,dummy-lora-llama-70b-m-rank-8-0,707,49,501.1155027824619
4999,dummy-llama-70b-m,dummy-lora-llama-70b-m-rank-32-3,133,75,501.2481065877978
5000,dummy-llama-70b-m,dummy-lora-llama-70b-m-rank-32-2,610,16,501.5411664369541
5001,dummy-llama-70b-m,dummy-lora-llama-70b-m-rank-8-3,380,55,501.57707998560755
5002,dummy-llama-70b-m,dummy-lora-llama-70b-m-rank-128-4,384,9,501.8149436763493
5003,dummy-llama-70b-m,dummy-lora-llama-70b-m-rank-8-4,554,22,502.1281680953842
5004,dummy-llama-70b-m,dummy-lora-llama-70b-m-rank-16-2,719,174,502.14737500777323
5005,dummy-llama-70b-m,dummy-lora-llama-70b-m-rank-16-2,351,14,502.1895059258612
5006,dummy-llama-70b-m,dummy-lora-llama-70b-m-rank-16-2,313,11,502.2217695719875
5007,dummy-llama-70b-m,dummy-lora-llama-70b-m-rank-8-0,634,47,502.2679440963824
5008,dummy-llama-70b-m,dummy-lora-llama-70b-m-rank-16-2,556,20,502.27369096550495
5009,dummy-llama-70b-m,dummy-lora-llama-70b-m-rank-64-1,801,104,502.39180212157555
5010,dummy-llama-70b-m,dummy-lora-llama-70b-m-rank-8-0,223,52,502.4945499646045
5011,dummy-llama-70b-m,dummy-lora-llama-70b-m-rank-8-2,211,53,502.54782832455265
5012,dummy-llama-70b-m,dummy-lora-llama-70b-m-rank-16-3,553,17,502.68718592073054
5013,dummy-llama-70b-m,dummy-lora-llama-70b-m-rank-64-4,315,7,502.7005833137338
5014,dummy-llama-70b-m,dummy-lora-llama-70b-m-rank-64-4,570,30,502.832302945991
5015,dummy-llama-70b-m,dummy-lora-llama-70b-m-rank-64-3,809,11,502.84060463420906
5016,dummy-llama-70b-m,dummy-lora-llama-70b-m-rank-16-3,229,3,502.8642582389574
5017,dummy-llama-70b-m,dummy-lora-llama-70b-m-rank-64-1,308,192,503.0754590168971
5018,dummy-llama-70b-m,dummy-lora-llama-70b-m-rank-32-4,632,7,503.15499496302704
5019,dummy-llama-70b-m,dummy-lora-llama-70b-m-rank-64-2,564,25,503.26454045202803
5020,dummy-llama-70b-m,dummy-lora-llama-70b-m-rank-32-0,258,50,503.3281275368591
5021,dummy-llama-70b-m,dummy-lora-llama-70b-m-rank-8-4,652,3,503.3767646053308
5022,dummy-llama-70b-m,dummy-lora-llama-70b-m-rank-64-0,221,47,503.5955507294775
5023,dummy-llama-70b-m,dummy-lora-llama-70b-m-rank-128-0,554,12,503.6595953151798
5024,dummy-llama-70b-m,dummy-lora-llama-70b-m-rank-128-3,445,51,503.74559632809246
5025,dummy-llama-70b-m,dummy-lora-llama-70b-m-rank-32-1,148,43,503.82465692930276
5026,dummy-llama-70b-m,dummy-lora-llama-70b-m-rank-8-4,566,28,503.82631587954796
5027,dummy-llama-70b-m,dummy-lora-llama-70b-m-rank-64-2,788,109,503.88819314042223
5028,dummy-llama-70b-m,dummy-lora-llama-70b-m-rank-16-0,568,19,503.91179360842375
5029,dummy-llama-70b-m,dummy-lora-llama-70b-m-rank-64-1,662,46,503.98980709182945
5030,dummy-llama-70b-m,dummy-lora-llama-70b-m-rank-128-4,558,22,504.06884027928294
5031,dummy-llama-70b-m,dummy-lora-llama-70b-m-rank-32-2,556,21,504.10902519343904
5032,dummy-llama-70b-m,dummy-lora-llama-70b-m-rank-16-0,552,19,504.2522673689753
5033,dummy-llama-70b-m,dummy-lora-llama-70b-m-rank-16-4,549,57,504.3534327043145
5034,dummy-llama-70b-m,dummy-lora-llama-70b-m-rank-16-4,550,18,504.37354081474837
5035,dummy-llama-70b-m,dummy-lora-llama-70b-m-rank-128-1,588,22,504.42476378431405
5036,dummy-llama-70b-m,dummy-lora-llama-70b-m-rank-32-3,548,17,504.62830281517506
5037,dummy-llama-70b-m,dummy-lora-llama-70b-m-rank-8-2,1013,84,504.63089329618185
5038,dummy-llama-70b-m,dummy-lora-llama-70b-m-rank-16-4,428,54,504.73416244560394
5039,dummy-llama-70b-m,dummy-lora-llama-70b-m-rank-16-1,618,14,504.7835122644483
5040,dummy-llama-70b-m,dummy-lora-llama-70b-m-rank-128-1,640,232,504.90341215156144
5041,dummy-llama-70b-m,dummy-lora-llama-70b-m-rank-64-0,217,47,504.97821785332667
5042,dummy-llama-70b-m,dummy-lora-llama-70b-m-rank-16-3,261,61,505.0237919732043
5043,dummy-llama-70b-m,dummy-lora-llama-70b-m-rank-64-2,301,50,505.3422327370738
5044,dummy-llama-70b-m,dummy-lora-llama-70b-m-rank-16-0,892,126,505.3508263103794
5045,dummy-llama-70b-m,dummy-lora-llama-70b-m-rank-32-0,570,27,505.39675928475714
5046,dummy-llama-70b-m,dummy-lora-llama-70b-m-rank-64-2,576,48,505.5379107158896
5047,dummy-llama-70b-m,dummy-lora-llama-70b-m-rank-8-3,294,50,505.6030701647528
5048,dummy-llama-70b-m,dummy-lora-llama-70b-m-rank-64-3,601,18,505.60557099041745
5049,dummy-llama-70b-m,dummy-lora-llama-70b-m-rank-16-0,52,48,505.6084596380698
5050,dummy-llama-70b-m,dummy-lora-llama-70b-m-rank-32-1,620,8,505.733095075029
5051,dummy-llama-70b-m,dummy-lora-llama-70b-m-rank-64-2,227,53,505.7431456733987
5052,dummy-llama-70b-m,dummy-lora-llama-70b-m-rank-16-0,562,26,505.92977632204014
5053,dummy-llama-70b-m,dummy-lora-llama-70b-m-rank-128-4,642,22,506.19221227005664
5054,dummy-llama-70b-m,dummy-lora-llama-70b-m-rank-16-2,663,18,506.32757679594687
5055,dummy-llama-70b-m,dummy-lora-llama-70b-m-rank-128-0,548,17,506.38985562478365
5056,dummy-llama-70b-m,dummy-lora-llama-70b-m-rank-16-0,552,19,506.65872449214237
5057,dummy-llama-70b-m,dummy-lora-llama-70b-m-rank-16-0,179,41,506.6784001409217
5058,dummy-llama-70b-m,dummy-lora-llama-70b-m-rank-8-0,609,22,506.8477675838488
5059,dummy-llama-70b-m,dummy-lora-llama-70b-m-rank-128-4,597,11,506.85428267717947
5060,dummy-llama-70b-m,dummy-lora-llama-70b-m-rank-32-1,320,11,506.95809450757713
5061,dummy-llama-70b-m,dummy-lora-llama-70b-m-rank-64-4,550,18,507.0858257832083
5062,dummy-llama-70b-m,dummy-lora-llama-70b-m-rank-32-3,501,37,507.1856120970898
5063,dummy-llama-70b-m,dummy-lora-llama-70b-m-rank-16-4,235,70,507.3661085092758
5064,dummy-llama-70b-m,dummy-lora-llama-70b-m-rank-8-3,609,30,507.40337789666927
5065,dummy-llama-70b-m,dummy-lora-llama-70b-m-rank-128-2,866,17,507.56155710068157
5066,dummy-llama-70b-m,dummy-lora-llama-70b-m-rank-16-3,474,101,507.5883030414572
5067,dummy-llama-70b-m,dummy-lora-llama-70b-m-rank-32-3,935,8,507.58976818352807
5068,dummy-llama-70b-m,dummy-lora-llama-70b-m-rank-64-4,887,129,507.60652750220464
5069,dummy-llama-70b-m,dummy-lora-llama-70b-m-rank-128-0,554,20,507.70411005377156
5070,dummy-llama-70b-m,dummy-lora-llama-70b-m-rank-16-3,468,6,507.73745358111285
5071,dummy-llama-70b-m,dummy-lora-llama-70b-m-rank-16-0,487,7,507.7639103988709
5072,dummy-llama-70b-m,dummy-lora-llama-70b-m-rank-32-0,592,3,507.8252562561133
5073,dummy-llama-70b-m,dummy-lora-llama-70b-m-rank-128-0,210,51,507.85272816583415
5074,dummy-llama-70b-m,dummy-lora-llama-70b-m-rank-16-2,325,47,508.22790280705374
5075,dummy-llama-70b-m,dummy-lora-llama-70b-m-rank-32-1,448,51,508.3356223888113
5076,dummy-llama-70b-m,dummy-lora-llama-70b-m-rank-16-2,245,31,508.3626049073348
5077,dummy-llama-70b-m,dummy-lora-llama-70b-m-rank-64-3,645,14,508.3743316028927
5078,dummy-llama-70b-m,dummy-lora-llama-70b-m-rank-64-4,165,48,508.4210717312489
5079,dummy-llama-70b-m,dummy-lora-llama-70b-m-rank-32-3,813,5,508.5427196690704
5080,dummy-llama-70b-m,dummy-lora-llama-70b-m-rank-16-4,558,25,508.57705663229666
5081,dummy-llama-70b-m,dummy-lora-llama-70b-m-rank-8-3,1015,3,508.7252203795485
5082,dummy-llama-70b-m,dummy-lora-llama-70b-m-rank-32-1,562,26,508.9134709789176
5083,dummy-llama-70b-m,dummy-lora-llama-70b-m-rank-8-3,495,27,508.9499909717855
5084,dummy-llama-70b-m,dummy-lora-llama-70b-m-rank-64-2,435,51,508.9596315856991
5085,dummy-llama-70b-m,dummy-lora-llama-70b-m-rank-16-1,607,18,509.0696075342816
5086,dummy-llama-70b-m,dummy-lora-llama-70b-m-rank-128-4,193,51,509.08661108680684
5087,dummy-llama-70b-m,dummy-lora-llama-70b-m-rank-16-3,212,56,509.12680575058863
5088,dummy-llama-70b-m,dummy-lora-llama-70b-m-rank-64-0,562,19,509.1825041962048
5089,dummy-llama-70b-m,dummy-lora-llama-70b-m-rank-128-1,201,63,509.4612252149609
5090,dummy-llama-70b-m,dummy-lora-llama-70b-m-rank-8-0,346,145,509.521334949746
5091,dummy-llama-70b-m,dummy-lora-llama-70b-m-rank-8-2,352,39,509.69257156850915
5092,dummy-llama-70b-m,dummy-lora-llama-70b-m-rank-64-1,508,7,510.0306897397873
5093,dummy-llama-70b-m,dummy-lora-llama-70b-m-rank-16-1,579,49,510.12189189382985
5094,dummy-llama-70b-m,dummy-lora-llama-70b-m-rank-64-0,586,11,510.12378135381385
5095,dummy-llama-70b-m,dummy-lora-llama-70b-m-rank-8-4,651,80,510.2431137747742
5096,dummy-llama-70b-m,dummy-lora-llama-70b-m-rank-64-0,291,47,510.3097049372277
5097,dummy-llama-70b-m,dummy-lora-llama-70b-m-rank-64-0,523,103,510.3470450320414
5098,dummy-llama-70b-m,dummy-lora-llama-70b-m-rank-128-0,399,9,510.3623294425253
5099,dummy-llama-70b-m,dummy-lora-llama-70b-m-rank-8-4,781,7,510.409906613662
5100,dummy-llama-70b-m,dummy-lora-llama-70b-m-rank-8-1,199,40,510.5074622626203
5101,dummy-llama-70b-m,dummy-lora-llama-70b-m-rank-32-0,612,50,510.6585980548091
5102,dummy-llama-70b-m,dummy-lora-llama-70b-m-rank-64-0,627,30,510.71233114549284
5103,dummy-llama-70b-m,dummy-lora-llama-70b-m-rank-16-1,382,12,510.71483257648737
5104,dummy-llama-70b-m,dummy-lora-llama-70b-m-rank-128-1,984,30,510.7258396896374
5105,dummy-llama-70b-m,dummy-lora-llama-70b-m-rank-64-3,119,31,510.7959200068355
5106,dummy-llama-70b-m,dummy-lora-llama-70b-m-rank-32-1,721,31,510.84832936999237
5107,dummy-llama-70b-m,dummy-lora-llama-70b-m-rank-8-2,233,45,511.0713060078577
5108,dummy-llama-70b-m,dummy-lora-llama-70b-m-rank-128-0,335,126,511.0786144601857
5109,dummy-llama-70b-m,dummy-lora-llama-70b-m-rank-64-0,269,40,511.1855013010863
5110,dummy-llama-70b-m,dummy-lora-llama-70b-m-rank-64-3,413,59,511.2590406681404
5111,dummy-llama-70b-m,dummy-lora-llama-70b-m-rank-64-0,549,7,511.3283229551935
5112,dummy-llama-70b-m,dummy-lora-llama-70b-m-rank-16-3,297,41,511.39185492878426
5113,dummy-llama-70b-m,dummy-lora-llama-70b-m-rank-16-3,277,41,511.4527038543449
5114,dummy-llama-70b-m,dummy-lora-llama-70b-m-rank-64-4,462,5,511.46930138287485
5115,dummy-llama-70b-m,dummy-lora-llama-70b-m-rank-32-0,472,56,511.47610154825395
5116,dummy-llama-70b-m,dummy-lora-llama-70b-m-rank-16-4,613,20,511.6363767358988
5117,dummy-llama-70b-m,dummy-lora-llama-70b-m-rank-16-1,787,45,511.649222788696
5118,dummy-llama-70b-m,dummy-lora-llama-70b-m-rank-16-3,668,29,511.66578636247823
5119,dummy-llama-70b-m,dummy-lora-llama-70b-m-rank-8-2,740,3,511.75884869659984
5120,dummy-llama-70b-m,dummy-lora-llama-70b-m-rank-8-0,608,32,511.8191365926819
5121,dummy-llama-70b-m,dummy-lora-llama-70b-m-rank-8-1,550,2,511.860126717147
5122,dummy-llama-70b-m,dummy-lora-llama-70b-m-rank-8-3,551,18,511.96499569029714
5123,dummy-llama-70b-m,dummy-lora-llama-70b-m-rank-8-3,479,11,512.0537288747684
5124,dummy-llama-70b-m,dummy-lora-llama-70b-m-rank-32-3,560,55,512.1946016800397
5125,dummy-llama-70b-m,dummy-lora-llama-70b-m-rank-8-3,53,50,512.3136334909235
5126,dummy-llama-70b-m,dummy-lora-llama-70b-m-rank-64-0,553,19,512.3382422861555
5127,dummy-llama-70b-m,dummy-lora-llama-70b-m-rank-16-3,728,61,512.3736889541324
5128,dummy-llama-70b-m,dummy-lora-llama-70b-m-rank-16-1,474,63,512.3771532018911
5129,dummy-llama-70b-m,dummy-lora-llama-70b-m-rank-16-4,576,31,512.5915931540807
5130,dummy-llama-70b-m,dummy-lora-llama-70b-m-rank-32-3,771,17,512.6323192376037
5131,dummy-llama-70b-m,dummy-lora-llama-70b-m-rank-128-4,328,159,512.6857301643024
5132,dummy-llama-70b-m,dummy-lora-llama-70b-m-rank-16-1,556,13,512.7457710842484
5133,dummy-llama-70b-m,dummy-lora-llama-70b-m-rank-64-2,772,3,512.7926526790935
5134,dummy-llama-70b-m,dummy-lora-llama-70b-m-rank-16-3,147,132,512.8160649838965
5135,dummy-llama-70b-m,dummy-lora-llama-70b-m-rank-32-3,140,46,512.8920973051855
5136,dummy-llama-70b-m,dummy-lora-llama-70b-m-rank-128-4,303,58,512.9743513962616
5137,dummy-llama-70b-m,dummy-lora-llama-70b-m-rank-64-3,206,53,513.1833879101306
5138,dummy-llama-70b-m,dummy-lora-llama-70b-m-rank-32-0,690,8,513.3949969714827
5139,dummy-llama-70b-m,dummy-lora-llama-70b-m-rank-32-4,349,131,513.4265291077885
5140,dummy-llama-70b-m,dummy-lora-llama-70b-m-rank-128-1,450,52,513.4488331507876
5141,dummy-llama-70b-m,dummy-lora-llama-70b-m-rank-16-0,617,29,513.4862894929255
5142,dummy-llama-70b-m,dummy-lora-llama-70b-m-rank-128-0,484,11,513.5899493661894
5143,dummy-llama-70b-m,dummy-lora-llama-70b-m-rank-32-3,449,55,513.8103445011911
5144,dummy-llama-70b-m,dummy-lora-llama-70b-m-rank-64-2,609,23,513.8904591091095
5145,dummy-llama-70b-m,dummy-lora-llama-70b-m-rank-32-1,292,10,513.919054632639
5146,dummy-llama-70b-m,dummy-lora-llama-70b-m-rank-128-2,669,76,514.0011242074073
5147,dummy-llama-70b-m,dummy-lora-llama-70b-m-rank-8-1,416,44,514.0048442855176
5148,dummy-llama-70b-m,dummy-lora-llama-70b-m-rank-128-1,568,19,514.1486588135206
5149,dummy-llama-70b-m,dummy-lora-llama-70b-m-rank-64-1,1009,75,514.3621813032547
5150,dummy-llama-70b-m,dummy-lora-llama-70b-m-rank-8-1,896,13,514.3807197841779
5151,dummy-llama-70b-m,dummy-lora-llama-70b-m-rank-32-1,568,27,514.3953933881634
5152,dummy-llama-70b-m,dummy-lora-llama-70b-m-rank-64-4,744,41,514.4394952872593
5153,dummy-llama-70b-m,dummy-lora-llama-70b-m-rank-8-3,632,6,514.5898583754495
5154,dummy-llama-70b-m,dummy-lora-llama-70b-m-rank-8-0,261,42,514.6353561601939
5155,dummy-llama-70b-m,dummy-lora-llama-70b-m-rank-16-1,698,3,514.6756715053558
5156,dummy-llama-70b-m,dummy-lora-llama-70b-m-rank-16-3,568,29,514.6939400717771
5157,dummy-llama-70b-m,dummy-lora-llama-70b-m-rank-32-3,628,10,514.7728178268587
5158,dummy-llama-70b-m,dummy-lora-llama-70b-m-rank-128-1,498,8,514.9811184855376
5159,dummy-llama-70b-m,dummy-lora-llama-70b-m-rank-128-4,428,51,515.0256949334654
5160,dummy-llama-70b-m,dummy-lora-llama-70b-m-rank-32-3,671,56,515.1604365071447
5161,dummy-llama-70b-m,dummy-lora-llama-70b-m-rank-8-1,394,40,515.239275716627
5162,dummy-llama-70b-m,dummy-lora-llama-70b-m-rank-32-1,552,20,515.3153267677733
5163,dummy-llama-70b-m,dummy-lora-llama-70b-m-rank-16-4,317,13,515.3384508176252
5164,dummy-llama-70b-m,dummy-lora-llama-70b-m-rank-16-1,512,54,515.668512975956
5165,dummy-llama-70b-m,dummy-lora-llama-70b-m-rank-8-4,584,40,515.828495853029
5166,dummy-llama-70b-m,dummy-lora-llama-70b-m-rank-16-3,554,20,515.8785465207269
5167,dummy-llama-70b-m,dummy-lora-llama-70b-m-rank-8-1,208,56,515.9201400280484
5168,dummy-llama-70b-m,dummy-lora-llama-70b-m-rank-8-2,368,7,515.9574628833533
5169,dummy-llama-70b-m,dummy-lora-llama-70b-m-rank-8-3,577,93,516.1494703945993
5170,dummy-llama-70b-m,dummy-lora-llama-70b-m-rank-64-4,613,25,516.358951716343
5171,dummy-llama-70b-m,dummy-lora-llama-70b-m-rank-8-3,368,151,516.3717635079264
5172,dummy-llama-70b-m,dummy-lora-llama-70b-m-rank-64-2,204,40,516.4532938493867
5173,dummy-llama-70b-m,dummy-lora-llama-70b-m-rank-32-2,857,87,516.5522411351648
5174,dummy-llama-70b-m,dummy-lora-llama-70b-m-rank-8-2,666,85,516.5886771310562
5175,dummy-llama-70b-m,dummy-lora-llama-70b-m-rank-32-4,567,46,516.9812921618716
5176,dummy-llama-70b-m,dummy-lora-llama-70b-m-rank-16-3,557,20,517.1168830066359
5177,dummy-llama-70b-m,dummy-lora-llama-70b-m-rank-8-2,562,22,517.1660236601667
5178,dummy-llama-70b-m,dummy-lora-llama-70b-m-rank-16-3,635,86,517.1901929672894
5179,dummy-llama-70b-m,dummy-lora-llama-70b-m-rank-128-0,317,180,517.4676353650597
5180,dummy-llama-70b-m,dummy-lora-llama-70b-m-rank-32-4,915,51,517.4701466839949
5181,dummy-llama-70b-m,dummy-lora-llama-70b-m-rank-64-2,409,91,517.5737402302237
5182,dummy-llama-70b-m,dummy-lora-llama-70b-m-rank-8-3,265,70,517.5879486503075
5183,dummy-llama-70b-m,dummy-lora-llama-70b-m-rank-8-0,129,40,517.607482389849
5184,dummy-llama-70b-m,dummy-lora-llama-70b-m-rank-16-4,586,8,517.6158204516638
5185,dummy-llama-70b-m,dummy-lora-llama-70b-m-rank-128-0,445,122,517.6255997562469
5186,dummy-llama-70b-m,dummy-lora-llama-70b-m-rank-32-0,168,88,517.7693492099148
5187,dummy-llama-70b-m,dummy-lora-llama-70b-m-rank-64-2,486,99,517.7752075342422
5188,dummy-llama-70b-m,dummy-lora-llama-70b-m-rank-64-2,560,24,518.0457217458229
5189,dummy-llama-70b-m,dummy-lora-llama-70b-m-rank-16-3,426,43,518.0861353898525
5190,dummy-llama-70b-m,dummy-lora-llama-70b-m-rank-128-3,561,20,518.1740725244001
5191,dummy-llama-70b-m,dummy-lora-llama-70b-m-rank-8-1,550,18,518.2612606103581
5192,dummy-llama-70b-m,dummy-lora-llama-70b-m-rank-32-3,686,64,518.278865188108
5193,dummy-llama-70b-m,dummy-lora-llama-70b-m-rank-16-3,552,19,518.3553574682975
5194,dummy-llama-70b-m,dummy-lora-llama-70b-m-rank-16-3,568,28,518.3797047734238
5195,dummy-llama-70b-m,dummy-lora-llama-70b-m-rank-32-1,596,24,518.3924439956811
5196,dummy-llama-70b-m,dummy-lora-llama-70b-m-rank-128-4,564,27,518.3979850363755
5197,dummy-llama-70b-m,dummy-lora-llama-70b-m-rank-128-2,556,23,518.6537188383774
5198,dummy-llama-70b-m,dummy-lora-llama-70b-m-rank-8-1,406,14,518.6780928021127
5199,dummy-llama-70b-m,dummy-lora-llama-70b-m-rank-8-0,462,56,518.8239637046264
5200,dummy-llama-70b-m,dummy-lora-llama-70b-m-rank-64-1,293,48,518.8255216560093
5201,dummy-llama-70b-m,dummy-lora-llama-70b-m-rank-32-4,289,59,519.3236263149125
5202,dummy-llama-70b-m,dummy-lora-llama-70b-m-rank-64-4,550,18,519.4258891459931
5203,dummy-llama-70b-m,dummy-lora-llama-70b-m-rank-32-4,607,23,519.6209093437083
5204,dummy-llama-70b-m,dummy-lora-llama-70b-m-rank-16-2,339,41,519.6862520023498
5205,dummy-llama-70b-m,dummy-lora-llama-70b-m-rank-8-0,824,18,519.6882742292097
5206,dummy-llama-70b-m,dummy-lora-llama-70b-m-rank-64-1,554,18,519.7209339803208
5207,dummy-llama-70b-m,dummy-lora-llama-70b-m-rank-32-4,109,40,519.7338370691022
5208,dummy-llama-70b-m,dummy-lora-llama-70b-m-rank-64-3,499,10,519.8192881465827
5209,dummy-llama-70b-m,dummy-lora-llama-70b-m-rank-16-1,549,45,519.8504606222834
5210,dummy-llama-70b-m,dummy-lora-llama-70b-m-rank-16-4,131,43,519.9380454510147
5211,dummy-llama-70b-m,dummy-lora-llama-70b-m-rank-128-2,619,29,520.0509926296031
5212,dummy-llama-70b-m,dummy-lora-llama-70b-m-rank-32-0,1016,57,520.2948016140567
5213,dummy-llama-70b-m,dummy-lora-llama-70b-m-rank-32-3,465,47,520.5373687411022
5214,dummy-llama-70b-m,dummy-lora-llama-70b-m-rank-16-2,721,66,520.8104986616934
5215,dummy-llama-70b-m,dummy-lora-llama-70b-m-rank-16-3,910,66,520.8693601587637
5216,dummy-llama-70b-m,dummy-lora-llama-70b-m-rank-128-0,556,19,520.9539293639527
5217,dummy-llama-70b-m,dummy-lora-llama-70b-m-rank-8-1,556,20,520.9651259408911
5218,dummy-llama-70b-m,dummy-lora-llama-70b-m-rank-16-0,540,211,521.1246699657913
5219,dummy-llama-70b-m,dummy-lora-llama-70b-m-rank-128-0,656,7,521.2313671296542
5220,dummy-llama-70b-m,dummy-lora-llama-70b-m-rank-16-4,568,26,521.3135415215681
5221,dummy-llama-70b-m,dummy-lora-llama-70b-m-rank-128-2,195,44,521.401799543372
5222,dummy-llama-70b-m,dummy-lora-llama-70b-m-rank-128-4,696,26,521.5382575170657
5223,dummy-llama-70b-m,dummy-lora-llama-70b-m-rank-64-0,56,42,521.7314375854547
5224,dummy-llama-70b-m,dummy-lora-llama-70b-m-rank-64-3,518,46,522.0103003006309
5225,dummy-llama-70b-m,dummy-lora-llama-70b-m-rank-16-0,622,55,522.0519678002353
5226,dummy-llama-70b-m,dummy-lora-llama-70b-m-rank-8-2,576,34,522.099376451624
5227,dummy-llama-70b-m,dummy-lora-llama-70b-m-rank-64-4,525,66,522.1140898338707
5228,dummy-llama-70b-m,dummy-lora-llama-70b-m-rank-32-2,827,20,522.4956224297573
5229,dummy-llama-70b-m,dummy-lora-llama-70b-m-rank-16-3,434,44,522.5960752798956
5230,dummy-llama-70b-m,dummy-lora-llama-70b-m-rank-128-2,190,45,522.9180353247965
5231,dummy-llama-70b-m,dummy-lora-llama-70b-m-rank-128-2,502,38,523.0091678230614
5232,dummy-llama-70b-m,dummy-lora-llama-70b-m-rank-16-1,552,18,523.0182978041263
5233,dummy-llama-70b-m,dummy-lora-llama-70b-m-rank-16-1,292,9,523.2057649850393
5234,dummy-llama-70b-m,dummy-lora-llama-70b-m-rank-128-3,607,21,523.4266569940418
5235,dummy-llama-70b-m,dummy-lora-llama-70b-m-rank-64-1,617,3,523.4895888787715
5236,dummy-llama-70b-m,dummy-lora-llama-70b-m-rank-8-2,212,63,523.6160601546776
5237,dummy-llama-70b-m,dummy-lora-llama-70b-m-rank-8-3,105,6,523.6537486696683
5238,dummy-llama-70b-m,dummy-lora-llama-70b-m-rank-16-1,355,45,523.6723550325904
5239,dummy-llama-70b-m,dummy-lora-llama-70b-m-rank-64-2,594,9,523.8001676034335
5240,dummy-llama-70b-m,dummy-lora-llama-70b-m-rank-64-3,661,50,523.9451892337273
5241,dummy-llama-70b-m,dummy-lora-llama-70b-m-rank-32-4,536,66,523.9901185652224
5242,dummy-llama-70b-m,dummy-lora-llama-70b-m-rank-128-3,176,6,524.0845073537407
5243,dummy-llama-70b-m,dummy-lora-llama-70b-m-rank-32-3,559,12,524.1547148623378
5244,dummy-llama-70b-m,dummy-lora-llama-70b-m-rank-32-1,585,61,524.1859670329396
5245,dummy-llama-70b-m,dummy-lora-llama-70b-m-rank-16-3,277,79,524.2054337510363
5246,dummy-llama-70b-m,dummy-lora-llama-70b-m-rank-128-3,351,49,524.2805942512997
5247,dummy-llama-70b-m,dummy-lora-llama-70b-m-rank-64-3,559,56,524.3232005993292
5248,dummy-llama-70b-m,dummy-lora-llama-70b-m-rank-8-1,548,17,524.3279200168579
5249,dummy-llama-70b-m,dummy-lora-llama-70b-m-rank-32-2,299,7,524.3442062951029
5250,dummy-llama-70b-m,dummy-lora-llama-70b-m-rank-8-0,267,49,524.4141580803571
5251,dummy-llama-70b-m,dummy-lora-llama-70b-m-rank-16-2,360,7,524.4964126575522
5252,dummy-llama-70b-m,dummy-lora-llama-70b-m-rank-32-2,558,24,524.6209891822184
5253,dummy-llama-70b-m,dummy-lora-llama-70b-m-rank-16-2,556,24,524.6558468165003
5254,dummy-llama-70b-m,dummy-lora-llama-70b-m-rank-64-3,499,94,524.722767914746
5255,dummy-llama-70b-m,dummy-lora-llama-70b-m-rank-128-0,590,34,524.8017008886407
5256,dummy-llama-70b-m,dummy-lora-llama-70b-m-rank-32-1,561,21,524.806820999511
5257,dummy-llama-70b-m,dummy-lora-llama-70b-m-rank-128-1,607,33,524.8907489464956
5258,dummy-llama-70b-m,dummy-lora-llama-70b-m-rank-64-4,562,24,524.9413765359226
5259,dummy-llama-70b-m,dummy-lora-llama-70b-m-rank-32-3,568,19,524.9541731918586
5260,dummy-llama-70b-m,dummy-lora-llama-70b-m-rank-8-3,605,22,525.013176024711
5261,dummy-llama-70b-m,dummy-lora-llama-70b-m-rank-64-3,237,3,525.0159787635597
5262,dummy-llama-70b-m,dummy-lora-llama-70b-m-rank-16-4,975,62,525.0521471350539
5263,dummy-llama-70b-m,dummy-lora-llama-70b-m-rank-16-3,566,29,525.1395888270479
5264,dummy-llama-70b-m,dummy-lora-llama-70b-m-rank-16-4,250,43,525.1713746148966
5265,dummy-llama-70b-m,dummy-lora-llama-70b-m-rank-64-0,423,69,525.3728051473845
5266,dummy-llama-70b-m,dummy-lora-llama-70b-m-rank-32-3,560,21,525.7299547557515
5267,dummy-llama-70b-m,dummy-lora-llama-70b-m-rank-64-2,809,96,525.7394327465194
5268,dummy-llama-70b-m,dummy-lora-llama-70b-m-rank-64-3,552,2,525.8586010275559
5269,dummy-llama-70b-m,dummy-lora-llama-70b-m-rank-32-3,731,12,525.8714162429386
5270,dummy-llama-70b-m,dummy-lora-llama-70b-m-rank-8-3,580,35,525.9185024395365
5271,dummy-llama-70b-m,dummy-lora-llama-70b-m-rank-128-4,345,50,525.9556541296643
5272,dummy-llama-70b-m,dummy-lora-llama-70b-m-rank-8-3,906,43,526.1247297341063
5273,dummy-llama-70b-m,dummy-lora-llama-70b-m-rank-64-1,337,23,526.2266988124258
5274,dummy-llama-70b-m,dummy-lora-llama-70b-m-rank-8-2,554,19,526.243584410628
5275,dummy-llama-70b-m,dummy-lora-llama-70b-m-rank-8-3,588,12,526.3112963967133
5276,dummy-llama-70b-m,dummy-lora-llama-70b-m-rank-16-1,579,53,526.3651534236457
5277,dummy-llama-70b-m,dummy-lora-llama-70b-m-rank-64-0,607,2,526.6762490666218
5278,dummy-llama-70b-m,dummy-lora-llama-70b-m-rank-8-3,197,134,526.688169831935
5279,dummy-llama-70b-m,dummy-lora-llama-70b-m-rank-32-3,602,19,527.3550753040155
5280,dummy-llama-70b-m,dummy-lora-llama-70b-m-rank-8-4,581,47,527.74942510553
5281,dummy-llama-70b-m,dummy-lora-llama-70b-m-rank-64-0,339,45,527.786374479274
5282,dummy-llama-70b-m,dummy-lora-llama-70b-m-rank-128-3,326,13,527.8099410424334
5283,dummy-llama-70b-m,dummy-lora-llama-70b-m-rank-128-0,479,10,527.8257380461223
5284,dummy-llama-70b-m,dummy-lora-llama-70b-m-rank-8-3,554,22,527.8403691567587
5285,dummy-llama-70b-m,dummy-lora-llama-70b-m-rank-64-1,544,15,527.9140589917614
5286,dummy-llama-70b-m,dummy-lora-llama-70b-m-rank-64-0,597,9,528.0195946964263
5287,dummy-llama-70b-m,dummy-lora-llama-70b-m-rank-16-4,349,36,528.0916948800591
5288,dummy-llama-70b-m,dummy-lora-llama-70b-m-rank-16-0,252,124,528.1099665154524
5289,dummy-llama-70b-m,dummy-lora-llama-70b-m-rank-8-4,58,56,528.1327259694318
5290,dummy-llama-70b-m,dummy-lora-llama-70b-m-rank-16-2,1012,51,528.1394890149165
5291,dummy-llama-70b-m,dummy-lora-llama-70b-m-rank-128-3,589,111,528.1534748590608
5292,dummy-llama-70b-m,dummy-lora-llama-70b-m-rank-64-0,296,67,528.2075899781536
5293,dummy-llama-70b-m,dummy-lora-llama-70b-m-rank-16-0,362,41,528.4095657177861
5294,dummy-llama-70b-m,dummy-lora-llama-70b-m-rank-8-2,597,61,528.4608889924424
5295,dummy-llama-70b-m,dummy-lora-llama-70b-m-rank-128-0,332,79,528.6099909965661
5296,dummy-llama-70b-m,dummy-lora-llama-70b-m-rank-64-0,548,17,528.7143628264157
5297,dummy-llama-70b-m,dummy-lora-llama-70b-m-rank-16-2,416,53,528.7248709198742
5298,dummy-llama-70b-m,dummy-lora-llama-70b-m-rank-128-0,87,55,528.7431153608621
5299,dummy-llama-70b-m,dummy-lora-llama-70b-m-rank-8-2,226,133,528.8721630604921
5300,dummy-llama-70b-m,dummy-lora-llama-70b-m-rank-32-0,243,71,528.9915649901249
5301,dummy-llama-70b-m,dummy-lora-llama-70b-m-rank-32-1,499,6,529.4353947711681
5302,dummy-llama-70b-m,dummy-lora-llama-70b-m-rank-128-3,607,19,529.4952293885141
5303,dummy-llama-70b-m,dummy-lora-llama-70b-m-rank-8-0,556,19,529.5043192519206
5304,dummy-llama-70b-m,dummy-lora-llama-70b-m-rank-64-0,249,50,529.5845800493747
5305,dummy-llama-70b-m,dummy-lora-llama-70b-m-rank-64-1,556,22,529.6049834843685
5306,dummy-llama-70b-m,dummy-lora-llama-70b-m-rank-128-1,554,20,529.8975396619672
5307,dummy-llama-70b-m,dummy-lora-llama-70b-m-rank-64-0,298,81,529.958158697285
5308,dummy-llama-70b-m,dummy-lora-llama-70b-m-rank-8-1,106,42,529.9895799351473
5309,dummy-llama-70b-m,dummy-lora-llama-70b-m-rank-16-4,361,7,530.0961787959492
5310,dummy-llama-70b-m,dummy-lora-llama-70b-m-rank-16-2,1005,3,530.1472684005499
5311,dummy-llama-70b-m,dummy-lora-llama-70b-m-rank-8-3,188,149,530.3025328719743
5312,dummy-llama-70b-m,dummy-lora-llama-70b-m-rank-16-4,615,20,530.5203364706605
5313,dummy-llama-70b-m,dummy-lora-llama-70b-m-rank-16-1,418,61,530.7179875975896
5314,dummy-llama-70b-m,dummy-lora-llama-70b-m-rank-64-4,466,23,530.9730632184684
5315,dummy-llama-70b-m,dummy-lora-llama-70b-m-rank-32-4,440,64,531.1010701817032
5316,dummy-llama-70b-m,dummy-lora-llama-70b-m-rank-64-0,790,135,531.2638261458736
5317,dummy-llama-70b-m,dummy-lora-llama-70b-m-rank-64-2,535,49,531.2971455795383
5318,dummy-llama-70b-m,dummy-lora-llama-70b-m-rank-16-1,552,19,531.3360709869211
5319,dummy-llama-70b-m,dummy-lora-llama-70b-m-rank-8-3,364,7,531.5485523634628
5320,dummy-llama-70b-m,dummy-lora-llama-70b-m-rank-64-4,556,21,531.5932296460536
5321,dummy-llama-70b-m,dummy-lora-llama-70b-m-rank-64-3,568,20,531.7364439985324
5322,dummy-llama-70b-m,dummy-lora-llama-70b-m-rank-16-0,738,48,531.7484052065305
5323,dummy-llama-70b-m,dummy-lora-llama-70b-m-rank-64-3,423,53,532.0153658783978
5324,dummy-llama-70b-m,dummy-lora-llama-70b-m-rank-32-1,595,55,532.1994762602263
5325,dummy-llama-70b-m,dummy-lora-llama-70b-m-rank-16-2,462,9,532.3351595791808
5326,dummy-llama-70b-m,dummy-lora-llama-70b-m-rank-32-1,51,49,532.4934053858544
5327,dummy-llama-70b-m,dummy-lora-llama-70b-m-rank-8-4,189,50,532.5420008241042
5328,dummy-llama-70b-m,dummy-lora-llama-70b-m-rank-64-2,603,9,532.5504122932716
5329,dummy-llama-70b-m,dummy-lora-llama-70b-m-rank-16-4,607,11,532.5643497934144
5330,dummy-llama-70b-m,dummy-lora-llama-70b-m-rank-16-3,598,44,532.7532664880008
5331,dummy-llama-70b-m,dummy-lora-llama-70b-m-rank-16-4,277,10,532.7714000511768
5332,dummy-llama-70b-m,dummy-lora-llama-70b-m-rank-16-2,947,12,532.7890225991081
5333,dummy-llama-70b-m,dummy-lora-llama-70b-m-rank-32-2,633,35,532.8328995652153
5334,dummy-llama-70b-m,dummy-lora-llama-70b-m-rank-8-0,703,10,532.8660566362195
5335,dummy-llama-70b-m,dummy-lora-llama-70b-m-rank-16-0,886,140,532.9749380581334
5336,dummy-llama-70b-m,dummy-lora-llama-70b-m-rank-128-4,669,123,533.0513230616193
5337,dummy-llama-70b-m,dummy-lora-llama-70b-m-rank-128-3,269,48,533.3741673822153
5338,dummy-llama-70b-m,dummy-lora-llama-70b-m-rank-64-4,594,24,533.3928096585848
5339,dummy-llama-70b-m,dummy-lora-llama-70b-m-rank-128-4,317,11,533.4234394738046
5340,dummy-llama-70b-m,dummy-lora-llama-70b-m-rank-64-2,235,82,533.4735317705337
5341,dummy-llama-70b-m,dummy-lora-llama-70b-m-rank-128-2,560,23,533.4797340521069
5342,dummy-llama-70b-m,dummy-lora-llama-70b-m-rank-8-1,329,57,533.5395175209557
5343,dummy-llama-70b-m,dummy-lora-llama-70b-m-rank-16-3,547,50,533.5865386297884
5344,dummy-llama-70b-m,dummy-lora-llama-70b-m-rank-16-4,550,18,533.6773775188212
5345,dummy-llama-70b-m,dummy-lora-llama-70b-m-rank-16-2,217,53,533.7866833711303
5346,dummy-llama-70b-m,dummy-lora-llama-70b-m-rank-128-4,252,3,533.8884558809344
5347,dummy-llama-70b-m,dummy-lora-llama-70b-m-rank-64-0,359,51,533.9038391434135
5348,dummy-llama-70b-m,dummy-lora-llama-70b-m-rank-32-1,218,51,533.9065305877446
5349,dummy-llama-70b-m,dummy-lora-llama-70b-m-rank-64-3,61,75,533.9510857160919
5350,dummy-llama-70b-m,dummy-lora-llama-70b-m-rank-64-2,615,25,533.9681580345158
5351,dummy-llama-70b-m,dummy-lora-llama-70b-m-rank-32-1,597,25,533.9922817808512
5352,dummy-llama-70b-m,dummy-lora-llama-70b-m-rank-8-4,552,19,534.0059236508952
5353,dummy-llama-70b-m,dummy-lora-llama-70b-m-rank-8-2,207,42,534.1040360992693
5354,dummy-llama-70b-m,dummy-lora-llama-70b-m-rank-8-1,830,32,534.2473907595831
5355,dummy-llama-70b-m,dummy-lora-llama-70b-m-rank-8-3,172,123,534.3148702619619
5356,dummy-llama-70b-m,dummy-lora-llama-70b-m-rank-128-3,214,125,534.4290663831077
5357,dummy-llama-70b-m,dummy-lora-llama-70b-m-rank-8-2,629,51,534.4404162062162
5358,dummy-llama-70b-m,dummy-lora-llama-70b-m-rank-8-1,572,18,534.4553735602996
5359,dummy-llama-70b-m,dummy-lora-llama-70b-m-rank-128-0,380,122,534.501163551509
5360,dummy-llama-70b-m,dummy-lora-llama-70b-m-rank-64-0,609,22,534.5828425296569
5361,dummy-llama-70b-m,dummy-lora-llama-70b-m-rank-64-1,603,9,534.6238704933476
5362,dummy-llama-70b-m,dummy-lora-llama-70b-m-rank-32-1,701,159,534.673825378567
5363,dummy-llama-70b-m,dummy-lora-llama-70b-m-rank-32-4,298,85,534.7730624756459
5364,dummy-llama-70b-m,dummy-lora-llama-70b-m-rank-64-1,829,26,535.0488082824862
5365,dummy-llama-70b-m,dummy-lora-llama-70b-m-rank-16-0,400,14,535.2027100615004
5366,dummy-llama-70b-m,dummy-lora-llama-70b-m-rank-128-0,262,5,535.4340046247366
5367,dummy-llama-70b-m,dummy-lora-llama-70b-m-rank-64-4,939,61,535.6032537042761
5368,dummy-llama-70b-m,dummy-lora-llama-70b-m-rank-128-0,556,21,535.688371511792
5369,dummy-llama-70b-m,dummy-lora-llama-70b-m-rank-32-1,458,5,535.7166569404909
5370,dummy-llama-70b-m,dummy-lora-llama-70b-m-rank-64-1,258,137,535.7736774048207
5371,dummy-llama-70b-m,dummy-lora-llama-70b-m-rank-8-1,423,52,535.7741011186147
5372,dummy-llama-70b-m,dummy-lora-llama-70b-m-rank-64-4,311,36,536.0082837484631
5373,dummy-llama-70b-m,dummy-lora-llama-70b-m-rank-128-4,597,16,536.4138146368798
5374,dummy-llama-70b-m,dummy-lora-llama-70b-m-rank-64-3,490,37,536.6755026283003
5375,dummy-llama-70b-m,dummy-lora-llama-70b-m-rank-32-4,429,6,537.1396568164346
5376,dummy-llama-70b-m,dummy-lora-llama-70b-m-rank-128-0,257,42,537.2689267403075
5377,dummy-llama-70b-m,dummy-lora-llama-70b-m-rank-128-4,100,47,537.2924764299928
5378,dummy-llama-70b-m,dummy-lora-llama-70b-m-rank-64-3,859,10,537.470366201758
5379,dummy-llama-70b-m,dummy-lora-llama-70b-m-rank-32-2,202,49,537.6231266375204
5380,dummy-llama-70b-m,dummy-lora-llama-70b-m-rank-8-3,443,12,537.6401477212107
5381,dummy-llama-70b-m,dummy-lora-llama-70b-m-rank-64-3,659,24,537.6813905125869
5382,dummy-llama-70b-m,dummy-lora-llama-70b-m-rank-128-3,547,31,537.7785439707125
5383,dummy-llama-70b-m,dummy-lora-llama-70b-m-rank-64-0,289,118,537.9522350219762
5384,dummy-llama-70b-m,dummy-lora-llama-70b-m-rank-8-0,548,17,537.9793399686504
5385,dummy-llama-70b-m,dummy-lora-llama-70b-m-rank-32-2,230,102,538.0534185693159
5386,dummy-llama-70b-m,dummy-lora-llama-70b-m-rank-32-3,399,42,538.1202952749894
5387,dummy-llama-70b-m,dummy-lora-llama-70b-m-rank-8-0,247,45,538.1245787572857
5388,dummy-llama-70b-m,dummy-lora-llama-70b-m-rank-32-2,590,19,538.1618757355858
5389,dummy-llama-70b-m,dummy-lora-llama-70b-m-rank-32-1,270,145,538.2996528371514
5390,dummy-llama-70b-m,dummy-lora-llama-70b-m-rank-32-3,568,27,538.3379196130675
5391,dummy-llama-70b-m,dummy-lora-llama-70b-m-rank-8-4,564,17,538.4077839465109
5392,dummy-llama-70b-m,dummy-lora-llama-70b-m-rank-32-0,357,15,538.4657074013681
5393,dummy-llama-70b-m,dummy-lora-llama-70b-m-rank-8-4,600,21,538.484565406601
5394,dummy-llama-70b-m,dummy-lora-llama-70b-m-rank-128-0,344,48,538.4981358317615
5395,dummy-llama-70b-m,dummy-lora-llama-70b-m-rank-128-3,707,49,538.5426676757154
5396,dummy-llama-70b-m,dummy-lora-llama-70b-m-rank-64-1,155,152,538.6790668304943
5397,dummy-llama-70b-m,dummy-lora-llama-70b-m-rank-128-4,973,87,538.9388111758575
5398,dummy-llama-70b-m,dummy-lora-llama-70b-m-rank-64-2,566,29,538.9481126429157
5399,dummy-llama-70b-m,dummy-lora-llama-70b-m-rank-128-2,437,56,538.9733331576505
5400,dummy-llama-70b-m,dummy-lora-llama-70b-m-rank-128-3,302,63,539.0446428699428
5401,dummy-llama-70b-m,dummy-lora-llama-70b-m-rank-128-0,320,7,539.155336102244
5402,dummy-llama-70b-m,dummy-lora-llama-70b-m-rank-64-1,369,42,539.2654594678373
5403,dummy-llama-70b-m,dummy-lora-llama-70b-m-rank-16-0,197,28,539.5039549220527
5404,dummy-llama-70b-m,dummy-lora-llama-70b-m-rank-32-3,349,13,539.6012944190921
5405,dummy-llama-70b-m,dummy-lora-llama-70b-m-rank-8-3,217,39,539.7357594974305
5406,dummy-llama-70b-m,dummy-lora-llama-70b-m-rank-16-0,568,28,540.0033852345636
5407,dummy-llama-70b-m,dummy-lora-llama-70b-m-rank-128-2,351,51,540.0992476159121
5408,dummy-llama-70b-m,dummy-lora-llama-70b-m-rank-8-4,550,10,540.1247908916312
5409,dummy-llama-70b-m,dummy-lora-llama-70b-m-rank-8-3,164,42,540.2056427420878
5410,dummy-llama-70b-m,dummy-lora-llama-70b-m-rank-32-2,394,44,540.280115303697
5411,dummy-llama-70b-m,dummy-lora-llama-70b-m-rank-8-0,571,36,540.3339686925846
5412,dummy-llama-70b-m,dummy-lora-llama-70b-m-rank-16-2,647,90,540.3586913675697
5413,dummy-llama-70b-m,dummy-lora-llama-70b-m-rank-8-3,624,36,540.7022064547922
5414,dummy-llama-70b-m,dummy-lora-llama-70b-m-rank-8-4,393,52,540.7756630618434
5415,dummy-llama-70b-m,dummy-lora-llama-70b-m-rank-16-2,113,97,540.8210840459553
5416,dummy-llama-70b-m,dummy-lora-llama-70b-m-rank-128-2,603,39,540.861901368035
5417,dummy-llama-70b-m,dummy-lora-llama-70b-m-rank-128-3,836,7,540.9614796465486
5418,dummy-llama-70b-m,dummy-lora-llama-70b-m-rank-128-0,413,50,541.0538264868516
5419,dummy-llama-70b-m,dummy-lora-llama-70b-m-rank-16-3,665,74,541.0921376156698
5420,dummy-llama-70b-m,dummy-lora-llama-70b-m-rank-8-3,632,74,541.1250239915935
5421,dummy-llama-70b-m,dummy-lora-llama-70b-m-rank-16-4,753,44,541.3860226493515
5422,dummy-llama-70b-m,dummy-lora-llama-70b-m-rank-8-3,576,34,541.5195694926623
5423,dummy-llama-70b-m,dummy-lora-llama-70b-m-rank-16-3,486,50,541.5749428040891
5424,dummy-llama-70b-m,dummy-lora-llama-70b-m-rank-32-1,365,44,541.6197194915712
5425,dummy-llama-70b-m,dummy-lora-llama-70b-m-rank-16-0,553,42,541.6753575980417
5426,dummy-llama-70b-m,dummy-lora-llama-70b-m-rank-16-0,578,30,541.8455726099263
5427,dummy-llama-70b-m,dummy-lora-llama-70b-m-rank-64-4,412,46,541.8736534978166
5428,dummy-llama-70b-m,dummy-lora-llama-70b-m-rank-64-0,362,52,541.9028689133495
5429,dummy-llama-70b-m,dummy-lora-llama-70b-m-rank-16-4,606,19,541.9430005963426
5430,dummy-llama-70b-m,dummy-lora-llama-70b-m-rank-128-3,597,16,542.023510887905
5431,dummy-llama-70b-m,dummy-lora-llama-70b-m-rank-32-0,681,53,542.4970513755343
5432,dummy-llama-70b-m,dummy-lora-llama-70b-m-rank-32-4,349,53,542.5402699610934
5433,dummy-llama-70b-m,dummy-lora-llama-70b-m-rank-16-0,318,39,542.544528313238
5434,dummy-llama-70b-m,dummy-lora-llama-70b-m-rank-16-4,570,31,542.5709703724566
5435,dummy-llama-70b-m,dummy-lora-llama-70b-m-rank-128-1,608,18,542.6209019586078
5436,dummy-llama-70b-m,dummy-lora-llama-70b-m-rank-128-3,556,21,542.6498821634982
5437,dummy-llama-70b-m,dummy-lora-llama-70b-m-rank-8-0,555,53,542.6756781058066
5438,dummy-llama-70b-m,dummy-lora-llama-70b-m-rank-32-2,517,13,542.7404808834343
5439,dummy-llama-70b-m,dummy-lora-llama-70b-m-rank-32-1,786,11,542.7664953083921
5440,dummy-llama-70b-m,dummy-lora-llama-70b-m-rank-16-0,590,2,542.7731704226488
5441,dummy-llama-70b-m,dummy-lora-llama-70b-m-rank-64-4,350,63,542.9905417455449
5442,dummy-llama-70b-m,dummy-lora-llama-70b-m-rank-128-1,267,41,543.2645808963395
5443,dummy-llama-70b-m,dummy-lora-llama-70b-m-rank-32-4,918,29,543.4403891008142
5444,dummy-llama-70b-m,dummy-lora-llama-70b-m-rank-16-3,566,24,543.440769504003
5445,dummy-llama-70b-m,dummy-lora-llama-70b-m-rank-64-2,209,41,543.5914312539118
5446,dummy-llama-70b-m,dummy-lora-llama-70b-m-rank-32-0,560,20,543.8057178775705
5447,dummy-llama-70b-m,dummy-lora-llama-70b-m-rank-128-2,582,35,543.8478654599022
5448,dummy-llama-70b-m,dummy-lora-llama-70b-m-rank-64-1,548,17,543.8570989649413
5449,dummy-llama-70b-m,dummy-lora-llama-70b-m-rank-32-1,917,3,543.9274097584015
5450,dummy-llama-70b-m,dummy-lora-llama-70b-m-rank-8-4,477,132,544.0171551282939
5451,dummy-llama-70b-m,dummy-lora-llama-70b-m-rank-8-4,867,39,544.1066079599005
5452,dummy-llama-70b-m,dummy-lora-llama-70b-m-rank-64-1,423,44,544.3412197877086
5453,dummy-llama-70b-m,dummy-lora-llama-70b-m-rank-32-2,397,15,544.484019751633
5454,dummy-llama-70b-m,dummy-lora-llama-70b-m-rank-128-3,445,57,544.527294163431
5455,dummy-llama-70b-m,dummy-lora-llama-70b-m-rank-8-1,212,28,544.6541340906001
5456,dummy-llama-70b-m,dummy-lora-llama-70b-m-rank-32-4,904,46,544.7291417126035
5457,dummy-llama-70b-m,dummy-lora-llama-70b-m-rank-64-3,727,74,544.8428615751768
5458,dummy-llama-70b-m,dummy-lora-llama-70b-m-rank-8-4,282,9,545.0530772833799
5459,dummy-llama-70b-m,dummy-lora-llama-70b-m-rank-128-1,377,47,545.1189139011254
5460,dummy-llama-70b-m,dummy-lora-llama-70b-m-rank-128-2,556,18,545.1942104487212
5461,dummy-llama-70b-m,dummy-lora-llama-70b-m-rank-8-2,617,26,545.3226215616785
5462,dummy-llama-70b-m,dummy-lora-llama-70b-m-rank-32-0,653,70,545.3910980179168
5463,dummy-llama-70b-m,dummy-lora-llama-70b-m-rank-16-4,554,18,545.4045229733482
5464,dummy-llama-70b-m,dummy-lora-llama-70b-m-rank-16-3,212,181,545.4737255189095
5465,dummy-llama-70b-m,dummy-lora-llama-70b-m-rank-64-3,226,137,545.7095262051549
5466,dummy-llama-70b-m,dummy-lora-llama-70b-m-rank-8-0,556,21,545.8510408979292
5467,dummy-llama-70b-m,dummy-lora-llama-70b-m-rank-64-3,585,10,546.2175793379203
5468,dummy-llama-70b-m,dummy-lora-llama-70b-m-rank-32-0,550,2,546.3059773759895
5469,dummy-llama-70b-m,dummy-lora-llama-70b-m-rank-64-1,704,35,546.613524544085
5470,dummy-llama-70b-m,dummy-lora-llama-70b-m-rank-32-4,435,17,546.6557849810738
5471,dummy-llama-70b-m,dummy-lora-llama-70b-m-rank-16-4,344,29,546.7005348622588
5472,dummy-llama-70b-m,dummy-lora-llama-70b-m-rank-64-2,556,21,546.8111700813007
5473,dummy-llama-70b-m,dummy-lora-llama-70b-m-rank-8-3,275,38,546.9895466508897
5474,dummy-llama-70b-m,dummy-lora-llama-70b-m-rank-32-4,586,20,547.0187713765232
5475,dummy-llama-70b-m,dummy-lora-llama-70b-m-rank-128-1,636,10,547.1109141263721
5476,dummy-llama-70b-m,dummy-lora-llama-70b-m-rank-8-3,853,60,547.1726483136479
5477,dummy-llama-70b-m,dummy-lora-llama-70b-m-rank-32-1,798,127,547.214118961635
5478,dummy-llama-70b-m,dummy-lora-llama-70b-m-rank-64-2,494,39,547.507948610432
5479,dummy-llama-70b-m,dummy-lora-llama-70b-m-rank-8-4,465,45,547.7049234640672
5480,dummy-llama-70b-m,dummy-lora-llama-70b-m-rank-16-1,396,50,547.8178816223842
5481,dummy-llama-70b-m,dummy-lora-llama-70b-m-rank-16-4,567,26,547.9821716172191
5482,dummy-llama-70b-m,dummy-lora-llama-70b-m-rank-64-2,213,44,548.034218196673
5483,dummy-llama-70b-m,dummy-lora-llama-70b-m-rank-32-0,355,10,548.1623575616763
5484,dummy-llama-70b-m,dummy-lora-llama-70b-m-rank-8-0,696,8,548.2013908717413
5485,dummy-llama-70b-m,dummy-lora-llama-70b-m-rank-64-4,564,23,548.2622149579278
5486,dummy-llama-70b-m,dummy-lora-llama-70b-m-rank-64-0,603,19,548.2622226792089
5487,dummy-llama-70b-m,dummy-lora-llama-70b-m-rank-64-4,405,45,548.2710945912078
5488,dummy-llama-70b-m,dummy-lora-llama-70b-m-rank-128-2,925,52,548.2983370996
5489,dummy-llama-70b-m,dummy-lora-llama-70b-m-rank-16-4,839,22,548.4675429838896
5490,dummy-llama-70b-m,dummy-lora-llama-70b-m-rank-16-4,662,77,548.5266690988109
5491,dummy-llama-70b-m,dummy-lora-llama-70b-m-rank-128-0,613,19,548.6149659826609
5492,dummy-llama-70b-m,dummy-lora-llama-70b-m-rank-32-4,534,40,548.7392136151185
5493,dummy-llama-70b-m,dummy-lora-llama-70b-m-rank-32-2,667,60,548.913259152163
5494,dummy-llama-70b-m,dummy-lora-llama-70b-m-rank-8-1,595,39,548.9705164839914
5495,dummy-llama-70b-m,dummy-lora-llama-70b-m-rank-16-0,93,37,549.0076477969092
5496,dummy-llama-70b-m,dummy-lora-llama-70b-m-rank-128-4,469,66,549.0687318765152
5497,dummy-llama-70b-m,dummy-lora-llama-70b-m-rank-128-1,417,56,549.5157771429334
5498,dummy-llama-70b-m,dummy-lora-llama-70b-m-rank-64-1,601,18,549.5592538661265
5499,dummy-llama-70b-m,dummy-lora-llama-70b-m-rank-128-2,576,18,549.6007884845689
5500,dummy-llama-70b-m,dummy-lora-llama-70b-m-rank-32-3,392,202,549.678486341591
5501,dummy-llama-70b-m,dummy-lora-llama-70b-m-rank-32-3,173,49,549.6994319655474
5502,dummy-llama-70b-m,dummy-lora-llama-70b-m-rank-128-2,291,50,549.8663942009792
5503,dummy-llama-70b-m,dummy-lora-llama-70b-m-rank-8-4,109,52,549.872100569084
5504,dummy-llama-70b-m,dummy-lora-llama-70b-m-rank-8-2,586,11,549.9949831498596
5505,dummy-llama-70b-m,dummy-lora-llama-70b-m-rank-8-1,331,45,550.169477081483
5506,dummy-llama-70b-m,dummy-lora-llama-70b-m-rank-32-2,568,28,550.1817862052146
5507,dummy-llama-70b-m,dummy-lora-llama-70b-m-rank-64-4,164,50,550.2642372884458
5508,dummy-llama-70b-m,dummy-lora-llama-70b-m-rank-64-1,332,48,550.4134491271897
5509,dummy-llama-70b-m,dummy-lora-llama-70b-m-rank-64-4,412,62,550.444429632742
5510,dummy-llama-70b-m,dummy-lora-llama-70b-m-rank-32-0,509,51,550.4525227213636
5511,dummy-llama-70b-m,dummy-lora-llama-70b-m-rank-128-0,847,36,550.4890475246459
5512,dummy-llama-70b-m,dummy-lora-llama-70b-m-rank-64-0,361,63,550.8138799795972
5513,dummy-llama-70b-m,dummy-lora-llama-70b-m-rank-16-3,188,97,550.8899744616383
5514,dummy-llama-70b-m,dummy-lora-llama-70b-m-rank-16-4,569,22,550.9021844832472
5515,dummy-llama-70b-m,dummy-lora-llama-70b-m-rank-32-3,552,19,551.0419278358959
5516,dummy-llama-70b-m,dummy-lora-llama-70b-m-rank-128-4,531,5,551.1354266455481
5517,dummy-llama-70b-m,dummy-lora-llama-70b-m-rank-16-1,356,185,551.2835962250974
5518,dummy-llama-70b-m,dummy-lora-llama-70b-m-rank-32-2,582,14,551.5768786409894
5519,dummy-llama-70b-m,dummy-lora-llama-70b-m-rank-128-1,928,138,551.6955757422925
5520,dummy-llama-70b-m,dummy-lora-llama-70b-m-rank-32-4,451,58,551.8993035018569
5521,dummy-llama-70b-m,dummy-lora-llama-70b-m-rank-32-1,507,48,551.9122440135876
5522,dummy-llama-70b-m,dummy-lora-llama-70b-m-rank-128-0,105,50,551.9287236913681
5523,dummy-llama-70b-m,dummy-lora-llama-70b-m-rank-8-0,319,42,551.9366887191293
5524,dummy-llama-70b-m,dummy-lora-llama-70b-m-rank-8-4,464,63,552.319779257474
5525,dummy-llama-70b-m,dummy-lora-llama-70b-m-rank-16-4,472,63,552.3980168355173
5526,dummy-llama-70b-m,dummy-lora-llama-70b-m-rank-32-3,546,48,552.4377162533558
5527,dummy-llama-70b-m,dummy-lora-llama-70b-m-rank-128-1,443,45,552.4396493655748
5528,dummy-llama-70b-m,dummy-lora-llama-70b-m-rank-32-4,363,150,552.6771361746315
5529,dummy-llama-70b-m,dummy-lora-llama-70b-m-rank-64-3,564,25,552.708870954454
5530,dummy-llama-70b-m,dummy-lora-llama-70b-m-rank-32-2,557,19,552.7622517343622
5531,dummy-llama-70b-m,dummy-lora-llama-70b-m-rank-32-2,554,20,552.9273136203354
5532,dummy-llama-70b-m,dummy-lora-llama-70b-m-rank-128-1,322,28,552.9336949347093
5533,dummy-llama-70b-m,dummy-lora-llama-70b-m-rank-32-1,1013,14,552.9749707337953
5534,dummy-llama-70b-m,dummy-lora-llama-70b-m-rank-16-4,728,40,553.0447280927333
5535,dummy-llama-70b-m,dummy-lora-llama-70b-m-rank-16-3,452,121,553.0973788936199
5536,dummy-llama-70b-m,dummy-lora-llama-70b-m-rank-64-4,605,20,553.1617512290774
5537,dummy-llama-70b-m,dummy-lora-llama-70b-m-rank-64-0,586,39,553.2980058153831
5538,dummy-llama-70b-m,dummy-lora-llama-70b-m-rank-128-0,552,19,553.3667138661395
5539,dummy-llama-70b-m,dummy-lora-llama-70b-m-rank-64-2,595,21,553.5528375176063
5540,dummy-llama-70b-m,dummy-lora-llama-70b-m-rank-32-0,465,4,553.6098501290822
5541,dummy-llama-70b-m,dummy-lora-llama-70b-m-rank-64-2,179,44,553.7451451697136
5542,dummy-llama-70b-m,dummy-lora-llama-70b-m-rank-128-2,215,119,553.9063432275674
5543,dummy-llama-70b-m,dummy-lora-llama-70b-m-rank-32-1,510,55,553.9218763251893
5544,dummy-llama-70b-m,dummy-lora-llama-70b-m-rank-16-3,189,3,553.944176308185
5545,dummy-llama-70b-m,dummy-lora-llama-70b-m-rank-128-3,513,59,554.029910697821
5546,dummy-llama-70b-m,dummy-lora-llama-70b-m-rank-64-4,154,45,554.0716791487723
5547,dummy-llama-70b-m,dummy-lora-llama-70b-m-rank-64-4,400,8,554.1560614025913
5548,dummy-llama-70b-m,dummy-lora-llama-70b-m-rank-16-4,548,19,554.2121316169737
5549,dummy-llama-70b-m,dummy-lora-llama-70b-m-rank-16-2,560,10,554.2568636773433
5550,dummy-llama-70b-m,dummy-lora-llama-70b-m-rank-16-4,554,22,554.2677349009969
5551,dummy-llama-70b-m,dummy-lora-llama-70b-m-rank-8-1,94,48,554.4409761441982
5552,dummy-llama-70b-m,dummy-lora-llama-70b-m-rank-32-2,284,52,554.745845017502
5553,dummy-llama-70b-m,dummy-lora-llama-70b-m-rank-32-1,787,58,554.7615660238213
5554,dummy-llama-70b-m,dummy-lora-llama-70b-m-rank-32-1,830,45,554.8274782727404
5555,dummy-llama-70b-m,dummy-lora-llama-70b-m-rank-16-0,309,57,554.9791573478956
5556,dummy-llama-70b-m,dummy-lora-llama-70b-m-rank-8-4,615,20,555.0281639200571
5557,dummy-llama-70b-m,dummy-lora-llama-70b-m-rank-16-4,102,56,555.2251383581885
5558,dummy-llama-70b-m,dummy-lora-llama-70b-m-rank-8-0,738,46,555.2256786978514
5559,dummy-llama-70b-m,dummy-lora-llama-70b-m-rank-8-1,584,21,555.2604022402451
5560,dummy-llama-70b-m,dummy-lora-llama-70b-m-rank-16-0,538,17,555.3011566818709
5561,dummy-llama-70b-m,dummy-lora-llama-70b-m-rank-8-4,320,33,555.5574150053876
5562,dummy-llama-70b-m,dummy-lora-llama-70b-m-rank-16-0,564,26,555.5961750097174
5563,dummy-llama-70b-m,dummy-lora-llama-70b-m-rank-16-2,616,25,555.6189806460028
5564,dummy-llama-70b-m,dummy-lora-llama-70b-m-rank-8-1,645,137,555.6734782908447
5565,dummy-llama-70b-m,dummy-lora-llama-70b-m-rank-8-1,337,51,555.7033690453522
5566,dummy-llama-70b-m,dummy-lora-llama-70b-m-rank-128-1,613,5,555.9423634320837
5567,dummy-llama-70b-m,dummy-lora-llama-70b-m-rank-8-3,315,42,555.9651409547581
5568,dummy-llama-70b-m,dummy-lora-llama-70b-m-rank-8-4,537,95,555.9849583751226
5569,dummy-llama-70b-m,dummy-lora-llama-70b-m-rank-8-0,648,35,556.0778359695292
5570,dummy-llama-70b-m,dummy-lora-llama-70b-m-rank-128-4,741,57,556.2665350541716
5571,dummy-llama-70b-m,dummy-lora-llama-70b-m-rank-64-0,389,46,556.3112567033097
5572,dummy-llama-70b-m,dummy-lora-llama-70b-m-rank-128-4,249,19,556.4076147722237
5573,dummy-llama-70b-m,dummy-lora-llama-70b-m-rank-64-1,558,25,556.4260563331609
5574,dummy-llama-70b-m,dummy-lora-llama-70b-m-rank-128-3,544,15,556.5581192012149
5575,dummy-llama-70b-m,dummy-lora-llama-70b-m-rank-8-3,795,61,556.5954441473376
5576,dummy-llama-70b-m,dummy-lora-llama-70b-m-rank-16-3,572,28,556.7918136224578
5577,dummy-llama-70b-m,dummy-lora-llama-70b-m-rank-32-1,211,36,556.8531060732201
5578,dummy-llama-70b-m,dummy-lora-llama-70b-m-rank-16-3,550,51,556.8987362933647
5579,dummy-llama-70b-m,dummy-lora-llama-70b-m-rank-64-0,594,36,557.0974219712938
5580,dummy-llama-70b-m,dummy-lora-llama-70b-m-rank-16-1,694,101,557.4975741350141
5581,dummy-llama-70b-m,dummy-lora-llama-70b-m-rank-128-2,492,7,557.623750788547
5582,dummy-llama-70b-m,dummy-lora-llama-70b-m-rank-32-2,655,27,557.6470957585728
5583,dummy-llama-70b-m,dummy-lora-llama-70b-m-rank-16-4,210,135,557.7964834209338
5584,dummy-llama-70b-m,dummy-lora-llama-70b-m-rank-128-2,554,20,557.8812208908779
5585,dummy-llama-70b-m,dummy-lora-llama-70b-m-rank-8-1,560,23,557.9197914580814
5586,dummy-llama-70b-m,dummy-lora-llama-70b-m-rank-8-3,613,20,557.9610671844309
5587,dummy-llama-70b-m,dummy-lora-llama-70b-m-rank-8-3,672,19,558.4547160991864
5588,dummy-llama-70b-m,dummy-lora-llama-70b-m-rank-32-2,562,26,558.5238219131347
5589,dummy-llama-70b-m,dummy-lora-llama-70b-m-rank-16-3,621,23,558.5637635646013
5590,dummy-llama-70b-m,dummy-lora-llama-70b-m-rank-32-4,657,11,558.6589253010745
5591,dummy-llama-70b-m,dummy-lora-llama-70b-m-rank-64-4,520,7,558.8894078336693
5592,dummy-llama-70b-m,dummy-lora-llama-70b-m-rank-128-0,183,58,559.1117163674511
5593,dummy-llama-70b-m,dummy-lora-llama-70b-m-rank-64-3,795,85,559.2475695498415
5594,dummy-llama-70b-m,dummy-lora-llama-70b-m-rank-32-1,1020,56,559.4026384166467
5595,dummy-llama-70b-m,dummy-lora-llama-70b-m-rank-128-3,495,44,559.46223186196
5596,dummy-llama-70b-m,dummy-lora-llama-70b-m-rank-64-0,550,18,559.6224642449747
5597,dummy-llama-70b-m,dummy-lora-llama-70b-m-rank-128-0,552,19,559.7549989686172
5598,dummy-llama-70b-m,dummy-lora-llama-70b-m-rank-32-3,554,20,559.9030427594118
5599,dummy-llama-70b-m,dummy-lora-llama-70b-m-rank-32-0,719,24,559.9193892388533
5600,dummy-llama-70b-m,dummy-lora-llama-70b-m-rank-128-1,246,71,560.1736539821225
5601,dummy-llama-70b-m,dummy-lora-llama-70b-m-rank-8-4,521,64,560.2144970017953
5602,dummy-llama-70b-m,dummy-lora-llama-70b-m-rank-32-1,562,25,560.2167723413062
5603,dummy-llama-70b-m,dummy-lora-llama-70b-m-rank-8-0,370,45,560.2582335464836
5604,dummy-llama-70b-m,dummy-lora-llama-70b-m-rank-32-2,607,16,560.3735441213438
5605,dummy-llama-70b-m,dummy-lora-llama-70b-m-rank-64-0,404,53,560.6166726274367
5606,dummy-llama-70b-m,dummy-lora-llama-70b-m-rank-32-1,599,26,560.6538588667086
5607,dummy-llama-70b-m,dummy-lora-llama-70b-m-rank-128-1,612,24,560.9516456076348
5608,dummy-llama-70b-m,dummy-lora-llama-70b-m-rank-8-4,188,52,561.0897152491766
5609,dummy-llama-70b-m,dummy-lora-llama-70b-m-rank-8-3,427,13,561.0987202680636
5610,dummy-llama-70b-m,dummy-lora-llama-70b-m-rank-8-1,337,84,561.2493925226386
5611,dummy-llama-70b-m,dummy-lora-llama-70b-m-rank-32-0,401,6,561.269251708495
5612,dummy-llama-70b-m,dummy-lora-llama-70b-m-rank-128-4,548,17,561.3921913102665
5613,dummy-llama-70b-m,dummy-lora-llama-70b-m-rank-8-0,335,70,561.4818248773487
5614,dummy-llama-70b-m,dummy-lora-llama-70b-m-rank-8-1,258,170,561.5327877290171
5615,dummy-llama-70b-m,dummy-lora-llama-70b-m-rank-16-3,640,43,561.5492255433569
5616,dummy-llama-70b-m,dummy-lora-llama-70b-m-rank-16-3,956,65,561.656370798503
5617,dummy-llama-70b-m,dummy-lora-llama-70b-m-rank-16-2,456,12,561.7360450472639
5618,dummy-llama-70b-m,dummy-lora-llama-70b-m-rank-8-2,173,108,561.9641093941042
5619,dummy-llama-70b-m,dummy-lora-llama-70b-m-rank-32-2,556,22,562.0975139661562
5620,dummy-llama-70b-m,dummy-lora-llama-70b-m-rank-32-1,560,25,562.5730352500162
5621,dummy-llama-70b-m,dummy-lora-llama-70b-m-rank-128-1,329,154,562.5813642982928
5622,dummy-llama-70b-m,dummy-lora-llama-70b-m-rank-32-1,50,65,562.7344175446106
5623,dummy-llama-70b-m,dummy-lora-llama-70b-m-rank-16-1,356,70,562.7695451449582
5624,dummy-llama-70b-m,dummy-lora-llama-70b-m-rank-64-0,423,45,562.7707488599816
5625,dummy-llama-70b-m,dummy-lora-llama-70b-m-rank-128-2,556,22,562.7885393756424
5626,dummy-llama-70b-m,dummy-lora-llama-70b-m-rank-32-2,588,38,562.8546859658877
5627,dummy-llama-70b-m,dummy-lora-llama-70b-m-rank-64-2,558,20,563.0813038142043
5628,dummy-llama-70b-m,dummy-lora-llama-70b-m-rank-64-1,580,33,563.1856268449494
5629,dummy-llama-70b-m,dummy-lora-llama-70b-m-rank-64-3,552,11,563.2658751713872
5630,dummy-llama-70b-m,dummy-lora-llama-70b-m-rank-32-1,591,22,563.3026410541797
5631,dummy-llama-70b-m,dummy-lora-llama-70b-m-rank-8-0,55,59,563.3475903122151
5632,dummy-llama-70b-m,dummy-lora-llama-70b-m-rank-64-1,543,58,563.3903508506803
5633,dummy-llama-70b-m,dummy-lora-llama-70b-m-rank-16-3,556,8,563.6878599376781
5634,dummy-llama-70b-m,dummy-lora-llama-70b-m-rank-128-1,117,43,563.8146525764975
5635,dummy-llama-70b-m,dummy-lora-llama-70b-m-rank-64-3,454,9,563.9281548326591
5636,dummy-llama-70b-m,dummy-lora-llama-70b-m-rank-16-1,280,55,564.0549332069513
5637,dummy-llama-70b-m,dummy-lora-llama-70b-m-rank-32-4,829,46,564.2435185183771
5638,dummy-llama-70b-m,dummy-lora-llama-70b-m-rank-32-0,727,109,564.3011698016354
5639,dummy-llama-70b-m,dummy-lora-llama-70b-m-rank-32-2,556,21,564.3841725680892
5640,dummy-llama-70b-m,dummy-lora-llama-70b-m-rank-16-1,292,46,564.5533367477378
5641,dummy-llama-70b-m,dummy-lora-llama-70b-m-rank-128-1,331,47,564.5982751365895
5642,dummy-llama-70b-m,dummy-lora-llama-70b-m-rank-128-3,564,28,564.6541319785637
5643,dummy-llama-70b-m,dummy-lora-llama-70b-m-rank-32-1,576,23,564.8335524002739
5644,dummy-llama-70b-m,dummy-lora-llama-70b-m-rank-64-4,834,130,564.9581557521933
5645,dummy-llama-70b-m,dummy-lora-llama-70b-m-rank-16-3,358,101,565.0848328558816
5646,dummy-llama-70b-m,dummy-lora-llama-70b-m-rank-64-4,566,26,565.2002966604532
5647,dummy-llama-70b-m,dummy-lora-llama-70b-m-rank-32-3,606,9,565.2844155195609
5648,dummy-llama-70b-m,dummy-lora-llama-70b-m-rank-64-2,305,72,565.3803385598989
5649,dummy-llama-70b-m,dummy-lora-llama-70b-m-rank-64-4,564,30,565.6438250807395
5650,dummy-llama-70b-m,dummy-lora-llama-70b-m-rank-16-3,835,10,565.6451777897838
5651,dummy-llama-70b-m,dummy-lora-llama-70b-m-rank-8-3,571,4,565.6651378173901
5652,dummy-llama-70b-m,dummy-lora-llama-70b-m-rank-64-0,469,48,565.7655028623866
5653,dummy-llama-70b-m,dummy-lora-llama-70b-m-rank-8-2,226,37,565.8892406851154
5654,dummy-llama-70b-m,dummy-lora-llama-70b-m-rank-16-3,590,11,565.9138448639127
5655,dummy-llama-70b-m,dummy-lora-llama-70b-m-rank-16-1,279,50,565.9667424744794
5656,dummy-llama-70b-m,dummy-lora-llama-70b-m-rank-128-3,236,56,566.0117052617555
5657,dummy-llama-70b-m,dummy-lora-llama-70b-m-rank-32-0,568,68,566.2835436703375
5658,dummy-llama-70b-m,dummy-lora-llama-70b-m-rank-128-2,277,44,566.2857867020115
5659,dummy-llama-70b-m,dummy-lora-llama-70b-m-rank-64-0,218,45,566.449310611137
5660,dummy-llama-70b-m,dummy-lora-llama-70b-m-rank-64-3,603,19,566.4858182371672
5661,dummy-llama-70b-m,dummy-lora-llama-70b-m-rank-128-0,597,38,566.549266786687
5662,dummy-llama-70b-m,dummy-lora-llama-70b-m-rank-32-2,579,27,566.863423610811
5663,dummy-llama-70b-m,dummy-lora-llama-70b-m-rank-16-1,903,46,566.8761242331796
5664,dummy-llama-70b-m,dummy-lora-llama-70b-m-rank-32-3,571,47,567.0648632923617
5665,dummy-llama-70b-m,dummy-lora-llama-70b-m-rank-32-0,89,54,567.1080266004845
5666,dummy-llama-70b-m,dummy-lora-llama-70b-m-rank-16-0,988,46,567.2945803895019
5667,dummy-llama-70b-m,dummy-lora-llama-70b-m-rank-32-2,143,120,567.4047759474591
5668,dummy-llama-70b-m,dummy-lora-llama-70b-m-rank-8-0,240,44,567.4083870821819
5669,dummy-llama-70b-m,dummy-lora-llama-70b-m-rank-16-2,431,9,567.5971612998734
5670,dummy-llama-70b-m,dummy-lora-llama-70b-m-rank-32-0,916,39,567.6027815419582
5671,dummy-llama-70b-m,dummy-lora-llama-70b-m-rank-128-0,557,21,567.6189455114787
5672,dummy-llama-70b-m,dummy-lora-llama-70b-m-rank-16-1,328,125,567.6796899924909
5673,dummy-llama-70b-m,dummy-lora-llama-70b-m-rank-8-3,866,10,567.8726618033492
5674,dummy-llama-70b-m,dummy-lora-llama-70b-m-rank-128-1,475,41,567.8986113829332
5675,dummy-llama-70b-m,dummy-lora-llama-70b-m-rank-32-4,550,20,567.9125226537838
5676,dummy-llama-70b-m,dummy-lora-llama-70b-m-rank-32-2,132,52,567.9221900322456
5677,dummy-llama-70b-m,dummy-lora-llama-70b-m-rank-16-2,127,43,568.1809773399499
5678,dummy-llama-70b-m,dummy-lora-llama-70b-m-rank-64-4,454,48,568.2305337322778
5679,dummy-llama-70b-m,dummy-lora-llama-70b-m-rank-8-3,299,36,568.305703928935
5680,dummy-llama-70b-m,dummy-lora-llama-70b-m-rank-8-0,548,17,568.3619375649367
5681,dummy-llama-70b-m,dummy-lora-llama-70b-m-rank-8-2,599,40,568.3935879647987
5682,dummy-llama-70b-m,dummy-lora-llama-70b-m-rank-64-0,294,45,568.413164352074
5683,dummy-llama-70b-m,dummy-lora-llama-70b-m-rank-8-3,622,85,568.4350381964241
5684,dummy-llama-70b-m,dummy-lora-llama-70b-m-rank-128-0,573,6,568.5256927450633
5685,dummy-llama-70b-m,dummy-lora-llama-70b-m-rank-64-4,294,154,568.7499275350351
5686,dummy-llama-70b-m,dummy-lora-llama-70b-m-rank-32-4,181,50,568.8074464395713
5687,dummy-llama-70b-m,dummy-lora-llama-70b-m-rank-16-1,674,11,568.9517194414022
5688,dummy-llama-70b-m,dummy-lora-llama-70b-m-rank-32-2,574,27,568.9595395990939
5689,dummy-llama-70b-m,dummy-lora-llama-70b-m-rank-8-1,662,49,568.9679443648153
5690,dummy-llama-70b-m,dummy-lora-llama-70b-m-rank-128-2,220,53,568.9679510572824
5691,dummy-llama-70b-m,dummy-lora-llama-70b-m-rank-16-3,556,23,569.0905031709057
5692,dummy-llama-70b-m,dummy-lora-llama-70b-m-rank-32-3,554,12,569.5157090290891
5693,dummy-llama-70b-m,dummy-lora-llama-70b-m-rank-128-2,441,58,569.5252199973618
5694,dummy-llama-70b-m,dummy-lora-llama-70b-m-rank-8-3,356,6,569.6109092344605
5695,dummy-llama-70b-m,dummy-lora-llama-70b-m-rank-8-0,681,9,569.7334102466629
5696,dummy-llama-70b-m,dummy-lora-llama-70b-m-rank-128-1,600,56,569.7699183409528
5697,dummy-llama-70b-m,dummy-lora-llama-70b-m-rank-16-0,56,59,569.8756905291813
5698,dummy-llama-70b-m,dummy-lora-llama-70b-m-rank-16-2,552,11,569.8954526858907
5699,dummy-llama-70b-m,dummy-lora-llama-70b-m-rank-32-1,236,46,569.9250518125459
5700,dummy-llama-70b-m,dummy-lora-llama-70b-m-rank-64-2,465,6,570.0041331806342
5701,dummy-llama-70b-m,dummy-lora-llama-70b-m-rank-32-1,118,50,570.2703114064831
5702,dummy-llama-70b-m,dummy-lora-llama-70b-m-rank-64-4,554,20,570.3170282229519
5703,dummy-llama-70b-m,dummy-lora-llama-70b-m-rank-16-1,294,46,570.3916824327182
5704,dummy-llama-70b-m,dummy-lora-llama-70b-m-rank-16-0,504,46,570.3920891496139
5705,dummy-llama-70b-m,dummy-lora-llama-70b-m-rank-32-2,574,54,570.4134511065757
5706,dummy-llama-70b-m,dummy-lora-llama-70b-m-rank-128-1,56,11,570.5251867692214
5707,dummy-llama-70b-m,dummy-lora-llama-70b-m-rank-16-3,742,79,570.6737705379237
5708,dummy-llama-70b-m,dummy-lora-llama-70b-m-rank-128-2,570,30,570.6812631408224
5709,dummy-llama-70b-m,dummy-lora-llama-70b-m-rank-8-3,438,23,570.7286698984798
5710,dummy-llama-70b-m,dummy-lora-llama-70b-m-rank-64-1,109,34,570.7317748215103
5711,dummy-llama-70b-m,dummy-lora-llama-70b-m-rank-32-2,277,51,570.7896982809983
5712,dummy-llama-70b-m,dummy-lora-llama-70b-m-rank-16-2,444,94,570.7955506037497
5713,dummy-llama-70b-m,dummy-lora-llama-70b-m-rank-64-1,550,18,570.8969305391385
5714,dummy-llama-70b-m,dummy-lora-llama-70b-m-rank-64-0,368,45,570.9913649564944
5715,dummy-llama-70b-m,dummy-lora-llama-70b-m-rank-16-1,562,6,571.0653086385647
5716,dummy-llama-70b-m,dummy-lora-llama-70b-m-rank-64-1,609,25,571.1416211415147
5717,dummy-llama-70b-m,dummy-lora-llama-70b-m-rank-32-3,283,38,571.2053802059382
5718,dummy-llama-70b-m,dummy-lora-llama-70b-m-rank-8-3,462,62,571.2201919208059
5719,dummy-llama-70b-m,dummy-lora-llama-70b-m-rank-16-0,570,27,571.2248148229883
5720,dummy-llama-70b-m,dummy-lora-llama-70b-m-rank-128-4,556,24,571.2783550705133
5721,dummy-llama-70b-m,dummy-lora-llama-70b-m-rank-64-2,609,22,571.3030352495693
5722,dummy-llama-70b-m,dummy-lora-llama-70b-m-rank-128-1,554,20,571.3623444943076
5723,dummy-llama-70b-m,dummy-lora-llama-70b-m-rank-64-1,550,10,571.3840213434241
5724,dummy-llama-70b-m,dummy-lora-llama-70b-m-rank-128-3,488,57,571.4916060427826
5725,dummy-llama-70b-m,dummy-lora-llama-70b-m-rank-8-2,530,64,571.4988533334899
5726,dummy-llama-70b-m,dummy-lora-llama-70b-m-rank-64-0,544,12,571.7481136437672
5727,dummy-llama-70b-m,dummy-lora-llama-70b-m-rank-128-2,83,48,571.9604216345847
5728,dummy-llama-70b-m,dummy-lora-llama-70b-m-rank-128-2,92,33,572.0931376532925
5729,dummy-llama-70b-m,dummy-lora-llama-70b-m-rank-32-1,541,70,572.1154430399745
5730,dummy-llama-70b-m,dummy-lora-llama-70b-m-rank-64-2,493,108,572.1886970811042
5731,dummy-llama-70b-m,dummy-lora-llama-70b-m-rank-16-3,370,51,572.25135947479
5732,dummy-llama-70b-m,dummy-lora-llama-70b-m-rank-8-3,492,89,572.3439254511668
5733,dummy-llama-70b-m,dummy-lora-llama-70b-m-rank-64-0,652,52,572.4443221677755
5734,dummy-llama-70b-m,dummy-lora-llama-70b-m-rank-32-0,609,19,572.5876444408508
5735,dummy-llama-70b-m,dummy-lora-llama-70b-m-rank-8-2,189,49,572.6665322672337
5736,dummy-llama-70b-m,dummy-lora-llama-70b-m-rank-8-0,576,34,572.6761717517695
5737,dummy-llama-70b-m,dummy-lora-llama-70b-m-rank-32-0,554,20,572.897416110977
5738,dummy-llama-70b-m,dummy-lora-llama-70b-m-rank-128-1,819,8,572.9376332079885
5739,dummy-llama-70b-m,dummy-lora-llama-70b-m-rank-16-0,424,56,573.0060531491316
5740,dummy-llama-70b-m,dummy-lora-llama-70b-m-rank-8-2,666,76,573.1302524143872
5741,dummy-llama-70b-m,dummy-lora-llama-70b-m-rank-64-1,571,23,573.3030151120851
5742,dummy-llama-70b-m,dummy-lora-llama-70b-m-rank-16-3,461,55,573.3291158269733
5743,dummy-llama-70b-m,dummy-lora-llama-70b-m-rank-8-1,244,50,573.3767260272313
5744,dummy-llama-70b-m,dummy-lora-llama-70b-m-rank-16-1,568,32,573.63833805279
5745,dummy-llama-70b-m,dummy-lora-llama-70b-m-rank-64-0,332,52,573.7309489571575
5746,dummy-llama-70b-m,dummy-lora-llama-70b-m-rank-32-1,718,51,573.7536039044472
5747,dummy-llama-70b-m,dummy-lora-llama-70b-m-rank-32-3,592,85,573.7656784659775
5748,dummy-llama-70b-m,dummy-lora-llama-70b-m-rank-8-1,84,48,573.7706584833123
5749,dummy-llama-70b-m,dummy-lora-llama-70b-m-rank-32-4,506,11,573.9281955407813
5750,dummy-llama-70b-m,dummy-lora-llama-70b-m-rank-16-1,609,25,573.9802235663562
5751,dummy-llama-70b-m,dummy-lora-llama-70b-m-rank-32-1,364,71,574.0419372416459
5752,dummy-llama-70b-m,dummy-lora-llama-70b-m-rank-8-3,325,42,574.0951840654433
5753,dummy-llama-70b-m,dummy-lora-llama-70b-m-rank-16-2,387,16,574.2777782490117
5754,dummy-llama-70b-m,dummy-lora-llama-70b-m-rank-8-1,311,42,574.2888781264068
5755,dummy-llama-70b-m,dummy-lora-llama-70b-m-rank-8-4,604,30,574.3536910172319
5756,dummy-llama-70b-m,dummy-lora-llama-70b-m-rank-16-2,607,29,574.5604973703006
5757,dummy-llama-70b-m,dummy-lora-llama-70b-m-rank-128-3,605,37,574.7770444737843
5758,dummy-llama-70b-m,dummy-lora-llama-70b-m-rank-8-4,157,51,574.9799850444293
5759,dummy-llama-70b-m,dummy-lora-llama-70b-m-rank-32-2,546,8,575.1051537803695
5760,dummy-llama-70b-m,dummy-lora-llama-70b-m-rank-8-0,192,42,575.1083695170148
5761,dummy-llama-70b-m,dummy-lora-llama-70b-m-rank-16-3,102,43,575.1389326755184
5762,dummy-llama-70b-m,dummy-lora-llama-70b-m-rank-128-4,356,51,575.2585497572577
5763,dummy-llama-70b-m,dummy-lora-llama-70b-m-rank-16-0,594,43,575.310202993082
5764,dummy-llama-70b-m,dummy-lora-llama-70b-m-rank-128-4,558,17,575.3309699779527
5765,dummy-llama-70b-m,dummy-lora-llama-70b-m-rank-32-0,861,3,575.3359383885346
5766,dummy-llama-70b-m,dummy-lora-llama-70b-m-rank-16-0,592,22,575.3486511253374
5767,dummy-llama-70b-m,dummy-lora-llama-70b-m-rank-16-0,809,41,575.4566777388317
5768,dummy-llama-70b-m,dummy-lora-llama-70b-m-rank-8-1,466,37,575.5417079908036
5769,dummy-llama-70b-m,dummy-lora-llama-70b-m-rank-16-3,554,17,575.5946804729834
5770,dummy-llama-70b-m,dummy-lora-llama-70b-m-rank-32-4,188,65,575.5955529041939
5771,dummy-llama-70b-m,dummy-lora-llama-70b-m-rank-128-4,228,116,575.7453378304441
5772,dummy-llama-70b-m,dummy-lora-llama-70b-m-rank-128-3,434,59,575.7790631124968
5773,dummy-llama-70b-m,dummy-lora-llama-70b-m-rank-128-0,58,96,575.8111977285699
5774,dummy-llama-70b-m,dummy-lora-llama-70b-m-rank-64-2,504,61,575.8414419354352
5775,dummy-llama-70b-m,dummy-lora-llama-70b-m-rank-32-1,574,30,575.8802070618215
5776,dummy-llama-70b-m,dummy-lora-llama-70b-m-rank-64-0,231,12,575.9964616662965
5777,dummy-llama-70b-m,dummy-lora-llama-70b-m-rank-64-2,752,2,576.0632663882735
5778,dummy-llama-70b-m,dummy-lora-llama-70b-m-rank-8-3,558,22,576.1418147394262
5779,dummy-llama-70b-m,dummy-lora-llama-70b-m-rank-32-3,558,24,576.1771522787761
5780,dummy-llama-70b-m,dummy-lora-llama-70b-m-rank-8-0,343,46,576.306871119059
5781,dummy-llama-70b-m,dummy-lora-llama-70b-m-rank-64-2,416,140,576.3442731018897
5782,dummy-llama-70b-m,dummy-lora-llama-70b-m-rank-8-2,417,61,576.4607354593542
5783,dummy-llama-70b-m,dummy-lora-llama-70b-m-rank-16-3,241,57,576.4650422844062
5784,dummy-llama-70b-m,dummy-lora-llama-70b-m-rank-8-4,212,32,576.5949624076572
5785,dummy-llama-70b-m,dummy-lora-llama-70b-m-rank-128-0,494,8,576.6634560719367
5786,dummy-llama-70b-m,dummy-lora-llama-70b-m-rank-128-4,618,46,576.6928069006401
5787,dummy-llama-70b-m,dummy-lora-llama-70b-m-rank-128-3,202,67,576.901578027585
5788,dummy-llama-70b-m,dummy-lora-llama-70b-m-rank-64-1,191,3,577.050812681094
5789,dummy-llama-70b-m,dummy-lora-llama-70b-m-rank-16-4,473,7,577.118607474833
5790,dummy-llama-70b-m,dummy-lora-llama-70b-m-rank-64-2,596,42,577.1368415863838
5791,dummy-llama-70b-m,dummy-lora-llama-70b-m-rank-32-4,544,171,577.3198744631853
5792,dummy-llama-70b-m,dummy-lora-llama-70b-m-rank-32-3,525,44,577.3622888544893
5793,dummy-llama-70b-m,dummy-lora-llama-70b-m-rank-8-1,345,57,577.671680856279
5794,dummy-llama-70b-m,dummy-lora-llama-70b-m-rank-64-3,877,106,577.7459037169438
5795,dummy-llama-70b-m,dummy-lora-llama-70b-m-rank-16-4,189,45,577.8476513704185
5796,dummy-llama-70b-m,dummy-lora-llama-70b-m-rank-128-3,699,92,577.9288863970663
5797,dummy-llama-70b-m,dummy-lora-llama-70b-m-rank-16-4,80,54,577.9512465753344
5798,dummy-llama-70b-m,dummy-lora-llama-70b-m-rank-16-4,633,14,578.0638693121956
5799,dummy-llama-70b-m,dummy-lora-llama-70b-m-rank-64-3,499,16,578.1348303828809
5800,dummy-llama-70b-m,dummy-lora-llama-70b-m-rank-32-3,490,102,578.2016503266921
5801,dummy-llama-70b-m,dummy-lora-llama-70b-m-rank-16-4,608,44,578.3021138846666
5802,dummy-llama-70b-m,dummy-lora-llama-70b-m-rank-64-4,429,52,578.3249796651663
5803,dummy-llama-70b-m,dummy-lora-llama-70b-m-rank-8-1,60,50,578.3371600858562
5804,dummy-llama-70b-m,dummy-lora-llama-70b-m-rank-128-2,246,96,578.3440719947048
5805,dummy-llama-70b-m,dummy-lora-llama-70b-m-rank-8-0,611,23,578.452704590066
5806,dummy-llama-70b-m,dummy-lora-llama-70b-m-rank-32-2,435,37,578.452851286693
5807,dummy-llama-70b-m,dummy-lora-llama-70b-m-rank-128-1,383,41,578.4564087316585
5808,dummy-llama-70b-m,dummy-lora-llama-70b-m-rank-8-2,169,140,578.4937838744207
5809,dummy-llama-70b-m,dummy-lora-llama-70b-m-rank-64-4,439,52,578.6391104939167
5810,dummy-llama-70b-m,dummy-lora-llama-70b-m-rank-128-1,396,61,578.6454939050043
5811,dummy-llama-70b-m,dummy-lora-llama-70b-m-rank-64-3,339,34,578.7613526795508
5812,dummy-llama-70b-m,dummy-lora-llama-70b-m-rank-16-3,555,61,578.8347012326799
5813,dummy-llama-70b-m,dummy-lora-llama-70b-m-rank-64-4,622,42,578.8410658168204
5814,dummy-llama-70b-m,dummy-lora-llama-70b-m-rank-16-2,373,98,578.9733540550177
5815,dummy-llama-70b-m,dummy-lora-llama-70b-m-rank-64-2,483,11,578.9738842201551
5816,dummy-llama-70b-m,dummy-lora-llama-70b-m-rank-128-0,259,147,579.0092184782887
5817,dummy-llama-70b-m,dummy-lora-llama-70b-m-rank-16-0,388,7,579.1044251694879
5818,dummy-llama-70b-m,dummy-lora-llama-70b-m-rank-128-1,861,103,579.1613032815495
5819,dummy-llama-70b-m,dummy-lora-llama-70b-m-rank-32-3,699,89,579.2674354369626
5820,dummy-llama-70b-m,dummy-lora-llama-70b-m-rank-8-0,182,48,579.316532147357
5821,dummy-llama-70b-m,dummy-lora-llama-70b-m-rank-16-2,376,165,579.3303763006976
5822,dummy-llama-70b-m,dummy-lora-llama-70b-m-rank-32-4,601,13,579.3433916293498
5823,dummy-llama-70b-m,dummy-lora-llama-70b-m-rank-16-1,560,26,579.4049119971178
5824,dummy-llama-70b-m,dummy-lora-llama-70b-m-rank-128-4,550,18,579.4781050914455
5825,dummy-llama-70b-m,dummy-lora-llama-70b-m-rank-8-0,515,7,579.4849208365908
5826,dummy-llama-70b-m,dummy-lora-llama-70b-m-rank-32-4,134,48,579.6087830562826
5827,dummy-llama-70b-m,dummy-lora-llama-70b-m-rank-64-3,339,43,579.6105564000217
5828,dummy-llama-70b-m,dummy-lora-llama-70b-m-rank-128-4,564,27,579.6640258463443
5829,dummy-llama-70b-m,dummy-lora-llama-70b-m-rank-64-3,245,115,579.7126334776093
5830,dummy-llama-70b-m,dummy-lora-llama-70b-m-rank-16-4,328,45,579.7572366252682
5831,dummy-llama-70b-m,dummy-lora-llama-70b-m-rank-8-1,495,8,579.8128510167113
5832,dummy-llama-70b-m,dummy-lora-llama-70b-m-rank-16-1,700,9,579.8648293929758
5833,dummy-llama-70b-m,dummy-lora-llama-70b-m-rank-64-2,286,100,580.0593652711935
5834,dummy-llama-70b-m,dummy-lora-llama-70b-m-rank-32-2,394,54,580.1795561513331
5835,dummy-llama-70b-m,dummy-lora-llama-70b-m-rank-32-4,859,61,580.4107928549838
5836,dummy-llama-70b-m,dummy-lora-llama-70b-m-rank-64-0,556,24,580.5038185479351
5837,dummy-llama-70b-m,dummy-lora-llama-70b-m-rank-64-4,397,51,580.7338913892712
5838,dummy-llama-70b-m,dummy-lora-llama-70b-m-rank-16-1,970,80,580.737790055001
5839,dummy-llama-70b-m,dummy-lora-llama-70b-m-rank-8-4,820,93,580.7995252312767
5840,dummy-llama-70b-m,dummy-lora-llama-70b-m-rank-32-2,564,27,580.8094120479923
5841,dummy-llama-70b-m,dummy-lora-llama-70b-m-rank-64-4,503,49,580.9389699806626
5842,dummy-llama-70b-m,dummy-lora-llama-70b-m-rank-128-2,411,46,581.0207580962904
5843,dummy-llama-70b-m,dummy-lora-llama-70b-m-rank-16-1,579,3,581.0224842519452
5844,dummy-llama-70b-m,dummy-lora-llama-70b-m-rank-128-0,546,16,581.2503061778083
5845,dummy-llama-70b-m,dummy-lora-llama-70b-m-rank-16-0,319,69,581.2628783901359
5846,dummy-llama-70b-m,dummy-lora-llama-70b-m-rank-128-2,251,46,581.2978163859797
5847,dummy-llama-70b-m,dummy-lora-llama-70b-m-rank-128-1,556,21,581.6630701867596
5848,dummy-llama-70b-m,dummy-lora-llama-70b-m-rank-8-0,587,9,581.8056494365405
5849,dummy-llama-70b-m,dummy-lora-llama-70b-m-rank-8-4,359,48,581.8800714741991
5850,dummy-llama-70b-m,dummy-lora-llama-70b-m-rank-16-4,271,6,581.9887405018693
5851,dummy-llama-70b-m,dummy-lora-llama-70b-m-rank-128-2,404,47,582.0474245957084
5852,dummy-llama-70b-m,dummy-lora-llama-70b-m-rank-32-1,552,11,582.0637575259811
5853,dummy-llama-70b-m,dummy-lora-llama-70b-m-rank-8-1,624,53,582.1142811108833
5854,dummy-llama-70b-m,dummy-lora-llama-70b-m-rank-64-0,650,68,582.2603354015557
5855,dummy-llama-70b-m,dummy-lora-llama-70b-m-rank-128-2,417,47,582.2935516055876
5856,dummy-llama-70b-m,dummy-lora-llama-70b-m-rank-8-4,119,53,582.3564267298323
5857,dummy-llama-70b-m,dummy-lora-llama-70b-m-rank-64-2,675,10,582.5325624860174
5858,dummy-llama-70b-m,dummy-lora-llama-70b-m-rank-128-4,235,133,582.5737987368333
5859,dummy-llama-70b-m,dummy-lora-llama-70b-m-rank-128-0,548,17,582.5953175280252
5860,dummy-llama-70b-m,dummy-lora-llama-70b-m-rank-128-4,548,17,582.5974005639166
5861,dummy-llama-70b-m,dummy-lora-llama-70b-m-rank-8-2,302,47,583.0705840127711
5862,dummy-llama-70b-m,dummy-lora-llama-70b-m-rank-8-0,568,30,583.2033969431404
5863,dummy-llama-70b-m,dummy-lora-llama-70b-m-rank-64-3,262,47,583.2252239950309
5864,dummy-llama-70b-m,dummy-lora-llama-70b-m-rank-32-3,548,17,583.294153300203
5865,dummy-llama-70b-m,dummy-lora-llama-70b-m-rank-32-0,249,40,583.345303664415
5866,dummy-llama-70b-m,dummy-lora-llama-70b-m-rank-32-0,954,25,583.3611395408826
5867,dummy-llama-70b-m,dummy-lora-llama-70b-m-rank-32-0,130,47,583.4926157395083
5868,dummy-llama-70b-m,dummy-lora-llama-70b-m-rank-64-3,241,48,583.5990416121491
5869,dummy-llama-70b-m,dummy-lora-llama-70b-m-rank-16-1,550,10,583.7578048537449
5870,dummy-llama-70b-m,dummy-lora-llama-70b-m-rank-8-1,226,33,583.8057235466619
5871,dummy-llama-70b-m,dummy-lora-llama-70b-m-rank-8-2,566,54,583.8667743509377
5872,dummy-llama-70b-m,dummy-lora-llama-70b-m-rank-16-2,605,20,583.9086285406337
5873,dummy-llama-70b-m,dummy-lora-llama-70b-m-rank-32-2,399,6,583.9786352347409
5874,dummy-llama-70b-m,dummy-lora-llama-70b-m-rank-64-1,61,4,584.1169359565022
5875,dummy-llama-70b-m,dummy-lora-llama-70b-m-rank-16-0,788,81,584.1645956681488
5876,dummy-llama-70b-m,dummy-lora-llama-70b-m-rank-32-0,615,25,584.3378156773337
5877,dummy-llama-70b-m,dummy-lora-llama-70b-m-rank-16-0,665,108,584.342386467586
5878,dummy-llama-70b-m,dummy-lora-llama-70b-m-rank-8-2,609,55,584.6127516381772
5879,dummy-llama-70b-m,dummy-lora-llama-70b-m-rank-128-4,84,56,584.7995639064209
5880,dummy-llama-70b-m,dummy-lora-llama-70b-m-rank-32-2,299,89,584.8378780692788
5881,dummy-llama-70b-m,dummy-lora-llama-70b-m-rank-128-4,567,27,584.866164951891
5882,dummy-llama-70b-m,dummy-lora-llama-70b-m-rank-16-2,884,35,584.8744964774461
5883,dummy-llama-70b-m,dummy-lora-llama-70b-m-rank-16-4,804,42,584.8962758376006
5884,dummy-llama-70b-m,dummy-lora-llama-70b-m-rank-64-2,501,40,585.0890160850664
5885,dummy-llama-70b-m,dummy-lora-llama-70b-m-rank-8-4,555,96,585.1600066558908
5886,dummy-llama-70b-m,dummy-lora-llama-70b-m-rank-32-2,597,11,585.2562732614233
5887,dummy-llama-70b-m,dummy-lora-llama-70b-m-rank-32-3,192,49,585.3249495289232
5888,dummy-llama-70b-m,dummy-lora-llama-70b-m-rank-8-1,560,17,585.3594908024811
5889,dummy-llama-70b-m,dummy-lora-llama-70b-m-rank-128-1,239,120,585.4448332352479
5890,dummy-llama-70b-m,dummy-lora-llama-70b-m-rank-128-1,409,108,585.4713053340778
5891,dummy-llama-70b-m,dummy-lora-llama-70b-m-rank-64-0,299,15,585.6344075782238
5892,dummy-llama-70b-m,dummy-lora-llama-70b-m-rank-128-1,688,23,585.6905456252257
5893,dummy-llama-70b-m,dummy-lora-llama-70b-m-rank-16-0,495,52,585.7413378051519
5894,dummy-llama-70b-m,dummy-lora-llama-70b-m-rank-128-3,609,24,586.1366198035913
5895,dummy-llama-70b-m,dummy-lora-llama-70b-m-rank-16-1,285,8,586.148730907944
5896,dummy-llama-70b-m,dummy-lora-llama-70b-m-rank-32-1,603,10,586.5293769433317
5897,dummy-llama-70b-m,dummy-lora-llama-70b-m-rank-8-2,570,31,586.5477322763597
5898,dummy-llama-70b-m,dummy-lora-llama-70b-m-rank-8-2,221,56,586.6428156567936
5899,dummy-llama-70b-m,dummy-lora-llama-70b-m-rank-8-1,558,22,586.6770912254507
5900,dummy-llama-70b-m,dummy-lora-llama-70b-m-rank-32-3,570,10,586.8703071962135
5901,dummy-llama-70b-m,dummy-lora-llama-70b-m-rank-32-2,400,6,586.9239617146181
5902,dummy-llama-70b-m,dummy-lora-llama-70b-m-rank-16-0,677,20,586.9355247783508
5903,dummy-llama-70b-m,dummy-lora-llama-70b-m-rank-8-1,1021,17,586.9402676598347
5904,dummy-llama-70b-m,dummy-lora-llama-70b-m-rank-8-4,109,47,587.1959052349057
5905,dummy-llama-70b-m,dummy-lora-llama-70b-m-rank-8-1,403,51,587.2208646433804
5906,dummy-llama-70b-m,dummy-lora-llama-70b-m-rank-128-1,632,17,587.2231813776447
5907,dummy-llama-70b-m,dummy-lora-llama-70b-m-rank-8-1,581,57,587.3192640853605
5908,dummy-llama-70b-m,dummy-lora-llama-70b-m-rank-64-1,609,17,587.3461085016249
5909,dummy-llama-70b-m,dummy-lora-llama-70b-m-rank-128-1,521,70,587.3630638548768
5910,dummy-llama-70b-m,dummy-lora-llama-70b-m-rank-32-2,586,19,587.4476821263312
5911,dummy-llama-70b-m,dummy-lora-llama-70b-m-rank-8-3,501,13,587.4551145476338
5912,dummy-llama-70b-m,dummy-lora-llama-70b-m-rank-64-2,558,22,587.6934334569597
5913,dummy-llama-70b-m,dummy-lora-llama-70b-m-rank-128-2,611,10,587.7244456760886
5914,dummy-llama-70b-m,dummy-lora-llama-70b-m-rank-128-0,252,54,587.8128361256039
5915,dummy-llama-70b-m,dummy-lora-llama-70b-m-rank-8-0,101,70,587.8861011004898
5916,dummy-llama-70b-m,dummy-lora-llama-70b-m-rank-64-3,697,41,588.222752888265
5917,dummy-llama-70b-m,dummy-lora-llama-70b-m-rank-32-2,591,11,588.5148806893924
5918,dummy-llama-70b-m,dummy-lora-llama-70b-m-rank-8-0,664,70,588.5782600356141
5919,dummy-llama-70b-m,dummy-lora-llama-70b-m-rank-32-2,305,46,588.608241217236
5920,dummy-llama-70b-m,dummy-lora-llama-70b-m-rank-64-1,645,21,588.6138854201439
5921,dummy-llama-70b-m,dummy-lora-llama-70b-m-rank-8-0,480,52,588.8491883871397
5922,dummy-llama-70b-m,dummy-lora-llama-70b-m-rank-16-4,661,80,588.8605654363178
5923,dummy-llama-70b-m,dummy-lora-llama-70b-m-rank-128-4,143,45,588.9095660820268
5924,dummy-llama-70b-m,dummy-lora-llama-70b-m-rank-64-0,560,26,588.9751216097969
5925,dummy-llama-70b-m,dummy-lora-llama-70b-m-rank-64-2,100,41,588.9879522736815
5926,dummy-llama-70b-m,dummy-lora-llama-70b-m-rank-16-1,958,38,589.120607137086
5927,dummy-llama-70b-m,dummy-lora-llama-70b-m-rank-32-4,558,22,589.2668780857688
5928,dummy-llama-70b-m,dummy-lora-llama-70b-m-rank-64-1,566,3,589.3192176174563
5929,dummy-llama-70b-m,dummy-lora-llama-70b-m-rank-16-2,391,66,589.4576277480445
5930,dummy-llama-70b-m,dummy-lora-llama-70b-m-rank-64-1,176,66,589.5559369877726
5931,dummy-llama-70b-m,dummy-lora-llama-70b-m-rank-8-4,346,52,589.6559139588487
5932,dummy-llama-70b-m,dummy-lora-llama-70b-m-rank-128-4,611,62,589.9782714722717
5933,dummy-llama-70b-m,dummy-lora-llama-70b-m-rank-32-0,356,154,590.0358044568873
5934,dummy-llama-70b-m,dummy-lora-llama-70b-m-rank-64-0,437,52,590.2934799294449
5935,dummy-llama-70b-m,dummy-lora-llama-70b-m-rank-128-4,376,32,590.3344199216898
5936,dummy-llama-70b-m,dummy-lora-llama-70b-m-rank-64-4,810,9,590.4150536079659
5937,dummy-llama-70b-m,dummy-lora-llama-70b-m-rank-16-2,556,8,590.4710107436742
5938,dummy-llama-70b-m,dummy-lora-llama-70b-m-rank-64-0,832,11,590.5465506208806
5939,dummy-llama-70b-m,dummy-lora-llama-70b-m-rank-64-4,722,7,590.6367776850532
5940,dummy-llama-70b-m,dummy-lora-llama-70b-m-rank-8-4,554,12,590.7185694721657
5941,dummy-llama-70b-m,dummy-lora-llama-70b-m-rank-32-2,558,25,590.8760931597395
5942,dummy-llama-70b-m,dummy-lora-llama-70b-m-rank-8-0,1024,3,590.9136965906754
5943,dummy-llama-70b-m,dummy-lora-llama-70b-m-rank-16-1,259,150,590.9207615116677
5944,dummy-llama-70b-m,dummy-lora-llama-70b-m-rank-64-0,364,50,590.9588964071635
5945,dummy-llama-70b-m,dummy-lora-llama-70b-m-rank-8-1,554,2,590.9616525068561
5946,dummy-llama-70b-m,dummy-lora-llama-70b-m-rank-8-2,506,16,590.962125988976
5947,dummy-llama-70b-m,dummy-lora-llama-70b-m-rank-8-1,362,9,591.0329990958875
5948,dummy-llama-70b-m,dummy-lora-llama-70b-m-rank-64-3,738,58,591.3103837065817
5949,dummy-llama-70b-m,dummy-lora-llama-70b-m-rank-8-3,259,53,591.6325901401636
5950,dummy-llama-70b-m,dummy-lora-llama-70b-m-rank-32-4,326,43,591.7074064792369
5951,dummy-llama-70b-m,dummy-lora-llama-70b-m-rank-32-4,552,21,591.7466968871568
5952,dummy-llama-70b-m,dummy-lora-llama-70b-m-rank-64-3,359,50,591.8038977583543
5953,dummy-llama-70b-m,dummy-lora-llama-70b-m-rank-8-3,566,26,591.9395700203617
5954,dummy-llama-70b-m,dummy-lora-llama-70b-m-rank-128-1,247,31,592.0779336967624
5955,dummy-llama-70b-m,dummy-lora-llama-70b-m-rank-128-1,398,51,592.2112681890502
5956,dummy-llama-70b-m,dummy-lora-llama-70b-m-rank-64-0,325,9,592.2735191151276
5957,dummy-llama-70b-m,dummy-lora-llama-70b-m-rank-64-3,184,44,592.3253766860786
5958,dummy-llama-70b-m,dummy-lora-llama-70b-m-rank-128-0,651,11,592.4250688438798
5959,dummy-llama-70b-m,dummy-lora-llama-70b-m-rank-8-3,399,11,592.4321252522968
5960,dummy-llama-70b-m,dummy-lora-llama-70b-m-rank-64-2,178,11,592.4368726772259
5961,dummy-llama-70b-m,dummy-lora-llama-70b-m-rank-64-1,330,13,592.4430736461926
5962,dummy-llama-70b-m,dummy-lora-llama-70b-m-rank-32-0,554,12,592.766072194363
5963,dummy-llama-70b-m,dummy-lora-llama-70b-m-rank-32-2,552,19,592.8947509325113
5964,dummy-llama-70b-m,dummy-lora-llama-70b-m-rank-32-4,363,44,593.0481662848819
5965,dummy-llama-70b-m,dummy-lora-llama-70b-m-rank-64-1,290,41,593.1789841578476
5966,dummy-llama-70b-m,dummy-lora-llama-70b-m-rank-32-4,605,13,593.2349092470079
5967,dummy-llama-70b-m,dummy-lora-llama-70b-m-rank-16-4,611,97,593.3884884872083
5968,dummy-llama-70b-m,dummy-lora-llama-70b-m-rank-16-0,840,53,593.4638360756736
5969,dummy-llama-70b-m,dummy-lora-llama-70b-m-rank-128-2,908,3,593.4984312296851
5970,dummy-llama-70b-m,dummy-lora-llama-70b-m-rank-64-0,303,45,593.6380648960818
5971,dummy-llama-70b-m,dummy-lora-llama-70b-m-rank-16-2,558,19,593.6532671176103
5972,dummy-llama-70b-m,dummy-lora-llama-70b-m-rank-16-2,417,41,593.7478855122336
5973,dummy-llama-70b-m,dummy-lora-llama-70b-m-rank-16-0,306,47,593.8702526839071
5974,dummy-llama-70b-m,dummy-lora-llama-70b-m-rank-16-1,336,6,593.9246561852646
5975,dummy-llama-70b-m,dummy-lora-llama-70b-m-rank-64-4,995,40,594.3557238929659
5976,dummy-llama-70b-m,dummy-lora-llama-70b-m-rank-128-0,435,42,594.5305179261177
5977,dummy-llama-70b-m,dummy-lora-llama-70b-m-rank-64-1,550,10,594.5854840571901
5978,dummy-llama-70b-m,dummy-lora-llama-70b-m-rank-128-1,640,60,594.8853280614944
5979,dummy-llama-70b-m,dummy-lora-llama-70b-m-rank-8-3,288,112,594.938156231331
5980,dummy-llama-70b-m,dummy-lora-llama-70b-m-rank-8-2,550,18,594.9530916085644
5981,dummy-llama-70b-m,dummy-lora-llama-70b-m-rank-16-4,201,31,594.9618280377163
5982,dummy-llama-70b-m,dummy-lora-llama-70b-m-rank-8-0,601,18,595.0834384102468
5983,dummy-llama-70b-m,dummy-lora-llama-70b-m-rank-64-0,282,12,595.1150914165613
5984,dummy-llama-70b-m,dummy-lora-llama-70b-m-rank-32-0,284,127,595.1915534281204
5985,dummy-llama-70b-m,dummy-lora-llama-70b-m-rank-8-1,564,25,595.2085303579304
5986,dummy-llama-70b-m,dummy-lora-llama-70b-m-rank-64-3,618,63,595.2157004620678
5987,dummy-llama-70b-m,dummy-lora-llama-70b-m-rank-128-2,311,11,595.2663241445908
5988,dummy-llama-70b-m,dummy-lora-llama-70b-m-rank-32-0,560,15,595.3073633513022
5989,dummy-llama-70b-m,dummy-lora-llama-70b-m-rank-16-0,342,33,595.35380957242
5990,dummy-llama-70b-m,dummy-lora-llama-70b-m-rank-128-0,244,51,595.5775683100604
5991,dummy-llama-70b-m,dummy-lora-llama-70b-m-rank-16-3,259,5,595.6464753678149
5992,dummy-llama-70b-m,dummy-lora-llama-70b-m-rank-128-2,111,53,595.6935700354203
5993,dummy-llama-70b-m,dummy-lora-llama-70b-m-rank-128-3,592,19,595.766700371228
5994,dummy-llama-70b-m,dummy-lora-llama-70b-m-rank-32-3,578,31,596.2491514341017
5995,dummy-llama-70b-m,dummy-lora-llama-70b-m-rank-32-0,646,44,596.3192514725598
5996,dummy-llama-70b-m,dummy-lora-llama-70b-m-rank-64-4,904,32,596.726125535383
5997,dummy-llama-70b-m,dummy-lora-llama-70b-m-rank-8-3,724,211,596.8154151926111
5998,dummy-llama-70b-m,dummy-lora-llama-70b-m-rank-64-4,749,52,596.8600231907586
5999,dummy-llama-70b-m,dummy-lora-llama-70b-m-rank-8-3,295,9,596.9010657493619
