req_id,model_dir,adapter_dir,prompt_len,output_len,req_time
0,huggyllama/llama-7b,dummy-lora-7b-rank-8-3,566,28,0.002396165766431757
1,huggyllama/llama-7b,dummy-lora-7b-rank-128-3,615,26,0.0338825076780791
2,huggyllama/llama-7b,dummy-lora-7b-rank-32-3,857,85,0.08716455403005186
3,huggyllama/llama-7b,dummy-lora-7b-rank-8-3,514,47,0.09371184879516536
4,huggyllama/llama-7b,dummy-lora-7b-rank-128-2,570,31,0.23603799898961175
5,huggyllama/llama-7b,dummy-lora-7b-rank-8-4,371,154,0.3625272957439998
6,huggyllama/llama-7b,dummy-lora-7b-rank-128-4,609,25,0.3913418409364955
7,huggyllama/llama-7b,dummy-lora-7b-rank-16-3,484,66,0.42694640609664414
8,huggyllama/llama-7b,dummy-lora-7b-rank-128-4,643,8,0.46417832015252336
9,huggyllama/llama-7b,dummy-lora-7b-rank-32-4,568,10,0.5214101657594612
10,huggyllama/llama-7b,dummy-lora-7b-rank-128-0,391,6,0.6027424447175529
11,huggyllama/llama-7b,dummy-lora-7b-rank-128-2,552,19,0.6419821342021268
12,huggyllama/llama-7b,dummy-lora-7b-rank-32-4,554,20,0.6804396277287592
13,huggyllama/llama-7b,dummy-lora-7b-rank-128-1,203,50,0.7282179422985995
14,huggyllama/llama-7b,dummy-lora-7b-rank-64-4,601,18,0.7380537554435409
15,huggyllama/llama-7b,dummy-lora-7b-rank-64-1,419,7,0.7470629392609724
16,huggyllama/llama-7b,dummy-lora-7b-rank-128-1,576,8,0.7487220265358863
17,huggyllama/llama-7b,dummy-lora-7b-rank-32-2,556,21,0.7953620253952511
18,huggyllama/llama-7b,dummy-lora-7b-rank-128-2,257,51,0.8143622121128482
19,huggyllama/llama-7b,dummy-lora-7b-rank-64-0,198,48,0.8166360062376143
20,huggyllama/llama-7b,dummy-lora-7b-rank-64-2,337,54,0.8676782834540699
21,huggyllama/llama-7b,dummy-lora-7b-rank-64-0,450,156,0.9327644267442001
22,huggyllama/llama-7b,dummy-lora-7b-rank-8-0,929,18,0.9506034708965232
23,huggyllama/llama-7b,dummy-lora-7b-rank-128-4,223,36,0.9892937448762307
24,huggyllama/llama-7b,dummy-lora-7b-rank-8-3,601,17,1.0017615253916836
25,huggyllama/llama-7b,dummy-lora-7b-rank-128-2,445,9,1.026583189954518
26,huggyllama/llama-7b,dummy-lora-7b-rank-8-2,423,238,1.030663230978303
27,huggyllama/llama-7b,dummy-lora-7b-rank-128-0,657,49,1.0871940695957154
28,huggyllama/llama-7b,dummy-lora-7b-rank-8-2,303,42,1.110095836739579
29,huggyllama/llama-7b,dummy-lora-7b-rank-128-1,564,25,1.1275377079613906
30,huggyllama/llama-7b,dummy-lora-7b-rank-64-0,630,60,1.1339402200141673
31,huggyllama/llama-7b,dummy-lora-7b-rank-16-2,562,26,1.157872479828683
32,huggyllama/llama-7b,dummy-lora-7b-rank-32-1,548,17,1.1896698036993676
33,huggyllama/llama-7b,dummy-lora-7b-rank-128-2,176,6,1.209046270235163
34,huggyllama/llama-7b,dummy-lora-7b-rank-128-0,611,21,1.2817193373861422
35,huggyllama/llama-7b,dummy-lora-7b-rank-8-0,658,52,1.2964046033635603
36,huggyllama/llama-7b,dummy-lora-7b-rank-128-1,554,22,1.3068580299629735
37,huggyllama/llama-7b,dummy-lora-7b-rank-8-3,212,44,1.3073546618636234
38,huggyllama/llama-7b,dummy-lora-7b-rank-128-3,719,50,1.473306835742777
39,huggyllama/llama-7b,dummy-lora-7b-rank-128-1,582,37,1.6299401858241187
40,huggyllama/llama-7b,dummy-lora-7b-rank-128-4,473,5,1.6831614345185726
41,huggyllama/llama-7b,dummy-lora-7b-rank-16-3,601,50,1.7577120772874437
42,huggyllama/llama-7b,dummy-lora-7b-rank-128-2,743,146,1.7689309660614985
43,huggyllama/llama-7b,dummy-lora-7b-rank-128-4,550,10,1.850326706713965
44,huggyllama/llama-7b,dummy-lora-7b-rank-64-0,539,5,1.8525652785524531
45,huggyllama/llama-7b,dummy-lora-7b-rank-16-0,309,3,1.8940408779899536
46,huggyllama/llama-7b,dummy-lora-7b-rank-128-1,558,22,1.9086915133693325
47,huggyllama/llama-7b,dummy-lora-7b-rank-128-3,404,53,1.9659454775292058
48,huggyllama/llama-7b,dummy-lora-7b-rank-128-0,252,10,4.003062115554267
49,huggyllama/llama-7b,dummy-lora-7b-rank-8-0,256,115,4.067344461648412
50,huggyllama/llama-7b,dummy-lora-7b-rank-128-4,623,91,4.070260035279137
51,huggyllama/llama-7b,dummy-lora-7b-rank-8-3,520,9,4.084551083506919
52,huggyllama/llama-7b,dummy-lora-7b-rank-128-4,570,28,4.0940833426027385
53,huggyllama/llama-7b,dummy-lora-7b-rank-128-0,220,52,4.299991308762028
54,huggyllama/llama-7b,dummy-lora-7b-rank-16-4,548,18,4.324876755543949
55,huggyllama/llama-7b,dummy-lora-7b-rank-128-1,580,8,4.328015864025594
56,huggyllama/llama-7b,dummy-lora-7b-rank-128-1,836,87,4.330388679469088
57,huggyllama/llama-7b,dummy-lora-7b-rank-128-3,550,18,4.444545009518132
58,huggyllama/llama-7b,dummy-lora-7b-rank-32-3,560,24,4.613698399299661
59,huggyllama/llama-7b,dummy-lora-7b-rank-128-1,562,39,4.6213734389606405
60,huggyllama/llama-7b,dummy-lora-7b-rank-128-4,560,24,4.647416536978966
61,huggyllama/llama-7b,dummy-lora-7b-rank-16-0,641,78,4.762304700892544
62,huggyllama/llama-7b,dummy-lora-7b-rank-128-2,229,46,4.781581278023792
63,huggyllama/llama-7b,dummy-lora-7b-rank-64-0,199,32,4.858554541270864
64,huggyllama/llama-7b,dummy-lora-7b-rank-128-3,592,28,4.8944140417838575
65,huggyllama/llama-7b,dummy-lora-7b-rank-128-3,460,6,4.900702538603337
66,huggyllama/llama-7b,dummy-lora-7b-rank-16-0,640,22,4.905669677208628
67,huggyllama/llama-7b,dummy-lora-7b-rank-16-2,552,19,4.992111639604122
68,huggyllama/llama-7b,dummy-lora-7b-rank-128-0,388,55,5.0290609981231205
69,huggyllama/llama-7b,dummy-lora-7b-rank-128-2,300,6,5.068645496855388
70,huggyllama/llama-7b,dummy-lora-7b-rank-128-4,536,56,5.129722133170664
71,huggyllama/llama-7b,dummy-lora-7b-rank-128-1,749,23,5.153204892916799
72,huggyllama/llama-7b,dummy-lora-7b-rank-128-3,597,8,5.156920586198444
73,huggyllama/llama-7b,dummy-lora-7b-rank-128-0,201,43,5.2300057143422025
74,huggyllama/llama-7b,dummy-lora-7b-rank-16-2,562,11,5.299285911493069
75,huggyllama/llama-7b,dummy-lora-7b-rank-128-1,509,5,5.301737854908767
76,huggyllama/llama-7b,dummy-lora-7b-rank-128-4,54,45,5.368735391228236
77,huggyllama/llama-7b,dummy-lora-7b-rank-8-1,610,76,5.3896153716327975
78,huggyllama/llama-7b,dummy-lora-7b-rank-128-4,910,17,5.400852049696877
79,huggyllama/llama-7b,dummy-lora-7b-rank-128-0,890,8,5.423271297207295
80,huggyllama/llama-7b,dummy-lora-7b-rank-128-1,410,56,5.430228216851603
81,huggyllama/llama-7b,dummy-lora-7b-rank-8-2,428,51,5.465009638608701
82,huggyllama/llama-7b,dummy-lora-7b-rank-16-4,316,40,5.469374936040533
83,huggyllama/llama-7b,dummy-lora-7b-rank-32-3,564,21,5.476037924576226
84,huggyllama/llama-7b,dummy-lora-7b-rank-128-4,398,12,5.517991603687737
85,huggyllama/llama-7b,dummy-lora-7b-rank-32-4,578,33,5.559517262273937
86,huggyllama/llama-7b,dummy-lora-7b-rank-128-2,973,48,5.573560662315602
87,huggyllama/llama-7b,dummy-lora-7b-rank-64-0,554,20,5.620883258234098
88,huggyllama/llama-7b,dummy-lora-7b-rank-32-3,550,18,5.648274435718919
89,huggyllama/llama-7b,dummy-lora-7b-rank-16-4,339,19,5.7836969477717
90,huggyllama/llama-7b,dummy-lora-7b-rank-128-0,235,44,5.785820119563368
91,huggyllama/llama-7b,dummy-lora-7b-rank-128-2,556,22,5.874013178412754
92,huggyllama/llama-7b,dummy-lora-7b-rank-64-2,608,34,5.889166965471438
93,huggyllama/llama-7b,dummy-lora-7b-rank-128-1,548,17,5.9450698799149455
94,huggyllama/llama-7b,dummy-lora-7b-rank-128-4,165,109,5.948412808371971
95,huggyllama/llama-7b,dummy-lora-7b-rank-16-1,701,101,5.972608217669515
96,huggyllama/llama-7b,dummy-lora-7b-rank-16-1,664,12,8.007642829039911
97,huggyllama/llama-7b,dummy-lora-7b-rank-64-4,598,22,8.108377994954086
98,huggyllama/llama-7b,dummy-lora-7b-rank-64-4,289,40,8.112584917422863
99,huggyllama/llama-7b,dummy-lora-7b-rank-64-2,630,31,8.21424915424189
100,huggyllama/llama-7b,dummy-lora-7b-rank-128-2,596,9,8.247477012502808
101,huggyllama/llama-7b,dummy-lora-7b-rank-128-2,449,57,8.266215012770093
102,huggyllama/llama-7b,dummy-lora-7b-rank-128-2,567,70,8.297856598549568
103,huggyllama/llama-7b,dummy-lora-7b-rank-16-3,562,21,8.359879369485705
104,huggyllama/llama-7b,dummy-lora-7b-rank-128-0,567,22,8.429398536580694
105,huggyllama/llama-7b,dummy-lora-7b-rank-64-3,354,38,8.487145507182658
106,huggyllama/llama-7b,dummy-lora-7b-rank-128-3,457,14,8.517405048124022
107,huggyllama/llama-7b,dummy-lora-7b-rank-32-4,574,31,8.54276529626729
108,huggyllama/llama-7b,dummy-lora-7b-rank-128-1,926,3,8.543977584675641
109,huggyllama/llama-7b,dummy-lora-7b-rank-128-3,611,58,8.600531623842574
110,huggyllama/llama-7b,dummy-lora-7b-rank-64-0,323,91,8.640598620535018
111,huggyllama/llama-7b,dummy-lora-7b-rank-64-0,562,27,8.705444320482377
112,huggyllama/llama-7b,dummy-lora-7b-rank-16-3,542,6,8.752398097181503
113,huggyllama/llama-7b,dummy-lora-7b-rank-16-1,178,133,8.795793084953452
114,huggyllama/llama-7b,dummy-lora-7b-rank-128-4,103,55,8.842399395668425
115,huggyllama/llama-7b,dummy-lora-7b-rank-8-2,632,9,8.854986361695762
116,huggyllama/llama-7b,dummy-lora-7b-rank-128-2,317,67,8.879288255535853
117,huggyllama/llama-7b,dummy-lora-7b-rank-8-1,706,12,8.905737125166155
118,huggyllama/llama-7b,dummy-lora-7b-rank-128-1,615,22,9.049560459405562
119,huggyllama/llama-7b,dummy-lora-7b-rank-128-1,945,52,9.072610179257804
120,huggyllama/llama-7b,dummy-lora-7b-rank-128-3,756,51,9.074319599359852
121,huggyllama/llama-7b,dummy-lora-7b-rank-16-1,193,33,9.18922833500764
122,huggyllama/llama-7b,dummy-lora-7b-rank-64-2,550,18,9.228823677018166
123,huggyllama/llama-7b,dummy-lora-7b-rank-8-4,890,69,9.269068715308041
124,huggyllama/llama-7b,dummy-lora-7b-rank-128-0,917,16,9.310730152281867
125,huggyllama/llama-7b,dummy-lora-7b-rank-64-3,599,17,9.327359912760299
126,huggyllama/llama-7b,dummy-lora-7b-rank-128-3,643,10,9.328829463283043
127,huggyllama/llama-7b,dummy-lora-7b-rank-128-2,640,48,9.345131760130359
128,huggyllama/llama-7b,dummy-lora-7b-rank-64-3,681,76,9.374041438293197
129,huggyllama/llama-7b,dummy-lora-7b-rank-64-2,763,65,9.498583377535669
130,huggyllama/llama-7b,dummy-lora-7b-rank-128-4,562,10,9.521020072303193
131,huggyllama/llama-7b,dummy-lora-7b-rank-128-3,446,52,9.526780565843861
132,huggyllama/llama-7b,dummy-lora-7b-rank-32-2,592,76,9.569916842794683
133,huggyllama/llama-7b,dummy-lora-7b-rank-32-2,252,46,9.571316515763119
134,huggyllama/llama-7b,dummy-lora-7b-rank-128-4,806,40,9.601651261500116
135,huggyllama/llama-7b,dummy-lora-7b-rank-128-2,558,23,9.634633592089138
136,huggyllama/llama-7b,dummy-lora-7b-rank-8-0,362,52,9.636400518788905
137,huggyllama/llama-7b,dummy-lora-7b-rank-128-4,434,6,9.674178955882645
138,huggyllama/llama-7b,dummy-lora-7b-rank-8-3,831,32,9.74527066320629
139,huggyllama/llama-7b,dummy-lora-7b-rank-128-0,357,18,9.758707565076618
140,huggyllama/llama-7b,dummy-lora-7b-rank-32-2,637,49,9.759755167320375
141,huggyllama/llama-7b,dummy-lora-7b-rank-128-4,556,8,9.79210904966015
142,huggyllama/llama-7b,dummy-lora-7b-rank-128-2,562,26,9.897195019965501
143,huggyllama/llama-7b,dummy-lora-7b-rank-128-4,509,50,9.927063882597857
144,huggyllama/llama-7b,dummy-lora-7b-rank-128-2,114,38,12.055713753397349
145,huggyllama/llama-7b,dummy-lora-7b-rank-128-1,253,40,12.178824937080769
146,huggyllama/llama-7b,dummy-lora-7b-rank-128-0,558,24,12.233191860773164
147,huggyllama/llama-7b,dummy-lora-7b-rank-8-3,109,53,12.254620270350413
148,huggyllama/llama-7b,dummy-lora-7b-rank-64-2,184,5,12.347135405551557
149,huggyllama/llama-7b,dummy-lora-7b-rank-128-1,633,37,12.348004023790129
150,huggyllama/llama-7b,dummy-lora-7b-rank-128-1,298,39,12.35431778413734
151,huggyllama/llama-7b,dummy-lora-7b-rank-8-3,548,17,12.358941631970538
152,huggyllama/llama-7b,dummy-lora-7b-rank-128-3,399,11,12.393818015054816
153,huggyllama/llama-7b,dummy-lora-7b-rank-32-4,468,71,12.395355069084964
154,huggyllama/llama-7b,dummy-lora-7b-rank-32-1,389,46,12.39977469083822
155,huggyllama/llama-7b,dummy-lora-7b-rank-128-2,123,19,12.440297316678347
156,huggyllama/llama-7b,dummy-lora-7b-rank-128-0,971,42,12.456367519762189
157,huggyllama/llama-7b,dummy-lora-7b-rank-32-4,369,6,12.492123309045267
158,huggyllama/llama-7b,dummy-lora-7b-rank-128-0,554,12,12.50510416291339
159,huggyllama/llama-7b,dummy-lora-7b-rank-128-0,829,59,12.567716742330655
160,huggyllama/llama-7b,dummy-lora-7b-rank-64-3,441,48,12.66553849475687
161,huggyllama/llama-7b,dummy-lora-7b-rank-128-0,80,38,12.719207734160237
162,huggyllama/llama-7b,dummy-lora-7b-rank-32-0,506,61,12.722569513073214
163,huggyllama/llama-7b,dummy-lora-7b-rank-128-2,127,59,12.760721711470099
164,huggyllama/llama-7b,dummy-lora-7b-rank-8-2,355,46,12.78977658425061
165,huggyllama/llama-7b,dummy-lora-7b-rank-64-2,588,20,12.88281373595885
166,huggyllama/llama-7b,dummy-lora-7b-rank-16-1,563,11,12.897675806046053
167,huggyllama/llama-7b,dummy-lora-7b-rank-128-3,575,16,12.915762847109859
168,huggyllama/llama-7b,dummy-lora-7b-rank-128-4,210,111,13.065397661008902
169,huggyllama/llama-7b,dummy-lora-7b-rank-128-4,556,21,13.074926905354099
170,huggyllama/llama-7b,dummy-lora-7b-rank-32-0,619,32,13.077216644692834
171,huggyllama/llama-7b,dummy-lora-7b-rank-32-4,554,20,13.099515549595761
172,huggyllama/llama-7b,dummy-lora-7b-rank-16-2,607,18,13.17501337721744
173,huggyllama/llama-7b,dummy-lora-7b-rank-8-3,550,18,13.202408672458965
174,huggyllama/llama-7b,dummy-lora-7b-rank-128-0,666,3,13.219736547172758
175,huggyllama/llama-7b,dummy-lora-7b-rank-32-0,202,57,13.253722380098496
176,huggyllama/llama-7b,dummy-lora-7b-rank-64-2,176,50,13.273408276937811
177,huggyllama/llama-7b,dummy-lora-7b-rank-128-2,579,25,13.378724828795585
178,huggyllama/llama-7b,dummy-lora-7b-rank-8-3,231,2,13.417976761624157
179,huggyllama/llama-7b,dummy-lora-7b-rank-32-0,327,41,13.446801270227073
180,huggyllama/llama-7b,dummy-lora-7b-rank-128-4,265,52,13.467276394072016
181,huggyllama/llama-7b,dummy-lora-7b-rank-128-4,328,58,13.506391820614821
182,huggyllama/llama-7b,dummy-lora-7b-rank-32-0,343,129,13.539310518181356
183,huggyllama/llama-7b,dummy-lora-7b-rank-16-3,427,71,13.549234224234736
184,huggyllama/llama-7b,dummy-lora-7b-rank-128-4,616,57,13.609680027441106
185,huggyllama/llama-7b,dummy-lora-7b-rank-128-2,527,44,13.619954325990834
186,huggyllama/llama-7b,dummy-lora-7b-rank-128-1,586,76,13.676193907502125
187,huggyllama/llama-7b,dummy-lora-7b-rank-8-2,79,38,13.956827874881116
188,huggyllama/llama-7b,dummy-lora-7b-rank-128-2,358,226,13.958107695395602
189,huggyllama/llama-7b,dummy-lora-7b-rank-128-0,216,40,13.960067338514655
190,huggyllama/llama-7b,dummy-lora-7b-rank-8-4,554,20,13.963063431561867
191,huggyllama/llama-7b,dummy-lora-7b-rank-16-2,652,57,13.987720192193452
192,huggyllama/llama-7b,dummy-lora-7b-rank-128-4,173,4,16.02825787470565
193,huggyllama/llama-7b,dummy-lora-7b-rank-16-4,553,47,16.168388351997027
194,huggyllama/llama-7b,dummy-lora-7b-rank-16-2,703,74,16.195890201962058
195,huggyllama/llama-7b,dummy-lora-7b-rank-32-4,597,14,16.2013599331087
196,huggyllama/llama-7b,dummy-lora-7b-rank-32-2,164,33,16.21425356601536
197,huggyllama/llama-7b,dummy-lora-7b-rank-128-0,297,85,16.232096125278474
198,huggyllama/llama-7b,dummy-lora-7b-rank-128-0,551,13,16.256354470986558
199,huggyllama/llama-7b,dummy-lora-7b-rank-128-2,981,89,16.27579059788414
200,huggyllama/llama-7b,dummy-lora-7b-rank-16-4,244,111,16.307042816507725
201,huggyllama/llama-7b,dummy-lora-7b-rank-128-4,864,8,16.347899205104422
202,huggyllama/llama-7b,dummy-lora-7b-rank-32-0,582,34,16.36351746810568
203,huggyllama/llama-7b,dummy-lora-7b-rank-128-2,328,34,16.473014953109068
204,huggyllama/llama-7b,dummy-lora-7b-rank-128-0,414,7,16.481180338611264
205,huggyllama/llama-7b,dummy-lora-7b-rank-128-2,202,65,16.53860070101446
206,huggyllama/llama-7b,dummy-lora-7b-rank-16-1,462,90,16.563025650677936
207,huggyllama/llama-7b,dummy-lora-7b-rank-128-4,424,9,16.56679975606037
208,huggyllama/llama-7b,dummy-lora-7b-rank-128-2,824,16,16.576051299054843
209,huggyllama/llama-7b,dummy-lora-7b-rank-128-0,566,28,16.598580190023448
210,huggyllama/llama-7b,dummy-lora-7b-rank-8-3,556,21,16.66564666811797
211,huggyllama/llama-7b,dummy-lora-7b-rank-128-3,658,37,16.719243233203194
212,huggyllama/llama-7b,dummy-lora-7b-rank-32-4,657,9,16.837677276453306
213,huggyllama/llama-7b,dummy-lora-7b-rank-8-1,558,22,16.93353019367313
214,huggyllama/llama-7b,dummy-lora-7b-rank-8-1,847,69,16.937118232468393
215,huggyllama/llama-7b,dummy-lora-7b-rank-128-2,311,71,17.001806238694304
216,huggyllama/llama-7b,dummy-lora-7b-rank-64-0,304,7,17.095929636361298
217,huggyllama/llama-7b,dummy-lora-7b-rank-128-3,718,22,17.115056222298268
218,huggyllama/llama-7b,dummy-lora-7b-rank-8-0,721,10,17.11862490810663
219,huggyllama/llama-7b,dummy-lora-7b-rank-8-4,590,22,17.126957783838037
220,huggyllama/llama-7b,dummy-lora-7b-rank-8-0,513,10,17.17899373774592
221,huggyllama/llama-7b,dummy-lora-7b-rank-32-3,398,8,17.19011741117621
222,huggyllama/llama-7b,dummy-lora-7b-rank-8-1,669,6,17.2455723967086
223,huggyllama/llama-7b,dummy-lora-7b-rank-128-3,899,60,17.24878342831725
224,huggyllama/llama-7b,dummy-lora-7b-rank-128-1,288,11,17.29262570536671
225,huggyllama/llama-7b,dummy-lora-7b-rank-32-2,557,202,17.328371447753813
226,huggyllama/llama-7b,dummy-lora-7b-rank-16-4,552,22,17.3385828321381
227,huggyllama/llama-7b,dummy-lora-7b-rank-32-1,696,3,17.509079112265983
228,huggyllama/llama-7b,dummy-lora-7b-rank-128-0,617,3,17.56608025326894
229,huggyllama/llama-7b,dummy-lora-7b-rank-8-4,362,80,17.667313896215383
230,huggyllama/llama-7b,dummy-lora-7b-rank-16-0,268,40,17.708263710583843
231,huggyllama/llama-7b,dummy-lora-7b-rank-8-3,297,117,17.716909932314472
232,huggyllama/llama-7b,dummy-lora-7b-rank-64-1,352,128,17.726553006615685
233,huggyllama/llama-7b,dummy-lora-7b-rank-128-2,684,8,17.788415878799576
234,huggyllama/llama-7b,dummy-lora-7b-rank-8-2,306,46,17.801932621462583
235,huggyllama/llama-7b,dummy-lora-7b-rank-16-1,419,50,17.818318833503152
236,huggyllama/llama-7b,dummy-lora-7b-rank-16-0,305,42,17.85337441314746
237,huggyllama/llama-7b,dummy-lora-7b-rank-128-1,617,3,17.878179214493635
238,huggyllama/llama-7b,dummy-lora-7b-rank-128-1,684,5,17.9468334562288
239,huggyllama/llama-7b,dummy-lora-7b-rank-128-2,350,46,17.974541573909324
240,huggyllama/llama-7b,dummy-lora-7b-rank-32-0,638,3,20.01826665482048
241,huggyllama/llama-7b,dummy-lora-7b-rank-32-3,919,51,20.086702971561646
242,huggyllama/llama-7b,dummy-lora-7b-rank-128-0,508,9,20.15341022892247
243,huggyllama/llama-7b,dummy-lora-7b-rank-128-4,415,51,20.163949018650477
244,huggyllama/llama-7b,dummy-lora-7b-rank-128-0,675,19,20.165099225153167
245,huggyllama/llama-7b,dummy-lora-7b-rank-16-3,328,27,20.186263120486934
246,huggyllama/llama-7b,dummy-lora-7b-rank-128-2,227,200,20.27899262602366
247,huggyllama/llama-7b,dummy-lora-7b-rank-32-0,512,4,20.334406259210624
248,huggyllama/llama-7b,dummy-lora-7b-rank-128-1,463,58,20.342779875631344
249,huggyllama/llama-7b,dummy-lora-7b-rank-128-2,251,49,20.35426447451407
250,huggyllama/llama-7b,dummy-lora-7b-rank-16-4,376,56,20.400388884421048
251,huggyllama/llama-7b,dummy-lora-7b-rank-128-0,639,43,20.417134373971514
252,huggyllama/llama-7b,dummy-lora-7b-rank-128-3,562,24,20.420071727642213
253,huggyllama/llama-7b,dummy-lora-7b-rank-64-0,435,75,20.420458822689653
254,huggyllama/llama-7b,dummy-lora-7b-rank-128-2,136,58,20.45667620335017
255,huggyllama/llama-7b,dummy-lora-7b-rank-128-3,343,7,20.45707391622786
256,huggyllama/llama-7b,dummy-lora-7b-rank-16-4,390,64,20.549266598551213
257,huggyllama/llama-7b,dummy-lora-7b-rank-16-2,390,144,20.550236448617518
258,huggyllama/llama-7b,dummy-lora-7b-rank-64-2,477,48,20.55991921184861
259,huggyllama/llama-7b,dummy-lora-7b-rank-128-2,141,43,20.560024406709093
260,huggyllama/llama-7b,dummy-lora-7b-rank-32-1,566,29,20.61354491031491
261,huggyllama/llama-7b,dummy-lora-7b-rank-16-4,550,20,20.64507938709392
262,huggyllama/llama-7b,dummy-lora-7b-rank-64-2,548,17,20.65414164922248
263,huggyllama/llama-7b,dummy-lora-7b-rank-128-3,195,65,20.69702896598782
264,huggyllama/llama-7b,dummy-lora-7b-rank-128-2,554,20,20.77341882536766
265,huggyllama/llama-7b,dummy-lora-7b-rank-16-0,594,40,20.773555684721238
266,huggyllama/llama-7b,dummy-lora-7b-rank-128-2,460,6,21.073293604162984
267,huggyllama/llama-7b,dummy-lora-7b-rank-64-3,647,22,21.115133598801716
268,huggyllama/llama-7b,dummy-lora-7b-rank-64-1,560,20,21.147569667044156
269,huggyllama/llama-7b,dummy-lora-7b-rank-8-1,566,28,21.18859337523854
270,huggyllama/llama-7b,dummy-lora-7b-rank-8-4,828,64,21.27897489800436
271,huggyllama/llama-7b,dummy-lora-7b-rank-64-4,222,51,21.304934317392174
272,huggyllama/llama-7b,dummy-lora-7b-rank-128-1,333,3,21.353133597915733
273,huggyllama/llama-7b,dummy-lora-7b-rank-8-2,582,36,21.36867140890529
274,huggyllama/llama-7b,dummy-lora-7b-rank-16-3,585,10,21.379144832282652
275,huggyllama/llama-7b,dummy-lora-7b-rank-16-2,654,188,21.478747595560563
276,huggyllama/llama-7b,dummy-lora-7b-rank-64-3,406,16,21.68239421877976
277,huggyllama/llama-7b,dummy-lora-7b-rank-64-1,526,94,21.730722731015945
278,huggyllama/llama-7b,dummy-lora-7b-rank-16-3,313,40,21.743683606679916
279,huggyllama/llama-7b,dummy-lora-7b-rank-8-2,613,47,21.756780614016797
280,huggyllama/llama-7b,dummy-lora-7b-rank-128-0,268,67,21.818122513887424
281,huggyllama/llama-7b,dummy-lora-7b-rank-32-0,606,19,21.833990340641975
282,huggyllama/llama-7b,dummy-lora-7b-rank-32-2,517,47,21.83688218911447
283,huggyllama/llama-7b,dummy-lora-7b-rank-8-0,548,41,21.879408360305515
284,huggyllama/llama-7b,dummy-lora-7b-rank-128-0,292,46,21.91755386345879
285,huggyllama/llama-7b,dummy-lora-7b-rank-8-4,402,67,21.925416464411338
286,huggyllama/llama-7b,dummy-lora-7b-rank-64-1,556,13,21.976696251877385
287,huggyllama/llama-7b,dummy-lora-7b-rank-128-3,127,40,21.978042895346242
288,huggyllama/llama-7b,dummy-lora-7b-rank-16-1,390,52,24.034534073432937
289,huggyllama/llama-7b,dummy-lora-7b-rank-32-3,756,29,24.040955076161726
290,huggyllama/llama-7b,dummy-lora-7b-rank-128-4,200,108,24.08049674741939
291,huggyllama/llama-7b,dummy-lora-7b-rank-128-2,253,149,24.145750542658284
292,huggyllama/llama-7b,dummy-lora-7b-rank-128-4,556,7,24.22814252129151
293,huggyllama/llama-7b,dummy-lora-7b-rank-8-3,609,18,24.262220192988394
294,huggyllama/llama-7b,dummy-lora-7b-rank-128-4,560,28,24.26983281933986
295,huggyllama/llama-7b,dummy-lora-7b-rank-128-2,644,14,24.26989305172689
296,huggyllama/llama-7b,dummy-lora-7b-rank-128-1,903,41,24.437737597571186
297,huggyllama/llama-7b,dummy-lora-7b-rank-128-1,970,44,24.458856728194014
298,huggyllama/llama-7b,dummy-lora-7b-rank-64-1,664,8,24.461298141953915
299,huggyllama/llama-7b,dummy-lora-7b-rank-16-1,572,28,24.469062644761102
300,huggyllama/llama-7b,dummy-lora-7b-rank-128-2,496,21,24.48678696620747
301,huggyllama/llama-7b,dummy-lora-7b-rank-64-2,899,14,24.509799067980595
302,huggyllama/llama-7b,dummy-lora-7b-rank-8-0,548,17,24.511373683067234
303,huggyllama/llama-7b,dummy-lora-7b-rank-128-4,806,79,24.59530984495982
304,huggyllama/llama-7b,dummy-lora-7b-rank-16-0,762,13,24.668336825551336
305,huggyllama/llama-7b,dummy-lora-7b-rank-32-3,586,19,24.689353672778196
306,huggyllama/llama-7b,dummy-lora-7b-rank-16-3,618,22,24.75616241483199
307,huggyllama/llama-7b,dummy-lora-7b-rank-128-2,248,27,24.771103813471058
308,huggyllama/llama-7b,dummy-lora-7b-rank-128-0,564,2,24.79041977348019
309,huggyllama/llama-7b,dummy-lora-7b-rank-16-3,928,65,24.835011462585367
310,huggyllama/llama-7b,dummy-lora-7b-rank-128-2,562,25,24.836149518778836
311,huggyllama/llama-7b,dummy-lora-7b-rank-32-3,405,49,24.89912039319121
312,huggyllama/llama-7b,dummy-lora-7b-rank-16-2,574,79,24.92307843578203
313,huggyllama/llama-7b,dummy-lora-7b-rank-128-4,285,51,24.984953251607543
314,huggyllama/llama-7b,dummy-lora-7b-rank-128-3,404,39,25.023838065865004
315,huggyllama/llama-7b,dummy-lora-7b-rank-64-4,476,12,25.028219273596374
316,huggyllama/llama-7b,dummy-lora-7b-rank-128-2,338,40,25.059596521460797
317,huggyllama/llama-7b,dummy-lora-7b-rank-32-0,491,7,25.116094277264832
318,huggyllama/llama-7b,dummy-lora-7b-rank-32-2,400,13,25.118766715719804
319,huggyllama/llama-7b,dummy-lora-7b-rank-128-2,823,40,25.122624505870657
320,huggyllama/llama-7b,dummy-lora-7b-rank-128-1,485,40,25.249470490893863
321,huggyllama/llama-7b,dummy-lora-7b-rank-32-1,390,3,25.25597081019195
322,huggyllama/llama-7b,dummy-lora-7b-rank-8-3,550,18,25.301791464949744
323,huggyllama/llama-7b,dummy-lora-7b-rank-128-4,552,2,25.313559810491668
324,huggyllama/llama-7b,dummy-lora-7b-rank-16-3,611,23,25.333405586633805
325,huggyllama/llama-7b,dummy-lora-7b-rank-128-4,556,21,25.356814991389815
326,huggyllama/llama-7b,dummy-lora-7b-rank-16-3,340,50,25.373945406240185
327,huggyllama/llama-7b,dummy-lora-7b-rank-128-2,390,6,25.394864418538077
328,huggyllama/llama-7b,dummy-lora-7b-rank-64-3,498,89,25.47453693718258
329,huggyllama/llama-7b,dummy-lora-7b-rank-128-4,977,57,25.48204643311466
330,huggyllama/llama-7b,dummy-lora-7b-rank-128-1,370,37,25.488377396951417
331,huggyllama/llama-7b,dummy-lora-7b-rank-128-3,168,51,25.607990778780092
332,huggyllama/llama-7b,dummy-lora-7b-rank-128-2,520,64,25.684451373830537
333,huggyllama/llama-7b,dummy-lora-7b-rank-128-2,489,45,25.721982643205894
334,huggyllama/llama-7b,dummy-lora-7b-rank-128-4,806,97,25.742761041656728
335,huggyllama/llama-7b,dummy-lora-7b-rank-128-1,550,20,25.84270840980614
336,huggyllama/llama-7b,dummy-lora-7b-rank-32-3,243,43,28.087555363693653
337,huggyllama/llama-7b,dummy-lora-7b-rank-128-1,607,18,28.092289258743545
338,huggyllama/llama-7b,dummy-lora-7b-rank-128-4,560,25,28.167668715854802
339,huggyllama/llama-7b,dummy-lora-7b-rank-64-4,421,65,28.245418650614955
340,huggyllama/llama-7b,dummy-lora-7b-rank-32-3,147,19,28.261881358862613
341,huggyllama/llama-7b,dummy-lora-7b-rank-64-2,552,16,28.279939141061273
342,huggyllama/llama-7b,dummy-lora-7b-rank-8-3,315,53,28.325344583368587
343,huggyllama/llama-7b,dummy-lora-7b-rank-64-2,540,10,28.358122457709023
344,huggyllama/llama-7b,dummy-lora-7b-rank-16-2,615,5,28.38611790528331
345,huggyllama/llama-7b,dummy-lora-7b-rank-8-3,605,20,28.491351088017566
346,huggyllama/llama-7b,dummy-lora-7b-rank-64-2,370,34,28.548508789449805
347,huggyllama/llama-7b,dummy-lora-7b-rank-128-2,189,14,28.650713029620942
348,huggyllama/llama-7b,dummy-lora-7b-rank-128-3,633,45,28.657759622698975
349,huggyllama/llama-7b,dummy-lora-7b-rank-16-3,568,29,28.661109120222324
350,huggyllama/llama-7b,dummy-lora-7b-rank-32-3,402,51,28.67164725805772
351,huggyllama/llama-7b,dummy-lora-7b-rank-32-3,281,50,28.675556695513734
352,huggyllama/llama-7b,dummy-lora-7b-rank-128-4,617,9,28.72342062442447
353,huggyllama/llama-7b,dummy-lora-7b-rank-16-3,700,39,28.72623867734449
354,huggyllama/llama-7b,dummy-lora-7b-rank-128-0,578,25,28.74685169897763
355,huggyllama/llama-7b,dummy-lora-7b-rank-8-0,548,17,28.757483074667693
356,huggyllama/llama-7b,dummy-lora-7b-rank-8-4,389,75,28.76004282055988
357,huggyllama/llama-7b,dummy-lora-7b-rank-32-0,456,28,28.840350445939606
358,huggyllama/llama-7b,dummy-lora-7b-rank-128-0,908,14,28.964615257590314
359,huggyllama/llama-7b,dummy-lora-7b-rank-32-3,560,50,29.011177161076244
360,huggyllama/llama-7b,dummy-lora-7b-rank-32-3,206,54,29.107469294345186
361,huggyllama/llama-7b,dummy-lora-7b-rank-128-3,316,129,29.214640465835693
362,huggyllama/llama-7b,dummy-lora-7b-rank-8-2,763,68,29.22661295999417
363,huggyllama/llama-7b,dummy-lora-7b-rank-8-4,54,55,29.333728811280285
364,huggyllama/llama-7b,dummy-lora-7b-rank-8-0,580,31,29.437617595607847
365,huggyllama/llama-7b,dummy-lora-7b-rank-128-4,574,20,29.449764235348585
366,huggyllama/llama-7b,dummy-lora-7b-rank-128-2,471,40,29.468332360603327
367,huggyllama/llama-7b,dummy-lora-7b-rank-16-1,298,38,29.493716603692903
368,huggyllama/llama-7b,dummy-lora-7b-rank-128-1,509,9,29.510707213022943
369,huggyllama/llama-7b,dummy-lora-7b-rank-16-3,558,22,29.516840651760806
370,huggyllama/llama-7b,dummy-lora-7b-rank-16-4,554,20,29.53120893922079
371,huggyllama/llama-7b,dummy-lora-7b-rank-8-3,320,61,29.53259687685973
372,huggyllama/llama-7b,dummy-lora-7b-rank-128-2,537,9,29.606930512984302
373,huggyllama/llama-7b,dummy-lora-7b-rank-32-3,590,38,29.635185542869447
374,huggyllama/llama-7b,dummy-lora-7b-rank-32-0,377,8,29.636417014842394
375,huggyllama/llama-7b,dummy-lora-7b-rank-128-4,943,24,29.647462668277672
376,huggyllama/llama-7b,dummy-lora-7b-rank-128-0,501,56,29.699736202983768
377,huggyllama/llama-7b,dummy-lora-7b-rank-8-4,629,40,29.704580699645472
378,huggyllama/llama-7b,dummy-lora-7b-rank-128-4,536,11,29.77931806745507
379,huggyllama/llama-7b,dummy-lora-7b-rank-128-3,222,57,29.912355163110877
380,huggyllama/llama-7b,dummy-lora-7b-rank-128-3,203,39,29.935503708714286
381,huggyllama/llama-7b,dummy-lora-7b-rank-32-3,419,10,29.961411559953127
382,huggyllama/llama-7b,dummy-lora-7b-rank-128-3,375,48,29.96337283434085
383,huggyllama/llama-7b,dummy-lora-7b-rank-128-3,437,41,29.984761669697587
384,huggyllama/llama-7b,dummy-lora-7b-rank-128-1,201,3,32.03380730435119
385,huggyllama/llama-7b,dummy-lora-7b-rank-128-4,708,6,32.03770292555038
386,huggyllama/llama-7b,dummy-lora-7b-rank-128-4,415,54,32.05301266949269
387,huggyllama/llama-7b,dummy-lora-7b-rank-32-2,468,45,32.301423638222964
388,huggyllama/llama-7b,dummy-lora-7b-rank-128-2,609,71,32.31720266070667
389,huggyllama/llama-7b,dummy-lora-7b-rank-8-3,572,47,32.32313581679477
390,huggyllama/llama-7b,dummy-lora-7b-rank-128-4,553,19,32.3967579808672
391,huggyllama/llama-7b,dummy-lora-7b-rank-128-2,588,10,32.43692346194279
392,huggyllama/llama-7b,dummy-lora-7b-rank-128-1,702,27,32.45330462593084
393,huggyllama/llama-7b,dummy-lora-7b-rank-64-0,324,35,32.530601746858274
394,huggyllama/llama-7b,dummy-lora-7b-rank-128-0,586,11,32.53151897839637
395,huggyllama/llama-7b,dummy-lora-7b-rank-64-2,677,5,32.53679952448594
396,huggyllama/llama-7b,dummy-lora-7b-rank-128-2,196,57,32.595753728486905
397,huggyllama/llama-7b,dummy-lora-7b-rank-128-1,905,49,32.672461171356794
398,huggyllama/llama-7b,dummy-lora-7b-rank-128-0,573,5,32.707724478993285
399,huggyllama/llama-7b,dummy-lora-7b-rank-128-3,615,22,32.7524024306175
400,huggyllama/llama-7b,dummy-lora-7b-rank-32-3,566,18,32.84535177567072
401,huggyllama/llama-7b,dummy-lora-7b-rank-64-3,252,68,32.90002435619276
402,huggyllama/llama-7b,dummy-lora-7b-rank-128-1,699,8,32.92665914148588
403,huggyllama/llama-7b,dummy-lora-7b-rank-64-4,335,31,32.95322230300173
404,huggyllama/llama-7b,dummy-lora-7b-rank-8-3,535,47,32.95964256868274
405,huggyllama/llama-7b,dummy-lora-7b-rank-64-4,475,103,33.0499107242434
406,huggyllama/llama-7b,dummy-lora-7b-rank-128-2,188,53,33.09080545972026
407,huggyllama/llama-7b,dummy-lora-7b-rank-128-2,556,21,33.17895975831817
408,huggyllama/llama-7b,dummy-lora-7b-rank-32-0,658,18,33.22014485686953
409,huggyllama/llama-7b,dummy-lora-7b-rank-32-1,469,109,33.28437573116437
410,huggyllama/llama-7b,dummy-lora-7b-rank-32-2,220,42,33.31988307089697
411,huggyllama/llama-7b,dummy-lora-7b-rank-32-3,729,27,33.364612540032695
412,huggyllama/llama-7b,dummy-lora-7b-rank-8-3,431,9,33.41134954185792
413,huggyllama/llama-7b,dummy-lora-7b-rank-64-2,702,32,33.4130377009153
414,huggyllama/llama-7b,dummy-lora-7b-rank-128-2,223,42,33.4167703514439
415,huggyllama/llama-7b,dummy-lora-7b-rank-32-4,6,20,33.446082348763326
416,huggyllama/llama-7b,dummy-lora-7b-rank-128-2,327,106,33.495097739286734
417,huggyllama/llama-7b,dummy-lora-7b-rank-16-0,819,39,33.5097699089813
418,huggyllama/llama-7b,dummy-lora-7b-rank-128-1,1003,85,33.56180259282464
419,huggyllama/llama-7b,dummy-lora-7b-rank-128-4,121,19,33.592998587797
420,huggyllama/llama-7b,dummy-lora-7b-rank-64-0,540,64,33.62303700701379
421,huggyllama/llama-7b,dummy-lora-7b-rank-128-1,300,50,33.64220169586336
422,huggyllama/llama-7b,dummy-lora-7b-rank-64-2,235,51,33.65460719505307
423,huggyllama/llama-7b,dummy-lora-7b-rank-128-0,548,19,33.6964996066515
424,huggyllama/llama-7b,dummy-lora-7b-rank-128-3,868,91,33.737967515229826
425,huggyllama/llama-7b,dummy-lora-7b-rank-64-0,562,12,33.7577486933943
426,huggyllama/llama-7b,dummy-lora-7b-rank-16-1,125,19,33.83830362462567
427,huggyllama/llama-7b,dummy-lora-7b-rank-128-3,293,5,33.85426165478887
428,huggyllama/llama-7b,dummy-lora-7b-rank-8-0,548,17,33.890976581553545
429,huggyllama/llama-7b,dummy-lora-7b-rank-32-0,403,14,33.9114698670799
430,huggyllama/llama-7b,dummy-lora-7b-rank-16-0,582,37,33.97596604629543
431,huggyllama/llama-7b,dummy-lora-7b-rank-128-3,554,20,33.98360364479542
432,huggyllama/llama-7b,dummy-lora-7b-rank-128-4,550,18,36.006929686120365
433,huggyllama/llama-7b,dummy-lora-7b-rank-64-4,221,53,36.12251441551373
434,huggyllama/llama-7b,dummy-lora-7b-rank-128-2,419,97,36.16575968406917
435,huggyllama/llama-7b,dummy-lora-7b-rank-64-2,828,38,36.238258532429214
436,huggyllama/llama-7b,dummy-lora-7b-rank-16-3,459,38,36.264599173335256
437,huggyllama/llama-7b,dummy-lora-7b-rank-128-3,484,9,36.28749577498483
438,huggyllama/llama-7b,dummy-lora-7b-rank-128-3,716,13,36.323348435875396
439,huggyllama/llama-7b,dummy-lora-7b-rank-64-2,228,39,36.37241102503991
440,huggyllama/llama-7b,dummy-lora-7b-rank-128-2,331,57,36.37898504518804
441,huggyllama/llama-7b,dummy-lora-7b-rank-128-4,548,17,36.39019836012545
442,huggyllama/llama-7b,dummy-lora-7b-rank-128-0,596,8,36.40755399621915
443,huggyllama/llama-7b,dummy-lora-7b-rank-64-3,466,17,36.461048756989655
444,huggyllama/llama-7b,dummy-lora-7b-rank-8-4,311,17,36.57851257402203
445,huggyllama/llama-7b,dummy-lora-7b-rank-32-3,558,22,36.590482466898436
446,huggyllama/llama-7b,dummy-lora-7b-rank-128-2,730,7,36.59394981253408
447,huggyllama/llama-7b,dummy-lora-7b-rank-128-1,168,57,36.67524950882838
448,huggyllama/llama-7b,dummy-lora-7b-rank-64-0,619,24,36.79040224730201
449,huggyllama/llama-7b,dummy-lora-7b-rank-128-3,802,82,36.80819199675716
450,huggyllama/llama-7b,dummy-lora-7b-rank-128-2,257,54,36.847163040648184
451,huggyllama/llama-7b,dummy-lora-7b-rank-16-3,620,3,36.86397590729034
452,huggyllama/llama-7b,dummy-lora-7b-rank-16-0,618,16,36.86940407135515
453,huggyllama/llama-7b,dummy-lora-7b-rank-8-4,548,2,36.87959629880221
454,huggyllama/llama-7b,dummy-lora-7b-rank-128-4,117,63,36.986106966080584
455,huggyllama/llama-7b,dummy-lora-7b-rank-64-3,540,27,36.99476128202638
456,huggyllama/llama-7b,dummy-lora-7b-rank-32-0,629,48,37.06643893547436
457,huggyllama/llama-7b,dummy-lora-7b-rank-128-0,683,9,37.08309746148406
458,huggyllama/llama-7b,dummy-lora-7b-rank-16-2,508,14,37.12007776379744
459,huggyllama/llama-7b,dummy-lora-7b-rank-128-3,593,55,37.1412616104515
460,huggyllama/llama-7b,dummy-lora-7b-rank-128-1,552,19,37.17320772108564
461,huggyllama/llama-7b,dummy-lora-7b-rank-128-1,855,5,37.177985195246045
462,huggyllama/llama-7b,dummy-lora-7b-rank-16-0,580,31,37.179441414768
463,huggyllama/llama-7b,dummy-lora-7b-rank-32-4,373,36,37.183470785455214
464,huggyllama/llama-7b,dummy-lora-7b-rank-128-1,242,8,37.210507169184
465,huggyllama/llama-7b,dummy-lora-7b-rank-16-2,266,47,37.36515533156955
466,huggyllama/llama-7b,dummy-lora-7b-rank-32-0,613,20,37.5455926766246
467,huggyllama/llama-7b,dummy-lora-7b-rank-128-3,1008,95,37.57421700442133
468,huggyllama/llama-7b,dummy-lora-7b-rank-32-2,597,11,37.60069062679249
469,huggyllama/llama-7b,dummy-lora-7b-rank-128-1,556,21,37.60890375330909
470,huggyllama/llama-7b,dummy-lora-7b-rank-64-3,847,10,37.714944512044625
471,huggyllama/llama-7b,dummy-lora-7b-rank-16-3,552,22,37.71669647267913
472,huggyllama/llama-7b,dummy-lora-7b-rank-8-3,395,30,37.731402511182196
473,huggyllama/llama-7b,dummy-lora-7b-rank-128-0,748,25,37.754655766045325
474,huggyllama/llama-7b,dummy-lora-7b-rank-64-4,640,64,37.75778832833717
475,huggyllama/llama-7b,dummy-lora-7b-rank-16-0,748,11,37.824950412305256
476,huggyllama/llama-7b,dummy-lora-7b-rank-8-0,287,11,37.831330442986946
477,huggyllama/llama-7b,dummy-lora-7b-rank-32-4,227,46,37.905367853077365
478,huggyllama/llama-7b,dummy-lora-7b-rank-16-2,556,13,37.94787870167368
479,huggyllama/llama-7b,dummy-lora-7b-rank-128-1,648,20,37.9637199297004
480,huggyllama/llama-7b,dummy-lora-7b-rank-32-2,603,19,40.031955020735346
481,huggyllama/llama-7b,dummy-lora-7b-rank-8-1,572,31,40.03792437570835
482,huggyllama/llama-7b,dummy-lora-7b-rank-8-1,554,21,40.10790489995585
483,huggyllama/llama-7b,dummy-lora-7b-rank-128-0,626,19,40.14306612827716
484,huggyllama/llama-7b,dummy-lora-7b-rank-128-1,978,10,40.19393289664496
485,huggyllama/llama-7b,dummy-lora-7b-rank-128-1,550,18,40.256576881560484
486,huggyllama/llama-7b,dummy-lora-7b-rank-8-2,846,95,40.26373026186462
487,huggyllama/llama-7b,dummy-lora-7b-rank-128-0,572,27,40.26622978329799
488,huggyllama/llama-7b,dummy-lora-7b-rank-128-0,593,7,40.30339675722195
489,huggyllama/llama-7b,dummy-lora-7b-rank-32-4,932,3,40.30520404842417
490,huggyllama/llama-7b,dummy-lora-7b-rank-64-4,245,34,40.40337572594737
491,huggyllama/llama-7b,dummy-lora-7b-rank-128-4,278,71,40.48537937715405
492,huggyllama/llama-7b,dummy-lora-7b-rank-128-4,610,18,40.618420714738306
493,huggyllama/llama-7b,dummy-lora-7b-rank-16-1,498,53,40.635508061732345
494,huggyllama/llama-7b,dummy-lora-7b-rank-16-1,638,40,40.700943355281325
495,huggyllama/llama-7b,dummy-lora-7b-rank-128-2,576,8,40.74016381138697
496,huggyllama/llama-7b,dummy-lora-7b-rank-32-2,728,28,40.76332364072666
497,huggyllama/llama-7b,dummy-lora-7b-rank-32-0,548,17,40.772458936110525
498,huggyllama/llama-7b,dummy-lora-7b-rank-32-1,469,48,40.79292339289808
499,huggyllama/llama-7b,dummy-lora-7b-rank-8-0,552,19,40.879983710880296
500,huggyllama/llama-7b,dummy-lora-7b-rank-16-1,454,175,40.988501150212876
501,huggyllama/llama-7b,dummy-lora-7b-rank-128-4,303,53,40.999206419182684
502,huggyllama/llama-7b,dummy-lora-7b-rank-128-1,495,58,41.0227325785793
503,huggyllama/llama-7b,dummy-lora-7b-rank-16-2,530,61,41.15504815897643
504,huggyllama/llama-7b,dummy-lora-7b-rank-128-2,286,41,41.15664772266711
505,huggyllama/llama-7b,dummy-lora-7b-rank-128-4,425,50,41.170100091704924
506,huggyllama/llama-7b,dummy-lora-7b-rank-64-2,546,44,41.28126423154164
507,huggyllama/llama-7b,dummy-lora-7b-rank-128-1,451,72,41.31769976247669
508,huggyllama/llama-7b,dummy-lora-7b-rank-16-1,439,37,41.328472617195665
509,huggyllama/llama-7b,dummy-lora-7b-rank-64-3,157,51,41.33880201333932
510,huggyllama/llama-7b,dummy-lora-7b-rank-64-0,552,19,41.399708218449504
511,huggyllama/llama-7b,dummy-lora-7b-rank-64-3,730,42,41.408849020585365
512,huggyllama/llama-7b,dummy-lora-7b-rank-128-2,142,51,41.424717877497045
513,huggyllama/llama-7b,dummy-lora-7b-rank-16-0,558,23,41.43581561186933
514,huggyllama/llama-7b,dummy-lora-7b-rank-128-4,134,51,41.477519418378925
515,huggyllama/llama-7b,dummy-lora-7b-rank-128-0,704,10,41.50213451123099
516,huggyllama/llama-7b,dummy-lora-7b-rank-128-4,428,62,41.51387630588208
517,huggyllama/llama-7b,dummy-lora-7b-rank-32-4,548,16,41.56933729956813
518,huggyllama/llama-7b,dummy-lora-7b-rank-128-2,315,40,41.65286345004636
519,huggyllama/llama-7b,dummy-lora-7b-rank-16-1,589,59,41.65424543800364
520,huggyllama/llama-7b,dummy-lora-7b-rank-8-1,608,3,41.668350392995116
521,huggyllama/llama-7b,dummy-lora-7b-rank-128-1,218,53,41.70803992517345
522,huggyllama/llama-7b,dummy-lora-7b-rank-16-0,664,79,41.804784176732426
523,huggyllama/llama-7b,dummy-lora-7b-rank-16-1,322,52,41.80614724826816
524,huggyllama/llama-7b,dummy-lora-7b-rank-128-2,287,48,41.81638387372461
525,huggyllama/llama-7b,dummy-lora-7b-rank-8-3,187,3,41.81723963118377
526,huggyllama/llama-7b,dummy-lora-7b-rank-128-1,466,9,41.969711055211086
527,huggyllama/llama-7b,dummy-lora-7b-rank-128-4,226,49,41.98085150872715
528,huggyllama/llama-7b,dummy-lora-7b-rank-128-1,600,19,44.02261487816191
529,huggyllama/llama-7b,dummy-lora-7b-rank-128-0,505,51,44.02390370060009
530,huggyllama/llama-7b,dummy-lora-7b-rank-128-2,57,96,44.03407212150513
531,huggyllama/llama-7b,dummy-lora-7b-rank-16-2,407,7,44.0723667963955
532,huggyllama/llama-7b,dummy-lora-7b-rank-16-3,640,65,44.137603329859616
533,huggyllama/llama-7b,dummy-lora-7b-rank-128-3,370,172,44.146857055171076
534,huggyllama/llama-7b,dummy-lora-7b-rank-8-3,452,9,44.17995029647933
535,huggyllama/llama-7b,dummy-lora-7b-rank-8-0,277,46,44.180781828661026
536,huggyllama/llama-7b,dummy-lora-7b-rank-16-1,461,6,44.18717440895502
537,huggyllama/llama-7b,dummy-lora-7b-rank-128-4,22,256,44.22994044640222
538,huggyllama/llama-7b,dummy-lora-7b-rank-8-2,461,51,44.308691399306426
539,huggyllama/llama-7b,dummy-lora-7b-rank-128-3,550,18,44.42158019076707
540,huggyllama/llama-7b,dummy-lora-7b-rank-128-1,550,18,44.439325478774805
541,huggyllama/llama-7b,dummy-lora-7b-rank-128-2,540,43,44.495148079166746
542,huggyllama/llama-7b,dummy-lora-7b-rank-128-3,558,24,44.50135466354864
543,huggyllama/llama-7b,dummy-lora-7b-rank-32-1,578,69,44.53136757290473
544,huggyllama/llama-7b,dummy-lora-7b-rank-128-2,431,59,44.53239606231219
545,huggyllama/llama-7b,dummy-lora-7b-rank-128-1,234,5,44.5861318054828
546,huggyllama/llama-7b,dummy-lora-7b-rank-16-3,56,57,44.71665265337413
547,huggyllama/llama-7b,dummy-lora-7b-rank-128-3,603,33,44.72383493872139
548,huggyllama/llama-7b,dummy-lora-7b-rank-128-2,518,10,44.869774896270044
549,huggyllama/llama-7b,dummy-lora-7b-rank-128-4,448,52,44.89965472896283
550,huggyllama/llama-7b,dummy-lora-7b-rank-128-4,436,36,44.90813031666798
551,huggyllama/llama-7b,dummy-lora-7b-rank-128-4,265,48,44.939316681889856
552,huggyllama/llama-7b,dummy-lora-7b-rank-128-2,578,32,44.98302550050911
553,huggyllama/llama-7b,dummy-lora-7b-rank-8-2,560,23,45.09148411125743
554,huggyllama/llama-7b,dummy-lora-7b-rank-128-1,562,25,45.139589233861074
555,huggyllama/llama-7b,dummy-lora-7b-rank-128-4,285,112,45.19359895467663
556,huggyllama/llama-7b,dummy-lora-7b-rank-64-0,1012,62,45.243683489900995
557,huggyllama/llama-7b,dummy-lora-7b-rank-128-0,565,22,45.29928654508843
558,huggyllama/llama-7b,dummy-lora-7b-rank-32-1,608,63,45.36871632611674
559,huggyllama/llama-7b,dummy-lora-7b-rank-128-0,604,88,45.38695681284358
560,huggyllama/llama-7b,dummy-lora-7b-rank-128-3,124,78,45.39173589547096
561,huggyllama/llama-7b,dummy-lora-7b-rank-32-2,566,26,45.42959000669761
562,huggyllama/llama-7b,dummy-lora-7b-rank-64-4,251,8,45.45505178074018
563,huggyllama/llama-7b,dummy-lora-7b-rank-128-1,777,13,45.463608082354625
564,huggyllama/llama-7b,dummy-lora-7b-rank-32-0,929,48,45.49348956278046
565,huggyllama/llama-7b,dummy-lora-7b-rank-128-0,558,22,45.49539618989009
566,huggyllama/llama-7b,dummy-lora-7b-rank-8-1,797,43,45.52923113520207
567,huggyllama/llama-7b,dummy-lora-7b-rank-128-4,554,8,45.554082352226274
568,huggyllama/llama-7b,dummy-lora-7b-rank-8-0,407,8,45.59498020126834
569,huggyllama/llama-7b,dummy-lora-7b-rank-128-2,1010,36,45.60983101197535
570,huggyllama/llama-7b,dummy-lora-7b-rank-128-3,542,9,45.62852988287194
571,huggyllama/llama-7b,dummy-lora-7b-rank-128-2,176,55,45.68072842818507
572,huggyllama/llama-7b,dummy-lora-7b-rank-64-3,274,42,45.76161300603929
573,huggyllama/llama-7b,dummy-lora-7b-rank-128-0,548,17,45.85332048383009
574,huggyllama/llama-7b,dummy-lora-7b-rank-16-2,510,183,45.885849935499024
575,huggyllama/llama-7b,dummy-lora-7b-rank-32-0,583,28,45.90186594137795
576,huggyllama/llama-7b,dummy-lora-7b-rank-128-4,386,50,48.06382874855916
577,huggyllama/llama-7b,dummy-lora-7b-rank-128-2,179,5,48.108681258275524
578,huggyllama/llama-7b,dummy-lora-7b-rank-128-0,651,53,48.1506362705256
579,huggyllama/llama-7b,dummy-lora-7b-rank-128-1,213,44,48.189537362174484
580,huggyllama/llama-7b,dummy-lora-7b-rank-32-4,548,17,48.21202495699861
581,huggyllama/llama-7b,dummy-lora-7b-rank-128-1,566,28,48.23379566881807
582,huggyllama/llama-7b,dummy-lora-7b-rank-128-1,453,115,48.24464199208172
583,huggyllama/llama-7b,dummy-lora-7b-rank-128-3,467,54,48.34942984351996
584,huggyllama/llama-7b,dummy-lora-7b-rank-128-3,273,86,48.408985639368126
585,huggyllama/llama-7b,dummy-lora-7b-rank-128-1,472,64,48.41175852768428
586,huggyllama/llama-7b,dummy-lora-7b-rank-16-1,550,5,48.42141625826268
587,huggyllama/llama-7b,dummy-lora-7b-rank-8-1,588,12,48.475162900551524
588,huggyllama/llama-7b,dummy-lora-7b-rank-8-1,425,52,48.48880353185677
589,huggyllama/llama-7b,dummy-lora-7b-rank-8-3,609,5,48.563792106377804
590,huggyllama/llama-7b,dummy-lora-7b-rank-64-1,230,3,48.56865153318794
591,huggyllama/llama-7b,dummy-lora-7b-rank-64-3,611,30,48.63115606549426
592,huggyllama/llama-7b,dummy-lora-7b-rank-128-4,552,21,48.680932488626645
593,huggyllama/llama-7b,dummy-lora-7b-rank-8-1,219,56,48.71904777064212
594,huggyllama/llama-7b,dummy-lora-7b-rank-128-4,595,21,48.766426315453465
595,huggyllama/llama-7b,dummy-lora-7b-rank-128-0,309,57,48.82530111816392
596,huggyllama/llama-7b,dummy-lora-7b-rank-16-2,227,41,48.83316838916374
597,huggyllama/llama-7b,dummy-lora-7b-rank-16-2,331,8,48.893167736505646
598,huggyllama/llama-7b,dummy-lora-7b-rank-128-4,574,23,48.902409729086244
599,huggyllama/llama-7b,dummy-lora-7b-rank-8-1,442,52,48.92975018524286
600,huggyllama/llama-7b,dummy-lora-7b-rank-32-1,282,60,49.00419506400633
601,huggyllama/llama-7b,dummy-lora-7b-rank-16-4,600,2,49.0195516233249
602,huggyllama/llama-7b,dummy-lora-7b-rank-128-1,406,95,49.11479625892966
603,huggyllama/llama-7b,dummy-lora-7b-rank-128-2,775,89,49.14699697097731
604,huggyllama/llama-7b,dummy-lora-7b-rank-128-3,564,27,49.15001518475897
605,huggyllama/llama-7b,dummy-lora-7b-rank-8-1,193,52,49.16578195038357
606,huggyllama/llama-7b,dummy-lora-7b-rank-128-0,614,36,49.24456201421238
607,huggyllama/llama-7b,dummy-lora-7b-rank-8-4,660,48,49.29616309885013
608,huggyllama/llama-7b,dummy-lora-7b-rank-64-2,479,45,49.33065676075795
609,huggyllama/llama-7b,dummy-lora-7b-rank-128-1,613,24,49.44840773207159
610,huggyllama/llama-7b,dummy-lora-7b-rank-8-1,582,12,49.5317884150099
611,huggyllama/llama-7b,dummy-lora-7b-rank-128-0,921,3,49.56606026648714
612,huggyllama/llama-7b,dummy-lora-7b-rank-128-0,395,55,49.58011416443979
613,huggyllama/llama-7b,dummy-lora-7b-rank-32-0,290,92,49.62560758392688
614,huggyllama/llama-7b,dummy-lora-7b-rank-128-0,552,21,49.638948447261
615,huggyllama/llama-7b,dummy-lora-7b-rank-128-1,183,5,49.70116327194482
616,huggyllama/llama-7b,dummy-lora-7b-rank-64-0,396,67,49.711964566386115
617,huggyllama/llama-7b,dummy-lora-7b-rank-8-3,596,3,49.86883024300169
618,huggyllama/llama-7b,dummy-lora-7b-rank-128-1,116,89,49.87613800881885
619,huggyllama/llama-7b,dummy-lora-7b-rank-128-1,634,39,49.88661020097471
620,huggyllama/llama-7b,dummy-lora-7b-rank-128-3,432,101,49.90802959305798
621,huggyllama/llama-7b,dummy-lora-7b-rank-8-0,556,21,49.9607734385461
622,huggyllama/llama-7b,dummy-lora-7b-rank-128-2,643,37,49.97194433961539
623,huggyllama/llama-7b,dummy-lora-7b-rank-128-0,564,21,49.985282056190535
624,huggyllama/llama-7b,dummy-lora-7b-rank-8-3,195,51,52.00585485640285
625,huggyllama/llama-7b,dummy-lora-7b-rank-16-2,558,22,52.02543106893954
626,huggyllama/llama-7b,dummy-lora-7b-rank-16-4,550,18,52.032246365292046
627,huggyllama/llama-7b,dummy-lora-7b-rank-128-4,94,49,52.11000321253482
628,huggyllama/llama-7b,dummy-lora-7b-rank-128-1,327,6,52.193061948591655
629,huggyllama/llama-7b,dummy-lora-7b-rank-128-1,607,23,52.4115665891341
630,huggyllama/llama-7b,dummy-lora-7b-rank-128-4,53,61,52.49762804444994
631,huggyllama/llama-7b,dummy-lora-7b-rank-128-0,584,38,52.51447692574854
632,huggyllama/llama-7b,dummy-lora-7b-rank-16-4,548,17,52.54223418811124
633,huggyllama/llama-7b,dummy-lora-7b-rank-16-1,875,45,52.56102389890072
634,huggyllama/llama-7b,dummy-lora-7b-rank-128-2,333,154,52.575438677677916
635,huggyllama/llama-7b,dummy-lora-7b-rank-64-1,534,45,52.60637703204567
636,huggyllama/llama-7b,dummy-lora-7b-rank-128-1,263,49,52.60690626290197
637,huggyllama/llama-7b,dummy-lora-7b-rank-128-1,313,45,52.641910460042496
638,huggyllama/llama-7b,dummy-lora-7b-rank-16-4,243,137,52.68142980470824
639,huggyllama/llama-7b,dummy-lora-7b-rank-32-4,550,18,52.69185155866396
640,huggyllama/llama-7b,dummy-lora-7b-rank-32-3,419,18,52.715139868608034
641,huggyllama/llama-7b,dummy-lora-7b-rank-64-3,150,70,52.73887678323233
642,huggyllama/llama-7b,dummy-lora-7b-rank-128-3,631,11,52.75257438451764
643,huggyllama/llama-7b,dummy-lora-7b-rank-128-0,494,72,52.84456442038634
644,huggyllama/llama-7b,dummy-lora-7b-rank-128-0,502,36,52.8673275866704
645,huggyllama/llama-7b,dummy-lora-7b-rank-32-4,697,10,52.873782009281804
646,huggyllama/llama-7b,dummy-lora-7b-rank-128-2,568,27,52.9446151508353
647,huggyllama/llama-7b,dummy-lora-7b-rank-8-0,550,10,52.94477960269176
648,huggyllama/llama-7b,dummy-lora-7b-rank-8-0,439,57,52.9505494512662
649,huggyllama/llama-7b,dummy-lora-7b-rank-32-3,603,19,53.03117789270028
650,huggyllama/llama-7b,dummy-lora-7b-rank-16-2,302,3,53.065072782210684
651,huggyllama/llama-7b,dummy-lora-7b-rank-128-3,593,70,53.15709375753664
652,huggyllama/llama-7b,dummy-lora-7b-rank-32-0,420,15,53.17212162909614
653,huggyllama/llama-7b,dummy-lora-7b-rank-32-2,252,5,53.206685991009174
654,huggyllama/llama-7b,dummy-lora-7b-rank-128-1,343,183,53.29085049004671
655,huggyllama/llama-7b,dummy-lora-7b-rank-128-1,492,73,53.29215842557554
656,huggyllama/llama-7b,dummy-lora-7b-rank-128-0,606,31,53.30290301836192
657,huggyllama/llama-7b,dummy-lora-7b-rank-128-3,552,17,53.33502374591537
658,huggyllama/llama-7b,dummy-lora-7b-rank-64-4,596,60,53.33760191235451
659,huggyllama/llama-7b,dummy-lora-7b-rank-128-0,599,17,53.40476311488902
660,huggyllama/llama-7b,dummy-lora-7b-rank-16-2,546,16,53.41072756146552
661,huggyllama/llama-7b,dummy-lora-7b-rank-128-4,407,53,53.46233355530874
662,huggyllama/llama-7b,dummy-lora-7b-rank-128-3,596,24,53.65469270289959
663,huggyllama/llama-7b,dummy-lora-7b-rank-16-0,619,30,53.68549768170965
664,huggyllama/llama-7b,dummy-lora-7b-rank-128-3,605,32,53.69381670632654
665,huggyllama/llama-7b,dummy-lora-7b-rank-64-0,474,103,53.712790471865766
666,huggyllama/llama-7b,dummy-lora-7b-rank-64-3,372,65,53.76276888895375
667,huggyllama/llama-7b,dummy-lora-7b-rank-8-0,546,8,53.776604591645636
668,huggyllama/llama-7b,dummy-lora-7b-rank-128-2,749,48,53.840394366947166
669,huggyllama/llama-7b,dummy-lora-7b-rank-128-1,302,62,53.85502487746729
670,huggyllama/llama-7b,dummy-lora-7b-rank-16-3,323,127,53.87567946914842
671,huggyllama/llama-7b,dummy-lora-7b-rank-16-2,548,6,53.99677382792717
672,huggyllama/llama-7b,dummy-lora-7b-rank-16-1,192,49,56.04082683691174
673,huggyllama/llama-7b,dummy-lora-7b-rank-128-3,634,3,56.055790401655294
674,huggyllama/llama-7b,dummy-lora-7b-rank-32-4,355,50,56.16208663647493
675,huggyllama/llama-7b,dummy-lora-7b-rank-32-0,558,22,56.178914520216956
676,huggyllama/llama-7b,dummy-lora-7b-rank-32-1,535,56,56.186857967940576
677,huggyllama/llama-7b,dummy-lora-7b-rank-8-2,558,18,56.24134365872704
678,huggyllama/llama-7b,dummy-lora-7b-rank-128-3,267,53,56.29541765470566
679,huggyllama/llama-7b,dummy-lora-7b-rank-128-1,582,11,56.306798863805625
680,huggyllama/llama-7b,dummy-lora-7b-rank-128-1,366,220,56.438227467824554
681,huggyllama/llama-7b,dummy-lora-7b-rank-64-3,654,56,56.48502262387181
682,huggyllama/llama-7b,dummy-lora-7b-rank-16-0,558,24,56.489199121642244
683,huggyllama/llama-7b,dummy-lora-7b-rank-128-0,346,7,56.50877820777258
684,huggyllama/llama-7b,dummy-lora-7b-rank-128-3,550,5,56.544027898109825
685,huggyllama/llama-7b,dummy-lora-7b-rank-128-0,108,7,56.55261416035571
686,huggyllama/llama-7b,dummy-lora-7b-rank-128-1,406,7,56.575666106886715
687,huggyllama/llama-7b,dummy-lora-7b-rank-32-2,541,12,56.59521726139957
688,huggyllama/llama-7b,dummy-lora-7b-rank-128-2,259,54,56.601166019260525
689,huggyllama/llama-7b,dummy-lora-7b-rank-64-0,349,39,56.617053491509104
690,huggyllama/llama-7b,dummy-lora-7b-rank-128-3,499,9,56.675957837054476
691,huggyllama/llama-7b,dummy-lora-7b-rank-16-1,403,47,56.688987441589184
692,huggyllama/llama-7b,dummy-lora-7b-rank-8-1,609,18,56.70084924317394
693,huggyllama/llama-7b,dummy-lora-7b-rank-64-2,428,75,56.71886573192466
694,huggyllama/llama-7b,dummy-lora-7b-rank-128-1,582,37,56.75228487066001
695,huggyllama/llama-7b,dummy-lora-7b-rank-16-0,232,99,56.81132138837054
696,huggyllama/llama-7b,dummy-lora-7b-rank-128-3,377,63,56.851231883586124
697,huggyllama/llama-7b,dummy-lora-7b-rank-128-3,298,9,56.88245346611012
698,huggyllama/llama-7b,dummy-lora-7b-rank-64-0,296,64,56.89519437398268
699,huggyllama/llama-7b,dummy-lora-7b-rank-128-3,560,23,56.92319989383733
700,huggyllama/llama-7b,dummy-lora-7b-rank-8-3,663,48,56.94544367653859
701,huggyllama/llama-7b,dummy-lora-7b-rank-64-4,759,42,56.95437559616378
702,huggyllama/llama-7b,dummy-lora-7b-rank-128-0,281,41,57.085517947171766
703,huggyllama/llama-7b,dummy-lora-7b-rank-128-4,560,14,57.151279515397434
704,huggyllama/llama-7b,dummy-lora-7b-rank-128-0,231,118,57.18906877330481
705,huggyllama/llama-7b,dummy-lora-7b-rank-64-1,572,32,57.24649300656439
706,huggyllama/llama-7b,dummy-lora-7b-rank-32-4,242,3,57.26673276984062
707,huggyllama/llama-7b,dummy-lora-7b-rank-8-4,285,50,57.283591254635596
708,huggyllama/llama-7b,dummy-lora-7b-rank-32-2,646,31,57.365100883641055
709,huggyllama/llama-7b,dummy-lora-7b-rank-128-3,556,21,57.383093590113646
710,huggyllama/llama-7b,dummy-lora-7b-rank-64-0,705,41,57.466924565338694
711,huggyllama/llama-7b,dummy-lora-7b-rank-128-3,709,8,57.55209131008406
712,huggyllama/llama-7b,dummy-lora-7b-rank-128-2,707,134,57.559230363522495
713,huggyllama/llama-7b,dummy-lora-7b-rank-16-0,206,48,57.565201455853085
714,huggyllama/llama-7b,dummy-lora-7b-rank-64-1,197,38,57.56931803963979
715,huggyllama/llama-7b,dummy-lora-7b-rank-128-2,324,172,57.58718769651895
716,huggyllama/llama-7b,dummy-lora-7b-rank-128-0,657,30,57.64242147172389
717,huggyllama/llama-7b,dummy-lora-7b-rank-128-2,619,22,57.674191182711795
718,huggyllama/llama-7b,dummy-lora-7b-rank-64-1,585,11,57.883106263223404
719,huggyllama/llama-7b,dummy-lora-7b-rank-8-3,546,16,57.93940008227707
720,huggyllama/llama-7b,dummy-lora-7b-rank-16-4,564,17,60.058681461982495
721,huggyllama/llama-7b,dummy-lora-7b-rank-64-1,458,5,60.09414524888959
722,huggyllama/llama-7b,dummy-lora-7b-rank-128-1,748,20,60.100575709411444
723,huggyllama/llama-7b,dummy-lora-7b-rank-32-3,560,23,60.1694228814581
724,huggyllama/llama-7b,dummy-lora-7b-rank-128-0,379,53,60.18797850145575
725,huggyllama/llama-7b,dummy-lora-7b-rank-128-2,619,24,60.194343062679046
726,huggyllama/llama-7b,dummy-lora-7b-rank-128-1,403,43,60.27305491046835
727,huggyllama/llama-7b,dummy-lora-7b-rank-128-2,477,12,60.3553301788182
728,huggyllama/llama-7b,dummy-lora-7b-rank-32-2,511,13,60.367033926830906
729,huggyllama/llama-7b,dummy-lora-7b-rank-16-3,229,96,60.51226388141722
730,huggyllama/llama-7b,dummy-lora-7b-rank-8-2,512,11,60.5303024555413
731,huggyllama/llama-7b,dummy-lora-7b-rank-128-3,695,44,60.54189231141933
732,huggyllama/llama-7b,dummy-lora-7b-rank-8-3,104,37,60.54340133029655
733,huggyllama/llama-7b,dummy-lora-7b-rank-128-1,552,19,60.564832462176454
734,huggyllama/llama-7b,dummy-lora-7b-rank-128-4,524,43,60.585303875027265
735,huggyllama/llama-7b,dummy-lora-7b-rank-128-4,296,53,60.58623639104031
736,huggyllama/llama-7b,dummy-lora-7b-rank-64-4,815,30,60.74652365554854
737,huggyllama/llama-7b,dummy-lora-7b-rank-64-0,476,6,60.75043032532754
738,huggyllama/llama-7b,dummy-lora-7b-rank-128-4,492,41,60.765990143447816
739,huggyllama/llama-7b,dummy-lora-7b-rank-8-1,946,92,60.767694815465234
740,huggyllama/llama-7b,dummy-lora-7b-rank-128-3,801,113,60.84995561461671
741,huggyllama/llama-7b,dummy-lora-7b-rank-128-3,338,170,60.860020421469876
742,huggyllama/llama-7b,dummy-lora-7b-rank-64-2,208,3,61.10720669723615
743,huggyllama/llama-7b,dummy-lora-7b-rank-128-4,558,23,61.13698802138023
744,huggyllama/llama-7b,dummy-lora-7b-rank-64-2,455,43,61.1429074130958
745,huggyllama/llama-7b,dummy-lora-7b-rank-128-0,548,16,61.162162430178945
746,huggyllama/llama-7b,dummy-lora-7b-rank-32-4,396,33,61.169955563836595
747,huggyllama/llama-7b,dummy-lora-7b-rank-128-0,596,11,61.17444098580682
748,huggyllama/llama-7b,dummy-lora-7b-rank-128-4,550,20,61.26875971177416
749,huggyllama/llama-7b,dummy-lora-7b-rank-64-2,407,117,61.31545370650548
750,huggyllama/llama-7b,dummy-lora-7b-rank-128-3,496,8,61.359290027668315
751,huggyllama/llama-7b,dummy-lora-7b-rank-128-2,576,34,61.37576558180531
752,huggyllama/llama-7b,dummy-lora-7b-rank-32-2,322,5,61.38071666650718
753,huggyllama/llama-7b,dummy-lora-7b-rank-32-4,548,17,61.42670997182056
754,huggyllama/llama-7b,dummy-lora-7b-rank-8-2,347,85,61.43503514659074
755,huggyllama/llama-7b,dummy-lora-7b-rank-128-4,720,96,61.452001685948794
756,huggyllama/llama-7b,dummy-lora-7b-rank-32-3,303,175,61.473224142793065
757,huggyllama/llama-7b,dummy-lora-7b-rank-128-4,153,121,61.566989420246884
758,huggyllama/llama-7b,dummy-lora-7b-rank-128-4,102,76,61.61389533469941
759,huggyllama/llama-7b,dummy-lora-7b-rank-128-2,191,43,61.65630540088977
760,huggyllama/llama-7b,dummy-lora-7b-rank-128-3,748,8,61.70543074157496
761,huggyllama/llama-7b,dummy-lora-7b-rank-32-4,699,8,61.72587826965105
762,huggyllama/llama-7b,dummy-lora-7b-rank-64-0,77,40,61.76863075919849
763,huggyllama/llama-7b,dummy-lora-7b-rank-32-3,150,46,61.784041770788896
764,huggyllama/llama-7b,dummy-lora-7b-rank-128-3,229,3,61.89771802805764
765,huggyllama/llama-7b,dummy-lora-7b-rank-32-4,552,19,61.92585813400653
766,huggyllama/llama-7b,dummy-lora-7b-rank-64-3,540,61,61.93717865553673
767,huggyllama/llama-7b,dummy-lora-7b-rank-128-2,270,49,61.99358481177151
768,huggyllama/llama-7b,dummy-lora-7b-rank-128-2,393,7,64.05438501283095
769,huggyllama/llama-7b,dummy-lora-7b-rank-128-1,564,27,64.15359851566531
770,huggyllama/llama-7b,dummy-lora-7b-rank-128-3,597,16,64.1566634069429
771,huggyllama/llama-7b,dummy-lora-7b-rank-128-3,550,11,64.24581261875237
772,huggyllama/llama-7b,dummy-lora-7b-rank-64-0,308,82,64.30685903347685
773,huggyllama/llama-7b,dummy-lora-7b-rank-128-4,555,7,64.31014874646807
774,huggyllama/llama-7b,dummy-lora-7b-rank-128-1,187,57,64.35193478305955
775,huggyllama/llama-7b,dummy-lora-7b-rank-128-3,667,47,64.36724046071025
776,huggyllama/llama-7b,dummy-lora-7b-rank-64-4,929,39,64.3765038518067
777,huggyllama/llama-7b,dummy-lora-7b-rank-32-1,613,3,64.41975827925386
778,huggyllama/llama-7b,dummy-lora-7b-rank-64-1,298,16,64.42139582271095
779,huggyllama/llama-7b,dummy-lora-7b-rank-128-1,422,57,64.47260279173898
780,huggyllama/llama-7b,dummy-lora-7b-rank-8-2,455,49,64.48810014990637
781,huggyllama/llama-7b,dummy-lora-7b-rank-128-3,638,48,64.56823625632279
782,huggyllama/llama-7b,dummy-lora-7b-rank-128-0,324,40,64.6390906223648
783,huggyllama/llama-7b,dummy-lora-7b-rank-128-4,554,20,64.64609498312736
784,huggyllama/llama-7b,dummy-lora-7b-rank-128-1,619,14,64.67702686201608
785,huggyllama/llama-7b,dummy-lora-7b-rank-16-4,280,48,64.7666312196025
786,huggyllama/llama-7b,dummy-lora-7b-rank-16-0,225,51,64.82524189027546
787,huggyllama/llama-7b,dummy-lora-7b-rank-128-4,444,17,64.85997823430202
788,huggyllama/llama-7b,dummy-lora-7b-rank-32-1,562,27,64.90575358791432
789,huggyllama/llama-7b,dummy-lora-7b-rank-128-4,364,44,64.91548818934446
790,huggyllama/llama-7b,dummy-lora-7b-rank-128-2,98,69,64.93496947624688
791,huggyllama/llama-7b,dummy-lora-7b-rank-128-0,434,12,65.04199102648008
792,huggyllama/llama-7b,dummy-lora-7b-rank-128-4,554,12,65.0592640143937
793,huggyllama/llama-7b,dummy-lora-7b-rank-128-0,573,15,65.11944133608773
794,huggyllama/llama-7b,dummy-lora-7b-rank-32-0,648,17,65.12436563407178
795,huggyllama/llama-7b,dummy-lora-7b-rank-64-0,416,9,65.13407648971445
796,huggyllama/llama-7b,dummy-lora-7b-rank-128-0,346,12,65.1802332334293
797,huggyllama/llama-7b,dummy-lora-7b-rank-32-2,592,41,65.21237522367825
798,huggyllama/llama-7b,dummy-lora-7b-rank-128-0,54,50,65.37316128794242
799,huggyllama/llama-7b,dummy-lora-7b-rank-32-4,415,43,65.38602005194686
800,huggyllama/llama-7b,dummy-lora-7b-rank-128-1,340,13,65.44254015358868
801,huggyllama/llama-7b,dummy-lora-7b-rank-8-3,277,59,65.45081417983427
802,huggyllama/llama-7b,dummy-lora-7b-rank-128-4,552,19,65.50426987595367
803,huggyllama/llama-7b,dummy-lora-7b-rank-64-2,562,26,65.61410328999189
804,huggyllama/llama-7b,dummy-lora-7b-rank-128-4,636,63,65.63237345018402
805,huggyllama/llama-7b,dummy-lora-7b-rank-128-2,400,143,65.69369907274306
806,huggyllama/llama-7b,dummy-lora-7b-rank-32-3,387,37,65.69583363787721
807,huggyllama/llama-7b,dummy-lora-7b-rank-128-1,323,51,65.72891362724067
808,huggyllama/llama-7b,dummy-lora-7b-rank-8-4,115,55,65.75446396585347
809,huggyllama/llama-7b,dummy-lora-7b-rank-32-2,422,64,65.77302805462291
810,huggyllama/llama-7b,dummy-lora-7b-rank-16-0,442,199,65.78075831131625
811,huggyllama/llama-7b,dummy-lora-7b-rank-128-0,560,25,65.82711362915454
812,huggyllama/llama-7b,dummy-lora-7b-rank-128-1,556,21,65.83071407430957
813,huggyllama/llama-7b,dummy-lora-7b-rank-128-1,337,34,65.83365898015104
814,huggyllama/llama-7b,dummy-lora-7b-rank-128-4,554,18,65.85037436301597
815,huggyllama/llama-7b,dummy-lora-7b-rank-128-0,764,8,65.90066474921602
816,huggyllama/llama-7b,dummy-lora-7b-rank-16-4,610,45,68.0065402491518
817,huggyllama/llama-7b,dummy-lora-7b-rank-128-0,561,13,68.07244090329533
818,huggyllama/llama-7b,dummy-lora-7b-rank-64-2,709,40,68.1068137138158
819,huggyllama/llama-7b,dummy-lora-7b-rank-16-0,548,19,68.1223279299099
820,huggyllama/llama-7b,dummy-lora-7b-rank-64-3,282,40,68.18665311952853
821,huggyllama/llama-7b,dummy-lora-7b-rank-64-2,166,104,68.19239419942858
822,huggyllama/llama-7b,dummy-lora-7b-rank-128-4,881,8,68.29902841660234
823,huggyllama/llama-7b,dummy-lora-7b-rank-128-4,524,67,68.30351290423762
824,huggyllama/llama-7b,dummy-lora-7b-rank-64-3,570,22,68.30372343685106
825,huggyllama/llama-7b,dummy-lora-7b-rank-16-1,507,51,68.37006503942175
826,huggyllama/llama-7b,dummy-lora-7b-rank-128-2,172,112,68.37794669548852
827,huggyllama/llama-7b,dummy-lora-7b-rank-16-4,431,175,68.46940292142928
828,huggyllama/llama-7b,dummy-lora-7b-rank-128-3,392,87,68.49939838842789
829,huggyllama/llama-7b,dummy-lora-7b-rank-128-3,798,3,68.5082523879913
830,huggyllama/llama-7b,dummy-lora-7b-rank-8-1,289,11,68.53134383694201
831,huggyllama/llama-7b,dummy-lora-7b-rank-128-2,552,46,68.55858043074655
832,huggyllama/llama-7b,dummy-lora-7b-rank-128-0,717,55,68.60834699472073
833,huggyllama/llama-7b,dummy-lora-7b-rank-32-0,834,54,68.69347523527068
834,huggyllama/llama-7b,dummy-lora-7b-rank-16-0,554,22,68.73043086631611
835,huggyllama/llama-7b,dummy-lora-7b-rank-8-2,289,6,68.74862375764413
836,huggyllama/llama-7b,dummy-lora-7b-rank-64-4,538,12,68.75631347721149
837,huggyllama/llama-7b,dummy-lora-7b-rank-16-0,584,7,68.75655152712625
838,huggyllama/llama-7b,dummy-lora-7b-rank-128-2,179,175,68.87271725382809
839,huggyllama/llama-7b,dummy-lora-7b-rank-32-0,586,8,68.9336737568987
840,huggyllama/llama-7b,dummy-lora-7b-rank-64-1,320,46,68.9700775479638
841,huggyllama/llama-7b,dummy-lora-7b-rank-128-3,360,248,69.0632441700022
842,huggyllama/llama-7b,dummy-lora-7b-rank-8-4,324,10,69.09847313421267
843,huggyllama/llama-7b,dummy-lora-7b-rank-16-1,743,19,69.11896165130162
844,huggyllama/llama-7b,dummy-lora-7b-rank-128-1,882,150,69.15740336621495
845,huggyllama/llama-7b,dummy-lora-7b-rank-128-2,578,32,69.21110316228724
846,huggyllama/llama-7b,dummy-lora-7b-rank-128-0,133,96,69.2650444082622
847,huggyllama/llama-7b,dummy-lora-7b-rank-16-0,552,21,69.34401958410538
848,huggyllama/llama-7b,dummy-lora-7b-rank-64-3,557,8,69.38065762417969
849,huggyllama/llama-7b,dummy-lora-7b-rank-128-1,356,163,69.38157895896258
850,huggyllama/llama-7b,dummy-lora-7b-rank-32-3,180,52,69.39286209431705
851,huggyllama/llama-7b,dummy-lora-7b-rank-128-0,650,7,69.39565096535961
852,huggyllama/llama-7b,dummy-lora-7b-rank-64-0,544,15,69.40011538323486
853,huggyllama/llama-7b,dummy-lora-7b-rank-8-2,231,67,69.40525960161926
854,huggyllama/llama-7b,dummy-lora-7b-rank-8-0,322,56,69.44289701888975
855,huggyllama/llama-7b,dummy-lora-7b-rank-64-2,348,48,69.45575518989729
856,huggyllama/llama-7b,dummy-lora-7b-rank-32-0,562,27,69.49706859703362
857,huggyllama/llama-7b,dummy-lora-7b-rank-64-0,138,44,69.51770073315058
858,huggyllama/llama-7b,dummy-lora-7b-rank-128-1,508,64,69.74679731917918
859,huggyllama/llama-7b,dummy-lora-7b-rank-32-2,162,48,69.83508192189976
860,huggyllama/llama-7b,dummy-lora-7b-rank-128-4,144,68,69.85730715121292
861,huggyllama/llama-7b,dummy-lora-7b-rank-128-3,206,134,69.89476752969955
862,huggyllama/llama-7b,dummy-lora-7b-rank-128-3,320,46,69.94410195929188
863,huggyllama/llama-7b,dummy-lora-7b-rank-8-4,717,59,69.96271891323586
864,huggyllama/llama-7b,dummy-lora-7b-rank-32-4,556,20,72.00757699393843
865,huggyllama/llama-7b,dummy-lora-7b-rank-128-0,296,19,72.03945573866032
866,huggyllama/llama-7b,dummy-lora-7b-rank-128-2,182,46,72.10734040899892
867,huggyllama/llama-7b,dummy-lora-7b-rank-128-0,590,49,72.11242285251454
868,huggyllama/llama-7b,dummy-lora-7b-rank-8-2,554,20,72.23782733999921
869,huggyllama/llama-7b,dummy-lora-7b-rank-64-1,210,50,72.28258421761396
870,huggyllama/llama-7b,dummy-lora-7b-rank-64-2,361,14,72.3514042271648
871,huggyllama/llama-7b,dummy-lora-7b-rank-8-2,464,12,72.39386747249773
872,huggyllama/llama-7b,dummy-lora-7b-rank-16-2,561,24,72.40973710741567
873,huggyllama/llama-7b,dummy-lora-7b-rank-128-2,560,15,72.56046965808201
874,huggyllama/llama-7b,dummy-lora-7b-rank-64-3,300,42,72.57566085360563
875,huggyllama/llama-7b,dummy-lora-7b-rank-8-4,552,22,72.73138115084622
876,huggyllama/llama-7b,dummy-lora-7b-rank-8-3,531,14,72.76823139523177
877,huggyllama/llama-7b,dummy-lora-7b-rank-32-3,550,18,72.87501542334113
878,huggyllama/llama-7b,dummy-lora-7b-rank-16-1,416,38,72.93027235923755
879,huggyllama/llama-7b,dummy-lora-7b-rank-32-0,562,25,73.04252053361174
880,huggyllama/llama-7b,dummy-lora-7b-rank-64-2,520,49,73.04900764752854
881,huggyllama/llama-7b,dummy-lora-7b-rank-64-4,578,34,73.05060228087802
882,huggyllama/llama-7b,dummy-lora-7b-rank-32-0,613,19,73.05864995959232
883,huggyllama/llama-7b,dummy-lora-7b-rank-32-3,550,18,73.09512669908126
884,huggyllama/llama-7b,dummy-lora-7b-rank-128-4,923,44,73.13484051878035
885,huggyllama/llama-7b,dummy-lora-7b-rank-64-3,271,207,73.1506305389265
886,huggyllama/llama-7b,dummy-lora-7b-rank-128-1,431,77,73.20318479722154
887,huggyllama/llama-7b,dummy-lora-7b-rank-32-1,584,18,73.29247878543246
888,huggyllama/llama-7b,dummy-lora-7b-rank-16-1,828,61,73.30845586731984
889,huggyllama/llama-7b,dummy-lora-7b-rank-128-4,402,7,73.32575036193448
890,huggyllama/llama-7b,dummy-lora-7b-rank-8-1,548,17,73.33852477867225
891,huggyllama/llama-7b,dummy-lora-7b-rank-64-4,204,3,73.34391381203802
892,huggyllama/llama-7b,dummy-lora-7b-rank-128-1,623,32,73.34544201907875
893,huggyllama/llama-7b,dummy-lora-7b-rank-128-2,342,42,73.36091884212047
894,huggyllama/llama-7b,dummy-lora-7b-rank-128-4,488,58,73.36744502315553
895,huggyllama/llama-7b,dummy-lora-7b-rank-128-4,188,46,73.3700007621243
896,huggyllama/llama-7b,dummy-lora-7b-rank-32-4,705,75,73.4102683197822
897,huggyllama/llama-7b,dummy-lora-7b-rank-16-1,486,4,73.42359610433161
898,huggyllama/llama-7b,dummy-lora-7b-rank-128-1,787,8,73.47474306936576
899,huggyllama/llama-7b,dummy-lora-7b-rank-32-2,558,22,73.52064748643141
900,huggyllama/llama-7b,dummy-lora-7b-rank-64-1,557,21,73.58765515030083
901,huggyllama/llama-7b,dummy-lora-7b-rank-32-0,119,42,73.65950142045178
902,huggyllama/llama-7b,dummy-lora-7b-rank-128-0,616,23,73.69392470945522
903,huggyllama/llama-7b,dummy-lora-7b-rank-128-4,833,43,73.71056683274679
904,huggyllama/llama-7b,dummy-lora-7b-rank-16-1,778,79,73.72892274893758
905,huggyllama/llama-7b,dummy-lora-7b-rank-128-3,237,176,73.7497912238278
906,huggyllama/llama-7b,dummy-lora-7b-rank-16-3,603,19,73.7705451513524
907,huggyllama/llama-7b,dummy-lora-7b-rank-8-3,460,51,73.87248666766517
908,huggyllama/llama-7b,dummy-lora-7b-rank-128-3,408,46,73.8839372309602
909,huggyllama/llama-7b,dummy-lora-7b-rank-32-3,512,48,73.89625529045352
910,huggyllama/llama-7b,dummy-lora-7b-rank-32-2,428,39,73.90316998275492
911,huggyllama/llama-7b,dummy-lora-7b-rank-32-1,340,43,73.91040446673897
912,huggyllama/llama-7b,dummy-lora-7b-rank-128-3,489,44,76.00160365737882
913,huggyllama/llama-7b,dummy-lora-7b-rank-8-2,327,42,76.0076176795088
914,huggyllama/llama-7b,dummy-lora-7b-rank-128-0,243,18,76.0081866727236
915,huggyllama/llama-7b,dummy-lora-7b-rank-128-4,713,41,76.06478662086265
916,huggyllama/llama-7b,dummy-lora-7b-rank-32-4,510,5,76.09255324328684
917,huggyllama/llama-7b,dummy-lora-7b-rank-128-3,657,30,76.10384657234397
918,huggyllama/llama-7b,dummy-lora-7b-rank-16-2,568,29,76.14922644171995
919,huggyllama/llama-7b,dummy-lora-7b-rank-16-0,558,24,76.18361961389544
920,huggyllama/llama-7b,dummy-lora-7b-rank-32-4,157,39,76.18834168405968
921,huggyllama/llama-7b,dummy-lora-7b-rank-64-2,671,54,76.21225732819022
922,huggyllama/llama-7b,dummy-lora-7b-rank-128-4,382,11,76.30371287631075
923,huggyllama/llama-7b,dummy-lora-7b-rank-128-1,384,58,76.35705474062601
924,huggyllama/llama-7b,dummy-lora-7b-rank-128-0,353,147,76.38518796076993
925,huggyllama/llama-7b,dummy-lora-7b-rank-128-4,222,4,76.46447830476609
926,huggyllama/llama-7b,dummy-lora-7b-rank-128-4,850,122,76.46469112218224
927,huggyllama/llama-7b,dummy-lora-7b-rank-64-3,537,9,76.50921345600415
928,huggyllama/llama-7b,dummy-lora-7b-rank-128-4,338,5,76.53601296264199
929,huggyllama/llama-7b,dummy-lora-7b-rank-128-3,698,31,76.58601150136664
930,huggyllama/llama-7b,dummy-lora-7b-rank-128-3,562,21,76.58692926443808
931,huggyllama/llama-7b,dummy-lora-7b-rank-8-1,661,95,76.67430371391427
932,huggyllama/llama-7b,dummy-lora-7b-rank-128-0,306,46,76.73355423659726
933,huggyllama/llama-7b,dummy-lora-7b-rank-16-0,832,12,76.73499599393523
934,huggyllama/llama-7b,dummy-lora-7b-rank-64-3,568,18,76.92169479268199
935,huggyllama/llama-7b,dummy-lora-7b-rank-128-4,719,23,77.01159569405903
936,huggyllama/llama-7b,dummy-lora-7b-rank-64-0,451,216,77.15094314771734
937,huggyllama/llama-7b,dummy-lora-7b-rank-128-2,180,6,77.16905001012358
938,huggyllama/llama-7b,dummy-lora-7b-rank-32-4,148,51,77.18004843479937
939,huggyllama/llama-7b,dummy-lora-7b-rank-128-0,276,100,77.22481531313606
940,huggyllama/llama-7b,dummy-lora-7b-rank-64-3,386,146,77.23468049287645
941,huggyllama/llama-7b,dummy-lora-7b-rank-16-4,485,47,77.24293437718241
942,huggyllama/llama-7b,dummy-lora-7b-rank-16-0,564,26,77.30520008771718
943,huggyllama/llama-7b,dummy-lora-7b-rank-8-1,717,75,77.3344380570472
944,huggyllama/llama-7b,dummy-lora-7b-rank-128-3,576,8,77.34169144577989
945,huggyllama/llama-7b,dummy-lora-7b-rank-16-3,570,25,77.34311566584006
946,huggyllama/llama-7b,dummy-lora-7b-rank-128-4,202,46,77.4733093442149
947,huggyllama/llama-7b,dummy-lora-7b-rank-32-0,566,28,77.48477941566632
948,huggyllama/llama-7b,dummy-lora-7b-rank-32-2,556,2,77.56567335572758
949,huggyllama/llama-7b,dummy-lora-7b-rank-64-4,937,9,77.57909694413992
950,huggyllama/llama-7b,dummy-lora-7b-rank-8-1,256,157,77.63219882590026
951,huggyllama/llama-7b,dummy-lora-7b-rank-128-2,322,42,77.73869835391686
952,huggyllama/llama-7b,dummy-lora-7b-rank-128-4,655,8,77.76577987373551
953,huggyllama/llama-7b,dummy-lora-7b-rank-128-4,323,20,77.78094293837968
954,huggyllama/llama-7b,dummy-lora-7b-rank-128-0,554,18,77.85017804316983
955,huggyllama/llama-7b,dummy-lora-7b-rank-128-2,326,171,77.86170124303328
956,huggyllama/llama-7b,dummy-lora-7b-rank-128-4,548,13,77.87431538793449
957,huggyllama/llama-7b,dummy-lora-7b-rank-32-1,610,35,77.8908742806785
958,huggyllama/llama-7b,dummy-lora-7b-rank-16-1,384,44,77.91343004624737
959,huggyllama/llama-7b,dummy-lora-7b-rank-128-3,563,2,77.92690922896685
960,huggyllama/llama-7b,dummy-lora-7b-rank-128-2,550,21,80.00345087992027
961,huggyllama/llama-7b,dummy-lora-7b-rank-128-2,500,12,80.14952956208447
962,huggyllama/llama-7b,dummy-lora-7b-rank-8-2,317,112,80.15252030832738
963,huggyllama/llama-7b,dummy-lora-7b-rank-128-1,552,11,80.17570259591734
964,huggyllama/llama-7b,dummy-lora-7b-rank-16-2,365,160,80.2034762024363
965,huggyllama/llama-7b,dummy-lora-7b-rank-128-1,207,40,80.20677312907739
966,huggyllama/llama-7b,dummy-lora-7b-rank-8-0,145,50,80.24319857994142
967,huggyllama/llama-7b,dummy-lora-7b-rank-16-1,557,23,80.26743054169907
968,huggyllama/llama-7b,dummy-lora-7b-rank-64-3,405,23,80.29287872999733
969,huggyllama/llama-7b,dummy-lora-7b-rank-32-0,271,45,80.30713168488279
970,huggyllama/llama-7b,dummy-lora-7b-rank-128-0,627,32,80.34972466463005
971,huggyllama/llama-7b,dummy-lora-7b-rank-8-2,564,17,80.47319562595007
972,huggyllama/llama-7b,dummy-lora-7b-rank-16-2,383,39,80.56083640875377
973,huggyllama/llama-7b,dummy-lora-7b-rank-32-0,479,50,80.64038509380663
974,huggyllama/llama-7b,dummy-lora-7b-rank-128-3,164,50,80.65519136322173
975,huggyllama/llama-7b,dummy-lora-7b-rank-128-3,603,19,80.67112704666059
976,huggyllama/llama-7b,dummy-lora-7b-rank-128-4,995,11,80.71423801258925
977,huggyllama/llama-7b,dummy-lora-7b-rank-128-3,544,117,80.7411079266884
978,huggyllama/llama-7b,dummy-lora-7b-rank-32-3,544,68,80.78566321806798
979,huggyllama/llama-7b,dummy-lora-7b-rank-128-1,502,49,80.8115700525271
980,huggyllama/llama-7b,dummy-lora-7b-rank-128-2,610,74,80.87315262101248
981,huggyllama/llama-7b,dummy-lora-7b-rank-32-4,81,35,80.93492131320549
982,huggyllama/llama-7b,dummy-lora-7b-rank-128-2,210,49,81.00615555162565
983,huggyllama/llama-7b,dummy-lora-7b-rank-8-1,455,54,81.06302199598515
984,huggyllama/llama-7b,dummy-lora-7b-rank-128-0,378,154,81.08727678159319
985,huggyllama/llama-7b,dummy-lora-7b-rank-64-1,861,10,81.13468894438826
986,huggyllama/llama-7b,dummy-lora-7b-rank-128-2,504,44,81.14056243903357
987,huggyllama/llama-7b,dummy-lora-7b-rank-128-0,588,40,81.15555134377166
988,huggyllama/llama-7b,dummy-lora-7b-rank-16-3,717,59,81.16817485526146
989,huggyllama/llama-7b,dummy-lora-7b-rank-32-3,599,16,81.17943884996163
990,huggyllama/llama-7b,dummy-lora-7b-rank-8-1,584,18,81.18018817418277
991,huggyllama/llama-7b,dummy-lora-7b-rank-32-1,488,6,81.18687462011998
992,huggyllama/llama-7b,dummy-lora-7b-rank-8-2,587,38,81.27600484541422
993,huggyllama/llama-7b,dummy-lora-7b-rank-128-4,678,37,81.35970746425687
994,huggyllama/llama-7b,dummy-lora-7b-rank-128-3,542,13,81.5123377392894
995,huggyllama/llama-7b,dummy-lora-7b-rank-128-4,596,11,81.54418011288844
996,huggyllama/llama-7b,dummy-lora-7b-rank-16-3,794,172,81.55668527033141
997,huggyllama/llama-7b,dummy-lora-7b-rank-32-4,1020,13,81.56752882552163
998,huggyllama/llama-7b,dummy-lora-7b-rank-128-2,260,46,81.57280997636612
999,huggyllama/llama-7b,dummy-lora-7b-rank-32-4,252,51,81.60800034008587
1000,huggyllama/llama-7b,dummy-lora-7b-rank-128-3,462,34,81.7028137533217
1001,huggyllama/llama-7b,dummy-lora-7b-rank-32-4,382,41,81.7957880754524
1002,huggyllama/llama-7b,dummy-lora-7b-rank-128-4,660,34,81.84644555684186
1003,huggyllama/llama-7b,dummy-lora-7b-rank-16-3,690,17,81.84780138821046
1004,huggyllama/llama-7b,dummy-lora-7b-rank-16-4,237,71,81.863797292642
1005,huggyllama/llama-7b,dummy-lora-7b-rank-16-3,641,11,81.88767732675065
1006,huggyllama/llama-7b,dummy-lora-7b-rank-128-0,500,121,81.94778433511325
1007,huggyllama/llama-7b,dummy-lora-7b-rank-8-3,566,28,81.96341487949289
1008,huggyllama/llama-7b,dummy-lora-7b-rank-16-0,680,20,84.02646652018504
1009,huggyllama/llama-7b,dummy-lora-7b-rank-128-4,611,41,84.09747268312947
1010,huggyllama/llama-7b,dummy-lora-7b-rank-128-0,440,44,84.11813251720707
1011,huggyllama/llama-7b,dummy-lora-7b-rank-128-0,548,50,84.1495669539235
1012,huggyllama/llama-7b,dummy-lora-7b-rank-128-4,554,12,84.16375277281745
1013,huggyllama/llama-7b,dummy-lora-7b-rank-8-2,562,26,84.24262562990991
1014,huggyllama/llama-7b,dummy-lora-7b-rank-8-1,370,8,84.34311946205779
1015,huggyllama/llama-7b,dummy-lora-7b-rank-16-4,550,18,84.39458383005112
1016,huggyllama/llama-7b,dummy-lora-7b-rank-8-2,189,3,84.55386971074935
1017,huggyllama/llama-7b,dummy-lora-7b-rank-8-4,121,19,84.65204000001147
1018,huggyllama/llama-7b,dummy-lora-7b-rank-64-4,554,20,84.72148028112407
1019,huggyllama/llama-7b,dummy-lora-7b-rank-8-3,552,19,84.75045310758311
1020,huggyllama/llama-7b,dummy-lora-7b-rank-128-0,702,61,84.79538049886098
1021,huggyllama/llama-7b,dummy-lora-7b-rank-16-1,233,150,84.80157534400323
1022,huggyllama/llama-7b,dummy-lora-7b-rank-64-1,527,6,84.805842838679
1023,huggyllama/llama-7b,dummy-lora-7b-rank-16-2,615,20,84.8110849134292
1024,huggyllama/llama-7b,dummy-lora-7b-rank-8-3,559,19,84.84929875102955
1025,huggyllama/llama-7b,dummy-lora-7b-rank-128-2,205,50,84.96683803606258
1026,huggyllama/llama-7b,dummy-lora-7b-rank-128-3,562,24,84.9842338611243
1027,huggyllama/llama-7b,dummy-lora-7b-rank-64-2,719,223,85.05024648596475
1028,huggyllama/llama-7b,dummy-lora-7b-rank-32-2,727,125,85.05995854805133
1029,huggyllama/llama-7b,dummy-lora-7b-rank-8-4,374,45,85.09760061189189
1030,huggyllama/llama-7b,dummy-lora-7b-rank-128-1,566,27,85.1925032967701
1031,huggyllama/llama-7b,dummy-lora-7b-rank-128-4,562,67,85.21686365614347
1032,huggyllama/llama-7b,dummy-lora-7b-rank-64-1,279,9,85.22700283284803
1033,huggyllama/llama-7b,dummy-lora-7b-rank-16-4,580,36,85.23308922422103
1034,huggyllama/llama-7b,dummy-lora-7b-rank-128-0,558,22,85.30842079093492
1035,huggyllama/llama-7b,dummy-lora-7b-rank-128-3,613,20,85.35754072684227
1036,huggyllama/llama-7b,dummy-lora-7b-rank-128-4,738,37,85.46854493572397
1037,huggyllama/llama-7b,dummy-lora-7b-rank-128-3,582,17,85.47290741517233
1038,huggyllama/llama-7b,dummy-lora-7b-rank-8-2,748,8,85.57226627043806
1039,huggyllama/llama-7b,dummy-lora-7b-rank-128-0,556,21,85.62088085071163
1040,huggyllama/llama-7b,dummy-lora-7b-rank-64-0,364,73,85.67099312836667
1041,huggyllama/llama-7b,dummy-lora-7b-rank-128-4,548,17,85.69248184632596
1042,huggyllama/llama-7b,dummy-lora-7b-rank-128-4,497,46,85.71214366693329
1043,huggyllama/llama-7b,dummy-lora-7b-rank-128-3,363,206,85.75581745618382
1044,huggyllama/llama-7b,dummy-lora-7b-rank-16-3,427,36,85.76256945770001
1045,huggyllama/llama-7b,dummy-lora-7b-rank-128-4,318,55,85.76612191708831
1046,huggyllama/llama-7b,dummy-lora-7b-rank-128-2,905,46,85.80914585695369
1047,huggyllama/llama-7b,dummy-lora-7b-rank-128-3,560,23,85.85582015203885
1048,huggyllama/llama-7b,dummy-lora-7b-rank-128-4,479,11,85.85640764600498
1049,huggyllama/llama-7b,dummy-lora-7b-rank-32-0,66,91,85.90364438353672
1050,huggyllama/llama-7b,dummy-lora-7b-rank-64-0,554,20,85.90463543253868
1051,huggyllama/llama-7b,dummy-lora-7b-rank-64-0,193,124,85.91919629188706
1052,huggyllama/llama-7b,dummy-lora-7b-rank-64-2,807,50,85.92940722028861
1053,huggyllama/llama-7b,dummy-lora-7b-rank-128-4,180,127,85.95243869084098
1054,huggyllama/llama-7b,dummy-lora-7b-rank-128-0,190,143,85.95483341738267
1055,huggyllama/llama-7b,dummy-lora-7b-rank-128-0,144,48,85.99425641323184
1056,huggyllama/llama-7b,dummy-lora-7b-rank-128-0,564,26,88.00451481863648
1057,huggyllama/llama-7b,dummy-lora-7b-rank-128-4,551,10,88.01013829206809
1058,huggyllama/llama-7b,dummy-lora-7b-rank-128-0,620,56,88.0372467341191
1059,huggyllama/llama-7b,dummy-lora-7b-rank-8-3,211,109,88.04511039601329
1060,huggyllama/llama-7b,dummy-lora-7b-rank-8-1,560,23,88.06083594337198
1061,huggyllama/llama-7b,dummy-lora-7b-rank-128-4,357,52,88.12246488352262
1062,huggyllama/llama-7b,dummy-lora-7b-rank-128-0,558,22,88.15369764617009
1063,huggyllama/llama-7b,dummy-lora-7b-rank-128-3,456,64,88.19944619805128
1064,huggyllama/llama-7b,dummy-lora-7b-rank-128-2,645,40,88.25669013699613
1065,huggyllama/llama-7b,dummy-lora-7b-rank-8-2,564,17,88.26976311699691
1066,huggyllama/llama-7b,dummy-lora-7b-rank-16-0,397,8,88.32369511912601
1067,huggyllama/llama-7b,dummy-lora-7b-rank-128-2,588,21,88.37599553431525
1068,huggyllama/llama-7b,dummy-lora-7b-rank-32-0,251,38,88.44231087513458
1069,huggyllama/llama-7b,dummy-lora-7b-rank-128-1,667,106,88.47498876096351
1070,huggyllama/llama-7b,dummy-lora-7b-rank-128-0,352,42,88.48794245824381
1071,huggyllama/llama-7b,dummy-lora-7b-rank-16-4,568,30,88.52659136320659
1072,huggyllama/llama-7b,dummy-lora-7b-rank-128-4,208,27,88.65913705174194
1073,huggyllama/llama-7b,dummy-lora-7b-rank-32-3,741,5,88.73284759523875
1074,huggyllama/llama-7b,dummy-lora-7b-rank-128-1,564,28,88.78729610213183
1075,huggyllama/llama-7b,dummy-lora-7b-rank-128-1,558,24,88.79671683212274
1076,huggyllama/llama-7b,dummy-lora-7b-rank-128-4,554,22,88.79856526238062
1077,huggyllama/llama-7b,dummy-lora-7b-rank-128-4,216,124,88.8098950923367
1078,huggyllama/llama-7b,dummy-lora-7b-rank-128-4,554,20,88.83623477072776
1079,huggyllama/llama-7b,dummy-lora-7b-rank-64-3,1001,39,89.00854233834774
1080,huggyllama/llama-7b,dummy-lora-7b-rank-64-0,654,22,89.02521588230765
1081,huggyllama/llama-7b,dummy-lora-7b-rank-128-0,561,17,89.03883138004261
1082,huggyllama/llama-7b,dummy-lora-7b-rank-64-3,1018,13,89.1594142805963
1083,huggyllama/llama-7b,dummy-lora-7b-rank-32-2,301,13,89.23402383372743
1084,huggyllama/llama-7b,dummy-lora-7b-rank-8-0,480,6,89.24446030054861
1085,huggyllama/llama-7b,dummy-lora-7b-rank-16-2,323,13,89.25265114204797
1086,huggyllama/llama-7b,dummy-lora-7b-rank-16-3,558,25,89.27083538021813
1087,huggyllama/llama-7b,dummy-lora-7b-rank-128-1,490,34,89.4058516926066
1088,huggyllama/llama-7b,dummy-lora-7b-rank-128-3,183,68,89.42853830725569
1089,huggyllama/llama-7b,dummy-lora-7b-rank-64-2,562,26,89.43774608586833
1090,huggyllama/llama-7b,dummy-lora-7b-rank-128-4,556,21,89.44113346526682
1091,huggyllama/llama-7b,dummy-lora-7b-rank-128-2,846,97,89.45713436092382
1092,huggyllama/llama-7b,dummy-lora-7b-rank-128-3,601,18,89.53181861446618
1093,huggyllama/llama-7b,dummy-lora-7b-rank-128-3,449,14,89.56104195586947
1094,huggyllama/llama-7b,dummy-lora-7b-rank-32-0,195,149,89.57058068474325
1095,huggyllama/llama-7b,dummy-lora-7b-rank-128-3,430,11,89.60236247583137
1096,huggyllama/llama-7b,dummy-lora-7b-rank-8-2,570,28,89.60830228893701
1097,huggyllama/llama-7b,dummy-lora-7b-rank-128-3,259,65,89.6287720971058
1098,huggyllama/llama-7b,dummy-lora-7b-rank-128-1,608,33,89.70113124947862
1099,huggyllama/llama-7b,dummy-lora-7b-rank-128-1,226,65,89.78315076759164
1100,huggyllama/llama-7b,dummy-lora-7b-rank-64-3,598,55,89.84708293911702
1101,huggyllama/llama-7b,dummy-lora-7b-rank-32-3,812,36,89.85134373091896
1102,huggyllama/llama-7b,dummy-lora-7b-rank-16-1,662,40,89.89564698974546
1103,huggyllama/llama-7b,dummy-lora-7b-rank-8-4,384,45,89.89992592076892
1104,huggyllama/llama-7b,dummy-lora-7b-rank-16-4,395,10,92.00611787629718
1105,huggyllama/llama-7b,dummy-lora-7b-rank-128-3,317,153,92.0198350795333
1106,huggyllama/llama-7b,dummy-lora-7b-rank-8-3,505,54,92.03675330213778
1107,huggyllama/llama-7b,dummy-lora-7b-rank-128-3,425,4,92.05777457125198
1108,huggyllama/llama-7b,dummy-lora-7b-rank-64-2,819,73,92.09864777845928
1109,huggyllama/llama-7b,dummy-lora-7b-rank-64-1,571,57,92.1009350376876
1110,huggyllama/llama-7b,dummy-lora-7b-rank-128-1,403,65,92.1365329805694
1111,huggyllama/llama-7b,dummy-lora-7b-rank-16-1,950,43,92.14280654128396
1112,huggyllama/llama-7b,dummy-lora-7b-rank-32-0,553,37,92.29239147208757
1113,huggyllama/llama-7b,dummy-lora-7b-rank-64-1,299,141,92.31963501005716
1114,huggyllama/llama-7b,dummy-lora-7b-rank-128-0,317,53,92.33155363299485
1115,huggyllama/llama-7b,dummy-lora-7b-rank-128-0,607,20,92.33363482064229
1116,huggyllama/llama-7b,dummy-lora-7b-rank-64-4,603,9,92.34553093773086
1117,huggyllama/llama-7b,dummy-lora-7b-rank-16-1,566,23,92.39178829936692
1118,huggyllama/llama-7b,dummy-lora-7b-rank-32-3,104,5,92.43700550178144
1119,huggyllama/llama-7b,dummy-lora-7b-rank-64-3,562,25,92.4484832292563
1120,huggyllama/llama-7b,dummy-lora-7b-rank-128-3,770,3,92.45071881398947
1121,huggyllama/llama-7b,dummy-lora-7b-rank-128-0,459,50,92.460588943168
1122,huggyllama/llama-7b,dummy-lora-7b-rank-8-4,602,21,92.53104412440585
1123,huggyllama/llama-7b,dummy-lora-7b-rank-16-2,245,46,92.62881400069135
1124,huggyllama/llama-7b,dummy-lora-7b-rank-16-4,459,11,92.66113330018221
1125,huggyllama/llama-7b,dummy-lora-7b-rank-128-2,562,27,92.69460600390607
1126,huggyllama/llama-7b,dummy-lora-7b-rank-128-2,228,41,92.75646563245482
1127,huggyllama/llama-7b,dummy-lora-7b-rank-16-0,436,55,92.93672105484879
1128,huggyllama/llama-7b,dummy-lora-7b-rank-128-1,554,20,92.97607030664263
1129,huggyllama/llama-7b,dummy-lora-7b-rank-128-1,400,34,93.00033803307375
1130,huggyllama/llama-7b,dummy-lora-7b-rank-8-0,284,186,93.09411917535725
1131,huggyllama/llama-7b,dummy-lora-7b-rank-128-3,661,8,93.13162909515387
1132,huggyllama/llama-7b,dummy-lora-7b-rank-128-2,654,18,93.20934469717909
1133,huggyllama/llama-7b,dummy-lora-7b-rank-16-1,249,124,93.29905042662439
1134,huggyllama/llama-7b,dummy-lora-7b-rank-16-0,876,98,93.34336114095575
1135,huggyllama/llama-7b,dummy-lora-7b-rank-64-1,562,16,93.36713209168578
1136,huggyllama/llama-7b,dummy-lora-7b-rank-128-1,514,124,93.389879553977
1137,huggyllama/llama-7b,dummy-lora-7b-rank-16-2,394,28,93.39977107645257
1138,huggyllama/llama-7b,dummy-lora-7b-rank-16-0,349,46,93.4278504953176
1139,huggyllama/llama-7b,dummy-lora-7b-rank-8-3,114,19,93.43922556589573
1140,huggyllama/llama-7b,dummy-lora-7b-rank-8-1,392,74,93.44532318315059
1141,huggyllama/llama-7b,dummy-lora-7b-rank-128-2,250,6,93.51527013698568
1142,huggyllama/llama-7b,dummy-lora-7b-rank-16-4,494,111,93.66275213501966
1143,huggyllama/llama-7b,dummy-lora-7b-rank-16-4,178,3,93.72167862939779
1144,huggyllama/llama-7b,dummy-lora-7b-rank-128-1,416,8,93.75189087699945
1145,huggyllama/llama-7b,dummy-lora-7b-rank-128-0,429,43,93.82542576102513
1146,huggyllama/llama-7b,dummy-lora-7b-rank-16-2,599,17,93.8966159396134
1147,huggyllama/llama-7b,dummy-lora-7b-rank-128-0,618,55,93.92104038380486
1148,huggyllama/llama-7b,dummy-lora-7b-rank-16-1,330,71,93.9359356343133
1149,huggyllama/llama-7b,dummy-lora-7b-rank-64-2,531,101,93.96162103381002
1150,huggyllama/llama-7b,dummy-lora-7b-rank-64-1,293,41,93.96615782531615
1151,huggyllama/llama-7b,dummy-lora-7b-rank-8-3,311,14,93.98359989589562
1152,huggyllama/llama-7b,dummy-lora-7b-rank-128-0,319,11,96.09135324365032
1153,huggyllama/llama-7b,dummy-lora-7b-rank-128-4,600,28,96.18707242205306
1154,huggyllama/llama-7b,dummy-lora-7b-rank-128-0,556,21,96.19646363285628
1155,huggyllama/llama-7b,dummy-lora-7b-rank-128-1,239,62,96.23887745908723
1156,huggyllama/llama-7b,dummy-lora-7b-rank-128-1,299,5,96.3224093120683
1157,huggyllama/llama-7b,dummy-lora-7b-rank-128-0,859,30,96.34340836053521
1158,huggyllama/llama-7b,dummy-lora-7b-rank-128-4,489,6,96.44450873143516
1159,huggyllama/llama-7b,dummy-lora-7b-rank-128-2,370,54,96.49963589572465
1160,huggyllama/llama-7b,dummy-lora-7b-rank-8-2,767,6,96.60516440786319
1161,huggyllama/llama-7b,dummy-lora-7b-rank-128-0,554,20,96.61672134436661
1162,huggyllama/llama-7b,dummy-lora-7b-rank-128-3,598,75,96.61719490440713
1163,huggyllama/llama-7b,dummy-lora-7b-rank-128-4,6,20,96.63423505935262
1164,huggyllama/llama-7b,dummy-lora-7b-rank-16-3,474,189,96.65277014052387
1165,huggyllama/llama-7b,dummy-lora-7b-rank-128-0,340,96,96.66828747334493
1166,huggyllama/llama-7b,dummy-lora-7b-rank-128-0,609,19,96.6720318652521
1167,huggyllama/llama-7b,dummy-lora-7b-rank-8-0,629,10,96.6963770090391
1168,huggyllama/llama-7b,dummy-lora-7b-rank-128-2,682,70,96.69804551765645
1169,huggyllama/llama-7b,dummy-lora-7b-rank-128-1,140,87,96.75876121572804
1170,huggyllama/llama-7b,dummy-lora-7b-rank-128-3,281,45,96.82037228191345
1171,huggyllama/llama-7b,dummy-lora-7b-rank-128-4,591,14,96.86355867699278
1172,huggyllama/llama-7b,dummy-lora-7b-rank-128-4,558,21,96.91252618093537
1173,huggyllama/llama-7b,dummy-lora-7b-rank-128-4,451,63,97.00316897989154
1174,huggyllama/llama-7b,dummy-lora-7b-rank-16-2,454,62,97.01570774026428
1175,huggyllama/llama-7b,dummy-lora-7b-rank-32-0,394,40,97.09717556593398
1176,huggyllama/llama-7b,dummy-lora-7b-rank-32-4,331,32,97.14209689962857
1177,huggyllama/llama-7b,dummy-lora-7b-rank-64-2,641,36,97.22610195152717
1178,huggyllama/llama-7b,dummy-lora-7b-rank-128-3,661,46,97.27414237475932
1179,huggyllama/llama-7b,dummy-lora-7b-rank-8-0,556,19,97.29737271186455
1180,huggyllama/llama-7b,dummy-lora-7b-rank-128-3,556,10,97.34688940341631
1181,huggyllama/llama-7b,dummy-lora-7b-rank-64-4,370,58,97.3695561463997
1182,huggyllama/llama-7b,dummy-lora-7b-rank-128-3,398,69,97.403319816484
1183,huggyllama/llama-7b,dummy-lora-7b-rank-128-2,311,99,97.42935928703676
1184,huggyllama/llama-7b,dummy-lora-7b-rank-64-3,709,10,97.44474277169058
1185,huggyllama/llama-7b,dummy-lora-7b-rank-128-2,492,49,97.48560544992525
1186,huggyllama/llama-7b,dummy-lora-7b-rank-128-1,612,20,97.52630767693307
1187,huggyllama/llama-7b,dummy-lora-7b-rank-128-4,486,64,97.57292293637175
1188,huggyllama/llama-7b,dummy-lora-7b-rank-16-1,562,24,97.57386563474914
1189,huggyllama/llama-7b,dummy-lora-7b-rank-16-4,562,24,97.61164968791188
1190,huggyllama/llama-7b,dummy-lora-7b-rank-64-0,287,56,97.64454903753037
1191,huggyllama/llama-7b,dummy-lora-7b-rank-128-3,270,3,97.74087126534842
1192,huggyllama/llama-7b,dummy-lora-7b-rank-128-4,556,22,97.7698864135214
1193,huggyllama/llama-7b,dummy-lora-7b-rank-128-1,441,53,97.79855434406991
1194,huggyllama/llama-7b,dummy-lora-7b-rank-16-1,550,16,97.86412282426487
1195,huggyllama/llama-7b,dummy-lora-7b-rank-128-1,885,53,97.87451743828825
1196,huggyllama/llama-7b,dummy-lora-7b-rank-128-4,235,117,97.87596215573183
1197,huggyllama/llama-7b,dummy-lora-7b-rank-8-4,467,14,97.88096647844807
1198,huggyllama/llama-7b,dummy-lora-7b-rank-32-0,568,27,97.88836334841707
1199,huggyllama/llama-7b,dummy-lora-7b-rank-128-3,618,9,97.9149658745632
1200,huggyllama/llama-7b,dummy-lora-7b-rank-128-2,807,47,100.01085030028297
1201,huggyllama/llama-7b,dummy-lora-7b-rank-128-4,54,48,100.04104382209827
1202,huggyllama/llama-7b,dummy-lora-7b-rank-32-3,201,42,100.0443719932248
1203,huggyllama/llama-7b,dummy-lora-7b-rank-128-4,556,23,100.06264897710118
1204,huggyllama/llama-7b,dummy-lora-7b-rank-128-4,276,45,100.06359059526402
1205,huggyllama/llama-7b,dummy-lora-7b-rank-128-3,559,8,100.06630690926028
1206,huggyllama/llama-7b,dummy-lora-7b-rank-128-1,558,24,100.18806003532382
1207,huggyllama/llama-7b,dummy-lora-7b-rank-16-3,548,17,100.22137006180563
1208,huggyllama/llama-7b,dummy-lora-7b-rank-128-1,1009,10,100.2383703698316
1209,huggyllama/llama-7b,dummy-lora-7b-rank-128-0,550,18,100.26151930357045
1210,huggyllama/llama-7b,dummy-lora-7b-rank-128-3,56,113,100.29781445204652
1211,huggyllama/llama-7b,dummy-lora-7b-rank-128-3,505,14,100.34185153300815
1212,huggyllama/llama-7b,dummy-lora-7b-rank-128-4,693,225,100.43377705007563
1213,huggyllama/llama-7b,dummy-lora-7b-rank-128-3,531,5,100.4608322906758
1214,huggyllama/llama-7b,dummy-lora-7b-rank-128-2,550,18,100.50279033808906
1215,huggyllama/llama-7b,dummy-lora-7b-rank-32-1,146,51,100.67588920536916
1216,huggyllama/llama-7b,dummy-lora-7b-rank-128-3,564,27,100.68481252336903
1217,huggyllama/llama-7b,dummy-lora-7b-rank-64-1,236,8,100.72728045978856
1218,huggyllama/llama-7b,dummy-lora-7b-rank-32-4,385,50,100.87834252843355
1219,huggyllama/llama-7b,dummy-lora-7b-rank-64-4,187,47,100.9384013900243
1220,huggyllama/llama-7b,dummy-lora-7b-rank-128-4,385,175,100.95736872478315
1221,huggyllama/llama-7b,dummy-lora-7b-rank-8-2,574,33,100.96389259869217
1222,huggyllama/llama-7b,dummy-lora-7b-rank-128-4,344,139,101.0163647215775
1223,huggyllama/llama-7b,dummy-lora-7b-rank-128-1,984,48,101.06617552725585
1224,huggyllama/llama-7b,dummy-lora-7b-rank-16-1,554,20,101.0698360616068
1225,huggyllama/llama-7b,dummy-lora-7b-rank-32-0,335,61,101.1034437094028
1226,huggyllama/llama-7b,dummy-lora-7b-rank-128-0,645,3,101.1340771931435
1227,huggyllama/llama-7b,dummy-lora-7b-rank-32-2,498,54,101.18062168406418
1228,huggyllama/llama-7b,dummy-lora-7b-rank-128-1,771,6,101.21967913384115
1229,huggyllama/llama-7b,dummy-lora-7b-rank-32-2,107,54,101.23739091717106
1230,huggyllama/llama-7b,dummy-lora-7b-rank-16-1,584,38,101.2487508943115
1231,huggyllama/llama-7b,dummy-lora-7b-rank-128-2,176,52,101.3941170156468
1232,huggyllama/llama-7b,dummy-lora-7b-rank-128-3,539,47,101.42129615078446
1233,huggyllama/llama-7b,dummy-lora-7b-rank-32-0,388,84,101.46547776732851
1234,huggyllama/llama-7b,dummy-lora-7b-rank-128-1,508,4,101.46953357337898
1235,huggyllama/llama-7b,dummy-lora-7b-rank-64-3,560,34,101.50411877153114
1236,huggyllama/llama-7b,dummy-lora-7b-rank-32-0,556,21,101.50851867576745
1237,huggyllama/llama-7b,dummy-lora-7b-rank-128-2,299,36,101.51075212352791
1238,huggyllama/llama-7b,dummy-lora-7b-rank-128-2,323,38,101.57376642966823
1239,huggyllama/llama-7b,dummy-lora-7b-rank-32-2,403,11,101.62950141481771
1240,huggyllama/llama-7b,dummy-lora-7b-rank-32-4,192,11,101.80811130615736
1241,huggyllama/llama-7b,dummy-lora-7b-rank-64-2,566,27,101.83987795510909
1242,huggyllama/llama-7b,dummy-lora-7b-rank-128-0,567,12,101.87400206793903
1243,huggyllama/llama-7b,dummy-lora-7b-rank-128-3,570,30,101.91304889487365
1244,huggyllama/llama-7b,dummy-lora-7b-rank-128-4,425,74,101.91452723440716
1245,huggyllama/llama-7b,dummy-lora-7b-rank-64-1,180,42,101.9161672484489
1246,huggyllama/llama-7b,dummy-lora-7b-rank-16-2,641,24,101.98088246278009
1247,huggyllama/llama-7b,dummy-lora-7b-rank-16-4,558,24,101.98095352909962
1248,huggyllama/llama-7b,dummy-lora-7b-rank-128-4,126,31,104.06057431418058
1249,huggyllama/llama-7b,dummy-lora-7b-rank-16-3,90,43,104.1051355392575
1250,huggyllama/llama-7b,dummy-lora-7b-rank-128-1,424,51,104.14824103380825
1251,huggyllama/llama-7b,dummy-lora-7b-rank-128-2,607,10,104.17205949940413
1252,huggyllama/llama-7b,dummy-lora-7b-rank-8-1,203,56,104.23596044956356
1253,huggyllama/llama-7b,dummy-lora-7b-rank-128-0,616,37,104.24414321065905
1254,huggyllama/llama-7b,dummy-lora-7b-rank-16-0,466,46,104.26890200421677
1255,huggyllama/llama-7b,dummy-lora-7b-rank-32-2,656,17,104.27161693655275
1256,huggyllama/llama-7b,dummy-lora-7b-rank-128-0,370,41,104.29059322907155
1257,huggyllama/llama-7b,dummy-lora-7b-rank-128-3,372,79,104.3094202954235
1258,huggyllama/llama-7b,dummy-lora-7b-rank-128-1,574,33,104.32233142778836
1259,huggyllama/llama-7b,dummy-lora-7b-rank-128-0,164,106,104.36767385892006
1260,huggyllama/llama-7b,dummy-lora-7b-rank-16-4,556,22,104.44681408854716
1261,huggyllama/llama-7b,dummy-lora-7b-rank-8-4,330,8,104.44788790745767
1262,huggyllama/llama-7b,dummy-lora-7b-rank-128-3,349,55,104.47073537630015
1263,huggyllama/llama-7b,dummy-lora-7b-rank-128-3,426,60,104.50494323619124
1264,huggyllama/llama-7b,dummy-lora-7b-rank-8-0,937,48,104.52248573752257
1265,huggyllama/llama-7b,dummy-lora-7b-rank-128-4,465,53,104.59122530781917
1266,huggyllama/llama-7b,dummy-lora-7b-rank-128-1,617,25,104.60069931076553
1267,huggyllama/llama-7b,dummy-lora-7b-rank-64-4,57,61,104.63568051547605
1268,huggyllama/llama-7b,dummy-lora-7b-rank-128-1,562,11,104.6453562548214
1269,huggyllama/llama-7b,dummy-lora-7b-rank-128-2,530,14,104.83355477997885
1270,huggyllama/llama-7b,dummy-lora-7b-rank-8-3,323,48,104.85055338230107
1271,huggyllama/llama-7b,dummy-lora-7b-rank-128-3,324,32,104.93572667986626
1272,huggyllama/llama-7b,dummy-lora-7b-rank-16-2,181,47,104.93736822313645
1273,huggyllama/llama-7b,dummy-lora-7b-rank-64-3,533,12,104.94181009218451
1274,huggyllama/llama-7b,dummy-lora-7b-rank-128-1,104,87,104.9604548042072
1275,huggyllama/llama-7b,dummy-lora-7b-rank-128-2,559,16,105.01046796400617
1276,huggyllama/llama-7b,dummy-lora-7b-rank-64-4,570,30,105.03943762816279
1277,huggyllama/llama-7b,dummy-lora-7b-rank-128-4,568,27,105.07702247511102
1278,huggyllama/llama-7b,dummy-lora-7b-rank-8-1,403,6,105.11153890154668
1279,huggyllama/llama-7b,dummy-lora-7b-rank-32-4,610,57,105.11911394880597
1280,huggyllama/llama-7b,dummy-lora-7b-rank-8-3,759,111,105.14245722525466
1281,huggyllama/llama-7b,dummy-lora-7b-rank-32-2,481,4,105.20575974467339
1282,huggyllama/llama-7b,dummy-lora-7b-rank-128-3,149,102,105.21312745542838
1283,huggyllama/llama-7b,dummy-lora-7b-rank-8-3,521,109,105.23880526308247
1284,huggyllama/llama-7b,dummy-lora-7b-rank-128-3,283,8,105.30972420208909
1285,huggyllama/llama-7b,dummy-lora-7b-rank-128-2,574,25,105.3854050286727
1286,huggyllama/llama-7b,dummy-lora-7b-rank-16-0,558,13,105.44555033508021
1287,huggyllama/llama-7b,dummy-lora-7b-rank-16-1,777,3,105.448226283145
1288,huggyllama/llama-7b,dummy-lora-7b-rank-64-2,286,87,105.47312887227818
1289,huggyllama/llama-7b,dummy-lora-7b-rank-8-0,447,148,105.48874898034619
1290,huggyllama/llama-7b,dummy-lora-7b-rank-64-0,58,35,105.6665216642795
1291,huggyllama/llama-7b,dummy-lora-7b-rank-128-1,556,45,105.6688633282061
1292,huggyllama/llama-7b,dummy-lora-7b-rank-32-0,582,37,105.67941892294338
1293,huggyllama/llama-7b,dummy-lora-7b-rank-32-4,175,3,105.69118297735415
1294,huggyllama/llama-7b,dummy-lora-7b-rank-16-3,190,39,105.70020147886015
1295,huggyllama/llama-7b,dummy-lora-7b-rank-128-4,856,249,105.74396475665115
1296,huggyllama/llama-7b,dummy-lora-7b-rank-128-2,1019,9,108.0112860139323
1297,huggyllama/llama-7b,dummy-lora-7b-rank-128-1,382,82,108.0527572235753
1298,huggyllama/llama-7b,dummy-lora-7b-rank-128-2,560,15,108.06768479476695
1299,huggyllama/llama-7b,dummy-lora-7b-rank-128-3,461,71,108.12102758022107
1300,huggyllama/llama-7b,dummy-lora-7b-rank-128-3,747,15,108.18171757921738
1301,huggyllama/llama-7b,dummy-lora-7b-rank-128-1,605,20,108.20139141314175
1302,huggyllama/llama-7b,dummy-lora-7b-rank-64-3,983,18,108.20421627976572
1303,huggyllama/llama-7b,dummy-lora-7b-rank-32-0,594,15,108.34308235998611
1304,huggyllama/llama-7b,dummy-lora-7b-rank-64-3,377,147,108.34970120807857
1305,huggyllama/llama-7b,dummy-lora-7b-rank-8-2,740,75,108.3626008218101
1306,huggyllama/llama-7b,dummy-lora-7b-rank-128-4,287,54,108.45226043337088
1307,huggyllama/llama-7b,dummy-lora-7b-rank-128-2,352,45,108.47682429652635
1308,huggyllama/llama-7b,dummy-lora-7b-rank-16-2,607,20,108.56906774901199
1309,huggyllama/llama-7b,dummy-lora-7b-rank-128-0,284,55,108.59981013809413
1310,huggyllama/llama-7b,dummy-lora-7b-rank-64-1,231,41,108.61227376762044
1311,huggyllama/llama-7b,dummy-lora-7b-rank-128-1,399,97,108.63709131605214
1312,huggyllama/llama-7b,dummy-lora-7b-rank-128-1,328,38,108.63878385543373
1313,huggyllama/llama-7b,dummy-lora-7b-rank-32-3,572,29,108.67432155580181
1314,huggyllama/llama-7b,dummy-lora-7b-rank-128-4,641,9,108.68747010666956
1315,huggyllama/llama-7b,dummy-lora-7b-rank-8-2,419,67,108.77901611944237
1316,huggyllama/llama-7b,dummy-lora-7b-rank-128-4,601,19,108.87485893691533
1317,huggyllama/llama-7b,dummy-lora-7b-rank-128-1,459,47,108.89880975405798
1318,huggyllama/llama-7b,dummy-lora-7b-rank-128-1,187,49,108.91499882285561
1319,huggyllama/llama-7b,dummy-lora-7b-rank-16-0,639,9,109.03624780651968
1320,huggyllama/llama-7b,dummy-lora-7b-rank-128-2,327,54,109.09911393181027
1321,huggyllama/llama-7b,dummy-lora-7b-rank-64-4,408,6,109.14586261013109
1322,huggyllama/llama-7b,dummy-lora-7b-rank-128-3,362,93,109.15079011544488
1323,huggyllama/llama-7b,dummy-lora-7b-rank-8-4,118,35,109.15278908644264
1324,huggyllama/llama-7b,dummy-lora-7b-rank-64-1,611,20,109.1716126576347
1325,huggyllama/llama-7b,dummy-lora-7b-rank-16-2,388,71,109.18555424094973
1326,huggyllama/llama-7b,dummy-lora-7b-rank-16-4,566,14,109.19968684034441
1327,huggyllama/llama-7b,dummy-lora-7b-rank-128-3,596,46,109.27156345202972
1328,huggyllama/llama-7b,dummy-lora-7b-rank-128-0,570,29,109.44265762871713
1329,huggyllama/llama-7b,dummy-lora-7b-rank-128-3,591,30,109.49260542486888
1330,huggyllama/llama-7b,dummy-lora-7b-rank-128-0,130,50,109.49683371088956
1331,huggyllama/llama-7b,dummy-lora-7b-rank-8-3,392,54,109.51670101313671
1332,huggyllama/llama-7b,dummy-lora-7b-rank-128-0,212,64,109.52695782991395
1333,huggyllama/llama-7b,dummy-lora-7b-rank-8-2,759,69,109.56495032173663
1334,huggyllama/llama-7b,dummy-lora-7b-rank-128-3,415,52,109.62749115583102
1335,huggyllama/llama-7b,dummy-lora-7b-rank-128-2,603,8,109.6431588006272
1336,huggyllama/llama-7b,dummy-lora-7b-rank-128-2,300,47,109.6469508372284
1337,huggyllama/llama-7b,dummy-lora-7b-rank-16-2,440,47,109.65134976081818
1338,huggyllama/llama-7b,dummy-lora-7b-rank-128-4,586,11,109.7906087489124
1339,huggyllama/llama-7b,dummy-lora-7b-rank-32-3,382,46,109.85522779262341
1340,huggyllama/llama-7b,dummy-lora-7b-rank-64-3,905,31,109.90180568398935
1341,huggyllama/llama-7b,dummy-lora-7b-rank-128-0,603,16,109.90562215002927
1342,huggyllama/llama-7b,dummy-lora-7b-rank-128-2,461,8,109.97103497730569
1343,huggyllama/llama-7b,dummy-lora-7b-rank-128-3,190,81,109.9773530122869
1344,huggyllama/llama-7b,dummy-lora-7b-rank-32-1,571,22,112.01121399708167
1345,huggyllama/llama-7b,dummy-lora-7b-rank-16-4,485,49,112.06915992960981
1346,huggyllama/llama-7b,dummy-lora-7b-rank-32-2,550,17,112.0874825515658
1347,huggyllama/llama-7b,dummy-lora-7b-rank-128-4,882,11,112.11513366343767
1348,huggyllama/llama-7b,dummy-lora-7b-rank-128-1,554,20,112.145392834056
1349,huggyllama/llama-7b,dummy-lora-7b-rank-128-4,735,3,112.1639325757312
1350,huggyllama/llama-7b,dummy-lora-7b-rank-16-2,556,22,112.17346091518432
1351,huggyllama/llama-7b,dummy-lora-7b-rank-128-0,337,53,112.25400771235985
1352,huggyllama/llama-7b,dummy-lora-7b-rank-64-2,550,9,112.31024467380234
1353,huggyllama/llama-7b,dummy-lora-7b-rank-32-2,120,62,112.38801187289471
1354,huggyllama/llama-7b,dummy-lora-7b-rank-128-1,423,25,112.46389710470896
1355,huggyllama/llama-7b,dummy-lora-7b-rank-32-1,558,22,112.52685776153267
1356,huggyllama/llama-7b,dummy-lora-7b-rank-128-0,124,19,112.55106703509422
1357,huggyllama/llama-7b,dummy-lora-7b-rank-128-1,216,74,112.56317878690324
1358,huggyllama/llama-7b,dummy-lora-7b-rank-32-4,556,13,112.56602729268779
1359,huggyllama/llama-7b,dummy-lora-7b-rank-128-2,310,92,112.6058647823074
1360,huggyllama/llama-7b,dummy-lora-7b-rank-32-4,333,45,112.64059147622353
1361,huggyllama/llama-7b,dummy-lora-7b-rank-128-2,274,45,112.6685291873152
1362,huggyllama/llama-7b,dummy-lora-7b-rank-32-3,352,40,112.72548191563449
1363,huggyllama/llama-7b,dummy-lora-7b-rank-64-1,401,11,112.7312507294907
1364,huggyllama/llama-7b,dummy-lora-7b-rank-32-0,298,5,112.79751675406565
1365,huggyllama/llama-7b,dummy-lora-7b-rank-128-1,588,20,112.85801056393866
1366,huggyllama/llama-7b,dummy-lora-7b-rank-128-3,223,143,112.86358653167592
1367,huggyllama/llama-7b,dummy-lora-7b-rank-16-3,404,7,112.95822557221129
1368,huggyllama/llama-7b,dummy-lora-7b-rank-128-3,425,47,113.03017675321935
1369,huggyllama/llama-7b,dummy-lora-7b-rank-128-3,224,43,113.1571539567893
1370,huggyllama/llama-7b,dummy-lora-7b-rank-8-2,643,3,113.1783587504892
1371,huggyllama/llama-7b,dummy-lora-7b-rank-128-0,607,16,113.19084239927878
1372,huggyllama/llama-7b,dummy-lora-7b-rank-128-1,758,89,113.19363664338579
1373,huggyllama/llama-7b,dummy-lora-7b-rank-128-0,582,34,113.22971631440572
1374,huggyllama/llama-7b,dummy-lora-7b-rank-128-3,298,93,113.32700913710275
1375,huggyllama/llama-7b,dummy-lora-7b-rank-64-4,279,45,113.35776728718331
1376,huggyllama/llama-7b,dummy-lora-7b-rank-128-4,542,7,113.35818864428255
1377,huggyllama/llama-7b,dummy-lora-7b-rank-128-2,503,31,113.35981887033354
1378,huggyllama/llama-7b,dummy-lora-7b-rank-128-1,448,10,113.36956943936305
1379,huggyllama/llama-7b,dummy-lora-7b-rank-8-1,552,19,113.42678417945794
1380,huggyllama/llama-7b,dummy-lora-7b-rank-128-1,509,7,113.43339301895071
1381,huggyllama/llama-7b,dummy-lora-7b-rank-8-4,584,9,113.5408203696434
1382,huggyllama/llama-7b,dummy-lora-7b-rank-128-2,387,202,113.5806918291469
1383,huggyllama/llama-7b,dummy-lora-7b-rank-128-1,451,52,113.61946211242646
1384,huggyllama/llama-7b,dummy-lora-7b-rank-16-3,553,19,113.65514536925971
1385,huggyllama/llama-7b,dummy-lora-7b-rank-16-1,518,9,113.68364790319552
1386,huggyllama/llama-7b,dummy-lora-7b-rank-8-0,341,43,113.70719851061838
1387,huggyllama/llama-7b,dummy-lora-7b-rank-16-0,411,48,113.78228889897402
1388,huggyllama/llama-7b,dummy-lora-7b-rank-128-1,547,54,113.78669388700987
1389,huggyllama/llama-7b,dummy-lora-7b-rank-128-0,764,71,113.79010723047105
1390,huggyllama/llama-7b,dummy-lora-7b-rank-128-2,184,49,113.85210656250358
1391,huggyllama/llama-7b,dummy-lora-7b-rank-128-3,396,98,113.94481492316469
1392,huggyllama/llama-7b,dummy-lora-7b-rank-128-3,53,57,116.0935759425356
1393,huggyllama/llama-7b,dummy-lora-7b-rank-32-4,359,56,116.15124645223338
1394,huggyllama/llama-7b,dummy-lora-7b-rank-128-4,943,10,116.20875898854837
1395,huggyllama/llama-7b,dummy-lora-7b-rank-128-0,202,121,116.26761645947279
1396,huggyllama/llama-7b,dummy-lora-7b-rank-32-0,408,10,116.28824451808876
1397,huggyllama/llama-7b,dummy-lora-7b-rank-32-2,270,39,116.28958808811832
1398,huggyllama/llama-7b,dummy-lora-7b-rank-64-0,492,6,116.29686391879662
1399,huggyllama/llama-7b,dummy-lora-7b-rank-8-2,584,35,116.32422047268751
1400,huggyllama/llama-7b,dummy-lora-7b-rank-16-4,317,39,116.41547955354996
1401,huggyllama/llama-7b,dummy-lora-7b-rank-128-3,401,11,116.4627821829553
1402,huggyllama/llama-7b,dummy-lora-7b-rank-128-1,561,21,116.49746166553686
1403,huggyllama/llama-7b,dummy-lora-7b-rank-128-1,308,43,116.5524573279104
1404,huggyllama/llama-7b,dummy-lora-7b-rank-64-2,701,97,116.60766231555456
1405,huggyllama/llama-7b,dummy-lora-7b-rank-128-3,556,21,116.76523995440647
1406,huggyllama/llama-7b,dummy-lora-7b-rank-32-3,554,16,116.81764574915871
1407,huggyllama/llama-7b,dummy-lora-7b-rank-16-3,617,29,116.83234559735486
1408,huggyllama/llama-7b,dummy-lora-7b-rank-128-4,373,12,116.89355473856753
1409,huggyllama/llama-7b,dummy-lora-7b-rank-32-2,679,70,116.94211087998012
1410,huggyllama/llama-7b,dummy-lora-7b-rank-128-4,568,29,116.95446194621947
1411,huggyllama/llama-7b,dummy-lora-7b-rank-16-4,175,102,117.03526179484155
1412,huggyllama/llama-7b,dummy-lora-7b-rank-16-3,332,57,117.05489679856737
1413,huggyllama/llama-7b,dummy-lora-7b-rank-128-2,542,11,117.0698005092976
1414,huggyllama/llama-7b,dummy-lora-7b-rank-128-2,613,24,117.0884776213918
1415,huggyllama/llama-7b,dummy-lora-7b-rank-16-4,269,47,117.14081283045942
1416,huggyllama/llama-7b,dummy-lora-7b-rank-64-2,674,27,117.17764848102637
1417,huggyllama/llama-7b,dummy-lora-7b-rank-128-2,986,74,117.20487407387353
1418,huggyllama/llama-7b,dummy-lora-7b-rank-128-3,409,72,117.21997436140131
1419,huggyllama/llama-7b,dummy-lora-7b-rank-128-0,182,43,117.2230008023273
1420,huggyllama/llama-7b,dummy-lora-7b-rank-128-3,558,22,117.25103347079103
1421,huggyllama/llama-7b,dummy-lora-7b-rank-64-4,552,11,117.2954377215336
1422,huggyllama/llama-7b,dummy-lora-7b-rank-128-4,675,44,117.30110634646486
1423,huggyllama/llama-7b,dummy-lora-7b-rank-64-3,700,8,117.33684086532755
1424,huggyllama/llama-7b,dummy-lora-7b-rank-16-2,235,51,117.36790871922662
1425,huggyllama/llama-7b,dummy-lora-7b-rank-128-0,639,61,117.40068143910891
1426,huggyllama/llama-7b,dummy-lora-7b-rank-8-0,118,46,117.42886820014714
1427,huggyllama/llama-7b,dummy-lora-7b-rank-128-4,563,10,117.43471458982786
1428,huggyllama/llama-7b,dummy-lora-7b-rank-128-3,939,37,117.55820683881302
1429,huggyllama/llama-7b,dummy-lora-7b-rank-128-4,539,54,117.5694234960926
1430,huggyllama/llama-7b,dummy-lora-7b-rank-128-3,265,45,117.57696633676957
1431,huggyllama/llama-7b,dummy-lora-7b-rank-16-1,549,50,117.61265180733565
1432,huggyllama/llama-7b,dummy-lora-7b-rank-128-4,407,133,117.61614498852559
1433,huggyllama/llama-7b,dummy-lora-7b-rank-128-3,147,32,117.76750736561453
1434,huggyllama/llama-7b,dummy-lora-7b-rank-128-3,552,19,117.777381527167
1435,huggyllama/llama-7b,dummy-lora-7b-rank-16-4,168,54,117.77841457731682
1436,huggyllama/llama-7b,dummy-lora-7b-rank-128-1,603,32,117.87944736519201
1437,huggyllama/llama-7b,dummy-lora-7b-rank-64-0,369,54,117.94691017745855
1438,huggyllama/llama-7b,dummy-lora-7b-rank-8-3,610,102,117.9634474798569
1439,huggyllama/llama-7b,dummy-lora-7b-rank-16-4,611,38,117.995603230235
1440,huggyllama/llama-7b,dummy-lora-7b-rank-128-3,410,44,120.02272182660806
1441,huggyllama/llama-7b,dummy-lora-7b-rank-128-0,791,3,120.16346362164172
1442,huggyllama/llama-7b,dummy-lora-7b-rank-128-3,219,57,120.16613473221285
1443,huggyllama/llama-7b,dummy-lora-7b-rank-64-4,199,44,120.22037388128378
1444,huggyllama/llama-7b,dummy-lora-7b-rank-8-0,556,21,120.223857183569
1445,huggyllama/llama-7b,dummy-lora-7b-rank-32-4,566,14,120.22414144783367
1446,huggyllama/llama-7b,dummy-lora-7b-rank-128-0,609,25,120.28377491372261
1447,huggyllama/llama-7b,dummy-lora-7b-rank-128-4,586,10,120.31085825532602
1448,huggyllama/llama-7b,dummy-lora-7b-rank-128-3,259,10,120.31345148098542
1449,huggyllama/llama-7b,dummy-lora-7b-rank-128-2,429,155,120.33022656254866
1450,huggyllama/llama-7b,dummy-lora-7b-rank-128-2,342,26,120.35867201093407
1451,huggyllama/llama-7b,dummy-lora-7b-rank-128-0,540,53,120.35950317409514
1452,huggyllama/llama-7b,dummy-lora-7b-rank-64-1,185,49,120.37380042747812
1453,huggyllama/llama-7b,dummy-lora-7b-rank-128-4,102,55,120.37990444515688
1454,huggyllama/llama-7b,dummy-lora-7b-rank-16-2,577,43,120.4079023139135
1455,huggyllama/llama-7b,dummy-lora-7b-rank-128-1,550,60,120.47226457178269
1456,huggyllama/llama-7b,dummy-lora-7b-rank-128-2,428,51,120.48030353662489
1457,huggyllama/llama-7b,dummy-lora-7b-rank-32-4,130,19,120.52938161380702
1458,huggyllama/llama-7b,dummy-lora-7b-rank-16-4,614,4,120.55012973778247
1459,huggyllama/llama-7b,dummy-lora-7b-rank-16-3,606,32,120.59205480664725
1460,huggyllama/llama-7b,dummy-lora-7b-rank-64-1,432,37,120.66122004806883
1461,huggyllama/llama-7b,dummy-lora-7b-rank-64-2,443,46,120.79927418434428
1462,huggyllama/llama-7b,dummy-lora-7b-rank-32-0,670,15,120.80840437697658
1463,huggyllama/llama-7b,dummy-lora-7b-rank-8-4,562,24,120.83249888818384
1464,huggyllama/llama-7b,dummy-lora-7b-rank-128-2,438,44,120.87577861074676
1465,huggyllama/llama-7b,dummy-lora-7b-rank-64-0,580,13,120.9708861662543
1466,huggyllama/llama-7b,dummy-lora-7b-rank-64-2,295,3,121.01024053541406
1467,huggyllama/llama-7b,dummy-lora-7b-rank-64-4,276,40,121.05975156048974
1468,huggyllama/llama-7b,dummy-lora-7b-rank-8-4,554,20,121.10945819198469
1469,huggyllama/llama-7b,dummy-lora-7b-rank-32-4,552,11,121.1366255048119
1470,huggyllama/llama-7b,dummy-lora-7b-rank-128-0,222,46,121.28735285616996
1471,huggyllama/llama-7b,dummy-lora-7b-rank-16-1,827,57,121.31358399380595
1472,huggyllama/llama-7b,dummy-lora-7b-rank-128-3,450,157,121.35264469391231
1473,huggyllama/llama-7b,dummy-lora-7b-rank-128-0,541,79,121.39469319123151
1474,huggyllama/llama-7b,dummy-lora-7b-rank-128-4,461,47,121.51388289912882
1475,huggyllama/llama-7b,dummy-lora-7b-rank-64-3,590,19,121.56825463652841
1476,huggyllama/llama-7b,dummy-lora-7b-rank-64-0,348,42,121.65642377578595
1477,huggyllama/llama-7b,dummy-lora-7b-rank-64-2,209,46,121.66013687349428
1478,huggyllama/llama-7b,dummy-lora-7b-rank-64-3,231,55,121.77701685323848
1479,huggyllama/llama-7b,dummy-lora-7b-rank-16-4,334,48,121.77928841118396
1480,huggyllama/llama-7b,dummy-lora-7b-rank-16-0,564,25,121.8296983103876
1481,huggyllama/llama-7b,dummy-lora-7b-rank-8-0,412,63,121.83941457988234
1482,huggyllama/llama-7b,dummy-lora-7b-rank-32-1,215,44,121.84161202512864
1483,huggyllama/llama-7b,dummy-lora-7b-rank-16-4,972,13,121.85853250403939
1484,huggyllama/llama-7b,dummy-lora-7b-rank-8-2,321,68,121.94443432153373
1485,huggyllama/llama-7b,dummy-lora-7b-rank-128-0,262,37,121.94609638937354
1486,huggyllama/llama-7b,dummy-lora-7b-rank-128-0,874,80,121.95234811313877
1487,huggyllama/llama-7b,dummy-lora-7b-rank-128-1,835,18,121.99035004605037
1488,huggyllama/llama-7b,dummy-lora-7b-rank-128-4,431,60,124.00808224309314
1489,huggyllama/llama-7b,dummy-lora-7b-rank-8-2,305,46,124.05242146243987
1490,huggyllama/llama-7b,dummy-lora-7b-rank-128-3,603,18,124.17464320387926
1491,huggyllama/llama-7b,dummy-lora-7b-rank-16-3,566,29,124.18807801359783
1492,huggyllama/llama-7b,dummy-lora-7b-rank-128-1,554,23,124.20289524691161
1493,huggyllama/llama-7b,dummy-lora-7b-rank-64-4,629,33,124.21285189798765
1494,huggyllama/llama-7b,dummy-lora-7b-rank-16-1,724,77,124.2291965944155
1495,huggyllama/llama-7b,dummy-lora-7b-rank-128-2,599,17,124.23422584554153
1496,huggyllama/llama-7b,dummy-lora-7b-rank-128-2,773,76,124.24452664714764
1497,huggyllama/llama-7b,dummy-lora-7b-rank-16-4,875,45,124.27541406517302
1498,huggyllama/llama-7b,dummy-lora-7b-rank-32-1,889,38,124.30225469774228
1499,huggyllama/llama-7b,dummy-lora-7b-rank-64-3,465,11,124.31793572020145
1500,huggyllama/llama-7b,dummy-lora-7b-rank-32-4,396,52,124.33503982473673
1501,huggyllama/llama-7b,dummy-lora-7b-rank-32-3,818,3,124.38455640009437
1502,huggyllama/llama-7b,dummy-lora-7b-rank-128-0,565,11,124.3886101584204
1503,huggyllama/llama-7b,dummy-lora-7b-rank-128-2,373,57,124.40350646340544
1504,huggyllama/llama-7b,dummy-lora-7b-rank-8-3,353,41,124.42667567291575
1505,huggyllama/llama-7b,dummy-lora-7b-rank-128-4,589,11,124.58201581454608
1506,huggyllama/llama-7b,dummy-lora-7b-rank-8-2,602,47,124.67161955502993
1507,huggyllama/llama-7b,dummy-lora-7b-rank-128-4,723,8,124.6880339030071
1508,huggyllama/llama-7b,dummy-lora-7b-rank-8-4,112,36,124.69619158046787
1509,huggyllama/llama-7b,dummy-lora-7b-rank-128-4,577,62,124.7091897776266
1510,huggyllama/llama-7b,dummy-lora-7b-rank-8-4,296,54,124.76975679504608
1511,huggyllama/llama-7b,dummy-lora-7b-rank-32-2,449,47,124.79063915510025
1512,huggyllama/llama-7b,dummy-lora-7b-rank-128-0,199,46,124.81015529363852
1513,huggyllama/llama-7b,dummy-lora-7b-rank-16-4,580,63,124.87971037986867
1514,huggyllama/llama-7b,dummy-lora-7b-rank-8-1,506,50,124.96424211445527
1515,huggyllama/llama-7b,dummy-lora-7b-rank-128-4,85,53,124.98231154412193
1516,huggyllama/llama-7b,dummy-lora-7b-rank-128-1,239,37,125.08575830976318
1517,huggyllama/llama-7b,dummy-lora-7b-rank-64-3,375,88,125.13274145323382
1518,huggyllama/llama-7b,dummy-lora-7b-rank-16-1,564,28,125.17714950452336
1519,huggyllama/llama-7b,dummy-lora-7b-rank-64-2,55,61,125.19255408224682
1520,huggyllama/llama-7b,dummy-lora-7b-rank-128-0,232,6,125.30137140698591
1521,huggyllama/llama-7b,dummy-lora-7b-rank-128-1,181,58,125.31373895707313
1522,huggyllama/llama-7b,dummy-lora-7b-rank-128-4,580,7,125.31439023876909
1523,huggyllama/llama-7b,dummy-lora-7b-rank-32-1,105,47,125.32717834367949
1524,huggyllama/llama-7b,dummy-lora-7b-rank-128-3,598,27,125.34296958736947
1525,huggyllama/llama-7b,dummy-lora-7b-rank-128-3,562,24,125.37405786643511
1526,huggyllama/llama-7b,dummy-lora-7b-rank-32-2,562,26,125.43988659015575
1527,huggyllama/llama-7b,dummy-lora-7b-rank-64-3,508,66,125.47314445010747
1528,huggyllama/llama-7b,dummy-lora-7b-rank-128-3,217,45,125.54688755852882
1529,huggyllama/llama-7b,dummy-lora-7b-rank-8-0,380,45,125.56945719256362
1530,huggyllama/llama-7b,dummy-lora-7b-rank-128-3,456,47,125.71454253337046
1531,huggyllama/llama-7b,dummy-lora-7b-rank-128-0,348,11,125.77154457059764
1532,huggyllama/llama-7b,dummy-lora-7b-rank-64-2,560,21,125.80904446207015
1533,huggyllama/llama-7b,dummy-lora-7b-rank-128-4,258,7,125.84641967436136
1534,huggyllama/llama-7b,dummy-lora-7b-rank-128-0,556,13,125.97660344402493
1535,huggyllama/llama-7b,dummy-lora-7b-rank-128-1,596,27,125.99372360327158
1536,huggyllama/llama-7b,dummy-lora-7b-rank-8-3,938,128,128.18579967639164
1537,huggyllama/llama-7b,dummy-lora-7b-rank-32-1,953,60,128.2560151029165
1538,huggyllama/llama-7b,dummy-lora-7b-rank-16-3,556,22,128.3354145438223
1539,huggyllama/llama-7b,dummy-lora-7b-rank-32-4,424,19,128.34552181034408
1540,huggyllama/llama-7b,dummy-lora-7b-rank-16-0,605,18,128.41134513037449
1541,huggyllama/llama-7b,dummy-lora-7b-rank-8-2,362,98,128.4170788996868
1542,huggyllama/llama-7b,dummy-lora-7b-rank-128-2,565,50,128.53456088959302
1543,huggyllama/llama-7b,dummy-lora-7b-rank-128-1,564,28,128.55082176192275
1544,huggyllama/llama-7b,dummy-lora-7b-rank-8-4,515,48,128.5845078031171
1545,huggyllama/llama-7b,dummy-lora-7b-rank-128-3,661,8,128.608589195878
1546,huggyllama/llama-7b,dummy-lora-7b-rank-128-1,264,41,128.6212547425415
1547,huggyllama/llama-7b,dummy-lora-7b-rank-16-4,599,14,128.75481297882422
1548,huggyllama/llama-7b,dummy-lora-7b-rank-64-3,597,5,128.75749214326578
1549,huggyllama/llama-7b,dummy-lora-7b-rank-64-1,337,38,128.82033844224478
1550,huggyllama/llama-7b,dummy-lora-7b-rank-128-0,79,41,128.88614529424459
1551,huggyllama/llama-7b,dummy-lora-7b-rank-8-0,572,32,128.89353971815615
1552,huggyllama/llama-7b,dummy-lora-7b-rank-32-1,718,56,128.9339890090716
1553,huggyllama/llama-7b,dummy-lora-7b-rank-128-4,587,17,129.01545199334726
1554,huggyllama/llama-7b,dummy-lora-7b-rank-16-0,421,52,129.04157451240192
1555,huggyllama/llama-7b,dummy-lora-7b-rank-8-3,134,44,129.0593518269345
1556,huggyllama/llama-7b,dummy-lora-7b-rank-8-1,94,31,129.1306459513608
1557,huggyllama/llama-7b,dummy-lora-7b-rank-128-2,303,51,129.13605455439782
1558,huggyllama/llama-7b,dummy-lora-7b-rank-16-0,588,20,129.1753239882753
1559,huggyllama/llama-7b,dummy-lora-7b-rank-128-2,323,36,129.19646161492523
1560,huggyllama/llama-7b,dummy-lora-7b-rank-64-1,597,26,129.2318224950212
1561,huggyllama/llama-7b,dummy-lora-7b-rank-64-0,461,11,129.32943180794933
1562,huggyllama/llama-7b,dummy-lora-7b-rank-128-0,560,14,129.3385706009407
1563,huggyllama/llama-7b,dummy-lora-7b-rank-128-0,600,28,129.35167072956565
1564,huggyllama/llama-7b,dummy-lora-7b-rank-8-3,883,41,129.38558374849458
1565,huggyllama/llama-7b,dummy-lora-7b-rank-128-3,641,8,129.48967026911888
1566,huggyllama/llama-7b,dummy-lora-7b-rank-8-4,554,20,129.53447959492786
1567,huggyllama/llama-7b,dummy-lora-7b-rank-32-2,558,20,129.55212915784452
1568,huggyllama/llama-7b,dummy-lora-7b-rank-64-2,910,67,129.55476450013416
1569,huggyllama/llama-7b,dummy-lora-7b-rank-64-0,725,10,129.59663004333848
1570,huggyllama/llama-7b,dummy-lora-7b-rank-128-1,600,11,129.6165782190435
1571,huggyllama/llama-7b,dummy-lora-7b-rank-8-0,834,58,129.66700353194142
1572,huggyllama/llama-7b,dummy-lora-7b-rank-32-0,267,46,129.67327243486184
1573,huggyllama/llama-7b,dummy-lora-7b-rank-128-0,321,53,129.67575343081063
1574,huggyllama/llama-7b,dummy-lora-7b-rank-64-3,556,21,129.68047262064636
1575,huggyllama/llama-7b,dummy-lora-7b-rank-64-4,687,33,129.7064304893649
1576,huggyllama/llama-7b,dummy-lora-7b-rank-32-3,556,21,129.89110446446736
1577,huggyllama/llama-7b,dummy-lora-7b-rank-32-0,261,106,129.9066906798991
1578,huggyllama/llama-7b,dummy-lora-7b-rank-128-3,558,22,129.91994182083693
1579,huggyllama/llama-7b,dummy-lora-7b-rank-8-3,571,76,129.9391592489351
1580,huggyllama/llama-7b,dummy-lora-7b-rank-128-3,110,52,129.94287793955948
1581,huggyllama/llama-7b,dummy-lora-7b-rank-128-0,280,155,129.97775149959986
1582,huggyllama/llama-7b,dummy-lora-7b-rank-32-3,550,18,129.98002455041484
1583,huggyllama/llama-7b,dummy-lora-7b-rank-16-4,285,39,129.99661300451353
1584,huggyllama/llama-7b,dummy-lora-7b-rank-64-3,469,62,132.02083670916403
1585,huggyllama/llama-7b,dummy-lora-7b-rank-64-0,612,52,132.18843375945104
1586,huggyllama/llama-7b,dummy-lora-7b-rank-8-0,591,11,132.18896132672882
1587,huggyllama/llama-7b,dummy-lora-7b-rank-16-1,556,21,132.2608314416799
1588,huggyllama/llama-7b,dummy-lora-7b-rank-128-2,389,94,132.28984877258162
1589,huggyllama/llama-7b,dummy-lora-7b-rank-16-2,169,54,132.30324744336943
1590,huggyllama/llama-7b,dummy-lora-7b-rank-64-1,372,57,132.3792230640779
1591,huggyllama/llama-7b,dummy-lora-7b-rank-16-3,801,53,132.44096700270393
1592,huggyllama/llama-7b,dummy-lora-7b-rank-128-3,593,8,132.45495546483355
1593,huggyllama/llama-7b,dummy-lora-7b-rank-128-4,725,74,132.46122199415058
1594,huggyllama/llama-7b,dummy-lora-7b-rank-8-4,594,11,132.50484668353909
1595,huggyllama/llama-7b,dummy-lora-7b-rank-16-4,496,79,132.67340881316701
1596,huggyllama/llama-7b,dummy-lora-7b-rank-8-0,615,19,132.7239395337152
1597,huggyllama/llama-7b,dummy-lora-7b-rank-64-1,685,10,132.73745774665394
1598,huggyllama/llama-7b,dummy-lora-7b-rank-32-1,490,44,132.7920952913479
1599,huggyllama/llama-7b,dummy-lora-7b-rank-128-1,580,5,132.85800235496885
1600,huggyllama/llama-7b,dummy-lora-7b-rank-128-0,491,6,133.0211482967587
1601,huggyllama/llama-7b,dummy-lora-7b-rank-128-2,419,7,133.02130921047078
1602,huggyllama/llama-7b,dummy-lora-7b-rank-128-1,511,48,133.05978221342795
1603,huggyllama/llama-7b,dummy-lora-7b-rank-128-3,558,22,133.09582369291172
1604,huggyllama/llama-7b,dummy-lora-7b-rank-128-0,808,46,133.15585601399297
1605,huggyllama/llama-7b,dummy-lora-7b-rank-8-2,562,26,133.165591845754
1606,huggyllama/llama-7b,dummy-lora-7b-rank-128-0,323,58,133.1883723349104
1607,huggyllama/llama-7b,dummy-lora-7b-rank-128-0,315,86,133.22595895868767
1608,huggyllama/llama-7b,dummy-lora-7b-rank-128-3,122,19,133.34012797435946
1609,huggyllama/llama-7b,dummy-lora-7b-rank-128-3,627,11,133.36745321646123
1610,huggyllama/llama-7b,dummy-lora-7b-rank-32-2,556,13,133.42051792887548
1611,huggyllama/llama-7b,dummy-lora-7b-rank-64-1,397,215,133.44317857577715
1612,huggyllama/llama-7b,dummy-lora-7b-rank-128-2,594,22,133.44976158531773
1613,huggyllama/llama-7b,dummy-lora-7b-rank-128-1,417,82,133.5181031990686
1614,huggyllama/llama-7b,dummy-lora-7b-rank-8-0,925,8,133.57502706113584
1615,huggyllama/llama-7b,dummy-lora-7b-rank-128-0,401,45,133.59370070900076
1616,huggyllama/llama-7b,dummy-lora-7b-rank-8-4,554,11,133.64469183292218
1617,huggyllama/llama-7b,dummy-lora-7b-rank-128-3,735,15,133.6775690370487
1618,huggyllama/llama-7b,dummy-lora-7b-rank-64-2,513,89,133.75810827660518
1619,huggyllama/llama-7b,dummy-lora-7b-rank-8-2,388,6,133.76148312084132
1620,huggyllama/llama-7b,dummy-lora-7b-rank-128-2,568,46,133.78882425358307
1621,huggyllama/llama-7b,dummy-lora-7b-rank-128-4,411,8,133.8180247631974
1622,huggyllama/llama-7b,dummy-lora-7b-rank-8-2,506,56,133.82265010822098
1623,huggyllama/llama-7b,dummy-lora-7b-rank-128-4,294,36,133.83896339671068
1624,huggyllama/llama-7b,dummy-lora-7b-rank-128-1,861,18,133.87236343449024
1625,huggyllama/llama-7b,dummy-lora-7b-rank-32-4,186,29,133.88118748945095
1626,huggyllama/llama-7b,dummy-lora-7b-rank-128-4,180,45,133.9066925633793
1627,huggyllama/llama-7b,dummy-lora-7b-rank-128-2,556,22,133.91034312634974
1628,huggyllama/llama-7b,dummy-lora-7b-rank-32-4,166,48,133.9401285480243
1629,huggyllama/llama-7b,dummy-lora-7b-rank-32-3,550,18,133.95798203602715
1630,huggyllama/llama-7b,dummy-lora-7b-rank-16-4,234,51,133.96006135941334
1631,huggyllama/llama-7b,dummy-lora-7b-rank-128-1,144,41,133.9708165181776
1632,huggyllama/llama-7b,dummy-lora-7b-rank-128-3,552,11,136.01055457209264
1633,huggyllama/llama-7b,dummy-lora-7b-rank-128-2,570,11,136.01936629362731
1634,huggyllama/llama-7b,dummy-lora-7b-rank-64-1,560,25,136.0285445950888
1635,huggyllama/llama-7b,dummy-lora-7b-rank-64-1,238,49,136.12420798210633
1636,huggyllama/llama-7b,dummy-lora-7b-rank-32-3,594,15,136.19057117263696
1637,huggyllama/llama-7b,dummy-lora-7b-rank-16-0,855,79,136.26492082769028
1638,huggyllama/llama-7b,dummy-lora-7b-rank-128-2,134,40,136.361791226835
1639,huggyllama/llama-7b,dummy-lora-7b-rank-128-3,313,48,136.4697034389125
1640,huggyllama/llama-7b,dummy-lora-7b-rank-64-0,558,23,136.58748524158423
1641,huggyllama/llama-7b,dummy-lora-7b-rank-128-3,345,87,136.7829584230442
1642,huggyllama/llama-7b,dummy-lora-7b-rank-16-1,744,22,136.80124380185026
1643,huggyllama/llama-7b,dummy-lora-7b-rank-16-4,547,84,136.82562603193054
1644,huggyllama/llama-7b,dummy-lora-7b-rank-32-4,391,44,136.84470309789663
1645,huggyllama/llama-7b,dummy-lora-7b-rank-128-1,602,47,136.86112700586892
1646,huggyllama/llama-7b,dummy-lora-7b-rank-128-4,267,49,136.87846182205482
1647,huggyllama/llama-7b,dummy-lora-7b-rank-32-0,770,6,136.89176070999824
1648,huggyllama/llama-7b,dummy-lora-7b-rank-128-0,598,17,136.972864002907
1649,huggyllama/llama-7b,dummy-lora-7b-rank-64-4,282,48,137.0299462215187
1650,huggyllama/llama-7b,dummy-lora-7b-rank-8-0,619,40,137.03587893526705
1651,huggyllama/llama-7b,dummy-lora-7b-rank-16-2,240,40,137.06113238297633
1652,huggyllama/llama-7b,dummy-lora-7b-rank-128-4,558,24,137.0692069877901
1653,huggyllama/llama-7b,dummy-lora-7b-rank-128-3,598,19,137.1149006670963
1654,huggyllama/llama-7b,dummy-lora-7b-rank-8-4,733,97,137.1577065047813
1655,huggyllama/llama-7b,dummy-lora-7b-rank-128-3,224,43,137.1904472591665
1656,huggyllama/llama-7b,dummy-lora-7b-rank-128-0,866,6,137.2326102673703
1657,huggyllama/llama-7b,dummy-lora-7b-rank-16-4,934,25,137.2566571705555
1658,huggyllama/llama-7b,dummy-lora-7b-rank-64-1,592,38,137.2572763260251
1659,huggyllama/llama-7b,dummy-lora-7b-rank-64-1,556,23,137.2599002311235
1660,huggyllama/llama-7b,dummy-lora-7b-rank-128-0,311,79,137.29870311259637
1661,huggyllama/llama-7b,dummy-lora-7b-rank-128-0,628,3,137.31132558956193
1662,huggyllama/llama-7b,dummy-lora-7b-rank-64-0,279,138,137.31617678769862
1663,huggyllama/llama-7b,dummy-lora-7b-rank-32-0,135,68,137.39880335485182
1664,huggyllama/llama-7b,dummy-lora-7b-rank-32-4,311,42,137.44458087353775
1665,huggyllama/llama-7b,dummy-lora-7b-rank-16-4,243,110,137.58423945938748
1666,huggyllama/llama-7b,dummy-lora-7b-rank-128-1,598,47,137.67430721890094
1667,huggyllama/llama-7b,dummy-lora-7b-rank-32-4,931,11,137.69553448856385
1668,huggyllama/llama-7b,dummy-lora-7b-rank-16-3,277,115,137.71162683661498
1669,huggyllama/llama-7b,dummy-lora-7b-rank-128-1,710,183,137.71346260312626
1670,huggyllama/llama-7b,dummy-lora-7b-rank-128-0,603,28,137.76354592795667
1671,huggyllama/llama-7b,dummy-lora-7b-rank-32-3,770,59,137.79188515547418
1672,huggyllama/llama-7b,dummy-lora-7b-rank-128-3,228,41,137.80172421717867
1673,huggyllama/llama-7b,dummy-lora-7b-rank-128-1,602,44,137.8561556434328
1674,huggyllama/llama-7b,dummy-lora-7b-rank-16-0,515,56,137.86413992648406
1675,huggyllama/llama-7b,dummy-lora-7b-rank-64-0,223,45,137.9027654897362
1676,huggyllama/llama-7b,dummy-lora-7b-rank-8-2,451,44,137.90490420835366
1677,huggyllama/llama-7b,dummy-lora-7b-rank-8-4,373,50,137.90724020054554
1678,huggyllama/llama-7b,dummy-lora-7b-rank-8-3,601,18,137.94658531843697
1679,huggyllama/llama-7b,dummy-lora-7b-rank-128-0,203,42,137.96273284176942
1680,huggyllama/llama-7b,dummy-lora-7b-rank-128-2,552,11,140.03019025559922
1681,huggyllama/llama-7b,dummy-lora-7b-rank-128-4,603,19,140.05093946255525
1682,huggyllama/llama-7b,dummy-lora-7b-rank-128-2,53,44,140.1636108855102
1683,huggyllama/llama-7b,dummy-lora-7b-rank-128-0,80,26,140.23466694905534
1684,huggyllama/llama-7b,dummy-lora-7b-rank-128-3,550,10,140.26780670430998
1685,huggyllama/llama-7b,dummy-lora-7b-rank-128-1,142,41,140.44302246682105
1686,huggyllama/llama-7b,dummy-lora-7b-rank-128-1,740,65,140.44944323781115
1687,huggyllama/llama-7b,dummy-lora-7b-rank-128-0,293,106,140.52697537651505
1688,huggyllama/llama-7b,dummy-lora-7b-rank-8-0,698,14,140.53202065647446
1689,huggyllama/llama-7b,dummy-lora-7b-rank-128-1,568,27,140.65764268634985
1690,huggyllama/llama-7b,dummy-lora-7b-rank-16-2,603,47,140.6774195495041
1691,huggyllama/llama-7b,dummy-lora-7b-rank-16-2,603,30,140.67833309291603
1692,huggyllama/llama-7b,dummy-lora-7b-rank-64-2,1013,110,140.7398290646575
1693,huggyllama/llama-7b,dummy-lora-7b-rank-64-3,556,21,140.7456115435752
1694,huggyllama/llama-7b,dummy-lora-7b-rank-128-4,297,9,140.74650066816972
1695,huggyllama/llama-7b,dummy-lora-7b-rank-64-3,593,20,140.80206098084682
1696,huggyllama/llama-7b,dummy-lora-7b-rank-16-2,739,57,140.94473963258432
1697,huggyllama/llama-7b,dummy-lora-7b-rank-64-2,693,64,140.97032591784753
1698,huggyllama/llama-7b,dummy-lora-7b-rank-64-4,556,21,141.1239907426361
1699,huggyllama/llama-7b,dummy-lora-7b-rank-8-4,562,25,141.17668799374326
1700,huggyllama/llama-7b,dummy-lora-7b-rank-128-2,548,17,141.19626611905926
1701,huggyllama/llama-7b,dummy-lora-7b-rank-128-1,554,23,141.24456304523704
1702,huggyllama/llama-7b,dummy-lora-7b-rank-8-0,570,31,141.26658487844185
1703,huggyllama/llama-7b,dummy-lora-7b-rank-8-3,519,7,141.30502622597652
1704,huggyllama/llama-7b,dummy-lora-7b-rank-128-4,517,113,141.32238092019423
1705,huggyllama/llama-7b,dummy-lora-7b-rank-128-0,260,12,141.41752010067754
1706,huggyllama/llama-7b,dummy-lora-7b-rank-128-2,197,6,141.44928871419728
1707,huggyllama/llama-7b,dummy-lora-7b-rank-8-0,138,48,141.44970850772484
1708,huggyllama/llama-7b,dummy-lora-7b-rank-128-1,473,66,141.516414037944
1709,huggyllama/llama-7b,dummy-lora-7b-rank-32-2,169,113,141.51782088878127
1710,huggyllama/llama-7b,dummy-lora-7b-rank-128-4,332,53,141.5659612308555
1711,huggyllama/llama-7b,dummy-lora-7b-rank-8-1,446,49,141.57220421341526
1712,huggyllama/llama-7b,dummy-lora-7b-rank-128-0,251,9,141.61514560734432
1713,huggyllama/llama-7b,dummy-lora-7b-rank-16-3,623,3,141.6547839117972
1714,huggyllama/llama-7b,dummy-lora-7b-rank-64-1,479,8,141.65647051625484
1715,huggyllama/llama-7b,dummy-lora-7b-rank-32-3,550,18,141.7271594360602
1716,huggyllama/llama-7b,dummy-lora-7b-rank-128-2,440,13,141.73736241319742
1717,huggyllama/llama-7b,dummy-lora-7b-rank-128-3,552,11,141.7583864398737
1718,huggyllama/llama-7b,dummy-lora-7b-rank-128-4,309,177,141.80077524505552
1719,huggyllama/llama-7b,dummy-lora-7b-rank-16-1,181,126,141.81687191195525
1720,huggyllama/llama-7b,dummy-lora-7b-rank-128-0,687,70,141.89057286287365
1721,huggyllama/llama-7b,dummy-lora-7b-rank-16-0,578,11,141.90002077165587
1722,huggyllama/llama-7b,dummy-lora-7b-rank-8-3,192,57,141.91533510640545
1723,huggyllama/llama-7b,dummy-lora-7b-rank-16-2,297,7,141.94889390294398
1724,huggyllama/llama-7b,dummy-lora-7b-rank-8-2,338,67,141.96170323882612
1725,huggyllama/llama-7b,dummy-lora-7b-rank-128-1,550,18,141.96580951065746
1726,huggyllama/llama-7b,dummy-lora-7b-rank-32-4,680,84,141.96716318903182
1727,huggyllama/llama-7b,dummy-lora-7b-rank-64-0,719,78,141.99929815263621
1728,huggyllama/llama-7b,dummy-lora-7b-rank-128-3,591,23,144.14678164148572
1729,huggyllama/llama-7b,dummy-lora-7b-rank-128-1,418,50,144.1552497512323
1730,huggyllama/llama-7b,dummy-lora-7b-rank-128-3,605,18,144.15673278045514
1731,huggyllama/llama-7b,dummy-lora-7b-rank-8-3,430,90,144.1823837592167
1732,huggyllama/llama-7b,dummy-lora-7b-rank-128-4,491,52,144.21643749293347
1733,huggyllama/llama-7b,dummy-lora-7b-rank-8-2,601,13,144.22123724932948
1734,huggyllama/llama-7b,dummy-lora-7b-rank-128-2,337,13,144.25932584824542
1735,huggyllama/llama-7b,dummy-lora-7b-rank-64-2,592,37,144.29594250981
1736,huggyllama/llama-7b,dummy-lora-7b-rank-8-1,272,37,144.31064074061825
1737,huggyllama/llama-7b,dummy-lora-7b-rank-128-2,554,11,144.3493098620007
1738,huggyllama/llama-7b,dummy-lora-7b-rank-64-1,550,18,144.45808570447682
1739,huggyllama/llama-7b,dummy-lora-7b-rank-64-3,546,45,144.5528268341733
1740,huggyllama/llama-7b,dummy-lora-7b-rank-128-1,167,46,144.61817022047873
1741,huggyllama/llama-7b,dummy-lora-7b-rank-128-1,367,46,144.67924850666188
1742,huggyllama/llama-7b,dummy-lora-7b-rank-32-0,566,18,144.69129628933104
1743,huggyllama/llama-7b,dummy-lora-7b-rank-128-1,885,38,144.7143445852412
1744,huggyllama/llama-7b,dummy-lora-7b-rank-128-3,638,7,144.7356459167805
1745,huggyllama/llama-7b,dummy-lora-7b-rank-128-0,890,172,144.76182588070236
1746,huggyllama/llama-7b,dummy-lora-7b-rank-128-0,475,26,144.8202746259114
1747,huggyllama/llama-7b,dummy-lora-7b-rank-8-4,115,40,144.82212102840134
1748,huggyllama/llama-7b,dummy-lora-7b-rank-128-1,483,63,144.8290923346492
1749,huggyllama/llama-7b,dummy-lora-7b-rank-128-2,404,10,144.87341222885945
1750,huggyllama/llama-7b,dummy-lora-7b-rank-128-1,357,43,144.9973836899969
1751,huggyllama/llama-7b,dummy-lora-7b-rank-64-3,554,12,145.07568552937954
1752,huggyllama/llama-7b,dummy-lora-7b-rank-128-2,524,46,145.0851675655734
1753,huggyllama/llama-7b,dummy-lora-7b-rank-128-4,301,55,145.11595762538562
1754,huggyllama/llama-7b,dummy-lora-7b-rank-128-1,504,65,145.1180406736439
1755,huggyllama/llama-7b,dummy-lora-7b-rank-128-1,554,20,145.13354189004954
1756,huggyllama/llama-7b,dummy-lora-7b-rank-8-3,889,38,145.23469821697844
1757,huggyllama/llama-7b,dummy-lora-7b-rank-128-1,578,52,145.24258110583904
1758,huggyllama/llama-7b,dummy-lora-7b-rank-64-4,560,25,145.24258658176063
1759,huggyllama/llama-7b,dummy-lora-7b-rank-128-3,564,27,145.2473083434533
1760,huggyllama/llama-7b,dummy-lora-7b-rank-128-3,588,15,145.3746682117473
1761,huggyllama/llama-7b,dummy-lora-7b-rank-8-3,550,18,145.38487592307965
1762,huggyllama/llama-7b,dummy-lora-7b-rank-128-3,550,18,145.44228011399775
1763,huggyllama/llama-7b,dummy-lora-7b-rank-8-2,707,38,145.52539947188797
1764,huggyllama/llama-7b,dummy-lora-7b-rank-32-1,429,52,145.59339012698834
1765,huggyllama/llama-7b,dummy-lora-7b-rank-128-2,746,52,145.5972390067975
1766,huggyllama/llama-7b,dummy-lora-7b-rank-8-3,557,62,145.6733621858031
1767,huggyllama/llama-7b,dummy-lora-7b-rank-128-2,489,148,145.7370081729781
1768,huggyllama/llama-7b,dummy-lora-7b-rank-128-2,552,18,145.74355679097562
1769,huggyllama/llama-7b,dummy-lora-7b-rank-16-4,817,16,145.75087852749573
1770,huggyllama/llama-7b,dummy-lora-7b-rank-128-2,337,20,145.75234490098737
1771,huggyllama/llama-7b,dummy-lora-7b-rank-32-4,566,28,145.79150587402734
1772,huggyllama/llama-7b,dummy-lora-7b-rank-128-0,562,26,145.84757541390312
1773,huggyllama/llama-7b,dummy-lora-7b-rank-128-1,566,27,145.8801312834099
1774,huggyllama/llama-7b,dummy-lora-7b-rank-128-3,479,7,145.94808218687038
1775,huggyllama/llama-7b,dummy-lora-7b-rank-16-2,116,72,145.9531468450259
1776,huggyllama/llama-7b,dummy-lora-7b-rank-8-2,391,104,148.03586248042535
1777,huggyllama/llama-7b,dummy-lora-7b-rank-128-3,285,40,148.15611201429869
1778,huggyllama/llama-7b,dummy-lora-7b-rank-16-3,548,17,148.18065368735688
1779,huggyllama/llama-7b,dummy-lora-7b-rank-8-1,379,177,148.22046972505154
1780,huggyllama/llama-7b,dummy-lora-7b-rank-8-4,693,56,148.24386757706418
1781,huggyllama/llama-7b,dummy-lora-7b-rank-128-4,426,7,148.2700694735449
1782,huggyllama/llama-7b,dummy-lora-7b-rank-32-1,227,85,148.37982128170628
1783,huggyllama/llama-7b,dummy-lora-7b-rank-16-3,634,56,148.4014380199352
1784,huggyllama/llama-7b,dummy-lora-7b-rank-16-2,564,24,148.4510809928507
1785,huggyllama/llama-7b,dummy-lora-7b-rank-128-1,855,59,148.47959699665174
1786,huggyllama/llama-7b,dummy-lora-7b-rank-128-0,841,29,148.53097071470336
1787,huggyllama/llama-7b,dummy-lora-7b-rank-128-3,692,7,148.55543221478604
1788,huggyllama/llama-7b,dummy-lora-7b-rank-16-3,328,42,148.59261862035322
1789,huggyllama/llama-7b,dummy-lora-7b-rank-128-2,169,46,148.720112324531
1790,huggyllama/llama-7b,dummy-lora-7b-rank-128-0,554,20,148.73413049038484
1791,huggyllama/llama-7b,dummy-lora-7b-rank-128-2,597,9,148.74154755659933
1792,huggyllama/llama-7b,dummy-lora-7b-rank-64-4,552,19,148.75275938524211
1793,huggyllama/llama-7b,dummy-lora-7b-rank-8-0,496,49,148.75937031265153
1794,huggyllama/llama-7b,dummy-lora-7b-rank-128-3,483,59,148.7926097629211
1795,huggyllama/llama-7b,dummy-lora-7b-rank-16-3,283,130,148.8376470219354
1796,huggyllama/llama-7b,dummy-lora-7b-rank-64-4,550,18,148.84552814518574
1797,huggyllama/llama-7b,dummy-lora-7b-rank-128-4,254,34,148.90783288897313
1798,huggyllama/llama-7b,dummy-lora-7b-rank-8-3,616,75,148.93976209659726
1799,huggyllama/llama-7b,dummy-lora-7b-rank-64-2,388,66,148.94119902948358
1800,huggyllama/llama-7b,dummy-lora-7b-rank-128-2,511,52,149.02393935275214
1801,huggyllama/llama-7b,dummy-lora-7b-rank-32-1,599,17,149.04954598184293
1802,huggyllama/llama-7b,dummy-lora-7b-rank-128-3,289,123,149.0531369445815
1803,huggyllama/llama-7b,dummy-lora-7b-rank-128-4,582,36,149.0812879784204
1804,huggyllama/llama-7b,dummy-lora-7b-rank-64-3,311,107,149.184764036484
1805,huggyllama/llama-7b,dummy-lora-7b-rank-128-1,472,59,149.19545137791422
1806,huggyllama/llama-7b,dummy-lora-7b-rank-8-1,554,20,149.21929988903787
1807,huggyllama/llama-7b,dummy-lora-7b-rank-128-4,134,59,149.22204518333697
1808,huggyllama/llama-7b,dummy-lora-7b-rank-16-4,378,56,149.2522022239998
1809,huggyllama/llama-7b,dummy-lora-7b-rank-32-2,349,49,149.25356956724832
1810,huggyllama/llama-7b,dummy-lora-7b-rank-128-2,372,18,149.25479957884878
1811,huggyllama/llama-7b,dummy-lora-7b-rank-128-3,189,55,149.25842121001705
1812,huggyllama/llama-7b,dummy-lora-7b-rank-64-1,592,49,149.35458032856465
1813,huggyllama/llama-7b,dummy-lora-7b-rank-128-2,550,10,149.37616714570703
1814,huggyllama/llama-7b,dummy-lora-7b-rank-128-3,939,51,149.44215607708767
1815,huggyllama/llama-7b,dummy-lora-7b-rank-128-3,499,37,149.4743272955763
1816,huggyllama/llama-7b,dummy-lora-7b-rank-64-2,224,65,149.58524049892557
1817,huggyllama/llama-7b,dummy-lora-7b-rank-16-3,542,11,149.7302660326154
1818,huggyllama/llama-7b,dummy-lora-7b-rank-16-1,455,7,149.75777469797228
1819,huggyllama/llama-7b,dummy-lora-7b-rank-128-0,781,11,149.7910531526602
1820,huggyllama/llama-7b,dummy-lora-7b-rank-8-4,555,45,149.82961351780688
1821,huggyllama/llama-7b,dummy-lora-7b-rank-128-3,373,11,149.88621416249254
1822,huggyllama/llama-7b,dummy-lora-7b-rank-8-4,241,37,149.88775953513726
1823,huggyllama/llama-7b,dummy-lora-7b-rank-128-0,501,48,149.91544293665052
1824,huggyllama/llama-7b,dummy-lora-7b-rank-128-1,95,51,152.1661281364636
1825,huggyllama/llama-7b,dummy-lora-7b-rank-64-1,617,36,152.18929018008328
1826,huggyllama/llama-7b,dummy-lora-7b-rank-16-2,518,69,152.1930814237789
1827,huggyllama/llama-7b,dummy-lora-7b-rank-32-1,562,24,152.30428351155277
1828,huggyllama/llama-7b,dummy-lora-7b-rank-16-2,550,18,152.36084345900522
1829,huggyllama/llama-7b,dummy-lora-7b-rank-32-1,611,77,152.3717394098736
1830,huggyllama/llama-7b,dummy-lora-7b-rank-64-3,621,5,152.41371196760792
1831,huggyllama/llama-7b,dummy-lora-7b-rank-64-0,490,9,152.4611577938938
1832,huggyllama/llama-7b,dummy-lora-7b-rank-128-0,609,18,152.4800560120739
1833,huggyllama/llama-7b,dummy-lora-7b-rank-16-4,576,22,152.51519461952725
1834,huggyllama/llama-7b,dummy-lora-7b-rank-64-1,398,104,152.5628810707812
1835,huggyllama/llama-7b,dummy-lora-7b-rank-32-1,611,20,152.5745091500783
1836,huggyllama/llama-7b,dummy-lora-7b-rank-8-4,584,34,152.76170579680314
1837,huggyllama/llama-7b,dummy-lora-7b-rank-128-3,272,75,152.822284577231
1838,huggyllama/llama-7b,dummy-lora-7b-rank-128-2,741,104,152.83894124891364
1839,huggyllama/llama-7b,dummy-lora-7b-rank-128-4,329,7,152.84997031821007
1840,huggyllama/llama-7b,dummy-lora-7b-rank-32-3,616,7,152.88860615486962
1841,huggyllama/llama-7b,dummy-lora-7b-rank-64-3,247,51,152.980490060863
1842,huggyllama/llama-7b,dummy-lora-7b-rank-128-0,599,17,153.00891249800625
1843,huggyllama/llama-7b,dummy-lora-7b-rank-128-3,580,106,153.02139432361835
1844,huggyllama/llama-7b,dummy-lora-7b-rank-16-4,251,148,153.03361017456663
1845,huggyllama/llama-7b,dummy-lora-7b-rank-128-2,400,54,153.06272189590862
1846,huggyllama/llama-7b,dummy-lora-7b-rank-128-3,143,33,153.08676420126199
1847,huggyllama/llama-7b,dummy-lora-7b-rank-128-1,369,54,153.1190091053085
1848,huggyllama/llama-7b,dummy-lora-7b-rank-128-2,642,102,153.17190045692877
1849,huggyllama/llama-7b,dummy-lora-7b-rank-128-4,808,39,153.18128619220664
1850,huggyllama/llama-7b,dummy-lora-7b-rank-8-4,501,52,153.1987832158154
1851,huggyllama/llama-7b,dummy-lora-7b-rank-64-3,156,50,153.20431004434155
1852,huggyllama/llama-7b,dummy-lora-7b-rank-64-3,267,56,153.21687412312068
1853,huggyllama/llama-7b,dummy-lora-7b-rank-128-4,976,38,153.2507718293882
1854,huggyllama/llama-7b,dummy-lora-7b-rank-32-0,284,44,153.2528112977463
1855,huggyllama/llama-7b,dummy-lora-7b-rank-16-2,180,41,153.26121327626964
1856,huggyllama/llama-7b,dummy-lora-7b-rank-64-1,354,7,153.4029140974116
1857,huggyllama/llama-7b,dummy-lora-7b-rank-128-1,566,44,153.44674756680848
1858,huggyllama/llama-7b,dummy-lora-7b-rank-32-1,469,54,153.47524514864492
1859,huggyllama/llama-7b,dummy-lora-7b-rank-16-3,173,36,153.48237646334647
1860,huggyllama/llama-7b,dummy-lora-7b-rank-128-4,573,21,153.48713133737755
1861,huggyllama/llama-7b,dummy-lora-7b-rank-32-0,420,51,153.52400194370898
1862,huggyllama/llama-7b,dummy-lora-7b-rank-128-4,584,39,153.589344596402
1863,huggyllama/llama-7b,dummy-lora-7b-rank-128-2,517,102,153.6878437610073
1864,huggyllama/llama-7b,dummy-lora-7b-rank-128-0,307,7,153.70708210189906
1865,huggyllama/llama-7b,dummy-lora-7b-rank-8-3,226,104,153.714619640281
1866,huggyllama/llama-7b,dummy-lora-7b-rank-128-3,418,7,153.72355843888397
1867,huggyllama/llama-7b,dummy-lora-7b-rank-16-4,163,141,153.7614196830675
1868,huggyllama/llama-7b,dummy-lora-7b-rank-128-0,379,50,153.88523985572982
1869,huggyllama/llama-7b,dummy-lora-7b-rank-128-3,327,53,153.93086244822578
1870,huggyllama/llama-7b,dummy-lora-7b-rank-16-0,399,7,153.96345420338255
1871,huggyllama/llama-7b,dummy-lora-7b-rank-128-2,295,11,153.97758146033254
1872,huggyllama/llama-7b,dummy-lora-7b-rank-64-0,560,24,156.0055911880833
1873,huggyllama/llama-7b,dummy-lora-7b-rank-128-4,554,11,156.0157567848614
1874,huggyllama/llama-7b,dummy-lora-7b-rank-64-4,546,9,156.03812086470646
1875,huggyllama/llama-7b,dummy-lora-7b-rank-128-3,562,27,156.05155984651765
1876,huggyllama/llama-7b,dummy-lora-7b-rank-32-3,195,3,156.06027995231335
1877,huggyllama/llama-7b,dummy-lora-7b-rank-128-1,566,26,156.08812608982868
1878,huggyllama/llama-7b,dummy-lora-7b-rank-128-4,326,48,156.10720250181527
1879,huggyllama/llama-7b,dummy-lora-7b-rank-32-1,421,42,156.12412744298183
1880,huggyllama/llama-7b,dummy-lora-7b-rank-128-0,554,21,156.14992885573312
1881,huggyllama/llama-7b,dummy-lora-7b-rank-8-4,402,65,156.18573360312936
1882,huggyllama/llama-7b,dummy-lora-7b-rank-128-2,480,55,156.28350552291386
1883,huggyllama/llama-7b,dummy-lora-7b-rank-128-3,638,42,156.3966864982082
1884,huggyllama/llama-7b,dummy-lora-7b-rank-128-1,604,31,156.50730932608897
1885,huggyllama/llama-7b,dummy-lora-7b-rank-16-2,468,47,156.5327216475962
1886,huggyllama/llama-7b,dummy-lora-7b-rank-128-4,320,57,156.58984840006462
1887,huggyllama/llama-7b,dummy-lora-7b-rank-128-2,268,7,156.67047514115515
1888,huggyllama/llama-7b,dummy-lora-7b-rank-16-1,430,62,156.7292070628277
1889,huggyllama/llama-7b,dummy-lora-7b-rank-32-3,651,11,156.74007793340962
1890,huggyllama/llama-7b,dummy-lora-7b-rank-64-3,544,15,156.86688138604418
1891,huggyllama/llama-7b,dummy-lora-7b-rank-16-0,282,51,156.87410913398742
1892,huggyllama/llama-7b,dummy-lora-7b-rank-128-2,289,77,156.87841481880145
1893,huggyllama/llama-7b,dummy-lora-7b-rank-128-2,339,44,156.92682551647636
1894,huggyllama/llama-7b,dummy-lora-7b-rank-128-1,644,48,156.94023355478458
1895,huggyllama/llama-7b,dummy-lora-7b-rank-64-3,368,35,157.01359918899175
1896,huggyllama/llama-7b,dummy-lora-7b-rank-128-2,558,24,157.06193498580942
1897,huggyllama/llama-7b,dummy-lora-7b-rank-32-2,576,51,157.10482473794946
1898,huggyllama/llama-7b,dummy-lora-7b-rank-128-3,615,25,157.1601753684317
1899,huggyllama/llama-7b,dummy-lora-7b-rank-128-4,553,34,157.2260915884446
1900,huggyllama/llama-7b,dummy-lora-7b-rank-8-2,550,18,157.24084720575462
1901,huggyllama/llama-7b,dummy-lora-7b-rank-32-4,762,71,157.26142209215647
1902,huggyllama/llama-7b,dummy-lora-7b-rank-8-1,550,18,157.27882053514804
1903,huggyllama/llama-7b,dummy-lora-7b-rank-128-3,610,10,157.28838961610973
1904,huggyllama/llama-7b,dummy-lora-7b-rank-32-4,666,45,157.36639850628973
1905,huggyllama/llama-7b,dummy-lora-7b-rank-128-4,705,14,157.3873133893166
1906,huggyllama/llama-7b,dummy-lora-7b-rank-8-4,520,58,157.43729057810475
1907,huggyllama/llama-7b,dummy-lora-7b-rank-128-3,202,102,157.44238197836586
1908,huggyllama/llama-7b,dummy-lora-7b-rank-64-2,698,81,157.52412260441164
1909,huggyllama/llama-7b,dummy-lora-7b-rank-32-1,617,29,157.5761942458791
1910,huggyllama/llama-7b,dummy-lora-7b-rank-16-4,548,17,157.59799958886944
1911,huggyllama/llama-7b,dummy-lora-7b-rank-128-3,692,75,157.67117298182632
1912,huggyllama/llama-7b,dummy-lora-7b-rank-128-1,645,28,157.68270669473688
1913,huggyllama/llama-7b,dummy-lora-7b-rank-128-3,560,26,157.73718398779346
1914,huggyllama/llama-7b,dummy-lora-7b-rank-16-3,559,25,157.7878841465527
1915,huggyllama/llama-7b,dummy-lora-7b-rank-128-2,586,19,157.7884305526871
1916,huggyllama/llama-7b,dummy-lora-7b-rank-128-1,356,153,157.86487415077335
1917,huggyllama/llama-7b,dummy-lora-7b-rank-64-2,286,31,157.93011532402272
1918,huggyllama/llama-7b,dummy-lora-7b-rank-128-4,720,3,157.9775609007083
1919,huggyllama/llama-7b,dummy-lora-7b-rank-128-3,561,41,157.9878601896006
1920,huggyllama/llama-7b,dummy-lora-7b-rank-8-2,309,7,160.01647292583073
1921,huggyllama/llama-7b,dummy-lora-7b-rank-128-4,504,79,160.07192125761011
1922,huggyllama/llama-7b,dummy-lora-7b-rank-64-1,153,41,160.09443073669922
1923,huggyllama/llama-7b,dummy-lora-7b-rank-128-2,395,9,160.09972997757697
1924,huggyllama/llama-7b,dummy-lora-7b-rank-128-4,576,32,160.12959669596233
1925,huggyllama/llama-7b,dummy-lora-7b-rank-128-1,550,10,160.30096840254498
1926,huggyllama/llama-7b,dummy-lora-7b-rank-64-4,149,113,160.388710044721
1927,huggyllama/llama-7b,dummy-lora-7b-rank-16-0,232,48,160.40569723187932
1928,huggyllama/llama-7b,dummy-lora-7b-rank-128-3,570,31,160.41970265884595
1929,huggyllama/llama-7b,dummy-lora-7b-rank-128-1,54,41,160.5078939236336
1930,huggyllama/llama-7b,dummy-lora-7b-rank-128-0,293,51,160.52255962548256
1931,huggyllama/llama-7b,dummy-lora-7b-rank-128-2,306,43,160.52718461919343
1932,huggyllama/llama-7b,dummy-lora-7b-rank-128-0,391,10,160.53205135419498
1933,huggyllama/llama-7b,dummy-lora-7b-rank-128-0,419,10,160.6266896886223
1934,huggyllama/llama-7b,dummy-lora-7b-rank-8-0,739,8,160.63586814591233
1935,huggyllama/llama-7b,dummy-lora-7b-rank-128-3,744,188,160.65840983573693
1936,huggyllama/llama-7b,dummy-lora-7b-rank-128-2,505,8,160.66416763021996
1937,huggyllama/llama-7b,dummy-lora-7b-rank-128-3,249,92,160.6843636827796
1938,huggyllama/llama-7b,dummy-lora-7b-rank-128-0,424,47,160.68719854997465
1939,huggyllama/llama-7b,dummy-lora-7b-rank-8-4,102,51,160.7149354719551
1940,huggyllama/llama-7b,dummy-lora-7b-rank-128-0,552,17,160.7175996109642
1941,huggyllama/llama-7b,dummy-lora-7b-rank-32-2,441,122,160.74894897339877
1942,huggyllama/llama-7b,dummy-lora-7b-rank-128-4,580,16,160.82087583807882
1943,huggyllama/llama-7b,dummy-lora-7b-rank-128-1,478,40,160.84235883812462
1944,huggyllama/llama-7b,dummy-lora-7b-rank-64-3,298,140,160.8884809455431
1945,huggyllama/llama-7b,dummy-lora-7b-rank-8-2,584,29,160.89747543906375
1946,huggyllama/llama-7b,dummy-lora-7b-rank-128-1,606,8,160.93131318147854
1947,huggyllama/llama-7b,dummy-lora-7b-rank-32-1,122,80,160.9486581989512
1948,huggyllama/llama-7b,dummy-lora-7b-rank-128-0,602,28,160.99364237719735
1949,huggyllama/llama-7b,dummy-lora-7b-rank-128-1,464,55,160.99728822889946
1950,huggyllama/llama-7b,dummy-lora-7b-rank-128-1,556,13,161.07801610964063
1951,huggyllama/llama-7b,dummy-lora-7b-rank-128-4,144,71,161.1779653183073
1952,huggyllama/llama-7b,dummy-lora-7b-rank-32-4,566,27,161.1902902689211
1953,huggyllama/llama-7b,dummy-lora-7b-rank-128-0,590,10,161.26141374885964
1954,huggyllama/llama-7b,dummy-lora-7b-rank-128-3,784,23,161.26982773449777
1955,huggyllama/llama-7b,dummy-lora-7b-rank-128-4,493,13,161.39785556796855
1956,huggyllama/llama-7b,dummy-lora-7b-rank-128-4,608,31,161.50979367609852
1957,huggyllama/llama-7b,dummy-lora-7b-rank-32-1,617,71,161.51582366565208
1958,huggyllama/llama-7b,dummy-lora-7b-rank-8-0,355,59,161.54004628025893
1959,huggyllama/llama-7b,dummy-lora-7b-rank-16-4,671,11,161.54951624263302
1960,huggyllama/llama-7b,dummy-lora-7b-rank-128-0,464,12,161.61235948718794
1961,huggyllama/llama-7b,dummy-lora-7b-rank-16-4,552,22,161.63697946081157
1962,huggyllama/llama-7b,dummy-lora-7b-rank-32-4,610,36,161.64899732719093
1963,huggyllama/llama-7b,dummy-lora-7b-rank-128-2,617,33,161.80995726936962
1964,huggyllama/llama-7b,dummy-lora-7b-rank-8-1,208,38,161.82328270662785
1965,huggyllama/llama-7b,dummy-lora-7b-rank-128-0,882,39,161.88640509505586
1966,huggyllama/llama-7b,dummy-lora-7b-rank-64-2,325,174,161.88777706366264
1967,huggyllama/llama-7b,dummy-lora-7b-rank-64-1,621,11,161.94349142573788
1968,huggyllama/llama-7b,dummy-lora-7b-rank-128-3,489,99,164.07798820350646
1969,huggyllama/llama-7b,dummy-lora-7b-rank-8-0,558,20,164.10302737071578
1970,huggyllama/llama-7b,dummy-lora-7b-rank-16-1,469,47,164.11569092791044
1971,huggyllama/llama-7b,dummy-lora-7b-rank-128-0,247,27,164.14430420974787
1972,huggyllama/llama-7b,dummy-lora-7b-rank-128-3,538,8,164.1788354453311
1973,huggyllama/llama-7b,dummy-lora-7b-rank-8-0,634,9,164.24128488834236
1974,huggyllama/llama-7b,dummy-lora-7b-rank-128-4,256,3,164.282077219372
1975,huggyllama/llama-7b,dummy-lora-7b-rank-64-3,340,7,164.32111657362134
1976,huggyllama/llama-7b,dummy-lora-7b-rank-128-1,552,4,164.40105639455592
1977,huggyllama/llama-7b,dummy-lora-7b-rank-16-1,548,17,164.40148062140756
1978,huggyllama/llama-7b,dummy-lora-7b-rank-128-4,640,140,164.50272887226413
1979,huggyllama/llama-7b,dummy-lora-7b-rank-64-0,624,90,164.60747004433614
1980,huggyllama/llama-7b,dummy-lora-7b-rank-64-3,853,53,164.611603100173
1981,huggyllama/llama-7b,dummy-lora-7b-rank-16-1,560,23,164.61504139826033
1982,huggyllama/llama-7b,dummy-lora-7b-rank-128-3,303,12,164.64613850657042
1983,huggyllama/llama-7b,dummy-lora-7b-rank-128-4,648,10,164.65536463042963
1984,huggyllama/llama-7b,dummy-lora-7b-rank-128-2,554,44,164.80032047133628
1985,huggyllama/llama-7b,dummy-lora-7b-rank-8-3,386,4,164.84138175116954
1986,huggyllama/llama-7b,dummy-lora-7b-rank-8-2,196,46,164.86621252132295
1987,huggyllama/llama-7b,dummy-lora-7b-rank-128-4,311,9,164.8702809966542
1988,huggyllama/llama-7b,dummy-lora-7b-rank-128-3,340,177,164.9659731048762
1989,huggyllama/llama-7b,dummy-lora-7b-rank-32-2,425,51,164.97956126920627
1990,huggyllama/llama-7b,dummy-lora-7b-rank-32-3,795,32,165.01652109093212
1991,huggyllama/llama-7b,dummy-lora-7b-rank-32-4,563,5,165.04773798414766
1992,huggyllama/llama-7b,dummy-lora-7b-rank-32-0,264,51,165.09289212061367
1993,huggyllama/llama-7b,dummy-lora-7b-rank-32-3,562,21,165.09965749509996
1994,huggyllama/llama-7b,dummy-lora-7b-rank-16-1,143,79,165.16814878263932
1995,huggyllama/llama-7b,dummy-lora-7b-rank-128-0,605,19,165.1716752684452
1996,huggyllama/llama-7b,dummy-lora-7b-rank-128-2,400,33,165.19443696339272
1997,huggyllama/llama-7b,dummy-lora-7b-rank-8-4,188,33,165.21714743550822
1998,huggyllama/llama-7b,dummy-lora-7b-rank-8-4,266,33,165.27050749735886
1999,huggyllama/llama-7b,dummy-lora-7b-rank-64-4,857,7,165.3382076301825
2000,huggyllama/llama-7b,dummy-lora-7b-rank-128-1,333,136,165.34163267316202
2001,huggyllama/llama-7b,dummy-lora-7b-rank-64-1,564,18,165.4389346336076
2002,huggyllama/llama-7b,dummy-lora-7b-rank-16-4,660,55,165.43894695075545
2003,huggyllama/llama-7b,dummy-lora-7b-rank-64-0,806,56,165.46632697227892
2004,huggyllama/llama-7b,dummy-lora-7b-rank-128-0,428,59,165.47201569161098
2005,huggyllama/llama-7b,dummy-lora-7b-rank-64-2,704,45,165.4902051270587
2006,huggyllama/llama-7b,dummy-lora-7b-rank-128-1,238,44,165.51007039740912
2007,huggyllama/llama-7b,dummy-lora-7b-rank-64-1,614,25,165.55582651893778
2008,huggyllama/llama-7b,dummy-lora-7b-rank-128-0,552,22,165.56583597309609
2009,huggyllama/llama-7b,dummy-lora-7b-rank-128-0,546,13,165.63434328595622
2010,huggyllama/llama-7b,dummy-lora-7b-rank-32-3,394,38,165.72408127518221
2011,huggyllama/llama-7b,dummy-lora-7b-rank-32-3,555,21,165.72919062595057
2012,huggyllama/llama-7b,dummy-lora-7b-rank-32-3,338,49,165.75030631682245
2013,huggyllama/llama-7b,dummy-lora-7b-rank-128-3,892,3,165.7678694841026
2014,huggyllama/llama-7b,dummy-lora-7b-rank-128-1,270,24,165.86110803228468
2015,huggyllama/llama-7b,dummy-lora-7b-rank-128-2,506,55,165.9462644507818
2016,huggyllama/llama-7b,dummy-lora-7b-rank-16-0,463,20,168.00176962173788
2017,huggyllama/llama-7b,dummy-lora-7b-rank-16-3,166,52,168.0140368472494
2018,huggyllama/llama-7b,dummy-lora-7b-rank-32-3,371,44,168.05493914953354
2019,huggyllama/llama-7b,dummy-lora-7b-rank-128-4,670,21,168.0581144122461
2020,huggyllama/llama-7b,dummy-lora-7b-rank-8-3,741,36,168.0747494451274
2021,huggyllama/llama-7b,dummy-lora-7b-rank-128-1,716,3,168.21012749013036
2022,huggyllama/llama-7b,dummy-lora-7b-rank-16-0,230,52,168.21388447473885
2023,huggyllama/llama-7b,dummy-lora-7b-rank-16-1,382,41,168.24075048629854
2024,huggyllama/llama-7b,dummy-lora-7b-rank-64-4,154,50,168.24343989738816
2025,huggyllama/llama-7b,dummy-lora-7b-rank-128-1,556,2,168.25995458074706
2026,huggyllama/llama-7b,dummy-lora-7b-rank-128-2,407,46,168.32153512042095
2027,huggyllama/llama-7b,dummy-lora-7b-rank-8-3,602,36,168.35023508981118
2028,huggyllama/llama-7b,dummy-lora-7b-rank-128-1,563,55,168.42845723753075
2029,huggyllama/llama-7b,dummy-lora-7b-rank-8-4,606,19,168.44617460188206
2030,huggyllama/llama-7b,dummy-lora-7b-rank-128-3,382,64,168.4969568866526
2031,huggyllama/llama-7b,dummy-lora-7b-rank-128-0,769,37,168.5389006101689
2032,huggyllama/llama-7b,dummy-lora-7b-rank-128-3,560,28,168.60284227887612
2033,huggyllama/llama-7b,dummy-lora-7b-rank-64-0,197,46,168.6196977206204
2034,huggyllama/llama-7b,dummy-lora-7b-rank-8-3,269,51,168.62557944305334
2035,huggyllama/llama-7b,dummy-lora-7b-rank-128-2,562,15,168.66718192153735
2036,huggyllama/llama-7b,dummy-lora-7b-rank-128-0,435,138,168.67844663194367
2037,huggyllama/llama-7b,dummy-lora-7b-rank-128-1,233,57,168.7339938242128
2038,huggyllama/llama-7b,dummy-lora-7b-rank-128-4,574,29,168.77531814620676
2039,huggyllama/llama-7b,dummy-lora-7b-rank-16-1,344,44,168.78065876067316
2040,huggyllama/llama-7b,dummy-lora-7b-rank-128-3,914,48,168.8475654255561
2041,huggyllama/llama-7b,dummy-lora-7b-rank-64-4,820,3,169.00019613827837
2042,huggyllama/llama-7b,dummy-lora-7b-rank-128-0,547,49,169.04413009202057
2043,huggyllama/llama-7b,dummy-lora-7b-rank-128-1,548,17,169.05458247826968
2044,huggyllama/llama-7b,dummy-lora-7b-rank-16-4,234,37,169.06298307409554
2045,huggyllama/llama-7b,dummy-lora-7b-rank-128-2,700,74,169.08222663606753
2046,huggyllama/llama-7b,dummy-lora-7b-rank-128-4,574,35,169.10961782123076
2047,huggyllama/llama-7b,dummy-lora-7b-rank-32-1,987,59,169.1802275442031
2048,huggyllama/llama-7b,dummy-lora-7b-rank-128-4,607,16,169.18791840484968
2049,huggyllama/llama-7b,dummy-lora-7b-rank-32-4,592,19,169.25552119685122
2050,huggyllama/llama-7b,dummy-lora-7b-rank-32-0,902,21,169.26472143430303
2051,huggyllama/llama-7b,dummy-lora-7b-rank-128-0,570,30,169.32130499092577
2052,huggyllama/llama-7b,dummy-lora-7b-rank-128-4,423,49,169.37093143760114
2053,huggyllama/llama-7b,dummy-lora-7b-rank-32-2,383,8,169.37582392658658
2054,huggyllama/llama-7b,dummy-lora-7b-rank-32-0,572,7,169.3949398212693
2055,huggyllama/llama-7b,dummy-lora-7b-rank-128-1,233,120,169.49280777837367
2056,huggyllama/llama-7b,dummy-lora-7b-rank-128-1,552,19,169.66086117018136
2057,huggyllama/llama-7b,dummy-lora-7b-rank-128-1,268,122,169.69577856400574
2058,huggyllama/llama-7b,dummy-lora-7b-rank-64-0,217,140,169.7641218046502
2059,huggyllama/llama-7b,dummy-lora-7b-rank-32-3,352,50,169.83796936601365
2060,huggyllama/llama-7b,dummy-lora-7b-rank-128-3,385,47,169.89788930746468
2061,huggyllama/llama-7b,dummy-lora-7b-rank-64-1,546,17,169.90550899925975
2062,huggyllama/llama-7b,dummy-lora-7b-rank-128-1,554,9,169.9230631244964
2063,huggyllama/llama-7b,dummy-lora-7b-rank-128-0,554,20,169.9628931540989
2064,huggyllama/llama-7b,dummy-lora-7b-rank-32-3,605,20,172.02343337362086
2065,huggyllama/llama-7b,dummy-lora-7b-rank-128-1,601,61,172.0348587156167
2066,huggyllama/llama-7b,dummy-lora-7b-rank-64-3,657,16,172.08545404073885
2067,huggyllama/llama-7b,dummy-lora-7b-rank-128-3,253,35,172.10988568241905
2068,huggyllama/llama-7b,dummy-lora-7b-rank-16-0,478,109,172.11062317589693
2069,huggyllama/llama-7b,dummy-lora-7b-rank-16-2,574,10,172.1267986685598
2070,huggyllama/llama-7b,dummy-lora-7b-rank-128-3,326,50,172.20237313259435
2071,huggyllama/llama-7b,dummy-lora-7b-rank-8-2,525,10,172.3145764712749
2072,huggyllama/llama-7b,dummy-lora-7b-rank-128-4,361,46,172.33995595967906
2073,huggyllama/llama-7b,dummy-lora-7b-rank-128-4,611,35,172.3694154733905
2074,huggyllama/llama-7b,dummy-lora-7b-rank-32-1,556,22,172.40192580506348
2075,huggyllama/llama-7b,dummy-lora-7b-rank-16-3,247,125,172.42571775809344
2076,huggyllama/llama-7b,dummy-lora-7b-rank-128-1,927,26,172.49292859193417
2077,huggyllama/llama-7b,dummy-lora-7b-rank-32-3,306,76,172.56174648516395
2078,huggyllama/llama-7b,dummy-lora-7b-rank-64-0,468,11,172.60102341903587
2079,huggyllama/llama-7b,dummy-lora-7b-rank-128-3,552,21,172.63621592416948
2080,huggyllama/llama-7b,dummy-lora-7b-rank-32-1,619,22,172.65256300170208
2081,huggyllama/llama-7b,dummy-lora-7b-rank-32-0,361,7,172.7085349523374
2082,huggyllama/llama-7b,dummy-lora-7b-rank-8-1,587,5,172.72351833501367
2083,huggyllama/llama-7b,dummy-lora-7b-rank-128-3,1015,64,172.75252379722505
2084,huggyllama/llama-7b,dummy-lora-7b-rank-8-3,606,29,172.8055452655369
2085,huggyllama/llama-7b,dummy-lora-7b-rank-128-0,238,179,172.9145560844333
2086,huggyllama/llama-7b,dummy-lora-7b-rank-128-1,902,66,172.9247136774552
2087,huggyllama/llama-7b,dummy-lora-7b-rank-16-3,560,20,172.94527864026736
2088,huggyllama/llama-7b,dummy-lora-7b-rank-64-0,400,8,172.9597818257267
2089,huggyllama/llama-7b,dummy-lora-7b-rank-128-0,496,48,173.03235589584258
2090,huggyllama/llama-7b,dummy-lora-7b-rank-128-3,670,77,173.0664774509781
2091,huggyllama/llama-7b,dummy-lora-7b-rank-128-2,565,27,173.08208174529005
2092,huggyllama/llama-7b,dummy-lora-7b-rank-32-0,735,92,173.09104803450163
2093,huggyllama/llama-7b,dummy-lora-7b-rank-128-1,570,28,173.09142107253234
2094,huggyllama/llama-7b,dummy-lora-7b-rank-128-0,584,10,173.1041505929993
2095,huggyllama/llama-7b,dummy-lora-7b-rank-128-1,642,47,173.1159009578703
2096,huggyllama/llama-7b,dummy-lora-7b-rank-128-1,123,43,173.22840892922912
2097,huggyllama/llama-7b,dummy-lora-7b-rank-16-3,272,39,173.282575015815
2098,huggyllama/llama-7b,dummy-lora-7b-rank-32-4,584,35,173.31019390857753
2099,huggyllama/llama-7b,dummy-lora-7b-rank-16-4,554,11,173.3625990168778
2100,huggyllama/llama-7b,dummy-lora-7b-rank-16-1,529,104,173.36923411813447
2101,huggyllama/llama-7b,dummy-lora-7b-rank-128-2,656,76,173.37592626316285
2102,huggyllama/llama-7b,dummy-lora-7b-rank-128-2,313,60,173.42499031134966
2103,huggyllama/llama-7b,dummy-lora-7b-rank-16-0,276,13,173.47205445698873
2104,huggyllama/llama-7b,dummy-lora-7b-rank-128-3,558,22,173.51094239272018
2105,huggyllama/llama-7b,dummy-lora-7b-rank-128-2,734,11,173.5199340988756
2106,huggyllama/llama-7b,dummy-lora-7b-rank-128-3,236,113,173.55220008685455
2107,huggyllama/llama-7b,dummy-lora-7b-rank-32-2,522,59,173.5544796834309
2108,huggyllama/llama-7b,dummy-lora-7b-rank-16-4,435,15,173.64257569572433
2109,huggyllama/llama-7b,dummy-lora-7b-rank-128-2,415,67,173.79392252523465
2110,huggyllama/llama-7b,dummy-lora-7b-rank-128-3,522,138,173.96231944236004
2111,huggyllama/llama-7b,dummy-lora-7b-rank-128-0,566,18,173.99254513215328
2112,huggyllama/llama-7b,dummy-lora-7b-rank-16-3,806,9,176.01788975893936
2113,huggyllama/llama-7b,dummy-lora-7b-rank-64-0,612,20,176.06615628709332
2114,huggyllama/llama-7b,dummy-lora-7b-rank-8-1,665,13,176.08512657020773
2115,huggyllama/llama-7b,dummy-lora-7b-rank-128-1,322,81,176.10653510791076
2116,huggyllama/llama-7b,dummy-lora-7b-rank-128-2,429,7,176.16168669514315
2117,huggyllama/llama-7b,dummy-lora-7b-rank-128-2,920,28,176.20409451266733
2118,huggyllama/llama-7b,dummy-lora-7b-rank-128-1,560,25,176.21901217579125
2119,huggyllama/llama-7b,dummy-lora-7b-rank-16-1,592,11,176.2423994886419
2120,huggyllama/llama-7b,dummy-lora-7b-rank-16-3,267,42,176.3200334895177
2121,huggyllama/llama-7b,dummy-lora-7b-rank-128-2,370,44,176.33022748729908
2122,huggyllama/llama-7b,dummy-lora-7b-rank-32-0,554,20,176.40081988411978
2123,huggyllama/llama-7b,dummy-lora-7b-rank-128-3,460,49,176.40696622623025
2124,huggyllama/llama-7b,dummy-lora-7b-rank-128-4,546,11,176.42307434669817
2125,huggyllama/llama-7b,dummy-lora-7b-rank-32-4,921,71,176.50731340599165
2126,huggyllama/llama-7b,dummy-lora-7b-rank-128-0,603,14,176.6022616647907
2127,huggyllama/llama-7b,dummy-lora-7b-rank-8-4,568,10,176.7191832762929
2128,huggyllama/llama-7b,dummy-lora-7b-rank-128-3,564,27,176.73381528113575
2129,huggyllama/llama-7b,dummy-lora-7b-rank-128-0,623,24,176.73785142297513
2130,huggyllama/llama-7b,dummy-lora-7b-rank-8-0,621,25,176.74097658043686
2131,huggyllama/llama-7b,dummy-lora-7b-rank-128-1,552,18,176.76251522233562
2132,huggyllama/llama-7b,dummy-lora-7b-rank-128-4,558,22,176.7791568044157
2133,huggyllama/llama-7b,dummy-lora-7b-rank-32-4,757,34,176.8785380779609
2134,huggyllama/llama-7b,dummy-lora-7b-rank-128-3,736,108,176.89352075054506
2135,huggyllama/llama-7b,dummy-lora-7b-rank-16-1,295,8,176.91579560932456
2136,huggyllama/llama-7b,dummy-lora-7b-rank-128-2,556,23,176.918077523136
2137,huggyllama/llama-7b,dummy-lora-7b-rank-128-4,581,12,176.93842636710644
2138,huggyllama/llama-7b,dummy-lora-7b-rank-32-3,556,23,176.9417693754138
2139,huggyllama/llama-7b,dummy-lora-7b-rank-128-2,253,38,177.01222427602093
2140,huggyllama/llama-7b,dummy-lora-7b-rank-8-3,462,36,177.0496207742202
2141,huggyllama/llama-7b,dummy-lora-7b-rank-16-2,904,28,177.1070915776958
2142,huggyllama/llama-7b,dummy-lora-7b-rank-16-0,911,43,177.150924562827
2143,huggyllama/llama-7b,dummy-lora-7b-rank-128-4,515,11,177.25696957748704
2144,huggyllama/llama-7b,dummy-lora-7b-rank-64-2,554,21,177.28881260719902
2145,huggyllama/llama-7b,dummy-lora-7b-rank-8-0,690,10,177.3096214289465
2146,huggyllama/llama-7b,dummy-lora-7b-rank-128-1,563,19,177.33117519755103
2147,huggyllama/llama-7b,dummy-lora-7b-rank-16-0,190,49,177.343042837349
2148,huggyllama/llama-7b,dummy-lora-7b-rank-128-2,465,54,177.346212238615
2149,huggyllama/llama-7b,dummy-lora-7b-rank-128-3,324,12,177.41088900381484
2150,huggyllama/llama-7b,dummy-lora-7b-rank-8-2,289,157,177.4401264272
2151,huggyllama/llama-7b,dummy-lora-7b-rank-32-4,554,20,177.51338726631545
2152,huggyllama/llama-7b,dummy-lora-7b-rank-32-4,750,14,177.52697785441467
2153,huggyllama/llama-7b,dummy-lora-7b-rank-128-3,214,57,177.62804662290577
2154,huggyllama/llama-7b,dummy-lora-7b-rank-128-2,264,6,177.67424799811968
2155,huggyllama/llama-7b,dummy-lora-7b-rank-8-1,205,92,177.72324164593337
2156,huggyllama/llama-7b,dummy-lora-7b-rank-128-3,331,7,177.76030282695476
2157,huggyllama/llama-7b,dummy-lora-7b-rank-128-1,434,45,177.84565293507325
2158,huggyllama/llama-7b,dummy-lora-7b-rank-128-4,599,26,177.8778144779261
2159,huggyllama/llama-7b,dummy-lora-7b-rank-128-3,528,4,177.9693140193789
2160,huggyllama/llama-7b,dummy-lora-7b-rank-32-2,554,21,180.03439588732556
2161,huggyllama/llama-7b,dummy-lora-7b-rank-32-3,699,100,180.06195010167937
2162,huggyllama/llama-7b,dummy-lora-7b-rank-128-4,122,55,180.18282462088249
2163,huggyllama/llama-7b,dummy-lora-7b-rank-128-1,954,71,180.23222840075505
2164,huggyllama/llama-7b,dummy-lora-7b-rank-32-0,843,43,180.23591509618322
2165,huggyllama/llama-7b,dummy-lora-7b-rank-128-4,408,53,180.2996953485293
2166,huggyllama/llama-7b,dummy-lora-7b-rank-128-0,452,58,180.3030748638567
2167,huggyllama/llama-7b,dummy-lora-7b-rank-128-3,269,8,180.3474932238781
2168,huggyllama/llama-7b,dummy-lora-7b-rank-64-1,252,115,180.39840323021886
2169,huggyllama/llama-7b,dummy-lora-7b-rank-16-4,338,47,180.40102777590897
2170,huggyllama/llama-7b,dummy-lora-7b-rank-16-3,545,42,180.42851843738677
2171,huggyllama/llama-7b,dummy-lora-7b-rank-32-2,375,75,180.5525731147204
2172,huggyllama/llama-7b,dummy-lora-7b-rank-8-3,594,38,180.56604911889673
2173,huggyllama/llama-7b,dummy-lora-7b-rank-16-2,190,112,180.64570888873624
2174,huggyllama/llama-7b,dummy-lora-7b-rank-128-4,634,9,180.6549861980751
2175,huggyllama/llama-7b,dummy-lora-7b-rank-32-0,415,161,180.68287696544866
2176,huggyllama/llama-7b,dummy-lora-7b-rank-8-0,456,9,180.73980532873423
2177,huggyllama/llama-7b,dummy-lora-7b-rank-64-4,117,66,180.84260644532625
2178,huggyllama/llama-7b,dummy-lora-7b-rank-64-2,408,48,180.896728203948
2179,huggyllama/llama-7b,dummy-lora-7b-rank-64-2,650,46,180.91342020592367
2180,huggyllama/llama-7b,dummy-lora-7b-rank-32-4,611,22,180.9490477046709
2181,huggyllama/llama-7b,dummy-lora-7b-rank-64-0,435,13,181.03289838059771
2182,huggyllama/llama-7b,dummy-lora-7b-rank-128-2,556,24,181.10095991202593
2183,huggyllama/llama-7b,dummy-lora-7b-rank-128-3,981,30,181.112529821624
2184,huggyllama/llama-7b,dummy-lora-7b-rank-128-1,623,27,181.11256462132664
2185,huggyllama/llama-7b,dummy-lora-7b-rank-128-4,596,43,181.12779707909198
2186,huggyllama/llama-7b,dummy-lora-7b-rank-128-2,649,39,181.15404737949544
2187,huggyllama/llama-7b,dummy-lora-7b-rank-8-4,226,71,181.1684035648865
2188,huggyllama/llama-7b,dummy-lora-7b-rank-16-0,882,3,181.1755828959081
2189,huggyllama/llama-7b,dummy-lora-7b-rank-128-4,467,39,181.1861518941974
2190,huggyllama/llama-7b,dummy-lora-7b-rank-128-2,545,15,181.22402649376963
2191,huggyllama/llama-7b,dummy-lora-7b-rank-128-0,350,54,181.22496793132598
2192,huggyllama/llama-7b,dummy-lora-7b-rank-8-4,682,65,181.25763576707885
2193,huggyllama/llama-7b,dummy-lora-7b-rank-128-4,576,33,181.2735740880334
2194,huggyllama/llama-7b,dummy-lora-7b-rank-64-2,553,67,181.29987174247202
2195,huggyllama/llama-7b,dummy-lora-7b-rank-64-0,56,113,181.31621405236044
2196,huggyllama/llama-7b,dummy-lora-7b-rank-64-1,566,27,181.33332989243905
2197,huggyllama/llama-7b,dummy-lora-7b-rank-8-3,556,21,181.33697712991562
2198,huggyllama/llama-7b,dummy-lora-7b-rank-64-4,584,10,181.33742432441127
2199,huggyllama/llama-7b,dummy-lora-7b-rank-128-0,576,34,181.4467590410184
2200,huggyllama/llama-7b,dummy-lora-7b-rank-32-2,699,82,181.48091628553198
2201,huggyllama/llama-7b,dummy-lora-7b-rank-32-3,265,38,181.51483011278393
2202,huggyllama/llama-7b,dummy-lora-7b-rank-128-3,570,30,181.6101651627483
2203,huggyllama/llama-7b,dummy-lora-7b-rank-128-2,157,26,181.63098808834803
2204,huggyllama/llama-7b,dummy-lora-7b-rank-128-3,387,45,181.6700402691216
2205,huggyllama/llama-7b,dummy-lora-7b-rank-128-4,556,22,181.68504589309944
2206,huggyllama/llama-7b,dummy-lora-7b-rank-64-1,315,54,181.9770555212135
2207,huggyllama/llama-7b,dummy-lora-7b-rank-16-3,450,7,181.99588146144376
2208,huggyllama/llama-7b,dummy-lora-7b-rank-64-2,592,41,184.05704508185195
2209,huggyllama/llama-7b,dummy-lora-7b-rank-16-2,558,24,184.11404739806326
2210,huggyllama/llama-7b,dummy-lora-7b-rank-8-0,322,61,184.1898287150759
2211,huggyllama/llama-7b,dummy-lora-7b-rank-128-3,522,7,184.20895231548786
2212,huggyllama/llama-7b,dummy-lora-7b-rank-8-1,215,103,184.21996794479375
2213,huggyllama/llama-7b,dummy-lora-7b-rank-16-0,620,15,184.24080122261512
2214,huggyllama/llama-7b,dummy-lora-7b-rank-16-1,185,33,184.29976888616017
2215,huggyllama/llama-7b,dummy-lora-7b-rank-128-1,81,32,184.369757545688
2216,huggyllama/llama-7b,dummy-lora-7b-rank-32-0,627,34,184.37647983588613
2217,huggyllama/llama-7b,dummy-lora-7b-rank-128-4,330,110,184.37968168689056
2218,huggyllama/llama-7b,dummy-lora-7b-rank-128-4,118,49,184.48228715305754
2219,huggyllama/llama-7b,dummy-lora-7b-rank-128-1,552,18,184.52843070093888
2220,huggyllama/llama-7b,dummy-lora-7b-rank-128-4,564,28,184.53333233729722
2221,huggyllama/llama-7b,dummy-lora-7b-rank-128-1,405,44,184.54059372494652
2222,huggyllama/llama-7b,dummy-lora-7b-rank-64-0,456,50,184.5726583225234
2223,huggyllama/llama-7b,dummy-lora-7b-rank-128-4,572,32,184.60805407050464
2224,huggyllama/llama-7b,dummy-lora-7b-rank-128-4,534,76,184.63932879654246
2225,huggyllama/llama-7b,dummy-lora-7b-rank-16-4,566,27,184.66281077863584
2226,huggyllama/llama-7b,dummy-lora-7b-rank-64-2,504,95,184.69091356728677
2227,huggyllama/llama-7b,dummy-lora-7b-rank-16-2,182,8,184.70211949439562
2228,huggyllama/llama-7b,dummy-lora-7b-rank-8-4,594,3,184.78377184813453
2229,huggyllama/llama-7b,dummy-lora-7b-rank-128-3,464,11,184.79371233944363
2230,huggyllama/llama-7b,dummy-lora-7b-rank-16-2,427,61,184.8195083152638
2231,huggyllama/llama-7b,dummy-lora-7b-rank-128-2,368,6,184.8412039675153
2232,huggyllama/llama-7b,dummy-lora-7b-rank-64-4,246,42,184.91741469623128
2233,huggyllama/llama-7b,dummy-lora-7b-rank-128-0,505,60,184.96187459991071
2234,huggyllama/llama-7b,dummy-lora-7b-rank-64-1,462,7,184.977216933888
2235,huggyllama/llama-7b,dummy-lora-7b-rank-8-4,576,36,185.0295097192794
2236,huggyllama/llama-7b,dummy-lora-7b-rank-128-3,586,48,185.04844055077376
2237,huggyllama/llama-7b,dummy-lora-7b-rank-8-2,570,31,185.08279938272543
2238,huggyllama/llama-7b,dummy-lora-7b-rank-128-3,862,95,185.0960626217834
2239,huggyllama/llama-7b,dummy-lora-7b-rank-128-0,588,20,185.16953724577914
2240,huggyllama/llama-7b,dummy-lora-7b-rank-64-0,641,20,185.17471998083187
2241,huggyllama/llama-7b,dummy-lora-7b-rank-32-4,580,33,185.1811069988564
2242,huggyllama/llama-7b,dummy-lora-7b-rank-128-0,419,12,185.20404461297656
2243,huggyllama/llama-7b,dummy-lora-7b-rank-128-3,560,23,185.20422908345193
2244,huggyllama/llama-7b,dummy-lora-7b-rank-128-4,603,24,185.21148855965768
2245,huggyllama/llama-7b,dummy-lora-7b-rank-16-2,599,8,185.31330455118888
2246,huggyllama/llama-7b,dummy-lora-7b-rank-128-4,588,20,185.42596318595272
2247,huggyllama/llama-7b,dummy-lora-7b-rank-16-0,347,150,185.43729382304173
2248,huggyllama/llama-7b,dummy-lora-7b-rank-8-0,609,21,185.53076523646217
2249,huggyllama/llama-7b,dummy-lora-7b-rank-128-3,760,46,185.57985183532753
2250,huggyllama/llama-7b,dummy-lora-7b-rank-128-0,60,86,185.62934634608655
2251,huggyllama/llama-7b,dummy-lora-7b-rank-128-4,577,27,185.63753180755702
2252,huggyllama/llama-7b,dummy-lora-7b-rank-16-0,485,55,185.74429969120666
2253,huggyllama/llama-7b,dummy-lora-7b-rank-128-1,411,80,185.74880130317302
2254,huggyllama/llama-7b,dummy-lora-7b-rank-128-0,89,39,185.77948155045243
2255,huggyllama/llama-7b,dummy-lora-7b-rank-128-1,461,38,185.98976939205855
2256,huggyllama/llama-7b,dummy-lora-7b-rank-64-4,522,72,188.01355960935877
2257,huggyllama/llama-7b,dummy-lora-7b-rank-128-1,188,3,188.0702551803431
2258,huggyllama/llama-7b,dummy-lora-7b-rank-64-1,611,23,188.10642501986015
2259,huggyllama/llama-7b,dummy-lora-7b-rank-32-0,302,44,188.10647510808275
2260,huggyllama/llama-7b,dummy-lora-7b-rank-128-1,548,17,188.11698499910065
2261,huggyllama/llama-7b,dummy-lora-7b-rank-128-1,868,70,188.15669064125916
2262,huggyllama/llama-7b,dummy-lora-7b-rank-32-4,625,30,188.1604741864186
2263,huggyllama/llama-7b,dummy-lora-7b-rank-128-0,297,57,188.1995738989404
2264,huggyllama/llama-7b,dummy-lora-7b-rank-128-3,748,56,188.22863527794107
2265,huggyllama/llama-7b,dummy-lora-7b-rank-128-0,605,32,188.25870453000985
2266,huggyllama/llama-7b,dummy-lora-7b-rank-128-3,566,23,188.263206920668
2267,huggyllama/llama-7b,dummy-lora-7b-rank-128-1,383,111,188.2633950579004
2268,huggyllama/llama-7b,dummy-lora-7b-rank-128-0,507,43,188.27116476240258
2269,huggyllama/llama-7b,dummy-lora-7b-rank-64-4,858,37,188.30143330538752
2270,huggyllama/llama-7b,dummy-lora-7b-rank-16-3,501,72,188.32650716607384
2271,huggyllama/llama-7b,dummy-lora-7b-rank-128-4,605,19,188.3588140618529
2272,huggyllama/llama-7b,dummy-lora-7b-rank-64-1,603,19,188.38994355151533
2273,huggyllama/llama-7b,dummy-lora-7b-rank-128-1,668,44,188.46193233046753
2274,huggyllama/llama-7b,dummy-lora-7b-rank-128-2,564,28,188.47276499900926
2275,huggyllama/llama-7b,dummy-lora-7b-rank-128-0,495,38,188.54858047094538
2276,huggyllama/llama-7b,dummy-lora-7b-rank-64-0,223,19,188.5911177503164
2277,huggyllama/llama-7b,dummy-lora-7b-rank-16-4,394,32,188.6050475938182
2278,huggyllama/llama-7b,dummy-lora-7b-rank-128-3,294,8,188.6804060723166
2279,huggyllama/llama-7b,dummy-lora-7b-rank-128-4,722,174,188.70957675013548
2280,huggyllama/llama-7b,dummy-lora-7b-rank-128-4,564,26,188.74967661651198
2281,huggyllama/llama-7b,dummy-lora-7b-rank-8-4,383,6,188.75607207638578
2282,huggyllama/llama-7b,dummy-lora-7b-rank-8-4,560,23,188.81616762921806
2283,huggyllama/llama-7b,dummy-lora-7b-rank-128-1,637,8,188.87569788804197
2284,huggyllama/llama-7b,dummy-lora-7b-rank-128-1,270,8,188.91409538228106
2285,huggyllama/llama-7b,dummy-lora-7b-rank-128-2,163,47,189.0308537487743
2286,huggyllama/llama-7b,dummy-lora-7b-rank-128-0,707,69,189.06746298977995
2287,huggyllama/llama-7b,dummy-lora-7b-rank-64-2,285,9,189.15481532846786
2288,huggyllama/llama-7b,dummy-lora-7b-rank-128-2,488,64,189.20982774187448
2289,huggyllama/llama-7b,dummy-lora-7b-rank-128-4,437,8,189.23800757913008
2290,huggyllama/llama-7b,dummy-lora-7b-rank-64-2,608,17,189.321814695652
2291,huggyllama/llama-7b,dummy-lora-7b-rank-128-4,243,147,189.4308420452448
2292,huggyllama/llama-7b,dummy-lora-7b-rank-128-2,584,37,189.550878578454
2293,huggyllama/llama-7b,dummy-lora-7b-rank-128-3,53,48,189.6037273881664
2294,huggyllama/llama-7b,dummy-lora-7b-rank-16-3,686,43,189.68430788941836
2295,huggyllama/llama-7b,dummy-lora-7b-rank-128-1,216,105,189.69850968798266
2296,huggyllama/llama-7b,dummy-lora-7b-rank-64-4,173,48,189.72668162611396
2297,huggyllama/llama-7b,dummy-lora-7b-rank-128-1,552,9,189.7434238194004
2298,huggyllama/llama-7b,dummy-lora-7b-rank-32-2,292,10,189.7713115980058
2299,huggyllama/llama-7b,dummy-lora-7b-rank-128-1,497,99,189.77514823425764
2300,huggyllama/llama-7b,dummy-lora-7b-rank-8-1,203,225,189.82308639117124
2301,huggyllama/llama-7b,dummy-lora-7b-rank-128-1,948,69,189.85131417195868
2302,huggyllama/llama-7b,dummy-lora-7b-rank-128-4,57,42,189.86550473737034
2303,huggyllama/llama-7b,dummy-lora-7b-rank-128-2,381,72,189.93439229842076
2304,huggyllama/llama-7b,dummy-lora-7b-rank-64-3,559,4,192.00900242885604
2305,huggyllama/llama-7b,dummy-lora-7b-rank-128-2,706,14,192.0110935307246
2306,huggyllama/llama-7b,dummy-lora-7b-rank-128-1,725,3,192.1380088815171
2307,huggyllama/llama-7b,dummy-lora-7b-rank-128-0,215,56,192.18561517792378
2308,huggyllama/llama-7b,dummy-lora-7b-rank-32-3,463,11,192.19643466753556
2309,huggyllama/llama-7b,dummy-lora-7b-rank-64-0,603,30,192.20071772381866
2310,huggyllama/llama-7b,dummy-lora-7b-rank-64-4,540,8,192.22056141529185
2311,huggyllama/llama-7b,dummy-lora-7b-rank-128-1,262,48,192.2682842479627
2312,huggyllama/llama-7b,dummy-lora-7b-rank-16-2,908,10,192.28948104851878
2313,huggyllama/llama-7b,dummy-lora-7b-rank-64-4,278,37,192.37808265148894
2314,huggyllama/llama-7b,dummy-lora-7b-rank-128-1,548,18,192.40159107572038
2315,huggyllama/llama-7b,dummy-lora-7b-rank-128-0,262,35,192.4603242601991
2316,huggyllama/llama-7b,dummy-lora-7b-rank-32-3,490,28,192.4893082658995
2317,huggyllama/llama-7b,dummy-lora-7b-rank-8-0,301,55,192.50490051915733
2318,huggyllama/llama-7b,dummy-lora-7b-rank-8-0,361,40,192.5855197112214
2319,huggyllama/llama-7b,dummy-lora-7b-rank-128-3,607,23,192.59678537701353
2320,huggyllama/llama-7b,dummy-lora-7b-rank-8-1,608,8,192.61138341229375
2321,huggyllama/llama-7b,dummy-lora-7b-rank-8-2,669,62,192.61270119891878
2322,huggyllama/llama-7b,dummy-lora-7b-rank-64-3,597,24,192.66774903264687
2323,huggyllama/llama-7b,dummy-lora-7b-rank-128-3,546,16,192.68677577512838
2324,huggyllama/llama-7b,dummy-lora-7b-rank-128-2,394,54,192.70699945036029
2325,huggyllama/llama-7b,dummy-lora-7b-rank-32-0,85,44,192.82768976920374
2326,huggyllama/llama-7b,dummy-lora-7b-rank-32-2,439,47,192.9095252904221
2327,huggyllama/llama-7b,dummy-lora-7b-rank-128-2,560,28,192.99227313944658
2328,huggyllama/llama-7b,dummy-lora-7b-rank-8-1,550,18,193.00620946282027
2329,huggyllama/llama-7b,dummy-lora-7b-rank-8-3,148,117,193.05741535836955
2330,huggyllama/llama-7b,dummy-lora-7b-rank-128-1,149,41,193.07003915768624
2331,huggyllama/llama-7b,dummy-lora-7b-rank-32-3,272,225,193.12088034168647
2332,huggyllama/llama-7b,dummy-lora-7b-rank-64-4,556,13,193.13864587969445
2333,huggyllama/llama-7b,dummy-lora-7b-rank-8-2,546,10,193.24854009034212
2334,huggyllama/llama-7b,dummy-lora-7b-rank-128-3,552,11,193.2549734817471
2335,huggyllama/llama-7b,dummy-lora-7b-rank-8-4,532,5,193.26260252778826
2336,huggyllama/llama-7b,dummy-lora-7b-rank-32-1,767,53,193.2927793616927
2337,huggyllama/llama-7b,dummy-lora-7b-rank-8-3,176,89,193.35995679539238
2338,huggyllama/llama-7b,dummy-lora-7b-rank-128-0,562,21,193.41309713362153
2339,huggyllama/llama-7b,dummy-lora-7b-rank-8-4,607,20,193.42338198831416
2340,huggyllama/llama-7b,dummy-lora-7b-rank-8-1,299,4,193.4525999268126
2341,huggyllama/llama-7b,dummy-lora-7b-rank-128-2,649,31,193.5851990020756
2342,huggyllama/llama-7b,dummy-lora-7b-rank-128-4,278,151,193.58657277258231
2343,huggyllama/llama-7b,dummy-lora-7b-rank-32-0,603,30,193.6884981780737
2344,huggyllama/llama-7b,dummy-lora-7b-rank-128-0,544,15,193.70545575952866
2345,huggyllama/llama-7b,dummy-lora-7b-rank-16-0,316,48,193.74482316415597
2346,huggyllama/llama-7b,dummy-lora-7b-rank-16-3,419,92,193.8457976955114
2347,huggyllama/llama-7b,dummy-lora-7b-rank-128-4,560,24,193.90504522575128
2348,huggyllama/llama-7b,dummy-lora-7b-rank-128-0,618,45,193.91430693624002
2349,huggyllama/llama-7b,dummy-lora-7b-rank-128-4,552,19,193.9367984469019
2350,huggyllama/llama-7b,dummy-lora-7b-rank-128-1,233,70,193.93996872034995
2351,huggyllama/llama-7b,dummy-lora-7b-rank-128-2,114,51,193.9784686028796
2352,huggyllama/llama-7b,dummy-lora-7b-rank-16-2,660,23,196.0022254778501
2353,huggyllama/llama-7b,dummy-lora-7b-rank-32-1,562,26,196.01078770579474
2354,huggyllama/llama-7b,dummy-lora-7b-rank-128-1,503,53,196.03552017563953
2355,huggyllama/llama-7b,dummy-lora-7b-rank-64-1,616,14,196.16624013535414
2356,huggyllama/llama-7b,dummy-lora-7b-rank-16-3,573,23,196.23706659312992
2357,huggyllama/llama-7b,dummy-lora-7b-rank-128-2,108,44,196.27955985973446
2358,huggyllama/llama-7b,dummy-lora-7b-rank-16-1,272,85,196.2823779871039
2359,huggyllama/llama-7b,dummy-lora-7b-rank-16-3,401,165,196.29639904249584
2360,huggyllama/llama-7b,dummy-lora-7b-rank-128-3,475,11,196.32264485934198
2361,huggyllama/llama-7b,dummy-lora-7b-rank-32-4,236,41,196.37310092381975
2362,huggyllama/llama-7b,dummy-lora-7b-rank-128-4,892,36,196.41877529458569
2363,huggyllama/llama-7b,dummy-lora-7b-rank-128-3,568,9,196.52850646938265
2364,huggyllama/llama-7b,dummy-lora-7b-rank-128-0,566,29,196.5720069585585
2365,huggyllama/llama-7b,dummy-lora-7b-rank-128-1,642,10,196.618303761335
2366,huggyllama/llama-7b,dummy-lora-7b-rank-16-0,181,59,196.6422597560022
2367,huggyllama/llama-7b,dummy-lora-7b-rank-128-2,537,66,196.67308828698944
2368,huggyllama/llama-7b,dummy-lora-7b-rank-16-4,632,18,196.69300247690995
2369,huggyllama/llama-7b,dummy-lora-7b-rank-16-4,413,43,196.71820251060495
2370,huggyllama/llama-7b,dummy-lora-7b-rank-8-0,360,8,196.7310156435091
2371,huggyllama/llama-7b,dummy-lora-7b-rank-64-2,477,41,196.78180246084844
2372,huggyllama/llama-7b,dummy-lora-7b-rank-8-1,372,65,196.79411761878356
2373,huggyllama/llama-7b,dummy-lora-7b-rank-64-4,776,57,196.84017234768112
2374,huggyllama/llama-7b,dummy-lora-7b-rank-64-1,548,17,196.86765847330025
2375,huggyllama/llama-7b,dummy-lora-7b-rank-64-1,592,31,196.87692114480893
2376,huggyllama/llama-7b,dummy-lora-7b-rank-8-2,342,63,196.92845287572635
2377,huggyllama/llama-7b,dummy-lora-7b-rank-128-3,392,7,196.96871263699816
2378,huggyllama/llama-7b,dummy-lora-7b-rank-128-2,139,47,197.00193930561537
2379,huggyllama/llama-7b,dummy-lora-7b-rank-128-3,552,11,197.0088657359926
2380,huggyllama/llama-7b,dummy-lora-7b-rank-128-3,765,57,197.01224732296978
2381,huggyllama/llama-7b,dummy-lora-7b-rank-128-3,549,107,197.0847920437873
2382,huggyllama/llama-7b,dummy-lora-7b-rank-128-4,397,52,197.09100313917804
2383,huggyllama/llama-7b,dummy-lora-7b-rank-64-4,562,27,197.10426601707383
2384,huggyllama/llama-7b,dummy-lora-7b-rank-128-3,341,52,197.23348229551272
2385,huggyllama/llama-7b,dummy-lora-7b-rank-64-0,558,22,197.2966762635963
2386,huggyllama/llama-7b,dummy-lora-7b-rank-128-0,603,17,197.35665832687968
2387,huggyllama/llama-7b,dummy-lora-7b-rank-128-0,639,6,197.43463677770674
2388,huggyllama/llama-7b,dummy-lora-7b-rank-64-1,604,31,197.57804817982907
2389,huggyllama/llama-7b,dummy-lora-7b-rank-128-1,224,43,197.59402045377553
2390,huggyllama/llama-7b,dummy-lora-7b-rank-128-2,673,45,197.6255815145001
2391,huggyllama/llama-7b,dummy-lora-7b-rank-32-3,238,44,197.6267649698031
2392,huggyllama/llama-7b,dummy-lora-7b-rank-128-3,398,47,197.6915237266685
2393,huggyllama/llama-7b,dummy-lora-7b-rank-8-4,459,57,197.74145818815262
2394,huggyllama/llama-7b,dummy-lora-7b-rank-128-1,346,5,197.7528149845708
2395,huggyllama/llama-7b,dummy-lora-7b-rank-16-1,560,22,197.81078714824838
2396,huggyllama/llama-7b,dummy-lora-7b-rank-128-3,666,79,197.82214883834675
2397,huggyllama/llama-7b,dummy-lora-7b-rank-8-0,367,35,197.83121427157667
2398,huggyllama/llama-7b,dummy-lora-7b-rank-32-3,623,29,197.86819519144066
2399,huggyllama/llama-7b,dummy-lora-7b-rank-8-2,57,96,197.9522357456512
2400,huggyllama/llama-7b,dummy-lora-7b-rank-128-4,225,6,200.01046532974996
2401,huggyllama/llama-7b,dummy-lora-7b-rank-128-2,548,19,200.07522400467573
2402,huggyllama/llama-7b,dummy-lora-7b-rank-128-0,637,11,200.13934871373817
2403,huggyllama/llama-7b,dummy-lora-7b-rank-128-4,427,53,200.14358125672524
2404,huggyllama/llama-7b,dummy-lora-7b-rank-128-1,184,41,200.14918848871002
2405,huggyllama/llama-7b,dummy-lora-7b-rank-128-4,630,31,200.1495422021205
2406,huggyllama/llama-7b,dummy-lora-7b-rank-128-2,265,119,200.16559546505644
2407,huggyllama/llama-7b,dummy-lora-7b-rank-128-2,145,29,200.1895419816004
2408,huggyllama/llama-7b,dummy-lora-7b-rank-64-0,662,51,200.2232287894365
2409,huggyllama/llama-7b,dummy-lora-7b-rank-8-4,798,22,200.2884456775198
2410,huggyllama/llama-7b,dummy-lora-7b-rank-128-0,481,39,200.2942432116999
2411,huggyllama/llama-7b,dummy-lora-7b-rank-8-3,214,138,200.30520077272905
2412,huggyllama/llama-7b,dummy-lora-7b-rank-128-1,552,19,200.3143892794659
2413,huggyllama/llama-7b,dummy-lora-7b-rank-32-0,562,26,200.33914381476762
2414,huggyllama/llama-7b,dummy-lora-7b-rank-128-0,534,49,200.37341390921537
2415,huggyllama/llama-7b,dummy-lora-7b-rank-128-4,457,45,200.3739725715995
2416,huggyllama/llama-7b,dummy-lora-7b-rank-8-4,242,19,200.37985083019365
2417,huggyllama/llama-7b,dummy-lora-7b-rank-128-0,349,49,200.3896338537924
2418,huggyllama/llama-7b,dummy-lora-7b-rank-128-0,479,54,200.40212545257467
2419,huggyllama/llama-7b,dummy-lora-7b-rank-8-4,607,21,200.43407157953757
2420,huggyllama/llama-7b,dummy-lora-7b-rank-16-0,791,7,200.58187501649576
2421,huggyllama/llama-7b,dummy-lora-7b-rank-128-4,173,43,200.7996754727007
2422,huggyllama/llama-7b,dummy-lora-7b-rank-64-4,144,47,200.8226817536588
2423,huggyllama/llama-7b,dummy-lora-7b-rank-128-2,470,13,200.935686492029
2424,huggyllama/llama-7b,dummy-lora-7b-rank-32-1,471,8,200.9364126370162
2425,huggyllama/llama-7b,dummy-lora-7b-rank-32-1,464,56,200.95075416288014
2426,huggyllama/llama-7b,dummy-lora-7b-rank-128-2,515,40,201.02948377342634
2427,huggyllama/llama-7b,dummy-lora-7b-rank-128-4,643,7,201.04922646115494
2428,huggyllama/llama-7b,dummy-lora-7b-rank-8-4,370,90,201.07513428107688
2429,huggyllama/llama-7b,dummy-lora-7b-rank-128-2,582,17,201.08408445459287
2430,huggyllama/llama-7b,dummy-lora-7b-rank-128-0,550,20,201.09419419397415
2431,huggyllama/llama-7b,dummy-lora-7b-rank-128-2,579,29,201.15957671066448
2432,huggyllama/llama-7b,dummy-lora-7b-rank-128-4,586,39,201.22515994799497
2433,huggyllama/llama-7b,dummy-lora-7b-rank-32-4,565,19,201.28463981433615
2434,huggyllama/llama-7b,dummy-lora-7b-rank-128-3,353,5,201.34519349707463
2435,huggyllama/llama-7b,dummy-lora-7b-rank-64-4,253,66,201.36690485786966
2436,huggyllama/llama-7b,dummy-lora-7b-rank-128-2,544,15,201.37638713792313
2437,huggyllama/llama-7b,dummy-lora-7b-rank-128-0,571,42,201.42663624545483
2438,huggyllama/llama-7b,dummy-lora-7b-rank-32-1,564,27,201.48569430858424
2439,huggyllama/llama-7b,dummy-lora-7b-rank-128-2,819,60,201.49022563222388
2440,huggyllama/llama-7b,dummy-lora-7b-rank-16-2,168,130,201.62361819556884
2441,huggyllama/llama-7b,dummy-lora-7b-rank-64-0,570,29,201.63868727450676
2442,huggyllama/llama-7b,dummy-lora-7b-rank-128-3,52,11,201.68219876538885
2443,huggyllama/llama-7b,dummy-lora-7b-rank-128-3,403,115,201.83176042238048
2444,huggyllama/llama-7b,dummy-lora-7b-rank-16-4,560,23,201.93711720494082
2445,huggyllama/llama-7b,dummy-lora-7b-rank-128-1,188,62,201.95863111903282
2446,huggyllama/llama-7b,dummy-lora-7b-rank-128-1,327,73,201.96059944931122
2447,huggyllama/llama-7b,dummy-lora-7b-rank-16-2,447,139,201.9809755564078
2448,huggyllama/llama-7b,dummy-lora-7b-rank-8-0,556,13,204.03168315327048
2449,huggyllama/llama-7b,dummy-lora-7b-rank-16-1,556,23,204.19080735740053
2450,huggyllama/llama-7b,dummy-lora-7b-rank-128-2,394,48,204.2529416723925
2451,huggyllama/llama-7b,dummy-lora-7b-rank-32-1,506,6,204.2622695473355
2452,huggyllama/llama-7b,dummy-lora-7b-rank-64-2,775,46,204.28207975373695
2453,huggyllama/llama-7b,dummy-lora-7b-rank-128-1,558,22,204.2938835792019
2454,huggyllama/llama-7b,dummy-lora-7b-rank-128-1,997,3,204.38728933874023
2455,huggyllama/llama-7b,dummy-lora-7b-rank-128-0,222,52,204.3995770146825
2456,huggyllama/llama-7b,dummy-lora-7b-rank-128-4,580,33,204.4486891196244
2457,huggyllama/llama-7b,dummy-lora-7b-rank-32-0,404,5,204.46205132459167
2458,huggyllama/llama-7b,dummy-lora-7b-rank-128-2,817,11,204.5614162022585
2459,huggyllama/llama-7b,dummy-lora-7b-rank-128-0,359,37,204.59936096067557
2460,huggyllama/llama-7b,dummy-lora-7b-rank-64-1,687,52,204.5997073162693
2461,huggyllama/llama-7b,dummy-lora-7b-rank-128-3,717,29,204.60462990970998
2462,huggyllama/llama-7b,dummy-lora-7b-rank-32-3,548,18,204.69740120725373
2463,huggyllama/llama-7b,dummy-lora-7b-rank-128-3,340,54,204.69874899916655
2464,huggyllama/llama-7b,dummy-lora-7b-rank-16-0,410,7,204.7353973797885
2465,huggyllama/llama-7b,dummy-lora-7b-rank-128-4,350,49,204.78859898662375
2466,huggyllama/llama-7b,dummy-lora-7b-rank-64-1,617,47,204.8422092410463
2467,huggyllama/llama-7b,dummy-lora-7b-rank-16-3,562,27,204.85035358566213
2468,huggyllama/llama-7b,dummy-lora-7b-rank-128-4,176,7,204.87995077734965
2469,huggyllama/llama-7b,dummy-lora-7b-rank-8-3,550,16,204.88039323827488
2470,huggyllama/llama-7b,dummy-lora-7b-rank-128-0,381,45,204.9711059712647
2471,huggyllama/llama-7b,dummy-lora-7b-rank-128-2,456,115,204.99147177220289
2472,huggyllama/llama-7b,dummy-lora-7b-rank-16-2,736,102,205.0748259542271
2473,huggyllama/llama-7b,dummy-lora-7b-rank-128-4,130,46,205.22881463214452
2474,huggyllama/llama-7b,dummy-lora-7b-rank-128-0,305,53,205.27249760391862
2475,huggyllama/llama-7b,dummy-lora-7b-rank-8-3,320,89,205.28785764967543
2476,huggyllama/llama-7b,dummy-lora-7b-rank-128-4,548,17,205.29088023944666
2477,huggyllama/llama-7b,dummy-lora-7b-rank-32-2,406,105,205.32252137263188
2478,huggyllama/llama-7b,dummy-lora-7b-rank-16-2,824,89,205.40346575760924
2479,huggyllama/llama-7b,dummy-lora-7b-rank-128-0,155,57,205.4064316746259
2480,huggyllama/llama-7b,dummy-lora-7b-rank-32-4,783,18,205.4280565108828
2481,huggyllama/llama-7b,dummy-lora-7b-rank-8-0,291,200,205.44795333601223
2482,huggyllama/llama-7b,dummy-lora-7b-rank-128-3,285,40,205.54271250896397
2483,huggyllama/llama-7b,dummy-lora-7b-rank-128-4,697,41,205.56565996421983
2484,huggyllama/llama-7b,dummy-lora-7b-rank-64-3,568,2,205.65534964163737
2485,huggyllama/llama-7b,dummy-lora-7b-rank-8-0,405,6,205.6919071164466
2486,huggyllama/llama-7b,dummy-lora-7b-rank-128-0,691,19,205.70340118703155
2487,huggyllama/llama-7b,dummy-lora-7b-rank-16-4,353,64,205.7223954355017
2488,huggyllama/llama-7b,dummy-lora-7b-rank-128-0,535,5,205.73241199939704
2489,huggyllama/llama-7b,dummy-lora-7b-rank-128-0,280,53,205.83816825481804
2490,huggyllama/llama-7b,dummy-lora-7b-rank-128-4,554,20,205.9134470635971
2491,huggyllama/llama-7b,dummy-lora-7b-rank-128-2,338,10,205.93546093901483
2492,huggyllama/llama-7b,dummy-lora-7b-rank-128-3,603,85,205.9451340596325
2493,huggyllama/llama-7b,dummy-lora-7b-rank-32-2,448,8,205.96871491288894
2494,huggyllama/llama-7b,dummy-lora-7b-rank-128-1,383,55,205.98205984824966
2495,huggyllama/llama-7b,dummy-lora-7b-rank-16-2,605,19,205.98542878649081
2496,huggyllama/llama-7b,dummy-lora-7b-rank-128-4,635,17,208.01888646186632
2497,huggyllama/llama-7b,dummy-lora-7b-rank-128-4,126,42,208.06449445234844
2498,huggyllama/llama-7b,dummy-lora-7b-rank-128-1,559,15,208.0859930987701
2499,huggyllama/llama-7b,dummy-lora-7b-rank-128-4,595,15,208.12000813426965
2500,huggyllama/llama-7b,dummy-lora-7b-rank-8-3,793,78,208.12617738479608
2501,huggyllama/llama-7b,dummy-lora-7b-rank-128-2,570,18,208.15369581641218
2502,huggyllama/llama-7b,dummy-lora-7b-rank-8-3,576,31,208.22462708129345
2503,huggyllama/llama-7b,dummy-lora-7b-rank-128-3,618,29,208.26590276480164
2504,huggyllama/llama-7b,dummy-lora-7b-rank-128-3,564,28,208.27894996979427
2505,huggyllama/llama-7b,dummy-lora-7b-rank-128-2,550,18,208.3642639178825
2506,huggyllama/llama-7b,dummy-lora-7b-rank-128-0,584,18,208.40801119319315
2507,huggyllama/llama-7b,dummy-lora-7b-rank-128-4,548,17,208.48011719824828
2508,huggyllama/llama-7b,dummy-lora-7b-rank-16-3,746,45,208.5178790609414
2509,huggyllama/llama-7b,dummy-lora-7b-rank-8-2,299,68,208.57005733008583
2510,huggyllama/llama-7b,dummy-lora-7b-rank-8-3,547,92,208.6549355237516
2511,huggyllama/llama-7b,dummy-lora-7b-rank-128-0,577,58,208.72625733673925
2512,huggyllama/llama-7b,dummy-lora-7b-rank-128-2,333,68,208.78861131033884
2513,huggyllama/llama-7b,dummy-lora-7b-rank-8-3,487,11,208.82476056532104
2514,huggyllama/llama-7b,dummy-lora-7b-rank-128-1,570,12,208.9504712793729
2515,huggyllama/llama-7b,dummy-lora-7b-rank-128-2,292,47,208.98516343396003
2516,huggyllama/llama-7b,dummy-lora-7b-rank-32-3,552,19,208.99786788245342
2517,huggyllama/llama-7b,dummy-lora-7b-rank-64-4,568,23,209.04170400753085
2518,huggyllama/llama-7b,dummy-lora-7b-rank-128-0,556,5,209.08059899216622
2519,huggyllama/llama-7b,dummy-lora-7b-rank-64-3,605,20,209.10693084054827
2520,huggyllama/llama-7b,dummy-lora-7b-rank-128-1,329,6,209.11599341786587
2521,huggyllama/llama-7b,dummy-lora-7b-rank-128-0,342,142,209.14369998466236
2522,huggyllama/llama-7b,dummy-lora-7b-rank-8-1,528,49,209.1882929407115
2523,huggyllama/llama-7b,dummy-lora-7b-rank-32-2,272,44,209.2251593315266
2524,huggyllama/llama-7b,dummy-lora-7b-rank-8-3,586,19,209.241077763899
2525,huggyllama/llama-7b,dummy-lora-7b-rank-32-0,588,3,209.2759332314599
2526,huggyllama/llama-7b,dummy-lora-7b-rank-128-3,295,7,209.27598011363503
2527,huggyllama/llama-7b,dummy-lora-7b-rank-128-1,185,47,209.2823736347836
2528,huggyllama/llama-7b,dummy-lora-7b-rank-32-3,867,8,209.33608505398485
2529,huggyllama/llama-7b,dummy-lora-7b-rank-8-3,189,3,209.36004244928782
2530,huggyllama/llama-7b,dummy-lora-7b-rank-32-4,813,70,209.44786031898656
2531,huggyllama/llama-7b,dummy-lora-7b-rank-128-4,346,115,209.51187595515563
2532,huggyllama/llama-7b,dummy-lora-7b-rank-8-2,208,55,209.5244341154176
2533,huggyllama/llama-7b,dummy-lora-7b-rank-128-4,552,11,209.52868477097462
2534,huggyllama/llama-7b,dummy-lora-7b-rank-128-3,302,50,209.60823255367316
2535,huggyllama/llama-7b,dummy-lora-7b-rank-32-0,222,55,209.62535009546497
2536,huggyllama/llama-7b,dummy-lora-7b-rank-64-3,394,43,209.62892632398243
2537,huggyllama/llama-7b,dummy-lora-7b-rank-16-3,615,42,209.72490875203255
2538,huggyllama/llama-7b,dummy-lora-7b-rank-128-3,410,6,209.76573805187303
2539,huggyllama/llama-7b,dummy-lora-7b-rank-64-1,835,12,209.76655166997082
2540,huggyllama/llama-7b,dummy-lora-7b-rank-128-0,288,67,209.77832077069445
2541,huggyllama/llama-7b,dummy-lora-7b-rank-64-4,506,106,209.84903087144338
2542,huggyllama/llama-7b,dummy-lora-7b-rank-128-1,598,45,209.9017018141224
2543,huggyllama/llama-7b,dummy-lora-7b-rank-128-0,737,72,209.98458654598386
2544,huggyllama/llama-7b,dummy-lora-7b-rank-16-4,567,54,212.02144487364302
2545,huggyllama/llama-7b,dummy-lora-7b-rank-8-3,342,36,212.06659637919702
2546,huggyllama/llama-7b,dummy-lora-7b-rank-64-2,165,134,212.08283643440222
2547,huggyllama/llama-7b,dummy-lora-7b-rank-8-0,606,19,212.08875807066454
2548,huggyllama/llama-7b,dummy-lora-7b-rank-128-4,767,99,212.102153813382
2549,huggyllama/llama-7b,dummy-lora-7b-rank-16-2,546,16,212.21322733721533
2550,huggyllama/llama-7b,dummy-lora-7b-rank-32-4,381,50,212.26882806909094
2551,huggyllama/llama-7b,dummy-lora-7b-rank-128-4,344,193,212.28143061454887
2552,huggyllama/llama-7b,dummy-lora-7b-rank-128-0,446,57,212.30857199462005
2553,huggyllama/llama-7b,dummy-lora-7b-rank-16-4,883,9,212.34121980512748
2554,huggyllama/llama-7b,dummy-lora-7b-rank-8-3,754,17,212.38506166548038
2555,huggyllama/llama-7b,dummy-lora-7b-rank-16-0,214,122,212.39780135857916
2556,huggyllama/llama-7b,dummy-lora-7b-rank-128-0,615,47,212.40700843236175
2557,huggyllama/llama-7b,dummy-lora-7b-rank-128-3,6,20,212.5068757390017
2558,huggyllama/llama-7b,dummy-lora-7b-rank-128-3,292,9,212.54907839356142
2559,huggyllama/llama-7b,dummy-lora-7b-rank-128-1,312,65,212.65302409900355
2560,huggyllama/llama-7b,dummy-lora-7b-rank-8-4,601,18,212.68750046622796
2561,huggyllama/llama-7b,dummy-lora-7b-rank-64-4,572,30,212.71029290562672
2562,huggyllama/llama-7b,dummy-lora-7b-rank-128-1,548,17,212.74788717997905
2563,huggyllama/llama-7b,dummy-lora-7b-rank-128-4,757,51,212.77077734619385
2564,huggyllama/llama-7b,dummy-lora-7b-rank-16-2,59,94,212.8687190438911
2565,huggyllama/llama-7b,dummy-lora-7b-rank-32-0,293,108,212.89037719558732
2566,huggyllama/llama-7b,dummy-lora-7b-rank-128-1,394,12,212.91534769800808
2567,huggyllama/llama-7b,dummy-lora-7b-rank-128-1,390,48,212.9242941630708
2568,huggyllama/llama-7b,dummy-lora-7b-rank-128-2,615,11,212.97723775864574
2569,huggyllama/llama-7b,dummy-lora-7b-rank-128-3,622,12,213.0306208927656
2570,huggyllama/llama-7b,dummy-lora-7b-rank-128-3,558,24,213.05823530792543
2571,huggyllama/llama-7b,dummy-lora-7b-rank-64-3,564,27,213.06271566600512
2572,huggyllama/llama-7b,dummy-lora-7b-rank-16-3,650,7,213.06968960059015
2573,huggyllama/llama-7b,dummy-lora-7b-rank-128-2,550,10,213.14764438684531
2574,huggyllama/llama-7b,dummy-lora-7b-rank-16-2,557,45,213.2726175220247
2575,huggyllama/llama-7b,dummy-lora-7b-rank-128-2,501,57,213.31041452561024
2576,huggyllama/llama-7b,dummy-lora-7b-rank-128-3,709,21,213.3873704420401
2577,huggyllama/llama-7b,dummy-lora-7b-rank-128-0,179,33,213.4804805337768
2578,huggyllama/llama-7b,dummy-lora-7b-rank-32-1,174,71,213.48079926059688
2579,huggyllama/llama-7b,dummy-lora-7b-rank-8-2,493,61,213.4954936629385
2580,huggyllama/llama-7b,dummy-lora-7b-rank-128-3,649,89,213.5729272332391
2581,huggyllama/llama-7b,dummy-lora-7b-rank-8-3,641,106,213.6450204000976
2582,huggyllama/llama-7b,dummy-lora-7b-rank-128-2,576,31,213.6536691602753
2583,huggyllama/llama-7b,dummy-lora-7b-rank-64-2,601,18,213.78568924366093
2584,huggyllama/llama-7b,dummy-lora-7b-rank-32-3,213,33,213.81461518448083
2585,huggyllama/llama-7b,dummy-lora-7b-rank-8-1,362,29,213.8368936008832
2586,huggyllama/llama-7b,dummy-lora-7b-rank-128-0,400,43,213.91649970006648
2587,huggyllama/llama-7b,dummy-lora-7b-rank-64-3,603,6,213.92198039257167
2588,huggyllama/llama-7b,dummy-lora-7b-rank-16-1,586,58,213.94380808028774
2589,huggyllama/llama-7b,dummy-lora-7b-rank-32-0,824,7,213.94688826006725
2590,huggyllama/llama-7b,dummy-lora-7b-rank-128-2,833,54,213.95773890077925
2591,huggyllama/llama-7b,dummy-lora-7b-rank-32-4,334,183,213.9847816651311
2592,huggyllama/llama-7b,dummy-lora-7b-rank-16-4,801,98,216.02641147483985
2593,huggyllama/llama-7b,dummy-lora-7b-rank-128-4,429,51,216.0300566867149
2594,huggyllama/llama-7b,dummy-lora-7b-rank-128-2,564,28,216.04915835688476
2595,huggyllama/llama-7b,dummy-lora-7b-rank-128-4,847,49,216.06441198803535
2596,huggyllama/llama-7b,dummy-lora-7b-rank-8-0,848,29,216.09321352391413
2597,huggyllama/llama-7b,dummy-lora-7b-rank-32-0,554,20,216.2048996684794
2598,huggyllama/llama-7b,dummy-lora-7b-rank-8-2,473,44,216.36018400780193
2599,huggyllama/llama-7b,dummy-lora-7b-rank-64-0,269,56,216.39589240211276
2600,huggyllama/llama-7b,dummy-lora-7b-rank-128-1,429,92,216.4519918417882
2601,huggyllama/llama-7b,dummy-lora-7b-rank-128-3,178,52,216.48904526766177
2602,huggyllama/llama-7b,dummy-lora-7b-rank-8-1,596,24,216.49299350542157
2603,huggyllama/llama-7b,dummy-lora-7b-rank-32-1,336,45,216.57012998489384
2604,huggyllama/llama-7b,dummy-lora-7b-rank-8-4,693,16,216.58441599175697
2605,huggyllama/llama-7b,dummy-lora-7b-rank-16-2,637,45,216.6053554594723
2606,huggyllama/llama-7b,dummy-lora-7b-rank-128-1,603,2,216.60972063954767
2607,huggyllama/llama-7b,dummy-lora-7b-rank-16-0,564,24,216.62511188170885
2608,huggyllama/llama-7b,dummy-lora-7b-rank-32-0,53,37,216.70218879768314
2609,huggyllama/llama-7b,dummy-lora-7b-rank-128-1,242,48,216.71827592240683
2610,huggyllama/llama-7b,dummy-lora-7b-rank-8-3,206,3,216.72863209077636
2611,huggyllama/llama-7b,dummy-lora-7b-rank-16-3,458,42,216.72952955751546
2612,huggyllama/llama-7b,dummy-lora-7b-rank-32-3,592,23,216.83808434514768
2613,huggyllama/llama-7b,dummy-lora-7b-rank-32-1,162,45,216.88689243613686
2614,huggyllama/llama-7b,dummy-lora-7b-rank-64-3,500,6,216.89636848403012
2615,huggyllama/llama-7b,dummy-lora-7b-rank-128-3,583,31,216.91006628278618
2616,huggyllama/llama-7b,dummy-lora-7b-rank-64-3,613,24,217.02298214553102
2617,huggyllama/llama-7b,dummy-lora-7b-rank-16-3,216,43,217.03300035307132
2618,huggyllama/llama-7b,dummy-lora-7b-rank-128-2,182,5,217.11609734960575
2619,huggyllama/llama-7b,dummy-lora-7b-rank-128-4,552,19,217.1892434286754
2620,huggyllama/llama-7b,dummy-lora-7b-rank-128-0,454,5,217.22010175246916
2621,huggyllama/llama-7b,dummy-lora-7b-rank-32-1,337,52,217.23133736563412
2622,huggyllama/llama-7b,dummy-lora-7b-rank-128-0,409,145,217.2739456099309
2623,huggyllama/llama-7b,dummy-lora-7b-rank-128-3,6,20,217.29599735096113
2624,huggyllama/llama-7b,dummy-lora-7b-rank-16-0,586,3,217.33788464401218
2625,huggyllama/llama-7b,dummy-lora-7b-rank-64-4,388,50,217.43732833345572
2626,huggyllama/llama-7b,dummy-lora-7b-rank-128-1,1005,72,217.44082418039696
2627,huggyllama/llama-7b,dummy-lora-7b-rank-16-1,197,191,217.5303226392573
2628,huggyllama/llama-7b,dummy-lora-7b-rank-64-1,290,49,217.60355199546345
2629,huggyllama/llama-7b,dummy-lora-7b-rank-128-4,605,20,217.66343163791808
2630,huggyllama/llama-7b,dummy-lora-7b-rank-8-2,694,91,217.67907498315537
2631,huggyllama/llama-7b,dummy-lora-7b-rank-128-3,654,102,217.68021821908297
2632,huggyllama/llama-7b,dummy-lora-7b-rank-128-3,554,12,217.7290485475561
2633,huggyllama/llama-7b,dummy-lora-7b-rank-128-4,802,79,217.76610142231456
2634,huggyllama/llama-7b,dummy-lora-7b-rank-128-2,578,6,217.80441797567704
2635,huggyllama/llama-7b,dummy-lora-7b-rank-128-3,805,106,217.84968651515513
2636,huggyllama/llama-7b,dummy-lora-7b-rank-128-2,552,62,217.86576682533533
2637,huggyllama/llama-7b,dummy-lora-7b-rank-32-0,433,49,217.86770457706072
2638,huggyllama/llama-7b,dummy-lora-7b-rank-128-1,642,38,217.9355660787995
2639,huggyllama/llama-7b,dummy-lora-7b-rank-16-0,601,11,217.9810596000042
2640,huggyllama/llama-7b,dummy-lora-7b-rank-128-0,157,158,220.120083943506
2641,huggyllama/llama-7b,dummy-lora-7b-rank-128-0,586,77,220.1220405913332
2642,huggyllama/llama-7b,dummy-lora-7b-rank-128-1,641,19,220.14731897526897
2643,huggyllama/llama-7b,dummy-lora-7b-rank-128-1,570,81,220.15815475965164
2644,huggyllama/llama-7b,dummy-lora-7b-rank-32-0,603,19,220.19028894936687
2645,huggyllama/llama-7b,dummy-lora-7b-rank-8-0,550,10,220.19398229951057
2646,huggyllama/llama-7b,dummy-lora-7b-rank-128-1,559,21,220.1964897067881
2647,huggyllama/llama-7b,dummy-lora-7b-rank-128-4,556,21,220.22109314309154
2648,huggyllama/llama-7b,dummy-lora-7b-rank-8-2,316,63,220.2704507434307
2649,huggyllama/llama-7b,dummy-lora-7b-rank-8-2,373,52,220.27203847459998
2650,huggyllama/llama-7b,dummy-lora-7b-rank-128-1,599,17,220.2905613043281
2651,huggyllama/llama-7b,dummy-lora-7b-rank-128-0,889,84,220.30216185121628
2652,huggyllama/llama-7b,dummy-lora-7b-rank-128-1,457,66,220.3025966231472
2653,huggyllama/llama-7b,dummy-lora-7b-rank-32-4,407,16,220.36119807143757
2654,huggyllama/llama-7b,dummy-lora-7b-rank-64-0,565,43,220.36776455404103
2655,huggyllama/llama-7b,dummy-lora-7b-rank-32-3,223,43,220.425857061649
2656,huggyllama/llama-7b,dummy-lora-7b-rank-8-0,964,44,220.47821703432888
2657,huggyllama/llama-7b,dummy-lora-7b-rank-16-1,552,21,220.509334346598
2658,huggyllama/llama-7b,dummy-lora-7b-rank-64-4,655,23,220.5250077323949
2659,huggyllama/llama-7b,dummy-lora-7b-rank-32-0,603,16,220.57061741459472
2660,huggyllama/llama-7b,dummy-lora-7b-rank-128-4,449,51,220.68632055397663
2661,huggyllama/llama-7b,dummy-lora-7b-rank-32-0,352,134,220.76652629384603
2662,huggyllama/llama-7b,dummy-lora-7b-rank-128-2,284,5,220.79371953898232
2663,huggyllama/llama-7b,dummy-lora-7b-rank-128-2,983,8,220.84922123170705
2664,huggyllama/llama-7b,dummy-lora-7b-rank-128-1,563,21,220.91035774019613
2665,huggyllama/llama-7b,dummy-lora-7b-rank-8-0,627,31,220.91633544203495
2666,huggyllama/llama-7b,dummy-lora-7b-rank-8-1,510,49,221.07765662113295
2667,huggyllama/llama-7b,dummy-lora-7b-rank-128-4,594,41,221.0890708339072
2668,huggyllama/llama-7b,dummy-lora-7b-rank-64-0,250,39,221.1451732402624
2669,huggyllama/llama-7b,dummy-lora-7b-rank-8-0,606,44,221.2240906164765
2670,huggyllama/llama-7b,dummy-lora-7b-rank-32-4,568,9,221.2386766656037
2671,huggyllama/llama-7b,dummy-lora-7b-rank-128-1,265,42,221.28082031155134
2672,huggyllama/llama-7b,dummy-lora-7b-rank-128-1,507,4,221.29499537299012
2673,huggyllama/llama-7b,dummy-lora-7b-rank-16-4,250,50,221.51080695153766
2674,huggyllama/llama-7b,dummy-lora-7b-rank-64-0,570,26,221.5471146559935
2675,huggyllama/llama-7b,dummy-lora-7b-rank-128-0,377,41,221.59447177583968
2676,huggyllama/llama-7b,dummy-lora-7b-rank-128-3,220,54,221.6297203441465
2677,huggyllama/llama-7b,dummy-lora-7b-rank-64-1,218,46,221.7597622206837
2678,huggyllama/llama-7b,dummy-lora-7b-rank-64-4,323,48,221.79267075435413
2679,huggyllama/llama-7b,dummy-lora-7b-rank-128-0,560,24,221.80839450780954
2680,huggyllama/llama-7b,dummy-lora-7b-rank-32-3,759,44,221.82414556543023
2681,huggyllama/llama-7b,dummy-lora-7b-rank-128-1,643,15,221.82995637246646
2682,huggyllama/llama-7b,dummy-lora-7b-rank-64-1,460,133,221.830128519782
2683,huggyllama/llama-7b,dummy-lora-7b-rank-16-1,550,18,221.8490426246487
2684,huggyllama/llama-7b,dummy-lora-7b-rank-64-3,511,79,221.87086183813042
2685,huggyllama/llama-7b,dummy-lora-7b-rank-16-4,548,17,221.87571327857248
2686,huggyllama/llama-7b,dummy-lora-7b-rank-128-4,255,47,221.88355639605172
2687,huggyllama/llama-7b,dummy-lora-7b-rank-64-2,731,14,221.94144611005908
2688,huggyllama/llama-7b,dummy-lora-7b-rank-32-0,560,21,224.04180304059537
2689,huggyllama/llama-7b,dummy-lora-7b-rank-128-2,600,9,224.0743051447897
2690,huggyllama/llama-7b,dummy-lora-7b-rank-128-4,489,62,224.09276871202584
2691,huggyllama/llama-7b,dummy-lora-7b-rank-16-4,221,36,224.1313408180496
2692,huggyllama/llama-7b,dummy-lora-7b-rank-128-1,433,48,224.1613278191062
2693,huggyllama/llama-7b,dummy-lora-7b-rank-64-4,554,20,224.16469717879983
2694,huggyllama/llama-7b,dummy-lora-7b-rank-64-2,679,11,224.3805350395604
2695,huggyllama/llama-7b,dummy-lora-7b-rank-128-1,370,144,224.38779119705092
2696,huggyllama/llama-7b,dummy-lora-7b-rank-128-4,572,29,224.41118303786553
2697,huggyllama/llama-7b,dummy-lora-7b-rank-16-2,407,5,224.42340110905118
2698,huggyllama/llama-7b,dummy-lora-7b-rank-128-3,709,21,224.42916663198622
2699,huggyllama/llama-7b,dummy-lora-7b-rank-128-3,705,10,224.48826774411717
2700,huggyllama/llama-7b,dummy-lora-7b-rank-128-3,604,47,224.49575185391396
2701,huggyllama/llama-7b,dummy-lora-7b-rank-8-2,265,57,224.5079740849246
2702,huggyllama/llama-7b,dummy-lora-7b-rank-128-2,589,40,224.58555761132513
2703,huggyllama/llama-7b,dummy-lora-7b-rank-16-2,376,42,224.59020270223303
2704,huggyllama/llama-7b,dummy-lora-7b-rank-64-2,300,65,224.60763029275375
2705,huggyllama/llama-7b,dummy-lora-7b-rank-8-1,576,60,224.63851883388188
2706,huggyllama/llama-7b,dummy-lora-7b-rank-128-1,233,62,224.72026773968975
2707,huggyllama/llama-7b,dummy-lora-7b-rank-128-1,486,8,224.8105403169195
2708,huggyllama/llama-7b,dummy-lora-7b-rank-128-1,333,45,224.88836008286506
2709,huggyllama/llama-7b,dummy-lora-7b-rank-128-3,899,52,224.91333465667623
2710,huggyllama/llama-7b,dummy-lora-7b-rank-64-1,993,3,224.9417097495631
2711,huggyllama/llama-7b,dummy-lora-7b-rank-128-3,796,11,224.94900079161124
2712,huggyllama/llama-7b,dummy-lora-7b-rank-8-2,814,44,224.96965172456783
2713,huggyllama/llama-7b,dummy-lora-7b-rank-8-4,907,237,225.12152941332874
2714,huggyllama/llama-7b,dummy-lora-7b-rank-64-1,552,21,225.12701644970187
2715,huggyllama/llama-7b,dummy-lora-7b-rank-128-2,713,38,225.14910526064807
2716,huggyllama/llama-7b,dummy-lora-7b-rank-128-0,557,2,225.17849974568236
2717,huggyllama/llama-7b,dummy-lora-7b-rank-64-3,623,10,225.2090603087114
2718,huggyllama/llama-7b,dummy-lora-7b-rank-128-3,74,36,225.24763842716118
2719,huggyllama/llama-7b,dummy-lora-7b-rank-128-2,450,11,225.25281458122117
2720,huggyllama/llama-7b,dummy-lora-7b-rank-16-3,349,43,225.26965691826953
2721,huggyllama/llama-7b,dummy-lora-7b-rank-128-0,515,51,225.3688576903443
2722,huggyllama/llama-7b,dummy-lora-7b-rank-128-2,295,55,225.38709157633866
2723,huggyllama/llama-7b,dummy-lora-7b-rank-32-3,542,8,225.3926491342505
2724,huggyllama/llama-7b,dummy-lora-7b-rank-32-0,485,10,225.39590113406584
2725,huggyllama/llama-7b,dummy-lora-7b-rank-32-1,554,11,225.48888107122318
2726,huggyllama/llama-7b,dummy-lora-7b-rank-128-3,633,19,225.50087724493426
2727,huggyllama/llama-7b,dummy-lora-7b-rank-128-0,566,26,225.53923413988514
2728,huggyllama/llama-7b,dummy-lora-7b-rank-8-0,183,49,225.63060610959016
2729,huggyllama/llama-7b,dummy-lora-7b-rank-16-0,613,100,225.64367631526946
2730,huggyllama/llama-7b,dummy-lora-7b-rank-64-3,232,3,225.87324631243436
2731,huggyllama/llama-7b,dummy-lora-7b-rank-128-1,448,14,225.89460907397265
2732,huggyllama/llama-7b,dummy-lora-7b-rank-32-2,569,20,225.9075874672957
2733,huggyllama/llama-7b,dummy-lora-7b-rank-16-0,582,7,225.91692924499813
2734,huggyllama/llama-7b,dummy-lora-7b-rank-64-1,556,13,225.9280198381979
2735,huggyllama/llama-7b,dummy-lora-7b-rank-128-0,650,38,225.95354411659366
2736,huggyllama/llama-7b,dummy-lora-7b-rank-64-2,1009,29,228.04452727513456
2737,huggyllama/llama-7b,dummy-lora-7b-rank-128-2,367,48,228.06034816075555
2738,huggyllama/llama-7b,dummy-lora-7b-rank-8-0,544,7,228.07353207577697
2739,huggyllama/llama-7b,dummy-lora-7b-rank-8-3,636,30,228.10452335353168
2740,huggyllama/llama-7b,dummy-lora-7b-rank-128-3,830,10,228.11431771560459
2741,huggyllama/llama-7b,dummy-lora-7b-rank-128-4,309,208,228.17265781499734
2742,huggyllama/llama-7b,dummy-lora-7b-rank-128-4,556,23,228.18509342485234
2743,huggyllama/llama-7b,dummy-lora-7b-rank-64-0,586,21,228.19462486401548
2744,huggyllama/llama-7b,dummy-lora-7b-rank-16-2,202,44,228.2264574589052
2745,huggyllama/llama-7b,dummy-lora-7b-rank-128-4,341,203,228.2385707037654
2746,huggyllama/llama-7b,dummy-lora-7b-rank-64-4,566,28,228.25643502061382
2747,huggyllama/llama-7b,dummy-lora-7b-rank-8-3,307,87,228.31410277509136
2748,huggyllama/llama-7b,dummy-lora-7b-rank-128-2,672,75,228.37386596590537
2749,huggyllama/llama-7b,dummy-lora-7b-rank-8-0,951,85,228.39360494911526
2750,huggyllama/llama-7b,dummy-lora-7b-rank-128-2,404,36,228.46918138900827
2751,huggyllama/llama-7b,dummy-lora-7b-rank-32-2,798,8,228.47620185390113
2752,huggyllama/llama-7b,dummy-lora-7b-rank-8-1,499,7,228.54848317117623
2753,huggyllama/llama-7b,dummy-lora-7b-rank-128-1,232,105,228.58238810962277
2754,huggyllama/llama-7b,dummy-lora-7b-rank-64-3,458,173,228.66028830709712
2755,huggyllama/llama-7b,dummy-lora-7b-rank-64-2,544,7,228.66687671900277
2756,huggyllama/llama-7b,dummy-lora-7b-rank-8-3,566,41,228.67285025920378
2757,huggyllama/llama-7b,dummy-lora-7b-rank-128-3,368,171,228.69026618436567
2758,huggyllama/llama-7b,dummy-lora-7b-rank-16-3,562,24,228.7105690499122
2759,huggyllama/llama-7b,dummy-lora-7b-rank-64-3,322,65,228.76014920689622
2760,huggyllama/llama-7b,dummy-lora-7b-rank-128-2,582,40,228.7657521051281
2761,huggyllama/llama-7b,dummy-lora-7b-rank-8-4,162,51,228.7780627307223
2762,huggyllama/llama-7b,dummy-lora-7b-rank-128-2,556,21,228.93332303379358
2763,huggyllama/llama-7b,dummy-lora-7b-rank-8-2,250,34,228.9426663023971
2764,huggyllama/llama-7b,dummy-lora-7b-rank-128-0,229,40,228.96351037215246
2765,huggyllama/llama-7b,dummy-lora-7b-rank-128-1,124,66,228.98699409678372
2766,huggyllama/llama-7b,dummy-lora-7b-rank-8-2,611,23,229.0194316235123
2767,huggyllama/llama-7b,dummy-lora-7b-rank-64-2,617,24,229.05068579728965
2768,huggyllama/llama-7b,dummy-lora-7b-rank-128-0,459,57,229.056857393313
2769,huggyllama/llama-7b,dummy-lora-7b-rank-128-2,620,53,229.19355232555978
2770,huggyllama/llama-7b,dummy-lora-7b-rank-32-0,466,52,229.19395734353276
2771,huggyllama/llama-7b,dummy-lora-7b-rank-128-3,63,99,229.3878212831267
2772,huggyllama/llama-7b,dummy-lora-7b-rank-32-3,600,11,229.4615542669949
2773,huggyllama/llama-7b,dummy-lora-7b-rank-128-1,194,204,229.46538441094955
2774,huggyllama/llama-7b,dummy-lora-7b-rank-16-4,566,29,229.46930063207435
2775,huggyllama/llama-7b,dummy-lora-7b-rank-8-2,562,20,229.52707519500217
2776,huggyllama/llama-7b,dummy-lora-7b-rank-16-4,548,17,229.535744116773
2777,huggyllama/llama-7b,dummy-lora-7b-rank-8-4,554,20,229.58773188330395
2778,huggyllama/llama-7b,dummy-lora-7b-rank-128-0,552,78,229.5957761823692
2779,huggyllama/llama-7b,dummy-lora-7b-rank-128-0,548,9,229.67852249004903
2780,huggyllama/llama-7b,dummy-lora-7b-rank-128-3,431,44,229.85916240953574
2781,huggyllama/llama-7b,dummy-lora-7b-rank-128-0,470,4,229.8937358223517
2782,huggyllama/llama-7b,dummy-lora-7b-rank-128-2,503,44,229.90185313051424
2783,huggyllama/llama-7b,dummy-lora-7b-rank-32-1,742,49,229.97943066365227
2784,huggyllama/llama-7b,dummy-lora-7b-rank-128-3,316,15,232.01769508834806
2785,huggyllama/llama-7b,dummy-lora-7b-rank-128-2,546,16,232.02151434119637
2786,huggyllama/llama-7b,dummy-lora-7b-rank-8-0,293,6,232.0462628743827
2787,huggyllama/llama-7b,dummy-lora-7b-rank-64-2,748,9,232.07315270718874
2788,huggyllama/llama-7b,dummy-lora-7b-rank-128-3,417,5,232.13423244023733
2789,huggyllama/llama-7b,dummy-lora-7b-rank-128-3,267,6,232.13539346399767
2790,huggyllama/llama-7b,dummy-lora-7b-rank-128-2,548,9,232.14114234855677
2791,huggyllama/llama-7b,dummy-lora-7b-rank-64-0,405,239,232.18375449049236
2792,huggyllama/llama-7b,dummy-lora-7b-rank-32-4,381,42,232.2927482565858
2793,huggyllama/llama-7b,dummy-lora-7b-rank-128-1,550,18,232.3081844208447
2794,huggyllama/llama-7b,dummy-lora-7b-rank-128-3,556,16,232.31428008405385
2795,huggyllama/llama-7b,dummy-lora-7b-rank-128-2,138,88,232.3360006040894
2796,huggyllama/llama-7b,dummy-lora-7b-rank-128-2,590,21,232.35646572357993
2797,huggyllama/llama-7b,dummy-lora-7b-rank-8-4,554,20,232.37174000372676
2798,huggyllama/llama-7b,dummy-lora-7b-rank-128-4,552,19,232.38506702135
2799,huggyllama/llama-7b,dummy-lora-7b-rank-16-1,554,11,232.43232809625383
2800,huggyllama/llama-7b,dummy-lora-7b-rank-16-3,554,19,232.44373853501992
2801,huggyllama/llama-7b,dummy-lora-7b-rank-128-4,183,7,232.5050764335096
2802,huggyllama/llama-7b,dummy-lora-7b-rank-128-3,597,8,232.50790364747724
2803,huggyllama/llama-7b,dummy-lora-7b-rank-16-1,306,100,232.5750726914725
2804,huggyllama/llama-7b,dummy-lora-7b-rank-8-3,366,8,232.6421197951646
2805,huggyllama/llama-7b,dummy-lora-7b-rank-128-0,562,18,232.66208233929163
2806,huggyllama/llama-7b,dummy-lora-7b-rank-16-1,550,18,232.66229930570265
2807,huggyllama/llama-7b,dummy-lora-7b-rank-32-3,503,53,232.68359595220227
2808,huggyllama/llama-7b,dummy-lora-7b-rank-8-1,303,41,232.72530007967248
2809,huggyllama/llama-7b,dummy-lora-7b-rank-128-2,411,7,232.7350180189292
2810,huggyllama/llama-7b,dummy-lora-7b-rank-16-0,607,67,232.74212117709484
2811,huggyllama/llama-7b,dummy-lora-7b-rank-8-3,313,41,232.76050372687996
2812,huggyllama/llama-7b,dummy-lora-7b-rank-32-0,615,20,232.76443765510905
2813,huggyllama/llama-7b,dummy-lora-7b-rank-128-3,582,80,232.8087265670885
2814,huggyllama/llama-7b,dummy-lora-7b-rank-8-0,552,19,232.81739169302313
2815,huggyllama/llama-7b,dummy-lora-7b-rank-8-1,351,160,232.90018376416674
2816,huggyllama/llama-7b,dummy-lora-7b-rank-128-4,431,74,233.06258580813048
2817,huggyllama/llama-7b,dummy-lora-7b-rank-128-0,114,39,233.095975402012
2818,huggyllama/llama-7b,dummy-lora-7b-rank-128-4,438,68,233.2007024383435
2819,huggyllama/llama-7b,dummy-lora-7b-rank-128-4,218,53,233.2311836690472
2820,huggyllama/llama-7b,dummy-lora-7b-rank-8-3,825,18,233.34317110547366
2821,huggyllama/llama-7b,dummy-lora-7b-rank-16-4,552,11,233.39714519162703
2822,huggyllama/llama-7b,dummy-lora-7b-rank-64-0,607,23,233.5473759044205
2823,huggyllama/llama-7b,dummy-lora-7b-rank-64-1,449,40,233.57127380244773
2824,huggyllama/llama-7b,dummy-lora-7b-rank-128-2,694,3,233.67063621821458
2825,huggyllama/llama-7b,dummy-lora-7b-rank-128-2,293,46,233.68983941938274
2826,huggyllama/llama-7b,dummy-lora-7b-rank-128-0,554,20,233.69960648335302
2827,huggyllama/llama-7b,dummy-lora-7b-rank-8-2,589,23,233.7527222420812
2828,huggyllama/llama-7b,dummy-lora-7b-rank-16-3,604,29,233.83813254365302
2829,huggyllama/llama-7b,dummy-lora-7b-rank-64-2,437,12,233.84467070584947
2830,huggyllama/llama-7b,dummy-lora-7b-rank-64-2,574,64,233.91438646821905
2831,huggyllama/llama-7b,dummy-lora-7b-rank-128-4,556,23,233.96499328679818
2832,huggyllama/llama-7b,dummy-lora-7b-rank-32-3,416,8,236.00255018065388
2833,huggyllama/llama-7b,dummy-lora-7b-rank-32-4,359,9,236.02445274325945
2834,huggyllama/llama-7b,dummy-lora-7b-rank-128-4,619,36,236.06666811541612
2835,huggyllama/llama-7b,dummy-lora-7b-rank-128-2,554,99,236.0754293987614
2836,huggyllama/llama-7b,dummy-lora-7b-rank-128-3,571,218,236.2369508289201
2837,huggyllama/llama-7b,dummy-lora-7b-rank-128-1,415,6,236.27066645825278
2838,huggyllama/llama-7b,dummy-lora-7b-rank-128-2,605,10,236.29955689240674
2839,huggyllama/llama-7b,dummy-lora-7b-rank-128-1,552,21,236.33298090777382
2840,huggyllama/llama-7b,dummy-lora-7b-rank-8-4,378,58,236.33620836676081
2841,huggyllama/llama-7b,dummy-lora-7b-rank-128-3,546,41,236.3737960884091
2842,huggyllama/llama-7b,dummy-lora-7b-rank-8-3,584,10,236.44523060036178
2843,huggyllama/llama-7b,dummy-lora-7b-rank-32-0,691,21,236.52468971310043
2844,huggyllama/llama-7b,dummy-lora-7b-rank-32-0,1008,12,236.55413804731597
2845,huggyllama/llama-7b,dummy-lora-7b-rank-128-2,504,63,236.55649265761429
2846,huggyllama/llama-7b,dummy-lora-7b-rank-8-4,609,18,236.57267534114055
2847,huggyllama/llama-7b,dummy-lora-7b-rank-128-1,345,29,236.57518377221402
2848,huggyllama/llama-7b,dummy-lora-7b-rank-16-4,154,98,236.63515655061292
2849,huggyllama/llama-7b,dummy-lora-7b-rank-32-0,432,11,236.68245047092137
2850,huggyllama/llama-7b,dummy-lora-7b-rank-128-2,603,2,236.74434217796934
2851,huggyllama/llama-7b,dummy-lora-7b-rank-128-4,556,21,236.85431908032737
2852,huggyllama/llama-7b,dummy-lora-7b-rank-8-4,552,19,236.86011518241912
2853,huggyllama/llama-7b,dummy-lora-7b-rank-128-4,294,52,236.865374497382
2854,huggyllama/llama-7b,dummy-lora-7b-rank-8-0,556,21,236.87968941626636
2855,huggyllama/llama-7b,dummy-lora-7b-rank-8-3,199,7,236.91958477687916
2856,huggyllama/llama-7b,dummy-lora-7b-rank-128-0,629,81,236.9812293431198
2857,huggyllama/llama-7b,dummy-lora-7b-rank-16-0,925,93,237.1250012788635
2858,huggyllama/llama-7b,dummy-lora-7b-rank-128-1,290,38,237.1408503577357
2859,huggyllama/llama-7b,dummy-lora-7b-rank-16-2,156,105,237.14361785630874
2860,huggyllama/llama-7b,dummy-lora-7b-rank-128-4,609,36,237.1474341087224
2861,huggyllama/llama-7b,dummy-lora-7b-rank-8-0,136,19,237.17265162438096
2862,huggyllama/llama-7b,dummy-lora-7b-rank-16-2,367,39,237.3244394111172
2863,huggyllama/llama-7b,dummy-lora-7b-rank-128-0,546,16,237.3672464566536
2864,huggyllama/llama-7b,dummy-lora-7b-rank-128-0,556,13,237.3701485058759
2865,huggyllama/llama-7b,dummy-lora-7b-rank-16-4,180,49,237.3972996544778
2866,huggyllama/llama-7b,dummy-lora-7b-rank-128-3,443,11,237.46062354674436
2867,huggyllama/llama-7b,dummy-lora-7b-rank-128-2,554,22,237.48988545309695
2868,huggyllama/llama-7b,dummy-lora-7b-rank-128-4,236,1,237.60316263842415
2869,huggyllama/llama-7b,dummy-lora-7b-rank-128-3,613,24,237.6410142451974
2870,huggyllama/llama-7b,dummy-lora-7b-rank-64-3,425,45,237.65533988234952
2871,huggyllama/llama-7b,dummy-lora-7b-rank-16-4,396,37,237.68002253747068
2872,huggyllama/llama-7b,dummy-lora-7b-rank-8-2,581,11,237.68410119024125
2873,huggyllama/llama-7b,dummy-lora-7b-rank-128-4,899,76,237.7163932916925
2874,huggyllama/llama-7b,dummy-lora-7b-rank-32-2,285,61,237.71794027321317
2875,huggyllama/llama-7b,dummy-lora-7b-rank-8-4,597,24,237.76289924157314
2876,huggyllama/llama-7b,dummy-lora-7b-rank-128-1,649,6,237.76845408479696
2877,huggyllama/llama-7b,dummy-lora-7b-rank-128-2,587,16,237.79318621757866
2878,huggyllama/llama-7b,dummy-lora-7b-rank-128-1,325,148,237.8567665646005
2879,huggyllama/llama-7b,dummy-lora-7b-rank-128-0,201,54,237.90122667828615
2880,huggyllama/llama-7b,dummy-lora-7b-rank-128-3,592,42,240.0914692041518
2881,huggyllama/llama-7b,dummy-lora-7b-rank-128-2,364,50,240.10606294289917
2882,huggyllama/llama-7b,dummy-lora-7b-rank-128-3,562,24,240.1131823107485
2883,huggyllama/llama-7b,dummy-lora-7b-rank-128-4,408,54,240.11658823256414
2884,huggyllama/llama-7b,dummy-lora-7b-rank-8-0,188,41,240.12265101707192
2885,huggyllama/llama-7b,dummy-lora-7b-rank-128-3,378,43,240.3209584264903
2886,huggyllama/llama-7b,dummy-lora-7b-rank-64-3,602,28,240.36136541472754
2887,huggyllama/llama-7b,dummy-lora-7b-rank-128-1,131,33,240.41481093096382
2888,huggyllama/llama-7b,dummy-lora-7b-rank-32-3,609,20,240.42037506760235
2889,huggyllama/llama-7b,dummy-lora-7b-rank-64-3,421,36,240.43366644184374
2890,huggyllama/llama-7b,dummy-lora-7b-rank-64-1,588,37,240.44552241725393
2891,huggyllama/llama-7b,dummy-lora-7b-rank-8-1,152,130,240.45451007360137
2892,huggyllama/llama-7b,dummy-lora-7b-rank-128-2,294,52,240.47000798288713
2893,huggyllama/llama-7b,dummy-lora-7b-rank-8-0,836,3,240.57084940119321
2894,huggyllama/llama-7b,dummy-lora-7b-rank-128-2,263,182,240.62510369995658
2895,huggyllama/llama-7b,dummy-lora-7b-rank-16-1,554,21,240.63156483969703
2896,huggyllama/llama-7b,dummy-lora-7b-rank-32-0,613,22,240.69070783797815
2897,huggyllama/llama-7b,dummy-lora-7b-rank-128-2,379,54,240.7028164982527
2898,huggyllama/llama-7b,dummy-lora-7b-rank-128-1,446,6,240.70844878829178
2899,huggyllama/llama-7b,dummy-lora-7b-rank-128-1,229,113,240.72483240673978
2900,huggyllama/llama-7b,dummy-lora-7b-rank-128-0,548,21,240.74362178335969
2901,huggyllama/llama-7b,dummy-lora-7b-rank-32-0,645,95,240.79127519223997
2902,huggyllama/llama-7b,dummy-lora-7b-rank-128-0,554,20,240.83422650937302
2903,huggyllama/llama-7b,dummy-lora-7b-rank-128-2,534,8,240.85991739839318
2904,huggyllama/llama-7b,dummy-lora-7b-rank-128-4,556,21,240.89689551036142
2905,huggyllama/llama-7b,dummy-lora-7b-rank-16-0,418,6,240.9065760161051
2906,huggyllama/llama-7b,dummy-lora-7b-rank-128-3,552,11,241.02148659409605
2907,huggyllama/llama-7b,dummy-lora-7b-rank-64-3,460,41,241.04871219891217
2908,huggyllama/llama-7b,dummy-lora-7b-rank-128-4,428,11,241.33550339950943
2909,huggyllama/llama-7b,dummy-lora-7b-rank-128-3,300,46,241.4219307586257
2910,huggyllama/llama-7b,dummy-lora-7b-rank-32-3,578,31,241.42331270704364
2911,huggyllama/llama-7b,dummy-lora-7b-rank-64-3,358,192,241.43119608870117
2912,huggyllama/llama-7b,dummy-lora-7b-rank-128-0,856,62,241.46753049522712
2913,huggyllama/llama-7b,dummy-lora-7b-rank-128-4,558,7,241.4715021180497
2914,huggyllama/llama-7b,dummy-lora-7b-rank-16-1,514,5,241.47837234037388
2915,huggyllama/llama-7b,dummy-lora-7b-rank-128-1,104,61,241.490591043037
2916,huggyllama/llama-7b,dummy-lora-7b-rank-128-3,548,17,241.55754609873892
2917,huggyllama/llama-7b,dummy-lora-7b-rank-128-4,503,35,241.56155876277916
2918,huggyllama/llama-7b,dummy-lora-7b-rank-128-0,429,50,241.6438486132846
2919,huggyllama/llama-7b,dummy-lora-7b-rank-128-3,558,24,241.6539249361598
2920,huggyllama/llama-7b,dummy-lora-7b-rank-128-1,433,7,241.69394706295907
2921,huggyllama/llama-7b,dummy-lora-7b-rank-32-2,556,19,241.71250581430795
2922,huggyllama/llama-7b,dummy-lora-7b-rank-64-4,552,11,241.78605445730807
2923,huggyllama/llama-7b,dummy-lora-7b-rank-8-2,412,89,241.80111818356303
2924,huggyllama/llama-7b,dummy-lora-7b-rank-128-3,568,28,241.8919984046202
2925,huggyllama/llama-7b,dummy-lora-7b-rank-8-1,562,26,241.95043294334008
2926,huggyllama/llama-7b,dummy-lora-7b-rank-16-2,493,66,241.95694319200317
2927,huggyllama/llama-7b,dummy-lora-7b-rank-64-4,601,18,241.99612868109008
2928,huggyllama/llama-7b,dummy-lora-7b-rank-32-1,265,44,244.02235864539637
2929,huggyllama/llama-7b,dummy-lora-7b-rank-128-2,620,15,244.02389375399784
2930,huggyllama/llama-7b,dummy-lora-7b-rank-128-4,570,25,244.03320296580776
2931,huggyllama/llama-7b,dummy-lora-7b-rank-128-3,552,19,244.17738788566407
2932,huggyllama/llama-7b,dummy-lora-7b-rank-8-0,469,47,244.26733328598337
2933,huggyllama/llama-7b,dummy-lora-7b-rank-128-4,667,29,244.2867425140305
2934,huggyllama/llama-7b,dummy-lora-7b-rank-32-1,576,34,244.3100156369648
2935,huggyllama/llama-7b,dummy-lora-7b-rank-32-0,203,8,244.3204194599758
2936,huggyllama/llama-7b,dummy-lora-7b-rank-64-3,437,67,244.33270135722088
2937,huggyllama/llama-7b,dummy-lora-7b-rank-128-1,420,43,244.37293451469077
2938,huggyllama/llama-7b,dummy-lora-7b-rank-128-0,552,19,244.3851536865133
2939,huggyllama/llama-7b,dummy-lora-7b-rank-128-0,552,11,244.48851609837337
2940,huggyllama/llama-7b,dummy-lora-7b-rank-128-4,321,50,244.49876767680334
2941,huggyllama/llama-7b,dummy-lora-7b-rank-8-4,570,31,244.552920294651
2942,huggyllama/llama-7b,dummy-lora-7b-rank-32-4,654,10,244.66256277522658
2943,huggyllama/llama-7b,dummy-lora-7b-rank-128-0,609,8,244.7550195078892
2944,huggyllama/llama-7b,dummy-lora-7b-rank-128-4,311,189,244.75548916714828
2945,huggyllama/llama-7b,dummy-lora-7b-rank-128-0,573,52,244.77294281760575
2946,huggyllama/llama-7b,dummy-lora-7b-rank-64-2,327,51,244.7754004946239
2947,huggyllama/llama-7b,dummy-lora-7b-rank-32-4,819,3,244.79794440980626
2948,huggyllama/llama-7b,dummy-lora-7b-rank-32-4,532,44,244.83956601157703
2949,huggyllama/llama-7b,dummy-lora-7b-rank-128-4,556,21,244.8856716616257
2950,huggyllama/llama-7b,dummy-lora-7b-rank-64-3,605,32,244.9300388956487
2951,huggyllama/llama-7b,dummy-lora-7b-rank-8-1,412,11,244.98368250130164
2952,huggyllama/llama-7b,dummy-lora-7b-rank-64-1,252,49,245.0124738145063
2953,huggyllama/llama-7b,dummy-lora-7b-rank-128-4,587,7,245.01715098158766
2954,huggyllama/llama-7b,dummy-lora-7b-rank-128-3,554,12,245.01943713767858
2955,huggyllama/llama-7b,dummy-lora-7b-rank-128-0,133,61,245.06229167193632
2956,huggyllama/llama-7b,dummy-lora-7b-rank-64-0,227,125,245.1456375841761
2957,huggyllama/llama-7b,dummy-lora-7b-rank-16-0,562,24,245.22585621557423
2958,huggyllama/llama-7b,dummy-lora-7b-rank-128-2,794,43,245.2503958429494
2959,huggyllama/llama-7b,dummy-lora-7b-rank-128-0,681,14,245.2658816860727
2960,huggyllama/llama-7b,dummy-lora-7b-rank-128-3,619,22,245.2975568374915
2961,huggyllama/llama-7b,dummy-lora-7b-rank-8-2,173,58,245.31640853605842
2962,huggyllama/llama-7b,dummy-lora-7b-rank-128-1,544,15,245.36110084796334
2963,huggyllama/llama-7b,dummy-lora-7b-rank-64-0,109,67,245.369574236401
2964,huggyllama/llama-7b,dummy-lora-7b-rank-128-2,449,53,245.48603331021675
2965,huggyllama/llama-7b,dummy-lora-7b-rank-128-4,441,67,245.5355512475841
2966,huggyllama/llama-7b,dummy-lora-7b-rank-128-0,396,9,245.5492391295529
2967,huggyllama/llama-7b,dummy-lora-7b-rank-32-4,853,3,245.64810315245956
2968,huggyllama/llama-7b,dummy-lora-7b-rank-128-4,479,54,245.65756141108508
2969,huggyllama/llama-7b,dummy-lora-7b-rank-128-4,552,19,245.6588282470795
2970,huggyllama/llama-7b,dummy-lora-7b-rank-128-2,342,71,245.68878215837242
2971,huggyllama/llama-7b,dummy-lora-7b-rank-128-0,317,125,245.73868345565833
2972,huggyllama/llama-7b,dummy-lora-7b-rank-128-1,373,53,245.75566518513827
2973,huggyllama/llama-7b,dummy-lora-7b-rank-16-4,254,82,245.85463820994525
2974,huggyllama/llama-7b,dummy-lora-7b-rank-8-1,302,15,245.88982855733025
2975,huggyllama/llama-7b,dummy-lora-7b-rank-8-3,621,23,245.98125265798768
2976,huggyllama/llama-7b,dummy-lora-7b-rank-16-2,275,64,248.00466426734565
2977,huggyllama/llama-7b,dummy-lora-7b-rank-128-2,416,11,248.08561821669713
2978,huggyllama/llama-7b,dummy-lora-7b-rank-8-2,319,173,248.1060902894607
2979,huggyllama/llama-7b,dummy-lora-7b-rank-8-4,252,37,248.21682678376231
2980,huggyllama/llama-7b,dummy-lora-7b-rank-128-3,644,20,248.22506160610493
2981,huggyllama/llama-7b,dummy-lora-7b-rank-128-2,597,8,248.26244181347693
2982,huggyllama/llama-7b,dummy-lora-7b-rank-8-0,770,9,248.2779491856803
2983,huggyllama/llama-7b,dummy-lora-7b-rank-128-2,321,8,248.4034888825696
2984,huggyllama/llama-7b,dummy-lora-7b-rank-32-1,587,57,248.43560818449868
2985,huggyllama/llama-7b,dummy-lora-7b-rank-64-2,98,44,248.4501219120221
2986,huggyllama/llama-7b,dummy-lora-7b-rank-128-3,194,46,248.45596839087034
2987,huggyllama/llama-7b,dummy-lora-7b-rank-32-1,818,113,248.48772305382343
2988,huggyllama/llama-7b,dummy-lora-7b-rank-128-0,774,38,248.5667220725059
2989,huggyllama/llama-7b,dummy-lora-7b-rank-16-3,635,19,248.60709053134687
2990,huggyllama/llama-7b,dummy-lora-7b-rank-16-3,403,9,248.63708947539027
2991,huggyllama/llama-7b,dummy-lora-7b-rank-128-1,400,149,248.6378080444056
2992,huggyllama/llama-7b,dummy-lora-7b-rank-128-4,341,9,248.64612805805353
2993,huggyllama/llama-7b,dummy-lora-7b-rank-16-2,315,129,248.6686358643083
2994,huggyllama/llama-7b,dummy-lora-7b-rank-64-2,927,11,248.73209819127172
2995,huggyllama/llama-7b,dummy-lora-7b-rank-128-3,126,29,248.76238363649873
2996,huggyllama/llama-7b,dummy-lora-7b-rank-8-0,208,62,248.80475145898114
2997,huggyllama/llama-7b,dummy-lora-7b-rank-32-3,1008,15,248.81791962832443
2998,huggyllama/llama-7b,dummy-lora-7b-rank-32-3,515,6,248.85266825131754
2999,huggyllama/llama-7b,dummy-lora-7b-rank-128-2,664,9,248.87918953002455
3000,huggyllama/llama-7b,dummy-lora-7b-rank-32-2,570,29,248.8811660666122
3001,huggyllama/llama-7b,dummy-lora-7b-rank-128-1,316,6,248.96537009898543
3002,huggyllama/llama-7b,dummy-lora-7b-rank-8-3,593,19,248.9700323159266
3003,huggyllama/llama-7b,dummy-lora-7b-rank-128-3,560,20,248.9769673492686
3004,huggyllama/llama-7b,dummy-lora-7b-rank-64-4,328,42,249.0393359281509
3005,huggyllama/llama-7b,dummy-lora-7b-rank-128-2,304,61,249.05557224785977
3006,huggyllama/llama-7b,dummy-lora-7b-rank-128-3,582,7,249.16008551560435
3007,huggyllama/llama-7b,dummy-lora-7b-rank-64-1,552,19,249.16687876007848
3008,huggyllama/llama-7b,dummy-lora-7b-rank-64-3,281,7,249.18541825663115
3009,huggyllama/llama-7b,dummy-lora-7b-rank-8-2,681,9,249.22367047769228
3010,huggyllama/llama-7b,dummy-lora-7b-rank-32-1,475,39,249.37570215688902
3011,huggyllama/llama-7b,dummy-lora-7b-rank-128-4,548,17,249.38873399698574
3012,huggyllama/llama-7b,dummy-lora-7b-rank-128-4,277,62,249.51050721044135
3013,huggyllama/llama-7b,dummy-lora-7b-rank-64-3,535,107,249.51855930683942
3014,huggyllama/llama-7b,dummy-lora-7b-rank-128-2,680,15,249.5465189781827
3015,huggyllama/llama-7b,dummy-lora-7b-rank-32-4,526,9,249.5685181962827
3016,huggyllama/llama-7b,dummy-lora-7b-rank-128-3,753,38,249.64494451486604
3017,huggyllama/llama-7b,dummy-lora-7b-rank-128-4,861,8,249.65668438787395
3018,huggyllama/llama-7b,dummy-lora-7b-rank-128-4,185,44,249.66238735298293
3019,huggyllama/llama-7b,dummy-lora-7b-rank-64-0,823,123,249.71253842336972
3020,huggyllama/llama-7b,dummy-lora-7b-rank-128-2,741,43,249.73725137379984
3021,huggyllama/llama-7b,dummy-lora-7b-rank-128-4,681,8,249.8388794229271
3022,huggyllama/llama-7b,dummy-lora-7b-rank-16-2,395,41,249.90111342416373
3023,huggyllama/llama-7b,dummy-lora-7b-rank-128-2,311,123,249.93210584232668
3024,huggyllama/llama-7b,dummy-lora-7b-rank-128-3,526,43,252.02992748580047
3025,huggyllama/llama-7b,dummy-lora-7b-rank-32-0,586,7,252.10156004685894
3026,huggyllama/llama-7b,dummy-lora-7b-rank-128-1,780,33,252.16040611369365
3027,huggyllama/llama-7b,dummy-lora-7b-rank-32-1,164,119,252.16782251261648
3028,huggyllama/llama-7b,dummy-lora-7b-rank-8-0,395,48,252.30284993977736
3029,huggyllama/llama-7b,dummy-lora-7b-rank-128-4,626,23,252.30447228890492
3030,huggyllama/llama-7b,dummy-lora-7b-rank-128-1,564,28,252.30472228484143
3031,huggyllama/llama-7b,dummy-lora-7b-rank-16-4,409,33,252.31673835583015
3032,huggyllama/llama-7b,dummy-lora-7b-rank-16-3,564,27,252.335556904054
3033,huggyllama/llama-7b,dummy-lora-7b-rank-128-0,556,24,252.36386140108985
3034,huggyllama/llama-7b,dummy-lora-7b-rank-128-4,683,22,252.46980309458712
3035,huggyllama/llama-7b,dummy-lora-7b-rank-128-2,442,63,252.49090662823284
3036,huggyllama/llama-7b,dummy-lora-7b-rank-8-4,539,70,252.5228751271242
3037,huggyllama/llama-7b,dummy-lora-7b-rank-128-2,527,56,252.55431941581773
3038,huggyllama/llama-7b,dummy-lora-7b-rank-128-4,368,36,252.6547124273043
3039,huggyllama/llama-7b,dummy-lora-7b-rank-128-1,359,87,252.66123435165392
3040,huggyllama/llama-7b,dummy-lora-7b-rank-32-2,705,213,252.73367005974183
3041,huggyllama/llama-7b,dummy-lora-7b-rank-128-1,709,61,252.76469970802904
3042,huggyllama/llama-7b,dummy-lora-7b-rank-64-1,341,58,252.7811893391863
3043,huggyllama/llama-7b,dummy-lora-7b-rank-64-0,205,52,252.83709196490804
3044,huggyllama/llama-7b,dummy-lora-7b-rank-64-2,102,36,252.9281651202878
3045,huggyllama/llama-7b,dummy-lora-7b-rank-128-1,596,7,252.94100774074795
3046,huggyllama/llama-7b,dummy-lora-7b-rank-16-0,228,44,252.95628012082454
3047,huggyllama/llama-7b,dummy-lora-7b-rank-128-1,136,62,252.9974370254147
3048,huggyllama/llama-7b,dummy-lora-7b-rank-128-2,562,24,253.05822582969594
3049,huggyllama/llama-7b,dummy-lora-7b-rank-16-3,828,9,253.11754077272707
3050,huggyllama/llama-7b,dummy-lora-7b-rank-16-3,176,38,253.12300261010557
3051,huggyllama/llama-7b,dummy-lora-7b-rank-16-3,609,36,253.17255807339336
3052,huggyllama/llama-7b,dummy-lora-7b-rank-64-2,261,42,253.24309227847448
3053,huggyllama/llama-7b,dummy-lora-7b-rank-128-1,442,38,253.27083532078876
3054,huggyllama/llama-7b,dummy-lora-7b-rank-128-2,696,34,253.28417010533863
3055,huggyllama/llama-7b,dummy-lora-7b-rank-16-1,91,38,253.29181426580988
3056,huggyllama/llama-7b,dummy-lora-7b-rank-8-1,323,43,253.38312761209193
3057,huggyllama/llama-7b,dummy-lora-7b-rank-32-4,177,42,253.4175974696533
3058,huggyllama/llama-7b,dummy-lora-7b-rank-32-4,271,72,253.49199824842208
3059,huggyllama/llama-7b,dummy-lora-7b-rank-8-3,313,7,253.58489757057504
3060,huggyllama/llama-7b,dummy-lora-7b-rank-128-1,323,30,253.59773733764592
3061,huggyllama/llama-7b,dummy-lora-7b-rank-64-1,372,60,253.64497586276315
3062,huggyllama/llama-7b,dummy-lora-7b-rank-128-0,719,29,253.7011665018084
3063,huggyllama/llama-7b,dummy-lora-7b-rank-128-1,554,20,253.72148244717295
3064,huggyllama/llama-7b,dummy-lora-7b-rank-128-2,501,8,253.82216177513905
3065,huggyllama/llama-7b,dummy-lora-7b-rank-8-3,462,7,253.83525998576383
3066,huggyllama/llama-7b,dummy-lora-7b-rank-128-4,871,203,253.83586930318478
3067,huggyllama/llama-7b,dummy-lora-7b-rank-128-3,554,20,253.89270391005013
3068,huggyllama/llama-7b,dummy-lora-7b-rank-128-2,618,40,253.94770857066808
3069,huggyllama/llama-7b,dummy-lora-7b-rank-128-0,122,30,253.94855450217267
3070,huggyllama/llama-7b,dummy-lora-7b-rank-128-4,189,47,253.95104742571817
3071,huggyllama/llama-7b,dummy-lora-7b-rank-128-1,636,22,253.99970100777378
3072,huggyllama/llama-7b,dummy-lora-7b-rank-8-0,139,106,256.093330517938
3073,huggyllama/llama-7b,dummy-lora-7b-rank-64-3,558,24,256.11654781992473
3074,huggyllama/llama-7b,dummy-lora-7b-rank-128-0,554,20,256.13471310379396
3075,huggyllama/llama-7b,dummy-lora-7b-rank-64-3,568,30,256.2083188681516
3076,huggyllama/llama-7b,dummy-lora-7b-rank-128-0,676,66,256.2794168088586
3077,huggyllama/llama-7b,dummy-lora-7b-rank-16-1,301,91,256.40877837282153
3078,huggyllama/llama-7b,dummy-lora-7b-rank-128-2,499,64,256.4640973864905
3079,huggyllama/llama-7b,dummy-lora-7b-rank-128-1,433,7,256.47900353870955
3080,huggyllama/llama-7b,dummy-lora-7b-rank-128-3,510,59,256.59330742992637
3081,huggyllama/llama-7b,dummy-lora-7b-rank-64-2,213,35,256.6329514166592
3082,huggyllama/llama-7b,dummy-lora-7b-rank-128-2,566,18,256.6465567718899
3083,huggyllama/llama-7b,dummy-lora-7b-rank-128-1,798,9,256.67898828508356
3084,huggyllama/llama-7b,dummy-lora-7b-rank-128-3,569,9,256.69571153019376
3085,huggyllama/llama-7b,dummy-lora-7b-rank-128-2,432,50,256.70224426008383
3086,huggyllama/llama-7b,dummy-lora-7b-rank-32-4,199,34,256.7415400920488
3087,huggyllama/llama-7b,dummy-lora-7b-rank-64-1,836,138,256.7518885435416
3088,huggyllama/llama-7b,dummy-lora-7b-rank-32-2,568,27,256.77084182579864
3089,huggyllama/llama-7b,dummy-lora-7b-rank-16-2,259,48,256.84478017931104
3090,huggyllama/llama-7b,dummy-lora-7b-rank-128-0,612,23,256.87645267495753
3091,huggyllama/llama-7b,dummy-lora-7b-rank-128-1,237,134,256.8979533273461
3092,huggyllama/llama-7b,dummy-lora-7b-rank-128-2,334,44,256.92679042651156
3093,huggyllama/llama-7b,dummy-lora-7b-rank-128-4,372,49,256.93702198944777
3094,huggyllama/llama-7b,dummy-lora-7b-rank-128-4,554,20,256.9380434457452
3095,huggyllama/llama-7b,dummy-lora-7b-rank-128-3,675,21,256.9824810654291
3096,huggyllama/llama-7b,dummy-lora-7b-rank-32-0,337,42,257.0463184397765
3097,huggyllama/llama-7b,dummy-lora-7b-rank-64-3,831,42,257.08611596487157
3098,huggyllama/llama-7b,dummy-lora-7b-rank-16-1,568,30,257.12379746399597
3099,huggyllama/llama-7b,dummy-lora-7b-rank-16-2,471,47,257.12868864279505
3100,huggyllama/llama-7b,dummy-lora-7b-rank-128-3,288,47,257.27019323968943
3101,huggyllama/llama-7b,dummy-lora-7b-rank-128-4,525,41,257.28754306840295
3102,huggyllama/llama-7b,dummy-lora-7b-rank-128-3,307,143,257.33735743738765
3103,huggyllama/llama-7b,dummy-lora-7b-rank-128-3,611,21,257.39762637673846
3104,huggyllama/llama-7b,dummy-lora-7b-rank-128-3,890,13,257.45731587643536
3105,huggyllama/llama-7b,dummy-lora-7b-rank-8-4,492,7,257.48483434966084
3106,huggyllama/llama-7b,dummy-lora-7b-rank-128-1,672,36,257.4875161182629
3107,huggyllama/llama-7b,dummy-lora-7b-rank-128-3,347,55,257.5138383685755
3108,huggyllama/llama-7b,dummy-lora-7b-rank-128-3,554,20,257.56399014572946
3109,huggyllama/llama-7b,dummy-lora-7b-rank-64-0,578,32,257.58549494055325
3110,huggyllama/llama-7b,dummy-lora-7b-rank-64-3,919,84,257.6478831070129
3111,huggyllama/llama-7b,dummy-lora-7b-rank-8-1,552,19,257.7012751158083
3112,huggyllama/llama-7b,dummy-lora-7b-rank-128-2,624,18,257.77102684993866
3113,huggyllama/llama-7b,dummy-lora-7b-rank-8-4,556,23,257.7989226280552
3114,huggyllama/llama-7b,dummy-lora-7b-rank-128-4,726,80,257.8085340443704
3115,huggyllama/llama-7b,dummy-lora-7b-rank-128-0,404,7,257.85210384531337
3116,huggyllama/llama-7b,dummy-lora-7b-rank-128-1,348,174,257.8752902798583
3117,huggyllama/llama-7b,dummy-lora-7b-rank-8-1,560,25,257.8887690903816
3118,huggyllama/llama-7b,dummy-lora-7b-rank-32-0,621,82,257.93569638399583
3119,huggyllama/llama-7b,dummy-lora-7b-rank-64-3,580,16,257.9708094734806
3120,huggyllama/llama-7b,dummy-lora-7b-rank-16-4,372,10,260.05793341513095
3121,huggyllama/llama-7b,dummy-lora-7b-rank-8-4,761,10,260.0936916212718
3122,huggyllama/llama-7b,dummy-lora-7b-rank-128-4,484,117,260.121955349428
3123,huggyllama/llama-7b,dummy-lora-7b-rank-8-1,611,128,260.24440671387225
3124,huggyllama/llama-7b,dummy-lora-7b-rank-128-0,701,78,260.24807892040826
3125,huggyllama/llama-7b,dummy-lora-7b-rank-128-0,334,190,260.26341438963397
3126,huggyllama/llama-7b,dummy-lora-7b-rank-16-2,615,50,260.26398690717855
3127,huggyllama/llama-7b,dummy-lora-7b-rank-128-3,590,21,260.2706782160969
3128,huggyllama/llama-7b,dummy-lora-7b-rank-128-4,497,7,260.285536126139
3129,huggyllama/llama-7b,dummy-lora-7b-rank-16-0,195,38,260.45912268279505
3130,huggyllama/llama-7b,dummy-lora-7b-rank-128-4,271,149,260.4634751090996
3131,huggyllama/llama-7b,dummy-lora-7b-rank-128-3,377,45,260.562185275746
3132,huggyllama/llama-7b,dummy-lora-7b-rank-8-1,552,19,260.568828997147
3133,huggyllama/llama-7b,dummy-lora-7b-rank-128-1,568,32,260.58336308472036
3134,huggyllama/llama-7b,dummy-lora-7b-rank-128-4,327,42,260.67705892572366
3135,huggyllama/llama-7b,dummy-lora-7b-rank-128-2,548,17,260.7608716037794
3136,huggyllama/llama-7b,dummy-lora-7b-rank-64-0,595,9,260.84978269878593
3137,huggyllama/llama-7b,dummy-lora-7b-rank-128-3,611,16,260.9119975724354
3138,huggyllama/llama-7b,dummy-lora-7b-rank-8-1,297,7,260.95638286976043
3139,huggyllama/llama-7b,dummy-lora-7b-rank-64-2,470,5,260.9595060291631
3140,huggyllama/llama-7b,dummy-lora-7b-rank-8-0,308,29,261.0311006078075
3141,huggyllama/llama-7b,dummy-lora-7b-rank-128-1,451,15,261.041097443808
3142,huggyllama/llama-7b,dummy-lora-7b-rank-32-4,219,63,261.06273362581317
3143,huggyllama/llama-7b,dummy-lora-7b-rank-128-3,799,24,261.07815166935256
3144,huggyllama/llama-7b,dummy-lora-7b-rank-64-0,478,57,261.08794439277153
3145,huggyllama/llama-7b,dummy-lora-7b-rank-128-0,546,16,261.12271208835017
3146,huggyllama/llama-7b,dummy-lora-7b-rank-32-4,223,57,261.23562768375655
3147,huggyllama/llama-7b,dummy-lora-7b-rank-64-3,552,11,261.2720378557411
3148,huggyllama/llama-7b,dummy-lora-7b-rank-128-1,287,48,261.29556512891037
3149,huggyllama/llama-7b,dummy-lora-7b-rank-128-0,600,28,261.31840154908605
3150,huggyllama/llama-7b,dummy-lora-7b-rank-128-1,560,23,261.3472660053319
3151,huggyllama/llama-7b,dummy-lora-7b-rank-128-3,996,3,261.3501153896649
3152,huggyllama/llama-7b,dummy-lora-7b-rank-8-3,246,62,261.4414053717999
3153,huggyllama/llama-7b,dummy-lora-7b-rank-128-1,57,104,261.4657879458599
3154,huggyllama/llama-7b,dummy-lora-7b-rank-16-4,570,23,261.48920492413015
3155,huggyllama/llama-7b,dummy-lora-7b-rank-16-2,295,37,261.5085861100351
3156,huggyllama/llama-7b,dummy-lora-7b-rank-32-4,405,11,261.57913355250037
3157,huggyllama/llama-7b,dummy-lora-7b-rank-128-4,631,10,261.5996349416352
3158,huggyllama/llama-7b,dummy-lora-7b-rank-128-1,550,18,261.7315941741223
3159,huggyllama/llama-7b,dummy-lora-7b-rank-32-1,113,55,261.74345685997326
3160,huggyllama/llama-7b,dummy-lora-7b-rank-64-2,996,78,261.74924345178437
3161,huggyllama/llama-7b,dummy-lora-7b-rank-128-4,216,43,261.7700472467746
3162,huggyllama/llama-7b,dummy-lora-7b-rank-8-1,338,46,261.80072873600886
3163,huggyllama/llama-7b,dummy-lora-7b-rank-16-0,728,44,261.8348265561769
3164,huggyllama/llama-7b,dummy-lora-7b-rank-8-3,450,49,261.8739267269602
3165,huggyllama/llama-7b,dummy-lora-7b-rank-128-4,277,5,261.87788848038196
3166,huggyllama/llama-7b,dummy-lora-7b-rank-128-2,550,18,261.9559000212328
3167,huggyllama/llama-7b,dummy-lora-7b-rank-128-3,641,52,261.97208160780133
3168,huggyllama/llama-7b,dummy-lora-7b-rank-128-0,554,19,264.013062294591
3169,huggyllama/llama-7b,dummy-lora-7b-rank-128-1,722,9,264.0317776898325
3170,huggyllama/llama-7b,dummy-lora-7b-rank-8-2,613,24,264.045392460243
3171,huggyllama/llama-7b,dummy-lora-7b-rank-16-2,664,45,264.1541218969324
3172,huggyllama/llama-7b,dummy-lora-7b-rank-128-3,515,22,264.2259854868695
3173,huggyllama/llama-7b,dummy-lora-7b-rank-32-1,552,19,264.26047015095094
3174,huggyllama/llama-7b,dummy-lora-7b-rank-8-4,914,3,264.2777934553695
3175,huggyllama/llama-7b,dummy-lora-7b-rank-32-3,554,12,264.2865698997026
3176,huggyllama/llama-7b,dummy-lora-7b-rank-32-2,305,242,264.34498613627994
3177,huggyllama/llama-7b,dummy-lora-7b-rank-8-3,409,81,264.3651237506178
3178,huggyllama/llama-7b,dummy-lora-7b-rank-8-0,566,11,264.3660294746765
3179,huggyllama/llama-7b,dummy-lora-7b-rank-8-4,701,137,264.3688685879711
3180,huggyllama/llama-7b,dummy-lora-7b-rank-32-0,549,96,264.4421105572625
3181,huggyllama/llama-7b,dummy-lora-7b-rank-64-1,498,14,264.55823724075015
3182,huggyllama/llama-7b,dummy-lora-7b-rank-128-1,582,33,264.63807802440164
3183,huggyllama/llama-7b,dummy-lora-7b-rank-32-1,326,47,264.6694465802992
3184,huggyllama/llama-7b,dummy-lora-7b-rank-32-4,309,14,264.7234694964108
3185,huggyllama/llama-7b,dummy-lora-7b-rank-16-3,403,19,264.74266556417183
3186,huggyllama/llama-7b,dummy-lora-7b-rank-16-3,556,21,264.8241059143547
3187,huggyllama/llama-7b,dummy-lora-7b-rank-64-0,94,43,264.8543257415003
3188,huggyllama/llama-7b,dummy-lora-7b-rank-8-4,838,40,264.8809358375989
3189,huggyllama/llama-7b,dummy-lora-7b-rank-128-3,345,47,264.8867289701554
3190,huggyllama/llama-7b,dummy-lora-7b-rank-128-4,413,148,264.8904600778514
3191,huggyllama/llama-7b,dummy-lora-7b-rank-128-3,631,34,264.9201539393587
3192,huggyllama/llama-7b,dummy-lora-7b-rank-128-3,269,35,264.92109345376053
3193,huggyllama/llama-7b,dummy-lora-7b-rank-128-3,564,17,264.9539249233518
3194,huggyllama/llama-7b,dummy-lora-7b-rank-128-1,504,43,264.96260094163523
3195,huggyllama/llama-7b,dummy-lora-7b-rank-32-0,556,21,264.97740393225513
3196,huggyllama/llama-7b,dummy-lora-7b-rank-128-1,794,82,265.0084309903029
3197,huggyllama/llama-7b,dummy-lora-7b-rank-128-0,90,59,265.05773918472454
3198,huggyllama/llama-7b,dummy-lora-7b-rank-32-1,518,118,265.083165027221
3199,huggyllama/llama-7b,dummy-lora-7b-rank-128-0,369,19,265.11096798598305
3200,huggyllama/llama-7b,dummy-lora-7b-rank-128-1,837,41,265.27295655540007
3201,huggyllama/llama-7b,dummy-lora-7b-rank-32-1,556,25,265.33806311771565
3202,huggyllama/llama-7b,dummy-lora-7b-rank-16-2,582,17,265.35338892846914
3203,huggyllama/llama-7b,dummy-lora-7b-rank-128-3,265,151,265.4053625800122
3204,huggyllama/llama-7b,dummy-lora-7b-rank-128-3,214,49,265.48070793847785
3205,huggyllama/llama-7b,dummy-lora-7b-rank-128-4,275,41,265.52070402777866
3206,huggyllama/llama-7b,dummy-lora-7b-rank-128-4,250,50,265.52935440379923
3207,huggyllama/llama-7b,dummy-lora-7b-rank-8-4,465,6,265.5719929449477
3208,huggyllama/llama-7b,dummy-lora-7b-rank-128-1,192,3,265.5798015970652
3209,huggyllama/llama-7b,dummy-lora-7b-rank-16-1,799,73,265.6123809576992
3210,huggyllama/llama-7b,dummy-lora-7b-rank-8-0,609,20,265.64502775879527
3211,huggyllama/llama-7b,dummy-lora-7b-rank-128-4,390,35,265.7609282041867
3212,huggyllama/llama-7b,dummy-lora-7b-rank-128-0,550,18,265.83777793265745
3213,huggyllama/llama-7b,dummy-lora-7b-rank-32-4,790,98,265.87043734044846
3214,huggyllama/llama-7b,dummy-lora-7b-rank-32-2,206,130,265.8908244133187
3215,huggyllama/llama-7b,dummy-lora-7b-rank-128-0,323,118,265.9247588430727
3216,huggyllama/llama-7b,dummy-lora-7b-rank-128-3,560,17,268.03132298620966
3217,huggyllama/llama-7b,dummy-lora-7b-rank-16-2,415,4,268.1173392371836
3218,huggyllama/llama-7b,dummy-lora-7b-rank-128-0,258,45,268.209998014612
3219,huggyllama/llama-7b,dummy-lora-7b-rank-16-1,564,27,268.22896524795897
3220,huggyllama/llama-7b,dummy-lora-7b-rank-128-2,566,31,268.2373989780958
3221,huggyllama/llama-7b,dummy-lora-7b-rank-16-4,552,19,268.26216049153044
3222,huggyllama/llama-7b,dummy-lora-7b-rank-128-0,556,19,268.343832512018
3223,huggyllama/llama-7b,dummy-lora-7b-rank-64-3,823,17,268.38441156867833
3224,huggyllama/llama-7b,dummy-lora-7b-rank-128-3,556,21,268.4159485775889
3225,huggyllama/llama-7b,dummy-lora-7b-rank-64-1,407,5,268.4318009703745
3226,huggyllama/llama-7b,dummy-lora-7b-rank-32-0,554,21,268.4497795793897
3227,huggyllama/llama-7b,dummy-lora-7b-rank-128-1,343,175,268.5969006529628
3228,huggyllama/llama-7b,dummy-lora-7b-rank-128-2,858,19,268.6020840285668
3229,huggyllama/llama-7b,dummy-lora-7b-rank-8-1,677,12,268.6389190361958
3230,huggyllama/llama-7b,dummy-lora-7b-rank-8-1,566,29,268.64168117748676
3231,huggyllama/llama-7b,dummy-lora-7b-rank-8-3,639,50,268.73453448483383
3232,huggyllama/llama-7b,dummy-lora-7b-rank-16-1,998,22,268.8025537993385
3233,huggyllama/llama-7b,dummy-lora-7b-rank-128-0,347,68,268.8583837273253
3234,huggyllama/llama-7b,dummy-lora-7b-rank-128-3,562,22,268.928374827885
3235,huggyllama/llama-7b,dummy-lora-7b-rank-128-1,367,7,268.9606619274293
3236,huggyllama/llama-7b,dummy-lora-7b-rank-128-0,734,9,268.96738939094604
3237,huggyllama/llama-7b,dummy-lora-7b-rank-32-1,554,21,269.0021219710221
3238,huggyllama/llama-7b,dummy-lora-7b-rank-64-4,778,43,269.0054572863756
3239,huggyllama/llama-7b,dummy-lora-7b-rank-16-4,548,17,269.01027894460947
3240,huggyllama/llama-7b,dummy-lora-7b-rank-8-1,608,6,269.0278509763148
3241,huggyllama/llama-7b,dummy-lora-7b-rank-16-1,341,49,269.05059738635435
3242,huggyllama/llama-7b,dummy-lora-7b-rank-16-4,123,34,269.0811270040413
3243,huggyllama/llama-7b,dummy-lora-7b-rank-128-4,713,32,269.0838869770728
3244,huggyllama/llama-7b,dummy-lora-7b-rank-128-2,83,46,269.141669934574
3245,huggyllama/llama-7b,dummy-lora-7b-rank-16-1,318,8,269.19528649821217
3246,huggyllama/llama-7b,dummy-lora-7b-rank-128-3,566,28,269.2249623953991
3247,huggyllama/llama-7b,dummy-lora-7b-rank-128-2,397,8,269.239373191138
3248,huggyllama/llama-7b,dummy-lora-7b-rank-128-1,416,50,269.27648208108667
3249,huggyllama/llama-7b,dummy-lora-7b-rank-128-2,342,214,269.2807403257591
3250,huggyllama/llama-7b,dummy-lora-7b-rank-128-0,191,52,269.3285171267273
3251,huggyllama/llama-7b,dummy-lora-7b-rank-128-3,113,66,269.34111196606074
3252,huggyllama/llama-7b,dummy-lora-7b-rank-32-2,734,83,269.3852031937196
3253,huggyllama/llama-7b,dummy-lora-7b-rank-8-3,992,21,269.38567180430255
3254,huggyllama/llama-7b,dummy-lora-7b-rank-128-0,586,13,269.5480485336448
3255,huggyllama/llama-7b,dummy-lora-7b-rank-128-4,570,28,269.55164735884495
3256,huggyllama/llama-7b,dummy-lora-7b-rank-8-3,383,12,269.58274312622785
3257,huggyllama/llama-7b,dummy-lora-7b-rank-64-2,522,8,269.6368465084336
3258,huggyllama/llama-7b,dummy-lora-7b-rank-16-1,600,26,269.7211986176572
3259,huggyllama/llama-7b,dummy-lora-7b-rank-128-0,269,45,269.7255718064773
3260,huggyllama/llama-7b,dummy-lora-7b-rank-128-1,249,60,269.7767801417377
3261,huggyllama/llama-7b,dummy-lora-7b-rank-128-1,168,52,269.7820710755714
3262,huggyllama/llama-7b,dummy-lora-7b-rank-128-4,450,57,269.96229997902975
3263,huggyllama/llama-7b,dummy-lora-7b-rank-128-4,22,256,269.964641918385
3264,huggyllama/llama-7b,dummy-lora-7b-rank-128-1,550,10,272.05330421733515
3265,huggyllama/llama-7b,dummy-lora-7b-rank-8-3,550,10,272.06892282322406
3266,huggyllama/llama-7b,dummy-lora-7b-rank-128-2,325,134,272.1316291756674
3267,huggyllama/llama-7b,dummy-lora-7b-rank-128-4,426,40,272.1549841611605
3268,huggyllama/llama-7b,dummy-lora-7b-rank-64-4,560,15,272.18113365728965
3269,huggyllama/llama-7b,dummy-lora-7b-rank-32-1,172,50,272.1840944726623
3270,huggyllama/llama-7b,dummy-lora-7b-rank-128-4,890,3,272.230322034218
3271,huggyllama/llama-7b,dummy-lora-7b-rank-128-2,639,11,272.2846866447792
3272,huggyllama/llama-7b,dummy-lora-7b-rank-128-0,828,85,272.28663547119106
3273,huggyllama/llama-7b,dummy-lora-7b-rank-16-1,665,25,272.3099817869587
3274,huggyllama/llama-7b,dummy-lora-7b-rank-8-2,582,60,272.3613938249063
3275,huggyllama/llama-7b,dummy-lora-7b-rank-128-1,259,91,272.3706433660823
3276,huggyllama/llama-7b,dummy-lora-7b-rank-8-3,561,25,272.3752485644946
3277,huggyllama/llama-7b,dummy-lora-7b-rank-128-4,489,8,272.40997253765715
3278,huggyllama/llama-7b,dummy-lora-7b-rank-32-0,305,120,272.4475974260247
3279,huggyllama/llama-7b,dummy-lora-7b-rank-128-3,590,35,272.4578289836147
3280,huggyllama/llama-7b,dummy-lora-7b-rank-128-2,556,19,272.5341945237786
3281,huggyllama/llama-7b,dummy-lora-7b-rank-16-4,596,24,272.5365800011757
3282,huggyllama/llama-7b,dummy-lora-7b-rank-8-3,168,47,272.64529250730556
3283,huggyllama/llama-7b,dummy-lora-7b-rank-128-4,191,24,272.64580188004936
3284,huggyllama/llama-7b,dummy-lora-7b-rank-128-4,420,51,272.65512427237485
3285,huggyllama/llama-7b,dummy-lora-7b-rank-32-0,138,45,272.66084832129576
3286,huggyllama/llama-7b,dummy-lora-7b-rank-128-1,236,44,272.71709853423954
3287,huggyllama/llama-7b,dummy-lora-7b-rank-64-4,286,51,272.8418760642157
3288,huggyllama/llama-7b,dummy-lora-7b-rank-128-4,427,47,272.88052597934217
3289,huggyllama/llama-7b,dummy-lora-7b-rank-64-0,965,123,272.9442263019814
3290,huggyllama/llama-7b,dummy-lora-7b-rank-64-4,664,49,273.07819506254305
3291,huggyllama/llama-7b,dummy-lora-7b-rank-64-4,275,36,273.0936664794054
3292,huggyllama/llama-7b,dummy-lora-7b-rank-128-2,341,50,273.1190253166473
3293,huggyllama/llama-7b,dummy-lora-7b-rank-8-4,516,165,273.1282460674356
3294,huggyllama/llama-7b,dummy-lora-7b-rank-128-4,554,20,273.22595795992123
3295,huggyllama/llama-7b,dummy-lora-7b-rank-8-4,466,53,273.2456583501374
3296,huggyllama/llama-7b,dummy-lora-7b-rank-16-2,550,18,273.2873894850265
3297,huggyllama/llama-7b,dummy-lora-7b-rank-128-2,568,29,273.2901886511944
3298,huggyllama/llama-7b,dummy-lora-7b-rank-32-0,892,56,273.3604849820404
3299,huggyllama/llama-7b,dummy-lora-7b-rank-128-3,453,36,273.3690642215552
3300,huggyllama/llama-7b,dummy-lora-7b-rank-128-3,831,55,273.3751467104936
3301,huggyllama/llama-7b,dummy-lora-7b-rank-16-0,193,56,273.396541403093
3302,huggyllama/llama-7b,dummy-lora-7b-rank-128-1,543,71,273.44199536877505
3303,huggyllama/llama-7b,dummy-lora-7b-rank-128-2,565,62,273.45058015712584
3304,huggyllama/llama-7b,dummy-lora-7b-rank-128-1,55,95,273.46497602531133
3305,huggyllama/llama-7b,dummy-lora-7b-rank-128-2,118,73,273.53642763597753
3306,huggyllama/llama-7b,dummy-lora-7b-rank-16-1,571,24,273.5995690816968
3307,huggyllama/llama-7b,dummy-lora-7b-rank-16-0,516,6,273.66833864517366
3308,huggyllama/llama-7b,dummy-lora-7b-rank-16-0,331,56,273.7592577049963
3309,huggyllama/llama-7b,dummy-lora-7b-rank-128-0,174,41,273.78028964144784
3310,huggyllama/llama-7b,dummy-lora-7b-rank-128-0,556,11,273.88860818527894
3311,huggyllama/llama-7b,dummy-lora-7b-rank-128-4,786,21,273.95631526672685
3312,huggyllama/llama-7b,dummy-lora-7b-rank-32-0,588,10,276.03417248808574
3313,huggyllama/llama-7b,dummy-lora-7b-rank-128-3,701,11,276.10893469268143
3314,huggyllama/llama-7b,dummy-lora-7b-rank-128-4,556,13,276.1133018432125
3315,huggyllama/llama-7b,dummy-lora-7b-rank-128-1,335,127,276.1876542671816
3316,huggyllama/llama-7b,dummy-lora-7b-rank-16-0,124,46,276.1936036462371
3317,huggyllama/llama-7b,dummy-lora-7b-rank-128-3,319,7,276.2624995308231
3318,huggyllama/llama-7b,dummy-lora-7b-rank-128-4,365,210,276.3119680909661
3319,huggyllama/llama-7b,dummy-lora-7b-rank-128-1,564,28,276.35759317721386
3320,huggyllama/llama-7b,dummy-lora-7b-rank-128-1,469,67,276.42714662183533
3321,huggyllama/llama-7b,dummy-lora-7b-rank-16-2,335,47,276.48376927839297
3322,huggyllama/llama-7b,dummy-lora-7b-rank-128-0,250,92,276.5216706503071
3323,huggyllama/llama-7b,dummy-lora-7b-rank-8-0,304,46,276.61814129794124
3324,huggyllama/llama-7b,dummy-lora-7b-rank-16-1,548,16,276.6181567707202
3325,huggyllama/llama-7b,dummy-lora-7b-rank-128-3,560,14,276.7017904828355
3326,huggyllama/llama-7b,dummy-lora-7b-rank-8-4,554,20,276.75784698141064
3327,huggyllama/llama-7b,dummy-lora-7b-rank-128-2,87,45,276.75894645933454
3328,huggyllama/llama-7b,dummy-lora-7b-rank-128-0,288,7,276.8095583315048
3329,huggyllama/llama-7b,dummy-lora-7b-rank-128-4,480,9,276.8099770440758
3330,huggyllama/llama-7b,dummy-lora-7b-rank-128-3,212,150,276.9205080872393
3331,huggyllama/llama-7b,dummy-lora-7b-rank-128-1,548,17,276.95039795591185
3332,huggyllama/llama-7b,dummy-lora-7b-rank-128-0,366,56,277.1625357662617
3333,huggyllama/llama-7b,dummy-lora-7b-rank-8-4,572,32,277.1633745055085
3334,huggyllama/llama-7b,dummy-lora-7b-rank-128-4,170,41,277.2009903795517
3335,huggyllama/llama-7b,dummy-lora-7b-rank-8-3,607,15,277.2438230655559
3336,huggyllama/llama-7b,dummy-lora-7b-rank-128-0,603,20,277.3502831436799
3337,huggyllama/llama-7b,dummy-lora-7b-rank-16-4,133,19,277.357715284582
3338,huggyllama/llama-7b,dummy-lora-7b-rank-8-4,570,18,277.35905878797143
3339,huggyllama/llama-7b,dummy-lora-7b-rank-128-1,136,101,277.45473419758423
3340,huggyllama/llama-7b,dummy-lora-7b-rank-32-0,548,17,277.48193637226603
3341,huggyllama/llama-7b,dummy-lora-7b-rank-128-3,363,117,277.50931692263674
3342,huggyllama/llama-7b,dummy-lora-7b-rank-128-3,163,38,277.52624001750974
3343,huggyllama/llama-7b,dummy-lora-7b-rank-8-0,352,40,277.5407848588926
3344,huggyllama/llama-7b,dummy-lora-7b-rank-8-3,380,40,277.5767163386079
3345,huggyllama/llama-7b,dummy-lora-7b-rank-32-0,818,39,277.60128071810686
3346,huggyllama/llama-7b,dummy-lora-7b-rank-128-2,219,44,277.6451404365432
3347,huggyllama/llama-7b,dummy-lora-7b-rank-128-2,489,37,277.6468751280341
3348,huggyllama/llama-7b,dummy-lora-7b-rank-128-0,349,169,277.7010321672134
3349,huggyllama/llama-7b,dummy-lora-7b-rank-64-1,362,97,277.75348376044894
3350,huggyllama/llama-7b,dummy-lora-7b-rank-32-4,588,12,277.8093718003658
3351,huggyllama/llama-7b,dummy-lora-7b-rank-8-3,562,27,277.81964956203797
3352,huggyllama/llama-7b,dummy-lora-7b-rank-16-4,554,12,277.8288037684702
3353,huggyllama/llama-7b,dummy-lora-7b-rank-128-3,901,63,277.8992094088912
3354,huggyllama/llama-7b,dummy-lora-7b-rank-128-3,816,59,277.931510128484
3355,huggyllama/llama-7b,dummy-lora-7b-rank-64-4,385,56,277.93846969596365
3356,huggyllama/llama-7b,dummy-lora-7b-rank-128-1,119,19,277.9592586200723
3357,huggyllama/llama-7b,dummy-lora-7b-rank-128-4,392,49,277.96519074277234
3358,huggyllama/llama-7b,dummy-lora-7b-rank-64-3,556,21,277.9886520488604
3359,huggyllama/llama-7b,dummy-lora-7b-rank-128-3,440,84,277.9978057638695
3360,huggyllama/llama-7b,dummy-lora-7b-rank-16-3,592,12,280.00487966404074
3361,huggyllama/llama-7b,dummy-lora-7b-rank-128-0,231,3,280.0184086569124
3362,huggyllama/llama-7b,dummy-lora-7b-rank-128-2,894,38,280.03661569779894
3363,huggyllama/llama-7b,dummy-lora-7b-rank-8-0,429,52,280.09163406284347
3364,huggyllama/llama-7b,dummy-lora-7b-rank-8-2,567,20,280.09681163831317
3365,huggyllama/llama-7b,dummy-lora-7b-rank-32-4,538,8,280.22672350676305
3366,huggyllama/llama-7b,dummy-lora-7b-rank-128-1,407,77,280.2412300539539
3367,huggyllama/llama-7b,dummy-lora-7b-rank-128-0,425,72,280.24250388164717
3368,huggyllama/llama-7b,dummy-lora-7b-rank-128-2,283,52,280.2952084712994
3369,huggyllama/llama-7b,dummy-lora-7b-rank-128-0,546,16,280.3121377736595
3370,huggyllama/llama-7b,dummy-lora-7b-rank-8-1,800,66,280.32728828381016
3371,huggyllama/llama-7b,dummy-lora-7b-rank-64-2,422,46,280.3296989372889
3372,huggyllama/llama-7b,dummy-lora-7b-rank-64-3,316,49,280.38361117909665
3373,huggyllama/llama-7b,dummy-lora-7b-rank-32-4,273,48,280.40006431146935
3374,huggyllama/llama-7b,dummy-lora-7b-rank-128-1,633,42,280.4156226269522
3375,huggyllama/llama-7b,dummy-lora-7b-rank-64-1,277,154,280.509898298504
3376,huggyllama/llama-7b,dummy-lora-7b-rank-32-4,238,56,280.52604165906826
3377,huggyllama/llama-7b,dummy-lora-7b-rank-64-1,903,3,280.67034591456047
3378,huggyllama/llama-7b,dummy-lora-7b-rank-128-1,474,6,280.70790112364324
3379,huggyllama/llama-7b,dummy-lora-7b-rank-32-0,150,81,280.75955553431953
3380,huggyllama/llama-7b,dummy-lora-7b-rank-128-0,307,65,280.8148261591232
3381,huggyllama/llama-7b,dummy-lora-7b-rank-128-3,564,6,280.83082126408215
3382,huggyllama/llama-7b,dummy-lora-7b-rank-32-4,651,55,280.86797202029004
3383,huggyllama/llama-7b,dummy-lora-7b-rank-128-4,199,6,280.86937567223754
3384,huggyllama/llama-7b,dummy-lora-7b-rank-128-4,323,8,280.87470938802585
3385,huggyllama/llama-7b,dummy-lora-7b-rank-128-0,105,50,280.9520414530124
3386,huggyllama/llama-7b,dummy-lora-7b-rank-64-3,184,5,280.9805445997288
3387,huggyllama/llama-7b,dummy-lora-7b-rank-128-4,227,144,280.98115745567964
3388,huggyllama/llama-7b,dummy-lora-7b-rank-8-1,335,66,281.08970830713554
3389,huggyllama/llama-7b,dummy-lora-7b-rank-128-3,279,84,281.10344536694316
3390,huggyllama/llama-7b,dummy-lora-7b-rank-128-1,577,60,281.2209454587455
3391,huggyllama/llama-7b,dummy-lora-7b-rank-64-0,524,65,281.2653237395866
3392,huggyllama/llama-7b,dummy-lora-7b-rank-16-3,729,58,281.35516427670285
3393,huggyllama/llama-7b,dummy-lora-7b-rank-128-3,437,46,281.38553878746666
3394,huggyllama/llama-7b,dummy-lora-7b-rank-128-2,552,19,281.4063508303567
3395,huggyllama/llama-7b,dummy-lora-7b-rank-16-0,545,7,281.4475932176902
3396,huggyllama/llama-7b,dummy-lora-7b-rank-64-0,612,61,281.51914645673486
3397,huggyllama/llama-7b,dummy-lora-7b-rank-128-2,771,38,281.53889873690935
3398,huggyllama/llama-7b,dummy-lora-7b-rank-128-4,558,23,281.54982097705
3399,huggyllama/llama-7b,dummy-lora-7b-rank-16-0,270,10,281.59141118769486
3400,huggyllama/llama-7b,dummy-lora-7b-rank-32-1,363,11,281.6640232558864
3401,huggyllama/llama-7b,dummy-lora-7b-rank-128-4,633,8,281.680236969188
3402,huggyllama/llama-7b,dummy-lora-7b-rank-128-1,409,54,281.69558836989324
3403,huggyllama/llama-7b,dummy-lora-7b-rank-64-1,528,38,281.70500804767966
3404,huggyllama/llama-7b,dummy-lora-7b-rank-128-3,181,46,281.7079194311581
3405,huggyllama/llama-7b,dummy-lora-7b-rank-16-3,209,45,281.7740159082372
3406,huggyllama/llama-7b,dummy-lora-7b-rank-32-3,393,108,281.8343627224007
3407,huggyllama/llama-7b,dummy-lora-7b-rank-128-0,619,92,281.94882477779896
3408,huggyllama/llama-7b,dummy-lora-7b-rank-32-4,216,140,284.01621948493386
3409,huggyllama/llama-7b,dummy-lora-7b-rank-128-2,722,96,284.0839686048947
3410,huggyllama/llama-7b,dummy-lora-7b-rank-32-4,190,43,284.1171080092687
3411,huggyllama/llama-7b,dummy-lora-7b-rank-128-3,728,121,284.12127281358823
3412,huggyllama/llama-7b,dummy-lora-7b-rank-8-2,408,46,284.2793050410271
3413,huggyllama/llama-7b,dummy-lora-7b-rank-128-2,381,135,284.3585385013648
3414,huggyllama/llama-7b,dummy-lora-7b-rank-128-0,232,137,284.36847534076435
3415,huggyllama/llama-7b,dummy-lora-7b-rank-128-2,599,32,284.3703417816661
3416,huggyllama/llama-7b,dummy-lora-7b-rank-16-4,209,35,284.3850290807291
3417,huggyllama/llama-7b,dummy-lora-7b-rank-16-2,794,34,284.4567209925865
3418,huggyllama/llama-7b,dummy-lora-7b-rank-16-1,672,8,284.47437891470497
3419,huggyllama/llama-7b,dummy-lora-7b-rank-64-3,568,8,284.49692975039557
3420,huggyllama/llama-7b,dummy-lora-7b-rank-128-2,491,63,284.5213436841883
3421,huggyllama/llama-7b,dummy-lora-7b-rank-64-4,572,29,284.5222547406696
3422,huggyllama/llama-7b,dummy-lora-7b-rank-128-1,255,47,284.62595591161164
3423,huggyllama/llama-7b,dummy-lora-7b-rank-32-3,902,3,284.6297069337053
3424,huggyllama/llama-7b,dummy-lora-7b-rank-128-4,562,16,284.69448617947995
3425,huggyllama/llama-7b,dummy-lora-7b-rank-128-2,656,97,284.70059628046874
3426,huggyllama/llama-7b,dummy-lora-7b-rank-128-4,455,101,284.70381761720563
3427,huggyllama/llama-7b,dummy-lora-7b-rank-128-4,450,38,284.72571196021204
3428,huggyllama/llama-7b,dummy-lora-7b-rank-32-2,576,34,284.73111640942716
3429,huggyllama/llama-7b,dummy-lora-7b-rank-32-0,598,10,284.78430802227126
3430,huggyllama/llama-7b,dummy-lora-7b-rank-128-1,325,41,284.82166270505496
3431,huggyllama/llama-7b,dummy-lora-7b-rank-32-4,344,7,284.82799414318094
3432,huggyllama/llama-7b,dummy-lora-7b-rank-128-4,384,52,284.9610162656169
3433,huggyllama/llama-7b,dummy-lora-7b-rank-128-0,765,19,284.97887376527643
3434,huggyllama/llama-7b,dummy-lora-7b-rank-128-2,556,19,285.04554175756266
3435,huggyllama/llama-7b,dummy-lora-7b-rank-32-1,373,39,285.0900752574238
3436,huggyllama/llama-7b,dummy-lora-7b-rank-128-2,255,6,285.0901814897041
3437,huggyllama/llama-7b,dummy-lora-7b-rank-128-1,521,32,285.09350811543106
3438,huggyllama/llama-7b,dummy-lora-7b-rank-64-3,327,59,285.13137814850984
3439,huggyllama/llama-7b,dummy-lora-7b-rank-128-1,90,51,285.19290456862313
3440,huggyllama/llama-7b,dummy-lora-7b-rank-128-3,554,20,285.24802316197867
3441,huggyllama/llama-7b,dummy-lora-7b-rank-64-1,209,36,285.27481142184183
3442,huggyllama/llama-7b,dummy-lora-7b-rank-64-1,605,20,285.38979991366614
3443,huggyllama/llama-7b,dummy-lora-7b-rank-8-1,495,7,285.48823273389564
3444,huggyllama/llama-7b,dummy-lora-7b-rank-16-1,603,13,285.5141332462697
3445,huggyllama/llama-7b,dummy-lora-7b-rank-128-2,548,17,285.58640109411107
3446,huggyllama/llama-7b,dummy-lora-7b-rank-64-2,554,17,285.5865703097107
3447,huggyllama/llama-7b,dummy-lora-7b-rank-8-3,552,19,285.74156768915793
3448,huggyllama/llama-7b,dummy-lora-7b-rank-128-1,344,107,285.75696365992883
3449,huggyllama/llama-7b,dummy-lora-7b-rank-128-0,342,47,285.84698636174306
3450,huggyllama/llama-7b,dummy-lora-7b-rank-8-0,327,158,285.85368577681066
3451,huggyllama/llama-7b,dummy-lora-7b-rank-8-2,481,43,285.87413819731023
3452,huggyllama/llama-7b,dummy-lora-7b-rank-16-2,356,48,285.88892554629626
3453,huggyllama/llama-7b,dummy-lora-7b-rank-128-4,554,20,285.9169003392736
3454,huggyllama/llama-7b,dummy-lora-7b-rank-64-3,461,65,285.9469250126404
3455,huggyllama/llama-7b,dummy-lora-7b-rank-128-0,560,15,285.9671403808816
3456,huggyllama/llama-7b,dummy-lora-7b-rank-128-2,554,18,288.01034931992876
3457,huggyllama/llama-7b,dummy-lora-7b-rank-128-3,560,25,288.11867987418015
3458,huggyllama/llama-7b,dummy-lora-7b-rank-128-2,252,47,288.1378347689129
3459,huggyllama/llama-7b,dummy-lora-7b-rank-128-2,401,11,288.149865590775
3460,huggyllama/llama-7b,dummy-lora-7b-rank-16-2,603,14,288.20735825934514
3461,huggyllama/llama-7b,dummy-lora-7b-rank-128-4,276,50,288.22087511808644
3462,huggyllama/llama-7b,dummy-lora-7b-rank-128-1,231,5,288.23832640641217
3463,huggyllama/llama-7b,dummy-lora-7b-rank-128-2,237,48,288.320573271208
3464,huggyllama/llama-7b,dummy-lora-7b-rank-128-3,562,23,288.383462247428
3465,huggyllama/llama-7b,dummy-lora-7b-rank-16-3,552,18,288.45794419848613
3466,huggyllama/llama-7b,dummy-lora-7b-rank-128-4,588,21,288.4880422804555
3467,huggyllama/llama-7b,dummy-lora-7b-rank-128-1,616,37,288.56832967659733
3468,huggyllama/llama-7b,dummy-lora-7b-rank-128-3,334,12,288.59293979079575
3469,huggyllama/llama-7b,dummy-lora-7b-rank-16-2,328,57,288.62154277169805
3470,huggyllama/llama-7b,dummy-lora-7b-rank-128-3,294,43,288.74236994565126
3471,huggyllama/llama-7b,dummy-lora-7b-rank-16-1,235,37,288.74687919892006
3472,huggyllama/llama-7b,dummy-lora-7b-rank-128-0,552,20,288.7568985265323
3473,huggyllama/llama-7b,dummy-lora-7b-rank-64-3,551,68,288.75772755389414
3474,huggyllama/llama-7b,dummy-lora-7b-rank-128-3,644,19,288.80722278901567
3475,huggyllama/llama-7b,dummy-lora-7b-rank-32-4,198,124,288.81152678913867
3476,huggyllama/llama-7b,dummy-lora-7b-rank-128-3,275,48,288.84476096948447
3477,huggyllama/llama-7b,dummy-lora-7b-rank-8-2,366,47,288.88482713441385
3478,huggyllama/llama-7b,dummy-lora-7b-rank-128-2,698,92,288.9080758658664
3479,huggyllama/llama-7b,dummy-lora-7b-rank-32-0,638,37,288.98601083547254
3480,huggyllama/llama-7b,dummy-lora-7b-rank-32-3,813,13,288.98867182675076
3481,huggyllama/llama-7b,dummy-lora-7b-rank-128-0,841,18,289.0360809963125
3482,huggyllama/llama-7b,dummy-lora-7b-rank-32-4,469,12,289.08887827038984
3483,huggyllama/llama-7b,dummy-lora-7b-rank-128-0,433,42,289.0984800069224
3484,huggyllama/llama-7b,dummy-lora-7b-rank-128-0,230,48,289.13091082621884
3485,huggyllama/llama-7b,dummy-lora-7b-rank-128-1,558,22,289.14289611853974
3486,huggyllama/llama-7b,dummy-lora-7b-rank-128-1,258,57,289.17562999350775
3487,huggyllama/llama-7b,dummy-lora-7b-rank-16-1,503,74,289.17749854229913
3488,huggyllama/llama-7b,dummy-lora-7b-rank-64-1,546,16,289.2835895251369
3489,huggyllama/llama-7b,dummy-lora-7b-rank-32-4,404,7,289.29114984449194
3490,huggyllama/llama-7b,dummy-lora-7b-rank-16-2,54,101,289.29992295264327
3491,huggyllama/llama-7b,dummy-lora-7b-rank-128-1,673,59,289.4264538275238
3492,huggyllama/llama-7b,dummy-lora-7b-rank-128-4,706,11,289.5155285628366
3493,huggyllama/llama-7b,dummy-lora-7b-rank-128-0,617,29,289.62751773341625
3494,huggyllama/llama-7b,dummy-lora-7b-rank-128-4,278,163,289.6292404127526
3495,huggyllama/llama-7b,dummy-lora-7b-rank-128-1,433,12,289.6737668476652
3496,huggyllama/llama-7b,dummy-lora-7b-rank-128-0,913,44,289.8088111733182
3497,huggyllama/llama-7b,dummy-lora-7b-rank-128-4,963,61,289.84574433529406
3498,huggyllama/llama-7b,dummy-lora-7b-rank-128-1,600,29,289.85373561437314
3499,huggyllama/llama-7b,dummy-lora-7b-rank-128-4,915,47,289.85797947008774
3500,huggyllama/llama-7b,dummy-lora-7b-rank-128-0,552,19,289.92210870196453
3501,huggyllama/llama-7b,dummy-lora-7b-rank-128-1,529,43,289.9336481569691
3502,huggyllama/llama-7b,dummy-lora-7b-rank-16-0,554,22,289.9405687477005
3503,huggyllama/llama-7b,dummy-lora-7b-rank-64-0,378,6,289.9960906257671
3504,huggyllama/llama-7b,dummy-lora-7b-rank-128-3,548,17,292.02294241529484
3505,huggyllama/llama-7b,dummy-lora-7b-rank-128-3,554,18,292.1506453571515
3506,huggyllama/llama-7b,dummy-lora-7b-rank-128-0,230,99,292.1711554956693
3507,huggyllama/llama-7b,dummy-lora-7b-rank-8-0,366,38,292.1893383262222
3508,huggyllama/llama-7b,dummy-lora-7b-rank-16-4,704,7,292.2045631985504
3509,huggyllama/llama-7b,dummy-lora-7b-rank-16-1,561,17,292.21903757525376
3510,huggyllama/llama-7b,dummy-lora-7b-rank-8-0,554,20,292.2314661745744
3511,huggyllama/llama-7b,dummy-lora-7b-rank-128-2,525,11,292.3016960762608
3512,huggyllama/llama-7b,dummy-lora-7b-rank-128-0,558,4,292.3834757651287
3513,huggyllama/llama-7b,dummy-lora-7b-rank-128-2,913,44,292.40835962609736
3514,huggyllama/llama-7b,dummy-lora-7b-rank-128-4,240,134,292.4103917948036
3515,huggyllama/llama-7b,dummy-lora-7b-rank-64-0,698,45,292.49932890298174
3516,huggyllama/llama-7b,dummy-lora-7b-rank-8-0,554,153,292.53558457129736
3517,huggyllama/llama-7b,dummy-lora-7b-rank-8-3,562,27,292.59441947385847
3518,huggyllama/llama-7b,dummy-lora-7b-rank-64-3,90,47,292.60753245928004
3519,huggyllama/llama-7b,dummy-lora-7b-rank-8-0,446,237,292.615236850589
3520,huggyllama/llama-7b,dummy-lora-7b-rank-8-4,145,28,292.61660273463514
3521,huggyllama/llama-7b,dummy-lora-7b-rank-8-3,559,20,292.62133532681514
3522,huggyllama/llama-7b,dummy-lora-7b-rank-128-3,685,8,292.6864688509704
3523,huggyllama/llama-7b,dummy-lora-7b-rank-128-3,578,11,292.74985340988195
3524,huggyllama/llama-7b,dummy-lora-7b-rank-128-1,373,49,292.7685712643398
3525,huggyllama/llama-7b,dummy-lora-7b-rank-32-0,552,19,292.77541450946904
3526,huggyllama/llama-7b,dummy-lora-7b-rank-8-3,419,6,292.7877601394927
3527,huggyllama/llama-7b,dummy-lora-7b-rank-128-3,232,36,292.8063168185196
3528,huggyllama/llama-7b,dummy-lora-7b-rank-64-4,311,170,292.8415127755575
3529,huggyllama/llama-7b,dummy-lora-7b-rank-128-1,877,37,292.8548421012078
3530,huggyllama/llama-7b,dummy-lora-7b-rank-16-4,141,56,292.9611067548518
3531,huggyllama/llama-7b,dummy-lora-7b-rank-128-1,300,37,293.1101541982793
3532,huggyllama/llama-7b,dummy-lora-7b-rank-128-1,623,27,293.196106717096
3533,huggyllama/llama-7b,dummy-lora-7b-rank-128-2,819,62,293.20945668516475
3534,huggyllama/llama-7b,dummy-lora-7b-rank-16-4,453,31,293.2871185899436
3535,huggyllama/llama-7b,dummy-lora-7b-rank-128-2,560,19,293.297635159857
3536,huggyllama/llama-7b,dummy-lora-7b-rank-128-2,852,150,293.3212540050471
3537,huggyllama/llama-7b,dummy-lora-7b-rank-128-4,920,105,293.3225616076605
3538,huggyllama/llama-7b,dummy-lora-7b-rank-8-3,200,153,293.36766883289863
3539,huggyllama/llama-7b,dummy-lora-7b-rank-32-0,550,10,293.407934604773
3540,huggyllama/llama-7b,dummy-lora-7b-rank-64-2,287,99,293.4778936795333
3541,huggyllama/llama-7b,dummy-lora-7b-rank-128-0,469,48,293.48692546798026
3542,huggyllama/llama-7b,dummy-lora-7b-rank-128-2,159,121,293.51475994618613
3543,huggyllama/llama-7b,dummy-lora-7b-rank-128-4,82,36,293.5195178731387
3544,huggyllama/llama-7b,dummy-lora-7b-rank-128-0,556,13,293.52372747005904
3545,huggyllama/llama-7b,dummy-lora-7b-rank-64-3,601,18,293.54796009082474
3546,huggyllama/llama-7b,dummy-lora-7b-rank-64-0,557,58,293.59081061403174
3547,huggyllama/llama-7b,dummy-lora-7b-rank-128-0,705,37,293.608119602889
3548,huggyllama/llama-7b,dummy-lora-7b-rank-8-2,276,41,293.67365014046266
3549,huggyllama/llama-7b,dummy-lora-7b-rank-128-3,211,3,293.75708549930386
3550,huggyllama/llama-7b,dummy-lora-7b-rank-16-3,500,16,293.8592379390404
3551,huggyllama/llama-7b,dummy-lora-7b-rank-8-3,528,36,293.98190561498075
3552,huggyllama/llama-7b,dummy-lora-7b-rank-64-1,433,44,296.01049923204374
3553,huggyllama/llama-7b,dummy-lora-7b-rank-64-2,558,25,296.0835959058816
3554,huggyllama/llama-7b,dummy-lora-7b-rank-128-3,188,12,296.1337053704907
3555,huggyllama/llama-7b,dummy-lora-7b-rank-128-3,562,27,296.1423398887932
3556,huggyllama/llama-7b,dummy-lora-7b-rank-128-2,422,10,296.1792308068572
3557,huggyllama/llama-7b,dummy-lora-7b-rank-8-1,338,40,296.18246336394986
3558,huggyllama/llama-7b,dummy-lora-7b-rank-16-2,378,60,296.20826075869326
3559,huggyllama/llama-7b,dummy-lora-7b-rank-16-3,299,61,296.22980236143036
3560,huggyllama/llama-7b,dummy-lora-7b-rank-128-2,445,59,296.2322218400077
3561,huggyllama/llama-7b,dummy-lora-7b-rank-128-0,206,121,296.26798542919073
3562,huggyllama/llama-7b,dummy-lora-7b-rank-8-3,976,35,296.2909186901853
3563,huggyllama/llama-7b,dummy-lora-7b-rank-128-3,438,51,296.34905172769845
3564,huggyllama/llama-7b,dummy-lora-7b-rank-128-2,654,29,296.362563488113
3565,huggyllama/llama-7b,dummy-lora-7b-rank-32-1,408,37,296.3868765293727
3566,huggyllama/llama-7b,dummy-lora-7b-rank-32-1,339,53,296.44040687692177
3567,huggyllama/llama-7b,dummy-lora-7b-rank-128-3,478,11,296.4805655646483
3568,huggyllama/llama-7b,dummy-lora-7b-rank-16-1,533,14,296.5758179242538
3569,huggyllama/llama-7b,dummy-lora-7b-rank-128-2,613,20,296.7639450336018
3570,huggyllama/llama-7b,dummy-lora-7b-rank-128-0,460,5,296.77313412231564
3571,huggyllama/llama-7b,dummy-lora-7b-rank-128-1,964,34,296.7780374924713
3572,huggyllama/llama-7b,dummy-lora-7b-rank-64-1,429,52,296.89952865402046
3573,huggyllama/llama-7b,dummy-lora-7b-rank-128-3,429,8,296.942303517879
3574,huggyllama/llama-7b,dummy-lora-7b-rank-128-1,612,34,296.9785643492856
3575,huggyllama/llama-7b,dummy-lora-7b-rank-32-1,560,21,297.0479097738954
3576,huggyllama/llama-7b,dummy-lora-7b-rank-128-0,292,11,297.0557482714097
3577,huggyllama/llama-7b,dummy-lora-7b-rank-128-4,566,29,297.1088212916538
3578,huggyllama/llama-7b,dummy-lora-7b-rank-128-4,110,39,297.1363480971458
3579,huggyllama/llama-7b,dummy-lora-7b-rank-8-3,385,54,297.1796121969895
3580,huggyllama/llama-7b,dummy-lora-7b-rank-64-4,691,6,297.189684122965
3581,huggyllama/llama-7b,dummy-lora-7b-rank-32-2,685,28,297.2127378242554
3582,huggyllama/llama-7b,dummy-lora-7b-rank-128-2,605,20,297.2841438471789
3583,huggyllama/llama-7b,dummy-lora-7b-rank-32-4,183,12,297.2950047632355
3584,huggyllama/llama-7b,dummy-lora-7b-rank-64-4,143,34,297.3363826041854
3585,huggyllama/llama-7b,dummy-lora-7b-rank-128-4,352,54,297.36956537610257
3586,huggyllama/llama-7b,dummy-lora-7b-rank-128-2,79,53,297.44223339538246
3587,huggyllama/llama-7b,dummy-lora-7b-rank-128-3,446,7,297.5061100390024
3588,huggyllama/llama-7b,dummy-lora-7b-rank-64-1,556,21,297.5386945343338
3589,huggyllama/llama-7b,dummy-lora-7b-rank-128-4,292,33,297.60446135744354
3590,huggyllama/llama-7b,dummy-lora-7b-rank-128-0,618,27,297.66679105404006
3591,huggyllama/llama-7b,dummy-lora-7b-rank-128-1,364,48,297.67967413679975
3592,huggyllama/llama-7b,dummy-lora-7b-rank-32-1,324,23,297.77521505157273
3593,huggyllama/llama-7b,dummy-lora-7b-rank-16-0,154,73,297.7938378276528
3594,huggyllama/llama-7b,dummy-lora-7b-rank-32-1,556,21,297.8280940570577
3595,huggyllama/llama-7b,dummy-lora-7b-rank-128-4,304,193,297.864528036821
3596,huggyllama/llama-7b,dummy-lora-7b-rank-32-0,460,5,297.8791147784103
3597,huggyllama/llama-7b,dummy-lora-7b-rank-128-3,458,48,297.9025636413295
3598,huggyllama/llama-7b,dummy-lora-7b-rank-8-4,580,16,297.93033543260344
3599,huggyllama/llama-7b,dummy-lora-7b-rank-128-2,389,59,297.9548970349979
3600,huggyllama/llama-7b,dummy-lora-7b-rank-128-1,302,111,300.04573486461305
3601,huggyllama/llama-7b,dummy-lora-7b-rank-128-3,106,57,300.1396830312442
3602,huggyllama/llama-7b,dummy-lora-7b-rank-128-2,361,48,300.1946345226713
3603,huggyllama/llama-7b,dummy-lora-7b-rank-16-3,431,52,300.2263331625687
3604,huggyllama/llama-7b,dummy-lora-7b-rank-128-2,435,53,300.28737537299037
3605,huggyllama/llama-7b,dummy-lora-7b-rank-16-2,482,64,300.3865465169671
3606,huggyllama/llama-7b,dummy-lora-7b-rank-32-1,396,148,300.39140533638044
3607,huggyllama/llama-7b,dummy-lora-7b-rank-128-3,864,50,300.405901274572
3608,huggyllama/llama-7b,dummy-lora-7b-rank-16-0,437,15,300.4271907027359
3609,huggyllama/llama-7b,dummy-lora-7b-rank-128-4,554,11,300.5353310843245
3610,huggyllama/llama-7b,dummy-lora-7b-rank-8-4,552,19,300.5523907142931
3611,huggyllama/llama-7b,dummy-lora-7b-rank-32-4,615,7,300.6844294819397
3612,huggyllama/llama-7b,dummy-lora-7b-rank-8-1,473,159,300.6929042411697
3613,huggyllama/llama-7b,dummy-lora-7b-rank-128-0,432,37,300.69298797221614
3614,huggyllama/llama-7b,dummy-lora-7b-rank-128-4,460,58,300.7217641012328
3615,huggyllama/llama-7b,dummy-lora-7b-rank-128-2,552,19,300.7461531987216
3616,huggyllama/llama-7b,dummy-lora-7b-rank-128-1,816,86,300.8848013866465
3617,huggyllama/llama-7b,dummy-lora-7b-rank-128-1,592,40,300.9830477232519
3618,huggyllama/llama-7b,dummy-lora-7b-rank-16-1,424,48,301.030751571488
3619,huggyllama/llama-7b,dummy-lora-7b-rank-128-1,278,47,301.03230890049
3620,huggyllama/llama-7b,dummy-lora-7b-rank-8-3,579,11,301.04509742240805
3621,huggyllama/llama-7b,dummy-lora-7b-rank-8-2,976,213,301.0598226629794
3622,huggyllama/llama-7b,dummy-lora-7b-rank-128-4,237,45,301.09097454788304
3623,huggyllama/llama-7b,dummy-lora-7b-rank-16-0,792,11,301.1491090565096
3624,huggyllama/llama-7b,dummy-lora-7b-rank-128-3,283,47,301.1515999120054
3625,huggyllama/llama-7b,dummy-lora-7b-rank-64-3,497,83,301.15783327848703
3626,huggyllama/llama-7b,dummy-lora-7b-rank-64-3,316,45,301.20164887108086
3627,huggyllama/llama-7b,dummy-lora-7b-rank-16-4,304,54,301.22940100065256
3628,huggyllama/llama-7b,dummy-lora-7b-rank-64-2,846,3,301.2583323958715
3629,huggyllama/llama-7b,dummy-lora-7b-rank-64-3,388,57,301.29538392031145
3630,huggyllama/llama-7b,dummy-lora-7b-rank-16-0,187,43,301.41108546064225
3631,huggyllama/llama-7b,dummy-lora-7b-rank-128-2,252,47,301.4337540972489
3632,huggyllama/llama-7b,dummy-lora-7b-rank-128-2,340,111,301.5734724511383
3633,huggyllama/llama-7b,dummy-lora-7b-rank-128-4,375,40,301.61641501078304
3634,huggyllama/llama-7b,dummy-lora-7b-rank-16-0,462,8,301.664135124471
3635,huggyllama/llama-7b,dummy-lora-7b-rank-128-3,722,11,301.66472429547474
3636,huggyllama/llama-7b,dummy-lora-7b-rank-64-3,536,101,301.72040119082783
3637,huggyllama/llama-7b,dummy-lora-7b-rank-8-3,580,36,301.7273695983697
3638,huggyllama/llama-7b,dummy-lora-7b-rank-8-3,518,47,301.7604547555404
3639,huggyllama/llama-7b,dummy-lora-7b-rank-128-1,531,84,301.77792593641607
3640,huggyllama/llama-7b,dummy-lora-7b-rank-128-2,588,58,301.82455455110477
3641,huggyllama/llama-7b,dummy-lora-7b-rank-16-1,667,19,301.83325023949914
3642,huggyllama/llama-7b,dummy-lora-7b-rank-128-1,403,46,301.84971897102986
3643,huggyllama/llama-7b,dummy-lora-7b-rank-128-2,576,34,301.8584021382647
3644,huggyllama/llama-7b,dummy-lora-7b-rank-128-3,602,29,301.872796421113
3645,huggyllama/llama-7b,dummy-lora-7b-rank-16-1,103,54,301.8979091382937
3646,huggyllama/llama-7b,dummy-lora-7b-rank-128-3,533,6,301.9338679956131
3647,huggyllama/llama-7b,dummy-lora-7b-rank-8-3,631,32,301.94154374120944
3648,huggyllama/llama-7b,dummy-lora-7b-rank-8-4,869,57,304.01610372997806
3649,huggyllama/llama-7b,dummy-lora-7b-rank-128-2,552,19,304.0411404895125
3650,huggyllama/llama-7b,dummy-lora-7b-rank-16-3,290,129,304.05971569623034
3651,huggyllama/llama-7b,dummy-lora-7b-rank-16-4,645,74,304.1503602373446
3652,huggyllama/llama-7b,dummy-lora-7b-rank-128-2,320,56,304.18502520919185
3653,huggyllama/llama-7b,dummy-lora-7b-rank-16-2,362,44,304.190060283854
3654,huggyllama/llama-7b,dummy-lora-7b-rank-16-1,568,30,304.28867411759774
3655,huggyllama/llama-7b,dummy-lora-7b-rank-64-3,325,120,304.33414555428436
3656,huggyllama/llama-7b,dummy-lora-7b-rank-16-4,548,17,304.34607969497216
3657,huggyllama/llama-7b,dummy-lora-7b-rank-128-0,554,20,304.36942688858426
3658,huggyllama/llama-7b,dummy-lora-7b-rank-128-4,498,10,304.3866312619231
3659,huggyllama/llama-7b,dummy-lora-7b-rank-32-4,623,25,304.49078610785057
3660,huggyllama/llama-7b,dummy-lora-7b-rank-128-0,446,87,304.54878493924684
3661,huggyllama/llama-7b,dummy-lora-7b-rank-32-0,340,34,304.56973987782175
3662,huggyllama/llama-7b,dummy-lora-7b-rank-64-1,540,10,304.5906384364337
3663,huggyllama/llama-7b,dummy-lora-7b-rank-32-3,488,10,304.6176590220554
3664,huggyllama/llama-7b,dummy-lora-7b-rank-32-4,345,50,304.62422256027736
3665,huggyllama/llama-7b,dummy-lora-7b-rank-128-3,465,46,304.63373752058504
3666,huggyllama/llama-7b,dummy-lora-7b-rank-128-4,554,21,304.7028543020268
3667,huggyllama/llama-7b,dummy-lora-7b-rank-128-1,522,33,304.7057450835035
3668,huggyllama/llama-7b,dummy-lora-7b-rank-128-3,427,11,304.752374247239
3669,huggyllama/llama-7b,dummy-lora-7b-rank-128-2,104,39,304.7781748563696
3670,huggyllama/llama-7b,dummy-lora-7b-rank-128-1,196,53,304.8326192591242
3671,huggyllama/llama-7b,dummy-lora-7b-rank-128-0,560,25,304.8922047256589
3672,huggyllama/llama-7b,dummy-lora-7b-rank-8-2,874,35,304.9652449009092
3673,huggyllama/llama-7b,dummy-lora-7b-rank-128-4,568,28,305.01224923671066
3674,huggyllama/llama-7b,dummy-lora-7b-rank-128-2,550,18,305.02537778764855
3675,huggyllama/llama-7b,dummy-lora-7b-rank-16-3,357,9,305.0535801957298
3676,huggyllama/llama-7b,dummy-lora-7b-rank-32-0,592,47,305.1014807940505
3677,huggyllama/llama-7b,dummy-lora-7b-rank-128-2,764,79,305.1259802364973
3678,huggyllama/llama-7b,dummy-lora-7b-rank-128-0,365,58,305.14209089337396
3679,huggyllama/llama-7b,dummy-lora-7b-rank-128-4,293,8,305.25062550195327
3680,huggyllama/llama-7b,dummy-lora-7b-rank-32-1,191,148,305.3123303060113
3681,huggyllama/llama-7b,dummy-lora-7b-rank-128-3,491,45,305.32579762497255
3682,huggyllama/llama-7b,dummy-lora-7b-rank-8-1,562,20,305.3499864951148
3683,huggyllama/llama-7b,dummy-lora-7b-rank-8-3,503,59,305.380678919712
3684,huggyllama/llama-7b,dummy-lora-7b-rank-64-4,564,28,305.40027344378916
3685,huggyllama/llama-7b,dummy-lora-7b-rank-64-0,634,54,305.41160199329
3686,huggyllama/llama-7b,dummy-lora-7b-rank-16-2,586,36,305.45112128940985
3687,huggyllama/llama-7b,dummy-lora-7b-rank-128-3,768,194,305.45602157128695
3688,huggyllama/llama-7b,dummy-lora-7b-rank-8-1,118,62,305.64366968227006
3689,huggyllama/llama-7b,dummy-lora-7b-rank-128-2,592,3,305.7925890706887
3690,huggyllama/llama-7b,dummy-lora-7b-rank-8-3,554,22,305.81042416990687
3691,huggyllama/llama-7b,dummy-lora-7b-rank-128-0,351,60,305.8122592427851
3692,huggyllama/llama-7b,dummy-lora-7b-rank-128-2,382,10,305.83925706915244
3693,huggyllama/llama-7b,dummy-lora-7b-rank-128-4,548,17,305.8456786777364
3694,huggyllama/llama-7b,dummy-lora-7b-rank-32-3,683,77,305.89898584472616
3695,huggyllama/llama-7b,dummy-lora-7b-rank-128-4,763,39,305.92389611997567
3696,huggyllama/llama-7b,dummy-lora-7b-rank-128-3,852,66,308.0167961327946
3697,huggyllama/llama-7b,dummy-lora-7b-rank-8-4,243,38,308.02775747029074
3698,huggyllama/llama-7b,dummy-lora-7b-rank-64-4,574,17,308.05892578964716
3699,huggyllama/llama-7b,dummy-lora-7b-rank-128-0,938,39,308.0794201154311
3700,huggyllama/llama-7b,dummy-lora-7b-rank-128-3,327,43,308.1717395643353
3701,huggyllama/llama-7b,dummy-lora-7b-rank-32-2,500,203,308.21454442967575
3702,huggyllama/llama-7b,dummy-lora-7b-rank-128-1,400,38,308.22192949429905
3703,huggyllama/llama-7b,dummy-lora-7b-rank-16-4,408,63,308.23181636512044
3704,huggyllama/llama-7b,dummy-lora-7b-rank-128-0,791,10,308.2562536590435
3705,huggyllama/llama-7b,dummy-lora-7b-rank-128-1,552,19,308.27506187357665
3706,huggyllama/llama-7b,dummy-lora-7b-rank-16-1,1016,3,308.3008635583948
3707,huggyllama/llama-7b,dummy-lora-7b-rank-16-4,332,47,308.3379604856256
3708,huggyllama/llama-7b,dummy-lora-7b-rank-128-4,554,22,308.45114511196715
3709,huggyllama/llama-7b,dummy-lora-7b-rank-128-3,314,54,308.47758048626986
3710,huggyllama/llama-7b,dummy-lora-7b-rank-16-4,96,36,308.56998826246627
3711,huggyllama/llama-7b,dummy-lora-7b-rank-32-1,797,3,308.6948879126465
3712,huggyllama/llama-7b,dummy-lora-7b-rank-128-2,339,11,308.7336043526637
3713,huggyllama/llama-7b,dummy-lora-7b-rank-8-1,550,20,308.8055464252998
3714,huggyllama/llama-7b,dummy-lora-7b-rank-16-4,586,36,308.8232838083797
3715,huggyllama/llama-7b,dummy-lora-7b-rank-16-4,125,59,308.85816392451767
3716,huggyllama/llama-7b,dummy-lora-7b-rank-128-4,638,27,308.86289665255384
3717,huggyllama/llama-7b,dummy-lora-7b-rank-128-0,606,29,308.88041375508493
3718,huggyllama/llama-7b,dummy-lora-7b-rank-64-2,705,62,309.0943326872371
3719,huggyllama/llama-7b,dummy-lora-7b-rank-64-0,605,20,309.09881872514933
3720,huggyllama/llama-7b,dummy-lora-7b-rank-128-4,886,12,309.11766318687023
3721,huggyllama/llama-7b,dummy-lora-7b-rank-128-2,150,38,309.13346277361524
3722,huggyllama/llama-7b,dummy-lora-7b-rank-16-0,333,66,309.1488034284541
3723,huggyllama/llama-7b,dummy-lora-7b-rank-64-1,609,22,309.1739516988814
3724,huggyllama/llama-7b,dummy-lora-7b-rank-32-3,678,43,309.17748155393764
3725,huggyllama/llama-7b,dummy-lora-7b-rank-64-1,594,10,309.38027030952185
3726,huggyllama/llama-7b,dummy-lora-7b-rank-32-3,653,16,309.38270645302526
3727,huggyllama/llama-7b,dummy-lora-7b-rank-128-0,552,19,309.40423025946643
3728,huggyllama/llama-7b,dummy-lora-7b-rank-128-3,246,47,309.436841292445
3729,huggyllama/llama-7b,dummy-lora-7b-rank-128-4,1020,87,309.4570751801861
3730,huggyllama/llama-7b,dummy-lora-7b-rank-128-0,615,23,309.53914727833694
3731,huggyllama/llama-7b,dummy-lora-7b-rank-128-2,552,18,309.56109242028856
3732,huggyllama/llama-7b,dummy-lora-7b-rank-32-1,901,11,309.57307523442825
3733,huggyllama/llama-7b,dummy-lora-7b-rank-128-4,508,56,309.60510815213553
3734,huggyllama/llama-7b,dummy-lora-7b-rank-128-4,584,18,309.6093356647431
3735,huggyllama/llama-7b,dummy-lora-7b-rank-128-1,577,38,309.61599553570494
3736,huggyllama/llama-7b,dummy-lora-7b-rank-64-2,563,22,309.82074434585314
3737,huggyllama/llama-7b,dummy-lora-7b-rank-128-0,616,34,309.82388611168903
3738,huggyllama/llama-7b,dummy-lora-7b-rank-128-2,495,54,309.8266038384432
3739,huggyllama/llama-7b,dummy-lora-7b-rank-32-3,612,36,309.8376702687742
3740,huggyllama/llama-7b,dummy-lora-7b-rank-128-4,414,164,309.87878735502716
3741,huggyllama/llama-7b,dummy-lora-7b-rank-128-4,791,13,309.88776543140995
3742,huggyllama/llama-7b,dummy-lora-7b-rank-128-4,81,43,309.91546993872606
3743,huggyllama/llama-7b,dummy-lora-7b-rank-128-0,600,94,309.9691702472745
3744,huggyllama/llama-7b,dummy-lora-7b-rank-128-0,462,55,312.01988744869243
3745,huggyllama/llama-7b,dummy-lora-7b-rank-32-2,249,123,312.04293382658733
3746,huggyllama/llama-7b,dummy-lora-7b-rank-128-3,204,37,312.05786234020644
3747,huggyllama/llama-7b,dummy-lora-7b-rank-128-2,391,103,312.09829860727734
3748,huggyllama/llama-7b,dummy-lora-7b-rank-128-3,355,57,312.10205128229074
3749,huggyllama/llama-7b,dummy-lora-7b-rank-16-4,704,8,312.109271842195
3750,huggyllama/llama-7b,dummy-lora-7b-rank-32-3,449,100,312.15238396725545
3751,huggyllama/llama-7b,dummy-lora-7b-rank-128-2,200,3,312.18893717268486
3752,huggyllama/llama-7b,dummy-lora-7b-rank-8-0,570,28,312.2071526426116
3753,huggyllama/llama-7b,dummy-lora-7b-rank-128-0,943,3,312.3462329349392
3754,huggyllama/llama-7b,dummy-lora-7b-rank-16-1,243,83,312.35709533445987
3755,huggyllama/llama-7b,dummy-lora-7b-rank-128-4,979,53,312.39366727799256
3756,huggyllama/llama-7b,dummy-lora-7b-rank-128-1,457,8,312.4298696743262
3757,huggyllama/llama-7b,dummy-lora-7b-rank-32-1,352,17,312.4873398813907
3758,huggyllama/llama-7b,dummy-lora-7b-rank-16-2,378,47,312.5518858100266
3759,huggyllama/llama-7b,dummy-lora-7b-rank-128-0,516,48,312.57642933625937
3760,huggyllama/llama-7b,dummy-lora-7b-rank-128-3,231,124,312.5959426529009
3761,huggyllama/llama-7b,dummy-lora-7b-rank-128-0,386,179,312.60072354166573
3762,huggyllama/llama-7b,dummy-lora-7b-rank-64-2,180,74,312.68933299787454
3763,huggyllama/llama-7b,dummy-lora-7b-rank-128-1,331,60,312.707155029512
3764,huggyllama/llama-7b,dummy-lora-7b-rank-128-0,407,52,312.71147145297255
3765,huggyllama/llama-7b,dummy-lora-7b-rank-128-3,596,24,312.74962250850564
3766,huggyllama/llama-7b,dummy-lora-7b-rank-128-1,271,50,312.75589050746225
3767,huggyllama/llama-7b,dummy-lora-7b-rank-16-0,612,51,312.79597707688066
3768,huggyllama/llama-7b,dummy-lora-7b-rank-32-3,554,20,312.8107620211303
3769,huggyllama/llama-7b,dummy-lora-7b-rank-128-4,344,10,312.8894501976082
3770,huggyllama/llama-7b,dummy-lora-7b-rank-128-0,615,16,312.8957955974522
3771,huggyllama/llama-7b,dummy-lora-7b-rank-128-2,328,44,312.9086238648024
3772,huggyllama/llama-7b,dummy-lora-7b-rank-8-1,396,151,312.9441073668893
3773,huggyllama/llama-7b,dummy-lora-7b-rank-16-0,377,56,312.9667549484884
3774,huggyllama/llama-7b,dummy-lora-7b-rank-128-3,405,39,313.19992987848497
3775,huggyllama/llama-7b,dummy-lora-7b-rank-16-0,548,17,313.20466492017437
3776,huggyllama/llama-7b,dummy-lora-7b-rank-16-4,474,56,313.2262303848667
3777,huggyllama/llama-7b,dummy-lora-7b-rank-128-1,799,91,313.25322292470236
3778,huggyllama/llama-7b,dummy-lora-7b-rank-64-1,581,12,313.3131408877095
3779,huggyllama/llama-7b,dummy-lora-7b-rank-32-1,566,28,313.4107208264437
3780,huggyllama/llama-7b,dummy-lora-7b-rank-32-3,531,67,313.43976704349944
3781,huggyllama/llama-7b,dummy-lora-7b-rank-8-3,736,68,313.5025038383707
3782,huggyllama/llama-7b,dummy-lora-7b-rank-8-3,556,21,313.58674476918986
3783,huggyllama/llama-7b,dummy-lora-7b-rank-128-1,117,97,313.6146136356102
3784,huggyllama/llama-7b,dummy-lora-7b-rank-64-0,448,48,313.6808724201678
3785,huggyllama/llama-7b,dummy-lora-7b-rank-128-0,560,23,313.7392073955452
3786,huggyllama/llama-7b,dummy-lora-7b-rank-128-4,560,43,313.79214758646486
3787,huggyllama/llama-7b,dummy-lora-7b-rank-128-2,548,17,313.8719760503629
3788,huggyllama/llama-7b,dummy-lora-7b-rank-128-1,554,20,313.90087713709806
3789,huggyllama/llama-7b,dummy-lora-7b-rank-128-0,717,32,313.9297360482762
3790,huggyllama/llama-7b,dummy-lora-7b-rank-128-1,293,76,313.95534348961155
3791,huggyllama/llama-7b,dummy-lora-7b-rank-128-0,627,43,313.9955026803805
3792,huggyllama/llama-7b,dummy-lora-7b-rank-128-1,346,64,316.01160440043867
3793,huggyllama/llama-7b,dummy-lora-7b-rank-128-0,566,26,316.1200333275344
3794,huggyllama/llama-7b,dummy-lora-7b-rank-16-1,470,97,316.18150862080637
3795,huggyllama/llama-7b,dummy-lora-7b-rank-128-0,221,156,316.20470960135157
3796,huggyllama/llama-7b,dummy-lora-7b-rank-16-4,406,11,316.2226460593579
3797,huggyllama/llama-7b,dummy-lora-7b-rank-128-3,192,51,316.4518708769857
3798,huggyllama/llama-7b,dummy-lora-7b-rank-128-4,530,51,316.47354647528874
3799,huggyllama/llama-7b,dummy-lora-7b-rank-16-1,367,44,316.54281511754317
3800,huggyllama/llama-7b,dummy-lora-7b-rank-128-1,622,42,316.62430797718235
3801,huggyllama/llama-7b,dummy-lora-7b-rank-128-1,284,144,316.6576249024552
3802,huggyllama/llama-7b,dummy-lora-7b-rank-128-2,523,50,316.6768721853523
3803,huggyllama/llama-7b,dummy-lora-7b-rank-128-1,281,38,316.83922090640715
3804,huggyllama/llama-7b,dummy-lora-7b-rank-16-2,603,22,316.8568336556222
3805,huggyllama/llama-7b,dummy-lora-7b-rank-64-2,441,100,316.91929394858386
3806,huggyllama/llama-7b,dummy-lora-7b-rank-16-3,953,162,316.932432236736
3807,huggyllama/llama-7b,dummy-lora-7b-rank-16-4,556,22,316.9383200144009
3808,huggyllama/llama-7b,dummy-lora-7b-rank-128-4,856,37,316.9644964649416
3809,huggyllama/llama-7b,dummy-lora-7b-rank-32-2,951,49,317.00883838967184
3810,huggyllama/llama-7b,dummy-lora-7b-rank-16-0,609,8,317.02092371448117
3811,huggyllama/llama-7b,dummy-lora-7b-rank-128-1,351,19,317.1442786181764
3812,huggyllama/llama-7b,dummy-lora-7b-rank-128-4,513,10,317.1794426030783
3813,huggyllama/llama-7b,dummy-lora-7b-rank-32-1,485,56,317.2167800569455
3814,huggyllama/llama-7b,dummy-lora-7b-rank-128-3,173,36,317.22040850099023
3815,huggyllama/llama-7b,dummy-lora-7b-rank-128-3,350,60,317.26203392262914
3816,huggyllama/llama-7b,dummy-lora-7b-rank-128-0,416,42,317.3155069733051
3817,huggyllama/llama-7b,dummy-lora-7b-rank-8-4,586,57,317.3432452653921
3818,huggyllama/llama-7b,dummy-lora-7b-rank-8-1,629,10,317.3434935955725
3819,huggyllama/llama-7b,dummy-lora-7b-rank-8-0,434,55,317.44364558833524
3820,huggyllama/llama-7b,dummy-lora-7b-rank-128-4,550,18,317.4515607202992
3821,huggyllama/llama-7b,dummy-lora-7b-rank-32-2,556,13,317.47919734899034
3822,huggyllama/llama-7b,dummy-lora-7b-rank-128-4,497,31,317.4930928600545
3823,huggyllama/llama-7b,dummy-lora-7b-rank-16-1,920,72,317.5027431924724
3824,huggyllama/llama-7b,dummy-lora-7b-rank-128-1,609,19,317.5124820357083
3825,huggyllama/llama-7b,dummy-lora-7b-rank-128-0,591,7,317.5358193350924
3826,huggyllama/llama-7b,dummy-lora-7b-rank-32-3,948,6,317.5556964222784
3827,huggyllama/llama-7b,dummy-lora-7b-rank-32-3,543,56,317.5683208330088
3828,huggyllama/llama-7b,dummy-lora-7b-rank-128-4,775,10,317.62180576022166
3829,huggyllama/llama-7b,dummy-lora-7b-rank-16-0,953,41,317.6727959654988
3830,huggyllama/llama-7b,dummy-lora-7b-rank-16-4,565,24,317.6747323779398
3831,huggyllama/llama-7b,dummy-lora-7b-rank-8-1,337,7,317.68266063850047
3832,huggyllama/llama-7b,dummy-lora-7b-rank-128-0,550,18,317.69352677920966
3833,huggyllama/llama-7b,dummy-lora-7b-rank-128-3,344,67,317.7409583281864
3834,huggyllama/llama-7b,dummy-lora-7b-rank-128-2,406,38,317.77215732768684
3835,huggyllama/llama-7b,dummy-lora-7b-rank-128-3,349,51,317.8118339971446
3836,huggyllama/llama-7b,dummy-lora-7b-rank-128-1,552,21,317.83176497866515
3837,huggyllama/llama-7b,dummy-lora-7b-rank-128-4,56,49,317.9108348286919
3838,huggyllama/llama-7b,dummy-lora-7b-rank-128-4,550,18,317.9136867637919
3839,huggyllama/llama-7b,dummy-lora-7b-rank-16-2,345,52,317.9827299840943
3840,huggyllama/llama-7b,dummy-lora-7b-rank-128-3,282,78,320.05946307125316
3841,huggyllama/llama-7b,dummy-lora-7b-rank-64-4,366,59,320.14519769320407
3842,huggyllama/llama-7b,dummy-lora-7b-rank-128-1,821,7,320.21393211841496
3843,huggyllama/llama-7b,dummy-lora-7b-rank-128-0,558,21,320.2144355802128
3844,huggyllama/llama-7b,dummy-lora-7b-rank-32-1,605,9,320.22385765788283
3845,huggyllama/llama-7b,dummy-lora-7b-rank-128-2,506,42,320.24272588386185
3846,huggyllama/llama-7b,dummy-lora-7b-rank-8-1,269,54,320.2471511812432
3847,huggyllama/llama-7b,dummy-lora-7b-rank-32-0,623,49,320.2613372825242
3848,huggyllama/llama-7b,dummy-lora-7b-rank-128-2,490,12,320.3281708225249
3849,huggyllama/llama-7b,dummy-lora-7b-rank-64-4,552,11,320.344902731707
3850,huggyllama/llama-7b,dummy-lora-7b-rank-128-4,784,95,320.3626210542858
3851,huggyllama/llama-7b,dummy-lora-7b-rank-64-1,338,48,320.3821077218159
3852,huggyllama/llama-7b,dummy-lora-7b-rank-128-3,582,20,320.39192614368415
3853,huggyllama/llama-7b,dummy-lora-7b-rank-128-2,721,86,320.4172978493582
3854,huggyllama/llama-7b,dummy-lora-7b-rank-32-0,281,62,320.4249163240909
3855,huggyllama/llama-7b,dummy-lora-7b-rank-8-3,423,113,320.48642550398375
3856,huggyllama/llama-7b,dummy-lora-7b-rank-128-0,574,26,320.71777392209447
3857,huggyllama/llama-7b,dummy-lora-7b-rank-128-3,645,15,320.8400144325017
3858,huggyllama/llama-7b,dummy-lora-7b-rank-128-3,582,36,320.84312165653927
3859,huggyllama/llama-7b,dummy-lora-7b-rank-16-4,577,39,320.89496491190476
3860,huggyllama/llama-7b,dummy-lora-7b-rank-128-3,622,169,320.9079323414087
3861,huggyllama/llama-7b,dummy-lora-7b-rank-128-2,314,20,321.05799823036153
3862,huggyllama/llama-7b,dummy-lora-7b-rank-8-4,287,43,321.1361971058956
3863,huggyllama/llama-7b,dummy-lora-7b-rank-128-4,545,10,321.1365850757428
3864,huggyllama/llama-7b,dummy-lora-7b-rank-32-3,379,46,321.17083339638526
3865,huggyllama/llama-7b,dummy-lora-7b-rank-16-2,53,54,321.21430532503496
3866,huggyllama/llama-7b,dummy-lora-7b-rank-128-1,586,19,321.22650899684896
3867,huggyllama/llama-7b,dummy-lora-7b-rank-128-2,558,23,321.26928566976693
3868,huggyllama/llama-7b,dummy-lora-7b-rank-128-2,561,20,321.2735054095681
3869,huggyllama/llama-7b,dummy-lora-7b-rank-8-0,165,59,321.29206697660135
3870,huggyllama/llama-7b,dummy-lora-7b-rank-8-0,554,23,321.3336721989155
3871,huggyllama/llama-7b,dummy-lora-7b-rank-32-4,363,177,321.3682128898315
3872,huggyllama/llama-7b,dummy-lora-7b-rank-16-4,172,66,321.3976639198315
3873,huggyllama/llama-7b,dummy-lora-7b-rank-8-2,474,51,321.412736471968
3874,huggyllama/llama-7b,dummy-lora-7b-rank-32-1,426,47,321.4430712543563
3875,huggyllama/llama-7b,dummy-lora-7b-rank-128-3,402,11,321.45500878497654
3876,huggyllama/llama-7b,dummy-lora-7b-rank-32-1,436,52,321.54677281850303
3877,huggyllama/llama-7b,dummy-lora-7b-rank-128-3,604,54,321.561965829466
3878,huggyllama/llama-7b,dummy-lora-7b-rank-64-4,568,13,321.6051682213267
3879,huggyllama/llama-7b,dummy-lora-7b-rank-8-1,572,198,321.62475652412684
3880,huggyllama/llama-7b,dummy-lora-7b-rank-128-1,554,12,321.66731828476
3881,huggyllama/llama-7b,dummy-lora-7b-rank-128-3,552,19,321.6683676700164
3882,huggyllama/llama-7b,dummy-lora-7b-rank-128-2,263,132,321.68036971544586
3883,huggyllama/llama-7b,dummy-lora-7b-rank-16-4,615,26,321.68266633103923
3884,huggyllama/llama-7b,dummy-lora-7b-rank-64-4,558,14,321.7064594381738
3885,huggyllama/llama-7b,dummy-lora-7b-rank-128-3,377,41,321.72784287133385
3886,huggyllama/llama-7b,dummy-lora-7b-rank-64-1,158,40,321.78570738953414
3887,huggyllama/llama-7b,dummy-lora-7b-rank-128-4,188,119,321.9852345094952
3888,huggyllama/llama-7b,dummy-lora-7b-rank-16-2,507,59,324.0580048896312
3889,huggyllama/llama-7b,dummy-lora-7b-rank-64-4,323,53,324.0642392288475
3890,huggyllama/llama-7b,dummy-lora-7b-rank-128-1,309,7,324.0744161353506
3891,huggyllama/llama-7b,dummy-lora-7b-rank-128-3,668,97,324.13452098928497
3892,huggyllama/llama-7b,dummy-lora-7b-rank-128-2,207,55,324.1456975917671
3893,huggyllama/llama-7b,dummy-lora-7b-rank-32-2,815,52,324.1963473817402
3894,huggyllama/llama-7b,dummy-lora-7b-rank-128-0,427,59,324.22855855919386
3895,huggyllama/llama-7b,dummy-lora-7b-rank-64-3,289,33,324.2334087622881
3896,huggyllama/llama-7b,dummy-lora-7b-rank-128-1,269,45,324.2910433111972
3897,huggyllama/llama-7b,dummy-lora-7b-rank-128-3,238,87,324.30483464031397
3898,huggyllama/llama-7b,dummy-lora-7b-rank-64-4,526,51,324.3094937976134
3899,huggyllama/llama-7b,dummy-lora-7b-rank-16-1,551,64,324.3146011677819
3900,huggyllama/llama-7b,dummy-lora-7b-rank-128-0,939,8,324.35009128847287
3901,huggyllama/llama-7b,dummy-lora-7b-rank-128-2,679,50,324.3504746306509
3902,huggyllama/llama-7b,dummy-lora-7b-rank-128-1,347,63,324.4460994781695
3903,huggyllama/llama-7b,dummy-lora-7b-rank-16-1,411,110,324.47659834664404
3904,huggyllama/llama-7b,dummy-lora-7b-rank-128-4,273,200,324.48975727150446
3905,huggyllama/llama-7b,dummy-lora-7b-rank-128-3,333,74,324.55223207886564
3906,huggyllama/llama-7b,dummy-lora-7b-rank-128-4,305,41,324.5831495128948
3907,huggyllama/llama-7b,dummy-lora-7b-rank-32-2,572,27,324.617013030556
3908,huggyllama/llama-7b,dummy-lora-7b-rank-128-4,580,19,324.76261667424524
3909,huggyllama/llama-7b,dummy-lora-7b-rank-128-3,715,103,324.7927540887713
3910,huggyllama/llama-7b,dummy-lora-7b-rank-64-3,550,18,324.8340681050341
3911,huggyllama/llama-7b,dummy-lora-7b-rank-128-3,546,8,324.8847789271948
3912,huggyllama/llama-7b,dummy-lora-7b-rank-128-0,328,43,324.9446119288721
3913,huggyllama/llama-7b,dummy-lora-7b-rank-128-0,492,72,324.9689441835586
3914,huggyllama/llama-7b,dummy-lora-7b-rank-128-4,554,19,325.0278575046729
3915,huggyllama/llama-7b,dummy-lora-7b-rank-128-1,529,55,325.0861690458493
3916,huggyllama/llama-7b,dummy-lora-7b-rank-128-0,554,20,325.0885409368524
3917,huggyllama/llama-7b,dummy-lora-7b-rank-32-2,193,45,325.093815811281
3918,huggyllama/llama-7b,dummy-lora-7b-rank-128-1,513,10,325.16070653456995
3919,huggyllama/llama-7b,dummy-lora-7b-rank-128-4,398,29,325.1930651886403
3920,huggyllama/llama-7b,dummy-lora-7b-rank-128-1,161,108,325.20356543074223
3921,huggyllama/llama-7b,dummy-lora-7b-rank-8-4,379,98,325.2197710065834
3922,huggyllama/llama-7b,dummy-lora-7b-rank-16-3,103,34,325.2366886349612
3923,huggyllama/llama-7b,dummy-lora-7b-rank-16-3,556,13,325.2513621911684
3924,huggyllama/llama-7b,dummy-lora-7b-rank-32-3,309,12,325.25160635386544
3925,huggyllama/llama-7b,dummy-lora-7b-rank-128-4,265,49,325.3053758895994
3926,huggyllama/llama-7b,dummy-lora-7b-rank-32-0,111,37,325.32752709251673
3927,huggyllama/llama-7b,dummy-lora-7b-rank-128-1,514,67,325.3467672920428
3928,huggyllama/llama-7b,dummy-lora-7b-rank-16-1,720,20,325.391668535108
3929,huggyllama/llama-7b,dummy-lora-7b-rank-32-1,448,37,325.5589269951537
3930,huggyllama/llama-7b,dummy-lora-7b-rank-16-2,603,19,325.6490934453086
3931,huggyllama/llama-7b,dummy-lora-7b-rank-32-1,629,50,325.6995532085274
3932,huggyllama/llama-7b,dummy-lora-7b-rank-8-4,915,215,325.7068420645684
3933,huggyllama/llama-7b,dummy-lora-7b-rank-128-4,257,77,325.8891867227832
3934,huggyllama/llama-7b,dummy-lora-7b-rank-16-3,107,43,325.91019823183814
3935,huggyllama/llama-7b,dummy-lora-7b-rank-8-3,576,31,325.9201335865442
3936,huggyllama/llama-7b,dummy-lora-7b-rank-32-0,619,18,328.040852729054
3937,huggyllama/llama-7b,dummy-lora-7b-rank-64-1,608,14,328.11961566611564
3938,huggyllama/llama-7b,dummy-lora-7b-rank-128-2,571,35,328.15286195427626
3939,huggyllama/llama-7b,dummy-lora-7b-rank-128-2,103,29,328.21692240678715
3940,huggyllama/llama-7b,dummy-lora-7b-rank-128-2,552,19,328.2669611227507
3941,huggyllama/llama-7b,dummy-lora-7b-rank-64-0,945,80,328.2708713520912
3942,huggyllama/llama-7b,dummy-lora-7b-rank-32-3,549,18,328.27373157978445
3943,huggyllama/llama-7b,dummy-lora-7b-rank-128-1,560,22,328.29080037202516
3944,huggyllama/llama-7b,dummy-lora-7b-rank-16-1,355,38,328.33332617923423
3945,huggyllama/llama-7b,dummy-lora-7b-rank-64-3,552,11,328.335561904034
3946,huggyllama/llama-7b,dummy-lora-7b-rank-64-0,378,12,328.36259267787244
3947,huggyllama/llama-7b,dummy-lora-7b-rank-128-0,895,73,328.44435666544695
3948,huggyllama/llama-7b,dummy-lora-7b-rank-64-4,584,3,328.5454869084563
3949,huggyllama/llama-7b,dummy-lora-7b-rank-16-0,180,129,328.66766412498083
3950,huggyllama/llama-7b,dummy-lora-7b-rank-32-4,588,20,328.7051078967327
3951,huggyllama/llama-7b,dummy-lora-7b-rank-128-4,828,46,328.7371722155293
3952,huggyllama/llama-7b,dummy-lora-7b-rank-16-2,602,20,328.8832462695691
3953,huggyllama/llama-7b,dummy-lora-7b-rank-8-0,566,26,328.9529263503981
3954,huggyllama/llama-7b,dummy-lora-7b-rank-128-1,118,64,329.0653603281708
3955,huggyllama/llama-7b,dummy-lora-7b-rank-128-2,396,14,329.08686979899204
3956,huggyllama/llama-7b,dummy-lora-7b-rank-8-2,431,11,329.19627441286735
3957,huggyllama/llama-7b,dummy-lora-7b-rank-64-0,316,48,329.22882017538495
3958,huggyllama/llama-7b,dummy-lora-7b-rank-16-1,225,42,329.2887429875972
3959,huggyllama/llama-7b,dummy-lora-7b-rank-64-3,576,34,329.3351475622171
3960,huggyllama/llama-7b,dummy-lora-7b-rank-16-1,144,74,329.36155066757624
3961,huggyllama/llama-7b,dummy-lora-7b-rank-128-4,782,23,329.3731991088127
3962,huggyllama/llama-7b,dummy-lora-7b-rank-128-2,399,6,329.38456090099385
3963,huggyllama/llama-7b,dummy-lora-7b-rank-64-1,435,35,329.4343158499315
3964,huggyllama/llama-7b,dummy-lora-7b-rank-16-1,578,35,329.46529659568216
3965,huggyllama/llama-7b,dummy-lora-7b-rank-32-2,407,50,329.4729715912762
3966,huggyllama/llama-7b,dummy-lora-7b-rank-128-4,446,57,329.48568371531104
3967,huggyllama/llama-7b,dummy-lora-7b-rank-128-0,548,2,329.52034635022403
3968,huggyllama/llama-7b,dummy-lora-7b-rank-128-1,349,195,329.5666201677719
3969,huggyllama/llama-7b,dummy-lora-7b-rank-128-0,170,46,329.6154799220573
3970,huggyllama/llama-7b,dummy-lora-7b-rank-64-4,581,18,329.70861605051584
3971,huggyllama/llama-7b,dummy-lora-7b-rank-16-1,617,26,329.7634068319637
3972,huggyllama/llama-7b,dummy-lora-7b-rank-32-2,776,78,329.768724358659
3973,huggyllama/llama-7b,dummy-lora-7b-rank-32-0,446,8,329.8248211724218
3974,huggyllama/llama-7b,dummy-lora-7b-rank-128-3,283,63,329.8458174024397
3975,huggyllama/llama-7b,dummy-lora-7b-rank-128-1,312,36,329.86739751775156
3976,huggyllama/llama-7b,dummy-lora-7b-rank-8-4,720,17,329.901993237848
3977,huggyllama/llama-7b,dummy-lora-7b-rank-16-2,552,19,329.9113379368172
3978,huggyllama/llama-7b,dummy-lora-7b-rank-128-1,560,23,329.92025513467104
3979,huggyllama/llama-7b,dummy-lora-7b-rank-32-1,306,5,329.9223801354051
3980,huggyllama/llama-7b,dummy-lora-7b-rank-128-0,482,8,329.9235289956692
3981,huggyllama/llama-7b,dummy-lora-7b-rank-128-3,550,20,329.93330567504586
3982,huggyllama/llama-7b,dummy-lora-7b-rank-128-3,554,20,329.9663737397294
3983,huggyllama/llama-7b,dummy-lora-7b-rank-16-4,313,11,329.9730297975635
3984,huggyllama/llama-7b,dummy-lora-7b-rank-128-4,613,77,332.02775134033214
3985,huggyllama/llama-7b,dummy-lora-7b-rank-32-4,499,45,332.07302435319093
3986,huggyllama/llama-7b,dummy-lora-7b-rank-64-4,260,48,332.1159434612847
3987,huggyllama/llama-7b,dummy-lora-7b-rank-128-0,558,22,332.15831058198944
3988,huggyllama/llama-7b,dummy-lora-7b-rank-128-3,205,38,332.19536222812764
3989,huggyllama/llama-7b,dummy-lora-7b-rank-128-3,548,17,332.2589106025968
3990,huggyllama/llama-7b,dummy-lora-7b-rank-128-2,556,13,332.28614531347216
3991,huggyllama/llama-7b,dummy-lora-7b-rank-128-2,519,68,332.33992345532545
3992,huggyllama/llama-7b,dummy-lora-7b-rank-64-2,550,10,332.40303536254646
3993,huggyllama/llama-7b,dummy-lora-7b-rank-128-1,346,53,332.40472166880124
3994,huggyllama/llama-7b,dummy-lora-7b-rank-128-1,550,10,332.41359070254623
3995,huggyllama/llama-7b,dummy-lora-7b-rank-16-3,578,24,332.4242152270863
3996,huggyllama/llama-7b,dummy-lora-7b-rank-128-1,370,49,332.5551500595371
3997,huggyllama/llama-7b,dummy-lora-7b-rank-32-2,554,22,332.6007244651185
3998,huggyllama/llama-7b,dummy-lora-7b-rank-32-2,715,98,332.6452981758236
3999,huggyllama/llama-7b,dummy-lora-7b-rank-128-2,596,16,332.80664225536856
4000,huggyllama/llama-7b,dummy-lora-7b-rank-64-0,253,51,332.8156072987498
4001,huggyllama/llama-7b,dummy-lora-7b-rank-128-2,227,34,332.82680843650803
4002,huggyllama/llama-7b,dummy-lora-7b-rank-128-1,223,42,332.8484245341014
4003,huggyllama/llama-7b,dummy-lora-7b-rank-8-4,281,49,332.9061693154657
4004,huggyllama/llama-7b,dummy-lora-7b-rank-128-0,576,33,332.926869056329
4005,huggyllama/llama-7b,dummy-lora-7b-rank-128-1,115,67,332.9360364014498
4006,huggyllama/llama-7b,dummy-lora-7b-rank-8-1,396,5,332.9386615101991
4007,huggyllama/llama-7b,dummy-lora-7b-rank-128-1,609,36,333.02082850775156
4008,huggyllama/llama-7b,dummy-lora-7b-rank-16-4,599,13,333.0380630669357
4009,huggyllama/llama-7b,dummy-lora-7b-rank-128-1,880,39,333.0412747789792
4010,huggyllama/llama-7b,dummy-lora-7b-rank-8-2,935,57,333.1521099009638
4011,huggyllama/llama-7b,dummy-lora-7b-rank-8-2,305,41,333.173795536659
4012,huggyllama/llama-7b,dummy-lora-7b-rank-128-2,793,70,333.26364514510334
4013,huggyllama/llama-7b,dummy-lora-7b-rank-16-3,229,56,333.30275456924585
4014,huggyllama/llama-7b,dummy-lora-7b-rank-128-3,6,20,333.35555179365235
4015,huggyllama/llama-7b,dummy-lora-7b-rank-128-4,282,70,333.42286897785175
4016,huggyllama/llama-7b,dummy-lora-7b-rank-16-2,568,27,333.4348578208891
4017,huggyllama/llama-7b,dummy-lora-7b-rank-64-2,564,28,333.7037178974717
4018,huggyllama/llama-7b,dummy-lora-7b-rank-16-4,623,31,333.7087256954254
4019,huggyllama/llama-7b,dummy-lora-7b-rank-16-2,359,68,333.7546483435686
4020,huggyllama/llama-7b,dummy-lora-7b-rank-128-3,684,88,333.76232303601165
4021,huggyllama/llama-7b,dummy-lora-7b-rank-128-0,566,18,333.77146097679014
4022,huggyllama/llama-7b,dummy-lora-7b-rank-128-1,556,8,333.82843153536624
4023,huggyllama/llama-7b,dummy-lora-7b-rank-16-3,243,153,333.8568480326957
4024,huggyllama/llama-7b,dummy-lora-7b-rank-64-1,519,6,333.8684981857809
4025,huggyllama/llama-7b,dummy-lora-7b-rank-32-4,124,19,333.8860155712273
4026,huggyllama/llama-7b,dummy-lora-7b-rank-128-2,558,22,333.9312559878874
4027,huggyllama/llama-7b,dummy-lora-7b-rank-16-4,548,14,333.95701910751626
4028,huggyllama/llama-7b,dummy-lora-7b-rank-16-0,340,50,333.95794598697194
4029,huggyllama/llama-7b,dummy-lora-7b-rank-128-2,290,48,333.9624860753583
4030,huggyllama/llama-7b,dummy-lora-7b-rank-128-1,738,16,333.97266483969884
4031,huggyllama/llama-7b,dummy-lora-7b-rank-128-4,479,40,333.9971680025216
4032,huggyllama/llama-7b,dummy-lora-7b-rank-128-2,630,115,336.0629947942643
4033,huggyllama/llama-7b,dummy-lora-7b-rank-32-3,654,37,336.1521562361537
4034,huggyllama/llama-7b,dummy-lora-7b-rank-128-2,275,44,336.18726503254027
4035,huggyllama/llama-7b,dummy-lora-7b-rank-8-4,398,90,336.2590523940806
4036,huggyllama/llama-7b,dummy-lora-7b-rank-32-4,308,81,336.26053101248414
4037,huggyllama/llama-7b,dummy-lora-7b-rank-8-0,197,49,336.3371987361577
4038,huggyllama/llama-7b,dummy-lora-7b-rank-64-2,435,71,336.36568954183963
4039,huggyllama/llama-7b,dummy-lora-7b-rank-128-2,225,69,336.4049229310308
4040,huggyllama/llama-7b,dummy-lora-7b-rank-64-4,552,19,336.4128086460254
4041,huggyllama/llama-7b,dummy-lora-7b-rank-128-4,400,65,336.45247413788735
4042,huggyllama/llama-7b,dummy-lora-7b-rank-8-3,394,57,336.4777737621686
4043,huggyllama/llama-7b,dummy-lora-7b-rank-128-0,275,138,336.4800315884986
4044,huggyllama/llama-7b,dummy-lora-7b-rank-128-3,548,17,336.51309098938634
4045,huggyllama/llama-7b,dummy-lora-7b-rank-128-0,554,18,336.5171166572697
4046,huggyllama/llama-7b,dummy-lora-7b-rank-8-3,946,3,336.6330865535594
4047,huggyllama/llama-7b,dummy-lora-7b-rank-32-4,590,42,336.68986190882794
4048,huggyllama/llama-7b,dummy-lora-7b-rank-128-0,648,36,336.7359805119084
4049,huggyllama/llama-7b,dummy-lora-7b-rank-32-3,234,38,336.8563172561329
4050,huggyllama/llama-7b,dummy-lora-7b-rank-64-2,408,31,336.9965462366072
4051,huggyllama/llama-7b,dummy-lora-7b-rank-128-0,313,49,337.0015034492825
4052,huggyllama/llama-7b,dummy-lora-7b-rank-128-4,571,11,337.0833783579988
4053,huggyllama/llama-7b,dummy-lora-7b-rank-8-1,570,4,337.13655841852795
4054,huggyllama/llama-7b,dummy-lora-7b-rank-128-4,804,117,337.15780623743865
4055,huggyllama/llama-7b,dummy-lora-7b-rank-128-3,584,50,337.17758904222217
4056,huggyllama/llama-7b,dummy-lora-7b-rank-128-2,872,77,337.1812353853853
4057,huggyllama/llama-7b,dummy-lora-7b-rank-128-3,627,21,337.1916715704374
4058,huggyllama/llama-7b,dummy-lora-7b-rank-128-2,330,62,337.20165522248203
4059,huggyllama/llama-7b,dummy-lora-7b-rank-8-4,211,118,337.2335714918047
4060,huggyllama/llama-7b,dummy-lora-7b-rank-128-0,128,46,337.31102847251634
4061,huggyllama/llama-7b,dummy-lora-7b-rank-64-2,337,7,337.3879714837267
4062,huggyllama/llama-7b,dummy-lora-7b-rank-128-3,813,35,337.3901117570734
4063,huggyllama/llama-7b,dummy-lora-7b-rank-32-1,590,41,337.42935656686393
4064,huggyllama/llama-7b,dummy-lora-7b-rank-32-4,602,47,337.4373157028166
4065,huggyllama/llama-7b,dummy-lora-7b-rank-128-4,727,37,337.49822991358616
4066,huggyllama/llama-7b,dummy-lora-7b-rank-32-3,349,49,337.5036454340749
4067,huggyllama/llama-7b,dummy-lora-7b-rank-128-0,57,99,337.5128345706907
4068,huggyllama/llama-7b,dummy-lora-7b-rank-128-2,558,22,337.5240596650708
4069,huggyllama/llama-7b,dummy-lora-7b-rank-128-3,505,45,337.5404606412679
4070,huggyllama/llama-7b,dummy-lora-7b-rank-64-1,595,22,337.55829614940313
4071,huggyllama/llama-7b,dummy-lora-7b-rank-32-3,426,35,337.57539713616984
4072,huggyllama/llama-7b,dummy-lora-7b-rank-128-1,603,8,337.6726931757777
4073,huggyllama/llama-7b,dummy-lora-7b-rank-128-3,314,51,337.72631024986083
4074,huggyllama/llama-7b,dummy-lora-7b-rank-128-0,546,2,337.7540107772988
4075,huggyllama/llama-7b,dummy-lora-7b-rank-32-3,311,166,337.78377175051673
4076,huggyllama/llama-7b,dummy-lora-7b-rank-128-2,189,44,337.7847969753636
4077,huggyllama/llama-7b,dummy-lora-7b-rank-128-1,776,75,337.80673826808936
4078,huggyllama/llama-7b,dummy-lora-7b-rank-128-4,351,132,337.82649096617314
4079,huggyllama/llama-7b,dummy-lora-7b-rank-128-1,554,22,337.9127579209247
4080,huggyllama/llama-7b,dummy-lora-7b-rank-32-3,272,48,340.07789223049554
4081,huggyllama/llama-7b,dummy-lora-7b-rank-32-3,382,88,340.1008534533866
4082,huggyllama/llama-7b,dummy-lora-7b-rank-128-3,607,19,340.10092842591206
4083,huggyllama/llama-7b,dummy-lora-7b-rank-64-2,520,54,340.1218796253994
4084,huggyllama/llama-7b,dummy-lora-7b-rank-64-2,402,52,340.12764475736293
4085,huggyllama/llama-7b,dummy-lora-7b-rank-32-2,385,55,340.1719809596457
4086,huggyllama/llama-7b,dummy-lora-7b-rank-8-1,191,39,340.2005538265337
4087,huggyllama/llama-7b,dummy-lora-7b-rank-128-4,473,53,340.20279245028996
4088,huggyllama/llama-7b,dummy-lora-7b-rank-8-4,410,77,340.2077205080876
4089,huggyllama/llama-7b,dummy-lora-7b-rank-128-4,52,49,340.22371898031406
4090,huggyllama/llama-7b,dummy-lora-7b-rank-64-3,477,38,340.2397231303506
4091,huggyllama/llama-7b,dummy-lora-7b-rank-128-4,663,28,340.2617781365971
4092,huggyllama/llama-7b,dummy-lora-7b-rank-16-1,606,19,340.31712094504053
4093,huggyllama/llama-7b,dummy-lora-7b-rank-128-2,415,10,340.3197762551331
4094,huggyllama/llama-7b,dummy-lora-7b-rank-8-0,586,11,340.4372163341414
4095,huggyllama/llama-7b,dummy-lora-7b-rank-128-0,245,56,340.51180220801956
4096,huggyllama/llama-7b,dummy-lora-7b-rank-32-2,548,17,340.57794899661735
4097,huggyllama/llama-7b,dummy-lora-7b-rank-128-1,462,45,340.62002031252155
4098,huggyllama/llama-7b,dummy-lora-7b-rank-8-0,556,19,340.65771216798197
4099,huggyllama/llama-7b,dummy-lora-7b-rank-128-2,448,47,340.68670339474113
4100,huggyllama/llama-7b,dummy-lora-7b-rank-16-2,446,142,340.7368020266393
4101,huggyllama/llama-7b,dummy-lora-7b-rank-128-4,161,140,340.81856648590815
4102,huggyllama/llama-7b,dummy-lora-7b-rank-32-0,451,62,340.84822879300197
4103,huggyllama/llama-7b,dummy-lora-7b-rank-128-3,578,35,340.8570834388647
4104,huggyllama/llama-7b,dummy-lora-7b-rank-64-3,467,51,340.8661887071067
4105,huggyllama/llama-7b,dummy-lora-7b-rank-128-0,508,32,340.86731422413607
4106,huggyllama/llama-7b,dummy-lora-7b-rank-64-4,560,24,340.86745599506963
4107,huggyllama/llama-7b,dummy-lora-7b-rank-128-4,286,42,340.91047998125686
4108,huggyllama/llama-7b,dummy-lora-7b-rank-32-3,173,34,340.9285717659466
4109,huggyllama/llama-7b,dummy-lora-7b-rank-128-1,388,9,340.9963256492373
4110,huggyllama/llama-7b,dummy-lora-7b-rank-8-2,187,42,340.9999273141151
4111,huggyllama/llama-7b,dummy-lora-7b-rank-128-4,366,53,341.14877387887594
4112,huggyllama/llama-7b,dummy-lora-7b-rank-128-3,588,31,341.26857785915007
4113,huggyllama/llama-7b,dummy-lora-7b-rank-8-1,646,64,341.2826630351378
4114,huggyllama/llama-7b,dummy-lora-7b-rank-128-0,420,49,341.3011548353937
4115,huggyllama/llama-7b,dummy-lora-7b-rank-128-2,907,65,341.3150796689434
4116,huggyllama/llama-7b,dummy-lora-7b-rank-128-2,197,142,341.3358474423751
4117,huggyllama/llama-7b,dummy-lora-7b-rank-64-1,611,8,341.3771757678684
4118,huggyllama/llama-7b,dummy-lora-7b-rank-128-2,564,25,341.3863554371969
4119,huggyllama/llama-7b,dummy-lora-7b-rank-16-0,553,82,341.4428553454677
4120,huggyllama/llama-7b,dummy-lora-7b-rank-16-0,300,50,341.5200575330056
4121,huggyllama/llama-7b,dummy-lora-7b-rank-32-1,420,6,341.54010996036806
4122,huggyllama/llama-7b,dummy-lora-7b-rank-8-3,712,34,341.54377679861096
4123,huggyllama/llama-7b,dummy-lora-7b-rank-16-3,361,5,341.595062362062
4124,huggyllama/llama-7b,dummy-lora-7b-rank-32-2,554,20,341.6152814397619
4125,huggyllama/llama-7b,dummy-lora-7b-rank-16-4,564,17,341.63862897166393
4126,huggyllama/llama-7b,dummy-lora-7b-rank-128-2,747,213,341.6561731732795
4127,huggyllama/llama-7b,dummy-lora-7b-rank-64-1,475,10,341.8886168669106
4128,huggyllama/llama-7b,dummy-lora-7b-rank-32-1,618,14,344.0289968741603
4129,huggyllama/llama-7b,dummy-lora-7b-rank-64-1,694,57,344.03594988443973
4130,huggyllama/llama-7b,dummy-lora-7b-rank-128-4,568,27,344.1505276260351
4131,huggyllama/llama-7b,dummy-lora-7b-rank-16-0,620,2,344.1768596640215
4132,huggyllama/llama-7b,dummy-lora-7b-rank-128-3,236,46,344.20737497092574
4133,huggyllama/llama-7b,dummy-lora-7b-rank-128-1,655,6,344.2159097921511
4134,huggyllama/llama-7b,dummy-lora-7b-rank-128-3,329,128,344.30370209100124
4135,huggyllama/llama-7b,dummy-lora-7b-rank-128-3,655,50,344.32846284004734
4136,huggyllama/llama-7b,dummy-lora-7b-rank-128-4,642,5,344.3464128908974
4137,huggyllama/llama-7b,dummy-lora-7b-rank-32-0,554,20,344.35696862905115
4138,huggyllama/llama-7b,dummy-lora-7b-rank-16-4,824,44,344.3588243851189
4139,huggyllama/llama-7b,dummy-lora-7b-rank-128-1,548,17,344.3747354391774
4140,huggyllama/llama-7b,dummy-lora-7b-rank-64-2,404,7,344.39937522672216
4141,huggyllama/llama-7b,dummy-lora-7b-rank-64-0,588,35,344.4639394585799
4142,huggyllama/llama-7b,dummy-lora-7b-rank-64-2,453,57,344.48195853332976
4143,huggyllama/llama-7b,dummy-lora-7b-rank-128-4,420,93,344.75444314475845
4144,huggyllama/llama-7b,dummy-lora-7b-rank-16-4,476,10,344.78223543766603
4145,huggyllama/llama-7b,dummy-lora-7b-rank-32-1,1020,10,344.8079751489462
4146,huggyllama/llama-7b,dummy-lora-7b-rank-128-2,856,71,344.912144766568
4147,huggyllama/llama-7b,dummy-lora-7b-rank-128-2,613,21,344.9847112386063
4148,huggyllama/llama-7b,dummy-lora-7b-rank-128-3,450,48,344.99912121514257
4149,huggyllama/llama-7b,dummy-lora-7b-rank-32-0,558,22,345.0857449265644
4150,huggyllama/llama-7b,dummy-lora-7b-rank-64-1,617,20,345.08775187417183
4151,huggyllama/llama-7b,dummy-lora-7b-rank-128-1,210,55,345.1347840234168
4152,huggyllama/llama-7b,dummy-lora-7b-rank-32-0,401,58,345.2598819517916
4153,huggyllama/llama-7b,dummy-lora-7b-rank-8-1,918,8,345.2642830817926
4154,huggyllama/llama-7b,dummy-lora-7b-rank-128-3,276,153,345.27640700677273
4155,huggyllama/llama-7b,dummy-lora-7b-rank-128-2,370,44,345.27648464492125
4156,huggyllama/llama-7b,dummy-lora-7b-rank-128-1,171,91,345.2979549914547
4157,huggyllama/llama-7b,dummy-lora-7b-rank-128-2,833,91,345.33839141797466
4158,huggyllama/llama-7b,dummy-lora-7b-rank-128-1,359,46,345.3551648934141
4159,huggyllama/llama-7b,dummy-lora-7b-rank-128-4,236,178,345.3875214649648
4160,huggyllama/llama-7b,dummy-lora-7b-rank-128-0,253,216,345.42123279161274
4161,huggyllama/llama-7b,dummy-lora-7b-rank-128-0,730,21,345.46810367036755
4162,huggyllama/llama-7b,dummy-lora-7b-rank-128-2,450,12,345.47810993563417
4163,huggyllama/llama-7b,dummy-lora-7b-rank-64-2,369,67,345.47976515325377
4164,huggyllama/llama-7b,dummy-lora-7b-rank-128-4,297,52,345.5842164193473
4165,huggyllama/llama-7b,dummy-lora-7b-rank-128-3,466,79,345.5915970393095
4166,huggyllama/llama-7b,dummy-lora-7b-rank-128-4,606,30,345.61616267312155
4167,huggyllama/llama-7b,dummy-lora-7b-rank-128-0,431,6,345.6843569862444
4168,huggyllama/llama-7b,dummy-lora-7b-rank-128-4,752,71,345.71587524301776
4169,huggyllama/llama-7b,dummy-lora-7b-rank-16-1,161,19,345.7498228281043
4170,huggyllama/llama-7b,dummy-lora-7b-rank-64-3,174,49,345.7575768099867
4171,huggyllama/llama-7b,dummy-lora-7b-rank-16-0,240,40,345.76610643487777
4172,huggyllama/llama-7b,dummy-lora-7b-rank-64-2,513,255,345.85378251289023
4173,huggyllama/llama-7b,dummy-lora-7b-rank-128-3,293,119,345.9585580853388
4174,huggyllama/llama-7b,dummy-lora-7b-rank-8-3,580,16,345.9650072718146
4175,huggyllama/llama-7b,dummy-lora-7b-rank-128-4,300,68,345.9808161214231
4176,huggyllama/llama-7b,dummy-lora-7b-rank-128-2,315,99,348.0262991741916
4177,huggyllama/llama-7b,dummy-lora-7b-rank-32-0,861,243,348.0288795804805
4178,huggyllama/llama-7b,dummy-lora-7b-rank-8-2,351,38,348.0730627600099
4179,huggyllama/llama-7b,dummy-lora-7b-rank-128-3,139,69,348.08821961716575
4180,huggyllama/llama-7b,dummy-lora-7b-rank-128-4,560,24,348.1809062623948
4181,huggyllama/llama-7b,dummy-lora-7b-rank-64-2,619,88,348.19185606359343
4182,huggyllama/llama-7b,dummy-lora-7b-rank-128-2,774,39,348.24831250933914
4183,huggyllama/llama-7b,dummy-lora-7b-rank-128-1,360,58,348.2994246750003
4184,huggyllama/llama-7b,dummy-lora-7b-rank-64-2,404,9,348.34327122455846
4185,huggyllama/llama-7b,dummy-lora-7b-rank-128-3,452,131,348.34536726764827
4186,huggyllama/llama-7b,dummy-lora-7b-rank-128-0,605,20,348.39756249358516
4187,huggyllama/llama-7b,dummy-lora-7b-rank-128-0,408,77,348.4510003912619
4188,huggyllama/llama-7b,dummy-lora-7b-rank-128-0,421,172,348.4723053236768
4189,huggyllama/llama-7b,dummy-lora-7b-rank-128-3,576,61,348.47605912192654
4190,huggyllama/llama-7b,dummy-lora-7b-rank-128-2,419,9,348.57034089810196
4191,huggyllama/llama-7b,dummy-lora-7b-rank-64-3,651,59,348.5703751274017
4192,huggyllama/llama-7b,dummy-lora-7b-rank-64-2,584,10,348.6344808865321
4193,huggyllama/llama-7b,dummy-lora-7b-rank-128-4,391,40,348.6555162250667
4194,huggyllama/llama-7b,dummy-lora-7b-rank-64-2,133,27,348.6635562177373
4195,huggyllama/llama-7b,dummy-lora-7b-rank-128-3,588,20,348.93979219884034
4196,huggyllama/llama-7b,dummy-lora-7b-rank-16-3,560,14,348.95080609292665
4197,huggyllama/llama-7b,dummy-lora-7b-rank-128-0,233,203,349.00932156234387
4198,huggyllama/llama-7b,dummy-lora-7b-rank-32-3,546,16,349.03417182130994
4199,huggyllama/llama-7b,dummy-lora-7b-rank-128-0,450,64,349.0757365123732
4200,huggyllama/llama-7b,dummy-lora-7b-rank-32-1,621,48,349.08339406727856
4201,huggyllama/llama-7b,dummy-lora-7b-rank-128-4,495,48,349.08446993064007
4202,huggyllama/llama-7b,dummy-lora-7b-rank-128-3,360,41,349.1251438966475
4203,huggyllama/llama-7b,dummy-lora-7b-rank-128-1,603,19,349.18163839467616
4204,huggyllama/llama-7b,dummy-lora-7b-rank-128-2,566,28,349.2072875672487
4205,huggyllama/llama-7b,dummy-lora-7b-rank-128-1,550,16,349.2155464594476
4206,huggyllama/llama-7b,dummy-lora-7b-rank-16-0,590,17,349.22123378481086
4207,huggyllama/llama-7b,dummy-lora-7b-rank-32-1,218,24,349.2561011969605
4208,huggyllama/llama-7b,dummy-lora-7b-rank-16-3,550,18,349.2649035231485
4209,huggyllama/llama-7b,dummy-lora-7b-rank-128-1,479,46,349.3284282840418
4210,huggyllama/llama-7b,dummy-lora-7b-rank-128-1,760,9,349.3306890967096
4211,huggyllama/llama-7b,dummy-lora-7b-rank-128-2,422,46,349.3723376241591
4212,huggyllama/llama-7b,dummy-lora-7b-rank-8-2,554,20,349.4092237878555
4213,huggyllama/llama-7b,dummy-lora-7b-rank-128-4,346,54,349.42636893696994
4214,huggyllama/llama-7b,dummy-lora-7b-rank-16-2,585,10,349.5564788170383
4215,huggyllama/llama-7b,dummy-lora-7b-rank-32-1,438,50,349.564041813135
4216,huggyllama/llama-7b,dummy-lora-7b-rank-16-2,601,18,349.5808992577796
4217,huggyllama/llama-7b,dummy-lora-7b-rank-128-1,739,26,349.6901847485257
4218,huggyllama/llama-7b,dummy-lora-7b-rank-128-3,305,36,349.7109141863183
4219,huggyllama/llama-7b,dummy-lora-7b-rank-128-0,493,12,349.7625045339024
4220,huggyllama/llama-7b,dummy-lora-7b-rank-64-3,385,65,349.7933310588368
4221,huggyllama/llama-7b,dummy-lora-7b-rank-128-0,587,65,349.9541667579665
4222,huggyllama/llama-7b,dummy-lora-7b-rank-16-3,246,48,349.95959988260995
4223,huggyllama/llama-7b,dummy-lora-7b-rank-32-1,635,25,349.96893601695564
4224,huggyllama/llama-7b,dummy-lora-7b-rank-128-4,195,43,352.0637791876676
4225,huggyllama/llama-7b,dummy-lora-7b-rank-128-0,480,55,352.07098312319073
4226,huggyllama/llama-7b,dummy-lora-7b-rank-128-3,121,71,352.07810683916074
4227,huggyllama/llama-7b,dummy-lora-7b-rank-16-0,336,59,352.1273902044739
4228,huggyllama/llama-7b,dummy-lora-7b-rank-32-2,582,35,352.1760151509694
4229,huggyllama/llama-7b,dummy-lora-7b-rank-16-1,516,57,352.18480661799043
4230,huggyllama/llama-7b,dummy-lora-7b-rank-128-2,558,24,352.22225320426884
4231,huggyllama/llama-7b,dummy-lora-7b-rank-128-2,985,68,352.3268888952633
4232,huggyllama/llama-7b,dummy-lora-7b-rank-128-1,597,8,352.3335904120011
4233,huggyllama/llama-7b,dummy-lora-7b-rank-16-2,560,23,352.35556780797674
4234,huggyllama/llama-7b,dummy-lora-7b-rank-128-2,554,22,352.42185098832124
4235,huggyllama/llama-7b,dummy-lora-7b-rank-128-1,552,22,352.42778712799765
4236,huggyllama/llama-7b,dummy-lora-7b-rank-128-4,644,12,352.43295347482785
4237,huggyllama/llama-7b,dummy-lora-7b-rank-8-1,640,85,352.4706458947895
4238,huggyllama/llama-7b,dummy-lora-7b-rank-16-2,522,73,352.49754859403396
4239,huggyllama/llama-7b,dummy-lora-7b-rank-128-0,560,8,352.5260157650926
4240,huggyllama/llama-7b,dummy-lora-7b-rank-128-0,546,16,352.54135614241744
4241,huggyllama/llama-7b,dummy-lora-7b-rank-16-2,564,15,352.5415801820143
4242,huggyllama/llama-7b,dummy-lora-7b-rank-128-4,694,12,352.55904234971035
4243,huggyllama/llama-7b,dummy-lora-7b-rank-128-3,283,53,352.63441980018257
4244,huggyllama/llama-7b,dummy-lora-7b-rank-128-2,559,45,352.7720318371394
4245,huggyllama/llama-7b,dummy-lora-7b-rank-32-1,968,8,352.7723622772546
4246,huggyllama/llama-7b,dummy-lora-7b-rank-16-2,296,38,352.81299109138166
4247,huggyllama/llama-7b,dummy-lora-7b-rank-8-2,627,34,352.91332988405435
4248,huggyllama/llama-7b,dummy-lora-7b-rank-8-0,288,9,352.96675950471234
4249,huggyllama/llama-7b,dummy-lora-7b-rank-64-0,409,17,352.9812904494769
4250,huggyllama/llama-7b,dummy-lora-7b-rank-128-1,688,14,353.0717627215643
4251,huggyllama/llama-7b,dummy-lora-7b-rank-128-0,678,52,353.08578524704376
4252,huggyllama/llama-7b,dummy-lora-7b-rank-128-0,686,10,353.13030570544635
4253,huggyllama/llama-7b,dummy-lora-7b-rank-128-1,308,190,353.21086720496686
4254,huggyllama/llama-7b,dummy-lora-7b-rank-128-4,208,45,353.25994689507564
4255,huggyllama/llama-7b,dummy-lora-7b-rank-32-2,271,51,353.2826693529412
4256,huggyllama/llama-7b,dummy-lora-7b-rank-128-0,129,82,353.2931015356381
4257,huggyllama/llama-7b,dummy-lora-7b-rank-32-0,1014,11,353.29831322886577
4258,huggyllama/llama-7b,dummy-lora-7b-rank-16-2,511,94,353.3959569370166
4259,huggyllama/llama-7b,dummy-lora-7b-rank-16-1,193,37,353.47981432502405
4260,huggyllama/llama-7b,dummy-lora-7b-rank-16-2,251,105,353.4891490441584
4261,huggyllama/llama-7b,dummy-lora-7b-rank-128-0,638,20,353.499776201925
4262,huggyllama/llama-7b,dummy-lora-7b-rank-8-4,554,18,353.56242687868087
4263,huggyllama/llama-7b,dummy-lora-7b-rank-128-2,548,17,353.5883572567118
4264,huggyllama/llama-7b,dummy-lora-7b-rank-128-1,208,48,353.6728960967863
4265,huggyllama/llama-7b,dummy-lora-7b-rank-16-0,301,11,353.6757117494595
4266,huggyllama/llama-7b,dummy-lora-7b-rank-16-3,426,7,353.679602092314
4267,huggyllama/llama-7b,dummy-lora-7b-rank-16-0,573,39,353.6898682058369
4268,huggyllama/llama-7b,dummy-lora-7b-rank-128-3,242,74,353.7203999206877
4269,huggyllama/llama-7b,dummy-lora-7b-rank-32-0,551,10,353.78273241379355
4270,huggyllama/llama-7b,dummy-lora-7b-rank-32-1,605,19,353.9390727083016
4271,huggyllama/llama-7b,dummy-lora-7b-rank-128-1,1009,41,353.97969710436377
4272,huggyllama/llama-7b,dummy-lora-7b-rank-8-4,436,8,356.0455819110929
4273,huggyllama/llama-7b,dummy-lora-7b-rank-128-3,550,20,356.05296294283033
4274,huggyllama/llama-7b,dummy-lora-7b-rank-128-2,858,69,356.12172006805
4275,huggyllama/llama-7b,dummy-lora-7b-rank-32-2,333,46,356.1242446566894
4276,huggyllama/llama-7b,dummy-lora-7b-rank-128-0,69,51,356.1325656570903
4277,huggyllama/llama-7b,dummy-lora-7b-rank-128-0,246,117,356.28126546589357
4278,huggyllama/llama-7b,dummy-lora-7b-rank-128-2,806,3,356.424470500057
4279,huggyllama/llama-7b,dummy-lora-7b-rank-64-1,703,58,356.4510589830512
4280,huggyllama/llama-7b,dummy-lora-7b-rank-64-1,787,7,356.4963243064079
4281,huggyllama/llama-7b,dummy-lora-7b-rank-128-4,604,19,356.51687582355703
4282,huggyllama/llama-7b,dummy-lora-7b-rank-16-3,589,21,356.6582373150605
4283,huggyllama/llama-7b,dummy-lora-7b-rank-128-1,632,61,356.6714835748438
4284,huggyllama/llama-7b,dummy-lora-7b-rank-128-4,138,45,356.71316986049953
4285,huggyllama/llama-7b,dummy-lora-7b-rank-32-4,537,8,356.7176854586078
4286,huggyllama/llama-7b,dummy-lora-7b-rank-128-3,550,18,356.7268827252004
4287,huggyllama/llama-7b,dummy-lora-7b-rank-128-1,421,37,356.7674766501201
4288,huggyllama/llama-7b,dummy-lora-7b-rank-32-1,513,64,356.8106518295937
4289,huggyllama/llama-7b,dummy-lora-7b-rank-128-2,62,100,356.86119310654306
4290,huggyllama/llama-7b,dummy-lora-7b-rank-128-4,133,119,356.90829546373715
4291,huggyllama/llama-7b,dummy-lora-7b-rank-128-2,233,30,356.90873106325466
4292,huggyllama/llama-7b,dummy-lora-7b-rank-128-2,465,12,356.9229646259514
4293,huggyllama/llama-7b,dummy-lora-7b-rank-64-3,357,79,356.94548651406444
4294,huggyllama/llama-7b,dummy-lora-7b-rank-128-0,551,109,356.9719810052952
4295,huggyllama/llama-7b,dummy-lora-7b-rank-8-0,148,40,357.03056657039326
4296,huggyllama/llama-7b,dummy-lora-7b-rank-128-3,430,38,357.04962275806014
4297,huggyllama/llama-7b,dummy-lora-7b-rank-128-1,279,12,357.08287290282016
4298,huggyllama/llama-7b,dummy-lora-7b-rank-16-4,347,55,357.0994875626158
4299,huggyllama/llama-7b,dummy-lora-7b-rank-128-4,142,120,357.1416326437842
4300,huggyllama/llama-7b,dummy-lora-7b-rank-128-4,209,40,357.14816291716727
4301,huggyllama/llama-7b,dummy-lora-7b-rank-8-2,157,45,357.1835749010056
4302,huggyllama/llama-7b,dummy-lora-7b-rank-128-3,156,112,357.2044136847069
4303,huggyllama/llama-7b,dummy-lora-7b-rank-128-3,548,17,357.2078487816716
4304,huggyllama/llama-7b,dummy-lora-7b-rank-16-3,488,40,357.28711220712313
4305,huggyllama/llama-7b,dummy-lora-7b-rank-8-3,562,22,357.288996042039
4306,huggyllama/llama-7b,dummy-lora-7b-rank-128-3,556,20,357.30673811452783
4307,huggyllama/llama-7b,dummy-lora-7b-rank-32-0,446,51,357.3347451005209
4308,huggyllama/llama-7b,dummy-lora-7b-rank-64-2,501,9,357.3489877186789
4309,huggyllama/llama-7b,dummy-lora-7b-rank-128-3,767,12,357.3783908694669
4310,huggyllama/llama-7b,dummy-lora-7b-rank-8-3,564,27,357.4045997264625
4311,huggyllama/llama-7b,dummy-lora-7b-rank-64-3,137,53,357.5281024705456
4312,huggyllama/llama-7b,dummy-lora-7b-rank-128-0,556,21,357.5937546399046
4313,huggyllama/llama-7b,dummy-lora-7b-rank-16-3,60,110,357.63089191778124
4314,huggyllama/llama-7b,dummy-lora-7b-rank-128-1,354,49,357.66067121005676
4315,huggyllama/llama-7b,dummy-lora-7b-rank-128-1,398,52,357.66245365799773
4316,huggyllama/llama-7b,dummy-lora-7b-rank-8-3,286,49,357.6856580399945
4317,huggyllama/llama-7b,dummy-lora-7b-rank-128-3,988,12,357.810905693571
4318,huggyllama/llama-7b,dummy-lora-7b-rank-8-1,805,106,357.81876807693624
4319,huggyllama/llama-7b,dummy-lora-7b-rank-32-3,402,40,357.89973664201926
4320,huggyllama/llama-7b,dummy-lora-7b-rank-128-2,554,17,360.0941815352304
4321,huggyllama/llama-7b,dummy-lora-7b-rank-64-3,558,24,360.1370341678292
4322,huggyllama/llama-7b,dummy-lora-7b-rank-128-0,597,12,360.1375332096634
4323,huggyllama/llama-7b,dummy-lora-7b-rank-128-1,774,31,360.1684752090287
4324,huggyllama/llama-7b,dummy-lora-7b-rank-128-0,444,8,360.2521688991591
4325,huggyllama/llama-7b,dummy-lora-7b-rank-64-0,209,39,360.2820208617608
4326,huggyllama/llama-7b,dummy-lora-7b-rank-64-1,618,17,360.3609017036493
4327,huggyllama/llama-7b,dummy-lora-7b-rank-64-0,633,43,360.3906945142098
4328,huggyllama/llama-7b,dummy-lora-7b-rank-128-4,611,23,360.5004016469504
4329,huggyllama/llama-7b,dummy-lora-7b-rank-128-3,787,8,360.5388541352456
4330,huggyllama/llama-7b,dummy-lora-7b-rank-16-0,641,7,360.6296111887572
4331,huggyllama/llama-7b,dummy-lora-7b-rank-128-2,193,38,360.6385134569212
4332,huggyllama/llama-7b,dummy-lora-7b-rank-32-3,548,19,360.6468009656068
4333,huggyllama/llama-7b,dummy-lora-7b-rank-128-1,545,68,360.64913091761963
4334,huggyllama/llama-7b,dummy-lora-7b-rank-32-3,464,9,360.6879020432667
4335,huggyllama/llama-7b,dummy-lora-7b-rank-32-3,570,32,360.70213892530234
4336,huggyllama/llama-7b,dummy-lora-7b-rank-128-1,548,17,360.7240782374753
4337,huggyllama/llama-7b,dummy-lora-7b-rank-16-3,189,170,360.74691356752305
4338,huggyllama/llama-7b,dummy-lora-7b-rank-128-4,101,60,360.7634806083715
4339,huggyllama/llama-7b,dummy-lora-7b-rank-128-3,318,7,360.77151221697426
4340,huggyllama/llama-7b,dummy-lora-7b-rank-16-0,430,42,360.85256715000355
4341,huggyllama/llama-7b,dummy-lora-7b-rank-16-2,719,88,360.8798376470959
4342,huggyllama/llama-7b,dummy-lora-7b-rank-16-3,326,3,360.8855614904309
4343,huggyllama/llama-7b,dummy-lora-7b-rank-128-1,536,67,360.9307769888317
4344,huggyllama/llama-7b,dummy-lora-7b-rank-128-0,394,39,361.0728558222664
4345,huggyllama/llama-7b,dummy-lora-7b-rank-64-1,369,40,361.08632621189037
4346,huggyllama/llama-7b,dummy-lora-7b-rank-64-2,580,11,361.1316687292333
4347,huggyllama/llama-7b,dummy-lora-7b-rank-32-4,586,11,361.2020062293256
4348,huggyllama/llama-7b,dummy-lora-7b-rank-64-1,616,57,361.21437245049697
4349,huggyllama/llama-7b,dummy-lora-7b-rank-128-2,619,27,361.2861249319774
4350,huggyllama/llama-7b,dummy-lora-7b-rank-64-1,368,48,361.3171584794697
4351,huggyllama/llama-7b,dummy-lora-7b-rank-128-2,379,204,361.35483681692875
4352,huggyllama/llama-7b,dummy-lora-7b-rank-128-1,524,58,361.41795949967695
4353,huggyllama/llama-7b,dummy-lora-7b-rank-64-0,732,44,361.45475342085535
4354,huggyllama/llama-7b,dummy-lora-7b-rank-8-1,495,50,361.49881289765386
4355,huggyllama/llama-7b,dummy-lora-7b-rank-128-4,647,110,361.5269934734175
4356,huggyllama/llama-7b,dummy-lora-7b-rank-32-2,438,46,361.64937431458765
4357,huggyllama/llama-7b,dummy-lora-7b-rank-64-4,751,94,361.67247991712503
4358,huggyllama/llama-7b,dummy-lora-7b-rank-128-4,562,21,361.7320744463442
4359,huggyllama/llama-7b,dummy-lora-7b-rank-128-3,573,71,361.73982669775654
4360,huggyllama/llama-7b,dummy-lora-7b-rank-128-3,582,19,361.75472233586714
4361,huggyllama/llama-7b,dummy-lora-7b-rank-8-3,551,227,361.7638933605014
4362,huggyllama/llama-7b,dummy-lora-7b-rank-16-3,244,53,361.7646373968804
4363,huggyllama/llama-7b,dummy-lora-7b-rank-8-0,821,47,361.83115582902326
4364,huggyllama/llama-7b,dummy-lora-7b-rank-16-4,117,36,361.83991061454077
4365,huggyllama/llama-7b,dummy-lora-7b-rank-16-2,650,30,361.8519484819966
4366,huggyllama/llama-7b,dummy-lora-7b-rank-128-4,578,32,361.85257551674226
4367,huggyllama/llama-7b,dummy-lora-7b-rank-128-1,317,164,361.9523860340682
4368,huggyllama/llama-7b,dummy-lora-7b-rank-8-0,556,23,364.0186565287592
4369,huggyllama/llama-7b,dummy-lora-7b-rank-16-2,152,45,364.08395498429957
4370,huggyllama/llama-7b,dummy-lora-7b-rank-128-0,285,70,364.15132773733023
4371,huggyllama/llama-7b,dummy-lora-7b-rank-16-2,376,52,364.1666573548061
4372,huggyllama/llama-7b,dummy-lora-7b-rank-128-4,932,3,364.2317948484413
4373,huggyllama/llama-7b,dummy-lora-7b-rank-8-4,635,7,364.24189290425653
4374,huggyllama/llama-7b,dummy-lora-7b-rank-64-0,556,21,364.3857349195129
4375,huggyllama/llama-7b,dummy-lora-7b-rank-128-1,544,15,364.40661556862864
4376,huggyllama/llama-7b,dummy-lora-7b-rank-128-0,493,8,364.4109882383484
4377,huggyllama/llama-7b,dummy-lora-7b-rank-128-0,345,206,364.4582834821371
4378,huggyllama/llama-7b,dummy-lora-7b-rank-128-1,558,19,364.48864545443547
4379,huggyllama/llama-7b,dummy-lora-7b-rank-128-4,578,70,364.58419499299583
4380,huggyllama/llama-7b,dummy-lora-7b-rank-128-2,625,45,364.6322722590908
4381,huggyllama/llama-7b,dummy-lora-7b-rank-8-3,706,98,364.6639027689543
4382,huggyllama/llama-7b,dummy-lora-7b-rank-128-1,554,20,364.69579628556187
4383,huggyllama/llama-7b,dummy-lora-7b-rank-64-2,429,46,364.73193745019137
4384,huggyllama/llama-7b,dummy-lora-7b-rank-32-2,566,22,364.73332625574346
4385,huggyllama/llama-7b,dummy-lora-7b-rank-128-0,364,175,364.8375370744493
4386,huggyllama/llama-7b,dummy-lora-7b-rank-128-3,504,51,364.93107502198905
4387,huggyllama/llama-7b,dummy-lora-7b-rank-8-4,599,17,364.9619979635713
4388,huggyllama/llama-7b,dummy-lora-7b-rank-128-1,605,20,364.99392934950396
4389,huggyllama/llama-7b,dummy-lora-7b-rank-128-3,321,101,364.99493910528815
4390,huggyllama/llama-7b,dummy-lora-7b-rank-128-0,986,3,365.070221202668
4391,huggyllama/llama-7b,dummy-lora-7b-rank-16-1,712,54,365.0859976794535
4392,huggyllama/llama-7b,dummy-lora-7b-rank-128-4,430,67,365.11550274535443
4393,huggyllama/llama-7b,dummy-lora-7b-rank-128-4,439,7,365.1570921866303
4394,huggyllama/llama-7b,dummy-lora-7b-rank-128-3,574,10,365.16139890976837
4395,huggyllama/llama-7b,dummy-lora-7b-rank-16-1,454,50,365.17237646693746
4396,huggyllama/llama-7b,dummy-lora-7b-rank-16-1,554,20,365.18167574625244
4397,huggyllama/llama-7b,dummy-lora-7b-rank-128-2,437,56,365.2152782945517
4398,huggyllama/llama-7b,dummy-lora-7b-rank-128-0,552,11,365.22521816361564
4399,huggyllama/llama-7b,dummy-lora-7b-rank-64-0,412,11,365.2780093475883
4400,huggyllama/llama-7b,dummy-lora-7b-rank-128-1,173,68,365.27801428470354
4401,huggyllama/llama-7b,dummy-lora-7b-rank-64-2,177,27,365.2782199330016
4402,huggyllama/llama-7b,dummy-lora-7b-rank-8-3,211,50,365.2883798614684
4403,huggyllama/llama-7b,dummy-lora-7b-rank-32-1,548,15,365.3098822667275
4404,huggyllama/llama-7b,dummy-lora-7b-rank-16-2,310,82,365.39207722862056
4405,huggyllama/llama-7b,dummy-lora-7b-rank-32-0,750,13,365.5056945826891
4406,huggyllama/llama-7b,dummy-lora-7b-rank-128-0,607,21,365.5313701410166
4407,huggyllama/llama-7b,dummy-lora-7b-rank-128-1,296,60,365.58901359761734
4408,huggyllama/llama-7b,dummy-lora-7b-rank-8-2,86,44,365.6216096647586
4409,huggyllama/llama-7b,dummy-lora-7b-rank-128-0,552,21,365.7297728038317
4410,huggyllama/llama-7b,dummy-lora-7b-rank-128-4,189,47,365.7658003104389
4411,huggyllama/llama-7b,dummy-lora-7b-rank-128-2,432,47,365.86728368644395
4412,huggyllama/llama-7b,dummy-lora-7b-rank-32-0,980,11,365.8949800464857
4413,huggyllama/llama-7b,dummy-lora-7b-rank-128-4,404,199,365.94030812603995
4414,huggyllama/llama-7b,dummy-lora-7b-rank-8-0,462,45,365.97371101471015
4415,huggyllama/llama-7b,dummy-lora-7b-rank-128-3,638,13,365.9908800202485
4416,huggyllama/llama-7b,dummy-lora-7b-rank-32-4,367,45,368.0469177876102
4417,huggyllama/llama-7b,dummy-lora-7b-rank-32-4,271,47,368.14022264940377
4418,huggyllama/llama-7b,dummy-lora-7b-rank-64-0,564,27,368.1948729911486
4419,huggyllama/llama-7b,dummy-lora-7b-rank-128-3,578,25,368.21576495807324
4420,huggyllama/llama-7b,dummy-lora-7b-rank-16-1,562,22,368.2467845442889
4421,huggyllama/llama-7b,dummy-lora-7b-rank-128-2,275,76,368.28178308979375
4422,huggyllama/llama-7b,dummy-lora-7b-rank-128-2,394,114,368.2839635871926
4423,huggyllama/llama-7b,dummy-lora-7b-rank-16-2,307,164,368.30237235259074
4424,huggyllama/llama-7b,dummy-lora-7b-rank-64-2,134,34,368.41151315191405
4425,huggyllama/llama-7b,dummy-lora-7b-rank-64-0,556,21,368.4327367626175
4426,huggyllama/llama-7b,dummy-lora-7b-rank-128-1,584,36,368.4734742255047
4427,huggyllama/llama-7b,dummy-lora-7b-rank-32-4,590,36,368.49831340781304
4428,huggyllama/llama-7b,dummy-lora-7b-rank-128-1,611,24,368.5167412811134
4429,huggyllama/llama-7b,dummy-lora-7b-rank-16-0,277,49,368.5521693349003
4430,huggyllama/llama-7b,dummy-lora-7b-rank-8-3,742,11,368.6455759734156
4431,huggyllama/llama-7b,dummy-lora-7b-rank-128-3,989,101,368.6609993660507
4432,huggyllama/llama-7b,dummy-lora-7b-rank-128-2,644,45,368.6645658716389
4433,huggyllama/llama-7b,dummy-lora-7b-rank-128-4,229,48,368.665134360448
4434,huggyllama/llama-7b,dummy-lora-7b-rank-8-2,383,39,368.75041224651164
4435,huggyllama/llama-7b,dummy-lora-7b-rank-128-3,272,64,368.80240644379325
4436,huggyllama/llama-7b,dummy-lora-7b-rank-64-4,165,46,368.83277121506103
4437,huggyllama/llama-7b,dummy-lora-7b-rank-128-0,144,111,368.83598537304835
4438,huggyllama/llama-7b,dummy-lora-7b-rank-128-0,299,155,368.8585537428147
4439,huggyllama/llama-7b,dummy-lora-7b-rank-8-3,364,32,368.87204608647033
4440,huggyllama/llama-7b,dummy-lora-7b-rank-128-4,457,41,369.00991288388747
4441,huggyllama/llama-7b,dummy-lora-7b-rank-8-0,333,53,369.0372620970422
4442,huggyllama/llama-7b,dummy-lora-7b-rank-128-2,550,8,369.0392750307738
4443,huggyllama/llama-7b,dummy-lora-7b-rank-16-2,317,8,369.08152544721344
4444,huggyllama/llama-7b,dummy-lora-7b-rank-32-3,554,19,369.22655673401823
4445,huggyllama/llama-7b,dummy-lora-7b-rank-32-2,791,60,369.2602247104696
4446,huggyllama/llama-7b,dummy-lora-7b-rank-128-4,544,34,369.29001950975515
4447,huggyllama/llama-7b,dummy-lora-7b-rank-8-0,573,21,369.3016213070195
4448,huggyllama/llama-7b,dummy-lora-7b-rank-64-3,554,22,369.3870774247422
4449,huggyllama/llama-7b,dummy-lora-7b-rank-128-3,206,50,369.49097869302824
4450,huggyllama/llama-7b,dummy-lora-7b-rank-128-2,637,40,369.4914531655008
4451,huggyllama/llama-7b,dummy-lora-7b-rank-128-0,552,19,369.5368017624462
4452,huggyllama/llama-7b,dummy-lora-7b-rank-8-4,548,3,369.5438018396459
4453,huggyllama/llama-7b,dummy-lora-7b-rank-32-4,693,62,369.5438902868381
4454,huggyllama/llama-7b,dummy-lora-7b-rank-128-2,231,96,369.62144142209684
4455,huggyllama/llama-7b,dummy-lora-7b-rank-128-1,911,113,369.7012006999001
4456,huggyllama/llama-7b,dummy-lora-7b-rank-64-4,114,42,369.71244432493233
4457,huggyllama/llama-7b,dummy-lora-7b-rank-8-4,511,151,369.7376626587618
4458,huggyllama/llama-7b,dummy-lora-7b-rank-16-1,546,16,369.77199753438964
4459,huggyllama/llama-7b,dummy-lora-7b-rank-64-2,590,88,369.8910903899791
4460,huggyllama/llama-7b,dummy-lora-7b-rank-128-3,562,24,369.8912400136237
4461,huggyllama/llama-7b,dummy-lora-7b-rank-128-3,760,76,369.89287398094075
4462,huggyllama/llama-7b,dummy-lora-7b-rank-16-1,570,27,369.94319698703384
4463,huggyllama/llama-7b,dummy-lora-7b-rank-128-2,399,51,369.9883500367996
4464,huggyllama/llama-7b,dummy-lora-7b-rank-128-3,780,109,372.05308025521
4465,huggyllama/llama-7b,dummy-lora-7b-rank-32-2,310,41,372.1381357581631
4466,huggyllama/llama-7b,dummy-lora-7b-rank-16-3,900,164,372.1683252760016
4467,huggyllama/llama-7b,dummy-lora-7b-rank-8-4,624,39,372.1757521418109
4468,huggyllama/llama-7b,dummy-lora-7b-rank-128-2,408,10,372.1807038968534
4469,huggyllama/llama-7b,dummy-lora-7b-rank-128-0,454,8,372.2324652039175
4470,huggyllama/llama-7b,dummy-lora-7b-rank-128-4,580,34,372.26347920888594
4471,huggyllama/llama-7b,dummy-lora-7b-rank-128-2,57,100,372.30820840811526
4472,huggyllama/llama-7b,dummy-lora-7b-rank-32-1,384,48,372.3463070264744
4473,huggyllama/llama-7b,dummy-lora-7b-rank-32-4,429,38,372.34779476354066
4474,huggyllama/llama-7b,dummy-lora-7b-rank-128-4,173,84,372.3870283777335
4475,huggyllama/llama-7b,dummy-lora-7b-rank-128-1,552,19,372.39684559313383
4476,huggyllama/llama-7b,dummy-lora-7b-rank-128-3,586,39,372.415862126582
4477,huggyllama/llama-7b,dummy-lora-7b-rank-128-2,502,61,372.4651959736502
4478,huggyllama/llama-7b,dummy-lora-7b-rank-128-0,199,42,372.4800490185471
4479,huggyllama/llama-7b,dummy-lora-7b-rank-128-1,560,23,372.48033212153706
4480,huggyllama/llama-7b,dummy-lora-7b-rank-8-1,554,22,372.50208434054116
4481,huggyllama/llama-7b,dummy-lora-7b-rank-8-2,167,20,372.6377742050907
4482,huggyllama/llama-7b,dummy-lora-7b-rank-128-4,335,9,372.6499923884267
4483,huggyllama/llama-7b,dummy-lora-7b-rank-64-4,99,44,372.6772595765745
4484,huggyllama/llama-7b,dummy-lora-7b-rank-128-4,235,43,372.7059859775337
4485,huggyllama/llama-7b,dummy-lora-7b-rank-128-3,791,87,372.8548433705858
4486,huggyllama/llama-7b,dummy-lora-7b-rank-16-3,321,9,372.85979484260343
4487,huggyllama/llama-7b,dummy-lora-7b-rank-64-2,507,50,372.92985694547286
4488,huggyllama/llama-7b,dummy-lora-7b-rank-128-4,753,12,373.0323156849191
4489,huggyllama/llama-7b,dummy-lora-7b-rank-128-0,996,48,373.23230908361234
4490,huggyllama/llama-7b,dummy-lora-7b-rank-128-4,1013,3,373.28809903682816
4491,huggyllama/llama-7b,dummy-lora-7b-rank-64-1,260,50,373.31595795731687
4492,huggyllama/llama-7b,dummy-lora-7b-rank-128-4,645,12,373.32033961364704
4493,huggyllama/llama-7b,dummy-lora-7b-rank-128-0,501,43,373.370055372854
4494,huggyllama/llama-7b,dummy-lora-7b-rank-16-4,412,75,373.37919925339764
4495,huggyllama/llama-7b,dummy-lora-7b-rank-8-0,871,3,373.396787511409
4496,huggyllama/llama-7b,dummy-lora-7b-rank-32-3,428,68,373.4309979691367
4497,huggyllama/llama-7b,dummy-lora-7b-rank-32-0,576,5,373.45134987591837
4498,huggyllama/llama-7b,dummy-lora-7b-rank-128-4,552,21,373.5027712504826
4499,huggyllama/llama-7b,dummy-lora-7b-rank-64-4,113,34,373.54847753835725
4500,huggyllama/llama-7b,dummy-lora-7b-rank-16-1,552,21,373.5688203014382
4501,huggyllama/llama-7b,dummy-lora-7b-rank-32-3,505,74,373.5908905025612
4502,huggyllama/llama-7b,dummy-lora-7b-rank-64-4,580,4,373.67861447407375
4503,huggyllama/llama-7b,dummy-lora-7b-rank-16-1,559,23,373.72895913394666
4504,huggyllama/llama-7b,dummy-lora-7b-rank-128-2,607,16,373.73290355784644
4505,huggyllama/llama-7b,dummy-lora-7b-rank-8-1,617,45,373.73505056823115
4506,huggyllama/llama-7b,dummy-lora-7b-rank-8-0,236,5,373.7652081399467
4507,huggyllama/llama-7b,dummy-lora-7b-rank-8-4,667,47,373.76608872495837
4508,huggyllama/llama-7b,dummy-lora-7b-rank-128-3,552,83,373.8855496253269
4509,huggyllama/llama-7b,dummy-lora-7b-rank-8-0,222,163,373.88761161961
4510,huggyllama/llama-7b,dummy-lora-7b-rank-128-1,296,47,373.9484489841888
4511,huggyllama/llama-7b,dummy-lora-7b-rank-128-3,572,27,373.9672729016769
4512,huggyllama/llama-7b,dummy-lora-7b-rank-128-1,828,8,376.00894514422794
4513,huggyllama/llama-7b,dummy-lora-7b-rank-16-2,291,7,376.02854496086724
4514,huggyllama/llama-7b,dummy-lora-7b-rank-8-1,125,46,376.0313024585534
4515,huggyllama/llama-7b,dummy-lora-7b-rank-32-0,554,20,376.0773169960477
4516,huggyllama/llama-7b,dummy-lora-7b-rank-128-4,403,43,376.1009362683671
4517,huggyllama/llama-7b,dummy-lora-7b-rank-128-2,712,89,376.1752220040141
4518,huggyllama/llama-7b,dummy-lora-7b-rank-128-2,452,49,376.1809196171784
4519,huggyllama/llama-7b,dummy-lora-7b-rank-16-4,653,57,376.20930769686566
4520,huggyllama/llama-7b,dummy-lora-7b-rank-8-0,138,113,376.2145681556228
4521,huggyllama/llama-7b,dummy-lora-7b-rank-16-4,262,39,376.2147126085456
4522,huggyllama/llama-7b,dummy-lora-7b-rank-128-2,199,54,376.2784716160275
4523,huggyllama/llama-7b,dummy-lora-7b-rank-16-0,562,26,376.31312429137046
4524,huggyllama/llama-7b,dummy-lora-7b-rank-128-0,611,19,376.4007992399309
4525,huggyllama/llama-7b,dummy-lora-7b-rank-16-2,153,55,376.4420121986589
4526,huggyllama/llama-7b,dummy-lora-7b-rank-128-2,192,52,376.50402213851345
4527,huggyllama/llama-7b,dummy-lora-7b-rank-128-0,558,10,376.53637365282964
4528,huggyllama/llama-7b,dummy-lora-7b-rank-32-4,570,26,376.54874870123024
4529,huggyllama/llama-7b,dummy-lora-7b-rank-16-0,396,46,376.5858795206501
4530,huggyllama/llama-7b,dummy-lora-7b-rank-128-1,449,78,376.6357473437558
4531,huggyllama/llama-7b,dummy-lora-7b-rank-16-4,562,24,376.6527548155417
4532,huggyllama/llama-7b,dummy-lora-7b-rank-64-3,554,17,376.67320276045234
4533,huggyllama/llama-7b,dummy-lora-7b-rank-32-3,546,16,376.6741229054052
4534,huggyllama/llama-7b,dummy-lora-7b-rank-128-4,340,54,376.67700822665086
4535,huggyllama/llama-7b,dummy-lora-7b-rank-64-4,299,40,376.68988235779966
4536,huggyllama/llama-7b,dummy-lora-7b-rank-128-4,552,11,376.69355939848555
4537,huggyllama/llama-7b,dummy-lora-7b-rank-128-3,550,18,376.72482095691305
4538,huggyllama/llama-7b,dummy-lora-7b-rank-128-1,552,19,376.8365921433784
4539,huggyllama/llama-7b,dummy-lora-7b-rank-128-1,541,11,376.84078589516236
4540,huggyllama/llama-7b,dummy-lora-7b-rank-8-3,391,36,377.0806968829761
4541,huggyllama/llama-7b,dummy-lora-7b-rank-128-2,174,146,377.1131655186512
4542,huggyllama/llama-7b,dummy-lora-7b-rank-128-4,564,25,377.1157618605934
4543,huggyllama/llama-7b,dummy-lora-7b-rank-32-0,530,46,377.1781525632324
4544,huggyllama/llama-7b,dummy-lora-7b-rank-128-1,551,42,377.2588435519387
4545,huggyllama/llama-7b,dummy-lora-7b-rank-64-1,548,17,377.272309948844
4546,huggyllama/llama-7b,dummy-lora-7b-rank-32-0,722,13,377.274222553986
4547,huggyllama/llama-7b,dummy-lora-7b-rank-128-2,552,21,377.2816812564634
4548,huggyllama/llama-7b,dummy-lora-7b-rank-128-0,556,21,377.3721829993035
4549,huggyllama/llama-7b,dummy-lora-7b-rank-8-1,367,50,377.48003900979006
4550,huggyllama/llama-7b,dummy-lora-7b-rank-128-0,562,26,377.6353461639863
4551,huggyllama/llama-7b,dummy-lora-7b-rank-128-4,229,134,377.653557726208
4552,huggyllama/llama-7b,dummy-lora-7b-rank-64-4,267,6,377.76244737134164
4553,huggyllama/llama-7b,dummy-lora-7b-rank-32-3,623,6,377.78579880908256
4554,huggyllama/llama-7b,dummy-lora-7b-rank-128-4,378,47,377.79418881492177
4555,huggyllama/llama-7b,dummy-lora-7b-rank-128-2,600,7,377.8102882710635
4556,huggyllama/llama-7b,dummy-lora-7b-rank-128-4,480,12,377.8981141680518
4557,huggyllama/llama-7b,dummy-lora-7b-rank-128-2,465,49,377.916254502021
4558,huggyllama/llama-7b,dummy-lora-7b-rank-128-3,562,20,377.93673230957825
4559,huggyllama/llama-7b,dummy-lora-7b-rank-32-1,592,60,377.96780131377955
4560,huggyllama/llama-7b,dummy-lora-7b-rank-64-3,829,136,380.01536878419734
4561,huggyllama/llama-7b,dummy-lora-7b-rank-128-3,724,70,380.02312204662206
4562,huggyllama/llama-7b,dummy-lora-7b-rank-32-3,603,8,380.0308261270281
4563,huggyllama/llama-7b,dummy-lora-7b-rank-128-4,314,37,380.0321270973965
4564,huggyllama/llama-7b,dummy-lora-7b-rank-32-4,550,19,380.0620538563755
4565,huggyllama/llama-7b,dummy-lora-7b-rank-128-0,560,23,380.105612035402
4566,huggyllama/llama-7b,dummy-lora-7b-rank-16-4,350,16,380.1610116644788
4567,huggyllama/llama-7b,dummy-lora-7b-rank-16-1,603,19,380.1814439289631
4568,huggyllama/llama-7b,dummy-lora-7b-rank-128-3,599,17,380.18848683416064
4569,huggyllama/llama-7b,dummy-lora-7b-rank-128-3,304,4,380.2407836707461
4570,huggyllama/llama-7b,dummy-lora-7b-rank-128-4,832,6,380.3845347849741
4571,huggyllama/llama-7b,dummy-lora-7b-rank-128-0,490,9,380.43091036400034
4572,huggyllama/llama-7b,dummy-lora-7b-rank-32-2,323,9,380.4661190747139
4573,huggyllama/llama-7b,dummy-lora-7b-rank-128-0,703,25,380.4909279506063
4574,huggyllama/llama-7b,dummy-lora-7b-rank-16-0,506,44,380.5425394279572
4575,huggyllama/llama-7b,dummy-lora-7b-rank-128-2,255,54,380.5769638074437
4576,huggyllama/llama-7b,dummy-lora-7b-rank-16-0,558,11,380.6779027180308
4577,huggyllama/llama-7b,dummy-lora-7b-rank-32-4,472,105,380.6861288229746
4578,huggyllama/llama-7b,dummy-lora-7b-rank-128-4,267,134,380.69649976827736
4579,huggyllama/llama-7b,dummy-lora-7b-rank-64-2,618,43,380.70575609855194
4580,huggyllama/llama-7b,dummy-lora-7b-rank-64-4,338,56,380.70665013268757
4581,huggyllama/llama-7b,dummy-lora-7b-rank-16-0,368,37,380.7074889181972
4582,huggyllama/llama-7b,dummy-lora-7b-rank-16-0,228,130,380.73074251228934
4583,huggyllama/llama-7b,dummy-lora-7b-rank-32-1,521,59,380.77418312804383
4584,huggyllama/llama-7b,dummy-lora-7b-rank-64-0,576,11,380.77859661494927
4585,huggyllama/llama-7b,dummy-lora-7b-rank-128-1,536,56,380.79953181903386
4586,huggyllama/llama-7b,dummy-lora-7b-rank-128-1,386,52,380.80033189682547
4587,huggyllama/llama-7b,dummy-lora-7b-rank-128-1,553,48,380.86312736600246
4588,huggyllama/llama-7b,dummy-lora-7b-rank-8-4,173,109,380.9126897648932
4589,huggyllama/llama-7b,dummy-lora-7b-rank-8-2,505,29,381.0259671221794
4590,huggyllama/llama-7b,dummy-lora-7b-rank-128-1,619,17,381.15768555676163
4591,huggyllama/llama-7b,dummy-lora-7b-rank-16-3,610,70,381.3022856340555
4592,huggyllama/llama-7b,dummy-lora-7b-rank-128-2,556,21,381.3397049234699
4593,huggyllama/llama-7b,dummy-lora-7b-rank-32-1,544,6,381.3801182504149
4594,huggyllama/llama-7b,dummy-lora-7b-rank-128-3,457,58,381.40417459263057
4595,huggyllama/llama-7b,dummy-lora-7b-rank-64-0,920,10,381.4237222085296
4596,huggyllama/llama-7b,dummy-lora-7b-rank-32-2,458,64,381.4682671661201
4597,huggyllama/llama-7b,dummy-lora-7b-rank-16-2,687,49,381.5221569701372
4598,huggyllama/llama-7b,dummy-lora-7b-rank-128-2,647,92,381.5324575292363
4599,huggyllama/llama-7b,dummy-lora-7b-rank-64-4,494,102,381.53353309532656
4600,huggyllama/llama-7b,dummy-lora-7b-rank-8-2,566,28,381.67878173719043
4601,huggyllama/llama-7b,dummy-lora-7b-rank-128-2,694,55,381.7370536224913
4602,huggyllama/llama-7b,dummy-lora-7b-rank-16-3,449,5,381.7784536058985
4603,huggyllama/llama-7b,dummy-lora-7b-rank-16-3,264,42,381.79878008515914
4604,huggyllama/llama-7b,dummy-lora-7b-rank-64-1,398,38,381.823729330494
4605,huggyllama/llama-7b,dummy-lora-7b-rank-64-2,442,149,381.8254681201489
4606,huggyllama/llama-7b,dummy-lora-7b-rank-64-4,562,27,381.8588341173883
4607,huggyllama/llama-7b,dummy-lora-7b-rank-128-3,214,61,381.92412156725226
4608,huggyllama/llama-7b,dummy-lora-7b-rank-64-3,619,53,384.0006154076403
4609,huggyllama/llama-7b,dummy-lora-7b-rank-128-3,555,78,384.0066678821125
4610,huggyllama/llama-7b,dummy-lora-7b-rank-32-0,830,18,384.0313349981965
4611,huggyllama/llama-7b,dummy-lora-7b-rank-16-2,570,31,384.13517985568427
4612,huggyllama/llama-7b,dummy-lora-7b-rank-128-0,558,17,384.1957957134386
4613,huggyllama/llama-7b,dummy-lora-7b-rank-128-4,306,64,384.19756833608784
4614,huggyllama/llama-7b,dummy-lora-7b-rank-128-2,124,111,384.2586095783572
4615,huggyllama/llama-7b,dummy-lora-7b-rank-16-3,556,23,384.28045575635457
4616,huggyllama/llama-7b,dummy-lora-7b-rank-16-3,556,13,384.30063870052135
4617,huggyllama/llama-7b,dummy-lora-7b-rank-128-2,586,19,384.3549893326535
4618,huggyllama/llama-7b,dummy-lora-7b-rank-8-4,112,70,384.3559075727193
4619,huggyllama/llama-7b,dummy-lora-7b-rank-128-2,594,24,384.3766107731836
4620,huggyllama/llama-7b,dummy-lora-7b-rank-128-2,146,44,384.38909468031386
4621,huggyllama/llama-7b,dummy-lora-7b-rank-128-1,609,22,384.41700925610826
4622,huggyllama/llama-7b,dummy-lora-7b-rank-8-0,648,16,384.4214342028069
4623,huggyllama/llama-7b,dummy-lora-7b-rank-128-2,293,134,384.5024419437286
4624,huggyllama/llama-7b,dummy-lora-7b-rank-8-0,236,48,384.5330084701859
4625,huggyllama/llama-7b,dummy-lora-7b-rank-16-4,568,27,384.5680486601892
4626,huggyllama/llama-7b,dummy-lora-7b-rank-128-4,869,155,384.63957492150536
4627,huggyllama/llama-7b,dummy-lora-7b-rank-8-0,560,21,384.7510209118448
4628,huggyllama/llama-7b,dummy-lora-7b-rank-128-3,479,10,384.77137756552304
4629,huggyllama/llama-7b,dummy-lora-7b-rank-8-0,193,3,384.7727354374737
4630,huggyllama/llama-7b,dummy-lora-7b-rank-8-0,432,8,384.7912511835861
4631,huggyllama/llama-7b,dummy-lora-7b-rank-64-4,374,50,384.7918746615621
4632,huggyllama/llama-7b,dummy-lora-7b-rank-128-4,342,42,384.83056491229087
4633,huggyllama/llama-7b,dummy-lora-7b-rank-128-4,158,115,384.89613869968485
4634,huggyllama/llama-7b,dummy-lora-7b-rank-128-4,611,25,384.9801599778451
4635,huggyllama/llama-7b,dummy-lora-7b-rank-32-0,274,66,385.0060513745771
4636,huggyllama/llama-7b,dummy-lora-7b-rank-16-2,468,48,385.0133951159494
4637,huggyllama/llama-7b,dummy-lora-7b-rank-128-1,107,57,385.049920863091
4638,huggyllama/llama-7b,dummy-lora-7b-rank-32-1,777,11,385.10732934517864
4639,huggyllama/llama-7b,dummy-lora-7b-rank-128-4,346,10,385.12252653856785
4640,huggyllama/llama-7b,dummy-lora-7b-rank-16-3,269,51,385.1692982701596
4641,huggyllama/llama-7b,dummy-lora-7b-rank-8-0,168,40,385.2566245164715
4642,huggyllama/llama-7b,dummy-lora-7b-rank-128-1,313,149,385.296477335452
4643,huggyllama/llama-7b,dummy-lora-7b-rank-128-4,568,29,385.33338502997253
4644,huggyllama/llama-7b,dummy-lora-7b-rank-32-4,970,91,385.41471318409896
4645,huggyllama/llama-7b,dummy-lora-7b-rank-128-3,550,10,385.41826371956796
4646,huggyllama/llama-7b,dummy-lora-7b-rank-8-2,542,9,385.42530965844054
4647,huggyllama/llama-7b,dummy-lora-7b-rank-128-2,560,21,385.5253571041175
4648,huggyllama/llama-7b,dummy-lora-7b-rank-128-0,865,68,385.6214227192127
4649,huggyllama/llama-7b,dummy-lora-7b-rank-32-0,554,20,385.6322248012887
4650,huggyllama/llama-7b,dummy-lora-7b-rank-128-3,246,134,385.64134966828266
4651,huggyllama/llama-7b,dummy-lora-7b-rank-16-3,658,124,385.6664250427011
4652,huggyllama/llama-7b,dummy-lora-7b-rank-128-0,978,38,385.8010855378857
4653,huggyllama/llama-7b,dummy-lora-7b-rank-128-4,548,17,385.801431952795
4654,huggyllama/llama-7b,dummy-lora-7b-rank-8-2,377,139,385.9011912014182
4655,huggyllama/llama-7b,dummy-lora-7b-rank-8-3,483,7,385.99286425416034
4656,huggyllama/llama-7b,dummy-lora-7b-rank-128-4,620,50,388.02818733889876
4657,huggyllama/llama-7b,dummy-lora-7b-rank-64-2,755,36,388.045872457976
4658,huggyllama/llama-7b,dummy-lora-7b-rank-128-2,244,53,388.1128122413805
4659,huggyllama/llama-7b,dummy-lora-7b-rank-64-3,333,9,388.13910484095214
4660,huggyllama/llama-7b,dummy-lora-7b-rank-128-3,237,51,388.16571394993804
4661,huggyllama/llama-7b,dummy-lora-7b-rank-64-1,623,23,388.20859714170615
4662,huggyllama/llama-7b,dummy-lora-7b-rank-128-3,592,41,388.21002311766364
4663,huggyllama/llama-7b,dummy-lora-7b-rank-128-1,399,48,388.2356180815093
4664,huggyllama/llama-7b,dummy-lora-7b-rank-128-4,663,7,388.2935051575328
4665,huggyllama/llama-7b,dummy-lora-7b-rank-128-1,669,5,388.31527943294236
4666,huggyllama/llama-7b,dummy-lora-7b-rank-128-0,51,45,388.37391421209236
4667,huggyllama/llama-7b,dummy-lora-7b-rank-32-0,801,13,388.3882457265713
4668,huggyllama/llama-7b,dummy-lora-7b-rank-128-4,601,28,388.4164957452324
4669,huggyllama/llama-7b,dummy-lora-7b-rank-16-2,568,28,388.498070647111
4670,huggyllama/llama-7b,dummy-lora-7b-rank-128-2,556,21,388.55597334339103
4671,huggyllama/llama-7b,dummy-lora-7b-rank-64-1,216,38,388.6254308873893
4672,huggyllama/llama-7b,dummy-lora-7b-rank-16-4,149,39,388.68885875795394
4673,huggyllama/llama-7b,dummy-lora-7b-rank-128-1,468,8,388.7459286430592
4674,huggyllama/llama-7b,dummy-lora-7b-rank-128-3,685,61,388.76834404161895
4675,huggyllama/llama-7b,dummy-lora-7b-rank-8-1,606,27,388.768525012887
4676,huggyllama/llama-7b,dummy-lora-7b-rank-128-3,313,61,388.9315289371301
4677,huggyllama/llama-7b,dummy-lora-7b-rank-64-0,417,12,388.9516940515232
4678,huggyllama/llama-7b,dummy-lora-7b-rank-32-4,602,2,388.9900955090646
4679,huggyllama/llama-7b,dummy-lora-7b-rank-32-2,299,46,389.05570153117935
4680,huggyllama/llama-7b,dummy-lora-7b-rank-128-1,764,35,389.06076047808807
4681,huggyllama/llama-7b,dummy-lora-7b-rank-128-0,554,22,389.1084388384697
4682,huggyllama/llama-7b,dummy-lora-7b-rank-16-0,552,19,389.1209859728297
4683,huggyllama/llama-7b,dummy-lora-7b-rank-128-1,665,12,389.1471069349549
4684,huggyllama/llama-7b,dummy-lora-7b-rank-8-3,498,56,389.1948465166901
4685,huggyllama/llama-7b,dummy-lora-7b-rank-8-0,802,9,389.326900483726
4686,huggyllama/llama-7b,dummy-lora-7b-rank-16-0,193,44,389.3480107131248
4687,huggyllama/llama-7b,dummy-lora-7b-rank-8-3,370,51,389.37167885476083
4688,huggyllama/llama-7b,dummy-lora-7b-rank-32-1,656,59,389.4596278426449
4689,huggyllama/llama-7b,dummy-lora-7b-rank-128-3,651,9,389.4613693456882
4690,huggyllama/llama-7b,dummy-lora-7b-rank-128-1,156,46,389.51987120565815
4691,huggyllama/llama-7b,dummy-lora-7b-rank-16-0,81,3,389.6041284390656
4692,huggyllama/llama-7b,dummy-lora-7b-rank-32-4,671,138,389.6469334178865
4693,huggyllama/llama-7b,dummy-lora-7b-rank-8-4,592,32,389.70015021721485
4694,huggyllama/llama-7b,dummy-lora-7b-rank-128-4,327,19,389.7283666784376
4695,huggyllama/llama-7b,dummy-lora-7b-rank-128-3,167,37,389.7994268732984
4696,huggyllama/llama-7b,dummy-lora-7b-rank-64-0,258,52,389.8082615453237
4697,huggyllama/llama-7b,dummy-lora-7b-rank-128-1,478,47,389.84018937590156
4698,huggyllama/llama-7b,dummy-lora-7b-rank-32-4,329,64,389.8622229601086
4699,huggyllama/llama-7b,dummy-lora-7b-rank-64-2,596,46,389.9026189142715
4700,huggyllama/llama-7b,dummy-lora-7b-rank-8-2,319,13,389.93255022938325
4701,huggyllama/llama-7b,dummy-lora-7b-rank-32-1,448,12,389.93655464118444
4702,huggyllama/llama-7b,dummy-lora-7b-rank-128-4,588,65,389.95230318815123
4703,huggyllama/llama-7b,dummy-lora-7b-rank-128-3,590,18,389.97740553184184
4704,huggyllama/llama-7b,dummy-lora-7b-rank-128-3,598,40,392.09539253535064
4705,huggyllama/llama-7b,dummy-lora-7b-rank-32-0,187,141,392.1635923271558
4706,huggyllama/llama-7b,dummy-lora-7b-rank-128-0,589,7,392.2373017681767
4707,huggyllama/llama-7b,dummy-lora-7b-rank-64-0,556,21,392.2423473075988
4708,huggyllama/llama-7b,dummy-lora-7b-rank-128-0,486,39,392.2449464354057
4709,huggyllama/llama-7b,dummy-lora-7b-rank-64-4,104,91,392.28426334299616
4710,huggyllama/llama-7b,dummy-lora-7b-rank-8-0,627,8,392.2996449351215
4711,huggyllama/llama-7b,dummy-lora-7b-rank-128-4,407,53,392.3045089415713
4712,huggyllama/llama-7b,dummy-lora-7b-rank-32-1,186,46,392.3176902765103
4713,huggyllama/llama-7b,dummy-lora-7b-rank-32-4,554,12,392.3323738765333
4714,huggyllama/llama-7b,dummy-lora-7b-rank-8-1,905,19,392.3793954150724
4715,huggyllama/llama-7b,dummy-lora-7b-rank-128-2,425,18,392.394817982642
4716,huggyllama/llama-7b,dummy-lora-7b-rank-128-0,736,8,392.41531563057646
4717,huggyllama/llama-7b,dummy-lora-7b-rank-16-2,554,20,392.4172059587264
4718,huggyllama/llama-7b,dummy-lora-7b-rank-128-2,560,11,392.50158818170604
4719,huggyllama/llama-7b,dummy-lora-7b-rank-128-4,544,41,392.51350196059616
4720,huggyllama/llama-7b,dummy-lora-7b-rank-128-3,385,147,392.57333081251994
4721,huggyllama/llama-7b,dummy-lora-7b-rank-32-2,804,10,392.5958162384735
4722,huggyllama/llama-7b,dummy-lora-7b-rank-128-4,602,30,392.62437364086117
4723,huggyllama/llama-7b,dummy-lora-7b-rank-8-3,821,12,392.6470183869238
4724,huggyllama/llama-7b,dummy-lora-7b-rank-16-4,641,93,392.72449553876237
4725,huggyllama/llama-7b,dummy-lora-7b-rank-128-3,763,11,392.73979294814905
4726,huggyllama/llama-7b,dummy-lora-7b-rank-128-2,264,46,392.7878526972542
4727,huggyllama/llama-7b,dummy-lora-7b-rank-128-2,617,8,392.82561510767044
4728,huggyllama/llama-7b,dummy-lora-7b-rank-32-1,321,60,392.86467774243545
4729,huggyllama/llama-7b,dummy-lora-7b-rank-128-4,221,36,392.8982645207532
4730,huggyllama/llama-7b,dummy-lora-7b-rank-128-4,841,136,392.89864810365253
4731,huggyllama/llama-7b,dummy-lora-7b-rank-32-2,546,94,392.90898530675895
4732,huggyllama/llama-7b,dummy-lora-7b-rank-128-1,750,8,392.98793238701535
4733,huggyllama/llama-7b,dummy-lora-7b-rank-8-2,619,6,393.0135431073662
4734,huggyllama/llama-7b,dummy-lora-7b-rank-128-1,144,81,393.0172309025545
4735,huggyllama/llama-7b,dummy-lora-7b-rank-128-0,286,60,393.19936465753966
4736,huggyllama/llama-7b,dummy-lora-7b-rank-128-0,182,140,393.2549736584418
4737,huggyllama/llama-7b,dummy-lora-7b-rank-128-3,211,3,393.2586405324893
4738,huggyllama/llama-7b,dummy-lora-7b-rank-128-1,329,34,393.2885423
4739,huggyllama/llama-7b,dummy-lora-7b-rank-8-2,501,10,393.37787462858046
4740,huggyllama/llama-7b,dummy-lora-7b-rank-64-3,362,139,393.4145987735317
4741,huggyllama/llama-7b,dummy-lora-7b-rank-128-2,325,60,393.46617607661966
4742,huggyllama/llama-7b,dummy-lora-7b-rank-64-2,419,45,393.46909440584614
4743,huggyllama/llama-7b,dummy-lora-7b-rank-128-2,548,17,393.6023133358183
4744,huggyllama/llama-7b,dummy-lora-7b-rank-128-3,558,22,393.6318790058087
4745,huggyllama/llama-7b,dummy-lora-7b-rank-128-4,298,84,393.6927831404671
4746,huggyllama/llama-7b,dummy-lora-7b-rank-64-4,512,46,393.7620003597444
4747,huggyllama/llama-7b,dummy-lora-7b-rank-32-4,672,6,393.8646145869749
4748,huggyllama/llama-7b,dummy-lora-7b-rank-64-2,580,35,393.8716182709114
4749,huggyllama/llama-7b,dummy-lora-7b-rank-128-0,646,70,393.887281095889
4750,huggyllama/llama-7b,dummy-lora-7b-rank-128-1,588,20,393.91649303963794
4751,huggyllama/llama-7b,dummy-lora-7b-rank-128-1,696,135,393.9878941639806
4752,huggyllama/llama-7b,dummy-lora-7b-rank-128-1,572,30,396.01885934994294
4753,huggyllama/llama-7b,dummy-lora-7b-rank-16-4,263,48,396.0331124787448
4754,huggyllama/llama-7b,dummy-lora-7b-rank-128-1,516,55,396.08168367372014
4755,huggyllama/llama-7b,dummy-lora-7b-rank-16-4,230,124,396.08403057974954
4756,huggyllama/llama-7b,dummy-lora-7b-rank-32-1,481,51,396.08593937205086
4757,huggyllama/llama-7b,dummy-lora-7b-rank-128-1,773,22,396.1139386845768
4758,huggyllama/llama-7b,dummy-lora-7b-rank-128-4,179,46,396.12276074028364
4759,huggyllama/llama-7b,dummy-lora-7b-rank-128-4,661,49,396.14192704476585
4760,huggyllama/llama-7b,dummy-lora-7b-rank-8-3,570,28,396.150939488866
4761,huggyllama/llama-7b,dummy-lora-7b-rank-32-4,558,24,396.19660933705705
4762,huggyllama/llama-7b,dummy-lora-7b-rank-128-4,604,20,396.2978291235016
4763,huggyllama/llama-7b,dummy-lora-7b-rank-64-2,94,56,396.514610318256
4764,huggyllama/llama-7b,dummy-lora-7b-rank-8-4,602,12,396.560714334096
4765,huggyllama/llama-7b,dummy-lora-7b-rank-128-3,568,29,396.5997120944335
4766,huggyllama/llama-7b,dummy-lora-7b-rank-32-0,373,52,396.61985241451936
4767,huggyllama/llama-7b,dummy-lora-7b-rank-128-3,548,17,396.6282875697172
4768,huggyllama/llama-7b,dummy-lora-7b-rank-128-1,203,39,396.62963862447697
4769,huggyllama/llama-7b,dummy-lora-7b-rank-64-0,837,135,396.7371833696482
4770,huggyllama/llama-7b,dummy-lora-7b-rank-128-1,558,20,396.7615868088414
4771,huggyllama/llama-7b,dummy-lora-7b-rank-128-3,760,63,396.78711781246335
4772,huggyllama/llama-7b,dummy-lora-7b-rank-128-0,51,43,396.81233007406365
4773,huggyllama/llama-7b,dummy-lora-7b-rank-128-4,506,62,396.81389617508125
4774,huggyllama/llama-7b,dummy-lora-7b-rank-8-3,171,47,396.8439749859062
4775,huggyllama/llama-7b,dummy-lora-7b-rank-16-3,679,8,396.87130749710576
4776,huggyllama/llama-7b,dummy-lora-7b-rank-128-0,596,24,396.8865565284571
4777,huggyllama/llama-7b,dummy-lora-7b-rank-128-3,917,22,396.8909543284252
4778,huggyllama/llama-7b,dummy-lora-7b-rank-8-0,562,26,396.968893485447
4779,huggyllama/llama-7b,dummy-lora-7b-rank-128-2,709,19,397.0125642005873
4780,huggyllama/llama-7b,dummy-lora-7b-rank-128-4,818,117,397.0338727337025
4781,huggyllama/llama-7b,dummy-lora-7b-rank-64-3,275,113,397.0445771978777
4782,huggyllama/llama-7b,dummy-lora-7b-rank-128-0,353,33,397.05191069860695
4783,huggyllama/llama-7b,dummy-lora-7b-rank-128-4,743,16,397.1214573280355
4784,huggyllama/llama-7b,dummy-lora-7b-rank-128-1,478,41,397.20670319543154
4785,huggyllama/llama-7b,dummy-lora-7b-rank-32-3,718,108,397.3148343156906
4786,huggyllama/llama-7b,dummy-lora-7b-rank-128-3,427,60,397.3517515340915
4787,huggyllama/llama-7b,dummy-lora-7b-rank-128-1,603,19,397.36544496640437
4788,huggyllama/llama-7b,dummy-lora-7b-rank-128-1,357,62,397.39468117603633
4789,huggyllama/llama-7b,dummy-lora-7b-rank-128-2,573,65,397.4020531328967
4790,huggyllama/llama-7b,dummy-lora-7b-rank-128-2,562,27,397.4551716491592
4791,huggyllama/llama-7b,dummy-lora-7b-rank-128-2,435,49,397.4777090601144
4792,huggyllama/llama-7b,dummy-lora-7b-rank-64-3,970,43,397.7153203208571
4793,huggyllama/llama-7b,dummy-lora-7b-rank-128-3,558,14,397.75514674304173
4794,huggyllama/llama-7b,dummy-lora-7b-rank-128-1,446,69,397.7694437763591
4795,huggyllama/llama-7b,dummy-lora-7b-rank-32-3,454,35,397.8491303203432
4796,huggyllama/llama-7b,dummy-lora-7b-rank-128-1,99,62,397.86968545983336
4797,huggyllama/llama-7b,dummy-lora-7b-rank-128-4,558,22,397.87785340325246
4798,huggyllama/llama-7b,dummy-lora-7b-rank-16-3,53,56,397.8931891667076
4799,huggyllama/llama-7b,dummy-lora-7b-rank-128-2,552,21,397.9283562913595
4800,huggyllama/llama-7b,dummy-lora-7b-rank-8-2,686,8,400.09130786327165
4801,huggyllama/llama-7b,dummy-lora-7b-rank-16-4,820,33,400.16869848434203
4802,huggyllama/llama-7b,dummy-lora-7b-rank-16-3,393,15,400.23003864517483
4803,huggyllama/llama-7b,dummy-lora-7b-rank-16-4,855,91,400.2344755002121
4804,huggyllama/llama-7b,dummy-lora-7b-rank-16-3,106,52,400.26773787253967
4805,huggyllama/llama-7b,dummy-lora-7b-rank-128-0,548,17,400.3031171731306
4806,huggyllama/llama-7b,dummy-lora-7b-rank-8-2,646,44,400.35450652602634
4807,huggyllama/llama-7b,dummy-lora-7b-rank-16-4,657,26,400.38329136294567
4808,huggyllama/llama-7b,dummy-lora-7b-rank-128-0,334,59,400.39607313604887
4809,huggyllama/llama-7b,dummy-lora-7b-rank-8-0,482,46,400.4191188252498
4810,huggyllama/llama-7b,dummy-lora-7b-rank-32-0,200,32,400.4288083068899
4811,huggyllama/llama-7b,dummy-lora-7b-rank-128-1,560,23,400.4369750995748
4812,huggyllama/llama-7b,dummy-lora-7b-rank-32-1,380,51,400.4385274567165
4813,huggyllama/llama-7b,dummy-lora-7b-rank-8-0,582,36,400.4723633566823
4814,huggyllama/llama-7b,dummy-lora-7b-rank-128-4,613,21,400.5037287704566
4815,huggyllama/llama-7b,dummy-lora-7b-rank-128-1,515,5,400.51593564050665
4816,huggyllama/llama-7b,dummy-lora-7b-rank-32-4,562,12,400.58164584727405
4817,huggyllama/llama-7b,dummy-lora-7b-rank-128-3,554,20,400.6071168240494
4818,huggyllama/llama-7b,dummy-lora-7b-rank-128-4,613,64,400.6343881718995
4819,huggyllama/llama-7b,dummy-lora-7b-rank-128-2,572,29,400.7291620088635
4820,huggyllama/llama-7b,dummy-lora-7b-rank-16-1,619,24,400.74238214015935
4821,huggyllama/llama-7b,dummy-lora-7b-rank-128-0,558,22,400.7475857427111
4822,huggyllama/llama-7b,dummy-lora-7b-rank-16-0,609,21,400.761348687909
4823,huggyllama/llama-7b,dummy-lora-7b-rank-128-2,811,12,400.788523684697
4824,huggyllama/llama-7b,dummy-lora-7b-rank-128-0,258,214,400.84711502694466
4825,huggyllama/llama-7b,dummy-lora-7b-rank-64-4,624,4,400.9786408602734
4826,huggyllama/llama-7b,dummy-lora-7b-rank-128-2,675,127,401.00905246355927
4827,huggyllama/llama-7b,dummy-lora-7b-rank-64-3,256,41,401.0195899533656
4828,huggyllama/llama-7b,dummy-lora-7b-rank-32-4,333,35,401.10804966980055
4829,huggyllama/llama-7b,dummy-lora-7b-rank-128-0,175,39,401.16854923789083
4830,huggyllama/llama-7b,dummy-lora-7b-rank-128-1,590,35,401.2130754589011
4831,huggyllama/llama-7b,dummy-lora-7b-rank-16-3,854,89,401.2144758775617
4832,huggyllama/llama-7b,dummy-lora-7b-rank-8-4,497,8,401.26213855978244
4833,huggyllama/llama-7b,dummy-lora-7b-rank-8-0,195,53,401.26429370790623
4834,huggyllama/llama-7b,dummy-lora-7b-rank-128-3,330,12,401.26460472757964
4835,huggyllama/llama-7b,dummy-lora-7b-rank-128-4,282,47,401.326790528483
4836,huggyllama/llama-7b,dummy-lora-7b-rank-8-1,552,19,401.37639348977257
4837,huggyllama/llama-7b,dummy-lora-7b-rank-16-3,598,30,401.5343466889934
4838,huggyllama/llama-7b,dummy-lora-7b-rank-32-4,759,180,401.58212444198324
4839,huggyllama/llama-7b,dummy-lora-7b-rank-64-4,554,22,401.67611593668227
4840,huggyllama/llama-7b,dummy-lora-7b-rank-16-2,227,40,401.6831439883424
4841,huggyllama/llama-7b,dummy-lora-7b-rank-32-1,311,53,401.73113776139365
4842,huggyllama/llama-7b,dummy-lora-7b-rank-128-2,637,10,401.81190598011864
4843,huggyllama/llama-7b,dummy-lora-7b-rank-16-0,741,14,401.84741416749114
4844,huggyllama/llama-7b,dummy-lora-7b-rank-16-1,726,16,401.84881897013696
4845,huggyllama/llama-7b,dummy-lora-7b-rank-32-2,275,123,401.9019526081103
4846,huggyllama/llama-7b,dummy-lora-7b-rank-64-4,93,43,401.977593825058
4847,huggyllama/llama-7b,dummy-lora-7b-rank-32-3,681,92,401.9810028611618
4848,huggyllama/llama-7b,dummy-lora-7b-rank-128-2,915,5,404.03562988036316
4849,huggyllama/llama-7b,dummy-lora-7b-rank-8-0,612,199,404.0369179973377
4850,huggyllama/llama-7b,dummy-lora-7b-rank-128-2,344,5,404.188942715608
4851,huggyllama/llama-7b,dummy-lora-7b-rank-16-3,406,9,404.19124270909793
4852,huggyllama/llama-7b,dummy-lora-7b-rank-128-0,474,6,404.2019700328132
4853,huggyllama/llama-7b,dummy-lora-7b-rank-128-2,554,20,404.25146335440843
4854,huggyllama/llama-7b,dummy-lora-7b-rank-32-0,552,19,404.31915222249796
4855,huggyllama/llama-7b,dummy-lora-7b-rank-128-0,596,26,404.3352317495524
4856,huggyllama/llama-7b,dummy-lora-7b-rank-64-0,294,152,404.4324179725698
4857,huggyllama/llama-7b,dummy-lora-7b-rank-128-3,408,44,404.43358638661226
4858,huggyllama/llama-7b,dummy-lora-7b-rank-128-0,552,19,404.51500307989784
4859,huggyllama/llama-7b,dummy-lora-7b-rank-64-4,611,8,404.52206094316034
4860,huggyllama/llama-7b,dummy-lora-7b-rank-8-2,402,147,404.53273496310277
4861,huggyllama/llama-7b,dummy-lora-7b-rank-8-4,900,88,404.5692003516474
4862,huggyllama/llama-7b,dummy-lora-7b-rank-128-4,560,2,404.5693829726916
4863,huggyllama/llama-7b,dummy-lora-7b-rank-128-3,560,8,404.5980216970754
4864,huggyllama/llama-7b,dummy-lora-7b-rank-128-4,205,43,404.64871586091675
4865,huggyllama/llama-7b,dummy-lora-7b-rank-16-2,594,44,404.65616662704554
4866,huggyllama/llama-7b,dummy-lora-7b-rank-8-4,399,66,404.6793392284832
4867,huggyllama/llama-7b,dummy-lora-7b-rank-8-4,207,49,404.81554497801557
4868,huggyllama/llama-7b,dummy-lora-7b-rank-128-2,438,7,404.87856286302906
4869,huggyllama/llama-7b,dummy-lora-7b-rank-128-0,1005,222,404.90003257229193
4870,huggyllama/llama-7b,dummy-lora-7b-rank-32-2,660,11,404.9168837128185
4871,huggyllama/llama-7b,dummy-lora-7b-rank-128-1,885,9,404.9250995560634
4872,huggyllama/llama-7b,dummy-lora-7b-rank-16-0,434,52,404.9918448966685
4873,huggyllama/llama-7b,dummy-lora-7b-rank-32-2,775,45,405.0555112537069
4874,huggyllama/llama-7b,dummy-lora-7b-rank-64-3,353,244,405.0705120629828
4875,huggyllama/llama-7b,dummy-lora-7b-rank-128-3,384,77,405.11034412776456
4876,huggyllama/llama-7b,dummy-lora-7b-rank-128-1,373,6,405.18755223088414
4877,huggyllama/llama-7b,dummy-lora-7b-rank-64-3,303,79,405.23052190850876
4878,huggyllama/llama-7b,dummy-lora-7b-rank-128-0,226,44,405.2455394671922
4879,huggyllama/llama-7b,dummy-lora-7b-rank-128-1,318,47,405.28200476675215
4880,huggyllama/llama-7b,dummy-lora-7b-rank-128-0,564,27,405.3198776938978
4881,huggyllama/llama-7b,dummy-lora-7b-rank-64-3,611,8,405.33660807339356
4882,huggyllama/llama-7b,dummy-lora-7b-rank-128-2,836,50,405.4205146091836
4883,huggyllama/llama-7b,dummy-lora-7b-rank-8-1,631,11,405.43903612432706
4884,huggyllama/llama-7b,dummy-lora-7b-rank-128-3,358,44,405.5323981632767
4885,huggyllama/llama-7b,dummy-lora-7b-rank-128-2,305,58,405.5346922515918
4886,huggyllama/llama-7b,dummy-lora-7b-rank-128-3,558,24,405.69017022880143
4887,huggyllama/llama-7b,dummy-lora-7b-rank-16-0,570,30,405.704882324718
4888,huggyllama/llama-7b,dummy-lora-7b-rank-128-1,355,27,405.72063307697033
4889,huggyllama/llama-7b,dummy-lora-7b-rank-128-4,52,47,405.7262489080361
4890,huggyllama/llama-7b,dummy-lora-7b-rank-128-0,465,53,405.76391803016776
4891,huggyllama/llama-7b,dummy-lora-7b-rank-16-0,950,112,405.81856942091287
4892,huggyllama/llama-7b,dummy-lora-7b-rank-32-4,400,85,405.82545823504586
4893,huggyllama/llama-7b,dummy-lora-7b-rank-128-0,592,20,405.9023266702285
4894,huggyllama/llama-7b,dummy-lora-7b-rank-128-4,176,52,405.92105011322775
4895,huggyllama/llama-7b,dummy-lora-7b-rank-128-3,315,50,405.99300909602636
4896,huggyllama/llama-7b,dummy-lora-7b-rank-128-3,159,49,408.07232417024204
4897,huggyllama/llama-7b,dummy-lora-7b-rank-32-4,883,3,408.14879835711673
4898,huggyllama/llama-7b,dummy-lora-7b-rank-128-1,592,21,408.1499083444907
4899,huggyllama/llama-7b,dummy-lora-7b-rank-8-3,785,103,408.2096768823654
4900,huggyllama/llama-7b,dummy-lora-7b-rank-128-4,618,22,408.2725693646292
4901,huggyllama/llama-7b,dummy-lora-7b-rank-16-3,554,20,408.2848315322814
4902,huggyllama/llama-7b,dummy-lora-7b-rank-128-2,581,82,408.2897613776175
4903,huggyllama/llama-7b,dummy-lora-7b-rank-32-1,714,43,408.3095862864944
4904,huggyllama/llama-7b,dummy-lora-7b-rank-128-4,546,16,408.32970067322304
4905,huggyllama/llama-7b,dummy-lora-7b-rank-16-4,791,53,408.37472168760587
4906,huggyllama/llama-7b,dummy-lora-7b-rank-16-4,327,10,408.39827693362594
4907,huggyllama/llama-7b,dummy-lora-7b-rank-128-0,596,49,408.5799262446258
4908,huggyllama/llama-7b,dummy-lora-7b-rank-128-2,576,77,408.598567654728
4909,huggyllama/llama-7b,dummy-lora-7b-rank-128-1,165,121,408.60295362693034
4910,huggyllama/llama-7b,dummy-lora-7b-rank-128-0,573,6,408.74979075222535
4911,huggyllama/llama-7b,dummy-lora-7b-rank-8-4,554,19,408.7890580342473
4912,huggyllama/llama-7b,dummy-lora-7b-rank-16-4,292,63,408.7907736482924
4913,huggyllama/llama-7b,dummy-lora-7b-rank-8-1,416,34,408.8036368790823
4914,huggyllama/llama-7b,dummy-lora-7b-rank-64-2,570,31,408.82614535969174
4915,huggyllama/llama-7b,dummy-lora-7b-rank-8-3,603,21,408.8305291628702
4916,huggyllama/llama-7b,dummy-lora-7b-rank-128-3,325,41,408.8682073876776
4917,huggyllama/llama-7b,dummy-lora-7b-rank-128-2,359,48,408.91569810776275
4918,huggyllama/llama-7b,dummy-lora-7b-rank-128-0,564,24,408.9210865692882
4919,huggyllama/llama-7b,dummy-lora-7b-rank-64-0,510,65,408.9390954316871
4920,huggyllama/llama-7b,dummy-lora-7b-rank-128-0,295,130,408.96504446322194
4921,huggyllama/llama-7b,dummy-lora-7b-rank-128-4,614,69,409.0696206735158
4922,huggyllama/llama-7b,dummy-lora-7b-rank-8-1,826,8,409.0708175364004
4923,huggyllama/llama-7b,dummy-lora-7b-rank-128-2,544,5,409.14870511309044
4924,huggyllama/llama-7b,dummy-lora-7b-rank-8-0,687,9,409.1610871449601
4925,huggyllama/llama-7b,dummy-lora-7b-rank-128-0,465,56,409.19799820676405
4926,huggyllama/llama-7b,dummy-lora-7b-rank-128-0,267,15,409.21064860905943
4927,huggyllama/llama-7b,dummy-lora-7b-rank-8-4,496,5,409.2551917862987
4928,huggyllama/llama-7b,dummy-lora-7b-rank-128-0,357,93,409.32575432179334
4929,huggyllama/llama-7b,dummy-lora-7b-rank-32-4,732,110,409.3505133150104
4930,huggyllama/llama-7b,dummy-lora-7b-rank-16-2,454,48,409.38672762480326
4931,huggyllama/llama-7b,dummy-lora-7b-rank-128-1,100,41,409.3888447665447
4932,huggyllama/llama-7b,dummy-lora-7b-rank-128-4,552,11,409.41855293616413
4933,huggyllama/llama-7b,dummy-lora-7b-rank-64-4,910,47,409.46183609266393
4934,huggyllama/llama-7b,dummy-lora-7b-rank-128-3,465,49,409.60037940114034
4935,huggyllama/llama-7b,dummy-lora-7b-rank-128-2,337,57,409.64826751858527
4936,huggyllama/llama-7b,dummy-lora-7b-rank-8-1,556,21,409.6871755930312
4937,huggyllama/llama-7b,dummy-lora-7b-rank-16-1,383,6,409.732852300748
4938,huggyllama/llama-7b,dummy-lora-7b-rank-128-1,250,48,409.77911491321674
4939,huggyllama/llama-7b,dummy-lora-7b-rank-128-4,556,13,409.7823757915572
4940,huggyllama/llama-7b,dummy-lora-7b-rank-16-0,648,8,409.84692673840146
4941,huggyllama/llama-7b,dummy-lora-7b-rank-8-2,552,11,409.8684336589501
4942,huggyllama/llama-7b,dummy-lora-7b-rank-8-3,496,59,409.97749860574015
4943,huggyllama/llama-7b,dummy-lora-7b-rank-16-2,619,25,409.98728191966273
4944,huggyllama/llama-7b,dummy-lora-7b-rank-128-0,219,41,412.018011995116
4945,huggyllama/llama-7b,dummy-lora-7b-rank-16-2,272,39,412.0420330033538
4946,huggyllama/llama-7b,dummy-lora-7b-rank-128-3,851,122,412.04317681695096
4947,huggyllama/llama-7b,dummy-lora-7b-rank-128-1,434,7,412.0476691616071
4948,huggyllama/llama-7b,dummy-lora-7b-rank-32-4,562,25,412.0511443920433
4949,huggyllama/llama-7b,dummy-lora-7b-rank-128-3,137,36,412.13019801402953
4950,huggyllama/llama-7b,dummy-lora-7b-rank-64-1,599,43,412.1442623521686
4951,huggyllama/llama-7b,dummy-lora-7b-rank-8-1,450,150,412.1725781174277
4952,huggyllama/llama-7b,dummy-lora-7b-rank-128-2,586,16,412.2065753337237
4953,huggyllama/llama-7b,dummy-lora-7b-rank-128-4,701,42,412.3088076687934
4954,huggyllama/llama-7b,dummy-lora-7b-rank-128-3,590,41,412.3624300665377
4955,huggyllama/llama-7b,dummy-lora-7b-rank-128-4,553,55,412.422785122442
4956,huggyllama/llama-7b,dummy-lora-7b-rank-128-3,670,13,412.4232010748061
4957,huggyllama/llama-7b,dummy-lora-7b-rank-128-2,493,63,412.5630895017108
4958,huggyllama/llama-7b,dummy-lora-7b-rank-128-0,627,31,412.6794926170933
4959,huggyllama/llama-7b,dummy-lora-7b-rank-64-0,576,11,412.6859568987762
4960,huggyllama/llama-7b,dummy-lora-7b-rank-16-3,447,85,412.7751759914499
4961,huggyllama/llama-7b,dummy-lora-7b-rank-64-2,546,13,412.7993613288256
4962,huggyllama/llama-7b,dummy-lora-7b-rank-128-1,285,44,412.8295635435267
4963,huggyllama/llama-7b,dummy-lora-7b-rank-32-2,555,22,412.8335844437122
4964,huggyllama/llama-7b,dummy-lora-7b-rank-16-0,213,158,412.8782516158059
4965,huggyllama/llama-7b,dummy-lora-7b-rank-8-2,617,10,412.9456402935012
4966,huggyllama/llama-7b,dummy-lora-7b-rank-16-2,583,41,412.9656333293348
4967,huggyllama/llama-7b,dummy-lora-7b-rank-8-0,782,10,413.0202758415435
4968,huggyllama/llama-7b,dummy-lora-7b-rank-128-4,294,32,413.04247934688044
4969,huggyllama/llama-7b,dummy-lora-7b-rank-128-3,419,46,413.0428698730652
4970,huggyllama/llama-7b,dummy-lora-7b-rank-16-2,552,20,413.085710328724
4971,huggyllama/llama-7b,dummy-lora-7b-rank-8-0,623,16,413.13418922919124
4972,huggyllama/llama-7b,dummy-lora-7b-rank-32-1,609,47,413.18031182997396
4973,huggyllama/llama-7b,dummy-lora-7b-rank-128-1,600,29,413.22106622441896
4974,huggyllama/llama-7b,dummy-lora-7b-rank-128-4,737,143,413.23385772248224
4975,huggyllama/llama-7b,dummy-lora-7b-rank-32-1,655,118,413.2702679554474
4976,huggyllama/llama-7b,dummy-lora-7b-rank-8-3,471,55,413.2740692513145
4977,huggyllama/llama-7b,dummy-lora-7b-rank-128-1,525,5,413.31339223630425
4978,huggyllama/llama-7b,dummy-lora-7b-rank-8-2,293,48,413.3403879678221
4979,huggyllama/llama-7b,dummy-lora-7b-rank-128-4,340,52,413.39740374289585
4980,huggyllama/llama-7b,dummy-lora-7b-rank-8-1,544,15,413.45959167404436
4981,huggyllama/llama-7b,dummy-lora-7b-rank-32-2,614,21,413.47548368426965
4982,huggyllama/llama-7b,dummy-lora-7b-rank-64-4,400,11,413.5295496244111
4983,huggyllama/llama-7b,dummy-lora-7b-rank-128-1,918,18,413.5636307234325
4984,huggyllama/llama-7b,dummy-lora-7b-rank-32-2,373,7,413.62484147347914
4985,huggyllama/llama-7b,dummy-lora-7b-rank-128-0,1021,3,413.66650839421266
4986,huggyllama/llama-7b,dummy-lora-7b-rank-128-2,777,206,413.70837748428403
4987,huggyllama/llama-7b,dummy-lora-7b-rank-128-0,576,57,413.76980089210576
4988,huggyllama/llama-7b,dummy-lora-7b-rank-128-1,144,34,413.7902814867927
4989,huggyllama/llama-7b,dummy-lora-7b-rank-16-0,548,17,413.90599076353976
4990,huggyllama/llama-7b,dummy-lora-7b-rank-128-2,556,24,413.94480096420534
4991,huggyllama/llama-7b,dummy-lora-7b-rank-64-3,836,16,413.95573167830827
4992,huggyllama/llama-7b,dummy-lora-7b-rank-8-0,570,30,416.0082853792469
4993,huggyllama/llama-7b,dummy-lora-7b-rank-128-1,805,17,416.1041964067494
4994,huggyllama/llama-7b,dummy-lora-7b-rank-128-0,580,36,416.1221948207819
4995,huggyllama/llama-7b,dummy-lora-7b-rank-8-2,574,31,416.1509640820893
4996,huggyllama/llama-7b,dummy-lora-7b-rank-128-1,179,58,416.1759998151423
4997,huggyllama/llama-7b,dummy-lora-7b-rank-128-0,320,17,416.1887743914632
4998,huggyllama/llama-7b,dummy-lora-7b-rank-8-2,564,24,416.1958112200435
4999,huggyllama/llama-7b,dummy-lora-7b-rank-32-4,535,37,416.2110503485958
5000,huggyllama/llama-7b,dummy-lora-7b-rank-8-2,173,55,416.256177992596
5001,huggyllama/llama-7b,dummy-lora-7b-rank-16-4,630,42,416.31756081058387
5002,huggyllama/llama-7b,dummy-lora-7b-rank-128-2,675,13,416.4455490602334
5003,huggyllama/llama-7b,dummy-lora-7b-rank-128-3,263,162,416.5441904393545
5004,huggyllama/llama-7b,dummy-lora-7b-rank-8-4,560,25,416.725163173894
5005,huggyllama/llama-7b,dummy-lora-7b-rank-128-2,1015,3,416.74663494126264
5006,huggyllama/llama-7b,dummy-lora-7b-rank-32-0,550,18,416.76004272873024
5007,huggyllama/llama-7b,dummy-lora-7b-rank-64-0,242,54,416.77179027367737
5008,huggyllama/llama-7b,dummy-lora-7b-rank-16-3,548,17,416.7756128426653
5009,huggyllama/llama-7b,dummy-lora-7b-rank-8-0,235,58,416.78290282237265
5010,huggyllama/llama-7b,dummy-lora-7b-rank-8-4,384,38,416.801121071658
5011,huggyllama/llama-7b,dummy-lora-7b-rank-16-2,208,26,416.8150562827485
5012,huggyllama/llama-7b,dummy-lora-7b-rank-64-1,397,84,416.84310592581915
5013,huggyllama/llama-7b,dummy-lora-7b-rank-128-3,390,50,416.87132913826986
5014,huggyllama/llama-7b,dummy-lora-7b-rank-128-2,54,46,416.88807043785994
5015,huggyllama/llama-7b,dummy-lora-7b-rank-128-4,906,85,417.0658053071823
5016,huggyllama/llama-7b,dummy-lora-7b-rank-128-2,361,55,417.12725128353236
5017,huggyllama/llama-7b,dummy-lora-7b-rank-128-2,186,123,417.1404675855265
5018,huggyllama/llama-7b,dummy-lora-7b-rank-128-1,478,7,417.2649580614577
5019,huggyllama/llama-7b,dummy-lora-7b-rank-128-0,432,29,417.30867008715194
5020,huggyllama/llama-7b,dummy-lora-7b-rank-32-1,317,50,417.3424272207949
5021,huggyllama/llama-7b,dummy-lora-7b-rank-128-4,267,3,417.3908055444695
5022,huggyllama/llama-7b,dummy-lora-7b-rank-32-1,556,23,417.4258620879247
5023,huggyllama/llama-7b,dummy-lora-7b-rank-32-4,379,29,417.45305582084245
5024,huggyllama/llama-7b,dummy-lora-7b-rank-128-2,737,80,417.48752595415317
5025,huggyllama/llama-7b,dummy-lora-7b-rank-64-4,201,57,417.49453700400926
5026,huggyllama/llama-7b,dummy-lora-7b-rank-128-2,312,48,417.5133324610353
5027,huggyllama/llama-7b,dummy-lora-7b-rank-128-1,249,43,417.5301200582129
5028,huggyllama/llama-7b,dummy-lora-7b-rank-128-3,247,51,417.5650845062961
5029,huggyllama/llama-7b,dummy-lora-7b-rank-16-4,290,37,417.5719210323664
5030,huggyllama/llama-7b,dummy-lora-7b-rank-128-3,128,85,417.57319347379416
5031,huggyllama/llama-7b,dummy-lora-7b-rank-64-0,593,2,417.6535942446984
5032,huggyllama/llama-7b,dummy-lora-7b-rank-32-1,340,63,417.6987232211836
5033,huggyllama/llama-7b,dummy-lora-7b-rank-128-0,570,163,417.75776901695156
5034,huggyllama/llama-7b,dummy-lora-7b-rank-128-0,340,12,417.83057835833245
5035,huggyllama/llama-7b,dummy-lora-7b-rank-64-0,392,128,417.88314746141316
5036,huggyllama/llama-7b,dummy-lora-7b-rank-64-3,852,11,417.8909530013083
5037,huggyllama/llama-7b,dummy-lora-7b-rank-128-4,157,38,417.92268656543934
5038,huggyllama/llama-7b,dummy-lora-7b-rank-16-2,403,53,417.9292583640331
5039,huggyllama/llama-7b,dummy-lora-7b-rank-8-0,554,20,417.9377935025837
5040,huggyllama/llama-7b,dummy-lora-7b-rank-128-1,55,103,420.0396420389546
5041,huggyllama/llama-7b,dummy-lora-7b-rank-128-4,566,27,420.0623663232358
5042,huggyllama/llama-7b,dummy-lora-7b-rank-16-2,118,52,420.08648604639495
5043,huggyllama/llama-7b,dummy-lora-7b-rank-128-0,332,47,420.0935901297817
5044,huggyllama/llama-7b,dummy-lora-7b-rank-128-4,167,52,420.10004891329777
5045,huggyllama/llama-7b,dummy-lora-7b-rank-128-1,586,11,420.14823899232675
5046,huggyllama/llama-7b,dummy-lora-7b-rank-32-2,315,3,420.1684512310714
5047,huggyllama/llama-7b,dummy-lora-7b-rank-32-0,335,186,420.2205131753636
5048,huggyllama/llama-7b,dummy-lora-7b-rank-128-1,411,17,420.2382990473256
5049,huggyllama/llama-7b,dummy-lora-7b-rank-128-1,632,25,420.24006880393483
5050,huggyllama/llama-7b,dummy-lora-7b-rank-8-3,556,13,420.2426809499707
5051,huggyllama/llama-7b,dummy-lora-7b-rank-128-4,579,11,420.2652401143411
5052,huggyllama/llama-7b,dummy-lora-7b-rank-64-3,556,21,420.28232475232056
5053,huggyllama/llama-7b,dummy-lora-7b-rank-128-1,729,12,420.3060780657435
5054,huggyllama/llama-7b,dummy-lora-7b-rank-128-3,555,16,420.35570910099744
5055,huggyllama/llama-7b,dummy-lora-7b-rank-16-4,623,22,420.365463031648
5056,huggyllama/llama-7b,dummy-lora-7b-rank-64-0,420,11,420.3978783128112
5057,huggyllama/llama-7b,dummy-lora-7b-rank-128-3,573,42,420.45105252586876
5058,huggyllama/llama-7b,dummy-lora-7b-rank-64-4,450,7,420.45678466849506
5059,huggyllama/llama-7b,dummy-lora-7b-rank-16-3,769,51,420.4703457929818
5060,huggyllama/llama-7b,dummy-lora-7b-rank-16-0,318,51,420.51941967838604
5061,huggyllama/llama-7b,dummy-lora-7b-rank-128-4,600,15,420.528190833429
5062,huggyllama/llama-7b,dummy-lora-7b-rank-32-1,440,75,420.5952762003069
5063,huggyllama/llama-7b,dummy-lora-7b-rank-64-1,677,51,420.6296773232161
5064,huggyllama/llama-7b,dummy-lora-7b-rank-128-0,558,23,420.6606168868848
5065,huggyllama/llama-7b,dummy-lora-7b-rank-128-2,211,49,420.71220744370504
5066,huggyllama/llama-7b,dummy-lora-7b-rank-128-1,257,62,420.73078192446565
5067,huggyllama/llama-7b,dummy-lora-7b-rank-128-1,640,63,420.73794211200794
5068,huggyllama/llama-7b,dummy-lora-7b-rank-16-3,560,44,420.7755835612419
5069,huggyllama/llama-7b,dummy-lora-7b-rank-64-2,585,9,420.83471938696897
5070,huggyllama/llama-7b,dummy-lora-7b-rank-8-2,183,7,420.9113621203243
5071,huggyllama/llama-7b,dummy-lora-7b-rank-64-3,548,20,420.94373021103826
5072,huggyllama/llama-7b,dummy-lora-7b-rank-32-0,439,112,420.95483610914516
5073,huggyllama/llama-7b,dummy-lora-7b-rank-128-2,571,11,421.0511162063733
5074,huggyllama/llama-7b,dummy-lora-7b-rank-16-4,570,30,421.10657967026253
5075,huggyllama/llama-7b,dummy-lora-7b-rank-32-4,255,42,421.25282562519203
5076,huggyllama/llama-7b,dummy-lora-7b-rank-64-0,351,52,421.29307216458545
5077,huggyllama/llama-7b,dummy-lora-7b-rank-128-3,429,8,421.34198089801737
5078,huggyllama/llama-7b,dummy-lora-7b-rank-128-1,568,27,421.37333923309717
5079,huggyllama/llama-7b,dummy-lora-7b-rank-32-3,277,10,421.3794801472359
5080,huggyllama/llama-7b,dummy-lora-7b-rank-128-0,780,76,421.40115368075305
5081,huggyllama/llama-7b,dummy-lora-7b-rank-64-1,56,109,421.4315309808942
5082,huggyllama/llama-7b,dummy-lora-7b-rank-128-3,527,49,421.63475580434834
5083,huggyllama/llama-7b,dummy-lora-7b-rank-128-1,1007,141,421.72741054441553
5084,huggyllama/llama-7b,dummy-lora-7b-rank-8-4,554,20,421.8672736534166
5085,huggyllama/llama-7b,dummy-lora-7b-rank-8-3,596,24,421.91517644795704
5086,huggyllama/llama-7b,dummy-lora-7b-rank-128-3,634,33,421.9643995175592
5087,huggyllama/llama-7b,dummy-lora-7b-rank-64-4,854,78,421.9696949570459
5088,huggyllama/llama-7b,dummy-lora-7b-rank-128-4,562,24,424.00253219218763
5089,huggyllama/llama-7b,dummy-lora-7b-rank-128-4,523,95,424.01432120075987
5090,huggyllama/llama-7b,dummy-lora-7b-rank-128-3,570,29,424.03059083014796
5091,huggyllama/llama-7b,dummy-lora-7b-rank-64-1,611,23,424.0444664756897
5092,huggyllama/llama-7b,dummy-lora-7b-rank-128-1,583,66,424.06410908538436
5093,huggyllama/llama-7b,dummy-lora-7b-rank-128-4,400,53,424.13437419660386
5094,huggyllama/llama-7b,dummy-lora-7b-rank-8-3,552,10,424.267681286835
5095,huggyllama/llama-7b,dummy-lora-7b-rank-16-0,554,20,424.3067547723554
5096,huggyllama/llama-7b,dummy-lora-7b-rank-32-1,605,20,424.3634739827281
5097,huggyllama/llama-7b,dummy-lora-7b-rank-128-4,586,43,424.4249849997861
5098,huggyllama/llama-7b,dummy-lora-7b-rank-128-0,325,5,424.4598870582745
5099,huggyllama/llama-7b,dummy-lora-7b-rank-16-4,564,25,424.4767004129546
5100,huggyllama/llama-7b,dummy-lora-7b-rank-8-0,556,10,424.53536886310144
5101,huggyllama/llama-7b,dummy-lora-7b-rank-32-4,571,3,424.6163285897598
5102,huggyllama/llama-7b,dummy-lora-7b-rank-64-2,187,47,424.6428319529584
5103,huggyllama/llama-7b,dummy-lora-7b-rank-64-2,53,48,424.7012794406327
5104,huggyllama/llama-7b,dummy-lora-7b-rank-128-0,775,42,424.7659191889341
5105,huggyllama/llama-7b,dummy-lora-7b-rank-128-3,776,75,424.7695377807087
5106,huggyllama/llama-7b,dummy-lora-7b-rank-8-0,550,19,424.78832889889674
5107,huggyllama/llama-7b,dummy-lora-7b-rank-32-0,316,10,424.8176803360983
5108,huggyllama/llama-7b,dummy-lora-7b-rank-32-3,609,20,424.8729834951598
5109,huggyllama/llama-7b,dummy-lora-7b-rank-32-1,504,8,424.9950991306289
5110,huggyllama/llama-7b,dummy-lora-7b-rank-128-1,558,22,424.99821555852606
5111,huggyllama/llama-7b,dummy-lora-7b-rank-64-1,91,48,425.00320881425165
5112,huggyllama/llama-7b,dummy-lora-7b-rank-128-2,399,37,425.00977139381934
5113,huggyllama/llama-7b,dummy-lora-7b-rank-16-2,480,50,425.0294645273524
5114,huggyllama/llama-7b,dummy-lora-7b-rank-32-0,833,10,425.08124610808477
5115,huggyllama/llama-7b,dummy-lora-7b-rank-128-4,552,11,425.0996511294718
5116,huggyllama/llama-7b,dummy-lora-7b-rank-64-4,548,17,425.25346505722433
5117,huggyllama/llama-7b,dummy-lora-7b-rank-32-3,218,45,425.46481046145624
5118,huggyllama/llama-7b,dummy-lora-7b-rank-8-1,215,74,425.496012925283
5119,huggyllama/llama-7b,dummy-lora-7b-rank-128-0,282,66,425.51040104918656
5120,huggyllama/llama-7b,dummy-lora-7b-rank-128-4,953,62,425.51603518940357
5121,huggyllama/llama-7b,dummy-lora-7b-rank-128-3,228,128,425.53107388225857
5122,huggyllama/llama-7b,dummy-lora-7b-rank-64-2,365,11,425.535569256806
5123,huggyllama/llama-7b,dummy-lora-7b-rank-32-0,397,53,425.5434930007182
5124,huggyllama/llama-7b,dummy-lora-7b-rank-128-4,355,146,425.61947574920356
5125,huggyllama/llama-7b,dummy-lora-7b-rank-32-2,724,100,425.6360267487214
5126,huggyllama/llama-7b,dummy-lora-7b-rank-128-2,479,59,425.6904835599267
5127,huggyllama/llama-7b,dummy-lora-7b-rank-128-1,649,3,425.75391947297487
5128,huggyllama/llama-7b,dummy-lora-7b-rank-128-3,437,182,425.87780163761204
5129,huggyllama/llama-7b,dummy-lora-7b-rank-128-2,546,17,425.8815872356054
5130,huggyllama/llama-7b,dummy-lora-7b-rank-128-1,590,23,425.8896846291827
5131,huggyllama/llama-7b,dummy-lora-7b-rank-32-0,558,22,425.91431624225845
5132,huggyllama/llama-7b,dummy-lora-7b-rank-128-2,434,69,425.92288751122584
5133,huggyllama/llama-7b,dummy-lora-7b-rank-32-2,319,11,425.92935951305543
5134,huggyllama/llama-7b,dummy-lora-7b-rank-128-4,556,21,425.93635942037486
5135,huggyllama/llama-7b,dummy-lora-7b-rank-128-4,554,20,425.9669572600114
5136,huggyllama/llama-7b,dummy-lora-7b-rank-16-2,296,7,428.06210118367255
5137,huggyllama/llama-7b,dummy-lora-7b-rank-64-2,347,13,428.0650153580412
5138,huggyllama/llama-7b,dummy-lora-7b-rank-16-4,384,45,428.0727953423384
5139,huggyllama/llama-7b,dummy-lora-7b-rank-128-1,585,29,428.07854334891766
5140,huggyllama/llama-7b,dummy-lora-7b-rank-16-4,189,47,428.31354535655777
5141,huggyllama/llama-7b,dummy-lora-7b-rank-32-0,57,49,428.32390649417
5142,huggyllama/llama-7b,dummy-lora-7b-rank-128-2,673,39,428.3391443863466
5143,huggyllama/llama-7b,dummy-lora-7b-rank-128-3,121,19,428.36204526737663
5144,huggyllama/llama-7b,dummy-lora-7b-rank-128-3,273,45,428.3670878746444
5145,huggyllama/llama-7b,dummy-lora-7b-rank-64-1,568,30,428.3925481286529
5146,huggyllama/llama-7b,dummy-lora-7b-rank-32-0,548,17,428.39706290943536
5147,huggyllama/llama-7b,dummy-lora-7b-rank-128-0,345,82,428.47325887939803
5148,huggyllama/llama-7b,dummy-lora-7b-rank-128-0,558,22,428.5369445861145
5149,huggyllama/llama-7b,dummy-lora-7b-rank-16-2,426,55,428.62063893155585
5150,huggyllama/llama-7b,dummy-lora-7b-rank-8-0,115,58,428.68349275677605
5151,huggyllama/llama-7b,dummy-lora-7b-rank-8-0,472,157,428.7845163047937
5152,huggyllama/llama-7b,dummy-lora-7b-rank-128-4,600,256,428.8614845714111
5153,huggyllama/llama-7b,dummy-lora-7b-rank-16-0,827,32,428.9009864922112
5154,huggyllama/llama-7b,dummy-lora-7b-rank-128-2,560,10,428.9090787209884
5155,huggyllama/llama-7b,dummy-lora-7b-rank-8-1,89,97,428.91017779579647
5156,huggyllama/llama-7b,dummy-lora-7b-rank-128-0,285,7,428.9360956087799
5157,huggyllama/llama-7b,dummy-lora-7b-rank-128-0,310,72,428.98604294664653
5158,huggyllama/llama-7b,dummy-lora-7b-rank-8-4,588,35,429.0179791536628
5159,huggyllama/llama-7b,dummy-lora-7b-rank-128-3,734,11,429.0308628176272
5160,huggyllama/llama-7b,dummy-lora-7b-rank-64-1,834,38,429.0577782529142
5161,huggyllama/llama-7b,dummy-lora-7b-rank-128-1,320,61,429.05883668755894
5162,huggyllama/llama-7b,dummy-lora-7b-rank-128-1,51,43,429.070479452984
5163,huggyllama/llama-7b,dummy-lora-7b-rank-8-0,274,62,429.09741234303937
5164,huggyllama/llama-7b,dummy-lora-7b-rank-128-1,599,17,429.1291058894357
5165,huggyllama/llama-7b,dummy-lora-7b-rank-128-1,661,59,429.1654245108662
5166,huggyllama/llama-7b,dummy-lora-7b-rank-32-3,603,18,429.18005579223814
5167,huggyllama/llama-7b,dummy-lora-7b-rank-128-2,554,12,429.19149713904557
5168,huggyllama/llama-7b,dummy-lora-7b-rank-128-0,503,47,429.2487124433201
5169,huggyllama/llama-7b,dummy-lora-7b-rank-128-1,595,56,429.3059186502204
5170,huggyllama/llama-7b,dummy-lora-7b-rank-8-2,552,19,429.3249231177886
5171,huggyllama/llama-7b,dummy-lora-7b-rank-128-4,362,43,429.33648064330066
5172,huggyllama/llama-7b,dummy-lora-7b-rank-128-0,558,13,429.40475631347607
5173,huggyllama/llama-7b,dummy-lora-7b-rank-8-4,858,24,429.47763858352397
5174,huggyllama/llama-7b,dummy-lora-7b-rank-128-0,544,15,429.494531381664
5175,huggyllama/llama-7b,dummy-lora-7b-rank-8-3,613,22,429.50122393353166
5176,huggyllama/llama-7b,dummy-lora-7b-rank-128-4,562,74,429.5066489083338
5177,huggyllama/llama-7b,dummy-lora-7b-rank-32-1,475,51,429.5257083805014
5178,huggyllama/llama-7b,dummy-lora-7b-rank-8-2,258,155,429.537088879503
5179,huggyllama/llama-7b,dummy-lora-7b-rank-16-4,554,20,429.5768858174532
5180,huggyllama/llama-7b,dummy-lora-7b-rank-16-0,582,17,429.61577503251937
5181,huggyllama/llama-7b,dummy-lora-7b-rank-64-2,330,10,429.6729389968743
5182,huggyllama/llama-7b,dummy-lora-7b-rank-16-0,654,28,429.7653858660545
5183,huggyllama/llama-7b,dummy-lora-7b-rank-128-0,96,45,429.9885286810699
5184,huggyllama/llama-7b,dummy-lora-7b-rank-8-2,607,21,432.1071623425678
5185,huggyllama/llama-7b,dummy-lora-7b-rank-64-0,556,21,432.1370737457855
5186,huggyllama/llama-7b,dummy-lora-7b-rank-64-1,650,100,432.18319364512297
5187,huggyllama/llama-7b,dummy-lora-7b-rank-16-4,476,142,432.22326398579435
5188,huggyllama/llama-7b,dummy-lora-7b-rank-128-1,346,47,432.33713065015127
5189,huggyllama/llama-7b,dummy-lora-7b-rank-32-1,594,7,432.38570316768437
5190,huggyllama/llama-7b,dummy-lora-7b-rank-32-3,605,16,432.41599654596325
5191,huggyllama/llama-7b,dummy-lora-7b-rank-128-3,193,77,432.47260353455164
5192,huggyllama/llama-7b,dummy-lora-7b-rank-128-3,80,35,432.48024212666854
5193,huggyllama/llama-7b,dummy-lora-7b-rank-128-0,544,15,432.51032944717815
5194,huggyllama/llama-7b,dummy-lora-7b-rank-128-0,914,13,432.59038195750895
5195,huggyllama/llama-7b,dummy-lora-7b-rank-128-0,200,62,432.6057952081151
5196,huggyllama/llama-7b,dummy-lora-7b-rank-128-4,552,21,432.6438747278932
5197,huggyllama/llama-7b,dummy-lora-7b-rank-16-0,732,121,432.6893958316905
5198,huggyllama/llama-7b,dummy-lora-7b-rank-128-0,100,126,432.7128866278086
5199,huggyllama/llama-7b,dummy-lora-7b-rank-64-1,434,10,432.7442342108415
5200,huggyllama/llama-7b,dummy-lora-7b-rank-128-0,574,33,432.7556982716255
5201,huggyllama/llama-7b,dummy-lora-7b-rank-8-1,565,65,432.78105543916104
5202,huggyllama/llama-7b,dummy-lora-7b-rank-16-1,284,61,432.7841652684435
5203,huggyllama/llama-7b,dummy-lora-7b-rank-32-3,552,19,432.788495595854
5204,huggyllama/llama-7b,dummy-lora-7b-rank-32-0,347,47,432.8958624419135
5205,huggyllama/llama-7b,dummy-lora-7b-rank-128-3,556,21,432.9162807944513
5206,huggyllama/llama-7b,dummy-lora-7b-rank-128-4,125,19,432.9404361251476
5207,huggyllama/llama-7b,dummy-lora-7b-rank-32-3,603,14,432.9404619352888
5208,huggyllama/llama-7b,dummy-lora-7b-rank-32-2,548,9,433.0258990437802
5209,huggyllama/llama-7b,dummy-lora-7b-rank-16-1,585,20,433.04660336468686
5210,huggyllama/llama-7b,dummy-lora-7b-rank-32-1,307,9,433.09328169421764
5211,huggyllama/llama-7b,dummy-lora-7b-rank-64-4,619,92,433.09669341041246
5212,huggyllama/llama-7b,dummy-lora-7b-rank-128-4,149,44,433.1389087569536
5213,huggyllama/llama-7b,dummy-lora-7b-rank-128-3,589,50,433.15464947837364
5214,huggyllama/llama-7b,dummy-lora-7b-rank-128-1,480,9,433.2123537494593
5215,huggyllama/llama-7b,dummy-lora-7b-rank-32-1,114,20,433.2393080502795
5216,huggyllama/llama-7b,dummy-lora-7b-rank-128-0,494,7,433.25859611294817
5217,huggyllama/llama-7b,dummy-lora-7b-rank-128-4,394,7,433.2841814872418
5218,huggyllama/llama-7b,dummy-lora-7b-rank-128-1,249,107,433.32636110106887
5219,huggyllama/llama-7b,dummy-lora-7b-rank-128-2,270,116,433.35974707899555
5220,huggyllama/llama-7b,dummy-lora-7b-rank-64-1,560,15,433.3951980282376
5221,huggyllama/llama-7b,dummy-lora-7b-rank-128-1,569,52,433.3958327902493
5222,huggyllama/llama-7b,dummy-lora-7b-rank-32-3,620,10,433.49353149461047
5223,huggyllama/llama-7b,dummy-lora-7b-rank-128-2,467,47,433.5098998299924
5224,huggyllama/llama-7b,dummy-lora-7b-rank-8-0,346,44,433.51013176068466
5225,huggyllama/llama-7b,dummy-lora-7b-rank-128-2,504,46,433.51346153155066
5226,huggyllama/llama-7b,dummy-lora-7b-rank-8-3,211,58,433.59298980846444
5227,huggyllama/llama-7b,dummy-lora-7b-rank-8-2,470,6,433.7312841650964
5228,huggyllama/llama-7b,dummy-lora-7b-rank-128-0,629,62,433.7628346656684
5229,huggyllama/llama-7b,dummy-lora-7b-rank-128-0,831,128,433.78917610331644
5230,huggyllama/llama-7b,dummy-lora-7b-rank-128-3,546,11,433.8205204342288
5231,huggyllama/llama-7b,dummy-lora-7b-rank-128-3,654,21,433.9353091238288
5232,huggyllama/llama-7b,dummy-lora-7b-rank-64-3,691,87,436.07956694797326
5233,huggyllama/llama-7b,dummy-lora-7b-rank-128-0,588,38,436.096963296412
5234,huggyllama/llama-7b,dummy-lora-7b-rank-128-0,605,19,436.1349953176751
5235,huggyllama/llama-7b,dummy-lora-7b-rank-16-3,558,22,436.1817305652538
5236,huggyllama/llama-7b,dummy-lora-7b-rank-128-0,570,26,436.21351395098435
5237,huggyllama/llama-7b,dummy-lora-7b-rank-64-0,466,13,436.215398851446
5238,huggyllama/llama-7b,dummy-lora-7b-rank-128-2,191,6,436.25220550907466
5239,huggyllama/llama-7b,dummy-lora-7b-rank-32-1,273,48,436.332980999435
5240,huggyllama/llama-7b,dummy-lora-7b-rank-128-3,601,18,436.3839760679689
5241,huggyllama/llama-7b,dummy-lora-7b-rank-32-4,590,30,436.55032346559193
5242,huggyllama/llama-7b,dummy-lora-7b-rank-64-3,205,50,436.6017425501113
5243,huggyllama/llama-7b,dummy-lora-7b-rank-16-1,501,77,436.65193066692905
5244,huggyllama/llama-7b,dummy-lora-7b-rank-8-3,179,51,436.662369160849
5245,huggyllama/llama-7b,dummy-lora-7b-rank-128-0,556,13,436.6678466728458
5246,huggyllama/llama-7b,dummy-lora-7b-rank-64-2,198,44,436.7335845444145
5247,huggyllama/llama-7b,dummy-lora-7b-rank-8-3,360,45,436.75946111880415
5248,huggyllama/llama-7b,dummy-lora-7b-rank-128-0,429,44,436.76043653256767
5249,huggyllama/llama-7b,dummy-lora-7b-rank-128-1,404,11,436.7877348641051
5250,huggyllama/llama-7b,dummy-lora-7b-rank-128-4,417,52,436.81793907173534
5251,huggyllama/llama-7b,dummy-lora-7b-rank-128-0,343,40,436.8510166481582
5252,huggyllama/llama-7b,dummy-lora-7b-rank-16-3,406,55,436.9117092625775
5253,huggyllama/llama-7b,dummy-lora-7b-rank-16-1,319,7,436.95898220079283
5254,huggyllama/llama-7b,dummy-lora-7b-rank-128-2,578,12,436.959275114094
5255,huggyllama/llama-7b,dummy-lora-7b-rank-128-1,439,8,436.975081308753
5256,huggyllama/llama-7b,dummy-lora-7b-rank-16-3,611,10,436.98390646420165
5257,huggyllama/llama-7b,dummy-lora-7b-rank-128-3,396,81,436.9860014070565
5258,huggyllama/llama-7b,dummy-lora-7b-rank-128-0,421,53,437.0423510648304
5259,huggyllama/llama-7b,dummy-lora-7b-rank-128-2,609,22,437.0449790317357
5260,huggyllama/llama-7b,dummy-lora-7b-rank-128-0,298,100,437.10018124466
5261,huggyllama/llama-7b,dummy-lora-7b-rank-128-4,572,8,437.1435907596908
5262,huggyllama/llama-7b,dummy-lora-7b-rank-64-1,155,57,437.18473302185976
5263,huggyllama/llama-7b,dummy-lora-7b-rank-128-0,597,16,437.21270924965955
5264,huggyllama/llama-7b,dummy-lora-7b-rank-16-1,601,17,437.24129701275206
5265,huggyllama/llama-7b,dummy-lora-7b-rank-64-1,230,148,437.3213760328659
5266,huggyllama/llama-7b,dummy-lora-7b-rank-128-4,318,52,437.3434842458605
5267,huggyllama/llama-7b,dummy-lora-7b-rank-128-1,913,59,437.3519600447934
5268,huggyllama/llama-7b,dummy-lora-7b-rank-16-4,279,86,437.4437759654433
5269,huggyllama/llama-7b,dummy-lora-7b-rank-128-3,358,58,437.4467456536286
5270,huggyllama/llama-7b,dummy-lora-7b-rank-128-4,550,15,437.5041368731543
5271,huggyllama/llama-7b,dummy-lora-7b-rank-32-4,850,144,437.5255211782274
5272,huggyllama/llama-7b,dummy-lora-7b-rank-64-2,533,8,437.5662213059271
5273,huggyllama/llama-7b,dummy-lora-7b-rank-8-0,582,34,437.5817874550322
5274,huggyllama/llama-7b,dummy-lora-7b-rank-128-2,369,57,437.61564009339537
5275,huggyllama/llama-7b,dummy-lora-7b-rank-128-2,365,82,437.70721578596203
5276,huggyllama/llama-7b,dummy-lora-7b-rank-64-4,550,18,437.83006289430085
5277,huggyllama/llama-7b,dummy-lora-7b-rank-128-0,202,58,437.84207441830466
5278,huggyllama/llama-7b,dummy-lora-7b-rank-8-0,568,28,437.8863173903072
5279,huggyllama/llama-7b,dummy-lora-7b-rank-16-2,564,28,437.89811563379044
5280,huggyllama/llama-7b,dummy-lora-7b-rank-128-1,548,17,440.126234248273
5281,huggyllama/llama-7b,dummy-lora-7b-rank-32-0,417,43,440.24095930118324
5282,huggyllama/llama-7b,dummy-lora-7b-rank-64-0,512,10,440.2624804844557
5283,huggyllama/llama-7b,dummy-lora-7b-rank-128-2,552,13,440.30750846567236
5284,huggyllama/llama-7b,dummy-lora-7b-rank-128-3,315,42,440.3159662928896
5285,huggyllama/llama-7b,dummy-lora-7b-rank-32-3,669,28,440.4016377328536
5286,huggyllama/llama-7b,dummy-lora-7b-rank-8-2,199,44,440.4882560650361
5287,huggyllama/llama-7b,dummy-lora-7b-rank-128-0,552,19,440.5167187084242
5288,huggyllama/llama-7b,dummy-lora-7b-rank-16-1,711,19,440.5511321874579
5289,huggyllama/llama-7b,dummy-lora-7b-rank-128-4,123,60,440.56543340784276
5290,huggyllama/llama-7b,dummy-lora-7b-rank-128-0,623,11,440.6313248113571
5291,huggyllama/llama-7b,dummy-lora-7b-rank-128-3,92,47,440.6529832299892
5292,huggyllama/llama-7b,dummy-lora-7b-rank-128-1,470,9,440.6662545332014
5293,huggyllama/llama-7b,dummy-lora-7b-rank-128-1,548,17,440.67036375491443
5294,huggyllama/llama-7b,dummy-lora-7b-rank-16-2,198,3,440.67788693336223
5295,huggyllama/llama-7b,dummy-lora-7b-rank-32-3,389,81,440.7916090271701
5296,huggyllama/llama-7b,dummy-lora-7b-rank-128-1,624,15,440.8289450067248
5297,huggyllama/llama-7b,dummy-lora-7b-rank-128-2,489,153,440.87190169243354
5298,huggyllama/llama-7b,dummy-lora-7b-rank-128-2,270,184,440.89118407708804
5299,huggyllama/llama-7b,dummy-lora-7b-rank-8-0,237,95,440.915131382442
5300,huggyllama/llama-7b,dummy-lora-7b-rank-128-0,356,62,440.92357623551146
5301,huggyllama/llama-7b,dummy-lora-7b-rank-32-3,611,22,440.957716638679
5302,huggyllama/llama-7b,dummy-lora-7b-rank-128-0,591,14,440.9924401359277
5303,huggyllama/llama-7b,dummy-lora-7b-rank-128-0,323,7,441.13810040849364
5304,huggyllama/llama-7b,dummy-lora-7b-rank-32-4,552,19,441.1684957103545
5305,huggyllama/llama-7b,dummy-lora-7b-rank-128-2,560,23,441.1771442364213
5306,huggyllama/llama-7b,dummy-lora-7b-rank-8-4,208,161,441.1997757800683
5307,huggyllama/llama-7b,dummy-lora-7b-rank-128-3,352,59,441.20819945797183
5308,huggyllama/llama-7b,dummy-lora-7b-rank-128-3,967,99,441.2351561707949
5309,huggyllama/llama-7b,dummy-lora-7b-rank-128-2,402,6,441.25562807701743
5310,huggyllama/llama-7b,dummy-lora-7b-rank-128-2,379,159,441.27689207156703
5311,huggyllama/llama-7b,dummy-lora-7b-rank-8-0,247,4,441.3573303522464
5312,huggyllama/llama-7b,dummy-lora-7b-rank-16-0,564,28,441.36559635024673
5313,huggyllama/llama-7b,dummy-lora-7b-rank-128-4,574,31,441.3687274664487
5314,huggyllama/llama-7b,dummy-lora-7b-rank-32-0,735,3,441.4364667936617
5315,huggyllama/llama-7b,dummy-lora-7b-rank-128-3,873,157,441.4804717701222
5316,huggyllama/llama-7b,dummy-lora-7b-rank-64-1,300,97,441.5559685050662
5317,huggyllama/llama-7b,dummy-lora-7b-rank-128-1,675,3,441.566602780237
5318,huggyllama/llama-7b,dummy-lora-7b-rank-32-2,295,7,441.57935143861914
5319,huggyllama/llama-7b,dummy-lora-7b-rank-128-0,627,30,441.6419312050263
5320,huggyllama/llama-7b,dummy-lora-7b-rank-128-4,227,3,441.71934608571047
5321,huggyllama/llama-7b,dummy-lora-7b-rank-64-4,349,33,441.75665175578
5322,huggyllama/llama-7b,dummy-lora-7b-rank-128-2,511,68,441.76545869247934
5323,huggyllama/llama-7b,dummy-lora-7b-rank-128-1,277,38,441.76660512631685
5324,huggyllama/llama-7b,dummy-lora-7b-rank-64-0,448,6,441.90146484227665
5325,huggyllama/llama-7b,dummy-lora-7b-rank-8-0,189,3,441.93191612591244
5326,huggyllama/llama-7b,dummy-lora-7b-rank-128-1,569,48,441.9704238866406
5327,huggyllama/llama-7b,dummy-lora-7b-rank-128-0,263,56,441.9899116101595
5328,huggyllama/llama-7b,dummy-lora-7b-rank-128-3,572,32,444.007171363466
5329,huggyllama/llama-7b,dummy-lora-7b-rank-128-4,563,19,444.09836874538007
5330,huggyllama/llama-7b,dummy-lora-7b-rank-128-0,981,37,444.1732872777616
5331,huggyllama/llama-7b,dummy-lora-7b-rank-32-0,398,10,444.200795439988
5332,huggyllama/llama-7b,dummy-lora-7b-rank-128-2,604,137,444.2147656861775
5333,huggyllama/llama-7b,dummy-lora-7b-rank-128-4,449,60,444.26436681331893
5334,huggyllama/llama-7b,dummy-lora-7b-rank-8-0,159,131,444.30050752212213
5335,huggyllama/llama-7b,dummy-lora-7b-rank-8-1,211,151,444.34544976633765
5336,huggyllama/llama-7b,dummy-lora-7b-rank-128-2,556,20,444.3785864359741
5337,huggyllama/llama-7b,dummy-lora-7b-rank-32-3,365,34,444.4012141858024
5338,huggyllama/llama-7b,dummy-lora-7b-rank-16-4,370,8,444.42655822987047
5339,huggyllama/llama-7b,dummy-lora-7b-rank-64-1,665,58,444.47685696825215
5340,huggyllama/llama-7b,dummy-lora-7b-rank-128-1,400,39,444.511236681462
5341,huggyllama/llama-7b,dummy-lora-7b-rank-32-1,578,35,444.52329488987573
5342,huggyllama/llama-7b,dummy-lora-7b-rank-128-1,573,15,444.52950787631
5343,huggyllama/llama-7b,dummy-lora-7b-rank-16-0,947,89,444.58729850687166
5344,huggyllama/llama-7b,dummy-lora-7b-rank-8-2,272,78,444.59539851173395
5345,huggyllama/llama-7b,dummy-lora-7b-rank-128-1,406,8,444.6351952614191
5346,huggyllama/llama-7b,dummy-lora-7b-rank-8-4,246,39,444.66971893937523
5347,huggyllama/llama-7b,dummy-lora-7b-rank-128-1,358,118,444.815304372916
5348,huggyllama/llama-7b,dummy-lora-7b-rank-16-4,722,20,444.84413393059174
5349,huggyllama/llama-7b,dummy-lora-7b-rank-128-4,605,10,444.86467376278006
5350,huggyllama/llama-7b,dummy-lora-7b-rank-8-1,674,63,444.90637259689163
5351,huggyllama/llama-7b,dummy-lora-7b-rank-16-4,291,34,444.9147677219291
5352,huggyllama/llama-7b,dummy-lora-7b-rank-16-3,729,56,444.98550957042187
5353,huggyllama/llama-7b,dummy-lora-7b-rank-128-1,755,53,445.04564902948357
5354,huggyllama/llama-7b,dummy-lora-7b-rank-32-4,475,9,445.078010718393
5355,huggyllama/llama-7b,dummy-lora-7b-rank-128-3,158,97,445.12157561560264
5356,huggyllama/llama-7b,dummy-lora-7b-rank-128-2,104,58,445.15059090862445
5357,huggyllama/llama-7b,dummy-lora-7b-rank-8-1,706,95,445.1517883990807
5358,huggyllama/llama-7b,dummy-lora-7b-rank-64-4,325,49,445.2110297811646
5359,huggyllama/llama-7b,dummy-lora-7b-rank-128-1,232,63,445.24455699199297
5360,huggyllama/llama-7b,dummy-lora-7b-rank-128-2,550,18,445.2599689945042
5361,huggyllama/llama-7b,dummy-lora-7b-rank-8-2,297,37,445.29337452090823
5362,huggyllama/llama-7b,dummy-lora-7b-rank-8-3,554,20,445.34139425202767
5363,huggyllama/llama-7b,dummy-lora-7b-rank-8-1,556,100,445.3488995505053
5364,huggyllama/llama-7b,dummy-lora-7b-rank-128-3,385,44,445.490526039516
5365,huggyllama/llama-7b,dummy-lora-7b-rank-32-2,246,46,445.49431423026283
5366,huggyllama/llama-7b,dummy-lora-7b-rank-128-4,226,48,445.51056808680653
5367,huggyllama/llama-7b,dummy-lora-7b-rank-16-0,505,10,445.530092327611
5368,huggyllama/llama-7b,dummy-lora-7b-rank-32-2,467,63,445.70626337316696
5369,huggyllama/llama-7b,dummy-lora-7b-rank-128-0,578,34,445.7857839734984
5370,huggyllama/llama-7b,dummy-lora-7b-rank-128-1,272,145,445.790962568495
5371,huggyllama/llama-7b,dummy-lora-7b-rank-16-1,130,54,445.83727968848706
5372,huggyllama/llama-7b,dummy-lora-7b-rank-8-3,730,17,445.9228745466257
5373,huggyllama/llama-7b,dummy-lora-7b-rank-128-2,246,20,445.93742204836
5374,huggyllama/llama-7b,dummy-lora-7b-rank-64-2,457,120,445.9683269057691
5375,huggyllama/llama-7b,dummy-lora-7b-rank-128-3,238,44,445.97025523546563
5376,huggyllama/llama-7b,dummy-lora-7b-rank-8-0,655,5,448.0020616776281
5377,huggyllama/llama-7b,dummy-lora-7b-rank-128-3,564,25,448.00834106898503
5378,huggyllama/llama-7b,dummy-lora-7b-rank-128-2,558,19,448.1625696002537
5379,huggyllama/llama-7b,dummy-lora-7b-rank-128-2,550,18,448.1712824424669
5380,huggyllama/llama-7b,dummy-lora-7b-rank-64-1,558,24,448.20727796910114
5381,huggyllama/llama-7b,dummy-lora-7b-rank-64-4,643,59,448.2518369284451
5382,huggyllama/llama-7b,dummy-lora-7b-rank-64-4,550,21,448.28918436128635
5383,huggyllama/llama-7b,dummy-lora-7b-rank-128-1,354,49,448.3306530788689
5384,huggyllama/llama-7b,dummy-lora-7b-rank-32-3,154,50,448.3349560250299
5385,huggyllama/llama-7b,dummy-lora-7b-rank-8-4,790,47,448.340896100815
5386,huggyllama/llama-7b,dummy-lora-7b-rank-128-2,599,17,448.3537484591304
5387,huggyllama/llama-7b,dummy-lora-7b-rank-128-0,354,11,448.3670938681469
5388,huggyllama/llama-7b,dummy-lora-7b-rank-128-1,407,153,448.3900344021744
5389,huggyllama/llama-7b,dummy-lora-7b-rank-128-0,558,19,448.3912512701828
5390,huggyllama/llama-7b,dummy-lora-7b-rank-128-4,631,9,448.4211610405756
5391,huggyllama/llama-7b,dummy-lora-7b-rank-128-2,667,54,448.4617597492431
5392,huggyllama/llama-7b,dummy-lora-7b-rank-64-3,592,24,448.4665545658995
5393,huggyllama/llama-7b,dummy-lora-7b-rank-8-2,917,17,448.47710211682033
5394,huggyllama/llama-7b,dummy-lora-7b-rank-128-2,320,9,448.5135847758061
5395,huggyllama/llama-7b,dummy-lora-7b-rank-32-0,407,137,448.566819305289
5396,huggyllama/llama-7b,dummy-lora-7b-rank-8-3,572,31,448.58770685534853
5397,huggyllama/llama-7b,dummy-lora-7b-rank-128-1,596,27,448.61763769202093
5398,huggyllama/llama-7b,dummy-lora-7b-rank-128-0,596,25,448.62785549994436
5399,huggyllama/llama-7b,dummy-lora-7b-rank-16-0,310,41,448.64157550232085
5400,huggyllama/llama-7b,dummy-lora-7b-rank-128-0,580,5,448.66387947306214
5401,huggyllama/llama-7b,dummy-lora-7b-rank-128-3,805,15,448.7097158264657
5402,huggyllama/llama-7b,dummy-lora-7b-rank-128-0,275,34,448.8048134092995
5403,huggyllama/llama-7b,dummy-lora-7b-rank-128-4,468,10,448.8083129671553
5404,huggyllama/llama-7b,dummy-lora-7b-rank-128-1,317,5,448.9124387098339
5405,huggyllama/llama-7b,dummy-lora-7b-rank-128-4,558,24,448.91421852393984
5406,huggyllama/llama-7b,dummy-lora-7b-rank-128-1,584,34,449.03609886283107
5407,huggyllama/llama-7b,dummy-lora-7b-rank-128-3,368,60,449.1411341095819
5408,huggyllama/llama-7b,dummy-lora-7b-rank-128-0,299,10,449.24784491957945
5409,huggyllama/llama-7b,dummy-lora-7b-rank-128-3,255,135,449.30176534946395
5410,huggyllama/llama-7b,dummy-lora-7b-rank-16-1,570,28,449.3619717977342
5411,huggyllama/llama-7b,dummy-lora-7b-rank-16-0,562,24,449.4166441289772
5412,huggyllama/llama-7b,dummy-lora-7b-rank-32-4,550,46,449.42207475303394
5413,huggyllama/llama-7b,dummy-lora-7b-rank-32-3,560,26,449.4252202744957
5414,huggyllama/llama-7b,dummy-lora-7b-rank-32-4,548,17,449.44560289368974
5415,huggyllama/llama-7b,dummy-lora-7b-rank-32-2,348,59,449.4516216210946
5416,huggyllama/llama-7b,dummy-lora-7b-rank-8-4,289,46,449.4834025326115
5417,huggyllama/llama-7b,dummy-lora-7b-rank-128-4,389,55,449.5439527859715
5418,huggyllama/llama-7b,dummy-lora-7b-rank-32-3,346,18,449.6098100757325
5419,huggyllama/llama-7b,dummy-lora-7b-rank-128-0,588,12,449.64154196654243
5420,huggyllama/llama-7b,dummy-lora-7b-rank-128-0,556,19,449.71433311792975
5421,huggyllama/llama-7b,dummy-lora-7b-rank-128-0,916,93,449.86955331664353
5422,huggyllama/llama-7b,dummy-lora-7b-rank-128-2,600,28,449.8871629359853
5423,huggyllama/llama-7b,dummy-lora-7b-rank-128-0,310,51,449.9162112947427
5424,huggyllama/llama-7b,dummy-lora-7b-rank-8-3,248,43,452.0984323471349
5425,huggyllama/llama-7b,dummy-lora-7b-rank-128-0,620,21,452.10528671990335
5426,huggyllama/llama-7b,dummy-lora-7b-rank-128-3,553,10,452.10590232077175
5427,huggyllama/llama-7b,dummy-lora-7b-rank-8-1,574,32,452.109113884819
5428,huggyllama/llama-7b,dummy-lora-7b-rank-128-4,674,83,452.1120830320075
5429,huggyllama/llama-7b,dummy-lora-7b-rank-128-3,352,53,452.11615043712294
5430,huggyllama/llama-7b,dummy-lora-7b-rank-128-0,907,39,452.12239205454335
5431,huggyllama/llama-7b,dummy-lora-7b-rank-128-0,467,53,452.12868248941044
5432,huggyllama/llama-7b,dummy-lora-7b-rank-128-4,560,27,452.17970934500096
5433,huggyllama/llama-7b,dummy-lora-7b-rank-128-1,564,28,452.2139533443503
5434,huggyllama/llama-7b,dummy-lora-7b-rank-32-0,539,4,452.3478496618797
5435,huggyllama/llama-7b,dummy-lora-7b-rank-64-0,574,33,452.55158985748045
5436,huggyllama/llama-7b,dummy-lora-7b-rank-8-0,574,23,452.5959894461134
5437,huggyllama/llama-7b,dummy-lora-7b-rank-128-0,758,100,452.59884363538686
5438,huggyllama/llama-7b,dummy-lora-7b-rank-64-2,552,19,452.64252204497495
5439,huggyllama/llama-7b,dummy-lora-7b-rank-16-4,578,13,452.72394609015294
5440,huggyllama/llama-7b,dummy-lora-7b-rank-8-4,211,39,452.78911093041665
5441,huggyllama/llama-7b,dummy-lora-7b-rank-128-1,117,19,452.94481273847595
5442,huggyllama/llama-7b,dummy-lora-7b-rank-128-0,561,25,452.9979408540911
5443,huggyllama/llama-7b,dummy-lora-7b-rank-32-4,247,132,453.040859666249
5444,huggyllama/llama-7b,dummy-lora-7b-rank-128-3,390,50,453.04718602309407
5445,huggyllama/llama-7b,dummy-lora-7b-rank-16-4,376,9,453.0676725093531
5446,huggyllama/llama-7b,dummy-lora-7b-rank-32-3,728,46,453.0947857791841
5447,huggyllama/llama-7b,dummy-lora-7b-rank-32-2,306,149,453.14957881699996
5448,huggyllama/llama-7b,dummy-lora-7b-rank-128-3,252,58,453.16019807603914
5449,huggyllama/llama-7b,dummy-lora-7b-rank-128-0,390,6,453.19341010365173
5450,huggyllama/llama-7b,dummy-lora-7b-rank-8-0,449,62,453.2099059518498
5451,huggyllama/llama-7b,dummy-lora-7b-rank-128-2,288,72,453.26158777724567
5452,huggyllama/llama-7b,dummy-lora-7b-rank-128-1,401,51,453.38028040072464
5453,huggyllama/llama-7b,dummy-lora-7b-rank-128-4,153,33,453.3808842509824
5454,huggyllama/llama-7b,dummy-lora-7b-rank-128-1,550,18,453.38606141149137
5455,huggyllama/llama-7b,dummy-lora-7b-rank-128-2,858,3,453.39564916294415
5456,huggyllama/llama-7b,dummy-lora-7b-rank-8-4,225,154,453.4363082428459
5457,huggyllama/llama-7b,dummy-lora-7b-rank-32-1,280,47,453.4680661726103
5458,huggyllama/llama-7b,dummy-lora-7b-rank-128-2,928,9,453.4799835231605
5459,huggyllama/llama-7b,dummy-lora-7b-rank-128-0,228,38,453.53028097418377
5460,huggyllama/llama-7b,dummy-lora-7b-rank-8-1,1005,12,453.59299996064965
5461,huggyllama/llama-7b,dummy-lora-7b-rank-32-3,560,24,453.59322944372553
5462,huggyllama/llama-7b,dummy-lora-7b-rank-128-0,389,46,453.62797143803607
5463,huggyllama/llama-7b,dummy-lora-7b-rank-64-0,548,17,453.6559908447563
5464,huggyllama/llama-7b,dummy-lora-7b-rank-8-2,603,8,453.66635691740913
5465,huggyllama/llama-7b,dummy-lora-7b-rank-64-1,416,55,453.73587677352543
5466,huggyllama/llama-7b,dummy-lora-7b-rank-8-1,525,46,453.7556758294863
5467,huggyllama/llama-7b,dummy-lora-7b-rank-32-1,576,2,453.75690544885657
5468,huggyllama/llama-7b,dummy-lora-7b-rank-128-0,730,83,453.8394374423887
5469,huggyllama/llama-7b,dummy-lora-7b-rank-128-3,821,107,453.8416528699921
5470,huggyllama/llama-7b,dummy-lora-7b-rank-64-0,572,30,453.84477488620496
5471,huggyllama/llama-7b,dummy-lora-7b-rank-128-3,371,8,453.9189058135509
5472,huggyllama/llama-7b,dummy-lora-7b-rank-32-2,823,26,456.0959368201698
5473,huggyllama/llama-7b,dummy-lora-7b-rank-128-0,387,221,456.1373909113859
5474,huggyllama/llama-7b,dummy-lora-7b-rank-64-0,373,19,456.15423949881523
5475,huggyllama/llama-7b,dummy-lora-7b-rank-64-4,612,12,456.23310541944954
5476,huggyllama/llama-7b,dummy-lora-7b-rank-128-1,240,46,456.24983031574124
5477,huggyllama/llama-7b,dummy-lora-7b-rank-32-0,169,45,456.2878425389581
5478,huggyllama/llama-7b,dummy-lora-7b-rank-128-4,419,228,456.3145417366617
5479,huggyllama/llama-7b,dummy-lora-7b-rank-128-3,544,15,456.3348970594422
5480,huggyllama/llama-7b,dummy-lora-7b-rank-16-3,537,90,456.3844639999434
5481,huggyllama/llama-7b,dummy-lora-7b-rank-8-2,515,7,456.39453275957067
5482,huggyllama/llama-7b,dummy-lora-7b-rank-128-0,578,35,456.4416694176133
5483,huggyllama/llama-7b,dummy-lora-7b-rank-128-2,676,30,456.5572956615834
5484,huggyllama/llama-7b,dummy-lora-7b-rank-8-1,565,82,456.57556602212213
5485,huggyllama/llama-7b,dummy-lora-7b-rank-128-0,273,127,456.60129892467376
5486,huggyllama/llama-7b,dummy-lora-7b-rank-64-0,474,59,456.6297231646864
5487,huggyllama/llama-7b,dummy-lora-7b-rank-128-4,599,18,456.63120316634894
5488,huggyllama/llama-7b,dummy-lora-7b-rank-128-4,564,23,456.6454351936135
5489,huggyllama/llama-7b,dummy-lora-7b-rank-64-3,491,50,456.65732749459
5490,huggyllama/llama-7b,dummy-lora-7b-rank-128-0,364,52,456.68265815489457
5491,huggyllama/llama-7b,dummy-lora-7b-rank-128-3,370,81,456.6905857963662
5492,huggyllama/llama-7b,dummy-lora-7b-rank-128-4,114,132,456.74105754771796
5493,huggyllama/llama-7b,dummy-lora-7b-rank-64-3,525,58,456.8316649679584
5494,huggyllama/llama-7b,dummy-lora-7b-rank-128-4,552,19,457.0253717738791
5495,huggyllama/llama-7b,dummy-lora-7b-rank-128-4,560,28,457.03410946862607
5496,huggyllama/llama-7b,dummy-lora-7b-rank-8-1,288,34,457.0906269301904
5497,huggyllama/llama-7b,dummy-lora-7b-rank-64-3,587,58,457.10285808015743
5498,huggyllama/llama-7b,dummy-lora-7b-rank-64-1,558,24,457.1742225312671
5499,huggyllama/llama-7b,dummy-lora-7b-rank-128-2,984,62,457.2021979849109
5500,huggyllama/llama-7b,dummy-lora-7b-rank-128-0,605,20,457.2891539873047
5501,huggyllama/llama-7b,dummy-lora-7b-rank-8-0,548,17,457.3021113145197
5502,huggyllama/llama-7b,dummy-lora-7b-rank-64-0,515,20,457.32477060429
5503,huggyllama/llama-7b,dummy-lora-7b-rank-128-2,332,85,457.3304137053604
5504,huggyllama/llama-7b,dummy-lora-7b-rank-128-1,643,2,457.4274292365356
5505,huggyllama/llama-7b,dummy-lora-7b-rank-128-1,564,26,457.4565124059757
5506,huggyllama/llama-7b,dummy-lora-7b-rank-32-1,329,67,457.46884451055365
5507,huggyllama/llama-7b,dummy-lora-7b-rank-16-4,952,38,457.48121547318993
5508,huggyllama/llama-7b,dummy-lora-7b-rank-16-2,486,90,457.5237805667297
5509,huggyllama/llama-7b,dummy-lora-7b-rank-8-3,289,43,457.5398693481273
5510,huggyllama/llama-7b,dummy-lora-7b-rank-32-0,590,22,457.6540297940401
5511,huggyllama/llama-7b,dummy-lora-7b-rank-16-4,923,50,457.75149465157506
5512,huggyllama/llama-7b,dummy-lora-7b-rank-128-4,891,40,457.7579978343483
5513,huggyllama/llama-7b,dummy-lora-7b-rank-32-3,184,48,457.7701107751584
5514,huggyllama/llama-7b,dummy-lora-7b-rank-64-4,436,49,457.80158427732704
5515,huggyllama/llama-7b,dummy-lora-7b-rank-32-1,758,101,457.8840391417614
5516,huggyllama/llama-7b,dummy-lora-7b-rank-32-1,726,43,457.88967386123073
5517,huggyllama/llama-7b,dummy-lora-7b-rank-128-0,315,46,457.9242044574604
5518,huggyllama/llama-7b,dummy-lora-7b-rank-8-3,380,47,457.9287307877615
5519,huggyllama/llama-7b,dummy-lora-7b-rank-32-0,548,17,457.9578628529202
5520,huggyllama/llama-7b,dummy-lora-7b-rank-128-4,843,167,460.03441301912693
5521,huggyllama/llama-7b,dummy-lora-7b-rank-128-2,538,8,460.24490504054927
5522,huggyllama/llama-7b,dummy-lora-7b-rank-128-4,552,19,460.2479827353405
5523,huggyllama/llama-7b,dummy-lora-7b-rank-128-4,183,66,460.3113504841085
5524,huggyllama/llama-7b,dummy-lora-7b-rank-128-4,716,103,460.3302631644295
5525,huggyllama/llama-7b,dummy-lora-7b-rank-128-3,479,71,460.33843839623785
5526,huggyllama/llama-7b,dummy-lora-7b-rank-32-4,314,34,460.42343563661547
5527,huggyllama/llama-7b,dummy-lora-7b-rank-128-4,177,5,460.4539656653548
5528,huggyllama/llama-7b,dummy-lora-7b-rank-8-3,562,27,460.4660924363913
5529,huggyllama/llama-7b,dummy-lora-7b-rank-128-2,584,10,460.470364776039
5530,huggyllama/llama-7b,dummy-lora-7b-rank-128-2,452,110,460.47619328515265
5531,huggyllama/llama-7b,dummy-lora-7b-rank-8-0,315,52,460.5149176028681
5532,huggyllama/llama-7b,dummy-lora-7b-rank-64-4,623,74,460.6007527442892
5533,huggyllama/llama-7b,dummy-lora-7b-rank-128-3,1023,11,460.6408532988255
5534,huggyllama/llama-7b,dummy-lora-7b-rank-8-0,257,55,460.70542178821717
5535,huggyllama/llama-7b,dummy-lora-7b-rank-128-1,482,162,460.73655737949844
5536,huggyllama/llama-7b,dummy-lora-7b-rank-128-4,554,21,460.79516226685644
5537,huggyllama/llama-7b,dummy-lora-7b-rank-16-4,667,11,460.8036414610404
5538,huggyllama/llama-7b,dummy-lora-7b-rank-32-3,613,13,460.8298914049661
5539,huggyllama/llama-7b,dummy-lora-7b-rank-8-0,568,12,460.9154834578843
5540,huggyllama/llama-7b,dummy-lora-7b-rank-128-4,592,30,460.93164832088
5541,huggyllama/llama-7b,dummy-lora-7b-rank-64-0,626,12,460.9710811146818
5542,huggyllama/llama-7b,dummy-lora-7b-rank-128-3,562,22,461.1127583609264
5543,huggyllama/llama-7b,dummy-lora-7b-rank-128-3,584,20,461.16797969954706
5544,huggyllama/llama-7b,dummy-lora-7b-rank-8-1,742,51,461.19890056016635
5545,huggyllama/llama-7b,dummy-lora-7b-rank-64-4,338,51,461.20655130635055
5546,huggyllama/llama-7b,dummy-lora-7b-rank-16-1,818,66,461.2268966025278
5547,huggyllama/llama-7b,dummy-lora-7b-rank-128-0,188,42,461.23861681861484
5548,huggyllama/llama-7b,dummy-lora-7b-rank-128-4,114,41,461.3664664040449
5549,huggyllama/llama-7b,dummy-lora-7b-rank-128-0,564,26,461.37504151259134
5550,huggyllama/llama-7b,dummy-lora-7b-rank-128-1,54,54,461.38334524735075
5551,huggyllama/llama-7b,dummy-lora-7b-rank-128-0,552,21,461.39528398529757
5552,huggyllama/llama-7b,dummy-lora-7b-rank-64-4,566,28,461.4062290669865
5553,huggyllama/llama-7b,dummy-lora-7b-rank-16-3,479,52,461.4095038134259
5554,huggyllama/llama-7b,dummy-lora-7b-rank-128-0,541,85,461.443715285214
5555,huggyllama/llama-7b,dummy-lora-7b-rank-32-4,408,5,461.48612875810954
5556,huggyllama/llama-7b,dummy-lora-7b-rank-128-2,599,17,461.4938685480705
5557,huggyllama/llama-7b,dummy-lora-7b-rank-128-2,680,86,461.5073347607548
5558,huggyllama/llama-7b,dummy-lora-7b-rank-8-1,376,46,461.51305851364253
5559,huggyllama/llama-7b,dummy-lora-7b-rank-32-3,209,88,461.5348828768927
5560,huggyllama/llama-7b,dummy-lora-7b-rank-128-0,511,11,461.64008443645383
5561,huggyllama/llama-7b,dummy-lora-7b-rank-128-3,332,51,461.6529718108601
5562,huggyllama/llama-7b,dummy-lora-7b-rank-128-3,164,44,461.74508691933323
5563,huggyllama/llama-7b,dummy-lora-7b-rank-64-1,898,12,461.783595620956
5564,huggyllama/llama-7b,dummy-lora-7b-rank-128-0,743,22,461.90290374908807
5565,huggyllama/llama-7b,dummy-lora-7b-rank-128-1,613,24,461.9581698768552
5566,huggyllama/llama-7b,dummy-lora-7b-rank-128-2,559,12,461.98302890216473
5567,huggyllama/llama-7b,dummy-lora-7b-rank-64-4,301,89,461.99263014500747
5568,huggyllama/llama-7b,dummy-lora-7b-rank-32-2,330,147,464.0970901231386
5569,huggyllama/llama-7b,dummy-lora-7b-rank-16-1,431,54,464.1408003286214
5570,huggyllama/llama-7b,dummy-lora-7b-rank-16-2,601,13,464.18241384793123
5571,huggyllama/llama-7b,dummy-lora-7b-rank-32-0,545,6,464.1868460363382
5572,huggyllama/llama-7b,dummy-lora-7b-rank-128-2,522,49,464.22592779327886
5573,huggyllama/llama-7b,dummy-lora-7b-rank-64-2,619,11,464.2347266520555
5574,huggyllama/llama-7b,dummy-lora-7b-rank-128-4,159,76,464.2711007767029
5575,huggyllama/llama-7b,dummy-lora-7b-rank-128-1,560,23,464.3401388899025
5576,huggyllama/llama-7b,dummy-lora-7b-rank-128-0,465,9,464.36360124870487
5577,huggyllama/llama-7b,dummy-lora-7b-rank-128-4,399,6,464.4273151715508
5578,huggyllama/llama-7b,dummy-lora-7b-rank-128-4,132,90,464.4927933146663
5579,huggyllama/llama-7b,dummy-lora-7b-rank-128-1,750,46,464.5007984040309
5580,huggyllama/llama-7b,dummy-lora-7b-rank-128-0,720,76,464.5037951874133
5581,huggyllama/llama-7b,dummy-lora-7b-rank-128-3,505,41,464.5822239803335
5582,huggyllama/llama-7b,dummy-lora-7b-rank-64-3,548,17,464.6116010973606
5583,huggyllama/llama-7b,dummy-lora-7b-rank-128-3,227,3,464.61404527727814
5584,huggyllama/llama-7b,dummy-lora-7b-rank-128-0,286,167,464.62723059664023
5585,huggyllama/llama-7b,dummy-lora-7b-rank-128-3,594,31,464.6561226766408
5586,huggyllama/llama-7b,dummy-lora-7b-rank-16-3,557,21,464.6596476213824
5587,huggyllama/llama-7b,dummy-lora-7b-rank-128-0,703,15,464.78819081174015
5588,huggyllama/llama-7b,dummy-lora-7b-rank-128-1,556,18,464.812292496469
5589,huggyllama/llama-7b,dummy-lora-7b-rank-128-4,440,48,464.8137529725015
5590,huggyllama/llama-7b,dummy-lora-7b-rank-32-1,775,44,464.819319200633
5591,huggyllama/llama-7b,dummy-lora-7b-rank-64-4,607,16,464.89254132277756
5592,huggyllama/llama-7b,dummy-lora-7b-rank-128-1,336,50,465.09267047965903
5593,huggyllama/llama-7b,dummy-lora-7b-rank-8-2,606,2,465.1606472975951
5594,huggyllama/llama-7b,dummy-lora-7b-rank-128-2,636,23,465.17539820756366
5595,huggyllama/llama-7b,dummy-lora-7b-rank-128-1,219,158,465.2473468120644
5596,huggyllama/llama-7b,dummy-lora-7b-rank-16-4,590,20,465.2514741962152
5597,huggyllama/llama-7b,dummy-lora-7b-rank-8-0,371,4,465.2625891449226
5598,huggyllama/llama-7b,dummy-lora-7b-rank-128-1,289,41,465.3567565027373
5599,huggyllama/llama-7b,dummy-lora-7b-rank-32-3,322,48,465.41468398447137
5600,huggyllama/llama-7b,dummy-lora-7b-rank-64-1,399,80,465.42086399950085
5601,huggyllama/llama-7b,dummy-lora-7b-rank-32-2,556,18,465.4710050428466
5602,huggyllama/llama-7b,dummy-lora-7b-rank-128-1,564,135,465.49220474497923
5603,huggyllama/llama-7b,dummy-lora-7b-rank-128-2,510,52,465.4923989175227
5604,huggyllama/llama-7b,dummy-lora-7b-rank-64-2,359,51,465.5720753687052
5605,huggyllama/llama-7b,dummy-lora-7b-rank-128-0,514,7,465.6124288471346
5606,huggyllama/llama-7b,dummy-lora-7b-rank-128-0,621,48,465.65959426478685
5607,huggyllama/llama-7b,dummy-lora-7b-rank-64-0,566,28,465.70802905800707
5608,huggyllama/llama-7b,dummy-lora-7b-rank-8-1,498,53,465.8016114510492
5609,huggyllama/llama-7b,dummy-lora-7b-rank-128-1,360,40,465.81114367229316
5610,huggyllama/llama-7b,dummy-lora-7b-rank-128-3,565,21,465.85010079035965
5611,huggyllama/llama-7b,dummy-lora-7b-rank-128-4,592,25,465.8899182653462
5612,huggyllama/llama-7b,dummy-lora-7b-rank-8-3,414,49,465.91910384659565
5613,huggyllama/llama-7b,dummy-lora-7b-rank-64-2,584,18,465.96241523959185
5614,huggyllama/llama-7b,dummy-lora-7b-rank-128-2,344,6,465.9739965338107
5615,huggyllama/llama-7b,dummy-lora-7b-rank-64-1,580,35,465.97651425192777
5616,huggyllama/llama-7b,dummy-lora-7b-rank-128-2,574,33,468.07971712099294
5617,huggyllama/llama-7b,dummy-lora-7b-rank-32-1,560,15,468.08776037236305
5618,huggyllama/llama-7b,dummy-lora-7b-rank-128-0,605,50,468.1003526702465
5619,huggyllama/llama-7b,dummy-lora-7b-rank-128-3,903,30,468.2035738882018
5620,huggyllama/llama-7b,dummy-lora-7b-rank-16-3,555,19,468.33462176944454
5621,huggyllama/llama-7b,dummy-lora-7b-rank-128-1,158,38,468.4363571305949
5622,huggyllama/llama-7b,dummy-lora-7b-rank-128-0,581,53,468.4653539917584
5623,huggyllama/llama-7b,dummy-lora-7b-rank-32-2,558,22,468.5427437135077
5624,huggyllama/llama-7b,dummy-lora-7b-rank-64-3,553,14,468.7176414937803
5625,huggyllama/llama-7b,dummy-lora-7b-rank-8-3,570,11,468.72959876061685
5626,huggyllama/llama-7b,dummy-lora-7b-rank-128-4,720,17,468.73419729919726
5627,huggyllama/llama-7b,dummy-lora-7b-rank-8-0,560,23,468.8000872434582
5628,huggyllama/llama-7b,dummy-lora-7b-rank-16-2,482,88,468.80377696833244
5629,huggyllama/llama-7b,dummy-lora-7b-rank-128-3,578,35,468.81298883364724
5630,huggyllama/llama-7b,dummy-lora-7b-rank-32-1,489,18,468.83392051985936
5631,huggyllama/llama-7b,dummy-lora-7b-rank-16-3,539,57,468.87609755315873
5632,huggyllama/llama-7b,dummy-lora-7b-rank-16-4,191,186,469.01405129416486
5633,huggyllama/llama-7b,dummy-lora-7b-rank-128-0,952,12,469.0427081116141
5634,huggyllama/llama-7b,dummy-lora-7b-rank-128-0,387,40,469.1336545929068
5635,huggyllama/llama-7b,dummy-lora-7b-rank-128-0,193,40,469.17470729328835
5636,huggyllama/llama-7b,dummy-lora-7b-rank-128-1,393,51,469.21792443146705
5637,huggyllama/llama-7b,dummy-lora-7b-rank-32-2,136,70,469.22767269170373
5638,huggyllama/llama-7b,dummy-lora-7b-rank-128-1,928,9,469.25946421651525
5639,huggyllama/llama-7b,dummy-lora-7b-rank-128-0,385,66,469.30009652409956
5640,huggyllama/llama-7b,dummy-lora-7b-rank-64-4,464,6,469.3577837328644
5641,huggyllama/llama-7b,dummy-lora-7b-rank-8-4,725,41,469.49337918092516
5642,huggyllama/llama-7b,dummy-lora-7b-rank-128-0,554,20,469.49762128780117
5643,huggyllama/llama-7b,dummy-lora-7b-rank-16-1,550,18,469.52054234952465
5644,huggyllama/llama-7b,dummy-lora-7b-rank-128-1,409,58,469.52311390521464
5645,huggyllama/llama-7b,dummy-lora-7b-rank-32-3,176,63,469.58655836997104
5646,huggyllama/llama-7b,dummy-lora-7b-rank-32-3,329,63,469.59102188502936
5647,huggyllama/llama-7b,dummy-lora-7b-rank-128-4,400,56,469.60092628770246
5648,huggyllama/llama-7b,dummy-lora-7b-rank-64-3,329,7,469.6158046759083
5649,huggyllama/llama-7b,dummy-lora-7b-rank-8-3,550,20,469.6353857783535
5650,huggyllama/llama-7b,dummy-lora-7b-rank-32-3,599,17,469.6612723160394
5651,huggyllama/llama-7b,dummy-lora-7b-rank-16-0,242,47,469.6843659363731
5652,huggyllama/llama-7b,dummy-lora-7b-rank-32-1,273,46,469.6986641929389
5653,huggyllama/llama-7b,dummy-lora-7b-rank-128-3,601,18,469.76345555775777
5654,huggyllama/llama-7b,dummy-lora-7b-rank-8-3,263,139,469.7642764337909
5655,huggyllama/llama-7b,dummy-lora-7b-rank-64-4,486,62,469.76591629726
5656,huggyllama/llama-7b,dummy-lora-7b-rank-32-0,734,11,469.77124241922843
5657,huggyllama/llama-7b,dummy-lora-7b-rank-128-3,350,50,469.7923866527834
5658,huggyllama/llama-7b,dummy-lora-7b-rank-128-1,167,48,469.8036323339448
5659,huggyllama/llama-7b,dummy-lora-7b-rank-16-1,420,59,469.81602355008647
5660,huggyllama/llama-7b,dummy-lora-7b-rank-16-0,558,20,469.82438862217873
5661,huggyllama/llama-7b,dummy-lora-7b-rank-128-1,426,74,469.8714329794353
5662,huggyllama/llama-7b,dummy-lora-7b-rank-16-1,628,21,469.8795240523803
5663,huggyllama/llama-7b,dummy-lora-7b-rank-128-0,717,175,469.89656556821814
5664,huggyllama/llama-7b,dummy-lora-7b-rank-32-2,238,228,472.04701725563996
5665,huggyllama/llama-7b,dummy-lora-7b-rank-128-0,225,60,472.0663576436119
5666,huggyllama/llama-7b,dummy-lora-7b-rank-128-1,345,37,472.0906441865725
5667,huggyllama/llama-7b,dummy-lora-7b-rank-128-1,570,13,472.1135492445619
5668,huggyllama/llama-7b,dummy-lora-7b-rank-128-2,130,46,472.12194243740805
5669,huggyllama/llama-7b,dummy-lora-7b-rank-128-1,708,87,472.1244875189731
5670,huggyllama/llama-7b,dummy-lora-7b-rank-128-4,564,26,472.13360201643593
5671,huggyllama/llama-7b,dummy-lora-7b-rank-16-3,707,9,472.16843267795605
5672,huggyllama/llama-7b,dummy-lora-7b-rank-32-3,483,91,472.3678785377409
5673,huggyllama/llama-7b,dummy-lora-7b-rank-32-1,526,52,472.3695923827448
5674,huggyllama/llama-7b,dummy-lora-7b-rank-16-3,336,40,472.40865768866496
5675,huggyllama/llama-7b,dummy-lora-7b-rank-128-1,487,55,472.43089339252595
5676,huggyllama/llama-7b,dummy-lora-7b-rank-64-4,857,13,472.43942886811584
5677,huggyllama/llama-7b,dummy-lora-7b-rank-128-3,298,57,472.4840585445735
5678,huggyllama/llama-7b,dummy-lora-7b-rank-32-1,552,19,472.54216995825277
5679,huggyllama/llama-7b,dummy-lora-7b-rank-16-4,982,3,472.57441817418436
5680,huggyllama/llama-7b,dummy-lora-7b-rank-128-0,317,37,472.5763514890326
5681,huggyllama/llama-7b,dummy-lora-7b-rank-128-1,596,24,472.6382624800764
5682,huggyllama/llama-7b,dummy-lora-7b-rank-128-4,993,3,472.6558173976412
5683,huggyllama/llama-7b,dummy-lora-7b-rank-128-4,681,49,472.6987319374221
5684,huggyllama/llama-7b,dummy-lora-7b-rank-128-4,113,33,472.7048783789417
5685,huggyllama/llama-7b,dummy-lora-7b-rank-128-2,566,26,472.7055998791846
5686,huggyllama/llama-7b,dummy-lora-7b-rank-16-3,632,64,472.7159760399449
5687,huggyllama/llama-7b,dummy-lora-7b-rank-64-4,558,22,472.76091572609835
5688,huggyllama/llama-7b,dummy-lora-7b-rank-64-2,302,50,472.7623571433128
5689,huggyllama/llama-7b,dummy-lora-7b-rank-128-1,459,63,472.8085270124115
5690,huggyllama/llama-7b,dummy-lora-7b-rank-128-1,765,44,472.859306655854
5691,huggyllama/llama-7b,dummy-lora-7b-rank-128-4,850,45,472.9165822039265
5692,huggyllama/llama-7b,dummy-lora-7b-rank-8-4,512,84,472.9223952843956
5693,huggyllama/llama-7b,dummy-lora-7b-rank-128-3,268,50,472.9670316722952
5694,huggyllama/llama-7b,dummy-lora-7b-rank-64-1,491,13,473.0171303949244
5695,huggyllama/llama-7b,dummy-lora-7b-rank-64-0,1020,35,473.0931075619698
5696,huggyllama/llama-7b,dummy-lora-7b-rank-128-2,624,9,473.1024435115121
5697,huggyllama/llama-7b,dummy-lora-7b-rank-8-0,762,20,473.33611373383246
5698,huggyllama/llama-7b,dummy-lora-7b-rank-128-1,185,68,473.3745374270776
5699,huggyllama/llama-7b,dummy-lora-7b-rank-32-2,580,49,473.436186841842
5700,huggyllama/llama-7b,dummy-lora-7b-rank-128-1,548,18,473.4476909779239
5701,huggyllama/llama-7b,dummy-lora-7b-rank-128-2,794,17,473.51546868610245
5702,huggyllama/llama-7b,dummy-lora-7b-rank-128-4,681,3,473.56439663096285
5703,huggyllama/llama-7b,dummy-lora-7b-rank-128-1,398,44,473.5995398536053
5704,huggyllama/llama-7b,dummy-lora-7b-rank-128-3,548,17,473.63738452611835
5705,huggyllama/llama-7b,dummy-lora-7b-rank-64-3,542,11,473.64148031167986
5706,huggyllama/llama-7b,dummy-lora-7b-rank-128-4,386,42,473.68744544106704
5707,huggyllama/llama-7b,dummy-lora-7b-rank-128-0,564,25,473.7075634289363
5708,huggyllama/llama-7b,dummy-lora-7b-rank-32-2,829,12,473.7160968016271
5709,huggyllama/llama-7b,dummy-lora-7b-rank-64-1,603,17,473.802362770382
5710,huggyllama/llama-7b,dummy-lora-7b-rank-128-2,419,41,473.83147670931277
5711,huggyllama/llama-7b,dummy-lora-7b-rank-16-1,550,18,473.955877815238
5712,huggyllama/llama-7b,dummy-lora-7b-rank-32-0,582,64,476.05912244351236
5713,huggyllama/llama-7b,dummy-lora-7b-rank-16-1,851,9,476.09442512117414
5714,huggyllama/llama-7b,dummy-lora-7b-rank-64-0,300,46,476.12891476756505
5715,huggyllama/llama-7b,dummy-lora-7b-rank-32-2,615,116,476.18216342205045
5716,huggyllama/llama-7b,dummy-lora-7b-rank-32-2,850,112,476.2081152528687
5717,huggyllama/llama-7b,dummy-lora-7b-rank-128-0,645,8,476.2160394330795
5718,huggyllama/llama-7b,dummy-lora-7b-rank-128-1,356,8,476.30116589765856
5719,huggyllama/llama-7b,dummy-lora-7b-rank-16-3,253,58,476.31676498682003
5720,huggyllama/llama-7b,dummy-lora-7b-rank-128-1,315,7,476.33315447049927
5721,huggyllama/llama-7b,dummy-lora-7b-rank-8-4,550,18,476.36398019909336
5722,huggyllama/llama-7b,dummy-lora-7b-rank-128-1,651,43,476.38161493198135
5723,huggyllama/llama-7b,dummy-lora-7b-rank-128-1,622,48,476.45901492248254
5724,huggyllama/llama-7b,dummy-lora-7b-rank-32-3,710,11,476.4723996604541
5725,huggyllama/llama-7b,dummy-lora-7b-rank-128-2,563,20,476.5365853794048
5726,huggyllama/llama-7b,dummy-lora-7b-rank-128-1,273,252,476.5379462500454
5727,huggyllama/llama-7b,dummy-lora-7b-rank-128-3,701,26,476.55114440920875
5728,huggyllama/llama-7b,dummy-lora-7b-rank-16-0,650,10,476.5513959068187
5729,huggyllama/llama-7b,dummy-lora-7b-rank-128-4,386,51,476.56807841303464
5730,huggyllama/llama-7b,dummy-lora-7b-rank-8-1,368,11,476.58798908647265
5731,huggyllama/llama-7b,dummy-lora-7b-rank-32-1,351,26,476.62814056470893
5732,huggyllama/llama-7b,dummy-lora-7b-rank-128-1,1023,129,476.6893352545342
5733,huggyllama/llama-7b,dummy-lora-7b-rank-64-1,611,23,476.7486793609393
5734,huggyllama/llama-7b,dummy-lora-7b-rank-128-0,414,148,476.82723012987265
5735,huggyllama/llama-7b,dummy-lora-7b-rank-128-4,320,98,476.8602935113181
5736,huggyllama/llama-7b,dummy-lora-7b-rank-64-2,228,3,476.8706880553673
5737,huggyllama/llama-7b,dummy-lora-7b-rank-8-4,201,62,476.8785304732503
5738,huggyllama/llama-7b,dummy-lora-7b-rank-32-3,686,23,476.88275988950846
5739,huggyllama/llama-7b,dummy-lora-7b-rank-16-1,1021,111,476.88780224578665
5740,huggyllama/llama-7b,dummy-lora-7b-rank-16-0,332,157,476.9288828118162
5741,huggyllama/llama-7b,dummy-lora-7b-rank-32-2,487,5,476.9381190311453
5742,huggyllama/llama-7b,dummy-lora-7b-rank-8-1,245,148,476.98524601966204
5743,huggyllama/llama-7b,dummy-lora-7b-rank-32-0,296,3,477.09488280005
5744,huggyllama/llama-7b,dummy-lora-7b-rank-128-3,580,10,477.160288318449
5745,huggyllama/llama-7b,dummy-lora-7b-rank-128-3,597,24,477.2549128074554
5746,huggyllama/llama-7b,dummy-lora-7b-rank-8-1,793,93,477.32284154144537
5747,huggyllama/llama-7b,dummy-lora-7b-rank-64-3,600,26,477.36063202435025
5748,huggyllama/llama-7b,dummy-lora-7b-rank-128-4,616,60,477.4879807298764
5749,huggyllama/llama-7b,dummy-lora-7b-rank-8-0,561,23,477.4888127095371
5750,huggyllama/llama-7b,dummy-lora-7b-rank-8-3,578,35,477.51003663270103
5751,huggyllama/llama-7b,dummy-lora-7b-rank-16-1,588,20,477.51338291943097
5752,huggyllama/llama-7b,dummy-lora-7b-rank-8-0,605,20,477.545307462573
5753,huggyllama/llama-7b,dummy-lora-7b-rank-128-1,366,43,477.6087624338711
5754,huggyllama/llama-7b,dummy-lora-7b-rank-128-0,377,48,477.6629786599204
5755,huggyllama/llama-7b,dummy-lora-7b-rank-16-2,616,8,477.7183629866583
5756,huggyllama/llama-7b,dummy-lora-7b-rank-16-4,352,51,477.72544696685236
5757,huggyllama/llama-7b,dummy-lora-7b-rank-128-3,907,50,477.7606829297774
5758,huggyllama/llama-7b,dummy-lora-7b-rank-64-2,742,56,477.7754855049196
5759,huggyllama/llama-7b,dummy-lora-7b-rank-128-3,564,27,477.8354544575553
5760,huggyllama/llama-7b,dummy-lora-7b-rank-64-4,468,48,480.00019411829464
5761,huggyllama/llama-7b,dummy-lora-7b-rank-16-4,341,153,480.0156454217894
5762,huggyllama/llama-7b,dummy-lora-7b-rank-16-0,1000,12,480.05908428058024
5763,huggyllama/llama-7b,dummy-lora-7b-rank-128-4,552,19,480.06285929055963
5764,huggyllama/llama-7b,dummy-lora-7b-rank-128-1,586,11,480.1038975794768
5765,huggyllama/llama-7b,dummy-lora-7b-rank-128-0,959,88,480.1045782614134
5766,huggyllama/llama-7b,dummy-lora-7b-rank-128-3,413,11,480.17860282541847
5767,huggyllama/llama-7b,dummy-lora-7b-rank-128-4,353,65,480.1829582759457
5768,huggyllama/llama-7b,dummy-lora-7b-rank-8-4,629,23,480.2470728988497
5769,huggyllama/llama-7b,dummy-lora-7b-rank-128-4,421,47,480.2893183391786
5770,huggyllama/llama-7b,dummy-lora-7b-rank-128-2,554,20,480.30679077349276
5771,huggyllama/llama-7b,dummy-lora-7b-rank-8-2,509,204,480.31107791657314
5772,huggyllama/llama-7b,dummy-lora-7b-rank-128-2,649,113,480.3428154531441
5773,huggyllama/llama-7b,dummy-lora-7b-rank-16-2,548,17,480.3444556561816
5774,huggyllama/llama-7b,dummy-lora-7b-rank-128-4,191,129,480.34477337412295
5775,huggyllama/llama-7b,dummy-lora-7b-rank-32-3,241,60,480.45628004932246
5776,huggyllama/llama-7b,dummy-lora-7b-rank-128-4,558,24,480.6679206888868
5777,huggyllama/llama-7b,dummy-lora-7b-rank-128-0,555,34,480.7154110557212
5778,huggyllama/llama-7b,dummy-lora-7b-rank-32-2,451,14,480.9076103587575
5779,huggyllama/llama-7b,dummy-lora-7b-rank-128-3,711,85,480.9212491947539
5780,huggyllama/llama-7b,dummy-lora-7b-rank-16-1,283,153,480.9356429562391
5781,huggyllama/llama-7b,dummy-lora-7b-rank-128-1,856,40,481.03666735052906
5782,huggyllama/llama-7b,dummy-lora-7b-rank-32-0,317,48,481.0983426952058
5783,huggyllama/llama-7b,dummy-lora-7b-rank-16-2,574,22,481.10370639734697
5784,huggyllama/llama-7b,dummy-lora-7b-rank-64-0,201,3,481.1947047619134
5785,huggyllama/llama-7b,dummy-lora-7b-rank-128-3,558,24,481.21152875391215
5786,huggyllama/llama-7b,dummy-lora-7b-rank-128-1,632,115,481.21585208508696
5787,huggyllama/llama-7b,dummy-lora-7b-rank-128-0,151,49,481.22353930206793
5788,huggyllama/llama-7b,dummy-lora-7b-rank-128-0,525,7,481.28896625408214
5789,huggyllama/llama-7b,dummy-lora-7b-rank-128-1,296,69,481.2946944419401
5790,huggyllama/llama-7b,dummy-lora-7b-rank-128-4,231,3,481.3154771124795
5791,huggyllama/llama-7b,dummy-lora-7b-rank-128-4,316,126,481.32024145489044
5792,huggyllama/llama-7b,dummy-lora-7b-rank-16-4,234,37,481.333488809029
5793,huggyllama/llama-7b,dummy-lora-7b-rank-128-3,552,17,481.3700160815393
5794,huggyllama/llama-7b,dummy-lora-7b-rank-128-2,560,15,481.41757988395597
5795,huggyllama/llama-7b,dummy-lora-7b-rank-64-2,271,52,481.48212201925935
5796,huggyllama/llama-7b,dummy-lora-7b-rank-64-0,579,23,481.53960024806594
5797,huggyllama/llama-7b,dummy-lora-7b-rank-128-0,201,39,481.574921877325
5798,huggyllama/llama-7b,dummy-lora-7b-rank-128-4,233,62,481.5876164270095
5799,huggyllama/llama-7b,dummy-lora-7b-rank-16-3,1009,3,481.7443851182506
5800,huggyllama/llama-7b,dummy-lora-7b-rank-64-3,745,56,481.74754495385605
5801,huggyllama/llama-7b,dummy-lora-7b-rank-64-1,347,129,481.7575312402129
5802,huggyllama/llama-7b,dummy-lora-7b-rank-8-2,358,36,481.80020472874486
5803,huggyllama/llama-7b,dummy-lora-7b-rank-128-4,870,12,481.81246631416764
5804,huggyllama/llama-7b,dummy-lora-7b-rank-16-4,618,9,481.8415515213524
5805,huggyllama/llama-7b,dummy-lora-7b-rank-128-4,840,14,481.8670445808033
5806,huggyllama/llama-7b,dummy-lora-7b-rank-128-2,991,39,481.9252178200707
5807,huggyllama/llama-7b,dummy-lora-7b-rank-128-3,560,26,481.94430914731737
5808,huggyllama/llama-7b,dummy-lora-7b-rank-128-0,416,57,484.0066407252585
5809,huggyllama/llama-7b,dummy-lora-7b-rank-128-1,607,21,484.01886023235255
5810,huggyllama/llama-7b,dummy-lora-7b-rank-16-0,713,26,484.03419090588517
5811,huggyllama/llama-7b,dummy-lora-7b-rank-128-2,550,20,484.0505684420336
5812,huggyllama/llama-7b,dummy-lora-7b-rank-128-2,337,6,484.08504623857436
5813,huggyllama/llama-7b,dummy-lora-7b-rank-128-4,902,20,484.08586180349215
5814,huggyllama/llama-7b,dummy-lora-7b-rank-128-2,601,53,484.13707671246846
5815,huggyllama/llama-7b,dummy-lora-7b-rank-128-4,725,31,484.23156174870024
5816,huggyllama/llama-7b,dummy-lora-7b-rank-32-3,552,18,484.23583541987773
5817,huggyllama/llama-7b,dummy-lora-7b-rank-8-3,603,30,484.2487050061401
5818,huggyllama/llama-7b,dummy-lora-7b-rank-8-1,209,48,484.2618650034876
5819,huggyllama/llama-7b,dummy-lora-7b-rank-128-3,305,57,484.2645684144765
5820,huggyllama/llama-7b,dummy-lora-7b-rank-16-1,428,54,484.28967374247935
5821,huggyllama/llama-7b,dummy-lora-7b-rank-8-3,165,43,484.29249178604493
5822,huggyllama/llama-7b,dummy-lora-7b-rank-128-0,554,21,484.3372620906698
5823,huggyllama/llama-7b,dummy-lora-7b-rank-128-4,566,28,484.3544613504958
5824,huggyllama/llama-7b,dummy-lora-7b-rank-128-0,369,56,484.4197846912386
5825,huggyllama/llama-7b,dummy-lora-7b-rank-128-0,552,19,484.42124086632776
5826,huggyllama/llama-7b,dummy-lora-7b-rank-8-1,439,37,484.4577668315655
5827,huggyllama/llama-7b,dummy-lora-7b-rank-8-2,572,32,484.6556083944309
5828,huggyllama/llama-7b,dummy-lora-7b-rank-128-2,482,12,484.71785287118837
5829,huggyllama/llama-7b,dummy-lora-7b-rank-64-0,586,19,484.7194244479771
5830,huggyllama/llama-7b,dummy-lora-7b-rank-64-1,88,52,484.79845404179383
5831,huggyllama/llama-7b,dummy-lora-7b-rank-8-2,605,2,484.82856658443075
5832,huggyllama/llama-7b,dummy-lora-7b-rank-128-1,561,41,484.86635875374634
5833,huggyllama/llama-7b,dummy-lora-7b-rank-128-4,566,22,484.9366252124889
5834,huggyllama/llama-7b,dummy-lora-7b-rank-32-0,341,153,484.9647691619326
5835,huggyllama/llama-7b,dummy-lora-7b-rank-128-1,164,49,484.98030799915193
5836,huggyllama/llama-7b,dummy-lora-7b-rank-32-1,557,23,485.04515115200593
5837,huggyllama/llama-7b,dummy-lora-7b-rank-128-0,619,46,485.18360287278705
5838,huggyllama/llama-7b,dummy-lora-7b-rank-128-1,418,230,485.24345061803075
5839,huggyllama/llama-7b,dummy-lora-7b-rank-8-3,629,8,485.2491956607283
5840,huggyllama/llama-7b,dummy-lora-7b-rank-16-3,321,78,485.2552905324533
5841,huggyllama/llama-7b,dummy-lora-7b-rank-128-4,465,12,485.3083476154542
5842,huggyllama/llama-7b,dummy-lora-7b-rank-64-3,420,180,485.34493435805393
5843,huggyllama/llama-7b,dummy-lora-7b-rank-128-2,244,75,485.37313944392
5844,huggyllama/llama-7b,dummy-lora-7b-rank-128-3,554,12,485.5260128599137
5845,huggyllama/llama-7b,dummy-lora-7b-rank-128-3,549,12,485.54153611983367
5846,huggyllama/llama-7b,dummy-lora-7b-rank-128-4,582,17,485.5820022969204
5847,huggyllama/llama-7b,dummy-lora-7b-rank-128-4,417,70,485.59018999176163
5848,huggyllama/llama-7b,dummy-lora-7b-rank-16-0,183,54,485.6321039957242
5849,huggyllama/llama-7b,dummy-lora-7b-rank-128-4,123,19,485.6985131859647
5850,huggyllama/llama-7b,dummy-lora-7b-rank-32-4,550,46,485.77267968563143
5851,huggyllama/llama-7b,dummy-lora-7b-rank-64-0,302,108,485.77361951596737
5852,huggyllama/llama-7b,dummy-lora-7b-rank-16-2,625,53,485.77481977325937
5853,huggyllama/llama-7b,dummy-lora-7b-rank-128-3,608,22,485.7797875106237
5854,huggyllama/llama-7b,dummy-lora-7b-rank-128-0,155,26,485.863830530361
5855,huggyllama/llama-7b,dummy-lora-7b-rank-128-4,548,17,485.8737064833125
5856,huggyllama/llama-7b,dummy-lora-7b-rank-128-0,580,34,488.0641804591392
5857,huggyllama/llama-7b,dummy-lora-7b-rank-64-0,554,20,488.06821553396327
5858,huggyllama/llama-7b,dummy-lora-7b-rank-64-1,642,3,488.16753518578696
5859,huggyllama/llama-7b,dummy-lora-7b-rank-8-0,315,52,488.19251615650546
5860,huggyllama/llama-7b,dummy-lora-7b-rank-8-4,900,101,488.1992579428502
5861,huggyllama/llama-7b,dummy-lora-7b-rank-128-0,673,79,488.32310760253745
5862,huggyllama/llama-7b,dummy-lora-7b-rank-128-4,550,20,488.3575558512521
5863,huggyllama/llama-7b,dummy-lora-7b-rank-128-1,611,23,488.384574798108
5864,huggyllama/llama-7b,dummy-lora-7b-rank-128-2,242,45,488.4271372351839
5865,huggyllama/llama-7b,dummy-lora-7b-rank-32-3,658,3,488.46117451031387
5866,huggyllama/llama-7b,dummy-lora-7b-rank-128-2,578,31,488.4783863138783
5867,huggyllama/llama-7b,dummy-lora-7b-rank-128-2,559,15,488.5355927859974
5868,huggyllama/llama-7b,dummy-lora-7b-rank-8-3,570,22,488.54453597033984
5869,huggyllama/llama-7b,dummy-lora-7b-rank-16-3,373,46,488.60102447828785
5870,huggyllama/llama-7b,dummy-lora-7b-rank-64-3,419,45,488.60127566667467
5871,huggyllama/llama-7b,dummy-lora-7b-rank-32-3,67,56,488.65382901465074
5872,huggyllama/llama-7b,dummy-lora-7b-rank-128-2,521,64,488.6546151265382
5873,huggyllama/llama-7b,dummy-lora-7b-rank-128-2,455,37,488.6979597688
5874,huggyllama/llama-7b,dummy-lora-7b-rank-128-2,605,19,488.71299195229784
5875,huggyllama/llama-7b,dummy-lora-7b-rank-128-2,503,68,488.77228785413143
5876,huggyllama/llama-7b,dummy-lora-7b-rank-16-3,342,43,488.825796686676
5877,huggyllama/llama-7b,dummy-lora-7b-rank-32-3,610,39,488.8611460925558
5878,huggyllama/llama-7b,dummy-lora-7b-rank-16-1,560,16,488.86897661949916
5879,huggyllama/llama-7b,dummy-lora-7b-rank-16-0,546,16,488.8871189213627
5880,huggyllama/llama-7b,dummy-lora-7b-rank-16-4,311,47,488.9434074269968
5881,huggyllama/llama-7b,dummy-lora-7b-rank-32-4,355,40,488.9655124090681
5882,huggyllama/llama-7b,dummy-lora-7b-rank-8-0,873,18,489.0472170291218
5883,huggyllama/llama-7b,dummy-lora-7b-rank-128-3,476,49,489.0611414992212
5884,huggyllama/llama-7b,dummy-lora-7b-rank-128-3,417,44,489.0662740741213
5885,huggyllama/llama-7b,dummy-lora-7b-rank-64-0,463,38,489.07867863080907
5886,huggyllama/llama-7b,dummy-lora-7b-rank-128-1,728,7,489.1682172618107
5887,huggyllama/llama-7b,dummy-lora-7b-rank-128-4,409,51,489.1818712461519
5888,huggyllama/llama-7b,dummy-lora-7b-rank-128-2,607,8,489.25585958718216
5889,huggyllama/llama-7b,dummy-lora-7b-rank-128-3,564,21,489.2721051594583
5890,huggyllama/llama-7b,dummy-lora-7b-rank-64-4,601,14,489.2862490291568
5891,huggyllama/llama-7b,dummy-lora-7b-rank-128-3,518,63,489.34848553160634
5892,huggyllama/llama-7b,dummy-lora-7b-rank-128-3,552,20,489.3659735882608
5893,huggyllama/llama-7b,dummy-lora-7b-rank-16-2,626,34,489.3956951684613
5894,huggyllama/llama-7b,dummy-lora-7b-rank-8-2,780,7,489.41872641431434
5895,huggyllama/llama-7b,dummy-lora-7b-rank-128-2,303,102,489.5481072417997
5896,huggyllama/llama-7b,dummy-lora-7b-rank-32-2,103,44,489.59266758613313
5897,huggyllama/llama-7b,dummy-lora-7b-rank-128-0,617,38,489.64091253754566
5898,huggyllama/llama-7b,dummy-lora-7b-rank-128-2,766,72,489.6718967350741
5899,huggyllama/llama-7b,dummy-lora-7b-rank-128-4,195,10,489.69114993337774
5900,huggyllama/llama-7b,dummy-lora-7b-rank-128-3,773,82,489.70526338878636
5901,huggyllama/llama-7b,dummy-lora-7b-rank-64-3,435,15,489.893296111799
5902,huggyllama/llama-7b,dummy-lora-7b-rank-128-4,440,40,489.9291573072313
5903,huggyllama/llama-7b,dummy-lora-7b-rank-128-4,175,52,489.9800910629512
5904,huggyllama/llama-7b,dummy-lora-7b-rank-128-2,366,35,492.02352436696424
5905,huggyllama/llama-7b,dummy-lora-7b-rank-64-3,467,50,492.0794566270283
5906,huggyllama/llama-7b,dummy-lora-7b-rank-32-0,558,24,492.08575776732795
5907,huggyllama/llama-7b,dummy-lora-7b-rank-32-1,586,19,492.099773029732
5908,huggyllama/llama-7b,dummy-lora-7b-rank-128-4,975,26,492.1269743950625
5909,huggyllama/llama-7b,dummy-lora-7b-rank-64-3,572,30,492.25636257998474
5910,huggyllama/llama-7b,dummy-lora-7b-rank-64-0,307,37,492.2626748846601
5911,huggyllama/llama-7b,dummy-lora-7b-rank-8-1,564,28,492.2871985753541
5912,huggyllama/llama-7b,dummy-lora-7b-rank-128-3,535,89,492.31810467017425
5913,huggyllama/llama-7b,dummy-lora-7b-rank-8-1,530,45,492.368645934242
5914,huggyllama/llama-7b,dummy-lora-7b-rank-128-4,556,18,492.3702923106248
5915,huggyllama/llama-7b,dummy-lora-7b-rank-64-3,102,35,492.40450054732327
5916,huggyllama/llama-7b,dummy-lora-7b-rank-8-4,601,67,492.460824316146
5917,huggyllama/llama-7b,dummy-lora-7b-rank-128-0,556,21,492.4969616409363
5918,huggyllama/llama-7b,dummy-lora-7b-rank-128-3,675,11,492.5167823668744
5919,huggyllama/llama-7b,dummy-lora-7b-rank-64-0,509,52,492.6013481015187
5920,huggyllama/llama-7b,dummy-lora-7b-rank-16-1,556,21,492.62900830746185
5921,huggyllama/llama-7b,dummy-lora-7b-rank-128-1,296,72,492.6408261651626
5922,huggyllama/llama-7b,dummy-lora-7b-rank-128-2,175,64,492.65252976252845
5923,huggyllama/llama-7b,dummy-lora-7b-rank-128-2,603,15,492.66833301375493
5924,huggyllama/llama-7b,dummy-lora-7b-rank-32-4,268,126,492.7063200363625
5925,huggyllama/llama-7b,dummy-lora-7b-rank-16-2,459,41,492.7473303263325
5926,huggyllama/llama-7b,dummy-lora-7b-rank-128-2,270,37,492.807399119842
5927,huggyllama/llama-7b,dummy-lora-7b-rank-128-3,504,73,492.8326137537416
5928,huggyllama/llama-7b,dummy-lora-7b-rank-16-3,767,41,492.8620365892472
5929,huggyllama/llama-7b,dummy-lora-7b-rank-128-1,237,51,492.9264340804305
5930,huggyllama/llama-7b,dummy-lora-7b-rank-128-2,477,46,492.9272619141621
5931,huggyllama/llama-7b,dummy-lora-7b-rank-16-3,572,28,493.00018158909745
5932,huggyllama/llama-7b,dummy-lora-7b-rank-8-4,203,91,493.0699411632566
5933,huggyllama/llama-7b,dummy-lora-7b-rank-128-1,370,110,493.10005164620003
5934,huggyllama/llama-7b,dummy-lora-7b-rank-8-2,582,17,493.11338524110977
5935,huggyllama/llama-7b,dummy-lora-7b-rank-32-4,815,54,493.1784429488705
5936,huggyllama/llama-7b,dummy-lora-7b-rank-64-4,278,11,493.2316848058193
5937,huggyllama/llama-7b,dummy-lora-7b-rank-128-0,184,112,493.2819632006674
5938,huggyllama/llama-7b,dummy-lora-7b-rank-128-4,439,181,493.31662904979726
5939,huggyllama/llama-7b,dummy-lora-7b-rank-128-2,554,22,493.36523609069735
5940,huggyllama/llama-7b,dummy-lora-7b-rank-128-3,500,97,493.43588096908303
5941,huggyllama/llama-7b,dummy-lora-7b-rank-16-2,316,9,493.610734420363
5942,huggyllama/llama-7b,dummy-lora-7b-rank-128-1,728,59,493.61545937498744
5943,huggyllama/llama-7b,dummy-lora-7b-rank-128-1,487,55,493.63241744945515
5944,huggyllama/llama-7b,dummy-lora-7b-rank-128-3,435,8,493.69705400890706
5945,huggyllama/llama-7b,dummy-lora-7b-rank-128-2,390,76,493.72429548294184
5946,huggyllama/llama-7b,dummy-lora-7b-rank-64-0,113,130,493.73125960812797
5947,huggyllama/llama-7b,dummy-lora-7b-rank-32-4,894,54,493.8189407640684
5948,huggyllama/llama-7b,dummy-lora-7b-rank-128-4,424,58,493.8884018780817
5949,huggyllama/llama-7b,dummy-lora-7b-rank-32-1,510,10,493.9053543061576
5950,huggyllama/llama-7b,dummy-lora-7b-rank-128-3,566,26,493.92819027936486
5951,huggyllama/llama-7b,dummy-lora-7b-rank-128-2,148,44,493.97140313794216
5952,huggyllama/llama-7b,dummy-lora-7b-rank-32-2,902,23,496.00516495644797
5953,huggyllama/llama-7b,dummy-lora-7b-rank-16-3,240,47,496.01503900517923
5954,huggyllama/llama-7b,dummy-lora-7b-rank-128-3,627,67,496.21882978465703
5955,huggyllama/llama-7b,dummy-lora-7b-rank-16-1,425,9,496.2224954149156
5956,huggyllama/llama-7b,dummy-lora-7b-rank-128-1,495,53,496.2809031606206
5957,huggyllama/llama-7b,dummy-lora-7b-rank-16-2,552,20,496.2822013297039
5958,huggyllama/llama-7b,dummy-lora-7b-rank-128-1,222,49,496.3083018191453
5959,huggyllama/llama-7b,dummy-lora-7b-rank-8-0,158,72,496.3670810488046
5960,huggyllama/llama-7b,dummy-lora-7b-rank-32-0,202,50,496.41777720063374
5961,huggyllama/llama-7b,dummy-lora-7b-rank-16-3,507,119,496.43008676913973
5962,huggyllama/llama-7b,dummy-lora-7b-rank-32-0,653,255,496.50859466373254
5963,huggyllama/llama-7b,dummy-lora-7b-rank-128-2,597,24,496.5338098363175
5964,huggyllama/llama-7b,dummy-lora-7b-rank-128-1,605,18,496.64712568116084
5965,huggyllama/llama-7b,dummy-lora-7b-rank-128-0,196,41,496.7531455096735
5966,huggyllama/llama-7b,dummy-lora-7b-rank-32-2,465,4,496.75782699287066
5967,huggyllama/llama-7b,dummy-lora-7b-rank-16-0,552,19,496.7873641255886
5968,huggyllama/llama-7b,dummy-lora-7b-rank-128-1,562,26,496.8308297458926
5969,huggyllama/llama-7b,dummy-lora-7b-rank-128-0,546,16,496.8447334319925
5970,huggyllama/llama-7b,dummy-lora-7b-rank-8-3,566,23,496.87995572751305
5971,huggyllama/llama-7b,dummy-lora-7b-rank-16-3,331,51,496.9656712940777
5972,huggyllama/llama-7b,dummy-lora-7b-rank-128-2,507,99,496.9875265580044
5973,huggyllama/llama-7b,dummy-lora-7b-rank-32-1,526,67,496.99130857357454
5974,huggyllama/llama-7b,dummy-lora-7b-rank-128-4,321,33,496.9990835282226
5975,huggyllama/llama-7b,dummy-lora-7b-rank-32-1,863,35,497.0030290875035
5976,huggyllama/llama-7b,dummy-lora-7b-rank-8-4,493,55,497.0376272781372
5977,huggyllama/llama-7b,dummy-lora-7b-rank-32-3,623,153,497.1766658878039
5978,huggyllama/llama-7b,dummy-lora-7b-rank-8-0,57,46,497.1849608250175
5979,huggyllama/llama-7b,dummy-lora-7b-rank-128-3,544,15,497.1991925596047
5980,huggyllama/llama-7b,dummy-lora-7b-rank-32-4,177,95,497.22108759198073
5981,huggyllama/llama-7b,dummy-lora-7b-rank-8-2,660,90,497.23214115313783
5982,huggyllama/llama-7b,dummy-lora-7b-rank-128-4,562,44,497.23228033261574
5983,huggyllama/llama-7b,dummy-lora-7b-rank-128-2,548,17,497.26424620042684
5984,huggyllama/llama-7b,dummy-lora-7b-rank-128-4,570,31,497.41516695781814
5985,huggyllama/llama-7b,dummy-lora-7b-rank-128-2,554,20,497.4818709863102
5986,huggyllama/llama-7b,dummy-lora-7b-rank-16-3,556,19,497.5733171703469
5987,huggyllama/llama-7b,dummy-lora-7b-rank-128-2,594,79,497.6957493258074
5988,huggyllama/llama-7b,dummy-lora-7b-rank-64-1,552,18,497.7380732796944
5989,huggyllama/llama-7b,dummy-lora-7b-rank-128-4,312,7,497.7687314078949
5990,huggyllama/llama-7b,dummy-lora-7b-rank-16-2,129,43,497.78006279848074
5991,huggyllama/llama-7b,dummy-lora-7b-rank-128-1,480,10,497.7807342081196
5992,huggyllama/llama-7b,dummy-lora-7b-rank-64-3,552,11,497.8241486341318
5993,huggyllama/llama-7b,dummy-lora-7b-rank-128-3,349,57,497.8285898875727
5994,huggyllama/llama-7b,dummy-lora-7b-rank-128-0,537,6,497.83748258429625
5995,huggyllama/llama-7b,dummy-lora-7b-rank-32-3,469,91,497.85755863635035
5996,huggyllama/llama-7b,dummy-lora-7b-rank-128-1,371,107,497.87449768882607
5997,huggyllama/llama-7b,dummy-lora-7b-rank-8-3,238,41,497.9251847006442
5998,huggyllama/llama-7b,dummy-lora-7b-rank-64-0,575,24,497.9726053054184
5999,huggyllama/llama-7b,dummy-lora-7b-rank-128-4,178,19,497.9870359549879
6000,huggyllama/llama-7b,dummy-lora-7b-rank-128-2,582,54,500.0418787558963
6001,huggyllama/llama-7b,dummy-lora-7b-rank-128-2,556,22,500.0477108489157
6002,huggyllama/llama-7b,dummy-lora-7b-rank-32-3,556,9,500.14968169405984
6003,huggyllama/llama-7b,dummy-lora-7b-rank-8-2,406,72,500.2578872589884
6004,huggyllama/llama-7b,dummy-lora-7b-rank-128-3,213,101,500.30668762617603
6005,huggyllama/llama-7b,dummy-lora-7b-rank-128-0,190,46,500.32923661587665
6006,huggyllama/llama-7b,dummy-lora-7b-rank-8-4,161,57,500.35442642974044
6007,huggyllama/llama-7b,dummy-lora-7b-rank-8-1,603,14,500.3620314895956
6008,huggyllama/llama-7b,dummy-lora-7b-rank-64-2,605,33,500.3777742923721
6009,huggyllama/llama-7b,dummy-lora-7b-rank-8-1,389,41,500.3951536298055
6010,huggyllama/llama-7b,dummy-lora-7b-rank-128-1,638,45,500.43384672216325
6011,huggyllama/llama-7b,dummy-lora-7b-rank-16-0,250,12,500.4650203921207
6012,huggyllama/llama-7b,dummy-lora-7b-rank-32-2,527,88,500.6681061104076
6013,huggyllama/llama-7b,dummy-lora-7b-rank-128-0,558,22,500.69009730019667
6014,huggyllama/llama-7b,dummy-lora-7b-rank-128-3,179,10,500.7173122507027
6015,huggyllama/llama-7b,dummy-lora-7b-rank-64-4,319,37,500.7444111078638
6016,huggyllama/llama-7b,dummy-lora-7b-rank-128-2,523,40,500.7606957551225
6017,huggyllama/llama-7b,dummy-lora-7b-rank-128-1,247,171,500.7658478605719
6018,huggyllama/llama-7b,dummy-lora-7b-rank-8-1,971,65,500.7743920495523
6019,huggyllama/llama-7b,dummy-lora-7b-rank-16-4,548,47,500.8089654228969
6020,huggyllama/llama-7b,dummy-lora-7b-rank-128-1,439,5,500.8152961493788
6021,huggyllama/llama-7b,dummy-lora-7b-rank-128-3,847,219,500.82187257269356
6022,huggyllama/llama-7b,dummy-lora-7b-rank-64-0,564,26,500.8409631477327
6023,huggyllama/llama-7b,dummy-lora-7b-rank-8-4,254,44,500.8468984027993
6024,huggyllama/llama-7b,dummy-lora-7b-rank-128-1,401,66,500.8868100348408
6025,huggyllama/llama-7b,dummy-lora-7b-rank-32-2,156,46,500.9963391785114
6026,huggyllama/llama-7b,dummy-lora-7b-rank-32-1,552,19,501.06185490974553
6027,huggyllama/llama-7b,dummy-lora-7b-rank-32-4,550,19,501.1145251380456
6028,huggyllama/llama-7b,dummy-lora-7b-rank-64-0,885,105,501.1390795800959
6029,huggyllama/llama-7b,dummy-lora-7b-rank-32-4,151,105,501.14286772818116
6030,huggyllama/llama-7b,dummy-lora-7b-rank-16-3,556,200,501.1464914554223
6031,huggyllama/llama-7b,dummy-lora-7b-rank-128-1,584,5,501.24996316379736
6032,huggyllama/llama-7b,dummy-lora-7b-rank-64-0,226,45,501.262220372061
6033,huggyllama/llama-7b,dummy-lora-7b-rank-128-1,241,54,501.30638687016005
6034,huggyllama/llama-7b,dummy-lora-7b-rank-128-1,540,51,501.3909280609756
6035,huggyllama/llama-7b,dummy-lora-7b-rank-128-4,737,77,501.3922206941194
6036,huggyllama/llama-7b,dummy-lora-7b-rank-8-4,367,63,501.4188140275142
6037,huggyllama/llama-7b,dummy-lora-7b-rank-128-3,1016,3,501.5797166261655
6038,huggyllama/llama-7b,dummy-lora-7b-rank-128-2,553,221,501.6221937328538
6039,huggyllama/llama-7b,dummy-lora-7b-rank-64-4,365,43,501.74595867523243
6040,huggyllama/llama-7b,dummy-lora-7b-rank-64-2,552,11,501.7503851925077
6041,huggyllama/llama-7b,dummy-lora-7b-rank-128-2,727,47,501.75724395269765
6042,huggyllama/llama-7b,dummy-lora-7b-rank-128-4,241,76,501.811214812788
6043,huggyllama/llama-7b,dummy-lora-7b-rank-128-1,632,67,501.81840217912367
6044,huggyllama/llama-7b,dummy-lora-7b-rank-32-3,53,49,501.897646006323
6045,huggyllama/llama-7b,dummy-lora-7b-rank-32-4,386,50,501.9475546104047
6046,huggyllama/llama-7b,dummy-lora-7b-rank-32-4,189,50,501.9816230278988
6047,huggyllama/llama-7b,dummy-lora-7b-rank-128-3,603,8,501.98252041294086
6048,huggyllama/llama-7b,dummy-lora-7b-rank-128-2,396,5,504.0131930523101
6049,huggyllama/llama-7b,dummy-lora-7b-rank-8-4,274,45,504.07219515472246
6050,huggyllama/llama-7b,dummy-lora-7b-rank-128-4,619,11,504.1966083550698
6051,huggyllama/llama-7b,dummy-lora-7b-rank-8-1,570,43,504.2336114918356
6052,huggyllama/llama-7b,dummy-lora-7b-rank-32-4,154,39,504.3088780594584
6053,huggyllama/llama-7b,dummy-lora-7b-rank-64-3,246,51,504.31103603899004
6054,huggyllama/llama-7b,dummy-lora-7b-rank-32-3,619,27,504.3463752344727
6055,huggyllama/llama-7b,dummy-lora-7b-rank-8-3,442,50,504.36497482624895
6056,huggyllama/llama-7b,dummy-lora-7b-rank-32-2,564,24,504.36791181838936
6057,huggyllama/llama-7b,dummy-lora-7b-rank-128-4,554,20,504.40001432248897
6058,huggyllama/llama-7b,dummy-lora-7b-rank-16-3,418,69,504.4667438506616
6059,huggyllama/llama-7b,dummy-lora-7b-rank-128-4,610,70,504.5112718504912
6060,huggyllama/llama-7b,dummy-lora-7b-rank-128-4,348,6,504.5269627800525
6061,huggyllama/llama-7b,dummy-lora-7b-rank-8-0,572,32,504.5612169216567
6062,huggyllama/llama-7b,dummy-lora-7b-rank-16-4,237,3,504.5967098933319
6063,huggyllama/llama-7b,dummy-lora-7b-rank-64-1,592,22,504.66020698807245
6064,huggyllama/llama-7b,dummy-lora-7b-rank-64-1,564,25,504.7199601874058
6065,huggyllama/llama-7b,dummy-lora-7b-rank-128-2,548,17,504.7206097554945
6066,huggyllama/llama-7b,dummy-lora-7b-rank-128-2,599,17,504.7444251828992
6067,huggyllama/llama-7b,dummy-lora-7b-rank-128-3,135,19,504.75937436864206
6068,huggyllama/llama-7b,dummy-lora-7b-rank-128-4,365,11,504.7977621437417
6069,huggyllama/llama-7b,dummy-lora-7b-rank-64-2,570,9,504.8388858947857
6070,huggyllama/llama-7b,dummy-lora-7b-rank-64-1,351,26,504.89380476718475
6071,huggyllama/llama-7b,dummy-lora-7b-rank-128-4,886,48,504.91210306469355
6072,huggyllama/llama-7b,dummy-lora-7b-rank-16-1,133,19,504.9626715726106
6073,huggyllama/llama-7b,dummy-lora-7b-rank-128-2,774,15,504.98766492578693
6074,huggyllama/llama-7b,dummy-lora-7b-rank-128-4,600,17,505.0099991445905
6075,huggyllama/llama-7b,dummy-lora-7b-rank-128-3,708,72,505.12657672798036
6076,huggyllama/llama-7b,dummy-lora-7b-rank-128-4,676,10,505.1553175972673
6077,huggyllama/llama-7b,dummy-lora-7b-rank-128-0,819,72,505.2162098925732
6078,huggyllama/llama-7b,dummy-lora-7b-rank-128-2,246,153,505.2833073512014
6079,huggyllama/llama-7b,dummy-lora-7b-rank-32-3,566,26,505.315790470025
6080,huggyllama/llama-7b,dummy-lora-7b-rank-128-0,558,19,505.3554751878982
6081,huggyllama/llama-7b,dummy-lora-7b-rank-16-2,170,48,505.4178460981173
6082,huggyllama/llama-7b,dummy-lora-7b-rank-64-4,548,17,505.48092159221693
6083,huggyllama/llama-7b,dummy-lora-7b-rank-32-4,380,113,505.51854885063375
6084,huggyllama/llama-7b,dummy-lora-7b-rank-32-2,538,7,505.5799323334084
6085,huggyllama/llama-7b,dummy-lora-7b-rank-64-4,398,41,505.5903853519481
6086,huggyllama/llama-7b,dummy-lora-7b-rank-128-0,279,12,505.5967965283456
6087,huggyllama/llama-7b,dummy-lora-7b-rank-128-4,560,15,505.60133999518797
6088,huggyllama/llama-7b,dummy-lora-7b-rank-128-0,550,18,505.63451130501795
6089,huggyllama/llama-7b,dummy-lora-7b-rank-32-4,853,43,505.6576227592995
6090,huggyllama/llama-7b,dummy-lora-7b-rank-8-4,578,35,505.8492360486283
6091,huggyllama/llama-7b,dummy-lora-7b-rank-128-2,427,13,505.9004693113792
6092,huggyllama/llama-7b,dummy-lora-7b-rank-128-4,1015,250,505.9599156354423
6093,huggyllama/llama-7b,dummy-lora-7b-rank-128-1,163,115,505.98181416394584
6094,huggyllama/llama-7b,dummy-lora-7b-rank-64-0,566,23,505.9926533848993
6095,huggyllama/llama-7b,dummy-lora-7b-rank-64-1,603,19,505.9939122083327
6096,huggyllama/llama-7b,dummy-lora-7b-rank-16-1,304,47,508.01034128181243
6097,huggyllama/llama-7b,dummy-lora-7b-rank-8-2,767,66,508.03300289669943
6098,huggyllama/llama-7b,dummy-lora-7b-rank-128-4,942,19,508.0383796096212
6099,huggyllama/llama-7b,dummy-lora-7b-rank-16-3,215,59,508.0758612501795
6100,huggyllama/llama-7b,dummy-lora-7b-rank-32-1,421,35,508.095697077342
6101,huggyllama/llama-7b,dummy-lora-7b-rank-8-2,232,36,508.1104417111488
6102,huggyllama/llama-7b,dummy-lora-7b-rank-128-3,433,135,508.1701570041841
6103,huggyllama/llama-7b,dummy-lora-7b-rank-128-2,417,156,508.19410977457085
6104,huggyllama/llama-7b,dummy-lora-7b-rank-128-1,584,11,508.30333780507937
6105,huggyllama/llama-7b,dummy-lora-7b-rank-32-3,709,11,508.30690990076477
6106,huggyllama/llama-7b,dummy-lora-7b-rank-16-4,694,7,508.3325018041155
6107,huggyllama/llama-7b,dummy-lora-7b-rank-8-2,311,48,508.3484429638891
6108,huggyllama/llama-7b,dummy-lora-7b-rank-8-4,554,23,508.4211470767022
6109,huggyllama/llama-7b,dummy-lora-7b-rank-128-1,483,5,508.54593935044863
6110,huggyllama/llama-7b,dummy-lora-7b-rank-64-1,777,8,508.58792459781813
6111,huggyllama/llama-7b,dummy-lora-7b-rank-128-3,612,37,508.60128603436357
6112,huggyllama/llama-7b,dummy-lora-7b-rank-16-4,731,3,508.6230696428416
6113,huggyllama/llama-7b,dummy-lora-7b-rank-128-2,748,24,508.6310954761928
6114,huggyllama/llama-7b,dummy-lora-7b-rank-128-1,550,17,508.6445265155799
6115,huggyllama/llama-7b,dummy-lora-7b-rank-128-3,322,74,508.7148100317695
6116,huggyllama/llama-7b,dummy-lora-7b-rank-64-0,889,39,508.743765207364
6117,huggyllama/llama-7b,dummy-lora-7b-rank-128-1,411,8,508.76231427777157
6118,huggyllama/llama-7b,dummy-lora-7b-rank-128-4,582,37,508.79314600234943
6119,huggyllama/llama-7b,dummy-lora-7b-rank-64-2,572,28,508.799696734856
6120,huggyllama/llama-7b,dummy-lora-7b-rank-64-2,448,30,508.822166761621
6121,huggyllama/llama-7b,dummy-lora-7b-rank-128-4,630,49,508.8457829461816
6122,huggyllama/llama-7b,dummy-lora-7b-rank-32-2,271,67,508.9852428021988
6123,huggyllama/llama-7b,dummy-lora-7b-rank-128-1,552,19,508.99119592011067
6124,huggyllama/llama-7b,dummy-lora-7b-rank-128-0,568,19,509.0067104556539
6125,huggyllama/llama-7b,dummy-lora-7b-rank-16-2,606,66,509.06268892105214
6126,huggyllama/llama-7b,dummy-lora-7b-rank-128-4,56,102,509.13044805828235
6127,huggyllama/llama-7b,dummy-lora-7b-rank-128-4,685,104,509.2065026389163
6128,huggyllama/llama-7b,dummy-lora-7b-rank-64-4,556,21,509.2097589235322
6129,huggyllama/llama-7b,dummy-lora-7b-rank-128-0,651,13,509.26901483273394
6130,huggyllama/llama-7b,dummy-lora-7b-rank-8-4,538,96,509.2812329418503
6131,huggyllama/llama-7b,dummy-lora-7b-rank-128-4,284,50,509.4137371855537
6132,huggyllama/llama-7b,dummy-lora-7b-rank-128-3,313,6,509.5305475232489
6133,huggyllama/llama-7b,dummy-lora-7b-rank-64-4,933,27,509.55140435705
6134,huggyllama/llama-7b,dummy-lora-7b-rank-128-4,793,60,509.5921164436436
6135,huggyllama/llama-7b,dummy-lora-7b-rank-128-0,594,14,509.605709169346
6136,huggyllama/llama-7b,dummy-lora-7b-rank-8-2,554,19,509.6137835687793
6137,huggyllama/llama-7b,dummy-lora-7b-rank-128-4,625,11,509.65731829642306
6138,huggyllama/llama-7b,dummy-lora-7b-rank-8-1,552,18,509.72614025860645
6139,huggyllama/llama-7b,dummy-lora-7b-rank-8-3,502,9,509.7940046150258
6140,huggyllama/llama-7b,dummy-lora-7b-rank-128-4,670,18,509.817059853477
6141,huggyllama/llama-7b,dummy-lora-7b-rank-8-2,785,28,509.8286090161044
6142,huggyllama/llama-7b,dummy-lora-7b-rank-128-3,255,41,509.91336574816086
6143,huggyllama/llama-7b,dummy-lora-7b-rank-64-2,153,120,509.9474291585627
6144,huggyllama/llama-7b,dummy-lora-7b-rank-128-0,185,129,512.0262750187981
6145,huggyllama/llama-7b,dummy-lora-7b-rank-128-0,560,23,512.0279461594502
6146,huggyllama/llama-7b,dummy-lora-7b-rank-64-0,578,37,512.0511005832706
6147,huggyllama/llama-7b,dummy-lora-7b-rank-64-0,556,21,512.0566660965893
6148,huggyllama/llama-7b,dummy-lora-7b-rank-128-1,410,10,512.0755561223892
6149,huggyllama/llama-7b,dummy-lora-7b-rank-128-2,323,3,512.1732521598973
6150,huggyllama/llama-7b,dummy-lora-7b-rank-32-4,413,37,512.1875048519051
6151,huggyllama/llama-7b,dummy-lora-7b-rank-64-4,438,42,512.2200834951146
6152,huggyllama/llama-7b,dummy-lora-7b-rank-32-3,310,52,512.3872243950503
6153,huggyllama/llama-7b,dummy-lora-7b-rank-128-1,533,8,512.4235413473646
6154,huggyllama/llama-7b,dummy-lora-7b-rank-128-0,607,17,512.4264972750614
6155,huggyllama/llama-7b,dummy-lora-7b-rank-32-2,517,7,512.4476995712754
6156,huggyllama/llama-7b,dummy-lora-7b-rank-64-4,512,12,512.454339655335
6157,huggyllama/llama-7b,dummy-lora-7b-rank-128-0,552,21,512.4611292867448
6158,huggyllama/llama-7b,dummy-lora-7b-rank-128-4,349,53,512.4731730509241
6159,huggyllama/llama-7b,dummy-lora-7b-rank-32-2,603,19,512.5224430275629
6160,huggyllama/llama-7b,dummy-lora-7b-rank-32-4,604,52,512.583074079154
6161,huggyllama/llama-7b,dummy-lora-7b-rank-128-1,367,45,512.5937421724313
6162,huggyllama/llama-7b,dummy-lora-7b-rank-128-1,613,24,512.6763367767566
6163,huggyllama/llama-7b,dummy-lora-7b-rank-128-2,555,18,512.7236659646268
6164,huggyllama/llama-7b,dummy-lora-7b-rank-8-3,229,65,512.7947598309759
6165,huggyllama/llama-7b,dummy-lora-7b-rank-128-1,560,21,512.8140000229595
6166,huggyllama/llama-7b,dummy-lora-7b-rank-16-2,339,11,512.8541983920767
6167,huggyllama/llama-7b,dummy-lora-7b-rank-8-4,320,49,512.8546747209492
6168,huggyllama/llama-7b,dummy-lora-7b-rank-8-1,369,7,512.856423318407
6169,huggyllama/llama-7b,dummy-lora-7b-rank-128-3,574,25,512.9037499372179
6170,huggyllama/llama-7b,dummy-lora-7b-rank-128-1,550,18,512.9148023797042
6171,huggyllama/llama-7b,dummy-lora-7b-rank-128-4,481,52,512.915416860105
6172,huggyllama/llama-7b,dummy-lora-7b-rank-8-4,231,24,513.0145686906881
6173,huggyllama/llama-7b,dummy-lora-7b-rank-128-4,552,19,513.0891165266663
6174,huggyllama/llama-7b,dummy-lora-7b-rank-128-1,104,9,513.1010342358775
6175,huggyllama/llama-7b,dummy-lora-7b-rank-128-2,609,78,513.1398102825171
6176,huggyllama/llama-7b,dummy-lora-7b-rank-8-4,550,18,513.1734807010938
6177,huggyllama/llama-7b,dummy-lora-7b-rank-8-4,583,52,513.17573391987
6178,huggyllama/llama-7b,dummy-lora-7b-rank-128-1,717,41,513.2206528739636
6179,huggyllama/llama-7b,dummy-lora-7b-rank-8-0,564,25,513.2449520973399
6180,huggyllama/llama-7b,dummy-lora-7b-rank-64-2,590,39,513.313200484283
6181,huggyllama/llama-7b,dummy-lora-7b-rank-128-0,562,17,513.3392581797194
6182,huggyllama/llama-7b,dummy-lora-7b-rank-32-3,396,9,513.4573140487654
6183,huggyllama/llama-7b,dummy-lora-7b-rank-16-1,645,44,513.4853296737294
6184,huggyllama/llama-7b,dummy-lora-7b-rank-64-0,187,91,513.5211566714962
6185,huggyllama/llama-7b,dummy-lora-7b-rank-64-1,153,52,513.5599960921735
6186,huggyllama/llama-7b,dummy-lora-7b-rank-32-1,337,42,513.7229320633647
6187,huggyllama/llama-7b,dummy-lora-7b-rank-64-1,559,19,513.8184481210757
6188,huggyllama/llama-7b,dummy-lora-7b-rank-128-0,694,67,513.833808162525
6189,huggyllama/llama-7b,dummy-lora-7b-rank-8-2,603,17,513.8826230770578
6190,huggyllama/llama-7b,dummy-lora-7b-rank-64-2,431,57,513.9257007444816
6191,huggyllama/llama-7b,dummy-lora-7b-rank-8-2,360,118,513.9820845542739
6192,huggyllama/llama-7b,dummy-lora-7b-rank-128-4,644,18,516.0181972767049
6193,huggyllama/llama-7b,dummy-lora-7b-rank-8-2,459,67,516.0296925364296
6194,huggyllama/llama-7b,dummy-lora-7b-rank-64-0,188,49,516.0689019833583
6195,huggyllama/llama-7b,dummy-lora-7b-rank-128-4,320,41,516.1025785126182
6196,huggyllama/llama-7b,dummy-lora-7b-rank-128-3,237,97,516.1081737882829
6197,huggyllama/llama-7b,dummy-lora-7b-rank-64-4,491,64,516.1959426924826
6198,huggyllama/llama-7b,dummy-lora-7b-rank-128-0,556,13,516.1968541219896
6199,huggyllama/llama-7b,dummy-lora-7b-rank-128-4,930,11,516.2284187208327
6200,huggyllama/llama-7b,dummy-lora-7b-rank-32-3,582,46,516.2485064437848
6201,huggyllama/llama-7b,dummy-lora-7b-rank-128-2,907,45,516.2868943391843
6202,huggyllama/llama-7b,dummy-lora-7b-rank-64-2,553,45,516.2917821200135
6203,huggyllama/llama-7b,dummy-lora-7b-rank-128-2,516,11,516.4120094062006
6204,huggyllama/llama-7b,dummy-lora-7b-rank-16-2,560,26,516.4221594307228
6205,huggyllama/llama-7b,dummy-lora-7b-rank-128-0,314,54,516.4871896218917
6206,huggyllama/llama-7b,dummy-lora-7b-rank-16-3,433,7,516.532769384933
6207,huggyllama/llama-7b,dummy-lora-7b-rank-128-1,550,10,516.533832636677
6208,huggyllama/llama-7b,dummy-lora-7b-rank-64-4,189,3,516.6277516758472
6209,huggyllama/llama-7b,dummy-lora-7b-rank-128-0,476,11,516.6525753717106
6210,huggyllama/llama-7b,dummy-lora-7b-rank-32-0,339,10,516.6592526479511
6211,huggyllama/llama-7b,dummy-lora-7b-rank-128-2,403,7,516.7135592906418
6212,huggyllama/llama-7b,dummy-lora-7b-rank-8-3,977,67,516.8856284632056
6213,huggyllama/llama-7b,dummy-lora-7b-rank-16-1,520,32,516.9340956299603
6214,huggyllama/llama-7b,dummy-lora-7b-rank-128-3,582,17,517.112966673197
6215,huggyllama/llama-7b,dummy-lora-7b-rank-8-4,584,10,517.1553909244503
6216,huggyllama/llama-7b,dummy-lora-7b-rank-128-4,552,20,517.1712855299148
6217,huggyllama/llama-7b,dummy-lora-7b-rank-128-1,564,25,517.171968267969
6218,huggyllama/llama-7b,dummy-lora-7b-rank-64-0,319,51,517.1920386889055
6219,huggyllama/llama-7b,dummy-lora-7b-rank-128-4,280,6,517.2112201965872
6220,huggyllama/llama-7b,dummy-lora-7b-rank-64-1,454,72,517.2274471535342
6221,huggyllama/llama-7b,dummy-lora-7b-rank-128-3,226,45,517.2649071019673
6222,huggyllama/llama-7b,dummy-lora-7b-rank-128-4,197,3,517.2723625690196
6223,huggyllama/llama-7b,dummy-lora-7b-rank-32-0,688,21,517.2866639263359
6224,huggyllama/llama-7b,dummy-lora-7b-rank-32-2,606,17,517.2907670407053
6225,huggyllama/llama-7b,dummy-lora-7b-rank-128-1,601,18,517.339595702983
6226,huggyllama/llama-7b,dummy-lora-7b-rank-32-2,685,11,517.3579807137094
6227,huggyllama/llama-7b,dummy-lora-7b-rank-16-2,429,162,517.4054282945856
6228,huggyllama/llama-7b,dummy-lora-7b-rank-128-4,189,130,517.4608613059974
6229,huggyllama/llama-7b,dummy-lora-7b-rank-128-2,348,42,517.489788612021
6230,huggyllama/llama-7b,dummy-lora-7b-rank-32-1,586,19,517.502571444282
6231,huggyllama/llama-7b,dummy-lora-7b-rank-128-2,560,17,517.5201920999717
6232,huggyllama/llama-7b,dummy-lora-7b-rank-128-4,302,42,517.6677851896296
6233,huggyllama/llama-7b,dummy-lora-7b-rank-16-2,704,9,517.7213559762209
6234,huggyllama/llama-7b,dummy-lora-7b-rank-128-3,319,7,517.7657606193447
6235,huggyllama/llama-7b,dummy-lora-7b-rank-128-1,574,33,517.7733149684155
6236,huggyllama/llama-7b,dummy-lora-7b-rank-32-0,205,48,517.8231213835824
6237,huggyllama/llama-7b,dummy-lora-7b-rank-128-2,57,79,517.8306443400387
6238,huggyllama/llama-7b,dummy-lora-7b-rank-128-1,576,34,517.8552160514995
6239,huggyllama/llama-7b,dummy-lora-7b-rank-64-1,333,43,517.8583401046209
6240,huggyllama/llama-7b,dummy-lora-7b-rank-128-1,552,20,520.0014638703417
6241,huggyllama/llama-7b,dummy-lora-7b-rank-8-1,287,43,520.0225440432774
6242,huggyllama/llama-7b,dummy-lora-7b-rank-32-0,248,43,520.196157721025
6243,huggyllama/llama-7b,dummy-lora-7b-rank-128-3,819,15,520.2448979047439
6244,huggyllama/llama-7b,dummy-lora-7b-rank-8-3,658,11,520.2696698794582
6245,huggyllama/llama-7b,dummy-lora-7b-rank-128-2,562,27,520.2956337951092
6246,huggyllama/llama-7b,dummy-lora-7b-rank-128-1,295,46,520.3001186497335
6247,huggyllama/llama-7b,dummy-lora-7b-rank-32-1,552,16,520.3088243721396
6248,huggyllama/llama-7b,dummy-lora-7b-rank-64-0,548,17,520.3306749979307
6249,huggyllama/llama-7b,dummy-lora-7b-rank-128-3,628,77,520.3330448764339
6250,huggyllama/llama-7b,dummy-lora-7b-rank-32-0,552,11,520.366767585429
6251,huggyllama/llama-7b,dummy-lora-7b-rank-128-2,409,43,520.3788135748761
6252,huggyllama/llama-7b,dummy-lora-7b-rank-128-0,621,22,520.411220234058
6253,huggyllama/llama-7b,dummy-lora-7b-rank-64-4,628,38,520.448266568285
6254,huggyllama/llama-7b,dummy-lora-7b-rank-128-3,594,9,520.4574630515298
6255,huggyllama/llama-7b,dummy-lora-7b-rank-128-1,216,52,520.4759453287127
6256,huggyllama/llama-7b,dummy-lora-7b-rank-128-0,199,46,520.4887769544013
6257,huggyllama/llama-7b,dummy-lora-7b-rank-128-1,581,15,520.5867471683425
6258,huggyllama/llama-7b,dummy-lora-7b-rank-128-2,600,96,520.6059779153605
6259,huggyllama/llama-7b,dummy-lora-7b-rank-8-2,1006,71,520.732719445503
6260,huggyllama/llama-7b,dummy-lora-7b-rank-64-0,485,88,520.756848603411
6261,huggyllama/llama-7b,dummy-lora-7b-rank-128-3,606,19,520.8174435655995
6262,huggyllama/llama-7b,dummy-lora-7b-rank-16-1,424,50,520.9001492734368
6263,huggyllama/llama-7b,dummy-lora-7b-rank-128-1,342,9,520.9519175235619
6264,huggyllama/llama-7b,dummy-lora-7b-rank-128-3,598,95,521.0131818517942
6265,huggyllama/llama-7b,dummy-lora-7b-rank-128-1,993,44,521.1131710653403
6266,huggyllama/llama-7b,dummy-lora-7b-rank-128-1,550,10,521.1555839939352
6267,huggyllama/llama-7b,dummy-lora-7b-rank-128-3,51,50,521.164824154812
6268,huggyllama/llama-7b,dummy-lora-7b-rank-16-2,560,19,521.2717126318274
6269,huggyllama/llama-7b,dummy-lora-7b-rank-128-2,118,45,521.2905297148385
6270,huggyllama/llama-7b,dummy-lora-7b-rank-128-0,210,46,521.3070610914683
6271,huggyllama/llama-7b,dummy-lora-7b-rank-64-0,566,22,521.3310331812264
6272,huggyllama/llama-7b,dummy-lora-7b-rank-128-1,175,26,521.4096875129726
6273,huggyllama/llama-7b,dummy-lora-7b-rank-128-1,236,50,521.4508097339756
6274,huggyllama/llama-7b,dummy-lora-7b-rank-8-4,491,50,521.4700035335248
6275,huggyllama/llama-7b,dummy-lora-7b-rank-128-4,500,8,521.4822481756541
6276,huggyllama/llama-7b,dummy-lora-7b-rank-128-3,381,14,521.5771897855931
6277,huggyllama/llama-7b,dummy-lora-7b-rank-32-0,219,42,521.5788337710068
6278,huggyllama/llama-7b,dummy-lora-7b-rank-128-2,382,10,521.6902379560331
6279,huggyllama/llama-7b,dummy-lora-7b-rank-16-3,395,7,521.6961062600092
6280,huggyllama/llama-7b,dummy-lora-7b-rank-16-4,391,9,521.7304442469188
6281,huggyllama/llama-7b,dummy-lora-7b-rank-32-1,708,3,521.7833893420623
6282,huggyllama/llama-7b,dummy-lora-7b-rank-128-1,564,27,521.788199368415
6283,huggyllama/llama-7b,dummy-lora-7b-rank-64-2,605,15,521.8024123132341
6284,huggyllama/llama-7b,dummy-lora-7b-rank-8-4,629,22,521.9394266877401
6285,huggyllama/llama-7b,dummy-lora-7b-rank-32-1,562,25,521.9677363745789
6286,huggyllama/llama-7b,dummy-lora-7b-rank-128-0,349,65,521.9677906642129
6287,huggyllama/llama-7b,dummy-lora-7b-rank-128-4,554,11,521.986510598125
6288,huggyllama/llama-7b,dummy-lora-7b-rank-64-1,544,11,524.0022067699773
6289,huggyllama/llama-7b,dummy-lora-7b-rank-16-1,896,47,524.017152897133
6290,huggyllama/llama-7b,dummy-lora-7b-rank-128-0,560,23,524.0469998094035
6291,huggyllama/llama-7b,dummy-lora-7b-rank-8-0,561,25,524.0484678504621
6292,huggyllama/llama-7b,dummy-lora-7b-rank-128-2,204,129,524.0948148120907
6293,huggyllama/llama-7b,dummy-lora-7b-rank-128-2,486,6,524.1405038924901
6294,huggyllama/llama-7b,dummy-lora-7b-rank-8-0,316,131,524.2013814849867
6295,huggyllama/llama-7b,dummy-lora-7b-rank-128-4,155,55,524.2175563038219
6296,huggyllama/llama-7b,dummy-lora-7b-rank-128-3,921,15,524.3093039977855
6297,huggyllama/llama-7b,dummy-lora-7b-rank-128-3,365,41,524.3740525384123
6298,huggyllama/llama-7b,dummy-lora-7b-rank-16-2,565,20,524.4451420047624
6299,huggyllama/llama-7b,dummy-lora-7b-rank-16-3,85,58,524.5652240657762
6300,huggyllama/llama-7b,dummy-lora-7b-rank-8-3,603,19,524.5670680453088
6301,huggyllama/llama-7b,dummy-lora-7b-rank-8-2,751,9,524.5823072586858
6302,huggyllama/llama-7b,dummy-lora-7b-rank-128-1,607,15,524.7393308796621
6303,huggyllama/llama-7b,dummy-lora-7b-rank-16-0,588,2,524.7878748426692
6304,huggyllama/llama-7b,dummy-lora-7b-rank-16-3,354,52,524.8069116713546
6305,huggyllama/llama-7b,dummy-lora-7b-rank-8-0,493,60,524.8213972654718
6306,huggyllama/llama-7b,dummy-lora-7b-rank-128-0,504,6,524.8242419042788
6307,huggyllama/llama-7b,dummy-lora-7b-rank-128-4,292,42,524.9026818563766
6308,huggyllama/llama-7b,dummy-lora-7b-rank-128-1,454,11,525.0008270254435
6309,huggyllama/llama-7b,dummy-lora-7b-rank-128-0,554,20,525.0146310045029
6310,huggyllama/llama-7b,dummy-lora-7b-rank-128-2,578,33,525.0787188819397
6311,huggyllama/llama-7b,dummy-lora-7b-rank-128-3,677,10,525.1310860235285
6312,huggyllama/llama-7b,dummy-lora-7b-rank-128-4,231,4,525.1504516874234
6313,huggyllama/llama-7b,dummy-lora-7b-rank-128-1,826,6,525.1623976374273
6314,huggyllama/llama-7b,dummy-lora-7b-rank-8-1,562,27,525.2104544115853
6315,huggyllama/llama-7b,dummy-lora-7b-rank-64-2,90,57,525.2685492282823
6316,huggyllama/llama-7b,dummy-lora-7b-rank-128-3,550,20,525.2920357916463
6317,huggyllama/llama-7b,dummy-lora-7b-rank-128-3,750,8,525.3366794920439
6318,huggyllama/llama-7b,dummy-lora-7b-rank-64-1,234,31,525.3441310035086
6319,huggyllama/llama-7b,dummy-lora-7b-rank-16-0,582,33,525.360460518438
6320,huggyllama/llama-7b,dummy-lora-7b-rank-128-4,565,27,525.3871376920061
6321,huggyllama/llama-7b,dummy-lora-7b-rank-128-4,552,19,525.4838346611357
6322,huggyllama/llama-7b,dummy-lora-7b-rank-128-4,359,49,525.5925623719779
6323,huggyllama/llama-7b,dummy-lora-7b-rank-128-3,521,59,525.6080256225777
6324,huggyllama/llama-7b,dummy-lora-7b-rank-128-4,434,48,525.6158675510744
6325,huggyllama/llama-7b,dummy-lora-7b-rank-128-2,580,36,525.6777793333879
6326,huggyllama/llama-7b,dummy-lora-7b-rank-128-3,568,11,525.6851499289228
6327,huggyllama/llama-7b,dummy-lora-7b-rank-8-0,52,50,525.8162382382288
6328,huggyllama/llama-7b,dummy-lora-7b-rank-128-2,329,23,525.8844468344772
6329,huggyllama/llama-7b,dummy-lora-7b-rank-128-3,508,67,525.9182822584133
6330,huggyllama/llama-7b,dummy-lora-7b-rank-128-1,265,44,525.9215384225912
6331,huggyllama/llama-7b,dummy-lora-7b-rank-128-3,307,120,525.929710094101
6332,huggyllama/llama-7b,dummy-lora-7b-rank-128-1,542,11,525.9389424436836
6333,huggyllama/llama-7b,dummy-lora-7b-rank-128-3,992,61,525.9707916258184
6334,huggyllama/llama-7b,dummy-lora-7b-rank-32-0,406,51,525.9787258601314
6335,huggyllama/llama-7b,dummy-lora-7b-rank-8-3,466,67,525.9967630529786
6336,huggyllama/llama-7b,dummy-lora-7b-rank-16-1,197,129,528.0098556497521
6337,huggyllama/llama-7b,dummy-lora-7b-rank-128-0,586,12,528.0387646375896
6338,huggyllama/llama-7b,dummy-lora-7b-rank-8-4,352,41,528.0746087664696
6339,huggyllama/llama-7b,dummy-lora-7b-rank-128-1,588,20,528.0864118655426
6340,huggyllama/llama-7b,dummy-lora-7b-rank-128-3,534,43,528.090603995167
6341,huggyllama/llama-7b,dummy-lora-7b-rank-32-3,319,149,528.0912446161836
6342,huggyllama/llama-7b,dummy-lora-7b-rank-8-3,417,10,528.1048985414233
6343,huggyllama/llama-7b,dummy-lora-7b-rank-8-3,848,44,528.1358022161608
6344,huggyllama/llama-7b,dummy-lora-7b-rank-128-0,554,22,528.201404946319
6345,huggyllama/llama-7b,dummy-lora-7b-rank-16-4,609,22,528.2612422750082
6346,huggyllama/llama-7b,dummy-lora-7b-rank-128-2,511,49,528.3049419271239
6347,huggyllama/llama-7b,dummy-lora-7b-rank-16-4,467,52,528.3061463376803
6348,huggyllama/llama-7b,dummy-lora-7b-rank-64-4,556,21,528.3434012187828
6349,huggyllama/llama-7b,dummy-lora-7b-rank-32-3,562,24,528.3966877831771
6350,huggyllama/llama-7b,dummy-lora-7b-rank-128-0,722,41,528.5823347407362
6351,huggyllama/llama-7b,dummy-lora-7b-rank-128-4,554,20,528.6345302512561
6352,huggyllama/llama-7b,dummy-lora-7b-rank-128-1,647,82,528.6737871909194
6353,huggyllama/llama-7b,dummy-lora-7b-rank-128-2,558,24,528.7380245479623
6354,huggyllama/llama-7b,dummy-lora-7b-rank-128-0,556,23,528.7512294442531
6355,huggyllama/llama-7b,dummy-lora-7b-rank-16-1,969,247,528.7903607958333
6356,huggyllama/llama-7b,dummy-lora-7b-rank-128-4,552,20,528.7971615856227
6357,huggyllama/llama-7b,dummy-lora-7b-rank-32-0,249,53,528.8745887704113
6358,huggyllama/llama-7b,dummy-lora-7b-rank-64-1,441,56,528.8887909270925
6359,huggyllama/llama-7b,dummy-lora-7b-rank-128-3,738,69,528.8950767236544
6360,huggyllama/llama-7b,dummy-lora-7b-rank-16-4,201,151,528.932405629556
6361,huggyllama/llama-7b,dummy-lora-7b-rank-16-2,453,52,528.9487557676327
6362,huggyllama/llama-7b,dummy-lora-7b-rank-128-3,603,18,528.9773057370078
6363,huggyllama/llama-7b,dummy-lora-7b-rank-128-4,558,22,528.9866404034658
6364,huggyllama/llama-7b,dummy-lora-7b-rank-16-3,440,11,529.0567006917576
6365,huggyllama/llama-7b,dummy-lora-7b-rank-32-2,473,61,529.1035870582153
6366,huggyllama/llama-7b,dummy-lora-7b-rank-128-1,511,45,529.106368684303
6367,huggyllama/llama-7b,dummy-lora-7b-rank-32-4,590,38,529.1546014265274
6368,huggyllama/llama-7b,dummy-lora-7b-rank-16-2,544,30,529.19280947869
6369,huggyllama/llama-7b,dummy-lora-7b-rank-8-1,574,29,529.2595883528975
6370,huggyllama/llama-7b,dummy-lora-7b-rank-8-4,233,144,529.317358226101
6371,huggyllama/llama-7b,dummy-lora-7b-rank-128-4,617,3,529.4025174363336
6372,huggyllama/llama-7b,dummy-lora-7b-rank-128-3,450,10,529.4699903686893
6373,huggyllama/llama-7b,dummy-lora-7b-rank-128-3,114,45,529.5616561131917
6374,huggyllama/llama-7b,dummy-lora-7b-rank-16-4,603,17,529.5716599046066
6375,huggyllama/llama-7b,dummy-lora-7b-rank-16-0,174,43,529.5827143872398
6376,huggyllama/llama-7b,dummy-lora-7b-rank-32-3,550,10,529.6008053173503
6377,huggyllama/llama-7b,dummy-lora-7b-rank-128-4,443,90,529.6880468540322
6378,huggyllama/llama-7b,dummy-lora-7b-rank-128-3,103,37,529.7388318103032
6379,huggyllama/llama-7b,dummy-lora-7b-rank-128-0,89,62,529.7585410506813
6380,huggyllama/llama-7b,dummy-lora-7b-rank-128-1,590,23,529.7730489141196
6381,huggyllama/llama-7b,dummy-lora-7b-rank-128-1,570,25,529.9030744146235
6382,huggyllama/llama-7b,dummy-lora-7b-rank-128-3,595,55,529.9269838105417
6383,huggyllama/llama-7b,dummy-lora-7b-rank-128-3,530,44,529.9576860358421
6384,huggyllama/llama-7b,dummy-lora-7b-rank-128-1,416,49,532.001781272621
6385,huggyllama/llama-7b,dummy-lora-7b-rank-32-4,191,53,532.0794711013285
6386,huggyllama/llama-7b,dummy-lora-7b-rank-128-3,562,26,532.0852294944941
6387,huggyllama/llama-7b,dummy-lora-7b-rank-16-4,500,6,532.1739128308545
6388,huggyllama/llama-7b,dummy-lora-7b-rank-64-1,355,34,532.2055893271786
6389,huggyllama/llama-7b,dummy-lora-7b-rank-32-3,292,139,532.2525040583981
6390,huggyllama/llama-7b,dummy-lora-7b-rank-128-3,558,22,532.2640028366089
6391,huggyllama/llama-7b,dummy-lora-7b-rank-128-1,649,8,532.2783367001517
6392,huggyllama/llama-7b,dummy-lora-7b-rank-16-2,558,25,532.3165543576108
6393,huggyllama/llama-7b,dummy-lora-7b-rank-32-2,305,131,532.3717979699733
6394,huggyllama/llama-7b,dummy-lora-7b-rank-16-1,417,5,532.3791831518013
6395,huggyllama/llama-7b,dummy-lora-7b-rank-8-2,497,4,532.4293705343428
6396,huggyllama/llama-7b,dummy-lora-7b-rank-32-3,524,10,532.4516375394406
6397,huggyllama/llama-7b,dummy-lora-7b-rank-64-0,356,124,532.520660840722
6398,huggyllama/llama-7b,dummy-lora-7b-rank-16-1,556,23,532.547541728553
6399,huggyllama/llama-7b,dummy-lora-7b-rank-128-3,737,45,532.5976802569121
6400,huggyllama/llama-7b,dummy-lora-7b-rank-8-3,668,8,532.6620595621782
6401,huggyllama/llama-7b,dummy-lora-7b-rank-128-0,580,32,532.7364910548814
6402,huggyllama/llama-7b,dummy-lora-7b-rank-8-0,568,64,532.7879642924621
6403,huggyllama/llama-7b,dummy-lora-7b-rank-8-0,767,34,532.815260158095
6404,huggyllama/llama-7b,dummy-lora-7b-rank-16-0,584,10,532.8256843911212
6405,huggyllama/llama-7b,dummy-lora-7b-rank-16-2,50,39,532.829928278579
6406,huggyllama/llama-7b,dummy-lora-7b-rank-128-0,900,69,532.8799329153203
6407,huggyllama/llama-7b,dummy-lora-7b-rank-64-1,611,18,533.0035031747577
6408,huggyllama/llama-7b,dummy-lora-7b-rank-128-1,262,6,533.0284305032562
6409,huggyllama/llama-7b,dummy-lora-7b-rank-8-4,551,10,533.0389808583502
6410,huggyllama/llama-7b,dummy-lora-7b-rank-128-2,387,5,533.1010945660475
6411,huggyllama/llama-7b,dummy-lora-7b-rank-16-1,257,113,533.1392310636247
6412,huggyllama/llama-7b,dummy-lora-7b-rank-128-4,234,46,533.146378768215
6413,huggyllama/llama-7b,dummy-lora-7b-rank-128-4,586,36,533.1585645613218
6414,huggyllama/llama-7b,dummy-lora-7b-rank-128-2,417,11,533.281740134385
6415,huggyllama/llama-7b,dummy-lora-7b-rank-8-3,711,38,533.3869784189438
6416,huggyllama/llama-7b,dummy-lora-7b-rank-128-0,418,86,533.4018740963413
6417,huggyllama/llama-7b,dummy-lora-7b-rank-128-3,684,61,533.4091426242674
6418,huggyllama/llama-7b,dummy-lora-7b-rank-128-2,215,29,533.4244850434922
6419,huggyllama/llama-7b,dummy-lora-7b-rank-32-3,133,74,533.4564029492312
6420,huggyllama/llama-7b,dummy-lora-7b-rank-128-0,604,11,533.4623675882639
6421,huggyllama/llama-7b,dummy-lora-7b-rank-128-0,873,139,533.4769056584893
6422,huggyllama/llama-7b,dummy-lora-7b-rank-64-4,574,30,533.5630228082707
6423,huggyllama/llama-7b,dummy-lora-7b-rank-64-2,370,49,533.5791737666008
6424,huggyllama/llama-7b,dummy-lora-7b-rank-128-2,235,7,533.6333407072368
6425,huggyllama/llama-7b,dummy-lora-7b-rank-32-1,243,44,533.7041522439282
6426,huggyllama/llama-7b,dummy-lora-7b-rank-128-1,617,28,533.736521058421
6427,huggyllama/llama-7b,dummy-lora-7b-rank-32-0,224,50,533.7612560239858
6428,huggyllama/llama-7b,dummy-lora-7b-rank-16-3,713,57,533.843178002258
6429,huggyllama/llama-7b,dummy-lora-7b-rank-128-2,313,183,533.8652855690198
6430,huggyllama/llama-7b,dummy-lora-7b-rank-128-1,162,44,533.8922484644357
6431,huggyllama/llama-7b,dummy-lora-7b-rank-8-2,254,46,533.9869043243756
6432,huggyllama/llama-7b,dummy-lora-7b-rank-16-2,619,21,536.0983274473912
6433,huggyllama/llama-7b,dummy-lora-7b-rank-128-2,558,13,536.1256038341968
6434,huggyllama/llama-7b,dummy-lora-7b-rank-128-4,566,25,536.1673339274141
6435,huggyllama/llama-7b,dummy-lora-7b-rank-8-4,607,21,536.2150690217537
6436,huggyllama/llama-7b,dummy-lora-7b-rank-128-3,454,5,536.2278797160968
6437,huggyllama/llama-7b,dummy-lora-7b-rank-128-0,467,44,536.2355794377164
6438,huggyllama/llama-7b,dummy-lora-7b-rank-8-2,560,23,536.3443466460403
6439,huggyllama/llama-7b,dummy-lora-7b-rank-8-1,154,42,536.355516133966
6440,huggyllama/llama-7b,dummy-lora-7b-rank-128-4,189,55,536.4076282590714
6441,huggyllama/llama-7b,dummy-lora-7b-rank-128-4,420,44,536.4229440189591
6442,huggyllama/llama-7b,dummy-lora-7b-rank-16-1,354,16,536.4348455785083
6443,huggyllama/llama-7b,dummy-lora-7b-rank-16-2,556,11,536.6473707797652
6444,huggyllama/llama-7b,dummy-lora-7b-rank-128-2,552,19,536.6645703754021
6445,huggyllama/llama-7b,dummy-lora-7b-rank-128-3,310,130,536.7952554492812
6446,huggyllama/llama-7b,dummy-lora-7b-rank-128-4,231,37,536.8187189992666
6447,huggyllama/llama-7b,dummy-lora-7b-rank-128-0,601,18,536.8357208994056
6448,huggyllama/llama-7b,dummy-lora-7b-rank-64-2,603,8,536.8600216449656
6449,huggyllama/llama-7b,dummy-lora-7b-rank-8-2,609,26,536.8608198989458
6450,huggyllama/llama-7b,dummy-lora-7b-rank-16-0,314,43,536.8732187472365
6451,huggyllama/llama-7b,dummy-lora-7b-rank-128-0,412,8,536.8924031873603
6452,huggyllama/llama-7b,dummy-lora-7b-rank-16-1,480,56,536.9358917039485
6453,huggyllama/llama-7b,dummy-lora-7b-rank-128-1,446,46,536.9383895243479
6454,huggyllama/llama-7b,dummy-lora-7b-rank-128-4,401,6,536.9415030823527
6455,huggyllama/llama-7b,dummy-lora-7b-rank-128-1,321,47,536.9426940552014
6456,huggyllama/llama-7b,dummy-lora-7b-rank-128-2,291,10,536.9723935624394
6457,huggyllama/llama-7b,dummy-lora-7b-rank-16-1,554,22,537.0221637762733
6458,huggyllama/llama-7b,dummy-lora-7b-rank-32-2,562,27,537.059583466007
6459,huggyllama/llama-7b,dummy-lora-7b-rank-16-0,725,67,537.1026171871018
6460,huggyllama/llama-7b,dummy-lora-7b-rank-32-0,590,58,537.1026424286281
6461,huggyllama/llama-7b,dummy-lora-7b-rank-128-1,700,57,537.1054634061569
6462,huggyllama/llama-7b,dummy-lora-7b-rank-8-0,812,66,537.1471929693789
6463,huggyllama/llama-7b,dummy-lora-7b-rank-64-0,803,13,537.1575368990676
6464,huggyllama/llama-7b,dummy-lora-7b-rank-128-4,226,178,537.1677440323656
6465,huggyllama/llama-7b,dummy-lora-7b-rank-128-3,600,26,537.2064028091664
6466,huggyllama/llama-7b,dummy-lora-7b-rank-128-4,60,107,537.2068376528945
6467,huggyllama/llama-7b,dummy-lora-7b-rank-128-2,187,55,537.4145378178105
6468,huggyllama/llama-7b,dummy-lora-7b-rank-8-1,285,8,537.5644725088932
6469,huggyllama/llama-7b,dummy-lora-7b-rank-128-1,622,36,537.5999009704464
6470,huggyllama/llama-7b,dummy-lora-7b-rank-32-3,681,45,537.6198692069457
6471,huggyllama/llama-7b,dummy-lora-7b-rank-128-0,297,52,537.6799841046244
6472,huggyllama/llama-7b,dummy-lora-7b-rank-8-1,400,50,537.8209490883157
6473,huggyllama/llama-7b,dummy-lora-7b-rank-64-1,177,45,537.8280064776275
6474,huggyllama/llama-7b,dummy-lora-7b-rank-32-3,548,17,537.8873205970178
6475,huggyllama/llama-7b,dummy-lora-7b-rank-128-4,336,75,537.9147283682498
6476,huggyllama/llama-7b,dummy-lora-7b-rank-128-1,280,55,537.9515782686022
6477,huggyllama/llama-7b,dummy-lora-7b-rank-64-0,498,55,537.9583286172652
6478,huggyllama/llama-7b,dummy-lora-7b-rank-32-4,295,14,537.980251799828
6479,huggyllama/llama-7b,dummy-lora-7b-rank-128-4,556,11,537.988607051023
6480,huggyllama/llama-7b,dummy-lora-7b-rank-128-2,556,13,540.0218382614327
6481,huggyllama/llama-7b,dummy-lora-7b-rank-8-4,552,19,540.0692436068431
6482,huggyllama/llama-7b,dummy-lora-7b-rank-128-3,775,8,540.1400269670547
6483,huggyllama/llama-7b,dummy-lora-7b-rank-128-2,851,19,540.1760011732869
6484,huggyllama/llama-7b,dummy-lora-7b-rank-32-3,553,19,540.1944624287906
6485,huggyllama/llama-7b,dummy-lora-7b-rank-128-4,477,45,540.2219186519211
6486,huggyllama/llama-7b,dummy-lora-7b-rank-64-4,318,53,540.2498406257478
6487,huggyllama/llama-7b,dummy-lora-7b-rank-16-4,148,64,540.3191515318479
6488,huggyllama/llama-7b,dummy-lora-7b-rank-128-4,287,51,540.334467664015
6489,huggyllama/llama-7b,dummy-lora-7b-rank-64-4,330,5,540.3838210591268
6490,huggyllama/llama-7b,dummy-lora-7b-rank-128-0,416,7,540.3892228305551
6491,huggyllama/llama-7b,dummy-lora-7b-rank-128-2,374,51,540.3980132452386
6492,huggyllama/llama-7b,dummy-lora-7b-rank-128-3,838,34,540.4008271573842
6493,huggyllama/llama-7b,dummy-lora-7b-rank-32-4,455,41,540.4178600046797
6494,huggyllama/llama-7b,dummy-lora-7b-rank-128-2,247,6,540.4824500356239
6495,huggyllama/llama-7b,dummy-lora-7b-rank-8-4,546,58,540.6076962103244
6496,huggyllama/llama-7b,dummy-lora-7b-rank-128-1,570,35,540.6868859489598
6497,huggyllama/llama-7b,dummy-lora-7b-rank-128-3,599,17,540.7898992252876
6498,huggyllama/llama-7b,dummy-lora-7b-rank-128-2,682,12,540.9005070026601
6499,huggyllama/llama-7b,dummy-lora-7b-rank-64-4,424,11,540.9902786661739
6500,huggyllama/llama-7b,dummy-lora-7b-rank-128-0,554,17,541.0255626217934
6501,huggyllama/llama-7b,dummy-lora-7b-rank-8-0,384,47,541.0419067943183
6502,huggyllama/llama-7b,dummy-lora-7b-rank-128-1,376,55,541.0710601131155
6503,huggyllama/llama-7b,dummy-lora-7b-rank-128-0,222,50,541.080010871426
6504,huggyllama/llama-7b,dummy-lora-7b-rank-16-0,406,9,541.154358952111
6505,huggyllama/llama-7b,dummy-lora-7b-rank-128-3,303,4,541.1548477493598
6506,huggyllama/llama-7b,dummy-lora-7b-rank-128-3,179,46,541.1762155688069
6507,huggyllama/llama-7b,dummy-lora-7b-rank-128-1,635,26,541.259531320503
6508,huggyllama/llama-7b,dummy-lora-7b-rank-128-1,656,133,541.2711694256802
6509,huggyllama/llama-7b,dummy-lora-7b-rank-8-2,499,48,541.3063491644426
6510,huggyllama/llama-7b,dummy-lora-7b-rank-16-2,619,52,541.3173391246239
6511,huggyllama/llama-7b,dummy-lora-7b-rank-64-3,554,17,541.3689566849197
6512,huggyllama/llama-7b,dummy-lora-7b-rank-128-0,645,18,541.3928691915139
6513,huggyllama/llama-7b,dummy-lora-7b-rank-128-3,394,154,541.4154334335745
6514,huggyllama/llama-7b,dummy-lora-7b-rank-128-1,157,49,541.5292304828039
6515,huggyllama/llama-7b,dummy-lora-7b-rank-128-1,519,76,541.5945345857111
6516,huggyllama/llama-7b,dummy-lora-7b-rank-32-1,101,42,541.6071972205912
6517,huggyllama/llama-7b,dummy-lora-7b-rank-128-4,611,22,541.6338673578972
6518,huggyllama/llama-7b,dummy-lora-7b-rank-128-0,184,9,541.6684154824405
6519,huggyllama/llama-7b,dummy-lora-7b-rank-64-4,552,20,541.6924177130604
6520,huggyllama/llama-7b,dummy-lora-7b-rank-32-3,307,9,541.6965825140784
6521,huggyllama/llama-7b,dummy-lora-7b-rank-128-3,327,166,541.7101633835406
6522,huggyllama/llama-7b,dummy-lora-7b-rank-32-1,554,20,541.7595291792824
6523,huggyllama/llama-7b,dummy-lora-7b-rank-128-0,489,10,541.7609722399925
6524,huggyllama/llama-7b,dummy-lora-7b-rank-16-1,371,79,541.7754575428415
6525,huggyllama/llama-7b,dummy-lora-7b-rank-8-1,520,19,541.850146796653
6526,huggyllama/llama-7b,dummy-lora-7b-rank-16-4,209,50,541.8688872802978
6527,huggyllama/llama-7b,dummy-lora-7b-rank-16-3,328,50,541.9287822079302
6528,huggyllama/llama-7b,dummy-lora-7b-rank-128-0,728,3,544.0364254978579
6529,huggyllama/llama-7b,dummy-lora-7b-rank-128-4,531,8,544.1433627038662
6530,huggyllama/llama-7b,dummy-lora-7b-rank-128-2,391,69,544.1604876493449
6531,huggyllama/llama-7b,dummy-lora-7b-rank-128-1,556,13,544.2529912123921
6532,huggyllama/llama-7b,dummy-lora-7b-rank-128-3,605,15,544.2960403929068
6533,huggyllama/llama-7b,dummy-lora-7b-rank-32-2,596,40,544.3014834438152
6534,huggyllama/llama-7b,dummy-lora-7b-rank-8-0,625,37,544.3335959886109
6535,huggyllama/llama-7b,dummy-lora-7b-rank-32-0,792,75,544.370761163014
6536,huggyllama/llama-7b,dummy-lora-7b-rank-128-2,531,11,544.390709258677
6537,huggyllama/llama-7b,dummy-lora-7b-rank-128-3,336,68,544.4037643976761
6538,huggyllama/llama-7b,dummy-lora-7b-rank-128-3,279,46,544.4731288911015
6539,huggyllama/llama-7b,dummy-lora-7b-rank-64-4,245,34,544.4799548973068
6540,huggyllama/llama-7b,dummy-lora-7b-rank-8-4,992,35,544.5500322209051
6541,huggyllama/llama-7b,dummy-lora-7b-rank-128-1,607,18,544.6185174011005
6542,huggyllama/llama-7b,dummy-lora-7b-rank-8-1,57,51,544.6642308629985
6543,huggyllama/llama-7b,dummy-lora-7b-rank-128-3,552,18,544.6810049966477
6544,huggyllama/llama-7b,dummy-lora-7b-rank-128-3,773,6,544.7061732017738
6545,huggyllama/llama-7b,dummy-lora-7b-rank-32-1,744,8,544.7221809452292
6546,huggyllama/llama-7b,dummy-lora-7b-rank-128-4,596,45,544.7947695673575
6547,huggyllama/llama-7b,dummy-lora-7b-rank-128-3,199,111,544.838619551386
6548,huggyllama/llama-7b,dummy-lora-7b-rank-32-3,242,60,544.891432566253
6549,huggyllama/llama-7b,dummy-lora-7b-rank-64-2,274,55,544.9005148598665
6550,huggyllama/llama-7b,dummy-lora-7b-rank-128-2,556,21,544.9070314475906
6551,huggyllama/llama-7b,dummy-lora-7b-rank-8-2,216,49,545.0479216103649
6552,huggyllama/llama-7b,dummy-lora-7b-rank-64-3,601,26,545.1337123141186
6553,huggyllama/llama-7b,dummy-lora-7b-rank-128-4,208,53,545.149882098209
6554,huggyllama/llama-7b,dummy-lora-7b-rank-128-3,403,11,545.1743219857595
6555,huggyllama/llama-7b,dummy-lora-7b-rank-64-1,351,29,545.1911706556665
6556,huggyllama/llama-7b,dummy-lora-7b-rank-32-2,623,19,545.2370255117204
6557,huggyllama/llama-7b,dummy-lora-7b-rank-128-4,554,20,545.2579653307229
6558,huggyllama/llama-7b,dummy-lora-7b-rank-64-3,161,43,545.3433317243173
6559,huggyllama/llama-7b,dummy-lora-7b-rank-16-2,603,18,545.4087007414164
6560,huggyllama/llama-7b,dummy-lora-7b-rank-64-3,666,120,545.4613734566407
6561,huggyllama/llama-7b,dummy-lora-7b-rank-128-0,558,21,545.5042171049299
6562,huggyllama/llama-7b,dummy-lora-7b-rank-128-1,546,16,545.5449044848024
6563,huggyllama/llama-7b,dummy-lora-7b-rank-8-3,272,53,545.56349233919
6564,huggyllama/llama-7b,dummy-lora-7b-rank-8-1,580,16,545.5933346909895
6565,huggyllama/llama-7b,dummy-lora-7b-rank-128-4,602,31,545.6169982780432
6566,huggyllama/llama-7b,dummy-lora-7b-rank-16-1,450,43,545.6288761681868
6567,huggyllama/llama-7b,dummy-lora-7b-rank-8-1,205,123,545.6296821055688
6568,huggyllama/llama-7b,dummy-lora-7b-rank-128-4,605,44,545.6357419871566
6569,huggyllama/llama-7b,dummy-lora-7b-rank-128-2,556,2,545.6527358603943
6570,huggyllama/llama-7b,dummy-lora-7b-rank-128-3,578,27,545.6777463307179
6571,huggyllama/llama-7b,dummy-lora-7b-rank-128-1,159,107,545.7810471887313
6572,huggyllama/llama-7b,dummy-lora-7b-rank-16-3,560,15,545.8302640087438
6573,huggyllama/llama-7b,dummy-lora-7b-rank-128-1,312,66,545.8331534686533
6574,huggyllama/llama-7b,dummy-lora-7b-rank-32-0,162,40,545.9278443912999
6575,huggyllama/llama-7b,dummy-lora-7b-rank-128-1,560,26,545.9338358925106
6576,huggyllama/llama-7b,dummy-lora-7b-rank-128-4,603,19,548.0493391765516
6577,huggyllama/llama-7b,dummy-lora-7b-rank-128-0,243,109,548.0669099067219
6578,huggyllama/llama-7b,dummy-lora-7b-rank-128-2,182,7,548.2713871720149
6579,huggyllama/llama-7b,dummy-lora-7b-rank-128-0,566,44,548.3767242727689
6580,huggyllama/llama-7b,dummy-lora-7b-rank-128-1,234,57,548.4025986325105
6581,huggyllama/llama-7b,dummy-lora-7b-rank-128-4,246,170,548.4290038737713
6582,huggyllama/llama-7b,dummy-lora-7b-rank-8-3,468,53,548.5325647687976
6583,huggyllama/llama-7b,dummy-lora-7b-rank-128-1,379,50,548.5824384751362
6584,huggyllama/llama-7b,dummy-lora-7b-rank-128-3,461,39,548.5848896933285
6585,huggyllama/llama-7b,dummy-lora-7b-rank-64-1,464,53,548.6332699739263
6586,huggyllama/llama-7b,dummy-lora-7b-rank-64-1,544,15,548.6991079243668
6587,huggyllama/llama-7b,dummy-lora-7b-rank-8-1,609,11,548.7723242841761
6588,huggyllama/llama-7b,dummy-lora-7b-rank-64-3,607,21,548.7966308580268
6589,huggyllama/llama-7b,dummy-lora-7b-rank-8-2,356,46,548.8442728360164
6590,huggyllama/llama-7b,dummy-lora-7b-rank-128-0,557,16,548.8482067449843
6591,huggyllama/llama-7b,dummy-lora-7b-rank-16-3,552,19,548.9042484447401
6592,huggyllama/llama-7b,dummy-lora-7b-rank-128-2,402,52,548.9210547321828
6593,huggyllama/llama-7b,dummy-lora-7b-rank-128-3,554,20,548.9538290354851
6594,huggyllama/llama-7b,dummy-lora-7b-rank-64-1,562,26,549.0240060888561
6595,huggyllama/llama-7b,dummy-lora-7b-rank-64-0,491,89,549.075786891916
6596,huggyllama/llama-7b,dummy-lora-7b-rank-8-1,375,49,549.1036498443455
6597,huggyllama/llama-7b,dummy-lora-7b-rank-128-4,580,34,549.2131069819803
6598,huggyllama/llama-7b,dummy-lora-7b-rank-64-3,613,8,549.2531512044463
6599,huggyllama/llama-7b,dummy-lora-7b-rank-64-1,399,160,549.2535206850995
6600,huggyllama/llama-7b,dummy-lora-7b-rank-16-2,550,18,549.276417334475
6601,huggyllama/llama-7b,dummy-lora-7b-rank-64-1,564,28,549.2794120673423
6602,huggyllama/llama-7b,dummy-lora-7b-rank-128-4,545,62,549.2807781956991
6603,huggyllama/llama-7b,dummy-lora-7b-rank-128-4,599,17,549.3213801824365
6604,huggyllama/llama-7b,dummy-lora-7b-rank-128-0,226,58,549.3231813609791
6605,huggyllama/llama-7b,dummy-lora-7b-rank-128-0,375,41,549.4314097621542
6606,huggyllama/llama-7b,dummy-lora-7b-rank-128-3,498,49,549.4335150695575
6607,huggyllama/llama-7b,dummy-lora-7b-rank-128-4,394,12,549.4336054299118
6608,huggyllama/llama-7b,dummy-lora-7b-rank-128-2,548,9,549.4413863061552
6609,huggyllama/llama-7b,dummy-lora-7b-rank-8-3,584,17,549.524164753054
6610,huggyllama/llama-7b,dummy-lora-7b-rank-128-0,553,13,549.5527338628395
6611,huggyllama/llama-7b,dummy-lora-7b-rank-128-2,556,20,549.5884569198872
6612,huggyllama/llama-7b,dummy-lora-7b-rank-64-2,633,45,549.5917150313421
6613,huggyllama/llama-7b,dummy-lora-7b-rank-32-1,357,47,549.6638634406088
6614,huggyllama/llama-7b,dummy-lora-7b-rank-32-3,363,59,549.6723439678314
6615,huggyllama/llama-7b,dummy-lora-7b-rank-64-0,747,53,549.7363633034793
6616,huggyllama/llama-7b,dummy-lora-7b-rank-32-3,478,40,549.7733558644196
6617,huggyllama/llama-7b,dummy-lora-7b-rank-64-2,606,73,549.7804149767702
6618,huggyllama/llama-7b,dummy-lora-7b-rank-8-4,234,46,549.806135725825
6619,huggyllama/llama-7b,dummy-lora-7b-rank-128-1,250,43,549.8917546312554
6620,huggyllama/llama-7b,dummy-lora-7b-rank-128-0,275,48,549.9256965727973
6621,huggyllama/llama-7b,dummy-lora-7b-rank-128-1,672,34,549.9392874439872
6622,huggyllama/llama-7b,dummy-lora-7b-rank-128-4,570,31,549.9609458066017
6623,huggyllama/llama-7b,dummy-lora-7b-rank-8-1,466,69,549.9755916770041
6624,huggyllama/llama-7b,dummy-lora-7b-rank-64-2,560,22,552.0321691354918
6625,huggyllama/llama-7b,dummy-lora-7b-rank-32-4,255,146,552.1841852350565
6626,huggyllama/llama-7b,dummy-lora-7b-rank-128-0,494,68,552.2423264149073
6627,huggyllama/llama-7b,dummy-lora-7b-rank-128-4,367,38,552.2460216379855
6628,huggyllama/llama-7b,dummy-lora-7b-rank-128-3,709,15,552.2532652051414
6629,huggyllama/llama-7b,dummy-lora-7b-rank-128-2,819,49,552.283367569283
6630,huggyllama/llama-7b,dummy-lora-7b-rank-128-0,763,173,552.3050591813641
6631,huggyllama/llama-7b,dummy-lora-7b-rank-16-3,714,55,552.3309430515534
6632,huggyllama/llama-7b,dummy-lora-7b-rank-8-2,485,57,552.3342069327153
6633,huggyllama/llama-7b,dummy-lora-7b-rank-128-4,477,196,552.397829822744
6634,huggyllama/llama-7b,dummy-lora-7b-rank-128-3,200,125,552.4580858985648
6635,huggyllama/llama-7b,dummy-lora-7b-rank-128-1,405,241,552.4990525833895
6636,huggyllama/llama-7b,dummy-lora-7b-rank-128-3,345,46,552.5849152949728
6637,huggyllama/llama-7b,dummy-lora-7b-rank-8-1,203,39,552.5994724665584
6638,huggyllama/llama-7b,dummy-lora-7b-rank-128-4,782,102,552.6986592158039
6639,huggyllama/llama-7b,dummy-lora-7b-rank-16-2,391,48,552.74563863764
6640,huggyllama/llama-7b,dummy-lora-7b-rank-8-4,560,24,552.8027877705237
6641,huggyllama/llama-7b,dummy-lora-7b-rank-128-0,159,67,553.049135579973
6642,huggyllama/llama-7b,dummy-lora-7b-rank-128-1,178,57,553.0668416797738
6643,huggyllama/llama-7b,dummy-lora-7b-rank-128-2,593,53,553.0944998670293
6644,huggyllama/llama-7b,dummy-lora-7b-rank-128-2,301,46,553.175879222917
6645,huggyllama/llama-7b,dummy-lora-7b-rank-64-3,562,25,553.2409795912023
6646,huggyllama/llama-7b,dummy-lora-7b-rank-128-4,550,81,553.2767514572869
6647,huggyllama/llama-7b,dummy-lora-7b-rank-32-2,795,6,553.3101625642684
6648,huggyllama/llama-7b,dummy-lora-7b-rank-128-3,424,43,553.3103310985218
6649,huggyllama/llama-7b,dummy-lora-7b-rank-128-1,142,50,553.3162299852557
6650,huggyllama/llama-7b,dummy-lora-7b-rank-32-4,309,9,553.323667114369
6651,huggyllama/llama-7b,dummy-lora-7b-rank-128-2,154,58,553.5005642994477
6652,huggyllama/llama-7b,dummy-lora-7b-rank-32-0,516,36,553.5227925587258
6653,huggyllama/llama-7b,dummy-lora-7b-rank-128-4,371,15,553.5427134183901
6654,huggyllama/llama-7b,dummy-lora-7b-rank-64-2,444,194,553.5490671045407
6655,huggyllama/llama-7b,dummy-lora-7b-rank-8-2,294,46,553.5890454287643
6656,huggyllama/llama-7b,dummy-lora-7b-rank-128-4,159,121,553.5900947942284
6657,huggyllama/llama-7b,dummy-lora-7b-rank-8-4,771,6,553.5978406380478
6658,huggyllama/llama-7b,dummy-lora-7b-rank-32-4,609,22,553.6264200441053
6659,huggyllama/llama-7b,dummy-lora-7b-rank-128-0,404,18,553.6390586384312
6660,huggyllama/llama-7b,dummy-lora-7b-rank-128-0,450,41,553.6527308401751
6661,huggyllama/llama-7b,dummy-lora-7b-rank-8-0,815,194,553.6711527020452
6662,huggyllama/llama-7b,dummy-lora-7b-rank-32-0,560,15,553.696188107588
6663,huggyllama/llama-7b,dummy-lora-7b-rank-8-2,550,18,553.7201502725544
6664,huggyllama/llama-7b,dummy-lora-7b-rank-8-1,217,41,553.7461224396536
6665,huggyllama/llama-7b,dummy-lora-7b-rank-64-0,353,11,553.7881762833226
6666,huggyllama/llama-7b,dummy-lora-7b-rank-8-2,529,78,553.796685908314
6667,huggyllama/llama-7b,dummy-lora-7b-rank-128-0,550,18,553.7970643677951
6668,huggyllama/llama-7b,dummy-lora-7b-rank-64-3,554,22,553.8679423206279
6669,huggyllama/llama-7b,dummy-lora-7b-rank-128-4,421,10,553.8702924205329
6670,huggyllama/llama-7b,dummy-lora-7b-rank-128-1,422,66,553.8739904025425
6671,huggyllama/llama-7b,dummy-lora-7b-rank-32-0,411,36,553.9691093094676
6672,huggyllama/llama-7b,dummy-lora-7b-rank-128-4,290,66,556.0130043599337
6673,huggyllama/llama-7b,dummy-lora-7b-rank-8-0,455,9,556.0136545565264
6674,huggyllama/llama-7b,dummy-lora-7b-rank-128-1,641,36,556.0442207813952
6675,huggyllama/llama-7b,dummy-lora-7b-rank-64-2,646,13,556.0748664084985
6676,huggyllama/llama-7b,dummy-lora-7b-rank-64-2,514,48,556.1381342634028
6677,huggyllama/llama-7b,dummy-lora-7b-rank-16-1,579,9,556.1423676707267
6678,huggyllama/llama-7b,dummy-lora-7b-rank-64-3,556,21,556.1888225924445
6679,huggyllama/llama-7b,dummy-lora-7b-rank-128-2,656,86,556.2815768933365
6680,huggyllama/llama-7b,dummy-lora-7b-rank-32-4,701,58,556.3566335978848
6681,huggyllama/llama-7b,dummy-lora-7b-rank-64-4,621,51,556.3856690414923
6682,huggyllama/llama-7b,dummy-lora-7b-rank-16-0,372,35,556.4062324743725
6683,huggyllama/llama-7b,dummy-lora-7b-rank-16-1,351,46,556.4246246369662
6684,huggyllama/llama-7b,dummy-lora-7b-rank-128-3,488,67,556.4604514740479
6685,huggyllama/llama-7b,dummy-lora-7b-rank-16-1,898,3,556.5723078276828
6686,huggyllama/llama-7b,dummy-lora-7b-rank-32-1,590,44,556.5858146954813
6687,huggyllama/llama-7b,dummy-lora-7b-rank-128-4,331,37,556.6073986490222
6688,huggyllama/llama-7b,dummy-lora-7b-rank-128-2,654,55,556.6140525701649
6689,huggyllama/llama-7b,dummy-lora-7b-rank-128-3,174,142,556.6261008402997
6690,huggyllama/llama-7b,dummy-lora-7b-rank-128-3,241,39,556.6539122178837
6691,huggyllama/llama-7b,dummy-lora-7b-rank-32-2,670,5,556.6681628265516
6692,huggyllama/llama-7b,dummy-lora-7b-rank-64-0,787,35,556.6766248937595
6693,huggyllama/llama-7b,dummy-lora-7b-rank-64-4,647,9,556.7806490336498
6694,huggyllama/llama-7b,dummy-lora-7b-rank-128-4,164,44,556.7807006156079
6695,huggyllama/llama-7b,dummy-lora-7b-rank-128-1,565,71,556.8013778078263
6696,huggyllama/llama-7b,dummy-lora-7b-rank-128-3,386,53,556.9804422906664
6697,huggyllama/llama-7b,dummy-lora-7b-rank-64-3,123,50,557.0206928731402
6698,huggyllama/llama-7b,dummy-lora-7b-rank-64-1,321,140,557.0758109911744
6699,huggyllama/llama-7b,dummy-lora-7b-rank-8-2,574,33,557.0905214757317
6700,huggyllama/llama-7b,dummy-lora-7b-rank-16-0,398,29,557.1733549383288
6701,huggyllama/llama-7b,dummy-lora-7b-rank-128-0,596,36,557.1987211962144
6702,huggyllama/llama-7b,dummy-lora-7b-rank-128-2,463,6,557.2047325357103
6703,huggyllama/llama-7b,dummy-lora-7b-rank-64-2,611,20,557.2158561416484
6704,huggyllama/llama-7b,dummy-lora-7b-rank-128-4,546,16,557.2847797726748
6705,huggyllama/llama-7b,dummy-lora-7b-rank-16-0,281,39,557.3301940572306
6706,huggyllama/llama-7b,dummy-lora-7b-rank-128-1,190,51,557.3536187140357
6707,huggyllama/llama-7b,dummy-lora-7b-rank-128-1,477,6,557.3695316147264
6708,huggyllama/llama-7b,dummy-lora-7b-rank-128-1,280,90,557.3903444129394
6709,huggyllama/llama-7b,dummy-lora-7b-rank-16-2,554,22,557.412529805015
6710,huggyllama/llama-7b,dummy-lora-7b-rank-128-3,376,55,557.4396335089951
6711,huggyllama/llama-7b,dummy-lora-7b-rank-8-4,496,54,557.5357230261075
6712,huggyllama/llama-7b,dummy-lora-7b-rank-128-1,149,50,557.5407971396863
6713,huggyllama/llama-7b,dummy-lora-7b-rank-8-1,114,54,557.5933937754824
6714,huggyllama/llama-7b,dummy-lora-7b-rank-64-1,227,62,557.6791363675283
6715,huggyllama/llama-7b,dummy-lora-7b-rank-8-2,856,13,557.7782677655558
6716,huggyllama/llama-7b,dummy-lora-7b-rank-32-4,558,19,557.7902330398274
6717,huggyllama/llama-7b,dummy-lora-7b-rank-64-4,326,41,557.9059607095143
6718,huggyllama/llama-7b,dummy-lora-7b-rank-32-3,398,11,557.9402389056057
6719,huggyllama/llama-7b,dummy-lora-7b-rank-8-2,554,20,557.9867336693125
6720,huggyllama/llama-7b,dummy-lora-7b-rank-128-3,550,18,560.0032899972018
6721,huggyllama/llama-7b,dummy-lora-7b-rank-128-1,53,144,560.0145415019884
6722,huggyllama/llama-7b,dummy-lora-7b-rank-128-1,284,5,560.0551078987233
6723,huggyllama/llama-7b,dummy-lora-7b-rank-128-4,281,78,560.0818998055714
6724,huggyllama/llama-7b,dummy-lora-7b-rank-128-4,687,14,560.0910801529736
6725,huggyllama/llama-7b,dummy-lora-7b-rank-128-1,783,3,560.194227200743
6726,huggyllama/llama-7b,dummy-lora-7b-rank-32-3,6,20,560.194993615995
6727,huggyllama/llama-7b,dummy-lora-7b-rank-32-0,406,56,560.2349347269662
6728,huggyllama/llama-7b,dummy-lora-7b-rank-128-0,615,22,560.2625257770217
6729,huggyllama/llama-7b,dummy-lora-7b-rank-16-4,431,73,560.334006110907
6730,huggyllama/llama-7b,dummy-lora-7b-rank-64-1,910,38,560.3683394979812
6731,huggyllama/llama-7b,dummy-lora-7b-rank-128-3,255,100,560.3792862285813
6732,huggyllama/llama-7b,dummy-lora-7b-rank-32-4,889,11,560.3917379222349
6733,huggyllama/llama-7b,dummy-lora-7b-rank-8-1,735,11,560.4228319488683
6734,huggyllama/llama-7b,dummy-lora-7b-rank-128-4,550,18,560.4323857949588
6735,huggyllama/llama-7b,dummy-lora-7b-rank-128-0,562,24,560.5388450482129
6736,huggyllama/llama-7b,dummy-lora-7b-rank-128-2,562,26,560.5686704982874
6737,huggyllama/llama-7b,dummy-lora-7b-rank-16-0,649,13,560.5813691902508
6738,huggyllama/llama-7b,dummy-lora-7b-rank-128-0,424,50,560.7556696796829
6739,huggyllama/llama-7b,dummy-lora-7b-rank-8-2,548,17,560.8287480130601
6740,huggyllama/llama-7b,dummy-lora-7b-rank-128-2,900,43,560.8565395043094
6741,huggyllama/llama-7b,dummy-lora-7b-rank-128-0,637,12,560.9037722241379
6742,huggyllama/llama-7b,dummy-lora-7b-rank-16-0,599,18,560.9132581834314
6743,huggyllama/llama-7b,dummy-lora-7b-rank-128-4,284,45,561.009821288826
6744,huggyllama/llama-7b,dummy-lora-7b-rank-128-1,464,46,561.0117140656421
6745,huggyllama/llama-7b,dummy-lora-7b-rank-128-3,716,3,561.0501582617256
6746,huggyllama/llama-7b,dummy-lora-7b-rank-64-3,894,42,561.0536762365037
6747,huggyllama/llama-7b,dummy-lora-7b-rank-128-4,193,52,561.057943470557
6748,huggyllama/llama-7b,dummy-lora-7b-rank-128-1,132,95,561.1268764492033
6749,huggyllama/llama-7b,dummy-lora-7b-rank-128-2,726,15,561.1429145389824
6750,huggyllama/llama-7b,dummy-lora-7b-rank-64-2,215,99,561.1809054589972
6751,huggyllama/llama-7b,dummy-lora-7b-rank-128-2,562,24,561.2665503605415
6752,huggyllama/llama-7b,dummy-lora-7b-rank-16-2,232,143,561.269318856806
6753,huggyllama/llama-7b,dummy-lora-7b-rank-128-0,189,52,561.2706537268774
6754,huggyllama/llama-7b,dummy-lora-7b-rank-128-1,498,17,561.325744048822
6755,huggyllama/llama-7b,dummy-lora-7b-rank-128-4,271,48,561.3298657362557
6756,huggyllama/llama-7b,dummy-lora-7b-rank-8-4,616,53,561.3759316060863
6757,huggyllama/llama-7b,dummy-lora-7b-rank-16-1,556,20,561.3909243883477
6758,huggyllama/llama-7b,dummy-lora-7b-rank-16-0,53,51,561.5804037802822
6759,huggyllama/llama-7b,dummy-lora-7b-rank-16-0,593,58,561.612857125522
6760,huggyllama/llama-7b,dummy-lora-7b-rank-32-0,347,48,561.6516651212402
6761,huggyllama/llama-7b,dummy-lora-7b-rank-128-3,784,58,561.6647775850157
6762,huggyllama/llama-7b,dummy-lora-7b-rank-128-1,194,47,561.7311042358872
6763,huggyllama/llama-7b,dummy-lora-7b-rank-64-3,296,3,561.7316318464481
6764,huggyllama/llama-7b,dummy-lora-7b-rank-8-2,377,47,561.7816940146048
6765,huggyllama/llama-7b,dummy-lora-7b-rank-64-0,484,12,561.8465970272597
6766,huggyllama/llama-7b,dummy-lora-7b-rank-128-4,617,29,561.9530993524799
6767,huggyllama/llama-7b,dummy-lora-7b-rank-128-1,556,23,561.9990390902991
6768,huggyllama/llama-7b,dummy-lora-7b-rank-64-3,387,55,564.0351876191984
6769,huggyllama/llama-7b,dummy-lora-7b-rank-128-4,676,10,564.2137936190958
6770,huggyllama/llama-7b,dummy-lora-7b-rank-64-2,93,33,564.2522677855723
6771,huggyllama/llama-7b,dummy-lora-7b-rank-16-3,552,20,564.268995122911
6772,huggyllama/llama-7b,dummy-lora-7b-rank-8-3,548,17,564.2729104940672
6773,huggyllama/llama-7b,dummy-lora-7b-rank-128-4,554,20,564.5190199512028
6774,huggyllama/llama-7b,dummy-lora-7b-rank-64-2,519,81,564.5371892860782
6775,huggyllama/llama-7b,dummy-lora-7b-rank-128-4,554,19,564.5445873390718
6776,huggyllama/llama-7b,dummy-lora-7b-rank-32-4,586,11,564.5713448490028
6777,huggyllama/llama-7b,dummy-lora-7b-rank-64-1,61,79,564.5734215235185
6778,huggyllama/llama-7b,dummy-lora-7b-rank-16-4,564,26,564.6359930300558
6779,huggyllama/llama-7b,dummy-lora-7b-rank-32-4,566,29,564.6424112317172
6780,huggyllama/llama-7b,dummy-lora-7b-rank-64-1,556,23,564.6808953795596
6781,huggyllama/llama-7b,dummy-lora-7b-rank-8-4,229,12,564.6816055822932
6782,huggyllama/llama-7b,dummy-lora-7b-rank-128-2,519,50,564.7640442626434
6783,huggyllama/llama-7b,dummy-lora-7b-rank-16-3,299,137,564.7670013003849
6784,huggyllama/llama-7b,dummy-lora-7b-rank-128-2,617,60,564.7795093707869
6785,huggyllama/llama-7b,dummy-lora-7b-rank-128-4,205,44,564.8800790920277
6786,huggyllama/llama-7b,dummy-lora-7b-rank-128-1,560,26,564.8932915763534
6787,huggyllama/llama-7b,dummy-lora-7b-rank-128-0,483,10,564.9027831495046
6788,huggyllama/llama-7b,dummy-lora-7b-rank-8-3,639,3,565.0398990732796
6789,huggyllama/llama-7b,dummy-lora-7b-rank-128-4,175,76,565.0521272081678
6790,huggyllama/llama-7b,dummy-lora-7b-rank-128-3,558,22,565.0708821212414
6791,huggyllama/llama-7b,dummy-lora-7b-rank-64-3,261,57,565.0940484429657
6792,huggyllama/llama-7b,dummy-lora-7b-rank-128-3,562,26,565.1398945986308
6793,huggyllama/llama-7b,dummy-lora-7b-rank-128-2,570,9,565.2019792341263
6794,huggyllama/llama-7b,dummy-lora-7b-rank-128-1,239,37,565.213822332054
6795,huggyllama/llama-7b,dummy-lora-7b-rank-128-1,550,18,565.2302168700257
6796,huggyllama/llama-7b,dummy-lora-7b-rank-128-4,992,29,565.398357578295
6797,huggyllama/llama-7b,dummy-lora-7b-rank-128-2,600,28,565.4326578160163
6798,huggyllama/llama-7b,dummy-lora-7b-rank-128-4,367,45,565.4842393697071
6799,huggyllama/llama-7b,dummy-lora-7b-rank-8-0,851,78,565.507958049334
6800,huggyllama/llama-7b,dummy-lora-7b-rank-64-1,478,15,565.5081249173267
6801,huggyllama/llama-7b,dummy-lora-7b-rank-128-4,294,38,565.5478719996277
6802,huggyllama/llama-7b,dummy-lora-7b-rank-128-2,537,43,565.5592930457592
6803,huggyllama/llama-7b,dummy-lora-7b-rank-64-0,604,31,565.651668459055
6804,huggyllama/llama-7b,dummy-lora-7b-rank-128-1,748,65,565.6528802252553
6805,huggyllama/llama-7b,dummy-lora-7b-rank-8-3,413,6,565.6536154069823
6806,huggyllama/llama-7b,dummy-lora-7b-rank-128-3,383,46,565.6798257110903
6807,huggyllama/llama-7b,dummy-lora-7b-rank-128-2,560,28,565.7366468460891
6808,huggyllama/llama-7b,dummy-lora-7b-rank-128-2,560,25,565.7897933249789
6809,huggyllama/llama-7b,dummy-lora-7b-rank-128-4,412,52,565.8092087054173
6810,huggyllama/llama-7b,dummy-lora-7b-rank-128-4,861,77,565.8230149268335
6811,huggyllama/llama-7b,dummy-lora-7b-rank-32-1,874,69,565.8269609441573
6812,huggyllama/llama-7b,dummy-lora-7b-rank-32-3,568,92,565.8309859978507
6813,huggyllama/llama-7b,dummy-lora-7b-rank-64-2,1019,17,565.8409899462675
6814,huggyllama/llama-7b,dummy-lora-7b-rank-64-1,239,50,565.9064822001902
6815,huggyllama/llama-7b,dummy-lora-7b-rank-64-0,595,8,565.9952801694778
6816,huggyllama/llama-7b,dummy-lora-7b-rank-128-3,364,50,568.0820093796644
6817,huggyllama/llama-7b,dummy-lora-7b-rank-128-2,438,171,568.1808642733323
6818,huggyllama/llama-7b,dummy-lora-7b-rank-16-1,1010,38,568.3013918045731
6819,huggyllama/llama-7b,dummy-lora-7b-rank-16-1,342,7,568.3154293204619
6820,huggyllama/llama-7b,dummy-lora-7b-rank-128-2,90,39,568.3341750816097
6821,huggyllama/llama-7b,dummy-lora-7b-rank-16-2,556,11,568.448391476206
6822,huggyllama/llama-7b,dummy-lora-7b-rank-128-0,478,36,568.4497721391755
6823,huggyllama/llama-7b,dummy-lora-7b-rank-128-1,262,133,568.4636569956704
6824,huggyllama/llama-7b,dummy-lora-7b-rank-128-2,205,115,568.485988308629
6825,huggyllama/llama-7b,dummy-lora-7b-rank-128-2,209,51,568.5032375817407
6826,huggyllama/llama-7b,dummy-lora-7b-rank-128-2,108,58,568.5402947698686
6827,huggyllama/llama-7b,dummy-lora-7b-rank-16-1,171,55,568.5887603583067
6828,huggyllama/llama-7b,dummy-lora-7b-rank-8-0,520,12,568.7146753875309
6829,huggyllama/llama-7b,dummy-lora-7b-rank-128-3,468,65,568.731562771362
6830,huggyllama/llama-7b,dummy-lora-7b-rank-128-3,56,83,568.7435488408686
6831,huggyllama/llama-7b,dummy-lora-7b-rank-8-2,418,65,568.7549065662336
6832,huggyllama/llama-7b,dummy-lora-7b-rank-16-0,643,243,568.7913632185321
6833,huggyllama/llama-7b,dummy-lora-7b-rank-128-4,881,3,568.8796889900326
6834,huggyllama/llama-7b,dummy-lora-7b-rank-64-2,171,48,568.8923865274656
6835,huggyllama/llama-7b,dummy-lora-7b-rank-64-2,574,29,568.9525320755602
6836,huggyllama/llama-7b,dummy-lora-7b-rank-128-3,605,19,568.9636568235403
6837,huggyllama/llama-7b,dummy-lora-7b-rank-8-3,223,53,568.989078539666
6838,huggyllama/llama-7b,dummy-lora-7b-rank-128-3,780,12,569.0004337877583
6839,huggyllama/llama-7b,dummy-lora-7b-rank-128-2,492,10,569.0397011178303
6840,huggyllama/llama-7b,dummy-lora-7b-rank-128-2,22,256,569.0640593270766
6841,huggyllama/llama-7b,dummy-lora-7b-rank-32-1,431,37,569.1007253114
6842,huggyllama/llama-7b,dummy-lora-7b-rank-128-0,208,117,569.1315858745373
6843,huggyllama/llama-7b,dummy-lora-7b-rank-32-2,262,6,569.1453342113371
6844,huggyllama/llama-7b,dummy-lora-7b-rank-128-4,462,54,569.1949159484062
6845,huggyllama/llama-7b,dummy-lora-7b-rank-64-4,586,19,569.3272157347657
6846,huggyllama/llama-7b,dummy-lora-7b-rank-64-1,552,19,569.380442205793
6847,huggyllama/llama-7b,dummy-lora-7b-rank-128-4,636,44,569.3891914618622
6848,huggyllama/llama-7b,dummy-lora-7b-rank-64-3,567,21,569.40571318341
6849,huggyllama/llama-7b,dummy-lora-7b-rank-8-1,437,40,569.4136626877021
6850,huggyllama/llama-7b,dummy-lora-7b-rank-128-1,607,19,569.4244496012229
6851,huggyllama/llama-7b,dummy-lora-7b-rank-128-0,385,57,569.506645724044
6852,huggyllama/llama-7b,dummy-lora-7b-rank-32-1,558,19,569.514286041966
6853,huggyllama/llama-7b,dummy-lora-7b-rank-8-2,548,17,569.559056689077
6854,huggyllama/llama-7b,dummy-lora-7b-rank-128-3,471,45,569.587797847496
6855,huggyllama/llama-7b,dummy-lora-7b-rank-128-4,562,24,569.5994874444667
6856,huggyllama/llama-7b,dummy-lora-7b-rank-32-3,476,6,569.6182848954023
6857,huggyllama/llama-7b,dummy-lora-7b-rank-16-1,693,228,569.6829300043703
6858,huggyllama/llama-7b,dummy-lora-7b-rank-128-2,351,79,569.6957434124911
6859,huggyllama/llama-7b,dummy-lora-7b-rank-16-4,481,93,569.7221551178876
6860,huggyllama/llama-7b,dummy-lora-7b-rank-64-3,622,78,569.7483531316692
6861,huggyllama/llama-7b,dummy-lora-7b-rank-128-0,379,49,569.7738790069748
6862,huggyllama/llama-7b,dummy-lora-7b-rank-64-1,473,57,569.859442878863
6863,huggyllama/llama-7b,dummy-lora-7b-rank-8-1,341,186,569.9201450096459
6864,huggyllama/llama-7b,dummy-lora-7b-rank-128-0,374,55,572.0335789603574
6865,huggyllama/llama-7b,dummy-lora-7b-rank-128-2,502,40,572.0772368150325
6866,huggyllama/llama-7b,dummy-lora-7b-rank-128-3,566,26,572.1221267092914
6867,huggyllama/llama-7b,dummy-lora-7b-rank-32-4,517,63,572.3192341176061
6868,huggyllama/llama-7b,dummy-lora-7b-rank-16-1,347,50,572.4069181859923
6869,huggyllama/llama-7b,dummy-lora-7b-rank-128-3,400,56,572.4439257211264
6870,huggyllama/llama-7b,dummy-lora-7b-rank-16-0,786,13,572.4622167086334
6871,huggyllama/llama-7b,dummy-lora-7b-rank-128-4,724,43,572.4631701282943
6872,huggyllama/llama-7b,dummy-lora-7b-rank-16-3,534,59,572.4857015621507
6873,huggyllama/llama-7b,dummy-lora-7b-rank-128-2,573,8,572.4889318588433
6874,huggyllama/llama-7b,dummy-lora-7b-rank-128-2,558,24,572.5206400590697
6875,huggyllama/llama-7b,dummy-lora-7b-rank-16-1,592,24,572.5217578976241
6876,huggyllama/llama-7b,dummy-lora-7b-rank-128-4,584,18,572.5455786709663
6877,huggyllama/llama-7b,dummy-lora-7b-rank-128-4,429,12,572.5987103109337
6878,huggyllama/llama-7b,dummy-lora-7b-rank-16-4,290,160,572.6241190573836
6879,huggyllama/llama-7b,dummy-lora-7b-rank-128-1,362,139,572.6618441051445
6880,huggyllama/llama-7b,dummy-lora-7b-rank-32-1,667,76,572.6675800689918
6881,huggyllama/llama-7b,dummy-lora-7b-rank-16-3,528,51,572.7340777648842
6882,huggyllama/llama-7b,dummy-lora-7b-rank-128-4,414,50,572.7958636213161
6883,huggyllama/llama-7b,dummy-lora-7b-rank-32-4,399,9,572.8036583513734
6884,huggyllama/llama-7b,dummy-lora-7b-rank-16-4,234,122,572.9698267019077
6885,huggyllama/llama-7b,dummy-lora-7b-rank-128-4,751,51,572.977443935944
6886,huggyllama/llama-7b,dummy-lora-7b-rank-128-2,548,9,572.9919897597287
6887,huggyllama/llama-7b,dummy-lora-7b-rank-128-1,356,12,572.9993189693466
6888,huggyllama/llama-7b,dummy-lora-7b-rank-64-2,554,22,573.1008899010925
6889,huggyllama/llama-7b,dummy-lora-7b-rank-128-0,367,178,573.1203626415693
6890,huggyllama/llama-7b,dummy-lora-7b-rank-128-4,301,55,573.126206336365
6891,huggyllama/llama-7b,dummy-lora-7b-rank-16-3,564,28,573.1529765972848
6892,huggyllama/llama-7b,dummy-lora-7b-rank-32-1,778,54,573.2369034235799
6893,huggyllama/llama-7b,dummy-lora-7b-rank-128-2,374,55,573.3601618119034
6894,huggyllama/llama-7b,dummy-lora-7b-rank-128-2,318,54,573.3947088435848
6895,huggyllama/llama-7b,dummy-lora-7b-rank-16-2,108,55,573.4057236831396
6896,huggyllama/llama-7b,dummy-lora-7b-rank-128-1,716,125,573.5187191325497
6897,huggyllama/llama-7b,dummy-lora-7b-rank-16-4,558,23,573.5612697771278
6898,huggyllama/llama-7b,dummy-lora-7b-rank-128-2,613,56,573.5914936158194
6899,huggyllama/llama-7b,dummy-lora-7b-rank-128-4,568,28,573.6415497133289
6900,huggyllama/llama-7b,dummy-lora-7b-rank-128-1,469,9,573.6637388433696
6901,huggyllama/llama-7b,dummy-lora-7b-rank-128-0,58,32,573.6826310752631
6902,huggyllama/llama-7b,dummy-lora-7b-rank-128-1,875,54,573.6895128883267
6903,huggyllama/llama-7b,dummy-lora-7b-rank-128-0,568,30,573.7662594649225
6904,huggyllama/llama-7b,dummy-lora-7b-rank-32-3,375,57,573.7668938688088
6905,huggyllama/llama-7b,dummy-lora-7b-rank-128-0,604,31,573.8375626594778
6906,huggyllama/llama-7b,dummy-lora-7b-rank-128-4,593,18,573.8609960724202
6907,huggyllama/llama-7b,dummy-lora-7b-rank-64-1,57,46,573.8619789077466
6908,huggyllama/llama-7b,dummy-lora-7b-rank-16-1,425,148,573.8934802440812
6909,huggyllama/llama-7b,dummy-lora-7b-rank-128-2,503,13,573.9101449895755
6910,huggyllama/llama-7b,dummy-lora-7b-rank-128-3,655,49,573.9720149626029
6911,huggyllama/llama-7b,dummy-lora-7b-rank-128-3,548,9,573.983252440241
6912,huggyllama/llama-7b,dummy-lora-7b-rank-8-2,428,6,576.0152922092586
6913,huggyllama/llama-7b,dummy-lora-7b-rank-64-4,915,7,576.0535931764417
6914,huggyllama/llama-7b,dummy-lora-7b-rank-64-0,331,41,576.0795644127512
6915,huggyllama/llama-7b,dummy-lora-7b-rank-16-0,572,43,576.0834098755158
6916,huggyllama/llama-7b,dummy-lora-7b-rank-8-1,552,18,576.1194515403296
6917,huggyllama/llama-7b,dummy-lora-7b-rank-64-0,374,11,576.141031772957
6918,huggyllama/llama-7b,dummy-lora-7b-rank-64-2,127,46,576.1523283846637
6919,huggyllama/llama-7b,dummy-lora-7b-rank-64-3,138,21,576.170542759905
6920,huggyllama/llama-7b,dummy-lora-7b-rank-128-3,555,68,576.1734704237351
6921,huggyllama/llama-7b,dummy-lora-7b-rank-64-0,335,44,576.264105179613
6922,huggyllama/llama-7b,dummy-lora-7b-rank-128-2,572,32,576.3031289536294
6923,huggyllama/llama-7b,dummy-lora-7b-rank-16-2,611,20,576.3243222314707
6924,huggyllama/llama-7b,dummy-lora-7b-rank-128-1,293,121,576.3317994780105
6925,huggyllama/llama-7b,dummy-lora-7b-rank-64-2,398,11,576.3977331131948
6926,huggyllama/llama-7b,dummy-lora-7b-rank-64-4,603,30,576.4744805226887
6927,huggyllama/llama-7b,dummy-lora-7b-rank-8-1,279,6,576.5042248634335
6928,huggyllama/llama-7b,dummy-lora-7b-rank-128-0,539,46,576.648385740692
6929,huggyllama/llama-7b,dummy-lora-7b-rank-128-2,367,8,576.7252515931377
6930,huggyllama/llama-7b,dummy-lora-7b-rank-128-3,552,11,576.7296204587844
6931,huggyllama/llama-7b,dummy-lora-7b-rank-32-3,592,39,576.7360225993516
6932,huggyllama/llama-7b,dummy-lora-7b-rank-128-1,199,3,576.7418292256169
6933,huggyllama/llama-7b,dummy-lora-7b-rank-128-2,605,20,576.7426157329453
6934,huggyllama/llama-7b,dummy-lora-7b-rank-8-4,552,19,576.779645182186
6935,huggyllama/llama-7b,dummy-lora-7b-rank-128-2,342,42,576.7820131942642
6936,huggyllama/llama-7b,dummy-lora-7b-rank-128-0,379,20,576.8338392040598
6937,huggyllama/llama-7b,dummy-lora-7b-rank-128-2,599,17,576.8960353810593
6938,huggyllama/llama-7b,dummy-lora-7b-rank-128-1,385,41,576.9085730620828
6939,huggyllama/llama-7b,dummy-lora-7b-rank-128-1,481,52,576.94710837932
6940,huggyllama/llama-7b,dummy-lora-7b-rank-128-2,633,36,577.0639553544182
6941,huggyllama/llama-7b,dummy-lora-7b-rank-32-0,227,76,577.0905830669146
6942,huggyllama/llama-7b,dummy-lora-7b-rank-128-0,432,45,577.1492634987906
6943,huggyllama/llama-7b,dummy-lora-7b-rank-128-3,514,7,577.2166992914032
6944,huggyllama/llama-7b,dummy-lora-7b-rank-64-3,708,52,577.2180180568644
6945,huggyllama/llama-7b,dummy-lora-7b-rank-128-0,651,8,577.2206938636735
6946,huggyllama/llama-7b,dummy-lora-7b-rank-64-2,590,20,577.3714778085856
6947,huggyllama/llama-7b,dummy-lora-7b-rank-128-0,783,37,577.4132601786765
6948,huggyllama/llama-7b,dummy-lora-7b-rank-8-4,554,12,577.4466774183564
6949,huggyllama/llama-7b,dummy-lora-7b-rank-16-4,603,25,577.566135588487
6950,huggyllama/llama-7b,dummy-lora-7b-rank-128-4,558,23,577.5812579315822
6951,huggyllama/llama-7b,dummy-lora-7b-rank-32-0,564,28,577.5990065563034
6952,huggyllama/llama-7b,dummy-lora-7b-rank-16-0,227,9,577.6582019909202
6953,huggyllama/llama-7b,dummy-lora-7b-rank-16-0,434,42,577.7213761815256
6954,huggyllama/llama-7b,dummy-lora-7b-rank-128-0,104,56,577.7243630924343
6955,huggyllama/llama-7b,dummy-lora-7b-rank-128-3,410,48,577.8274223631903
6956,huggyllama/llama-7b,dummy-lora-7b-rank-32-3,284,47,577.85200337849
6957,huggyllama/llama-7b,dummy-lora-7b-rank-128-3,571,32,577.8733080884975
6958,huggyllama/llama-7b,dummy-lora-7b-rank-16-0,558,24,577.8901288856556
6959,huggyllama/llama-7b,dummy-lora-7b-rank-128-4,586,19,577.935145400124
6960,huggyllama/llama-7b,dummy-lora-7b-rank-128-2,300,4,580.0585205546126
6961,huggyllama/llama-7b,dummy-lora-7b-rank-128-0,302,46,580.1046817031421
6962,huggyllama/llama-7b,dummy-lora-7b-rank-128-0,535,6,580.1296861193995
6963,huggyllama/llama-7b,dummy-lora-7b-rank-16-2,554,12,580.179833723737
6964,huggyllama/llama-7b,dummy-lora-7b-rank-16-3,548,18,580.2213117840098
6965,huggyllama/llama-7b,dummy-lora-7b-rank-32-0,297,50,580.2226672926893
6966,huggyllama/llama-7b,dummy-lora-7b-rank-128-1,270,48,580.2717561302811
6967,huggyllama/llama-7b,dummy-lora-7b-rank-128-0,439,52,580.3559909938944
6968,huggyllama/llama-7b,dummy-lora-7b-rank-128-4,445,21,580.3849273917091
6969,huggyllama/llama-7b,dummy-lora-7b-rank-32-2,278,140,580.4127039318709
6970,huggyllama/llama-7b,dummy-lora-7b-rank-128-3,926,111,580.5979815510279
6971,huggyllama/llama-7b,dummy-lora-7b-rank-128-2,380,48,580.6689354338179
6972,huggyllama/llama-7b,dummy-lora-7b-rank-16-3,550,18,580.774659468943
6973,huggyllama/llama-7b,dummy-lora-7b-rank-128-3,167,49,580.7925429221991
6974,huggyllama/llama-7b,dummy-lora-7b-rank-128-4,607,10,580.8222391601715
6975,huggyllama/llama-7b,dummy-lora-7b-rank-128-1,620,73,580.8643587527152
6976,huggyllama/llama-7b,dummy-lora-7b-rank-128-3,326,7,580.8933902266124
6977,huggyllama/llama-7b,dummy-lora-7b-rank-128-3,592,3,580.9036438827559
6978,huggyllama/llama-7b,dummy-lora-7b-rank-128-2,995,67,580.9198690221153
6979,huggyllama/llama-7b,dummy-lora-7b-rank-128-2,176,54,580.9992631613412
6980,huggyllama/llama-7b,dummy-lora-7b-rank-8-0,105,34,581.0067963697703
6981,huggyllama/llama-7b,dummy-lora-7b-rank-16-0,198,51,581.0302986209051
6982,huggyllama/llama-7b,dummy-lora-7b-rank-128-1,165,45,581.0464679045499
6983,huggyllama/llama-7b,dummy-lora-7b-rank-64-4,203,117,581.0721301766682
6984,huggyllama/llama-7b,dummy-lora-7b-rank-128-4,712,3,581.074085480445
6985,huggyllama/llama-7b,dummy-lora-7b-rank-128-1,590,39,581.1148874668689
6986,huggyllama/llama-7b,dummy-lora-7b-rank-16-2,951,23,581.1444979475156
6987,huggyllama/llama-7b,dummy-lora-7b-rank-32-1,554,20,581.1862640777728
6988,huggyllama/llama-7b,dummy-lora-7b-rank-128-0,613,21,581.1987103483019
6989,huggyllama/llama-7b,dummy-lora-7b-rank-64-3,430,57,581.228239349238
6990,huggyllama/llama-7b,dummy-lora-7b-rank-64-3,573,13,581.237162509666
6991,huggyllama/llama-7b,dummy-lora-7b-rank-16-2,658,54,581.398016060984
6992,huggyllama/llama-7b,dummy-lora-7b-rank-32-3,560,23,581.4689850071007
6993,huggyllama/llama-7b,dummy-lora-7b-rank-64-4,417,6,581.4719518104323
6994,huggyllama/llama-7b,dummy-lora-7b-rank-128-4,430,37,581.5177897474565
6995,huggyllama/llama-7b,dummy-lora-7b-rank-8-1,464,62,581.5467889527489
6996,huggyllama/llama-7b,dummy-lora-7b-rank-128-0,330,50,581.5971045744878
6997,huggyllama/llama-7b,dummy-lora-7b-rank-128-1,344,38,581.6050182700861
6998,huggyllama/llama-7b,dummy-lora-7b-rank-128-1,597,51,581.621249699767
6999,huggyllama/llama-7b,dummy-lora-7b-rank-64-0,697,15,581.6443772084375
7000,huggyllama/llama-7b,dummy-lora-7b-rank-16-0,155,63,581.6460793235246
7001,huggyllama/llama-7b,dummy-lora-7b-rank-128-0,624,38,581.6616899121677
7002,huggyllama/llama-7b,dummy-lora-7b-rank-128-2,999,166,581.707126738137
7003,huggyllama/llama-7b,dummy-lora-7b-rank-32-3,332,100,581.7157017474981
7004,huggyllama/llama-7b,dummy-lora-7b-rank-16-0,412,53,581.7344971529161
7005,huggyllama/llama-7b,dummy-lora-7b-rank-128-2,512,49,581.7410638285619
7006,huggyllama/llama-7b,dummy-lora-7b-rank-8-0,55,41,581.7999502755068
7007,huggyllama/llama-7b,dummy-lora-7b-rank-16-2,584,28,581.926741081221
7008,huggyllama/llama-7b,dummy-lora-7b-rank-32-0,979,24,584.001604450673
7009,huggyllama/llama-7b,dummy-lora-7b-rank-64-3,545,10,584.0307122241329
7010,huggyllama/llama-7b,dummy-lora-7b-rank-64-3,562,27,584.0547028638249
7011,huggyllama/llama-7b,dummy-lora-7b-rank-64-0,481,46,584.084159219452
7012,huggyllama/llama-7b,dummy-lora-7b-rank-128-1,643,8,584.3261395319138
7013,huggyllama/llama-7b,dummy-lora-7b-rank-128-0,243,50,584.4806759365093
7014,huggyllama/llama-7b,dummy-lora-7b-rank-64-1,321,3,584.5505625193437
7015,huggyllama/llama-7b,dummy-lora-7b-rank-128-2,735,57,584.5554004017008
7016,huggyllama/llama-7b,dummy-lora-7b-rank-64-2,550,21,584.5789156531758
7017,huggyllama/llama-7b,dummy-lora-7b-rank-32-0,351,45,584.6485005115916
7018,huggyllama/llama-7b,dummy-lora-7b-rank-16-3,728,85,584.672893619371
7019,huggyllama/llama-7b,dummy-lora-7b-rank-32-0,931,22,584.6827768659507
7020,huggyllama/llama-7b,dummy-lora-7b-rank-8-3,649,11,584.7272262129824
7021,huggyllama/llama-7b,dummy-lora-7b-rank-128-2,468,52,584.7373659773427
7022,huggyllama/llama-7b,dummy-lora-7b-rank-64-3,331,47,584.7889050299826
7023,huggyllama/llama-7b,dummy-lora-7b-rank-128-4,560,48,584.8764393743135
7024,huggyllama/llama-7b,dummy-lora-7b-rank-128-2,591,9,584.9391759674654
7025,huggyllama/llama-7b,dummy-lora-7b-rank-32-0,864,34,584.9425714182553
7026,huggyllama/llama-7b,dummy-lora-7b-rank-128-2,631,55,585.0133911124313
7027,huggyllama/llama-7b,dummy-lora-7b-rank-128-2,562,25,585.0476626523846
7028,huggyllama/llama-7b,dummy-lora-7b-rank-128-1,241,126,585.0602445185159
7029,huggyllama/llama-7b,dummy-lora-7b-rank-16-4,595,57,585.0653667467188
7030,huggyllama/llama-7b,dummy-lora-7b-rank-32-1,554,20,585.0654115606327
7031,huggyllama/llama-7b,dummy-lora-7b-rank-32-4,608,9,585.1023873839788
7032,huggyllama/llama-7b,dummy-lora-7b-rank-128-4,864,118,585.1456338967114
7033,huggyllama/llama-7b,dummy-lora-7b-rank-64-3,548,17,585.209418454963
7034,huggyllama/llama-7b,dummy-lora-7b-rank-8-3,415,46,585.2111332700681
7035,huggyllama/llama-7b,dummy-lora-7b-rank-16-1,572,29,585.3639749706344
7036,huggyllama/llama-7b,dummy-lora-7b-rank-128-3,405,65,585.3688599926613
7037,huggyllama/llama-7b,dummy-lora-7b-rank-128-2,472,52,585.3917433970472
7038,huggyllama/llama-7b,dummy-lora-7b-rank-128-0,664,11,585.4123410866792
7039,huggyllama/llama-7b,dummy-lora-7b-rank-128-3,548,19,585.474712464129
7040,huggyllama/llama-7b,dummy-lora-7b-rank-8-3,619,11,585.4898015303165
7041,huggyllama/llama-7b,dummy-lora-7b-rank-16-4,431,45,585.5140304286019
7042,huggyllama/llama-7b,dummy-lora-7b-rank-32-2,880,124,585.5286111919984
7043,huggyllama/llama-7b,dummy-lora-7b-rank-8-3,230,48,585.5526839091176
7044,huggyllama/llama-7b,dummy-lora-7b-rank-64-0,900,15,585.6054317941213
7045,huggyllama/llama-7b,dummy-lora-7b-rank-8-4,633,30,585.655307086491
7046,huggyllama/llama-7b,dummy-lora-7b-rank-128-0,406,55,585.6640947365114
7047,huggyllama/llama-7b,dummy-lora-7b-rank-128-3,565,75,585.7841446916449
7048,huggyllama/llama-7b,dummy-lora-7b-rank-128-3,330,15,585.8131219989781
7049,huggyllama/llama-7b,dummy-lora-7b-rank-64-0,423,65,585.8398761534188
7050,huggyllama/llama-7b,dummy-lora-7b-rank-32-4,307,42,585.842314291329
7051,huggyllama/llama-7b,dummy-lora-7b-rank-32-1,477,48,585.8607546859239
7052,huggyllama/llama-7b,dummy-lora-7b-rank-64-1,260,53,585.8607836732119
7053,huggyllama/llama-7b,dummy-lora-7b-rank-128-0,213,46,585.8624484923273
7054,huggyllama/llama-7b,dummy-lora-7b-rank-32-4,1014,30,585.8691328734507
7055,huggyllama/llama-7b,dummy-lora-7b-rank-16-4,609,20,585.9083411153614
7056,huggyllama/llama-7b,dummy-lora-7b-rank-128-1,368,10,588.1072264014323
7057,huggyllama/llama-7b,dummy-lora-7b-rank-32-3,720,16,588.1244187225379
7058,huggyllama/llama-7b,dummy-lora-7b-rank-64-0,815,100,588.144969899819
7059,huggyllama/llama-7b,dummy-lora-7b-rank-128-3,602,27,588.2011950775164
7060,huggyllama/llama-7b,dummy-lora-7b-rank-8-1,751,10,588.3343134973956
7061,huggyllama/llama-7b,dummy-lora-7b-rank-16-3,159,111,588.336061940067
7062,huggyllama/llama-7b,dummy-lora-7b-rank-64-4,493,233,588.4164252363049
7063,huggyllama/llama-7b,dummy-lora-7b-rank-128-0,453,45,588.4418528177771
7064,huggyllama/llama-7b,dummy-lora-7b-rank-64-0,55,63,588.5085880896373
7065,huggyllama/llama-7b,dummy-lora-7b-rank-128-1,754,63,588.5102096840955
7066,huggyllama/llama-7b,dummy-lora-7b-rank-128-1,679,12,588.5688316790884
7067,huggyllama/llama-7b,dummy-lora-7b-rank-128-4,431,11,588.6038431392865
7068,huggyllama/llama-7b,dummy-lora-7b-rank-8-4,752,12,588.6221068419309
7069,huggyllama/llama-7b,dummy-lora-7b-rank-128-3,881,15,588.658527912322
7070,huggyllama/llama-7b,dummy-lora-7b-rank-128-1,803,18,588.6884285457073
7071,huggyllama/llama-7b,dummy-lora-7b-rank-8-3,568,25,588.7556094576335
7072,huggyllama/llama-7b,dummy-lora-7b-rank-128-2,94,42,588.8227568204788
7073,huggyllama/llama-7b,dummy-lora-7b-rank-128-0,717,52,588.8544361223669
7074,huggyllama/llama-7b,dummy-lora-7b-rank-64-4,637,39,588.8580998867486
7075,huggyllama/llama-7b,dummy-lora-7b-rank-32-0,395,13,588.957498334902
7076,huggyllama/llama-7b,dummy-lora-7b-rank-128-4,445,75,588.9736031979048
7077,huggyllama/llama-7b,dummy-lora-7b-rank-128-1,554,20,589.0575947795567
7078,huggyllama/llama-7b,dummy-lora-7b-rank-128-0,1004,34,589.0594267205789
7079,huggyllama/llama-7b,dummy-lora-7b-rank-128-0,521,40,589.1639800829122
7080,huggyllama/llama-7b,dummy-lora-7b-rank-128-4,737,31,589.1667958542554
7081,huggyllama/llama-7b,dummy-lora-7b-rank-128-0,1013,10,589.170549391341
7082,huggyllama/llama-7b,dummy-lora-7b-rank-128-0,157,47,589.2305255726452
7083,huggyllama/llama-7b,dummy-lora-7b-rank-128-4,566,18,589.2473203156528
7084,huggyllama/llama-7b,dummy-lora-7b-rank-8-0,189,135,589.2627049865929
7085,huggyllama/llama-7b,dummy-lora-7b-rank-64-2,446,57,589.2758162418753
7086,huggyllama/llama-7b,dummy-lora-7b-rank-128-3,87,35,589.2876400078294
7087,huggyllama/llama-7b,dummy-lora-7b-rank-128-3,392,47,589.3869556077034
7088,huggyllama/llama-7b,dummy-lora-7b-rank-8-1,251,140,589.4346678453999
7089,huggyllama/llama-7b,dummy-lora-7b-rank-128-0,554,12,589.4662347971966
7090,huggyllama/llama-7b,dummy-lora-7b-rank-8-4,611,21,589.5466567316092
7091,huggyllama/llama-7b,dummy-lora-7b-rank-128-4,352,43,589.5853592669366
7092,huggyllama/llama-7b,dummy-lora-7b-rank-128-3,617,19,589.6350367784792
7093,huggyllama/llama-7b,dummy-lora-7b-rank-8-1,1020,11,589.6609802454326
7094,huggyllama/llama-7b,dummy-lora-7b-rank-16-3,411,41,589.6959014539431
7095,huggyllama/llama-7b,dummy-lora-7b-rank-128-3,444,158,589.7232034368027
7096,huggyllama/llama-7b,dummy-lora-7b-rank-8-0,246,52,589.7232763326635
7097,huggyllama/llama-7b,dummy-lora-7b-rank-128-1,564,25,589.7292666902548
7098,huggyllama/llama-7b,dummy-lora-7b-rank-128-3,394,51,589.7493581775318
7099,huggyllama/llama-7b,dummy-lora-7b-rank-128-3,601,15,589.7757654684513
7100,huggyllama/llama-7b,dummy-lora-7b-rank-128-1,236,32,589.8611557998723
7101,huggyllama/llama-7b,dummy-lora-7b-rank-128-1,560,22,589.8816948337677
7102,huggyllama/llama-7b,dummy-lora-7b-rank-128-4,426,15,589.9466080379933
7103,huggyllama/llama-7b,dummy-lora-7b-rank-32-4,959,3,589.9663043531319
7104,huggyllama/llama-7b,dummy-lora-7b-rank-128-3,645,15,592.0273585074864
7105,huggyllama/llama-7b,dummy-lora-7b-rank-128-3,562,27,592.0544158056529
7106,huggyllama/llama-7b,dummy-lora-7b-rank-16-3,726,3,592.2280418896959
7107,huggyllama/llama-7b,dummy-lora-7b-rank-128-3,154,44,592.3055933321087
7108,huggyllama/llama-7b,dummy-lora-7b-rank-16-0,556,93,592.313623950689
7109,huggyllama/llama-7b,dummy-lora-7b-rank-64-0,1000,58,592.3359267332089
7110,huggyllama/llama-7b,dummy-lora-7b-rank-64-2,270,42,592.3831626343961
7111,huggyllama/llama-7b,dummy-lora-7b-rank-128-0,609,30,592.4758670987999
7112,huggyllama/llama-7b,dummy-lora-7b-rank-16-2,619,11,592.4769941243584
7113,huggyllama/llama-7b,dummy-lora-7b-rank-128-1,838,18,592.497751948724
7114,huggyllama/llama-7b,dummy-lora-7b-rank-128-0,438,42,592.5505483195712
7115,huggyllama/llama-7b,dummy-lora-7b-rank-16-3,717,30,592.6384831838457
7116,huggyllama/llama-7b,dummy-lora-7b-rank-128-2,415,49,592.6962242551355
7117,huggyllama/llama-7b,dummy-lora-7b-rank-8-4,562,24,592.763177728674
7118,huggyllama/llama-7b,dummy-lora-7b-rank-8-2,537,91,592.8647959047399
7119,huggyllama/llama-7b,dummy-lora-7b-rank-64-2,223,44,592.922825093625
7120,huggyllama/llama-7b,dummy-lora-7b-rank-16-2,502,11,592.9395194954027
7121,huggyllama/llama-7b,dummy-lora-7b-rank-64-2,643,9,592.9722904592869
7122,huggyllama/llama-7b,dummy-lora-7b-rank-32-4,415,11,592.9741730061627
7123,huggyllama/llama-7b,dummy-lora-7b-rank-16-0,404,39,593.0043082149243
7124,huggyllama/llama-7b,dummy-lora-7b-rank-128-3,288,53,593.0213331289689
7125,huggyllama/llama-7b,dummy-lora-7b-rank-128-1,206,3,593.037235618111
7126,huggyllama/llama-7b,dummy-lora-7b-rank-32-4,328,37,593.088679849462
7127,huggyllama/llama-7b,dummy-lora-7b-rank-128-1,465,19,593.1191802731123
7128,huggyllama/llama-7b,dummy-lora-7b-rank-8-1,588,57,593.1209621526676
7129,huggyllama/llama-7b,dummy-lora-7b-rank-128-1,444,67,593.1303349058677
7130,huggyllama/llama-7b,dummy-lora-7b-rank-32-3,205,54,593.1339271133776
7131,huggyllama/llama-7b,dummy-lora-7b-rank-32-0,633,20,593.1654722469012
7132,huggyllama/llama-7b,dummy-lora-7b-rank-128-1,172,33,593.2604650077944
7133,huggyllama/llama-7b,dummy-lora-7b-rank-128-2,272,52,593.2713188289949
7134,huggyllama/llama-7b,dummy-lora-7b-rank-128-2,849,60,593.2747626418882
7135,huggyllama/llama-7b,dummy-lora-7b-rank-128-3,566,18,593.3011247087297
7136,huggyllama/llama-7b,dummy-lora-7b-rank-128-2,315,143,593.3038305485087
7137,huggyllama/llama-7b,dummy-lora-7b-rank-128-1,587,35,593.3456363579561
7138,huggyllama/llama-7b,dummy-lora-7b-rank-128-0,550,18,593.351738086782
7139,huggyllama/llama-7b,dummy-lora-7b-rank-32-2,516,47,593.3705022005083
7140,huggyllama/llama-7b,dummy-lora-7b-rank-128-1,425,9,593.3715709808929
7141,huggyllama/llama-7b,dummy-lora-7b-rank-128-0,787,14,593.4189861085345
7142,huggyllama/llama-7b,dummy-lora-7b-rank-64-0,264,48,593.4564739338772
7143,huggyllama/llama-7b,dummy-lora-7b-rank-128-3,584,14,593.4672657938726
7144,huggyllama/llama-7b,dummy-lora-7b-rank-128-1,546,16,593.5192367090185
7145,huggyllama/llama-7b,dummy-lora-7b-rank-64-4,379,87,593.5698204190421
7146,huggyllama/llama-7b,dummy-lora-7b-rank-32-3,332,50,593.7071001889616
7147,huggyllama/llama-7b,dummy-lora-7b-rank-64-3,306,64,593.715987076075
7148,huggyllama/llama-7b,dummy-lora-7b-rank-64-2,550,10,593.7373374698967
7149,huggyllama/llama-7b,dummy-lora-7b-rank-128-1,473,30,593.7716552844413
7150,huggyllama/llama-7b,dummy-lora-7b-rank-8-0,180,45,593.7933131703438
7151,huggyllama/llama-7b,dummy-lora-7b-rank-16-3,540,94,593.9002520205676
7152,huggyllama/llama-7b,dummy-lora-7b-rank-64-3,876,72,596.0927820654193
7153,huggyllama/llama-7b,dummy-lora-7b-rank-128-0,799,46,596.330381361735
7154,huggyllama/llama-7b,dummy-lora-7b-rank-128-0,733,4,596.435378939816
7155,huggyllama/llama-7b,dummy-lora-7b-rank-16-3,592,25,596.4523306926963
7156,huggyllama/llama-7b,dummy-lora-7b-rank-16-0,424,36,596.4623847746672
7157,huggyllama/llama-7b,dummy-lora-7b-rank-64-0,734,6,596.5257540307869
7158,huggyllama/llama-7b,dummy-lora-7b-rank-128-3,290,37,596.5318056490321
7159,huggyllama/llama-7b,dummy-lora-7b-rank-128-4,548,17,596.5417979232129
7160,huggyllama/llama-7b,dummy-lora-7b-rank-128-4,784,40,596.560500894393
7161,huggyllama/llama-7b,dummy-lora-7b-rank-128-0,562,25,596.6219028650008
7162,huggyllama/llama-7b,dummy-lora-7b-rank-16-1,562,26,596.623447306965
7163,huggyllama/llama-7b,dummy-lora-7b-rank-32-4,435,10,596.6993208950337
7164,huggyllama/llama-7b,dummy-lora-7b-rank-128-3,138,53,596.7216119686666
7165,huggyllama/llama-7b,dummy-lora-7b-rank-128-4,621,27,596.7389613932988
7166,huggyllama/llama-7b,dummy-lora-7b-rank-8-4,570,10,596.7425803744975
7167,huggyllama/llama-7b,dummy-lora-7b-rank-128-1,699,102,596.7508439320546
7168,huggyllama/llama-7b,dummy-lora-7b-rank-128-2,552,19,596.8097282252061
7169,huggyllama/llama-7b,dummy-lora-7b-rank-32-1,398,50,596.8297167964674
7170,huggyllama/llama-7b,dummy-lora-7b-rank-128-4,555,18,596.9634952077399
7171,huggyllama/llama-7b,dummy-lora-7b-rank-128-4,210,42,596.9930584070156
7172,huggyllama/llama-7b,dummy-lora-7b-rank-128-1,552,19,597.104585049628
7173,huggyllama/llama-7b,dummy-lora-7b-rank-32-3,588,17,597.1278683194893
7174,huggyllama/llama-7b,dummy-lora-7b-rank-128-3,537,30,597.1889733576458
7175,huggyllama/llama-7b,dummy-lora-7b-rank-128-4,619,24,597.1953448370366
7176,huggyllama/llama-7b,dummy-lora-7b-rank-128-4,569,117,597.236369613202
7177,huggyllama/llama-7b,dummy-lora-7b-rank-32-2,312,43,597.2788213662656
7178,huggyllama/llama-7b,dummy-lora-7b-rank-128-2,619,19,597.2831734082007
7179,huggyllama/llama-7b,dummy-lora-7b-rank-128-3,449,32,597.2947561175926
7180,huggyllama/llama-7b,dummy-lora-7b-rank-128-4,258,55,597.3017592840844
7181,huggyllama/llama-7b,dummy-lora-7b-rank-32-3,932,107,597.3614678695417
7182,huggyllama/llama-7b,dummy-lora-7b-rank-32-2,112,49,597.3764652131696
7183,huggyllama/llama-7b,dummy-lora-7b-rank-128-4,58,42,597.3926084962047
7184,huggyllama/llama-7b,dummy-lora-7b-rank-32-2,559,43,597.4063434996897
7185,huggyllama/llama-7b,dummy-lora-7b-rank-32-3,245,43,597.4388590226247
7186,huggyllama/llama-7b,dummy-lora-7b-rank-32-2,964,3,597.4737149137404
7187,huggyllama/llama-7b,dummy-lora-7b-rank-16-4,625,38,597.4853438139576
7188,huggyllama/llama-7b,dummy-lora-7b-rank-8-0,560,25,597.4970977048163
7189,huggyllama/llama-7b,dummy-lora-7b-rank-128-4,508,9,597.5019461978106
7190,huggyllama/llama-7b,dummy-lora-7b-rank-16-4,438,10,597.5726779846277
7191,huggyllama/llama-7b,dummy-lora-7b-rank-8-2,692,24,597.5832276961005
7192,huggyllama/llama-7b,dummy-lora-7b-rank-8-4,546,16,597.6766286072059
7193,huggyllama/llama-7b,dummy-lora-7b-rank-32-3,453,7,597.7689558106523
7194,huggyllama/llama-7b,dummy-lora-7b-rank-16-2,578,29,597.8920339911344
7195,huggyllama/llama-7b,dummy-lora-7b-rank-128-0,507,8,597.8961810970039
7196,huggyllama/llama-7b,dummy-lora-7b-rank-64-3,437,52,597.956336809248
7197,huggyllama/llama-7b,dummy-lora-7b-rank-128-4,601,28,597.9716934189967
7198,huggyllama/llama-7b,dummy-lora-7b-rank-128-0,566,29,597.9917575129269
7199,huggyllama/llama-7b,dummy-lora-7b-rank-128-0,554,18,597.9937913868362
7200,huggyllama/llama-7b,dummy-lora-7b-rank-128-1,396,134,600.0199518370451
7201,huggyllama/llama-7b,dummy-lora-7b-rank-64-0,564,25,600.1324681166224
7202,huggyllama/llama-7b,dummy-lora-7b-rank-128-2,546,16,600.1738060786878
7203,huggyllama/llama-7b,dummy-lora-7b-rank-8-3,273,60,600.1811604518368
7204,huggyllama/llama-7b,dummy-lora-7b-rank-32-4,594,38,600.1979344540817
7205,huggyllama/llama-7b,dummy-lora-7b-rank-128-4,556,21,600.2046251653256
7206,huggyllama/llama-7b,dummy-lora-7b-rank-128-2,239,47,600.3056982475051
7207,huggyllama/llama-7b,dummy-lora-7b-rank-128-3,584,15,600.3348138774534
7208,huggyllama/llama-7b,dummy-lora-7b-rank-16-2,605,44,600.3930637157328
7209,huggyllama/llama-7b,dummy-lora-7b-rank-8-4,232,156,600.442859961171
7210,huggyllama/llama-7b,dummy-lora-7b-rank-128-3,352,64,600.4557747704621
7211,huggyllama/llama-7b,dummy-lora-7b-rank-8-4,758,88,600.577042666918
7212,huggyllama/llama-7b,dummy-lora-7b-rank-64-3,367,9,600.5775300188603
7213,huggyllama/llama-7b,dummy-lora-7b-rank-64-1,315,122,600.6524129174011
7214,huggyllama/llama-7b,dummy-lora-7b-rank-128-1,52,50,600.6853377524272
7215,huggyllama/llama-7b,dummy-lora-7b-rank-128-0,448,71,600.689686062202
7216,huggyllama/llama-7b,dummy-lora-7b-rank-128-1,679,208,600.7561294221011
7217,huggyllama/llama-7b,dummy-lora-7b-rank-32-1,460,40,600.7778293535085
7218,huggyllama/llama-7b,dummy-lora-7b-rank-128-3,711,30,600.8015453870861
7219,huggyllama/llama-7b,dummy-lora-7b-rank-128-1,444,56,600.8017842484458
7220,huggyllama/llama-7b,dummy-lora-7b-rank-128-3,331,13,600.850610570294
7221,huggyllama/llama-7b,dummy-lora-7b-rank-32-4,620,5,600.8881324885575
7222,huggyllama/llama-7b,dummy-lora-7b-rank-128-1,451,13,600.9604716675176
7223,huggyllama/llama-7b,dummy-lora-7b-rank-128-0,327,89,601.0006908609209
7224,huggyllama/llama-7b,dummy-lora-7b-rank-128-2,619,24,601.0133095444038
7225,huggyllama/llama-7b,dummy-lora-7b-rank-16-3,181,55,601.0686816312109
7226,huggyllama/llama-7b,dummy-lora-7b-rank-8-0,482,49,601.076182904246
7227,huggyllama/llama-7b,dummy-lora-7b-rank-8-3,162,53,601.0768856655462
7228,huggyllama/llama-7b,dummy-lora-7b-rank-128-3,554,20,601.133359177858
7229,huggyllama/llama-7b,dummy-lora-7b-rank-128-1,614,2,601.1873586349
7230,huggyllama/llama-7b,dummy-lora-7b-rank-128-0,488,8,601.3291765305321
7231,huggyllama/llama-7b,dummy-lora-7b-rank-128-1,641,24,601.3817863583178
7232,huggyllama/llama-7b,dummy-lora-7b-rank-32-0,578,35,601.4204871234319
7233,huggyllama/llama-7b,dummy-lora-7b-rank-64-1,251,143,601.4427228246838
7234,huggyllama/llama-7b,dummy-lora-7b-rank-128-4,503,8,601.4587232211313
7235,huggyllama/llama-7b,dummy-lora-7b-rank-16-1,303,74,601.4879498946998
7236,huggyllama/llama-7b,dummy-lora-7b-rank-128-3,556,21,601.4922178224496
7237,huggyllama/llama-7b,dummy-lora-7b-rank-128-1,556,23,601.511703478589
7238,huggyllama/llama-7b,dummy-lora-7b-rank-128-4,204,3,601.5245463248793
7239,huggyllama/llama-7b,dummy-lora-7b-rank-16-2,629,20,601.5283857655569
7240,huggyllama/llama-7b,dummy-lora-7b-rank-16-3,765,21,601.534052533868
7241,huggyllama/llama-7b,dummy-lora-7b-rank-32-1,977,40,601.5351594050236
7242,huggyllama/llama-7b,dummy-lora-7b-rank-64-0,597,13,601.664668775723
7243,huggyllama/llama-7b,dummy-lora-7b-rank-128-0,322,12,601.665176792319
7244,huggyllama/llama-7b,dummy-lora-7b-rank-128-0,338,45,601.7126975958527
7245,huggyllama/llama-7b,dummy-lora-7b-rank-16-2,839,100,601.8683261479617
7246,huggyllama/llama-7b,dummy-lora-7b-rank-16-4,487,49,601.8758217460762
7247,huggyllama/llama-7b,dummy-lora-7b-rank-64-4,276,220,601.9379865731374
7248,huggyllama/llama-7b,dummy-lora-7b-rank-16-1,558,14,604.0330796793813
7249,huggyllama/llama-7b,dummy-lora-7b-rank-32-4,589,14,604.056745093106
7250,huggyllama/llama-7b,dummy-lora-7b-rank-128-2,295,49,604.0677022769377
7251,huggyllama/llama-7b,dummy-lora-7b-rank-8-4,987,77,604.1898519984114
7252,huggyllama/llama-7b,dummy-lora-7b-rank-128-4,747,26,604.2113073270049
7253,huggyllama/llama-7b,dummy-lora-7b-rank-16-2,556,22,604.3389678614872
7254,huggyllama/llama-7b,dummy-lora-7b-rank-128-0,552,18,604.3813859394071
7255,huggyllama/llama-7b,dummy-lora-7b-rank-8-1,754,44,604.4145669045668
7256,huggyllama/llama-7b,dummy-lora-7b-rank-128-0,494,59,604.424746316921
7257,huggyllama/llama-7b,dummy-lora-7b-rank-128-0,182,47,604.436687941609
7258,huggyllama/llama-7b,dummy-lora-7b-rank-8-0,644,37,604.4937173950067
7259,huggyllama/llama-7b,dummy-lora-7b-rank-128-1,586,19,604.5015830135754
7260,huggyllama/llama-7b,dummy-lora-7b-rank-128-4,562,17,604.5163161965072
7261,huggyllama/llama-7b,dummy-lora-7b-rank-64-0,403,35,604.6970092094123
7262,huggyllama/llama-7b,dummy-lora-7b-rank-64-1,301,40,604.7376204410674
7263,huggyllama/llama-7b,dummy-lora-7b-rank-128-0,554,20,604.7477715381074
7264,huggyllama/llama-7b,dummy-lora-7b-rank-128-2,83,31,604.7521019093217
7265,huggyllama/llama-7b,dummy-lora-7b-rank-128-1,290,148,604.8059445836415
7266,huggyllama/llama-7b,dummy-lora-7b-rank-64-0,197,175,604.830861140853
7267,huggyllama/llama-7b,dummy-lora-7b-rank-64-1,726,30,604.880214955435
7268,huggyllama/llama-7b,dummy-lora-7b-rank-128-3,572,26,604.9198919120798
7269,huggyllama/llama-7b,dummy-lora-7b-rank-8-0,207,33,604.9808314830337
7270,huggyllama/llama-7b,dummy-lora-7b-rank-128-2,255,44,604.9951668282158
7271,huggyllama/llama-7b,dummy-lora-7b-rank-8-1,653,3,605.0181812090863
7272,huggyllama/llama-7b,dummy-lora-7b-rank-16-3,51,50,605.0634047186152
7273,huggyllama/llama-7b,dummy-lora-7b-rank-128-4,565,73,605.1090704234755
7274,huggyllama/llama-7b,dummy-lora-7b-rank-16-1,814,12,605.169572596598
7275,huggyllama/llama-7b,dummy-lora-7b-rank-16-2,239,106,605.471518124975
7276,huggyllama/llama-7b,dummy-lora-7b-rank-128-1,726,48,605.4932716439463
7277,huggyllama/llama-7b,dummy-lora-7b-rank-32-2,546,11,605.5440570838272
7278,huggyllama/llama-7b,dummy-lora-7b-rank-32-3,601,16,605.5516521675349
7279,huggyllama/llama-7b,dummy-lora-7b-rank-128-3,256,52,605.5731417632039
7280,huggyllama/llama-7b,dummy-lora-7b-rank-16-1,613,20,605.5752187951957
7281,huggyllama/llama-7b,dummy-lora-7b-rank-128-4,285,82,605.5967637944677
7282,huggyllama/llama-7b,dummy-lora-7b-rank-8-4,338,76,605.6065698155574
7283,huggyllama/llama-7b,dummy-lora-7b-rank-128-3,1000,3,605.6248668099063
7284,huggyllama/llama-7b,dummy-lora-7b-rank-8-4,592,14,605.632547190797
7285,huggyllama/llama-7b,dummy-lora-7b-rank-128-3,404,39,605.649771701267
7286,huggyllama/llama-7b,dummy-lora-7b-rank-8-0,346,42,605.6513892678418
7287,huggyllama/llama-7b,dummy-lora-7b-rank-8-1,552,19,605.7447453575447
7288,huggyllama/llama-7b,dummy-lora-7b-rank-8-0,429,52,605.752076369215
7289,huggyllama/llama-7b,dummy-lora-7b-rank-128-2,625,50,605.7710384033134
7290,huggyllama/llama-7b,dummy-lora-7b-rank-32-4,556,23,605.7951577264529
7291,huggyllama/llama-7b,dummy-lora-7b-rank-64-4,852,36,605.8198835071296
7292,huggyllama/llama-7b,dummy-lora-7b-rank-32-0,695,88,605.8727449139254
7293,huggyllama/llama-7b,dummy-lora-7b-rank-128-3,511,11,605.8783179385428
7294,huggyllama/llama-7b,dummy-lora-7b-rank-8-2,163,49,605.8786902051557
7295,huggyllama/llama-7b,dummy-lora-7b-rank-64-3,383,6,605.9511086868145
7296,huggyllama/llama-7b,dummy-lora-7b-rank-128-0,484,9,608.0620391477561
7297,huggyllama/llama-7b,dummy-lora-7b-rank-128-1,529,7,608.1134046114112
7298,huggyllama/llama-7b,dummy-lora-7b-rank-64-2,632,73,608.1706479320333
7299,huggyllama/llama-7b,dummy-lora-7b-rank-8-1,698,8,608.2150711335844
7300,huggyllama/llama-7b,dummy-lora-7b-rank-64-3,243,127,608.2771760694251
7301,huggyllama/llama-7b,dummy-lora-7b-rank-128-0,484,57,608.3039136224152
7302,huggyllama/llama-7b,dummy-lora-7b-rank-128-4,561,99,608.3289237220624
7303,huggyllama/llama-7b,dummy-lora-7b-rank-128-4,554,20,608.349334099462
7304,huggyllama/llama-7b,dummy-lora-7b-rank-16-1,401,41,608.3572415290166
7305,huggyllama/llama-7b,dummy-lora-7b-rank-16-1,274,41,608.4043267510799
7306,huggyllama/llama-7b,dummy-lora-7b-rank-8-1,639,63,608.4552569038163
7307,huggyllama/llama-7b,dummy-lora-7b-rank-64-1,625,14,608.4614808774544
7308,huggyllama/llama-7b,dummy-lora-7b-rank-128-2,588,39,608.4640955975818
7309,huggyllama/llama-7b,dummy-lora-7b-rank-16-0,226,72,608.5023939010249
7310,huggyllama/llama-7b,dummy-lora-7b-rank-8-2,463,111,608.5085864692111
7311,huggyllama/llama-7b,dummy-lora-7b-rank-128-0,609,34,608.7195826174847
7312,huggyllama/llama-7b,dummy-lora-7b-rank-64-4,698,18,608.7620232772367
7313,huggyllama/llama-7b,dummy-lora-7b-rank-32-4,554,19,608.7665883493751
7314,huggyllama/llama-7b,dummy-lora-7b-rank-8-4,407,21,608.7943101386062
7315,huggyllama/llama-7b,dummy-lora-7b-rank-8-4,339,52,608.7982227757742
7316,huggyllama/llama-7b,dummy-lora-7b-rank-128-3,687,22,608.9233230662653
7317,huggyllama/llama-7b,dummy-lora-7b-rank-128-2,600,42,608.9436745323127
7318,huggyllama/llama-7b,dummy-lora-7b-rank-128-3,607,21,608.960992963114
7319,huggyllama/llama-7b,dummy-lora-7b-rank-128-0,597,16,608.9803586015121
7320,huggyllama/llama-7b,dummy-lora-7b-rank-16-0,695,8,608.9914021327763
7321,huggyllama/llama-7b,dummy-lora-7b-rank-128-1,558,22,609.0859016496183
7322,huggyllama/llama-7b,dummy-lora-7b-rank-8-2,552,21,609.0914245446038
7323,huggyllama/llama-7b,dummy-lora-7b-rank-128-2,813,9,609.1581295772266
7324,huggyllama/llama-7b,dummy-lora-7b-rank-128-2,532,9,609.189249536062
7325,huggyllama/llama-7b,dummy-lora-7b-rank-32-2,556,21,609.1927111597208
7326,huggyllama/llama-7b,dummy-lora-7b-rank-16-4,349,8,609.1933493227567
7327,huggyllama/llama-7b,dummy-lora-7b-rank-16-4,327,72,609.2051122339641
7328,huggyllama/llama-7b,dummy-lora-7b-rank-128-1,399,77,609.3008174276771
7329,huggyllama/llama-7b,dummy-lora-7b-rank-32-3,564,28,609.3065273979377
7330,huggyllama/llama-7b,dummy-lora-7b-rank-128-1,541,113,609.4598507708798
7331,huggyllama/llama-7b,dummy-lora-7b-rank-128-2,390,58,609.5647189670779
7332,huggyllama/llama-7b,dummy-lora-7b-rank-128-1,607,19,609.5890665741777
7333,huggyllama/llama-7b,dummy-lora-7b-rank-128-4,559,47,609.6083008085056
7334,huggyllama/llama-7b,dummy-lora-7b-rank-128-1,503,37,609.6279491961669
7335,huggyllama/llama-7b,dummy-lora-7b-rank-128-3,436,16,609.6283255919234
7336,huggyllama/llama-7b,dummy-lora-7b-rank-128-3,409,11,609.6336244701562
7337,huggyllama/llama-7b,dummy-lora-7b-rank-8-0,395,8,609.7797049510525
7338,huggyllama/llama-7b,dummy-lora-7b-rank-32-2,545,112,609.8168339021564
7339,huggyllama/llama-7b,dummy-lora-7b-rank-128-2,243,40,609.8902909385415
7340,huggyllama/llama-7b,dummy-lora-7b-rank-128-3,582,17,609.8942881594177
7341,huggyllama/llama-7b,dummy-lora-7b-rank-32-2,979,50,609.955796559658
7342,huggyllama/llama-7b,dummy-lora-7b-rank-8-3,421,46,609.9563273468646
7343,huggyllama/llama-7b,dummy-lora-7b-rank-128-3,386,128,609.9941055609006
7344,huggyllama/llama-7b,dummy-lora-7b-rank-128-3,864,68,612.0545265525299
7345,huggyllama/llama-7b,dummy-lora-7b-rank-128-3,1011,3,612.0858777184554
7346,huggyllama/llama-7b,dummy-lora-7b-rank-128-0,477,145,612.1546368367642
7347,huggyllama/llama-7b,dummy-lora-7b-rank-128-1,434,37,612.2042977047406
7348,huggyllama/llama-7b,dummy-lora-7b-rank-8-0,395,55,612.2171866009207
7349,huggyllama/llama-7b,dummy-lora-7b-rank-128-4,468,8,612.2418945892625
7350,huggyllama/llama-7b,dummy-lora-7b-rank-128-0,558,23,612.2852843042944
7351,huggyllama/llama-7b,dummy-lora-7b-rank-128-3,653,22,612.2955103493979
7352,huggyllama/llama-7b,dummy-lora-7b-rank-8-3,610,9,612.3169471389548
7353,huggyllama/llama-7b,dummy-lora-7b-rank-128-4,554,20,612.3358825515652
7354,huggyllama/llama-7b,dummy-lora-7b-rank-32-1,445,34,612.3916941174377
7355,huggyllama/llama-7b,dummy-lora-7b-rank-128-1,720,11,612.4438591388017
7356,huggyllama/llama-7b,dummy-lora-7b-rank-128-0,558,22,612.4481859553549
7357,huggyllama/llama-7b,dummy-lora-7b-rank-128-2,330,44,612.4978021432773
7358,huggyllama/llama-7b,dummy-lora-7b-rank-128-2,605,19,612.5063689145901
7359,huggyllama/llama-7b,dummy-lora-7b-rank-64-4,544,15,612.51348283839
7360,huggyllama/llama-7b,dummy-lora-7b-rank-8-4,550,18,612.5221881281208
7361,huggyllama/llama-7b,dummy-lora-7b-rank-8-0,342,13,612.6018182585372
7362,huggyllama/llama-7b,dummy-lora-7b-rank-64-2,328,33,612.6162795773853
7363,huggyllama/llama-7b,dummy-lora-7b-rank-32-0,552,8,612.6819317328151
7364,huggyllama/llama-7b,dummy-lora-7b-rank-128-2,601,18,612.7769702393541
7365,huggyllama/llama-7b,dummy-lora-7b-rank-128-2,413,11,612.8320046025196
7366,huggyllama/llama-7b,dummy-lora-7b-rank-8-3,480,215,612.9820920499373
7367,huggyllama/llama-7b,dummy-lora-7b-rank-8-0,254,80,613.0685298768627
7368,huggyllama/llama-7b,dummy-lora-7b-rank-128-4,563,19,613.0845937442917
7369,huggyllama/llama-7b,dummy-lora-7b-rank-64-4,568,30,613.0883297898057
7370,huggyllama/llama-7b,dummy-lora-7b-rank-16-2,556,20,613.1177020783311
7371,huggyllama/llama-7b,dummy-lora-7b-rank-64-1,351,123,613.1241014909785
7372,huggyllama/llama-7b,dummy-lora-7b-rank-32-0,372,39,613.1530656290282
7373,huggyllama/llama-7b,dummy-lora-7b-rank-128-2,192,40,613.2249992386713
7374,huggyllama/llama-7b,dummy-lora-7b-rank-8-4,286,7,613.2613204079636
7375,huggyllama/llama-7b,dummy-lora-7b-rank-64-2,472,12,613.271242526978
7376,huggyllama/llama-7b,dummy-lora-7b-rank-64-3,584,18,613.3143196227231
7377,huggyllama/llama-7b,dummy-lora-7b-rank-16-3,520,67,613.3475760355899
7378,huggyllama/llama-7b,dummy-lora-7b-rank-128-2,546,16,613.3933809987154
7379,huggyllama/llama-7b,dummy-lora-7b-rank-128-0,660,66,613.4724111822625
7380,huggyllama/llama-7b,dummy-lora-7b-rank-32-3,560,23,613.5523312494423
7381,huggyllama/llama-7b,dummy-lora-7b-rank-64-4,591,19,613.55259743992
7382,huggyllama/llama-7b,dummy-lora-7b-rank-128-2,937,41,613.7137560190951
7383,huggyllama/llama-7b,dummy-lora-7b-rank-8-2,568,14,613.7558567680816
7384,huggyllama/llama-7b,dummy-lora-7b-rank-32-2,550,2,613.7756176720444
7385,huggyllama/llama-7b,dummy-lora-7b-rank-32-2,412,9,613.7920602433232
7386,huggyllama/llama-7b,dummy-lora-7b-rank-128-0,725,101,613.8114714681604
7387,huggyllama/llama-7b,dummy-lora-7b-rank-16-4,132,78,613.8396786082662
7388,huggyllama/llama-7b,dummy-lora-7b-rank-128-1,993,47,613.866213152072
7389,huggyllama/llama-7b,dummy-lora-7b-rank-64-1,365,43,613.9055494352264
7390,huggyllama/llama-7b,dummy-lora-7b-rank-128-3,597,5,613.9214607220212
7391,huggyllama/llama-7b,dummy-lora-7b-rank-16-2,961,62,613.9266777160781
7392,huggyllama/llama-7b,dummy-lora-7b-rank-16-2,383,38,616.0012547574478
7393,huggyllama/llama-7b,dummy-lora-7b-rank-128-0,788,31,616.0043251056809
7394,huggyllama/llama-7b,dummy-lora-7b-rank-128-3,603,30,616.0426840319786
7395,huggyllama/llama-7b,dummy-lora-7b-rank-64-1,253,42,616.1127314068747
7396,huggyllama/llama-7b,dummy-lora-7b-rank-128-4,544,15,616.1274796263104
7397,huggyllama/llama-7b,dummy-lora-7b-rank-32-4,455,10,616.1358641370152
7398,huggyllama/llama-7b,dummy-lora-7b-rank-8-3,578,28,616.1393810709517
7399,huggyllama/llama-7b,dummy-lora-7b-rank-128-4,601,72,616.1568606264091
7400,huggyllama/llama-7b,dummy-lora-7b-rank-128-1,562,24,616.197691334216
7401,huggyllama/llama-7b,dummy-lora-7b-rank-32-4,476,13,616.2437949311018
7402,huggyllama/llama-7b,dummy-lora-7b-rank-128-4,625,24,616.2664803925754
7403,huggyllama/llama-7b,dummy-lora-7b-rank-128-3,775,15,616.2714462485375
7404,huggyllama/llama-7b,dummy-lora-7b-rank-128-0,548,17,616.3435276430778
7405,huggyllama/llama-7b,dummy-lora-7b-rank-8-3,603,15,616.3503561800317
7406,huggyllama/llama-7b,dummy-lora-7b-rank-128-3,88,42,616.391592568298
7407,huggyllama/llama-7b,dummy-lora-7b-rank-8-3,599,24,616.461916203248
7408,huggyllama/llama-7b,dummy-lora-7b-rank-128-4,58,42,616.5559698529908
7409,huggyllama/llama-7b,dummy-lora-7b-rank-128-0,56,109,616.5609421274943
7410,huggyllama/llama-7b,dummy-lora-7b-rank-128-1,303,55,616.5968073882029
7411,huggyllama/llama-7b,dummy-lora-7b-rank-32-4,443,131,616.6179080433071
7412,huggyllama/llama-7b,dummy-lora-7b-rank-32-0,250,84,616.7165359795007
7413,huggyllama/llama-7b,dummy-lora-7b-rank-128-1,283,119,616.7181126817457
7414,huggyllama/llama-7b,dummy-lora-7b-rank-128-3,344,62,616.8101229621782
7415,huggyllama/llama-7b,dummy-lora-7b-rank-128-4,890,7,616.8669144912232
7416,huggyllama/llama-7b,dummy-lora-7b-rank-16-3,558,14,616.8960308479678
7417,huggyllama/llama-7b,dummy-lora-7b-rank-128-0,546,16,616.9292289035612
7418,huggyllama/llama-7b,dummy-lora-7b-rank-8-3,523,10,617.0799441670546
7419,huggyllama/llama-7b,dummy-lora-7b-rank-128-2,229,49,617.1131972779531
7420,huggyllama/llama-7b,dummy-lora-7b-rank-128-1,532,36,617.1469375578619
7421,huggyllama/llama-7b,dummy-lora-7b-rank-128-3,555,17,617.179624157159
7422,huggyllama/llama-7b,dummy-lora-7b-rank-64-0,554,18,617.2128026596507
7423,huggyllama/llama-7b,dummy-lora-7b-rank-8-1,700,177,617.2795022417052
7424,huggyllama/llama-7b,dummy-lora-7b-rank-128-4,566,26,617.3029065107978
7425,huggyllama/llama-7b,dummy-lora-7b-rank-32-1,719,9,617.4631323619041
7426,huggyllama/llama-7b,dummy-lora-7b-rank-8-4,924,43,617.4834007502698
7427,huggyllama/llama-7b,dummy-lora-7b-rank-16-2,306,53,617.5385877043097
7428,huggyllama/llama-7b,dummy-lora-7b-rank-64-2,599,22,617.5460197410047
7429,huggyllama/llama-7b,dummy-lora-7b-rank-128-2,731,61,617.5496262476153
7430,huggyllama/llama-7b,dummy-lora-7b-rank-128-3,252,152,617.5650202853404
7431,huggyllama/llama-7b,dummy-lora-7b-rank-128-0,468,52,617.592492511211
7432,huggyllama/llama-7b,dummy-lora-7b-rank-32-0,574,31,617.6366396870345
7433,huggyllama/llama-7b,dummy-lora-7b-rank-128-2,642,52,617.6423558008865
7434,huggyllama/llama-7b,dummy-lora-7b-rank-128-3,285,58,617.6920809506402
7435,huggyllama/llama-7b,dummy-lora-7b-rank-64-0,398,79,617.7643740049999
7436,huggyllama/llama-7b,dummy-lora-7b-rank-64-1,1015,42,617.8034617796603
7437,huggyllama/llama-7b,dummy-lora-7b-rank-8-0,674,32,617.8540127379661
7438,huggyllama/llama-7b,dummy-lora-7b-rank-128-1,179,45,617.8631409141875
7439,huggyllama/llama-7b,dummy-lora-7b-rank-128-0,570,9,617.888268035178
7440,huggyllama/llama-7b,dummy-lora-7b-rank-128-2,203,3,620.0180043576054
7441,huggyllama/llama-7b,dummy-lora-7b-rank-128-0,603,19,620.0347120307755
7442,huggyllama/llama-7b,dummy-lora-7b-rank-64-2,389,35,620.0462899685201
7443,huggyllama/llama-7b,dummy-lora-7b-rank-128-4,566,28,620.079544568495
7444,huggyllama/llama-7b,dummy-lora-7b-rank-32-3,278,46,620.1911062555986
7445,huggyllama/llama-7b,dummy-lora-7b-rank-64-3,432,13,620.2563483263104
7446,huggyllama/llama-7b,dummy-lora-7b-rank-16-4,249,13,620.287561341292
7447,huggyllama/llama-7b,dummy-lora-7b-rank-64-4,764,9,620.3109719409733
7448,huggyllama/llama-7b,dummy-lora-7b-rank-8-0,605,20,620.3311311085369
7449,huggyllama/llama-7b,dummy-lora-7b-rank-16-4,440,56,620.3371259679285
7450,huggyllama/llama-7b,dummy-lora-7b-rank-32-3,443,15,620.3465502383701
7451,huggyllama/llama-7b,dummy-lora-7b-rank-16-2,452,8,620.3582235075284
7452,huggyllama/llama-7b,dummy-lora-7b-rank-128-3,560,22,620.4258063432889
7453,huggyllama/llama-7b,dummy-lora-7b-rank-128-2,554,22,620.4362129854136
7454,huggyllama/llama-7b,dummy-lora-7b-rank-128-0,794,92,620.440554873934
7455,huggyllama/llama-7b,dummy-lora-7b-rank-8-3,189,11,620.5298133397981
7456,huggyllama/llama-7b,dummy-lora-7b-rank-64-0,400,54,620.5646680699765
7457,huggyllama/llama-7b,dummy-lora-7b-rank-128-0,401,51,620.5710181572624
7458,huggyllama/llama-7b,dummy-lora-7b-rank-128-1,442,26,620.6111459143076
7459,huggyllama/llama-7b,dummy-lora-7b-rank-16-0,562,24,620.6122935362343
7460,huggyllama/llama-7b,dummy-lora-7b-rank-32-0,570,31,620.6745396504934
7461,huggyllama/llama-7b,dummy-lora-7b-rank-128-4,482,166,620.7886857418565
7462,huggyllama/llama-7b,dummy-lora-7b-rank-32-3,554,11,620.7903576457322
7463,huggyllama/llama-7b,dummy-lora-7b-rank-128-4,556,13,620.8220963345947
7464,huggyllama/llama-7b,dummy-lora-7b-rank-8-2,309,57,620.862566450618
7465,huggyllama/llama-7b,dummy-lora-7b-rank-64-3,552,8,620.8632108848406
7466,huggyllama/llama-7b,dummy-lora-7b-rank-128-3,340,26,620.9373024628627
7467,huggyllama/llama-7b,dummy-lora-7b-rank-128-4,295,104,621.017367730322
7468,huggyllama/llama-7b,dummy-lora-7b-rank-16-2,255,48,621.066074492473
7469,huggyllama/llama-7b,dummy-lora-7b-rank-64-2,892,8,621.1010558366205
7470,huggyllama/llama-7b,dummy-lora-7b-rank-64-1,137,38,621.1288443082052
7471,huggyllama/llama-7b,dummy-lora-7b-rank-32-4,739,68,621.2579311144889
7472,huggyllama/llama-7b,dummy-lora-7b-rank-8-0,335,7,621.2656636593783
7473,huggyllama/llama-7b,dummy-lora-7b-rank-64-0,552,17,621.3930890336669
7474,huggyllama/llama-7b,dummy-lora-7b-rank-128-3,560,2,621.4281777751249
7475,huggyllama/llama-7b,dummy-lora-7b-rank-64-1,419,7,621.4397897131086
7476,huggyllama/llama-7b,dummy-lora-7b-rank-128-0,611,20,621.4629359773262
7477,huggyllama/llama-7b,dummy-lora-7b-rank-128-4,85,59,621.6116245007386
7478,huggyllama/llama-7b,dummy-lora-7b-rank-8-4,52,53,621.6150478169798
7479,huggyllama/llama-7b,dummy-lora-7b-rank-128-2,467,53,621.6194011458202
7480,huggyllama/llama-7b,dummy-lora-7b-rank-16-3,459,41,621.6426633754727
7481,huggyllama/llama-7b,dummy-lora-7b-rank-8-2,552,11,621.7698208756826
7482,huggyllama/llama-7b,dummy-lora-7b-rank-128-2,651,103,621.7805749484385
7483,huggyllama/llama-7b,dummy-lora-7b-rank-128-2,209,3,621.8711735082081
7484,huggyllama/llama-7b,dummy-lora-7b-rank-128-2,552,10,621.9153328582786
7485,huggyllama/llama-7b,dummy-lora-7b-rank-128-0,259,47,621.9349197987758
7486,huggyllama/llama-7b,dummy-lora-7b-rank-128-4,572,22,621.9563802169976
7487,huggyllama/llama-7b,dummy-lora-7b-rank-32-2,562,24,621.9594401033376
7488,huggyllama/llama-7b,dummy-lora-7b-rank-8-3,298,41,624.0177976905753
7489,huggyllama/llama-7b,dummy-lora-7b-rank-8-3,558,22,624.0360943271971
7490,huggyllama/llama-7b,dummy-lora-7b-rank-128-4,648,8,624.1093376747543
7491,huggyllama/llama-7b,dummy-lora-7b-rank-128-2,427,48,624.1165133501388
7492,huggyllama/llama-7b,dummy-lora-7b-rank-128-3,525,47,624.1977950823992
7493,huggyllama/llama-7b,dummy-lora-7b-rank-8-0,351,40,624.2240303493447
7494,huggyllama/llama-7b,dummy-lora-7b-rank-128-2,352,41,624.2732028681284
7495,huggyllama/llama-7b,dummy-lora-7b-rank-128-3,373,6,624.282714257082
7496,huggyllama/llama-7b,dummy-lora-7b-rank-16-3,593,19,624.3553165850018
7497,huggyllama/llama-7b,dummy-lora-7b-rank-128-0,560,23,624.4467136048983
7498,huggyllama/llama-7b,dummy-lora-7b-rank-32-4,593,8,624.4668320758858
7499,huggyllama/llama-7b,dummy-lora-7b-rank-64-3,670,9,624.5012513949475
7500,huggyllama/llama-7b,dummy-lora-7b-rank-128-2,556,23,624.5401002677853
7501,huggyllama/llama-7b,dummy-lora-7b-rank-128-0,627,35,624.5534773537102
7502,huggyllama/llama-7b,dummy-lora-7b-rank-128-3,333,42,624.5576667879149
7503,huggyllama/llama-7b,dummy-lora-7b-rank-16-1,476,69,624.6042474181546
7504,huggyllama/llama-7b,dummy-lora-7b-rank-16-2,674,20,624.6368769384153
7505,huggyllama/llama-7b,dummy-lora-7b-rank-128-1,253,46,624.6398807572435
7506,huggyllama/llama-7b,dummy-lora-7b-rank-32-2,502,4,624.6405869069808
7507,huggyllama/llama-7b,dummy-lora-7b-rank-128-3,215,85,624.750447615801
7508,huggyllama/llama-7b,dummy-lora-7b-rank-64-3,716,55,624.8048392232482
7509,huggyllama/llama-7b,dummy-lora-7b-rank-16-2,570,22,624.8767145184399
7510,huggyllama/llama-7b,dummy-lora-7b-rank-128-2,431,11,624.9150988835629
7511,huggyllama/llama-7b,dummy-lora-7b-rank-8-4,375,6,624.9290984571682
7512,huggyllama/llama-7b,dummy-lora-7b-rank-128-4,554,22,624.9481776818197
7513,huggyllama/llama-7b,dummy-lora-7b-rank-128-0,410,16,624.9828885198062
7514,huggyllama/llama-7b,dummy-lora-7b-rank-128-4,560,19,625.0068830831366
7515,huggyllama/llama-7b,dummy-lora-7b-rank-128-2,404,8,625.0110395045792
7516,huggyllama/llama-7b,dummy-lora-7b-rank-64-0,342,48,625.026722441663
7517,huggyllama/llama-7b,dummy-lora-7b-rank-16-3,718,15,625.0758833600742
7518,huggyllama/llama-7b,dummy-lora-7b-rank-128-3,434,51,625.0789051597195
7519,huggyllama/llama-7b,dummy-lora-7b-rank-128-2,311,149,625.105958354463
7520,huggyllama/llama-7b,dummy-lora-7b-rank-16-4,552,16,625.1417695233957
7521,huggyllama/llama-7b,dummy-lora-7b-rank-16-1,198,11,625.1459274648986
7522,huggyllama/llama-7b,dummy-lora-7b-rank-128-4,578,32,625.1724821727674
7523,huggyllama/llama-7b,dummy-lora-7b-rank-128-4,212,3,625.2656527176022
7524,huggyllama/llama-7b,dummy-lora-7b-rank-16-2,566,27,625.2784413568608
7525,huggyllama/llama-7b,dummy-lora-7b-rank-128-4,105,52,625.3560330246366
7526,huggyllama/llama-7b,dummy-lora-7b-rank-32-0,558,22,625.4205611690385
7527,huggyllama/llama-7b,dummy-lora-7b-rank-8-0,404,53,625.4939560443313
7528,huggyllama/llama-7b,dummy-lora-7b-rank-128-3,741,93,625.6993441087035
7529,huggyllama/llama-7b,dummy-lora-7b-rank-128-2,602,36,625.7582592676109
7530,huggyllama/llama-7b,dummy-lora-7b-rank-128-0,562,10,625.7695440191413
7531,huggyllama/llama-7b,dummy-lora-7b-rank-128-4,406,53,625.8686933357681
7532,huggyllama/llama-7b,dummy-lora-7b-rank-16-3,515,61,625.9089316021649
7533,huggyllama/llama-7b,dummy-lora-7b-rank-128-2,694,10,625.9135260564059
7534,huggyllama/llama-7b,dummy-lora-7b-rank-128-3,268,42,625.935875997883
7535,huggyllama/llama-7b,dummy-lora-7b-rank-128-3,182,142,625.9387445438877
7536,huggyllama/llama-7b,dummy-lora-7b-rank-128-2,551,15,628.0325308945625
7537,huggyllama/llama-7b,dummy-lora-7b-rank-128-3,413,51,628.0774142861399
7538,huggyllama/llama-7b,dummy-lora-7b-rank-128-4,677,82,628.0880659374736
7539,huggyllama/llama-7b,dummy-lora-7b-rank-16-1,426,51,628.1019809612214
7540,huggyllama/llama-7b,dummy-lora-7b-rank-32-3,550,18,628.1129120037232
7541,huggyllama/llama-7b,dummy-lora-7b-rank-128-3,911,83,628.124447840608
7542,huggyllama/llama-7b,dummy-lora-7b-rank-128-4,493,41,628.1463325659861
7543,huggyllama/llama-7b,dummy-lora-7b-rank-8-1,186,61,628.2209006809665
7544,huggyllama/llama-7b,dummy-lora-7b-rank-32-0,269,3,628.2307301698818
7545,huggyllama/llama-7b,dummy-lora-7b-rank-16-2,480,110,628.2411993341207
7546,huggyllama/llama-7b,dummy-lora-7b-rank-128-4,595,22,628.2969610925254
7547,huggyllama/llama-7b,dummy-lora-7b-rank-128-0,570,30,628.2975842186752
7548,huggyllama/llama-7b,dummy-lora-7b-rank-8-3,556,21,628.3188038394883
7549,huggyllama/llama-7b,dummy-lora-7b-rank-128-1,235,104,628.3322129810394
7550,huggyllama/llama-7b,dummy-lora-7b-rank-32-0,617,23,628.3636915525819
7551,huggyllama/llama-7b,dummy-lora-7b-rank-8-0,418,69,628.3639674256845
7552,huggyllama/llama-7b,dummy-lora-7b-rank-8-3,562,25,628.3695017866727
7553,huggyllama/llama-7b,dummy-lora-7b-rank-16-4,556,24,628.398396636973
7554,huggyllama/llama-7b,dummy-lora-7b-rank-128-2,645,45,628.413092207295
7555,huggyllama/llama-7b,dummy-lora-7b-rank-128-0,558,23,628.4824322250147
7556,huggyllama/llama-7b,dummy-lora-7b-rank-128-4,546,16,628.4897373873448
7557,huggyllama/llama-7b,dummy-lora-7b-rank-32-1,206,47,628.6020793814665
7558,huggyllama/llama-7b,dummy-lora-7b-rank-8-2,615,24,628.6647515877562
7559,huggyllama/llama-7b,dummy-lora-7b-rank-32-4,705,36,628.7472953111766
7560,huggyllama/llama-7b,dummy-lora-7b-rank-128-4,488,9,628.8569903452783
7561,huggyllama/llama-7b,dummy-lora-7b-rank-128-3,755,49,628.9201383737119
7562,huggyllama/llama-7b,dummy-lora-7b-rank-32-1,831,15,628.9885044303719
7563,huggyllama/llama-7b,dummy-lora-7b-rank-128-2,201,50,629.0552239116026
7564,huggyllama/llama-7b,dummy-lora-7b-rank-128-3,603,15,629.0712487896296
7565,huggyllama/llama-7b,dummy-lora-7b-rank-128-1,617,33,629.0922535166314
7566,huggyllama/llama-7b,dummy-lora-7b-rank-128-0,300,49,629.1590190876512
7567,huggyllama/llama-7b,dummy-lora-7b-rank-32-2,792,36,629.2285512058102
7568,huggyllama/llama-7b,dummy-lora-7b-rank-128-1,168,152,629.2821235827066
7569,huggyllama/llama-7b,dummy-lora-7b-rank-128-3,556,21,629.3639925365327
7570,huggyllama/llama-7b,dummy-lora-7b-rank-128-0,574,31,629.3704592417662
7571,huggyllama/llama-7b,dummy-lora-7b-rank-128-1,299,47,629.3850032606794
7572,huggyllama/llama-7b,dummy-lora-7b-rank-128-1,192,75,629.4010229209462
7573,huggyllama/llama-7b,dummy-lora-7b-rank-128-2,454,51,629.5004920842034
7574,huggyllama/llama-7b,dummy-lora-7b-rank-128-2,835,36,629.5491507542597
7575,huggyllama/llama-7b,dummy-lora-7b-rank-128-4,568,30,629.5701090461667
7576,huggyllama/llama-7b,dummy-lora-7b-rank-128-2,898,76,629.5999320180231
7577,huggyllama/llama-7b,dummy-lora-7b-rank-16-3,560,26,629.6235816969627
7578,huggyllama/llama-7b,dummy-lora-7b-rank-64-4,285,47,629.682424881124
7579,huggyllama/llama-7b,dummy-lora-7b-rank-16-2,770,54,629.7991009703227
7580,huggyllama/llama-7b,dummy-lora-7b-rank-8-3,873,151,629.8738121108977
7581,huggyllama/llama-7b,dummy-lora-7b-rank-128-1,513,46,629.9408398579203
7582,huggyllama/llama-7b,dummy-lora-7b-rank-128-0,263,8,629.9458676809467
7583,huggyllama/llama-7b,dummy-lora-7b-rank-128-1,536,51,629.9942669439425
7584,huggyllama/llama-7b,dummy-lora-7b-rank-8-4,521,50,632.0091583904942
7585,huggyllama/llama-7b,dummy-lora-7b-rank-16-4,577,87,632.011433632113
7586,huggyllama/llama-7b,dummy-lora-7b-rank-128-1,706,13,632.0236401946623
7587,huggyllama/llama-7b,dummy-lora-7b-rank-128-4,400,88,632.0246648570468
7588,huggyllama/llama-7b,dummy-lora-7b-rank-8-1,568,8,632.0679927758748
7589,huggyllama/llama-7b,dummy-lora-7b-rank-16-3,234,5,632.0742506540921
7590,huggyllama/llama-7b,dummy-lora-7b-rank-128-2,344,44,632.2343242185483
7591,huggyllama/llama-7b,dummy-lora-7b-rank-8-3,601,18,632.2878412709747
7592,huggyllama/llama-7b,dummy-lora-7b-rank-8-2,548,9,632.2946713619937
7593,huggyllama/llama-7b,dummy-lora-7b-rank-128-0,768,13,632.2957889207339
7594,huggyllama/llama-7b,dummy-lora-7b-rank-128-2,394,84,632.3378814992608
7595,huggyllama/llama-7b,dummy-lora-7b-rank-8-1,584,18,632.3541653534121
7596,huggyllama/llama-7b,dummy-lora-7b-rank-64-4,635,20,632.3588582302015
7597,huggyllama/llama-7b,dummy-lora-7b-rank-8-3,581,60,632.40367779461
7598,huggyllama/llama-7b,dummy-lora-7b-rank-64-1,537,67,632.4291835345147
7599,huggyllama/llama-7b,dummy-lora-7b-rank-128-1,572,34,632.5091463295367
7600,huggyllama/llama-7b,dummy-lora-7b-rank-32-2,743,3,632.5098678218404
7601,huggyllama/llama-7b,dummy-lora-7b-rank-16-4,734,187,632.5820514486686
7602,huggyllama/llama-7b,dummy-lora-7b-rank-128-0,558,18,632.603209711104
7603,huggyllama/llama-7b,dummy-lora-7b-rank-32-2,590,37,632.6113893691036
7604,huggyllama/llama-7b,dummy-lora-7b-rank-128-2,468,5,632.7302978693831
7605,huggyllama/llama-7b,dummy-lora-7b-rank-16-0,976,71,632.7308169366547
7606,huggyllama/llama-7b,dummy-lora-7b-rank-128-1,566,26,632.7744075787783
7607,huggyllama/llama-7b,dummy-lora-7b-rank-8-0,566,40,632.8833760432949
7608,huggyllama/llama-7b,dummy-lora-7b-rank-128-3,170,37,633.0069493792772
7609,huggyllama/llama-7b,dummy-lora-7b-rank-32-2,471,13,633.0377629668545
7610,huggyllama/llama-7b,dummy-lora-7b-rank-128-0,452,11,633.0531193819573
7611,huggyllama/llama-7b,dummy-lora-7b-rank-128-4,762,173,633.0720370483699
7612,huggyllama/llama-7b,dummy-lora-7b-rank-128-1,966,38,633.106411526044
7613,huggyllama/llama-7b,dummy-lora-7b-rank-128-1,611,20,633.1171681566003
7614,huggyllama/llama-7b,dummy-lora-7b-rank-64-3,79,44,633.2341382834237
7615,huggyllama/llama-7b,dummy-lora-7b-rank-64-1,301,68,633.2446276451111
7616,huggyllama/llama-7b,dummy-lora-7b-rank-128-4,550,22,633.2790270920958
7617,huggyllama/llama-7b,dummy-lora-7b-rank-64-4,658,23,633.3832654417946
7618,huggyllama/llama-7b,dummy-lora-7b-rank-128-2,573,14,633.3988792097
7619,huggyllama/llama-7b,dummy-lora-7b-rank-16-4,558,14,633.4050197024302
7620,huggyllama/llama-7b,dummy-lora-7b-rank-128-3,353,43,633.4169525102795
7621,huggyllama/llama-7b,dummy-lora-7b-rank-128-3,431,7,633.511715897903
7622,huggyllama/llama-7b,dummy-lora-7b-rank-128-4,608,33,633.5474075286462
7623,huggyllama/llama-7b,dummy-lora-7b-rank-128-4,473,52,633.5702627417105
7624,huggyllama/llama-7b,dummy-lora-7b-rank-32-0,206,43,633.5913961916252
7625,huggyllama/llama-7b,dummy-lora-7b-rank-128-2,554,20,633.6623954073758
7626,huggyllama/llama-7b,dummy-lora-7b-rank-32-0,245,60,633.7714315225461
7627,huggyllama/llama-7b,dummy-lora-7b-rank-64-2,312,48,633.7779361866791
7628,huggyllama/llama-7b,dummy-lora-7b-rank-16-1,570,17,633.8120923057478
7629,huggyllama/llama-7b,dummy-lora-7b-rank-128-4,463,8,633.8469091892889
7630,huggyllama/llama-7b,dummy-lora-7b-rank-128-2,241,46,633.8741059603482
7631,huggyllama/llama-7b,dummy-lora-7b-rank-32-3,920,39,633.9712486092187
7632,huggyllama/llama-7b,dummy-lora-7b-rank-16-1,449,8,636.0408217607492
7633,huggyllama/llama-7b,dummy-lora-7b-rank-32-1,732,10,636.0488440945893
7634,huggyllama/llama-7b,dummy-lora-7b-rank-8-0,659,51,636.1397258614938
7635,huggyllama/llama-7b,dummy-lora-7b-rank-32-1,558,22,636.1528512268472
7636,huggyllama/llama-7b,dummy-lora-7b-rank-32-2,490,7,636.287963855371
7637,huggyllama/llama-7b,dummy-lora-7b-rank-128-3,175,53,636.2894721654181
7638,huggyllama/llama-7b,dummy-lora-7b-rank-64-1,911,64,636.314807209531
7639,huggyllama/llama-7b,dummy-lora-7b-rank-32-4,570,29,636.3327733310227
7640,huggyllama/llama-7b,dummy-lora-7b-rank-128-0,546,16,636.3898328842804
7641,huggyllama/llama-7b,dummy-lora-7b-rank-128-0,694,36,636.3985468780005
7642,huggyllama/llama-7b,dummy-lora-7b-rank-128-0,713,8,636.4653554249006
7643,huggyllama/llama-7b,dummy-lora-7b-rank-128-3,789,11,636.4808338512929
7644,huggyllama/llama-7b,dummy-lora-7b-rank-128-1,477,66,636.5098503471294
7645,huggyllama/llama-7b,dummy-lora-7b-rank-128-0,577,27,636.5119866843139
7646,huggyllama/llama-7b,dummy-lora-7b-rank-16-2,507,70,636.520987279681
7647,huggyllama/llama-7b,dummy-lora-7b-rank-32-3,378,54,636.528835537139
7648,huggyllama/llama-7b,dummy-lora-7b-rank-8-3,363,41,636.5902891828794
7649,huggyllama/llama-7b,dummy-lora-7b-rank-128-4,382,110,636.7011457480982
7650,huggyllama/llama-7b,dummy-lora-7b-rank-64-3,688,41,636.8625406625969
7651,huggyllama/llama-7b,dummy-lora-7b-rank-16-1,606,23,636.9772495195338
7652,huggyllama/llama-7b,dummy-lora-7b-rank-128-0,85,36,637.0474469900365
7653,huggyllama/llama-7b,dummy-lora-7b-rank-128-2,752,3,637.0839548221801
7654,huggyllama/llama-7b,dummy-lora-7b-rank-128-0,511,51,637.0994367796935
7655,huggyllama/llama-7b,dummy-lora-7b-rank-8-2,683,57,637.1057955669982
7656,huggyllama/llama-7b,dummy-lora-7b-rank-8-3,481,56,637.1241877282954
7657,huggyllama/llama-7b,dummy-lora-7b-rank-16-2,620,51,637.1841422490093
7658,huggyllama/llama-7b,dummy-lora-7b-rank-128-1,277,41,637.2080916529577
7659,huggyllama/llama-7b,dummy-lora-7b-rank-128-0,808,26,637.236201015843
7660,huggyllama/llama-7b,dummy-lora-7b-rank-128-1,460,157,637.2659866305182
7661,huggyllama/llama-7b,dummy-lora-7b-rank-64-1,607,18,637.2843987964012
7662,huggyllama/llama-7b,dummy-lora-7b-rank-8-0,439,114,637.3288559040147
7663,huggyllama/llama-7b,dummy-lora-7b-rank-128-1,158,42,637.3563460928164
7664,huggyllama/llama-7b,dummy-lora-7b-rank-128-4,603,16,637.3876851349492
7665,huggyllama/llama-7b,dummy-lora-7b-rank-32-0,570,29,637.4279812366111
7666,huggyllama/llama-7b,dummy-lora-7b-rank-16-3,180,49,637.4679593841312
7667,huggyllama/llama-7b,dummy-lora-7b-rank-128-1,381,9,637.4682826497911
7668,huggyllama/llama-7b,dummy-lora-7b-rank-64-2,576,34,637.4940408797041
7669,huggyllama/llama-7b,dummy-lora-7b-rank-128-2,558,21,637.5071848340946
7670,huggyllama/llama-7b,dummy-lora-7b-rank-16-1,550,17,637.5923602484752
7671,huggyllama/llama-7b,dummy-lora-7b-rank-32-0,562,62,637.6385240037379
7672,huggyllama/llama-7b,dummy-lora-7b-rank-128-0,573,94,637.6437609512612
7673,huggyllama/llama-7b,dummy-lora-7b-rank-16-4,673,19,637.7023605619306
7674,huggyllama/llama-7b,dummy-lora-7b-rank-16-3,360,38,637.7316058235098
7675,huggyllama/llama-7b,dummy-lora-7b-rank-8-3,314,41,637.7741193558461
7676,huggyllama/llama-7b,dummy-lora-7b-rank-16-0,556,21,637.7789281298543
7677,huggyllama/llama-7b,dummy-lora-7b-rank-128-2,503,58,637.8469441558367
7678,huggyllama/llama-7b,dummy-lora-7b-rank-128-4,352,48,637.9129351649175
7679,huggyllama/llama-7b,dummy-lora-7b-rank-16-2,54,89,637.9668266586716
7680,huggyllama/llama-7b,dummy-lora-7b-rank-128-4,320,7,640.0244534616302
7681,huggyllama/llama-7b,dummy-lora-7b-rank-128-4,548,17,640.106616932582
7682,huggyllama/llama-7b,dummy-lora-7b-rank-16-4,550,18,640.1725653399953
7683,huggyllama/llama-7b,dummy-lora-7b-rank-32-4,475,109,640.1928909925728
7684,huggyllama/llama-7b,dummy-lora-7b-rank-128-3,605,20,640.2473534614224
7685,huggyllama/llama-7b,dummy-lora-7b-rank-8-0,588,12,640.3747947676688
7686,huggyllama/llama-7b,dummy-lora-7b-rank-128-2,514,94,640.3948425221985
7687,huggyllama/llama-7b,dummy-lora-7b-rank-64-1,253,51,640.5053217917064
7688,huggyllama/llama-7b,dummy-lora-7b-rank-32-2,554,20,640.5550101625043
7689,huggyllama/llama-7b,dummy-lora-7b-rank-16-0,297,72,640.6023385300374
7690,huggyllama/llama-7b,dummy-lora-7b-rank-8-2,548,17,640.6304446018515
7691,huggyllama/llama-7b,dummy-lora-7b-rank-128-2,128,70,640.6471061935748
7692,huggyllama/llama-7b,dummy-lora-7b-rank-64-2,920,67,640.6962888058416
7693,huggyllama/llama-7b,dummy-lora-7b-rank-64-4,901,43,640.7305787446172
7694,huggyllama/llama-7b,dummy-lora-7b-rank-32-3,825,96,640.7676109886523
7695,huggyllama/llama-7b,dummy-lora-7b-rank-64-4,554,20,640.824435296201
7696,huggyllama/llama-7b,dummy-lora-7b-rank-128-1,582,47,640.8626680509008
7697,huggyllama/llama-7b,dummy-lora-7b-rank-128-4,816,22,640.8772993471441
7698,huggyllama/llama-7b,dummy-lora-7b-rank-16-4,845,109,640.887732310156
7699,huggyllama/llama-7b,dummy-lora-7b-rank-8-4,952,3,640.8901733174663
7700,huggyllama/llama-7b,dummy-lora-7b-rank-128-0,566,31,640.8914339088072
7701,huggyllama/llama-7b,dummy-lora-7b-rank-128-0,137,86,640.943080500434
7702,huggyllama/llama-7b,dummy-lora-7b-rank-32-1,462,47,640.9781704947235
7703,huggyllama/llama-7b,dummy-lora-7b-rank-64-1,572,32,640.999853492858
7704,huggyllama/llama-7b,dummy-lora-7b-rank-16-1,456,7,641.040230531649
7705,huggyllama/llama-7b,dummy-lora-7b-rank-128-2,618,33,641.0990533673807
7706,huggyllama/llama-7b,dummy-lora-7b-rank-128-1,495,35,641.1349669599724
7707,huggyllama/llama-7b,dummy-lora-7b-rank-128-1,557,11,641.1411242924352
7708,huggyllama/llama-7b,dummy-lora-7b-rank-128-2,548,2,641.1959843227885
7709,huggyllama/llama-7b,dummy-lora-7b-rank-16-2,560,24,641.2023353603945
7710,huggyllama/llama-7b,dummy-lora-7b-rank-128-2,491,5,641.3945690670286
7711,huggyllama/llama-7b,dummy-lora-7b-rank-128-3,572,31,641.5333674060349
7712,huggyllama/llama-7b,dummy-lora-7b-rank-128-0,91,67,641.5444154273409
7713,huggyllama/llama-7b,dummy-lora-7b-rank-8-2,594,12,641.5544654685918
7714,huggyllama/llama-7b,dummy-lora-7b-rank-16-4,462,72,641.6420351259418
7715,huggyllama/llama-7b,dummy-lora-7b-rank-128-4,560,24,641.6749213400367
7716,huggyllama/llama-7b,dummy-lora-7b-rank-8-3,392,10,641.6778287835001
7717,huggyllama/llama-7b,dummy-lora-7b-rank-128-4,433,50,641.7428581384369
7718,huggyllama/llama-7b,dummy-lora-7b-rank-16-4,621,54,641.7613695310746
7719,huggyllama/llama-7b,dummy-lora-7b-rank-128-4,850,71,641.7887774653727
7720,huggyllama/llama-7b,dummy-lora-7b-rank-32-1,617,16,641.8028018610473
7721,huggyllama/llama-7b,dummy-lora-7b-rank-128-1,616,14,641.8041855889528
7722,huggyllama/llama-7b,dummy-lora-7b-rank-128-4,284,8,641.8523228167402
7723,huggyllama/llama-7b,dummy-lora-7b-rank-128-1,599,17,641.8534234690499
7724,huggyllama/llama-7b,dummy-lora-7b-rank-128-2,534,10,641.8572656021885
7725,huggyllama/llama-7b,dummy-lora-7b-rank-8-2,548,17,641.9219657228532
7726,huggyllama/llama-7b,dummy-lora-7b-rank-128-1,574,33,641.9285070723053
7727,huggyllama/llama-7b,dummy-lora-7b-rank-8-2,405,171,641.9832770248181
7728,huggyllama/llama-7b,dummy-lora-7b-rank-8-3,554,20,644.114305153611
7729,huggyllama/llama-7b,dummy-lora-7b-rank-32-2,613,24,644.1357804166839
7730,huggyllama/llama-7b,dummy-lora-7b-rank-128-3,412,16,644.1617936314032
7731,huggyllama/llama-7b,dummy-lora-7b-rank-128-0,556,13,644.1751046903432
7732,huggyllama/llama-7b,dummy-lora-7b-rank-128-0,597,16,644.1898221110831
7733,huggyllama/llama-7b,dummy-lora-7b-rank-64-4,562,27,644.2407054056813
7734,huggyllama/llama-7b,dummy-lora-7b-rank-8-2,287,51,644.2980479991296
7735,huggyllama/llama-7b,dummy-lora-7b-rank-128-3,552,19,644.3702501336551
7736,huggyllama/llama-7b,dummy-lora-7b-rank-128-1,413,8,644.3895446553474
7737,huggyllama/llama-7b,dummy-lora-7b-rank-128-1,331,41,644.3953556480259
7738,huggyllama/llama-7b,dummy-lora-7b-rank-128-3,586,38,644.5749467944747
7739,huggyllama/llama-7b,dummy-lora-7b-rank-64-3,554,22,644.6142112880169
7740,huggyllama/llama-7b,dummy-lora-7b-rank-32-1,497,44,644.6213048061414
7741,huggyllama/llama-7b,dummy-lora-7b-rank-128-4,592,31,644.6344544363667
7742,huggyllama/llama-7b,dummy-lora-7b-rank-128-4,603,19,644.637906601375
7743,huggyllama/llama-7b,dummy-lora-7b-rank-128-1,897,13,644.6667448333124
7744,huggyllama/llama-7b,dummy-lora-7b-rank-64-0,619,26,644.6792633261857
7745,huggyllama/llama-7b,dummy-lora-7b-rank-32-0,368,73,644.79922841578
7746,huggyllama/llama-7b,dummy-lora-7b-rank-8-4,804,8,644.8249592308772
7747,huggyllama/llama-7b,dummy-lora-7b-rank-32-0,533,52,644.8354099415284
7748,huggyllama/llama-7b,dummy-lora-7b-rank-128-4,635,15,644.8396554584264
7749,huggyllama/llama-7b,dummy-lora-7b-rank-128-1,592,22,644.8739001184849
7750,huggyllama/llama-7b,dummy-lora-7b-rank-128-4,700,54,644.8869832681933
7751,huggyllama/llama-7b,dummy-lora-7b-rank-128-3,371,44,644.9302206639564
7752,huggyllama/llama-7b,dummy-lora-7b-rank-32-1,514,43,644.9833725237947
7753,huggyllama/llama-7b,dummy-lora-7b-rank-128-0,373,51,644.9882921245138
7754,huggyllama/llama-7b,dummy-lora-7b-rank-32-3,399,53,645.0734646926472
7755,huggyllama/llama-7b,dummy-lora-7b-rank-128-0,258,54,645.0849617779018
7756,huggyllama/llama-7b,dummy-lora-7b-rank-128-3,584,38,645.1708334000731
7757,huggyllama/llama-7b,dummy-lora-7b-rank-128-0,675,65,645.2084572721959
7758,huggyllama/llama-7b,dummy-lora-7b-rank-8-1,270,129,645.2615183587891
7759,huggyllama/llama-7b,dummy-lora-7b-rank-64-0,307,8,645.2783407938423
7760,huggyllama/llama-7b,dummy-lora-7b-rank-128-3,834,22,645.3011944556914
7761,huggyllama/llama-7b,dummy-lora-7b-rank-128-4,322,21,645.3366861620534
7762,huggyllama/llama-7b,dummy-lora-7b-rank-128-2,190,38,645.3628783405444
7763,huggyllama/llama-7b,dummy-lora-7b-rank-128-1,635,39,645.451209313959
7764,huggyllama/llama-7b,dummy-lora-7b-rank-8-4,410,108,645.5860070340527
7765,huggyllama/llama-7b,dummy-lora-7b-rank-128-2,552,11,645.6354822371928
7766,huggyllama/llama-7b,dummy-lora-7b-rank-16-2,461,51,645.6632378062816
7767,huggyllama/llama-7b,dummy-lora-7b-rank-8-2,610,33,645.7259094644877
7768,huggyllama/llama-7b,dummy-lora-7b-rank-128-0,436,6,645.7302979807866
7769,huggyllama/llama-7b,dummy-lora-7b-rank-8-4,519,36,645.7392636956695
7770,huggyllama/llama-7b,dummy-lora-7b-rank-32-2,232,3,645.7427580048666
7771,huggyllama/llama-7b,dummy-lora-7b-rank-32-2,633,42,645.786593950256
7772,huggyllama/llama-7b,dummy-lora-7b-rank-64-1,550,18,645.8148805431814
7773,huggyllama/llama-7b,dummy-lora-7b-rank-128-0,288,51,645.8371451387275
7774,huggyllama/llama-7b,dummy-lora-7b-rank-128-2,554,13,645.9502291741462
7775,huggyllama/llama-7b,dummy-lora-7b-rank-128-4,469,50,645.9744067594532
7776,huggyllama/llama-7b,dummy-lora-7b-rank-128-2,554,20,648.0218851832402
7777,huggyllama/llama-7b,dummy-lora-7b-rank-128-0,86,33,648.0327439011694
7778,huggyllama/llama-7b,dummy-lora-7b-rank-128-1,624,38,648.0462284877793
7779,huggyllama/llama-7b,dummy-lora-7b-rank-32-3,562,22,648.0780337129092
7780,huggyllama/llama-7b,dummy-lora-7b-rank-128-2,338,137,648.1019459295011
7781,huggyllama/llama-7b,dummy-lora-7b-rank-128-0,268,5,648.1844445934529
7782,huggyllama/llama-7b,dummy-lora-7b-rank-128-1,554,20,648.2028514123082
7783,huggyllama/llama-7b,dummy-lora-7b-rank-128-0,180,53,648.2264920511064
7784,huggyllama/llama-7b,dummy-lora-7b-rank-128-3,110,68,648.4423152869564
7785,huggyllama/llama-7b,dummy-lora-7b-rank-16-4,464,37,648.4608688066445
7786,huggyllama/llama-7b,dummy-lora-7b-rank-64-2,570,29,648.4800655254888
7787,huggyllama/llama-7b,dummy-lora-7b-rank-8-4,267,49,648.5010840389755
7788,huggyllama/llama-7b,dummy-lora-7b-rank-32-2,599,110,648.5073612119085
7789,huggyllama/llama-7b,dummy-lora-7b-rank-128-4,493,73,648.5250752474655
7790,huggyllama/llama-7b,dummy-lora-7b-rank-16-3,264,49,648.5788213210772
7791,huggyllama/llama-7b,dummy-lora-7b-rank-64-0,500,44,648.609479437901
7792,huggyllama/llama-7b,dummy-lora-7b-rank-128-2,631,40,648.6775463199365
7793,huggyllama/llama-7b,dummy-lora-7b-rank-128-2,58,91,648.7811354092105
7794,huggyllama/llama-7b,dummy-lora-7b-rank-128-3,1008,79,648.8336324172369
7795,huggyllama/llama-7b,dummy-lora-7b-rank-128-3,281,27,648.8954045797475
7796,huggyllama/llama-7b,dummy-lora-7b-rank-64-3,529,45,648.9146709871314
7797,huggyllama/llama-7b,dummy-lora-7b-rank-128-4,575,4,648.9920284417549
7798,huggyllama/llama-7b,dummy-lora-7b-rank-8-1,567,15,649.0374822838357
7799,huggyllama/llama-7b,dummy-lora-7b-rank-128-0,548,17,649.1158753439647
7800,huggyllama/llama-7b,dummy-lora-7b-rank-128-0,611,19,649.1177776741425
7801,huggyllama/llama-7b,dummy-lora-7b-rank-16-0,540,74,649.1257006418067
7802,huggyllama/llama-7b,dummy-lora-7b-rank-128-0,598,44,649.1347817086772
7803,huggyllama/llama-7b,dummy-lora-7b-rank-128-1,671,21,649.1775440716646
7804,huggyllama/llama-7b,dummy-lora-7b-rank-32-0,200,184,649.1951064467605
7805,huggyllama/llama-7b,dummy-lora-7b-rank-64-2,973,14,649.2305182370633
7806,huggyllama/llama-7b,dummy-lora-7b-rank-128-3,589,49,649.3070186800675
7807,huggyllama/llama-7b,dummy-lora-7b-rank-32-3,601,13,649.308148377988
7808,huggyllama/llama-7b,dummy-lora-7b-rank-64-2,268,164,649.3455534102327
7809,huggyllama/llama-7b,dummy-lora-7b-rank-128-4,576,34,649.3850665539394
7810,huggyllama/llama-7b,dummy-lora-7b-rank-128-3,546,16,649.593360677733
7811,huggyllama/llama-7b,dummy-lora-7b-rank-8-0,593,7,649.722665497032
7812,huggyllama/llama-7b,dummy-lora-7b-rank-128-4,321,60,649.7571525902559
7813,huggyllama/llama-7b,dummy-lora-7b-rank-8-0,667,66,649.7729436234139
7814,huggyllama/llama-7b,dummy-lora-7b-rank-16-4,391,13,649.7799001958094
7815,huggyllama/llama-7b,dummy-lora-7b-rank-128-0,436,10,649.8052099399198
7816,huggyllama/llama-7b,dummy-lora-7b-rank-128-3,495,57,649.8073963787069
7817,huggyllama/llama-7b,dummy-lora-7b-rank-128-4,213,49,649.8661116153194
7818,huggyllama/llama-7b,dummy-lora-7b-rank-128-2,549,61,649.9104801395995
7819,huggyllama/llama-7b,dummy-lora-7b-rank-32-4,544,11,649.9216409851949
7820,huggyllama/llama-7b,dummy-lora-7b-rank-128-1,709,29,649.9243778702498
7821,huggyllama/llama-7b,dummy-lora-7b-rank-128-0,494,67,649.9520383523038
7822,huggyllama/llama-7b,dummy-lora-7b-rank-64-3,627,29,649.9539524791545
7823,huggyllama/llama-7b,dummy-lora-7b-rank-64-2,546,16,649.9923725477697
7824,huggyllama/llama-7b,dummy-lora-7b-rank-32-4,700,9,652.0028392874644
7825,huggyllama/llama-7b,dummy-lora-7b-rank-64-3,238,66,652.062182532325
7826,huggyllama/llama-7b,dummy-lora-7b-rank-128-2,563,8,652.065376145014
7827,huggyllama/llama-7b,dummy-lora-7b-rank-128-3,611,5,652.0703384752178
7828,huggyllama/llama-7b,dummy-lora-7b-rank-128-0,483,51,652.0784004931791
7829,huggyllama/llama-7b,dummy-lora-7b-rank-128-0,632,8,652.1624255983908
7830,huggyllama/llama-7b,dummy-lora-7b-rank-128-1,558,22,652.1688390225318
7831,huggyllama/llama-7b,dummy-lora-7b-rank-8-0,170,116,652.1923737718696
7832,huggyllama/llama-7b,dummy-lora-7b-rank-128-4,391,5,652.2357578793801
7833,huggyllama/llama-7b,dummy-lora-7b-rank-8-3,317,44,652.2452235874459
7834,huggyllama/llama-7b,dummy-lora-7b-rank-16-4,613,22,652.2636355030924
7835,huggyllama/llama-7b,dummy-lora-7b-rank-128-0,610,210,652.2672420309431
7836,huggyllama/llama-7b,dummy-lora-7b-rank-128-4,785,26,652.2892363382979
7837,huggyllama/llama-7b,dummy-lora-7b-rank-128-4,150,46,652.3326434492616
7838,huggyllama/llama-7b,dummy-lora-7b-rank-128-1,239,71,652.387026171097
7839,huggyllama/llama-7b,dummy-lora-7b-rank-16-4,550,10,652.4337349225341
7840,huggyllama/llama-7b,dummy-lora-7b-rank-32-1,500,6,652.4910632967091
7841,huggyllama/llama-7b,dummy-lora-7b-rank-128-2,562,68,652.5110518641538
7842,huggyllama/llama-7b,dummy-lora-7b-rank-128-1,658,91,652.5249817571964
7843,huggyllama/llama-7b,dummy-lora-7b-rank-128-1,207,136,652.544058206428
7844,huggyllama/llama-7b,dummy-lora-7b-rank-64-3,406,6,652.6855502088636
7845,huggyllama/llama-7b,dummy-lora-7b-rank-16-1,324,10,652.6880277452207
7846,huggyllama/llama-7b,dummy-lora-7b-rank-128-4,271,59,652.7688309436728
7847,huggyllama/llama-7b,dummy-lora-7b-rank-128-1,600,25,652.7929054106864
7848,huggyllama/llama-7b,dummy-lora-7b-rank-8-2,401,53,652.8938459745815
7849,huggyllama/llama-7b,dummy-lora-7b-rank-8-0,325,59,652.9823361014485
7850,huggyllama/llama-7b,dummy-lora-7b-rank-128-1,933,3,653.0963676162777
7851,huggyllama/llama-7b,dummy-lora-7b-rank-128-0,333,66,653.1128566918458
7852,huggyllama/llama-7b,dummy-lora-7b-rank-128-4,510,4,653.1182875739348
7853,huggyllama/llama-7b,dummy-lora-7b-rank-128-4,257,45,653.163006408449
7854,huggyllama/llama-7b,dummy-lora-7b-rank-128-4,558,22,653.1841120389142
7855,huggyllama/llama-7b,dummy-lora-7b-rank-64-1,655,7,653.191754049188
7856,huggyllama/llama-7b,dummy-lora-7b-rank-64-1,502,80,653.205916297833
7857,huggyllama/llama-7b,dummy-lora-7b-rank-64-4,113,54,653.2235918666308
7858,huggyllama/llama-7b,dummy-lora-7b-rank-64-0,631,79,653.2825249476209
7859,huggyllama/llama-7b,dummy-lora-7b-rank-128-2,624,21,653.4476087685374
7860,huggyllama/llama-7b,dummy-lora-7b-rank-8-2,508,7,653.4992321120707
7861,huggyllama/llama-7b,dummy-lora-7b-rank-8-2,548,17,653.549832082446
7862,huggyllama/llama-7b,dummy-lora-7b-rank-8-4,742,117,653.5520990356509
7863,huggyllama/llama-7b,dummy-lora-7b-rank-16-1,284,46,653.5687794198509
7864,huggyllama/llama-7b,dummy-lora-7b-rank-8-4,283,52,653.6278020924755
7865,huggyllama/llama-7b,dummy-lora-7b-rank-16-1,163,56,653.6704201065892
7866,huggyllama/llama-7b,dummy-lora-7b-rank-128-1,885,60,653.716271713994
7867,huggyllama/llama-7b,dummy-lora-7b-rank-128-3,556,17,653.8147811265145
7868,huggyllama/llama-7b,dummy-lora-7b-rank-128-1,590,23,653.9092977821583
7869,huggyllama/llama-7b,dummy-lora-7b-rank-128-4,293,160,653.9147647582209
7870,huggyllama/llama-7b,dummy-lora-7b-rank-32-2,340,7,653.973459110993
7871,huggyllama/llama-7b,dummy-lora-7b-rank-128-0,552,19,653.9818321463537
7872,huggyllama/llama-7b,dummy-lora-7b-rank-128-0,701,102,656.0494672857269
7873,huggyllama/llama-7b,dummy-lora-7b-rank-8-2,758,9,656.0594203380458
7874,huggyllama/llama-7b,dummy-lora-7b-rank-128-0,562,27,656.0974612181952
7875,huggyllama/llama-7b,dummy-lora-7b-rank-128-4,627,11,656.112585185788
7876,huggyllama/llama-7b,dummy-lora-7b-rank-128-0,556,22,656.1789185333694
7877,huggyllama/llama-7b,dummy-lora-7b-rank-128-3,179,55,656.2064425885648
7878,huggyllama/llama-7b,dummy-lora-7b-rank-128-1,996,23,656.213086306803
7879,huggyllama/llama-7b,dummy-lora-7b-rank-8-1,263,32,656.2878067681509
7880,huggyllama/llama-7b,dummy-lora-7b-rank-64-0,552,19,656.2901371579609
7881,huggyllama/llama-7b,dummy-lora-7b-rank-64-3,391,47,656.3303864857429
7882,huggyllama/llama-7b,dummy-lora-7b-rank-128-0,321,118,656.3484252794093
7883,huggyllama/llama-7b,dummy-lora-7b-rank-128-1,349,6,656.3548014670546
7884,huggyllama/llama-7b,dummy-lora-7b-rank-128-1,560,23,656.4060710786249
7885,huggyllama/llama-7b,dummy-lora-7b-rank-128-3,595,5,656.502522324989
7886,huggyllama/llama-7b,dummy-lora-7b-rank-128-2,552,19,656.534031679607
7887,huggyllama/llama-7b,dummy-lora-7b-rank-32-0,234,44,656.5849813797839
7888,huggyllama/llama-7b,dummy-lora-7b-rank-64-3,512,49,656.6332216898684
7889,huggyllama/llama-7b,dummy-lora-7b-rank-8-1,552,21,656.7023339621818
7890,huggyllama/llama-7b,dummy-lora-7b-rank-128-3,586,39,656.7822774750798
7891,huggyllama/llama-7b,dummy-lora-7b-rank-64-2,373,46,656.8093206200092
7892,huggyllama/llama-7b,dummy-lora-7b-rank-128-4,478,47,656.8284892511532
7893,huggyllama/llama-7b,dummy-lora-7b-rank-32-4,609,12,656.8414508988903
7894,huggyllama/llama-7b,dummy-lora-7b-rank-64-3,233,55,656.8588253001428
7895,huggyllama/llama-7b,dummy-lora-7b-rank-128-3,62,100,656.8876473132603
7896,huggyllama/llama-7b,dummy-lora-7b-rank-128-3,572,32,656.9651525348377
7897,huggyllama/llama-7b,dummy-lora-7b-rank-128-2,154,48,657.0216762111891
7898,huggyllama/llama-7b,dummy-lora-7b-rank-128-4,278,39,657.1097760725007
7899,huggyllama/llama-7b,dummy-lora-7b-rank-128-2,568,29,657.1423557442725
7900,huggyllama/llama-7b,dummy-lora-7b-rank-16-2,578,35,657.1516481140388
7901,huggyllama/llama-7b,dummy-lora-7b-rank-128-3,343,153,657.1810846497584
7902,huggyllama/llama-7b,dummy-lora-7b-rank-128-3,424,71,657.2121083653785
7903,huggyllama/llama-7b,dummy-lora-7b-rank-128-2,574,30,657.2128567969428
7904,huggyllama/llama-7b,dummy-lora-7b-rank-128-0,383,67,657.3500179986374
7905,huggyllama/llama-7b,dummy-lora-7b-rank-128-2,588,29,657.3765730119891
7906,huggyllama/llama-7b,dummy-lora-7b-rank-8-0,594,21,657.3984079562811
7907,huggyllama/llama-7b,dummy-lora-7b-rank-64-1,665,7,657.5035613429611
7908,huggyllama/llama-7b,dummy-lora-7b-rank-128-0,512,6,657.5668816028556
7909,huggyllama/llama-7b,dummy-lora-7b-rank-128-2,660,8,657.5932374262421
7910,huggyllama/llama-7b,dummy-lora-7b-rank-32-0,341,42,657.6131564900182
7911,huggyllama/llama-7b,dummy-lora-7b-rank-8-3,283,117,657.6406272226824
7912,huggyllama/llama-7b,dummy-lora-7b-rank-128-3,220,54,657.6752043502803
7913,huggyllama/llama-7b,dummy-lora-7b-rank-32-3,242,42,657.6951688511617
7914,huggyllama/llama-7b,dummy-lora-7b-rank-32-0,556,23,657.7048875460567
7915,huggyllama/llama-7b,dummy-lora-7b-rank-32-3,570,17,657.7127462970678
7916,huggyllama/llama-7b,dummy-lora-7b-rank-8-1,733,37,657.7943208980665
7917,huggyllama/llama-7b,dummy-lora-7b-rank-128-1,568,31,657.8948482510316
7918,huggyllama/llama-7b,dummy-lora-7b-rank-8-1,369,43,657.9078078494656
7919,huggyllama/llama-7b,dummy-lora-7b-rank-128-2,558,22,657.9922942054619
7920,huggyllama/llama-7b,dummy-lora-7b-rank-64-1,591,12,660.0338358079673
7921,huggyllama/llama-7b,dummy-lora-7b-rank-16-2,273,114,660.0698382087397
7922,huggyllama/llama-7b,dummy-lora-7b-rank-8-3,607,22,660.0885676679304
7923,huggyllama/llama-7b,dummy-lora-7b-rank-64-3,578,32,660.2592687653291
7924,huggyllama/llama-7b,dummy-lora-7b-rank-32-1,550,21,660.2626014439304
7925,huggyllama/llama-7b,dummy-lora-7b-rank-32-2,552,19,660.3527876636823
7926,huggyllama/llama-7b,dummy-lora-7b-rank-64-1,91,38,660.3596752762126
7927,huggyllama/llama-7b,dummy-lora-7b-rank-16-1,184,194,660.3799576170013
7928,huggyllama/llama-7b,dummy-lora-7b-rank-128-3,287,41,660.47340464601
7929,huggyllama/llama-7b,dummy-lora-7b-rank-128-0,948,54,660.4805504308586
7930,huggyllama/llama-7b,dummy-lora-7b-rank-128-0,544,11,660.4902087875577
7931,huggyllama/llama-7b,dummy-lora-7b-rank-128-0,499,43,660.5217430987367
7932,huggyllama/llama-7b,dummy-lora-7b-rank-32-1,380,46,660.568741411695
7933,huggyllama/llama-7b,dummy-lora-7b-rank-128-4,913,53,660.599593591957
7934,huggyllama/llama-7b,dummy-lora-7b-rank-128-0,468,46,660.6326578030493
7935,huggyllama/llama-7b,dummy-lora-7b-rank-128-2,102,40,660.6578160045387
7936,huggyllama/llama-7b,dummy-lora-7b-rank-32-0,456,9,660.6967987618522
7937,huggyllama/llama-7b,dummy-lora-7b-rank-128-1,425,42,660.7150079524398
7938,huggyllama/llama-7b,dummy-lora-7b-rank-128-2,303,53,660.7167211435909
7939,huggyllama/llama-7b,dummy-lora-7b-rank-64-4,194,55,660.7351068275087
7940,huggyllama/llama-7b,dummy-lora-7b-rank-128-1,188,51,660.910823243232
7941,huggyllama/llama-7b,dummy-lora-7b-rank-128-3,165,44,661.0769525876727
7942,huggyllama/llama-7b,dummy-lora-7b-rank-128-4,682,31,661.1069266454158
7943,huggyllama/llama-7b,dummy-lora-7b-rank-64-0,467,40,661.1542552714551
7944,huggyllama/llama-7b,dummy-lora-7b-rank-128-1,631,30,661.2768923371449
7945,huggyllama/llama-7b,dummy-lora-7b-rank-32-3,348,68,661.298796263826
7946,huggyllama/llama-7b,dummy-lora-7b-rank-64-3,863,10,661.3137567357161
7947,huggyllama/llama-7b,dummy-lora-7b-rank-8-2,346,109,661.3142554721276
7948,huggyllama/llama-7b,dummy-lora-7b-rank-16-4,202,8,661.3533453160439
7949,huggyllama/llama-7b,dummy-lora-7b-rank-128-4,552,18,661.3981052180417
7950,huggyllama/llama-7b,dummy-lora-7b-rank-128-3,601,13,661.4069038312917
7951,huggyllama/llama-7b,dummy-lora-7b-rank-32-0,971,47,661.443407086517
7952,huggyllama/llama-7b,dummy-lora-7b-rank-16-4,403,56,661.4696858983051
7953,huggyllama/llama-7b,dummy-lora-7b-rank-16-4,554,22,661.4732535518747
7954,huggyllama/llama-7b,dummy-lora-7b-rank-16-2,355,97,661.5642552684326
7955,huggyllama/llama-7b,dummy-lora-7b-rank-16-3,605,32,661.626031452961
7956,huggyllama/llama-7b,dummy-lora-7b-rank-32-3,230,66,661.6299265811099
7957,huggyllama/llama-7b,dummy-lora-7b-rank-128-1,810,3,661.7323022941634
7958,huggyllama/llama-7b,dummy-lora-7b-rank-128-3,296,8,661.7471210314862
7959,huggyllama/llama-7b,dummy-lora-7b-rank-32-0,568,27,661.7764026176061
7960,huggyllama/llama-7b,dummy-lora-7b-rank-32-0,273,49,661.8207391045406
7961,huggyllama/llama-7b,dummy-lora-7b-rank-32-2,115,37,661.841370735182
7962,huggyllama/llama-7b,dummy-lora-7b-rank-128-0,316,8,661.8555233952785
7963,huggyllama/llama-7b,dummy-lora-7b-rank-128-0,876,3,661.8630286729417
7964,huggyllama/llama-7b,dummy-lora-7b-rank-128-1,379,226,661.8918956326744
7965,huggyllama/llama-7b,dummy-lora-7b-rank-128-1,943,3,661.896118820753
7966,huggyllama/llama-7b,dummy-lora-7b-rank-8-2,492,35,661.9375894949133
7967,huggyllama/llama-7b,dummy-lora-7b-rank-128-0,330,136,661.9852832165119
7968,huggyllama/llama-7b,dummy-lora-7b-rank-128-2,312,61,664.0102283607417
7969,huggyllama/llama-7b,dummy-lora-7b-rank-128-3,296,42,664.0637950748448
7970,huggyllama/llama-7b,dummy-lora-7b-rank-32-0,557,18,664.0667514743916
7971,huggyllama/llama-7b,dummy-lora-7b-rank-128-0,554,20,664.0879502791739
7972,huggyllama/llama-7b,dummy-lora-7b-rank-16-0,227,7,664.1394388380663
7973,huggyllama/llama-7b,dummy-lora-7b-rank-128-3,541,5,664.1489431734208
7974,huggyllama/llama-7b,dummy-lora-7b-rank-32-4,594,15,664.2343907634192
7975,huggyllama/llama-7b,dummy-lora-7b-rank-64-0,423,10,664.2359772896426
7976,huggyllama/llama-7b,dummy-lora-7b-rank-16-2,511,55,664.2440969768563
7977,huggyllama/llama-7b,dummy-lora-7b-rank-16-4,554,20,664.2478210074173
7978,huggyllama/llama-7b,dummy-lora-7b-rank-16-3,586,5,664.3288645270153
7979,huggyllama/llama-7b,dummy-lora-7b-rank-8-0,254,159,664.3462939491994
7980,huggyllama/llama-7b,dummy-lora-7b-rank-128-0,224,53,664.4459129406387
7981,huggyllama/llama-7b,dummy-lora-7b-rank-128-2,235,151,664.4594802289921
7982,huggyllama/llama-7b,dummy-lora-7b-rank-128-4,730,72,664.4736131289644
7983,huggyllama/llama-7b,dummy-lora-7b-rank-128-4,615,105,664.6257464957689
7984,huggyllama/llama-7b,dummy-lora-7b-rank-16-4,330,39,664.6547629525934
7985,huggyllama/llama-7b,dummy-lora-7b-rank-128-3,498,65,664.7718653988522
7986,huggyllama/llama-7b,dummy-lora-7b-rank-64-1,524,95,664.77760585104
7987,huggyllama/llama-7b,dummy-lora-7b-rank-128-1,389,59,664.7827402183477
7988,huggyllama/llama-7b,dummy-lora-7b-rank-128-1,315,20,664.7868097601868
7989,huggyllama/llama-7b,dummy-lora-7b-rank-8-0,354,51,664.8161775738738
7990,huggyllama/llama-7b,dummy-lora-7b-rank-32-4,562,21,664.8468758804917
7991,huggyllama/llama-7b,dummy-lora-7b-rank-64-3,651,226,664.8822673588008
7992,huggyllama/llama-7b,dummy-lora-7b-rank-32-4,594,54,664.8949509709977
7993,huggyllama/llama-7b,dummy-lora-7b-rank-32-2,129,50,664.9186858746358
7994,huggyllama/llama-7b,dummy-lora-7b-rank-128-0,260,84,664.9211742590777
7995,huggyllama/llama-7b,dummy-lora-7b-rank-128-4,329,48,665.0440375827849
7996,huggyllama/llama-7b,dummy-lora-7b-rank-128-3,580,33,665.060974441019
7997,huggyllama/llama-7b,dummy-lora-7b-rank-128-2,576,34,665.0910224672282
7998,huggyllama/llama-7b,dummy-lora-7b-rank-128-0,349,13,665.1241687625479
7999,huggyllama/llama-7b,dummy-lora-7b-rank-128-3,562,23,665.1707027849919
8000,huggyllama/llama-7b,dummy-lora-7b-rank-128-4,302,50,665.3427759646028
8001,huggyllama/llama-7b,dummy-lora-7b-rank-128-1,325,36,665.3710438307356
8002,huggyllama/llama-7b,dummy-lora-7b-rank-128-4,562,16,665.3782687866033
8003,huggyllama/llama-7b,dummy-lora-7b-rank-128-4,500,11,665.5719005932194
8004,huggyllama/llama-7b,dummy-lora-7b-rank-128-2,587,11,665.5898217353969
8005,huggyllama/llama-7b,dummy-lora-7b-rank-8-4,661,18,665.6353236964236
8006,huggyllama/llama-7b,dummy-lora-7b-rank-64-0,688,41,665.6977822967852
8007,huggyllama/llama-7b,dummy-lora-7b-rank-128-1,698,10,665.7322937712024
8008,huggyllama/llama-7b,dummy-lora-7b-rank-8-4,339,39,665.7498625882487
8009,huggyllama/llama-7b,dummy-lora-7b-rank-128-4,239,172,665.7710963974959
8010,huggyllama/llama-7b,dummy-lora-7b-rank-32-0,317,90,665.7906605964456
8011,huggyllama/llama-7b,dummy-lora-7b-rank-128-0,472,58,665.8057722167348
8012,huggyllama/llama-7b,dummy-lora-7b-rank-128-2,570,23,665.8100870742276
8013,huggyllama/llama-7b,dummy-lora-7b-rank-32-0,550,18,665.8384917497284
8014,huggyllama/llama-7b,dummy-lora-7b-rank-8-2,990,100,665.9015107043738
8015,huggyllama/llama-7b,dummy-lora-7b-rank-128-1,678,10,665.9341938249714
8016,huggyllama/llama-7b,dummy-lora-7b-rank-16-2,564,22,668.0457336788165
8017,huggyllama/llama-7b,dummy-lora-7b-rank-32-2,721,9,668.0530483697078
8018,huggyllama/llama-7b,dummy-lora-7b-rank-8-0,55,98,668.0539693027953
8019,huggyllama/llama-7b,dummy-lora-7b-rank-128-4,664,37,668.1018265575156
8020,huggyllama/llama-7b,dummy-lora-7b-rank-128-2,403,10,668.107517993328
8021,huggyllama/llama-7b,dummy-lora-7b-rank-128-2,392,64,668.1349146056903
8022,huggyllama/llama-7b,dummy-lora-7b-rank-16-2,267,101,668.1601306292442
8023,huggyllama/llama-7b,dummy-lora-7b-rank-64-3,627,62,668.1959683473823
8024,huggyllama/llama-7b,dummy-lora-7b-rank-32-1,956,63,668.2340380185099
8025,huggyllama/llama-7b,dummy-lora-7b-rank-64-0,564,25,668.2867485740842
8026,huggyllama/llama-7b,dummy-lora-7b-rank-16-1,413,5,668.3052656161266
8027,huggyllama/llama-7b,dummy-lora-7b-rank-128-0,330,51,668.3131555912372
8028,huggyllama/llama-7b,dummy-lora-7b-rank-16-0,590,23,668.3223373564707
8029,huggyllama/llama-7b,dummy-lora-7b-rank-16-2,422,61,668.3283125978068
8030,huggyllama/llama-7b,dummy-lora-7b-rank-128-4,390,74,668.3485495547322
8031,huggyllama/llama-7b,dummy-lora-7b-rank-16-1,311,93,668.5327745202115
8032,huggyllama/llama-7b,dummy-lora-7b-rank-128-3,325,43,668.5352077652981
8033,huggyllama/llama-7b,dummy-lora-7b-rank-8-1,125,58,668.5933241247157
8034,huggyllama/llama-7b,dummy-lora-7b-rank-16-4,488,70,668.6415129239572
8035,huggyllama/llama-7b,dummy-lora-7b-rank-64-0,621,96,668.681637671405
8036,huggyllama/llama-7b,dummy-lora-7b-rank-64-3,116,80,668.7010226564976
8037,huggyllama/llama-7b,dummy-lora-7b-rank-32-4,525,20,668.70785243658
8038,huggyllama/llama-7b,dummy-lora-7b-rank-128-2,479,52,668.7129843903188
8039,huggyllama/llama-7b,dummy-lora-7b-rank-128-0,447,57,668.7190128191045
8040,huggyllama/llama-7b,dummy-lora-7b-rank-128-1,852,95,668.7969757833034
8041,huggyllama/llama-7b,dummy-lora-7b-rank-128-2,937,39,668.8804466169653
8042,huggyllama/llama-7b,dummy-lora-7b-rank-128-1,245,12,668.8888215522566
8043,huggyllama/llama-7b,dummy-lora-7b-rank-128-2,318,65,668.9393607540468
8044,huggyllama/llama-7b,dummy-lora-7b-rank-128-1,339,45,668.9819465465567
8045,huggyllama/llama-7b,dummy-lora-7b-rank-32-4,613,24,668.9874887403071
8046,huggyllama/llama-7b,dummy-lora-7b-rank-128-3,548,17,669.1300388730509
8047,huggyllama/llama-7b,dummy-lora-7b-rank-128-3,692,121,669.1349797917071
8048,huggyllama/llama-7b,dummy-lora-7b-rank-128-4,758,15,669.1534850922133
8049,huggyllama/llama-7b,dummy-lora-7b-rank-8-1,385,28,669.1731631648693
8050,huggyllama/llama-7b,dummy-lora-7b-rank-16-1,454,49,669.2122074539446
8051,huggyllama/llama-7b,dummy-lora-7b-rank-64-0,262,117,669.2158310722959
8052,huggyllama/llama-7b,dummy-lora-7b-rank-32-3,339,47,669.225958151063
8053,huggyllama/llama-7b,dummy-lora-7b-rank-16-3,526,41,669.231454280562
8054,huggyllama/llama-7b,dummy-lora-7b-rank-32-1,562,26,669.2758617489269
8055,huggyllama/llama-7b,dummy-lora-7b-rank-128-3,552,44,669.2899483391177
8056,huggyllama/llama-7b,dummy-lora-7b-rank-128-1,397,6,669.4458695529726
8057,huggyllama/llama-7b,dummy-lora-7b-rank-16-0,294,38,669.5047755569894
8058,huggyllama/llama-7b,dummy-lora-7b-rank-32-2,844,11,669.5299254769591
8059,huggyllama/llama-7b,dummy-lora-7b-rank-64-3,580,34,669.602964714282
8060,huggyllama/llama-7b,dummy-lora-7b-rank-32-1,463,3,669.6081462109385
8061,huggyllama/llama-7b,dummy-lora-7b-rank-64-2,299,59,669.6267865612249
8062,huggyllama/llama-7b,dummy-lora-7b-rank-128-1,329,39,669.7943859940806
8063,huggyllama/llama-7b,dummy-lora-7b-rank-32-3,574,10,669.9732436317662
8064,huggyllama/llama-7b,dummy-lora-7b-rank-8-1,731,33,672.0078239156436
8065,huggyllama/llama-7b,dummy-lora-7b-rank-128-0,84,34,672.0106550099149
8066,huggyllama/llama-7b,dummy-lora-7b-rank-128-0,663,8,672.0126888909382
8067,huggyllama/llama-7b,dummy-lora-7b-rank-64-3,861,3,672.0592075366194
8068,huggyllama/llama-7b,dummy-lora-7b-rank-8-2,246,45,672.1273433658818
8069,huggyllama/llama-7b,dummy-lora-7b-rank-128-1,437,52,672.1566363739439
8070,huggyllama/llama-7b,dummy-lora-7b-rank-32-1,117,41,672.2415228042343
8071,huggyllama/llama-7b,dummy-lora-7b-rank-128-2,355,43,672.3034757113304
8072,huggyllama/llama-7b,dummy-lora-7b-rank-128-2,244,48,672.3100807068967
8073,huggyllama/llama-7b,dummy-lora-7b-rank-128-2,62,72,672.3114090270794
8074,huggyllama/llama-7b,dummy-lora-7b-rank-128-1,559,48,672.3472415933196
8075,huggyllama/llama-7b,dummy-lora-7b-rank-128-0,656,5,672.380830687502
8076,huggyllama/llama-7b,dummy-lora-7b-rank-128-0,684,244,672.415993234638
8077,huggyllama/llama-7b,dummy-lora-7b-rank-128-0,584,13,672.4199174354019
8078,huggyllama/llama-7b,dummy-lora-7b-rank-128-3,552,19,672.4728083123825
8079,huggyllama/llama-7b,dummy-lora-7b-rank-128-1,252,37,672.4735285425811
8080,huggyllama/llama-7b,dummy-lora-7b-rank-128-0,671,3,672.555819794418
8081,huggyllama/llama-7b,dummy-lora-7b-rank-128-2,562,18,672.5883561484097
8082,huggyllama/llama-7b,dummy-lora-7b-rank-16-3,556,18,672.6042692886775
8083,huggyllama/llama-7b,dummy-lora-7b-rank-8-3,550,18,672.9226949147431
8084,huggyllama/llama-7b,dummy-lora-7b-rank-64-4,556,21,672.9476727452187
8085,huggyllama/llama-7b,dummy-lora-7b-rank-16-0,208,46,672.9514272491315
8086,huggyllama/llama-7b,dummy-lora-7b-rank-64-1,550,18,672.9758651131006
8087,huggyllama/llama-7b,dummy-lora-7b-rank-128-0,453,53,673.1004732450535
8088,huggyllama/llama-7b,dummy-lora-7b-rank-128-2,405,18,673.1130606381317
8089,huggyllama/llama-7b,dummy-lora-7b-rank-64-4,603,8,673.1548019172741
8090,huggyllama/llama-7b,dummy-lora-7b-rank-16-4,335,42,673.3571195022971
8091,huggyllama/llama-7b,dummy-lora-7b-rank-128-0,385,91,673.3763925323705
8092,huggyllama/llama-7b,dummy-lora-7b-rank-64-0,491,206,673.3790293064555
8093,huggyllama/llama-7b,dummy-lora-7b-rank-16-4,275,38,673.3855384798009
8094,huggyllama/llama-7b,dummy-lora-7b-rank-128-1,997,3,673.4300271046418
8095,huggyllama/llama-7b,dummy-lora-7b-rank-16-2,594,15,673.4636236367957
8096,huggyllama/llama-7b,dummy-lora-7b-rank-16-1,628,64,673.5629426088136
8097,huggyllama/llama-7b,dummy-lora-7b-rank-8-3,568,29,673.5795736506697
8098,huggyllama/llama-7b,dummy-lora-7b-rank-32-4,576,34,673.5895836305015
8099,huggyllama/llama-7b,dummy-lora-7b-rank-64-1,743,52,673.6258370745757
8100,huggyllama/llama-7b,dummy-lora-7b-rank-128-4,727,56,673.6613983515194
8101,huggyllama/llama-7b,dummy-lora-7b-rank-32-3,571,10,673.66721264234
8102,huggyllama/llama-7b,dummy-lora-7b-rank-128-4,171,61,673.70380018917
8103,huggyllama/llama-7b,dummy-lora-7b-rank-128-0,570,92,673.7044700213671
8104,huggyllama/llama-7b,dummy-lora-7b-rank-32-0,417,48,673.7047122679902
8105,huggyllama/llama-7b,dummy-lora-7b-rank-128-3,616,20,673.8128074287017
8106,huggyllama/llama-7b,dummy-lora-7b-rank-32-4,572,32,673.8206831646673
8107,huggyllama/llama-7b,dummy-lora-7b-rank-128-3,605,22,673.8287305773267
8108,huggyllama/llama-7b,dummy-lora-7b-rank-128-2,552,18,673.8517204892152
8109,huggyllama/llama-7b,dummy-lora-7b-rank-16-4,140,48,673.8737084363765
8110,huggyllama/llama-7b,dummy-lora-7b-rank-32-1,536,10,673.8744353573869
8111,huggyllama/llama-7b,dummy-lora-7b-rank-32-0,182,129,673.9883199594748
8112,huggyllama/llama-7b,dummy-lora-7b-rank-8-2,446,62,676.0292809957189
8113,huggyllama/llama-7b,dummy-lora-7b-rank-8-0,285,39,676.1582252592812
8114,huggyllama/llama-7b,dummy-lora-7b-rank-128-3,581,39,676.1674467277915
8115,huggyllama/llama-7b,dummy-lora-7b-rank-32-2,607,17,676.169647080039
8116,huggyllama/llama-7b,dummy-lora-7b-rank-128-2,544,15,676.2387984697343
8117,huggyllama/llama-7b,dummy-lora-7b-rank-128-1,391,57,676.2935757032755
8118,huggyllama/llama-7b,dummy-lora-7b-rank-8-0,580,16,676.3105377565215
8119,huggyllama/llama-7b,dummy-lora-7b-rank-128-2,223,49,676.3116108855077
8120,huggyllama/llama-7b,dummy-lora-7b-rank-128-0,621,19,676.337518827428
8121,huggyllama/llama-7b,dummy-lora-7b-rank-128-1,187,129,676.4475118377259
8122,huggyllama/llama-7b,dummy-lora-7b-rank-8-2,694,69,676.4908279640568
8123,huggyllama/llama-7b,dummy-lora-7b-rank-128-1,416,116,676.5815557603283
8124,huggyllama/llama-7b,dummy-lora-7b-rank-128-0,910,3,676.6276166133323
8125,huggyllama/llama-7b,dummy-lora-7b-rank-128-4,613,25,676.633399547926
8126,huggyllama/llama-7b,dummy-lora-7b-rank-16-0,702,38,676.7202145725305
8127,huggyllama/llama-7b,dummy-lora-7b-rank-64-1,154,47,676.7338482980209
8128,huggyllama/llama-7b,dummy-lora-7b-rank-64-2,808,58,676.766147942533
8129,huggyllama/llama-7b,dummy-lora-7b-rank-128-4,554,20,676.8819449968622
8130,huggyllama/llama-7b,dummy-lora-7b-rank-128-2,554,12,676.8921239924803
8131,huggyllama/llama-7b,dummy-lora-7b-rank-128-3,220,55,676.9865417058936
8132,huggyllama/llama-7b,dummy-lora-7b-rank-128-4,202,19,677.0369531586456
8133,huggyllama/llama-7b,dummy-lora-7b-rank-128-3,560,23,677.0495452240125
8134,huggyllama/llama-7b,dummy-lora-7b-rank-32-1,334,42,677.0639991886238
8135,huggyllama/llama-7b,dummy-lora-7b-rank-32-4,564,28,677.1972742112968
8136,huggyllama/llama-7b,dummy-lora-7b-rank-128-4,172,47,677.198660167625
8137,huggyllama/llama-7b,dummy-lora-7b-rank-128-0,572,32,677.3023633739087
8138,huggyllama/llama-7b,dummy-lora-7b-rank-8-4,98,38,677.3458605941469
8139,huggyllama/llama-7b,dummy-lora-7b-rank-16-0,497,47,677.3570710421458
8140,huggyllama/llama-7b,dummy-lora-7b-rank-128-3,489,42,677.377980688376
8141,huggyllama/llama-7b,dummy-lora-7b-rank-128-4,153,46,677.3893181226522
8142,huggyllama/llama-7b,dummy-lora-7b-rank-32-1,6,20,677.3982265654126
8143,huggyllama/llama-7b,dummy-lora-7b-rank-128-0,552,19,677.4309194589026
8144,huggyllama/llama-7b,dummy-lora-7b-rank-8-4,552,19,677.4603359508721
8145,huggyllama/llama-7b,dummy-lora-7b-rank-128-1,419,43,677.4687830910901
8146,huggyllama/llama-7b,dummy-lora-7b-rank-128-0,736,25,677.4962144172463
8147,huggyllama/llama-7b,dummy-lora-7b-rank-128-1,521,50,677.5816878872786
8148,huggyllama/llama-7b,dummy-lora-7b-rank-32-1,554,22,677.6203798787864
8149,huggyllama/llama-7b,dummy-lora-7b-rank-8-1,304,6,677.7352249184302
8150,huggyllama/llama-7b,dummy-lora-7b-rank-128-3,426,34,677.7359796271338
8151,huggyllama/llama-7b,dummy-lora-7b-rank-128-1,213,63,677.7426903529405
8152,huggyllama/llama-7b,dummy-lora-7b-rank-128-3,181,48,677.774658979681
8153,huggyllama/llama-7b,dummy-lora-7b-rank-128-3,621,28,677.8138990149765
8154,huggyllama/llama-7b,dummy-lora-7b-rank-128-3,560,23,677.8168654732887
8155,huggyllama/llama-7b,dummy-lora-7b-rank-16-1,429,36,677.8209673598479
8156,huggyllama/llama-7b,dummy-lora-7b-rank-128-2,568,27,677.8222621849898
8157,huggyllama/llama-7b,dummy-lora-7b-rank-128-2,469,77,677.8222917165799
8158,huggyllama/llama-7b,dummy-lora-7b-rank-16-2,980,3,677.933546411898
8159,huggyllama/llama-7b,dummy-lora-7b-rank-8-0,536,18,677.9946102761578
8160,huggyllama/llama-7b,dummy-lora-7b-rank-128-3,690,18,680.027728683861
8161,huggyllama/llama-7b,dummy-lora-7b-rank-128-2,404,33,680.0352013501968
8162,huggyllama/llama-7b,dummy-lora-7b-rank-64-4,617,23,680.121699498392
8163,huggyllama/llama-7b,dummy-lora-7b-rank-32-0,558,14,680.1858128395136
8164,huggyllama/llama-7b,dummy-lora-7b-rank-64-2,570,19,680.2802450896429
8165,huggyllama/llama-7b,dummy-lora-7b-rank-16-3,550,10,680.2986004590394
8166,huggyllama/llama-7b,dummy-lora-7b-rank-128-2,320,121,680.3694873416521
8167,huggyllama/llama-7b,dummy-lora-7b-rank-16-4,621,28,680.4007499338779
8168,huggyllama/llama-7b,dummy-lora-7b-rank-128-0,243,184,680.4055689212541
8169,huggyllama/llama-7b,dummy-lora-7b-rank-128-0,664,22,680.4174016041991
8170,huggyllama/llama-7b,dummy-lora-7b-rank-128-2,552,57,680.4561541951946
8171,huggyllama/llama-7b,dummy-lora-7b-rank-128-4,365,6,680.4718083090208
8172,huggyllama/llama-7b,dummy-lora-7b-rank-128-4,188,4,680.4790822035666
8173,huggyllama/llama-7b,dummy-lora-7b-rank-128-2,316,60,680.4809800402824
8174,huggyllama/llama-7b,dummy-lora-7b-rank-128-0,552,19,680.4975906413391
8175,huggyllama/llama-7b,dummy-lora-7b-rank-128-0,425,45,680.5556064949423
8176,huggyllama/llama-7b,dummy-lora-7b-rank-128-1,375,6,680.7006951233095
8177,huggyllama/llama-7b,dummy-lora-7b-rank-128-0,338,46,680.7354951545134
8178,huggyllama/llama-7b,dummy-lora-7b-rank-128-2,544,15,680.8914606979744
8179,huggyllama/llama-7b,dummy-lora-7b-rank-128-3,406,52,680.914358463808
8180,huggyllama/llama-7b,dummy-lora-7b-rank-128-4,726,8,680.9363998859826
8181,huggyllama/llama-7b,dummy-lora-7b-rank-16-4,219,53,681.001405842792
8182,huggyllama/llama-7b,dummy-lora-7b-rank-128-4,358,68,681.0658011468223
8183,huggyllama/llama-7b,dummy-lora-7b-rank-128-3,62,61,681.0933023637269
8184,huggyllama/llama-7b,dummy-lora-7b-rank-128-0,627,28,681.1558793062989
8185,huggyllama/llama-7b,dummy-lora-7b-rank-32-4,783,9,681.1565335217251
8186,huggyllama/llama-7b,dummy-lora-7b-rank-16-1,558,22,681.2943011165796
8187,huggyllama/llama-7b,dummy-lora-7b-rank-64-3,607,3,681.2943318316032
8188,huggyllama/llama-7b,dummy-lora-7b-rank-8-1,429,52,681.3332029140787
8189,huggyllama/llama-7b,dummy-lora-7b-rank-128-1,560,22,681.4090472101545
8190,huggyllama/llama-7b,dummy-lora-7b-rank-32-3,590,67,681.4684514430636
8191,huggyllama/llama-7b,dummy-lora-7b-rank-128-3,578,33,681.470863512537
8192,huggyllama/llama-7b,dummy-lora-7b-rank-128-3,692,10,681.4838612369898
8193,huggyllama/llama-7b,dummy-lora-7b-rank-8-4,6,20,681.5323617392158
8194,huggyllama/llama-7b,dummy-lora-7b-rank-128-1,491,10,681.5422846995433
8195,huggyllama/llama-7b,dummy-lora-7b-rank-16-3,905,135,681.5915497396694
8196,huggyllama/llama-7b,dummy-lora-7b-rank-128-4,88,38,681.6574479338465
8197,huggyllama/llama-7b,dummy-lora-7b-rank-128-2,564,27,681.6576890621706
8198,huggyllama/llama-7b,dummy-lora-7b-rank-8-2,578,35,681.689622450492
8199,huggyllama/llama-7b,dummy-lora-7b-rank-128-2,548,17,681.7127229389968
8200,huggyllama/llama-7b,dummy-lora-7b-rank-32-2,574,9,681.754539964181
8201,huggyllama/llama-7b,dummy-lora-7b-rank-128-0,458,42,681.7908161040705
8202,huggyllama/llama-7b,dummy-lora-7b-rank-128-4,598,44,681.8115468309794
8203,huggyllama/llama-7b,dummy-lora-7b-rank-8-4,755,54,681.8124667842752
8204,huggyllama/llama-7b,dummy-lora-7b-rank-128-0,248,42,681.8215038330864
8205,huggyllama/llama-7b,dummy-lora-7b-rank-128-2,974,28,681.8618865527105
8206,huggyllama/llama-7b,dummy-lora-7b-rank-16-3,1014,14,681.9023229814637
8207,huggyllama/llama-7b,dummy-lora-7b-rank-128-4,558,23,681.9289438055847
8208,huggyllama/llama-7b,dummy-lora-7b-rank-32-0,981,35,684.0335390416116
8209,huggyllama/llama-7b,dummy-lora-7b-rank-8-2,158,44,684.1115413499768
8210,huggyllama/llama-7b,dummy-lora-7b-rank-128-3,596,41,684.1318061565604
8211,huggyllama/llama-7b,dummy-lora-7b-rank-128-1,615,58,684.2770348794918
8212,huggyllama/llama-7b,dummy-lora-7b-rank-64-4,548,6,684.3138120127361
8213,huggyllama/llama-7b,dummy-lora-7b-rank-64-3,632,34,684.3620799018579
8214,huggyllama/llama-7b,dummy-lora-7b-rank-8-2,422,52,684.3739960915759
8215,huggyllama/llama-7b,dummy-lora-7b-rank-16-3,423,58,684.4257026330039
8216,huggyllama/llama-7b,dummy-lora-7b-rank-128-3,437,86,684.4795598477351
8217,huggyllama/llama-7b,dummy-lora-7b-rank-128-4,823,126,684.5099184786131
8218,huggyllama/llama-7b,dummy-lora-7b-rank-16-1,554,20,684.5254023944971
8219,huggyllama/llama-7b,dummy-lora-7b-rank-128-4,453,11,684.5530055557906
8220,huggyllama/llama-7b,dummy-lora-7b-rank-64-0,228,56,684.5957293551343
8221,huggyllama/llama-7b,dummy-lora-7b-rank-128-3,574,41,684.6110821933844
8222,huggyllama/llama-7b,dummy-lora-7b-rank-32-2,101,69,684.7271863657573
8223,huggyllama/llama-7b,dummy-lora-7b-rank-128-1,921,69,684.7360390796999
8224,huggyllama/llama-7b,dummy-lora-7b-rank-128-4,615,10,684.7421698723979
8225,huggyllama/llama-7b,dummy-lora-7b-rank-8-4,227,37,684.7535338791705
8226,huggyllama/llama-7b,dummy-lora-7b-rank-128-1,326,51,684.7820845039388
8227,huggyllama/llama-7b,dummy-lora-7b-rank-64-3,554,13,684.7938320632122
8228,huggyllama/llama-7b,dummy-lora-7b-rank-128-0,167,43,684.8417753366339
8229,huggyllama/llama-7b,dummy-lora-7b-rank-128-1,566,18,684.902774267307
8230,huggyllama/llama-7b,dummy-lora-7b-rank-16-2,512,14,684.917527587881
8231,huggyllama/llama-7b,dummy-lora-7b-rank-128-1,355,107,684.9222592706252
8232,huggyllama/llama-7b,dummy-lora-7b-rank-128-2,988,53,684.9671521734024
8233,huggyllama/llama-7b,dummy-lora-7b-rank-128-2,225,77,685.141334404304
8234,huggyllama/llama-7b,dummy-lora-7b-rank-64-2,726,16,685.1629654616407
8235,huggyllama/llama-7b,dummy-lora-7b-rank-128-3,127,32,685.1852000874258
8236,huggyllama/llama-7b,dummy-lora-7b-rank-128-4,614,36,685.2858094738338
8237,huggyllama/llama-7b,dummy-lora-7b-rank-64-4,562,2,685.2901206462151
8238,huggyllama/llama-7b,dummy-lora-7b-rank-128-2,943,31,685.290988508905
8239,huggyllama/llama-7b,dummy-lora-7b-rank-32-4,552,21,685.3141207095974
8240,huggyllama/llama-7b,dummy-lora-7b-rank-128-2,948,136,685.3553825600732
8241,huggyllama/llama-7b,dummy-lora-7b-rank-64-3,602,51,685.3766696827931
8242,huggyllama/llama-7b,dummy-lora-7b-rank-128-0,682,14,685.3925282445693
8243,huggyllama/llama-7b,dummy-lora-7b-rank-128-3,601,8,685.3958940539518
8244,huggyllama/llama-7b,dummy-lora-7b-rank-8-3,568,21,685.4325896226289
8245,huggyllama/llama-7b,dummy-lora-7b-rank-128-0,542,51,685.5404920400042
8246,huggyllama/llama-7b,dummy-lora-7b-rank-128-3,776,75,685.5424140059633
8247,huggyllama/llama-7b,dummy-lora-7b-rank-32-0,550,18,685.5750497454808
8248,huggyllama/llama-7b,dummy-lora-7b-rank-128-3,566,28,685.6398786701977
8249,huggyllama/llama-7b,dummy-lora-7b-rank-16-2,393,58,685.7018859638941
8250,huggyllama/llama-7b,dummy-lora-7b-rank-128-2,354,143,685.8294982929938
8251,huggyllama/llama-7b,dummy-lora-7b-rank-32-2,694,60,685.8324152370328
8252,huggyllama/llama-7b,dummy-lora-7b-rank-128-4,509,134,685.877817559657
8253,huggyllama/llama-7b,dummy-lora-7b-rank-128-0,329,180,685.8798154917731
8254,huggyllama/llama-7b,dummy-lora-7b-rank-128-1,555,20,685.8837753521661
8255,huggyllama/llama-7b,dummy-lora-7b-rank-64-0,558,24,685.8883550176361
8256,huggyllama/llama-7b,dummy-lora-7b-rank-16-2,566,28,688.0271367278701
8257,huggyllama/llama-7b,dummy-lora-7b-rank-128-4,509,58,688.037897542642
8258,huggyllama/llama-7b,dummy-lora-7b-rank-16-1,515,5,688.0382352692327
8259,huggyllama/llama-7b,dummy-lora-7b-rank-16-0,560,15,688.0420302532461
8260,huggyllama/llama-7b,dummy-lora-7b-rank-8-1,562,23,688.061100317098
8261,huggyllama/llama-7b,dummy-lora-7b-rank-128-3,116,59,688.063549450808
8262,huggyllama/llama-7b,dummy-lora-7b-rank-128-2,826,16,688.1001939430893
8263,huggyllama/llama-7b,dummy-lora-7b-rank-128-1,460,6,688.157040009433
8264,huggyllama/llama-7b,dummy-lora-7b-rank-128-3,351,7,688.1667124628082
8265,huggyllama/llama-7b,dummy-lora-7b-rank-16-2,340,46,688.2080512346148
8266,huggyllama/llama-7b,dummy-lora-7b-rank-64-1,580,16,688.3068022300259
8267,huggyllama/llama-7b,dummy-lora-7b-rank-8-2,271,6,688.3807490936454
8268,huggyllama/llama-7b,dummy-lora-7b-rank-64-4,546,16,688.5118776709256
8269,huggyllama/llama-7b,dummy-lora-7b-rank-128-4,762,39,688.7155596428736
8270,huggyllama/llama-7b,dummy-lora-7b-rank-128-0,725,15,688.733484410358
8271,huggyllama/llama-7b,dummy-lora-7b-rank-32-1,481,79,688.7760691724842
8272,huggyllama/llama-7b,dummy-lora-7b-rank-64-2,552,19,688.7901566309467
8273,huggyllama/llama-7b,dummy-lora-7b-rank-8-2,670,48,688.79197709138
8274,huggyllama/llama-7b,dummy-lora-7b-rank-128-4,259,84,688.8735021636312
8275,huggyllama/llama-7b,dummy-lora-7b-rank-128-0,719,44,688.9866681431758
8276,huggyllama/llama-7b,dummy-lora-7b-rank-64-1,840,99,689.0013030345667
8277,huggyllama/llama-7b,dummy-lora-7b-rank-128-2,558,24,689.0607306465994
8278,huggyllama/llama-7b,dummy-lora-7b-rank-64-2,347,64,689.1583680618163
8279,huggyllama/llama-7b,dummy-lora-7b-rank-32-2,186,55,689.2633774688
8280,huggyllama/llama-7b,dummy-lora-7b-rank-128-1,291,45,689.272087921675
8281,huggyllama/llama-7b,dummy-lora-7b-rank-128-4,618,2,689.281869715694
8282,huggyllama/llama-7b,dummy-lora-7b-rank-16-0,592,34,689.3038813167184
8283,huggyllama/llama-7b,dummy-lora-7b-rank-32-2,471,39,689.3103902283616
8284,huggyllama/llama-7b,dummy-lora-7b-rank-64-0,498,53,689.3138761923437
8285,huggyllama/llama-7b,dummy-lora-7b-rank-64-0,546,16,689.3210448736268
8286,huggyllama/llama-7b,dummy-lora-7b-rank-128-2,686,42,689.3246701095683
8287,huggyllama/llama-7b,dummy-lora-7b-rank-128-0,368,65,689.370901356152
8288,huggyllama/llama-7b,dummy-lora-7b-rank-8-1,347,41,689.4142308409495
8289,huggyllama/llama-7b,dummy-lora-7b-rank-128-0,174,7,689.4447138320235
8290,huggyllama/llama-7b,dummy-lora-7b-rank-64-3,712,5,689.459713745331
8291,huggyllama/llama-7b,dummy-lora-7b-rank-64-4,234,48,689.5147245387919
8292,huggyllama/llama-7b,dummy-lora-7b-rank-128-4,498,69,689.585939571589
8293,huggyllama/llama-7b,dummy-lora-7b-rank-128-3,184,4,689.5913456034024
8294,huggyllama/llama-7b,dummy-lora-7b-rank-32-1,758,72,689.6140857450664
8295,huggyllama/llama-7b,dummy-lora-7b-rank-128-3,887,50,689.6234485899791
8296,huggyllama/llama-7b,dummy-lora-7b-rank-128-0,193,41,689.660721713325
8297,huggyllama/llama-7b,dummy-lora-7b-rank-128-0,266,44,689.7273983535891
8298,huggyllama/llama-7b,dummy-lora-7b-rank-16-0,288,11,689.7662578110921
8299,huggyllama/llama-7b,dummy-lora-7b-rank-64-3,524,41,689.8084580012436
8300,huggyllama/llama-7b,dummy-lora-7b-rank-128-0,429,43,689.810992382676
8301,huggyllama/llama-7b,dummy-lora-7b-rank-128-0,221,59,689.8220856328719
8302,huggyllama/llama-7b,dummy-lora-7b-rank-32-4,513,7,689.8438803517848
8303,huggyllama/llama-7b,dummy-lora-7b-rank-64-3,562,46,689.9899357234336
8304,huggyllama/llama-7b,dummy-lora-7b-rank-128-1,473,49,692.0023181104483
8305,huggyllama/llama-7b,dummy-lora-7b-rank-32-0,386,228,692.0133643803529
8306,huggyllama/llama-7b,dummy-lora-7b-rank-128-1,479,44,692.0218915406354
8307,huggyllama/llama-7b,dummy-lora-7b-rank-16-2,609,37,692.0424172566251
8308,huggyllama/llama-7b,dummy-lora-7b-rank-128-1,365,49,692.1175416203627
8309,huggyllama/llama-7b,dummy-lora-7b-rank-64-2,554,22,692.1435967780216
8310,huggyllama/llama-7b,dummy-lora-7b-rank-64-4,550,10,692.1741041165166
8311,huggyllama/llama-7b,dummy-lora-7b-rank-8-0,554,20,692.240538385474
8312,huggyllama/llama-7b,dummy-lora-7b-rank-128-4,497,42,692.3467329178761
8313,huggyllama/llama-7b,dummy-lora-7b-rank-128-1,879,59,692.3724557619938
8314,huggyllama/llama-7b,dummy-lora-7b-rank-16-4,751,30,692.4814803674407
8315,huggyllama/llama-7b,dummy-lora-7b-rank-128-3,554,20,692.5118629853209
8316,huggyllama/llama-7b,dummy-lora-7b-rank-128-4,217,195,692.6028413602183
8317,huggyllama/llama-7b,dummy-lora-7b-rank-32-1,548,17,692.6360509201943
8318,huggyllama/llama-7b,dummy-lora-7b-rank-64-3,343,166,692.6628434055974
8319,huggyllama/llama-7b,dummy-lora-7b-rank-8-1,572,32,692.674246883143
8320,huggyllama/llama-7b,dummy-lora-7b-rank-8-0,204,47,692.6743165710486
8321,huggyllama/llama-7b,dummy-lora-7b-rank-64-2,615,27,692.6873721436307
8322,huggyllama/llama-7b,dummy-lora-7b-rank-128-1,558,23,692.8443978898008
8323,huggyllama/llama-7b,dummy-lora-7b-rank-128-2,498,7,692.9260760646612
8324,huggyllama/llama-7b,dummy-lora-7b-rank-128-0,588,93,692.962621073556
8325,huggyllama/llama-7b,dummy-lora-7b-rank-128-4,445,46,693.0517329696165
8326,huggyllama/llama-7b,dummy-lora-7b-rank-128-3,275,127,693.1689215635333
8327,huggyllama/llama-7b,dummy-lora-7b-rank-128-1,568,23,693.2257979743667
8328,huggyllama/llama-7b,dummy-lora-7b-rank-16-0,570,26,693.2734272683897
8329,huggyllama/llama-7b,dummy-lora-7b-rank-8-2,548,22,693.2826285879437
8330,huggyllama/llama-7b,dummy-lora-7b-rank-128-3,640,7,693.3064658467948
8331,huggyllama/llama-7b,dummy-lora-7b-rank-32-2,753,204,693.328358499041
8332,huggyllama/llama-7b,dummy-lora-7b-rank-64-1,126,36,693.3507816153357
8333,huggyllama/llama-7b,dummy-lora-7b-rank-8-2,564,25,693.4305276427641
8334,huggyllama/llama-7b,dummy-lora-7b-rank-128-0,639,3,693.4683463209635
8335,huggyllama/llama-7b,dummy-lora-7b-rank-128-1,206,32,693.5020761255018
8336,huggyllama/llama-7b,dummy-lora-7b-rank-128-0,193,50,693.5077505840518
8337,huggyllama/llama-7b,dummy-lora-7b-rank-16-2,233,36,693.5121191630753
8338,huggyllama/llama-7b,dummy-lora-7b-rank-8-2,172,52,693.5202015115474
8339,huggyllama/llama-7b,dummy-lora-7b-rank-128-0,718,78,693.5216379094865
8340,huggyllama/llama-7b,dummy-lora-7b-rank-64-4,294,45,693.5984853245338
8341,huggyllama/llama-7b,dummy-lora-7b-rank-8-3,566,11,693.604551723784
8342,huggyllama/llama-7b,dummy-lora-7b-rank-8-0,548,48,693.6379783816127
8343,huggyllama/llama-7b,dummy-lora-7b-rank-128-2,550,10,693.6703540402766
8344,huggyllama/llama-7b,dummy-lora-7b-rank-128-1,700,40,693.7104532096969
8345,huggyllama/llama-7b,dummy-lora-7b-rank-128-1,614,20,693.7352869063774
8346,huggyllama/llama-7b,dummy-lora-7b-rank-128-4,977,140,693.8040724850704
8347,huggyllama/llama-7b,dummy-lora-7b-rank-128-0,546,28,693.8194653884839
8348,huggyllama/llama-7b,dummy-lora-7b-rank-128-4,164,52,693.8608267296128
8349,huggyllama/llama-7b,dummy-lora-7b-rank-128-4,512,97,693.8724948785549
8350,huggyllama/llama-7b,dummy-lora-7b-rank-128-0,373,55,693.8944876227077
8351,huggyllama/llama-7b,dummy-lora-7b-rank-32-1,629,13,693.921933686619
8352,huggyllama/llama-7b,dummy-lora-7b-rank-16-4,232,45,696.0163967083054
8353,huggyllama/llama-7b,dummy-lora-7b-rank-128-1,330,159,696.020922560335
8354,huggyllama/llama-7b,dummy-lora-7b-rank-128-0,334,150,696.0852486419349
8355,huggyllama/llama-7b,dummy-lora-7b-rank-128-4,598,15,696.1655051617201
8356,huggyllama/llama-7b,dummy-lora-7b-rank-16-0,498,225,696.2138756037223
8357,huggyllama/llama-7b,dummy-lora-7b-rank-128-0,895,9,696.2297593538605
8358,huggyllama/llama-7b,dummy-lora-7b-rank-16-4,560,23,696.3468386975413
8359,huggyllama/llama-7b,dummy-lora-7b-rank-128-1,552,19,696.4049649586609
8360,huggyllama/llama-7b,dummy-lora-7b-rank-128-0,850,18,696.4677837493549
8361,huggyllama/llama-7b,dummy-lora-7b-rank-8-0,561,25,696.4814479848975
8362,huggyllama/llama-7b,dummy-lora-7b-rank-128-2,159,38,696.5101431628161
8363,huggyllama/llama-7b,dummy-lora-7b-rank-128-3,550,10,696.5361014480364
8364,huggyllama/llama-7b,dummy-lora-7b-rank-128-3,283,50,696.5612939408929
8365,huggyllama/llama-7b,dummy-lora-7b-rank-128-1,639,52,696.6800710631103
8366,huggyllama/llama-7b,dummy-lora-7b-rank-128-1,189,35,696.7252652467358
8367,huggyllama/llama-7b,dummy-lora-7b-rank-128-3,412,50,696.8120136080671
8368,huggyllama/llama-7b,dummy-lora-7b-rank-8-0,585,17,696.859154731619
8369,huggyllama/llama-7b,dummy-lora-7b-rank-8-3,230,4,696.926062948424
8370,huggyllama/llama-7b,dummy-lora-7b-rank-8-1,222,139,696.9294355853586
8371,huggyllama/llama-7b,dummy-lora-7b-rank-8-2,277,56,696.9701919118816
8372,huggyllama/llama-7b,dummy-lora-7b-rank-32-0,494,53,696.9815423271841
8373,huggyllama/llama-7b,dummy-lora-7b-rank-32-0,548,53,697.0288142720284
8374,huggyllama/llama-7b,dummy-lora-7b-rank-8-0,184,66,697.0373217707323
8375,huggyllama/llama-7b,dummy-lora-7b-rank-16-2,689,15,697.0458761837567
8376,huggyllama/llama-7b,dummy-lora-7b-rank-32-3,696,23,697.0624255584931
8377,huggyllama/llama-7b,dummy-lora-7b-rank-64-3,560,23,697.062878815946
8378,huggyllama/llama-7b,dummy-lora-7b-rank-128-4,850,48,697.1215781017734
8379,huggyllama/llama-7b,dummy-lora-7b-rank-16-1,420,43,697.1237718231055
8380,huggyllama/llama-7b,dummy-lora-7b-rank-128-2,121,133,697.1355677601206
8381,huggyllama/llama-7b,dummy-lora-7b-rank-16-0,574,33,697.1567618891899
8382,huggyllama/llama-7b,dummy-lora-7b-rank-64-3,867,100,697.1614175366153
8383,huggyllama/llama-7b,dummy-lora-7b-rank-128-2,714,26,697.1778666686237
8384,huggyllama/llama-7b,dummy-lora-7b-rank-64-4,438,85,697.2269624936042
8385,huggyllama/llama-7b,dummy-lora-7b-rank-32-0,248,47,697.2313980126142
8386,huggyllama/llama-7b,dummy-lora-7b-rank-64-4,556,21,697.317450213583
8387,huggyllama/llama-7b,dummy-lora-7b-rank-128-0,287,173,697.4167470134416
8388,huggyllama/llama-7b,dummy-lora-7b-rank-128-3,597,46,697.4233240365548
8389,huggyllama/llama-7b,dummy-lora-7b-rank-64-1,275,90,697.4439433149023
8390,huggyllama/llama-7b,dummy-lora-7b-rank-64-0,613,34,697.4460423379436
8391,huggyllama/llama-7b,dummy-lora-7b-rank-128-4,434,87,697.5665076173813
8392,huggyllama/llama-7b,dummy-lora-7b-rank-64-4,896,3,697.5879809349466
8393,huggyllama/llama-7b,dummy-lora-7b-rank-64-4,397,41,697.7337841854431
8394,huggyllama/llama-7b,dummy-lora-7b-rank-64-1,333,46,697.7345897661725
8395,huggyllama/llama-7b,dummy-lora-7b-rank-32-1,578,31,697.7766300077002
8396,huggyllama/llama-7b,dummy-lora-7b-rank-128-2,550,18,697.8452654315809
8397,huggyllama/llama-7b,dummy-lora-7b-rank-128-2,447,172,697.8542427824833
8398,huggyllama/llama-7b,dummy-lora-7b-rank-128-3,532,55,697.8684952829685
8399,huggyllama/llama-7b,dummy-lora-7b-rank-128-2,556,10,697.9443514219196
8400,huggyllama/llama-7b,dummy-lora-7b-rank-128-2,564,26,700.0071272102591
8401,huggyllama/llama-7b,dummy-lora-7b-rank-128-2,613,26,700.0759487547236
8402,huggyllama/llama-7b,dummy-lora-7b-rank-128-1,357,89,700.0912747229183
8403,huggyllama/llama-7b,dummy-lora-7b-rank-32-4,362,51,700.1065754962383
8404,huggyllama/llama-7b,dummy-lora-7b-rank-128-3,621,28,700.2293572461678
8405,huggyllama/llama-7b,dummy-lora-7b-rank-128-2,596,25,700.274138674864
8406,huggyllama/llama-7b,dummy-lora-7b-rank-128-2,576,30,700.2743729661063
8407,huggyllama/llama-7b,dummy-lora-7b-rank-32-4,574,30,700.3707204612014
8408,huggyllama/llama-7b,dummy-lora-7b-rank-128-0,548,17,700.3869608574805
8409,huggyllama/llama-7b,dummy-lora-7b-rank-128-2,618,5,700.3976387185141
8410,huggyllama/llama-7b,dummy-lora-7b-rank-128-4,528,6,700.4332322857321
8411,huggyllama/llama-7b,dummy-lora-7b-rank-8-1,556,13,700.5028006072343
8412,huggyllama/llama-7b,dummy-lora-7b-rank-32-0,308,69,700.5561710859782
8413,huggyllama/llama-7b,dummy-lora-7b-rank-64-3,496,50,700.5655884118992
8414,huggyllama/llama-7b,dummy-lora-7b-rank-64-1,462,51,700.571756501071
8415,huggyllama/llama-7b,dummy-lora-7b-rank-128-3,457,23,700.6579588467605
8416,huggyllama/llama-7b,dummy-lora-7b-rank-64-0,623,21,700.6589987872512
8417,huggyllama/llama-7b,dummy-lora-7b-rank-32-0,556,23,700.7437037212311
8418,huggyllama/llama-7b,dummy-lora-7b-rank-8-2,306,53,700.8188680290953
8419,huggyllama/llama-7b,dummy-lora-7b-rank-128-3,164,47,701.0643506400343
8420,huggyllama/llama-7b,dummy-lora-7b-rank-32-1,236,172,701.0777076124098
8421,huggyllama/llama-7b,dummy-lora-7b-rank-128-1,443,75,701.0839120190699
8422,huggyllama/llama-7b,dummy-lora-7b-rank-8-3,747,96,701.0960332854
8423,huggyllama/llama-7b,dummy-lora-7b-rank-128-0,621,10,701.1642998311264
8424,huggyllama/llama-7b,dummy-lora-7b-rank-128-3,546,16,701.1657309528806
8425,huggyllama/llama-7b,dummy-lora-7b-rank-8-4,170,35,701.2452042157136
8426,huggyllama/llama-7b,dummy-lora-7b-rank-16-2,453,51,701.2664145203981
8427,huggyllama/llama-7b,dummy-lora-7b-rank-16-2,809,6,701.2707250025298
8428,huggyllama/llama-7b,dummy-lora-7b-rank-32-0,563,28,701.2710328273948
8429,huggyllama/llama-7b,dummy-lora-7b-rank-128-1,165,55,701.2922040054867
8430,huggyllama/llama-7b,dummy-lora-7b-rank-64-4,252,4,701.3379299461352
8431,huggyllama/llama-7b,dummy-lora-7b-rank-128-4,418,49,701.3706693600041
8432,huggyllama/llama-7b,dummy-lora-7b-rank-16-2,165,41,701.3894695558201
8433,huggyllama/llama-7b,dummy-lora-7b-rank-128-0,381,40,701.4040744102912
8434,huggyllama/llama-7b,dummy-lora-7b-rank-128-4,505,45,701.4116647597397
8435,huggyllama/llama-7b,dummy-lora-7b-rank-64-4,725,82,701.4305813561176
8436,huggyllama/llama-7b,dummy-lora-7b-rank-128-3,406,70,701.4392896423142
8437,huggyllama/llama-7b,dummy-lora-7b-rank-128-1,393,7,701.4791078134622
8438,huggyllama/llama-7b,dummy-lora-7b-rank-128-1,495,63,701.5547753383526
8439,huggyllama/llama-7b,dummy-lora-7b-rank-128-0,378,11,701.563682829993
8440,huggyllama/llama-7b,dummy-lora-7b-rank-128-3,578,35,701.5774846010061
8441,huggyllama/llama-7b,dummy-lora-7b-rank-64-4,552,19,701.6344581126103
8442,huggyllama/llama-7b,dummy-lora-7b-rank-16-1,507,52,701.6556884397905
8443,huggyllama/llama-7b,dummy-lora-7b-rank-128-0,494,44,701.7598276411984
8444,huggyllama/llama-7b,dummy-lora-7b-rank-128-2,235,3,701.7689646884402
8445,huggyllama/llama-7b,dummy-lora-7b-rank-64-2,485,57,701.865965628976
8446,huggyllama/llama-7b,dummy-lora-7b-rank-128-3,945,28,701.9022503382802
8447,huggyllama/llama-7b,dummy-lora-7b-rank-32-3,489,7,701.9725100719819
8448,huggyllama/llama-7b,dummy-lora-7b-rank-128-4,528,8,704.0411502261251
8449,huggyllama/llama-7b,dummy-lora-7b-rank-32-0,522,92,704.06816557316
8450,huggyllama/llama-7b,dummy-lora-7b-rank-128-0,346,97,704.0773891585739
8451,huggyllama/llama-7b,dummy-lora-7b-rank-128-4,221,60,704.0872387441117
8452,huggyllama/llama-7b,dummy-lora-7b-rank-32-3,300,57,704.1174164621349
8453,huggyllama/llama-7b,dummy-lora-7b-rank-8-1,89,55,704.1186252814016
8454,huggyllama/llama-7b,dummy-lora-7b-rank-8-3,607,8,704.2582145716664
8455,huggyllama/llama-7b,dummy-lora-7b-rank-128-3,554,20,704.2892434863297
8456,huggyllama/llama-7b,dummy-lora-7b-rank-128-1,607,8,704.3187560826219
8457,huggyllama/llama-7b,dummy-lora-7b-rank-64-2,268,48,704.4417169669753
8458,huggyllama/llama-7b,dummy-lora-7b-rank-32-3,631,59,704.4551700279734
8459,huggyllama/llama-7b,dummy-lora-7b-rank-16-2,119,28,704.5074547077492
8460,huggyllama/llama-7b,dummy-lora-7b-rank-64-1,431,38,704.5706148494893
8461,huggyllama/llama-7b,dummy-lora-7b-rank-128-0,584,18,704.6601625366288
8462,huggyllama/llama-7b,dummy-lora-7b-rank-128-1,642,26,704.6701749735444
8463,huggyllama/llama-7b,dummy-lora-7b-rank-16-1,650,20,704.7383251935665
8464,huggyllama/llama-7b,dummy-lora-7b-rank-8-1,56,73,704.7918984271043
8465,huggyllama/llama-7b,dummy-lora-7b-rank-64-1,336,45,704.8022791743792
8466,huggyllama/llama-7b,dummy-lora-7b-rank-128-4,268,66,704.8074860560891
8467,huggyllama/llama-7b,dummy-lora-7b-rank-8-4,552,21,704.8079205004999
8468,huggyllama/llama-7b,dummy-lora-7b-rank-128-3,588,14,704.8262696679086
8469,huggyllama/llama-7b,dummy-lora-7b-rank-32-2,817,78,704.8486778334014
8470,huggyllama/llama-7b,dummy-lora-7b-rank-128-3,371,12,704.8518445539254
8471,huggyllama/llama-7b,dummy-lora-7b-rank-64-1,356,8,704.8740834258282
8472,huggyllama/llama-7b,dummy-lora-7b-rank-8-2,560,27,704.996217891155
8473,huggyllama/llama-7b,dummy-lora-7b-rank-64-3,558,113,705.1006865223248
8474,huggyllama/llama-7b,dummy-lora-7b-rank-16-3,558,62,705.2012126204822
8475,huggyllama/llama-7b,dummy-lora-7b-rank-128-2,213,67,705.243664469024
8476,huggyllama/llama-7b,dummy-lora-7b-rank-32-4,628,23,705.2474838124963
8477,huggyllama/llama-7b,dummy-lora-7b-rank-128-1,609,20,705.2707517556141
8478,huggyllama/llama-7b,dummy-lora-7b-rank-16-3,274,5,705.2816496786953
8479,huggyllama/llama-7b,dummy-lora-7b-rank-16-2,558,23,705.3064540209492
8480,huggyllama/llama-7b,dummy-lora-7b-rank-128-0,557,8,705.3521516685745
8481,huggyllama/llama-7b,dummy-lora-7b-rank-32-0,334,8,705.5158351266971
8482,huggyllama/llama-7b,dummy-lora-7b-rank-8-1,307,65,705.5322914051877
8483,huggyllama/llama-7b,dummy-lora-7b-rank-128-2,250,170,705.5524910710374
8484,huggyllama/llama-7b,dummy-lora-7b-rank-8-4,173,153,705.5627927963686
8485,huggyllama/llama-7b,dummy-lora-7b-rank-64-3,328,13,705.5700502474364
8486,huggyllama/llama-7b,dummy-lora-7b-rank-16-1,230,55,705.5880679236258
8487,huggyllama/llama-7b,dummy-lora-7b-rank-16-2,554,12,705.5904018633432
8488,huggyllama/llama-7b,dummy-lora-7b-rank-128-1,135,45,705.671685204042
8489,huggyllama/llama-7b,dummy-lora-7b-rank-8-2,486,67,705.6875733016869
8490,huggyllama/llama-7b,dummy-lora-7b-rank-128-0,619,8,705.7063009857295
8491,huggyllama/llama-7b,dummy-lora-7b-rank-128-1,556,20,705.7446814043016
8492,huggyllama/llama-7b,dummy-lora-7b-rank-128-2,665,28,705.7921830624789
8493,huggyllama/llama-7b,dummy-lora-7b-rank-8-3,842,6,705.8499902575822
8494,huggyllama/llama-7b,dummy-lora-7b-rank-16-2,456,45,705.9169224179805
8495,huggyllama/llama-7b,dummy-lora-7b-rank-32-0,554,23,705.988810176923
8496,huggyllama/llama-7b,dummy-lora-7b-rank-128-1,429,66,708.0215411868295
8497,huggyllama/llama-7b,dummy-lora-7b-rank-128-3,647,14,708.0708248167359
8498,huggyllama/llama-7b,dummy-lora-7b-rank-8-0,556,21,708.1153116244024
8499,huggyllama/llama-7b,dummy-lora-7b-rank-64-1,387,115,708.1308239707283
8500,huggyllama/llama-7b,dummy-lora-7b-rank-128-3,548,17,708.1344152536839
8501,huggyllama/llama-7b,dummy-lora-7b-rank-128-1,970,51,708.2554271303193
8502,huggyllama/llama-7b,dummy-lora-7b-rank-128-2,407,45,708.2594901308546
8503,huggyllama/llama-7b,dummy-lora-7b-rank-128-0,671,26,708.2678011853999
8504,huggyllama/llama-7b,dummy-lora-7b-rank-8-4,869,87,708.4067100485494
8505,huggyllama/llama-7b,dummy-lora-7b-rank-128-4,575,19,708.4301639935458
8506,huggyllama/llama-7b,dummy-lora-7b-rank-128-2,651,42,708.5128710174289
8507,huggyllama/llama-7b,dummy-lora-7b-rank-128-2,655,10,708.5227185433021
8508,huggyllama/llama-7b,dummy-lora-7b-rank-128-2,196,56,708.5550656189943
8509,huggyllama/llama-7b,dummy-lora-7b-rank-128-2,562,24,708.5689824817705
8510,huggyllama/llama-7b,dummy-lora-7b-rank-128-0,52,41,708.5735376106907
8511,huggyllama/llama-7b,dummy-lora-7b-rank-8-4,189,103,708.5802684776085
8512,huggyllama/llama-7b,dummy-lora-7b-rank-16-3,190,133,708.5918012222384
8513,huggyllama/llama-7b,dummy-lora-7b-rank-128-4,619,9,708.5988093702241
8514,huggyllama/llama-7b,dummy-lora-7b-rank-128-3,430,57,708.6102653410181
8515,huggyllama/llama-7b,dummy-lora-7b-rank-128-3,564,24,708.6156258121331
8516,huggyllama/llama-7b,dummy-lora-7b-rank-128-1,929,108,708.6159352362056
8517,huggyllama/llama-7b,dummy-lora-7b-rank-128-2,851,43,708.629230716563
8518,huggyllama/llama-7b,dummy-lora-7b-rank-64-4,925,46,708.631444320195
8519,huggyllama/llama-7b,dummy-lora-7b-rank-32-1,280,9,708.6357279598884
8520,huggyllama/llama-7b,dummy-lora-7b-rank-128-2,602,17,708.7252764194054
8521,huggyllama/llama-7b,dummy-lora-7b-rank-128-1,252,59,708.7584197721727
8522,huggyllama/llama-7b,dummy-lora-7b-rank-128-1,294,36,708.7856878886118
8523,huggyllama/llama-7b,dummy-lora-7b-rank-16-3,227,36,708.7880069908313
8524,huggyllama/llama-7b,dummy-lora-7b-rank-8-0,548,19,708.8080553824586
8525,huggyllama/llama-7b,dummy-lora-7b-rank-32-3,498,62,708.8683314951345
8526,huggyllama/llama-7b,dummy-lora-7b-rank-16-1,361,52,708.8737942668766
8527,huggyllama/llama-7b,dummy-lora-7b-rank-128-0,92,34,708.8821101410838
8528,huggyllama/llama-7b,dummy-lora-7b-rank-32-3,856,75,708.9325019742411
8529,huggyllama/llama-7b,dummy-lora-7b-rank-32-1,231,37,709.0010089981236
8530,huggyllama/llama-7b,dummy-lora-7b-rank-8-1,580,7,709.0319848416169
8531,huggyllama/llama-7b,dummy-lora-7b-rank-128-4,567,12,709.0731336419616
8532,huggyllama/llama-7b,dummy-lora-7b-rank-8-2,570,31,709.0766255621288
8533,huggyllama/llama-7b,dummy-lora-7b-rank-64-3,172,120,709.098050797173
8534,huggyllama/llama-7b,dummy-lora-7b-rank-64-2,558,23,709.2513280525035
8535,huggyllama/llama-7b,dummy-lora-7b-rank-64-4,335,54,709.258327294861
8536,huggyllama/llama-7b,dummy-lora-7b-rank-64-3,308,150,709.3562747286608
8537,huggyllama/llama-7b,dummy-lora-7b-rank-128-4,554,12,709.3807943471975
8538,huggyllama/llama-7b,dummy-lora-7b-rank-16-1,439,47,709.4262341571958
8539,huggyllama/llama-7b,dummy-lora-7b-rank-8-0,601,18,709.6084877777026
8540,huggyllama/llama-7b,dummy-lora-7b-rank-16-1,307,76,709.7162733964655
8541,huggyllama/llama-7b,dummy-lora-7b-rank-128-4,560,24,709.8244661091811
8542,huggyllama/llama-7b,dummy-lora-7b-rank-8-1,1023,92,709.882013986798
8543,huggyllama/llama-7b,dummy-lora-7b-rank-32-0,680,84,709.9386107041445
8544,huggyllama/llama-7b,dummy-lora-7b-rank-128-2,267,93,712.0320989432188
8545,huggyllama/llama-7b,dummy-lora-7b-rank-32-4,580,34,712.0403158715236
8546,huggyllama/llama-7b,dummy-lora-7b-rank-64-1,552,19,712.0679079944043
8547,huggyllama/llama-7b,dummy-lora-7b-rank-8-0,221,85,712.1438261110491
8548,huggyllama/llama-7b,dummy-lora-7b-rank-64-2,721,24,712.2411507361452
8549,huggyllama/llama-7b,dummy-lora-7b-rank-128-0,666,21,712.2428609939436
8550,huggyllama/llama-7b,dummy-lora-7b-rank-128-1,552,23,712.2558118306177
8551,huggyllama/llama-7b,dummy-lora-7b-rank-128-2,232,183,712.2863682301662
8552,huggyllama/llama-7b,dummy-lora-7b-rank-128-1,280,40,712.2935930939952
8553,huggyllama/llama-7b,dummy-lora-7b-rank-128-3,599,14,712.5133705761227
8554,huggyllama/llama-7b,dummy-lora-7b-rank-32-3,234,46,712.523712406463
8555,huggyllama/llama-7b,dummy-lora-7b-rank-16-3,114,105,712.5264162071645
8556,huggyllama/llama-7b,dummy-lora-7b-rank-128-2,605,20,712.593434430565
8557,huggyllama/llama-7b,dummy-lora-7b-rank-128-2,306,32,712.6657344748364
8558,huggyllama/llama-7b,dummy-lora-7b-rank-128-0,775,28,712.7209022413817
8559,huggyllama/llama-7b,dummy-lora-7b-rank-128-3,741,2,712.7588885676726
8560,huggyllama/llama-7b,dummy-lora-7b-rank-128-0,916,118,712.7918945945424
8561,huggyllama/llama-7b,dummy-lora-7b-rank-16-3,364,80,712.9258401990509
8562,huggyllama/llama-7b,dummy-lora-7b-rank-32-2,318,79,712.9346102802568
8563,huggyllama/llama-7b,dummy-lora-7b-rank-128-4,598,17,712.9415400189481
8564,huggyllama/llama-7b,dummy-lora-7b-rank-32-1,503,7,712.9724285816361
8565,huggyllama/llama-7b,dummy-lora-7b-rank-128-0,976,76,713.0826925764358
8566,huggyllama/llama-7b,dummy-lora-7b-rank-16-0,609,19,713.0833391531895
8567,huggyllama/llama-7b,dummy-lora-7b-rank-32-1,186,62,713.1674852450948
8568,huggyllama/llama-7b,dummy-lora-7b-rank-8-4,855,32,713.1819479390803
8569,huggyllama/llama-7b,dummy-lora-7b-rank-8-4,326,10,713.2235570799553
8570,huggyllama/llama-7b,dummy-lora-7b-rank-8-1,414,43,713.2321578783503
8571,huggyllama/llama-7b,dummy-lora-7b-rank-8-4,558,22,713.2609688960049
8572,huggyllama/llama-7b,dummy-lora-7b-rank-64-1,386,147,713.2692803408622
8573,huggyllama/llama-7b,dummy-lora-7b-rank-64-4,147,49,713.3385187374658
8574,huggyllama/llama-7b,dummy-lora-7b-rank-16-4,556,21,713.3824344794278
8575,huggyllama/llama-7b,dummy-lora-7b-rank-32-1,142,60,713.387760209443
8576,huggyllama/llama-7b,dummy-lora-7b-rank-32-3,210,3,713.4198888189841
8577,huggyllama/llama-7b,dummy-lora-7b-rank-128-4,598,23,713.5299526407886
8578,huggyllama/llama-7b,dummy-lora-7b-rank-32-1,268,59,713.5377204123686
8579,huggyllama/llama-7b,dummy-lora-7b-rank-16-2,230,42,713.6588248103338
8580,huggyllama/llama-7b,dummy-lora-7b-rank-16-1,615,23,713.7392048656549
8581,huggyllama/llama-7b,dummy-lora-7b-rank-128-0,829,44,713.7715982854633
8582,huggyllama/llama-7b,dummy-lora-7b-rank-8-1,559,9,713.8043787322013
8583,huggyllama/llama-7b,dummy-lora-7b-rank-32-0,240,71,713.8236278885207
8584,huggyllama/llama-7b,dummy-lora-7b-rank-64-1,226,46,713.8631435033636
8585,huggyllama/llama-7b,dummy-lora-7b-rank-32-2,155,75,713.8721289252549
8586,huggyllama/llama-7b,dummy-lora-7b-rank-128-0,548,17,713.90040136987
8587,huggyllama/llama-7b,dummy-lora-7b-rank-8-0,423,47,713.9036859144284
8588,huggyllama/llama-7b,dummy-lora-7b-rank-128-0,562,26,713.921622511548
8589,huggyllama/llama-7b,dummy-lora-7b-rank-128-0,603,33,713.9430074197198
8590,huggyllama/llama-7b,dummy-lora-7b-rank-128-2,860,74,713.9475308461786
8591,huggyllama/llama-7b,dummy-lora-7b-rank-16-4,536,51,713.9757057775357
8592,huggyllama/llama-7b,dummy-lora-7b-rank-128-4,645,70,716.0018123828544
8593,huggyllama/llama-7b,dummy-lora-7b-rank-128-4,203,47,716.0574386260608
8594,huggyllama/llama-7b,dummy-lora-7b-rank-128-4,144,112,716.0903459198001
8595,huggyllama/llama-7b,dummy-lora-7b-rank-128-0,302,3,716.1074730338077
8596,huggyllama/llama-7b,dummy-lora-7b-rank-128-3,437,77,716.2157278321212
8597,huggyllama/llama-7b,dummy-lora-7b-rank-16-1,479,15,716.2350603455001
8598,huggyllama/llama-7b,dummy-lora-7b-rank-16-1,682,59,716.2589868891521
8599,huggyllama/llama-7b,dummy-lora-7b-rank-128-3,592,41,716.3957614103704
8600,huggyllama/llama-7b,dummy-lora-7b-rank-8-2,368,64,716.39600491158
8601,huggyllama/llama-7b,dummy-lora-7b-rank-64-3,1009,168,716.3962828948949
8602,huggyllama/llama-7b,dummy-lora-7b-rank-128-0,188,41,716.4106367242139
8603,huggyllama/llama-7b,dummy-lora-7b-rank-16-0,550,19,716.4266351986832
8604,huggyllama/llama-7b,dummy-lora-7b-rank-128-1,761,3,716.5611164444324
8605,huggyllama/llama-7b,dummy-lora-7b-rank-128-2,499,50,716.600536721413
8606,huggyllama/llama-7b,dummy-lora-7b-rank-128-0,354,142,716.6157334862605
8607,huggyllama/llama-7b,dummy-lora-7b-rank-16-2,857,7,716.6509674252062
8608,huggyllama/llama-7b,dummy-lora-7b-rank-32-1,605,20,716.6543081650834
8609,huggyllama/llama-7b,dummy-lora-7b-rank-128-0,808,39,716.7314981616439
8610,huggyllama/llama-7b,dummy-lora-7b-rank-8-4,542,11,716.783925157171
8611,huggyllama/llama-7b,dummy-lora-7b-rank-8-2,290,84,716.8165727284013
8612,huggyllama/llama-7b,dummy-lora-7b-rank-128-0,394,42,716.9139349175928
8613,huggyllama/llama-7b,dummy-lora-7b-rank-8-0,542,14,716.9178269070328
8614,huggyllama/llama-7b,dummy-lora-7b-rank-32-0,609,8,716.9225112637847
8615,huggyllama/llama-7b,dummy-lora-7b-rank-16-4,592,20,716.9528375658886
8616,huggyllama/llama-7b,dummy-lora-7b-rank-128-2,222,48,717.0366216153997
8617,huggyllama/llama-7b,dummy-lora-7b-rank-16-0,930,232,717.1291170472987
8618,huggyllama/llama-7b,dummy-lora-7b-rank-128-1,554,22,717.1595264522061
8619,huggyllama/llama-7b,dummy-lora-7b-rank-128-0,357,85,717.2038355139014
8620,huggyllama/llama-7b,dummy-lora-7b-rank-128-1,798,39,717.2955872691722
8621,huggyllama/llama-7b,dummy-lora-7b-rank-128-4,988,106,717.3063070921806
8622,huggyllama/llama-7b,dummy-lora-7b-rank-128-4,580,34,717.3703147858268
8623,huggyllama/llama-7b,dummy-lora-7b-rank-8-0,366,44,717.3809436630065
8624,huggyllama/llama-7b,dummy-lora-7b-rank-128-1,610,51,717.3933686300825
8625,huggyllama/llama-7b,dummy-lora-7b-rank-128-1,641,28,717.3955840686438
8626,huggyllama/llama-7b,dummy-lora-7b-rank-128-4,564,23,717.4492913695863
8627,huggyllama/llama-7b,dummy-lora-7b-rank-16-0,661,12,717.5039832187276
8628,huggyllama/llama-7b,dummy-lora-7b-rank-8-4,728,64,717.5274950393732
8629,huggyllama/llama-7b,dummy-lora-7b-rank-128-1,532,44,717.5563063730876
8630,huggyllama/llama-7b,dummy-lora-7b-rank-128-3,404,52,717.5836833131682
8631,huggyllama/llama-7b,dummy-lora-7b-rank-128-4,232,14,717.5927574925655
8632,huggyllama/llama-7b,dummy-lora-7b-rank-128-3,105,72,717.642784813213
8633,huggyllama/llama-7b,dummy-lora-7b-rank-128-4,709,76,717.6644559267825
8634,huggyllama/llama-7b,dummy-lora-7b-rank-128-3,560,44,717.6761285040873
8635,huggyllama/llama-7b,dummy-lora-7b-rank-128-4,195,50,717.7193803686918
8636,huggyllama/llama-7b,dummy-lora-7b-rank-128-2,303,46,717.7869232964871
8637,huggyllama/llama-7b,dummy-lora-7b-rank-128-4,554,20,717.8013189080118
8638,huggyllama/llama-7b,dummy-lora-7b-rank-16-1,854,119,717.8044578926493
8639,huggyllama/llama-7b,dummy-lora-7b-rank-64-1,603,19,717.9448351225483
8640,huggyllama/llama-7b,dummy-lora-7b-rank-16-3,394,13,720.0057863961649
8641,huggyllama/llama-7b,dummy-lora-7b-rank-8-0,483,53,720.0289627696607
8642,huggyllama/llama-7b,dummy-lora-7b-rank-128-3,250,135,720.2175513261835
8643,huggyllama/llama-7b,dummy-lora-7b-rank-128-4,278,40,720.2363559071739
8644,huggyllama/llama-7b,dummy-lora-7b-rank-64-0,612,63,720.2862151946916
8645,huggyllama/llama-7b,dummy-lora-7b-rank-64-0,568,29,720.3038676492944
8646,huggyllama/llama-7b,dummy-lora-7b-rank-32-3,615,24,720.3560035973502
8647,huggyllama/llama-7b,dummy-lora-7b-rank-128-2,595,35,720.3684100106873
8648,huggyllama/llama-7b,dummy-lora-7b-rank-16-1,546,16,720.4261382845949
8649,huggyllama/llama-7b,dummy-lora-7b-rank-128-4,616,26,720.4349438989619
8650,huggyllama/llama-7b,dummy-lora-7b-rank-128-0,568,19,720.4602859770939
8651,huggyllama/llama-7b,dummy-lora-7b-rank-128-0,278,70,720.4864673036556
8652,huggyllama/llama-7b,dummy-lora-7b-rank-32-1,549,8,720.5737040221767
8653,huggyllama/llama-7b,dummy-lora-7b-rank-64-0,425,36,720.5894858614247
8654,huggyllama/llama-7b,dummy-lora-7b-rank-32-3,554,11,720.6010306469673
8655,huggyllama/llama-7b,dummy-lora-7b-rank-128-3,564,21,720.7770985892112
8656,huggyllama/llama-7b,dummy-lora-7b-rank-128-1,592,44,720.7988537683376
8657,huggyllama/llama-7b,dummy-lora-7b-rank-128-0,654,96,720.8084656643255
8658,huggyllama/llama-7b,dummy-lora-7b-rank-32-4,476,15,720.8206451965891
8659,huggyllama/llama-7b,dummy-lora-7b-rank-32-2,492,88,720.8444270186865
8660,huggyllama/llama-7b,dummy-lora-7b-rank-8-3,755,42,720.8549673908348
8661,huggyllama/llama-7b,dummy-lora-7b-rank-16-1,452,4,720.9074908682619
8662,huggyllama/llama-7b,dummy-lora-7b-rank-16-1,541,49,720.9898104049965
8663,huggyllama/llama-7b,dummy-lora-7b-rank-8-4,584,45,721.0967279586458
8664,huggyllama/llama-7b,dummy-lora-7b-rank-128-0,201,51,721.0995829402457
8665,huggyllama/llama-7b,dummy-lora-7b-rank-64-0,564,19,721.1021827942656
8666,huggyllama/llama-7b,dummy-lora-7b-rank-128-1,552,17,721.1038426245085
8667,huggyllama/llama-7b,dummy-lora-7b-rank-128-1,524,66,721.1187888747966
8668,huggyllama/llama-7b,dummy-lora-7b-rank-128-4,749,28,721.183715392023
8669,huggyllama/llama-7b,dummy-lora-7b-rank-32-1,416,11,721.3337917394545
8670,huggyllama/llama-7b,dummy-lora-7b-rank-128-2,183,111,721.3451620195837
8671,huggyllama/llama-7b,dummy-lora-7b-rank-32-4,560,25,721.3579587046966
8672,huggyllama/llama-7b,dummy-lora-7b-rank-128-4,413,47,721.4088651766031
8673,huggyllama/llama-7b,dummy-lora-7b-rank-32-0,710,5,721.4148697990768
8674,huggyllama/llama-7b,dummy-lora-7b-rank-64-4,615,22,721.4946708792946
8675,huggyllama/llama-7b,dummy-lora-7b-rank-64-4,230,54,721.6118765914839
8676,huggyllama/llama-7b,dummy-lora-7b-rank-128-1,912,13,721.675091961224
8677,huggyllama/llama-7b,dummy-lora-7b-rank-128-0,437,31,721.6851500946401
8678,huggyllama/llama-7b,dummy-lora-7b-rank-128-3,556,20,721.6880938839965
8679,huggyllama/llama-7b,dummy-lora-7b-rank-128-4,513,46,721.692753422389
8680,huggyllama/llama-7b,dummy-lora-7b-rank-8-3,599,68,721.6945949217801
8681,huggyllama/llama-7b,dummy-lora-7b-rank-128-4,421,8,721.718301088548
8682,huggyllama/llama-7b,dummy-lora-7b-rank-128-0,626,21,721.7495230342183
8683,huggyllama/llama-7b,dummy-lora-7b-rank-128-1,518,44,721.7636633131383
8684,huggyllama/llama-7b,dummy-lora-7b-rank-16-0,259,61,721.813111042035
8685,huggyllama/llama-7b,dummy-lora-7b-rank-32-0,910,31,721.913763519961
8686,huggyllama/llama-7b,dummy-lora-7b-rank-32-3,341,11,721.9340167504109
8687,huggyllama/llama-7b,dummy-lora-7b-rank-16-2,430,41,721.9432264410373
8688,huggyllama/llama-7b,dummy-lora-7b-rank-32-4,291,54,724.0169272188539
8689,huggyllama/llama-7b,dummy-lora-7b-rank-128-4,531,10,724.038548172272
8690,huggyllama/llama-7b,dummy-lora-7b-rank-8-4,621,20,724.0842604175557
8691,huggyllama/llama-7b,dummy-lora-7b-rank-8-3,649,14,724.091131364078
8692,huggyllama/llama-7b,dummy-lora-7b-rank-8-1,656,90,724.0958609746086
8693,huggyllama/llama-7b,dummy-lora-7b-rank-128-0,337,64,724.1525917650401
8694,huggyllama/llama-7b,dummy-lora-7b-rank-16-4,588,21,724.158076715191
8695,huggyllama/llama-7b,dummy-lora-7b-rank-16-4,609,17,724.1674162336042
8696,huggyllama/llama-7b,dummy-lora-7b-rank-16-0,461,51,724.2729969748201
8697,huggyllama/llama-7b,dummy-lora-7b-rank-128-0,564,25,724.2791482819589
8698,huggyllama/llama-7b,dummy-lora-7b-rank-64-4,549,5,724.3302960963143
8699,huggyllama/llama-7b,dummy-lora-7b-rank-128-4,448,48,724.3345304780722
8700,huggyllama/llama-7b,dummy-lora-7b-rank-16-4,599,17,724.3966518978419
8701,huggyllama/llama-7b,dummy-lora-7b-rank-16-4,639,12,724.4371463291853
8702,huggyllama/llama-7b,dummy-lora-7b-rank-128-3,61,93,724.4460344951783
8703,huggyllama/llama-7b,dummy-lora-7b-rank-128-3,390,55,724.4952898825992
8704,huggyllama/llama-7b,dummy-lora-7b-rank-32-4,599,17,724.6305748179526
8705,huggyllama/llama-7b,dummy-lora-7b-rank-16-0,605,42,724.6739213621468
8706,huggyllama/llama-7b,dummy-lora-7b-rank-128-4,557,8,724.7449823621297
8707,huggyllama/llama-7b,dummy-lora-7b-rank-128-3,568,30,724.7964624764936
8708,huggyllama/llama-7b,dummy-lora-7b-rank-8-2,96,26,724.8965853885078
8709,huggyllama/llama-7b,dummy-lora-7b-rank-128-0,615,27,724.9350149620212
8710,huggyllama/llama-7b,dummy-lora-7b-rank-128-2,277,88,724.9529969053154
8711,huggyllama/llama-7b,dummy-lora-7b-rank-128-4,286,147,724.9983735761579
8712,huggyllama/llama-7b,dummy-lora-7b-rank-128-4,599,17,725.0640890431005
8713,huggyllama/llama-7b,dummy-lora-7b-rank-128-2,247,52,725.0909600037065
8714,huggyllama/llama-7b,dummy-lora-7b-rank-128-3,961,3,725.1099847599514
8715,huggyllama/llama-7b,dummy-lora-7b-rank-128-3,552,119,725.1627160508503
8716,huggyllama/llama-7b,dummy-lora-7b-rank-128-1,623,22,725.1792171862512
8717,huggyllama/llama-7b,dummy-lora-7b-rank-64-0,389,46,725.1809526144748
8718,huggyllama/llama-7b,dummy-lora-7b-rank-128-0,759,6,725.2285797880755
8719,huggyllama/llama-7b,dummy-lora-7b-rank-64-0,553,60,725.2571841104356
8720,huggyllama/llama-7b,dummy-lora-7b-rank-16-2,134,50,725.2870648337548
8721,huggyllama/llama-7b,dummy-lora-7b-rank-128-2,180,127,725.2909152636626
8722,huggyllama/llama-7b,dummy-lora-7b-rank-128-1,360,141,725.2981440669535
8723,huggyllama/llama-7b,dummy-lora-7b-rank-32-2,552,19,725.3384539077933
8724,huggyllama/llama-7b,dummy-lora-7b-rank-128-3,550,18,725.3389803402288
8725,huggyllama/llama-7b,dummy-lora-7b-rank-16-0,385,45,725.3744625137314
8726,huggyllama/llama-7b,dummy-lora-7b-rank-16-4,474,6,725.3858539312375
8727,huggyllama/llama-7b,dummy-lora-7b-rank-128-0,497,40,725.4332459992421
8728,huggyllama/llama-7b,dummy-lora-7b-rank-128-1,982,193,725.5076850950976
8729,huggyllama/llama-7b,dummy-lora-7b-rank-128-0,279,91,725.5620893721849
8730,huggyllama/llama-7b,dummy-lora-7b-rank-128-0,983,72,725.5954738028661
8731,huggyllama/llama-7b,dummy-lora-7b-rank-128-4,562,24,725.6670073647533
8732,huggyllama/llama-7b,dummy-lora-7b-rank-16-4,607,19,725.7097157622383
8733,huggyllama/llama-7b,dummy-lora-7b-rank-32-3,424,53,725.731026949863
8734,huggyllama/llama-7b,dummy-lora-7b-rank-32-4,183,128,725.8736364881888
8735,huggyllama/llama-7b,dummy-lora-7b-rank-16-0,554,20,725.921103775503
8736,huggyllama/llama-7b,dummy-lora-7b-rank-128-4,601,17,728.0618657147498
8737,huggyllama/llama-7b,dummy-lora-7b-rank-128-0,713,71,728.2898722309883
8738,huggyllama/llama-7b,dummy-lora-7b-rank-128-1,57,101,728.2975369484079
8739,huggyllama/llama-7b,dummy-lora-7b-rank-64-3,562,27,728.3053644053632
8740,huggyllama/llama-7b,dummy-lora-7b-rank-128-2,360,51,728.33237682859
8741,huggyllama/llama-7b,dummy-lora-7b-rank-128-3,555,17,728.4487074312282
8742,huggyllama/llama-7b,dummy-lora-7b-rank-32-1,559,22,728.5436661899306
8743,huggyllama/llama-7b,dummy-lora-7b-rank-8-2,601,18,728.5518063779795
8744,huggyllama/llama-7b,dummy-lora-7b-rank-8-3,201,43,728.5528610580534
8745,huggyllama/llama-7b,dummy-lora-7b-rank-128-1,934,3,728.5997514685399
8746,huggyllama/llama-7b,dummy-lora-7b-rank-128-0,239,5,728.6506967363603
8747,huggyllama/llama-7b,dummy-lora-7b-rank-128-1,626,23,728.6547112206515
8748,huggyllama/llama-7b,dummy-lora-7b-rank-128-2,221,40,728.7574474985643
8749,huggyllama/llama-7b,dummy-lora-7b-rank-8-2,556,21,728.9026388317351
8750,huggyllama/llama-7b,dummy-lora-7b-rank-128-4,922,121,728.9279026547772
8751,huggyllama/llama-7b,dummy-lora-7b-rank-32-3,548,17,728.9338090376485
8752,huggyllama/llama-7b,dummy-lora-7b-rank-32-3,560,26,728.9563895202958
8753,huggyllama/llama-7b,dummy-lora-7b-rank-32-3,597,16,729.0289073431541
8754,huggyllama/llama-7b,dummy-lora-7b-rank-128-0,552,22,729.032145608259
8755,huggyllama/llama-7b,dummy-lora-7b-rank-128-1,967,81,729.0975324574728
8756,huggyllama/llama-7b,dummy-lora-7b-rank-32-2,451,46,729.1064432968063
8757,huggyllama/llama-7b,dummy-lora-7b-rank-128-0,414,9,729.1385090145228
8758,huggyllama/llama-7b,dummy-lora-7b-rank-128-1,279,60,729.139078385903
8759,huggyllama/llama-7b,dummy-lora-7b-rank-64-4,182,103,729.1574541403357
8760,huggyllama/llama-7b,dummy-lora-7b-rank-128-0,442,52,729.3614732502681
8761,huggyllama/llama-7b,dummy-lora-7b-rank-32-0,601,14,729.4659204197251
8762,huggyllama/llama-7b,dummy-lora-7b-rank-16-4,248,6,729.5202515335053
8763,huggyllama/llama-7b,dummy-lora-7b-rank-128-3,724,12,729.5314015648979
8764,huggyllama/llama-7b,dummy-lora-7b-rank-64-4,609,18,729.5361755788966
8765,huggyllama/llama-7b,dummy-lora-7b-rank-128-1,552,19,729.54026138875
8766,huggyllama/llama-7b,dummy-lora-7b-rank-128-1,552,19,729.5438658481529
8767,huggyllama/llama-7b,dummy-lora-7b-rank-16-2,332,145,729.5558381017617
8768,huggyllama/llama-7b,dummy-lora-7b-rank-128-0,365,8,729.6006486899068
8769,huggyllama/llama-7b,dummy-lora-7b-rank-128-1,209,96,729.6320698103871
8770,huggyllama/llama-7b,dummy-lora-7b-rank-128-2,613,23,729.6544628985142
8771,huggyllama/llama-7b,dummy-lora-7b-rank-128-4,270,40,729.6912942055378
8772,huggyllama/llama-7b,dummy-lora-7b-rank-16-0,843,86,729.6926469094794
8773,huggyllama/llama-7b,dummy-lora-7b-rank-16-1,596,28,729.7154767974865
8774,huggyllama/llama-7b,dummy-lora-7b-rank-64-2,556,26,729.7439582658454
8775,huggyllama/llama-7b,dummy-lora-7b-rank-128-1,247,129,729.7586640204796
8776,huggyllama/llama-7b,dummy-lora-7b-rank-64-2,86,37,729.7791268096707
8777,huggyllama/llama-7b,dummy-lora-7b-rank-128-2,284,51,729.8556883358568
8778,huggyllama/llama-7b,dummy-lora-7b-rank-128-4,546,16,729.8579967403497
8779,huggyllama/llama-7b,dummy-lora-7b-rank-32-3,558,19,729.861949365183
8780,huggyllama/llama-7b,dummy-lora-7b-rank-64-4,421,56,729.9420591940591
8781,huggyllama/llama-7b,dummy-lora-7b-rank-128-2,560,26,729.9562711299332
8782,huggyllama/llama-7b,dummy-lora-7b-rank-32-4,752,17,729.9670335428693
8783,huggyllama/llama-7b,dummy-lora-7b-rank-128-3,59,86,729.9705682374178
8784,huggyllama/llama-7b,dummy-lora-7b-rank-128-0,581,3,732.0662660354424
8785,huggyllama/llama-7b,dummy-lora-7b-rank-32-4,348,42,732.1020244675202
8786,huggyllama/llama-7b,dummy-lora-7b-rank-64-1,566,29,732.198175469032
8787,huggyllama/llama-7b,dummy-lora-7b-rank-8-4,255,58,732.2020105169241
8788,huggyllama/llama-7b,dummy-lora-7b-rank-16-0,631,35,732.2601228986922
8789,huggyllama/llama-7b,dummy-lora-7b-rank-128-1,615,73,732.3234087280906
8790,huggyllama/llama-7b,dummy-lora-7b-rank-128-3,97,48,732.36255077963
8791,huggyllama/llama-7b,dummy-lora-7b-rank-128-0,548,17,732.4060699194457
8792,huggyllama/llama-7b,dummy-lora-7b-rank-128-4,548,17,732.4754656194834
8793,huggyllama/llama-7b,dummy-lora-7b-rank-8-1,785,62,732.4983736797984
8794,huggyllama/llama-7b,dummy-lora-7b-rank-64-2,550,20,732.6123341788207
8795,huggyllama/llama-7b,dummy-lora-7b-rank-8-0,862,58,732.6533233523427
8796,huggyllama/llama-7b,dummy-lora-7b-rank-8-4,412,47,732.675553023728
8797,huggyllama/llama-7b,dummy-lora-7b-rank-128-1,582,34,732.6952015484396
8798,huggyllama/llama-7b,dummy-lora-7b-rank-128-4,727,9,732.7295252980687
8799,huggyllama/llama-7b,dummy-lora-7b-rank-8-0,436,8,732.8501425297828
8800,huggyllama/llama-7b,dummy-lora-7b-rank-16-0,627,3,732.8960116221971
8801,huggyllama/llama-7b,dummy-lora-7b-rank-128-3,214,8,732.9157520851987
8802,huggyllama/llama-7b,dummy-lora-7b-rank-64-0,198,68,732.9906118614871
8803,huggyllama/llama-7b,dummy-lora-7b-rank-128-4,607,19,733.0083015384881
8804,huggyllama/llama-7b,dummy-lora-7b-rank-128-1,527,71,733.0385012486088
8805,huggyllama/llama-7b,dummy-lora-7b-rank-128-1,564,20,733.0872541445045
8806,huggyllama/llama-7b,dummy-lora-7b-rank-128-1,479,54,733.0906374815203
8807,huggyllama/llama-7b,dummy-lora-7b-rank-128-1,572,47,733.1175754227098
8808,huggyllama/llama-7b,dummy-lora-7b-rank-16-4,243,50,733.1328982053722
8809,huggyllama/llama-7b,dummy-lora-7b-rank-128-3,495,41,733.1400377950622
8810,huggyllama/llama-7b,dummy-lora-7b-rank-128-1,394,47,733.2472466903645
8811,huggyllama/llama-7b,dummy-lora-7b-rank-128-1,399,3,733.261469062039
8812,huggyllama/llama-7b,dummy-lora-7b-rank-32-4,182,47,733.354701182865
8813,huggyllama/llama-7b,dummy-lora-7b-rank-32-0,562,25,733.3902880171034
8814,huggyllama/llama-7b,dummy-lora-7b-rank-64-3,556,21,733.4551213165114
8815,huggyllama/llama-7b,dummy-lora-7b-rank-128-1,689,50,733.4574525089529
8816,huggyllama/llama-7b,dummy-lora-7b-rank-128-0,210,165,733.4653586357811
8817,huggyllama/llama-7b,dummy-lora-7b-rank-128-1,471,87,733.4829972969908
8818,huggyllama/llama-7b,dummy-lora-7b-rank-128-0,126,44,733.5131026938824
8819,huggyllama/llama-7b,dummy-lora-7b-rank-128-0,470,7,733.5780357676181
8820,huggyllama/llama-7b,dummy-lora-7b-rank-16-0,554,20,733.5784369744175
8821,huggyllama/llama-7b,dummy-lora-7b-rank-8-2,874,10,733.6964501485862
8822,huggyllama/llama-7b,dummy-lora-7b-rank-128-0,586,31,733.7209315034562
8823,huggyllama/llama-7b,dummy-lora-7b-rank-128-3,974,36,733.7236767123691
8824,huggyllama/llama-7b,dummy-lora-7b-rank-16-3,977,201,733.7489882451388
8825,huggyllama/llama-7b,dummy-lora-7b-rank-128-1,562,26,733.7958274802334
8826,huggyllama/llama-7b,dummy-lora-7b-rank-64-3,379,94,733.8497604600324
8827,huggyllama/llama-7b,dummy-lora-7b-rank-8-2,288,138,733.9363520156691
8828,huggyllama/llama-7b,dummy-lora-7b-rank-16-1,607,31,733.9400063009637
8829,huggyllama/llama-7b,dummy-lora-7b-rank-32-1,121,46,733.9526135729311
8830,huggyllama/llama-7b,dummy-lora-7b-rank-128-4,86,49,733.9840785914422
8831,huggyllama/llama-7b,dummy-lora-7b-rank-16-0,560,19,733.9843012509792
8832,huggyllama/llama-7b,dummy-lora-7b-rank-128-4,831,87,736.0086425371071
8833,huggyllama/llama-7b,dummy-lora-7b-rank-128-0,564,26,736.0139925552409
8834,huggyllama/llama-7b,dummy-lora-7b-rank-8-2,708,19,736.0486943704078
8835,huggyllama/llama-7b,dummy-lora-7b-rank-64-4,165,51,736.0796454377979
8836,huggyllama/llama-7b,dummy-lora-7b-rank-128-1,309,88,736.0937535390258
8837,huggyllama/llama-7b,dummy-lora-7b-rank-16-1,608,90,736.2040054192323
8838,huggyllama/llama-7b,dummy-lora-7b-rank-128-0,246,53,736.2999349075682
8839,huggyllama/llama-7b,dummy-lora-7b-rank-128-0,552,19,736.3165517726818
8840,huggyllama/llama-7b,dummy-lora-7b-rank-128-4,706,11,736.3726555392113
8841,huggyllama/llama-7b,dummy-lora-7b-rank-128-2,980,23,736.4217023868364
8842,huggyllama/llama-7b,dummy-lora-7b-rank-16-0,686,12,736.4673447223671
8843,huggyllama/llama-7b,dummy-lora-7b-rank-64-1,295,9,736.4701764528262
8844,huggyllama/llama-7b,dummy-lora-7b-rank-8-0,546,16,736.4799025984081
8845,huggyllama/llama-7b,dummy-lora-7b-rank-8-0,488,57,736.6284636405567
8846,huggyllama/llama-7b,dummy-lora-7b-rank-64-0,232,9,736.6306354266164
8847,huggyllama/llama-7b,dummy-lora-7b-rank-64-4,265,110,736.6336297859237
8848,huggyllama/llama-7b,dummy-lora-7b-rank-8-4,320,53,736.668138755437
8849,huggyllama/llama-7b,dummy-lora-7b-rank-64-4,558,14,736.6697263385716
8850,huggyllama/llama-7b,dummy-lora-7b-rank-128-3,288,89,736.7396439942901
8851,huggyllama/llama-7b,dummy-lora-7b-rank-128-4,496,42,736.7648060450892
8852,huggyllama/llama-7b,dummy-lora-7b-rank-128-3,570,26,736.7985060338926
8853,huggyllama/llama-7b,dummy-lora-7b-rank-128-3,332,9,736.8489216836749
8854,huggyllama/llama-7b,dummy-lora-7b-rank-128-0,558,24,736.8515657966711
8855,huggyllama/llama-7b,dummy-lora-7b-rank-128-1,598,48,736.8787041476547
8856,huggyllama/llama-7b,dummy-lora-7b-rank-128-4,586,2,736.9244589892263
8857,huggyllama/llama-7b,dummy-lora-7b-rank-128-3,765,106,736.9683214294995
8858,huggyllama/llama-7b,dummy-lora-7b-rank-16-1,492,8,737.0168017096161
8859,huggyllama/llama-7b,dummy-lora-7b-rank-128-2,595,8,737.0558503108305
8860,huggyllama/llama-7b,dummy-lora-7b-rank-16-4,535,248,737.2075642175652
8861,huggyllama/llama-7b,dummy-lora-7b-rank-128-0,53,56,737.2764310327276
8862,huggyllama/llama-7b,dummy-lora-7b-rank-128-4,372,79,737.3860944828546
8863,huggyllama/llama-7b,dummy-lora-7b-rank-16-0,976,10,737.4634486608168
8864,huggyllama/llama-7b,dummy-lora-7b-rank-8-1,636,56,737.4797921824822
8865,huggyllama/llama-7b,dummy-lora-7b-rank-128-4,596,26,737.4985374395028
8866,huggyllama/llama-7b,dummy-lora-7b-rank-128-2,354,51,737.4993332766967
8867,huggyllama/llama-7b,dummy-lora-7b-rank-128-1,554,20,737.5182217824736
8868,huggyllama/llama-7b,dummy-lora-7b-rank-32-2,106,44,737.5707942570081
8869,huggyllama/llama-7b,dummy-lora-7b-rank-8-3,410,63,737.583365380909
8870,huggyllama/llama-7b,dummy-lora-7b-rank-64-2,560,28,737.5985419327413
8871,huggyllama/llama-7b,dummy-lora-7b-rank-128-1,373,61,737.6287799156391
8872,huggyllama/llama-7b,dummy-lora-7b-rank-32-3,452,44,737.6516277889267
8873,huggyllama/llama-7b,dummy-lora-7b-rank-64-2,552,19,737.7084961628477
8874,huggyllama/llama-7b,dummy-lora-7b-rank-128-0,189,3,737.722966945476
8875,huggyllama/llama-7b,dummy-lora-7b-rank-8-0,557,53,737.7794680082652
8876,huggyllama/llama-7b,dummy-lora-7b-rank-128-0,554,20,737.8257403555198
8877,huggyllama/llama-7b,dummy-lora-7b-rank-8-3,469,84,737.8335298634493
8878,huggyllama/llama-7b,dummy-lora-7b-rank-32-2,345,48,737.9605415072492
8879,huggyllama/llama-7b,dummy-lora-7b-rank-16-0,560,106,737.9756131214151
8880,huggyllama/llama-7b,dummy-lora-7b-rank-8-3,548,17,740.0334701242546
8881,huggyllama/llama-7b,dummy-lora-7b-rank-64-4,546,52,740.0436350332478
8882,huggyllama/llama-7b,dummy-lora-7b-rank-128-4,744,98,740.0725326477716
8883,huggyllama/llama-7b,dummy-lora-7b-rank-16-4,546,16,740.0757242709241
8884,huggyllama/llama-7b,dummy-lora-7b-rank-64-2,323,43,740.0803500609336
8885,huggyllama/llama-7b,dummy-lora-7b-rank-128-2,668,12,740.1063943518017
8886,huggyllama/llama-7b,dummy-lora-7b-rank-32-3,974,36,740.1124572289648
8887,huggyllama/llama-7b,dummy-lora-7b-rank-8-1,756,3,740.167668603361
8888,huggyllama/llama-7b,dummy-lora-7b-rank-128-4,312,50,740.1771608485343
8889,huggyllama/llama-7b,dummy-lora-7b-rank-128-0,554,20,740.1823297296094
8890,huggyllama/llama-7b,dummy-lora-7b-rank-128-1,550,10,740.231353462662
8891,huggyllama/llama-7b,dummy-lora-7b-rank-16-3,691,85,740.2706968451243
8892,huggyllama/llama-7b,dummy-lora-7b-rank-32-4,386,138,740.345417418207
8893,huggyllama/llama-7b,dummy-lora-7b-rank-32-0,653,40,740.3628231253692
8894,huggyllama/llama-7b,dummy-lora-7b-rank-128-0,227,56,740.5040602759291
8895,huggyllama/llama-7b,dummy-lora-7b-rank-64-2,493,42,740.5045081934694
8896,huggyllama/llama-7b,dummy-lora-7b-rank-128-0,536,54,740.5412793071623
8897,huggyllama/llama-7b,dummy-lora-7b-rank-8-0,201,51,740.5981759820132
8898,huggyllama/llama-7b,dummy-lora-7b-rank-32-4,542,6,740.6204452146981
8899,huggyllama/llama-7b,dummy-lora-7b-rank-64-3,558,22,740.6313205574282
8900,huggyllama/llama-7b,dummy-lora-7b-rank-64-3,759,56,740.6835978186095
8901,huggyllama/llama-7b,dummy-lora-7b-rank-64-3,562,20,740.692323859175
8902,huggyllama/llama-7b,dummy-lora-7b-rank-128-3,418,44,740.8745184189447
8903,huggyllama/llama-7b,dummy-lora-7b-rank-64-3,339,5,740.8851494611802
8904,huggyllama/llama-7b,dummy-lora-7b-rank-128-0,623,60,740.9238182694966
8905,huggyllama/llama-7b,dummy-lora-7b-rank-128-4,502,16,741.0525414953577
8906,huggyllama/llama-7b,dummy-lora-7b-rank-128-1,526,64,741.0685403678477
8907,huggyllama/llama-7b,dummy-lora-7b-rank-128-3,218,51,741.0876348692167
8908,huggyllama/llama-7b,dummy-lora-7b-rank-32-4,578,35,741.1463174583604
8909,huggyllama/llama-7b,dummy-lora-7b-rank-128-3,504,45,741.1630271532791
8910,huggyllama/llama-7b,dummy-lora-7b-rank-32-1,550,18,741.16619252863
8911,huggyllama/llama-7b,dummy-lora-7b-rank-16-3,468,52,741.2007901643979
8912,huggyllama/llama-7b,dummy-lora-7b-rank-128-3,587,106,741.2352596416939
8913,huggyllama/llama-7b,dummy-lora-7b-rank-8-4,741,80,741.2430439909973
8914,huggyllama/llama-7b,dummy-lora-7b-rank-64-1,587,52,741.3331939258101
8915,huggyllama/llama-7b,dummy-lora-7b-rank-16-4,735,33,741.3429645937579
8916,huggyllama/llama-7b,dummy-lora-7b-rank-128-3,556,21,741.3631270419899
8917,huggyllama/llama-7b,dummy-lora-7b-rank-128-3,599,14,741.3706058123822
8918,huggyllama/llama-7b,dummy-lora-7b-rank-128-0,570,29,741.3792279847869
8919,huggyllama/llama-7b,dummy-lora-7b-rank-8-2,408,51,741.4392701995004
8920,huggyllama/llama-7b,dummy-lora-7b-rank-64-1,552,21,741.4564744781459
8921,huggyllama/llama-7b,dummy-lora-7b-rank-16-1,293,41,741.58838450404
8922,huggyllama/llama-7b,dummy-lora-7b-rank-8-2,651,18,741.7198136856608
8923,huggyllama/llama-7b,dummy-lora-7b-rank-64-1,711,29,741.7471356212044
8924,huggyllama/llama-7b,dummy-lora-7b-rank-128-4,656,40,741.8091566643335
8925,huggyllama/llama-7b,dummy-lora-7b-rank-128-1,548,17,741.8203205720235
8926,huggyllama/llama-7b,dummy-lora-7b-rank-32-1,307,56,741.8416632053011
8927,huggyllama/llama-7b,dummy-lora-7b-rank-128-0,469,51,741.8849379733456
8928,huggyllama/llama-7b,dummy-lora-7b-rank-128-2,586,19,744.0326203102696
8929,huggyllama/llama-7b,dummy-lora-7b-rank-128-0,572,32,744.0822927603042
8930,huggyllama/llama-7b,dummy-lora-7b-rank-16-1,566,26,744.1201865504137
8931,huggyllama/llama-7b,dummy-lora-7b-rank-32-0,499,11,744.1229575719659
8932,huggyllama/llama-7b,dummy-lora-7b-rank-16-2,552,19,744.1369592304861
8933,huggyllama/llama-7b,dummy-lora-7b-rank-64-4,253,140,744.2110107781339
8934,huggyllama/llama-7b,dummy-lora-7b-rank-128-1,636,45,744.2266119903506
8935,huggyllama/llama-7b,dummy-lora-7b-rank-64-1,386,129,744.2359623983763
8936,huggyllama/llama-7b,dummy-lora-7b-rank-128-2,310,65,744.2657026749299
8937,huggyllama/llama-7b,dummy-lora-7b-rank-64-3,564,24,744.4574683018209
8938,huggyllama/llama-7b,dummy-lora-7b-rank-128-4,885,26,744.4836271378645
8939,huggyllama/llama-7b,dummy-lora-7b-rank-8-2,782,43,744.4844657366988
8940,huggyllama/llama-7b,dummy-lora-7b-rank-128-4,572,46,744.4955794523147
8941,huggyllama/llama-7b,dummy-lora-7b-rank-128-1,439,57,744.5259501447669
8942,huggyllama/llama-7b,dummy-lora-7b-rank-128-3,252,54,744.5716794529816
8943,huggyllama/llama-7b,dummy-lora-7b-rank-64-0,806,14,744.5775675836027
8944,huggyllama/llama-7b,dummy-lora-7b-rank-128-0,568,27,744.8034937906692
8945,huggyllama/llama-7b,dummy-lora-7b-rank-32-1,536,36,744.8323070047165
8946,huggyllama/llama-7b,dummy-lora-7b-rank-32-4,969,29,745.0561042950105
8947,huggyllama/llama-7b,dummy-lora-7b-rank-64-0,521,7,745.0729343729743
8948,huggyllama/llama-7b,dummy-lora-7b-rank-8-2,550,18,745.1022662824624
8949,huggyllama/llama-7b,dummy-lora-7b-rank-128-4,271,44,745.1145057622721
8950,huggyllama/llama-7b,dummy-lora-7b-rank-128-1,707,11,745.1407205589343
8951,huggyllama/llama-7b,dummy-lora-7b-rank-32-3,312,38,745.1694547040574
8952,huggyllama/llama-7b,dummy-lora-7b-rank-128-0,628,58,745.1777023833262
8953,huggyllama/llama-7b,dummy-lora-7b-rank-128-0,292,41,745.2058739169934
8954,huggyllama/llama-7b,dummy-lora-7b-rank-128-1,280,59,745.2880258627232
8955,huggyllama/llama-7b,dummy-lora-7b-rank-8-3,459,51,745.3449384784348
8956,huggyllama/llama-7b,dummy-lora-7b-rank-32-2,568,30,745.391921918733
8957,huggyllama/llama-7b,dummy-lora-7b-rank-16-2,568,23,745.4293058180173
8958,huggyllama/llama-7b,dummy-lora-7b-rank-16-4,347,9,745.4316838256252
8959,huggyllama/llama-7b,dummy-lora-7b-rank-128-0,413,31,745.4481050220138
8960,huggyllama/llama-7b,dummy-lora-7b-rank-128-4,327,37,745.4882795352771
8961,huggyllama/llama-7b,dummy-lora-7b-rank-16-2,310,158,745.535792193746
8962,huggyllama/llama-7b,dummy-lora-7b-rank-128-2,507,78,745.5554464484441
8963,huggyllama/llama-7b,dummy-lora-7b-rank-32-2,251,46,745.6100779880171
8964,huggyllama/llama-7b,dummy-lora-7b-rank-16-3,420,61,745.6318666787591
8965,huggyllama/llama-7b,dummy-lora-7b-rank-128-0,414,61,745.6358662947148
8966,huggyllama/llama-7b,dummy-lora-7b-rank-16-3,258,99,745.689447960744
8967,huggyllama/llama-7b,dummy-lora-7b-rank-16-2,608,40,745.7342663941154
8968,huggyllama/llama-7b,dummy-lora-7b-rank-16-1,332,46,745.7469014105657
8969,huggyllama/llama-7b,dummy-lora-7b-rank-128-1,571,86,745.8112053691948
8970,huggyllama/llama-7b,dummy-lora-7b-rank-128-3,732,32,745.8618987784654
8971,huggyllama/llama-7b,dummy-lora-7b-rank-64-3,570,30,745.8642347512603
8972,huggyllama/llama-7b,dummy-lora-7b-rank-128-3,552,21,745.9519118350591
8973,huggyllama/llama-7b,dummy-lora-7b-rank-64-4,259,134,745.9687892810667
8974,huggyllama/llama-7b,dummy-lora-7b-rank-128-4,181,41,745.996869178855
8975,huggyllama/llama-7b,dummy-lora-7b-rank-8-1,552,19,745.9984970725244
8976,huggyllama/llama-7b,dummy-lora-7b-rank-128-3,749,78,748.0005651758628
8977,huggyllama/llama-7b,dummy-lora-7b-rank-128-0,99,38,748.034453588772
8978,huggyllama/llama-7b,dummy-lora-7b-rank-128-2,101,64,748.0680212965101
8979,huggyllama/llama-7b,dummy-lora-7b-rank-16-3,556,21,748.0851755272395
8980,huggyllama/llama-7b,dummy-lora-7b-rank-32-2,613,60,748.1191190910324
8981,huggyllama/llama-7b,dummy-lora-7b-rank-128-1,544,11,748.296386175865
8982,huggyllama/llama-7b,dummy-lora-7b-rank-16-1,110,32,748.3516343006015
8983,huggyllama/llama-7b,dummy-lora-7b-rank-32-1,615,26,748.4497149045181
8984,huggyllama/llama-7b,dummy-lora-7b-rank-8-1,850,6,748.479988464985
8985,huggyllama/llama-7b,dummy-lora-7b-rank-128-4,564,28,748.5323982674757
8986,huggyllama/llama-7b,dummy-lora-7b-rank-64-0,306,7,748.5397343914497
8987,huggyllama/llama-7b,dummy-lora-7b-rank-16-0,773,9,748.5518144289357
8988,huggyllama/llama-7b,dummy-lora-7b-rank-128-4,949,22,748.6111190244513
8989,huggyllama/llama-7b,dummy-lora-7b-rank-128-3,299,40,748.6313895019161
8990,huggyllama/llama-7b,dummy-lora-7b-rank-32-3,577,51,748.6430095286285
8991,huggyllama/llama-7b,dummy-lora-7b-rank-64-2,185,48,748.6456148630808
8992,huggyllama/llama-7b,dummy-lora-7b-rank-16-2,519,10,748.7448588403095
8993,huggyllama/llama-7b,dummy-lora-7b-rank-128-4,326,90,748.7954771330865
8994,huggyllama/llama-7b,dummy-lora-7b-rank-128-1,462,43,748.8541073146906
8995,huggyllama/llama-7b,dummy-lora-7b-rank-128-0,720,31,748.9907857816037
8996,huggyllama/llama-7b,dummy-lora-7b-rank-128-0,599,17,748.999858065384
8997,huggyllama/llama-7b,dummy-lora-7b-rank-32-4,568,25,749.1421596326044
8998,huggyllama/llama-7b,dummy-lora-7b-rank-64-3,552,19,749.259189935862
8999,huggyllama/llama-7b,dummy-lora-7b-rank-8-3,592,12,749.3685562373571
9000,huggyllama/llama-7b,dummy-lora-7b-rank-8-3,740,93,749.3859005176255
9001,huggyllama/llama-7b,dummy-lora-7b-rank-128-3,797,43,749.3861411771422
9002,huggyllama/llama-7b,dummy-lora-7b-rank-128-3,358,51,749.3965831834491
9003,huggyllama/llama-7b,dummy-lora-7b-rank-128-0,560,24,749.4496929169004
9004,huggyllama/llama-7b,dummy-lora-7b-rank-32-0,552,2,749.4572948868698
9005,huggyllama/llama-7b,dummy-lora-7b-rank-16-4,502,35,749.4825587347815
9006,huggyllama/llama-7b,dummy-lora-7b-rank-128-2,605,27,749.5083250803953
9007,huggyllama/llama-7b,dummy-lora-7b-rank-128-2,389,53,749.522116806072
9008,huggyllama/llama-7b,dummy-lora-7b-rank-128-4,260,6,749.5928198443019
9009,huggyllama/llama-7b,dummy-lora-7b-rank-128-3,556,21,749.6048559577578
9010,huggyllama/llama-7b,dummy-lora-7b-rank-16-1,389,59,749.6219364285072
9011,huggyllama/llama-7b,dummy-lora-7b-rank-8-1,638,15,749.6385745104151
9012,huggyllama/llama-7b,dummy-lora-7b-rank-16-4,679,3,749.6977521484896
9013,huggyllama/llama-7b,dummy-lora-7b-rank-8-3,347,11,749.7379571307697
9014,huggyllama/llama-7b,dummy-lora-7b-rank-128-0,580,35,749.8391491532237
9015,huggyllama/llama-7b,dummy-lora-7b-rank-64-2,635,3,749.8852563534214
9016,huggyllama/llama-7b,dummy-lora-7b-rank-16-4,766,45,749.8948512659452
9017,huggyllama/llama-7b,dummy-lora-7b-rank-16-3,211,41,749.9018532985498
9018,huggyllama/llama-7b,dummy-lora-7b-rank-16-2,266,54,749.9159888022645
9019,huggyllama/llama-7b,dummy-lora-7b-rank-32-4,548,17,749.9297520882873
9020,huggyllama/llama-7b,dummy-lora-7b-rank-128-2,574,22,749.9346708289402
9021,huggyllama/llama-7b,dummy-lora-7b-rank-32-1,851,101,749.9394433239282
9022,huggyllama/llama-7b,dummy-lora-7b-rank-128-1,554,20,749.9837824692297
9023,huggyllama/llama-7b,dummy-lora-7b-rank-128-4,710,76,749.996466735303
9024,huggyllama/llama-7b,dummy-lora-7b-rank-32-2,731,3,752.0020531612793
9025,huggyllama/llama-7b,dummy-lora-7b-rank-16-0,441,62,752.0087176335188
9026,huggyllama/llama-7b,dummy-lora-7b-rank-128-4,263,49,752.0548499727689
9027,huggyllama/llama-7b,dummy-lora-7b-rank-128-3,550,18,752.121010897451
9028,huggyllama/llama-7b,dummy-lora-7b-rank-32-2,348,51,752.1872027552077
9029,huggyllama/llama-7b,dummy-lora-7b-rank-32-4,426,46,752.2340373758957
9030,huggyllama/llama-7b,dummy-lora-7b-rank-32-4,633,54,752.2391943395694
9031,huggyllama/llama-7b,dummy-lora-7b-rank-128-0,468,39,752.256479707
9032,huggyllama/llama-7b,dummy-lora-7b-rank-128-1,609,8,752.3430257765418
9033,huggyllama/llama-7b,dummy-lora-7b-rank-32-1,198,12,752.3936583828832
9034,huggyllama/llama-7b,dummy-lora-7b-rank-128-3,349,8,752.41720367061
9035,huggyllama/llama-7b,dummy-lora-7b-rank-16-0,583,9,752.4353631817171
9036,huggyllama/llama-7b,dummy-lora-7b-rank-128-3,366,53,752.4578456283933
9037,huggyllama/llama-7b,dummy-lora-7b-rank-128-0,554,23,752.461203313508
9038,huggyllama/llama-7b,dummy-lora-7b-rank-64-3,53,60,752.4665341039258
9039,huggyllama/llama-7b,dummy-lora-7b-rank-128-0,296,67,752.5266759255529
9040,huggyllama/llama-7b,dummy-lora-7b-rank-16-1,565,108,752.5930360824726
9041,huggyllama/llama-7b,dummy-lora-7b-rank-16-2,188,58,752.7340960083586
9042,huggyllama/llama-7b,dummy-lora-7b-rank-64-1,824,32,752.7712394256938
9043,huggyllama/llama-7b,dummy-lora-7b-rank-64-3,570,28,752.8187788533214
9044,huggyllama/llama-7b,dummy-lora-7b-rank-32-4,562,24,752.8876977705391
9045,huggyllama/llama-7b,dummy-lora-7b-rank-64-4,311,64,752.9300829949073
9046,huggyllama/llama-7b,dummy-lora-7b-rank-128-3,550,18,753.0020650199232
9047,huggyllama/llama-7b,dummy-lora-7b-rank-128-2,550,18,753.0623176318442
9048,huggyllama/llama-7b,dummy-lora-7b-rank-16-4,353,7,753.1378767081532
9049,huggyllama/llama-7b,dummy-lora-7b-rank-8-3,570,31,753.2348937676175
9050,huggyllama/llama-7b,dummy-lora-7b-rank-64-2,189,38,753.2472928916535
9051,huggyllama/llama-7b,dummy-lora-7b-rank-16-2,649,50,753.2833213938792
9052,huggyllama/llama-7b,dummy-lora-7b-rank-32-4,441,55,753.3426343283619
9053,huggyllama/llama-7b,dummy-lora-7b-rank-128-4,601,33,753.3820634473103
9054,huggyllama/llama-7b,dummy-lora-7b-rank-8-2,305,7,753.3956246822135
9055,huggyllama/llama-7b,dummy-lora-7b-rank-32-0,222,50,753.4174724366571
9056,huggyllama/llama-7b,dummy-lora-7b-rank-8-1,566,92,753.4276266793914
9057,huggyllama/llama-7b,dummy-lora-7b-rank-16-0,373,114,753.5710022429911
9058,huggyllama/llama-7b,dummy-lora-7b-rank-128-2,287,148,753.5851369937794
9059,huggyllama/llama-7b,dummy-lora-7b-rank-128-1,354,11,753.638270264295
9060,huggyllama/llama-7b,dummy-lora-7b-rank-64-0,165,52,753.6491183653577
9061,huggyllama/llama-7b,dummy-lora-7b-rank-128-0,235,8,753.6607903100926
9062,huggyllama/llama-7b,dummy-lora-7b-rank-128-1,856,44,753.6755547430992
9063,huggyllama/llama-7b,dummy-lora-7b-rank-64-3,162,43,753.701410081147
9064,huggyllama/llama-7b,dummy-lora-7b-rank-64-4,180,54,753.7718190732435
9065,huggyllama/llama-7b,dummy-lora-7b-rank-8-3,618,38,753.8087694876966
9066,huggyllama/llama-7b,dummy-lora-7b-rank-128-4,298,141,753.8172845036516
9067,huggyllama/llama-7b,dummy-lora-7b-rank-32-4,552,11,753.8572009823927
9068,huggyllama/llama-7b,dummy-lora-7b-rank-32-0,356,45,753.8731433608817
9069,huggyllama/llama-7b,dummy-lora-7b-rank-64-3,554,20,753.8900689928162
9070,huggyllama/llama-7b,dummy-lora-7b-rank-8-4,236,2,753.934124251403
9071,huggyllama/llama-7b,dummy-lora-7b-rank-128-2,558,20,753.9873862102883
9072,huggyllama/llama-7b,dummy-lora-7b-rank-32-4,893,10,756.0878305752516
9073,huggyllama/llama-7b,dummy-lora-7b-rank-128-3,703,108,756.1130288991
9074,huggyllama/llama-7b,dummy-lora-7b-rank-128-4,560,22,756.1456118797237
9075,huggyllama/llama-7b,dummy-lora-7b-rank-8-1,670,29,756.201600431246
9076,huggyllama/llama-7b,dummy-lora-7b-rank-64-3,550,18,756.2415267503911
9077,huggyllama/llama-7b,dummy-lora-7b-rank-128-1,384,65,756.3648182083086
9078,huggyllama/llama-7b,dummy-lora-7b-rank-16-1,716,16,756.378072013306
9079,huggyllama/llama-7b,dummy-lora-7b-rank-64-1,171,48,756.3861824943169
9080,huggyllama/llama-7b,dummy-lora-7b-rank-8-1,175,149,756.4506841253481
9081,huggyllama/llama-7b,dummy-lora-7b-rank-16-1,413,51,756.4556609046876
9082,huggyllama/llama-7b,dummy-lora-7b-rank-32-0,507,102,756.5114592244589
9083,huggyllama/llama-7b,dummy-lora-7b-rank-8-3,116,32,756.5970440276501
9084,huggyllama/llama-7b,dummy-lora-7b-rank-16-1,304,7,756.6441882945428
9085,huggyllama/llama-7b,dummy-lora-7b-rank-32-4,746,119,756.6659624215938
9086,huggyllama/llama-7b,dummy-lora-7b-rank-128-0,559,11,756.685467884977
9087,huggyllama/llama-7b,dummy-lora-7b-rank-128-0,576,34,756.7057439666212
9088,huggyllama/llama-7b,dummy-lora-7b-rank-64-3,558,77,756.717046084623
9089,huggyllama/llama-7b,dummy-lora-7b-rank-128-4,548,17,756.7526152532546
9090,huggyllama/llama-7b,dummy-lora-7b-rank-16-3,721,3,756.754980378547
9091,huggyllama/llama-7b,dummy-lora-7b-rank-64-4,703,70,756.8187133692496
9092,huggyllama/llama-7b,dummy-lora-7b-rank-16-0,556,23,756.8451312639942
9093,huggyllama/llama-7b,dummy-lora-7b-rank-128-0,605,20,756.9278142101631
9094,huggyllama/llama-7b,dummy-lora-7b-rank-128-4,233,3,756.9375699425802
9095,huggyllama/llama-7b,dummy-lora-7b-rank-8-3,368,51,756.9689044270089
9096,huggyllama/llama-7b,dummy-lora-7b-rank-8-4,836,6,756.9751897671676
9097,huggyllama/llama-7b,dummy-lora-7b-rank-128-0,626,100,756.9925242251884
9098,huggyllama/llama-7b,dummy-lora-7b-rank-128-1,573,7,757.1037659205874
9099,huggyllama/llama-7b,dummy-lora-7b-rank-8-3,606,54,757.1867209700995
9100,huggyllama/llama-7b,dummy-lora-7b-rank-64-0,107,45,757.19932566248
9101,huggyllama/llama-7b,dummy-lora-7b-rank-64-3,586,19,757.2042183269951
9102,huggyllama/llama-7b,dummy-lora-7b-rank-32-2,390,50,757.2527470799241
9103,huggyllama/llama-7b,dummy-lora-7b-rank-16-0,414,52,757.2602418118291
9104,huggyllama/llama-7b,dummy-lora-7b-rank-128-1,750,20,757.2908208335391
9105,huggyllama/llama-7b,dummy-lora-7b-rank-128-2,560,27,757.321735605175
9106,huggyllama/llama-7b,dummy-lora-7b-rank-64-1,596,36,757.4374002766747
9107,huggyllama/llama-7b,dummy-lora-7b-rank-128-2,566,26,757.4414112135504
9108,huggyllama/llama-7b,dummy-lora-7b-rank-128-0,549,39,757.5254420345133
9109,huggyllama/llama-7b,dummy-lora-7b-rank-16-0,407,8,757.5619783056962
9110,huggyllama/llama-7b,dummy-lora-7b-rank-128-2,467,45,757.5857341920456
9111,huggyllama/llama-7b,dummy-lora-7b-rank-128-4,433,72,757.6555408801089
9112,huggyllama/llama-7b,dummy-lora-7b-rank-128-1,969,73,757.7027067391513
9113,huggyllama/llama-7b,dummy-lora-7b-rank-16-0,348,56,757.7422482987689
9114,huggyllama/llama-7b,dummy-lora-7b-rank-32-1,554,17,757.7547915643056
9115,huggyllama/llama-7b,dummy-lora-7b-rank-64-2,560,23,757.7547922545137
9116,huggyllama/llama-7b,dummy-lora-7b-rank-8-2,321,50,757.8036606960227
9117,huggyllama/llama-7b,dummy-lora-7b-rank-128-0,61,108,757.8080102458184
9118,huggyllama/llama-7b,dummy-lora-7b-rank-8-1,117,47,757.8223449210335
9119,huggyllama/llama-7b,dummy-lora-7b-rank-128-2,596,27,757.9580731269571
9120,huggyllama/llama-7b,dummy-lora-7b-rank-8-2,544,16,760.0521634391108
9121,huggyllama/llama-7b,dummy-lora-7b-rank-128-2,808,53,760.0961546528378
9122,huggyllama/llama-7b,dummy-lora-7b-rank-64-0,278,83,760.1168867718108
9123,huggyllama/llama-7b,dummy-lora-7b-rank-32-0,363,37,760.1233485416226
9124,huggyllama/llama-7b,dummy-lora-7b-rank-128-2,164,94,760.1248050966434
9125,huggyllama/llama-7b,dummy-lora-7b-rank-8-4,408,32,760.1333438831196
9126,huggyllama/llama-7b,dummy-lora-7b-rank-8-1,668,5,760.1791906145427
9127,huggyllama/llama-7b,dummy-lora-7b-rank-32-0,574,33,760.3031055920335
9128,huggyllama/llama-7b,dummy-lora-7b-rank-64-0,869,10,760.3522127371393
9129,huggyllama/llama-7b,dummy-lora-7b-rank-128-0,556,21,760.3812918157208
9130,huggyllama/llama-7b,dummy-lora-7b-rank-128-2,417,5,760.3914229753012
9131,huggyllama/llama-7b,dummy-lora-7b-rank-128-1,821,52,760.4079465830035
9132,huggyllama/llama-7b,dummy-lora-7b-rank-128-4,582,17,760.5081571183302
9133,huggyllama/llama-7b,dummy-lora-7b-rank-16-1,762,6,760.5403906689327
9134,huggyllama/llama-7b,dummy-lora-7b-rank-128-0,358,71,760.5571821029907
9135,huggyllama/llama-7b,dummy-lora-7b-rank-64-2,632,56,760.611627036494
9136,huggyllama/llama-7b,dummy-lora-7b-rank-32-0,88,33,760.6659997439584
9137,huggyllama/llama-7b,dummy-lora-7b-rank-64-3,688,68,760.6797196214713
9138,huggyllama/llama-7b,dummy-lora-7b-rank-128-1,560,25,760.7008260933363
9139,huggyllama/llama-7b,dummy-lora-7b-rank-64-4,315,35,760.8032705171927
9140,huggyllama/llama-7b,dummy-lora-7b-rank-32-2,787,16,760.8063569528236
9141,huggyllama/llama-7b,dummy-lora-7b-rank-128-2,420,8,760.831266303752
9142,huggyllama/llama-7b,dummy-lora-7b-rank-128-0,696,91,760.8401539067825
9143,huggyllama/llama-7b,dummy-lora-7b-rank-128-4,550,10,760.8621588432223
9144,huggyllama/llama-7b,dummy-lora-7b-rank-8-4,282,51,760.8640973692803
9145,huggyllama/llama-7b,dummy-lora-7b-rank-128-4,523,99,760.9361017537725
9146,huggyllama/llama-7b,dummy-lora-7b-rank-64-3,623,8,760.9681755055419
9147,huggyllama/llama-7b,dummy-lora-7b-rank-8-2,562,18,761.0056255921211
9148,huggyllama/llama-7b,dummy-lora-7b-rank-128-3,350,44,761.0401902651072
9149,huggyllama/llama-7b,dummy-lora-7b-rank-32-0,717,32,761.0614829205288
9150,huggyllama/llama-7b,dummy-lora-7b-rank-64-3,101,24,761.1525467851174
9151,huggyllama/llama-7b,dummy-lora-7b-rank-32-0,564,28,761.2106780870319
9152,huggyllama/llama-7b,dummy-lora-7b-rank-128-4,360,5,761.258145585734
9153,huggyllama/llama-7b,dummy-lora-7b-rank-128-3,607,8,761.2699715606083
9154,huggyllama/llama-7b,dummy-lora-7b-rank-128-3,677,18,761.2863342905026
9155,huggyllama/llama-7b,dummy-lora-7b-rank-32-0,910,154,761.321496964574
9156,huggyllama/llama-7b,dummy-lora-7b-rank-8-1,881,77,761.4236746504646
9157,huggyllama/llama-7b,dummy-lora-7b-rank-64-4,588,40,761.4493183381222
9158,huggyllama/llama-7b,dummy-lora-7b-rank-128-1,550,18,761.482603653392
9159,huggyllama/llama-7b,dummy-lora-7b-rank-128-3,107,52,761.5298607229942
9160,huggyllama/llama-7b,dummy-lora-7b-rank-8-4,498,37,761.534374612169
9161,huggyllama/llama-7b,dummy-lora-7b-rank-8-1,607,23,761.5452450161623
9162,huggyllama/llama-7b,dummy-lora-7b-rank-128-2,519,144,761.5557084131664
9163,huggyllama/llama-7b,dummy-lora-7b-rank-8-1,835,46,761.5673844226285
9164,huggyllama/llama-7b,dummy-lora-7b-rank-128-2,330,49,761.655066016575
9165,huggyllama/llama-7b,dummy-lora-7b-rank-128-1,422,11,761.6630061706541
9166,huggyllama/llama-7b,dummy-lora-7b-rank-8-0,393,51,761.7320636180846
9167,huggyllama/llama-7b,dummy-lora-7b-rank-128-1,788,8,761.7813645972765
9168,huggyllama/llama-7b,dummy-lora-7b-rank-128-4,635,3,764.0123345944548
9169,huggyllama/llama-7b,dummy-lora-7b-rank-128-1,603,68,764.034504789604
9170,huggyllama/llama-7b,dummy-lora-7b-rank-16-3,548,17,764.0542625176912
9171,huggyllama/llama-7b,dummy-lora-7b-rank-128-2,314,34,764.066477478651
9172,huggyllama/llama-7b,dummy-lora-7b-rank-128-3,390,43,764.0885691450421
9173,huggyllama/llama-7b,dummy-lora-7b-rank-128-0,629,47,764.1097899249527
9174,huggyllama/llama-7b,dummy-lora-7b-rank-128-4,554,23,764.1669423678486
9175,huggyllama/llama-7b,dummy-lora-7b-rank-8-3,390,47,764.1861232617362
9176,huggyllama/llama-7b,dummy-lora-7b-rank-128-4,958,22,764.1892488355126
9177,huggyllama/llama-7b,dummy-lora-7b-rank-128-3,563,8,764.2211463066128
9178,huggyllama/llama-7b,dummy-lora-7b-rank-128-2,493,56,764.2489622977263
9179,huggyllama/llama-7b,dummy-lora-7b-rank-32-2,334,11,764.2863228874609
9180,huggyllama/llama-7b,dummy-lora-7b-rank-128-4,520,161,764.2966233631638
9181,huggyllama/llama-7b,dummy-lora-7b-rank-8-1,816,3,764.3261614225555
9182,huggyllama/llama-7b,dummy-lora-7b-rank-128-4,469,16,764.4283240312046
9183,huggyllama/llama-7b,dummy-lora-7b-rank-128-2,633,8,764.457095713179
9184,huggyllama/llama-7b,dummy-lora-7b-rank-16-1,155,51,764.4713278391891
9185,huggyllama/llama-7b,dummy-lora-7b-rank-128-4,552,19,764.5033591956609
9186,huggyllama/llama-7b,dummy-lora-7b-rank-128-3,602,23,764.5425294156781
9187,huggyllama/llama-7b,dummy-lora-7b-rank-16-3,562,24,764.5752373554416
9188,huggyllama/llama-7b,dummy-lora-7b-rank-128-1,362,254,764.5844910224263
9189,huggyllama/llama-7b,dummy-lora-7b-rank-32-2,381,52,764.584496264898
9190,huggyllama/llama-7b,dummy-lora-7b-rank-128-2,618,24,764.6019865159633
9191,huggyllama/llama-7b,dummy-lora-7b-rank-16-0,235,40,764.6542571986546
9192,huggyllama/llama-7b,dummy-lora-7b-rank-16-4,550,14,764.701891485587
9193,huggyllama/llama-7b,dummy-lora-7b-rank-8-3,405,63,764.7176285602641
9194,huggyllama/llama-7b,dummy-lora-7b-rank-128-1,932,47,764.7536956118098
9195,huggyllama/llama-7b,dummy-lora-7b-rank-64-3,935,112,764.7617892454379
9196,huggyllama/llama-7b,dummy-lora-7b-rank-64-4,216,56,764.8593375494638
9197,huggyllama/llama-7b,dummy-lora-7b-rank-128-1,413,5,764.8653143274676
9198,huggyllama/llama-7b,dummy-lora-7b-rank-32-0,764,39,764.9481901482851
9199,huggyllama/llama-7b,dummy-lora-7b-rank-128-0,526,51,765.0229711419174
9200,huggyllama/llama-7b,dummy-lora-7b-rank-8-2,561,21,765.0560062250668
9201,huggyllama/llama-7b,dummy-lora-7b-rank-16-3,257,131,765.0605447246061
9202,huggyllama/llama-7b,dummy-lora-7b-rank-64-0,375,136,765.3130414036875
9203,huggyllama/llama-7b,dummy-lora-7b-rank-64-1,571,113,765.3616518488354
9204,huggyllama/llama-7b,dummy-lora-7b-rank-16-4,229,101,765.3829253863069
9205,huggyllama/llama-7b,dummy-lora-7b-rank-8-0,642,12,765.4288386413818
9206,huggyllama/llama-7b,dummy-lora-7b-rank-128-1,625,33,765.465777371451
9207,huggyllama/llama-7b,dummy-lora-7b-rank-128-4,552,11,765.5312007475275
9208,huggyllama/llama-7b,dummy-lora-7b-rank-128-3,564,27,765.5811061235211
9209,huggyllama/llama-7b,dummy-lora-7b-rank-32-3,403,6,765.7353421950173
9210,huggyllama/llama-7b,dummy-lora-7b-rank-64-3,561,4,765.744103274342
9211,huggyllama/llama-7b,dummy-lora-7b-rank-128-4,145,19,765.8200232831804
9212,huggyllama/llama-7b,dummy-lora-7b-rank-32-2,761,52,765.8294660363243
9213,huggyllama/llama-7b,dummy-lora-7b-rank-128-4,351,35,765.9371708114737
9214,huggyllama/llama-7b,dummy-lora-7b-rank-128-1,796,41,765.9556806804474
9215,huggyllama/llama-7b,dummy-lora-7b-rank-128-4,172,157,765.9575704805846
9216,huggyllama/llama-7b,dummy-lora-7b-rank-32-2,584,18,768.0390331528573
9217,huggyllama/llama-7b,dummy-lora-7b-rank-16-3,445,55,768.1277632298693
9218,huggyllama/llama-7b,dummy-lora-7b-rank-128-3,238,40,768.2442573750824
9219,huggyllama/llama-7b,dummy-lora-7b-rank-128-1,660,130,768.2849196650211
9220,huggyllama/llama-7b,dummy-lora-7b-rank-64-2,366,58,768.3270002066486
9221,huggyllama/llama-7b,dummy-lora-7b-rank-128-2,668,18,768.400888407985
9222,huggyllama/llama-7b,dummy-lora-7b-rank-128-2,59,75,768.4144924387026
9223,huggyllama/llama-7b,dummy-lora-7b-rank-128-2,394,41,768.4338326153759
9224,huggyllama/llama-7b,dummy-lora-7b-rank-8-3,530,42,768.4582280604085
9225,huggyllama/llama-7b,dummy-lora-7b-rank-128-2,552,19,768.5023568179914
9226,huggyllama/llama-7b,dummy-lora-7b-rank-128-4,627,38,768.5194168192523
9227,huggyllama/llama-7b,dummy-lora-7b-rank-128-2,401,50,768.5265248596652
9228,huggyllama/llama-7b,dummy-lora-7b-rank-64-4,564,25,768.5306249084599
9229,huggyllama/llama-7b,dummy-lora-7b-rank-64-0,644,8,768.5388625904653
9230,huggyllama/llama-7b,dummy-lora-7b-rank-128-1,609,19,768.5423546661298
9231,huggyllama/llama-7b,dummy-lora-7b-rank-32-2,369,87,768.5443399305346
9232,huggyllama/llama-7b,dummy-lora-7b-rank-8-2,394,44,768.5524379876297
9233,huggyllama/llama-7b,dummy-lora-7b-rank-128-1,617,26,768.5918457590861
9234,huggyllama/llama-7b,dummy-lora-7b-rank-128-0,427,59,768.6569871706446
9235,huggyllama/llama-7b,dummy-lora-7b-rank-128-3,637,36,768.7313128186059
9236,huggyllama/llama-7b,dummy-lora-7b-rank-128-1,402,65,768.848432232506
9237,huggyllama/llama-7b,dummy-lora-7b-rank-32-2,488,110,768.912826222662
9238,huggyllama/llama-7b,dummy-lora-7b-rank-64-2,303,4,769.0407362289716
9239,huggyllama/llama-7b,dummy-lora-7b-rank-128-0,424,7,769.0454736916157
9240,huggyllama/llama-7b,dummy-lora-7b-rank-16-4,550,10,769.075127359024
9241,huggyllama/llama-7b,dummy-lora-7b-rank-64-0,550,18,769.0948661047852
9242,huggyllama/llama-7b,dummy-lora-7b-rank-128-4,453,56,769.1234649833121
9243,huggyllama/llama-7b,dummy-lora-7b-rank-64-2,558,22,769.1520469440663
9244,huggyllama/llama-7b,dummy-lora-7b-rank-8-0,487,90,769.1751888277074
9245,huggyllama/llama-7b,dummy-lora-7b-rank-128-2,407,237,769.2088544761451
9246,huggyllama/llama-7b,dummy-lora-7b-rank-128-3,620,28,769.2695973634318
9247,huggyllama/llama-7b,dummy-lora-7b-rank-32-2,646,3,769.2761736870964
9248,huggyllama/llama-7b,dummy-lora-7b-rank-128-4,289,171,769.2804295567248
9249,huggyllama/llama-7b,dummy-lora-7b-rank-128-2,731,68,769.4166884641008
9250,huggyllama/llama-7b,dummy-lora-7b-rank-8-3,292,6,769.4189532217055
9251,huggyllama/llama-7b,dummy-lora-7b-rank-128-3,527,70,769.5112240946498
9252,huggyllama/llama-7b,dummy-lora-7b-rank-128-1,355,30,769.5532362996091
9253,huggyllama/llama-7b,dummy-lora-7b-rank-8-4,601,21,769.59233859826
9254,huggyllama/llama-7b,dummy-lora-7b-rank-64-2,545,10,769.6377968244678
9255,huggyllama/llama-7b,dummy-lora-7b-rank-128-0,129,36,769.731804962176
9256,huggyllama/llama-7b,dummy-lora-7b-rank-8-0,628,7,769.7947861811789
9257,huggyllama/llama-7b,dummy-lora-7b-rank-64-0,596,27,769.8178073793623
9258,huggyllama/llama-7b,dummy-lora-7b-rank-32-3,828,39,769.8758489729232
9259,huggyllama/llama-7b,dummy-lora-7b-rank-16-4,572,31,769.8891811595865
9260,huggyllama/llama-7b,dummy-lora-7b-rank-16-4,198,6,769.9282797058539
9261,huggyllama/llama-7b,dummy-lora-7b-rank-8-3,910,44,769.9417188653692
9262,huggyllama/llama-7b,dummy-lora-7b-rank-128-2,548,17,769.9473121461014
9263,huggyllama/llama-7b,dummy-lora-7b-rank-128-0,657,9,769.9540491776908
9264,huggyllama/llama-7b,dummy-lora-7b-rank-16-4,256,54,772.0071129191755
9265,huggyllama/llama-7b,dummy-lora-7b-rank-128-4,552,19,772.0522274031621
9266,huggyllama/llama-7b,dummy-lora-7b-rank-16-3,334,54,772.11282962537
9267,huggyllama/llama-7b,dummy-lora-7b-rank-32-0,599,17,772.118422075325
9268,huggyllama/llama-7b,dummy-lora-7b-rank-128-2,554,23,772.1372289448669
9269,huggyllama/llama-7b,dummy-lora-7b-rank-64-3,637,10,772.1469444228592
9270,huggyllama/llama-7b,dummy-lora-7b-rank-128-1,367,76,772.1819182340198
9271,huggyllama/llama-7b,dummy-lora-7b-rank-32-1,578,32,772.2274763113592
9272,huggyllama/llama-7b,dummy-lora-7b-rank-128-3,592,14,772.2324494980097
9273,huggyllama/llama-7b,dummy-lora-7b-rank-64-0,595,26,772.2592224714422
9274,huggyllama/llama-7b,dummy-lora-7b-rank-64-1,129,52,772.2745344033025
9275,huggyllama/llama-7b,dummy-lora-7b-rank-128-3,88,39,772.3012000123362
9276,huggyllama/llama-7b,dummy-lora-7b-rank-32-0,556,21,772.3517595813213
9277,huggyllama/llama-7b,dummy-lora-7b-rank-128-1,556,2,772.3725724821369
9278,huggyllama/llama-7b,dummy-lora-7b-rank-128-3,548,17,772.4080672006802
9279,huggyllama/llama-7b,dummy-lora-7b-rank-64-3,950,72,772.4922113217367
9280,huggyllama/llama-7b,dummy-lora-7b-rank-128-2,322,5,772.4975446881125
9281,huggyllama/llama-7b,dummy-lora-7b-rank-128-3,769,88,772.549803377657
9282,huggyllama/llama-7b,dummy-lora-7b-rank-8-3,457,40,772.5566418239038
9283,huggyllama/llama-7b,dummy-lora-7b-rank-128-0,746,208,772.5867346922545
9284,huggyllama/llama-7b,dummy-lora-7b-rank-128-2,506,52,772.6734676763894
9285,huggyllama/llama-7b,dummy-lora-7b-rank-128-1,588,22,772.7567164875738
9286,huggyllama/llama-7b,dummy-lora-7b-rank-8-1,602,12,772.7902088565143
9287,huggyllama/llama-7b,dummy-lora-7b-rank-16-2,588,21,772.8528437208504
9288,huggyllama/llama-7b,dummy-lora-7b-rank-128-0,576,14,772.8585704366471
9289,huggyllama/llama-7b,dummy-lora-7b-rank-128-1,268,43,772.9739811277402
9290,huggyllama/llama-7b,dummy-lora-7b-rank-128-3,688,65,773.0053447000022
9291,huggyllama/llama-7b,dummy-lora-7b-rank-8-2,550,15,773.0868359059446
9292,huggyllama/llama-7b,dummy-lora-7b-rank-128-4,412,55,773.1280685498945
9293,huggyllama/llama-7b,dummy-lora-7b-rank-32-3,603,19,773.1402409653901
9294,huggyllama/llama-7b,dummy-lora-7b-rank-16-4,391,38,773.1682360849345
9295,huggyllama/llama-7b,dummy-lora-7b-rank-16-3,810,64,773.2539221651334
9296,huggyllama/llama-7b,dummy-lora-7b-rank-64-2,270,43,773.2583174863462
9297,huggyllama/llama-7b,dummy-lora-7b-rank-64-1,757,3,773.2745270738399
9298,huggyllama/llama-7b,dummy-lora-7b-rank-128-3,292,58,773.2861863014776
9299,huggyllama/llama-7b,dummy-lora-7b-rank-32-4,262,48,773.28623276783
9300,huggyllama/llama-7b,dummy-lora-7b-rank-8-0,500,4,773.3276114784572
9301,huggyllama/llama-7b,dummy-lora-7b-rank-128-1,825,3,773.3562799294997
9302,huggyllama/llama-7b,dummy-lora-7b-rank-128-1,216,5,773.3846270373369
9303,huggyllama/llama-7b,dummy-lora-7b-rank-32-4,560,22,773.4600418758823
9304,huggyllama/llama-7b,dummy-lora-7b-rank-8-4,423,47,773.5625871941562
9305,huggyllama/llama-7b,dummy-lora-7b-rank-128-3,430,45,773.6480629004292
9306,huggyllama/llama-7b,dummy-lora-7b-rank-128-0,153,132,773.6946633105956
9307,huggyllama/llama-7b,dummy-lora-7b-rank-32-3,914,14,773.707889138187
9308,huggyllama/llama-7b,dummy-lora-7b-rank-128-3,939,126,773.738790411907
9309,huggyllama/llama-7b,dummy-lora-7b-rank-16-4,409,43,773.7618729524967
9310,huggyllama/llama-7b,dummy-lora-7b-rank-128-1,167,39,773.8440704671997
9311,huggyllama/llama-7b,dummy-lora-7b-rank-32-4,156,76,773.9553599384227
9312,huggyllama/llama-7b,dummy-lora-7b-rank-8-2,676,8,776.0520066907712
9313,huggyllama/llama-7b,dummy-lora-7b-rank-8-2,265,6,776.0795759692008
9314,huggyllama/llama-7b,dummy-lora-7b-rank-128-3,280,125,776.1045865311964
9315,huggyllama/llama-7b,dummy-lora-7b-rank-128-1,915,80,776.1231905819793
9316,huggyllama/llama-7b,dummy-lora-7b-rank-16-1,289,43,776.191130093129
9317,huggyllama/llama-7b,dummy-lora-7b-rank-64-4,289,4,776.2160768346687
9318,huggyllama/llama-7b,dummy-lora-7b-rank-32-2,347,52,776.2440447529732
9319,huggyllama/llama-7b,dummy-lora-7b-rank-64-3,590,53,776.2982968974407
9320,huggyllama/llama-7b,dummy-lora-7b-rank-8-1,543,82,776.2991603901462
9321,huggyllama/llama-7b,dummy-lora-7b-rank-8-4,437,44,776.4180867107322
9322,huggyllama/llama-7b,dummy-lora-7b-rank-32-4,988,11,776.4263906606051
9323,huggyllama/llama-7b,dummy-lora-7b-rank-128-2,524,57,776.5244673888952
9324,huggyllama/llama-7b,dummy-lora-7b-rank-128-4,556,19,776.5461561884752
9325,huggyllama/llama-7b,dummy-lora-7b-rank-32-4,613,6,776.560611486851
9326,huggyllama/llama-7b,dummy-lora-7b-rank-128-1,572,23,776.5608034309796
9327,huggyllama/llama-7b,dummy-lora-7b-rank-16-1,260,83,776.5799807316414
9328,huggyllama/llama-7b,dummy-lora-7b-rank-64-4,410,47,776.6158188949839
9329,huggyllama/llama-7b,dummy-lora-7b-rank-64-0,126,19,776.6634466872482
9330,huggyllama/llama-7b,dummy-lora-7b-rank-32-0,568,30,776.7032933857599
9331,huggyllama/llama-7b,dummy-lora-7b-rank-128-4,257,190,776.7232650984174
9332,huggyllama/llama-7b,dummy-lora-7b-rank-16-2,586,6,776.7586936950814
9333,huggyllama/llama-7b,dummy-lora-7b-rank-64-1,558,22,776.7910393166696
9334,huggyllama/llama-7b,dummy-lora-7b-rank-64-2,615,71,776.9162664774638
9335,huggyllama/llama-7b,dummy-lora-7b-rank-128-0,237,54,776.9648689211481
9336,huggyllama/llama-7b,dummy-lora-7b-rank-128-0,552,19,777.0134382524168
9337,huggyllama/llama-7b,dummy-lora-7b-rank-8-3,259,150,777.0783120226508
9338,huggyllama/llama-7b,dummy-lora-7b-rank-128-0,119,50,777.0807394180554
9339,huggyllama/llama-7b,dummy-lora-7b-rank-128-2,397,50,777.0837232508193
9340,huggyllama/llama-7b,dummy-lora-7b-rank-128-4,268,49,777.1459433108764
9341,huggyllama/llama-7b,dummy-lora-7b-rank-128-1,61,44,777.1525469780769
9342,huggyllama/llama-7b,dummy-lora-7b-rank-16-2,616,15,777.1728306331665
9343,huggyllama/llama-7b,dummy-lora-7b-rank-64-0,463,50,777.3343470894448
9344,huggyllama/llama-7b,dummy-lora-7b-rank-8-4,574,17,777.3620629683919
9345,huggyllama/llama-7b,dummy-lora-7b-rank-64-0,256,5,777.4230677831346
9346,huggyllama/llama-7b,dummy-lora-7b-rank-64-4,393,21,777.4245509438057
9347,huggyllama/llama-7b,dummy-lora-7b-rank-128-4,867,34,777.5228384137233
9348,huggyllama/llama-7b,dummy-lora-7b-rank-64-2,528,9,777.5320286452719
9349,huggyllama/llama-7b,dummy-lora-7b-rank-8-1,664,64,777.6463643177158
9350,huggyllama/llama-7b,dummy-lora-7b-rank-32-3,336,44,777.6622682662452
9351,huggyllama/llama-7b,dummy-lora-7b-rank-128-3,596,26,777.6863056850619
9352,huggyllama/llama-7b,dummy-lora-7b-rank-64-2,211,116,777.7052154242757
9353,huggyllama/llama-7b,dummy-lora-7b-rank-8-3,203,19,777.7292661568416
9354,huggyllama/llama-7b,dummy-lora-7b-rank-32-2,409,10,777.7713836827629
9355,huggyllama/llama-7b,dummy-lora-7b-rank-128-2,710,110,777.7821164026587
9356,huggyllama/llama-7b,dummy-lora-7b-rank-128-3,418,137,777.8244261415759
9357,huggyllama/llama-7b,dummy-lora-7b-rank-128-2,431,46,777.8928678347216
9358,huggyllama/llama-7b,dummy-lora-7b-rank-32-4,558,17,777.9404149619697
9359,huggyllama/llama-7b,dummy-lora-7b-rank-16-1,342,43,777.9422909579472
9360,huggyllama/llama-7b,dummy-lora-7b-rank-128-0,450,11,780.0901147174114
9361,huggyllama/llama-7b,dummy-lora-7b-rank-128-4,481,6,780.1620531017577
9362,huggyllama/llama-7b,dummy-lora-7b-rank-128-1,99,30,780.213219810755
9363,huggyllama/llama-7b,dummy-lora-7b-rank-128-1,564,27,780.2458049990461
9364,huggyllama/llama-7b,dummy-lora-7b-rank-8-0,604,56,780.3185773442619
9365,huggyllama/llama-7b,dummy-lora-7b-rank-8-1,476,18,780.3240934778748
9366,huggyllama/llama-7b,dummy-lora-7b-rank-8-2,558,19,780.3439081130878
9367,huggyllama/llama-7b,dummy-lora-7b-rank-128-0,386,47,780.3467132113717
9368,huggyllama/llama-7b,dummy-lora-7b-rank-128-3,332,120,780.3590134175769
9369,huggyllama/llama-7b,dummy-lora-7b-rank-128-4,350,53,780.3992050977002
9370,huggyllama/llama-7b,dummy-lora-7b-rank-128-0,402,15,780.4563135990485
9371,huggyllama/llama-7b,dummy-lora-7b-rank-32-3,617,28,780.4917463698891
9372,huggyllama/llama-7b,dummy-lora-7b-rank-128-2,514,55,780.5478297091393
9373,huggyllama/llama-7b,dummy-lora-7b-rank-128-0,612,52,780.5498974461187
9374,huggyllama/llama-7b,dummy-lora-7b-rank-32-2,603,17,780.564929780032
9375,huggyllama/llama-7b,dummy-lora-7b-rank-64-3,605,18,780.6139524481086
9376,huggyllama/llama-7b,dummy-lora-7b-rank-8-0,582,37,780.645882990603
9377,huggyllama/llama-7b,dummy-lora-7b-rank-32-3,775,58,780.6705099626962
9378,huggyllama/llama-7b,dummy-lora-7b-rank-128-1,403,43,780.6784059464276
9379,huggyllama/llama-7b,dummy-lora-7b-rank-128-0,548,17,780.6927460447108
9380,huggyllama/llama-7b,dummy-lora-7b-rank-128-2,564,26,780.7467554177435
9381,huggyllama/llama-7b,dummy-lora-7b-rank-128-1,355,188,780.793528894181
9382,huggyllama/llama-7b,dummy-lora-7b-rank-16-3,184,59,780.7965512387627
9383,huggyllama/llama-7b,dummy-lora-7b-rank-64-0,613,27,780.833291405923
9384,huggyllama/llama-7b,dummy-lora-7b-rank-32-4,552,20,780.872265741252
9385,huggyllama/llama-7b,dummy-lora-7b-rank-8-0,139,51,780.8760596487735
9386,huggyllama/llama-7b,dummy-lora-7b-rank-64-1,215,125,780.8911261490817
9387,huggyllama/llama-7b,dummy-lora-7b-rank-8-2,550,10,780.9370751469543
9388,huggyllama/llama-7b,dummy-lora-7b-rank-32-3,592,42,780.9429405550541
9389,huggyllama/llama-7b,dummy-lora-7b-rank-128-1,576,34,780.9730891851584
9390,huggyllama/llama-7b,dummy-lora-7b-rank-16-2,529,44,781.0341100660395
9391,huggyllama/llama-7b,dummy-lora-7b-rank-128-1,603,19,781.0932961193138
9392,huggyllama/llama-7b,dummy-lora-7b-rank-128-0,506,44,781.1214279485985
9393,huggyllama/llama-7b,dummy-lora-7b-rank-64-3,578,26,781.1710499633477
9394,huggyllama/llama-7b,dummy-lora-7b-rank-32-3,53,49,781.1746190172355
9395,huggyllama/llama-7b,dummy-lora-7b-rank-128-3,412,49,781.2905251603831
9396,huggyllama/llama-7b,dummy-lora-7b-rank-32-2,669,3,781.3030588471586
9397,huggyllama/llama-7b,dummy-lora-7b-rank-128-3,424,8,781.3911019195767
9398,huggyllama/llama-7b,dummy-lora-7b-rank-128-0,518,53,781.3924199715541
9399,huggyllama/llama-7b,dummy-lora-7b-rank-128-1,619,26,781.494976921251
9400,huggyllama/llama-7b,dummy-lora-7b-rank-16-2,599,17,781.5027062363889
9401,huggyllama/llama-7b,dummy-lora-7b-rank-128-2,156,47,781.5346524567999
9402,huggyllama/llama-7b,dummy-lora-7b-rank-64-3,203,45,781.7477470159877
9403,huggyllama/llama-7b,dummy-lora-7b-rank-128-4,219,3,781.8250655074614
9404,huggyllama/llama-7b,dummy-lora-7b-rank-32-4,340,43,781.8451512437746
9405,huggyllama/llama-7b,dummy-lora-7b-rank-8-4,597,8,781.9050080016802
9406,huggyllama/llama-7b,dummy-lora-7b-rank-64-0,556,22,781.9768657351854
9407,huggyllama/llama-7b,dummy-lora-7b-rank-64-1,373,167,781.9826505970649
9408,huggyllama/llama-7b,dummy-lora-7b-rank-16-2,521,111,784.0012992905687
9409,huggyllama/llama-7b,dummy-lora-7b-rank-32-4,531,44,784.013628346925
9410,huggyllama/llama-7b,dummy-lora-7b-rank-128-3,562,24,784.0166828469731
9411,huggyllama/llama-7b,dummy-lora-7b-rank-32-1,295,127,784.0654152822375
9412,huggyllama/llama-7b,dummy-lora-7b-rank-128-2,175,98,784.0668614233549
9413,huggyllama/llama-7b,dummy-lora-7b-rank-16-3,566,23,784.1030362070387
9414,huggyllama/llama-7b,dummy-lora-7b-rank-8-4,558,22,784.1125796621513
9415,huggyllama/llama-7b,dummy-lora-7b-rank-128-3,606,11,784.2743872581318
9416,huggyllama/llama-7b,dummy-lora-7b-rank-128-0,586,38,784.2818607632365
9417,huggyllama/llama-7b,dummy-lora-7b-rank-128-3,851,65,784.2911179632029
9418,huggyllama/llama-7b,dummy-lora-7b-rank-128-4,586,39,784.3026510178873
9419,huggyllama/llama-7b,dummy-lora-7b-rank-128-4,285,55,784.3215244792575
9420,huggyllama/llama-7b,dummy-lora-7b-rank-32-1,562,24,784.3738789774814
9421,huggyllama/llama-7b,dummy-lora-7b-rank-32-3,609,20,784.4001654201749
9422,huggyllama/llama-7b,dummy-lora-7b-rank-32-1,209,4,784.5134279211903
9423,huggyllama/llama-7b,dummy-lora-7b-rank-32-4,558,24,784.5415170762998
9424,huggyllama/llama-7b,dummy-lora-7b-rank-128-1,560,19,784.678771462165
9425,huggyllama/llama-7b,dummy-lora-7b-rank-128-0,323,53,784.7243454235903
9426,huggyllama/llama-7b,dummy-lora-7b-rank-64-0,936,137,784.7622841613119
9427,huggyllama/llama-7b,dummy-lora-7b-rank-128-1,333,62,784.7632079124015
9428,huggyllama/llama-7b,dummy-lora-7b-rank-16-2,938,119,784.8114310778302
9429,huggyllama/llama-7b,dummy-lora-7b-rank-128-3,606,46,784.8293864960068
9430,huggyllama/llama-7b,dummy-lora-7b-rank-64-2,212,145,784.8690837947894
9431,huggyllama/llama-7b,dummy-lora-7b-rank-64-2,765,10,784.8765212813843
9432,huggyllama/llama-7b,dummy-lora-7b-rank-128-4,558,45,784.8778538956169
9433,huggyllama/llama-7b,dummy-lora-7b-rank-8-4,219,42,785.0198384143678
9434,huggyllama/llama-7b,dummy-lora-7b-rank-128-2,560,23,785.0230391404131
9435,huggyllama/llama-7b,dummy-lora-7b-rank-128-2,312,90,785.0436488892759
9436,huggyllama/llama-7b,dummy-lora-7b-rank-16-2,554,23,785.0763917914289
9437,huggyllama/llama-7b,dummy-lora-7b-rank-128-4,353,7,785.098634947067
9438,huggyllama/llama-7b,dummy-lora-7b-rank-128-2,685,10,785.1131873948427
9439,huggyllama/llama-7b,dummy-lora-7b-rank-128-4,709,244,785.1406643397972
9440,huggyllama/llama-7b,dummy-lora-7b-rank-128-0,419,46,785.1696469029176
9441,huggyllama/llama-7b,dummy-lora-7b-rank-128-3,247,181,785.2048384974584
9442,huggyllama/llama-7b,dummy-lora-7b-rank-128-3,399,11,785.357007484907
9443,huggyllama/llama-7b,dummy-lora-7b-rank-128-4,225,3,785.3918472395363
9444,huggyllama/llama-7b,dummy-lora-7b-rank-128-3,345,12,785.4575681040674
9445,huggyllama/llama-7b,dummy-lora-7b-rank-64-0,771,61,785.4777836504547
9446,huggyllama/llama-7b,dummy-lora-7b-rank-128-1,550,18,785.513831285968
9447,huggyllama/llama-7b,dummy-lora-7b-rank-8-2,332,141,785.5605504410393
9448,huggyllama/llama-7b,dummy-lora-7b-rank-8-4,623,29,785.5659205913078
9449,huggyllama/llama-7b,dummy-lora-7b-rank-128-2,570,31,785.6629109447217
9450,huggyllama/llama-7b,dummy-lora-7b-rank-128-4,913,21,785.6789829823347
9451,huggyllama/llama-7b,dummy-lora-7b-rank-8-3,551,10,785.6979842365203
9452,huggyllama/llama-7b,dummy-lora-7b-rank-32-0,383,46,785.7765415393283
9453,huggyllama/llama-7b,dummy-lora-7b-rank-8-2,605,17,785.8918822058187
9454,huggyllama/llama-7b,dummy-lora-7b-rank-128-0,841,127,785.9144744542544
9455,huggyllama/llama-7b,dummy-lora-7b-rank-16-3,557,17,785.9438955113241
9456,huggyllama/llama-7b,dummy-lora-7b-rank-64-1,249,157,788.031349509474
9457,huggyllama/llama-7b,dummy-lora-7b-rank-16-0,755,26,788.0734479083594
9458,huggyllama/llama-7b,dummy-lora-7b-rank-8-3,690,163,788.095314807297
9459,huggyllama/llama-7b,dummy-lora-7b-rank-128-3,330,50,788.1019514853203
9460,huggyllama/llama-7b,dummy-lora-7b-rank-16-3,578,34,788.1242164409381
9461,huggyllama/llama-7b,dummy-lora-7b-rank-32-0,584,18,788.179813011762
9462,huggyllama/llama-7b,dummy-lora-7b-rank-8-4,104,79,788.2014515278951
9463,huggyllama/llama-7b,dummy-lora-7b-rank-64-1,958,178,788.2482551698855
9464,huggyllama/llama-7b,dummy-lora-7b-rank-128-2,558,25,788.3267571561995
9465,huggyllama/llama-7b,dummy-lora-7b-rank-32-1,568,28,788.3797744247161
9466,huggyllama/llama-7b,dummy-lora-7b-rank-128-1,690,7,788.4052498898103
9467,huggyllama/llama-7b,dummy-lora-7b-rank-16-4,560,11,788.4391214146376
9468,huggyllama/llama-7b,dummy-lora-7b-rank-8-3,535,76,788.4617855112684
9469,huggyllama/llama-7b,dummy-lora-7b-rank-32-4,236,114,788.5245245350567
9470,huggyllama/llama-7b,dummy-lora-7b-rank-128-4,740,3,788.6645443213997
9471,huggyllama/llama-7b,dummy-lora-7b-rank-128-0,295,36,788.6652114318365
9472,huggyllama/llama-7b,dummy-lora-7b-rank-128-4,499,55,788.6680768461486
9473,huggyllama/llama-7b,dummy-lora-7b-rank-128-1,526,5,788.6737667773713
9474,huggyllama/llama-7b,dummy-lora-7b-rank-128-0,558,9,788.7485365871737
9475,huggyllama/llama-7b,dummy-lora-7b-rank-64-2,140,19,788.8197092708551
9476,huggyllama/llama-7b,dummy-lora-7b-rank-32-0,584,7,788.8493064315435
9477,huggyllama/llama-7b,dummy-lora-7b-rank-16-2,452,60,788.8718629875283
9478,huggyllama/llama-7b,dummy-lora-7b-rank-128-3,480,48,788.9059568045028
9479,huggyllama/llama-7b,dummy-lora-7b-rank-32-2,398,81,788.9316642252451
9480,huggyllama/llama-7b,dummy-lora-7b-rank-16-2,552,19,788.9763714688852
9481,huggyllama/llama-7b,dummy-lora-7b-rank-64-3,172,49,788.9808563772845
9482,huggyllama/llama-7b,dummy-lora-7b-rank-128-2,501,12,788.9855758369125
9483,huggyllama/llama-7b,dummy-lora-7b-rank-16-4,637,32,788.998832940632
9484,huggyllama/llama-7b,dummy-lora-7b-rank-128-4,586,36,789.0024076605162
9485,huggyllama/llama-7b,dummy-lora-7b-rank-64-3,683,58,789.0528169530339
9486,huggyllama/llama-7b,dummy-lora-7b-rank-16-2,427,5,789.0879761966588
9487,huggyllama/llama-7b,dummy-lora-7b-rank-128-3,558,23,789.1057644042155
9488,huggyllama/llama-7b,dummy-lora-7b-rank-128-1,888,13,789.1963691269528
9489,huggyllama/llama-7b,dummy-lora-7b-rank-32-2,170,161,789.2268283870604
9490,huggyllama/llama-7b,dummy-lora-7b-rank-8-3,378,6,789.2305842941155
9491,huggyllama/llama-7b,dummy-lora-7b-rank-128-0,236,47,789.2411805397484
9492,huggyllama/llama-7b,dummy-lora-7b-rank-16-2,572,31,789.2609048967433
9493,huggyllama/llama-7b,dummy-lora-7b-rank-16-1,652,18,789.2664070877785
9494,huggyllama/llama-7b,dummy-lora-7b-rank-64-3,617,71,789.3868288399157
9495,huggyllama/llama-7b,dummy-lora-7b-rank-16-3,286,48,789.4079277360818
9496,huggyllama/llama-7b,dummy-lora-7b-rank-128-0,396,51,789.4080200470701
9497,huggyllama/llama-7b,dummy-lora-7b-rank-128-0,562,16,789.4675570691312
9498,huggyllama/llama-7b,dummy-lora-7b-rank-16-1,247,41,789.6686345584657
9499,huggyllama/llama-7b,dummy-lora-7b-rank-128-3,519,8,789.7067442154911
9500,huggyllama/llama-7b,dummy-lora-7b-rank-16-4,560,2,789.901189865819
9501,huggyllama/llama-7b,dummy-lora-7b-rank-128-0,552,21,789.9073437338035
9502,huggyllama/llama-7b,dummy-lora-7b-rank-16-3,557,20,789.9676249641475
9503,huggyllama/llama-7b,dummy-lora-7b-rank-128-2,578,35,789.9862283029495
9504,huggyllama/llama-7b,dummy-lora-7b-rank-128-1,379,11,792.0237347084767
9505,huggyllama/llama-7b,dummy-lora-7b-rank-128-2,556,20,792.0258203393423
9506,huggyllama/llama-7b,dummy-lora-7b-rank-128-1,572,31,792.0772832006603
9507,huggyllama/llama-7b,dummy-lora-7b-rank-128-3,271,48,792.1017099570723
9508,huggyllama/llama-7b,dummy-lora-7b-rank-16-2,301,40,792.1335260748988
9509,huggyllama/llama-7b,dummy-lora-7b-rank-8-4,694,10,792.137152467974
9510,huggyllama/llama-7b,dummy-lora-7b-rank-128-3,605,21,792.24612982548
9511,huggyllama/llama-7b,dummy-lora-7b-rank-8-1,542,190,792.2483133138531
9512,huggyllama/llama-7b,dummy-lora-7b-rank-16-3,676,13,792.3576284201628
9513,huggyllama/llama-7b,dummy-lora-7b-rank-128-4,587,6,792.3683783910069
9514,huggyllama/llama-7b,dummy-lora-7b-rank-128-3,318,39,792.4243916215919
9515,huggyllama/llama-7b,dummy-lora-7b-rank-16-1,540,41,792.5390480327842
9516,huggyllama/llama-7b,dummy-lora-7b-rank-32-1,913,3,792.5669475344722
9517,huggyllama/llama-7b,dummy-lora-7b-rank-16-3,554,49,792.6268331972605
9518,huggyllama/llama-7b,dummy-lora-7b-rank-128-3,237,4,792.6522510532673
9519,huggyllama/llama-7b,dummy-lora-7b-rank-128-2,598,17,792.689170395972
9520,huggyllama/llama-7b,dummy-lora-7b-rank-32-4,539,16,792.6968912950996
9521,huggyllama/llama-7b,dummy-lora-7b-rank-128-2,197,176,792.7315710005862
9522,huggyllama/llama-7b,dummy-lora-7b-rank-128-4,589,51,792.7537900465685
9523,huggyllama/llama-7b,dummy-lora-7b-rank-128-2,133,54,792.7644936682127
9524,huggyllama/llama-7b,dummy-lora-7b-rank-8-0,148,77,792.8395104962483
9525,huggyllama/llama-7b,dummy-lora-7b-rank-128-3,331,55,792.8982728803654
9526,huggyllama/llama-7b,dummy-lora-7b-rank-8-0,573,21,792.9555537905665
9527,huggyllama/llama-7b,dummy-lora-7b-rank-16-3,469,18,792.9812708793688
9528,huggyllama/llama-7b,dummy-lora-7b-rank-128-4,984,48,793.0059195481429
9529,huggyllama/llama-7b,dummy-lora-7b-rank-128-4,544,15,793.0734209390706
9530,huggyllama/llama-7b,dummy-lora-7b-rank-128-1,318,156,793.0910433779563
9531,huggyllama/llama-7b,dummy-lora-7b-rank-64-2,178,41,793.1704711902223
9532,huggyllama/llama-7b,dummy-lora-7b-rank-16-0,739,20,793.195782577302
9533,huggyllama/llama-7b,dummy-lora-7b-rank-32-0,399,6,793.2480782468148
9534,huggyllama/llama-7b,dummy-lora-7b-rank-128-4,307,43,793.2853554002932
9535,huggyllama/llama-7b,dummy-lora-7b-rank-128-0,494,95,793.4008418571865
9536,huggyllama/llama-7b,dummy-lora-7b-rank-128-2,241,41,793.4067728470018
9537,huggyllama/llama-7b,dummy-lora-7b-rank-128-0,80,40,793.4138515785502
9538,huggyllama/llama-7b,dummy-lora-7b-rank-64-4,634,81,793.4302040106193
9539,huggyllama/llama-7b,dummy-lora-7b-rank-128-2,346,84,793.5485012146858
9540,huggyllama/llama-7b,dummy-lora-7b-rank-128-3,672,26,793.5658866770481
9541,huggyllama/llama-7b,dummy-lora-7b-rank-64-0,554,10,793.5814426377999
9542,huggyllama/llama-7b,dummy-lora-7b-rank-16-3,570,30,793.638331434556
9543,huggyllama/llama-7b,dummy-lora-7b-rank-128-4,776,77,793.6582528743572
9544,huggyllama/llama-7b,dummy-lora-7b-rank-128-2,637,42,793.6914447908995
9545,huggyllama/llama-7b,dummy-lora-7b-rank-128-4,365,129,793.7271887397706
9546,huggyllama/llama-7b,dummy-lora-7b-rank-8-2,370,44,793.7361783266339
9547,huggyllama/llama-7b,dummy-lora-7b-rank-16-1,626,55,793.7818680460492
9548,huggyllama/llama-7b,dummy-lora-7b-rank-64-3,552,11,793.7925758443873
9549,huggyllama/llama-7b,dummy-lora-7b-rank-128-3,405,94,793.8160410671425
9550,huggyllama/llama-7b,dummy-lora-7b-rank-128-3,607,23,793.8884425384051
9551,huggyllama/llama-7b,dummy-lora-7b-rank-32-0,654,10,793.919324032828
9552,huggyllama/llama-7b,dummy-lora-7b-rank-128-2,352,51,796.031739614892
9553,huggyllama/llama-7b,dummy-lora-7b-rank-128-1,631,10,796.042112539139
9554,huggyllama/llama-7b,dummy-lora-7b-rank-128-3,473,61,796.0497074729913
9555,huggyllama/llama-7b,dummy-lora-7b-rank-128-1,763,8,796.3755720252258
9556,huggyllama/llama-7b,dummy-lora-7b-rank-8-1,900,10,796.4100019070116
9557,huggyllama/llama-7b,dummy-lora-7b-rank-64-3,597,16,796.4201964798805
9558,huggyllama/llama-7b,dummy-lora-7b-rank-8-4,516,7,796.4436534823021
9559,huggyllama/llama-7b,dummy-lora-7b-rank-128-4,712,87,796.485303883863
9560,huggyllama/llama-7b,dummy-lora-7b-rank-128-0,531,6,796.5958539247614
9561,huggyllama/llama-7b,dummy-lora-7b-rank-32-3,200,70,796.6504158497085
9562,huggyllama/llama-7b,dummy-lora-7b-rank-16-3,491,56,796.6552867524678
9563,huggyllama/llama-7b,dummy-lora-7b-rank-64-4,246,50,796.6917781409485
9564,huggyllama/llama-7b,dummy-lora-7b-rank-16-1,599,19,796.7112114004801
9565,huggyllama/llama-7b,dummy-lora-7b-rank-128-3,289,6,796.7265308297641
9566,huggyllama/llama-7b,dummy-lora-7b-rank-32-0,314,17,796.8270460195512
9567,huggyllama/llama-7b,dummy-lora-7b-rank-64-0,344,32,796.8508775808976
9568,huggyllama/llama-7b,dummy-lora-7b-rank-8-2,704,13,796.8598117625089
9569,huggyllama/llama-7b,dummy-lora-7b-rank-128-1,457,48,796.8742603701199
9570,huggyllama/llama-7b,dummy-lora-7b-rank-64-3,606,50,796.9580051613162
9571,huggyllama/llama-7b,dummy-lora-7b-rank-32-2,552,19,796.9900098998993
9572,huggyllama/llama-7b,dummy-lora-7b-rank-32-4,588,18,797.0003346971591
9573,huggyllama/llama-7b,dummy-lora-7b-rank-128-0,277,48,797.0690598057109
9574,huggyllama/llama-7b,dummy-lora-7b-rank-16-2,550,18,797.0929644245361
9575,huggyllama/llama-7b,dummy-lora-7b-rank-128-2,613,22,797.1894672263126
9576,huggyllama/llama-7b,dummy-lora-7b-rank-64-1,1017,29,797.2105133577562
9577,huggyllama/llama-7b,dummy-lora-7b-rank-128-3,548,17,797.2123366203432
9578,huggyllama/llama-7b,dummy-lora-7b-rank-128-0,600,27,797.2449278171268
9579,huggyllama/llama-7b,dummy-lora-7b-rank-128-1,590,41,797.2710776841814
9580,huggyllama/llama-7b,dummy-lora-7b-rank-128-4,479,9,797.3184887784628
9581,huggyllama/llama-7b,dummy-lora-7b-rank-8-4,330,70,797.3255018115974
9582,huggyllama/llama-7b,dummy-lora-7b-rank-8-1,429,48,797.3285359426279
9583,huggyllama/llama-7b,dummy-lora-7b-rank-16-3,266,67,797.3295944139468
9584,huggyllama/llama-7b,dummy-lora-7b-rank-128-3,570,28,797.3475273500997
9585,huggyllama/llama-7b,dummy-lora-7b-rank-16-0,318,41,797.4536758932486
9586,huggyllama/llama-7b,dummy-lora-7b-rank-128-2,722,30,797.4722689890938
9587,huggyllama/llama-7b,dummy-lora-7b-rank-128-4,605,22,797.4963791199273
9588,huggyllama/llama-7b,dummy-lora-7b-rank-128-0,236,36,797.5160006259638
9589,huggyllama/llama-7b,dummy-lora-7b-rank-64-0,516,51,797.5526416233721
9590,huggyllama/llama-7b,dummy-lora-7b-rank-32-1,646,45,797.5687892079275
9591,huggyllama/llama-7b,dummy-lora-7b-rank-32-2,332,61,797.6312059713994
9592,huggyllama/llama-7b,dummy-lora-7b-rank-32-1,611,16,797.6948868864969
9593,huggyllama/llama-7b,dummy-lora-7b-rank-16-4,448,158,797.8304899763068
9594,huggyllama/llama-7b,dummy-lora-7b-rank-8-0,924,3,797.9273447096691
9595,huggyllama/llama-7b,dummy-lora-7b-rank-128-4,500,44,797.9316140971057
9596,huggyllama/llama-7b,dummy-lora-7b-rank-8-2,765,43,797.9619541276545
9597,huggyllama/llama-7b,dummy-lora-7b-rank-32-1,109,57,797.9626060043333
9598,huggyllama/llama-7b,dummy-lora-7b-rank-128-2,762,51,797.9633814839585
9599,huggyllama/llama-7b,dummy-lora-7b-rank-16-3,467,230,797.9785472468384
9600,huggyllama/llama-7b,dummy-lora-7b-rank-32-4,505,38,800.0293750256852
9601,huggyllama/llama-7b,dummy-lora-7b-rank-128-1,550,17,800.06687896268
9602,huggyllama/llama-7b,dummy-lora-7b-rank-128-1,548,41,800.1258187440905
9603,huggyllama/llama-7b,dummy-lora-7b-rank-16-1,712,14,800.1467798032285
9604,huggyllama/llama-7b,dummy-lora-7b-rank-128-3,453,47,800.1583474542796
9605,huggyllama/llama-7b,dummy-lora-7b-rank-16-0,572,32,800.265489929338
9606,huggyllama/llama-7b,dummy-lora-7b-rank-16-0,711,34,800.3285113749231
9607,huggyllama/llama-7b,dummy-lora-7b-rank-128-2,560,23,800.3619257107533
9608,huggyllama/llama-7b,dummy-lora-7b-rank-128-0,562,16,800.4146495592332
9609,huggyllama/llama-7b,dummy-lora-7b-rank-128-1,661,11,800.4280990450867
9610,huggyllama/llama-7b,dummy-lora-7b-rank-128-1,578,35,800.4458636930912
9611,huggyllama/llama-7b,dummy-lora-7b-rank-8-3,207,47,800.4701368517776
9612,huggyllama/llama-7b,dummy-lora-7b-rank-32-2,755,61,800.4893913998101
9613,huggyllama/llama-7b,dummy-lora-7b-rank-128-4,414,211,800.5525361670387
9614,huggyllama/llama-7b,dummy-lora-7b-rank-128-3,568,27,800.5605891690701
9615,huggyllama/llama-7b,dummy-lora-7b-rank-128-1,961,20,800.5638317111623
9616,huggyllama/llama-7b,dummy-lora-7b-rank-128-2,837,59,800.5903542208985
9617,huggyllama/llama-7b,dummy-lora-7b-rank-8-0,578,31,800.6064343618472
9618,huggyllama/llama-7b,dummy-lora-7b-rank-128-3,848,71,800.6882019161196
9619,huggyllama/llama-7b,dummy-lora-7b-rank-8-1,568,30,800.7289223269833
9620,huggyllama/llama-7b,dummy-lora-7b-rank-128-3,587,13,800.7814369850541
9621,huggyllama/llama-7b,dummy-lora-7b-rank-8-2,558,24,800.9126222211604
9622,huggyllama/llama-7b,dummy-lora-7b-rank-128-3,550,20,800.9144131485132
9623,huggyllama/llama-7b,dummy-lora-7b-rank-32-2,511,58,800.9774554144672
9624,huggyllama/llama-7b,dummy-lora-7b-rank-128-1,329,58,801.1103629112843
9625,huggyllama/llama-7b,dummy-lora-7b-rank-64-3,364,143,801.1692170172876
9626,huggyllama/llama-7b,dummy-lora-7b-rank-16-2,145,51,801.1798635183129
9627,huggyllama/llama-7b,dummy-lora-7b-rank-16-3,625,10,801.2960134022377
9628,huggyllama/llama-7b,dummy-lora-7b-rank-8-1,637,87,801.3698371633947
9629,huggyllama/llama-7b,dummy-lora-7b-rank-128-1,366,187,801.40572734216
9630,huggyllama/llama-7b,dummy-lora-7b-rank-128-2,555,56,801.4535323328055
9631,huggyllama/llama-7b,dummy-lora-7b-rank-128-4,560,23,801.475497240835
9632,huggyllama/llama-7b,dummy-lora-7b-rank-128-1,402,11,801.4957370212592
9633,huggyllama/llama-7b,dummy-lora-7b-rank-128-2,433,12,801.4966217320164
9634,huggyllama/llama-7b,dummy-lora-7b-rank-128-1,558,22,801.5319047407604
9635,huggyllama/llama-7b,dummy-lora-7b-rank-64-3,803,47,801.6538937201236
9636,huggyllama/llama-7b,dummy-lora-7b-rank-128-4,558,22,801.6915121418311
9637,huggyllama/llama-7b,dummy-lora-7b-rank-8-3,215,40,801.7159547492529
9638,huggyllama/llama-7b,dummy-lora-7b-rank-128-0,531,17,801.7636690274112
9639,huggyllama/llama-7b,dummy-lora-7b-rank-32-4,554,12,801.7910353481974
9640,huggyllama/llama-7b,dummy-lora-7b-rank-128-3,681,51,801.822146950948
9641,huggyllama/llama-7b,dummy-lora-7b-rank-64-4,192,49,801.8245032756355
9642,huggyllama/llama-7b,dummy-lora-7b-rank-128-3,899,3,801.8361796058226
9643,huggyllama/llama-7b,dummy-lora-7b-rank-32-4,872,40,801.8369621716255
9644,huggyllama/llama-7b,dummy-lora-7b-rank-8-3,915,114,801.839340738437
9645,huggyllama/llama-7b,dummy-lora-7b-rank-16-0,313,11,801.9347952745104
9646,huggyllama/llama-7b,dummy-lora-7b-rank-16-2,445,43,801.9459703299807
9647,huggyllama/llama-7b,dummy-lora-7b-rank-128-0,550,18,801.9722001094527
9648,huggyllama/llama-7b,dummy-lora-7b-rank-8-4,590,65,804.1201078580425
9649,huggyllama/llama-7b,dummy-lora-7b-rank-128-3,208,123,804.145985448444
9650,huggyllama/llama-7b,dummy-lora-7b-rank-32-1,550,10,804.2033445148569
9651,huggyllama/llama-7b,dummy-lora-7b-rank-32-2,362,53,804.2190207595091
9652,huggyllama/llama-7b,dummy-lora-7b-rank-64-0,574,127,804.2205573928994
9653,huggyllama/llama-7b,dummy-lora-7b-rank-16-2,597,16,804.221853371994
9654,huggyllama/llama-7b,dummy-lora-7b-rank-16-3,424,58,804.2569651889675
9655,huggyllama/llama-7b,dummy-lora-7b-rank-8-1,703,9,804.3136203065196
9656,huggyllama/llama-7b,dummy-lora-7b-rank-64-3,268,6,804.3226998823209
9657,huggyllama/llama-7b,dummy-lora-7b-rank-64-0,833,109,804.3564011282415
9658,huggyllama/llama-7b,dummy-lora-7b-rank-128-2,420,125,804.3696295389706
9659,huggyllama/llama-7b,dummy-lora-7b-rank-64-1,868,9,804.3860143142867
9660,huggyllama/llama-7b,dummy-lora-7b-rank-8-3,497,8,804.3976348883881
9661,huggyllama/llama-7b,dummy-lora-7b-rank-8-4,464,45,804.4001652087691
9662,huggyllama/llama-7b,dummy-lora-7b-rank-128-3,521,14,804.4003616833334
9663,huggyllama/llama-7b,dummy-lora-7b-rank-128-3,590,63,804.4511186115361
9664,huggyllama/llama-7b,dummy-lora-7b-rank-32-0,572,51,804.5425905976697
9665,huggyllama/llama-7b,dummy-lora-7b-rank-8-1,568,25,804.568595577818
9666,huggyllama/llama-7b,dummy-lora-7b-rank-32-3,530,56,804.6570927145194
9667,huggyllama/llama-7b,dummy-lora-7b-rank-8-1,303,58,804.7032453247659
9668,huggyllama/llama-7b,dummy-lora-7b-rank-16-2,578,34,804.7215914735018
9669,huggyllama/llama-7b,dummy-lora-7b-rank-64-3,613,22,804.8145117820702
9670,huggyllama/llama-7b,dummy-lora-7b-rank-8-4,532,47,804.8426160551323
9671,huggyllama/llama-7b,dummy-lora-7b-rank-32-1,432,10,804.9322900283108
9672,huggyllama/llama-7b,dummy-lora-7b-rank-32-4,615,7,804.9496834360518
9673,huggyllama/llama-7b,dummy-lora-7b-rank-64-4,416,49,805.0071869336092
9674,huggyllama/llama-7b,dummy-lora-7b-rank-128-1,556,12,805.0096047616917
9675,huggyllama/llama-7b,dummy-lora-7b-rank-8-3,518,9,805.0096161557202
9676,huggyllama/llama-7b,dummy-lora-7b-rank-128-4,410,37,805.1169595298511
9677,huggyllama/llama-7b,dummy-lora-7b-rank-8-4,627,31,805.2869242867632
9678,huggyllama/llama-7b,dummy-lora-7b-rank-64-2,317,40,805.2953800966586
9679,huggyllama/llama-7b,dummy-lora-7b-rank-128-0,232,43,805.3898792730234
9680,huggyllama/llama-7b,dummy-lora-7b-rank-128-2,588,12,805.4021437918226
9681,huggyllama/llama-7b,dummy-lora-7b-rank-8-3,476,44,805.4173418902043
9682,huggyllama/llama-7b,dummy-lora-7b-rank-128-2,756,34,805.4876656766053
9683,huggyllama/llama-7b,dummy-lora-7b-rank-128-1,279,5,805.491539872275
9684,huggyllama/llama-7b,dummy-lora-7b-rank-8-4,120,44,805.4952983983609
9685,huggyllama/llama-7b,dummy-lora-7b-rank-128-0,497,47,805.5017431207224
9686,huggyllama/llama-7b,dummy-lora-7b-rank-32-4,546,8,805.5058852466306
9687,huggyllama/llama-7b,dummy-lora-7b-rank-128-3,550,2,805.5181885016092
9688,huggyllama/llama-7b,dummy-lora-7b-rank-16-2,311,125,805.5631932293908
9689,huggyllama/llama-7b,dummy-lora-7b-rank-16-0,375,46,805.7395724228219
9690,huggyllama/llama-7b,dummy-lora-7b-rank-128-0,570,20,805.7617209179203
9691,huggyllama/llama-7b,dummy-lora-7b-rank-32-3,391,18,805.821029854111
9692,huggyllama/llama-7b,dummy-lora-7b-rank-16-1,856,116,805.8310693837221
9693,huggyllama/llama-7b,dummy-lora-7b-rank-64-1,888,78,805.8986369162023
9694,huggyllama/llama-7b,dummy-lora-7b-rank-32-1,334,80,805.9564342481851
9695,huggyllama/llama-7b,dummy-lora-7b-rank-64-0,560,13,805.9679518877592
9696,huggyllama/llama-7b,dummy-lora-7b-rank-128-4,343,27,808.0581982739054
9697,huggyllama/llama-7b,dummy-lora-7b-rank-32-1,574,33,808.2178749558747
9698,huggyllama/llama-7b,dummy-lora-7b-rank-128-1,718,124,808.262431919316
9699,huggyllama/llama-7b,dummy-lora-7b-rank-32-4,272,80,808.2671724420927
9700,huggyllama/llama-7b,dummy-lora-7b-rank-128-3,556,21,808.2822856021713
9701,huggyllama/llama-7b,dummy-lora-7b-rank-128-4,580,38,808.3172751137186
9702,huggyllama/llama-7b,dummy-lora-7b-rank-16-2,795,44,808.3436711913101
9703,huggyllama/llama-7b,dummy-lora-7b-rank-128-2,532,5,808.3802074495032
9704,huggyllama/llama-7b,dummy-lora-7b-rank-128-1,456,51,808.4185523204261
9705,huggyllama/llama-7b,dummy-lora-7b-rank-64-1,444,52,808.453627086418
9706,huggyllama/llama-7b,dummy-lora-7b-rank-128-0,118,53,808.4969100063133
9707,huggyllama/llama-7b,dummy-lora-7b-rank-128-3,296,54,808.5145578959717
9708,huggyllama/llama-7b,dummy-lora-7b-rank-64-1,580,13,808.5259192999727
9709,huggyllama/llama-7b,dummy-lora-7b-rank-128-1,528,60,808.5331114920383
9710,huggyllama/llama-7b,dummy-lora-7b-rank-8-1,276,53,808.6124011356245
9711,huggyllama/llama-7b,dummy-lora-7b-rank-16-2,239,84,808.6760739206677
9712,huggyllama/llama-7b,dummy-lora-7b-rank-32-1,594,15,808.7141469940157
9713,huggyllama/llama-7b,dummy-lora-7b-rank-16-2,900,13,808.714363689589
9714,huggyllama/llama-7b,dummy-lora-7b-rank-128-1,554,20,808.8140207456601
9715,huggyllama/llama-7b,dummy-lora-7b-rank-8-4,150,53,808.8164707372041
9716,huggyllama/llama-7b,dummy-lora-7b-rank-128-0,600,29,808.8697329324071
9717,huggyllama/llama-7b,dummy-lora-7b-rank-32-3,558,21,808.8980872384884
9718,huggyllama/llama-7b,dummy-lora-7b-rank-128-4,237,9,808.9249240746378
9719,huggyllama/llama-7b,dummy-lora-7b-rank-32-0,608,86,808.9618011975626
9720,huggyllama/llama-7b,dummy-lora-7b-rank-8-1,409,41,808.9745001002174
9721,huggyllama/llama-7b,dummy-lora-7b-rank-64-1,859,3,808.9956891781438
9722,huggyllama/llama-7b,dummy-lora-7b-rank-16-1,571,52,809.0714821428433
9723,huggyllama/llama-7b,dummy-lora-7b-rank-64-0,599,17,809.1072501326285
9724,huggyllama/llama-7b,dummy-lora-7b-rank-8-4,329,40,809.1096904302096
9725,huggyllama/llama-7b,dummy-lora-7b-rank-128-3,568,27,809.1795152594615
9726,huggyllama/llama-7b,dummy-lora-7b-rank-32-1,554,20,809.1842147077417
9727,huggyllama/llama-7b,dummy-lora-7b-rank-128-3,566,27,809.2321077564094
9728,huggyllama/llama-7b,dummy-lora-7b-rank-128-4,550,18,809.2469784042412
9729,huggyllama/llama-7b,dummy-lora-7b-rank-16-3,50,44,809.2538512678495
9730,huggyllama/llama-7b,dummy-lora-7b-rank-8-1,572,69,809.2617067266958
9731,huggyllama/llama-7b,dummy-lora-7b-rank-128-3,556,24,809.2657773202832
9732,huggyllama/llama-7b,dummy-lora-7b-rank-8-0,301,215,809.2960685713014
9733,huggyllama/llama-7b,dummy-lora-7b-rank-128-4,229,39,809.3717555594757
9734,huggyllama/llama-7b,dummy-lora-7b-rank-16-2,396,54,809.3995297778862
9735,huggyllama/llama-7b,dummy-lora-7b-rank-128-4,629,36,809.5047371071568
9736,huggyllama/llama-7b,dummy-lora-7b-rank-16-2,376,48,809.6289450311328
9737,huggyllama/llama-7b,dummy-lora-7b-rank-8-2,526,5,809.6355852957925
9738,huggyllama/llama-7b,dummy-lora-7b-rank-8-3,417,109,809.72328526333
9739,huggyllama/llama-7b,dummy-lora-7b-rank-16-1,768,77,809.7487056762208
9740,huggyllama/llama-7b,dummy-lora-7b-rank-8-2,853,40,809.7949996665993
9741,huggyllama/llama-7b,dummy-lora-7b-rank-32-1,572,24,809.8067059291593
9742,huggyllama/llama-7b,dummy-lora-7b-rank-16-0,655,79,809.9562162808156
9743,huggyllama/llama-7b,dummy-lora-7b-rank-8-2,202,53,809.9858590674531
9744,huggyllama/llama-7b,dummy-lora-7b-rank-64-0,536,152,812.0208256129822
9745,huggyllama/llama-7b,dummy-lora-7b-rank-128-3,388,57,812.0289964653542
9746,huggyllama/llama-7b,dummy-lora-7b-rank-128-1,429,9,812.0502067744134
9747,huggyllama/llama-7b,dummy-lora-7b-rank-32-1,54,43,812.0590948578567
9748,huggyllama/llama-7b,dummy-lora-7b-rank-128-2,732,5,812.2055601334048
9749,huggyllama/llama-7b,dummy-lora-7b-rank-128-2,103,42,812.2109047003846
9750,huggyllama/llama-7b,dummy-lora-7b-rank-8-1,249,72,812.2132033070462
9751,huggyllama/llama-7b,dummy-lora-7b-rank-8-2,568,9,812.2613683130415
9752,huggyllama/llama-7b,dummy-lora-7b-rank-128-2,297,56,812.3746436515621
9753,huggyllama/llama-7b,dummy-lora-7b-rank-128-0,302,55,812.4329523172859
9754,huggyllama/llama-7b,dummy-lora-7b-rank-64-2,611,25,812.4671323062676
9755,huggyllama/llama-7b,dummy-lora-7b-rank-128-2,579,18,812.4809285053135
9756,huggyllama/llama-7b,dummy-lora-7b-rank-128-0,764,7,812.5359294202759
9757,huggyllama/llama-7b,dummy-lora-7b-rank-64-1,293,27,812.5928661592911
9758,huggyllama/llama-7b,dummy-lora-7b-rank-16-2,639,5,812.6358726194247
9759,huggyllama/llama-7b,dummy-lora-7b-rank-128-1,254,113,812.6361847081389
9760,huggyllama/llama-7b,dummy-lora-7b-rank-128-4,313,34,812.6620809867038
9761,huggyllama/llama-7b,dummy-lora-7b-rank-8-4,689,13,812.718676168454
9762,huggyllama/llama-7b,dummy-lora-7b-rank-16-4,920,60,812.9262327975465
9763,huggyllama/llama-7b,dummy-lora-7b-rank-64-2,572,31,813.0146598917905
9764,huggyllama/llama-7b,dummy-lora-7b-rank-128-4,449,45,813.0341970849188
9765,huggyllama/llama-7b,dummy-lora-7b-rank-128-0,595,3,813.041769859661
9766,huggyllama/llama-7b,dummy-lora-7b-rank-128-3,407,42,813.0507033217436
9767,huggyllama/llama-7b,dummy-lora-7b-rank-128-4,693,43,813.0677723117019
9768,huggyllama/llama-7b,dummy-lora-7b-rank-128-3,802,11,813.0681374520943
9769,huggyllama/llama-7b,dummy-lora-7b-rank-64-1,570,20,813.071567199181
9770,huggyllama/llama-7b,dummy-lora-7b-rank-32-3,133,74,813.1146642703047
9771,huggyllama/llama-7b,dummy-lora-7b-rank-128-1,365,43,813.1483085543175
9772,huggyllama/llama-7b,dummy-lora-7b-rank-128-0,669,38,813.3402677121513
9773,huggyllama/llama-7b,dummy-lora-7b-rank-128-3,337,48,813.3729305043082
9774,huggyllama/llama-7b,dummy-lora-7b-rank-128-0,778,19,813.3866130917863
9775,huggyllama/llama-7b,dummy-lora-7b-rank-16-3,172,42,813.5159516214113
9776,huggyllama/llama-7b,dummy-lora-7b-rank-32-3,54,95,813.5303881781474
9777,huggyllama/llama-7b,dummy-lora-7b-rank-32-1,296,47,813.5476782071736
9778,huggyllama/llama-7b,dummy-lora-7b-rank-32-4,565,68,813.5538326947643
9779,huggyllama/llama-7b,dummy-lora-7b-rank-128-2,350,41,813.5581394442809
9780,huggyllama/llama-7b,dummy-lora-7b-rank-16-2,581,48,813.6060644152453
9781,huggyllama/llama-7b,dummy-lora-7b-rank-16-4,243,7,813.6238972278026
9782,huggyllama/llama-7b,dummy-lora-7b-rank-32-2,530,8,813.64869215061
9783,huggyllama/llama-7b,dummy-lora-7b-rank-16-3,545,63,813.7104140073006
9784,huggyllama/llama-7b,dummy-lora-7b-rank-64-4,681,8,813.769703868224
9785,huggyllama/llama-7b,dummy-lora-7b-rank-32-3,265,98,813.7923018866484
9786,huggyllama/llama-7b,dummy-lora-7b-rank-128-4,59,62,813.8274799205186
9787,huggyllama/llama-7b,dummy-lora-7b-rank-32-2,135,48,813.8447809682127
9788,huggyllama/llama-7b,dummy-lora-7b-rank-8-2,586,39,813.860510759608
9789,huggyllama/llama-7b,dummy-lora-7b-rank-128-1,406,54,813.9002118339909
9790,huggyllama/llama-7b,dummy-lora-7b-rank-8-2,550,17,813.9440756292889
9791,huggyllama/llama-7b,dummy-lora-7b-rank-64-3,556,17,813.9796127748489
9792,huggyllama/llama-7b,dummy-lora-7b-rank-8-4,316,8,816.1124757727583
9793,huggyllama/llama-7b,dummy-lora-7b-rank-128-0,570,28,816.145317631717
9794,huggyllama/llama-7b,dummy-lora-7b-rank-128-4,236,15,816.1679158418957
9795,huggyllama/llama-7b,dummy-lora-7b-rank-32-2,836,38,816.2122326768794
9796,huggyllama/llama-7b,dummy-lora-7b-rank-64-3,344,50,816.2610690596546
9797,huggyllama/llama-7b,dummy-lora-7b-rank-128-2,617,17,816.3625227207293
9798,huggyllama/llama-7b,dummy-lora-7b-rank-128-0,251,94,816.421955930781
9799,huggyllama/llama-7b,dummy-lora-7b-rank-16-1,776,50,816.4240356245566
9800,huggyllama/llama-7b,dummy-lora-7b-rank-128-2,451,5,816.4802996822826
9801,huggyllama/llama-7b,dummy-lora-7b-rank-64-4,496,52,816.4843531455832
9802,huggyllama/llama-7b,dummy-lora-7b-rank-128-0,445,72,816.5310416439991
9803,huggyllama/llama-7b,dummy-lora-7b-rank-64-3,656,2,816.5715086633379
9804,huggyllama/llama-7b,dummy-lora-7b-rank-128-3,316,53,816.5722079659762
9805,huggyllama/llama-7b,dummy-lora-7b-rank-128-2,707,12,816.5832142871282
9806,huggyllama/llama-7b,dummy-lora-7b-rank-16-0,540,10,816.5864567504649
9807,huggyllama/llama-7b,dummy-lora-7b-rank-128-4,556,21,816.6709066829375
9808,huggyllama/llama-7b,dummy-lora-7b-rank-128-2,900,95,816.6818289510682
9809,huggyllama/llama-7b,dummy-lora-7b-rank-64-4,353,48,816.7335309617832
9810,huggyllama/llama-7b,dummy-lora-7b-rank-128-4,262,8,816.8076771323736
9811,huggyllama/llama-7b,dummy-lora-7b-rank-128-1,207,154,816.849272819814
9812,huggyllama/llama-7b,dummy-lora-7b-rank-128-2,380,53,816.8822153592399
9813,huggyllama/llama-7b,dummy-lora-7b-rank-128-0,355,12,816.9126672350463
9814,huggyllama/llama-7b,dummy-lora-7b-rank-64-2,501,36,817.0156269587594
9815,huggyllama/llama-7b,dummy-lora-7b-rank-128-4,373,153,817.0242055627572
9816,huggyllama/llama-7b,dummy-lora-7b-rank-8-1,361,40,817.1178695600063
9817,huggyllama/llama-7b,dummy-lora-7b-rank-128-3,570,9,817.1377930583558
9818,huggyllama/llama-7b,dummy-lora-7b-rank-8-0,486,17,817.1708528198169
9819,huggyllama/llama-7b,dummy-lora-7b-rank-128-1,562,26,817.2103130327955
9820,huggyllama/llama-7b,dummy-lora-7b-rank-64-3,554,20,817.2235870405603
9821,huggyllama/llama-7b,dummy-lora-7b-rank-8-0,619,19,817.3100103008062
9822,huggyllama/llama-7b,dummy-lora-7b-rank-128-1,521,57,817.3266136123797
9823,huggyllama/llama-7b,dummy-lora-7b-rank-128-2,609,8,817.3824553876124
9824,huggyllama/llama-7b,dummy-lora-7b-rank-32-4,671,35,817.3928597787158
9825,huggyllama/llama-7b,dummy-lora-7b-rank-16-3,537,10,817.4231931575847
9826,huggyllama/llama-7b,dummy-lora-7b-rank-32-4,610,37,817.4466001584935
9827,huggyllama/llama-7b,dummy-lora-7b-rank-128-4,600,17,817.4619664994511
9828,huggyllama/llama-7b,dummy-lora-7b-rank-64-1,889,35,817.5668495440821
9829,huggyllama/llama-7b,dummy-lora-7b-rank-8-4,211,112,817.5762279328494
9830,huggyllama/llama-7b,dummy-lora-7b-rank-64-4,524,15,817.6059924512938
9831,huggyllama/llama-7b,dummy-lora-7b-rank-64-3,221,138,817.718302604495
9832,huggyllama/llama-7b,dummy-lora-7b-rank-16-4,507,14,817.7481341057153
9833,huggyllama/llama-7b,dummy-lora-7b-rank-8-1,554,20,817.7664742413565
9834,huggyllama/llama-7b,dummy-lora-7b-rank-128-4,552,11,817.8113506930968
9835,huggyllama/llama-7b,dummy-lora-7b-rank-16-2,554,19,817.8245083264137
9836,huggyllama/llama-7b,dummy-lora-7b-rank-64-2,190,64,817.8640415606371
9837,huggyllama/llama-7b,dummy-lora-7b-rank-128-2,558,14,817.867738846758
9838,huggyllama/llama-7b,dummy-lora-7b-rank-128-4,550,18,817.8969015507688
9839,huggyllama/llama-7b,dummy-lora-7b-rank-8-1,175,53,817.9504466328268
9840,huggyllama/llama-7b,dummy-lora-7b-rank-128-1,597,40,820.0006984017566
9841,huggyllama/llama-7b,dummy-lora-7b-rank-8-4,161,46,820.0251698868736
9842,huggyllama/llama-7b,dummy-lora-7b-rank-8-1,688,19,820.028731206019
9843,huggyllama/llama-7b,dummy-lora-7b-rank-8-3,55,101,820.0291058056796
9844,huggyllama/llama-7b,dummy-lora-7b-rank-128-1,261,4,820.0754069791375
9845,huggyllama/llama-7b,dummy-lora-7b-rank-128-4,590,21,820.3150642006652
9846,huggyllama/llama-7b,dummy-lora-7b-rank-128-1,422,11,820.3544871077208
9847,huggyllama/llama-7b,dummy-lora-7b-rank-128-3,207,138,820.3761175563545
9848,huggyllama/llama-7b,dummy-lora-7b-rank-16-1,613,40,820.4713505388765
9849,huggyllama/llama-7b,dummy-lora-7b-rank-16-4,373,34,820.4788164989227
9850,huggyllama/llama-7b,dummy-lora-7b-rank-128-3,228,55,820.4950226088076
9851,huggyllama/llama-7b,dummy-lora-7b-rank-128-0,572,29,820.5037081385791
9852,huggyllama/llama-7b,dummy-lora-7b-rank-128-1,284,45,820.5506655590566
9853,huggyllama/llama-7b,dummy-lora-7b-rank-16-0,554,10,820.7039802352626
9854,huggyllama/llama-7b,dummy-lora-7b-rank-128-4,913,3,820.7168262270153
9855,huggyllama/llama-7b,dummy-lora-7b-rank-128-4,485,7,820.7365360940273
9856,huggyllama/llama-7b,dummy-lora-7b-rank-128-0,310,65,820.75038475774
9857,huggyllama/llama-7b,dummy-lora-7b-rank-16-4,314,117,820.8085883430657
9858,huggyllama/llama-7b,dummy-lora-7b-rank-128-3,395,5,820.8600493038886
9859,huggyllama/llama-7b,dummy-lora-7b-rank-128-4,550,18,820.8944418082054
9860,huggyllama/llama-7b,dummy-lora-7b-rank-128-2,407,45,821.0224764625707
9861,huggyllama/llama-7b,dummy-lora-7b-rank-64-2,1013,18,821.0414112144199
9862,huggyllama/llama-7b,dummy-lora-7b-rank-16-4,412,84,821.0432627457294
9863,huggyllama/llama-7b,dummy-lora-7b-rank-64-2,587,66,821.0757338839356
9864,huggyllama/llama-7b,dummy-lora-7b-rank-8-0,410,38,821.0809967686009
9865,huggyllama/llama-7b,dummy-lora-7b-rank-16-1,107,29,821.1623936917226
9866,huggyllama/llama-7b,dummy-lora-7b-rank-8-2,603,19,821.1756816219236
9867,huggyllama/llama-7b,dummy-lora-7b-rank-128-3,568,28,821.1891960755486
9868,huggyllama/llama-7b,dummy-lora-7b-rank-32-3,560,23,821.2030233392868
9869,huggyllama/llama-7b,dummy-lora-7b-rank-32-0,337,45,821.2188542560482
9870,huggyllama/llama-7b,dummy-lora-7b-rank-8-2,545,59,821.2195416622526
9871,huggyllama/llama-7b,dummy-lora-7b-rank-16-3,401,6,821.2554755294201
9872,huggyllama/llama-7b,dummy-lora-7b-rank-8-4,462,66,821.2719154838156
9873,huggyllama/llama-7b,dummy-lora-7b-rank-32-4,294,188,821.3289664586836
9874,huggyllama/llama-7b,dummy-lora-7b-rank-128-3,207,3,821.366862083441
9875,huggyllama/llama-7b,dummy-lora-7b-rank-16-4,550,18,821.3749941796245
9876,huggyllama/llama-7b,dummy-lora-7b-rank-128-3,356,12,821.3873347361424
9877,huggyllama/llama-7b,dummy-lora-7b-rank-16-1,178,60,821.4384636857928
9878,huggyllama/llama-7b,dummy-lora-7b-rank-128-4,550,18,821.4821250777957
9879,huggyllama/llama-7b,dummy-lora-7b-rank-64-1,375,46,821.4934482131638
9880,huggyllama/llama-7b,dummy-lora-7b-rank-8-4,188,45,821.6271005655136
9881,huggyllama/llama-7b,dummy-lora-7b-rank-32-2,1016,58,821.627162859888
9882,huggyllama/llama-7b,dummy-lora-7b-rank-128-4,477,5,821.709091620529
9883,huggyllama/llama-7b,dummy-lora-7b-rank-128-4,601,18,821.7733154899029
9884,huggyllama/llama-7b,dummy-lora-7b-rank-128-4,692,6,821.8346366839497
9885,huggyllama/llama-7b,dummy-lora-7b-rank-128-2,187,39,821.9489030806136
9886,huggyllama/llama-7b,dummy-lora-7b-rank-128-1,193,41,821.9584395876689
9887,huggyllama/llama-7b,dummy-lora-7b-rank-16-0,556,21,821.9749846842259
9888,huggyllama/llama-7b,dummy-lora-7b-rank-128-2,556,21,824.0353914008617
9889,huggyllama/llama-7b,dummy-lora-7b-rank-128-3,215,42,824.0456179910894
9890,huggyllama/llama-7b,dummy-lora-7b-rank-128-3,576,34,824.1340191704237
9891,huggyllama/llama-7b,dummy-lora-7b-rank-8-4,554,20,824.1388763114828
9892,huggyllama/llama-7b,dummy-lora-7b-rank-128-2,645,9,824.1402080927556
9893,huggyllama/llama-7b,dummy-lora-7b-rank-128-2,404,50,824.1744766714294
9894,huggyllama/llama-7b,dummy-lora-7b-rank-128-1,126,44,824.1789912301762
9895,huggyllama/llama-7b,dummy-lora-7b-rank-8-1,374,67,824.2174145806948
9896,huggyllama/llama-7b,dummy-lora-7b-rank-128-4,689,89,824.3571390993399
9897,huggyllama/llama-7b,dummy-lora-7b-rank-128-2,326,72,824.3707767052928
9898,huggyllama/llama-7b,dummy-lora-7b-rank-128-2,388,8,824.3749214944216
9899,huggyllama/llama-7b,dummy-lora-7b-rank-128-0,580,16,824.4068580637722
9900,huggyllama/llama-7b,dummy-lora-7b-rank-32-3,586,9,824.4363201295932
9901,huggyllama/llama-7b,dummy-lora-7b-rank-128-0,212,44,824.4784820888067
9902,huggyllama/llama-7b,dummy-lora-7b-rank-32-2,404,62,824.5114755491028
9903,huggyllama/llama-7b,dummy-lora-7b-rank-128-0,566,26,824.5331980554627
9904,huggyllama/llama-7b,dummy-lora-7b-rank-8-4,322,3,824.5386030206231
9905,huggyllama/llama-7b,dummy-lora-7b-rank-128-2,558,25,824.5442643683277
9906,huggyllama/llama-7b,dummy-lora-7b-rank-16-1,514,56,824.6301024102964
9907,huggyllama/llama-7b,dummy-lora-7b-rank-64-2,590,24,824.6396943285598
9908,huggyllama/llama-7b,dummy-lora-7b-rank-32-1,609,22,824.6919714034157
9909,huggyllama/llama-7b,dummy-lora-7b-rank-128-0,450,51,824.8751124844633
9910,huggyllama/llama-7b,dummy-lora-7b-rank-128-3,641,102,824.8762235253656
9911,huggyllama/llama-7b,dummy-lora-7b-rank-128-4,570,31,824.8782503769226
9912,huggyllama/llama-7b,dummy-lora-7b-rank-128-3,248,39,824.9779262824848
9913,huggyllama/llama-7b,dummy-lora-7b-rank-128-3,700,10,825.0117772358011
9914,huggyllama/llama-7b,dummy-lora-7b-rank-32-2,410,13,825.0611746535129
9915,huggyllama/llama-7b,dummy-lora-7b-rank-16-3,666,12,825.1471099141293
9916,huggyllama/llama-7b,dummy-lora-7b-rank-16-3,480,72,825.2069683099606
9917,huggyllama/llama-7b,dummy-lora-7b-rank-16-3,402,60,825.2155436846956
9918,huggyllama/llama-7b,dummy-lora-7b-rank-32-2,590,29,825.2495812800465
9919,huggyllama/llama-7b,dummy-lora-7b-rank-32-2,574,32,825.3111371220622
9920,huggyllama/llama-7b,dummy-lora-7b-rank-16-1,564,25,825.3290264130794
9921,huggyllama/llama-7b,dummy-lora-7b-rank-128-2,232,33,825.3848310375091
9922,huggyllama/llama-7b,dummy-lora-7b-rank-8-3,403,13,825.4048155579311
9923,huggyllama/llama-7b,dummy-lora-7b-rank-8-3,234,12,825.4125838584141
9924,huggyllama/llama-7b,dummy-lora-7b-rank-128-3,812,114,825.4215714830516
9925,huggyllama/llama-7b,dummy-lora-7b-rank-128-1,554,20,825.4724986613131
9926,huggyllama/llama-7b,dummy-lora-7b-rank-64-0,119,41,825.5012462448511
9927,huggyllama/llama-7b,dummy-lora-7b-rank-128-2,406,54,825.5517648148998
9928,huggyllama/llama-7b,dummy-lora-7b-rank-128-1,548,20,825.6385473913563
9929,huggyllama/llama-7b,dummy-lora-7b-rank-128-2,250,49,825.6386376542127
9930,huggyllama/llama-7b,dummy-lora-7b-rank-128-0,970,75,825.719972491642
9931,huggyllama/llama-7b,dummy-lora-7b-rank-128-1,328,44,825.7727519663273
9932,huggyllama/llama-7b,dummy-lora-7b-rank-64-4,854,123,825.8041526391884
9933,huggyllama/llama-7b,dummy-lora-7b-rank-8-0,339,43,825.8429484026233
9934,huggyllama/llama-7b,dummy-lora-7b-rank-128-0,489,12,825.8444633193595
9935,huggyllama/llama-7b,dummy-lora-7b-rank-128-2,272,125,825.934499308153
9936,huggyllama/llama-7b,dummy-lora-7b-rank-32-1,560,23,828.1684522297937
9937,huggyllama/llama-7b,dummy-lora-7b-rank-8-1,569,21,828.2037456377514
9938,huggyllama/llama-7b,dummy-lora-7b-rank-128-2,473,41,828.2186051706731
9939,huggyllama/llama-7b,dummy-lora-7b-rank-16-3,683,133,828.3323605861207
9940,huggyllama/llama-7b,dummy-lora-7b-rank-128-0,665,7,828.3751451738456
9941,huggyllama/llama-7b,dummy-lora-7b-rank-128-1,877,53,828.4444222955574
9942,huggyllama/llama-7b,dummy-lora-7b-rank-8-1,561,25,828.5506179638606
9943,huggyllama/llama-7b,dummy-lora-7b-rank-128-1,247,39,828.5809292165679
9944,huggyllama/llama-7b,dummy-lora-7b-rank-128-0,601,13,828.6393332829655
9945,huggyllama/llama-7b,dummy-lora-7b-rank-16-2,267,58,828.6477915134647
9946,huggyllama/llama-7b,dummy-lora-7b-rank-128-3,564,25,828.6900960770823
9947,huggyllama/llama-7b,dummy-lora-7b-rank-128-4,558,22,828.7151153747028
9948,huggyllama/llama-7b,dummy-lora-7b-rank-64-2,554,22,828.758957402565
9949,huggyllama/llama-7b,dummy-lora-7b-rank-8-2,653,80,828.7991361402302
9950,huggyllama/llama-7b,dummy-lora-7b-rank-8-0,548,17,828.8122612280293
9951,huggyllama/llama-7b,dummy-lora-7b-rank-128-2,544,15,828.8335482322702
9952,huggyllama/llama-7b,dummy-lora-7b-rank-128-1,300,154,828.8381690631562
9953,huggyllama/llama-7b,dummy-lora-7b-rank-16-0,709,216,828.8521031611134
9954,huggyllama/llama-7b,dummy-lora-7b-rank-16-4,554,21,828.8683855679225
9955,huggyllama/llama-7b,dummy-lora-7b-rank-8-4,409,46,828.8927852463382
9956,huggyllama/llama-7b,dummy-lora-7b-rank-16-1,595,21,829.0068201870648
9957,huggyllama/llama-7b,dummy-lora-7b-rank-64-4,261,172,829.0244529871783
9958,huggyllama/llama-7b,dummy-lora-7b-rank-16-4,319,12,829.028115309387
9959,huggyllama/llama-7b,dummy-lora-7b-rank-128-1,509,45,829.0357336239165
9960,huggyllama/llama-7b,dummy-lora-7b-rank-16-0,365,37,829.0454787770998
9961,huggyllama/llama-7b,dummy-lora-7b-rank-128-0,934,9,829.0919604399872
9962,huggyllama/llama-7b,dummy-lora-7b-rank-8-0,202,48,829.120567791651
9963,huggyllama/llama-7b,dummy-lora-7b-rank-128-1,588,20,829.1617435827955
9964,huggyllama/llama-7b,dummy-lora-7b-rank-128-0,699,85,829.2319636903608
9965,huggyllama/llama-7b,dummy-lora-7b-rank-128-3,554,20,829.2946551513041
9966,huggyllama/llama-7b,dummy-lora-7b-rank-128-3,992,191,829.3129122119182
9967,huggyllama/llama-7b,dummy-lora-7b-rank-128-1,231,51,829.3161939564163
9968,huggyllama/llama-7b,dummy-lora-7b-rank-128-1,120,55,829.3605735169556
9969,huggyllama/llama-7b,dummy-lora-7b-rank-128-1,536,4,829.3973607860227
9970,huggyllama/llama-7b,dummy-lora-7b-rank-128-1,138,40,829.4071514429328
9971,huggyllama/llama-7b,dummy-lora-7b-rank-128-1,214,101,829.5479299595795
9972,huggyllama/llama-7b,dummy-lora-7b-rank-128-2,234,2,829.6170984088808
9973,huggyllama/llama-7b,dummy-lora-7b-rank-64-2,562,26,829.6625125878919
9974,huggyllama/llama-7b,dummy-lora-7b-rank-16-1,282,133,829.6878566367151
9975,huggyllama/llama-7b,dummy-lora-7b-rank-32-3,739,32,829.7173579261181
9976,huggyllama/llama-7b,dummy-lora-7b-rank-128-4,420,55,829.7393885175504
9977,huggyllama/llama-7b,dummy-lora-7b-rank-64-3,435,60,829.7820837820408
9978,huggyllama/llama-7b,dummy-lora-7b-rank-128-4,538,9,829.8244605052041
9979,huggyllama/llama-7b,dummy-lora-7b-rank-32-0,111,39,829.8580778392708
9980,huggyllama/llama-7b,dummy-lora-7b-rank-32-4,564,27,829.8888491506057
9981,huggyllama/llama-7b,dummy-lora-7b-rank-16-4,795,42,829.9543631006691
9982,huggyllama/llama-7b,dummy-lora-7b-rank-128-0,621,25,829.9626116651034
9983,huggyllama/llama-7b,dummy-lora-7b-rank-128-1,876,47,829.979771163416
9984,huggyllama/llama-7b,dummy-lora-7b-rank-128-2,443,70,832.0001626524092
9985,huggyllama/llama-7b,dummy-lora-7b-rank-128-3,117,34,832.0447430169618
9986,huggyllama/llama-7b,dummy-lora-7b-rank-16-1,144,53,832.0977237901492
9987,huggyllama/llama-7b,dummy-lora-7b-rank-128-1,570,31,832.123872628236
9988,huggyllama/llama-7b,dummy-lora-7b-rank-128-1,521,9,832.1381186867161
9989,huggyllama/llama-7b,dummy-lora-7b-rank-8-4,552,62,832.1474275483198
9990,huggyllama/llama-7b,dummy-lora-7b-rank-128-4,228,69,832.2066545638683
9991,huggyllama/llama-7b,dummy-lora-7b-rank-32-3,568,30,832.2334751254514
9992,huggyllama/llama-7b,dummy-lora-7b-rank-128-3,352,45,832.2402250186785
9993,huggyllama/llama-7b,dummy-lora-7b-rank-128-4,559,52,832.2509292390653
9994,huggyllama/llama-7b,dummy-lora-7b-rank-64-1,359,111,832.314529650353
9995,huggyllama/llama-7b,dummy-lora-7b-rank-128-2,742,19,832.3383880412237
9996,huggyllama/llama-7b,dummy-lora-7b-rank-32-3,609,20,832.4260731660482
9997,huggyllama/llama-7b,dummy-lora-7b-rank-32-0,554,20,832.4449026024198
9998,huggyllama/llama-7b,dummy-lora-7b-rank-128-1,608,18,832.5393210675848
9999,huggyllama/llama-7b,dummy-lora-7b-rank-8-0,650,14,832.5394092300479
10000,huggyllama/llama-7b,dummy-lora-7b-rank-8-2,383,51,832.6036797163894
10001,huggyllama/llama-7b,dummy-lora-7b-rank-64-0,572,19,832.605430705838
10002,huggyllama/llama-7b,dummy-lora-7b-rank-8-2,477,40,832.6985895957639
10003,huggyllama/llama-7b,dummy-lora-7b-rank-128-1,282,6,832.699926002788
10004,huggyllama/llama-7b,dummy-lora-7b-rank-128-4,208,35,832.7019550211197
10005,huggyllama/llama-7b,dummy-lora-7b-rank-128-1,611,23,832.7282780881158
10006,huggyllama/llama-7b,dummy-lora-7b-rank-16-3,686,231,832.7497911208671
10007,huggyllama/llama-7b,dummy-lora-7b-rank-32-4,446,7,832.7526495032374
10008,huggyllama/llama-7b,dummy-lora-7b-rank-8-3,588,40,832.8868670891534
10009,huggyllama/llama-7b,dummy-lora-7b-rank-64-1,483,52,832.9178302239411
10010,huggyllama/llama-7b,dummy-lora-7b-rank-128-2,558,46,832.927531761073
10011,huggyllama/llama-7b,dummy-lora-7b-rank-128-4,752,6,832.9645801076945
10012,huggyllama/llama-7b,dummy-lora-7b-rank-16-3,496,10,832.9747102582243
10013,huggyllama/llama-7b,dummy-lora-7b-rank-16-3,584,38,833.0652496176593
10014,huggyllama/llama-7b,dummy-lora-7b-rank-32-3,358,117,833.0833080580684
10015,huggyllama/llama-7b,dummy-lora-7b-rank-128-2,582,37,833.117394420667
10016,huggyllama/llama-7b,dummy-lora-7b-rank-32-0,1022,3,833.3638813300854
10017,huggyllama/llama-7b,dummy-lora-7b-rank-128-4,701,10,833.4374304767886
10018,huggyllama/llama-7b,dummy-lora-7b-rank-128-3,829,3,833.4420148910274
10019,huggyllama/llama-7b,dummy-lora-7b-rank-32-1,422,6,833.5247301650478
10020,huggyllama/llama-7b,dummy-lora-7b-rank-128-2,497,51,833.5472441451069
10021,huggyllama/llama-7b,dummy-lora-7b-rank-64-4,280,42,833.5770030321664
10022,huggyllama/llama-7b,dummy-lora-7b-rank-128-1,586,37,833.6513628750196
10023,huggyllama/llama-7b,dummy-lora-7b-rank-128-2,617,96,833.6622124187423
10024,huggyllama/llama-7b,dummy-lora-7b-rank-128-1,301,109,833.7017808049965
10025,huggyllama/llama-7b,dummy-lora-7b-rank-128-3,333,124,833.7348505266556
10026,huggyllama/llama-7b,dummy-lora-7b-rank-64-4,377,52,833.7368312431666
10027,huggyllama/llama-7b,dummy-lora-7b-rank-128-2,232,48,833.7615832392083
10028,huggyllama/llama-7b,dummy-lora-7b-rank-128-4,556,20,833.8295408939674
10029,huggyllama/llama-7b,dummy-lora-7b-rank-128-2,443,193,833.8590732509876
10030,huggyllama/llama-7b,dummy-lora-7b-rank-128-0,554,12,833.8747838907112
10031,huggyllama/llama-7b,dummy-lora-7b-rank-16-2,566,18,833.9600492532084
10032,huggyllama/llama-7b,dummy-lora-7b-rank-128-4,543,6,836.0285965515963
10033,huggyllama/llama-7b,dummy-lora-7b-rank-128-0,275,10,836.0440453971696
10034,huggyllama/llama-7b,dummy-lora-7b-rank-128-4,556,13,836.1082786060733
10035,huggyllama/llama-7b,dummy-lora-7b-rank-128-4,651,54,836.1188297279667
10036,huggyllama/llama-7b,dummy-lora-7b-rank-32-4,610,48,836.1465030149418
10037,huggyllama/llama-7b,dummy-lora-7b-rank-128-2,187,50,836.157666703465
10038,huggyllama/llama-7b,dummy-lora-7b-rank-128-1,268,48,836.1886970611495
10039,huggyllama/llama-7b,dummy-lora-7b-rank-128-3,605,21,836.2127649530876
10040,huggyllama/llama-7b,dummy-lora-7b-rank-128-2,609,2,836.2453566720776
10041,huggyllama/llama-7b,dummy-lora-7b-rank-128-2,526,11,836.3155762171367
10042,huggyllama/llama-7b,dummy-lora-7b-rank-64-1,266,138,836.3786287543545
10043,huggyllama/llama-7b,dummy-lora-7b-rank-128-4,542,15,836.4224890726255
10044,huggyllama/llama-7b,dummy-lora-7b-rank-128-0,619,17,836.4346639061054
10045,huggyllama/llama-7b,dummy-lora-7b-rank-128-1,674,22,836.4660659435126
10046,huggyllama/llama-7b,dummy-lora-7b-rank-128-4,565,55,836.5588273926472
10047,huggyllama/llama-7b,dummy-lora-7b-rank-128-3,390,8,836.6541348941397
10048,huggyllama/llama-7b,dummy-lora-7b-rank-128-0,562,27,836.6691702934187
10049,huggyllama/llama-7b,dummy-lora-7b-rank-128-0,737,83,836.6765461136172
10050,huggyllama/llama-7b,dummy-lora-7b-rank-128-4,919,31,836.6990402857043
10051,huggyllama/llama-7b,dummy-lora-7b-rank-64-3,248,38,836.7275834565245
10052,huggyllama/llama-7b,dummy-lora-7b-rank-128-0,361,64,836.7975933748319
10053,huggyllama/llama-7b,dummy-lora-7b-rank-128-4,877,12,836.9683563528049
10054,huggyllama/llama-7b,dummy-lora-7b-rank-64-1,458,47,837.0004112610142
10055,huggyllama/llama-7b,dummy-lora-7b-rank-16-4,321,44,837.0207006742406
10056,huggyllama/llama-7b,dummy-lora-7b-rank-128-0,118,34,837.0442830584867
10057,huggyllama/llama-7b,dummy-lora-7b-rank-128-4,607,34,837.1198137090197
10058,huggyllama/llama-7b,dummy-lora-7b-rank-128-3,562,27,837.1244639620858
10059,huggyllama/llama-7b,dummy-lora-7b-rank-128-2,361,11,837.2875264910446
10060,huggyllama/llama-7b,dummy-lora-7b-rank-128-1,636,6,837.3524514157428
10061,huggyllama/llama-7b,dummy-lora-7b-rank-64-4,286,51,837.3722333687184
10062,huggyllama/llama-7b,dummy-lora-7b-rank-16-4,234,53,837.4134039976769
10063,huggyllama/llama-7b,dummy-lora-7b-rank-16-0,385,56,837.4242109239104
10064,huggyllama/llama-7b,dummy-lora-7b-rank-8-1,634,27,837.4484714388072
10065,huggyllama/llama-7b,dummy-lora-7b-rank-128-1,492,17,837.453727133322
10066,huggyllama/llama-7b,dummy-lora-7b-rank-128-0,606,2,837.4582698387907
10067,huggyllama/llama-7b,dummy-lora-7b-rank-128-1,460,36,837.473259285402
10068,huggyllama/llama-7b,dummy-lora-7b-rank-128-2,664,46,837.5010596162384
10069,huggyllama/llama-7b,dummy-lora-7b-rank-128-3,348,50,837.5491707144847
10070,huggyllama/llama-7b,dummy-lora-7b-rank-8-2,266,56,837.6179724003998
10071,huggyllama/llama-7b,dummy-lora-7b-rank-16-1,294,10,837.6185192627532
10072,huggyllama/llama-7b,dummy-lora-7b-rank-64-4,562,24,837.6431127178722
10073,huggyllama/llama-7b,dummy-lora-7b-rank-64-4,588,22,837.6837067561374
10074,huggyllama/llama-7b,dummy-lora-7b-rank-128-2,217,50,837.8450622929465
10075,huggyllama/llama-7b,dummy-lora-7b-rank-128-2,302,62,837.8469267959016
10076,huggyllama/llama-7b,dummy-lora-7b-rank-128-0,609,21,837.8553995135456
10077,huggyllama/llama-7b,dummy-lora-7b-rank-128-3,717,45,837.9400762122251
10078,huggyllama/llama-7b,dummy-lora-7b-rank-64-1,667,15,837.9633683314786
10079,huggyllama/llama-7b,dummy-lora-7b-rank-32-0,187,36,837.9825442854603
10080,huggyllama/llama-7b,dummy-lora-7b-rank-64-1,475,70,840.028873510425
10081,huggyllama/llama-7b,dummy-lora-7b-rank-128-0,568,47,840.0646871215961
10082,huggyllama/llama-7b,dummy-lora-7b-rank-128-1,505,10,840.1838555544495
10083,huggyllama/llama-7b,dummy-lora-7b-rank-128-1,394,238,840.27445101045
10084,huggyllama/llama-7b,dummy-lora-7b-rank-8-0,513,10,840.3097496140703
10085,huggyllama/llama-7b,dummy-lora-7b-rank-8-4,740,60,840.3296015701437
10086,huggyllama/llama-7b,dummy-lora-7b-rank-128-1,145,36,840.3595894041299
10087,huggyllama/llama-7b,dummy-lora-7b-rank-128-0,249,46,840.3761853807481
10088,huggyllama/llama-7b,dummy-lora-7b-rank-128-1,540,6,840.4168494514506
10089,huggyllama/llama-7b,dummy-lora-7b-rank-128-0,783,44,840.4779201822545
10090,huggyllama/llama-7b,dummy-lora-7b-rank-128-2,548,17,840.5287229919373
10091,huggyllama/llama-7b,dummy-lora-7b-rank-16-4,602,66,840.5924236501548
10092,huggyllama/llama-7b,dummy-lora-7b-rank-64-1,237,59,840.612475592035
10093,huggyllama/llama-7b,dummy-lora-7b-rank-128-2,322,71,840.6561045861674
10094,huggyllama/llama-7b,dummy-lora-7b-rank-128-0,115,19,840.657732244668
10095,huggyllama/llama-7b,dummy-lora-7b-rank-16-4,423,9,840.6746742405326
10096,huggyllama/llama-7b,dummy-lora-7b-rank-8-3,59,85,840.6989489444835
10097,huggyllama/llama-7b,dummy-lora-7b-rank-64-0,522,5,840.7102215856544
10098,huggyllama/llama-7b,dummy-lora-7b-rank-128-2,542,74,840.785031578542
10099,huggyllama/llama-7b,dummy-lora-7b-rank-8-1,93,49,840.8693921419633
10100,huggyllama/llama-7b,dummy-lora-7b-rank-128-3,312,61,840.9590512048295
10101,huggyllama/llama-7b,dummy-lora-7b-rank-64-4,400,99,841.0672695079235
10102,huggyllama/llama-7b,dummy-lora-7b-rank-128-2,766,66,841.180714571852
10103,huggyllama/llama-7b,dummy-lora-7b-rank-16-2,502,8,841.2039932026868
10104,huggyllama/llama-7b,dummy-lora-7b-rank-32-0,306,8,841.2041557697523
10105,huggyllama/llama-7b,dummy-lora-7b-rank-128-2,568,9,841.2070986221981
10106,huggyllama/llama-7b,dummy-lora-7b-rank-64-1,698,95,841.2624004024525
10107,huggyllama/llama-7b,dummy-lora-7b-rank-128-4,556,13,841.3004824633265
10108,huggyllama/llama-7b,dummy-lora-7b-rank-128-0,850,20,841.3427939196396
10109,huggyllama/llama-7b,dummy-lora-7b-rank-128-2,931,5,841.3754619869474
10110,huggyllama/llama-7b,dummy-lora-7b-rank-128-3,189,51,841.3817966944131
10111,huggyllama/llama-7b,dummy-lora-7b-rank-128-3,550,8,841.3965322206486
10112,huggyllama/llama-7b,dummy-lora-7b-rank-16-1,350,40,841.4024680490978
10113,huggyllama/llama-7b,dummy-lora-7b-rank-128-2,787,63,841.4627461719797
10114,huggyllama/llama-7b,dummy-lora-7b-rank-128-3,245,56,841.4751518757425
10115,huggyllama/llama-7b,dummy-lora-7b-rank-128-4,521,20,841.4831587036241
10116,huggyllama/llama-7b,dummy-lora-7b-rank-128-4,158,135,841.6267547933348
10117,huggyllama/llama-7b,dummy-lora-7b-rank-64-1,486,66,841.6477718320803
10118,huggyllama/llama-7b,dummy-lora-7b-rank-64-1,258,36,841.6535792277392
10119,huggyllama/llama-7b,dummy-lora-7b-rank-128-0,554,2,841.6857152488205
10120,huggyllama/llama-7b,dummy-lora-7b-rank-32-2,548,17,841.7075459089159
10121,huggyllama/llama-7b,dummy-lora-7b-rank-64-1,544,15,841.7340826267076
10122,huggyllama/llama-7b,dummy-lora-7b-rank-128-4,558,25,841.7489937503475
10123,huggyllama/llama-7b,dummy-lora-7b-rank-128-0,558,21,841.7846491205396
10124,huggyllama/llama-7b,dummy-lora-7b-rank-64-4,366,60,841.8212777467566
10125,huggyllama/llama-7b,dummy-lora-7b-rank-128-4,812,39,841.8759191611933
10126,huggyllama/llama-7b,dummy-lora-7b-rank-16-2,603,19,841.8840319154539
10127,huggyllama/llama-7b,dummy-lora-7b-rank-64-2,301,55,841.9005217627166
10128,huggyllama/llama-7b,dummy-lora-7b-rank-128-1,584,41,844.0065328738959
10129,huggyllama/llama-7b,dummy-lora-7b-rank-8-2,562,26,844.0353676368302
10130,huggyllama/llama-7b,dummy-lora-7b-rank-8-2,203,194,844.1398539122611
10131,huggyllama/llama-7b,dummy-lora-7b-rank-8-1,237,41,844.1521205243296
10132,huggyllama/llama-7b,dummy-lora-7b-rank-128-2,686,8,844.2710566738527
10133,huggyllama/llama-7b,dummy-lora-7b-rank-128-4,151,80,844.3083474054254
10134,huggyllama/llama-7b,dummy-lora-7b-rank-8-0,393,89,844.3142263646733
10135,huggyllama/llama-7b,dummy-lora-7b-rank-64-3,423,158,844.3366708179658
10136,huggyllama/llama-7b,dummy-lora-7b-rank-128-0,579,26,844.342910622603
10137,huggyllama/llama-7b,dummy-lora-7b-rank-128-0,88,65,844.4054163460689
10138,huggyllama/llama-7b,dummy-lora-7b-rank-8-1,633,31,844.4592121764093
10139,huggyllama/llama-7b,dummy-lora-7b-rank-16-0,612,91,844.6282030148694
10140,huggyllama/llama-7b,dummy-lora-7b-rank-128-1,157,46,844.6740467521837
10141,huggyllama/llama-7b,dummy-lora-7b-rank-128-0,550,18,844.6909285650654
10142,huggyllama/llama-7b,dummy-lora-7b-rank-64-4,758,227,844.696049213789
10143,huggyllama/llama-7b,dummy-lora-7b-rank-128-2,564,26,844.7659503346102
10144,huggyllama/llama-7b,dummy-lora-7b-rank-128-4,542,14,844.8082611498273
10145,huggyllama/llama-7b,dummy-lora-7b-rank-128-4,552,20,844.8103909877528
10146,huggyllama/llama-7b,dummy-lora-7b-rank-64-4,1019,3,844.8694145710446
10147,huggyllama/llama-7b,dummy-lora-7b-rank-128-2,224,54,844.8763050477992
10148,huggyllama/llama-7b,dummy-lora-7b-rank-16-3,162,56,844.8812974139574
10149,huggyllama/llama-7b,dummy-lora-7b-rank-128-2,390,78,844.8940261494175
10150,huggyllama/llama-7b,dummy-lora-7b-rank-128-2,203,220,844.9357988154638
10151,huggyllama/llama-7b,dummy-lora-7b-rank-64-3,560,23,845.0198406753605
10152,huggyllama/llama-7b,dummy-lora-7b-rank-32-4,558,22,845.3693953535465
10153,huggyllama/llama-7b,dummy-lora-7b-rank-128-0,294,48,845.3808148709103
10154,huggyllama/llama-7b,dummy-lora-7b-rank-16-0,326,8,845.3943398792595
10155,huggyllama/llama-7b,dummy-lora-7b-rank-32-3,253,52,845.4575817419706
10156,huggyllama/llama-7b,dummy-lora-7b-rank-128-0,333,51,845.461396700407
10157,huggyllama/llama-7b,dummy-lora-7b-rank-32-0,359,158,845.5004222510796
10158,huggyllama/llama-7b,dummy-lora-7b-rank-128-4,550,20,845.5337260065604
10159,huggyllama/llama-7b,dummy-lora-7b-rank-32-2,479,40,845.644313208115
10160,huggyllama/llama-7b,dummy-lora-7b-rank-32-1,597,8,845.6518119790866
10161,huggyllama/llama-7b,dummy-lora-7b-rank-128-4,202,34,845.6869979458471
10162,huggyllama/llama-7b,dummy-lora-7b-rank-32-1,213,114,845.7074345271276
10163,huggyllama/llama-7b,dummy-lora-7b-rank-128-1,323,21,845.7456238635772
10164,huggyllama/llama-7b,dummy-lora-7b-rank-32-2,80,31,845.7472638604844
10165,huggyllama/llama-7b,dummy-lora-7b-rank-16-4,985,54,845.7826272096257
10166,huggyllama/llama-7b,dummy-lora-7b-rank-128-0,158,40,845.7848665354028
10167,huggyllama/llama-7b,dummy-lora-7b-rank-64-2,429,66,845.7866252739858
10168,huggyllama/llama-7b,dummy-lora-7b-rank-128-1,677,74,845.8355287832147
10169,huggyllama/llama-7b,dummy-lora-7b-rank-128-0,558,21,845.883416708933
10170,huggyllama/llama-7b,dummy-lora-7b-rank-32-0,713,7,845.9220272113104
10171,huggyllama/llama-7b,dummy-lora-7b-rank-32-4,473,7,845.9562818028006
10172,huggyllama/llama-7b,dummy-lora-7b-rank-32-3,550,18,845.9678692381275
10173,huggyllama/llama-7b,dummy-lora-7b-rank-128-1,217,47,845.9918476121176
10174,huggyllama/llama-7b,dummy-lora-7b-rank-128-2,524,63,845.9938610603025
10175,huggyllama/llama-7b,dummy-lora-7b-rank-16-0,620,14,845.994277088347
10176,huggyllama/llama-7b,dummy-lora-7b-rank-32-1,256,47,848.0129530468811
10177,huggyllama/llama-7b,dummy-lora-7b-rank-128-3,548,17,848.0353422097038
10178,huggyllama/llama-7b,dummy-lora-7b-rank-128-3,414,8,848.0710447184676
10179,huggyllama/llama-7b,dummy-lora-7b-rank-128-0,331,59,848.102900033347
10180,huggyllama/llama-7b,dummy-lora-7b-rank-128-0,482,83,848.2282024415819
10181,huggyllama/llama-7b,dummy-lora-7b-rank-16-0,291,5,848.2648091167163
10182,huggyllama/llama-7b,dummy-lora-7b-rank-128-3,578,35,848.2735471108313
10183,huggyllama/llama-7b,dummy-lora-7b-rank-32-4,724,18,848.4182875402914
10184,huggyllama/llama-7b,dummy-lora-7b-rank-32-1,293,9,848.4488718946593
10185,huggyllama/llama-7b,dummy-lora-7b-rank-8-3,564,27,848.4845937333629
10186,huggyllama/llama-7b,dummy-lora-7b-rank-128-4,615,25,848.5404245021319
10187,huggyllama/llama-7b,dummy-lora-7b-rank-128-2,578,12,848.5411848889361
10188,huggyllama/llama-7b,dummy-lora-7b-rank-8-4,989,3,848.5548278845117
10189,huggyllama/llama-7b,dummy-lora-7b-rank-8-1,570,27,848.59674050914
10190,huggyllama/llama-7b,dummy-lora-7b-rank-8-1,504,6,848.7483693824514
10191,huggyllama/llama-7b,dummy-lora-7b-rank-128-1,915,164,848.7898414777623
10192,huggyllama/llama-7b,dummy-lora-7b-rank-128-4,145,54,848.8059836153813
10193,huggyllama/llama-7b,dummy-lora-7b-rank-128-4,554,20,848.8124199413645
10194,huggyllama/llama-7b,dummy-lora-7b-rank-128-1,414,43,848.84398353393
10195,huggyllama/llama-7b,dummy-lora-7b-rank-128-4,590,23,848.8456492012018
10196,huggyllama/llama-7b,dummy-lora-7b-rank-128-4,574,31,848.8613044447136
10197,huggyllama/llama-7b,dummy-lora-7b-rank-128-0,763,15,848.9078041890642
10198,huggyllama/llama-7b,dummy-lora-7b-rank-64-2,560,25,848.9248830283352
10199,huggyllama/llama-7b,dummy-lora-7b-rank-8-2,344,39,848.9793067532173
10200,huggyllama/llama-7b,dummy-lora-7b-rank-128-3,672,18,849.0417685092181
10201,huggyllama/llama-7b,dummy-lora-7b-rank-16-4,274,37,849.069462333725
10202,huggyllama/llama-7b,dummy-lora-7b-rank-32-4,401,8,849.1039093753142
10203,huggyllama/llama-7b,dummy-lora-7b-rank-128-2,530,46,849.1387668610635
10204,huggyllama/llama-7b,dummy-lora-7b-rank-32-4,385,21,849.2886010969002
10205,huggyllama/llama-7b,dummy-lora-7b-rank-128-4,125,62,849.2970458260711
10206,huggyllama/llama-7b,dummy-lora-7b-rank-128-1,552,18,849.3017087392927
10207,huggyllama/llama-7b,dummy-lora-7b-rank-128-0,324,47,849.3119885850797
10208,huggyllama/llama-7b,dummy-lora-7b-rank-8-0,734,134,849.4034450789399
10209,huggyllama/llama-7b,dummy-lora-7b-rank-128-1,385,7,849.4593438043075
10210,huggyllama/llama-7b,dummy-lora-7b-rank-8-0,613,20,849.5040957074426
10211,huggyllama/llama-7b,dummy-lora-7b-rank-16-0,285,62,849.5169452732193
10212,huggyllama/llama-7b,dummy-lora-7b-rank-16-3,590,35,849.5432121439986
10213,huggyllama/llama-7b,dummy-lora-7b-rank-128-3,649,7,849.6017126140666
10214,huggyllama/llama-7b,dummy-lora-7b-rank-128-3,375,48,849.6256283216533
10215,huggyllama/llama-7b,dummy-lora-7b-rank-16-2,181,12,849.6809224783107
10216,huggyllama/llama-7b,dummy-lora-7b-rank-64-4,317,50,849.7307220968133
10217,huggyllama/llama-7b,dummy-lora-7b-rank-128-1,554,22,849.7644147617851
10218,huggyllama/llama-7b,dummy-lora-7b-rank-128-1,562,24,849.7947892393007
10219,huggyllama/llama-7b,dummy-lora-7b-rank-128-3,396,5,849.8722944219382
10220,huggyllama/llama-7b,dummy-lora-7b-rank-128-4,639,12,849.9356600456833
10221,huggyllama/llama-7b,dummy-lora-7b-rank-128-0,601,18,849.9777552996386
10222,huggyllama/llama-7b,dummy-lora-7b-rank-128-0,566,28,849.9831425788349
10223,huggyllama/llama-7b,dummy-lora-7b-rank-128-4,552,19,849.9873761941791
10224,huggyllama/llama-7b,dummy-lora-7b-rank-8-3,945,15,852.0121728071122
10225,huggyllama/llama-7b,dummy-lora-7b-rank-128-0,592,22,852.0125138503302
10226,huggyllama/llama-7b,dummy-lora-7b-rank-128-4,403,58,852.0402836896922
10227,huggyllama/llama-7b,dummy-lora-7b-rank-64-3,222,15,852.1061225343537
10228,huggyllama/llama-7b,dummy-lora-7b-rank-64-4,280,6,852.1220226440461
10229,huggyllama/llama-7b,dummy-lora-7b-rank-64-0,247,51,852.3027212512703
10230,huggyllama/llama-7b,dummy-lora-7b-rank-128-4,541,50,852.3602527792003
10231,huggyllama/llama-7b,dummy-lora-7b-rank-8-3,609,8,852.3952413295943
10232,huggyllama/llama-7b,dummy-lora-7b-rank-128-0,574,39,852.4643391357555
10233,huggyllama/llama-7b,dummy-lora-7b-rank-128-0,550,18,852.4760509732947
10234,huggyllama/llama-7b,dummy-lora-7b-rank-128-2,843,73,852.4951975181909
10235,huggyllama/llama-7b,dummy-lora-7b-rank-8-2,560,24,852.5529303867509
10236,huggyllama/llama-7b,dummy-lora-7b-rank-64-4,660,28,852.5640759835194
10237,huggyllama/llama-7b,dummy-lora-7b-rank-16-4,578,35,852.6849027917204
10238,huggyllama/llama-7b,dummy-lora-7b-rank-16-1,808,101,852.7181402873198
10239,huggyllama/llama-7b,dummy-lora-7b-rank-8-3,433,45,852.7880137838812
10240,huggyllama/llama-7b,dummy-lora-7b-rank-16-3,638,13,852.9240478194564
10241,huggyllama/llama-7b,dummy-lora-7b-rank-128-0,548,17,852.9493259719961
10242,huggyllama/llama-7b,dummy-lora-7b-rank-128-0,709,7,852.9858036271548
10243,huggyllama/llama-7b,dummy-lora-7b-rank-128-3,560,15,853.0415747252432
10244,huggyllama/llama-7b,dummy-lora-7b-rank-128-4,359,35,853.0602336679839
10245,huggyllama/llama-7b,dummy-lora-7b-rank-16-3,443,53,853.1365634475621
10246,huggyllama/llama-7b,dummy-lora-7b-rank-16-0,612,49,853.1557953533454
10247,huggyllama/llama-7b,dummy-lora-7b-rank-128-4,560,22,853.1569896768143
10248,huggyllama/llama-7b,dummy-lora-7b-rank-8-1,564,26,853.1671305876679
10249,huggyllama/llama-7b,dummy-lora-7b-rank-128-3,570,31,853.1781679545544
10250,huggyllama/llama-7b,dummy-lora-7b-rank-8-1,742,111,853.2014553340174
10251,huggyllama/llama-7b,dummy-lora-7b-rank-128-3,674,14,853.219264961501
10252,huggyllama/llama-7b,dummy-lora-7b-rank-64-1,560,24,853.2912679533434
10253,huggyllama/llama-7b,dummy-lora-7b-rank-8-1,234,42,853.3293832765029
10254,huggyllama/llama-7b,dummy-lora-7b-rank-64-0,558,22,853.3468819972405
10255,huggyllama/llama-7b,dummy-lora-7b-rank-16-3,472,7,853.3709294967823
10256,huggyllama/llama-7b,dummy-lora-7b-rank-16-3,314,12,853.4134066755096
10257,huggyllama/llama-7b,dummy-lora-7b-rank-8-3,613,23,853.4964786147881
10258,huggyllama/llama-7b,dummy-lora-7b-rank-128-1,551,16,853.521995171221
10259,huggyllama/llama-7b,dummy-lora-7b-rank-64-0,389,52,853.5360566794316
10260,huggyllama/llama-7b,dummy-lora-7b-rank-128-4,550,18,853.5368215638175
10261,huggyllama/llama-7b,dummy-lora-7b-rank-16-3,284,42,853.5370726773139
10262,huggyllama/llama-7b,dummy-lora-7b-rank-32-0,325,11,853.5806050906817
10263,huggyllama/llama-7b,dummy-lora-7b-rank-128-2,663,57,853.6614302215238
10264,huggyllama/llama-7b,dummy-lora-7b-rank-8-0,365,46,853.6779987659706
10265,huggyllama/llama-7b,dummy-lora-7b-rank-16-3,222,33,853.6808306827159
10266,huggyllama/llama-7b,dummy-lora-7b-rank-64-0,687,30,853.7898494231805
10267,huggyllama/llama-7b,dummy-lora-7b-rank-16-2,118,42,853.8022905654863
10268,huggyllama/llama-7b,dummy-lora-7b-rank-32-1,554,20,853.8252338868028
10269,huggyllama/llama-7b,dummy-lora-7b-rank-32-0,492,31,853.8382385836238
10270,huggyllama/llama-7b,dummy-lora-7b-rank-128-3,288,51,853.8789521793865
10271,huggyllama/llama-7b,dummy-lora-7b-rank-128-0,562,26,853.911865271805
10272,huggyllama/llama-7b,dummy-lora-7b-rank-128-2,590,21,856.0273175796701
10273,huggyllama/llama-7b,dummy-lora-7b-rank-128-1,566,18,856.0359253517427
10274,huggyllama/llama-7b,dummy-lora-7b-rank-8-4,347,16,856.0392290227443
10275,huggyllama/llama-7b,dummy-lora-7b-rank-128-2,376,50,856.068708006358
10276,huggyllama/llama-7b,dummy-lora-7b-rank-128-2,418,39,856.0953160420383
10277,huggyllama/llama-7b,dummy-lora-7b-rank-128-0,505,55,856.1644305147952
10278,huggyllama/llama-7b,dummy-lora-7b-rank-128-1,310,37,856.1706398583422
10279,huggyllama/llama-7b,dummy-lora-7b-rank-16-4,199,148,856.2071845382378
10280,huggyllama/llama-7b,dummy-lora-7b-rank-128-1,562,10,856.2672567513412
10281,huggyllama/llama-7b,dummy-lora-7b-rank-128-2,107,50,856.2677049264565
10282,huggyllama/llama-7b,dummy-lora-7b-rank-16-4,99,32,856.2760895622813
10283,huggyllama/llama-7b,dummy-lora-7b-rank-8-3,605,18,856.2836343005406
10284,huggyllama/llama-7b,dummy-lora-7b-rank-64-0,138,43,856.3008706869128
10285,huggyllama/llama-7b,dummy-lora-7b-rank-128-0,219,39,856.4171758242908
10286,huggyllama/llama-7b,dummy-lora-7b-rank-128-0,572,67,856.4370896348736
10287,huggyllama/llama-7b,dummy-lora-7b-rank-64-3,291,10,856.5149801241238
10288,huggyllama/llama-7b,dummy-lora-7b-rank-64-0,271,47,856.5813390395226
10289,huggyllama/llama-7b,dummy-lora-7b-rank-128-4,457,8,856.6180555576117
10290,huggyllama/llama-7b,dummy-lora-7b-rank-8-0,606,32,856.6256595909783
10291,huggyllama/llama-7b,dummy-lora-7b-rank-32-2,594,17,856.6964364393183
10292,huggyllama/llama-7b,dummy-lora-7b-rank-128-4,469,12,856.7462714118395
10293,huggyllama/llama-7b,dummy-lora-7b-rank-128-4,597,34,856.8562044273654
10294,huggyllama/llama-7b,dummy-lora-7b-rank-64-0,402,5,856.9208855335957
10295,huggyllama/llama-7b,dummy-lora-7b-rank-128-3,489,52,856.9819729287556
10296,huggyllama/llama-7b,dummy-lora-7b-rank-128-2,235,52,857.0380928472603
10297,huggyllama/llama-7b,dummy-lora-7b-rank-16-3,466,49,857.1154889752119
10298,huggyllama/llama-7b,dummy-lora-7b-rank-16-2,502,6,857.124498384399
10299,huggyllama/llama-7b,dummy-lora-7b-rank-16-3,522,91,857.142802384164
10300,huggyllama/llama-7b,dummy-lora-7b-rank-128-0,150,130,857.1960084921889
10301,huggyllama/llama-7b,dummy-lora-7b-rank-128-1,558,22,857.2431969475442
10302,huggyllama/llama-7b,dummy-lora-7b-rank-16-4,362,170,857.3337438107394
10303,huggyllama/llama-7b,dummy-lora-7b-rank-16-1,649,112,857.3435126548286
10304,huggyllama/llama-7b,dummy-lora-7b-rank-32-0,570,30,857.3944152712291
10305,huggyllama/llama-7b,dummy-lora-7b-rank-128-3,625,33,857.4446281342309
10306,huggyllama/llama-7b,dummy-lora-7b-rank-128-4,588,21,857.4646217313764
10307,huggyllama/llama-7b,dummy-lora-7b-rank-64-0,528,5,857.528718211289
10308,huggyllama/llama-7b,dummy-lora-7b-rank-32-0,550,18,857.555703885422
10309,huggyllama/llama-7b,dummy-lora-7b-rank-16-0,593,18,857.6151084602132
10310,huggyllama/llama-7b,dummy-lora-7b-rank-128-3,480,6,857.6954744485217
10311,huggyllama/llama-7b,dummy-lora-7b-rank-128-4,376,9,857.6976792721821
10312,huggyllama/llama-7b,dummy-lora-7b-rank-16-0,990,11,857.7358177485706
10313,huggyllama/llama-7b,dummy-lora-7b-rank-8-0,574,32,857.7649056735227
10314,huggyllama/llama-7b,dummy-lora-7b-rank-128-3,785,17,857.7763039011858
10315,huggyllama/llama-7b,dummy-lora-7b-rank-128-0,597,16,857.7984061118378
10316,huggyllama/llama-7b,dummy-lora-7b-rank-128-0,609,22,857.9154540460742
10317,huggyllama/llama-7b,dummy-lora-7b-rank-8-4,451,8,857.9510711363879
10318,huggyllama/llama-7b,dummy-lora-7b-rank-128-4,609,18,857.9636163084137
10319,huggyllama/llama-7b,dummy-lora-7b-rank-32-2,337,16,857.9854620815843
10320,huggyllama/llama-7b,dummy-lora-7b-rank-128-1,556,23,860.0479572191194
10321,huggyllama/llama-7b,dummy-lora-7b-rank-128-2,554,22,860.047976387201
10322,huggyllama/llama-7b,dummy-lora-7b-rank-128-1,387,54,860.0626366617374
10323,huggyllama/llama-7b,dummy-lora-7b-rank-64-1,479,51,860.1484024409336
10324,huggyllama/llama-7b,dummy-lora-7b-rank-64-4,776,3,860.1558630335409
10325,huggyllama/llama-7b,dummy-lora-7b-rank-16-4,582,3,860.3155337262624
10326,huggyllama/llama-7b,dummy-lora-7b-rank-32-3,646,96,860.3179399992422
10327,huggyllama/llama-7b,dummy-lora-7b-rank-8-0,359,101,860.3425154612506
10328,huggyllama/llama-7b,dummy-lora-7b-rank-128-0,357,8,860.3532473134584
10329,huggyllama/llama-7b,dummy-lora-7b-rank-8-2,295,7,860.3779525070688
10330,huggyllama/llama-7b,dummy-lora-7b-rank-128-3,276,54,860.5424210508031
10331,huggyllama/llama-7b,dummy-lora-7b-rank-16-0,598,9,860.5889965921862
10332,huggyllama/llama-7b,dummy-lora-7b-rank-16-0,564,2,860.6258145385322
10333,huggyllama/llama-7b,dummy-lora-7b-rank-128-1,488,14,860.6292117302429
10334,huggyllama/llama-7b,dummy-lora-7b-rank-128-0,397,67,860.7344356343809
10335,huggyllama/llama-7b,dummy-lora-7b-rank-128-3,570,30,860.7700907888326
10336,huggyllama/llama-7b,dummy-lora-7b-rank-32-2,569,13,860.8355191543524
10337,huggyllama/llama-7b,dummy-lora-7b-rank-64-0,278,52,860.875803399752
10338,huggyllama/llama-7b,dummy-lora-7b-rank-8-0,308,46,860.9422071467802
10339,huggyllama/llama-7b,dummy-lora-7b-rank-128-3,455,6,860.9873653065168
10340,huggyllama/llama-7b,dummy-lora-7b-rank-32-4,538,8,861.0154417493886
10341,huggyllama/llama-7b,dummy-lora-7b-rank-128-3,560,15,861.0376274559673
10342,huggyllama/llama-7b,dummy-lora-7b-rank-16-1,568,30,861.0450733643681
10343,huggyllama/llama-7b,dummy-lora-7b-rank-8-3,343,35,861.060678989998
10344,huggyllama/llama-7b,dummy-lora-7b-rank-32-4,554,12,861.07031729241
10345,huggyllama/llama-7b,dummy-lora-7b-rank-128-0,516,11,861.1020703543604
10346,huggyllama/llama-7b,dummy-lora-7b-rank-128-2,445,48,861.149180066973
10347,huggyllama/llama-7b,dummy-lora-7b-rank-16-2,964,43,861.1876684145595
10348,huggyllama/llama-7b,dummy-lora-7b-rank-128-1,594,24,861.2744745154063
10349,huggyllama/llama-7b,dummy-lora-7b-rank-128-0,344,47,861.311140903532
10350,huggyllama/llama-7b,dummy-lora-7b-rank-128-2,452,44,861.3381334417221
10351,huggyllama/llama-7b,dummy-lora-7b-rank-8-2,574,32,861.4742169287891
10352,huggyllama/llama-7b,dummy-lora-7b-rank-128-1,451,12,861.5227046400063
10353,huggyllama/llama-7b,dummy-lora-7b-rank-8-1,333,41,861.5504588261479
10354,huggyllama/llama-7b,dummy-lora-7b-rank-128-4,281,6,861.5619956620079
10355,huggyllama/llama-7b,dummy-lora-7b-rank-128-1,554,18,861.6187200592153
10356,huggyllama/llama-7b,dummy-lora-7b-rank-64-1,550,11,861.702072284652
10357,huggyllama/llama-7b,dummy-lora-7b-rank-8-0,558,22,861.7171766673094
10358,huggyllama/llama-7b,dummy-lora-7b-rank-128-3,519,8,861.7481292887891
10359,huggyllama/llama-7b,dummy-lora-7b-rank-64-0,809,163,861.7768014058913
10360,huggyllama/llama-7b,dummy-lora-7b-rank-32-1,195,97,861.7773704955762
10361,huggyllama/llama-7b,dummy-lora-7b-rank-128-0,95,54,861.7863426005475
10362,huggyllama/llama-7b,dummy-lora-7b-rank-32-2,552,32,861.8290302986327
10363,huggyllama/llama-7b,dummy-lora-7b-rank-64-1,601,19,861.918128538954
10364,huggyllama/llama-7b,dummy-lora-7b-rank-128-4,556,21,861.9571052617204
10365,huggyllama/llama-7b,dummy-lora-7b-rank-64-2,578,14,861.9751749726104
10366,huggyllama/llama-7b,dummy-lora-7b-rank-128-0,6,20,861.9766230430945
10367,huggyllama/llama-7b,dummy-lora-7b-rank-128-1,578,50,861.9775613838167
10368,huggyllama/llama-7b,dummy-lora-7b-rank-8-4,120,33,864.092637930167
10369,huggyllama/llama-7b,dummy-lora-7b-rank-8-2,588,10,864.1103317960971
10370,huggyllama/llama-7b,dummy-lora-7b-rank-8-1,578,14,864.1445994753242
10371,huggyllama/llama-7b,dummy-lora-7b-rank-64-3,415,9,864.2342059249186
10372,huggyllama/llama-7b,dummy-lora-7b-rank-128-0,575,19,864.2422165623715
10373,huggyllama/llama-7b,dummy-lora-7b-rank-16-1,688,22,864.2521918576778
10374,huggyllama/llama-7b,dummy-lora-7b-rank-128-2,304,67,864.2816773476816
10375,huggyllama/llama-7b,dummy-lora-7b-rank-32-2,328,36,864.3107789876561
10376,huggyllama/llama-7b,dummy-lora-7b-rank-64-4,522,10,864.3460123645091
10377,huggyllama/llama-7b,dummy-lora-7b-rank-128-4,275,94,864.3626244701492
10378,huggyllama/llama-7b,dummy-lora-7b-rank-64-1,562,16,864.382079992175
10379,huggyllama/llama-7b,dummy-lora-7b-rank-8-2,236,57,864.4276325550563
10380,huggyllama/llama-7b,dummy-lora-7b-rank-128-1,550,18,864.5013731255412
10381,huggyllama/llama-7b,dummy-lora-7b-rank-128-1,166,30,864.5175158480042
10382,huggyllama/llama-7b,dummy-lora-7b-rank-8-4,572,32,864.5775601827219
10383,huggyllama/llama-7b,dummy-lora-7b-rank-64-1,469,132,864.6176896707912
10384,huggyllama/llama-7b,dummy-lora-7b-rank-64-0,775,61,864.6532290676369
10385,huggyllama/llama-7b,dummy-lora-7b-rank-128-4,156,38,864.7186516702253
10386,huggyllama/llama-7b,dummy-lora-7b-rank-8-4,548,17,864.8349217718746
10387,huggyllama/llama-7b,dummy-lora-7b-rank-8-3,193,44,864.8382523984397
10388,huggyllama/llama-7b,dummy-lora-7b-rank-8-4,208,45,864.8848225769894
10389,huggyllama/llama-7b,dummy-lora-7b-rank-32-1,639,58,865.0365956135685
10390,huggyllama/llama-7b,dummy-lora-7b-rank-16-1,554,20,865.0478474502878
10391,huggyllama/llama-7b,dummy-lora-7b-rank-32-1,955,37,865.1006005305845
10392,huggyllama/llama-7b,dummy-lora-7b-rank-128-3,217,42,865.147484100407
10393,huggyllama/llama-7b,dummy-lora-7b-rank-64-1,744,8,865.14938052609
10394,huggyllama/llama-7b,dummy-lora-7b-rank-64-1,666,70,865.1700962609475
10395,huggyllama/llama-7b,dummy-lora-7b-rank-8-2,614,19,865.1995292298797
10396,huggyllama/llama-7b,dummy-lora-7b-rank-32-3,397,137,865.2862955304261
10397,huggyllama/llama-7b,dummy-lora-7b-rank-32-3,388,61,865.2896434651964
10398,huggyllama/llama-7b,dummy-lora-7b-rank-128-1,51,54,865.326194442326
10399,huggyllama/llama-7b,dummy-lora-7b-rank-32-3,469,40,865.4019305020934
10400,huggyllama/llama-7b,dummy-lora-7b-rank-128-1,300,9,865.4373327466085
10401,huggyllama/llama-7b,dummy-lora-7b-rank-64-2,180,116,865.4670752069624
10402,huggyllama/llama-7b,dummy-lora-7b-rank-64-4,748,53,865.5170104440189
10403,huggyllama/llama-7b,dummy-lora-7b-rank-32-4,557,5,865.5466945559384
10404,huggyllama/llama-7b,dummy-lora-7b-rank-128-3,604,28,865.5598526100379
10405,huggyllama/llama-7b,dummy-lora-7b-rank-32-2,90,47,865.5626984469209
10406,huggyllama/llama-7b,dummy-lora-7b-rank-16-1,339,39,865.5683165381197
10407,huggyllama/llama-7b,dummy-lora-7b-rank-8-3,726,97,865.6084097158863
10408,huggyllama/llama-7b,dummy-lora-7b-rank-64-2,195,141,865.6828294997379
10409,huggyllama/llama-7b,dummy-lora-7b-rank-128-1,427,52,865.7405216211059
10410,huggyllama/llama-7b,dummy-lora-7b-rank-128-2,660,34,865.7837676270399
10411,huggyllama/llama-7b,dummy-lora-7b-rank-128-4,552,19,865.7897288446088
10412,huggyllama/llama-7b,dummy-lora-7b-rank-128-4,639,55,865.8159786047511
10413,huggyllama/llama-7b,dummy-lora-7b-rank-128-2,326,4,865.8279236789723
10414,huggyllama/llama-7b,dummy-lora-7b-rank-64-2,310,81,865.8857158898373
10415,huggyllama/llama-7b,dummy-lora-7b-rank-32-3,554,23,865.9314863284409
10416,huggyllama/llama-7b,dummy-lora-7b-rank-8-3,202,3,868.041553370742
10417,huggyllama/llama-7b,dummy-lora-7b-rank-128-0,619,20,868.105911670774
10418,huggyllama/llama-7b,dummy-lora-7b-rank-16-2,562,26,868.1123903033374
10419,huggyllama/llama-7b,dummy-lora-7b-rank-128-0,567,24,868.1388739477947
10420,huggyllama/llama-7b,dummy-lora-7b-rank-8-4,554,12,868.1946651995191
10421,huggyllama/llama-7b,dummy-lora-7b-rank-8-3,649,246,868.2609214857406
10422,huggyllama/llama-7b,dummy-lora-7b-rank-128-1,558,23,868.312962687124
10423,huggyllama/llama-7b,dummy-lora-7b-rank-128-1,614,22,868.3865747456374
10424,huggyllama/llama-7b,dummy-lora-7b-rank-128-1,394,50,868.4542490325275
10425,huggyllama/llama-7b,dummy-lora-7b-rank-128-3,553,18,868.4549200317701
10426,huggyllama/llama-7b,dummy-lora-7b-rank-128-3,675,62,868.4611106305387
10427,huggyllama/llama-7b,dummy-lora-7b-rank-8-3,401,49,868.501867584773
10428,huggyllama/llama-7b,dummy-lora-7b-rank-128-3,170,111,868.5271483151926
10429,huggyllama/llama-7b,dummy-lora-7b-rank-8-4,507,112,868.5325430061041
10430,huggyllama/llama-7b,dummy-lora-7b-rank-64-0,79,35,868.5490010519558
10431,huggyllama/llama-7b,dummy-lora-7b-rank-128-3,578,33,868.5652470443786
10432,huggyllama/llama-7b,dummy-lora-7b-rank-8-0,646,9,868.5696164515622
10433,huggyllama/llama-7b,dummy-lora-7b-rank-16-3,896,98,868.6235987015009
10434,huggyllama/llama-7b,dummy-lora-7b-rank-128-4,613,26,868.6482608326835
10435,huggyllama/llama-7b,dummy-lora-7b-rank-32-2,234,45,868.8112963847875
10436,huggyllama/llama-7b,dummy-lora-7b-rank-8-1,558,19,868.8456348528745
10437,huggyllama/llama-7b,dummy-lora-7b-rank-32-3,392,128,868.8713340163013
10438,huggyllama/llama-7b,dummy-lora-7b-rank-8-1,281,44,868.8812847107771
10439,huggyllama/llama-7b,dummy-lora-7b-rank-16-3,380,43,868.9006384064849
10440,huggyllama/llama-7b,dummy-lora-7b-rank-128-4,115,49,868.9321544745717
10441,huggyllama/llama-7b,dummy-lora-7b-rank-128-2,264,121,868.993160312039
10442,huggyllama/llama-7b,dummy-lora-7b-rank-64-0,558,24,869.0748872286543
10443,huggyllama/llama-7b,dummy-lora-7b-rank-128-0,948,81,869.0876233088662
10444,huggyllama/llama-7b,dummy-lora-7b-rank-64-2,550,18,869.1988877106513
10445,huggyllama/llama-7b,dummy-lora-7b-rank-128-1,548,17,869.2092017291156
10446,huggyllama/llama-7b,dummy-lora-7b-rank-128-3,580,100,869.2252768640844
10447,huggyllama/llama-7b,dummy-lora-7b-rank-64-4,485,63,869.2422986369589
10448,huggyllama/llama-7b,dummy-lora-7b-rank-128-0,538,10,869.2806729458893
10449,huggyllama/llama-7b,dummy-lora-7b-rank-128-2,558,25,869.3132313910907
10450,huggyllama/llama-7b,dummy-lora-7b-rank-16-3,658,9,869.4006163649268
10451,huggyllama/llama-7b,dummy-lora-7b-rank-128-2,262,51,869.4031351463349
10452,huggyllama/llama-7b,dummy-lora-7b-rank-128-3,570,30,869.468460362881
10453,huggyllama/llama-7b,dummy-lora-7b-rank-128-4,921,38,869.5472711042385
10454,huggyllama/llama-7b,dummy-lora-7b-rank-16-0,489,4,869.5506531929306
10455,huggyllama/llama-7b,dummy-lora-7b-rank-8-4,714,15,869.5669514767303
10456,huggyllama/llama-7b,dummy-lora-7b-rank-128-2,328,6,869.6531602879323
10457,huggyllama/llama-7b,dummy-lora-7b-rank-128-4,229,56,869.6684886448074
10458,huggyllama/llama-7b,dummy-lora-7b-rank-128-2,228,58,869.821280325899
10459,huggyllama/llama-7b,dummy-lora-7b-rank-128-1,411,4,869.851163147859
10460,huggyllama/llama-7b,dummy-lora-7b-rank-32-0,612,38,869.85695182675
10461,huggyllama/llama-7b,dummy-lora-7b-rank-32-3,234,161,869.9083038721684
10462,huggyllama/llama-7b,dummy-lora-7b-rank-32-3,329,17,869.9345393550575
10463,huggyllama/llama-7b,dummy-lora-7b-rank-128-4,608,18,869.9799767036342
10464,huggyllama/llama-7b,dummy-lora-7b-rank-128-4,633,59,872.0597902206441
10465,huggyllama/llama-7b,dummy-lora-7b-rank-128-2,552,19,872.1119841928075
10466,huggyllama/llama-7b,dummy-lora-7b-rank-128-2,847,49,872.1476586181927
10467,huggyllama/llama-7b,dummy-lora-7b-rank-16-4,578,36,872.1488394290441
10468,huggyllama/llama-7b,dummy-lora-7b-rank-128-3,103,42,872.2007770598708
10469,huggyllama/llama-7b,dummy-lora-7b-rank-128-4,558,22,872.2292206772172
10470,huggyllama/llama-7b,dummy-lora-7b-rank-128-0,755,9,872.253903668738
10471,huggyllama/llama-7b,dummy-lora-7b-rank-32-1,513,50,872.3132501207302
10472,huggyllama/llama-7b,dummy-lora-7b-rank-128-0,385,145,872.328360557841
10473,huggyllama/llama-7b,dummy-lora-7b-rank-128-4,195,53,872.3293498824739
10474,huggyllama/llama-7b,dummy-lora-7b-rank-32-2,641,7,872.4108161682869
10475,huggyllama/llama-7b,dummy-lora-7b-rank-16-3,605,15,872.4580943188571
10476,huggyllama/llama-7b,dummy-lora-7b-rank-32-1,426,39,872.489546205687
10477,huggyllama/llama-7b,dummy-lora-7b-rank-32-0,579,5,872.5019667084792
10478,huggyllama/llama-7b,dummy-lora-7b-rank-128-3,317,57,872.5033971724258
10479,huggyllama/llama-7b,dummy-lora-7b-rank-8-4,525,12,872.5811616028545
10480,huggyllama/llama-7b,dummy-lora-7b-rank-128-2,609,22,872.638134964552
10481,huggyllama/llama-7b,dummy-lora-7b-rank-8-4,446,46,872.6566146937189
10482,huggyllama/llama-7b,dummy-lora-7b-rank-64-3,621,24,872.729045889014
10483,huggyllama/llama-7b,dummy-lora-7b-rank-16-3,271,43,872.7349724619258
10484,huggyllama/llama-7b,dummy-lora-7b-rank-16-2,607,8,872.8041401156557
10485,huggyllama/llama-7b,dummy-lora-7b-rank-16-2,558,21,872.9965966882969
10486,huggyllama/llama-7b,dummy-lora-7b-rank-16-1,694,10,873.0494956479695
10487,huggyllama/llama-7b,dummy-lora-7b-rank-128-1,610,12,873.072995152472
10488,huggyllama/llama-7b,dummy-lora-7b-rank-16-1,655,172,873.0889847005108
10489,huggyllama/llama-7b,dummy-lora-7b-rank-128-4,596,56,873.113013933919
10490,huggyllama/llama-7b,dummy-lora-7b-rank-128-4,548,15,873.12440203453
10491,huggyllama/llama-7b,dummy-lora-7b-rank-128-2,505,7,873.1771661956434
10492,huggyllama/llama-7b,dummy-lora-7b-rank-8-1,339,117,873.1775832721888
10493,huggyllama/llama-7b,dummy-lora-7b-rank-128-0,362,59,873.2199138643861
10494,huggyllama/llama-7b,dummy-lora-7b-rank-64-2,584,14,873.2209319435575
10495,huggyllama/llama-7b,dummy-lora-7b-rank-128-3,372,59,873.2266366485281
10496,huggyllama/llama-7b,dummy-lora-7b-rank-32-4,546,16,873.2350051639118
10497,huggyllama/llama-7b,dummy-lora-7b-rank-128-3,324,54,873.269511180151
10498,huggyllama/llama-7b,dummy-lora-7b-rank-32-3,556,23,873.2739134217685
10499,huggyllama/llama-7b,dummy-lora-7b-rank-128-4,317,46,873.2805210985765
10500,huggyllama/llama-7b,dummy-lora-7b-rank-128-4,386,15,873.3152608719249
10501,huggyllama/llama-7b,dummy-lora-7b-rank-128-3,530,9,873.4250066423436
10502,huggyllama/llama-7b,dummy-lora-7b-rank-128-3,113,38,873.4342414826768
10503,huggyllama/llama-7b,dummy-lora-7b-rank-16-0,366,42,873.5018866040529
10504,huggyllama/llama-7b,dummy-lora-7b-rank-128-4,159,44,873.6487845113011
10505,huggyllama/llama-7b,dummy-lora-7b-rank-128-3,346,70,873.6702964022725
10506,huggyllama/llama-7b,dummy-lora-7b-rank-8-4,536,47,873.7537960616268
10507,huggyllama/llama-7b,dummy-lora-7b-rank-128-3,317,120,873.7962127194386
10508,huggyllama/llama-7b,dummy-lora-7b-rank-128-1,550,18,873.871079390564
10509,huggyllama/llama-7b,dummy-lora-7b-rank-128-4,556,21,873.9350402215663
10510,huggyllama/llama-7b,dummy-lora-7b-rank-128-0,332,5,873.9775532834312
10511,huggyllama/llama-7b,dummy-lora-7b-rank-128-2,304,76,873.9909754010587
10512,huggyllama/llama-7b,dummy-lora-7b-rank-128-4,564,21,876.0537033828479
10513,huggyllama/llama-7b,dummy-lora-7b-rank-8-0,101,35,876.095168841965
10514,huggyllama/llama-7b,dummy-lora-7b-rank-64-2,552,18,876.1173630056901
10515,huggyllama/llama-7b,dummy-lora-7b-rank-128-2,554,9,876.136889338402
10516,huggyllama/llama-7b,dummy-lora-7b-rank-8-4,772,56,876.1423454080207
10517,huggyllama/llama-7b,dummy-lora-7b-rank-8-0,554,29,876.1744352952909
10518,huggyllama/llama-7b,dummy-lora-7b-rank-128-4,318,6,876.1933678146563
10519,huggyllama/llama-7b,dummy-lora-7b-rank-8-1,550,19,876.2500169806028
10520,huggyllama/llama-7b,dummy-lora-7b-rank-64-4,585,4,876.3011750439767
10521,huggyllama/llama-7b,dummy-lora-7b-rank-128-4,567,207,876.308712094964
10522,huggyllama/llama-7b,dummy-lora-7b-rank-32-4,566,28,876.3424486505364
10523,huggyllama/llama-7b,dummy-lora-7b-rank-128-1,265,52,876.3553686875567
10524,huggyllama/llama-7b,dummy-lora-7b-rank-32-2,558,24,876.4869277781452
10525,huggyllama/llama-7b,dummy-lora-7b-rank-128-0,502,15,876.5732429670998
10526,huggyllama/llama-7b,dummy-lora-7b-rank-32-4,1013,101,876.6231732867616
10527,huggyllama/llama-7b,dummy-lora-7b-rank-16-3,104,25,876.6504111280941
10528,huggyllama/llama-7b,dummy-lora-7b-rank-8-0,264,156,876.6838230502981
10529,huggyllama/llama-7b,dummy-lora-7b-rank-16-1,564,25,876.6870435830677
10530,huggyllama/llama-7b,dummy-lora-7b-rank-8-2,598,12,876.6911550711262
10531,huggyllama/llama-7b,dummy-lora-7b-rank-128-0,376,46,876.7312053775128
10532,huggyllama/llama-7b,dummy-lora-7b-rank-128-3,603,18,876.8539044025615
10533,huggyllama/llama-7b,dummy-lora-7b-rank-128-4,92,49,876.8553816489192
10534,huggyllama/llama-7b,dummy-lora-7b-rank-128-4,548,14,876.8892254324668
10535,huggyllama/llama-7b,dummy-lora-7b-rank-128-1,560,23,876.9007528344082
10536,huggyllama/llama-7b,dummy-lora-7b-rank-128-3,558,22,876.9952996872204
10537,huggyllama/llama-7b,dummy-lora-7b-rank-64-0,306,48,877.0343872420295
10538,huggyllama/llama-7b,dummy-lora-7b-rank-32-3,80,28,877.1184712714355
10539,huggyllama/llama-7b,dummy-lora-7b-rank-128-1,955,42,877.1321033513414
10540,huggyllama/llama-7b,dummy-lora-7b-rank-8-2,425,7,877.1723375624282
10541,huggyllama/llama-7b,dummy-lora-7b-rank-128-2,422,125,877.2350689047375
10542,huggyllama/llama-7b,dummy-lora-7b-rank-128-4,225,55,877.2574651437119
10543,huggyllama/llama-7b,dummy-lora-7b-rank-32-2,560,13,877.3055876972071
10544,huggyllama/llama-7b,dummy-lora-7b-rank-128-4,599,48,877.379986747804
10545,huggyllama/llama-7b,dummy-lora-7b-rank-128-1,424,7,877.4234838586765
10546,huggyllama/llama-7b,dummy-lora-7b-rank-64-4,361,42,877.4697382218186
10547,huggyllama/llama-7b,dummy-lora-7b-rank-128-1,544,15,877.4882310284827
10548,huggyllama/llama-7b,dummy-lora-7b-rank-128-3,204,52,877.5751700630007
10549,huggyllama/llama-7b,dummy-lora-7b-rank-64-4,552,21,877.5956886466496
10550,huggyllama/llama-7b,dummy-lora-7b-rank-64-3,515,7,877.6028678461989
10551,huggyllama/llama-7b,dummy-lora-7b-rank-128-3,592,23,877.6102662490327
10552,huggyllama/llama-7b,dummy-lora-7b-rank-128-0,556,21,877.729930338708
10553,huggyllama/llama-7b,dummy-lora-7b-rank-128-4,262,3,877.7429089285382
10554,huggyllama/llama-7b,dummy-lora-7b-rank-16-1,826,15,877.7700285588115
10555,huggyllama/llama-7b,dummy-lora-7b-rank-32-3,647,57,877.818497013513
10556,huggyllama/llama-7b,dummy-lora-7b-rank-128-3,579,21,877.8712263617028
10557,huggyllama/llama-7b,dummy-lora-7b-rank-128-3,386,8,877.8723342192083
10558,huggyllama/llama-7b,dummy-lora-7b-rank-128-2,554,22,877.8841678777227
10559,huggyllama/llama-7b,dummy-lora-7b-rank-16-3,343,123,877.9857721459921
10560,huggyllama/llama-7b,dummy-lora-7b-rank-128-2,611,8,880.0283646182563
10561,huggyllama/llama-7b,dummy-lora-7b-rank-16-4,265,63,880.0836563267861
10562,huggyllama/llama-7b,dummy-lora-7b-rank-16-4,572,29,880.0942221692736
10563,huggyllama/llama-7b,dummy-lora-7b-rank-128-4,570,14,880.1986770564357
10564,huggyllama/llama-7b,dummy-lora-7b-rank-16-4,609,8,880.2178544904051
10565,huggyllama/llama-7b,dummy-lora-7b-rank-8-0,527,46,880.2784326701009
10566,huggyllama/llama-7b,dummy-lora-7b-rank-32-1,113,44,880.3444084703632
10567,huggyllama/llama-7b,dummy-lora-7b-rank-128-0,550,23,880.3794317319706
10568,huggyllama/llama-7b,dummy-lora-7b-rank-8-2,749,145,880.401137399448
10569,huggyllama/llama-7b,dummy-lora-7b-rank-8-3,182,49,880.4598946101238
10570,huggyllama/llama-7b,dummy-lora-7b-rank-32-0,556,24,880.4635349979308
10571,huggyllama/llama-7b,dummy-lora-7b-rank-128-2,602,29,880.4748735855408
10572,huggyllama/llama-7b,dummy-lora-7b-rank-64-1,606,32,880.5544569923734
10573,huggyllama/llama-7b,dummy-lora-7b-rank-64-1,595,22,880.6784116924874
10574,huggyllama/llama-7b,dummy-lora-7b-rank-32-1,712,25,880.7652231150664
10575,huggyllama/llama-7b,dummy-lora-7b-rank-128-4,860,44,880.7667792499698
10576,huggyllama/llama-7b,dummy-lora-7b-rank-128-0,595,7,880.7793566091626
10577,huggyllama/llama-7b,dummy-lora-7b-rank-128-4,205,58,880.7830156004583
10578,huggyllama/llama-7b,dummy-lora-7b-rank-8-3,498,45,880.9216230659088
10579,huggyllama/llama-7b,dummy-lora-7b-rank-128-1,601,20,880.9317087375839
10580,huggyllama/llama-7b,dummy-lora-7b-rank-128-3,753,7,880.9347744427821
10581,huggyllama/llama-7b,dummy-lora-7b-rank-128-0,587,3,880.9611130225119
10582,huggyllama/llama-7b,dummy-lora-7b-rank-32-3,362,120,881.0068338712638
10583,huggyllama/llama-7b,dummy-lora-7b-rank-128-1,607,45,881.0180126673199
10584,huggyllama/llama-7b,dummy-lora-7b-rank-128-0,317,14,881.0444394833411
10585,huggyllama/llama-7b,dummy-lora-7b-rank-128-3,557,15,881.0525822865941
10586,huggyllama/llama-7b,dummy-lora-7b-rank-128-4,128,48,881.0729430449699
10587,huggyllama/llama-7b,dummy-lora-7b-rank-32-1,648,51,881.0978043979086
10588,huggyllama/llama-7b,dummy-lora-7b-rank-16-1,566,26,881.1019276578761
10589,huggyllama/llama-7b,dummy-lora-7b-rank-8-0,578,72,881.1080251797863
10590,huggyllama/llama-7b,dummy-lora-7b-rank-128-1,737,100,881.1379558829345
10591,huggyllama/llama-7b,dummy-lora-7b-rank-64-2,622,57,881.2293380536443
10592,huggyllama/llama-7b,dummy-lora-7b-rank-128-2,554,20,881.2912163076363
10593,huggyllama/llama-7b,dummy-lora-7b-rank-128-2,610,18,881.2924314268575
10594,huggyllama/llama-7b,dummy-lora-7b-rank-32-4,211,47,881.3733500946006
10595,huggyllama/llama-7b,dummy-lora-7b-rank-32-3,560,2,881.4372496869663
10596,huggyllama/llama-7b,dummy-lora-7b-rank-128-3,108,69,881.4381270338043
10597,huggyllama/llama-7b,dummy-lora-7b-rank-128-4,556,13,881.4505523118729
10598,huggyllama/llama-7b,dummy-lora-7b-rank-16-2,270,178,881.4727988939032
10599,huggyllama/llama-7b,dummy-lora-7b-rank-64-4,566,27,881.4740791308784
10600,huggyllama/llama-7b,dummy-lora-7b-rank-128-3,179,52,881.5268338208888
10601,huggyllama/llama-7b,dummy-lora-7b-rank-128-4,550,18,881.6088899883035
10602,huggyllama/llama-7b,dummy-lora-7b-rank-32-3,300,105,881.7053181334595
10603,huggyllama/llama-7b,dummy-lora-7b-rank-64-2,204,76,881.8334701330812
10604,huggyllama/llama-7b,dummy-lora-7b-rank-128-3,548,17,881.8677719906929
10605,huggyllama/llama-7b,dummy-lora-7b-rank-8-4,603,19,881.8915962131609
10606,huggyllama/llama-7b,dummy-lora-7b-rank-64-1,987,100,881.8957292337245
10607,huggyllama/llama-7b,dummy-lora-7b-rank-128-0,60,89,881.9742159859455
10608,huggyllama/llama-7b,dummy-lora-7b-rank-64-3,98,86,884.0939705066521
10609,huggyllama/llama-7b,dummy-lora-7b-rank-128-2,256,62,884.2846037694428
10610,huggyllama/llama-7b,dummy-lora-7b-rank-128-3,457,56,884.3355711884315
10611,huggyllama/llama-7b,dummy-lora-7b-rank-128-4,899,16,884.3527514005867
10612,huggyllama/llama-7b,dummy-lora-7b-rank-8-3,552,11,884.3619124219578
10613,huggyllama/llama-7b,dummy-lora-7b-rank-128-4,793,13,884.3708197038749
10614,huggyllama/llama-7b,dummy-lora-7b-rank-64-2,848,8,884.370962158423
10615,huggyllama/llama-7b,dummy-lora-7b-rank-16-4,444,39,884.4064626218651
10616,huggyllama/llama-7b,dummy-lora-7b-rank-64-0,570,24,884.4150137548093
10617,huggyllama/llama-7b,dummy-lora-7b-rank-16-1,359,56,884.4544078185205
10618,huggyllama/llama-7b,dummy-lora-7b-rank-32-4,623,23,884.5193868918486
10619,huggyllama/llama-7b,dummy-lora-7b-rank-64-4,540,10,884.5528660149807
10620,huggyllama/llama-7b,dummy-lora-7b-rank-8-2,240,108,884.5535507167641
10621,huggyllama/llama-7b,dummy-lora-7b-rank-128-1,325,126,884.5552042165673
10622,huggyllama/llama-7b,dummy-lora-7b-rank-128-1,568,27,884.6565928125373
10623,huggyllama/llama-7b,dummy-lora-7b-rank-32-0,550,11,884.742601349119
10624,huggyllama/llama-7b,dummy-lora-7b-rank-64-2,558,22,884.9584338148056
10625,huggyllama/llama-7b,dummy-lora-7b-rank-16-2,417,66,885.0384010776305
10626,huggyllama/llama-7b,dummy-lora-7b-rank-16-3,381,6,885.082381163863
10627,huggyllama/llama-7b,dummy-lora-7b-rank-128-2,605,18,885.1177276487057
10628,huggyllama/llama-7b,dummy-lora-7b-rank-128-4,565,72,885.126553685458
10629,huggyllama/llama-7b,dummy-lora-7b-rank-16-2,416,159,885.2029717472491
10630,huggyllama/llama-7b,dummy-lora-7b-rank-16-4,504,23,885.2416197367982
10631,huggyllama/llama-7b,dummy-lora-7b-rank-128-0,588,22,885.2467957614665
10632,huggyllama/llama-7b,dummy-lora-7b-rank-16-1,615,20,885.279041495203
10633,huggyllama/llama-7b,dummy-lora-7b-rank-16-2,560,23,885.3267968998796
10634,huggyllama/llama-7b,dummy-lora-7b-rank-8-1,323,47,885.3823577863074
10635,huggyllama/llama-7b,dummy-lora-7b-rank-64-1,654,83,885.4031302722739
10636,huggyllama/llama-7b,dummy-lora-7b-rank-32-0,550,20,885.4607147038871
10637,huggyllama/llama-7b,dummy-lora-7b-rank-128-0,448,61,885.549273709995
10638,huggyllama/llama-7b,dummy-lora-7b-rank-8-2,560,23,885.6030365851833
10639,huggyllama/llama-7b,dummy-lora-7b-rank-128-0,544,13,885.6665017019845
10640,huggyllama/llama-7b,dummy-lora-7b-rank-128-4,553,19,885.7128825504811
10641,huggyllama/llama-7b,dummy-lora-7b-rank-128-2,902,108,885.7219264870531
10642,huggyllama/llama-7b,dummy-lora-7b-rank-32-4,302,47,885.746176493367
10643,huggyllama/llama-7b,dummy-lora-7b-rank-128-1,488,62,885.7614722054728
10644,huggyllama/llama-7b,dummy-lora-7b-rank-128-0,552,19,885.7914707639583
10645,huggyllama/llama-7b,dummy-lora-7b-rank-128-1,466,54,885.7983303819459
10646,huggyllama/llama-7b,dummy-lora-7b-rank-32-0,676,39,885.888963482204
10647,huggyllama/llama-7b,dummy-lora-7b-rank-128-2,804,111,885.8903707621041
10648,huggyllama/llama-7b,dummy-lora-7b-rank-128-4,92,45,885.8927743979959
10649,huggyllama/llama-7b,dummy-lora-7b-rank-128-1,644,55,885.9066990875513
10650,huggyllama/llama-7b,dummy-lora-7b-rank-128-1,186,8,885.9134815568314
10651,huggyllama/llama-7b,dummy-lora-7b-rank-64-3,560,26,885.9183429572341
10652,huggyllama/llama-7b,dummy-lora-7b-rank-128-1,416,49,885.9395927546394
10653,huggyllama/llama-7b,dummy-lora-7b-rank-32-1,574,33,885.9466858914759
10654,huggyllama/llama-7b,dummy-lora-7b-rank-16-2,167,24,885.9604263192194
10655,huggyllama/llama-7b,dummy-lora-7b-rank-128-2,617,25,885.9806462840684
10656,huggyllama/llama-7b,dummy-lora-7b-rank-128-2,527,11,888.0034269371209
10657,huggyllama/llama-7b,dummy-lora-7b-rank-128-1,220,58,888.0090760372884
10658,huggyllama/llama-7b,dummy-lora-7b-rank-8-3,582,36,888.0311532863711
10659,huggyllama/llama-7b,dummy-lora-7b-rank-8-0,292,3,888.0348178303767
10660,huggyllama/llama-7b,dummy-lora-7b-rank-8-1,395,46,888.1419239424059
10661,huggyllama/llama-7b,dummy-lora-7b-rank-128-3,731,51,888.1685226963799
10662,huggyllama/llama-7b,dummy-lora-7b-rank-128-2,327,101,888.2500753084468
10663,huggyllama/llama-7b,dummy-lora-7b-rank-128-4,337,52,888.2737294941088
10664,huggyllama/llama-7b,dummy-lora-7b-rank-128-0,539,46,888.3382166357089
10665,huggyllama/llama-7b,dummy-lora-7b-rank-128-4,470,53,888.3828070616672
10666,huggyllama/llama-7b,dummy-lora-7b-rank-128-2,993,53,888.4070351964051
10667,huggyllama/llama-7b,dummy-lora-7b-rank-128-2,580,26,888.4107878543163
10668,huggyllama/llama-7b,dummy-lora-7b-rank-32-4,550,15,888.4759182144433
10669,huggyllama/llama-7b,dummy-lora-7b-rank-128-0,271,57,888.5395338406165
10670,huggyllama/llama-7b,dummy-lora-7b-rank-32-0,565,11,888.5404997769475
10671,huggyllama/llama-7b,dummy-lora-7b-rank-128-1,596,16,888.589216576345
10672,huggyllama/llama-7b,dummy-lora-7b-rank-16-2,359,18,888.6149613115699
10673,huggyllama/llama-7b,dummy-lora-7b-rank-128-4,328,49,888.6396316964764
10674,huggyllama/llama-7b,dummy-lora-7b-rank-8-3,658,28,888.7021249714978
10675,huggyllama/llama-7b,dummy-lora-7b-rank-64-4,413,6,888.7033973370371
10676,huggyllama/llama-7b,dummy-lora-7b-rank-128-4,224,124,888.7479170433536
10677,huggyllama/llama-7b,dummy-lora-7b-rank-64-3,633,53,888.8608476871059
10678,huggyllama/llama-7b,dummy-lora-7b-rank-64-0,612,13,888.896594243548
10679,huggyllama/llama-7b,dummy-lora-7b-rank-128-0,418,57,888.9363261700563
10680,huggyllama/llama-7b,dummy-lora-7b-rank-128-4,552,19,888.9879414267397
10681,huggyllama/llama-7b,dummy-lora-7b-rank-128-4,213,3,889.0617598875863
10682,huggyllama/llama-7b,dummy-lora-7b-rank-8-0,414,105,889.0837809944745
10683,huggyllama/llama-7b,dummy-lora-7b-rank-32-0,749,48,889.1366176157125
10684,huggyllama/llama-7b,dummy-lora-7b-rank-128-3,577,56,889.1580969257375
10685,huggyllama/llama-7b,dummy-lora-7b-rank-128-2,292,3,889.1917518115
10686,huggyllama/llama-7b,dummy-lora-7b-rank-128-1,564,25,889.2039656628724
10687,huggyllama/llama-7b,dummy-lora-7b-rank-128-4,593,14,889.2283949149264
10688,huggyllama/llama-7b,dummy-lora-7b-rank-128-3,897,50,889.2942391134932
10689,huggyllama/llama-7b,dummy-lora-7b-rank-128-1,402,8,889.3045170757068
10690,huggyllama/llama-7b,dummy-lora-7b-rank-32-3,347,8,889.3065358932758
10691,huggyllama/llama-7b,dummy-lora-7b-rank-128-0,216,89,889.3220644702592
10692,huggyllama/llama-7b,dummy-lora-7b-rank-32-1,623,21,889.3464312477083
10693,huggyllama/llama-7b,dummy-lora-7b-rank-64-2,240,45,889.625031550775
10694,huggyllama/llama-7b,dummy-lora-7b-rank-128-3,227,49,889.6275907302697
10695,huggyllama/llama-7b,dummy-lora-7b-rank-128-2,869,31,889.6666577864305
10696,huggyllama/llama-7b,dummy-lora-7b-rank-128-1,190,115,889.6931413097824
10697,huggyllama/llama-7b,dummy-lora-7b-rank-8-4,638,52,889.7428961243421
10698,huggyllama/llama-7b,dummy-lora-7b-rank-16-0,486,35,889.7653691515765
10699,huggyllama/llama-7b,dummy-lora-7b-rank-64-3,625,66,889.7665351533714
10700,huggyllama/llama-7b,dummy-lora-7b-rank-128-2,461,12,889.8967027673253
10701,huggyllama/llama-7b,dummy-lora-7b-rank-64-2,429,7,889.9180153297135
10702,huggyllama/llama-7b,dummy-lora-7b-rank-8-0,1024,3,889.9254452750038
10703,huggyllama/llama-7b,dummy-lora-7b-rank-128-4,351,5,889.9592149566855
10704,huggyllama/llama-7b,dummy-lora-7b-rank-8-1,358,49,892.0002088998845
10705,huggyllama/llama-7b,dummy-lora-7b-rank-128-0,665,54,892.0036655255875
10706,huggyllama/llama-7b,dummy-lora-7b-rank-128-3,554,22,892.0521907003323
10707,huggyllama/llama-7b,dummy-lora-7b-rank-128-3,560,21,892.0673232686644
10708,huggyllama/llama-7b,dummy-lora-7b-rank-16-4,261,39,892.1903628615562
10709,huggyllama/llama-7b,dummy-lora-7b-rank-32-4,548,17,892.2131122370113
10710,huggyllama/llama-7b,dummy-lora-7b-rank-128-1,469,187,892.3789703113836
10711,huggyllama/llama-7b,dummy-lora-7b-rank-128-3,397,43,892.4832196697645
10712,huggyllama/llama-7b,dummy-lora-7b-rank-128-4,659,7,892.4852018244435
10713,huggyllama/llama-7b,dummy-lora-7b-rank-128-3,570,14,892.4886898897591
10714,huggyllama/llama-7b,dummy-lora-7b-rank-64-3,192,45,892.5048685656216
10715,huggyllama/llama-7b,dummy-lora-7b-rank-32-3,558,22,892.5548558083643
10716,huggyllama/llama-7b,dummy-lora-7b-rank-128-2,401,180,892.5614591520318
10717,huggyllama/llama-7b,dummy-lora-7b-rank-128-3,566,17,892.6746996433185
10718,huggyllama/llama-7b,dummy-lora-7b-rank-16-0,578,28,892.7662783217864
10719,huggyllama/llama-7b,dummy-lora-7b-rank-128-2,406,6,892.8484749246792
10720,huggyllama/llama-7b,dummy-lora-7b-rank-8-3,333,48,892.8895613007837
10721,huggyllama/llama-7b,dummy-lora-7b-rank-32-4,985,3,892.9020782899418
10722,huggyllama/llama-7b,dummy-lora-7b-rank-64-4,715,59,892.9327478506211
10723,huggyllama/llama-7b,dummy-lora-7b-rank-8-0,313,96,892.9660030476118
10724,huggyllama/llama-7b,dummy-lora-7b-rank-128-2,404,7,893.0506748296032
10725,huggyllama/llama-7b,dummy-lora-7b-rank-128-1,182,44,893.061462474323
10726,huggyllama/llama-7b,dummy-lora-7b-rank-64-2,371,11,893.1673698215077
10727,huggyllama/llama-7b,dummy-lora-7b-rank-64-2,548,17,893.179968323655
10728,huggyllama/llama-7b,dummy-lora-7b-rank-64-4,550,55,893.1828473785259
10729,huggyllama/llama-7b,dummy-lora-7b-rank-64-3,283,118,893.2003704285615
10730,huggyllama/llama-7b,dummy-lora-7b-rank-8-4,594,23,893.2056711155792
10731,huggyllama/llama-7b,dummy-lora-7b-rank-16-4,307,48,893.2859689764089
10732,huggyllama/llama-7b,dummy-lora-7b-rank-128-4,236,167,893.3209972305864
10733,huggyllama/llama-7b,dummy-lora-7b-rank-128-4,451,50,893.342428734719
10734,huggyllama/llama-7b,dummy-lora-7b-rank-128-4,520,55,893.365061643065
10735,huggyllama/llama-7b,dummy-lora-7b-rank-128-0,422,46,893.4117183903788
10736,huggyllama/llama-7b,dummy-lora-7b-rank-32-0,407,11,893.4679834477039
10737,huggyllama/llama-7b,dummy-lora-7b-rank-32-0,594,25,893.4777318060218
10738,huggyllama/llama-7b,dummy-lora-7b-rank-8-2,688,5,893.5119664081188
10739,huggyllama/llama-7b,dummy-lora-7b-rank-128-4,487,6,893.5790764433848
10740,huggyllama/llama-7b,dummy-lora-7b-rank-128-2,622,116,893.6095952834365
10741,huggyllama/llama-7b,dummy-lora-7b-rank-64-3,696,74,893.6125373308503
10742,huggyllama/llama-7b,dummy-lora-7b-rank-64-3,666,19,893.6328106661531
10743,huggyllama/llama-7b,dummy-lora-7b-rank-128-4,270,52,893.6835145114256
10744,huggyllama/llama-7b,dummy-lora-7b-rank-128-4,556,23,893.6950761325816
10745,huggyllama/llama-7b,dummy-lora-7b-rank-8-0,548,17,893.7309667418726
10746,huggyllama/llama-7b,dummy-lora-7b-rank-16-0,490,10,893.7616203441579
10747,huggyllama/llama-7b,dummy-lora-7b-rank-128-2,569,12,893.8184721550217
10748,huggyllama/llama-7b,dummy-lora-7b-rank-128-4,574,31,893.9031889024369
10749,huggyllama/llama-7b,dummy-lora-7b-rank-128-1,560,25,893.930720505935
10750,huggyllama/llama-7b,dummy-lora-7b-rank-64-1,518,12,893.9402266451136
10751,huggyllama/llama-7b,dummy-lora-7b-rank-32-0,402,20,893.9715735324577
10752,huggyllama/llama-7b,dummy-lora-7b-rank-32-3,352,61,896.0524131685237
10753,huggyllama/llama-7b,dummy-lora-7b-rank-128-0,434,176,896.0599767624184
10754,huggyllama/llama-7b,dummy-lora-7b-rank-8-1,342,41,896.1188138296245
10755,huggyllama/llama-7b,dummy-lora-7b-rank-128-4,260,47,896.1883644172086
10756,huggyllama/llama-7b,dummy-lora-7b-rank-128-4,588,20,896.1902462507887
10757,huggyllama/llama-7b,dummy-lora-7b-rank-128-4,152,58,896.2225993615887
10758,huggyllama/llama-7b,dummy-lora-7b-rank-8-3,469,86,896.2267093645294
10759,huggyllama/llama-7b,dummy-lora-7b-rank-16-4,389,121,896.2835323283404
10760,huggyllama/llama-7b,dummy-lora-7b-rank-8-2,568,30,896.29690894213
10761,huggyllama/llama-7b,dummy-lora-7b-rank-16-3,582,10,896.4556921645523
10762,huggyllama/llama-7b,dummy-lora-7b-rank-128-4,109,37,896.4575169475573
10763,huggyllama/llama-7b,dummy-lora-7b-rank-128-4,418,46,896.4864188881173
10764,huggyllama/llama-7b,dummy-lora-7b-rank-128-4,602,22,896.4994013872689
10765,huggyllama/llama-7b,dummy-lora-7b-rank-128-2,562,25,896.5264048482318
10766,huggyllama/llama-7b,dummy-lora-7b-rank-32-1,270,34,896.5435318841224
10767,huggyllama/llama-7b,dummy-lora-7b-rank-32-0,558,25,896.5723499132858
10768,huggyllama/llama-7b,dummy-lora-7b-rank-64-4,556,21,896.6175436991836
10769,huggyllama/llama-7b,dummy-lora-7b-rank-128-2,930,84,896.6452688710309
10770,huggyllama/llama-7b,dummy-lora-7b-rank-128-3,309,6,896.667136368408
10771,huggyllama/llama-7b,dummy-lora-7b-rank-128-1,195,43,896.7065828186953
10772,huggyllama/llama-7b,dummy-lora-7b-rank-8-1,568,30,896.7385615511324
10773,huggyllama/llama-7b,dummy-lora-7b-rank-64-3,592,39,896.8060480056761
10774,huggyllama/llama-7b,dummy-lora-7b-rank-128-1,418,42,896.8506273744891
10775,huggyllama/llama-7b,dummy-lora-7b-rank-128-0,328,34,896.86659779741
10776,huggyllama/llama-7b,dummy-lora-7b-rank-128-3,552,19,896.8870373739879
10777,huggyllama/llama-7b,dummy-lora-7b-rank-128-4,111,61,897.0410153557744
10778,huggyllama/llama-7b,dummy-lora-7b-rank-128-2,570,28,897.0666550901656
10779,huggyllama/llama-7b,dummy-lora-7b-rank-128-4,138,75,897.1237936542022
10780,huggyllama/llama-7b,dummy-lora-7b-rank-128-2,403,47,897.1524544635138
10781,huggyllama/llama-7b,dummy-lora-7b-rank-128-3,550,20,897.1611111292732
10782,huggyllama/llama-7b,dummy-lora-7b-rank-128-2,384,46,897.2216781908701
10783,huggyllama/llama-7b,dummy-lora-7b-rank-32-4,156,49,897.3130955421791
10784,huggyllama/llama-7b,dummy-lora-7b-rank-32-1,395,42,897.3353321600553
10785,huggyllama/llama-7b,dummy-lora-7b-rank-128-1,599,14,897.4384407136681
10786,huggyllama/llama-7b,dummy-lora-7b-rank-8-0,613,22,897.4506017076939
10787,huggyllama/llama-7b,dummy-lora-7b-rank-64-3,449,55,897.5736272192108
10788,huggyllama/llama-7b,dummy-lora-7b-rank-128-0,548,17,897.6610759935628
10789,huggyllama/llama-7b,dummy-lora-7b-rank-128-0,342,49,897.7292592918121
10790,huggyllama/llama-7b,dummy-lora-7b-rank-128-3,641,41,897.7596683632606
10791,huggyllama/llama-7b,dummy-lora-7b-rank-32-0,214,50,897.8360321557134
10792,huggyllama/llama-7b,dummy-lora-7b-rank-16-2,402,124,897.8413102337624
10793,huggyllama/llama-7b,dummy-lora-7b-rank-64-4,338,30,897.863670699133
10794,huggyllama/llama-7b,dummy-lora-7b-rank-64-1,321,45,897.8754045606694
10795,huggyllama/llama-7b,dummy-lora-7b-rank-128-2,936,136,897.8929646807069
10796,huggyllama/llama-7b,dummy-lora-7b-rank-64-4,449,120,897.8945430472493
10797,huggyllama/llama-7b,dummy-lora-7b-rank-128-4,761,34,897.9422045503186
10798,huggyllama/llama-7b,dummy-lora-7b-rank-8-0,320,58,897.9438658444096
10799,huggyllama/llama-7b,dummy-lora-7b-rank-128-1,377,46,897.9804779300727
