req_id,model_dir,adapter_dir,prompt_len,output_len,req_time
0,huggyllama/llama-7b,dummy-lora-7b-rank-128-3,270,5,0.11049119047004184
1,huggyllama/llama-7b,dummy-lora-7b-rank-64-0,356,39,0.19232846842064463
2,huggyllama/llama-7b,dummy-lora-7b-rank-128-2,434,55,0.4150432058643444
3,huggyllama/llama-7b,dummy-lora-7b-rank-128-2,670,69,0.4209501470365793
4,huggyllama/llama-7b,dummy-lora-7b-rank-16-1,552,19,0.8474998515609086
5,huggyllama/llama-7b,dummy-lora-7b-rank-64-3,119,47,0.870464065788925
6,huggyllama/llama-7b,dummy-lora-7b-rank-8-0,290,47,0.9889722455685785
7,huggyllama/llama-7b,dummy-lora-7b-rank-128-3,560,26,1.0595805459332093
8,huggyllama/llama-7b,dummy-lora-7b-rank-128-4,280,45,1.5863393206364873
9,huggyllama/llama-7b,dummy-lora-7b-rank-8-1,404,11,1.8910276731228859
10,huggyllama/llama-7b,dummy-lora-7b-rank-128-2,107,35,1.8984816318633606
11,huggyllama/llama-7b,dummy-lora-7b-rank-32-0,576,34,1.9646854180755864
12,huggyllama/llama-7b,dummy-lora-7b-rank-8-0,471,7,2.067158952640404
13,huggyllama/llama-7b,dummy-lora-7b-rank-128-3,635,8,2.10201231441935
14,huggyllama/llama-7b,dummy-lora-7b-rank-16-1,929,3,2.2337261148452434
15,huggyllama/llama-7b,dummy-lora-7b-rank-8-0,459,6,2.3461876769764967
16,huggyllama/llama-7b,dummy-lora-7b-rank-32-4,598,48,2.6495608340128776
17,huggyllama/llama-7b,dummy-lora-7b-rank-128-1,601,27,2.955101019702503
18,huggyllama/llama-7b,dummy-lora-7b-rank-128-4,140,54,3.169928646418185
19,huggyllama/llama-7b,dummy-lora-7b-rank-16-1,446,87,3.2019557840039012
20,huggyllama/llama-7b,dummy-lora-7b-rank-8-4,294,58,3.2402899766085107
21,huggyllama/llama-7b,dummy-lora-7b-rank-16-1,217,170,3.268287727494742
22,huggyllama/llama-7b,dummy-lora-7b-rank-8-4,609,19,3.4445614436360534
23,huggyllama/llama-7b,dummy-lora-7b-rank-128-2,364,47,3.5783906928338727
24,huggyllama/llama-7b,dummy-lora-7b-rank-32-4,988,144,3.609655085994479
25,huggyllama/llama-7b,dummy-lora-7b-rank-8-3,607,21,3.6500892195183803
26,huggyllama/llama-7b,dummy-lora-7b-rank-16-4,565,6,3.666034007948278
27,huggyllama/llama-7b,dummy-lora-7b-rank-16-1,660,104,3.698403499420363
28,huggyllama/llama-7b,dummy-lora-7b-rank-16-2,554,18,3.749948418065959
29,huggyllama/llama-7b,dummy-lora-7b-rank-64-2,550,18,4.0175634951588055
30,huggyllama/llama-7b,dummy-lora-7b-rank-64-4,896,3,4.036771064667381
31,huggyllama/llama-7b,dummy-lora-7b-rank-8-1,388,43,4.289830590070979
32,huggyllama/llama-7b,dummy-lora-7b-rank-64-0,642,19,4.369679530863418
33,huggyllama/llama-7b,dummy-lora-7b-rank-8-2,328,91,4.373894848720904
34,huggyllama/llama-7b,dummy-lora-7b-rank-8-2,609,6,4.45280745894608
35,huggyllama/llama-7b,dummy-lora-7b-rank-128-3,273,8,4.5493128239868454
36,huggyllama/llama-7b,dummy-lora-7b-rank-8-3,592,11,4.639337328055123
37,huggyllama/llama-7b,dummy-lora-7b-rank-32-1,444,114,4.813477970500397
38,huggyllama/llama-7b,dummy-lora-7b-rank-64-0,445,51,4.843388101733337
39,huggyllama/llama-7b,dummy-lora-7b-rank-16-3,562,24,4.880927656666961
40,huggyllama/llama-7b,dummy-lora-7b-rank-32-3,652,60,5.08682007114939
41,huggyllama/llama-7b,dummy-lora-7b-rank-64-4,180,144,5.5180532461522915
42,huggyllama/llama-7b,dummy-lora-7b-rank-32-1,197,48,5.738256510592464
43,huggyllama/llama-7b,dummy-lora-7b-rank-32-3,596,21,5.86436370885311
44,huggyllama/llama-7b,dummy-lora-7b-rank-64-2,505,11,5.873517072668479
45,huggyllama/llama-7b,dummy-lora-7b-rank-16-4,86,37,5.879550351304701
46,huggyllama/llama-7b,dummy-lora-7b-rank-8-1,330,48,5.882131923413796
47,huggyllama/llama-7b,dummy-lora-7b-rank-32-2,582,17,5.965629685871997
48,huggyllama/llama-7b,dummy-lora-7b-rank-64-1,459,46,6.039013651299115
49,huggyllama/llama-7b,dummy-lora-7b-rank-64-3,209,49,6.084902661447095
50,huggyllama/llama-7b,dummy-lora-7b-rank-16-4,575,9,6.148624725822884
51,huggyllama/llama-7b,dummy-lora-7b-rank-32-2,447,18,6.260944568215496
52,huggyllama/llama-7b,dummy-lora-7b-rank-64-4,880,3,6.403723990389782
53,huggyllama/llama-7b,dummy-lora-7b-rank-64-4,569,23,6.461040671145492
54,huggyllama/llama-7b,dummy-lora-7b-rank-16-4,275,36,6.5804761969293795
55,huggyllama/llama-7b,dummy-lora-7b-rank-16-4,407,3,6.595894451232051
56,huggyllama/llama-7b,dummy-lora-7b-rank-16-2,259,5,6.5970348153567695
57,huggyllama/llama-7b,dummy-lora-7b-rank-32-3,502,10,6.893292824068946
58,huggyllama/llama-7b,dummy-lora-7b-rank-32-4,599,26,6.972450822796816
59,huggyllama/llama-7b,dummy-lora-7b-rank-8-4,558,23,6.9804798874159255
60,huggyllama/llama-7b,dummy-lora-7b-rank-64-0,590,17,7.010776278700505
61,huggyllama/llama-7b,dummy-lora-7b-rank-64-2,223,7,7.14610047052038
62,huggyllama/llama-7b,dummy-lora-7b-rank-8-0,558,14,7.293287222609
63,huggyllama/llama-7b,dummy-lora-7b-rank-128-3,636,30,7.416117056918652
64,huggyllama/llama-7b,dummy-lora-7b-rank-16-2,898,126,7.517190104075411
65,huggyllama/llama-7b,dummy-lora-7b-rank-128-3,352,51,7.672149012638899
66,huggyllama/llama-7b,dummy-lora-7b-rank-64-4,552,17,7.799493212811469
67,huggyllama/llama-7b,dummy-lora-7b-rank-8-0,455,6,7.846792107470718
68,huggyllama/llama-7b,dummy-lora-7b-rank-8-3,618,34,7.963730464415091
69,huggyllama/llama-7b,dummy-lora-7b-rank-32-4,310,6,7.990242810595055
70,huggyllama/llama-7b,dummy-lora-7b-rank-128-0,298,120,8.241323772982263
71,huggyllama/llama-7b,dummy-lora-7b-rank-64-2,566,14,8.302844518533071
72,huggyllama/llama-7b,dummy-lora-7b-rank-128-0,548,20,8.5295151353445
73,huggyllama/llama-7b,dummy-lora-7b-rank-128-2,625,17,8.537683344402152
74,huggyllama/llama-7b,dummy-lora-7b-rank-128-0,664,31,8.76460702191822
75,huggyllama/llama-7b,dummy-lora-7b-rank-8-0,236,56,8.86416144037494
76,huggyllama/llama-7b,dummy-lora-7b-rank-8-1,552,11,8.970429703305378
77,huggyllama/llama-7b,dummy-lora-7b-rank-128-0,434,40,9.019137771497297
78,huggyllama/llama-7b,dummy-lora-7b-rank-64-4,298,47,9.028325432253142
79,huggyllama/llama-7b,dummy-lora-7b-rank-16-1,403,7,9.033127698767725
80,huggyllama/llama-7b,dummy-lora-7b-rank-128-0,550,3,9.034359374491602
81,huggyllama/llama-7b,dummy-lora-7b-rank-128-3,388,8,9.182212140742509
82,huggyllama/llama-7b,dummy-lora-7b-rank-16-3,1007,38,9.394384052020403
83,huggyllama/llama-7b,dummy-lora-7b-rank-64-2,251,48,9.469386991948488
84,huggyllama/llama-7b,dummy-lora-7b-rank-8-3,378,48,9.51344919295264
85,huggyllama/llama-7b,dummy-lora-7b-rank-64-2,864,8,9.537044287273682
86,huggyllama/llama-7b,dummy-lora-7b-rank-32-1,424,10,9.64024102668145
87,huggyllama/llama-7b,dummy-lora-7b-rank-128-3,323,6,9.667909541163924
88,huggyllama/llama-7b,dummy-lora-7b-rank-128-2,319,38,9.707001826322479
89,huggyllama/llama-7b,dummy-lora-7b-rank-64-0,609,22,9.74221024752174
90,huggyllama/llama-7b,dummy-lora-7b-rank-64-1,308,8,9.848167565916897
91,huggyllama/llama-7b,dummy-lora-7b-rank-32-2,554,18,9.875415549263069
92,huggyllama/llama-7b,dummy-lora-7b-rank-32-1,592,26,10.16173474013189
93,huggyllama/llama-7b,dummy-lora-7b-rank-128-4,391,7,10.220949657032895
94,huggyllama/llama-7b,dummy-lora-7b-rank-64-3,526,65,10.227030438087452
95,huggyllama/llama-7b,dummy-lora-7b-rank-16-4,677,70,10.29558765481874
96,huggyllama/llama-7b,dummy-lora-7b-rank-128-2,336,46,10.469118184155063
97,huggyllama/llama-7b,dummy-lora-7b-rank-16-4,677,72,10.513451431671212
98,huggyllama/llama-7b,dummy-lora-7b-rank-16-0,627,31,10.526813538334567
99,huggyllama/llama-7b,dummy-lora-7b-rank-128-1,567,17,10.77670184132372
100,huggyllama/llama-7b,dummy-lora-7b-rank-32-1,317,51,10.957826454066316
101,huggyllama/llama-7b,dummy-lora-7b-rank-32-2,51,55,11.085113193540382
102,huggyllama/llama-7b,dummy-lora-7b-rank-16-0,728,68,11.264483824218301
103,huggyllama/llama-7b,dummy-lora-7b-rank-64-0,309,95,11.301728491542391
104,huggyllama/llama-7b,dummy-lora-7b-rank-64-0,853,3,11.40581744075067
105,huggyllama/llama-7b,dummy-lora-7b-rank-64-4,175,46,11.524814500058072
106,huggyllama/llama-7b,dummy-lora-7b-rank-128-1,197,46,11.553751184886181
107,huggyllama/llama-7b,dummy-lora-7b-rank-32-2,554,20,11.723587508690958
108,huggyllama/llama-7b,dummy-lora-7b-rank-8-1,598,26,11.76637904584232
109,huggyllama/llama-7b,dummy-lora-7b-rank-64-1,558,24,11.792560134041763
110,huggyllama/llama-7b,dummy-lora-7b-rank-32-3,261,7,11.810195843223898
111,huggyllama/llama-7b,dummy-lora-7b-rank-8-3,554,12,12.17249239302534
112,huggyllama/llama-7b,dummy-lora-7b-rank-32-1,556,19,12.357000091802156
113,huggyllama/llama-7b,dummy-lora-7b-rank-32-0,558,23,12.511882789737658
114,huggyllama/llama-7b,dummy-lora-7b-rank-32-2,550,10,12.552888075236945
115,huggyllama/llama-7b,dummy-lora-7b-rank-16-0,560,23,12.654874638876649
116,huggyllama/llama-7b,dummy-lora-7b-rank-64-3,57,92,12.70302892742206
117,huggyllama/llama-7b,dummy-lora-7b-rank-128-4,665,62,12.757793094880487
118,huggyllama/llama-7b,dummy-lora-7b-rank-16-4,570,8,12.911035859338462
119,huggyllama/llama-7b,dummy-lora-7b-rank-64-4,595,15,12.967212664619899
120,huggyllama/llama-7b,dummy-lora-7b-rank-32-4,554,20,12.970249375368866
121,huggyllama/llama-7b,dummy-lora-7b-rank-32-4,427,61,12.973974334292263
122,huggyllama/llama-7b,dummy-lora-7b-rank-32-2,560,22,13.01617209431895
123,huggyllama/llama-7b,dummy-lora-7b-rank-128-4,728,36,13.425563183618888
124,huggyllama/llama-7b,dummy-lora-7b-rank-8-2,224,6,13.489348639179143
125,huggyllama/llama-7b,dummy-lora-7b-rank-16-3,595,26,13.739440353555514
126,huggyllama/llama-7b,dummy-lora-7b-rank-8-2,580,24,13.798141525374099
127,huggyllama/llama-7b,dummy-lora-7b-rank-128-2,560,22,13.813444347199711
128,huggyllama/llama-7b,dummy-lora-7b-rank-16-1,560,22,13.877920468201918
129,huggyllama/llama-7b,dummy-lora-7b-rank-16-2,562,53,13.932003699476661
130,huggyllama/llama-7b,dummy-lora-7b-rank-8-0,362,50,14.03692628453602
131,huggyllama/llama-7b,dummy-lora-7b-rank-128-2,630,41,14.043860263327545
132,huggyllama/llama-7b,dummy-lora-7b-rank-32-3,493,8,14.220581139760744
133,huggyllama/llama-7b,dummy-lora-7b-rank-64-4,511,51,14.37776643960322
134,huggyllama/llama-7b,dummy-lora-7b-rank-32-0,663,11,14.664798610686178
135,huggyllama/llama-7b,dummy-lora-7b-rank-32-3,401,9,14.666541743786885
136,huggyllama/llama-7b,dummy-lora-7b-rank-64-4,552,19,15.05534208826709
137,huggyllama/llama-7b,dummy-lora-7b-rank-32-0,262,123,15.11684633688062
138,huggyllama/llama-7b,dummy-lora-7b-rank-32-4,51,54,15.120973948665196
139,huggyllama/llama-7b,dummy-lora-7b-rank-64-1,474,48,15.246829917400632
140,huggyllama/llama-7b,dummy-lora-7b-rank-64-3,197,42,15.316186973233714
141,huggyllama/llama-7b,dummy-lora-7b-rank-16-4,6,20,15.412224823014048
142,huggyllama/llama-7b,dummy-lora-7b-rank-8-1,309,56,15.442202775894785
143,huggyllama/llama-7b,dummy-lora-7b-rank-64-1,552,18,15.521614331758622
144,huggyllama/llama-7b,dummy-lora-7b-rank-32-3,688,8,15.678399960206228
145,huggyllama/llama-7b,dummy-lora-7b-rank-32-4,295,52,15.867191505415912
146,huggyllama/llama-7b,dummy-lora-7b-rank-16-0,57,109,15.928042434940004
147,huggyllama/llama-7b,dummy-lora-7b-rank-16-0,406,69,15.989818420382388
148,huggyllama/llama-7b,dummy-lora-7b-rank-8-2,433,52,16.01011798924968
149,huggyllama/llama-7b,dummy-lora-7b-rank-64-3,546,22,16.052691141706607
150,huggyllama/llama-7b,dummy-lora-7b-rank-128-2,242,53,16.07236505794402
151,huggyllama/llama-7b,dummy-lora-7b-rank-128-1,225,108,16.108119898261087
152,huggyllama/llama-7b,dummy-lora-7b-rank-64-4,568,18,16.118763931826237
153,huggyllama/llama-7b,dummy-lora-7b-rank-16-0,443,8,16.229728296167508
154,huggyllama/llama-7b,dummy-lora-7b-rank-32-0,83,30,16.34286721367516
155,huggyllama/llama-7b,dummy-lora-7b-rank-8-4,847,47,16.35151167111404
156,huggyllama/llama-7b,dummy-lora-7b-rank-128-0,544,12,16.573068656938805
157,huggyllama/llama-7b,dummy-lora-7b-rank-8-4,568,19,16.596202573700896
158,huggyllama/llama-7b,dummy-lora-7b-rank-128-3,694,89,16.643547615485506
159,huggyllama/llama-7b,dummy-lora-7b-rank-8-1,627,25,17.238182837799034
160,huggyllama/llama-7b,dummy-lora-7b-rank-16-4,554,20,17.443616686236762
161,huggyllama/llama-7b,dummy-lora-7b-rank-8-2,154,54,17.573520297308715
162,huggyllama/llama-7b,dummy-lora-7b-rank-128-2,266,7,17.709011891688288
163,huggyllama/llama-7b,dummy-lora-7b-rank-128-1,755,122,17.738482050819268
164,huggyllama/llama-7b,dummy-lora-7b-rank-8-4,355,130,17.75373986848805
165,huggyllama/llama-7b,dummy-lora-7b-rank-8-0,452,38,17.842982047958415
166,huggyllama/llama-7b,dummy-lora-7b-rank-16-0,300,19,17.85620371688108
167,huggyllama/llama-7b,dummy-lora-7b-rank-8-4,382,73,17.919635926075337
168,huggyllama/llama-7b,dummy-lora-7b-rank-128-2,172,37,17.99739741042253
169,huggyllama/llama-7b,dummy-lora-7b-rank-8-0,546,16,18.07769420929014
170,huggyllama/llama-7b,dummy-lora-7b-rank-128-1,546,16,18.172072405182558
171,huggyllama/llama-7b,dummy-lora-7b-rank-64-3,601,18,18.18567321676473
172,huggyllama/llama-7b,dummy-lora-7b-rank-32-3,597,23,18.295966326676123
173,huggyllama/llama-7b,dummy-lora-7b-rank-8-2,285,39,18.425113251683698
174,huggyllama/llama-7b,dummy-lora-7b-rank-128-4,601,30,18.454233685088695
175,huggyllama/llama-7b,dummy-lora-7b-rank-32-3,933,9,18.456654291007858
176,huggyllama/llama-7b,dummy-lora-7b-rank-16-2,530,39,18.4654800458876
177,huggyllama/llama-7b,dummy-lora-7b-rank-64-2,685,112,18.49085652313525
178,huggyllama/llama-7b,dummy-lora-7b-rank-64-0,554,20,18.614197226681057
179,huggyllama/llama-7b,dummy-lora-7b-rank-64-2,558,24,18.621314053508833
180,huggyllama/llama-7b,dummy-lora-7b-rank-8-3,458,16,18.706683658880937
181,huggyllama/llama-7b,dummy-lora-7b-rank-128-1,464,49,18.79564399255836
182,huggyllama/llama-7b,dummy-lora-7b-rank-64-4,564,28,18.89841216492594
183,huggyllama/llama-7b,dummy-lora-7b-rank-32-1,490,35,19.06554944810589
184,huggyllama/llama-7b,dummy-lora-7b-rank-16-3,315,35,19.164849494259734
185,huggyllama/llama-7b,dummy-lora-7b-rank-64-4,198,3,19.17807470921435
186,huggyllama/llama-7b,dummy-lora-7b-rank-32-0,560,23,19.26448927166406
187,huggyllama/llama-7b,dummy-lora-7b-rank-128-1,519,53,19.5727458806157
188,huggyllama/llama-7b,dummy-lora-7b-rank-32-4,451,11,19.596835573500094
189,huggyllama/llama-7b,dummy-lora-7b-rank-16-4,765,9,19.613856523723268
190,huggyllama/llama-7b,dummy-lora-7b-rank-64-2,268,45,19.722880934271448
191,huggyllama/llama-7b,dummy-lora-7b-rank-64-0,100,39,19.806035431891374
192,huggyllama/llama-7b,dummy-lora-7b-rank-8-3,931,85,19.906215095387243
193,huggyllama/llama-7b,dummy-lora-7b-rank-32-0,554,20,19.927792283601168
194,huggyllama/llama-7b,dummy-lora-7b-rank-8-4,713,23,19.997165218913974
195,huggyllama/llama-7b,dummy-lora-7b-rank-16-4,790,18,20.081156944296495
196,huggyllama/llama-7b,dummy-lora-7b-rank-8-3,560,22,20.153881645091747
197,huggyllama/llama-7b,dummy-lora-7b-rank-16-1,607,82,20.35561993504351
198,huggyllama/llama-7b,dummy-lora-7b-rank-16-3,450,93,20.546141887361287
199,huggyllama/llama-7b,dummy-lora-7b-rank-16-1,661,83,20.626093392220593
200,huggyllama/llama-7b,dummy-lora-7b-rank-16-3,552,8,20.700415222613305
201,huggyllama/llama-7b,dummy-lora-7b-rank-128-0,711,52,20.752155641458916
202,huggyllama/llama-7b,dummy-lora-7b-rank-128-4,601,15,20.817694940650796
203,huggyllama/llama-7b,dummy-lora-7b-rank-64-1,556,13,20.94143323279874
204,huggyllama/llama-7b,dummy-lora-7b-rank-8-3,790,48,21.05802267825236
205,huggyllama/llama-7b,dummy-lora-7b-rank-32-1,654,117,21.128220217644902
206,huggyllama/llama-7b,dummy-lora-7b-rank-128-0,811,63,21.142726806281125
207,huggyllama/llama-7b,dummy-lora-7b-rank-32-1,506,137,21.203041807488326
208,huggyllama/llama-7b,dummy-lora-7b-rank-32-0,282,131,21.37777139192959
209,huggyllama/llama-7b,dummy-lora-7b-rank-8-1,794,35,21.379408068743686
210,huggyllama/llama-7b,dummy-lora-7b-rank-8-0,951,215,21.445824022088896
211,huggyllama/llama-7b,dummy-lora-7b-rank-64-3,599,17,21.599259886442404
212,huggyllama/llama-7b,dummy-lora-7b-rank-8-3,279,163,21.666471961874137
213,huggyllama/llama-7b,dummy-lora-7b-rank-16-0,596,41,21.81233638758157
214,huggyllama/llama-7b,dummy-lora-7b-rank-64-3,316,11,21.871923499079955
215,huggyllama/llama-7b,dummy-lora-7b-rank-16-1,550,10,22.03514561027147
216,huggyllama/llama-7b,dummy-lora-7b-rank-128-3,297,46,22.052689834476837
217,huggyllama/llama-7b,dummy-lora-7b-rank-8-1,551,11,22.07050391599858
218,huggyllama/llama-7b,dummy-lora-7b-rank-16-4,722,5,22.213373065758553
219,huggyllama/llama-7b,dummy-lora-7b-rank-128-3,183,168,22.36160676989987
220,huggyllama/llama-7b,dummy-lora-7b-rank-32-2,151,54,22.364820900810297
221,huggyllama/llama-7b,dummy-lora-7b-rank-64-4,263,46,22.380947425022466
222,huggyllama/llama-7b,dummy-lora-7b-rank-32-3,265,45,22.386347943557396
223,huggyllama/llama-7b,dummy-lora-7b-rank-64-1,415,54,22.534050547321982
224,huggyllama/llama-7b,dummy-lora-7b-rank-32-2,609,32,22.56350932639176
225,huggyllama/llama-7b,dummy-lora-7b-rank-8-1,803,113,22.653090096216488
226,huggyllama/llama-7b,dummy-lora-7b-rank-64-4,567,55,22.694283545732873
227,huggyllama/llama-7b,dummy-lora-7b-rank-128-4,550,18,22.906295968747603
228,huggyllama/llama-7b,dummy-lora-7b-rank-8-4,948,151,23.09226199992011
229,huggyllama/llama-7b,dummy-lora-7b-rank-16-3,952,172,23.185049475176065
230,huggyllama/llama-7b,dummy-lora-7b-rank-8-2,604,21,23.242490576255673
231,huggyllama/llama-7b,dummy-lora-7b-rank-32-0,549,74,23.250813619090625
232,huggyllama/llama-7b,dummy-lora-7b-rank-8-4,204,77,23.255710700376756
233,huggyllama/llama-7b,dummy-lora-7b-rank-32-1,609,7,23.408566129864976
234,huggyllama/llama-7b,dummy-lora-7b-rank-16-3,130,42,23.41386066749057
235,huggyllama/llama-7b,dummy-lora-7b-rank-8-0,550,18,23.496401544055583
236,huggyllama/llama-7b,dummy-lora-7b-rank-64-0,603,16,23.545988455711186
237,huggyllama/llama-7b,dummy-lora-7b-rank-32-2,556,22,23.608653122935383
238,huggyllama/llama-7b,dummy-lora-7b-rank-64-4,560,13,23.863029476338507
239,huggyllama/llama-7b,dummy-lora-7b-rank-128-2,370,7,23.87054883931326
240,huggyllama/llama-7b,dummy-lora-7b-rank-32-3,551,47,24.05833344193571
241,huggyllama/llama-7b,dummy-lora-7b-rank-8-1,580,26,24.09842742010436
242,huggyllama/llama-7b,dummy-lora-7b-rank-16-0,357,89,24.17252672195407
243,huggyllama/llama-7b,dummy-lora-7b-rank-32-2,179,42,24.286956458580715
244,huggyllama/llama-7b,dummy-lora-7b-rank-128-0,607,79,24.49462671477906
245,huggyllama/llama-7b,dummy-lora-7b-rank-32-4,556,9,24.552498394553414
246,huggyllama/llama-7b,dummy-lora-7b-rank-8-0,603,19,24.644828354989098
247,huggyllama/llama-7b,dummy-lora-7b-rank-32-0,550,20,24.669857462405467
248,huggyllama/llama-7b,dummy-lora-7b-rank-8-3,899,21,24.771763948662393
249,huggyllama/llama-7b,dummy-lora-7b-rank-32-4,196,50,25.0400762465463
250,huggyllama/llama-7b,dummy-lora-7b-rank-64-2,568,30,25.052433798670663
251,huggyllama/llama-7b,dummy-lora-7b-rank-32-1,950,216,25.10575526848916
252,huggyllama/llama-7b,dummy-lora-7b-rank-8-1,220,85,25.109381766843416
253,huggyllama/llama-7b,dummy-lora-7b-rank-64-0,121,89,25.13036141884726
254,huggyllama/llama-7b,dummy-lora-7b-rank-32-2,554,22,25.238749057186983
255,huggyllama/llama-7b,dummy-lora-7b-rank-8-4,347,12,25.283566686204836
256,huggyllama/llama-7b,dummy-lora-7b-rank-32-0,556,11,25.308996115301362
257,huggyllama/llama-7b,dummy-lora-7b-rank-16-1,408,41,25.334401774290225
258,huggyllama/llama-7b,dummy-lora-7b-rank-8-1,479,47,25.388846854333384
259,huggyllama/llama-7b,dummy-lora-7b-rank-16-4,282,177,25.81875060485808
260,huggyllama/llama-7b,dummy-lora-7b-rank-32-0,749,23,26.248859426454448
261,huggyllama/llama-7b,dummy-lora-7b-rank-16-4,256,48,26.400450451192796
262,huggyllama/llama-7b,dummy-lora-7b-rank-16-3,272,39,26.437312764944558
263,huggyllama/llama-7b,dummy-lora-7b-rank-64-0,628,31,26.453580777417624
264,huggyllama/llama-7b,dummy-lora-7b-rank-8-2,450,86,26.514993330778292
265,huggyllama/llama-7b,dummy-lora-7b-rank-64-3,56,36,26.590441692392705
266,huggyllama/llama-7b,dummy-lora-7b-rank-128-0,609,22,26.650678287214077
267,huggyllama/llama-7b,dummy-lora-7b-rank-32-3,328,144,26.668426616861225
268,huggyllama/llama-7b,dummy-lora-7b-rank-32-0,678,5,26.712758587273044
269,huggyllama/llama-7b,dummy-lora-7b-rank-8-1,990,15,26.96237661841191
270,huggyllama/llama-7b,dummy-lora-7b-rank-32-2,128,60,26.993147123325613
271,huggyllama/llama-7b,dummy-lora-7b-rank-64-3,216,46,27.014603111167844
272,huggyllama/llama-7b,dummy-lora-7b-rank-64-2,197,130,27.10056176805349
273,huggyllama/llama-7b,dummy-lora-7b-rank-32-0,550,20,27.14904666882118
274,huggyllama/llama-7b,dummy-lora-7b-rank-32-1,552,16,27.246822671189268
275,huggyllama/llama-7b,dummy-lora-7b-rank-32-4,566,46,27.304426974462576
276,huggyllama/llama-7b,dummy-lora-7b-rank-32-1,601,17,27.33127163314219
277,huggyllama/llama-7b,dummy-lora-7b-rank-32-4,564,28,27.345242668246836
278,huggyllama/llama-7b,dummy-lora-7b-rank-64-0,351,63,27.64732514457015
279,huggyllama/llama-7b,dummy-lora-7b-rank-32-4,467,38,27.73973188745512
280,huggyllama/llama-7b,dummy-lora-7b-rank-128-3,411,29,27.91189682822831
281,huggyllama/llama-7b,dummy-lora-7b-rank-64-0,826,62,27.96351009966775
282,huggyllama/llama-7b,dummy-lora-7b-rank-128-0,275,122,28.018473299711015
283,huggyllama/llama-7b,dummy-lora-7b-rank-16-2,414,9,28.14958578271497
284,huggyllama/llama-7b,dummy-lora-7b-rank-64-3,426,10,28.28452645388931
285,huggyllama/llama-7b,dummy-lora-7b-rank-8-1,562,19,28.33612192683133
286,huggyllama/llama-7b,dummy-lora-7b-rank-32-0,554,20,28.569209365413297
287,huggyllama/llama-7b,dummy-lora-7b-rank-32-4,895,16,28.855830004928155
288,huggyllama/llama-7b,dummy-lora-7b-rank-64-0,498,17,28.99852818302105
289,huggyllama/llama-7b,dummy-lora-7b-rank-128-2,231,3,29.076036435583806
290,huggyllama/llama-7b,dummy-lora-7b-rank-128-4,116,37,29.095393655039548
291,huggyllama/llama-7b,dummy-lora-7b-rank-128-1,550,21,29.204991826624223
292,huggyllama/llama-7b,dummy-lora-7b-rank-32-1,520,55,29.33167317112846
293,huggyllama/llama-7b,dummy-lora-7b-rank-64-3,540,10,29.37339293468736
294,huggyllama/llama-7b,dummy-lora-7b-rank-128-4,212,36,29.389286761546494
295,huggyllama/llama-7b,dummy-lora-7b-rank-8-3,375,8,29.397096794264396
296,huggyllama/llama-7b,dummy-lora-7b-rank-32-0,119,68,29.428980009429303
297,huggyllama/llama-7b,dummy-lora-7b-rank-128-4,573,10,29.437291029524268
298,huggyllama/llama-7b,dummy-lora-7b-rank-128-4,447,7,29.723742261661414
299,huggyllama/llama-7b,dummy-lora-7b-rank-8-3,574,58,29.829216668981676
300,huggyllama/llama-7b,dummy-lora-7b-rank-8-3,554,18,29.847916747567677
301,huggyllama/llama-7b,dummy-lora-7b-rank-128-1,672,67,29.959933659009778
302,huggyllama/llama-7b,dummy-lora-7b-rank-64-1,556,46,30.02869231941895
303,huggyllama/llama-7b,dummy-lora-7b-rank-128-3,664,32,30.337505887215002
304,huggyllama/llama-7b,dummy-lora-7b-rank-32-1,550,17,30.39654551413257
305,huggyllama/llama-7b,dummy-lora-7b-rank-128-2,150,51,30.40549480134505
306,huggyllama/llama-7b,dummy-lora-7b-rank-128-3,228,57,30.455925672894352
307,huggyllama/llama-7b,dummy-lora-7b-rank-8-0,579,24,30.503042504935447
308,huggyllama/llama-7b,dummy-lora-7b-rank-16-2,402,48,30.64417096194367
309,huggyllama/llama-7b,dummy-lora-7b-rank-8-2,536,32,30.66205786997484
310,huggyllama/llama-7b,dummy-lora-7b-rank-16-1,463,52,30.666531793915418
311,huggyllama/llama-7b,dummy-lora-7b-rank-64-1,530,9,30.699899142266336
312,huggyllama/llama-7b,dummy-lora-7b-rank-8-1,700,12,30.829281770653086
313,huggyllama/llama-7b,dummy-lora-7b-rank-64-0,350,134,30.844051597789548
314,huggyllama/llama-7b,dummy-lora-7b-rank-16-4,345,168,30.848393286439965
315,huggyllama/llama-7b,dummy-lora-7b-rank-8-2,920,14,30.943776131671182
316,huggyllama/llama-7b,dummy-lora-7b-rank-64-0,550,10,31.220502198687676
317,huggyllama/llama-7b,dummy-lora-7b-rank-8-3,317,11,31.508379513106917
318,huggyllama/llama-7b,dummy-lora-7b-rank-16-4,601,18,31.578368740532163
319,huggyllama/llama-7b,dummy-lora-7b-rank-16-3,272,43,31.886189553968144
320,huggyllama/llama-7b,dummy-lora-7b-rank-16-1,552,7,31.891682868815916
321,huggyllama/llama-7b,dummy-lora-7b-rank-128-3,675,46,31.964160765408497
322,huggyllama/llama-7b,dummy-lora-7b-rank-128-1,554,22,32.26999703817037
323,huggyllama/llama-7b,dummy-lora-7b-rank-128-4,951,5,32.36015420985989
324,huggyllama/llama-7b,dummy-lora-7b-rank-128-3,343,48,32.44653059394454
325,huggyllama/llama-7b,dummy-lora-7b-rank-32-3,590,22,32.44707081001984
326,huggyllama/llama-7b,dummy-lora-7b-rank-64-1,552,19,32.5143591107411
327,huggyllama/llama-7b,dummy-lora-7b-rank-128-4,132,36,32.764684100476906
328,huggyllama/llama-7b,dummy-lora-7b-rank-64-4,570,21,32.774032781136626
329,huggyllama/llama-7b,dummy-lora-7b-rank-32-1,280,104,32.84752180910036
330,huggyllama/llama-7b,dummy-lora-7b-rank-8-3,326,37,32.8959906057793
331,huggyllama/llama-7b,dummy-lora-7b-rank-64-3,284,135,32.89621235538389
332,huggyllama/llama-7b,dummy-lora-7b-rank-128-4,138,55,33.05956317179961
333,huggyllama/llama-7b,dummy-lora-7b-rank-128-0,92,43,33.08669681181924
334,huggyllama/llama-7b,dummy-lora-7b-rank-32-4,384,25,33.09095859067741
335,huggyllama/llama-7b,dummy-lora-7b-rank-128-3,464,9,33.268660422105825
336,huggyllama/llama-7b,dummy-lora-7b-rank-32-1,80,28,33.299023603069166
337,huggyllama/llama-7b,dummy-lora-7b-rank-8-0,570,30,33.33097204854184
338,huggyllama/llama-7b,dummy-lora-7b-rank-8-2,603,19,33.33893524406042
339,huggyllama/llama-7b,dummy-lora-7b-rank-32-1,804,120,33.35156868274841
340,huggyllama/llama-7b,dummy-lora-7b-rank-128-0,556,19,33.374827028046774
341,huggyllama/llama-7b,dummy-lora-7b-rank-8-0,728,46,33.426000818127164
342,huggyllama/llama-7b,dummy-lora-7b-rank-16-3,956,12,33.516918059013825
343,huggyllama/llama-7b,dummy-lora-7b-rank-128-1,350,35,33.581786661489865
344,huggyllama/llama-7b,dummy-lora-7b-rank-8-2,686,20,33.888791212972144
345,huggyllama/llama-7b,dummy-lora-7b-rank-8-2,181,43,34.11328774982178
346,huggyllama/llama-7b,dummy-lora-7b-rank-64-3,506,60,34.29237168249849
347,huggyllama/llama-7b,dummy-lora-7b-rank-16-3,562,27,34.294424546540455
348,huggyllama/llama-7b,dummy-lora-7b-rank-16-1,901,42,34.33865575950797
349,huggyllama/llama-7b,dummy-lora-7b-rank-128-0,272,49,34.344049580339416
350,huggyllama/llama-7b,dummy-lora-7b-rank-16-3,354,63,34.96976458454386
351,huggyllama/llama-7b,dummy-lora-7b-rank-8-0,55,90,35.04212339615235
352,huggyllama/llama-7b,dummy-lora-7b-rank-64-1,237,43,35.068236237827136
353,huggyllama/llama-7b,dummy-lora-7b-rank-64-0,175,61,35.649096081491116
354,huggyllama/llama-7b,dummy-lora-7b-rank-128-4,420,46,35.77740744918691
355,huggyllama/llama-7b,dummy-lora-7b-rank-64-2,552,19,36.04356021346948
356,huggyllama/llama-7b,dummy-lora-7b-rank-128-0,611,18,36.0640486229849
357,huggyllama/llama-7b,dummy-lora-7b-rank-64-0,563,28,36.1766560162251
358,huggyllama/llama-7b,dummy-lora-7b-rank-128-1,568,32,36.19000146347846
359,huggyllama/llama-7b,dummy-lora-7b-rank-8-3,299,52,36.287733547005566
360,huggyllama/llama-7b,dummy-lora-7b-rank-16-2,989,53,36.49406791847207
361,huggyllama/llama-7b,dummy-lora-7b-rank-32-1,457,84,36.71285530060503
362,huggyllama/llama-7b,dummy-lora-7b-rank-128-0,584,38,36.74707333535133
363,huggyllama/llama-7b,dummy-lora-7b-rank-8-2,706,72,36.79034605189288
364,huggyllama/llama-7b,dummy-lora-7b-rank-128-0,183,46,37.081770687368454
365,huggyllama/llama-7b,dummy-lora-7b-rank-32-0,568,9,37.11412788776684
366,huggyllama/llama-7b,dummy-lora-7b-rank-128-4,549,65,37.115384183809944
367,huggyllama/llama-7b,dummy-lora-7b-rank-16-0,327,159,37.248753222949276
368,huggyllama/llama-7b,dummy-lora-7b-rank-128-1,637,63,37.47246098458635
369,huggyllama/llama-7b,dummy-lora-7b-rank-64-3,656,77,37.52936563754106
370,huggyllama/llama-7b,dummy-lora-7b-rank-8-4,554,22,37.58620828816598
371,huggyllama/llama-7b,dummy-lora-7b-rank-128-2,339,9,37.589314184354194
372,huggyllama/llama-7b,dummy-lora-7b-rank-128-3,793,15,37.601040469286175
373,huggyllama/llama-7b,dummy-lora-7b-rank-32-3,375,8,37.641117139230246
374,huggyllama/llama-7b,dummy-lora-7b-rank-32-0,327,46,37.76585439131963
375,huggyllama/llama-7b,dummy-lora-7b-rank-128-1,759,44,37.87785838718726
376,huggyllama/llama-7b,dummy-lora-7b-rank-16-0,574,30,38.062477060092824
377,huggyllama/llama-7b,dummy-lora-7b-rank-32-2,560,51,38.065337671389585
378,huggyllama/llama-7b,dummy-lora-7b-rank-8-2,259,41,38.12683799444049
379,huggyllama/llama-7b,dummy-lora-7b-rank-64-4,516,30,38.1940747532057
380,huggyllama/llama-7b,dummy-lora-7b-rank-16-4,732,55,38.35358163785366
381,huggyllama/llama-7b,dummy-lora-7b-rank-8-2,340,118,38.50900409472004
382,huggyllama/llama-7b,dummy-lora-7b-rank-128-0,558,23,38.796413283870514
383,huggyllama/llama-7b,dummy-lora-7b-rank-64-1,85,44,38.823259900143704
384,huggyllama/llama-7b,dummy-lora-7b-rank-32-3,607,28,38.861256250727585
385,huggyllama/llama-7b,dummy-lora-7b-rank-128-0,331,47,38.89878162043366
386,huggyllama/llama-7b,dummy-lora-7b-rank-64-4,540,48,38.92238021937498
387,huggyllama/llama-7b,dummy-lora-7b-rank-32-3,750,39,38.93208096063445
388,huggyllama/llama-7b,dummy-lora-7b-rank-128-3,524,40,39.03208374873134
389,huggyllama/llama-7b,dummy-lora-7b-rank-8-3,946,51,39.14831944905582
390,huggyllama/llama-7b,dummy-lora-7b-rank-16-0,755,51,39.16845661818445
391,huggyllama/llama-7b,dummy-lora-7b-rank-16-1,786,70,39.22209038467372
392,huggyllama/llama-7b,dummy-lora-7b-rank-32-1,439,7,39.34957519452804
393,huggyllama/llama-7b,dummy-lora-7b-rank-32-0,240,61,39.43530790751142
394,huggyllama/llama-7b,dummy-lora-7b-rank-16-0,220,42,39.46670855423733
395,huggyllama/llama-7b,dummy-lora-7b-rank-16-3,433,55,39.538727380814194
396,huggyllama/llama-7b,dummy-lora-7b-rank-16-2,830,72,39.65409784099013
397,huggyllama/llama-7b,dummy-lora-7b-rank-8-0,808,25,39.65945891459799
398,huggyllama/llama-7b,dummy-lora-7b-rank-16-1,402,41,39.693224629441566
399,huggyllama/llama-7b,dummy-lora-7b-rank-64-0,335,98,39.77665884024384
400,huggyllama/llama-7b,dummy-lora-7b-rank-128-4,222,46,39.82662294574952
401,huggyllama/llama-7b,dummy-lora-7b-rank-8-3,446,5,40.01885577380158
402,huggyllama/llama-7b,dummy-lora-7b-rank-16-4,283,52,40.022323490863755
403,huggyllama/llama-7b,dummy-lora-7b-rank-32-0,562,24,40.077662244321075
404,huggyllama/llama-7b,dummy-lora-7b-rank-32-1,464,71,40.1833948319721
405,huggyllama/llama-7b,dummy-lora-7b-rank-8-0,560,25,40.21626180526967
406,huggyllama/llama-7b,dummy-lora-7b-rank-16-2,563,11,40.348293811207036
407,huggyllama/llama-7b,dummy-lora-7b-rank-8-1,500,57,40.433909518567226
408,huggyllama/llama-7b,dummy-lora-7b-rank-8-1,567,22,40.49162459760062
409,huggyllama/llama-7b,dummy-lora-7b-rank-64-2,307,53,40.768029541408204
410,huggyllama/llama-7b,dummy-lora-7b-rank-32-1,570,31,40.810826975383456
411,huggyllama/llama-7b,dummy-lora-7b-rank-8-3,619,22,41.007038128116385
412,huggyllama/llama-7b,dummy-lora-7b-rank-16-3,550,10,41.26061069171354
413,huggyllama/llama-7b,dummy-lora-7b-rank-8-3,494,59,41.317349435563415
414,huggyllama/llama-7b,dummy-lora-7b-rank-128-3,355,52,41.39663150509612
415,huggyllama/llama-7b,dummy-lora-7b-rank-32-0,554,20,41.40754283799645
416,huggyllama/llama-7b,dummy-lora-7b-rank-64-0,184,8,41.547108201773526
417,huggyllama/llama-7b,dummy-lora-7b-rank-16-1,714,7,41.80566158360442
418,huggyllama/llama-7b,dummy-lora-7b-rank-64-0,493,88,42.13879072322925
419,huggyllama/llama-7b,dummy-lora-7b-rank-32-4,603,20,42.159350677871004
420,huggyllama/llama-7b,dummy-lora-7b-rank-8-1,457,55,42.16064834578837
421,huggyllama/llama-7b,dummy-lora-7b-rank-64-0,562,27,42.29817501875722
422,huggyllama/llama-7b,dummy-lora-7b-rank-16-1,220,52,42.3562379035379
423,huggyllama/llama-7b,dummy-lora-7b-rank-8-0,424,7,42.48491816800018
424,huggyllama/llama-7b,dummy-lora-7b-rank-128-4,683,100,42.496588652437
425,huggyllama/llama-7b,dummy-lora-7b-rank-8-1,594,23,42.52908852600413
426,huggyllama/llama-7b,dummy-lora-7b-rank-128-0,206,7,42.61146519315257
427,huggyllama/llama-7b,dummy-lora-7b-rank-16-2,430,10,42.75025575845453
428,huggyllama/llama-7b,dummy-lora-7b-rank-64-3,412,5,42.76397921514507
429,huggyllama/llama-7b,dummy-lora-7b-rank-8-1,517,46,42.80524553775613
430,huggyllama/llama-7b,dummy-lora-7b-rank-128-0,435,11,42.94444042870609
431,huggyllama/llama-7b,dummy-lora-7b-rank-64-2,362,131,42.96469767478985
432,huggyllama/llama-7b,dummy-lora-7b-rank-32-1,359,59,43.02904863988931
433,huggyllama/llama-7b,dummy-lora-7b-rank-32-2,286,5,43.03222012284782
434,huggyllama/llama-7b,dummy-lora-7b-rank-16-2,186,5,43.08394201339181
435,huggyllama/llama-7b,dummy-lora-7b-rank-32-2,610,34,43.097493639995534
436,huggyllama/llama-7b,dummy-lora-7b-rank-64-1,684,7,43.151902081985845
437,huggyllama/llama-7b,dummy-lora-7b-rank-64-0,355,41,43.293864408322065
438,huggyllama/llama-7b,dummy-lora-7b-rank-16-1,307,79,43.436637047726194
439,huggyllama/llama-7b,dummy-lora-7b-rank-16-3,115,122,43.62255663575564
440,huggyllama/llama-7b,dummy-lora-7b-rank-64-1,467,5,43.76945813014775
441,huggyllama/llama-7b,dummy-lora-7b-rank-16-1,239,43,43.77772240404959
442,huggyllama/llama-7b,dummy-lora-7b-rank-32-0,572,10,44.04566514599432
443,huggyllama/llama-7b,dummy-lora-7b-rank-8-0,550,18,44.08122249696445
444,huggyllama/llama-7b,dummy-lora-7b-rank-8-4,722,22,44.15637659146358
445,huggyllama/llama-7b,dummy-lora-7b-rank-64-4,339,166,44.24461784395781
446,huggyllama/llama-7b,dummy-lora-7b-rank-8-3,873,116,44.27857120421168
447,huggyllama/llama-7b,dummy-lora-7b-rank-128-3,539,6,44.37329985701011
448,huggyllama/llama-7b,dummy-lora-7b-rank-64-1,162,63,44.3761290341281
449,huggyllama/llama-7b,dummy-lora-7b-rank-16-4,277,86,44.67907476149992
450,huggyllama/llama-7b,dummy-lora-7b-rank-8-4,552,19,44.721346365555696
451,huggyllama/llama-7b,dummy-lora-7b-rank-128-4,572,28,44.87536063375695
452,huggyllama/llama-7b,dummy-lora-7b-rank-16-0,580,11,44.91228564346266
453,huggyllama/llama-7b,dummy-lora-7b-rank-16-4,196,42,45.15084096064104
454,huggyllama/llama-7b,dummy-lora-7b-rank-8-1,748,110,45.17374257152856
455,huggyllama/llama-7b,dummy-lora-7b-rank-16-3,554,21,45.20317251902421
456,huggyllama/llama-7b,dummy-lora-7b-rank-64-0,610,2,45.40165377842199
457,huggyllama/llama-7b,dummy-lora-7b-rank-32-1,443,70,45.443917101161865
458,huggyllama/llama-7b,dummy-lora-7b-rank-32-2,110,59,45.694594742608444
459,huggyllama/llama-7b,dummy-lora-7b-rank-128-4,546,16,45.7556949181932
460,huggyllama/llama-7b,dummy-lora-7b-rank-8-3,608,19,45.83054947607608
461,huggyllama/llama-7b,dummy-lora-7b-rank-32-2,422,5,46.0418263643008
462,huggyllama/llama-7b,dummy-lora-7b-rank-8-1,759,15,46.11886553839435
463,huggyllama/llama-7b,dummy-lora-7b-rank-8-4,554,20,46.12168495637292
464,huggyllama/llama-7b,dummy-lora-7b-rank-64-4,171,39,46.130984693188104
465,huggyllama/llama-7b,dummy-lora-7b-rank-8-1,491,38,46.24310620318791
466,huggyllama/llama-7b,dummy-lora-7b-rank-32-2,333,30,46.405786429235256
467,huggyllama/llama-7b,dummy-lora-7b-rank-64-3,270,35,46.583526366509616
468,huggyllama/llama-7b,dummy-lora-7b-rank-32-0,655,74,46.61350184501983
469,huggyllama/llama-7b,dummy-lora-7b-rank-128-0,584,18,46.62748959308459
470,huggyllama/llama-7b,dummy-lora-7b-rank-8-1,554,19,47.132999182125566
471,huggyllama/llama-7b,dummy-lora-7b-rank-8-3,596,40,47.57530084088379
472,huggyllama/llama-7b,dummy-lora-7b-rank-128-2,96,54,47.59969945964686
473,huggyllama/llama-7b,dummy-lora-7b-rank-8-3,556,6,48.02122099982488
474,huggyllama/llama-7b,dummy-lora-7b-rank-64-4,558,23,48.276650318945784
475,huggyllama/llama-7b,dummy-lora-7b-rank-128-4,631,15,48.340056106392595
476,huggyllama/llama-7b,dummy-lora-7b-rank-16-1,546,16,48.354654074681804
477,huggyllama/llama-7b,dummy-lora-7b-rank-64-0,356,7,48.39765345169072
478,huggyllama/llama-7b,dummy-lora-7b-rank-8-1,829,54,48.430946463230256
479,huggyllama/llama-7b,dummy-lora-7b-rank-32-2,321,41,48.52223541981042
480,huggyllama/llama-7b,dummy-lora-7b-rank-32-0,268,48,48.555666812963715
481,huggyllama/llama-7b,dummy-lora-7b-rank-16-1,436,43,48.88232709831809
482,huggyllama/llama-7b,dummy-lora-7b-rank-16-1,218,51,48.95785010390607
483,huggyllama/llama-7b,dummy-lora-7b-rank-32-0,568,26,48.97616538857073
484,huggyllama/llama-7b,dummy-lora-7b-rank-128-2,350,45,48.97918289829197
485,huggyllama/llama-7b,dummy-lora-7b-rank-128-3,358,46,49.03996951480991
486,huggyllama/llama-7b,dummy-lora-7b-rank-64-2,163,46,49.23025264266629
487,huggyllama/llama-7b,dummy-lora-7b-rank-64-0,564,25,49.52596408803057
488,huggyllama/llama-7b,dummy-lora-7b-rank-16-4,287,42,49.54415844713357
489,huggyllama/llama-7b,dummy-lora-7b-rank-32-4,931,3,49.679309709276495
490,huggyllama/llama-7b,dummy-lora-7b-rank-32-0,498,102,49.82865620667592
491,huggyllama/llama-7b,dummy-lora-7b-rank-128-1,572,30,49.97153320821044
492,huggyllama/llama-7b,dummy-lora-7b-rank-8-1,349,55,50.239819790847655
493,huggyllama/llama-7b,dummy-lora-7b-rank-32-3,598,25,50.248179628456334
494,huggyllama/llama-7b,dummy-lora-7b-rank-128-1,870,87,50.32016164750256
495,huggyllama/llama-7b,dummy-lora-7b-rank-8-0,432,64,50.554711517236576
496,huggyllama/llama-7b,dummy-lora-7b-rank-32-2,408,40,50.56776503972685
497,huggyllama/llama-7b,dummy-lora-7b-rank-32-0,556,128,50.59964125935764
498,huggyllama/llama-7b,dummy-lora-7b-rank-32-0,558,40,50.62429072013292
499,huggyllama/llama-7b,dummy-lora-7b-rank-8-1,556,20,50.62602531932959
500,huggyllama/llama-7b,dummy-lora-7b-rank-16-3,182,40,50.68298986456035
501,huggyllama/llama-7b,dummy-lora-7b-rank-64-4,476,49,50.68403625579274
502,huggyllama/llama-7b,dummy-lora-7b-rank-32-0,136,43,50.692581919523015
503,huggyllama/llama-7b,dummy-lora-7b-rank-8-1,449,8,50.984047659211726
504,huggyllama/llama-7b,dummy-lora-7b-rank-8-4,584,18,51.05519435879289
505,huggyllama/llama-7b,dummy-lora-7b-rank-16-3,544,236,51.129855316561404
506,huggyllama/llama-7b,dummy-lora-7b-rank-16-0,393,90,51.162729636377094
507,huggyllama/llama-7b,dummy-lora-7b-rank-64-1,50,47,51.268117473831694
508,huggyllama/llama-7b,dummy-lora-7b-rank-32-3,217,49,51.349579418489604
509,huggyllama/llama-7b,dummy-lora-7b-rank-128-3,564,22,51.45194152527286
510,huggyllama/llama-7b,dummy-lora-7b-rank-64-2,248,41,51.480046855535065
511,huggyllama/llama-7b,dummy-lora-7b-rank-8-2,554,20,51.58762414914685
512,huggyllama/llama-7b,dummy-lora-7b-rank-16-3,457,8,51.80548293456754
513,huggyllama/llama-7b,dummy-lora-7b-rank-16-2,336,32,51.887838798777345
514,huggyllama/llama-7b,dummy-lora-7b-rank-8-2,239,88,51.96814665741531
515,huggyllama/llama-7b,dummy-lora-7b-rank-16-2,212,51,52.04413462883128
516,huggyllama/llama-7b,dummy-lora-7b-rank-128-0,539,11,52.07973416454607
517,huggyllama/llama-7b,dummy-lora-7b-rank-32-0,904,72,52.11532692984555
518,huggyllama/llama-7b,dummy-lora-7b-rank-16-4,403,73,52.14126675076105
519,huggyllama/llama-7b,dummy-lora-7b-rank-128-2,643,30,52.166546143963785
520,huggyllama/llama-7b,dummy-lora-7b-rank-64-2,385,49,52.44848773571941
521,huggyllama/llama-7b,dummy-lora-7b-rank-64-3,173,46,52.898864398451444
522,huggyllama/llama-7b,dummy-lora-7b-rank-8-4,236,9,52.89900420792952
523,huggyllama/llama-7b,dummy-lora-7b-rank-16-0,496,11,52.9769389199722
524,huggyllama/llama-7b,dummy-lora-7b-rank-8-3,570,31,53.00053839706033
525,huggyllama/llama-7b,dummy-lora-7b-rank-8-2,304,38,53.05717038035607
526,huggyllama/llama-7b,dummy-lora-7b-rank-64-0,548,17,53.06503735065865
527,huggyllama/llama-7b,dummy-lora-7b-rank-16-2,600,19,53.46503613989181
528,huggyllama/llama-7b,dummy-lora-7b-rank-16-3,325,74,53.59585545809064
529,huggyllama/llama-7b,dummy-lora-7b-rank-128-4,566,28,53.65862970276903
530,huggyllama/llama-7b,dummy-lora-7b-rank-64-2,156,33,53.70193030454367
531,huggyllama/llama-7b,dummy-lora-7b-rank-8-3,1007,3,53.74295870766163
532,huggyllama/llama-7b,dummy-lora-7b-rank-8-2,473,39,53.788623015527975
533,huggyllama/llama-7b,dummy-lora-7b-rank-128-3,715,123,53.902647277289915
534,huggyllama/llama-7b,dummy-lora-7b-rank-32-3,231,58,54.39607895105676
535,huggyllama/llama-7b,dummy-lora-7b-rank-32-2,533,13,54.75549348733972
536,huggyllama/llama-7b,dummy-lora-7b-rank-16-4,281,49,54.82620951016602
537,huggyllama/llama-7b,dummy-lora-7b-rank-128-2,451,11,54.91141843452328
538,huggyllama/llama-7b,dummy-lora-7b-rank-128-1,457,39,54.91253328318103
539,huggyllama/llama-7b,dummy-lora-7b-rank-8-3,306,129,54.957952255239206
540,huggyllama/llama-7b,dummy-lora-7b-rank-64-0,997,11,54.95846467867562
541,huggyllama/llama-7b,dummy-lora-7b-rank-32-1,220,48,54.99566896524993
542,huggyllama/llama-7b,dummy-lora-7b-rank-128-2,56,118,55.019051777657964
543,huggyllama/llama-7b,dummy-lora-7b-rank-8-2,120,26,55.024369192299126
544,huggyllama/llama-7b,dummy-lora-7b-rank-64-0,425,9,55.28671275827087
545,huggyllama/llama-7b,dummy-lora-7b-rank-32-2,762,8,55.43218241890215
546,huggyllama/llama-7b,dummy-lora-7b-rank-128-3,268,47,55.50171747142758
547,huggyllama/llama-7b,dummy-lora-7b-rank-16-4,554,20,55.50844791825687
548,huggyllama/llama-7b,dummy-lora-7b-rank-128-0,642,11,55.59349074751316
549,huggyllama/llama-7b,dummy-lora-7b-rank-128-0,541,177,55.60424984018418
550,huggyllama/llama-7b,dummy-lora-7b-rank-16-1,389,55,55.84286409562345
551,huggyllama/llama-7b,dummy-lora-7b-rank-8-2,98,51,55.89256073916095
552,huggyllama/llama-7b,dummy-lora-7b-rank-16-3,765,19,55.905491775880265
553,huggyllama/llama-7b,dummy-lora-7b-rank-8-2,601,16,55.95248137345324
554,huggyllama/llama-7b,dummy-lora-7b-rank-16-2,837,130,55.95270217274215
555,huggyllama/llama-7b,dummy-lora-7b-rank-8-2,575,24,55.97181046513257
556,huggyllama/llama-7b,dummy-lora-7b-rank-16-2,339,39,56.087531217863926
557,huggyllama/llama-7b,dummy-lora-7b-rank-32-3,175,124,56.15948518250892
558,huggyllama/llama-7b,dummy-lora-7b-rank-64-0,217,73,56.29181117629113
559,huggyllama/llama-7b,dummy-lora-7b-rank-64-0,690,43,56.32667757291324
560,huggyllama/llama-7b,dummy-lora-7b-rank-16-1,212,187,56.371585404432516
561,huggyllama/llama-7b,dummy-lora-7b-rank-8-2,609,6,56.604915722709514
562,huggyllama/llama-7b,dummy-lora-7b-rank-64-3,713,12,56.6684047674945
563,huggyllama/llama-7b,dummy-lora-7b-rank-32-4,155,49,56.77715978613435
564,huggyllama/llama-7b,dummy-lora-7b-rank-64-1,591,2,56.85398378500422
565,huggyllama/llama-7b,dummy-lora-7b-rank-8-0,617,44,56.921275081693445
566,huggyllama/llama-7b,dummy-lora-7b-rank-64-2,413,8,56.936666952807286
567,huggyllama/llama-7b,dummy-lora-7b-rank-128-1,345,41,56.96725214042681
568,huggyllama/llama-7b,dummy-lora-7b-rank-8-2,575,20,56.987845585201946
569,huggyllama/llama-7b,dummy-lora-7b-rank-128-3,570,31,56.99569390634169
570,huggyllama/llama-7b,dummy-lora-7b-rank-16-1,558,22,57.006276330201885
571,huggyllama/llama-7b,dummy-lora-7b-rank-32-4,211,46,57.06820880663072
572,huggyllama/llama-7b,dummy-lora-7b-rank-16-0,261,147,57.07610728784314
573,huggyllama/llama-7b,dummy-lora-7b-rank-32-0,631,7,57.1550003663551
574,huggyllama/llama-7b,dummy-lora-7b-rank-8-0,562,24,57.21294064709853
575,huggyllama/llama-7b,dummy-lora-7b-rank-64-3,664,73,57.24664487912196
576,huggyllama/llama-7b,dummy-lora-7b-rank-32-4,405,4,57.25794873073409
577,huggyllama/llama-7b,dummy-lora-7b-rank-64-0,580,32,57.266971089666065
578,huggyllama/llama-7b,dummy-lora-7b-rank-16-3,190,3,57.36141020014053
579,huggyllama/llama-7b,dummy-lora-7b-rank-8-4,544,11,57.433501912931405
580,huggyllama/llama-7b,dummy-lora-7b-rank-64-2,548,17,57.489159173231236
581,huggyllama/llama-7b,dummy-lora-7b-rank-128-0,603,18,57.50309598825402
582,huggyllama/llama-7b,dummy-lora-7b-rank-8-4,169,49,57.53401287123768
583,huggyllama/llama-7b,dummy-lora-7b-rank-16-4,552,19,57.61584788927425
584,huggyllama/llama-7b,dummy-lora-7b-rank-32-2,578,34,57.6377100752782
585,huggyllama/llama-7b,dummy-lora-7b-rank-64-0,664,48,57.65507036949067
586,huggyllama/llama-7b,dummy-lora-7b-rank-32-3,184,51,57.66635086054299
587,huggyllama/llama-7b,dummy-lora-7b-rank-32-1,599,8,57.73072328524004
588,huggyllama/llama-7b,dummy-lora-7b-rank-16-4,550,8,57.82289765180092
589,huggyllama/llama-7b,dummy-lora-7b-rank-8-0,504,38,57.935250569857104
590,huggyllama/llama-7b,dummy-lora-7b-rank-64-0,285,52,58.482619093929465
591,huggyllama/llama-7b,dummy-lora-7b-rank-16-3,581,12,58.63804417911709
592,huggyllama/llama-7b,dummy-lora-7b-rank-16-4,434,43,58.6846447524738
593,huggyllama/llama-7b,dummy-lora-7b-rank-8-2,728,20,58.710817003296405
594,huggyllama/llama-7b,dummy-lora-7b-rank-64-3,548,14,58.78926962465942
595,huggyllama/llama-7b,dummy-lora-7b-rank-128-2,584,14,58.838725926494185
596,huggyllama/llama-7b,dummy-lora-7b-rank-64-3,556,21,58.953220358509384
597,huggyllama/llama-7b,dummy-lora-7b-rank-128-2,57,108,59.08374107537615
598,huggyllama/llama-7b,dummy-lora-7b-rank-8-3,479,136,59.10404533655214
599,huggyllama/llama-7b,dummy-lora-7b-rank-64-3,480,10,59.25995228292111
600,huggyllama/llama-7b,dummy-lora-7b-rank-8-4,239,56,59.29196167655295
601,huggyllama/llama-7b,dummy-lora-7b-rank-16-3,479,30,59.43616775935091
602,huggyllama/llama-7b,dummy-lora-7b-rank-32-2,111,32,59.45679411805588
603,huggyllama/llama-7b,dummy-lora-7b-rank-32-4,357,53,59.45717910192043
604,huggyllama/llama-7b,dummy-lora-7b-rank-8-0,402,46,59.47258462208253
605,huggyllama/llama-7b,dummy-lora-7b-rank-8-2,409,8,59.493942472923095
606,huggyllama/llama-7b,dummy-lora-7b-rank-8-3,898,3,59.60343042737811
607,huggyllama/llama-7b,dummy-lora-7b-rank-32-3,865,52,59.699332356385
608,huggyllama/llama-7b,dummy-lora-7b-rank-128-3,418,52,60.02134629285986
609,huggyllama/llama-7b,dummy-lora-7b-rank-16-1,759,75,60.10513349193304
610,huggyllama/llama-7b,dummy-lora-7b-rank-16-4,554,20,60.418361938851696
611,huggyllama/llama-7b,dummy-lora-7b-rank-64-0,566,2,60.43601864922556
612,huggyllama/llama-7b,dummy-lora-7b-rank-64-2,414,55,60.520672145110616
613,huggyllama/llama-7b,dummy-lora-7b-rank-32-0,399,147,60.55755440123805
614,huggyllama/llama-7b,dummy-lora-7b-rank-8-4,739,64,60.61621806730242
615,huggyllama/llama-7b,dummy-lora-7b-rank-8-3,817,36,60.84478847615928
616,huggyllama/llama-7b,dummy-lora-7b-rank-64-0,615,17,60.90492866754821
617,huggyllama/llama-7b,dummy-lora-7b-rank-16-2,688,20,60.92874066281904
618,huggyllama/llama-7b,dummy-lora-7b-rank-32-2,524,8,61.009427355691564
619,huggyllama/llama-7b,dummy-lora-7b-rank-16-1,554,42,61.10257734615209
620,huggyllama/llama-7b,dummy-lora-7b-rank-16-0,554,20,61.13747657935931
621,huggyllama/llama-7b,dummy-lora-7b-rank-64-4,330,5,61.216038680536855
622,huggyllama/llama-7b,dummy-lora-7b-rank-64-2,600,53,61.32104358123524
623,huggyllama/llama-7b,dummy-lora-7b-rank-32-4,568,28,61.363185125204396
624,huggyllama/llama-7b,dummy-lora-7b-rank-8-1,341,58,61.3674069938456
625,huggyllama/llama-7b,dummy-lora-7b-rank-128-4,558,19,61.61709268937895
626,huggyllama/llama-7b,dummy-lora-7b-rank-128-4,554,20,61.73034782872025
627,huggyllama/llama-7b,dummy-lora-7b-rank-128-1,550,10,61.85243268237046
628,huggyllama/llama-7b,dummy-lora-7b-rank-128-2,410,5,61.914619458379335
629,huggyllama/llama-7b,dummy-lora-7b-rank-64-2,735,79,62.165361990432146
630,huggyllama/llama-7b,dummy-lora-7b-rank-32-2,588,17,62.2265863199184
631,huggyllama/llama-7b,dummy-lora-7b-rank-64-3,601,18,62.34384370040837
632,huggyllama/llama-7b,dummy-lora-7b-rank-64-4,842,26,62.40656900813283
633,huggyllama/llama-7b,dummy-lora-7b-rank-128-0,905,83,62.48901850355684
634,huggyllama/llama-7b,dummy-lora-7b-rank-8-4,472,56,62.52985191996558
635,huggyllama/llama-7b,dummy-lora-7b-rank-128-1,247,94,62.703587169318205
636,huggyllama/llama-7b,dummy-lora-7b-rank-64-3,505,54,62.71011307002169
637,huggyllama/llama-7b,dummy-lora-7b-rank-16-2,418,68,62.909393356178725
638,huggyllama/llama-7b,dummy-lora-7b-rank-128-3,633,30,62.926666238631974
639,huggyllama/llama-7b,dummy-lora-7b-rank-128-4,600,16,63.13845999423276
640,huggyllama/llama-7b,dummy-lora-7b-rank-16-4,582,37,63.21069913540652
641,huggyllama/llama-7b,dummy-lora-7b-rank-32-3,636,8,63.35627284290351
642,huggyllama/llama-7b,dummy-lora-7b-rank-16-0,594,18,63.361318804211486
643,huggyllama/llama-7b,dummy-lora-7b-rank-8-2,462,10,63.39934880938542
644,huggyllama/llama-7b,dummy-lora-7b-rank-64-0,472,10,63.61781692598165
645,huggyllama/llama-7b,dummy-lora-7b-rank-16-0,542,78,63.66327798854028
646,huggyllama/llama-7b,dummy-lora-7b-rank-32-4,442,40,63.691800887306414
647,huggyllama/llama-7b,dummy-lora-7b-rank-64-3,285,194,63.96359546906093
648,huggyllama/llama-7b,dummy-lora-7b-rank-16-3,760,52,64.07760829472812
649,huggyllama/llama-7b,dummy-lora-7b-rank-128-3,597,16,64.68131302141006
650,huggyllama/llama-7b,dummy-lora-7b-rank-16-2,455,35,64.74614617376578
651,huggyllama/llama-7b,dummy-lora-7b-rank-8-3,242,50,64.81602001763665
652,huggyllama/llama-7b,dummy-lora-7b-rank-64-3,314,123,64.8898137318476
653,huggyllama/llama-7b,dummy-lora-7b-rank-128-1,56,53,64.94993642513855
654,huggyllama/llama-7b,dummy-lora-7b-rank-16-0,566,18,65.18161113098576
655,huggyllama/llama-7b,dummy-lora-7b-rank-16-0,51,44,65.20846348909944
656,huggyllama/llama-7b,dummy-lora-7b-rank-32-3,745,18,65.55772798894188
657,huggyllama/llama-7b,dummy-lora-7b-rank-8-0,493,11,65.68902111383844
658,huggyllama/llama-7b,dummy-lora-7b-rank-128-2,298,54,65.85632026768245
659,huggyllama/llama-7b,dummy-lora-7b-rank-8-1,623,10,65.97153403286046
660,huggyllama/llama-7b,dummy-lora-7b-rank-64-0,102,38,66.02433167480613
661,huggyllama/llama-7b,dummy-lora-7b-rank-8-0,618,40,66.0556122180858
662,huggyllama/llama-7b,dummy-lora-7b-rank-64-0,601,18,66.31086309296079
663,huggyllama/llama-7b,dummy-lora-7b-rank-8-1,283,48,66.40290481194394
664,huggyllama/llama-7b,dummy-lora-7b-rank-128-2,334,47,66.62647277774191
665,huggyllama/llama-7b,dummy-lora-7b-rank-128-3,571,24,66.62666831439938
666,huggyllama/llama-7b,dummy-lora-7b-rank-16-0,482,6,66.85000771976514
667,huggyllama/llama-7b,dummy-lora-7b-rank-128-2,179,25,66.8808142075771
668,huggyllama/llama-7b,dummy-lora-7b-rank-16-2,352,42,66.89883122017521
669,huggyllama/llama-7b,dummy-lora-7b-rank-64-2,552,16,67.01199701130062
670,huggyllama/llama-7b,dummy-lora-7b-rank-64-3,186,43,67.12778439168274
671,huggyllama/llama-7b,dummy-lora-7b-rank-8-4,554,20,67.18136483736016
672,huggyllama/llama-7b,dummy-lora-7b-rank-16-3,398,50,67.3206824892688
673,huggyllama/llama-7b,dummy-lora-7b-rank-64-0,103,54,67.47293076759085
674,huggyllama/llama-7b,dummy-lora-7b-rank-64-0,739,10,67.49560890181105
675,huggyllama/llama-7b,dummy-lora-7b-rank-8-1,550,18,67.52737600138177
676,huggyllama/llama-7b,dummy-lora-7b-rank-64-4,820,26,67.67001533336057
677,huggyllama/llama-7b,dummy-lora-7b-rank-32-4,570,27,67.69779778423536
678,huggyllama/llama-7b,dummy-lora-7b-rank-128-0,597,16,67.70588555966333
679,huggyllama/llama-7b,dummy-lora-7b-rank-8-0,585,102,67.7412028416971
680,huggyllama/llama-7b,dummy-lora-7b-rank-8-0,225,136,67.84136308146317
681,huggyllama/llama-7b,dummy-lora-7b-rank-64-2,579,140,68.03204721511837
682,huggyllama/llama-7b,dummy-lora-7b-rank-64-4,554,20,68.14169642728311
683,huggyllama/llama-7b,dummy-lora-7b-rank-32-4,428,57,68.205671515455
684,huggyllama/llama-7b,dummy-lora-7b-rank-32-1,338,224,68.47007554656004
685,huggyllama/llama-7b,dummy-lora-7b-rank-8-2,995,40,68.49873862694938
686,huggyllama/llama-7b,dummy-lora-7b-rank-64-3,553,17,68.5219183642997
687,huggyllama/llama-7b,dummy-lora-7b-rank-16-1,633,114,68.54663408885088
688,huggyllama/llama-7b,dummy-lora-7b-rank-32-3,552,17,68.54918037172573
689,huggyllama/llama-7b,dummy-lora-7b-rank-16-0,468,5,68.67211958465275
690,huggyllama/llama-7b,dummy-lora-7b-rank-32-1,261,8,68.88867749222379
691,huggyllama/llama-7b,dummy-lora-7b-rank-8-2,463,86,68.94888827087317
692,huggyllama/llama-7b,dummy-lora-7b-rank-64-1,560,24,68.97452161313338
693,huggyllama/llama-7b,dummy-lora-7b-rank-8-1,546,16,69.09100608002407
694,huggyllama/llama-7b,dummy-lora-7b-rank-8-3,107,86,69.47917833303134
695,huggyllama/llama-7b,dummy-lora-7b-rank-64-2,1019,10,69.50623194550167
696,huggyllama/llama-7b,dummy-lora-7b-rank-64-1,651,30,69.60273995085673
697,huggyllama/llama-7b,dummy-lora-7b-rank-16-2,556,23,69.64720910317645
698,huggyllama/llama-7b,dummy-lora-7b-rank-64-4,538,39,69.78424462632674
699,huggyllama/llama-7b,dummy-lora-7b-rank-8-2,830,236,69.82712337742733
700,huggyllama/llama-7b,dummy-lora-7b-rank-8-0,552,11,69.8496972848039
701,huggyllama/llama-7b,dummy-lora-7b-rank-32-2,572,30,69.95521287769012
702,huggyllama/llama-7b,dummy-lora-7b-rank-64-1,861,50,70.07735295610854
703,huggyllama/llama-7b,dummy-lora-7b-rank-32-0,352,209,70.13981545967295
704,huggyllama/llama-7b,dummy-lora-7b-rank-8-0,564,17,70.3608058485748
705,huggyllama/llama-7b,dummy-lora-7b-rank-64-1,293,59,70.37407515753428
706,huggyllama/llama-7b,dummy-lora-7b-rank-32-3,391,47,70.40492075984152
707,huggyllama/llama-7b,dummy-lora-7b-rank-128-2,129,44,70.44616020193993
708,huggyllama/llama-7b,dummy-lora-7b-rank-128-1,582,25,70.48871382603035
709,huggyllama/llama-7b,dummy-lora-7b-rank-16-2,599,8,70.543841044788
710,huggyllama/llama-7b,dummy-lora-7b-rank-32-0,360,50,70.76916845360967
711,huggyllama/llama-7b,dummy-lora-7b-rank-64-3,513,101,70.78814854024716
712,huggyllama/llama-7b,dummy-lora-7b-rank-32-4,350,46,70.94550060158268
713,huggyllama/llama-7b,dummy-lora-7b-rank-16-4,1002,94,71.01272646797764
714,huggyllama/llama-7b,dummy-lora-7b-rank-8-3,570,14,71.03483006925107
715,huggyllama/llama-7b,dummy-lora-7b-rank-8-0,552,10,71.11123416989129
716,huggyllama/llama-7b,dummy-lora-7b-rank-8-3,594,23,71.14269350583338
717,huggyllama/llama-7b,dummy-lora-7b-rank-8-2,558,50,71.16277942562623
718,huggyllama/llama-7b,dummy-lora-7b-rank-16-1,554,20,71.38263916978491
719,huggyllama/llama-7b,dummy-lora-7b-rank-8-2,235,47,71.49628502455843
720,huggyllama/llama-7b,dummy-lora-7b-rank-32-1,266,52,71.52072191217971
721,huggyllama/llama-7b,dummy-lora-7b-rank-8-0,537,13,71.77058575698207
722,huggyllama/llama-7b,dummy-lora-7b-rank-64-4,551,18,71.97858698121385
723,huggyllama/llama-7b,dummy-lora-7b-rank-16-3,702,102,72.46962439787292
724,huggyllama/llama-7b,dummy-lora-7b-rank-8-1,300,10,72.5718990762857
725,huggyllama/llama-7b,dummy-lora-7b-rank-128-1,613,8,72.65124859736875
726,huggyllama/llama-7b,dummy-lora-7b-rank-32-2,851,55,72.93105908575299
727,huggyllama/llama-7b,dummy-lora-7b-rank-64-0,546,16,72.97947928021864
728,huggyllama/llama-7b,dummy-lora-7b-rank-8-2,264,39,73.02032663720809
729,huggyllama/llama-7b,dummy-lora-7b-rank-32-0,80,43,73.03673614956391
730,huggyllama/llama-7b,dummy-lora-7b-rank-8-1,342,50,73.03924699279686
731,huggyllama/llama-7b,dummy-lora-7b-rank-128-4,532,55,73.04584042498392
732,huggyllama/llama-7b,dummy-lora-7b-rank-8-4,562,5,73.15395688875273
733,huggyllama/llama-7b,dummy-lora-7b-rank-8-1,870,40,73.40582167551818
734,huggyllama/llama-7b,dummy-lora-7b-rank-128-4,211,46,73.58239622235506
735,huggyllama/llama-7b,dummy-lora-7b-rank-32-0,214,60,73.71571530406966
736,huggyllama/llama-7b,dummy-lora-7b-rank-32-2,680,67,73.77673338385337
737,huggyllama/llama-7b,dummy-lora-7b-rank-32-3,597,23,73.9044301044545
738,huggyllama/llama-7b,dummy-lora-7b-rank-8-4,488,54,74.15359030508318
739,huggyllama/llama-7b,dummy-lora-7b-rank-128-0,383,61,74.23997045363453
740,huggyllama/llama-7b,dummy-lora-7b-rank-64-0,558,24,74.32236521067782
741,huggyllama/llama-7b,dummy-lora-7b-rank-64-4,552,11,74.49301073801739
742,huggyllama/llama-7b,dummy-lora-7b-rank-64-1,740,8,74.56065093024094
743,huggyllama/llama-7b,dummy-lora-7b-rank-16-3,474,13,74.57738801071558
744,huggyllama/llama-7b,dummy-lora-7b-rank-8-1,502,54,74.65128660541389
745,huggyllama/llama-7b,dummy-lora-7b-rank-32-1,61,90,74.66493858399778
746,huggyllama/llama-7b,dummy-lora-7b-rank-32-1,377,40,74.7924037625593
747,huggyllama/llama-7b,dummy-lora-7b-rank-128-1,562,21,75.04983882741784
748,huggyllama/llama-7b,dummy-lora-7b-rank-8-4,562,26,75.09269239665107
749,huggyllama/llama-7b,dummy-lora-7b-rank-64-1,558,22,75.17107328976739
750,huggyllama/llama-7b,dummy-lora-7b-rank-16-3,299,58,75.2110392497352
751,huggyllama/llama-7b,dummy-lora-7b-rank-64-4,490,75,75.24000656006024
752,huggyllama/llama-7b,dummy-lora-7b-rank-128-1,546,16,75.38097652071555
753,huggyllama/llama-7b,dummy-lora-7b-rank-128-1,550,20,75.39585469800382
754,huggyllama/llama-7b,dummy-lora-7b-rank-16-3,332,53,75.39817460015013
755,huggyllama/llama-7b,dummy-lora-7b-rank-128-3,690,26,75.45914319796573
756,huggyllama/llama-7b,dummy-lora-7b-rank-32-3,548,10,75.63690189254814
757,huggyllama/llama-7b,dummy-lora-7b-rank-64-2,518,40,75.65432518570853
758,huggyllama/llama-7b,dummy-lora-7b-rank-128-0,252,61,75.68361872425103
759,huggyllama/llama-7b,dummy-lora-7b-rank-8-0,552,19,75.68700529531468
760,huggyllama/llama-7b,dummy-lora-7b-rank-64-4,300,34,75.69515741439879
761,huggyllama/llama-7b,dummy-lora-7b-rank-32-0,211,124,75.70090017438282
762,huggyllama/llama-7b,dummy-lora-7b-rank-8-0,326,50,75.71025961534355
763,huggyllama/llama-7b,dummy-lora-7b-rank-16-0,580,28,75.75357846630475
764,huggyllama/llama-7b,dummy-lora-7b-rank-8-3,471,30,75.81538522324458
765,huggyllama/llama-7b,dummy-lora-7b-rank-16-0,441,9,75.87742934571695
766,huggyllama/llama-7b,dummy-lora-7b-rank-64-3,800,12,76.13420345878697
767,huggyllama/llama-7b,dummy-lora-7b-rank-128-1,659,9,76.22968423134147
768,huggyllama/llama-7b,dummy-lora-7b-rank-128-1,517,41,76.24003856737306
769,huggyllama/llama-7b,dummy-lora-7b-rank-16-0,646,22,76.37489770298951
770,huggyllama/llama-7b,dummy-lora-7b-rank-64-3,637,8,76.42689128531008
771,huggyllama/llama-7b,dummy-lora-7b-rank-8-3,400,50,76.51299969451803
772,huggyllama/llama-7b,dummy-lora-7b-rank-64-3,554,12,76.65600232890425
773,huggyllama/llama-7b,dummy-lora-7b-rank-16-3,558,20,76.68329308478036
774,huggyllama/llama-7b,dummy-lora-7b-rank-64-1,94,76,76.68616726304347
775,huggyllama/llama-7b,dummy-lora-7b-rank-128-0,386,51,76.95011179340106
776,huggyllama/llama-7b,dummy-lora-7b-rank-64-4,558,22,76.97664047979036
777,huggyllama/llama-7b,dummy-lora-7b-rank-64-1,383,150,77.13031086835919
778,huggyllama/llama-7b,dummy-lora-7b-rank-32-2,128,67,77.14892596821842
779,huggyllama/llama-7b,dummy-lora-7b-rank-8-1,179,132,77.23219245808055
780,huggyllama/llama-7b,dummy-lora-7b-rank-128-3,647,44,77.25178596262415
781,huggyllama/llama-7b,dummy-lora-7b-rank-8-0,553,84,77.281106835785
782,huggyllama/llama-7b,dummy-lora-7b-rank-64-1,529,49,77.35021160317933
783,huggyllama/llama-7b,dummy-lora-7b-rank-128-1,574,32,77.42239778968819
784,huggyllama/llama-7b,dummy-lora-7b-rank-8-1,566,26,77.47389206498052
785,huggyllama/llama-7b,dummy-lora-7b-rank-32-2,604,48,77.83443578239886
786,huggyllama/llama-7b,dummy-lora-7b-rank-8-3,552,11,77.84183274034463
787,huggyllama/llama-7b,dummy-lora-7b-rank-16-0,865,12,77.849472317149
788,huggyllama/llama-7b,dummy-lora-7b-rank-64-4,548,17,77.92550969784544
789,huggyllama/llama-7b,dummy-lora-7b-rank-64-2,625,42,78.09101959682468
790,huggyllama/llama-7b,dummy-lora-7b-rank-16-0,899,48,78.17120564072647
791,huggyllama/llama-7b,dummy-lora-7b-rank-64-2,612,26,78.2056896141312
792,huggyllama/llama-7b,dummy-lora-7b-rank-128-2,745,49,78.26970130116486
793,huggyllama/llama-7b,dummy-lora-7b-rank-16-4,939,45,78.32812689943857
794,huggyllama/llama-7b,dummy-lora-7b-rank-64-0,729,14,78.37625587006397
795,huggyllama/llama-7b,dummy-lora-7b-rank-16-1,401,57,78.67179730539497
796,huggyllama/llama-7b,dummy-lora-7b-rank-16-0,361,51,78.70175985163016
797,huggyllama/llama-7b,dummy-lora-7b-rank-32-3,208,58,78.711352971687
798,huggyllama/llama-7b,dummy-lora-7b-rank-8-3,605,23,78.74253964000711
799,huggyllama/llama-7b,dummy-lora-7b-rank-32-2,611,23,78.86153204323054
800,huggyllama/llama-7b,dummy-lora-7b-rank-8-3,550,18,79.00553128605193
801,huggyllama/llama-7b,dummy-lora-7b-rank-32-3,478,69,79.08467791891782
802,huggyllama/llama-7b,dummy-lora-7b-rank-32-2,252,50,79.39211555358777
803,huggyllama/llama-7b,dummy-lora-7b-rank-16-3,556,23,79.39757742984746
804,huggyllama/llama-7b,dummy-lora-7b-rank-8-4,570,14,79.44503497400542
805,huggyllama/llama-7b,dummy-lora-7b-rank-64-2,596,46,79.49814007556732
806,huggyllama/llama-7b,dummy-lora-7b-rank-8-1,404,58,79.50166792740852
807,huggyllama/llama-7b,dummy-lora-7b-rank-32-4,415,46,79.67583548218525
808,huggyllama/llama-7b,dummy-lora-7b-rank-64-1,613,76,79.71265788945776
809,huggyllama/llama-7b,dummy-lora-7b-rank-32-2,248,6,79.86285812639693
810,huggyllama/llama-7b,dummy-lora-7b-rank-8-4,568,14,79.95407954283785
811,huggyllama/llama-7b,dummy-lora-7b-rank-16-0,659,30,79.99260030831424
812,huggyllama/llama-7b,dummy-lora-7b-rank-32-4,414,10,80.02108399509713
813,huggyllama/llama-7b,dummy-lora-7b-rank-128-0,277,11,80.19932057776853
814,huggyllama/llama-7b,dummy-lora-7b-rank-32-1,560,72,80.41002714444421
815,huggyllama/llama-7b,dummy-lora-7b-rank-16-4,942,43,80.42215315236342
816,huggyllama/llama-7b,dummy-lora-7b-rank-16-0,546,16,80.47160816157216
817,huggyllama/llama-7b,dummy-lora-7b-rank-32-2,676,39,80.51622739160702
818,huggyllama/llama-7b,dummy-lora-7b-rank-16-3,408,9,80.5169889644403
819,huggyllama/llama-7b,dummy-lora-7b-rank-128-3,722,61,80.63459616149765
820,huggyllama/llama-7b,dummy-lora-7b-rank-16-2,649,5,80.74161498276278
821,huggyllama/llama-7b,dummy-lora-7b-rank-32-0,316,10,80.76472468974394
822,huggyllama/llama-7b,dummy-lora-7b-rank-128-0,380,251,80.84471143754777
823,huggyllama/llama-7b,dummy-lora-7b-rank-64-3,421,11,80.85385264721711
824,huggyllama/llama-7b,dummy-lora-7b-rank-128-3,572,30,80.85696370198181
825,huggyllama/llama-7b,dummy-lora-7b-rank-128-3,823,60,81.0843400570662
826,huggyllama/llama-7b,dummy-lora-7b-rank-64-1,568,30,81.21303611169385
827,huggyllama/llama-7b,dummy-lora-7b-rank-16-1,53,47,81.21325080925794
828,huggyllama/llama-7b,dummy-lora-7b-rank-8-3,843,18,81.21620237917745
829,huggyllama/llama-7b,dummy-lora-7b-rank-8-0,444,39,81.30181272486077
830,huggyllama/llama-7b,dummy-lora-7b-rank-16-0,609,60,81.44404742321937
831,huggyllama/llama-7b,dummy-lora-7b-rank-16-3,253,146,81.48543271910233
832,huggyllama/llama-7b,dummy-lora-7b-rank-128-1,253,53,81.54487497885843
833,huggyllama/llama-7b,dummy-lora-7b-rank-16-1,267,47,81.7838750615261
834,huggyllama/llama-7b,dummy-lora-7b-rank-16-0,574,25,81.85942894434982
835,huggyllama/llama-7b,dummy-lora-7b-rank-64-1,421,9,81.8848816915856
836,huggyllama/llama-7b,dummy-lora-7b-rank-128-4,95,40,81.96978848112215
837,huggyllama/llama-7b,dummy-lora-7b-rank-128-3,590,49,81.97471973070002
838,huggyllama/llama-7b,dummy-lora-7b-rank-64-0,933,55,82.03347379744046
839,huggyllama/llama-7b,dummy-lora-7b-rank-128-3,1007,19,82.09882381333023
840,huggyllama/llama-7b,dummy-lora-7b-rank-8-0,136,39,82.25013524055822
841,huggyllama/llama-7b,dummy-lora-7b-rank-16-2,773,10,82.47766724015322
842,huggyllama/llama-7b,dummy-lora-7b-rank-64-4,617,65,82.52108010012176
843,huggyllama/llama-7b,dummy-lora-7b-rank-8-4,558,24,82.53685365785738
844,huggyllama/llama-7b,dummy-lora-7b-rank-128-1,548,17,82.58084007804621
845,huggyllama/llama-7b,dummy-lora-7b-rank-64-2,634,88,82.72242316873061
846,huggyllama/llama-7b,dummy-lora-7b-rank-16-2,615,8,82.78367132462822
847,huggyllama/llama-7b,dummy-lora-7b-rank-128-1,554,22,83.15187662366215
848,huggyllama/llama-7b,dummy-lora-7b-rank-8-1,554,20,83.41815992592795
849,huggyllama/llama-7b,dummy-lora-7b-rank-32-1,625,13,83.54027766940528
850,huggyllama/llama-7b,dummy-lora-7b-rank-32-1,316,43,83.5716381087563
851,huggyllama/llama-7b,dummy-lora-7b-rank-32-1,747,53,83.65714269677073
852,huggyllama/llama-7b,dummy-lora-7b-rank-8-4,252,102,83.77736482327967
853,huggyllama/llama-7b,dummy-lora-7b-rank-32-3,532,43,83.89054845433442
854,huggyllama/llama-7b,dummy-lora-7b-rank-64-3,530,10,83.94267663438143
855,huggyllama/llama-7b,dummy-lora-7b-rank-64-2,525,8,83.96515928733474
856,huggyllama/llama-7b,dummy-lora-7b-rank-64-0,478,17,84.11467698915224
857,huggyllama/llama-7b,dummy-lora-7b-rank-128-4,409,66,84.30420163826528
858,huggyllama/llama-7b,dummy-lora-7b-rank-128-4,155,62,84.39523107643993
859,huggyllama/llama-7b,dummy-lora-7b-rank-32-2,483,66,84.43264416875412
860,huggyllama/llama-7b,dummy-lora-7b-rank-32-3,329,43,84.46989153538064
861,huggyllama/llama-7b,dummy-lora-7b-rank-8-3,221,85,84.8075520130579
862,huggyllama/llama-7b,dummy-lora-7b-rank-32-4,502,49,84.85051722663525
863,huggyllama/llama-7b,dummy-lora-7b-rank-16-4,193,71,84.96158542062742
864,huggyllama/llama-7b,dummy-lora-7b-rank-128-0,344,35,84.96754886632988
865,huggyllama/llama-7b,dummy-lora-7b-rank-128-1,462,55,85.05433320584154
866,huggyllama/llama-7b,dummy-lora-7b-rank-32-0,554,56,86.09627203571443
867,huggyllama/llama-7b,dummy-lora-7b-rank-128-0,572,30,86.23683508811513
868,huggyllama/llama-7b,dummy-lora-7b-rank-64-4,283,51,86.26597285169768
869,huggyllama/llama-7b,dummy-lora-7b-rank-128-3,418,50,86.3229686732285
870,huggyllama/llama-7b,dummy-lora-7b-rank-16-4,62,30,86.47782784865674
871,huggyllama/llama-7b,dummy-lora-7b-rank-8-1,554,18,86.65013520208133
872,huggyllama/llama-7b,dummy-lora-7b-rank-128-4,554,22,86.86725295429842
873,huggyllama/llama-7b,dummy-lora-7b-rank-128-4,550,18,87.24930434284549
874,huggyllama/llama-7b,dummy-lora-7b-rank-16-0,564,27,87.31545061801596
875,huggyllama/llama-7b,dummy-lora-7b-rank-32-2,347,46,87.45717678860349
876,huggyllama/llama-7b,dummy-lora-7b-rank-32-4,556,13,87.51542639764264
877,huggyllama/llama-7b,dummy-lora-7b-rank-128-0,248,174,87.57822517411546
878,huggyllama/llama-7b,dummy-lora-7b-rank-8-3,183,55,87.61470687008256
879,huggyllama/llama-7b,dummy-lora-7b-rank-16-0,707,7,87.71122672058463
880,huggyllama/llama-7b,dummy-lora-7b-rank-128-0,178,7,87.86390950578871
881,huggyllama/llama-7b,dummy-lora-7b-rank-64-3,556,19,88.39053897192464
882,huggyllama/llama-7b,dummy-lora-7b-rank-128-1,586,36,88.49770943955603
883,huggyllama/llama-7b,dummy-lora-7b-rank-8-2,267,63,88.5638017089122
884,huggyllama/llama-7b,dummy-lora-7b-rank-8-0,726,18,88.58856365657726
885,huggyllama/llama-7b,dummy-lora-7b-rank-32-2,594,11,88.59633135555485
886,huggyllama/llama-7b,dummy-lora-7b-rank-128-0,420,56,88.73483692793012
887,huggyllama/llama-7b,dummy-lora-7b-rank-128-1,74,35,88.88644609373873
888,huggyllama/llama-7b,dummy-lora-7b-rank-128-1,691,160,88.98519285529798
889,huggyllama/llama-7b,dummy-lora-7b-rank-64-0,588,55,89.02491998571074
890,huggyllama/llama-7b,dummy-lora-7b-rank-64-0,380,68,89.11631432512854
891,huggyllama/llama-7b,dummy-lora-7b-rank-8-3,601,17,89.15646685643799
892,huggyllama/llama-7b,dummy-lora-7b-rank-16-4,550,16,89.35595131712043
893,huggyllama/llama-7b,dummy-lora-7b-rank-64-1,647,7,89.44761334961775
894,huggyllama/llama-7b,dummy-lora-7b-rank-8-0,550,20,89.77615435237507
895,huggyllama/llama-7b,dummy-lora-7b-rank-32-2,100,31,89.79188559805877
896,huggyllama/llama-7b,dummy-lora-7b-rank-64-0,165,59,89.9178025148606
897,huggyllama/llama-7b,dummy-lora-7b-rank-8-3,731,30,90.27377191730439
898,huggyllama/llama-7b,dummy-lora-7b-rank-32-4,597,13,90.37579094650992
899,huggyllama/llama-7b,dummy-lora-7b-rank-8-2,444,44,90.40429547898223
900,huggyllama/llama-7b,dummy-lora-7b-rank-8-3,523,178,90.58459486406629
901,huggyllama/llama-7b,dummy-lora-7b-rank-64-4,687,5,90.59407512731872
902,huggyllama/llama-7b,dummy-lora-7b-rank-64-0,566,22,90.76476488961373
903,huggyllama/llama-7b,dummy-lora-7b-rank-8-1,357,149,90.81487050464291
904,huggyllama/llama-7b,dummy-lora-7b-rank-8-2,611,38,90.85311110186889
905,huggyllama/llama-7b,dummy-lora-7b-rank-32-4,419,7,91.03910805698719
906,huggyllama/llama-7b,dummy-lora-7b-rank-16-3,248,76,91.11014429526784
907,huggyllama/llama-7b,dummy-lora-7b-rank-128-0,566,29,91.17847509338957
908,huggyllama/llama-7b,dummy-lora-7b-rank-128-3,558,20,91.2526622273301
909,huggyllama/llama-7b,dummy-lora-7b-rank-8-0,606,18,91.29914550907648
910,huggyllama/llama-7b,dummy-lora-7b-rank-32-0,242,162,91.41123301558206
911,huggyllama/llama-7b,dummy-lora-7b-rank-8-2,556,21,91.55774024567414
912,huggyllama/llama-7b,dummy-lora-7b-rank-8-4,696,71,91.73465478022484
913,huggyllama/llama-7b,dummy-lora-7b-rank-8-2,546,33,91.74561889713753
914,huggyllama/llama-7b,dummy-lora-7b-rank-64-2,618,19,91.78020150743288
915,huggyllama/llama-7b,dummy-lora-7b-rank-8-0,54,36,91.79076706478934
916,huggyllama/llama-7b,dummy-lora-7b-rank-16-4,570,31,91.79727580531582
917,huggyllama/llama-7b,dummy-lora-7b-rank-128-4,578,9,91.84575637422576
918,huggyllama/llama-7b,dummy-lora-7b-rank-64-3,560,23,91.85888637795546
919,huggyllama/llama-7b,dummy-lora-7b-rank-16-2,323,70,91.8985030618504
920,huggyllama/llama-7b,dummy-lora-7b-rank-32-1,619,8,92.27784964562228
921,huggyllama/llama-7b,dummy-lora-7b-rank-16-1,597,7,92.31621508022863
922,huggyllama/llama-7b,dummy-lora-7b-rank-128-2,637,12,92.50683933033851
923,huggyllama/llama-7b,dummy-lora-7b-rank-16-1,196,36,92.60148875572332
924,huggyllama/llama-7b,dummy-lora-7b-rank-32-2,713,47,92.87867408015406
925,huggyllama/llama-7b,dummy-lora-7b-rank-32-2,568,29,92.92321162376452
926,huggyllama/llama-7b,dummy-lora-7b-rank-32-4,330,50,93.00612108245733
927,huggyllama/llama-7b,dummy-lora-7b-rank-8-3,810,16,93.49102806301356
928,huggyllama/llama-7b,dummy-lora-7b-rank-32-2,584,10,93.56443739782065
929,huggyllama/llama-7b,dummy-lora-7b-rank-64-0,728,114,93.58994179566805
930,huggyllama/llama-7b,dummy-lora-7b-rank-8-3,603,20,93.5912024596873
931,huggyllama/llama-7b,dummy-lora-7b-rank-32-1,203,97,93.6239706773809
932,huggyllama/llama-7b,dummy-lora-7b-rank-128-3,269,47,93.64075509569628
933,huggyllama/llama-7b,dummy-lora-7b-rank-8-2,338,37,93.67275244235158
934,huggyllama/llama-7b,dummy-lora-7b-rank-32-1,808,113,93.79358671584791
935,huggyllama/llama-7b,dummy-lora-7b-rank-8-3,566,29,93.86079107114156
936,huggyllama/llama-7b,dummy-lora-7b-rank-64-1,562,26,94.06095922627424
937,huggyllama/llama-7b,dummy-lora-7b-rank-16-2,455,10,94.08029442286703
938,huggyllama/llama-7b,dummy-lora-7b-rank-64-3,447,66,94.3075394734147
939,huggyllama/llama-7b,dummy-lora-7b-rank-128-3,612,10,94.39127029023192
940,huggyllama/llama-7b,dummy-lora-7b-rank-8-1,703,35,94.5070756608267
941,huggyllama/llama-7b,dummy-lora-7b-rank-64-4,390,10,94.53040914286339
942,huggyllama/llama-7b,dummy-lora-7b-rank-64-1,607,16,94.57410380023424
943,huggyllama/llama-7b,dummy-lora-7b-rank-32-1,556,23,94.85264992315885
944,huggyllama/llama-7b,dummy-lora-7b-rank-128-1,627,10,94.86372467642487
945,huggyllama/llama-7b,dummy-lora-7b-rank-8-0,401,189,94.8826236035319
946,huggyllama/llama-7b,dummy-lora-7b-rank-16-4,588,48,94.99048111857276
947,huggyllama/llama-7b,dummy-lora-7b-rank-32-1,415,42,95.06337479197853
948,huggyllama/llama-7b,dummy-lora-7b-rank-32-4,371,52,95.21944500283446
949,huggyllama/llama-7b,dummy-lora-7b-rank-64-3,352,174,95.87671431869522
950,huggyllama/llama-7b,dummy-lora-7b-rank-16-3,330,34,95.8829600701113
951,huggyllama/llama-7b,dummy-lora-7b-rank-8-0,345,103,96.24186242963171
952,huggyllama/llama-7b,dummy-lora-7b-rank-32-4,217,52,96.29127095604755
953,huggyllama/llama-7b,dummy-lora-7b-rank-128-1,536,78,96.49819465813198
954,huggyllama/llama-7b,dummy-lora-7b-rank-128-2,1006,20,96.66557486538176
955,huggyllama/llama-7b,dummy-lora-7b-rank-8-1,299,47,96.8964707966549
956,huggyllama/llama-7b,dummy-lora-7b-rank-32-0,943,10,97.06381879112377
957,huggyllama/llama-7b,dummy-lora-7b-rank-8-1,621,29,97.47373404031737
958,huggyllama/llama-7b,dummy-lora-7b-rank-8-2,340,13,97.75318975987544
959,huggyllama/llama-7b,dummy-lora-7b-rank-32-4,524,36,97.80375374037567
960,huggyllama/llama-7b,dummy-lora-7b-rank-64-4,351,86,97.89373818092363
961,huggyllama/llama-7b,dummy-lora-7b-rank-16-1,356,48,97.920464896145
962,huggyllama/llama-7b,dummy-lora-7b-rank-8-3,315,10,98.30114225665093
963,huggyllama/llama-7b,dummy-lora-7b-rank-64-4,934,38,98.4248776223987
964,huggyllama/llama-7b,dummy-lora-7b-rank-16-1,402,54,98.79916422959292
965,huggyllama/llama-7b,dummy-lora-7b-rank-8-0,936,3,98.8257051558532
966,huggyllama/llama-7b,dummy-lora-7b-rank-128-0,534,34,98.87797947176206
967,huggyllama/llama-7b,dummy-lora-7b-rank-64-2,728,22,99.03247964092255
968,huggyllama/llama-7b,dummy-lora-7b-rank-32-3,552,20,99.10160513822197
969,huggyllama/llama-7b,dummy-lora-7b-rank-8-3,416,40,99.1022153662959
970,huggyllama/llama-7b,dummy-lora-7b-rank-128-4,235,2,99.12817488746528
971,huggyllama/llama-7b,dummy-lora-7b-rank-32-4,616,15,99.17309057042648
972,huggyllama/llama-7b,dummy-lora-7b-rank-64-3,354,39,99.18027847171227
973,huggyllama/llama-7b,dummy-lora-7b-rank-16-2,552,11,99.21215365863758
974,huggyllama/llama-7b,dummy-lora-7b-rank-16-4,255,214,99.27677324551645
975,huggyllama/llama-7b,dummy-lora-7b-rank-32-1,475,47,99.30770455923273
976,huggyllama/llama-7b,dummy-lora-7b-rank-128-2,562,24,99.31810862568517
977,huggyllama/llama-7b,dummy-lora-7b-rank-64-1,251,40,99.34322275997981
978,huggyllama/llama-7b,dummy-lora-7b-rank-128-3,417,52,99.57728907684768
979,huggyllama/llama-7b,dummy-lora-7b-rank-32-3,370,47,99.5889080383688
980,huggyllama/llama-7b,dummy-lora-7b-rank-128-4,562,21,99.72543749261098
981,huggyllama/llama-7b,dummy-lora-7b-rank-64-0,815,52,99.73572471972162
982,huggyllama/llama-7b,dummy-lora-7b-rank-64-2,669,6,99.85438446592504
983,huggyllama/llama-7b,dummy-lora-7b-rank-8-2,355,56,99.94776598283032
984,huggyllama/llama-7b,dummy-lora-7b-rank-16-2,257,42,100.15101459626862
985,huggyllama/llama-7b,dummy-lora-7b-rank-128-4,879,87,100.2532523870364
986,huggyllama/llama-7b,dummy-lora-7b-rank-16-1,723,12,100.30600018641968
987,huggyllama/llama-7b,dummy-lora-7b-rank-128-0,387,53,100.30633456018322
988,huggyllama/llama-7b,dummy-lora-7b-rank-128-2,562,27,100.48851221812303
989,huggyllama/llama-7b,dummy-lora-7b-rank-32-0,590,21,100.79440606227726
990,huggyllama/llama-7b,dummy-lora-7b-rank-8-2,644,57,100.80556770449272
991,huggyllama/llama-7b,dummy-lora-7b-rank-16-4,688,83,100.81211758663328
992,huggyllama/llama-7b,dummy-lora-7b-rank-128-4,580,24,101.21522360255207
993,huggyllama/llama-7b,dummy-lora-7b-rank-16-2,678,14,101.28768578401544
994,huggyllama/llama-7b,dummy-lora-7b-rank-128-2,111,44,101.39251313573662
995,huggyllama/llama-7b,dummy-lora-7b-rank-32-1,260,70,101.41772840909634
996,huggyllama/llama-7b,dummy-lora-7b-rank-16-1,552,21,101.66670721357323
997,huggyllama/llama-7b,dummy-lora-7b-rank-64-1,842,8,101.75487176107748
998,huggyllama/llama-7b,dummy-lora-7b-rank-8-4,857,245,101.77947895272115
999,huggyllama/llama-7b,dummy-lora-7b-rank-128-0,366,9,101.92941038747078
1000,huggyllama/llama-7b,dummy-lora-7b-rank-128-4,489,33,102.00592343750199
1001,huggyllama/llama-7b,dummy-lora-7b-rank-128-2,607,19,102.06906634329839
1002,huggyllama/llama-7b,dummy-lora-7b-rank-128-3,556,23,102.06964821163776
1003,huggyllama/llama-7b,dummy-lora-7b-rank-32-1,597,8,102.16466073567726
1004,huggyllama/llama-7b,dummy-lora-7b-rank-32-2,503,54,102.18575664327516
1005,huggyllama/llama-7b,dummy-lora-7b-rank-32-1,576,27,102.54251244609516
1006,huggyllama/llama-7b,dummy-lora-7b-rank-16-3,258,49,102.681520809259
1007,huggyllama/llama-7b,dummy-lora-7b-rank-32-2,708,120,102.69649998481034
1008,huggyllama/llama-7b,dummy-lora-7b-rank-8-1,538,32,102.82215158478509
1009,huggyllama/llama-7b,dummy-lora-7b-rank-8-4,350,56,102.98209491502013
1010,huggyllama/llama-7b,dummy-lora-7b-rank-64-0,517,17,103.35557932145198
1011,huggyllama/llama-7b,dummy-lora-7b-rank-64-3,307,45,103.36918935906893
1012,huggyllama/llama-7b,dummy-lora-7b-rank-64-0,269,39,103.40775805310412
1013,huggyllama/llama-7b,dummy-lora-7b-rank-16-2,605,16,103.44439939525367
1014,huggyllama/llama-7b,dummy-lora-7b-rank-8-3,587,79,103.49883393475365
1015,huggyllama/llama-7b,dummy-lora-7b-rank-64-0,197,159,103.57596918845316
1016,huggyllama/llama-7b,dummy-lora-7b-rank-16-4,252,51,103.5929134150959
1017,huggyllama/llama-7b,dummy-lora-7b-rank-8-1,562,26,103.61413991242605
1018,huggyllama/llama-7b,dummy-lora-7b-rank-64-0,233,58,103.73388855483721
1019,huggyllama/llama-7b,dummy-lora-7b-rank-128-1,343,66,103.96520212898983
1020,huggyllama/llama-7b,dummy-lora-7b-rank-16-2,362,3,103.97692748695916
1021,huggyllama/llama-7b,dummy-lora-7b-rank-128-2,645,12,104.02037640765825
1022,huggyllama/llama-7b,dummy-lora-7b-rank-128-4,531,49,104.41381516771722
1023,huggyllama/llama-7b,dummy-lora-7b-rank-128-2,850,50,104.59818096913546
1024,huggyllama/llama-7b,dummy-lora-7b-rank-64-4,319,42,104.76098522531532
1025,huggyllama/llama-7b,dummy-lora-7b-rank-16-1,494,46,104.83742309852684
1026,huggyllama/llama-7b,dummy-lora-7b-rank-32-1,293,6,104.88674150415724
1027,huggyllama/llama-7b,dummy-lora-7b-rank-32-4,723,2,104.90123483190536
1028,huggyllama/llama-7b,dummy-lora-7b-rank-128-1,617,11,104.92214843499362
1029,huggyllama/llama-7b,dummy-lora-7b-rank-128-1,318,7,104.98276114847246
1030,huggyllama/llama-7b,dummy-lora-7b-rank-32-0,502,40,105.15729843972673
1031,huggyllama/llama-7b,dummy-lora-7b-rank-128-2,105,60,105.24891670818485
1032,huggyllama/llama-7b,dummy-lora-7b-rank-32-2,824,14,105.29377346904303
1033,huggyllama/llama-7b,dummy-lora-7b-rank-64-3,554,20,105.53967892107902
1034,huggyllama/llama-7b,dummy-lora-7b-rank-16-4,383,8,105.64510979001132
1035,huggyllama/llama-7b,dummy-lora-7b-rank-32-3,737,25,105.65435912814026
1036,huggyllama/llama-7b,dummy-lora-7b-rank-8-4,560,22,105.66592202957507
1037,huggyllama/llama-7b,dummy-lora-7b-rank-128-3,61,48,105.74405296189512
1038,huggyllama/llama-7b,dummy-lora-7b-rank-128-1,568,28,105.90497708571009
1039,huggyllama/llama-7b,dummy-lora-7b-rank-32-3,566,26,105.95548561026548
1040,huggyllama/llama-7b,dummy-lora-7b-rank-32-2,410,10,105.96652467010651
1041,huggyllama/llama-7b,dummy-lora-7b-rank-64-0,232,113,105.99252891872509
1042,huggyllama/llama-7b,dummy-lora-7b-rank-64-0,193,3,105.99319400628796
1043,huggyllama/llama-7b,dummy-lora-7b-rank-64-3,876,67,106.23612430999995
1044,huggyllama/llama-7b,dummy-lora-7b-rank-16-4,629,4,106.35844537961835
1045,huggyllama/llama-7b,dummy-lora-7b-rank-16-0,398,50,106.40233262249973
1046,huggyllama/llama-7b,dummy-lora-7b-rank-32-0,194,61,106.44664781048616
1047,huggyllama/llama-7b,dummy-lora-7b-rank-128-3,813,14,106.5484537858774
1048,huggyllama/llama-7b,dummy-lora-7b-rank-16-2,79,48,106.71109717889613
1049,huggyllama/llama-7b,dummy-lora-7b-rank-128-0,983,52,106.74706402248957
1050,huggyllama/llama-7b,dummy-lora-7b-rank-16-4,213,46,106.75069963454199
1051,huggyllama/llama-7b,dummy-lora-7b-rank-8-0,93,60,106.76178862587706
1052,huggyllama/llama-7b,dummy-lora-7b-rank-8-2,516,43,107.03435295708786
1053,huggyllama/llama-7b,dummy-lora-7b-rank-64-1,450,10,107.07869872421129
1054,huggyllama/llama-7b,dummy-lora-7b-rank-128-2,523,46,107.18721453443878
1055,huggyllama/llama-7b,dummy-lora-7b-rank-8-0,558,23,107.25322172121265
1056,huggyllama/llama-7b,dummy-lora-7b-rank-32-1,559,70,107.254737266787
1057,huggyllama/llama-7b,dummy-lora-7b-rank-32-3,576,11,107.31821716699672
1058,huggyllama/llama-7b,dummy-lora-7b-rank-8-3,924,37,107.3763498095376
1059,huggyllama/llama-7b,dummy-lora-7b-rank-32-1,227,72,107.73029216884989
1060,huggyllama/llama-7b,dummy-lora-7b-rank-8-3,685,26,107.75321934403405
1061,huggyllama/llama-7b,dummy-lora-7b-rank-32-1,342,6,107.78489287037739
1062,huggyllama/llama-7b,dummy-lora-7b-rank-16-1,544,6,107.88335010445392
1063,huggyllama/llama-7b,dummy-lora-7b-rank-64-3,564,22,108.12061184918808
1064,huggyllama/llama-7b,dummy-lora-7b-rank-128-4,366,50,108.24879083002128
1065,huggyllama/llama-7b,dummy-lora-7b-rank-8-4,258,38,108.32315337493077
1066,huggyllama/llama-7b,dummy-lora-7b-rank-64-1,556,21,108.40741414870995
1067,huggyllama/llama-7b,dummy-lora-7b-rank-64-3,190,42,108.42621878103286
1068,huggyllama/llama-7b,dummy-lora-7b-rank-16-0,457,142,108.5757027872629
1069,huggyllama/llama-7b,dummy-lora-7b-rank-16-0,410,4,108.57811508237025
1070,huggyllama/llama-7b,dummy-lora-7b-rank-16-2,454,77,108.89260759550969
1071,huggyllama/llama-7b,dummy-lora-7b-rank-128-4,621,22,108.98608166114006
1072,huggyllama/llama-7b,dummy-lora-7b-rank-8-2,580,42,109.0748725568594
1073,huggyllama/llama-7b,dummy-lora-7b-rank-128-3,321,75,109.12836081500299
1074,huggyllama/llama-7b,dummy-lora-7b-rank-16-0,768,108,109.17171224281088
1075,huggyllama/llama-7b,dummy-lora-7b-rank-64-3,618,11,109.42428009071392
1076,huggyllama/llama-7b,dummy-lora-7b-rank-64-0,143,150,109.55291733729379
1077,huggyllama/llama-7b,dummy-lora-7b-rank-16-0,795,6,109.55855831137573
1078,huggyllama/llama-7b,dummy-lora-7b-rank-64-1,699,67,109.57408039339757
1079,huggyllama/llama-7b,dummy-lora-7b-rank-16-2,402,183,109.79441766089272
1080,huggyllama/llama-7b,dummy-lora-7b-rank-32-0,189,39,109.97491569531458
1081,huggyllama/llama-7b,dummy-lora-7b-rank-128-3,562,26,110.05136679220001
1082,huggyllama/llama-7b,dummy-lora-7b-rank-32-4,353,143,110.10994754719555
1083,huggyllama/llama-7b,dummy-lora-7b-rank-16-3,550,18,110.11845261826706
1084,huggyllama/llama-7b,dummy-lora-7b-rank-128-4,554,20,110.14331503717416
1085,huggyllama/llama-7b,dummy-lora-7b-rank-8-2,550,18,110.54132546592864
1086,huggyllama/llama-7b,dummy-lora-7b-rank-8-0,653,162,110.60505434549898
1087,huggyllama/llama-7b,dummy-lora-7b-rank-16-1,186,41,110.60990166178276
1088,huggyllama/llama-7b,dummy-lora-7b-rank-32-0,58,54,110.6108215827339
1089,huggyllama/llama-7b,dummy-lora-7b-rank-16-0,150,71,110.81202056182576
1090,huggyllama/llama-7b,dummy-lora-7b-rank-16-3,401,11,110.90893397530327
1091,huggyllama/llama-7b,dummy-lora-7b-rank-8-0,361,33,111.01560124229661
1092,huggyllama/llama-7b,dummy-lora-7b-rank-16-3,570,31,111.03040899415294
1093,huggyllama/llama-7b,dummy-lora-7b-rank-32-2,690,31,111.1990762620185
1094,huggyllama/llama-7b,dummy-lora-7b-rank-16-1,417,101,111.26087949360635
1095,huggyllama/llama-7b,dummy-lora-7b-rank-8-1,523,48,111.27708750404777
1096,huggyllama/llama-7b,dummy-lora-7b-rank-16-2,244,57,111.29725407218866
1097,huggyllama/llama-7b,dummy-lora-7b-rank-32-2,376,58,111.44266928600192
1098,huggyllama/llama-7b,dummy-lora-7b-rank-128-0,408,64,111.44825149580379
1099,huggyllama/llama-7b,dummy-lora-7b-rank-8-4,578,77,111.45311188126246
1100,huggyllama/llama-7b,dummy-lora-7b-rank-64-0,568,30,111.51256729482064
1101,huggyllama/llama-7b,dummy-lora-7b-rank-16-1,361,118,111.53500000894854
1102,huggyllama/llama-7b,dummy-lora-7b-rank-128-1,749,11,111.71690440993683
1103,huggyllama/llama-7b,dummy-lora-7b-rank-32-0,606,32,111.72056517025355
1104,huggyllama/llama-7b,dummy-lora-7b-rank-8-2,550,18,111.74844448899393
1105,huggyllama/llama-7b,dummy-lora-7b-rank-8-3,554,20,111.8457652836475
1106,huggyllama/llama-7b,dummy-lora-7b-rank-64-1,550,18,111.91711571740689
1107,huggyllama/llama-7b,dummy-lora-7b-rank-32-0,550,18,111.92773969871192
1108,huggyllama/llama-7b,dummy-lora-7b-rank-64-3,435,36,112.20744749002792
1109,huggyllama/llama-7b,dummy-lora-7b-rank-64-2,762,34,112.26239448540133
1110,huggyllama/llama-7b,dummy-lora-7b-rank-128-4,385,10,112.26944050705407
1111,huggyllama/llama-7b,dummy-lora-7b-rank-16-4,951,37,112.39656325929899
1112,huggyllama/llama-7b,dummy-lora-7b-rank-128-1,699,15,112.40970240204557
1113,huggyllama/llama-7b,dummy-lora-7b-rank-64-2,275,92,112.52136151613921
1114,huggyllama/llama-7b,dummy-lora-7b-rank-32-2,203,59,112.54986402058896
1115,huggyllama/llama-7b,dummy-lora-7b-rank-16-4,190,50,112.55804247302424
1116,huggyllama/llama-7b,dummy-lora-7b-rank-32-1,192,102,112.61914582317542
1117,huggyllama/llama-7b,dummy-lora-7b-rank-8-2,469,64,112.64437099471877
1118,huggyllama/llama-7b,dummy-lora-7b-rank-128-4,499,135,112.7116837275987
1119,huggyllama/llama-7b,dummy-lora-7b-rank-8-4,792,51,112.91191234341042
1120,huggyllama/llama-7b,dummy-lora-7b-rank-16-0,473,33,112.92246737642603
1121,huggyllama/llama-7b,dummy-lora-7b-rank-8-3,554,23,113.01229979482551
1122,huggyllama/llama-7b,dummy-lora-7b-rank-128-3,560,23,113.0303760429434
1123,huggyllama/llama-7b,dummy-lora-7b-rank-64-2,564,10,113.08788234263977
1124,huggyllama/llama-7b,dummy-lora-7b-rank-64-4,213,49,113.10055346654946
1125,huggyllama/llama-7b,dummy-lora-7b-rank-8-2,105,49,113.13074787825842
1126,huggyllama/llama-7b,dummy-lora-7b-rank-32-4,510,8,113.2494248290253
1127,huggyllama/llama-7b,dummy-lora-7b-rank-64-1,552,11,113.25831788162964
1128,huggyllama/llama-7b,dummy-lora-7b-rank-32-2,786,57,113.29775343882754
1129,huggyllama/llama-7b,dummy-lora-7b-rank-32-0,308,52,113.32330952948247
1130,huggyllama/llama-7b,dummy-lora-7b-rank-32-3,356,48,113.45395486269052
1131,huggyllama/llama-7b,dummy-lora-7b-rank-32-4,600,17,113.64159473687565
1132,huggyllama/llama-7b,dummy-lora-7b-rank-64-0,133,52,113.79160778848906
1133,huggyllama/llama-7b,dummy-lora-7b-rank-64-2,846,60,113.80266126145769
1134,huggyllama/llama-7b,dummy-lora-7b-rank-64-2,60,50,113.82112779789492
1135,huggyllama/llama-7b,dummy-lora-7b-rank-16-4,467,66,113.82822028674836
1136,huggyllama/llama-7b,dummy-lora-7b-rank-128-1,512,46,113.94027226995722
1137,huggyllama/llama-7b,dummy-lora-7b-rank-16-4,559,20,114.15178509539687
1138,huggyllama/llama-7b,dummy-lora-7b-rank-64-3,565,56,114.23727159153931
1139,huggyllama/llama-7b,dummy-lora-7b-rank-128-0,481,43,114.250181111465
1140,huggyllama/llama-7b,dummy-lora-7b-rank-64-0,609,8,114.25537568466005
1141,huggyllama/llama-7b,dummy-lora-7b-rank-128-0,587,8,114.29613239714558
1142,huggyllama/llama-7b,dummy-lora-7b-rank-64-0,554,22,114.43718417619948
1143,huggyllama/llama-7b,dummy-lora-7b-rank-64-1,599,17,114.46201628607639
1144,huggyllama/llama-7b,dummy-lora-7b-rank-32-0,472,97,114.77790834600872
1145,huggyllama/llama-7b,dummy-lora-7b-rank-16-0,247,61,114.84422886352922
1146,huggyllama/llama-7b,dummy-lora-7b-rank-64-4,590,22,114.87656219273197
1147,huggyllama/llama-7b,dummy-lora-7b-rank-64-0,593,57,115.04681964622009
1148,huggyllama/llama-7b,dummy-lora-7b-rank-64-4,599,7,115.11675694008814
1149,huggyllama/llama-7b,dummy-lora-7b-rank-8-2,358,46,115.24010465635313
1150,huggyllama/llama-7b,dummy-lora-7b-rank-128-4,546,16,115.28607897093282
1151,huggyllama/llama-7b,dummy-lora-7b-rank-16-3,199,47,115.30778403346095
1152,huggyllama/llama-7b,dummy-lora-7b-rank-64-2,562,23,115.35678477337136
1153,huggyllama/llama-7b,dummy-lora-7b-rank-32-2,550,20,115.36689223625746
1154,huggyllama/llama-7b,dummy-lora-7b-rank-8-3,704,80,115.44851826660025
1155,huggyllama/llama-7b,dummy-lora-7b-rank-16-0,89,45,115.52274580383532
1156,huggyllama/llama-7b,dummy-lora-7b-rank-128-3,504,46,115.5370738766577
1157,huggyllama/llama-7b,dummy-lora-7b-rank-64-1,558,20,115.6094005340383
1158,huggyllama/llama-7b,dummy-lora-7b-rank-128-2,558,21,115.62641916172896
1159,huggyllama/llama-7b,dummy-lora-7b-rank-8-4,211,35,115.78290547850253
1160,huggyllama/llama-7b,dummy-lora-7b-rank-8-3,275,51,116.00279966272463
1161,huggyllama/llama-7b,dummy-lora-7b-rank-32-3,263,38,116.0926778933028
1162,huggyllama/llama-7b,dummy-lora-7b-rank-64-4,597,89,116.18594723407786
1163,huggyllama/llama-7b,dummy-lora-7b-rank-8-0,684,71,116.28851008480335
1164,huggyllama/llama-7b,dummy-lora-7b-rank-8-1,550,10,116.33184082809996
1165,huggyllama/llama-7b,dummy-lora-7b-rank-8-4,496,49,116.38694273746495
1166,huggyllama/llama-7b,dummy-lora-7b-rank-64-0,237,35,116.59431572278234
1167,huggyllama/llama-7b,dummy-lora-7b-rank-32-3,554,20,116.65555741499438
1168,huggyllama/llama-7b,dummy-lora-7b-rank-8-4,469,84,116.84463697395633
1169,huggyllama/llama-7b,dummy-lora-7b-rank-16-4,465,40,117.49542468009503
1170,huggyllama/llama-7b,dummy-lora-7b-rank-64-3,423,5,117.65109140038018
1171,huggyllama/llama-7b,dummy-lora-7b-rank-8-4,617,11,117.73821271564924
1172,huggyllama/llama-7b,dummy-lora-7b-rank-16-4,294,39,117.86894776974253
1173,huggyllama/llama-7b,dummy-lora-7b-rank-8-0,645,19,118.12151764657153
1174,huggyllama/llama-7b,dummy-lora-7b-rank-64-0,302,88,118.3898962522944
1175,huggyllama/llama-7b,dummy-lora-7b-rank-8-3,588,34,118.46880328608542
1176,huggyllama/llama-7b,dummy-lora-7b-rank-64-4,767,146,118.74317142211011
1177,huggyllama/llama-7b,dummy-lora-7b-rank-8-1,260,42,118.96343942383575
1178,huggyllama/llama-7b,dummy-lora-7b-rank-8-2,546,16,119.02559810499254
1179,huggyllama/llama-7b,dummy-lora-7b-rank-32-4,405,52,119.2287694965861
1180,huggyllama/llama-7b,dummy-lora-7b-rank-32-3,556,21,119.23301793423043
1181,huggyllama/llama-7b,dummy-lora-7b-rank-16-2,58,59,119.23339067048447
1182,huggyllama/llama-7b,dummy-lora-7b-rank-8-2,228,55,119.30146199652276
1183,huggyllama/llama-7b,dummy-lora-7b-rank-128-3,397,9,119.41080919689725
1184,huggyllama/llama-7b,dummy-lora-7b-rank-128-0,601,17,119.60455855729697
1185,huggyllama/llama-7b,dummy-lora-7b-rank-32-3,196,52,119.67569258876368
1186,huggyllama/llama-7b,dummy-lora-7b-rank-64-3,663,29,119.77040741729438
1187,huggyllama/llama-7b,dummy-lora-7b-rank-64-4,572,32,119.88151061273399
1188,huggyllama/llama-7b,dummy-lora-7b-rank-16-0,679,4,120.0776352046948
1189,huggyllama/llama-7b,dummy-lora-7b-rank-32-2,122,19,120.22300224542401
1190,huggyllama/llama-7b,dummy-lora-7b-rank-16-2,623,32,120.23333833906581
1191,huggyllama/llama-7b,dummy-lora-7b-rank-32-3,461,95,120.30041186244802
1192,huggyllama/llama-7b,dummy-lora-7b-rank-128-3,574,32,120.43014105148399
1193,huggyllama/llama-7b,dummy-lora-7b-rank-128-0,933,66,120.51337813697236
1194,huggyllama/llama-7b,dummy-lora-7b-rank-8-3,230,54,120.5209017785037
1195,huggyllama/llama-7b,dummy-lora-7b-rank-32-0,265,146,120.86375158630526
1196,huggyllama/llama-7b,dummy-lora-7b-rank-16-1,412,51,120.93945942657314
1197,huggyllama/llama-7b,dummy-lora-7b-rank-128-2,450,51,120.98116905579347
1198,huggyllama/llama-7b,dummy-lora-7b-rank-32-3,415,49,120.98866991355371
1199,huggyllama/llama-7b,dummy-lora-7b-rank-16-1,645,32,121.3532708453752
1200,huggyllama/llama-7b,dummy-lora-7b-rank-64-2,365,88,121.36706152673929
1201,huggyllama/llama-7b,dummy-lora-7b-rank-32-2,769,3,121.39215931342414
1202,huggyllama/llama-7b,dummy-lora-7b-rank-128-1,872,56,121.59054111079627
1203,huggyllama/llama-7b,dummy-lora-7b-rank-64-2,578,6,121.64890038237547
1204,huggyllama/llama-7b,dummy-lora-7b-rank-128-0,640,48,121.67111618409207
1205,huggyllama/llama-7b,dummy-lora-7b-rank-16-2,224,36,121.91676952756252
1206,huggyllama/llama-7b,dummy-lora-7b-rank-16-2,155,19,122.00886486222936
1207,huggyllama/llama-7b,dummy-lora-7b-rank-64-3,552,17,122.04865082141086
1208,huggyllama/llama-7b,dummy-lora-7b-rank-16-2,383,126,122.11516665996042
1209,huggyllama/llama-7b,dummy-lora-7b-rank-128-4,326,90,122.18565554716774
1210,huggyllama/llama-7b,dummy-lora-7b-rank-128-4,607,22,122.23308394941705
1211,huggyllama/llama-7b,dummy-lora-7b-rank-64-3,348,6,122.38953663708607
1212,huggyllama/llama-7b,dummy-lora-7b-rank-8-4,558,23,122.48594874087637
1213,huggyllama/llama-7b,dummy-lora-7b-rank-16-1,320,19,122.49589299905358
1214,huggyllama/llama-7b,dummy-lora-7b-rank-64-1,138,74,122.587309829504
1215,huggyllama/llama-7b,dummy-lora-7b-rank-16-1,718,21,122.74840578652113
1216,huggyllama/llama-7b,dummy-lora-7b-rank-128-2,388,74,122.77193751067158
1217,huggyllama/llama-7b,dummy-lora-7b-rank-8-3,352,37,122.84900597983987
1218,huggyllama/llama-7b,dummy-lora-7b-rank-128-1,185,43,123.28018120839974
1219,huggyllama/llama-7b,dummy-lora-7b-rank-128-4,552,20,123.32874575136488
1220,huggyllama/llama-7b,dummy-lora-7b-rank-128-3,93,23,123.43595512219898
1221,huggyllama/llama-7b,dummy-lora-7b-rank-16-0,315,52,123.44236477179211
1222,huggyllama/llama-7b,dummy-lora-7b-rank-32-0,612,17,123.55324088840204
1223,huggyllama/llama-7b,dummy-lora-7b-rank-128-4,137,56,123.6519356980632
1224,huggyllama/llama-7b,dummy-lora-7b-rank-64-0,776,42,123.86877679189163
1225,huggyllama/llama-7b,dummy-lora-7b-rank-8-2,209,95,123.89132670449794
1226,huggyllama/llama-7b,dummy-lora-7b-rank-16-0,701,128,123.96290143777235
1227,huggyllama/llama-7b,dummy-lora-7b-rank-64-1,259,84,124.00060596273167
1228,huggyllama/llama-7b,dummy-lora-7b-rank-32-3,302,8,124.11981716513968
1229,huggyllama/llama-7b,dummy-lora-7b-rank-8-3,234,9,124.20135606810474
1230,huggyllama/llama-7b,dummy-lora-7b-rank-8-4,334,67,124.22317733172929
1231,huggyllama/llama-7b,dummy-lora-7b-rank-32-4,460,68,124.59170579900163
1232,huggyllama/llama-7b,dummy-lora-7b-rank-32-3,363,48,124.64048864528914
1233,huggyllama/llama-7b,dummy-lora-7b-rank-128-4,626,21,124.83214742128007
1234,huggyllama/llama-7b,dummy-lora-7b-rank-16-1,258,70,124.88153316155558
1235,huggyllama/llama-7b,dummy-lora-7b-rank-8-2,402,45,124.91181755563966
1236,huggyllama/llama-7b,dummy-lora-7b-rank-64-4,196,56,124.92158209844482
1237,huggyllama/llama-7b,dummy-lora-7b-rank-64-3,612,31,125.07340895192993
1238,huggyllama/llama-7b,dummy-lora-7b-rank-8-0,163,109,125.20269393027498
1239,huggyllama/llama-7b,dummy-lora-7b-rank-8-4,187,50,125.21149278828878
1240,huggyllama/llama-7b,dummy-lora-7b-rank-16-3,548,17,125.31307209700454
1241,huggyllama/llama-7b,dummy-lora-7b-rank-16-2,382,7,125.38437852346465
1242,huggyllama/llama-7b,dummy-lora-7b-rank-128-4,306,14,125.52882068876234
1243,huggyllama/llama-7b,dummy-lora-7b-rank-32-1,587,16,125.56590229736908
1244,huggyllama/llama-7b,dummy-lora-7b-rank-32-0,335,43,125.62866511461766
1245,huggyllama/llama-7b,dummy-lora-7b-rank-64-4,546,16,125.70929252919707
1246,huggyllama/llama-7b,dummy-lora-7b-rank-16-4,107,109,125.81020068303025
1247,huggyllama/llama-7b,dummy-lora-7b-rank-8-3,137,119,125.85981920765225
1248,huggyllama/llama-7b,dummy-lora-7b-rank-32-3,701,13,125.94936675394524
1249,huggyllama/llama-7b,dummy-lora-7b-rank-128-3,625,73,125.98377565685882
1250,huggyllama/llama-7b,dummy-lora-7b-rank-8-0,405,163,126.01725222934232
1251,huggyllama/llama-7b,dummy-lora-7b-rank-32-2,317,46,126.13848843410267
1252,huggyllama/llama-7b,dummy-lora-7b-rank-64-1,398,51,126.15098870467696
1253,huggyllama/llama-7b,dummy-lora-7b-rank-128-2,814,15,126.1770150009088
1254,huggyllama/llama-7b,dummy-lora-7b-rank-8-3,556,22,126.33504058981814
1255,huggyllama/llama-7b,dummy-lora-7b-rank-8-0,589,34,126.37929436660957
1256,huggyllama/llama-7b,dummy-lora-7b-rank-64-1,386,61,126.96422442638992
1257,huggyllama/llama-7b,dummy-lora-7b-rank-64-2,266,45,127.02021027787424
1258,huggyllama/llama-7b,dummy-lora-7b-rank-16-0,657,8,127.2842739530955
1259,huggyllama/llama-7b,dummy-lora-7b-rank-128-1,979,74,127.48269423288097
1260,huggyllama/llama-7b,dummy-lora-7b-rank-32-3,548,17,127.68478717406536
1261,huggyllama/llama-7b,dummy-lora-7b-rank-64-4,596,60,127.80083539469737
1262,huggyllama/llama-7b,dummy-lora-7b-rank-64-0,558,22,128.08800243743818
1263,huggyllama/llama-7b,dummy-lora-7b-rank-8-0,428,39,128.23480822249036
1264,huggyllama/llama-7b,dummy-lora-7b-rank-16-3,558,22,128.2886271265812
1265,huggyllama/llama-7b,dummy-lora-7b-rank-64-1,440,40,128.38254900154354
1266,huggyllama/llama-7b,dummy-lora-7b-rank-8-2,552,19,128.69854731235932
1267,huggyllama/llama-7b,dummy-lora-7b-rank-8-1,607,19,128.71484531790583
1268,huggyllama/llama-7b,dummy-lora-7b-rank-64-2,218,3,128.7430666601976
1269,huggyllama/llama-7b,dummy-lora-7b-rank-8-4,552,19,128.81930855819292
1270,huggyllama/llama-7b,dummy-lora-7b-rank-8-4,558,24,128.88691045250044
1271,huggyllama/llama-7b,dummy-lora-7b-rank-8-2,651,11,128.9631260136352
1272,huggyllama/llama-7b,dummy-lora-7b-rank-8-0,558,14,129.08991702247525
1273,huggyllama/llama-7b,dummy-lora-7b-rank-16-3,385,36,129.20028423094487
1274,huggyllama/llama-7b,dummy-lora-7b-rank-32-3,56,73,129.21250110966474
1275,huggyllama/llama-7b,dummy-lora-7b-rank-128-3,948,24,129.30982053296708
1276,huggyllama/llama-7b,dummy-lora-7b-rank-32-4,340,15,129.32290851762653
1277,huggyllama/llama-7b,dummy-lora-7b-rank-16-2,568,39,129.4035389835707
1278,huggyllama/llama-7b,dummy-lora-7b-rank-64-3,603,17,129.66239997186398
1279,huggyllama/llama-7b,dummy-lora-7b-rank-128-1,170,59,129.82042572670574
1280,huggyllama/llama-7b,dummy-lora-7b-rank-64-4,460,51,129.84485751246297
1281,huggyllama/llama-7b,dummy-lora-7b-rank-128-2,173,38,129.87851268782975
1282,huggyllama/llama-7b,dummy-lora-7b-rank-128-0,80,44,130.05738544729337
1283,huggyllama/llama-7b,dummy-lora-7b-rank-128-0,586,19,130.16014147164964
1284,huggyllama/llama-7b,dummy-lora-7b-rank-8-1,380,16,130.32878049703714
1285,huggyllama/llama-7b,dummy-lora-7b-rank-16-0,1005,12,130.35483637751105
1286,huggyllama/llama-7b,dummy-lora-7b-rank-8-1,590,21,130.37547339508416
1287,huggyllama/llama-7b,dummy-lora-7b-rank-8-1,562,27,130.42302453009148
1288,huggyllama/llama-7b,dummy-lora-7b-rank-16-4,339,113,130.45693732291537
1289,huggyllama/llama-7b,dummy-lora-7b-rank-8-1,555,41,130.5473328984746
1290,huggyllama/llama-7b,dummy-lora-7b-rank-8-1,821,72,130.70047211863212
1291,huggyllama/llama-7b,dummy-lora-7b-rank-16-2,386,11,130.8534353135721
1292,huggyllama/llama-7b,dummy-lora-7b-rank-128-0,302,56,130.93413863913088
1293,huggyllama/llama-7b,dummy-lora-7b-rank-32-4,514,50,131.32612077198988
1294,huggyllama/llama-7b,dummy-lora-7b-rank-32-0,585,11,131.34478287044226
1295,huggyllama/llama-7b,dummy-lora-7b-rank-64-4,592,42,131.61483827882526
1296,huggyllama/llama-7b,dummy-lora-7b-rank-32-2,997,47,131.73266980644442
1297,huggyllama/llama-7b,dummy-lora-7b-rank-8-1,412,4,131.7459027260393
1298,huggyllama/llama-7b,dummy-lora-7b-rank-64-4,564,15,131.86513642065682
1299,huggyllama/llama-7b,dummy-lora-7b-rank-32-0,540,46,131.92785986253608
1300,huggyllama/llama-7b,dummy-lora-7b-rank-64-1,552,11,131.96043734181634
1301,huggyllama/llama-7b,dummy-lora-7b-rank-16-1,938,3,132.3766683164814
1302,huggyllama/llama-7b,dummy-lora-7b-rank-32-2,385,52,132.42373358346785
1303,huggyllama/llama-7b,dummy-lora-7b-rank-64-0,590,22,132.45534795758843
1304,huggyllama/llama-7b,dummy-lora-7b-rank-64-4,342,41,132.62508837498714
1305,huggyllama/llama-7b,dummy-lora-7b-rank-8-2,980,111,132.6679000024064
1306,huggyllama/llama-7b,dummy-lora-7b-rank-128-1,256,53,132.734698762788
1307,huggyllama/llama-7b,dummy-lora-7b-rank-16-3,397,36,132.7772783608603
1308,huggyllama/llama-7b,dummy-lora-7b-rank-128-4,560,26,132.83735536375178
1309,huggyllama/llama-7b,dummy-lora-7b-rank-64-2,900,63,132.90646084478584
1310,huggyllama/llama-7b,dummy-lora-7b-rank-64-0,605,20,132.95697233107327
1311,huggyllama/llama-7b,dummy-lora-7b-rank-16-0,401,47,132.9583986101191
1312,huggyllama/llama-7b,dummy-lora-7b-rank-32-1,323,64,132.9619496149535
1313,huggyllama/llama-7b,dummy-lora-7b-rank-128-0,131,43,133.0290214563983
1314,huggyllama/llama-7b,dummy-lora-7b-rank-128-4,554,20,133.29328800811672
1315,huggyllama/llama-7b,dummy-lora-7b-rank-8-3,700,3,133.2989082576825
1316,huggyllama/llama-7b,dummy-lora-7b-rank-8-4,154,44,133.386389675842
1317,huggyllama/llama-7b,dummy-lora-7b-rank-64-0,371,46,133.46100616563436
1318,huggyllama/llama-7b,dummy-lora-7b-rank-16-2,550,18,133.48965688675938
1319,huggyllama/llama-7b,dummy-lora-7b-rank-32-1,580,8,133.56435133720248
1320,huggyllama/llama-7b,dummy-lora-7b-rank-64-4,361,52,133.66426762447222
1321,huggyllama/llama-7b,dummy-lora-7b-rank-16-3,320,159,133.77088360963322
1322,huggyllama/llama-7b,dummy-lora-7b-rank-128-0,215,41,134.05323791776885
1323,huggyllama/llama-7b,dummy-lora-7b-rank-8-0,57,36,134.21906925634855
1324,huggyllama/llama-7b,dummy-lora-7b-rank-128-1,571,146,134.29474321576373
1325,huggyllama/llama-7b,dummy-lora-7b-rank-16-0,137,69,134.3640182628377
1326,huggyllama/llama-7b,dummy-lora-7b-rank-16-4,279,37,134.45598032792967
1327,huggyllama/llama-7b,dummy-lora-7b-rank-8-0,580,13,134.63068549328526
1328,huggyllama/llama-7b,dummy-lora-7b-rank-32-2,582,26,134.67424973398414
1329,huggyllama/llama-7b,dummy-lora-7b-rank-16-2,275,5,134.7722448641669
1330,huggyllama/llama-7b,dummy-lora-7b-rank-64-1,512,22,134.78102825377496
1331,huggyllama/llama-7b,dummy-lora-7b-rank-128-3,466,5,134.81207612387894
1332,huggyllama/llama-7b,dummy-lora-7b-rank-16-4,316,10,134.96584727893006
1333,huggyllama/llama-7b,dummy-lora-7b-rank-16-2,272,46,135.0592201592434
1334,huggyllama/llama-7b,dummy-lora-7b-rank-8-0,570,11,135.24208813142408
1335,huggyllama/llama-7b,dummy-lora-7b-rank-32-1,313,45,135.35983479289945
1336,huggyllama/llama-7b,dummy-lora-7b-rank-8-0,619,8,135.47282839716712
1337,huggyllama/llama-7b,dummy-lora-7b-rank-32-2,568,30,135.57773636260106
1338,huggyllama/llama-7b,dummy-lora-7b-rank-128-1,631,36,135.58385386195994
1339,huggyllama/llama-7b,dummy-lora-7b-rank-8-1,286,94,135.66590918788876
1340,huggyllama/llama-7b,dummy-lora-7b-rank-16-1,279,30,135.7376060439328
1341,huggyllama/llama-7b,dummy-lora-7b-rank-32-4,601,45,135.77005475951094
1342,huggyllama/llama-7b,dummy-lora-7b-rank-16-0,601,26,135.80729123751055
1343,huggyllama/llama-7b,dummy-lora-7b-rank-8-0,558,24,135.93559663690206
1344,huggyllama/llama-7b,dummy-lora-7b-rank-32-0,365,52,135.9753451181303
1345,huggyllama/llama-7b,dummy-lora-7b-rank-16-1,347,45,135.98973399073907
1346,huggyllama/llama-7b,dummy-lora-7b-rank-128-4,530,40,136.13868969444172
1347,huggyllama/llama-7b,dummy-lora-7b-rank-16-2,438,42,136.17147473396912
1348,huggyllama/llama-7b,dummy-lora-7b-rank-64-3,418,9,136.2375394456627
1349,huggyllama/llama-7b,dummy-lora-7b-rank-64-4,437,7,136.3546007999337
1350,huggyllama/llama-7b,dummy-lora-7b-rank-64-2,801,94,136.36012224530467
1351,huggyllama/llama-7b,dummy-lora-7b-rank-8-1,554,20,136.6614915049308
1352,huggyllama/llama-7b,dummy-lora-7b-rank-8-0,552,21,136.7642429828636
1353,huggyllama/llama-7b,dummy-lora-7b-rank-16-0,263,31,136.80047266921466
1354,huggyllama/llama-7b,dummy-lora-7b-rank-8-3,550,20,136.85140287018973
1355,huggyllama/llama-7b,dummy-lora-7b-rank-8-3,592,37,136.85237998262883
1356,huggyllama/llama-7b,dummy-lora-7b-rank-8-4,267,119,136.9201583136164
1357,huggyllama/llama-7b,dummy-lora-7b-rank-64-1,586,19,136.92579932120623
1358,huggyllama/llama-7b,dummy-lora-7b-rank-64-4,566,26,136.96058062102833
1359,huggyllama/llama-7b,dummy-lora-7b-rank-64-0,665,47,137.06233369402298
1360,huggyllama/llama-7b,dummy-lora-7b-rank-8-2,397,48,137.10684316489068
1361,huggyllama/llama-7b,dummy-lora-7b-rank-16-4,263,50,137.18027244626288
1362,huggyllama/llama-7b,dummy-lora-7b-rank-128-1,613,111,137.26694014401525
1363,huggyllama/llama-7b,dummy-lora-7b-rank-128-0,225,46,137.45265672238287
1364,huggyllama/llama-7b,dummy-lora-7b-rank-32-1,139,67,137.5360608970415
1365,huggyllama/llama-7b,dummy-lora-7b-rank-64-1,954,15,137.59368858606717
1366,huggyllama/llama-7b,dummy-lora-7b-rank-64-3,452,5,137.6084648296731
1367,huggyllama/llama-7b,dummy-lora-7b-rank-8-4,499,18,137.6123958288202
1368,huggyllama/llama-7b,dummy-lora-7b-rank-8-3,327,7,137.62989032972698
1369,huggyllama/llama-7b,dummy-lora-7b-rank-128-2,574,31,137.80180696740877
1370,huggyllama/llama-7b,dummy-lora-7b-rank-64-0,81,38,137.8667240307547
1371,huggyllama/llama-7b,dummy-lora-7b-rank-16-2,457,11,137.88382265201355
1372,huggyllama/llama-7b,dummy-lora-7b-rank-16-2,406,50,137.89742333870382
1373,huggyllama/llama-7b,dummy-lora-7b-rank-16-0,603,25,138.2179401476784
1374,huggyllama/llama-7b,dummy-lora-7b-rank-32-2,570,54,138.31891720137273
1375,huggyllama/llama-7b,dummy-lora-7b-rank-16-2,698,6,138.56298358772762
1376,huggyllama/llama-7b,dummy-lora-7b-rank-8-2,496,61,138.65195535035713
1377,huggyllama/llama-7b,dummy-lora-7b-rank-8-2,616,28,138.73314102744015
1378,huggyllama/llama-7b,dummy-lora-7b-rank-8-1,546,16,138.89297678378284
1379,huggyllama/llama-7b,dummy-lora-7b-rank-64-3,573,46,138.95244459345264
1380,huggyllama/llama-7b,dummy-lora-7b-rank-64-2,422,8,138.96883296076876
1381,huggyllama/llama-7b,dummy-lora-7b-rank-32-2,467,47,139.4089780107714
1382,huggyllama/llama-7b,dummy-lora-7b-rank-16-3,165,90,139.78799749805344
1383,huggyllama/llama-7b,dummy-lora-7b-rank-8-3,554,20,139.79216317052698
1384,huggyllama/llama-7b,dummy-lora-7b-rank-32-2,462,11,139.89573908832327
1385,huggyllama/llama-7b,dummy-lora-7b-rank-32-0,607,17,139.90947452163618
1386,huggyllama/llama-7b,dummy-lora-7b-rank-16-0,511,11,139.96711083928824
1387,huggyllama/llama-7b,dummy-lora-7b-rank-8-4,657,50,139.97138738398516
1388,huggyllama/llama-7b,dummy-lora-7b-rank-8-4,750,85,139.98578728125977
1389,huggyllama/llama-7b,dummy-lora-7b-rank-8-0,578,35,140.13711614988637
1390,huggyllama/llama-7b,dummy-lora-7b-rank-16-4,556,21,140.2033989712894
1391,huggyllama/llama-7b,dummy-lora-7b-rank-16-4,357,142,140.2819557664452
1392,huggyllama/llama-7b,dummy-lora-7b-rank-8-0,58,59,140.34138874471716
1393,huggyllama/llama-7b,dummy-lora-7b-rank-64-0,286,54,140.37336630420617
1394,huggyllama/llama-7b,dummy-lora-7b-rank-8-4,560,24,140.41820841363182
1395,huggyllama/llama-7b,dummy-lora-7b-rank-8-3,89,49,140.47359400675083
1396,huggyllama/llama-7b,dummy-lora-7b-rank-32-3,464,54,140.49664078976483
1397,huggyllama/llama-7b,dummy-lora-7b-rank-64-1,224,52,140.59307994217085
1398,huggyllama/llama-7b,dummy-lora-7b-rank-64-3,656,78,140.59400574790521
1399,huggyllama/llama-7b,dummy-lora-7b-rank-32-4,601,18,140.6590365336169
1400,huggyllama/llama-7b,dummy-lora-7b-rank-8-3,605,3,140.75868219150038
1401,huggyllama/llama-7b,dummy-lora-7b-rank-16-4,554,21,140.78493172125113
1402,huggyllama/llama-7b,dummy-lora-7b-rank-8-0,566,49,140.80436520838225
1403,huggyllama/llama-7b,dummy-lora-7b-rank-128-0,887,67,140.80909004895736
1404,huggyllama/llama-7b,dummy-lora-7b-rank-128-4,273,97,140.83499790020704
1405,huggyllama/llama-7b,dummy-lora-7b-rank-128-3,712,5,141.66142363050875
1406,huggyllama/llama-7b,dummy-lora-7b-rank-128-1,383,8,141.72517054972678
1407,huggyllama/llama-7b,dummy-lora-7b-rank-8-0,560,15,141.75566634334047
1408,huggyllama/llama-7b,dummy-lora-7b-rank-32-4,375,10,141.80093702882016
1409,huggyllama/llama-7b,dummy-lora-7b-rank-128-2,509,36,141.9189390778402
1410,huggyllama/llama-7b,dummy-lora-7b-rank-8-1,82,46,142.02585754543634
1411,huggyllama/llama-7b,dummy-lora-7b-rank-32-2,524,66,142.19539634738962
1412,huggyllama/llama-7b,dummy-lora-7b-rank-8-0,683,37,142.3195865660182
1413,huggyllama/llama-7b,dummy-lora-7b-rank-128-3,547,10,142.49163849935198
1414,huggyllama/llama-7b,dummy-lora-7b-rank-8-2,997,107,142.551018808166
1415,huggyllama/llama-7b,dummy-lora-7b-rank-64-1,438,7,142.66261972111695
1416,huggyllama/llama-7b,dummy-lora-7b-rank-32-3,627,19,142.76958742761124
1417,huggyllama/llama-7b,dummy-lora-7b-rank-16-0,562,27,142.79109863541302
1418,huggyllama/llama-7b,dummy-lora-7b-rank-16-0,334,116,142.89946955684155
1419,huggyllama/llama-7b,dummy-lora-7b-rank-8-3,453,126,142.91669190556712
1420,huggyllama/llama-7b,dummy-lora-7b-rank-64-4,295,56,143.23303282223128
1421,huggyllama/llama-7b,dummy-lora-7b-rank-32-0,526,47,143.3718803574197
1422,huggyllama/llama-7b,dummy-lora-7b-rank-16-1,576,34,143.3932077346317
1423,huggyllama/llama-7b,dummy-lora-7b-rank-64-2,560,23,143.6085140276949
1424,huggyllama/llama-7b,dummy-lora-7b-rank-16-3,318,12,143.64925471186916
1425,huggyllama/llama-7b,dummy-lora-7b-rank-16-3,417,5,143.76047501520515
1426,huggyllama/llama-7b,dummy-lora-7b-rank-32-4,594,36,143.8863694239528
1427,huggyllama/llama-7b,dummy-lora-7b-rank-128-0,270,8,143.98043382836062
1428,huggyllama/llama-7b,dummy-lora-7b-rank-64-2,297,59,144.06189429407092
1429,huggyllama/llama-7b,dummy-lora-7b-rank-32-1,568,30,144.08880797173734
1430,huggyllama/llama-7b,dummy-lora-7b-rank-128-2,550,18,144.11318495279832
1431,huggyllama/llama-7b,dummy-lora-7b-rank-32-4,186,42,144.4461982964582
1432,huggyllama/llama-7b,dummy-lora-7b-rank-32-1,293,39,144.56679007518008
1433,huggyllama/llama-7b,dummy-lora-7b-rank-128-2,464,78,144.67455406760843
1434,huggyllama/llama-7b,dummy-lora-7b-rank-8-4,545,77,144.8524636003451
1435,huggyllama/llama-7b,dummy-lora-7b-rank-64-0,571,53,145.13282642847116
1436,huggyllama/llama-7b,dummy-lora-7b-rank-8-3,444,5,145.1383497859101
1437,huggyllama/llama-7b,dummy-lora-7b-rank-32-2,182,47,145.3127564671236
1438,huggyllama/llama-7b,dummy-lora-7b-rank-128-2,562,23,145.31867578846217
1439,huggyllama/llama-7b,dummy-lora-7b-rank-32-1,631,9,145.53572914369278
1440,huggyllama/llama-7b,dummy-lora-7b-rank-64-1,603,79,145.64829937851817
1441,huggyllama/llama-7b,dummy-lora-7b-rank-16-4,154,48,145.75613165617267
1442,huggyllama/llama-7b,dummy-lora-7b-rank-16-2,293,67,146.02413600213333
1443,huggyllama/llama-7b,dummy-lora-7b-rank-16-2,117,40,146.03425987183766
1444,huggyllama/llama-7b,dummy-lora-7b-rank-8-1,132,73,146.07822488651018
1445,huggyllama/llama-7b,dummy-lora-7b-rank-16-2,123,44,146.22087440073344
1446,huggyllama/llama-7b,dummy-lora-7b-rank-64-1,852,21,146.2976984441126
1447,huggyllama/llama-7b,dummy-lora-7b-rank-8-3,928,70,146.32444092950377
1448,huggyllama/llama-7b,dummy-lora-7b-rank-128-0,476,11,146.3572672730158
1449,huggyllama/llama-7b,dummy-lora-7b-rank-16-3,429,112,146.3726206202731
1450,huggyllama/llama-7b,dummy-lora-7b-rank-128-2,899,37,146.38476759413038
1451,huggyllama/llama-7b,dummy-lora-7b-rank-64-1,291,13,146.38767772275824
1452,huggyllama/llama-7b,dummy-lora-7b-rank-64-4,984,10,146.39195310045707
1453,huggyllama/llama-7b,dummy-lora-7b-rank-8-3,445,154,146.42532065932483
1454,huggyllama/llama-7b,dummy-lora-7b-rank-16-1,528,52,146.54210989278974
1455,huggyllama/llama-7b,dummy-lora-7b-rank-16-2,420,50,146.57998201283294
1456,huggyllama/llama-7b,dummy-lora-7b-rank-128-3,213,117,146.5980340638401
1457,huggyllama/llama-7b,dummy-lora-7b-rank-32-1,318,8,146.6220274963812
1458,huggyllama/llama-7b,dummy-lora-7b-rank-128-3,550,18,146.63477050786656
1459,huggyllama/llama-7b,dummy-lora-7b-rank-64-3,881,78,146.95475607956513
1460,huggyllama/llama-7b,dummy-lora-7b-rank-64-4,175,52,147.22090562889798
1461,huggyllama/llama-7b,dummy-lora-7b-rank-16-3,293,111,147.26403450913028
1462,huggyllama/llama-7b,dummy-lora-7b-rank-16-2,537,69,147.29403026340813
1463,huggyllama/llama-7b,dummy-lora-7b-rank-32-4,550,18,147.34859027753927
1464,huggyllama/llama-7b,dummy-lora-7b-rank-128-4,570,94,147.41694097940436
1465,huggyllama/llama-7b,dummy-lora-7b-rank-32-1,594,25,147.43740290542513
1466,huggyllama/llama-7b,dummy-lora-7b-rank-32-2,346,19,147.738636588642
1467,huggyllama/llama-7b,dummy-lora-7b-rank-64-4,339,39,147.86111474399448
1468,huggyllama/llama-7b,dummy-lora-7b-rank-128-3,535,100,148.05271871063107
1469,huggyllama/llama-7b,dummy-lora-7b-rank-128-0,502,148,148.248819074538
1470,huggyllama/llama-7b,dummy-lora-7b-rank-32-0,1015,35,148.583261118109
1471,huggyllama/llama-7b,dummy-lora-7b-rank-32-0,257,44,148.6499430424055
1472,huggyllama/llama-7b,dummy-lora-7b-rank-16-3,644,36,148.72771913399205
1473,huggyllama/llama-7b,dummy-lora-7b-rank-8-3,367,37,148.74461555941156
1474,huggyllama/llama-7b,dummy-lora-7b-rank-128-4,653,22,148.79955085823053
1475,huggyllama/llama-7b,dummy-lora-7b-rank-64-1,410,9,148.95087134857445
1476,huggyllama/llama-7b,dummy-lora-7b-rank-128-1,554,20,148.98564611173185
1477,huggyllama/llama-7b,dummy-lora-7b-rank-16-0,568,30,148.99800067651893
1478,huggyllama/llama-7b,dummy-lora-7b-rank-16-1,207,68,149.08575797698307
1479,huggyllama/llama-7b,dummy-lora-7b-rank-64-1,393,40,149.16497378816422
1480,huggyllama/llama-7b,dummy-lora-7b-rank-16-1,341,42,149.23163589312594
1481,huggyllama/llama-7b,dummy-lora-7b-rank-64-0,757,66,149.301605892424
1482,huggyllama/llama-7b,dummy-lora-7b-rank-8-3,556,23,149.4964263291483
1483,huggyllama/llama-7b,dummy-lora-7b-rank-32-1,558,13,149.57917045684286
1484,huggyllama/llama-7b,dummy-lora-7b-rank-16-2,546,16,149.65044614631847
1485,huggyllama/llama-7b,dummy-lora-7b-rank-128-4,375,54,149.86711768186842
1486,huggyllama/llama-7b,dummy-lora-7b-rank-16-4,326,65,149.9222962517098
1487,huggyllama/llama-7b,dummy-lora-7b-rank-16-2,285,50,149.98020984458697
1488,huggyllama/llama-7b,dummy-lora-7b-rank-16-4,514,57,150.211297832632
1489,huggyllama/llama-7b,dummy-lora-7b-rank-128-0,436,4,150.63116431049295
1490,huggyllama/llama-7b,dummy-lora-7b-rank-64-2,544,15,150.6710240755922
1491,huggyllama/llama-7b,dummy-lora-7b-rank-32-3,386,29,150.68787863493782
1492,huggyllama/llama-7b,dummy-lora-7b-rank-64-2,378,9,150.6935413492164
1493,huggyllama/llama-7b,dummy-lora-7b-rank-128-3,106,38,150.70996385495104
1494,huggyllama/llama-7b,dummy-lora-7b-rank-8-3,843,69,150.85084218450555
1495,huggyllama/llama-7b,dummy-lora-7b-rank-128-4,544,10,150.93518722632024
1496,huggyllama/llama-7b,dummy-lora-7b-rank-8-0,606,48,151.07475305042962
1497,huggyllama/llama-7b,dummy-lora-7b-rank-64-3,78,39,151.4096685276294
1498,huggyllama/llama-7b,dummy-lora-7b-rank-64-0,574,15,151.43254825500935
1499,huggyllama/llama-7b,dummy-lora-7b-rank-16-0,304,53,151.46116532712904
1500,huggyllama/llama-7b,dummy-lora-7b-rank-8-3,311,49,151.4689700743114
1501,huggyllama/llama-7b,dummy-lora-7b-rank-8-4,610,8,151.52021773502122
1502,huggyllama/llama-7b,dummy-lora-7b-rank-32-3,125,51,151.62989450786392
1503,huggyllama/llama-7b,dummy-lora-7b-rank-8-2,523,89,151.73408517583135
1504,huggyllama/llama-7b,dummy-lora-7b-rank-16-2,590,15,151.81783466663535
1505,huggyllama/llama-7b,dummy-lora-7b-rank-64-3,556,19,151.84450997284702
1506,huggyllama/llama-7b,dummy-lora-7b-rank-128-2,542,11,151.91894878429918
1507,huggyllama/llama-7b,dummy-lora-7b-rank-32-2,724,107,151.93926402474568
1508,huggyllama/llama-7b,dummy-lora-7b-rank-64-1,576,46,151.95623019942778
1509,huggyllama/llama-7b,dummy-lora-7b-rank-32-1,723,18,152.11155895888464
1510,huggyllama/llama-7b,dummy-lora-7b-rank-64-4,396,162,152.16936403354336
1511,huggyllama/llama-7b,dummy-lora-7b-rank-32-4,403,53,152.33728532351537
1512,huggyllama/llama-7b,dummy-lora-7b-rank-128-1,92,93,152.42901364398483
1513,huggyllama/llama-7b,dummy-lora-7b-rank-32-3,816,56,152.5553664186314
1514,huggyllama/llama-7b,dummy-lora-7b-rank-64-4,607,20,152.5632007837279
1515,huggyllama/llama-7b,dummy-lora-7b-rank-8-3,958,11,152.68913779836922
1516,huggyllama/llama-7b,dummy-lora-7b-rank-8-2,551,45,152.73280572354352
1517,huggyllama/llama-7b,dummy-lora-7b-rank-128-1,219,173,152.78884366465275
1518,huggyllama/llama-7b,dummy-lora-7b-rank-64-1,449,36,152.85356554621032
1519,huggyllama/llama-7b,dummy-lora-7b-rank-64-0,465,49,152.95632717032615
1520,huggyllama/llama-7b,dummy-lora-7b-rank-16-2,637,7,153.0592710724619
1521,huggyllama/llama-7b,dummy-lora-7b-rank-32-1,653,170,153.07992669637574
1522,huggyllama/llama-7b,dummy-lora-7b-rank-64-0,396,45,153.08923486498244
1523,huggyllama/llama-7b,dummy-lora-7b-rank-32-3,280,127,153.16464966488783
1524,huggyllama/llama-7b,dummy-lora-7b-rank-32-2,521,7,153.2003327916467
1525,huggyllama/llama-7b,dummy-lora-7b-rank-128-1,554,20,153.206671682566
1526,huggyllama/llama-7b,dummy-lora-7b-rank-128-2,358,32,153.25714637077766
1527,huggyllama/llama-7b,dummy-lora-7b-rank-16-3,334,58,153.31388258853636
1528,huggyllama/llama-7b,dummy-lora-7b-rank-8-3,486,50,153.6259955802224
1529,huggyllama/llama-7b,dummy-lora-7b-rank-32-2,619,30,153.74449072243146
1530,huggyllama/llama-7b,dummy-lora-7b-rank-8-4,345,47,153.90861379274443
1531,huggyllama/llama-7b,dummy-lora-7b-rank-128-1,82,49,154.15758803843653
1532,huggyllama/llama-7b,dummy-lora-7b-rank-128-2,554,20,154.24977856496338
1533,huggyllama/llama-7b,dummy-lora-7b-rank-32-1,899,3,154.2744000594572
1534,huggyllama/llama-7b,dummy-lora-7b-rank-64-0,597,8,154.28061443520014
1535,huggyllama/llama-7b,dummy-lora-7b-rank-128-0,182,70,154.47924388656145
1536,huggyllama/llama-7b,dummy-lora-7b-rank-8-0,604,29,154.4894968863757
1537,huggyllama/llama-7b,dummy-lora-7b-rank-16-3,620,18,154.50013656351916
1538,huggyllama/llama-7b,dummy-lora-7b-rank-64-1,268,151,154.5063587532409
1539,huggyllama/llama-7b,dummy-lora-7b-rank-128-2,554,20,154.5438672386686
1540,huggyllama/llama-7b,dummy-lora-7b-rank-64-4,129,52,154.59749922473304
1541,huggyllama/llama-7b,dummy-lora-7b-rank-16-3,524,54,154.62352465829122
1542,huggyllama/llama-7b,dummy-lora-7b-rank-64-1,554,23,154.62959291402208
1543,huggyllama/llama-7b,dummy-lora-7b-rank-8-1,764,11,154.67567477202576
1544,huggyllama/llama-7b,dummy-lora-7b-rank-64-4,563,21,154.9913191217321
1545,huggyllama/llama-7b,dummy-lora-7b-rank-128-2,630,48,155.1623942361845
1546,huggyllama/llama-7b,dummy-lora-7b-rank-64-2,627,11,155.18503352815515
1547,huggyllama/llama-7b,dummy-lora-7b-rank-128-4,582,36,155.3760533856872
1548,huggyllama/llama-7b,dummy-lora-7b-rank-128-3,554,20,155.46270365683588
1549,huggyllama/llama-7b,dummy-lora-7b-rank-8-2,295,40,155.568372669049
1550,huggyllama/llama-7b,dummy-lora-7b-rank-16-1,595,41,155.73999962371025
1551,huggyllama/llama-7b,dummy-lora-7b-rank-64-2,858,12,155.8680655877844
1552,huggyllama/llama-7b,dummy-lora-7b-rank-128-0,558,22,155.94194000333908
1553,huggyllama/llama-7b,dummy-lora-7b-rank-32-0,560,15,156.03933860721125
1554,huggyllama/llama-7b,dummy-lora-7b-rank-128-1,270,111,156.0574640587191
1555,huggyllama/llama-7b,dummy-lora-7b-rank-128-3,488,45,156.1074989739704
1556,huggyllama/llama-7b,dummy-lora-7b-rank-16-2,183,45,156.1750103765032
1557,huggyllama/llama-7b,dummy-lora-7b-rank-64-2,516,9,156.17869460231722
1558,huggyllama/llama-7b,dummy-lora-7b-rank-128-4,605,8,156.23979030228568
1559,huggyllama/llama-7b,dummy-lora-7b-rank-64-4,594,23,156.3543920056427
1560,huggyllama/llama-7b,dummy-lora-7b-rank-64-0,620,9,156.35935207011426
1561,huggyllama/llama-7b,dummy-lora-7b-rank-128-2,612,17,156.4718532647086
1562,huggyllama/llama-7b,dummy-lora-7b-rank-8-3,329,108,156.58106828306242
1563,huggyllama/llama-7b,dummy-lora-7b-rank-64-2,314,11,156.59863522121415
1564,huggyllama/llama-7b,dummy-lora-7b-rank-128-4,360,11,156.63390666415557
1565,huggyllama/llama-7b,dummy-lora-7b-rank-128-1,550,10,156.69117942755656
1566,huggyllama/llama-7b,dummy-lora-7b-rank-8-2,464,45,156.8229872626968
1567,huggyllama/llama-7b,dummy-lora-7b-rank-64-0,306,38,156.98351264967036
1568,huggyllama/llama-7b,dummy-lora-7b-rank-64-4,632,42,157.0061825595241
1569,huggyllama/llama-7b,dummy-lora-7b-rank-32-0,503,29,157.4615474823417
1570,huggyllama/llama-7b,dummy-lora-7b-rank-128-3,276,6,157.59865568001018
1571,huggyllama/llama-7b,dummy-lora-7b-rank-64-0,227,37,157.68634659455677
1572,huggyllama/llama-7b,dummy-lora-7b-rank-8-2,374,51,157.7012030644668
1573,huggyllama/llama-7b,dummy-lora-7b-rank-16-2,876,8,157.84885444078085
1574,huggyllama/llama-7b,dummy-lora-7b-rank-128-1,341,42,157.8977185650881
1575,huggyllama/llama-7b,dummy-lora-7b-rank-128-0,345,98,157.97280127819448
1576,huggyllama/llama-7b,dummy-lora-7b-rank-64-2,199,121,158.19999121180206
1577,huggyllama/llama-7b,dummy-lora-7b-rank-64-4,402,45,158.2425876981894
1578,huggyllama/llama-7b,dummy-lora-7b-rank-64-0,169,54,158.41665252556288
1579,huggyllama/llama-7b,dummy-lora-7b-rank-32-2,617,29,158.46501754215723
1580,huggyllama/llama-7b,dummy-lora-7b-rank-8-2,554,21,158.49285338573088
1581,huggyllama/llama-7b,dummy-lora-7b-rank-16-1,554,20,158.49926235188263
1582,huggyllama/llama-7b,dummy-lora-7b-rank-128-1,570,28,158.6303646288513
1583,huggyllama/llama-7b,dummy-lora-7b-rank-128-0,562,26,158.66975840724507
1584,huggyllama/llama-7b,dummy-lora-7b-rank-64-2,740,21,159.10481668235735
1585,huggyllama/llama-7b,dummy-lora-7b-rank-64-0,206,82,159.1066357564338
1586,huggyllama/llama-7b,dummy-lora-7b-rank-16-3,198,50,159.2699062795407
1587,huggyllama/llama-7b,dummy-lora-7b-rank-64-3,200,40,159.46281525663485
1588,huggyllama/llama-7b,dummy-lora-7b-rank-16-0,472,53,159.52404777350756
1589,huggyllama/llama-7b,dummy-lora-7b-rank-128-4,56,49,159.5436314422869
1590,huggyllama/llama-7b,dummy-lora-7b-rank-128-0,566,27,159.56155166708967
1591,huggyllama/llama-7b,dummy-lora-7b-rank-128-1,471,5,160.00923425563823
1592,huggyllama/llama-7b,dummy-lora-7b-rank-8-1,302,37,160.01824133805457
1593,huggyllama/llama-7b,dummy-lora-7b-rank-128-2,328,7,160.10848173873967
1594,huggyllama/llama-7b,dummy-lora-7b-rank-32-3,738,9,160.42098365022835
1595,huggyllama/llama-7b,dummy-lora-7b-rank-32-2,477,71,160.45075811644617
1596,huggyllama/llama-7b,dummy-lora-7b-rank-64-0,457,51,160.52072141406
1597,huggyllama/llama-7b,dummy-lora-7b-rank-64-4,598,22,160.72496996247614
1598,huggyllama/llama-7b,dummy-lora-7b-rank-8-0,211,30,160.74653129852283
1599,huggyllama/llama-7b,dummy-lora-7b-rank-16-0,550,18,160.78735237854923
1600,huggyllama/llama-7b,dummy-lora-7b-rank-64-0,566,29,160.81360115829722
1601,huggyllama/llama-7b,dummy-lora-7b-rank-16-4,557,16,160.9912705632411
1602,huggyllama/llama-7b,dummy-lora-7b-rank-128-0,373,8,161.13396324393008
1603,huggyllama/llama-7b,dummy-lora-7b-rank-64-2,173,45,161.18416958674354
1604,huggyllama/llama-7b,dummy-lora-7b-rank-64-2,562,24,161.23022855135497
1605,huggyllama/llama-7b,dummy-lora-7b-rank-64-1,353,10,161.25352700582076
1606,huggyllama/llama-7b,dummy-lora-7b-rank-16-4,178,48,161.27856382615929
1607,huggyllama/llama-7b,dummy-lora-7b-rank-64-1,785,6,161.5865845443746
1608,huggyllama/llama-7b,dummy-lora-7b-rank-8-4,907,3,161.73076574355946
1609,huggyllama/llama-7b,dummy-lora-7b-rank-64-2,552,21,161.75709653872624
1610,huggyllama/llama-7b,dummy-lora-7b-rank-32-3,462,60,161.78160862207613
1611,huggyllama/llama-7b,dummy-lora-7b-rank-128-0,599,17,161.9202747000289
1612,huggyllama/llama-7b,dummy-lora-7b-rank-128-4,317,44,162.04242095464687
1613,huggyllama/llama-7b,dummy-lora-7b-rank-16-1,489,11,162.10958162447434
1614,huggyllama/llama-7b,dummy-lora-7b-rank-8-0,344,55,162.35940131196142
1615,huggyllama/llama-7b,dummy-lora-7b-rank-32-0,554,11,162.4988867031515
1616,huggyllama/llama-7b,dummy-lora-7b-rank-32-2,495,56,162.51382279419923
1617,huggyllama/llama-7b,dummy-lora-7b-rank-64-3,550,10,162.52282675781035
1618,huggyllama/llama-7b,dummy-lora-7b-rank-128-3,554,20,162.53023663084014
1619,huggyllama/llama-7b,dummy-lora-7b-rank-32-2,483,41,162.58798563061063
1620,huggyllama/llama-7b,dummy-lora-7b-rank-16-4,619,13,162.65704859101754
1621,huggyllama/llama-7b,dummy-lora-7b-rank-16-3,552,20,162.6810571323798
1622,huggyllama/llama-7b,dummy-lora-7b-rank-64-1,439,57,162.8213519470378
1623,huggyllama/llama-7b,dummy-lora-7b-rank-128-3,582,37,162.90637185408661
1624,huggyllama/llama-7b,dummy-lora-7b-rank-128-1,542,11,163.0738335386689
1625,huggyllama/llama-7b,dummy-lora-7b-rank-32-3,884,33,163.09506840843244
1626,huggyllama/llama-7b,dummy-lora-7b-rank-128-4,509,12,163.34165529902117
1627,huggyllama/llama-7b,dummy-lora-7b-rank-64-1,564,26,163.37409990530875
1628,huggyllama/llama-7b,dummy-lora-7b-rank-64-3,235,96,163.44045073044543
1629,huggyllama/llama-7b,dummy-lora-7b-rank-128-1,187,94,163.54043367374226
1630,huggyllama/llama-7b,dummy-lora-7b-rank-128-0,349,80,163.6112239273203
1631,huggyllama/llama-7b,dummy-lora-7b-rank-8-2,400,48,163.67954561725503
1632,huggyllama/llama-7b,dummy-lora-7b-rank-128-3,128,19,163.78922561641645
1633,huggyllama/llama-7b,dummy-lora-7b-rank-64-1,389,244,163.80030769467655
1634,huggyllama/llama-7b,dummy-lora-7b-rank-64-2,564,26,164.0019790762839
1635,huggyllama/llama-7b,dummy-lora-7b-rank-64-0,189,5,164.00405648782686
1636,huggyllama/llama-7b,dummy-lora-7b-rank-64-4,837,44,164.03631600180196
1637,huggyllama/llama-7b,dummy-lora-7b-rank-64-2,209,55,164.06934198742076
1638,huggyllama/llama-7b,dummy-lora-7b-rank-32-1,197,34,164.10129739730752
1639,huggyllama/llama-7b,dummy-lora-7b-rank-128-4,583,51,164.19323029470084
1640,huggyllama/llama-7b,dummy-lora-7b-rank-64-3,428,57,164.20188521373532
1641,huggyllama/llama-7b,dummy-lora-7b-rank-128-0,605,20,164.40764089077598
1642,huggyllama/llama-7b,dummy-lora-7b-rank-8-1,562,29,164.513438309217
1643,huggyllama/llama-7b,dummy-lora-7b-rank-8-0,447,9,164.5707404738115
1644,huggyllama/llama-7b,dummy-lora-7b-rank-8-2,558,22,164.97171881851668
1645,huggyllama/llama-7b,dummy-lora-7b-rank-64-3,428,47,165.00507537205021
1646,huggyllama/llama-7b,dummy-lora-7b-rank-16-0,572,28,165.04474236590832
1647,huggyllama/llama-7b,dummy-lora-7b-rank-8-1,332,68,165.34678382208813
1648,huggyllama/llama-7b,dummy-lora-7b-rank-32-2,554,18,165.4607528630594
1649,huggyllama/llama-7b,dummy-lora-7b-rank-8-4,623,44,165.62364316421989
1650,huggyllama/llama-7b,dummy-lora-7b-rank-128-1,476,48,165.68095617219106
1651,huggyllama/llama-7b,dummy-lora-7b-rank-64-0,406,38,165.684386838198
1652,huggyllama/llama-7b,dummy-lora-7b-rank-32-2,554,20,165.713676416621
1653,huggyllama/llama-7b,dummy-lora-7b-rank-32-4,414,56,165.734692814014
1654,huggyllama/llama-7b,dummy-lora-7b-rank-32-2,506,101,165.78562531790527
1655,huggyllama/llama-7b,dummy-lora-7b-rank-16-3,633,3,165.81139561572869
1656,huggyllama/llama-7b,dummy-lora-7b-rank-128-0,631,45,166.003036544839
1657,huggyllama/llama-7b,dummy-lora-7b-rank-8-4,575,44,166.1107356696987
1658,huggyllama/llama-7b,dummy-lora-7b-rank-16-0,812,13,166.30984599637748
1659,huggyllama/llama-7b,dummy-lora-7b-rank-8-1,560,21,166.39449517356724
1660,huggyllama/llama-7b,dummy-lora-7b-rank-128-1,220,129,166.42326494945598
1661,huggyllama/llama-7b,dummy-lora-7b-rank-128-0,136,19,166.52797827506714
1662,huggyllama/llama-7b,dummy-lora-7b-rank-16-1,848,8,166.60953271182004
1663,huggyllama/llama-7b,dummy-lora-7b-rank-128-1,698,72,166.75166779171929
1664,huggyllama/llama-7b,dummy-lora-7b-rank-64-1,528,66,166.8015394828035
1665,huggyllama/llama-7b,dummy-lora-7b-rank-32-1,350,41,166.8199012774143
1666,huggyllama/llama-7b,dummy-lora-7b-rank-32-4,200,113,166.8322113883175
1667,huggyllama/llama-7b,dummy-lora-7b-rank-64-1,694,47,166.84627026617918
1668,huggyllama/llama-7b,dummy-lora-7b-rank-64-4,178,42,166.88506995260346
1669,huggyllama/llama-7b,dummy-lora-7b-rank-8-2,584,38,166.96154826451846
1670,huggyllama/llama-7b,dummy-lora-7b-rank-8-0,298,38,166.98856476141935
1671,huggyllama/llama-7b,dummy-lora-7b-rank-32-3,411,7,167.11572801905956
1672,huggyllama/llama-7b,dummy-lora-7b-rank-64-3,257,53,167.1257140881259
1673,huggyllama/llama-7b,dummy-lora-7b-rank-32-4,399,11,167.1970876418058
1674,huggyllama/llama-7b,dummy-lora-7b-rank-128-0,568,29,167.41250845957535
1675,huggyllama/llama-7b,dummy-lora-7b-rank-16-3,404,113,167.76778869234383
1676,huggyllama/llama-7b,dummy-lora-7b-rank-128-0,541,67,167.93576777885002
1677,huggyllama/llama-7b,dummy-lora-7b-rank-16-1,326,102,167.9822641834097
1678,huggyllama/llama-7b,dummy-lora-7b-rank-128-2,553,45,168.14801137535576
1679,huggyllama/llama-7b,dummy-lora-7b-rank-32-3,576,33,168.29188675924902
1680,huggyllama/llama-7b,dummy-lora-7b-rank-16-1,560,23,168.29734090478806
1681,huggyllama/llama-7b,dummy-lora-7b-rank-8-4,110,51,168.33173375689535
1682,huggyllama/llama-7b,dummy-lora-7b-rank-128-0,305,7,168.34368340342573
1683,huggyllama/llama-7b,dummy-lora-7b-rank-16-2,403,34,168.37653438731968
1684,huggyllama/llama-7b,dummy-lora-7b-rank-128-1,399,39,168.47221619393952
1685,huggyllama/llama-7b,dummy-lora-7b-rank-128-4,558,22,168.48840178294557
1686,huggyllama/llama-7b,dummy-lora-7b-rank-32-0,165,55,168.54922148110927
1687,huggyllama/llama-7b,dummy-lora-7b-rank-64-2,536,48,168.61251775655793
1688,huggyllama/llama-7b,dummy-lora-7b-rank-64-0,376,40,168.67823043071115
1689,huggyllama/llama-7b,dummy-lora-7b-rank-16-1,193,42,168.8170391209377
1690,huggyllama/llama-7b,dummy-lora-7b-rank-8-2,149,48,169.13452035641942
1691,huggyllama/llama-7b,dummy-lora-7b-rank-8-4,313,56,169.21490121654278
1692,huggyllama/llama-7b,dummy-lora-7b-rank-32-3,558,22,169.3042660840117
1693,huggyllama/llama-7b,dummy-lora-7b-rank-128-0,246,47,169.47810632393865
1694,huggyllama/llama-7b,dummy-lora-7b-rank-16-2,443,54,169.5208809480283
1695,huggyllama/llama-7b,dummy-lora-7b-rank-128-2,546,16,169.5701813060442
1696,huggyllama/llama-7b,dummy-lora-7b-rank-16-3,625,11,169.7428182075355
1697,huggyllama/llama-7b,dummy-lora-7b-rank-128-3,597,24,169.85836094336187
1698,huggyllama/llama-7b,dummy-lora-7b-rank-8-0,588,22,169.90445998041707
1699,huggyllama/llama-7b,dummy-lora-7b-rank-8-3,310,39,170.13321465749576
1700,huggyllama/llama-7b,dummy-lora-7b-rank-128-1,608,12,170.42959301988242
1701,huggyllama/llama-7b,dummy-lora-7b-rank-32-1,550,18,170.5841436219537
1702,huggyllama/llama-7b,dummy-lora-7b-rank-8-2,55,45,170.62959623167313
1703,huggyllama/llama-7b,dummy-lora-7b-rank-32-1,736,3,170.73050562187487
1704,huggyllama/llama-7b,dummy-lora-7b-rank-64-0,560,14,171.11238832191734
1705,huggyllama/llama-7b,dummy-lora-7b-rank-64-0,552,14,171.17621441314242
1706,huggyllama/llama-7b,dummy-lora-7b-rank-8-0,276,40,171.18828536083626
1707,huggyllama/llama-7b,dummy-lora-7b-rank-64-1,574,33,171.26050387457403
1708,huggyllama/llama-7b,dummy-lora-7b-rank-64-4,318,4,171.36605456867773
1709,huggyllama/llama-7b,dummy-lora-7b-rank-8-0,819,9,171.3935245058882
1710,huggyllama/llama-7b,dummy-lora-7b-rank-128-0,610,19,171.4062865892096
1711,huggyllama/llama-7b,dummy-lora-7b-rank-8-4,496,50,171.5244552628785
1712,huggyllama/llama-7b,dummy-lora-7b-rank-64-3,99,38,171.58981565533585
1713,huggyllama/llama-7b,dummy-lora-7b-rank-8-3,572,29,171.6727129313653
1714,huggyllama/llama-7b,dummy-lora-7b-rank-16-0,313,119,171.83316412893808
1715,huggyllama/llama-7b,dummy-lora-7b-rank-64-4,624,9,172.2308668919279
1716,huggyllama/llama-7b,dummy-lora-7b-rank-8-0,295,33,172.33484808883742
1717,huggyllama/llama-7b,dummy-lora-7b-rank-8-3,544,15,172.40253992709694
1718,huggyllama/llama-7b,dummy-lora-7b-rank-32-0,290,6,172.41781429690388
1719,huggyllama/llama-7b,dummy-lora-7b-rank-8-1,548,17,172.47213106856978
1720,huggyllama/llama-7b,dummy-lora-7b-rank-16-3,554,19,172.47788575516094
1721,huggyllama/llama-7b,dummy-lora-7b-rank-32-0,562,26,172.5096969539927
1722,huggyllama/llama-7b,dummy-lora-7b-rank-16-0,558,25,172.9240165518642
1723,huggyllama/llama-7b,dummy-lora-7b-rank-8-4,441,45,172.98956965048504
1724,huggyllama/llama-7b,dummy-lora-7b-rank-32-2,428,53,173.19970225235272
1725,huggyllama/llama-7b,dummy-lora-7b-rank-16-2,421,39,173.2671150250276
1726,huggyllama/llama-7b,dummy-lora-7b-rank-64-1,163,36,173.27521740202016
1727,huggyllama/llama-7b,dummy-lora-7b-rank-128-1,560,25,173.32638969611395
1728,huggyllama/llama-7b,dummy-lora-7b-rank-32-1,104,34,173.51569987535268
1729,huggyllama/llama-7b,dummy-lora-7b-rank-16-4,1017,256,173.53509329381507
1730,huggyllama/llama-7b,dummy-lora-7b-rank-64-0,760,19,173.70974901981563
1731,huggyllama/llama-7b,dummy-lora-7b-rank-128-4,547,69,173.8724914335364
1732,huggyllama/llama-7b,dummy-lora-7b-rank-8-3,743,38,174.06301165266484
1733,huggyllama/llama-7b,dummy-lora-7b-rank-128-1,464,74,174.08764954085433
1734,huggyllama/llama-7b,dummy-lora-7b-rank-8-0,563,56,174.51836547977211
1735,huggyllama/llama-7b,dummy-lora-7b-rank-16-3,655,35,174.53711575047942
1736,huggyllama/llama-7b,dummy-lora-7b-rank-32-0,546,16,174.59701758363775
1737,huggyllama/llama-7b,dummy-lora-7b-rank-32-1,87,36,174.86114191913865
1738,huggyllama/llama-7b,dummy-lora-7b-rank-128-1,422,51,174.99132656231043
1739,huggyllama/llama-7b,dummy-lora-7b-rank-32-1,716,46,175.00337394111475
1740,huggyllama/llama-7b,dummy-lora-7b-rank-64-3,244,18,175.3272137171113
1741,huggyllama/llama-7b,dummy-lora-7b-rank-64-4,416,50,175.41889100261986
1742,huggyllama/llama-7b,dummy-lora-7b-rank-32-3,425,7,175.42764065472338
1743,huggyllama/llama-7b,dummy-lora-7b-rank-8-1,648,74,175.46932103554732
1744,huggyllama/llama-7b,dummy-lora-7b-rank-32-4,297,37,175.82904019508732
1745,huggyllama/llama-7b,dummy-lora-7b-rank-8-0,499,8,175.8828671793127
1746,huggyllama/llama-7b,dummy-lora-7b-rank-32-0,554,19,175.88866928137654
1747,huggyllama/llama-7b,dummy-lora-7b-rank-16-3,307,41,175.9192344307018
1748,huggyllama/llama-7b,dummy-lora-7b-rank-128-3,911,197,175.9326186747109
1749,huggyllama/llama-7b,dummy-lora-7b-rank-16-1,588,17,175.95119201553013
1750,huggyllama/llama-7b,dummy-lora-7b-rank-64-3,452,60,176.00323215672222
1751,huggyllama/llama-7b,dummy-lora-7b-rank-64-0,716,3,176.03094833480645
1752,huggyllama/llama-7b,dummy-lora-7b-rank-32-3,273,45,176.14898997447602
1753,huggyllama/llama-7b,dummy-lora-7b-rank-16-2,547,44,176.22212129680196
1754,huggyllama/llama-7b,dummy-lora-7b-rank-32-1,611,18,176.29750574358394
1755,huggyllama/llama-7b,dummy-lora-7b-rank-64-1,599,24,176.38366247550127
1756,huggyllama/llama-7b,dummy-lora-7b-rank-64-1,630,84,176.4669719147288
1757,huggyllama/llama-7b,dummy-lora-7b-rank-128-1,168,104,176.55635005871721
1758,huggyllama/llama-7b,dummy-lora-7b-rank-8-0,590,19,176.56543494726955
1759,huggyllama/llama-7b,dummy-lora-7b-rank-128-0,584,36,176.64771596889796
1760,huggyllama/llama-7b,dummy-lora-7b-rank-64-4,394,60,176.74008005552943
1761,huggyllama/llama-7b,dummy-lora-7b-rank-128-2,729,13,176.85629625143991
1762,huggyllama/llama-7b,dummy-lora-7b-rank-16-0,936,24,176.85809906535673
1763,huggyllama/llama-7b,dummy-lora-7b-rank-128-2,674,76,176.87884225224605
1764,huggyllama/llama-7b,dummy-lora-7b-rank-32-3,680,14,177.01910429536025
1765,huggyllama/llama-7b,dummy-lora-7b-rank-32-4,364,144,177.0266144731735
1766,huggyllama/llama-7b,dummy-lora-7b-rank-8-1,582,58,177.0746605428435
1767,huggyllama/llama-7b,dummy-lora-7b-rank-128-1,572,32,177.10728603701907
1768,huggyllama/llama-7b,dummy-lora-7b-rank-128-3,607,34,177.1924608052722
1769,huggyllama/llama-7b,dummy-lora-7b-rank-8-0,54,50,177.48954273555609
1770,huggyllama/llama-7b,dummy-lora-7b-rank-32-3,567,20,177.52013574477647
1771,huggyllama/llama-7b,dummy-lora-7b-rank-16-1,172,41,177.53654334760438
1772,huggyllama/llama-7b,dummy-lora-7b-rank-128-0,398,6,177.61906598214284
1773,huggyllama/llama-7b,dummy-lora-7b-rank-16-2,104,38,177.64107894183465
1774,huggyllama/llama-7b,dummy-lora-7b-rank-16-2,335,32,177.65218330781053
1775,huggyllama/llama-7b,dummy-lora-7b-rank-64-1,617,45,177.83417587450785
1776,huggyllama/llama-7b,dummy-lora-7b-rank-128-4,294,119,177.94336095079692
1777,huggyllama/llama-7b,dummy-lora-7b-rank-8-4,599,17,177.9550638131527
1778,huggyllama/llama-7b,dummy-lora-7b-rank-8-0,389,7,178.0446665531301
1779,huggyllama/llama-7b,dummy-lora-7b-rank-8-4,176,45,178.08555428641037
1780,huggyllama/llama-7b,dummy-lora-7b-rank-32-3,919,40,178.18604500400843
1781,huggyllama/llama-7b,dummy-lora-7b-rank-128-3,554,22,178.30578266962146
1782,huggyllama/llama-7b,dummy-lora-7b-rank-64-3,678,6,178.4458034292951
1783,huggyllama/llama-7b,dummy-lora-7b-rank-16-3,986,48,178.48976933349803
1784,huggyllama/llama-7b,dummy-lora-7b-rank-16-1,302,10,178.50285069253968
1785,huggyllama/llama-7b,dummy-lora-7b-rank-16-1,568,7,178.61191076633003
1786,huggyllama/llama-7b,dummy-lora-7b-rank-64-1,580,35,178.8165678480018
1787,huggyllama/llama-7b,dummy-lora-7b-rank-128-4,361,52,178.89211762875118
1788,huggyllama/llama-7b,dummy-lora-7b-rank-32-1,768,72,178.99086363797065
1789,huggyllama/llama-7b,dummy-lora-7b-rank-128-3,262,8,179.0718250800562
1790,huggyllama/llama-7b,dummy-lora-7b-rank-128-4,94,45,179.087303929841
1791,huggyllama/llama-7b,dummy-lora-7b-rank-32-0,558,24,179.57648802309362
1792,huggyllama/llama-7b,dummy-lora-7b-rank-16-4,413,9,179.72195970847864
1793,huggyllama/llama-7b,dummy-lora-7b-rank-128-4,740,90,179.80447411075673
1794,huggyllama/llama-7b,dummy-lora-7b-rank-32-4,572,21,179.95256740443628
1795,huggyllama/llama-7b,dummy-lora-7b-rank-8-3,913,59,180.06451033271347
1796,huggyllama/llama-7b,dummy-lora-7b-rank-8-0,556,23,180.12811641694321
1797,huggyllama/llama-7b,dummy-lora-7b-rank-8-0,884,41,180.14040073792333
1798,huggyllama/llama-7b,dummy-lora-7b-rank-32-2,390,126,180.2238402090902
1799,huggyllama/llama-7b,dummy-lora-7b-rank-32-2,343,46,180.3267277608127
1800,huggyllama/llama-7b,dummy-lora-7b-rank-8-4,252,59,180.34016662375643
1801,huggyllama/llama-7b,dummy-lora-7b-rank-64-0,611,21,180.42272029166165
1802,huggyllama/llama-7b,dummy-lora-7b-rank-32-4,828,16,180.87859461911
1803,huggyllama/llama-7b,dummy-lora-7b-rank-64-1,442,5,181.11320593888104
1804,huggyllama/llama-7b,dummy-lora-7b-rank-32-3,164,46,181.41467850058112
1805,huggyllama/llama-7b,dummy-lora-7b-rank-8-1,214,48,181.61726375609157
1806,huggyllama/llama-7b,dummy-lora-7b-rank-8-0,738,72,181.7186268749695
1807,huggyllama/llama-7b,dummy-lora-7b-rank-8-1,715,9,181.7828589819002
1808,huggyllama/llama-7b,dummy-lora-7b-rank-128-0,562,24,182.02833755528727
1809,huggyllama/llama-7b,dummy-lora-7b-rank-16-3,554,20,182.06362547714448
1810,huggyllama/llama-7b,dummy-lora-7b-rank-16-1,737,16,182.12205518024805
1811,huggyllama/llama-7b,dummy-lora-7b-rank-8-4,373,52,182.1497685676999
1812,huggyllama/llama-7b,dummy-lora-7b-rank-16-3,574,32,182.1907453395914
1813,huggyllama/llama-7b,dummy-lora-7b-rank-16-4,268,8,182.24644364202973
1814,huggyllama/llama-7b,dummy-lora-7b-rank-8-0,562,26,182.28585897515646
1815,huggyllama/llama-7b,dummy-lora-7b-rank-128-1,732,75,182.30069147992555
1816,huggyllama/llama-7b,dummy-lora-7b-rank-32-1,556,21,182.31673492940388
1817,huggyllama/llama-7b,dummy-lora-7b-rank-16-2,203,143,182.45893282926076
1818,huggyllama/llama-7b,dummy-lora-7b-rank-8-3,376,47,182.58637788762596
1819,huggyllama/llama-7b,dummy-lora-7b-rank-128-0,498,51,182.67922024921657
1820,huggyllama/llama-7b,dummy-lora-7b-rank-128-2,608,30,182.76389316309147
1821,huggyllama/llama-7b,dummy-lora-7b-rank-8-0,387,3,182.78479637479703
1822,huggyllama/llama-7b,dummy-lora-7b-rank-8-0,465,232,182.8523736338871
1823,huggyllama/llama-7b,dummy-lora-7b-rank-32-4,328,9,182.9471017435301
1824,huggyllama/llama-7b,dummy-lora-7b-rank-128-2,378,56,182.98880930871465
1825,huggyllama/llama-7b,dummy-lora-7b-rank-64-0,774,2,183.18600778470594
1826,huggyllama/llama-7b,dummy-lora-7b-rank-128-1,308,85,183.36670058828187
1827,huggyllama/llama-7b,dummy-lora-7b-rank-8-0,554,20,183.44056649035264
1828,huggyllama/llama-7b,dummy-lora-7b-rank-64-4,566,28,183.6337326047697
1829,huggyllama/llama-7b,dummy-lora-7b-rank-32-4,872,44,183.690449447224
1830,huggyllama/llama-7b,dummy-lora-7b-rank-128-4,57,53,183.7160635097295
1831,huggyllama/llama-7b,dummy-lora-7b-rank-128-4,544,34,183.77277056279655
1832,huggyllama/llama-7b,dummy-lora-7b-rank-8-2,552,21,183.856740970124
1833,huggyllama/llama-7b,dummy-lora-7b-rank-8-0,461,11,183.8943222955836
1834,huggyllama/llama-7b,dummy-lora-7b-rank-16-4,618,25,184.46867269888025
1835,huggyllama/llama-7b,dummy-lora-7b-rank-32-1,323,22,184.54337159115806
1836,huggyllama/llama-7b,dummy-lora-7b-rank-8-1,319,72,184.75886211535186
1837,huggyllama/llama-7b,dummy-lora-7b-rank-8-2,631,25,184.7706927343407
1838,huggyllama/llama-7b,dummy-lora-7b-rank-8-3,599,15,184.96822877024613
1839,huggyllama/llama-7b,dummy-lora-7b-rank-8-2,345,37,185.20427124402883
1840,huggyllama/llama-7b,dummy-lora-7b-rank-128-0,309,142,185.22694621734587
1841,huggyllama/llama-7b,dummy-lora-7b-rank-128-3,431,49,185.2905860152268
1842,huggyllama/llama-7b,dummy-lora-7b-rank-8-3,344,187,185.3288860797299
1843,huggyllama/llama-7b,dummy-lora-7b-rank-16-4,280,67,185.50300368951295
1844,huggyllama/llama-7b,dummy-lora-7b-rank-32-0,338,34,185.64227377545367
1845,huggyllama/llama-7b,dummy-lora-7b-rank-32-1,558,20,185.738443885917
1846,huggyllama/llama-7b,dummy-lora-7b-rank-32-2,475,41,185.79116369230036
1847,huggyllama/llama-7b,dummy-lora-7b-rank-128-0,456,50,185.97650186952853
1848,huggyllama/llama-7b,dummy-lora-7b-rank-8-2,399,40,185.99742011030855
1849,huggyllama/llama-7b,dummy-lora-7b-rank-64-1,603,18,186.0063083533425
1850,huggyllama/llama-7b,dummy-lora-7b-rank-16-0,347,238,186.06953271290826
1851,huggyllama/llama-7b,dummy-lora-7b-rank-32-2,244,63,186.10113267175245
1852,huggyllama/llama-7b,dummy-lora-7b-rank-8-2,105,36,186.15536915506573
1853,huggyllama/llama-7b,dummy-lora-7b-rank-128-2,252,45,186.2177093376119
1854,huggyllama/llama-7b,dummy-lora-7b-rank-64-2,464,105,186.2407709738374
1855,huggyllama/llama-7b,dummy-lora-7b-rank-16-4,245,80,186.27555590356386
1856,huggyllama/llama-7b,dummy-lora-7b-rank-128-0,560,21,186.31353912938766
1857,huggyllama/llama-7b,dummy-lora-7b-rank-32-2,570,29,186.50219000920927
1858,huggyllama/llama-7b,dummy-lora-7b-rank-8-3,571,52,186.51599950778174
1859,huggyllama/llama-7b,dummy-lora-7b-rank-8-2,244,39,186.62455534655626
1860,huggyllama/llama-7b,dummy-lora-7b-rank-16-0,682,10,186.63409876607253
1861,huggyllama/llama-7b,dummy-lora-7b-rank-64-4,464,12,186.79541997776246
1862,huggyllama/llama-7b,dummy-lora-7b-rank-128-0,426,75,186.81880475673154
1863,huggyllama/llama-7b,dummy-lora-7b-rank-8-1,576,31,186.90216775097053
1864,huggyllama/llama-7b,dummy-lora-7b-rank-128-4,240,151,187.0621580200819
1865,huggyllama/llama-7b,dummy-lora-7b-rank-64-2,558,14,187.1068935765454
1866,huggyllama/llama-7b,dummy-lora-7b-rank-8-1,552,19,187.28996341388245
1867,huggyllama/llama-7b,dummy-lora-7b-rank-16-0,644,29,187.31767173445107
1868,huggyllama/llama-7b,dummy-lora-7b-rank-16-3,408,126,187.48331548033454
1869,huggyllama/llama-7b,dummy-lora-7b-rank-128-0,502,37,187.59304350843735
1870,huggyllama/llama-7b,dummy-lora-7b-rank-64-0,443,33,187.67236566598598
1871,huggyllama/llama-7b,dummy-lora-7b-rank-128-3,256,14,187.73781373295472
1872,huggyllama/llama-7b,dummy-lora-7b-rank-128-4,460,59,187.74044222017218
1873,huggyllama/llama-7b,dummy-lora-7b-rank-64-3,996,3,188.02403809607688
1874,huggyllama/llama-7b,dummy-lora-7b-rank-32-0,548,17,188.222309982666
1875,huggyllama/llama-7b,dummy-lora-7b-rank-16-4,247,129,188.22639590073797
1876,huggyllama/llama-7b,dummy-lora-7b-rank-16-2,277,113,188.28741495277384
1877,huggyllama/llama-7b,dummy-lora-7b-rank-16-3,425,56,188.35113130345377
1878,huggyllama/llama-7b,dummy-lora-7b-rank-64-2,262,187,188.58124725511243
1879,huggyllama/llama-7b,dummy-lora-7b-rank-64-1,115,54,188.76573113486577
1880,huggyllama/llama-7b,dummy-lora-7b-rank-128-1,603,20,188.8108977810319
1881,huggyllama/llama-7b,dummy-lora-7b-rank-32-0,320,16,188.89020547220122
1882,huggyllama/llama-7b,dummy-lora-7b-rank-8-3,606,43,188.89266134389072
1883,huggyllama/llama-7b,dummy-lora-7b-rank-8-3,399,11,188.97851383671735
1884,huggyllama/llama-7b,dummy-lora-7b-rank-32-0,931,61,189.1203444861723
1885,huggyllama/llama-7b,dummy-lora-7b-rank-128-4,54,77,189.22841018547956
1886,huggyllama/llama-7b,dummy-lora-7b-rank-128-2,552,11,189.69370462925994
1887,huggyllama/llama-7b,dummy-lora-7b-rank-8-4,554,17,189.7683173107118
1888,huggyllama/llama-7b,dummy-lora-7b-rank-16-3,472,7,189.7843313387877
1889,huggyllama/llama-7b,dummy-lora-7b-rank-32-2,796,108,189.90462600083637
1890,huggyllama/llama-7b,dummy-lora-7b-rank-128-2,407,50,189.9118298811652
1891,huggyllama/llama-7b,dummy-lora-7b-rank-32-2,621,21,189.93477112109426
1892,huggyllama/llama-7b,dummy-lora-7b-rank-128-2,326,51,190.00375652750006
1893,huggyllama/llama-7b,dummy-lora-7b-rank-128-4,210,69,190.00400511507473
1894,huggyllama/llama-7b,dummy-lora-7b-rank-8-2,223,44,190.11223883840665
1895,huggyllama/llama-7b,dummy-lora-7b-rank-8-4,609,17,190.11739385071968
1896,huggyllama/llama-7b,dummy-lora-7b-rank-128-0,108,50,190.18270650929497
1897,huggyllama/llama-7b,dummy-lora-7b-rank-32-1,391,48,190.2342827041517
1898,huggyllama/llama-7b,dummy-lora-7b-rank-8-0,400,62,190.3868845914008
1899,huggyllama/llama-7b,dummy-lora-7b-rank-128-4,375,55,190.56338905358135
1900,huggyllama/llama-7b,dummy-lora-7b-rank-128-0,482,53,190.66381475641978
1901,huggyllama/llama-7b,dummy-lora-7b-rank-128-4,216,44,190.6805637794229
1902,huggyllama/llama-7b,dummy-lora-7b-rank-64-1,258,16,190.70121805330913
1903,huggyllama/llama-7b,dummy-lora-7b-rank-128-2,553,10,190.91459045902036
1904,huggyllama/llama-7b,dummy-lora-7b-rank-64-3,1010,48,190.9447586333256
1905,huggyllama/llama-7b,dummy-lora-7b-rank-32-4,573,15,191.01420561298312
1906,huggyllama/llama-7b,dummy-lora-7b-rank-128-4,980,46,191.02345693269015
1907,huggyllama/llama-7b,dummy-lora-7b-rank-16-1,375,9,191.18113686826447
1908,huggyllama/llama-7b,dummy-lora-7b-rank-16-0,711,81,191.35672713358883
1909,huggyllama/llama-7b,dummy-lora-7b-rank-64-4,639,67,191.3893429380411
1910,huggyllama/llama-7b,dummy-lora-7b-rank-64-2,191,44,191.40941094703587
1911,huggyllama/llama-7b,dummy-lora-7b-rank-8-2,367,104,191.42067053655484
1912,huggyllama/llama-7b,dummy-lora-7b-rank-32-1,136,20,191.5379695428956
1913,huggyllama/llama-7b,dummy-lora-7b-rank-128-3,442,50,191.5590999866305
1914,huggyllama/llama-7b,dummy-lora-7b-rank-8-1,495,5,191.60990272981252
1915,huggyllama/llama-7b,dummy-lora-7b-rank-16-1,723,79,191.66062297894135
1916,huggyllama/llama-7b,dummy-lora-7b-rank-32-4,466,62,191.94610570206322
1917,huggyllama/llama-7b,dummy-lora-7b-rank-32-4,570,31,191.96369735735206
1918,huggyllama/llama-7b,dummy-lora-7b-rank-8-3,564,17,191.97374079257074
1919,huggyllama/llama-7b,dummy-lora-7b-rank-16-1,247,102,192.0209731611097
1920,huggyllama/llama-7b,dummy-lora-7b-rank-8-2,127,58,192.04144089934294
1921,huggyllama/llama-7b,dummy-lora-7b-rank-128-4,787,74,192.06059575243066
1922,huggyllama/llama-7b,dummy-lora-7b-rank-32-2,495,10,192.249497979647
1923,huggyllama/llama-7b,dummy-lora-7b-rank-128-0,590,20,192.3045852751222
1924,huggyllama/llama-7b,dummy-lora-7b-rank-128-1,205,44,192.3163681792423
1925,huggyllama/llama-7b,dummy-lora-7b-rank-32-1,798,20,192.5382974737376
1926,huggyllama/llama-7b,dummy-lora-7b-rank-32-3,518,12,192.71711460580164
1927,huggyllama/llama-7b,dummy-lora-7b-rank-128-2,348,19,192.86159098921834
1928,huggyllama/llama-7b,dummy-lora-7b-rank-32-4,552,19,192.89357061087705
1929,huggyllama/llama-7b,dummy-lora-7b-rank-8-3,560,21,192.9827282389918
1930,huggyllama/llama-7b,dummy-lora-7b-rank-64-2,623,54,193.0495048521313
1931,huggyllama/llama-7b,dummy-lora-7b-rank-64-0,329,43,193.13171421699298
1932,huggyllama/llama-7b,dummy-lora-7b-rank-8-0,218,51,193.28822744758648
1933,huggyllama/llama-7b,dummy-lora-7b-rank-16-4,88,34,193.36027270295787
1934,huggyllama/llama-7b,dummy-lora-7b-rank-128-0,255,58,193.4608924383854
1935,huggyllama/llama-7b,dummy-lora-7b-rank-8-3,713,31,193.58876135198037
1936,huggyllama/llama-7b,dummy-lora-7b-rank-32-1,556,20,193.61471925017779
1937,huggyllama/llama-7b,dummy-lora-7b-rank-32-2,401,8,193.75616043553666
1938,huggyllama/llama-7b,dummy-lora-7b-rank-32-0,436,9,193.76247244830338
1939,huggyllama/llama-7b,dummy-lora-7b-rank-64-2,574,50,193.97957229391147
1940,huggyllama/llama-7b,dummy-lora-7b-rank-16-1,552,18,194.01331739075968
1941,huggyllama/llama-7b,dummy-lora-7b-rank-16-4,432,119,194.04064227716563
1942,huggyllama/llama-7b,dummy-lora-7b-rank-128-1,468,95,194.0950166369965
1943,huggyllama/llama-7b,dummy-lora-7b-rank-16-1,448,10,194.29969666196314
1944,huggyllama/llama-7b,dummy-lora-7b-rank-128-0,59,95,194.32755347840958
1945,huggyllama/llama-7b,dummy-lora-7b-rank-8-1,628,107,194.34614708280174
1946,huggyllama/llama-7b,dummy-lora-7b-rank-32-2,346,65,194.43672442600462
1947,huggyllama/llama-7b,dummy-lora-7b-rank-128-1,52,44,194.46889890820637
1948,huggyllama/llama-7b,dummy-lora-7b-rank-128-2,560,24,194.8189453687943
1949,huggyllama/llama-7b,dummy-lora-7b-rank-64-3,340,123,194.84974491332534
1950,huggyllama/llama-7b,dummy-lora-7b-rank-64-4,567,21,195.10958126576003
1951,huggyllama/llama-7b,dummy-lora-7b-rank-128-0,647,6,195.25033306823744
1952,huggyllama/llama-7b,dummy-lora-7b-rank-64-1,936,34,195.3558323737089
1953,huggyllama/llama-7b,dummy-lora-7b-rank-128-4,584,9,195.4237639733784
1954,huggyllama/llama-7b,dummy-lora-7b-rank-8-1,602,30,195.46320297120147
1955,huggyllama/llama-7b,dummy-lora-7b-rank-128-0,488,66,195.58772459364542
1956,huggyllama/llama-7b,dummy-lora-7b-rank-16-2,590,49,195.67881399034425
1957,huggyllama/llama-7b,dummy-lora-7b-rank-32-0,191,39,195.71483551719274
1958,huggyllama/llama-7b,dummy-lora-7b-rank-64-3,462,109,195.88242770616824
1959,huggyllama/llama-7b,dummy-lora-7b-rank-8-2,769,115,195.92565863461843
1960,huggyllama/llama-7b,dummy-lora-7b-rank-128-2,379,35,195.94092512293832
1961,huggyllama/llama-7b,dummy-lora-7b-rank-32-1,120,52,195.98510082539028
1962,huggyllama/llama-7b,dummy-lora-7b-rank-128-2,648,97,196.01869506250375
1963,huggyllama/llama-7b,dummy-lora-7b-rank-8-0,313,44,196.12551977029017
1964,huggyllama/llama-7b,dummy-lora-7b-rank-8-0,299,48,196.31741927554995
1965,huggyllama/llama-7b,dummy-lora-7b-rank-8-1,114,34,196.34492964688445
1966,huggyllama/llama-7b,dummy-lora-7b-rank-64-3,603,17,196.40475519090398
1967,huggyllama/llama-7b,dummy-lora-7b-rank-16-1,734,54,196.43813573900653
1968,huggyllama/llama-7b,dummy-lora-7b-rank-8-1,216,48,196.56526451228115
1969,huggyllama/llama-7b,dummy-lora-7b-rank-64-1,548,17,196.66411784518908
1970,huggyllama/llama-7b,dummy-lora-7b-rank-64-0,271,174,196.9259518686514
1971,huggyllama/llama-7b,dummy-lora-7b-rank-64-4,833,29,196.92914532013344
1972,huggyllama/llama-7b,dummy-lora-7b-rank-128-3,163,58,197.00114104942327
1973,huggyllama/llama-7b,dummy-lora-7b-rank-128-3,317,133,197.0551987492269
1974,huggyllama/llama-7b,dummy-lora-7b-rank-8-4,213,56,197.1987338135258
1975,huggyllama/llama-7b,dummy-lora-7b-rank-64-0,106,79,197.31425052297615
1976,huggyllama/llama-7b,dummy-lora-7b-rank-32-1,705,13,197.35985762839925
1977,huggyllama/llama-7b,dummy-lora-7b-rank-8-1,500,50,197.40775794299478
1978,huggyllama/llama-7b,dummy-lora-7b-rank-64-1,177,52,197.4182383117014
1979,huggyllama/llama-7b,dummy-lora-7b-rank-32-4,182,9,197.7463584347313
1980,huggyllama/llama-7b,dummy-lora-7b-rank-64-0,556,22,197.90104676016279
1981,huggyllama/llama-7b,dummy-lora-7b-rank-128-0,331,57,197.90733701724812
1982,huggyllama/llama-7b,dummy-lora-7b-rank-64-3,174,3,198.0241350224056
1983,huggyllama/llama-7b,dummy-lora-7b-rank-64-4,538,44,198.0766170649548
1984,huggyllama/llama-7b,dummy-lora-7b-rank-32-1,659,50,198.196456495624
1985,huggyllama/llama-7b,dummy-lora-7b-rank-32-1,548,17,198.2361286171508
1986,huggyllama/llama-7b,dummy-lora-7b-rank-64-0,637,11,198.2543967943468
1987,huggyllama/llama-7b,dummy-lora-7b-rank-64-3,52,41,198.3150406785765
1988,huggyllama/llama-7b,dummy-lora-7b-rank-32-1,836,9,198.4620955240945
1989,huggyllama/llama-7b,dummy-lora-7b-rank-64-4,442,59,198.78181363051704
1990,huggyllama/llama-7b,dummy-lora-7b-rank-16-4,556,21,199.0574451991845
1991,huggyllama/llama-7b,dummy-lora-7b-rank-16-1,179,39,199.17595512238245
1992,huggyllama/llama-7b,dummy-lora-7b-rank-32-4,221,142,199.21543370133585
1993,huggyllama/llama-7b,dummy-lora-7b-rank-8-2,83,28,199.26534025204015
1994,huggyllama/llama-7b,dummy-lora-7b-rank-64-4,228,47,199.36942190780377
1995,huggyllama/llama-7b,dummy-lora-7b-rank-64-2,591,44,199.4518013334423
1996,huggyllama/llama-7b,dummy-lora-7b-rank-32-1,384,54,199.64769372000995
1997,huggyllama/llama-7b,dummy-lora-7b-rank-32-1,341,56,199.75181532093498
1998,huggyllama/llama-7b,dummy-lora-7b-rank-16-2,445,54,199.82563370445217
1999,huggyllama/llama-7b,dummy-lora-7b-rank-64-0,386,37,200.02714240175558
2000,huggyllama/llama-7b,dummy-lora-7b-rank-8-0,131,79,200.10225440253404
2001,huggyllama/llama-7b,dummy-lora-7b-rank-64-1,621,9,200.20901988034618
2002,huggyllama/llama-7b,dummy-lora-7b-rank-16-0,461,97,200.42331045166375
2003,huggyllama/llama-7b,dummy-lora-7b-rank-16-1,426,14,200.472500833822
2004,huggyllama/llama-7b,dummy-lora-7b-rank-32-1,662,89,200.5268502142191
2005,huggyllama/llama-7b,dummy-lora-7b-rank-32-2,552,11,200.54683969174968
2006,huggyllama/llama-7b,dummy-lora-7b-rank-128-3,790,89,200.72680026261372
2007,huggyllama/llama-7b,dummy-lora-7b-rank-128-1,548,17,200.7288137761546
2008,huggyllama/llama-7b,dummy-lora-7b-rank-32-0,506,87,200.75063225094573
2009,huggyllama/llama-7b,dummy-lora-7b-rank-64-2,229,2,200.80167542224436
2010,huggyllama/llama-7b,dummy-lora-7b-rank-8-2,319,44,200.8596629962827
2011,huggyllama/llama-7b,dummy-lora-7b-rank-128-1,388,39,200.90723851291088
2012,huggyllama/llama-7b,dummy-lora-7b-rank-128-1,306,48,201.00534487424747
2013,huggyllama/llama-7b,dummy-lora-7b-rank-64-3,550,18,201.10451175689332
2014,huggyllama/llama-7b,dummy-lora-7b-rank-128-1,543,49,201.1610304270701
2015,huggyllama/llama-7b,dummy-lora-7b-rank-32-1,599,26,201.44636566634935
2016,huggyllama/llama-7b,dummy-lora-7b-rank-16-3,428,7,201.4681194310428
2017,huggyllama/llama-7b,dummy-lora-7b-rank-16-3,748,12,201.4793302885119
2018,huggyllama/llama-7b,dummy-lora-7b-rank-64-0,277,147,201.547485934663
2019,huggyllama/llama-7b,dummy-lora-7b-rank-64-1,614,17,201.58676380626062
2020,huggyllama/llama-7b,dummy-lora-7b-rank-128-0,550,18,201.67653685839923
2021,huggyllama/llama-7b,dummy-lora-7b-rank-16-0,308,66,201.69810304365447
2022,huggyllama/llama-7b,dummy-lora-7b-rank-32-0,111,44,201.73688370227018
2023,huggyllama/llama-7b,dummy-lora-7b-rank-128-0,650,42,201.78657243602427
2024,huggyllama/llama-7b,dummy-lora-7b-rank-8-2,325,8,201.91590065392515
2025,huggyllama/llama-7b,dummy-lora-7b-rank-32-1,550,18,202.35186987819927
2026,huggyllama/llama-7b,dummy-lora-7b-rank-64-0,796,11,202.4503476916102
2027,huggyllama/llama-7b,dummy-lora-7b-rank-32-3,796,28,202.5366701907777
2028,huggyllama/llama-7b,dummy-lora-7b-rank-128-0,576,7,202.57918994027918
2029,huggyllama/llama-7b,dummy-lora-7b-rank-32-1,598,11,202.70894609767217
2030,huggyllama/llama-7b,dummy-lora-7b-rank-8-4,550,11,202.85689657258365
2031,huggyllama/llama-7b,dummy-lora-7b-rank-8-2,312,58,202.87293957114315
2032,huggyllama/llama-7b,dummy-lora-7b-rank-32-3,239,58,202.93391442522523
2033,huggyllama/llama-7b,dummy-lora-7b-rank-64-1,238,9,202.9538390027561
2034,huggyllama/llama-7b,dummy-lora-7b-rank-64-2,770,80,203.3224077453749
2035,huggyllama/llama-7b,dummy-lora-7b-rank-8-4,207,51,203.41675496588692
2036,huggyllama/llama-7b,dummy-lora-7b-rank-8-4,548,17,203.42959877388438
2037,huggyllama/llama-7b,dummy-lora-7b-rank-16-2,617,28,203.70545388710102
2038,huggyllama/llama-7b,dummy-lora-7b-rank-8-3,866,37,203.73012917732268
2039,huggyllama/llama-7b,dummy-lora-7b-rank-8-4,859,157,203.74902867095932
2040,huggyllama/llama-7b,dummy-lora-7b-rank-16-2,857,69,203.75174533647728
2041,huggyllama/llama-7b,dummy-lora-7b-rank-64-3,286,49,203.82511536391152
2042,huggyllama/llama-7b,dummy-lora-7b-rank-16-0,182,103,203.89148870443572
2043,huggyllama/llama-7b,dummy-lora-7b-rank-8-1,411,49,203.91932279252256
2044,huggyllama/llama-7b,dummy-lora-7b-rank-32-3,558,21,203.98518538000326
2045,huggyllama/llama-7b,dummy-lora-7b-rank-64-1,528,190,203.9980688986337
2046,huggyllama/llama-7b,dummy-lora-7b-rank-16-4,550,18,204.0771297166504
2047,huggyllama/llama-7b,dummy-lora-7b-rank-8-2,600,19,204.18217624589616
2048,huggyllama/llama-7b,dummy-lora-7b-rank-64-3,601,64,204.26235408905313
2049,huggyllama/llama-7b,dummy-lora-7b-rank-32-3,582,17,204.399432851277
2050,huggyllama/llama-7b,dummy-lora-7b-rank-16-3,704,5,204.4175862910256
2051,huggyllama/llama-7b,dummy-lora-7b-rank-128-4,248,63,204.69088268850828
2052,huggyllama/llama-7b,dummy-lora-7b-rank-128-1,640,10,204.85107812748433
2053,huggyllama/llama-7b,dummy-lora-7b-rank-64-3,175,144,204.87098055720915
2054,huggyllama/llama-7b,dummy-lora-7b-rank-16-4,360,52,204.89959978694682
2055,huggyllama/llama-7b,dummy-lora-7b-rank-16-1,727,99,204.91034179737662
2056,huggyllama/llama-7b,dummy-lora-7b-rank-32-4,175,55,204.96793674693652
2057,huggyllama/llama-7b,dummy-lora-7b-rank-32-1,875,204,205.00322269607753
2058,huggyllama/llama-7b,dummy-lora-7b-rank-64-0,548,83,205.177753675999
2059,huggyllama/llama-7b,dummy-lora-7b-rank-16-3,550,18,205.3197437996458
2060,huggyllama/llama-7b,dummy-lora-7b-rank-32-0,446,14,205.5085559110871
2061,huggyllama/llama-7b,dummy-lora-7b-rank-128-4,209,45,205.51122349929298
2062,huggyllama/llama-7b,dummy-lora-7b-rank-32-3,554,20,205.52640221653735
2063,huggyllama/llama-7b,dummy-lora-7b-rank-32-0,306,52,205.56138512132176
2064,huggyllama/llama-7b,dummy-lora-7b-rank-64-3,617,61,205.64708292439968
2065,huggyllama/llama-7b,dummy-lora-7b-rank-64-1,621,30,205.65403915434098
2066,huggyllama/llama-7b,dummy-lora-7b-rank-64-2,372,51,205.78836269553656
2067,huggyllama/llama-7b,dummy-lora-7b-rank-8-1,599,35,205.86923877772279
2068,huggyllama/llama-7b,dummy-lora-7b-rank-32-3,607,19,206.0075309266633
2069,huggyllama/llama-7b,dummy-lora-7b-rank-8-1,437,52,206.05338508095517
2070,huggyllama/llama-7b,dummy-lora-7b-rank-16-3,550,18,206.10655176554337
2071,huggyllama/llama-7b,dummy-lora-7b-rank-32-3,568,30,206.24106822835182
2072,huggyllama/llama-7b,dummy-lora-7b-rank-32-4,424,112,206.31756636185548
2073,huggyllama/llama-7b,dummy-lora-7b-rank-32-0,552,19,206.59346752998366
2074,huggyllama/llama-7b,dummy-lora-7b-rank-8-1,636,90,206.73777904584225
2075,huggyllama/llama-7b,dummy-lora-7b-rank-64-1,83,38,206.92354125199626
2076,huggyllama/llama-7b,dummy-lora-7b-rank-64-4,67,53,207.05294262422257
2077,huggyllama/llama-7b,dummy-lora-7b-rank-16-2,534,73,207.09592950712508
2078,huggyllama/llama-7b,dummy-lora-7b-rank-32-4,396,63,207.14031077203086
2079,huggyllama/llama-7b,dummy-lora-7b-rank-16-3,558,24,207.1914759815631
2080,huggyllama/llama-7b,dummy-lora-7b-rank-16-3,184,168,207.31202473740115
2081,huggyllama/llama-7b,dummy-lora-7b-rank-16-2,532,44,207.42700658460302
2082,huggyllama/llama-7b,dummy-lora-7b-rank-16-1,536,71,207.4378368434682
2083,huggyllama/llama-7b,dummy-lora-7b-rank-128-0,558,24,207.70995476417787
2084,huggyllama/llama-7b,dummy-lora-7b-rank-32-2,564,2,207.86343063514528
2085,huggyllama/llama-7b,dummy-lora-7b-rank-64-0,339,46,207.8848096181166
2086,huggyllama/llama-7b,dummy-lora-7b-rank-8-3,523,76,207.93808635005576
2087,huggyllama/llama-7b,dummy-lora-7b-rank-16-4,308,50,207.97923481555287
2088,huggyllama/llama-7b,dummy-lora-7b-rank-32-0,601,16,208.00095722403262
2089,huggyllama/llama-7b,dummy-lora-7b-rank-128-1,732,59,208.0521703502024
2090,huggyllama/llama-7b,dummy-lora-7b-rank-16-3,584,35,208.1578981409686
2091,huggyllama/llama-7b,dummy-lora-7b-rank-16-1,384,30,208.2539434432346
2092,huggyllama/llama-7b,dummy-lora-7b-rank-32-3,660,52,208.27162332534786
2093,huggyllama/llama-7b,dummy-lora-7b-rank-128-1,120,30,208.42858288559881
2094,huggyllama/llama-7b,dummy-lora-7b-rank-128-1,345,51,208.45158147813262
2095,huggyllama/llama-7b,dummy-lora-7b-rank-16-3,415,49,208.55400065460026
2096,huggyllama/llama-7b,dummy-lora-7b-rank-8-2,599,17,208.55885118306531
2097,huggyllama/llama-7b,dummy-lora-7b-rank-16-4,601,3,208.63621642382202
2098,huggyllama/llama-7b,dummy-lora-7b-rank-16-2,603,22,208.68242674553417
2099,huggyllama/llama-7b,dummy-lora-7b-rank-128-0,383,34,208.75856577657984
2100,huggyllama/llama-7b,dummy-lora-7b-rank-16-1,269,11,208.8757902378994
2101,huggyllama/llama-7b,dummy-lora-7b-rank-16-2,765,41,208.91671627286118
2102,huggyllama/llama-7b,dummy-lora-7b-rank-8-1,578,35,208.99146814645314
2103,huggyllama/llama-7b,dummy-lora-7b-rank-16-1,430,63,208.99224358060937
2104,huggyllama/llama-7b,dummy-lora-7b-rank-128-4,598,42,209.11269224703014
2105,huggyllama/llama-7b,dummy-lora-7b-rank-128-3,483,6,209.18384680788282
2106,huggyllama/llama-7b,dummy-lora-7b-rank-128-0,588,10,209.1840483047976
2107,huggyllama/llama-7b,dummy-lora-7b-rank-128-2,461,57,209.2847045849238
2108,huggyllama/llama-7b,dummy-lora-7b-rank-128-2,564,24,209.37091616326157
2109,huggyllama/llama-7b,dummy-lora-7b-rank-128-1,762,6,209.3831351873215
2110,huggyllama/llama-7b,dummy-lora-7b-rank-32-0,451,33,209.43535278441158
2111,huggyllama/llama-7b,dummy-lora-7b-rank-16-4,552,11,209.4558432315604
2112,huggyllama/llama-7b,dummy-lora-7b-rank-8-1,395,20,209.70378520208152
2113,huggyllama/llama-7b,dummy-lora-7b-rank-16-0,526,48,209.73571481229277
2114,huggyllama/llama-7b,dummy-lora-7b-rank-32-4,296,41,209.76626346818597
2115,huggyllama/llama-7b,dummy-lora-7b-rank-64-1,56,65,209.78087367521636
2116,huggyllama/llama-7b,dummy-lora-7b-rank-64-1,600,46,209.87961191864537
2117,huggyllama/llama-7b,dummy-lora-7b-rank-8-2,552,19,210.01630504106546
2118,huggyllama/llama-7b,dummy-lora-7b-rank-64-3,574,32,210.13207393847713
2119,huggyllama/llama-7b,dummy-lora-7b-rank-32-4,316,62,210.25033024288734
2120,huggyllama/llama-7b,dummy-lora-7b-rank-128-3,103,53,210.27085565396217
2121,huggyllama/llama-7b,dummy-lora-7b-rank-32-2,723,49,210.43904178623177
2122,huggyllama/llama-7b,dummy-lora-7b-rank-64-0,588,12,210.67573482083648
2123,huggyllama/llama-7b,dummy-lora-7b-rank-64-4,558,22,210.72679358856408
2124,huggyllama/llama-7b,dummy-lora-7b-rank-128-1,300,11,210.88823546190358
2125,huggyllama/llama-7b,dummy-lora-7b-rank-8-0,435,52,210.98375396998506
2126,huggyllama/llama-7b,dummy-lora-7b-rank-32-4,582,39,211.00952233832888
2127,huggyllama/llama-7b,dummy-lora-7b-rank-16-0,266,56,211.2333318427882
2128,huggyllama/llama-7b,dummy-lora-7b-rank-64-1,391,43,211.31311676246253
2129,huggyllama/llama-7b,dummy-lora-7b-rank-8-4,372,112,211.53803750498423
2130,huggyllama/llama-7b,dummy-lora-7b-rank-32-0,574,31,211.7187969326965
2131,huggyllama/llama-7b,dummy-lora-7b-rank-32-2,183,67,211.84116995484678
2132,huggyllama/llama-7b,dummy-lora-7b-rank-8-3,995,12,212.05157541442256
2133,huggyllama/llama-7b,dummy-lora-7b-rank-8-0,478,12,212.1334120864706
2134,huggyllama/llama-7b,dummy-lora-7b-rank-64-4,351,48,212.13650093211865
2135,huggyllama/llama-7b,dummy-lora-7b-rank-8-1,120,37,212.3278672997982
2136,huggyllama/llama-7b,dummy-lora-7b-rank-16-0,325,57,212.4435315832271
2137,huggyllama/llama-7b,dummy-lora-7b-rank-64-0,613,19,212.74232649576442
2138,huggyllama/llama-7b,dummy-lora-7b-rank-64-4,308,123,212.7905999512258
2139,huggyllama/llama-7b,dummy-lora-7b-rank-16-0,615,4,212.82595315331935
2140,huggyllama/llama-7b,dummy-lora-7b-rank-64-3,446,55,212.99116060217617
2141,huggyllama/llama-7b,dummy-lora-7b-rank-128-1,574,18,212.9976116385331
2142,huggyllama/llama-7b,dummy-lora-7b-rank-32-1,601,18,213.01836323215468
2143,huggyllama/llama-7b,dummy-lora-7b-rank-32-4,448,6,213.05082996929292
2144,huggyllama/llama-7b,dummy-lora-7b-rank-128-2,842,16,213.0921522052545
2145,huggyllama/llama-7b,dummy-lora-7b-rank-16-4,279,132,213.09284499338045
2146,huggyllama/llama-7b,dummy-lora-7b-rank-32-0,838,7,213.69519731068604
2147,huggyllama/llama-7b,dummy-lora-7b-rank-128-3,780,9,214.01886397953427
2148,huggyllama/llama-7b,dummy-lora-7b-rank-128-1,953,76,214.02181352855584
2149,huggyllama/llama-7b,dummy-lora-7b-rank-32-4,159,55,214.16699493635844
2150,huggyllama/llama-7b,dummy-lora-7b-rank-32-2,564,21,214.43711416546708
2151,huggyllama/llama-7b,dummy-lora-7b-rank-8-1,572,29,214.4818956505104
2152,huggyllama/llama-7b,dummy-lora-7b-rank-32-3,447,56,214.57820536571165
2153,huggyllama/llama-7b,dummy-lora-7b-rank-32-0,562,22,214.62817883098614
2154,huggyllama/llama-7b,dummy-lora-7b-rank-128-4,526,161,214.6945119182795
2155,huggyllama/llama-7b,dummy-lora-7b-rank-128-2,667,45,214.7913146210819
2156,huggyllama/llama-7b,dummy-lora-7b-rank-32-1,554,20,214.8187548928091
2157,huggyllama/llama-7b,dummy-lora-7b-rank-8-2,185,11,214.8877375979724
2158,huggyllama/llama-7b,dummy-lora-7b-rank-16-1,760,115,214.9685917641454
2159,huggyllama/llama-7b,dummy-lora-7b-rank-16-3,363,12,215.0840916211408
2160,huggyllama/llama-7b,dummy-lora-7b-rank-16-3,564,25,215.19969202756153
2161,huggyllama/llama-7b,dummy-lora-7b-rank-64-2,790,62,215.25124909359866
2162,huggyllama/llama-7b,dummy-lora-7b-rank-8-0,652,35,215.296457742486
2163,huggyllama/llama-7b,dummy-lora-7b-rank-128-0,345,15,215.43235357177468
2164,huggyllama/llama-7b,dummy-lora-7b-rank-8-4,631,7,215.4604813148981
2165,huggyllama/llama-7b,dummy-lora-7b-rank-32-2,619,26,215.5300475016189
2166,huggyllama/llama-7b,dummy-lora-7b-rank-64-1,554,22,215.56021264632093
2167,huggyllama/llama-7b,dummy-lora-7b-rank-8-4,552,11,215.68545743920146
2168,huggyllama/llama-7b,dummy-lora-7b-rank-128-2,609,22,215.77518358179563
2169,huggyllama/llama-7b,dummy-lora-7b-rank-16-1,554,17,215.80797497113818
2170,huggyllama/llama-7b,dummy-lora-7b-rank-64-0,296,40,216.11767160413797
2171,huggyllama/llama-7b,dummy-lora-7b-rank-8-0,421,11,216.13110614633484
2172,huggyllama/llama-7b,dummy-lora-7b-rank-8-3,393,35,216.25493584935123
2173,huggyllama/llama-7b,dummy-lora-7b-rank-32-4,801,7,216.35603465246106
2174,huggyllama/llama-7b,dummy-lora-7b-rank-64-2,167,59,216.36671681833792
2175,huggyllama/llama-7b,dummy-lora-7b-rank-8-1,198,48,216.42597194144014
2176,huggyllama/llama-7b,dummy-lora-7b-rank-64-0,247,44,216.52230707537183
2177,huggyllama/llama-7b,dummy-lora-7b-rank-32-2,849,41,216.65789716939577
2178,huggyllama/llama-7b,dummy-lora-7b-rank-64-0,582,29,216.66478645012083
2179,huggyllama/llama-7b,dummy-lora-7b-rank-8-1,548,17,216.8044743496232
2180,huggyllama/llama-7b,dummy-lora-7b-rank-8-3,623,11,216.86422376999928
2181,huggyllama/llama-7b,dummy-lora-7b-rank-64-2,485,49,216.94978506129004
2182,huggyllama/llama-7b,dummy-lora-7b-rank-128-3,550,18,217.11489605869903
2183,huggyllama/llama-7b,dummy-lora-7b-rank-16-0,553,21,217.33874197617934
2184,huggyllama/llama-7b,dummy-lora-7b-rank-16-1,793,103,217.40457718920655
2185,huggyllama/llama-7b,dummy-lora-7b-rank-64-0,385,44,217.4368828680327
2186,huggyllama/llama-7b,dummy-lora-7b-rank-32-2,296,37,217.60609936379797
2187,huggyllama/llama-7b,dummy-lora-7b-rank-8-1,208,34,217.7201232942848
2188,huggyllama/llama-7b,dummy-lora-7b-rank-64-4,655,72,217.82513885138667
2189,huggyllama/llama-7b,dummy-lora-7b-rank-64-2,558,25,218.00105516291066
2190,huggyllama/llama-7b,dummy-lora-7b-rank-8-3,595,47,218.3468565616262
2191,huggyllama/llama-7b,dummy-lora-7b-rank-64-3,605,19,218.43845474173995
2192,huggyllama/llama-7b,dummy-lora-7b-rank-16-1,300,81,218.56338396122482
2193,huggyllama/llama-7b,dummy-lora-7b-rank-32-0,602,31,218.5933199302145
2194,huggyllama/llama-7b,dummy-lora-7b-rank-64-4,558,21,218.70217732539604
2195,huggyllama/llama-7b,dummy-lora-7b-rank-128-2,173,48,218.87534235976133
2196,huggyllama/llama-7b,dummy-lora-7b-rank-64-4,195,55,218.9285845428827
2197,huggyllama/llama-7b,dummy-lora-7b-rank-16-2,558,24,219.13684177702763
2198,huggyllama/llama-7b,dummy-lora-7b-rank-16-4,872,13,219.3969830297806
2199,huggyllama/llama-7b,dummy-lora-7b-rank-16-1,279,48,219.49796005746003
2200,huggyllama/llama-7b,dummy-lora-7b-rank-8-2,593,49,219.51220336638832
2201,huggyllama/llama-7b,dummy-lora-7b-rank-32-3,342,62,219.53867341256682
2202,huggyllama/llama-7b,dummy-lora-7b-rank-64-4,306,41,219.5388173241981
2203,huggyllama/llama-7b,dummy-lora-7b-rank-32-1,546,16,219.60034862665677
2204,huggyllama/llama-7b,dummy-lora-7b-rank-64-0,656,36,219.9671982323198
2205,huggyllama/llama-7b,dummy-lora-7b-rank-128-0,249,48,219.9827814953615
2206,huggyllama/llama-7b,dummy-lora-7b-rank-128-0,425,71,220.14881129324067
2207,huggyllama/llama-7b,dummy-lora-7b-rank-64-3,598,205,220.16544715432104
2208,huggyllama/llama-7b,dummy-lora-7b-rank-64-4,554,20,220.26258588264716
2209,huggyllama/llama-7b,dummy-lora-7b-rank-64-4,684,60,220.41906042457484
2210,huggyllama/llama-7b,dummy-lora-7b-rank-8-2,613,20,220.49441007676336
2211,huggyllama/llama-7b,dummy-lora-7b-rank-32-3,134,39,220.53888207401758
2212,huggyllama/llama-7b,dummy-lora-7b-rank-8-1,554,19,220.7504525578579
2213,huggyllama/llama-7b,dummy-lora-7b-rank-16-1,212,3,220.82579298570124
2214,huggyllama/llama-7b,dummy-lora-7b-rank-8-2,118,63,220.84290062047356
2215,huggyllama/llama-7b,dummy-lora-7b-rank-64-1,807,3,221.04461221123745
2216,huggyllama/llama-7b,dummy-lora-7b-rank-8-4,558,22,221.26346837521243
2217,huggyllama/llama-7b,dummy-lora-7b-rank-16-3,496,48,221.26622886446572
2218,huggyllama/llama-7b,dummy-lora-7b-rank-16-2,978,56,221.31422097051927
2219,huggyllama/llama-7b,dummy-lora-7b-rank-128-0,670,97,221.35062088722347
2220,huggyllama/llama-7b,dummy-lora-7b-rank-64-3,491,48,221.4812337394399
2221,huggyllama/llama-7b,dummy-lora-7b-rank-8-3,547,50,221.4843664530461
2222,huggyllama/llama-7b,dummy-lora-7b-rank-32-1,155,47,221.59057253593127
2223,huggyllama/llama-7b,dummy-lora-7b-rank-128-0,338,9,221.6609083171176
2224,huggyllama/llama-7b,dummy-lora-7b-rank-64-1,644,9,221.88556076972912
2225,huggyllama/llama-7b,dummy-lora-7b-rank-8-2,629,24,222.0258146788932
2226,huggyllama/llama-7b,dummy-lora-7b-rank-32-3,322,50,222.0610672572179
2227,huggyllama/llama-7b,dummy-lora-7b-rank-8-1,252,79,222.0640267720537
2228,huggyllama/llama-7b,dummy-lora-7b-rank-16-2,525,37,222.11052793649398
2229,huggyllama/llama-7b,dummy-lora-7b-rank-16-4,805,145,222.27381007752413
2230,huggyllama/llama-7b,dummy-lora-7b-rank-16-1,726,33,222.456367503026
2231,huggyllama/llama-7b,dummy-lora-7b-rank-128-2,556,21,222.57458605741468
2232,huggyllama/llama-7b,dummy-lora-7b-rank-8-1,532,5,222.67363682418448
2233,huggyllama/llama-7b,dummy-lora-7b-rank-64-2,501,43,222.71629669295578
2234,huggyllama/llama-7b,dummy-lora-7b-rank-128-2,725,8,222.7825436899017
2235,huggyllama/llama-7b,dummy-lora-7b-rank-16-1,349,47,222.84439150854524
2236,huggyllama/llama-7b,dummy-lora-7b-rank-16-0,289,45,222.8625387596754
2237,huggyllama/llama-7b,dummy-lora-7b-rank-32-4,360,56,223.05850589273422
2238,huggyllama/llama-7b,dummy-lora-7b-rank-128-4,320,42,223.14599540809482
2239,huggyllama/llama-7b,dummy-lora-7b-rank-32-2,619,27,223.25748959397592
2240,huggyllama/llama-7b,dummy-lora-7b-rank-8-4,566,23,223.35388811274174
2241,huggyllama/llama-7b,dummy-lora-7b-rank-8-0,566,29,223.59346383421666
2242,huggyllama/llama-7b,dummy-lora-7b-rank-128-3,216,40,223.83421777639927
2243,huggyllama/llama-7b,dummy-lora-7b-rank-32-3,52,52,223.84740750744265
2244,huggyllama/llama-7b,dummy-lora-7b-rank-32-3,481,16,223.85677737928492
2245,huggyllama/llama-7b,dummy-lora-7b-rank-8-1,430,8,224.19404137960817
2246,huggyllama/llama-7b,dummy-lora-7b-rank-64-0,276,184,224.30982694319513
2247,huggyllama/llama-7b,dummy-lora-7b-rank-32-1,178,48,224.38809553242902
2248,huggyllama/llama-7b,dummy-lora-7b-rank-128-0,550,19,224.43759197620153
2249,huggyllama/llama-7b,dummy-lora-7b-rank-64-0,342,86,224.52572030459342
2250,huggyllama/llama-7b,dummy-lora-7b-rank-64-0,89,28,224.5478669776927
2251,huggyllama/llama-7b,dummy-lora-7b-rank-128-3,237,122,224.69277233313073
2252,huggyllama/llama-7b,dummy-lora-7b-rank-32-1,340,46,224.92637873539476
2253,huggyllama/llama-7b,dummy-lora-7b-rank-32-1,420,50,224.96681472645977
2254,huggyllama/llama-7b,dummy-lora-7b-rank-16-4,605,20,225.0269846550688
2255,huggyllama/llama-7b,dummy-lora-7b-rank-16-4,556,13,225.1960597371354
2256,huggyllama/llama-7b,dummy-lora-7b-rank-8-0,299,42,225.3416889659287
2257,huggyllama/llama-7b,dummy-lora-7b-rank-8-0,508,56,225.40806090030964
2258,huggyllama/llama-7b,dummy-lora-7b-rank-64-3,337,48,225.43144184107436
2259,huggyllama/llama-7b,dummy-lora-7b-rank-16-1,552,22,225.5841307256619
2260,huggyllama/llama-7b,dummy-lora-7b-rank-8-4,368,44,225.61682064670356
2261,huggyllama/llama-7b,dummy-lora-7b-rank-32-3,568,27,225.62136273113506
2262,huggyllama/llama-7b,dummy-lora-7b-rank-32-3,395,49,225.63294270182635
2263,huggyllama/llama-7b,dummy-lora-7b-rank-128-4,771,28,225.72655601716082
2264,huggyllama/llama-7b,dummy-lora-7b-rank-64-2,597,16,225.79902816637028
2265,huggyllama/llama-7b,dummy-lora-7b-rank-16-0,217,3,225.89200320810886
2266,huggyllama/llama-7b,dummy-lora-7b-rank-8-3,576,34,226.30198760696445
2267,huggyllama/llama-7b,dummy-lora-7b-rank-64-3,521,36,226.52650801805527
2268,huggyllama/llama-7b,dummy-lora-7b-rank-8-4,1010,12,226.70842197860807
2269,huggyllama/llama-7b,dummy-lora-7b-rank-64-2,184,33,226.72907070813673
2270,huggyllama/llama-7b,dummy-lora-7b-rank-32-0,127,72,226.7821201227729
2271,huggyllama/llama-7b,dummy-lora-7b-rank-32-3,918,74,226.84968301574847
2272,huggyllama/llama-7b,dummy-lora-7b-rank-16-0,607,17,226.9656506562922
2273,huggyllama/llama-7b,dummy-lora-7b-rank-64-4,491,50,226.9821371790211
2274,huggyllama/llama-7b,dummy-lora-7b-rank-32-2,655,24,226.98418710836256
2275,huggyllama/llama-7b,dummy-lora-7b-rank-8-1,739,68,227.11590727351714
2276,huggyllama/llama-7b,dummy-lora-7b-rank-32-4,677,45,227.28451592633118
2277,huggyllama/llama-7b,dummy-lora-7b-rank-128-2,134,52,227.30391629471308
2278,huggyllama/llama-7b,dummy-lora-7b-rank-8-1,570,31,227.38867742383144
2279,huggyllama/llama-7b,dummy-lora-7b-rank-128-0,164,83,227.41769044015072
2280,huggyllama/llama-7b,dummy-lora-7b-rank-128-1,569,41,227.49199097907206
2281,huggyllama/llama-7b,dummy-lora-7b-rank-128-0,59,97,227.55538766173007
2282,huggyllama/llama-7b,dummy-lora-7b-rank-128-1,658,84,227.80418382129196
2283,huggyllama/llama-7b,dummy-lora-7b-rank-64-0,619,106,227.89699947489032
2284,huggyllama/llama-7b,dummy-lora-7b-rank-32-3,648,14,227.90495021834863
2285,huggyllama/llama-7b,dummy-lora-7b-rank-64-0,388,39,228.14586646858407
2286,huggyllama/llama-7b,dummy-lora-7b-rank-8-3,259,50,228.19386563064677
2287,huggyllama/llama-7b,dummy-lora-7b-rank-32-3,605,117,228.2775690816704
2288,huggyllama/llama-7b,dummy-lora-7b-rank-16-0,327,10,228.30313153357315
2289,huggyllama/llama-7b,dummy-lora-7b-rank-32-3,412,11,228.395135110951
2290,huggyllama/llama-7b,dummy-lora-7b-rank-32-2,620,38,228.71191938433344
2291,huggyllama/llama-7b,dummy-lora-7b-rank-128-4,345,59,228.7609565870941
2292,huggyllama/llama-7b,dummy-lora-7b-rank-16-0,800,7,228.9682287588618
2293,huggyllama/llama-7b,dummy-lora-7b-rank-16-4,794,66,229.00723387563926
2294,huggyllama/llama-7b,dummy-lora-7b-rank-128-0,562,26,229.01652525050304
2295,huggyllama/llama-7b,dummy-lora-7b-rank-8-3,359,8,229.02418400562001
2296,huggyllama/llama-7b,dummy-lora-7b-rank-8-2,609,19,229.32586525286604
2297,huggyllama/llama-7b,dummy-lora-7b-rank-32-2,550,18,229.47513017395522
2298,huggyllama/llama-7b,dummy-lora-7b-rank-32-3,599,14,229.49260066173656
2299,huggyllama/llama-7b,dummy-lora-7b-rank-64-3,466,47,229.57814866529392
2300,huggyllama/llama-7b,dummy-lora-7b-rank-16-1,797,4,229.585013871291
2301,huggyllama/llama-7b,dummy-lora-7b-rank-8-1,553,86,229.7800906874624
2302,huggyllama/llama-7b,dummy-lora-7b-rank-8-2,617,11,230.01406268714285
2303,huggyllama/llama-7b,dummy-lora-7b-rank-16-3,392,46,230.081783460668
2304,huggyllama/llama-7b,dummy-lora-7b-rank-128-3,688,28,230.12283039726148
2305,huggyllama/llama-7b,dummy-lora-7b-rank-64-4,933,80,230.2545467046482
2306,huggyllama/llama-7b,dummy-lora-7b-rank-16-3,418,54,230.32385434273422
2307,huggyllama/llama-7b,dummy-lora-7b-rank-8-1,749,37,230.3940411096295
2308,huggyllama/llama-7b,dummy-lora-7b-rank-128-1,605,17,230.41726529113782
2309,huggyllama/llama-7b,dummy-lora-7b-rank-32-1,324,225,230.49748920281604
2310,huggyllama/llama-7b,dummy-lora-7b-rank-64-0,586,16,230.56942578818655
2311,huggyllama/llama-7b,dummy-lora-7b-rank-16-2,379,49,230.61306077608597
2312,huggyllama/llama-7b,dummy-lora-7b-rank-16-1,594,14,230.80779397594816
2313,huggyllama/llama-7b,dummy-lora-7b-rank-128-0,566,27,230.81251016454854
2314,huggyllama/llama-7b,dummy-lora-7b-rank-64-3,419,52,230.81747633665867
2315,huggyllama/llama-7b,dummy-lora-7b-rank-16-1,548,19,230.8903268289841
2316,huggyllama/llama-7b,dummy-lora-7b-rank-16-1,552,19,230.91148470154664
2317,huggyllama/llama-7b,dummy-lora-7b-rank-8-3,349,50,231.18224245779592
2318,huggyllama/llama-7b,dummy-lora-7b-rank-32-0,171,65,231.3336520295678
2319,huggyllama/llama-7b,dummy-lora-7b-rank-64-4,868,67,231.39997968499821
2320,huggyllama/llama-7b,dummy-lora-7b-rank-8-1,687,61,231.48361395485878
2321,huggyllama/llama-7b,dummy-lora-7b-rank-32-3,379,54,231.59247252750677
2322,huggyllama/llama-7b,dummy-lora-7b-rank-128-2,588,34,231.6443661716607
2323,huggyllama/llama-7b,dummy-lora-7b-rank-16-3,594,37,231.8081906316047
2324,huggyllama/llama-7b,dummy-lora-7b-rank-32-0,541,58,231.8185300001464
2325,huggyllama/llama-7b,dummy-lora-7b-rank-32-2,843,75,231.97687477477052
2326,huggyllama/llama-7b,dummy-lora-7b-rank-128-4,482,106,232.2794035012128
2327,huggyllama/llama-7b,dummy-lora-7b-rank-8-3,628,37,232.75075024220436
2328,huggyllama/llama-7b,dummy-lora-7b-rank-128-1,412,65,232.88326491102546
2329,huggyllama/llama-7b,dummy-lora-7b-rank-16-4,761,69,232.92341071811697
2330,huggyllama/llama-7b,dummy-lora-7b-rank-64-0,93,42,233.1415045541651
2331,huggyllama/llama-7b,dummy-lora-7b-rank-32-1,233,38,233.45754679576842
2332,huggyllama/llama-7b,dummy-lora-7b-rank-128-4,533,51,233.49769860455763
2333,huggyllama/llama-7b,dummy-lora-7b-rank-32-1,219,148,233.50530896948607
2334,huggyllama/llama-7b,dummy-lora-7b-rank-128-2,262,57,233.80528262073565
2335,huggyllama/llama-7b,dummy-lora-7b-rank-8-3,498,54,234.08792693744093
2336,huggyllama/llama-7b,dummy-lora-7b-rank-16-2,610,3,234.08867248327562
2337,huggyllama/llama-7b,dummy-lora-7b-rank-32-4,886,47,234.09313374813004
2338,huggyllama/llama-7b,dummy-lora-7b-rank-128-1,813,45,234.13177760101485
2339,huggyllama/llama-7b,dummy-lora-7b-rank-16-0,953,3,234.17667209862287
2340,huggyllama/llama-7b,dummy-lora-7b-rank-32-4,560,25,234.32712196095085
2341,huggyllama/llama-7b,dummy-lora-7b-rank-128-1,246,85,234.6030055541037
2342,huggyllama/llama-7b,dummy-lora-7b-rank-64-0,318,54,234.69212486114668
2343,huggyllama/llama-7b,dummy-lora-7b-rank-32-4,160,80,234.8029208628871
2344,huggyllama/llama-7b,dummy-lora-7b-rank-16-3,754,10,234.87219543865896
2345,huggyllama/llama-7b,dummy-lora-7b-rank-16-3,546,7,234.92031905684897
2346,huggyllama/llama-7b,dummy-lora-7b-rank-16-4,445,41,235.11758271876016
2347,huggyllama/llama-7b,dummy-lora-7b-rank-16-1,554,20,235.20652493623658
2348,huggyllama/llama-7b,dummy-lora-7b-rank-8-0,590,21,235.30924943520364
2349,huggyllama/llama-7b,dummy-lora-7b-rank-64-4,856,17,235.42131735227065
2350,huggyllama/llama-7b,dummy-lora-7b-rank-8-3,182,59,235.45540358125945
2351,huggyllama/llama-7b,dummy-lora-7b-rank-8-0,291,52,235.59422528281465
2352,huggyllama/llama-7b,dummy-lora-7b-rank-32-2,443,101,235.63798793514738
2353,huggyllama/llama-7b,dummy-lora-7b-rank-16-1,568,30,235.6814046029895
2354,huggyllama/llama-7b,dummy-lora-7b-rank-8-1,587,17,235.68172401291216
2355,huggyllama/llama-7b,dummy-lora-7b-rank-32-3,737,27,235.69355435326636
2356,huggyllama/llama-7b,dummy-lora-7b-rank-128-1,346,5,235.76850863794886
2357,huggyllama/llama-7b,dummy-lora-7b-rank-16-2,426,205,236.12047186541716
2358,huggyllama/llama-7b,dummy-lora-7b-rank-8-3,552,11,236.2069056791318
2359,huggyllama/llama-7b,dummy-lora-7b-rank-8-3,558,22,236.25139607417736
2360,huggyllama/llama-7b,dummy-lora-7b-rank-8-2,748,44,236.30251153631463
2361,huggyllama/llama-7b,dummy-lora-7b-rank-128-0,546,16,236.35774460089016
2362,huggyllama/llama-7b,dummy-lora-7b-rank-32-4,601,13,236.50331054174313
2363,huggyllama/llama-7b,dummy-lora-7b-rank-128-1,132,43,236.766268076562
2364,huggyllama/llama-7b,dummy-lora-7b-rank-16-0,568,44,236.8362651842882
2365,huggyllama/llama-7b,dummy-lora-7b-rank-128-1,550,18,236.95257351769578
2366,huggyllama/llama-7b,dummy-lora-7b-rank-16-3,580,89,237.0812768073644
2367,huggyllama/llama-7b,dummy-lora-7b-rank-32-4,797,90,237.17590438226725
2368,huggyllama/llama-7b,dummy-lora-7b-rank-8-2,315,44,237.27004883517577
2369,huggyllama/llama-7b,dummy-lora-7b-rank-128-1,425,47,237.2833943896445
2370,huggyllama/llama-7b,dummy-lora-7b-rank-64-2,155,31,237.5276888487964
2371,huggyllama/llama-7b,dummy-lora-7b-rank-16-3,51,46,237.87795311929258
2372,huggyllama/llama-7b,dummy-lora-7b-rank-64-4,394,44,238.20717668306
2373,huggyllama/llama-7b,dummy-lora-7b-rank-16-3,554,20,238.2452927489504
2374,huggyllama/llama-7b,dummy-lora-7b-rank-64-3,562,25,238.26080430573603
2375,huggyllama/llama-7b,dummy-lora-7b-rank-128-0,259,55,238.3183756565675
2376,huggyllama/llama-7b,dummy-lora-7b-rank-16-0,469,8,238.34323496248135
2377,huggyllama/llama-7b,dummy-lora-7b-rank-64-3,296,66,238.573097568636
2378,huggyllama/llama-7b,dummy-lora-7b-rank-8-1,572,31,238.6638208683127
2379,huggyllama/llama-7b,dummy-lora-7b-rank-8-3,872,205,238.66781520212697
2380,huggyllama/llama-7b,dummy-lora-7b-rank-16-4,518,7,238.72462037996394
2381,huggyllama/llama-7b,dummy-lora-7b-rank-8-2,453,11,238.93565389573058
2382,huggyllama/llama-7b,dummy-lora-7b-rank-64-3,190,50,239.11904503286632
2383,huggyllama/llama-7b,dummy-lora-7b-rank-8-4,439,96,239.16253669197772
2384,huggyllama/llama-7b,dummy-lora-7b-rank-128-2,766,13,239.19903362745808
2385,huggyllama/llama-7b,dummy-lora-7b-rank-32-2,382,8,239.29963129871723
2386,huggyllama/llama-7b,dummy-lora-7b-rank-32-4,97,42,239.40569874143242
2387,huggyllama/llama-7b,dummy-lora-7b-rank-8-4,438,59,239.4409548061606
2388,huggyllama/llama-7b,dummy-lora-7b-rank-64-3,754,239,239.44127212663707
2389,huggyllama/llama-7b,dummy-lora-7b-rank-64-4,891,25,239.5050303462256
2390,huggyllama/llama-7b,dummy-lora-7b-rank-16-2,986,15,239.7121388722494
2391,huggyllama/llama-7b,dummy-lora-7b-rank-8-4,168,49,239.72982813110733
2392,huggyllama/llama-7b,dummy-lora-7b-rank-8-1,599,20,239.79679072445543
2393,huggyllama/llama-7b,dummy-lora-7b-rank-16-4,448,11,239.83803677371174
2394,huggyllama/llama-7b,dummy-lora-7b-rank-16-4,546,16,239.9542948539024
2395,huggyllama/llama-7b,dummy-lora-7b-rank-64-3,556,21,240.00172535266378
2396,huggyllama/llama-7b,dummy-lora-7b-rank-8-3,378,79,240.20095555351003
2397,huggyllama/llama-7b,dummy-lora-7b-rank-32-4,117,61,240.21651703051128
2398,huggyllama/llama-7b,dummy-lora-7b-rank-64-4,575,185,240.26728714361315
2399,huggyllama/llama-7b,dummy-lora-7b-rank-32-1,580,40,240.40498306923777
2400,huggyllama/llama-7b,dummy-lora-7b-rank-16-4,511,37,240.74056953624336
2401,huggyllama/llama-7b,dummy-lora-7b-rank-16-2,54,90,240.80827692477575
2402,huggyllama/llama-7b,dummy-lora-7b-rank-128-3,564,25,240.85843247004232
2403,huggyllama/llama-7b,dummy-lora-7b-rank-16-3,490,18,240.85981283431357
2404,huggyllama/llama-7b,dummy-lora-7b-rank-16-1,573,29,240.866588858526
2405,huggyllama/llama-7b,dummy-lora-7b-rank-32-0,533,14,240.9944079852903
2406,huggyllama/llama-7b,dummy-lora-7b-rank-128-4,747,49,240.9983270449871
2407,huggyllama/llama-7b,dummy-lora-7b-rank-64-2,621,8,241.16978131515685
2408,huggyllama/llama-7b,dummy-lora-7b-rank-8-2,717,248,241.2627777223521
2409,huggyllama/llama-7b,dummy-lora-7b-rank-16-2,432,16,241.3103877437599
2410,huggyllama/llama-7b,dummy-lora-7b-rank-16-2,804,43,241.34903970253885
2411,huggyllama/llama-7b,dummy-lora-7b-rank-128-3,587,57,241.36020458220395
2412,huggyllama/llama-7b,dummy-lora-7b-rank-8-4,584,10,241.51438410535675
2413,huggyllama/llama-7b,dummy-lora-7b-rank-8-3,205,44,241.65605599064415
2414,huggyllama/llama-7b,dummy-lora-7b-rank-32-4,187,3,241.72068281441176
2415,huggyllama/llama-7b,dummy-lora-7b-rank-16-4,334,48,241.7327534687765
2416,huggyllama/llama-7b,dummy-lora-7b-rank-32-1,916,56,241.7438324176641
2417,huggyllama/llama-7b,dummy-lora-7b-rank-64-1,454,56,241.96159131217678
2418,huggyllama/llama-7b,dummy-lora-7b-rank-32-3,584,38,242.4845450430326
2419,huggyllama/llama-7b,dummy-lora-7b-rank-64-3,637,45,242.53499045928052
2420,huggyllama/llama-7b,dummy-lora-7b-rank-32-1,566,26,242.5774328445773
2421,huggyllama/llama-7b,dummy-lora-7b-rank-64-1,88,37,242.72433109862288
2422,huggyllama/llama-7b,dummy-lora-7b-rank-128-1,942,83,242.74236428581298
2423,huggyllama/llama-7b,dummy-lora-7b-rank-64-4,786,179,242.8241150432764
2424,huggyllama/llama-7b,dummy-lora-7b-rank-64-3,132,19,242.84888397240766
2425,huggyllama/llama-7b,dummy-lora-7b-rank-64-0,601,19,242.91312169190402
2426,huggyllama/llama-7b,dummy-lora-7b-rank-16-4,550,18,243.1077658764435
2427,huggyllama/llama-7b,dummy-lora-7b-rank-64-1,170,43,243.22019851029478
2428,huggyllama/llama-7b,dummy-lora-7b-rank-32-4,813,73,243.37656307625963
2429,huggyllama/llama-7b,dummy-lora-7b-rank-8-2,290,54,243.42658780026153
2430,huggyllama/llama-7b,dummy-lora-7b-rank-64-1,546,8,243.4508347791861
2431,huggyllama/llama-7b,dummy-lora-7b-rank-128-4,183,183,243.47818089588674
2432,huggyllama/llama-7b,dummy-lora-7b-rank-128-1,554,20,243.5850271490473
2433,huggyllama/llama-7b,dummy-lora-7b-rank-64-0,227,97,243.60460952244082
2434,huggyllama/llama-7b,dummy-lora-7b-rank-32-0,833,3,243.69068979839523
2435,huggyllama/llama-7b,dummy-lora-7b-rank-64-2,585,159,243.7156111050796
2436,huggyllama/llama-7b,dummy-lora-7b-rank-64-2,299,69,243.82875427777898
2437,huggyllama/llama-7b,dummy-lora-7b-rank-8-1,618,23,244.02326865571936
2438,huggyllama/llama-7b,dummy-lora-7b-rank-16-3,201,30,244.03763259397724
2439,huggyllama/llama-7b,dummy-lora-7b-rank-16-4,358,35,244.0478719828935
2440,huggyllama/llama-7b,dummy-lora-7b-rank-64-3,546,59,244.05599788071964
2441,huggyllama/llama-7b,dummy-lora-7b-rank-16-3,261,62,244.1641828076774
2442,huggyllama/llama-7b,dummy-lora-7b-rank-32-4,277,10,244.19475756754318
2443,huggyllama/llama-7b,dummy-lora-7b-rank-64-1,246,141,244.2042468734686
2444,huggyllama/llama-7b,dummy-lora-7b-rank-32-1,368,6,244.63303618651386
2445,huggyllama/llama-7b,dummy-lora-7b-rank-128-4,142,55,244.6798744233646
2446,huggyllama/llama-7b,dummy-lora-7b-rank-128-0,222,74,244.73946482420462
2447,huggyllama/llama-7b,dummy-lora-7b-rank-32-4,966,54,244.79818881576313
2448,huggyllama/llama-7b,dummy-lora-7b-rank-16-0,617,29,244.880171904831
2449,huggyllama/llama-7b,dummy-lora-7b-rank-32-0,607,21,244.96359863796388
2450,huggyllama/llama-7b,dummy-lora-7b-rank-32-3,609,36,244.96822991302784
2451,huggyllama/llama-7b,dummy-lora-7b-rank-8-2,165,36,245.22755216991678
2452,huggyllama/llama-7b,dummy-lora-7b-rank-32-0,624,84,245.54001180946457
2453,huggyllama/llama-7b,dummy-lora-7b-rank-64-1,158,34,245.56754044155429
2454,huggyllama/llama-7b,dummy-lora-7b-rank-8-0,547,40,245.6203912661386
2455,huggyllama/llama-7b,dummy-lora-7b-rank-16-4,580,36,245.67256427101137
2456,huggyllama/llama-7b,dummy-lora-7b-rank-128-0,690,44,245.762291244909
2457,huggyllama/llama-7b,dummy-lora-7b-rank-16-1,448,52,245.9239472588944
2458,huggyllama/llama-7b,dummy-lora-7b-rank-32-2,479,88,246.09731911218884
2459,huggyllama/llama-7b,dummy-lora-7b-rank-64-4,344,42,246.183160716402
2460,huggyllama/llama-7b,dummy-lora-7b-rank-32-0,895,72,246.21771977457504
2461,huggyllama/llama-7b,dummy-lora-7b-rank-16-2,560,23,246.37619058807888
2462,huggyllama/llama-7b,dummy-lora-7b-rank-32-4,615,59,246.4254870023641
2463,huggyllama/llama-7b,dummy-lora-7b-rank-128-3,554,22,246.46465746013413
2464,huggyllama/llama-7b,dummy-lora-7b-rank-8-0,192,47,246.68966437196198
2465,huggyllama/llama-7b,dummy-lora-7b-rank-128-0,546,18,246.7111213228604
2466,huggyllama/llama-7b,dummy-lora-7b-rank-32-1,318,140,246.84787807107125
2467,huggyllama/llama-7b,dummy-lora-7b-rank-8-1,102,45,246.89815634562245
2468,huggyllama/llama-7b,dummy-lora-7b-rank-32-1,239,57,246.95510321951897
2469,huggyllama/llama-7b,dummy-lora-7b-rank-8-2,556,12,247.2547308194598
2470,huggyllama/llama-7b,dummy-lora-7b-rank-8-3,50,45,247.3767810297126
2471,huggyllama/llama-7b,dummy-lora-7b-rank-64-2,564,8,247.38160472540443
2472,huggyllama/llama-7b,dummy-lora-7b-rank-8-3,445,17,247.38530385060935
2473,huggyllama/llama-7b,dummy-lora-7b-rank-32-2,140,49,247.61140711021125
2474,huggyllama/llama-7b,dummy-lora-7b-rank-8-0,596,44,247.7679287122502
2475,huggyllama/llama-7b,dummy-lora-7b-rank-8-4,574,29,247.7750142895724
2476,huggyllama/llama-7b,dummy-lora-7b-rank-16-2,335,7,247.7926151389104
2477,huggyllama/llama-7b,dummy-lora-7b-rank-8-3,458,106,247.80149418072287
2478,huggyllama/llama-7b,dummy-lora-7b-rank-128-0,552,11,247.80796316107885
2479,huggyllama/llama-7b,dummy-lora-7b-rank-32-4,552,18,247.91549031820864
2480,huggyllama/llama-7b,dummy-lora-7b-rank-32-2,550,10,247.94147212117386
2481,huggyllama/llama-7b,dummy-lora-7b-rank-8-2,738,11,247.9479820298807
2482,huggyllama/llama-7b,dummy-lora-7b-rank-64-1,673,13,247.96674837364253
2483,huggyllama/llama-7b,dummy-lora-7b-rank-64-4,365,49,248.0381926866727
2484,huggyllama/llama-7b,dummy-lora-7b-rank-64-0,225,42,248.0448950499126
2485,huggyllama/llama-7b,dummy-lora-7b-rank-8-1,537,98,248.06234702870347
2486,huggyllama/llama-7b,dummy-lora-7b-rank-64-3,974,47,248.0918153302751
2487,huggyllama/llama-7b,dummy-lora-7b-rank-16-3,386,68,248.18465756767878
2488,huggyllama/llama-7b,dummy-lora-7b-rank-128-4,594,8,248.26104088846583
2489,huggyllama/llama-7b,dummy-lora-7b-rank-8-0,837,70,248.38415601361783
2490,huggyllama/llama-7b,dummy-lora-7b-rank-128-1,926,54,248.43000363180042
2491,huggyllama/llama-7b,dummy-lora-7b-rank-64-4,637,28,248.4444565974996
2492,huggyllama/llama-7b,dummy-lora-7b-rank-32-1,556,21,248.50139008106618
2493,huggyllama/llama-7b,dummy-lora-7b-rank-32-0,235,3,248.6175525618539
2494,huggyllama/llama-7b,dummy-lora-7b-rank-128-0,564,27,248.75094788202807
2495,huggyllama/llama-7b,dummy-lora-7b-rank-32-0,486,54,249.16715440576888
2496,huggyllama/llama-7b,dummy-lora-7b-rank-32-3,546,16,249.22530505826896
2497,huggyllama/llama-7b,dummy-lora-7b-rank-32-4,599,14,249.31442413557593
2498,huggyllama/llama-7b,dummy-lora-7b-rank-32-1,561,62,249.786293012595
2499,huggyllama/llama-7b,dummy-lora-7b-rank-64-2,609,34,249.79552543637732
2500,huggyllama/llama-7b,dummy-lora-7b-rank-64-0,447,43,250.034024367789
2501,huggyllama/llama-7b,dummy-lora-7b-rank-8-3,871,30,250.10961149665718
2502,huggyllama/llama-7b,dummy-lora-7b-rank-8-0,560,25,250.11370641542553
2503,huggyllama/llama-7b,dummy-lora-7b-rank-16-0,552,18,250.26732236471025
2504,huggyllama/llama-7b,dummy-lora-7b-rank-64-0,557,20,250.2691213357729
2505,huggyllama/llama-7b,dummy-lora-7b-rank-128-1,613,26,250.2901568010002
2506,huggyllama/llama-7b,dummy-lora-7b-rank-8-0,498,47,250.35319253262955
2507,huggyllama/llama-7b,dummy-lora-7b-rank-128-3,562,25,250.5453566604537
2508,huggyllama/llama-7b,dummy-lora-7b-rank-64-2,727,179,250.59213102720437
2509,huggyllama/llama-7b,dummy-lora-7b-rank-32-2,205,53,250.684056096471
2510,huggyllama/llama-7b,dummy-lora-7b-rank-8-1,558,25,250.68512474238003
2511,huggyllama/llama-7b,dummy-lora-7b-rank-64-0,322,104,250.72031356156054
2512,huggyllama/llama-7b,dummy-lora-7b-rank-128-3,352,59,250.88028614466123
2513,huggyllama/llama-7b,dummy-lora-7b-rank-64-2,424,59,250.90989564695934
2514,huggyllama/llama-7b,dummy-lora-7b-rank-16-2,942,3,250.95819893236938
2515,huggyllama/llama-7b,dummy-lora-7b-rank-8-3,576,33,251.02340532299402
2516,huggyllama/llama-7b,dummy-lora-7b-rank-16-3,539,8,251.08978531219793
2517,huggyllama/llama-7b,dummy-lora-7b-rank-32-4,558,24,251.18034068401573
2518,huggyllama/llama-7b,dummy-lora-7b-rank-64-3,379,242,251.2260479643431
2519,huggyllama/llama-7b,dummy-lora-7b-rank-8-4,168,105,251.42702908489318
2520,huggyllama/llama-7b,dummy-lora-7b-rank-32-0,478,39,251.49761776386822
2521,huggyllama/llama-7b,dummy-lora-7b-rank-128-1,259,42,251.62240219689994
2522,huggyllama/llama-7b,dummy-lora-7b-rank-32-0,620,38,251.63875258358564
2523,huggyllama/llama-7b,dummy-lora-7b-rank-8-4,257,6,251.67825472721657
2524,huggyllama/llama-7b,dummy-lora-7b-rank-128-3,709,14,251.83950557796865
2525,huggyllama/llama-7b,dummy-lora-7b-rank-64-3,95,39,251.98382048145044
2526,huggyllama/llama-7b,dummy-lora-7b-rank-128-0,562,15,252.0033400997014
2527,huggyllama/llama-7b,dummy-lora-7b-rank-8-2,622,29,252.16428592774182
2528,huggyllama/llama-7b,dummy-lora-7b-rank-8-2,968,110,252.39352268504518
2529,huggyllama/llama-7b,dummy-lora-7b-rank-16-2,363,169,252.7542171584297
2530,huggyllama/llama-7b,dummy-lora-7b-rank-64-3,432,111,252.85216497804686
2531,huggyllama/llama-7b,dummy-lora-7b-rank-16-1,249,47,253.0957861016093
2532,huggyllama/llama-7b,dummy-lora-7b-rank-16-3,768,71,253.36775804203575
2533,huggyllama/llama-7b,dummy-lora-7b-rank-64-1,544,12,253.39622809557463
2534,huggyllama/llama-7b,dummy-lora-7b-rank-16-1,433,63,253.41965508724996
2535,huggyllama/llama-7b,dummy-lora-7b-rank-8-1,671,22,253.4636865081896
2536,huggyllama/llama-7b,dummy-lora-7b-rank-128-1,691,3,253.53187001089907
2537,huggyllama/llama-7b,dummy-lora-7b-rank-32-2,550,11,253.56040475964642
2538,huggyllama/llama-7b,dummy-lora-7b-rank-8-0,919,102,253.67836590883348
2539,huggyllama/llama-7b,dummy-lora-7b-rank-128-3,407,7,253.74246032355666
2540,huggyllama/llama-7b,dummy-lora-7b-rank-64-0,380,51,253.91924102084235
2541,huggyllama/llama-7b,dummy-lora-7b-rank-8-2,288,68,253.97102408496593
2542,huggyllama/llama-7b,dummy-lora-7b-rank-128-2,562,16,254.06067033951211
2543,huggyllama/llama-7b,dummy-lora-7b-rank-128-4,333,50,254.14654975426234
2544,huggyllama/llama-7b,dummy-lora-7b-rank-8-4,546,16,254.24768713563267
2545,huggyllama/llama-7b,dummy-lora-7b-rank-64-4,220,49,254.36848956192893
2546,huggyllama/llama-7b,dummy-lora-7b-rank-32-1,558,24,254.45853750873493
2547,huggyllama/llama-7b,dummy-lora-7b-rank-8-4,305,46,254.51040916975617
2548,huggyllama/llama-7b,dummy-lora-7b-rank-8-0,599,20,254.5704448845605
2549,huggyllama/llama-7b,dummy-lora-7b-rank-64-3,848,11,254.60307926066713
2550,huggyllama/llama-7b,dummy-lora-7b-rank-8-3,657,63,254.68557774005305
2551,huggyllama/llama-7b,dummy-lora-7b-rank-128-2,322,9,254.70610375066389
2552,huggyllama/llama-7b,dummy-lora-7b-rank-64-1,668,17,254.79073965419326
2553,huggyllama/llama-7b,dummy-lora-7b-rank-64-2,343,7,254.95571735807374
2554,huggyllama/llama-7b,dummy-lora-7b-rank-64-1,187,85,255.1878868998329
2555,huggyllama/llama-7b,dummy-lora-7b-rank-128-1,568,30,255.2011770094377
2556,huggyllama/llama-7b,dummy-lora-7b-rank-16-2,231,3,255.29033307122023
2557,huggyllama/llama-7b,dummy-lora-7b-rank-8-4,613,8,255.36629074535975
2558,huggyllama/llama-7b,dummy-lora-7b-rank-64-3,620,21,255.45105104857544
2559,huggyllama/llama-7b,dummy-lora-7b-rank-32-4,559,70,255.54810973640406
2560,huggyllama/llama-7b,dummy-lora-7b-rank-128-4,558,14,255.56601062833673
2561,huggyllama/llama-7b,dummy-lora-7b-rank-16-4,342,168,255.66228278836434
2562,huggyllama/llama-7b,dummy-lora-7b-rank-64-0,54,40,255.8047913136702
2563,huggyllama/llama-7b,dummy-lora-7b-rank-32-2,960,3,255.97848343781382
2564,huggyllama/llama-7b,dummy-lora-7b-rank-16-1,638,51,256.21482621656844
2565,huggyllama/llama-7b,dummy-lora-7b-rank-8-0,568,27,256.2764853304723
2566,huggyllama/llama-7b,dummy-lora-7b-rank-8-4,651,10,256.4090149326194
2567,huggyllama/llama-7b,dummy-lora-7b-rank-16-3,330,6,256.62625567412323
2568,huggyllama/llama-7b,dummy-lora-7b-rank-16-0,636,57,256.7804491000343
2569,huggyllama/llama-7b,dummy-lora-7b-rank-8-2,313,78,257.01948004556886
2570,huggyllama/llama-7b,dummy-lora-7b-rank-128-4,345,21,257.48212954713046
2571,huggyllama/llama-7b,dummy-lora-7b-rank-64-1,554,18,257.5161794079355
2572,huggyllama/llama-7b,dummy-lora-7b-rank-64-4,445,69,257.63283523758867
2573,huggyllama/llama-7b,dummy-lora-7b-rank-16-2,477,53,258.1109717824171
2574,huggyllama/llama-7b,dummy-lora-7b-rank-16-3,213,65,258.16650076061006
2575,huggyllama/llama-7b,dummy-lora-7b-rank-32-0,590,41,258.3087312794309
2576,huggyllama/llama-7b,dummy-lora-7b-rank-8-3,538,9,258.44108215005815
2577,huggyllama/llama-7b,dummy-lora-7b-rank-8-1,177,42,258.60452568186764
2578,huggyllama/llama-7b,dummy-lora-7b-rank-16-0,552,24,258.68791319792797
2579,huggyllama/llama-7b,dummy-lora-7b-rank-32-0,605,20,258.82674257800323
2580,huggyllama/llama-7b,dummy-lora-7b-rank-64-0,964,3,258.84525555723144
2581,huggyllama/llama-7b,dummy-lora-7b-rank-32-4,828,197,258.89550332963216
2582,huggyllama/llama-7b,dummy-lora-7b-rank-32-2,465,14,258.99451157113407
2583,huggyllama/llama-7b,dummy-lora-7b-rank-64-2,216,50,259.2193769080638
2584,huggyllama/llama-7b,dummy-lora-7b-rank-64-0,556,13,259.25031010149524
2585,huggyllama/llama-7b,dummy-lora-7b-rank-8-3,124,49,259.44234999770384
2586,huggyllama/llama-7b,dummy-lora-7b-rank-64-3,552,11,259.61565633424857
2587,huggyllama/llama-7b,dummy-lora-7b-rank-64-1,319,56,259.6971079428724
2588,huggyllama/llama-7b,dummy-lora-7b-rank-128-0,966,77,259.70154801156866
2589,huggyllama/llama-7b,dummy-lora-7b-rank-32-0,611,23,259.7037960119133
2590,huggyllama/llama-7b,dummy-lora-7b-rank-16-0,410,3,259.70521480288113
2591,huggyllama/llama-7b,dummy-lora-7b-rank-8-3,490,73,259.8423995203024
2592,huggyllama/llama-7b,dummy-lora-7b-rank-64-3,954,83,260.265655986502
2593,huggyllama/llama-7b,dummy-lora-7b-rank-64-3,177,51,260.30223093629587
2594,huggyllama/llama-7b,dummy-lora-7b-rank-64-1,462,56,260.47611587903475
2595,huggyllama/llama-7b,dummy-lora-7b-rank-8-4,464,73,260.4774697807006
2596,huggyllama/llama-7b,dummy-lora-7b-rank-64-1,381,132,260.4956965438096
2597,huggyllama/llama-7b,dummy-lora-7b-rank-64-1,739,114,260.51611258867655
2598,huggyllama/llama-7b,dummy-lora-7b-rank-16-4,709,13,260.6583846979172
2599,huggyllama/llama-7b,dummy-lora-7b-rank-32-2,560,26,260.9727022374656
2600,huggyllama/llama-7b,dummy-lora-7b-rank-32-4,670,20,261.0711294567974
2601,huggyllama/llama-7b,dummy-lora-7b-rank-64-3,709,41,261.2343640001982
2602,huggyllama/llama-7b,dummy-lora-7b-rank-8-3,346,12,261.26836796943996
2603,huggyllama/llama-7b,dummy-lora-7b-rank-128-2,516,40,261.3921848246763
2604,huggyllama/llama-7b,dummy-lora-7b-rank-128-3,614,33,261.4276743891809
2605,huggyllama/llama-7b,dummy-lora-7b-rank-64-2,822,101,261.5476755732759
2606,huggyllama/llama-7b,dummy-lora-7b-rank-64-3,519,13,261.5671790753604
2607,huggyllama/llama-7b,dummy-lora-7b-rank-8-2,925,13,261.56843503007974
2608,huggyllama/llama-7b,dummy-lora-7b-rank-32-0,179,14,261.6558847359296
2609,huggyllama/llama-7b,dummy-lora-7b-rank-64-4,664,61,261.6819520219401
2610,huggyllama/llama-7b,dummy-lora-7b-rank-64-3,568,25,261.7923084387079
2611,huggyllama/llama-7b,dummy-lora-7b-rank-8-3,621,24,261.8084673805092
2612,huggyllama/llama-7b,dummy-lora-7b-rank-64-1,876,77,261.9789985202301
2613,huggyllama/llama-7b,dummy-lora-7b-rank-128-4,429,47,262.2622662176199
2614,huggyllama/llama-7b,dummy-lora-7b-rank-16-1,574,33,262.26756883897707
2615,huggyllama/llama-7b,dummy-lora-7b-rank-32-0,568,23,262.7152442741669
2616,huggyllama/llama-7b,dummy-lora-7b-rank-128-2,734,35,262.93220554478046
2617,huggyllama/llama-7b,dummy-lora-7b-rank-64-2,578,35,263.0175659773489
2618,huggyllama/llama-7b,dummy-lora-7b-rank-32-4,279,142,263.1116194254259
2619,huggyllama/llama-7b,dummy-lora-7b-rank-64-4,576,35,263.6773253655805
2620,huggyllama/llama-7b,dummy-lora-7b-rank-32-1,576,31,263.76715005934716
2621,huggyllama/llama-7b,dummy-lora-7b-rank-16-1,550,10,263.888145080681
2622,huggyllama/llama-7b,dummy-lora-7b-rank-8-1,326,228,263.9406481490708
2623,huggyllama/llama-7b,dummy-lora-7b-rank-128-3,544,11,263.9712721250381
2624,huggyllama/llama-7b,dummy-lora-7b-rank-8-4,215,47,264.01484026799426
2625,huggyllama/llama-7b,dummy-lora-7b-rank-8-3,615,40,264.026218916346
2626,huggyllama/llama-7b,dummy-lora-7b-rank-128-3,289,45,264.0510685912826
2627,huggyllama/llama-7b,dummy-lora-7b-rank-32-2,572,20,264.0602331641398
2628,huggyllama/llama-7b,dummy-lora-7b-rank-128-4,653,94,264.1905760451106
2629,huggyllama/llama-7b,dummy-lora-7b-rank-128-3,183,57,264.46835279124963
2630,huggyllama/llama-7b,dummy-lora-7b-rank-16-2,546,12,264.60742883411376
2631,huggyllama/llama-7b,dummy-lora-7b-rank-8-3,306,67,264.63479428359454
2632,huggyllama/llama-7b,dummy-lora-7b-rank-8-4,552,11,264.77841006587687
2633,huggyllama/llama-7b,dummy-lora-7b-rank-128-4,564,6,264.8234159459469
2634,huggyllama/llama-7b,dummy-lora-7b-rank-64-2,512,65,264.83699185452036
2635,huggyllama/llama-7b,dummy-lora-7b-rank-64-0,292,72,265.0363884424762
2636,huggyllama/llama-7b,dummy-lora-7b-rank-32-0,560,24,265.063204066852
2637,huggyllama/llama-7b,dummy-lora-7b-rank-8-2,123,41,265.1128282999136
2638,huggyllama/llama-7b,dummy-lora-7b-rank-8-0,554,23,265.2502221280771
2639,huggyllama/llama-7b,dummy-lora-7b-rank-16-0,237,43,265.354454475143
2640,huggyllama/llama-7b,dummy-lora-7b-rank-64-3,818,102,265.45044616892096
2641,huggyllama/llama-7b,dummy-lora-7b-rank-8-4,554,20,265.4643333933609
2642,huggyllama/llama-7b,dummy-lora-7b-rank-32-0,594,18,265.497294850855
2643,huggyllama/llama-7b,dummy-lora-7b-rank-128-1,568,6,265.53885408627866
2644,huggyllama/llama-7b,dummy-lora-7b-rank-64-0,49,36,265.5467282054304
2645,huggyllama/llama-7b,dummy-lora-7b-rank-32-1,92,44,265.6142446750346
2646,huggyllama/llama-7b,dummy-lora-7b-rank-8-4,297,35,265.6565442188036
2647,huggyllama/llama-7b,dummy-lora-7b-rank-16-4,419,40,265.74792824630055
2648,huggyllama/llama-7b,dummy-lora-7b-rank-64-0,175,46,265.8192640106924
2649,huggyllama/llama-7b,dummy-lora-7b-rank-128-4,130,48,265.90707140618593
2650,huggyllama/llama-7b,dummy-lora-7b-rank-8-0,639,21,265.9718555148207
2651,huggyllama/llama-7b,dummy-lora-7b-rank-8-2,355,58,266.00627601534717
2652,huggyllama/llama-7b,dummy-lora-7b-rank-8-1,352,56,266.176552480279
2653,huggyllama/llama-7b,dummy-lora-7b-rank-16-4,335,53,266.27823389410315
2654,huggyllama/llama-7b,dummy-lora-7b-rank-16-3,603,19,266.30516000438547
2655,huggyllama/llama-7b,dummy-lora-7b-rank-16-0,411,13,266.41655497707444
2656,huggyllama/llama-7b,dummy-lora-7b-rank-128-3,577,35,266.51289440958107
2657,huggyllama/llama-7b,dummy-lora-7b-rank-128-4,552,18,266.56567933155856
2658,huggyllama/llama-7b,dummy-lora-7b-rank-64-2,615,22,266.61665774947846
2659,huggyllama/llama-7b,dummy-lora-7b-rank-16-2,552,19,267.0361521214284
2660,huggyllama/llama-7b,dummy-lora-7b-rank-64-0,518,52,267.0362632612453
2661,huggyllama/llama-7b,dummy-lora-7b-rank-32-0,381,159,267.12660658889433
2662,huggyllama/llama-7b,dummy-lora-7b-rank-64-3,118,38,267.27520881684336
2663,huggyllama/llama-7b,dummy-lora-7b-rank-8-4,554,12,267.29760248802563
2664,huggyllama/llama-7b,dummy-lora-7b-rank-128-3,321,21,267.3950842317601
2665,huggyllama/llama-7b,dummy-lora-7b-rank-16-0,220,183,267.4155617799181
2666,huggyllama/llama-7b,dummy-lora-7b-rank-8-3,721,10,267.609252649444
2667,huggyllama/llama-7b,dummy-lora-7b-rank-128-1,76,43,267.6330176314622
2668,huggyllama/llama-7b,dummy-lora-7b-rank-16-1,772,103,267.8217631555649
2669,huggyllama/llama-7b,dummy-lora-7b-rank-16-2,210,58,267.8445528882396
2670,huggyllama/llama-7b,dummy-lora-7b-rank-128-0,411,7,267.8655558821392
2671,huggyllama/llama-7b,dummy-lora-7b-rank-128-0,670,7,267.98554336970614
2672,huggyllama/llama-7b,dummy-lora-7b-rank-32-0,6,20,268.0988016800595
2673,huggyllama/llama-7b,dummy-lora-7b-rank-128-2,550,18,268.48601909914566
2674,huggyllama/llama-7b,dummy-lora-7b-rank-32-0,867,3,268.5776414908291
2675,huggyllama/llama-7b,dummy-lora-7b-rank-16-2,681,86,268.6221645182105
2676,huggyllama/llama-7b,dummy-lora-7b-rank-32-4,219,55,268.63330877100793
2677,huggyllama/llama-7b,dummy-lora-7b-rank-32-3,558,23,268.7261057353799
2678,huggyllama/llama-7b,dummy-lora-7b-rank-8-3,596,26,268.8446645585981
2679,huggyllama/llama-7b,dummy-lora-7b-rank-16-1,564,27,268.98410046905025
2680,huggyllama/llama-7b,dummy-lora-7b-rank-64-1,156,136,269.02906825704156
2681,huggyllama/llama-7b,dummy-lora-7b-rank-64-1,558,19,269.1468056750032
2682,huggyllama/llama-7b,dummy-lora-7b-rank-8-0,564,27,269.28191767356736
2683,huggyllama/llama-7b,dummy-lora-7b-rank-32-1,199,53,269.31975979658404
2684,huggyllama/llama-7b,dummy-lora-7b-rank-8-3,864,80,269.5174897174894
2685,huggyllama/llama-7b,dummy-lora-7b-rank-32-2,199,107,269.5845323645459
2686,huggyllama/llama-7b,dummy-lora-7b-rank-16-4,54,42,269.6719537396264
2687,huggyllama/llama-7b,dummy-lora-7b-rank-8-0,308,46,269.6770782532771
2688,huggyllama/llama-7b,dummy-lora-7b-rank-8-1,300,37,270.0188373083576
2689,huggyllama/llama-7b,dummy-lora-7b-rank-64-4,600,25,270.04177291169265
2690,huggyllama/llama-7b,dummy-lora-7b-rank-128-4,970,40,270.0637308700373
2691,huggyllama/llama-7b,dummy-lora-7b-rank-128-4,570,83,270.07010344728195
2692,huggyllama/llama-7b,dummy-lora-7b-rank-32-1,441,17,270.1231835579588
2693,huggyllama/llama-7b,dummy-lora-7b-rank-64-2,721,10,270.1278215368431
2694,huggyllama/llama-7b,dummy-lora-7b-rank-16-0,331,86,270.3597107276452
2695,huggyllama/llama-7b,dummy-lora-7b-rank-16-2,174,19,270.5144924758248
2696,huggyllama/llama-7b,dummy-lora-7b-rank-64-3,440,11,270.669372191889
2697,huggyllama/llama-7b,dummy-lora-7b-rank-64-1,672,89,270.699300871716
2698,huggyllama/llama-7b,dummy-lora-7b-rank-64-0,600,29,270.90046622668655
2699,huggyllama/llama-7b,dummy-lora-7b-rank-128-3,550,10,270.91412486949406
2700,huggyllama/llama-7b,dummy-lora-7b-rank-64-0,595,11,270.9296775431384
2701,huggyllama/llama-7b,dummy-lora-7b-rank-8-4,598,206,270.98336723414235
2702,huggyllama/llama-7b,dummy-lora-7b-rank-16-2,578,32,271.1601801390108
2703,huggyllama/llama-7b,dummy-lora-7b-rank-128-2,168,28,271.1720603775819
2704,huggyllama/llama-7b,dummy-lora-7b-rank-32-1,316,55,271.2217280636733
2705,huggyllama/llama-7b,dummy-lora-7b-rank-8-1,554,22,271.3219636010999
2706,huggyllama/llama-7b,dummy-lora-7b-rank-8-2,800,54,271.41657911136025
2707,huggyllama/llama-7b,dummy-lora-7b-rank-128-4,554,20,271.46207164463374
2708,huggyllama/llama-7b,dummy-lora-7b-rank-8-2,590,21,271.4945214977297
2709,huggyllama/llama-7b,dummy-lora-7b-rank-16-1,630,79,271.9152323889182
2710,huggyllama/llama-7b,dummy-lora-7b-rank-64-4,439,54,271.9824444323807
2711,huggyllama/llama-7b,dummy-lora-7b-rank-16-3,806,28,272.02331917744465
2712,huggyllama/llama-7b,dummy-lora-7b-rank-32-3,552,21,272.2223653155323
2713,huggyllama/llama-7b,dummy-lora-7b-rank-16-2,428,41,272.27418327876416
2714,huggyllama/llama-7b,dummy-lora-7b-rank-8-0,639,110,272.3339513625183
2715,huggyllama/llama-7b,dummy-lora-7b-rank-128-2,266,46,272.3571258729888
2716,huggyllama/llama-7b,dummy-lora-7b-rank-128-3,724,97,272.52009068340084
2717,huggyllama/llama-7b,dummy-lora-7b-rank-64-2,743,44,272.6397803996988
2718,huggyllama/llama-7b,dummy-lora-7b-rank-64-3,672,12,272.6714137395879
2719,huggyllama/llama-7b,dummy-lora-7b-rank-64-0,567,65,272.8159913084499
2720,huggyllama/llama-7b,dummy-lora-7b-rank-64-2,621,28,272.84387616232436
2721,huggyllama/llama-7b,dummy-lora-7b-rank-64-1,588,20,272.85964766992595
2722,huggyllama/llama-7b,dummy-lora-7b-rank-128-0,491,69,273.26426937954085
2723,huggyllama/llama-7b,dummy-lora-7b-rank-32-1,146,47,273.2723818883078
2724,huggyllama/llama-7b,dummy-lora-7b-rank-128-0,85,40,273.40302439217345
2725,huggyllama/llama-7b,dummy-lora-7b-rank-64-0,630,3,273.54944604832446
2726,huggyllama/llama-7b,dummy-lora-7b-rank-64-3,371,92,273.5796253107708
2727,huggyllama/llama-7b,dummy-lora-7b-rank-32-1,574,29,273.6710219616409
2728,huggyllama/llama-7b,dummy-lora-7b-rank-8-0,436,40,274.0658911503314
2729,huggyllama/llama-7b,dummy-lora-7b-rank-16-2,594,23,274.08312243294716
2730,huggyllama/llama-7b,dummy-lora-7b-rank-128-3,394,17,274.14651381316685
2731,huggyllama/llama-7b,dummy-lora-7b-rank-128-0,313,181,274.17464658050886
2732,huggyllama/llama-7b,dummy-lora-7b-rank-128-3,720,41,274.418525530121
2733,huggyllama/llama-7b,dummy-lora-7b-rank-128-3,348,48,274.6244742600828
2734,huggyllama/llama-7b,dummy-lora-7b-rank-32-3,574,30,274.76548274685615
2735,huggyllama/llama-7b,dummy-lora-7b-rank-16-3,474,56,274.91942619799966
2736,huggyllama/llama-7b,dummy-lora-7b-rank-128-1,559,21,275.00790624123294
2737,huggyllama/llama-7b,dummy-lora-7b-rank-128-2,382,112,275.0691468643639
2738,huggyllama/llama-7b,dummy-lora-7b-rank-8-3,673,50,275.08342585505466
2739,huggyllama/llama-7b,dummy-lora-7b-rank-16-3,554,21,275.0972920449057
2740,huggyllama/llama-7b,dummy-lora-7b-rank-64-4,532,65,275.2054832356274
2741,huggyllama/llama-7b,dummy-lora-7b-rank-8-1,257,51,275.2299976411821
2742,huggyllama/llama-7b,dummy-lora-7b-rank-128-2,449,37,275.2955627478698
2743,huggyllama/llama-7b,dummy-lora-7b-rank-16-3,142,117,275.3667264056099
2744,huggyllama/llama-7b,dummy-lora-7b-rank-32-2,563,24,275.48463931908844
2745,huggyllama/llama-7b,dummy-lora-7b-rank-32-0,342,39,275.64346833113876
2746,huggyllama/llama-7b,dummy-lora-7b-rank-8-1,440,9,275.67267528076707
2747,huggyllama/llama-7b,dummy-lora-7b-rank-32-3,771,87,275.75794002410106
2748,huggyllama/llama-7b,dummy-lora-7b-rank-32-1,330,35,275.86205859742694
2749,huggyllama/llama-7b,dummy-lora-7b-rank-32-0,639,43,275.9090845710468
2750,huggyllama/llama-7b,dummy-lora-7b-rank-16-4,558,22,276.16930124943974
2751,huggyllama/llama-7b,dummy-lora-7b-rank-16-2,600,27,276.1929412128843
2752,huggyllama/llama-7b,dummy-lora-7b-rank-16-4,577,45,276.2465698170989
2753,huggyllama/llama-7b,dummy-lora-7b-rank-32-4,557,3,276.26896576607305
2754,huggyllama/llama-7b,dummy-lora-7b-rank-8-2,637,60,276.3797964787518
2755,huggyllama/llama-7b,dummy-lora-7b-rank-128-4,299,44,276.38718275784106
2756,huggyllama/llama-7b,dummy-lora-7b-rank-16-3,554,22,276.49644225207646
2757,huggyllama/llama-7b,dummy-lora-7b-rank-64-4,400,41,276.66841487938103
2758,huggyllama/llama-7b,dummy-lora-7b-rank-64-0,642,28,276.67619031158296
2759,huggyllama/llama-7b,dummy-lora-7b-rank-16-3,341,45,276.73207403767657
2760,huggyllama/llama-7b,dummy-lora-7b-rank-8-0,883,23,276.84170462337784
2761,huggyllama/llama-7b,dummy-lora-7b-rank-128-3,56,100,276.8991312565315
2762,huggyllama/llama-7b,dummy-lora-7b-rank-8-2,699,15,276.9979467336579
2763,huggyllama/llama-7b,dummy-lora-7b-rank-64-3,621,28,277.0142339094698
2764,huggyllama/llama-7b,dummy-lora-7b-rank-128-4,558,24,277.0485745921608
2765,huggyllama/llama-7b,dummy-lora-7b-rank-16-2,831,112,277.08394810812086
2766,huggyllama/llama-7b,dummy-lora-7b-rank-8-3,717,11,277.1142689881057
2767,huggyllama/llama-7b,dummy-lora-7b-rank-32-3,342,39,277.1382378662297
2768,huggyllama/llama-7b,dummy-lora-7b-rank-128-3,797,42,277.16271494642297
2769,huggyllama/llama-7b,dummy-lora-7b-rank-64-2,720,75,277.63176264885834
2770,huggyllama/llama-7b,dummy-lora-7b-rank-128-4,578,2,277.64764601465816
2771,huggyllama/llama-7b,dummy-lora-7b-rank-32-4,552,19,277.913757752947
2772,huggyllama/llama-7b,dummy-lora-7b-rank-32-4,548,2,278.2047235953787
2773,huggyllama/llama-7b,dummy-lora-7b-rank-128-1,875,20,278.5926915491277
2774,huggyllama/llama-7b,dummy-lora-7b-rank-32-4,840,55,278.70083150604364
2775,huggyllama/llama-7b,dummy-lora-7b-rank-64-3,426,182,279.09606896059296
2776,huggyllama/llama-7b,dummy-lora-7b-rank-128-1,525,66,279.17580188125334
2777,huggyllama/llama-7b,dummy-lora-7b-rank-16-0,613,40,279.1947080226854
2778,huggyllama/llama-7b,dummy-lora-7b-rank-128-2,167,49,279.36065425028767
2779,huggyllama/llama-7b,dummy-lora-7b-rank-16-3,562,2,279.40278966096395
2780,huggyllama/llama-7b,dummy-lora-7b-rank-16-4,704,106,279.60557855801983
2781,huggyllama/llama-7b,dummy-lora-7b-rank-8-2,200,47,279.77894414472553
2782,huggyllama/llama-7b,dummy-lora-7b-rank-8-2,322,134,280.1961289512007
2783,huggyllama/llama-7b,dummy-lora-7b-rank-128-4,358,49,280.2483449488602
2784,huggyllama/llama-7b,dummy-lora-7b-rank-16-4,554,20,280.31160746476394
2785,huggyllama/llama-7b,dummy-lora-7b-rank-128-1,558,22,280.6020976890634
2786,huggyllama/llama-7b,dummy-lora-7b-rank-8-2,1012,52,280.7157605888288
2787,huggyllama/llama-7b,dummy-lora-7b-rank-128-0,609,24,281.1531999292966
2788,huggyllama/llama-7b,dummy-lora-7b-rank-32-4,335,65,281.1589722878663
2789,huggyllama/llama-7b,dummy-lora-7b-rank-16-0,445,17,281.2422288311699
2790,huggyllama/llama-7b,dummy-lora-7b-rank-16-2,640,19,281.28513436355615
2791,huggyllama/llama-7b,dummy-lora-7b-rank-16-2,972,3,281.3416253334584
2792,huggyllama/llama-7b,dummy-lora-7b-rank-64-4,589,42,281.4813861449179
2793,huggyllama/llama-7b,dummy-lora-7b-rank-64-4,440,6,281.5251821285078
2794,huggyllama/llama-7b,dummy-lora-7b-rank-128-4,94,46,281.7755794751809
2795,huggyllama/llama-7b,dummy-lora-7b-rank-8-3,656,27,281.90224424819337
2796,huggyllama/llama-7b,dummy-lora-7b-rank-8-2,558,22,282.02553940950975
2797,huggyllama/llama-7b,dummy-lora-7b-rank-8-4,601,20,282.0294032949041
2798,huggyllama/llama-7b,dummy-lora-7b-rank-128-0,195,10,282.0338385840345
2799,huggyllama/llama-7b,dummy-lora-7b-rank-32-2,643,54,282.068776071691
2800,huggyllama/llama-7b,dummy-lora-7b-rank-32-0,339,9,282.07795001246643
2801,huggyllama/llama-7b,dummy-lora-7b-rank-32-3,566,66,282.2793453665284
2802,huggyllama/llama-7b,dummy-lora-7b-rank-32-0,53,61,282.51314877762155
2803,huggyllama/llama-7b,dummy-lora-7b-rank-32-3,510,46,282.7119468397174
2804,huggyllama/llama-7b,dummy-lora-7b-rank-16-2,613,17,282.7192953705346
2805,huggyllama/llama-7b,dummy-lora-7b-rank-32-4,556,12,282.7233802101553
2806,huggyllama/llama-7b,dummy-lora-7b-rank-32-1,554,20,282.96009524649327
2807,huggyllama/llama-7b,dummy-lora-7b-rank-16-0,758,27,283.12411643878545
2808,huggyllama/llama-7b,dummy-lora-7b-rank-8-0,353,12,283.1907359336262
2809,huggyllama/llama-7b,dummy-lora-7b-rank-32-1,544,7,283.2207765310813
2810,huggyllama/llama-7b,dummy-lora-7b-rank-64-1,653,3,283.2722722216641
2811,huggyllama/llama-7b,dummy-lora-7b-rank-64-3,584,37,283.28230530046164
2812,huggyllama/llama-7b,dummy-lora-7b-rank-128-3,409,39,283.30945694106134
2813,huggyllama/llama-7b,dummy-lora-7b-rank-64-4,246,161,283.3142137286537
2814,huggyllama/llama-7b,dummy-lora-7b-rank-32-2,534,15,283.35215852742346
2815,huggyllama/llama-7b,dummy-lora-7b-rank-32-0,580,34,283.50921555050206
2816,huggyllama/llama-7b,dummy-lora-7b-rank-32-1,564,28,283.7541250540693
2817,huggyllama/llama-7b,dummy-lora-7b-rank-128-2,730,84,283.93006314649284
2818,huggyllama/llama-7b,dummy-lora-7b-rank-8-2,708,110,284.07475483455323
2819,huggyllama/llama-7b,dummy-lora-7b-rank-32-0,76,27,284.12977210830877
2820,huggyllama/llama-7b,dummy-lora-7b-rank-64-1,55,84,284.152614566923
2821,huggyllama/llama-7b,dummy-lora-7b-rank-128-4,454,106,284.1921326103921
2822,huggyllama/llama-7b,dummy-lora-7b-rank-32-3,605,20,284.5344130361286
2823,huggyllama/llama-7b,dummy-lora-7b-rank-128-3,607,20,284.5499343291595
2824,huggyllama/llama-7b,dummy-lora-7b-rank-32-0,949,88,284.59675405299237
2825,huggyllama/llama-7b,dummy-lora-7b-rank-8-2,240,48,284.74110644324884
2826,huggyllama/llama-7b,dummy-lora-7b-rank-128-1,791,14,284.7520780645318
2827,huggyllama/llama-7b,dummy-lora-7b-rank-8-0,556,22,284.8214274871474
2828,huggyllama/llama-7b,dummy-lora-7b-rank-16-2,497,37,284.9134824314427
2829,huggyllama/llama-7b,dummy-lora-7b-rank-8-2,178,111,285.3056099853017
2830,huggyllama/llama-7b,dummy-lora-7b-rank-32-3,565,19,285.32649402157153
2831,huggyllama/llama-7b,dummy-lora-7b-rank-8-0,558,22,285.49878086565616
2832,huggyllama/llama-7b,dummy-lora-7b-rank-32-4,159,54,285.5793232715548
2833,huggyllama/llama-7b,dummy-lora-7b-rank-8-1,436,37,285.6860028339034
2834,huggyllama/llama-7b,dummy-lora-7b-rank-128-4,628,11,285.8148418950282
2835,huggyllama/llama-7b,dummy-lora-7b-rank-128-3,556,21,285.82040106106746
2836,huggyllama/llama-7b,dummy-lora-7b-rank-64-4,613,61,285.8876710523117
2837,huggyllama/llama-7b,dummy-lora-7b-rank-64-3,594,22,285.99752630959586
2838,huggyllama/llama-7b,dummy-lora-7b-rank-128-4,558,24,286.3250373928296
2839,huggyllama/llama-7b,dummy-lora-7b-rank-32-0,1017,11,286.3559344315136
2840,huggyllama/llama-7b,dummy-lora-7b-rank-16-2,403,68,286.48453604002225
2841,huggyllama/llama-7b,dummy-lora-7b-rank-128-1,670,124,286.58755644764886
2842,huggyllama/llama-7b,dummy-lora-7b-rank-32-0,199,51,286.6430942502118
2843,huggyllama/llama-7b,dummy-lora-7b-rank-32-4,535,40,287.0213439126837
2844,huggyllama/llama-7b,dummy-lora-7b-rank-32-3,383,50,287.0234052099233
2845,huggyllama/llama-7b,dummy-lora-7b-rank-8-2,505,66,287.24437044112545
2846,huggyllama/llama-7b,dummy-lora-7b-rank-64-3,482,48,287.2829839888031
2847,huggyllama/llama-7b,dummy-lora-7b-rank-32-2,978,15,287.402027179703
2848,huggyllama/llama-7b,dummy-lora-7b-rank-32-0,449,28,287.5678707899446
2849,huggyllama/llama-7b,dummy-lora-7b-rank-8-2,423,9,287.7520363099869
2850,huggyllama/llama-7b,dummy-lora-7b-rank-16-4,1019,13,287.8185427304239
2851,huggyllama/llama-7b,dummy-lora-7b-rank-16-4,604,60,287.9035677201198
2852,huggyllama/llama-7b,dummy-lora-7b-rank-32-3,1023,42,288.11704821251686
2853,huggyllama/llama-7b,dummy-lora-7b-rank-16-2,320,58,288.5057203176727
2854,huggyllama/llama-7b,dummy-lora-7b-rank-16-3,570,28,289.0764829906392
2855,huggyllama/llama-7b,dummy-lora-7b-rank-64-4,538,44,289.14022324346655
2856,huggyllama/llama-7b,dummy-lora-7b-rank-32-1,478,45,289.17442886220476
2857,huggyllama/llama-7b,dummy-lora-7b-rank-64-2,596,27,289.2680927244143
2858,huggyllama/llama-7b,dummy-lora-7b-rank-16-1,552,10,289.4178998232144
2859,huggyllama/llama-7b,dummy-lora-7b-rank-16-4,674,119,289.52094684984843
2860,huggyllama/llama-7b,dummy-lora-7b-rank-32-0,110,11,289.71585951335084
2861,huggyllama/llama-7b,dummy-lora-7b-rank-32-1,613,20,289.78063738429705
2862,huggyllama/llama-7b,dummy-lora-7b-rank-16-0,606,8,289.86326480947287
2863,huggyllama/llama-7b,dummy-lora-7b-rank-8-3,548,17,289.97925980549246
2864,huggyllama/llama-7b,dummy-lora-7b-rank-64-4,286,8,289.98546869396813
2865,huggyllama/llama-7b,dummy-lora-7b-rank-64-2,295,11,289.9898833005077
2866,huggyllama/llama-7b,dummy-lora-7b-rank-128-2,572,31,290.11598759634546
2867,huggyllama/llama-7b,dummy-lora-7b-rank-16-0,1001,15,290.39593280079436
2868,huggyllama/llama-7b,dummy-lora-7b-rank-8-2,775,13,290.4496063736273
2869,huggyllama/llama-7b,dummy-lora-7b-rank-64-2,649,39,290.4614175455605
2870,huggyllama/llama-7b,dummy-lora-7b-rank-128-2,566,28,290.6768125822249
2871,huggyllama/llama-7b,dummy-lora-7b-rank-16-2,560,25,290.92533977368885
2872,huggyllama/llama-7b,dummy-lora-7b-rank-64-4,558,24,291.0257387073842
2873,huggyllama/llama-7b,dummy-lora-7b-rank-16-3,607,23,291.21249235970214
2874,huggyllama/llama-7b,dummy-lora-7b-rank-64-4,308,17,291.4005028109756
2875,huggyllama/llama-7b,dummy-lora-7b-rank-128-4,550,18,291.40577911735375
2876,huggyllama/llama-7b,dummy-lora-7b-rank-64-1,552,19,291.4990739701853
2877,huggyllama/llama-7b,dummy-lora-7b-rank-64-3,632,36,291.56447909099325
2878,huggyllama/llama-7b,dummy-lora-7b-rank-8-2,755,64,291.6380561735837
2879,huggyllama/llama-7b,dummy-lora-7b-rank-64-0,316,57,291.668390792284
2880,huggyllama/llama-7b,dummy-lora-7b-rank-128-0,579,67,291.66994875594435
2881,huggyllama/llama-7b,dummy-lora-7b-rank-8-1,449,48,291.696375770899
2882,huggyllama/llama-7b,dummy-lora-7b-rank-16-1,398,11,291.7903404328381
2883,huggyllama/llama-7b,dummy-lora-7b-rank-32-0,562,27,291.7979869589691
2884,huggyllama/llama-7b,dummy-lora-7b-rank-128-2,405,52,291.86000156969624
2885,huggyllama/llama-7b,dummy-lora-7b-rank-64-3,894,3,292.03188926688836
2886,huggyllama/llama-7b,dummy-lora-7b-rank-32-2,615,42,292.0319236211288
2887,huggyllama/llama-7b,dummy-lora-7b-rank-128-1,379,43,292.0433193979582
2888,huggyllama/llama-7b,dummy-lora-7b-rank-16-2,210,32,292.11291848138353
2889,huggyllama/llama-7b,dummy-lora-7b-rank-32-1,315,45,292.20147256048796
2890,huggyllama/llama-7b,dummy-lora-7b-rank-32-4,427,6,292.36109881913336
2891,huggyllama/llama-7b,dummy-lora-7b-rank-64-4,313,32,292.37028727755313
2892,huggyllama/llama-7b,dummy-lora-7b-rank-8-1,627,34,292.46133119742973
2893,huggyllama/llama-7b,dummy-lora-7b-rank-128-4,552,21,292.732105973123
2894,huggyllama/llama-7b,dummy-lora-7b-rank-8-2,199,43,292.82635902050424
2895,huggyllama/llama-7b,dummy-lora-7b-rank-128-2,550,10,292.8488700055018
2896,huggyllama/llama-7b,dummy-lora-7b-rank-16-3,568,30,292.9182575979153
2897,huggyllama/llama-7b,dummy-lora-7b-rank-32-4,329,56,293.0874637626422
2898,huggyllama/llama-7b,dummy-lora-7b-rank-8-4,403,12,293.4317339445531
2899,huggyllama/llama-7b,dummy-lora-7b-rank-16-2,603,19,293.60118243177646
2900,huggyllama/llama-7b,dummy-lora-7b-rank-16-4,461,43,293.68228896384886
2901,huggyllama/llama-7b,dummy-lora-7b-rank-32-3,556,21,293.85543886203504
2902,huggyllama/llama-7b,dummy-lora-7b-rank-16-2,251,3,293.9234870055047
2903,huggyllama/llama-7b,dummy-lora-7b-rank-32-1,394,119,294.1675774949491
2904,huggyllama/llama-7b,dummy-lora-7b-rank-16-1,430,47,294.2197759752212
2905,huggyllama/llama-7b,dummy-lora-7b-rank-128-0,629,11,294.4323599153435
2906,huggyllama/llama-7b,dummy-lora-7b-rank-128-3,364,133,294.6941909541494
2907,huggyllama/llama-7b,dummy-lora-7b-rank-128-0,607,21,294.8372377236812
2908,huggyllama/llama-7b,dummy-lora-7b-rank-64-1,582,11,294.99249471884116
2909,huggyllama/llama-7b,dummy-lora-7b-rank-128-2,682,56,295.31876156160916
2910,huggyllama/llama-7b,dummy-lora-7b-rank-16-2,690,20,295.5163019099649
2911,huggyllama/llama-7b,dummy-lora-7b-rank-16-1,361,6,296.01139248023344
2912,huggyllama/llama-7b,dummy-lora-7b-rank-64-0,163,44,296.2399202391225
2913,huggyllama/llama-7b,dummy-lora-7b-rank-16-2,570,31,296.4146700412048
2914,huggyllama/llama-7b,dummy-lora-7b-rank-64-1,548,17,296.58976656406566
2915,huggyllama/llama-7b,dummy-lora-7b-rank-8-0,514,43,296.6762884590146
2916,huggyllama/llama-7b,dummy-lora-7b-rank-128-4,890,30,296.7584143726622
2917,huggyllama/llama-7b,dummy-lora-7b-rank-32-0,453,50,296.76098577391843
2918,huggyllama/llama-7b,dummy-lora-7b-rank-128-2,564,25,296.8840197601428
2919,huggyllama/llama-7b,dummy-lora-7b-rank-16-0,132,48,296.9362340570753
2920,huggyllama/llama-7b,dummy-lora-7b-rank-16-3,601,18,297.0210676249541
2921,huggyllama/llama-7b,dummy-lora-7b-rank-8-0,552,20,297.24992559782885
2922,huggyllama/llama-7b,dummy-lora-7b-rank-64-4,586,19,297.45893715108997
2923,huggyllama/llama-7b,dummy-lora-7b-rank-64-2,514,10,297.59312503200596
2924,huggyllama/llama-7b,dummy-lora-7b-rank-64-2,591,8,297.6503405266884
2925,huggyllama/llama-7b,dummy-lora-7b-rank-8-1,574,31,297.76617562247685
2926,huggyllama/llama-7b,dummy-lora-7b-rank-8-2,564,17,297.85467598276006
2927,huggyllama/llama-7b,dummy-lora-7b-rank-64-4,550,101,297.9878175710152
2928,huggyllama/llama-7b,dummy-lora-7b-rank-128-3,546,16,298.00978128286374
2929,huggyllama/llama-7b,dummy-lora-7b-rank-16-1,842,44,298.0808027999431
2930,huggyllama/llama-7b,dummy-lora-7b-rank-64-3,482,52,298.1523649299001
2931,huggyllama/llama-7b,dummy-lora-7b-rank-8-2,109,44,298.21954136325644
2932,huggyllama/llama-7b,dummy-lora-7b-rank-32-0,332,47,298.5983068661809
2933,huggyllama/llama-7b,dummy-lora-7b-rank-64-0,797,3,298.6197954805234
2934,huggyllama/llama-7b,dummy-lora-7b-rank-128-0,578,8,298.6257298026567
2935,huggyllama/llama-7b,dummy-lora-7b-rank-8-3,479,113,298.63130800127294
2936,huggyllama/llama-7b,dummy-lora-7b-rank-64-3,496,45,298.7255452250967
2937,huggyllama/llama-7b,dummy-lora-7b-rank-32-4,554,20,298.8939087540653
2938,huggyllama/llama-7b,dummy-lora-7b-rank-8-4,138,71,298.953142967915
2939,huggyllama/llama-7b,dummy-lora-7b-rank-32-2,424,42,299.0305690305167
2940,huggyllama/llama-7b,dummy-lora-7b-rank-32-1,573,80,299.11060549778995
2941,huggyllama/llama-7b,dummy-lora-7b-rank-64-4,522,75,299.25638191431926
2942,huggyllama/llama-7b,dummy-lora-7b-rank-64-4,603,17,299.2977191249582
2943,huggyllama/llama-7b,dummy-lora-7b-rank-16-1,287,37,299.3205668640621
2944,huggyllama/llama-7b,dummy-lora-7b-rank-32-2,570,25,299.3295337365323
2945,huggyllama/llama-7b,dummy-lora-7b-rank-8-4,584,31,299.37030414271607
2946,huggyllama/llama-7b,dummy-lora-7b-rank-64-1,568,28,299.43904388798506
2947,huggyllama/llama-7b,dummy-lora-7b-rank-64-4,434,54,299.4646326403136
2948,huggyllama/llama-7b,dummy-lora-7b-rank-32-1,552,71,299.521763299725
2949,huggyllama/llama-7b,dummy-lora-7b-rank-64-3,397,83,299.55114047161993
2950,huggyllama/llama-7b,dummy-lora-7b-rank-64-4,505,7,299.7383167853189
2951,huggyllama/llama-7b,dummy-lora-7b-rank-16-1,247,42,299.7574104484155
2952,huggyllama/llama-7b,dummy-lora-7b-rank-8-0,1015,3,299.81532910543336
2953,huggyllama/llama-7b,dummy-lora-7b-rank-16-4,149,57,299.99123408347276
2954,huggyllama/llama-7b,dummy-lora-7b-rank-64-0,830,72,300.3343131695732
2955,huggyllama/llama-7b,dummy-lora-7b-rank-8-1,603,12,300.51161405236877
2956,huggyllama/llama-7b,dummy-lora-7b-rank-64-1,558,22,300.5597648299253
2957,huggyllama/llama-7b,dummy-lora-7b-rank-64-1,554,21,300.64261978576684
2958,huggyllama/llama-7b,dummy-lora-7b-rank-16-1,390,6,300.65386056436137
2959,huggyllama/llama-7b,dummy-lora-7b-rank-16-3,742,11,300.7608004038824
2960,huggyllama/llama-7b,dummy-lora-7b-rank-64-2,218,49,300.77799326726534
2961,huggyllama/llama-7b,dummy-lora-7b-rank-64-4,446,174,300.8304493031647
2962,huggyllama/llama-7b,dummy-lora-7b-rank-128-2,578,32,300.8650278022743
2963,huggyllama/llama-7b,dummy-lora-7b-rank-64-3,536,41,300.9413327754249
2964,huggyllama/llama-7b,dummy-lora-7b-rank-16-3,354,67,301.0298820386022
2965,huggyllama/llama-7b,dummy-lora-7b-rank-16-0,746,9,301.0634148803011
2966,huggyllama/llama-7b,dummy-lora-7b-rank-128-4,426,54,301.31972446843207
2967,huggyllama/llama-7b,dummy-lora-7b-rank-8-0,392,39,301.68592569248983
2968,huggyllama/llama-7b,dummy-lora-7b-rank-32-1,568,24,301.9396924966651
2969,huggyllama/llama-7b,dummy-lora-7b-rank-64-2,130,43,302.1019879421867
2970,huggyllama/llama-7b,dummy-lora-7b-rank-16-3,572,25,302.1251616181304
2971,huggyllama/llama-7b,dummy-lora-7b-rank-64-3,554,21,302.1515013050779
2972,huggyllama/llama-7b,dummy-lora-7b-rank-8-1,431,11,302.16382182759276
2973,huggyllama/llama-7b,dummy-lora-7b-rank-16-2,621,25,302.19388892373314
2974,huggyllama/llama-7b,dummy-lora-7b-rank-16-1,171,3,302.2899642912769
2975,huggyllama/llama-7b,dummy-lora-7b-rank-32-1,560,23,302.3722210573988
2976,huggyllama/llama-7b,dummy-lora-7b-rank-16-1,526,15,302.3735522756645
2977,huggyllama/llama-7b,dummy-lora-7b-rank-8-1,550,10,302.4273428870834
2978,huggyllama/llama-7b,dummy-lora-7b-rank-8-3,317,46,302.80644264366606
2979,huggyllama/llama-7b,dummy-lora-7b-rank-16-1,220,5,302.9292009282603
2980,huggyllama/llama-7b,dummy-lora-7b-rank-8-0,444,50,303.198069838429
2981,huggyllama/llama-7b,dummy-lora-7b-rank-64-3,615,11,303.23626475463334
2982,huggyllama/llama-7b,dummy-lora-7b-rank-32-4,460,6,303.2643320043678
2983,huggyllama/llama-7b,dummy-lora-7b-rank-64-0,746,79,303.2742280980275
2984,huggyllama/llama-7b,dummy-lora-7b-rank-32-2,277,45,303.29452775228987
2985,huggyllama/llama-7b,dummy-lora-7b-rank-16-1,531,42,303.3995267378412
2986,huggyllama/llama-7b,dummy-lora-7b-rank-128-3,568,44,303.4894508441906
2987,huggyllama/llama-7b,dummy-lora-7b-rank-16-1,295,151,303.6373854341352
2988,huggyllama/llama-7b,dummy-lora-7b-rank-128-4,280,51,303.69709623789635
2989,huggyllama/llama-7b,dummy-lora-7b-rank-16-2,561,10,303.774725652628
2990,huggyllama/llama-7b,dummy-lora-7b-rank-8-3,295,86,303.8723036058401
2991,huggyllama/llama-7b,dummy-lora-7b-rank-64-2,455,218,303.91951752689175
2992,huggyllama/llama-7b,dummy-lora-7b-rank-16-0,412,7,303.99828357127006
2993,huggyllama/llama-7b,dummy-lora-7b-rank-8-4,562,27,304.20756134139793
2994,huggyllama/llama-7b,dummy-lora-7b-rank-128-1,570,28,304.3742486833875
2995,huggyllama/llama-7b,dummy-lora-7b-rank-64-1,465,7,304.6234599099847
2996,huggyllama/llama-7b,dummy-lora-7b-rank-32-4,849,30,304.6863046462812
2997,huggyllama/llama-7b,dummy-lora-7b-rank-16-0,639,8,304.8141892766179
2998,huggyllama/llama-7b,dummy-lora-7b-rank-32-3,262,47,304.85746033021667
2999,huggyllama/llama-7b,dummy-lora-7b-rank-128-3,577,51,304.9356873128569
3000,huggyllama/llama-7b,dummy-lora-7b-rank-8-4,547,51,305.0298391829581
3001,huggyllama/llama-7b,dummy-lora-7b-rank-32-3,597,23,305.1266716072885
3002,huggyllama/llama-7b,dummy-lora-7b-rank-128-0,546,50,305.16908613257976
3003,huggyllama/llama-7b,dummy-lora-7b-rank-64-0,314,48,305.18579653747366
3004,huggyllama/llama-7b,dummy-lora-7b-rank-8-4,568,27,305.3426523646429
3005,huggyllama/llama-7b,dummy-lora-7b-rank-128-3,503,38,305.5088211771453
3006,huggyllama/llama-7b,dummy-lora-7b-rank-128-0,613,18,305.70445404836056
3007,huggyllama/llama-7b,dummy-lora-7b-rank-32-2,374,55,305.7827674543055
3008,huggyllama/llama-7b,dummy-lora-7b-rank-128-0,442,64,305.80259697073535
3009,huggyllama/llama-7b,dummy-lora-7b-rank-8-0,201,45,306.0101032450362
3010,huggyllama/llama-7b,dummy-lora-7b-rank-64-0,909,40,306.19499908986813
3011,huggyllama/llama-7b,dummy-lora-7b-rank-64-4,112,71,306.39087805055436
3012,huggyllama/llama-7b,dummy-lora-7b-rank-128-0,670,79,306.56817180807906
3013,huggyllama/llama-7b,dummy-lora-7b-rank-16-1,314,6,306.62458591090734
3014,huggyllama/llama-7b,dummy-lora-7b-rank-8-1,552,19,306.6266765192077
3015,huggyllama/llama-7b,dummy-lora-7b-rank-8-4,100,52,306.7129509035929
3016,huggyllama/llama-7b,dummy-lora-7b-rank-128-4,554,20,306.8190943227686
3017,huggyllama/llama-7b,dummy-lora-7b-rank-64-1,613,21,306.8516702825457
3018,huggyllama/llama-7b,dummy-lora-7b-rank-64-2,402,26,306.86133663577283
3019,huggyllama/llama-7b,dummy-lora-7b-rank-16-4,428,47,306.8947051668857
3020,huggyllama/llama-7b,dummy-lora-7b-rank-8-1,302,17,306.96732831273835
3021,huggyllama/llama-7b,dummy-lora-7b-rank-8-3,552,18,307.0453365384678
3022,huggyllama/llama-7b,dummy-lora-7b-rank-64-4,562,24,307.30713785039705
3023,huggyllama/llama-7b,dummy-lora-7b-rank-16-2,687,162,307.5456213054729
3024,huggyllama/llama-7b,dummy-lora-7b-rank-8-2,318,128,307.62096703849755
3025,huggyllama/llama-7b,dummy-lora-7b-rank-32-1,597,11,307.72048354305457
3026,huggyllama/llama-7b,dummy-lora-7b-rank-16-2,605,20,307.7293689516729
3027,huggyllama/llama-7b,dummy-lora-7b-rank-8-3,631,22,307.8250237860979
3028,huggyllama/llama-7b,dummy-lora-7b-rank-32-2,667,52,307.9285693699181
3029,huggyllama/llama-7b,dummy-lora-7b-rank-32-2,515,60,307.96434129856345
3030,huggyllama/llama-7b,dummy-lora-7b-rank-8-1,230,39,308.00343835174374
3031,huggyllama/llama-7b,dummy-lora-7b-rank-128-4,255,46,308.36818052205416
3032,huggyllama/llama-7b,dummy-lora-7b-rank-16-4,544,49,308.4253228934152
3033,huggyllama/llama-7b,dummy-lora-7b-rank-32-3,299,44,308.4303304393466
3034,huggyllama/llama-7b,dummy-lora-7b-rank-64-0,364,5,308.4327172726814
3035,huggyllama/llama-7b,dummy-lora-7b-rank-8-0,331,119,308.50934978250564
3036,huggyllama/llama-7b,dummy-lora-7b-rank-32-3,206,64,308.6383029673436
3037,huggyllama/llama-7b,dummy-lora-7b-rank-16-1,373,128,308.6541391135782
3038,huggyllama/llama-7b,dummy-lora-7b-rank-128-3,780,18,308.80220710257777
3039,huggyllama/llama-7b,dummy-lora-7b-rank-128-2,467,71,308.8685342492187
3040,huggyllama/llama-7b,dummy-lora-7b-rank-128-3,352,45,308.8717352418033
3041,huggyllama/llama-7b,dummy-lora-7b-rank-16-0,719,16,308.89931985660434
3042,huggyllama/llama-7b,dummy-lora-7b-rank-8-4,576,34,309.0159741324738
3043,huggyllama/llama-7b,dummy-lora-7b-rank-128-4,291,49,309.0280688079791
3044,huggyllama/llama-7b,dummy-lora-7b-rank-32-1,562,26,309.2091681739557
3045,huggyllama/llama-7b,dummy-lora-7b-rank-8-3,749,63,309.36091735880984
3046,huggyllama/llama-7b,dummy-lora-7b-rank-32-1,709,64,309.42208179276525
3047,huggyllama/llama-7b,dummy-lora-7b-rank-16-0,176,47,309.5598013677971
3048,huggyllama/llama-7b,dummy-lora-7b-rank-64-2,834,19,309.7668710483599
3049,huggyllama/llama-7b,dummy-lora-7b-rank-8-3,592,8,309.98881359375366
3050,huggyllama/llama-7b,dummy-lora-7b-rank-8-1,576,14,310.06963874736675
3051,huggyllama/llama-7b,dummy-lora-7b-rank-8-0,404,11,310.1028420854707
3052,huggyllama/llama-7b,dummy-lora-7b-rank-8-3,473,48,310.1097586371126
3053,huggyllama/llama-7b,dummy-lora-7b-rank-128-4,731,67,310.117658552923
3054,huggyllama/llama-7b,dummy-lora-7b-rank-16-2,566,27,310.12778828515525
3055,huggyllama/llama-7b,dummy-lora-7b-rank-32-2,431,13,310.2673998003695
3056,huggyllama/llama-7b,dummy-lora-7b-rank-128-0,572,37,310.304902907383
3057,huggyllama/llama-7b,dummy-lora-7b-rank-16-1,124,46,310.43627477616184
3058,huggyllama/llama-7b,dummy-lora-7b-rank-16-1,614,60,310.4499929033454
3059,huggyllama/llama-7b,dummy-lora-7b-rank-16-4,409,46,310.66255769984554
3060,huggyllama/llama-7b,dummy-lora-7b-rank-8-3,240,40,310.9300184904927
3061,huggyllama/llama-7b,dummy-lora-7b-rank-32-3,839,87,311.0843791727694
3062,huggyllama/llama-7b,dummy-lora-7b-rank-128-2,598,42,311.11375095297313
3063,huggyllama/llama-7b,dummy-lora-7b-rank-8-1,315,45,311.115288023345
3064,huggyllama/llama-7b,dummy-lora-7b-rank-64-3,330,49,311.29548951295607
3065,huggyllama/llama-7b,dummy-lora-7b-rank-128-2,483,47,311.61341176213887
3066,huggyllama/llama-7b,dummy-lora-7b-rank-128-1,270,12,311.63236656587674
3067,huggyllama/llama-7b,dummy-lora-7b-rank-64-0,716,22,311.6974832227441
3068,huggyllama/llama-7b,dummy-lora-7b-rank-8-3,197,94,311.7193826884946
3069,huggyllama/llama-7b,dummy-lora-7b-rank-128-3,495,6,311.7763250837591
3070,huggyllama/llama-7b,dummy-lora-7b-rank-128-0,597,47,311.82129696779606
3071,huggyllama/llama-7b,dummy-lora-7b-rank-128-0,568,7,311.8334358994712
3072,huggyllama/llama-7b,dummy-lora-7b-rank-8-0,611,23,312.21690172872246
3073,huggyllama/llama-7b,dummy-lora-7b-rank-8-2,513,13,312.33419358677884
3074,huggyllama/llama-7b,dummy-lora-7b-rank-32-3,300,47,312.6824246750763
3075,huggyllama/llama-7b,dummy-lora-7b-rank-64-2,965,3,312.7258546882226
3076,huggyllama/llama-7b,dummy-lora-7b-rank-32-2,450,44,312.95502735081055
3077,huggyllama/llama-7b,dummy-lora-7b-rank-32-0,161,74,313.0185589005698
3078,huggyllama/llama-7b,dummy-lora-7b-rank-64-2,572,7,313.046286065735
3079,huggyllama/llama-7b,dummy-lora-7b-rank-128-2,700,15,313.0703418702161
3080,huggyllama/llama-7b,dummy-lora-7b-rank-32-0,445,59,313.08820296483293
3081,huggyllama/llama-7b,dummy-lora-7b-rank-8-2,564,25,313.1366806785705
3082,huggyllama/llama-7b,dummy-lora-7b-rank-128-3,566,26,313.1767238614658
3083,huggyllama/llama-7b,dummy-lora-7b-rank-8-2,545,73,313.17927453821846
3084,huggyllama/llama-7b,dummy-lora-7b-rank-16-2,691,12,313.28792304601643
3085,huggyllama/llama-7b,dummy-lora-7b-rank-128-2,320,42,313.37935018801574
3086,huggyllama/llama-7b,dummy-lora-7b-rank-32-1,361,6,313.4789257802576
3087,huggyllama/llama-7b,dummy-lora-7b-rank-128-3,196,52,313.68373153533804
3088,huggyllama/llama-7b,dummy-lora-7b-rank-64-1,560,23,313.7233659781382
3089,huggyllama/llama-7b,dummy-lora-7b-rank-32-4,623,27,313.8658840068774
3090,huggyllama/llama-7b,dummy-lora-7b-rank-32-2,554,18,313.90439488491944
3091,huggyllama/llama-7b,dummy-lora-7b-rank-128-2,755,17,314.18921283080476
3092,huggyllama/llama-7b,dummy-lora-7b-rank-16-1,548,17,314.2636772340057
3093,huggyllama/llama-7b,dummy-lora-7b-rank-32-1,638,63,314.3244117977717
3094,huggyllama/llama-7b,dummy-lora-7b-rank-8-4,601,8,314.3470064834137
3095,huggyllama/llama-7b,dummy-lora-7b-rank-16-3,550,18,314.6824509204917
3096,huggyllama/llama-7b,dummy-lora-7b-rank-128-0,311,36,314.8905845674026
3097,huggyllama/llama-7b,dummy-lora-7b-rank-16-0,607,8,315.10429331077967
3098,huggyllama/llama-7b,dummy-lora-7b-rank-16-2,339,35,315.14922942588043
3099,huggyllama/llama-7b,dummy-lora-7b-rank-16-3,89,46,315.158229047947
3100,huggyllama/llama-7b,dummy-lora-7b-rank-16-1,359,11,315.20405350840184
3101,huggyllama/llama-7b,dummy-lora-7b-rank-32-0,558,14,315.3169330314096
3102,huggyllama/llama-7b,dummy-lora-7b-rank-64-0,550,18,315.4954025979531
3103,huggyllama/llama-7b,dummy-lora-7b-rank-32-3,6,20,315.54681216383506
3104,huggyllama/llama-7b,dummy-lora-7b-rank-64-1,54,71,315.61535177605685
3105,huggyllama/llama-7b,dummy-lora-7b-rank-128-3,568,28,315.65513044921187
3106,huggyllama/llama-7b,dummy-lora-7b-rank-128-1,225,3,315.765000330797
3107,huggyllama/llama-7b,dummy-lora-7b-rank-128-1,566,26,315.8137147108923
3108,huggyllama/llama-7b,dummy-lora-7b-rank-16-1,384,55,315.9934626243185
3109,huggyllama/llama-7b,dummy-lora-7b-rank-64-0,649,9,316.0388094394463
3110,huggyllama/llama-7b,dummy-lora-7b-rank-128-1,550,18,316.11997312367805
3111,huggyllama/llama-7b,dummy-lora-7b-rank-128-4,492,8,316.3467767954692
3112,huggyllama/llama-7b,dummy-lora-7b-rank-64-4,536,8,316.4040210346168
3113,huggyllama/llama-7b,dummy-lora-7b-rank-8-2,425,124,316.4491029050138
3114,huggyllama/llama-7b,dummy-lora-7b-rank-16-0,554,19,316.49774104932794
3115,huggyllama/llama-7b,dummy-lora-7b-rank-32-1,667,3,316.5423291717772
3116,huggyllama/llama-7b,dummy-lora-7b-rank-8-4,570,31,316.9802213830971
3117,huggyllama/llama-7b,dummy-lora-7b-rank-32-1,550,18,317.0160168443993
3118,huggyllama/llama-7b,dummy-lora-7b-rank-64-0,273,54,317.02433072921065
3119,huggyllama/llama-7b,dummy-lora-7b-rank-128-3,560,13,317.0513109273088
3120,huggyllama/llama-7b,dummy-lora-7b-rank-32-2,548,17,317.06672586768985
3121,huggyllama/llama-7b,dummy-lora-7b-rank-8-1,447,52,317.12224974385117
3122,huggyllama/llama-7b,dummy-lora-7b-rank-64-4,418,6,317.1406984744946
3123,huggyllama/llama-7b,dummy-lora-7b-rank-32-3,572,11,317.2554424378448
3124,huggyllama/llama-7b,dummy-lora-7b-rank-16-1,721,63,317.29475481258316
3125,huggyllama/llama-7b,dummy-lora-7b-rank-32-1,574,31,317.34476107822576
3126,huggyllama/llama-7b,dummy-lora-7b-rank-32-0,351,51,317.4156071307352
3127,huggyllama/llama-7b,dummy-lora-7b-rank-16-4,619,30,317.5125119825101
3128,huggyllama/llama-7b,dummy-lora-7b-rank-128-3,782,87,317.5872362072962
3129,huggyllama/llama-7b,dummy-lora-7b-rank-32-2,564,25,317.87142735488436
3130,huggyllama/llama-7b,dummy-lora-7b-rank-8-1,558,20,318.39178573851984
3131,huggyllama/llama-7b,dummy-lora-7b-rank-128-1,282,44,318.44968291630437
3132,huggyllama/llama-7b,dummy-lora-7b-rank-8-2,576,32,318.450404683589
3133,huggyllama/llama-7b,dummy-lora-7b-rank-64-0,615,23,318.68221834791905
3134,huggyllama/llama-7b,dummy-lora-7b-rank-16-4,594,14,318.8073979638006
3135,huggyllama/llama-7b,dummy-lora-7b-rank-8-2,534,5,318.8645885878715
3136,huggyllama/llama-7b,dummy-lora-7b-rank-64-4,193,43,318.98812756783605
3137,huggyllama/llama-7b,dummy-lora-7b-rank-32-3,676,7,319.21346552538853
3138,huggyllama/llama-7b,dummy-lora-7b-rank-64-1,604,20,319.57712155669253
3139,huggyllama/llama-7b,dummy-lora-7b-rank-128-0,605,20,319.796298880271
3140,huggyllama/llama-7b,dummy-lora-7b-rank-16-4,548,17,319.87114880513246
3141,huggyllama/llama-7b,dummy-lora-7b-rank-8-0,685,6,319.8810810157634
3142,huggyllama/llama-7b,dummy-lora-7b-rank-32-1,336,139,319.9000700100689
3143,huggyllama/llama-7b,dummy-lora-7b-rank-64-4,560,19,319.93800631711474
3144,huggyllama/llama-7b,dummy-lora-7b-rank-32-0,734,68,319.9633137974473
3145,huggyllama/llama-7b,dummy-lora-7b-rank-8-2,429,52,320.18248930951466
3146,huggyllama/llama-7b,dummy-lora-7b-rank-16-2,548,17,320.1970752700076
3147,huggyllama/llama-7b,dummy-lora-7b-rank-32-2,374,8,320.2237083925191
3148,huggyllama/llama-7b,dummy-lora-7b-rank-128-0,253,47,320.23567120405136
3149,huggyllama/llama-7b,dummy-lora-7b-rank-16-3,87,66,320.58976591612
3150,huggyllama/llama-7b,dummy-lora-7b-rank-32-0,121,43,320.6697485921601
3151,huggyllama/llama-7b,dummy-lora-7b-rank-32-4,527,103,320.69326195077315
3152,huggyllama/llama-7b,dummy-lora-7b-rank-64-3,382,50,320.81465255847036
3153,huggyllama/llama-7b,dummy-lora-7b-rank-16-2,560,23,320.9059864193726
3154,huggyllama/llama-7b,dummy-lora-7b-rank-128-3,562,24,320.95103156678096
3155,huggyllama/llama-7b,dummy-lora-7b-rank-16-2,594,15,321.0406671685599
3156,huggyllama/llama-7b,dummy-lora-7b-rank-16-3,690,11,321.17167959517025
3157,huggyllama/llama-7b,dummy-lora-7b-rank-64-1,236,134,321.2404892442987
3158,huggyllama/llama-7b,dummy-lora-7b-rank-128-4,279,50,321.24947691495566
3159,huggyllama/llama-7b,dummy-lora-7b-rank-8-4,346,55,321.25918850590165
3160,huggyllama/llama-7b,dummy-lora-7b-rank-16-2,450,58,321.2794170100577
3161,huggyllama/llama-7b,dummy-lora-7b-rank-128-0,242,51,321.30966230865675
3162,huggyllama/llama-7b,dummy-lora-7b-rank-128-1,417,4,321.3211757477864
3163,huggyllama/llama-7b,dummy-lora-7b-rank-32-4,491,51,321.44235981792013
3164,huggyllama/llama-7b,dummy-lora-7b-rank-64-2,238,35,321.65765604096845
3165,huggyllama/llama-7b,dummy-lora-7b-rank-16-4,996,31,321.87816187787155
3166,huggyllama/llama-7b,dummy-lora-7b-rank-32-1,562,26,322.1654710310466
3167,huggyllama/llama-7b,dummy-lora-7b-rank-128-3,454,39,322.2169793228849
3168,huggyllama/llama-7b,dummy-lora-7b-rank-8-2,517,36,322.3519967406662
3169,huggyllama/llama-7b,dummy-lora-7b-rank-16-1,220,32,322.3746518068479
3170,huggyllama/llama-7b,dummy-lora-7b-rank-64-1,572,32,322.45547138808024
3171,huggyllama/llama-7b,dummy-lora-7b-rank-64-4,272,55,322.47788199271315
3172,huggyllama/llama-7b,dummy-lora-7b-rank-16-0,610,60,322.50458995031056
3173,huggyllama/llama-7b,dummy-lora-7b-rank-16-4,560,24,322.659158085354
3174,huggyllama/llama-7b,dummy-lora-7b-rank-64-1,494,46,322.7219774973387
3175,huggyllama/llama-7b,dummy-lora-7b-rank-64-2,1024,48,322.85061741983856
3176,huggyllama/llama-7b,dummy-lora-7b-rank-16-2,407,151,322.9174134561997
3177,huggyllama/llama-7b,dummy-lora-7b-rank-8-3,584,18,322.9189775630684
3178,huggyllama/llama-7b,dummy-lora-7b-rank-8-4,604,62,323.0461720309802
3179,huggyllama/llama-7b,dummy-lora-7b-rank-64-2,242,48,323.1888798315458
3180,huggyllama/llama-7b,dummy-lora-7b-rank-64-3,550,10,323.27118556641904
3181,huggyllama/llama-7b,dummy-lora-7b-rank-32-1,605,20,323.3403058430251
3182,huggyllama/llama-7b,dummy-lora-7b-rank-8-4,369,11,323.3785886101975
3183,huggyllama/llama-7b,dummy-lora-7b-rank-32-1,562,26,323.56054165939594
3184,huggyllama/llama-7b,dummy-lora-7b-rank-64-3,601,8,323.6215138871293
3185,huggyllama/llama-7b,dummy-lora-7b-rank-64-0,471,61,323.660371179063
3186,huggyllama/llama-7b,dummy-lora-7b-rank-32-2,554,20,323.70287058468017
3187,huggyllama/llama-7b,dummy-lora-7b-rank-16-2,506,114,323.8735901258442
3188,huggyllama/llama-7b,dummy-lora-7b-rank-128-3,248,8,323.89623162334385
3189,huggyllama/llama-7b,dummy-lora-7b-rank-32-4,527,46,323.9511249945535
3190,huggyllama/llama-7b,dummy-lora-7b-rank-128-2,584,19,323.9670824959851
3191,huggyllama/llama-7b,dummy-lora-7b-rank-128-3,239,45,323.96972600936056
3192,huggyllama/llama-7b,dummy-lora-7b-rank-128-1,288,170,323.98517052416304
3193,huggyllama/llama-7b,dummy-lora-7b-rank-128-2,592,22,324.0438645400914
3194,huggyllama/llama-7b,dummy-lora-7b-rank-32-1,288,119,324.10815031264895
3195,huggyllama/llama-7b,dummy-lora-7b-rank-8-0,439,76,324.1977680318655
3196,huggyllama/llama-7b,dummy-lora-7b-rank-32-2,617,47,324.22929937124076
3197,huggyllama/llama-7b,dummy-lora-7b-rank-128-0,172,51,324.2383587817495
3198,huggyllama/llama-7b,dummy-lora-7b-rank-8-3,408,125,324.2999639262113
3199,huggyllama/llama-7b,dummy-lora-7b-rank-8-4,560,23,324.4785001643577
3200,huggyllama/llama-7b,dummy-lora-7b-rank-32-2,932,17,324.6012426391922
3201,huggyllama/llama-7b,dummy-lora-7b-rank-128-3,551,41,324.60804971592
3202,huggyllama/llama-7b,dummy-lora-7b-rank-32-1,149,116,324.6640696554416
3203,huggyllama/llama-7b,dummy-lora-7b-rank-32-0,349,39,324.71045249883366
3204,huggyllama/llama-7b,dummy-lora-7b-rank-128-0,570,29,324.79644183801776
3205,huggyllama/llama-7b,dummy-lora-7b-rank-8-3,543,55,324.82817744030353
3206,huggyllama/llama-7b,dummy-lora-7b-rank-128-2,431,47,325.23199753801606
3207,huggyllama/llama-7b,dummy-lora-7b-rank-8-2,558,23,325.2526264091904
3208,huggyllama/llama-7b,dummy-lora-7b-rank-64-0,346,209,325.57343708479533
3209,huggyllama/llama-7b,dummy-lora-7b-rank-32-2,461,76,325.692750603472
3210,huggyllama/llama-7b,dummy-lora-7b-rank-128-4,586,40,325.7328930530956
3211,huggyllama/llama-7b,dummy-lora-7b-rank-8-1,562,21,325.75429550614615
3212,huggyllama/llama-7b,dummy-lora-7b-rank-128-2,603,18,325.7588157459675
3213,huggyllama/llama-7b,dummy-lora-7b-rank-16-3,566,29,325.85794305741297
3214,huggyllama/llama-7b,dummy-lora-7b-rank-8-3,552,24,325.88645442484864
3215,huggyllama/llama-7b,dummy-lora-7b-rank-8-2,657,52,325.9456008967977
3216,huggyllama/llama-7b,dummy-lora-7b-rank-16-3,374,44,326.15721647961533
3217,huggyllama/llama-7b,dummy-lora-7b-rank-16-0,57,78,326.1794796590809
3218,huggyllama/llama-7b,dummy-lora-7b-rank-128-4,417,47,326.18105129480114
3219,huggyllama/llama-7b,dummy-lora-7b-rank-16-2,396,5,326.2311657917347
3220,huggyllama/llama-7b,dummy-lora-7b-rank-8-2,263,44,326.3161758631595
3221,huggyllama/llama-7b,dummy-lora-7b-rank-64-4,392,33,326.44409284956976
3222,huggyllama/llama-7b,dummy-lora-7b-rank-8-1,407,56,326.447425046391
3223,huggyllama/llama-7b,dummy-lora-7b-rank-16-0,188,107,326.4697662521254
3224,huggyllama/llama-7b,dummy-lora-7b-rank-8-4,578,48,326.5500055818698
3225,huggyllama/llama-7b,dummy-lora-7b-rank-32-2,402,42,326.58998506043525
3226,huggyllama/llama-7b,dummy-lora-7b-rank-128-3,641,28,326.80438339607946
3227,huggyllama/llama-7b,dummy-lora-7b-rank-8-0,580,18,327.07130598549907
3228,huggyllama/llama-7b,dummy-lora-7b-rank-32-0,546,15,327.0902563972352
3229,huggyllama/llama-7b,dummy-lora-7b-rank-8-3,90,43,327.2477482809767
3230,huggyllama/llama-7b,dummy-lora-7b-rank-64-2,554,20,327.414609802937
3231,huggyllama/llama-7b,dummy-lora-7b-rank-32-2,170,103,327.6971011015582
3232,huggyllama/llama-7b,dummy-lora-7b-rank-32-0,552,11,327.8370055254792
3233,huggyllama/llama-7b,dummy-lora-7b-rank-128-2,550,11,327.8627931272973
3234,huggyllama/llama-7b,dummy-lora-7b-rank-128-4,437,13,327.9998696457828
3235,huggyllama/llama-7b,dummy-lora-7b-rank-8-4,550,18,328.1432214990511
3236,huggyllama/llama-7b,dummy-lora-7b-rank-8-2,841,3,328.17435013204056
3237,huggyllama/llama-7b,dummy-lora-7b-rank-32-4,566,29,328.2779909683163
3238,huggyllama/llama-7b,dummy-lora-7b-rank-64-3,552,11,328.3355091693679
3239,huggyllama/llama-7b,dummy-lora-7b-rank-32-0,1008,60,328.4471573757343
3240,huggyllama/llama-7b,dummy-lora-7b-rank-32-0,562,21,328.5888083325342
3241,huggyllama/llama-7b,dummy-lora-7b-rank-8-3,574,7,328.5962299063159
3242,huggyllama/llama-7b,dummy-lora-7b-rank-16-0,318,51,328.8193358775297
3243,huggyllama/llama-7b,dummy-lora-7b-rank-32-1,455,91,329.04159538342924
3244,huggyllama/llama-7b,dummy-lora-7b-rank-8-2,588,17,329.26792482815773
3245,huggyllama/llama-7b,dummy-lora-7b-rank-64-1,458,27,329.26807165898913
3246,huggyllama/llama-7b,dummy-lora-7b-rank-32-3,630,71,329.288196844334
3247,huggyllama/llama-7b,dummy-lora-7b-rank-8-3,748,36,329.38852432582
3248,huggyllama/llama-7b,dummy-lora-7b-rank-128-3,257,44,329.44064618850837
3249,huggyllama/llama-7b,dummy-lora-7b-rank-64-3,694,38,329.4973473575459
3250,huggyllama/llama-7b,dummy-lora-7b-rank-128-0,463,75,329.53731493744647
3251,huggyllama/llama-7b,dummy-lora-7b-rank-8-0,866,18,329.6187603536653
3252,huggyllama/llama-7b,dummy-lora-7b-rank-32-2,648,42,329.688205125537
3253,huggyllama/llama-7b,dummy-lora-7b-rank-32-4,635,3,329.7074134323616
3254,huggyllama/llama-7b,dummy-lora-7b-rank-128-4,450,6,329.72292674481963
3255,huggyllama/llama-7b,dummy-lora-7b-rank-8-1,396,55,329.8297774992224
3256,huggyllama/llama-7b,dummy-lora-7b-rank-16-0,558,22,329.8793390823526
3257,huggyllama/llama-7b,dummy-lora-7b-rank-32-1,539,199,329.9532643337037
3258,huggyllama/llama-7b,dummy-lora-7b-rank-128-4,211,8,330.14998035479607
3259,huggyllama/llama-7b,dummy-lora-7b-rank-32-1,599,45,330.1760302885792
3260,huggyllama/llama-7b,dummy-lora-7b-rank-64-0,664,51,330.2434085265706
3261,huggyllama/llama-7b,dummy-lora-7b-rank-32-4,552,57,330.28888474015173
3262,huggyllama/llama-7b,dummy-lora-7b-rank-8-4,556,21,330.5028793729874
3263,huggyllama/llama-7b,dummy-lora-7b-rank-8-2,50,41,330.57408968105466
3264,huggyllama/llama-7b,dummy-lora-7b-rank-8-2,322,47,330.6715155170685
3265,huggyllama/llama-7b,dummy-lora-7b-rank-128-4,552,17,330.73471194239005
3266,huggyllama/llama-7b,dummy-lora-7b-rank-16-1,236,9,330.8227866788598
3267,huggyllama/llama-7b,dummy-lora-7b-rank-64-4,542,57,330.87704563442895
3268,huggyllama/llama-7b,dummy-lora-7b-rank-32-4,637,29,330.9757653333389
3269,huggyllama/llama-7b,dummy-lora-7b-rank-8-4,404,46,331.0685157631023
3270,huggyllama/llama-7b,dummy-lora-7b-rank-16-1,609,10,331.26624687893525
3271,huggyllama/llama-7b,dummy-lora-7b-rank-128-2,590,5,331.29136971482205
3272,huggyllama/llama-7b,dummy-lora-7b-rank-128-2,188,3,331.3297575425457
3273,huggyllama/llama-7b,dummy-lora-7b-rank-16-4,554,20,331.52228769295874
3274,huggyllama/llama-7b,dummy-lora-7b-rank-16-1,580,26,331.57989899009374
3275,huggyllama/llama-7b,dummy-lora-7b-rank-128-1,497,57,331.58284229203923
3276,huggyllama/llama-7b,dummy-lora-7b-rank-128-0,578,34,331.6579723264777
3277,huggyllama/llama-7b,dummy-lora-7b-rank-64-4,566,51,331.796318491907
3278,huggyllama/llama-7b,dummy-lora-7b-rank-128-3,59,87,331.86720768867855
3279,huggyllama/llama-7b,dummy-lora-7b-rank-128-2,314,61,331.9314807021701
3280,huggyllama/llama-7b,dummy-lora-7b-rank-32-3,602,3,331.9415933295117
3281,huggyllama/llama-7b,dummy-lora-7b-rank-128-3,409,45,332.0567530862748
3282,huggyllama/llama-7b,dummy-lora-7b-rank-128-1,532,6,332.08894843462474
3283,huggyllama/llama-7b,dummy-lora-7b-rank-16-3,996,55,332.33932876851264
3284,huggyllama/llama-7b,dummy-lora-7b-rank-32-2,586,11,332.50094532245777
3285,huggyllama/llama-7b,dummy-lora-7b-rank-64-3,273,11,332.5098745900531
3286,huggyllama/llama-7b,dummy-lora-7b-rank-16-4,363,47,332.6855420051613
3287,huggyllama/llama-7b,dummy-lora-7b-rank-32-2,756,8,332.6867803453746
3288,huggyllama/llama-7b,dummy-lora-7b-rank-8-2,556,20,333.12537013910327
3289,huggyllama/llama-7b,dummy-lora-7b-rank-32-4,246,9,333.1882576592153
3290,huggyllama/llama-7b,dummy-lora-7b-rank-64-4,401,45,333.2694215795054
3291,huggyllama/llama-7b,dummy-lora-7b-rank-32-2,210,43,333.34092248454084
3292,huggyllama/llama-7b,dummy-lora-7b-rank-64-4,233,110,333.4091222668486
3293,huggyllama/llama-7b,dummy-lora-7b-rank-8-4,558,51,333.5273079680084
3294,huggyllama/llama-7b,dummy-lora-7b-rank-32-4,407,35,333.83248303502904
3295,huggyllama/llama-7b,dummy-lora-7b-rank-64-2,673,91,333.83687398625
3296,huggyllama/llama-7b,dummy-lora-7b-rank-64-2,306,57,333.9183038966004
3297,huggyllama/llama-7b,dummy-lora-7b-rank-32-3,669,10,333.9522585897088
3298,huggyllama/llama-7b,dummy-lora-7b-rank-8-0,577,43,334.10679103452327
3299,huggyllama/llama-7b,dummy-lora-7b-rank-64-2,387,10,334.22860766429045
3300,huggyllama/llama-7b,dummy-lora-7b-rank-8-4,474,44,334.2343613589782
3301,huggyllama/llama-7b,dummy-lora-7b-rank-128-4,556,22,334.28127941796015
3302,huggyllama/llama-7b,dummy-lora-7b-rank-128-2,162,38,334.28487534864564
3303,huggyllama/llama-7b,dummy-lora-7b-rank-128-4,322,79,334.2857512292299
3304,huggyllama/llama-7b,dummy-lora-7b-rank-8-2,337,80,334.44014587279287
3305,huggyllama/llama-7b,dummy-lora-7b-rank-8-2,391,100,334.4673264580109
3306,huggyllama/llama-7b,dummy-lora-7b-rank-128-3,548,17,334.50062638315364
3307,huggyllama/llama-7b,dummy-lora-7b-rank-8-3,556,41,334.52821873761775
3308,huggyllama/llama-7b,dummy-lora-7b-rank-64-1,337,43,334.605659599213
3309,huggyllama/llama-7b,dummy-lora-7b-rank-16-2,682,100,334.69241989300207
3310,huggyllama/llama-7b,dummy-lora-7b-rank-16-2,319,9,334.7815145459386
3311,huggyllama/llama-7b,dummy-lora-7b-rank-16-0,286,60,334.9580078542666
3312,huggyllama/llama-7b,dummy-lora-7b-rank-128-3,573,12,335.0686975867476
3313,huggyllama/llama-7b,dummy-lora-7b-rank-16-4,349,51,335.2903631210049
3314,huggyllama/llama-7b,dummy-lora-7b-rank-16-2,346,48,335.29968268356794
3315,huggyllama/llama-7b,dummy-lora-7b-rank-64-0,336,55,335.3215903071545
3316,huggyllama/llama-7b,dummy-lora-7b-rank-16-0,431,44,335.6158169581301
3317,huggyllama/llama-7b,dummy-lora-7b-rank-128-3,453,9,335.8315250067766
3318,huggyllama/llama-7b,dummy-lora-7b-rank-32-3,128,61,335.9691057119073
3319,huggyllama/llama-7b,dummy-lora-7b-rank-64-1,490,71,335.98519339087676
3320,huggyllama/llama-7b,dummy-lora-7b-rank-64-0,623,10,335.99824102172084
3321,huggyllama/llama-7b,dummy-lora-7b-rank-64-1,398,63,336.14109870573355
3322,huggyllama/llama-7b,dummy-lora-7b-rank-64-2,144,47,336.1422067859804
3323,huggyllama/llama-7b,dummy-lora-7b-rank-16-4,289,95,336.18284070399625
3324,huggyllama/llama-7b,dummy-lora-7b-rank-8-1,585,63,336.20438521833523
3325,huggyllama/llama-7b,dummy-lora-7b-rank-32-3,552,19,336.2957979415495
3326,huggyllama/llama-7b,dummy-lora-7b-rank-16-4,88,46,336.3114749612612
3327,huggyllama/llama-7b,dummy-lora-7b-rank-64-1,385,52,336.3449379937116
3328,huggyllama/llama-7b,dummy-lora-7b-rank-64-4,553,48,336.7089645983787
3329,huggyllama/llama-7b,dummy-lora-7b-rank-32-1,523,60,336.75013882790296
3330,huggyllama/llama-7b,dummy-lora-7b-rank-64-0,182,3,336.8067866109226
3331,huggyllama/llama-7b,dummy-lora-7b-rank-16-3,584,36,337.008021477611
3332,huggyllama/llama-7b,dummy-lora-7b-rank-32-3,844,45,337.0800826033322
3333,huggyllama/llama-7b,dummy-lora-7b-rank-16-3,271,45,337.1021895305498
3334,huggyllama/llama-7b,dummy-lora-7b-rank-32-3,560,23,337.11958838543774
3335,huggyllama/llama-7b,dummy-lora-7b-rank-8-1,390,64,337.2462323402319
3336,huggyllama/llama-7b,dummy-lora-7b-rank-8-4,548,16,337.2545108463181
3337,huggyllama/llama-7b,dummy-lora-7b-rank-32-3,250,3,337.57418044808907
3338,huggyllama/llama-7b,dummy-lora-7b-rank-128-1,174,48,337.6756411444549
3339,huggyllama/llama-7b,dummy-lora-7b-rank-8-1,376,48,337.7165991035362
3340,huggyllama/llama-7b,dummy-lora-7b-rank-8-0,560,26,337.84407911896466
3341,huggyllama/llama-7b,dummy-lora-7b-rank-32-1,215,61,338.23288025818647
3342,huggyllama/llama-7b,dummy-lora-7b-rank-128-2,375,27,338.39659767683906
3343,huggyllama/llama-7b,dummy-lora-7b-rank-128-2,552,19,338.4767010323948
3344,huggyllama/llama-7b,dummy-lora-7b-rank-32-2,563,16,338.52519734467165
3345,huggyllama/llama-7b,dummy-lora-7b-rank-64-3,572,25,338.64418019474334
3346,huggyllama/llama-7b,dummy-lora-7b-rank-128-3,217,141,338.70988171569
3347,huggyllama/llama-7b,dummy-lora-7b-rank-128-2,346,135,338.72228081292127
3348,huggyllama/llama-7b,dummy-lora-7b-rank-64-3,607,24,338.7289571565357
3349,huggyllama/llama-7b,dummy-lora-7b-rank-64-1,586,22,338.8256260077976
3350,huggyllama/llama-7b,dummy-lora-7b-rank-16-4,781,78,338.88030099395195
3351,huggyllama/llama-7b,dummy-lora-7b-rank-8-1,552,11,339.19899173542086
3352,huggyllama/llama-7b,dummy-lora-7b-rank-8-2,597,16,339.616482595554
3353,huggyllama/llama-7b,dummy-lora-7b-rank-64-3,461,63,339.6785736271646
3354,huggyllama/llama-7b,dummy-lora-7b-rank-64-0,556,8,339.7645063622694
3355,huggyllama/llama-7b,dummy-lora-7b-rank-8-0,466,4,339.80713878278044
3356,huggyllama/llama-7b,dummy-lora-7b-rank-64-0,607,14,340.0634049153931
3357,huggyllama/llama-7b,dummy-lora-7b-rank-64-1,295,172,340.1736337061192
3358,huggyllama/llama-7b,dummy-lora-7b-rank-128-2,409,41,340.3526319641325
3359,huggyllama/llama-7b,dummy-lora-7b-rank-64-3,201,6,340.3747172009513
3360,huggyllama/llama-7b,dummy-lora-7b-rank-128-1,239,50,340.58077347858176
3361,huggyllama/llama-7b,dummy-lora-7b-rank-128-2,208,50,340.58784978292016
3362,huggyllama/llama-7b,dummy-lora-7b-rank-32-0,556,24,340.71368291738014
3363,huggyllama/llama-7b,dummy-lora-7b-rank-64-2,562,24,340.8092850097663
3364,huggyllama/llama-7b,dummy-lora-7b-rank-32-2,971,63,340.9498982065709
3365,huggyllama/llama-7b,dummy-lora-7b-rank-8-2,558,23,340.9548793513275
3366,huggyllama/llama-7b,dummy-lora-7b-rank-32-0,734,228,340.96095651033033
3367,huggyllama/llama-7b,dummy-lora-7b-rank-8-4,154,42,341.0258995792273
3368,huggyllama/llama-7b,dummy-lora-7b-rank-128-1,684,23,341.1115258509854
3369,huggyllama/llama-7b,dummy-lora-7b-rank-8-4,250,48,341.2597154463419
3370,huggyllama/llama-7b,dummy-lora-7b-rank-8-3,211,6,341.26132987390116
3371,huggyllama/llama-7b,dummy-lora-7b-rank-8-1,502,43,341.31490387083585
3372,huggyllama/llama-7b,dummy-lora-7b-rank-64-2,550,18,341.4023589355725
3373,huggyllama/llama-7b,dummy-lora-7b-rank-8-1,890,7,341.454651878399
3374,huggyllama/llama-7b,dummy-lora-7b-rank-64-3,300,48,341.4812483662348
3375,huggyllama/llama-7b,dummy-lora-7b-rank-64-3,550,10,341.7851721914313
3376,huggyllama/llama-7b,dummy-lora-7b-rank-64-2,564,25,341.8171760031532
3377,huggyllama/llama-7b,dummy-lora-7b-rank-8-0,615,71,341.81918715886064
3378,huggyllama/llama-7b,dummy-lora-7b-rank-8-4,608,22,341.9116440632969
3379,huggyllama/llama-7b,dummy-lora-7b-rank-16-4,509,63,342.09843260041276
3380,huggyllama/llama-7b,dummy-lora-7b-rank-32-0,326,153,342.1331271955745
3381,huggyllama/llama-7b,dummy-lora-7b-rank-32-0,729,200,342.2144106031238
3382,huggyllama/llama-7b,dummy-lora-7b-rank-64-2,168,43,342.3216538979169
3383,huggyllama/llama-7b,dummy-lora-7b-rank-32-2,587,61,342.5078451507551
3384,huggyllama/llama-7b,dummy-lora-7b-rank-8-3,590,35,342.80834869730523
3385,huggyllama/llama-7b,dummy-lora-7b-rank-32-4,567,43,342.8488268722193
3386,huggyllama/llama-7b,dummy-lora-7b-rank-64-4,603,32,342.9211477614799
3387,huggyllama/llama-7b,dummy-lora-7b-rank-32-4,313,41,343.04012654871906
3388,huggyllama/llama-7b,dummy-lora-7b-rank-16-0,131,19,343.1473900020119
3389,huggyllama/llama-7b,dummy-lora-7b-rank-8-0,372,50,343.18485445202805
3390,huggyllama/llama-7b,dummy-lora-7b-rank-64-0,569,52,343.24571722872776
3391,huggyllama/llama-7b,dummy-lora-7b-rank-16-3,554,20,343.31256384945385
3392,huggyllama/llama-7b,dummy-lora-7b-rank-16-3,568,30,343.40750175748644
3393,huggyllama/llama-7b,dummy-lora-7b-rank-8-3,226,46,343.43657493271746
3394,huggyllama/llama-7b,dummy-lora-7b-rank-64-0,251,8,343.47058052902656
3395,huggyllama/llama-7b,dummy-lora-7b-rank-64-0,567,7,343.5253701849614
3396,huggyllama/llama-7b,dummy-lora-7b-rank-32-2,345,32,343.5652556045464
3397,huggyllama/llama-7b,dummy-lora-7b-rank-16-0,389,147,343.6831773755942
3398,huggyllama/llama-7b,dummy-lora-7b-rank-64-1,249,36,343.71415357613364
3399,huggyllama/llama-7b,dummy-lora-7b-rank-128-4,815,80,343.7458938496913
3400,huggyllama/llama-7b,dummy-lora-7b-rank-128-0,523,41,343.77360551832874
3401,huggyllama/llama-7b,dummy-lora-7b-rank-8-0,294,59,344.17111063690606
3402,huggyllama/llama-7b,dummy-lora-7b-rank-128-3,560,23,344.2875079568726
3403,huggyllama/llama-7b,dummy-lora-7b-rank-64-3,132,68,344.4182050101025
3404,huggyllama/llama-7b,dummy-lora-7b-rank-32-0,809,19,344.54527340348426
3405,huggyllama/llama-7b,dummy-lora-7b-rank-8-3,562,27,344.9317779622143
3406,huggyllama/llama-7b,dummy-lora-7b-rank-32-4,218,3,345.2557819782927
3407,huggyllama/llama-7b,dummy-lora-7b-rank-16-1,341,59,345.2698929877689
3408,huggyllama/llama-7b,dummy-lora-7b-rank-8-1,562,27,345.3083192353671
3409,huggyllama/llama-7b,dummy-lora-7b-rank-128-1,641,9,345.4213056605329
3410,huggyllama/llama-7b,dummy-lora-7b-rank-64-2,558,22,345.72597734354287
3411,huggyllama/llama-7b,dummy-lora-7b-rank-128-3,153,83,345.7460327884006
3412,huggyllama/llama-7b,dummy-lora-7b-rank-16-3,360,39,345.82767838765307
3413,huggyllama/llama-7b,dummy-lora-7b-rank-8-1,156,56,346.10717372173303
3414,huggyllama/llama-7b,dummy-lora-7b-rank-32-1,501,67,346.1650912246432
3415,huggyllama/llama-7b,dummy-lora-7b-rank-64-4,581,44,346.2859732037149
3416,huggyllama/llama-7b,dummy-lora-7b-rank-64-4,50,40,346.7777892334918
3417,huggyllama/llama-7b,dummy-lora-7b-rank-8-1,350,5,346.7991371402202
3418,huggyllama/llama-7b,dummy-lora-7b-rank-32-3,431,8,346.82625457132855
3419,huggyllama/llama-7b,dummy-lora-7b-rank-64-0,399,46,346.8799002561815
3420,huggyllama/llama-7b,dummy-lora-7b-rank-8-3,698,15,346.9618836171571
3421,huggyllama/llama-7b,dummy-lora-7b-rank-32-4,601,23,346.9752803195101
3422,huggyllama/llama-7b,dummy-lora-7b-rank-32-0,425,7,347.18364661108643
3423,huggyllama/llama-7b,dummy-lora-7b-rank-32-4,605,32,347.2717017499536
3424,huggyllama/llama-7b,dummy-lora-7b-rank-128-4,665,21,347.2812991685042
3425,huggyllama/llama-7b,dummy-lora-7b-rank-64-2,158,67,347.4361187966887
3426,huggyllama/llama-7b,dummy-lora-7b-rank-16-3,498,152,347.4493538800514
3427,huggyllama/llama-7b,dummy-lora-7b-rank-32-2,568,52,347.4670631373881
3428,huggyllama/llama-7b,dummy-lora-7b-rank-128-1,562,24,347.51391012451
3429,huggyllama/llama-7b,dummy-lora-7b-rank-8-4,84,47,347.55569698000664
3430,huggyllama/llama-7b,dummy-lora-7b-rank-8-3,420,42,347.55939476363096
3431,huggyllama/llama-7b,dummy-lora-7b-rank-16-2,735,152,347.55976394316946
3432,huggyllama/llama-7b,dummy-lora-7b-rank-128-1,562,24,347.6558034375851
3433,huggyllama/llama-7b,dummy-lora-7b-rank-32-2,586,50,347.685131437224
3434,huggyllama/llama-7b,dummy-lora-7b-rank-64-3,603,21,347.83323631709635
3435,huggyllama/llama-7b,dummy-lora-7b-rank-16-3,331,43,347.8655727781299
3436,huggyllama/llama-7b,dummy-lora-7b-rank-32-0,711,46,347.9220134417652
3437,huggyllama/llama-7b,dummy-lora-7b-rank-64-0,554,81,347.9572216429418
3438,huggyllama/llama-7b,dummy-lora-7b-rank-64-1,440,8,348.06008884834506
3439,huggyllama/llama-7b,dummy-lora-7b-rank-8-4,61,66,348.1018904410739
3440,huggyllama/llama-7b,dummy-lora-7b-rank-64-2,500,94,348.13174039529906
3441,huggyllama/llama-7b,dummy-lora-7b-rank-64-1,332,12,348.1318150235678
3442,huggyllama/llama-7b,dummy-lora-7b-rank-16-1,143,112,348.2223890451153
3443,huggyllama/llama-7b,dummy-lora-7b-rank-32-4,683,86,348.22434279565164
3444,huggyllama/llama-7b,dummy-lora-7b-rank-64-3,560,23,348.3431862846503
3445,huggyllama/llama-7b,dummy-lora-7b-rank-128-2,400,8,348.71156666651206
3446,huggyllama/llama-7b,dummy-lora-7b-rank-16-0,556,13,348.72142289368827
3447,huggyllama/llama-7b,dummy-lora-7b-rank-32-1,732,23,348.93786179822797
3448,huggyllama/llama-7b,dummy-lora-7b-rank-32-1,233,168,348.9893237203229
3449,huggyllama/llama-7b,dummy-lora-7b-rank-128-3,562,16,349.1533924351848
3450,huggyllama/llama-7b,dummy-lora-7b-rank-128-4,93,41,349.3621533266467
3451,huggyllama/llama-7b,dummy-lora-7b-rank-8-4,550,20,349.4195863108021
3452,huggyllama/llama-7b,dummy-lora-7b-rank-128-3,485,65,349.4318841680884
3453,huggyllama/llama-7b,dummy-lora-7b-rank-64-0,639,40,349.5242784318427
3454,huggyllama/llama-7b,dummy-lora-7b-rank-64-4,460,6,349.575964119669
3455,huggyllama/llama-7b,dummy-lora-7b-rank-8-2,873,11,349.6279347393696
3456,huggyllama/llama-7b,dummy-lora-7b-rank-16-0,766,3,349.670930808658
3457,huggyllama/llama-7b,dummy-lora-7b-rank-128-0,212,33,349.7429805223893
3458,huggyllama/llama-7b,dummy-lora-7b-rank-128-4,564,6,349.8785706945746
3459,huggyllama/llama-7b,dummy-lora-7b-rank-32-1,560,23,349.9281823042322
3460,huggyllama/llama-7b,dummy-lora-7b-rank-64-1,574,33,349.9300505020194
3461,huggyllama/llama-7b,dummy-lora-7b-rank-32-2,476,44,349.9860486530935
3462,huggyllama/llama-7b,dummy-lora-7b-rank-64-3,826,38,350.01533499877866
3463,huggyllama/llama-7b,dummy-lora-7b-rank-64-1,328,16,350.0494464597862
3464,huggyllama/llama-7b,dummy-lora-7b-rank-8-2,600,46,350.2297472093337
3465,huggyllama/llama-7b,dummy-lora-7b-rank-64-1,260,82,350.35227216132665
3466,huggyllama/llama-7b,dummy-lora-7b-rank-16-0,574,22,350.5824992183238
3467,huggyllama/llama-7b,dummy-lora-7b-rank-128-0,158,49,350.63763114722536
3468,huggyllama/llama-7b,dummy-lora-7b-rank-16-2,506,48,350.67135608099363
3469,huggyllama/llama-7b,dummy-lora-7b-rank-64-3,795,10,350.67687393236787
3470,huggyllama/llama-7b,dummy-lora-7b-rank-16-0,561,22,350.86831797335554
3471,huggyllama/llama-7b,dummy-lora-7b-rank-32-1,546,6,350.90830059484574
3472,huggyllama/llama-7b,dummy-lora-7b-rank-32-3,90,53,350.964761280233
3473,huggyllama/llama-7b,dummy-lora-7b-rank-128-4,562,27,350.99458871918563
3474,huggyllama/llama-7b,dummy-lora-7b-rank-16-3,440,230,351.3505912418978
3475,huggyllama/llama-7b,dummy-lora-7b-rank-128-0,367,6,351.4745500496106
3476,huggyllama/llama-7b,dummy-lora-7b-rank-128-1,569,22,351.49297921411073
3477,huggyllama/llama-7b,dummy-lora-7b-rank-32-4,562,26,351.50690367730016
3478,huggyllama/llama-7b,dummy-lora-7b-rank-16-4,562,16,351.5458478737621
3479,huggyllama/llama-7b,dummy-lora-7b-rank-32-4,298,6,351.6847095542814
3480,huggyllama/llama-7b,dummy-lora-7b-rank-16-1,576,8,351.6873864758566
3481,huggyllama/llama-7b,dummy-lora-7b-rank-8-3,599,55,351.72321919764676
3482,huggyllama/llama-7b,dummy-lora-7b-rank-64-3,205,36,351.8343515555556
3483,huggyllama/llama-7b,dummy-lora-7b-rank-16-0,503,20,351.92537777225164
3484,huggyllama/llama-7b,dummy-lora-7b-rank-64-1,767,17,352.05726713005265
3485,huggyllama/llama-7b,dummy-lora-7b-rank-16-0,146,49,352.0883673938335
3486,huggyllama/llama-7b,dummy-lora-7b-rank-128-0,271,150,352.3427014035226
3487,huggyllama/llama-7b,dummy-lora-7b-rank-16-1,194,52,352.3536766193857
3488,huggyllama/llama-7b,dummy-lora-7b-rank-16-4,172,151,352.41411009049654
3489,huggyllama/llama-7b,dummy-lora-7b-rank-64-0,934,11,352.45033096504585
3490,huggyllama/llama-7b,dummy-lora-7b-rank-128-0,765,36,352.5028780780865
3491,huggyllama/llama-7b,dummy-lora-7b-rank-16-0,560,25,352.60932153194676
3492,huggyllama/llama-7b,dummy-lora-7b-rank-16-2,372,73,352.82429229520517
3493,huggyllama/llama-7b,dummy-lora-7b-rank-128-3,522,24,352.83626065036236
3494,huggyllama/llama-7b,dummy-lora-7b-rank-16-4,308,8,353.0206443295896
3495,huggyllama/llama-7b,dummy-lora-7b-rank-32-2,385,129,353.357404113225
3496,huggyllama/llama-7b,dummy-lora-7b-rank-128-1,734,12,353.5065680998302
3497,huggyllama/llama-7b,dummy-lora-7b-rank-64-4,570,28,353.57924691223695
3498,huggyllama/llama-7b,dummy-lora-7b-rank-128-0,203,157,353.5948819465183
3499,huggyllama/llama-7b,dummy-lora-7b-rank-64-0,607,30,353.6585308336746
3500,huggyllama/llama-7b,dummy-lora-7b-rank-16-4,333,51,353.76508286808127
3501,huggyllama/llama-7b,dummy-lora-7b-rank-128-1,162,42,353.88680507220636
3502,huggyllama/llama-7b,dummy-lora-7b-rank-128-0,580,10,354.0204411016667
3503,huggyllama/llama-7b,dummy-lora-7b-rank-32-4,548,17,354.2327059100627
3504,huggyllama/llama-7b,dummy-lora-7b-rank-8-3,570,29,354.327867416902
3505,huggyllama/llama-7b,dummy-lora-7b-rank-128-3,566,20,354.42615619123677
3506,huggyllama/llama-7b,dummy-lora-7b-rank-32-2,608,15,354.4519130811434
3507,huggyllama/llama-7b,dummy-lora-7b-rank-128-0,535,205,354.46625258824025
3508,huggyllama/llama-7b,dummy-lora-7b-rank-16-2,470,51,354.5741521763021
3509,huggyllama/llama-7b,dummy-lora-7b-rank-128-4,655,76,354.6795256033116
3510,huggyllama/llama-7b,dummy-lora-7b-rank-64-3,440,8,354.8002111180719
3511,huggyllama/llama-7b,dummy-lora-7b-rank-8-1,562,24,354.8449820323524
3512,huggyllama/llama-7b,dummy-lora-7b-rank-16-0,482,66,354.94053365064667
3513,huggyllama/llama-7b,dummy-lora-7b-rank-128-3,585,9,354.9575544505117
3514,huggyllama/llama-7b,dummy-lora-7b-rank-16-1,404,13,354.98279964196087
3515,huggyllama/llama-7b,dummy-lora-7b-rank-64-1,552,11,355.016668529118
3516,huggyllama/llama-7b,dummy-lora-7b-rank-128-0,752,19,355.0394157569278
3517,huggyllama/llama-7b,dummy-lora-7b-rank-8-2,909,87,355.07633512822775
3518,huggyllama/llama-7b,dummy-lora-7b-rank-128-2,219,39,355.08095128565736
3519,huggyllama/llama-7b,dummy-lora-7b-rank-128-2,380,254,355.2275568280332
3520,huggyllama/llama-7b,dummy-lora-7b-rank-64-0,630,24,355.25813982300247
3521,huggyllama/llama-7b,dummy-lora-7b-rank-64-3,605,25,355.3008739835547
3522,huggyllama/llama-7b,dummy-lora-7b-rank-16-3,692,42,355.4544126716608
3523,huggyllama/llama-7b,dummy-lora-7b-rank-32-2,401,8,355.51295183519795
3524,huggyllama/llama-7b,dummy-lora-7b-rank-16-3,782,39,355.5472647276736
3525,huggyllama/llama-7b,dummy-lora-7b-rank-32-1,558,22,355.59155508285727
3526,huggyllama/llama-7b,dummy-lora-7b-rank-64-4,627,29,355.7180416546878
3527,huggyllama/llama-7b,dummy-lora-7b-rank-64-0,306,25,355.7869691696995
3528,huggyllama/llama-7b,dummy-lora-7b-rank-16-3,271,182,355.83726889160965
3529,huggyllama/llama-7b,dummy-lora-7b-rank-64-2,618,37,356.1754765994184
3530,huggyllama/llama-7b,dummy-lora-7b-rank-8-0,550,10,356.19835848891637
3531,huggyllama/llama-7b,dummy-lora-7b-rank-128-2,552,68,356.25271291889015
3532,huggyllama/llama-7b,dummy-lora-7b-rank-8-0,644,68,356.3078130301436
3533,huggyllama/llama-7b,dummy-lora-7b-rank-16-4,445,52,356.31088610385524
3534,huggyllama/llama-7b,dummy-lora-7b-rank-16-2,460,7,356.3794384847877
3535,huggyllama/llama-7b,dummy-lora-7b-rank-8-1,356,43,356.6860715903549
3536,huggyllama/llama-7b,dummy-lora-7b-rank-128-4,879,113,356.8378235206082
3537,huggyllama/llama-7b,dummy-lora-7b-rank-8-1,586,2,357.00065232247135
3538,huggyllama/llama-7b,dummy-lora-7b-rank-128-1,602,44,357.050607681276
3539,huggyllama/llama-7b,dummy-lora-7b-rank-8-1,315,60,357.30864124385124
3540,huggyllama/llama-7b,dummy-lora-7b-rank-32-1,546,8,357.3798006811025
3541,huggyllama/llama-7b,dummy-lora-7b-rank-8-3,22,256,357.6324327586902
3542,huggyllama/llama-7b,dummy-lora-7b-rank-32-1,461,7,357.73855903361505
3543,huggyllama/llama-7b,dummy-lora-7b-rank-8-2,306,39,357.8367457176617
3544,huggyllama/llama-7b,dummy-lora-7b-rank-16-2,352,59,357.9587848218852
3545,huggyllama/llama-7b,dummy-lora-7b-rank-128-4,288,46,357.9880084008952
3546,huggyllama/llama-7b,dummy-lora-7b-rank-8-3,266,108,358.07980438529626
3547,huggyllama/llama-7b,dummy-lora-7b-rank-128-3,528,113,358.2254253097342
3548,huggyllama/llama-7b,dummy-lora-7b-rank-32-1,552,19,358.3303626830238
3549,huggyllama/llama-7b,dummy-lora-7b-rank-64-1,373,6,358.5068934424544
3550,huggyllama/llama-7b,dummy-lora-7b-rank-16-4,622,10,358.6213293709284
3551,huggyllama/llama-7b,dummy-lora-7b-rank-8-4,566,6,358.6493660468228
3552,huggyllama/llama-7b,dummy-lora-7b-rank-8-1,282,53,358.7561111842325
3553,huggyllama/llama-7b,dummy-lora-7b-rank-64-3,581,61,358.92462005540983
3554,huggyllama/llama-7b,dummy-lora-7b-rank-128-2,558,69,359.10106834502886
3555,huggyllama/llama-7b,dummy-lora-7b-rank-32-1,503,55,359.10990741804915
3556,huggyllama/llama-7b,dummy-lora-7b-rank-128-1,399,11,359.11207131405206
3557,huggyllama/llama-7b,dummy-lora-7b-rank-64-4,820,3,359.1346801440776
3558,huggyllama/llama-7b,dummy-lora-7b-rank-32-0,636,7,359.29980408491207
3559,huggyllama/llama-7b,dummy-lora-7b-rank-32-3,208,38,359.857990154194
3560,huggyllama/llama-7b,dummy-lora-7b-rank-8-2,548,17,359.93624009603013
3561,huggyllama/llama-7b,dummy-lora-7b-rank-8-0,405,46,359.9467632737054
3562,huggyllama/llama-7b,dummy-lora-7b-rank-64-0,807,45,359.9972605374218
3563,huggyllama/llama-7b,dummy-lora-7b-rank-16-4,465,45,360.1848797288632
3564,huggyllama/llama-7b,dummy-lora-7b-rank-32-0,590,21,360.2990180071422
3565,huggyllama/llama-7b,dummy-lora-7b-rank-128-1,556,11,360.32080404688304
3566,huggyllama/llama-7b,dummy-lora-7b-rank-128-0,497,7,360.41635186477424
3567,huggyllama/llama-7b,dummy-lora-7b-rank-8-3,315,32,360.4379788361917
3568,huggyllama/llama-7b,dummy-lora-7b-rank-32-3,464,36,360.5476902262658
3569,huggyllama/llama-7b,dummy-lora-7b-rank-32-2,526,12,360.8792831480464
3570,huggyllama/llama-7b,dummy-lora-7b-rank-16-2,524,48,360.92712150952383
3571,huggyllama/llama-7b,dummy-lora-7b-rank-64-0,513,10,361.2658730392147
3572,huggyllama/llama-7b,dummy-lora-7b-rank-32-3,556,19,361.3263000867174
3573,huggyllama/llama-7b,dummy-lora-7b-rank-128-0,323,67,361.4131271506197
3574,huggyllama/llama-7b,dummy-lora-7b-rank-16-4,143,75,361.4779873177162
3575,huggyllama/llama-7b,dummy-lora-7b-rank-64-2,558,21,361.49523606595614
3576,huggyllama/llama-7b,dummy-lora-7b-rank-128-4,609,22,361.6333272712711
3577,huggyllama/llama-7b,dummy-lora-7b-rank-128-3,634,23,361.71752598146986
3578,huggyllama/llama-7b,dummy-lora-7b-rank-8-4,232,52,361.7240896361724
3579,huggyllama/llama-7b,dummy-lora-7b-rank-128-1,552,19,361.7423815603168
3580,huggyllama/llama-7b,dummy-lora-7b-rank-64-1,442,8,361.7688164914962
3581,huggyllama/llama-7b,dummy-lora-7b-rank-128-4,693,49,361.8455295072837
3582,huggyllama/llama-7b,dummy-lora-7b-rank-64-0,566,29,362.2219028018502
3583,huggyllama/llama-7b,dummy-lora-7b-rank-64-3,417,18,362.3171520591058
3584,huggyllama/llama-7b,dummy-lora-7b-rank-16-2,590,40,362.39358193853604
3585,huggyllama/llama-7b,dummy-lora-7b-rank-128-4,621,11,362.4790185438346
3586,huggyllama/llama-7b,dummy-lora-7b-rank-8-1,760,30,362.4889880612561
3587,huggyllama/llama-7b,dummy-lora-7b-rank-128-0,569,47,362.54298001236725
3588,huggyllama/llama-7b,dummy-lora-7b-rank-16-2,135,88,362.74984014803465
3589,huggyllama/llama-7b,dummy-lora-7b-rank-16-4,309,135,362.8010516562604
3590,huggyllama/llama-7b,dummy-lora-7b-rank-8-2,548,17,362.8112792969135
3591,huggyllama/llama-7b,dummy-lora-7b-rank-32-2,609,24,362.8482548104231
3592,huggyllama/llama-7b,dummy-lora-7b-rank-32-4,552,21,363.0207881777562
3593,huggyllama/llama-7b,dummy-lora-7b-rank-16-3,586,36,363.1412330731212
3594,huggyllama/llama-7b,dummy-lora-7b-rank-8-3,619,99,363.4059443500126
3595,huggyllama/llama-7b,dummy-lora-7b-rank-16-0,586,36,363.4383602563943
3596,huggyllama/llama-7b,dummy-lora-7b-rank-8-4,506,85,363.7938936298915
3597,huggyllama/llama-7b,dummy-lora-7b-rank-16-2,711,196,363.9323402885065
3598,huggyllama/llama-7b,dummy-lora-7b-rank-32-0,514,203,363.9874887638239
3599,huggyllama/llama-7b,dummy-lora-7b-rank-16-2,124,63,364.0084770988878
3600,huggyllama/llama-7b,dummy-lora-7b-rank-128-3,371,51,364.09907806526
3601,huggyllama/llama-7b,dummy-lora-7b-rank-16-0,833,44,364.1042804534848
3602,huggyllama/llama-7b,dummy-lora-7b-rank-64-2,550,18,364.2123324770797
3603,huggyllama/llama-7b,dummy-lora-7b-rank-64-0,1003,15,364.29579131332184
3604,huggyllama/llama-7b,dummy-lora-7b-rank-32-2,548,17,364.34546421440064
3605,huggyllama/llama-7b,dummy-lora-7b-rank-16-2,883,49,364.4013203499675
3606,huggyllama/llama-7b,dummy-lora-7b-rank-16-3,509,11,364.43154811699105
3607,huggyllama/llama-7b,dummy-lora-7b-rank-8-4,284,5,364.4459862279957
3608,huggyllama/llama-7b,dummy-lora-7b-rank-32-2,384,44,364.5469107703381
3609,huggyllama/llama-7b,dummy-lora-7b-rank-8-3,245,66,364.6432496122181
3610,huggyllama/llama-7b,dummy-lora-7b-rank-128-2,475,14,364.65784818587576
3611,huggyllama/llama-7b,dummy-lora-7b-rank-128-4,640,40,364.74466019590426
3612,huggyllama/llama-7b,dummy-lora-7b-rank-16-4,588,47,364.7573696118933
3613,huggyllama/llama-7b,dummy-lora-7b-rank-8-1,169,50,364.95344137853107
3614,huggyllama/llama-7b,dummy-lora-7b-rank-128-1,572,26,364.96021090325894
3615,huggyllama/llama-7b,dummy-lora-7b-rank-64-4,554,20,365.19564112624425
3616,huggyllama/llama-7b,dummy-lora-7b-rank-16-3,214,73,365.4445937554618
3617,huggyllama/llama-7b,dummy-lora-7b-rank-128-3,415,55,365.4811067730245
3618,huggyllama/llama-7b,dummy-lora-7b-rank-8-3,645,50,365.51444518877526
3619,huggyllama/llama-7b,dummy-lora-7b-rank-8-1,560,22,365.56294418750105
3620,huggyllama/llama-7b,dummy-lora-7b-rank-32-2,550,7,365.62674887741446
3621,huggyllama/llama-7b,dummy-lora-7b-rank-16-0,936,18,365.8636866731401
3622,huggyllama/llama-7b,dummy-lora-7b-rank-32-4,325,54,366.0955170485026
3623,huggyllama/llama-7b,dummy-lora-7b-rank-32-0,273,169,366.17655078638325
3624,huggyllama/llama-7b,dummy-lora-7b-rank-128-2,590,71,366.28916503295704
3625,huggyllama/llama-7b,dummy-lora-7b-rank-128-1,370,38,366.30734753129093
3626,huggyllama/llama-7b,dummy-lora-7b-rank-128-2,378,14,366.43250897626217
3627,huggyllama/llama-7b,dummy-lora-7b-rank-128-2,108,41,366.5862679076619
3628,huggyllama/llama-7b,dummy-lora-7b-rank-128-1,454,46,366.6569634320715
3629,huggyllama/llama-7b,dummy-lora-7b-rank-16-1,586,11,366.67296050099844
3630,huggyllama/llama-7b,dummy-lora-7b-rank-128-2,63,97,366.69484041932145
3631,huggyllama/llama-7b,dummy-lora-7b-rank-32-3,562,24,366.77441122715885
3632,huggyllama/llama-7b,dummy-lora-7b-rank-32-3,358,43,366.8379756603904
3633,huggyllama/llama-7b,dummy-lora-7b-rank-128-3,546,16,366.87232247227877
3634,huggyllama/llama-7b,dummy-lora-7b-rank-32-4,582,37,366.9593047899112
3635,huggyllama/llama-7b,dummy-lora-7b-rank-128-4,329,138,367.0617981031819
3636,huggyllama/llama-7b,dummy-lora-7b-rank-16-3,256,38,367.20544638198
3637,huggyllama/llama-7b,dummy-lora-7b-rank-16-0,336,72,367.26069929034037
3638,huggyllama/llama-7b,dummy-lora-7b-rank-64-4,912,83,367.3170508216072
3639,huggyllama/llama-7b,dummy-lora-7b-rank-32-3,197,3,367.33416941435667
3640,huggyllama/llama-7b,dummy-lora-7b-rank-16-0,361,69,367.4438506984572
3641,huggyllama/llama-7b,dummy-lora-7b-rank-16-4,544,7,367.499139742328
3642,huggyllama/llama-7b,dummy-lora-7b-rank-16-4,158,50,367.52933736110845
3643,huggyllama/llama-7b,dummy-lora-7b-rank-8-3,224,138,367.61631074978794
3644,huggyllama/llama-7b,dummy-lora-7b-rank-16-3,153,48,367.8784664513442
3645,huggyllama/llama-7b,dummy-lora-7b-rank-64-2,567,52,367.9403847806721
3646,huggyllama/llama-7b,dummy-lora-7b-rank-128-0,229,57,368.02193663049127
3647,huggyllama/llama-7b,dummy-lora-7b-rank-128-2,382,64,368.0809962896417
3648,huggyllama/llama-7b,dummy-lora-7b-rank-8-1,621,28,368.0994164583527
3649,huggyllama/llama-7b,dummy-lora-7b-rank-16-1,550,18,368.24434678089176
3650,huggyllama/llama-7b,dummy-lora-7b-rank-16-2,634,17,368.39303593836286
3651,huggyllama/llama-7b,dummy-lora-7b-rank-16-0,580,25,368.4109029118654
3652,huggyllama/llama-7b,dummy-lora-7b-rank-64-3,326,51,368.5218830028862
3653,huggyllama/llama-7b,dummy-lora-7b-rank-16-3,606,46,368.6542227490533
3654,huggyllama/llama-7b,dummy-lora-7b-rank-32-4,82,42,368.6735497887068
3655,huggyllama/llama-7b,dummy-lora-7b-rank-128-2,609,77,368.75543772087815
3656,huggyllama/llama-7b,dummy-lora-7b-rank-32-4,241,40,368.77797477194684
3657,huggyllama/llama-7b,dummy-lora-7b-rank-8-2,175,62,368.8357351252985
3658,huggyllama/llama-7b,dummy-lora-7b-rank-64-2,325,51,368.98017627392977
3659,huggyllama/llama-7b,dummy-lora-7b-rank-128-3,462,51,369.1119762786767
3660,huggyllama/llama-7b,dummy-lora-7b-rank-32-0,196,47,369.21642455707496
3661,huggyllama/llama-7b,dummy-lora-7b-rank-128-1,668,60,369.4057506163757
3662,huggyllama/llama-7b,dummy-lora-7b-rank-16-1,416,48,369.80184212331545
3663,huggyllama/llama-7b,dummy-lora-7b-rank-32-2,425,45,370.1160778186024
3664,huggyllama/llama-7b,dummy-lora-7b-rank-16-0,618,20,370.2159600792023
3665,huggyllama/llama-7b,dummy-lora-7b-rank-32-2,798,103,370.2697367869016
3666,huggyllama/llama-7b,dummy-lora-7b-rank-8-2,568,44,370.81749349035186
3667,huggyllama/llama-7b,dummy-lora-7b-rank-32-3,524,47,370.8779901061764
3668,huggyllama/llama-7b,dummy-lora-7b-rank-16-0,559,19,370.98786386135475
3669,huggyllama/llama-7b,dummy-lora-7b-rank-64-3,135,40,371.1064337841054
3670,huggyllama/llama-7b,dummy-lora-7b-rank-32-2,838,56,371.17816947973574
3671,huggyllama/llama-7b,dummy-lora-7b-rank-8-4,194,92,371.17844633367554
3672,huggyllama/llama-7b,dummy-lora-7b-rank-16-2,888,74,371.34889720222736
3673,huggyllama/llama-7b,dummy-lora-7b-rank-32-1,570,26,371.352290383759
3674,huggyllama/llama-7b,dummy-lora-7b-rank-32-4,386,45,371.57535369276104
3675,huggyllama/llama-7b,dummy-lora-7b-rank-16-3,571,29,371.88342339143594
3676,huggyllama/llama-7b,dummy-lora-7b-rank-64-2,983,35,371.9643677519016
3677,huggyllama/llama-7b,dummy-lora-7b-rank-16-0,914,7,372.011607844962
3678,huggyllama/llama-7b,dummy-lora-7b-rank-32-1,600,17,372.0454362954048
3679,huggyllama/llama-7b,dummy-lora-7b-rank-16-4,305,16,372.1669399640904
3680,huggyllama/llama-7b,dummy-lora-7b-rank-8-1,654,8,372.30209703655447
3681,huggyllama/llama-7b,dummy-lora-7b-rank-8-1,550,21,372.4101139951721
3682,huggyllama/llama-7b,dummy-lora-7b-rank-128-1,200,34,372.57575209216515
3683,huggyllama/llama-7b,dummy-lora-7b-rank-32-2,446,49,372.687965053253
3684,huggyllama/llama-7b,dummy-lora-7b-rank-64-3,558,22,372.81856073426627
3685,huggyllama/llama-7b,dummy-lora-7b-rank-16-3,746,4,372.8868458864952
3686,huggyllama/llama-7b,dummy-lora-7b-rank-64-0,432,51,372.96133198309735
3687,huggyllama/llama-7b,dummy-lora-7b-rank-16-0,445,9,372.97183355259267
3688,huggyllama/llama-7b,dummy-lora-7b-rank-8-3,590,48,373.04395714960987
3689,huggyllama/llama-7b,dummy-lora-7b-rank-128-2,546,14,373.377996995225
3690,huggyllama/llama-7b,dummy-lora-7b-rank-64-1,436,78,373.42639357982824
3691,huggyllama/llama-7b,dummy-lora-7b-rank-64-3,434,54,373.4948593829127
3692,huggyllama/llama-7b,dummy-lora-7b-rank-32-2,590,3,373.58367284469415
3693,huggyllama/llama-7b,dummy-lora-7b-rank-128-1,601,18,373.8675992895737
3694,huggyllama/llama-7b,dummy-lora-7b-rank-16-4,838,27,374.05801948695444
3695,huggyllama/llama-7b,dummy-lora-7b-rank-32-3,455,4,374.0833090124422
3696,huggyllama/llama-7b,dummy-lora-7b-rank-8-3,532,9,374.1123750081727
3697,huggyllama/llama-7b,dummy-lora-7b-rank-16-3,564,2,374.1307006524643
3698,huggyllama/llama-7b,dummy-lora-7b-rank-64-0,611,23,374.1354152002598
3699,huggyllama/llama-7b,dummy-lora-7b-rank-8-3,796,113,374.32964229084536
3700,huggyllama/llama-7b,dummy-lora-7b-rank-16-2,695,80,374.595936974349
3701,huggyllama/llama-7b,dummy-lora-7b-rank-8-3,369,11,374.63541395615556
3702,huggyllama/llama-7b,dummy-lora-7b-rank-64-4,547,6,374.6604854336407
3703,huggyllama/llama-7b,dummy-lora-7b-rank-16-3,112,8,374.8296039013485
3704,huggyllama/llama-7b,dummy-lora-7b-rank-64-0,563,8,374.8327071977473
3705,huggyllama/llama-7b,dummy-lora-7b-rank-8-4,339,6,374.9040759434411
3706,huggyllama/llama-7b,dummy-lora-7b-rank-16-4,722,44,374.93095013279316
3707,huggyllama/llama-7b,dummy-lora-7b-rank-16-4,637,8,374.9671678075859
3708,huggyllama/llama-7b,dummy-lora-7b-rank-16-2,560,23,375.1746219304127
3709,huggyllama/llama-7b,dummy-lora-7b-rank-128-0,554,20,375.2246256861453
3710,huggyllama/llama-7b,dummy-lora-7b-rank-16-3,133,64,375.28438135364183
3711,huggyllama/llama-7b,dummy-lora-7b-rank-16-2,446,137,375.3803036758074
3712,huggyllama/llama-7b,dummy-lora-7b-rank-32-0,544,17,375.6268086906777
3713,huggyllama/llama-7b,dummy-lora-7b-rank-8-4,552,19,375.9469571693338
3714,huggyllama/llama-7b,dummy-lora-7b-rank-128-2,542,11,376.06235067529394
3715,huggyllama/llama-7b,dummy-lora-7b-rank-128-0,550,10,376.17959139731835
3716,huggyllama/llama-7b,dummy-lora-7b-rank-16-4,428,63,376.42940157745187
3717,huggyllama/llama-7b,dummy-lora-7b-rank-64-0,83,53,376.557940765391
3718,huggyllama/llama-7b,dummy-lora-7b-rank-16-1,691,17,376.637717854104
3719,huggyllama/llama-7b,dummy-lora-7b-rank-128-1,416,118,376.69663321359053
3720,huggyllama/llama-7b,dummy-lora-7b-rank-128-1,611,8,376.7583457968862
3721,huggyllama/llama-7b,dummy-lora-7b-rank-128-0,632,22,376.7986618578544
3722,huggyllama/llama-7b,dummy-lora-7b-rank-32-4,226,54,376.9439737445259
3723,huggyllama/llama-7b,dummy-lora-7b-rank-64-1,195,41,376.9739277770799
3724,huggyllama/llama-7b,dummy-lora-7b-rank-16-1,588,18,377.16962381978004
3725,huggyllama/llama-7b,dummy-lora-7b-rank-16-2,601,25,377.17471819955875
3726,huggyllama/llama-7b,dummy-lora-7b-rank-16-0,556,13,377.2370752301536
3727,huggyllama/llama-7b,dummy-lora-7b-rank-8-1,562,25,377.56252016242644
3728,huggyllama/llama-7b,dummy-lora-7b-rank-128-4,1019,10,377.56522006240186
3729,huggyllama/llama-7b,dummy-lora-7b-rank-64-2,959,179,377.6278253544366
3730,huggyllama/llama-7b,dummy-lora-7b-rank-64-2,389,10,377.71811602609375
3731,huggyllama/llama-7b,dummy-lora-7b-rank-16-1,614,17,377.8987419591556
3732,huggyllama/llama-7b,dummy-lora-7b-rank-128-4,603,17,378.1343952554921
3733,huggyllama/llama-7b,dummy-lora-7b-rank-64-4,500,10,378.33783710957397
3734,huggyllama/llama-7b,dummy-lora-7b-rank-128-1,135,50,378.3736769699501
3735,huggyllama/llama-7b,dummy-lora-7b-rank-32-0,466,45,378.394836730363
3736,huggyllama/llama-7b,dummy-lora-7b-rank-32-2,647,25,378.62975971324033
3737,huggyllama/llama-7b,dummy-lora-7b-rank-8-3,188,51,378.6577778267184
3738,huggyllama/llama-7b,dummy-lora-7b-rank-8-0,862,134,378.6844312832559
3739,huggyllama/llama-7b,dummy-lora-7b-rank-32-1,536,50,378.82647311638107
3740,huggyllama/llama-7b,dummy-lora-7b-rank-8-4,300,54,378.84378744580806
3741,huggyllama/llama-7b,dummy-lora-7b-rank-32-2,419,46,378.88900589219384
3742,huggyllama/llama-7b,dummy-lora-7b-rank-16-4,869,8,378.89504390714836
3743,huggyllama/llama-7b,dummy-lora-7b-rank-32-2,807,75,378.90059645356047
3744,huggyllama/llama-7b,dummy-lora-7b-rank-8-0,349,52,378.91622299280186
3745,huggyllama/llama-7b,dummy-lora-7b-rank-8-2,568,27,378.92132021941956
3746,huggyllama/llama-7b,dummy-lora-7b-rank-64-4,552,19,378.97356180174984
3747,huggyllama/llama-7b,dummy-lora-7b-rank-32-0,569,27,379.0339037338043
3748,huggyllama/llama-7b,dummy-lora-7b-rank-32-4,554,23,379.19847318854363
3749,huggyllama/llama-7b,dummy-lora-7b-rank-64-4,562,26,379.3737886159809
3750,huggyllama/llama-7b,dummy-lora-7b-rank-64-4,438,56,379.5615988898059
3751,huggyllama/llama-7b,dummy-lora-7b-rank-16-0,601,9,379.60342646680147
3752,huggyllama/llama-7b,dummy-lora-7b-rank-64-0,214,7,379.6061476463868
3753,huggyllama/llama-7b,dummy-lora-7b-rank-64-3,554,20,379.8324919184078
3754,huggyllama/llama-7b,dummy-lora-7b-rank-32-3,151,34,379.9912934248507
3755,huggyllama/llama-7b,dummy-lora-7b-rank-128-0,556,23,380.02703240215885
3756,huggyllama/llama-7b,dummy-lora-7b-rank-16-4,205,45,380.05414359679037
3757,huggyllama/llama-7b,dummy-lora-7b-rank-128-0,725,67,380.31548153456555
3758,huggyllama/llama-7b,dummy-lora-7b-rank-128-3,562,27,380.58851011746174
3759,huggyllama/llama-7b,dummy-lora-7b-rank-16-0,558,25,380.6586620988584
3760,huggyllama/llama-7b,dummy-lora-7b-rank-8-4,601,21,380.89044976228377
3761,huggyllama/llama-7b,dummy-lora-7b-rank-8-3,410,16,380.8939654906723
3762,huggyllama/llama-7b,dummy-lora-7b-rank-32-0,201,50,380.96860625394345
3763,huggyllama/llama-7b,dummy-lora-7b-rank-128-1,560,23,381.1635152237768
3764,huggyllama/llama-7b,dummy-lora-7b-rank-128-2,734,95,381.3020061247218
3765,huggyllama/llama-7b,dummy-lora-7b-rank-64-1,319,46,381.30421927682437
3766,huggyllama/llama-7b,dummy-lora-7b-rank-64-4,333,54,381.4389258681055
3767,huggyllama/llama-7b,dummy-lora-7b-rank-128-4,227,19,381.486172088315
3768,huggyllama/llama-7b,dummy-lora-7b-rank-64-4,635,11,381.53161148483287
3769,huggyllama/llama-7b,dummy-lora-7b-rank-8-1,559,82,381.63294166920144
3770,huggyllama/llama-7b,dummy-lora-7b-rank-16-1,603,22,381.8350216453555
3771,huggyllama/llama-7b,dummy-lora-7b-rank-16-4,273,35,382.0473463214978
3772,huggyllama/llama-7b,dummy-lora-7b-rank-128-1,185,126,382.1641331669225
3773,huggyllama/llama-7b,dummy-lora-7b-rank-128-2,243,49,382.1674831728233
3774,huggyllama/llama-7b,dummy-lora-7b-rank-8-4,558,22,382.2019865903047
3775,huggyllama/llama-7b,dummy-lora-7b-rank-16-1,235,48,382.2862740265242
3776,huggyllama/llama-7b,dummy-lora-7b-rank-128-2,282,45,382.2955592560927
3777,huggyllama/llama-7b,dummy-lora-7b-rank-128-0,689,29,382.4401055956238
3778,huggyllama/llama-7b,dummy-lora-7b-rank-32-1,427,159,382.5388429560301
3779,huggyllama/llama-7b,dummy-lora-7b-rank-128-3,650,82,382.60108955595615
3780,huggyllama/llama-7b,dummy-lora-7b-rank-128-4,560,19,382.64141334333596
3781,huggyllama/llama-7b,dummy-lora-7b-rank-16-3,439,103,382.88450674371387
3782,huggyllama/llama-7b,dummy-lora-7b-rank-8-4,158,71,382.990762991232
3783,huggyllama/llama-7b,dummy-lora-7b-rank-16-4,257,45,383.00260631838245
3784,huggyllama/llama-7b,dummy-lora-7b-rank-32-1,117,45,383.1119729625765
3785,huggyllama/llama-7b,dummy-lora-7b-rank-16-4,729,71,383.1658526579202
3786,huggyllama/llama-7b,dummy-lora-7b-rank-32-4,236,6,383.20803766814225
3787,huggyllama/llama-7b,dummy-lora-7b-rank-128-3,572,29,383.2464317331442
3788,huggyllama/llama-7b,dummy-lora-7b-rank-128-0,756,43,383.3826234635443
3789,huggyllama/llama-7b,dummy-lora-7b-rank-64-2,554,12,383.5726947463153
3790,huggyllama/llama-7b,dummy-lora-7b-rank-8-1,459,10,383.68817167719743
3791,huggyllama/llama-7b,dummy-lora-7b-rank-64-1,387,70,383.6983972506375
3792,huggyllama/llama-7b,dummy-lora-7b-rank-32-3,845,43,383.73804130745754
3793,huggyllama/llama-7b,dummy-lora-7b-rank-64-0,621,47,383.92260053167126
3794,huggyllama/llama-7b,dummy-lora-7b-rank-32-0,573,44,383.94804080028877
3795,huggyllama/llama-7b,dummy-lora-7b-rank-16-1,647,32,383.9782029960001
3796,huggyllama/llama-7b,dummy-lora-7b-rank-64-4,726,19,383.99430048581536
3797,huggyllama/llama-7b,dummy-lora-7b-rank-8-0,560,15,384.0830031490851
3798,huggyllama/llama-7b,dummy-lora-7b-rank-64-4,593,8,384.08923436449743
3799,huggyllama/llama-7b,dummy-lora-7b-rank-64-2,554,2,384.1283621887816
3800,huggyllama/llama-7b,dummy-lora-7b-rank-8-3,560,15,384.15571359571015
3801,huggyllama/llama-7b,dummy-lora-7b-rank-16-3,385,44,384.2864448609401
3802,huggyllama/llama-7b,dummy-lora-7b-rank-128-3,586,34,384.31047680319847
3803,huggyllama/llama-7b,dummy-lora-7b-rank-128-4,379,35,384.40739735956583
3804,huggyllama/llama-7b,dummy-lora-7b-rank-128-4,439,53,384.4544318027183
3805,huggyllama/llama-7b,dummy-lora-7b-rank-8-2,526,30,384.6286883005083
3806,huggyllama/llama-7b,dummy-lora-7b-rank-16-2,626,24,384.65125531765824
3807,huggyllama/llama-7b,dummy-lora-7b-rank-16-0,105,32,384.7270045950052
3808,huggyllama/llama-7b,dummy-lora-7b-rank-16-3,564,67,384.7353954658501
3809,huggyllama/llama-7b,dummy-lora-7b-rank-32-0,707,22,384.7633423835505
3810,huggyllama/llama-7b,dummy-lora-7b-rank-64-2,619,47,384.7694162389928
3811,huggyllama/llama-7b,dummy-lora-7b-rank-16-0,496,8,384.7781601880269
3812,huggyllama/llama-7b,dummy-lora-7b-rank-128-1,564,24,385.0880061683853
3813,huggyllama/llama-7b,dummy-lora-7b-rank-64-4,574,32,385.1181174016665
3814,huggyllama/llama-7b,dummy-lora-7b-rank-128-2,590,21,385.16364879994035
3815,huggyllama/llama-7b,dummy-lora-7b-rank-64-2,277,55,385.27546009558364
3816,huggyllama/llama-7b,dummy-lora-7b-rank-64-2,192,41,385.30445185489015
3817,huggyllama/llama-7b,dummy-lora-7b-rank-8-1,310,19,385.4483957472543
3818,huggyllama/llama-7b,dummy-lora-7b-rank-64-4,306,51,385.6449957222429
3819,huggyllama/llama-7b,dummy-lora-7b-rank-128-1,119,50,385.6839090508267
3820,huggyllama/llama-7b,dummy-lora-7b-rank-64-4,425,137,385.86855523507876
3821,huggyllama/llama-7b,dummy-lora-7b-rank-128-0,100,49,385.9268676632755
3822,huggyllama/llama-7b,dummy-lora-7b-rank-16-4,658,17,386.068897367859
3823,huggyllama/llama-7b,dummy-lora-7b-rank-8-4,220,88,386.1156334590918
3824,huggyllama/llama-7b,dummy-lora-7b-rank-64-4,350,53,386.32469632908646
3825,huggyllama/llama-7b,dummy-lora-7b-rank-32-2,554,20,386.3575463457118
3826,huggyllama/llama-7b,dummy-lora-7b-rank-16-1,384,48,386.357864754099
3827,huggyllama/llama-7b,dummy-lora-7b-rank-64-0,658,62,386.5047364666176
3828,huggyllama/llama-7b,dummy-lora-7b-rank-16-1,420,15,386.524661281423
3829,huggyllama/llama-7b,dummy-lora-7b-rank-32-0,350,44,386.62974706650516
3830,huggyllama/llama-7b,dummy-lora-7b-rank-8-1,548,17,386.63687188947625
3831,huggyllama/llama-7b,dummy-lora-7b-rank-8-3,450,11,386.72195464951267
3832,huggyllama/llama-7b,dummy-lora-7b-rank-32-0,278,74,386.7543033452793
3833,huggyllama/llama-7b,dummy-lora-7b-rank-32-4,435,8,386.75818551461504
3834,huggyllama/llama-7b,dummy-lora-7b-rank-64-1,878,64,386.76468923392935
3835,huggyllama/llama-7b,dummy-lora-7b-rank-8-4,317,51,386.7781290597546
3836,huggyllama/llama-7b,dummy-lora-7b-rank-8-0,612,42,386.92102614411766
3837,huggyllama/llama-7b,dummy-lora-7b-rank-16-3,752,40,387.0497023829129
3838,huggyllama/llama-7b,dummy-lora-7b-rank-128-1,305,76,387.0743122322708
3839,huggyllama/llama-7b,dummy-lora-7b-rank-64-4,576,34,387.1102687454428
3840,huggyllama/llama-7b,dummy-lora-7b-rank-64-2,430,63,387.1162782657185
3841,huggyllama/llama-7b,dummy-lora-7b-rank-128-4,318,59,387.1701208604967
3842,huggyllama/llama-7b,dummy-lora-7b-rank-128-3,247,5,387.21071449444344
3843,huggyllama/llama-7b,dummy-lora-7b-rank-8-0,326,4,387.44417586426624
3844,huggyllama/llama-7b,dummy-lora-7b-rank-64-1,572,32,387.49331714183694
3845,huggyllama/llama-7b,dummy-lora-7b-rank-32-0,125,19,387.8386330843007
3846,huggyllama/llama-7b,dummy-lora-7b-rank-64-1,550,18,387.9435422110467
3847,huggyllama/llama-7b,dummy-lora-7b-rank-16-4,248,53,387.9462760189631
3848,huggyllama/llama-7b,dummy-lora-7b-rank-64-0,550,18,388.06984719872776
3849,huggyllama/llama-7b,dummy-lora-7b-rank-16-2,558,22,388.1554573453815
3850,huggyllama/llama-7b,dummy-lora-7b-rank-8-2,610,43,388.28490941727443
3851,huggyllama/llama-7b,dummy-lora-7b-rank-32-1,574,28,388.31614989730576
3852,huggyllama/llama-7b,dummy-lora-7b-rank-32-1,247,59,388.4045584951353
3853,huggyllama/llama-7b,dummy-lora-7b-rank-64-1,609,19,388.75411921246894
3854,huggyllama/llama-7b,dummy-lora-7b-rank-64-3,603,30,388.76061121064026
3855,huggyllama/llama-7b,dummy-lora-7b-rank-64-4,690,32,388.7849420390901
3856,huggyllama/llama-7b,dummy-lora-7b-rank-128-4,552,10,388.8924199392542
3857,huggyllama/llama-7b,dummy-lora-7b-rank-16-2,669,8,389.01232728611643
3858,huggyllama/llama-7b,dummy-lora-7b-rank-128-4,430,79,389.1109384690491
3859,huggyllama/llama-7b,dummy-lora-7b-rank-128-3,570,31,389.21187878812384
3860,huggyllama/llama-7b,dummy-lora-7b-rank-16-0,109,65,389.2868351284526
3861,huggyllama/llama-7b,dummy-lora-7b-rank-8-0,831,3,389.29922649676143
3862,huggyllama/llama-7b,dummy-lora-7b-rank-64-2,426,49,389.335924238757
3863,huggyllama/llama-7b,dummy-lora-7b-rank-64-2,307,47,389.5316734427678
3864,huggyllama/llama-7b,dummy-lora-7b-rank-32-4,546,8,389.7149988587268
3865,huggyllama/llama-7b,dummy-lora-7b-rank-16-1,484,47,389.7790600813129
3866,huggyllama/llama-7b,dummy-lora-7b-rank-64-0,474,41,389.8276561148403
3867,huggyllama/llama-7b,dummy-lora-7b-rank-8-0,578,2,389.8981859034251
3868,huggyllama/llama-7b,dummy-lora-7b-rank-8-3,396,251,389.9141059475995
3869,huggyllama/llama-7b,dummy-lora-7b-rank-16-3,452,180,389.97092062754575
3870,huggyllama/llama-7b,dummy-lora-7b-rank-64-0,347,54,390.09238728744714
3871,huggyllama/llama-7b,dummy-lora-7b-rank-128-1,369,45,390.1085222840834
3872,huggyllama/llama-7b,dummy-lora-7b-rank-8-3,54,80,390.1110769543506
3873,huggyllama/llama-7b,dummy-lora-7b-rank-128-4,556,13,390.24922288412426
3874,huggyllama/llama-7b,dummy-lora-7b-rank-16-0,552,11,390.30006637074877
3875,huggyllama/llama-7b,dummy-lora-7b-rank-64-2,644,45,390.3591090966699
3876,huggyllama/llama-7b,dummy-lora-7b-rank-32-0,611,23,390.43159708599535
3877,huggyllama/llama-7b,dummy-lora-7b-rank-8-1,867,80,390.4477313818697
3878,huggyllama/llama-7b,dummy-lora-7b-rank-8-4,323,8,390.56594246641606
3879,huggyllama/llama-7b,dummy-lora-7b-rank-32-4,373,45,390.71456283434236
3880,huggyllama/llama-7b,dummy-lora-7b-rank-64-4,554,20,390.86308656677613
3881,huggyllama/llama-7b,dummy-lora-7b-rank-8-2,405,62,390.8974462450928
3882,huggyllama/llama-7b,dummy-lora-7b-rank-128-3,523,48,390.97279412020697
3883,huggyllama/llama-7b,dummy-lora-7b-rank-32-3,353,7,391.06352046853635
3884,huggyllama/llama-7b,dummy-lora-7b-rank-32-0,1008,20,391.1651481482564
3885,huggyllama/llama-7b,dummy-lora-7b-rank-128-1,554,20,391.3073643267967
3886,huggyllama/llama-7b,dummy-lora-7b-rank-32-4,439,6,391.31029779541774
3887,huggyllama/llama-7b,dummy-lora-7b-rank-8-3,656,73,391.3680327259079
3888,huggyllama/llama-7b,dummy-lora-7b-rank-32-0,517,11,391.37249972225493
3889,huggyllama/llama-7b,dummy-lora-7b-rank-64-0,162,35,391.61337126319
3890,huggyllama/llama-7b,dummy-lora-7b-rank-128-3,516,11,391.8714189344041
3891,huggyllama/llama-7b,dummy-lora-7b-rank-16-0,114,54,392.0026461010341
3892,huggyllama/llama-7b,dummy-lora-7b-rank-128-2,425,19,392.1083110767916
3893,huggyllama/llama-7b,dummy-lora-7b-rank-32-2,514,7,392.1287987668074
3894,huggyllama/llama-7b,dummy-lora-7b-rank-64-4,878,143,392.37622336474465
3895,huggyllama/llama-7b,dummy-lora-7b-rank-16-4,601,51,392.9658849084383
3896,huggyllama/llama-7b,dummy-lora-7b-rank-32-4,519,111,392.9777181554392
3897,huggyllama/llama-7b,dummy-lora-7b-rank-16-0,550,18,393.0173231371873
3898,huggyllama/llama-7b,dummy-lora-7b-rank-32-1,186,106,393.47645329749776
3899,huggyllama/llama-7b,dummy-lora-7b-rank-64-0,414,52,393.83841523230313
3900,huggyllama/llama-7b,dummy-lora-7b-rank-64-3,424,7,393.8723839322286
3901,huggyllama/llama-7b,dummy-lora-7b-rank-8-0,452,84,394.10785141437196
3902,huggyllama/llama-7b,dummy-lora-7b-rank-128-0,474,9,394.149705342318
3903,huggyllama/llama-7b,dummy-lora-7b-rank-32-1,258,3,394.15412099443853
3904,huggyllama/llama-7b,dummy-lora-7b-rank-8-1,615,22,394.1913415766365
3905,huggyllama/llama-7b,dummy-lora-7b-rank-64-2,54,11,394.25737699995267
3906,huggyllama/llama-7b,dummy-lora-7b-rank-128-2,95,43,394.2620384500298
3907,huggyllama/llama-7b,dummy-lora-7b-rank-16-4,580,72,394.4728050887419
3908,huggyllama/llama-7b,dummy-lora-7b-rank-16-1,374,49,394.5208592716523
3909,huggyllama/llama-7b,dummy-lora-7b-rank-128-4,636,50,394.6774753732836
3910,huggyllama/llama-7b,dummy-lora-7b-rank-32-1,562,26,394.79773488810434
3911,huggyllama/llama-7b,dummy-lora-7b-rank-32-2,715,86,394.9708044195622
3912,huggyllama/llama-7b,dummy-lora-7b-rank-64-1,124,34,395.00056025285
3913,huggyllama/llama-7b,dummy-lora-7b-rank-8-3,617,26,395.1410658594093
3914,huggyllama/llama-7b,dummy-lora-7b-rank-8-3,461,15,395.15981848146293
3915,huggyllama/llama-7b,dummy-lora-7b-rank-64-0,571,19,395.2842573375595
3916,huggyllama/llama-7b,dummy-lora-7b-rank-16-2,558,23,395.5265104503228
3917,huggyllama/llama-7b,dummy-lora-7b-rank-32-0,550,11,395.5302323767307
3918,huggyllama/llama-7b,dummy-lora-7b-rank-8-2,186,43,395.61921478810103
3919,huggyllama/llama-7b,dummy-lora-7b-rank-32-2,523,8,395.64385306072063
3920,huggyllama/llama-7b,dummy-lora-7b-rank-8-0,473,32,395.80543294737555
3921,huggyllama/llama-7b,dummy-lora-7b-rank-128-1,330,43,395.81363111996114
3922,huggyllama/llama-7b,dummy-lora-7b-rank-128-0,177,5,395.9063035344285
3923,huggyllama/llama-7b,dummy-lora-7b-rank-64-3,487,12,396.2208759994752
3924,huggyllama/llama-7b,dummy-lora-7b-rank-128-4,756,10,396.22309991019114
3925,huggyllama/llama-7b,dummy-lora-7b-rank-64-2,588,12,396.30630746065026
3926,huggyllama/llama-7b,dummy-lora-7b-rank-16-1,556,20,396.3415562029209
3927,huggyllama/llama-7b,dummy-lora-7b-rank-32-0,617,27,396.39267592118546
3928,huggyllama/llama-7b,dummy-lora-7b-rank-128-2,645,3,396.5367759484135
3929,huggyllama/llama-7b,dummy-lora-7b-rank-64-3,480,9,396.58804614278233
3930,huggyllama/llama-7b,dummy-lora-7b-rank-32-3,419,57,396.6267378050715
3931,huggyllama/llama-7b,dummy-lora-7b-rank-32-2,719,8,396.9179831873342
3932,huggyllama/llama-7b,dummy-lora-7b-rank-32-1,552,17,396.947393294314
3933,huggyllama/llama-7b,dummy-lora-7b-rank-32-3,249,5,397.0063682328071
3934,huggyllama/llama-7b,dummy-lora-7b-rank-32-1,554,20,397.0137923548292
3935,huggyllama/llama-7b,dummy-lora-7b-rank-16-1,161,54,397.17208328337153
3936,huggyllama/llama-7b,dummy-lora-7b-rank-32-3,767,84,397.22348359480566
3937,huggyllama/llama-7b,dummy-lora-7b-rank-16-0,671,30,397.27546678445736
3938,huggyllama/llama-7b,dummy-lora-7b-rank-128-4,788,96,397.2803564661731
3939,huggyllama/llama-7b,dummy-lora-7b-rank-8-1,966,18,397.29852293195626
3940,huggyllama/llama-7b,dummy-lora-7b-rank-32-2,562,8,397.3593645319427
3941,huggyllama/llama-7b,dummy-lora-7b-rank-128-3,560,2,397.470043776205
3942,huggyllama/llama-7b,dummy-lora-7b-rank-128-0,276,6,397.496033984806
3943,huggyllama/llama-7b,dummy-lora-7b-rank-8-2,601,18,397.59679090573195
3944,huggyllama/llama-7b,dummy-lora-7b-rank-16-0,554,11,397.6925394686457
3945,huggyllama/llama-7b,dummy-lora-7b-rank-64-4,568,27,397.78243750390493
3946,huggyllama/llama-7b,dummy-lora-7b-rank-128-4,854,175,397.8300272603327
3947,huggyllama/llama-7b,dummy-lora-7b-rank-16-2,66,68,397.8516963363924
3948,huggyllama/llama-7b,dummy-lora-7b-rank-8-3,495,8,397.902917534778
3949,huggyllama/llama-7b,dummy-lora-7b-rank-8-2,884,44,397.9724180744307
3950,huggyllama/llama-7b,dummy-lora-7b-rank-16-2,601,13,397.9834502275338
3951,huggyllama/llama-7b,dummy-lora-7b-rank-64-0,576,21,397.998804373136
3952,huggyllama/llama-7b,dummy-lora-7b-rank-16-0,506,7,398.05936454609446
3953,huggyllama/llama-7b,dummy-lora-7b-rank-8-3,188,117,398.1355767108502
3954,huggyllama/llama-7b,dummy-lora-7b-rank-16-0,712,11,398.40904062619296
3955,huggyllama/llama-7b,dummy-lora-7b-rank-32-4,554,12,398.4134067017223
3956,huggyllama/llama-7b,dummy-lora-7b-rank-64-0,676,29,398.418251821602
3957,huggyllama/llama-7b,dummy-lora-7b-rank-16-2,583,12,398.449847294129
3958,huggyllama/llama-7b,dummy-lora-7b-rank-128-2,610,94,398.4838624962075
3959,huggyllama/llama-7b,dummy-lora-7b-rank-128-3,588,20,398.6205677191114
3960,huggyllama/llama-7b,dummy-lora-7b-rank-64-1,931,36,398.6974594277849
3961,huggyllama/llama-7b,dummy-lora-7b-rank-16-4,401,10,398.73684135322395
3962,huggyllama/llama-7b,dummy-lora-7b-rank-128-0,524,50,398.88886284633077
3963,huggyllama/llama-7b,dummy-lora-7b-rank-64-4,344,36,398.9340595166104
3964,huggyllama/llama-7b,dummy-lora-7b-rank-32-1,281,121,399.03045433756483
3965,huggyllama/llama-7b,dummy-lora-7b-rank-32-4,362,49,399.0975552033332
3966,huggyllama/llama-7b,dummy-lora-7b-rank-64-4,601,18,399.13690393106253
3967,huggyllama/llama-7b,dummy-lora-7b-rank-64-4,639,16,399.3173292392552
3968,huggyllama/llama-7b,dummy-lora-7b-rank-128-1,877,39,399.5796050787457
3969,huggyllama/llama-7b,dummy-lora-7b-rank-32-2,582,33,399.6044908130992
3970,huggyllama/llama-7b,dummy-lora-7b-rank-16-3,406,20,399.6993480184616
3971,huggyllama/llama-7b,dummy-lora-7b-rank-128-4,601,18,399.70951037368775
3972,huggyllama/llama-7b,dummy-lora-7b-rank-64-4,692,11,399.8369750369423
3973,huggyllama/llama-7b,dummy-lora-7b-rank-64-3,440,47,399.8505043833288
3974,huggyllama/llama-7b,dummy-lora-7b-rank-64-4,487,14,400.06970940668066
3975,huggyllama/llama-7b,dummy-lora-7b-rank-64-3,182,47,400.1675658787385
3976,huggyllama/llama-7b,dummy-lora-7b-rank-32-3,290,54,400.3144752630731
3977,huggyllama/llama-7b,dummy-lora-7b-rank-16-4,715,3,400.44215527952855
3978,huggyllama/llama-7b,dummy-lora-7b-rank-32-3,659,78,400.5932925935313
3979,huggyllama/llama-7b,dummy-lora-7b-rank-32-4,607,16,400.7065138694329
3980,huggyllama/llama-7b,dummy-lora-7b-rank-64-3,391,37,400.7288269916795
3981,huggyllama/llama-7b,dummy-lora-7b-rank-64-3,750,2,400.841148211582
3982,huggyllama/llama-7b,dummy-lora-7b-rank-64-3,119,84,401.12258324899375
3983,huggyllama/llama-7b,dummy-lora-7b-rank-64-3,552,19,401.2107122055519
3984,huggyllama/llama-7b,dummy-lora-7b-rank-128-2,223,44,401.286752971489
3985,huggyllama/llama-7b,dummy-lora-7b-rank-128-0,179,42,401.4147721008561
3986,huggyllama/llama-7b,dummy-lora-7b-rank-16-1,341,46,401.55307758812023
3987,huggyllama/llama-7b,dummy-lora-7b-rank-16-3,609,35,401.76047914620665
3988,huggyllama/llama-7b,dummy-lora-7b-rank-16-4,449,48,401.83409071768006
3989,huggyllama/llama-7b,dummy-lora-7b-rank-64-4,550,17,401.9617690176048
3990,huggyllama/llama-7b,dummy-lora-7b-rank-64-0,343,111,402.06954273324317
3991,huggyllama/llama-7b,dummy-lora-7b-rank-8-3,275,43,402.0728847527912
3992,huggyllama/llama-7b,dummy-lora-7b-rank-64-0,251,35,402.09897569456405
3993,huggyllama/llama-7b,dummy-lora-7b-rank-16-4,188,10,402.1773601701734
3994,huggyllama/llama-7b,dummy-lora-7b-rank-8-2,158,46,402.31851471610315
3995,huggyllama/llama-7b,dummy-lora-7b-rank-128-1,316,55,402.47576313109585
3996,huggyllama/llama-7b,dummy-lora-7b-rank-32-4,562,21,402.63901158173707
3997,huggyllama/llama-7b,dummy-lora-7b-rank-32-1,777,69,402.70178740858097
3998,huggyllama/llama-7b,dummy-lora-7b-rank-32-0,639,38,402.77887958365017
3999,huggyllama/llama-7b,dummy-lora-7b-rank-8-1,214,36,402.9892050757972
4000,huggyllama/llama-7b,dummy-lora-7b-rank-8-0,513,80,403.0694891069496
4001,huggyllama/llama-7b,dummy-lora-7b-rank-16-3,560,25,403.1041227363874
4002,huggyllama/llama-7b,dummy-lora-7b-rank-128-4,378,114,403.1317598334015
4003,huggyllama/llama-7b,dummy-lora-7b-rank-8-3,695,63,403.1980143908183
4004,huggyllama/llama-7b,dummy-lora-7b-rank-128-4,550,18,403.20301107732297
4005,huggyllama/llama-7b,dummy-lora-7b-rank-8-4,684,56,403.3022307119229
4006,huggyllama/llama-7b,dummy-lora-7b-rank-8-0,288,55,403.58786823063184
4007,huggyllama/llama-7b,dummy-lora-7b-rank-32-4,779,103,403.5942477212725
4008,huggyllama/llama-7b,dummy-lora-7b-rank-16-1,188,49,403.64136101260414
4009,huggyllama/llama-7b,dummy-lora-7b-rank-16-3,55,69,403.8618769817667
4010,huggyllama/llama-7b,dummy-lora-7b-rank-64-1,580,35,404.0399642563748
4011,huggyllama/llama-7b,dummy-lora-7b-rank-64-4,506,222,404.34086465961826
4012,huggyllama/llama-7b,dummy-lora-7b-rank-16-3,681,37,404.55181422686843
4013,huggyllama/llama-7b,dummy-lora-7b-rank-128-0,601,18,404.85667342085264
4014,huggyllama/llama-7b,dummy-lora-7b-rank-8-1,696,15,404.8966865068706
4015,huggyllama/llama-7b,dummy-lora-7b-rank-128-2,435,49,404.99592799751616
4016,huggyllama/llama-7b,dummy-lora-7b-rank-8-3,568,27,405.06464489047477
4017,huggyllama/llama-7b,dummy-lora-7b-rank-32-4,580,35,405.20811633161856
4018,huggyllama/llama-7b,dummy-lora-7b-rank-32-1,670,84,405.32475842575667
4019,huggyllama/llama-7b,dummy-lora-7b-rank-128-4,607,21,405.43645295912523
4020,huggyllama/llama-7b,dummy-lora-7b-rank-16-2,410,48,405.55135527385886
4021,huggyllama/llama-7b,dummy-lora-7b-rank-128-4,584,40,405.5557060153621
4022,huggyllama/llama-7b,dummy-lora-7b-rank-8-2,756,21,405.5750220090981
4023,huggyllama/llama-7b,dummy-lora-7b-rank-128-3,660,11,405.59635733577824
4024,huggyllama/llama-7b,dummy-lora-7b-rank-64-2,188,97,405.7997390593638
4025,huggyllama/llama-7b,dummy-lora-7b-rank-8-2,558,22,405.83919142780445
4026,huggyllama/llama-7b,dummy-lora-7b-rank-128-2,607,18,405.86779603715627
4027,huggyllama/llama-7b,dummy-lora-7b-rank-32-3,604,47,405.936024719793
4028,huggyllama/llama-7b,dummy-lora-7b-rank-16-3,468,61,405.9587675578958
4029,huggyllama/llama-7b,dummy-lora-7b-rank-16-2,588,39,405.9958797028734
4030,huggyllama/llama-7b,dummy-lora-7b-rank-128-0,546,55,406.12639590849744
4031,huggyllama/llama-7b,dummy-lora-7b-rank-64-0,178,133,406.259997978767
4032,huggyllama/llama-7b,dummy-lora-7b-rank-8-4,666,4,406.2788775335362
4033,huggyllama/llama-7b,dummy-lora-7b-rank-16-3,252,47,406.3740062042632
4034,huggyllama/llama-7b,dummy-lora-7b-rank-128-2,341,48,406.41450882076106
4035,huggyllama/llama-7b,dummy-lora-7b-rank-32-4,550,9,406.430397545019
4036,huggyllama/llama-7b,dummy-lora-7b-rank-16-3,194,37,406.47076952972236
4037,huggyllama/llama-7b,dummy-lora-7b-rank-128-3,312,111,406.5679698709737
4038,huggyllama/llama-7b,dummy-lora-7b-rank-128-3,367,50,407.2757300031065
4039,huggyllama/llama-7b,dummy-lora-7b-rank-128-4,586,20,407.2953369853806
4040,huggyllama/llama-7b,dummy-lora-7b-rank-16-4,745,80,407.4175557497063
4041,huggyllama/llama-7b,dummy-lora-7b-rank-128-1,562,24,407.5407253932495
4042,huggyllama/llama-7b,dummy-lora-7b-rank-64-1,554,12,407.8442857545096
4043,huggyllama/llama-7b,dummy-lora-7b-rank-8-1,392,141,408.00383457821505
4044,huggyllama/llama-7b,dummy-lora-7b-rank-32-0,606,19,408.07772015126704
4045,huggyllama/llama-7b,dummy-lora-7b-rank-32-1,237,5,408.39475912668195
4046,huggyllama/llama-7b,dummy-lora-7b-rank-128-2,663,61,408.47032024019796
4047,huggyllama/llama-7b,dummy-lora-7b-rank-32-0,143,112,408.51848753954505
4048,huggyllama/llama-7b,dummy-lora-7b-rank-32-2,246,62,408.5446516964078
4049,huggyllama/llama-7b,dummy-lora-7b-rank-32-4,522,106,408.61346569666824
4050,huggyllama/llama-7b,dummy-lora-7b-rank-16-2,617,25,408.67245453259943
4051,huggyllama/llama-7b,dummy-lora-7b-rank-32-0,999,64,408.81441105757085
4052,huggyllama/llama-7b,dummy-lora-7b-rank-64-2,431,15,408.91802638175506
4053,huggyllama/llama-7b,dummy-lora-7b-rank-8-3,527,5,409.0517093810989
4054,huggyllama/llama-7b,dummy-lora-7b-rank-64-3,568,29,409.15347889465755
4055,huggyllama/llama-7b,dummy-lora-7b-rank-128-0,359,3,409.2601846625433
4056,huggyllama/llama-7b,dummy-lora-7b-rank-64-0,56,53,409.32914477121716
4057,huggyllama/llama-7b,dummy-lora-7b-rank-8-2,609,16,409.3431080274855
4058,huggyllama/llama-7b,dummy-lora-7b-rank-128-2,348,41,409.5789686738757
4059,huggyllama/llama-7b,dummy-lora-7b-rank-128-3,576,34,409.5961429063876
4060,huggyllama/llama-7b,dummy-lora-7b-rank-32-3,794,87,409.6316259783606
4061,huggyllama/llama-7b,dummy-lora-7b-rank-8-3,790,12,409.6785201939573
4062,huggyllama/llama-7b,dummy-lora-7b-rank-16-0,566,29,409.7322401993463
4063,huggyllama/llama-7b,dummy-lora-7b-rank-32-2,338,32,410.01960597084343
4064,huggyllama/llama-7b,dummy-lora-7b-rank-128-3,436,19,410.0390741405575
4065,huggyllama/llama-7b,dummy-lora-7b-rank-64-4,493,47,410.23091052577877
4066,huggyllama/llama-7b,dummy-lora-7b-rank-64-0,980,3,410.4851039671547
4067,huggyllama/llama-7b,dummy-lora-7b-rank-16-4,227,42,410.53209549167417
4068,huggyllama/llama-7b,dummy-lora-7b-rank-64-3,556,19,410.54193883549135
4069,huggyllama/llama-7b,dummy-lora-7b-rank-64-2,902,9,410.54663323945175
4070,huggyllama/llama-7b,dummy-lora-7b-rank-8-2,451,11,410.71488221354304
4071,huggyllama/llama-7b,dummy-lora-7b-rank-8-1,90,44,410.72747811312314
4072,huggyllama/llama-7b,dummy-lora-7b-rank-16-0,546,8,410.74880268832254
4073,huggyllama/llama-7b,dummy-lora-7b-rank-16-4,283,52,410.8134934502056
4074,huggyllama/llama-7b,dummy-lora-7b-rank-8-3,611,20,410.8965641655062
4075,huggyllama/llama-7b,dummy-lora-7b-rank-8-4,303,7,411.26020420029437
4076,huggyllama/llama-7b,dummy-lora-7b-rank-8-2,420,6,411.274877643967
4077,huggyllama/llama-7b,dummy-lora-7b-rank-8-0,899,39,411.3264933609363
4078,huggyllama/llama-7b,dummy-lora-7b-rank-64-4,314,47,411.3483578200716
4079,huggyllama/llama-7b,dummy-lora-7b-rank-128-0,340,5,411.3715934118444
4080,huggyllama/llama-7b,dummy-lora-7b-rank-128-0,660,73,411.4099191227058
4081,huggyllama/llama-7b,dummy-lora-7b-rank-16-1,618,16,411.7380258170263
4082,huggyllama/llama-7b,dummy-lora-7b-rank-8-1,405,35,411.8320354577235
4083,huggyllama/llama-7b,dummy-lora-7b-rank-128-1,885,76,411.92292768339024
4084,huggyllama/llama-7b,dummy-lora-7b-rank-8-2,554,20,411.9243714746243
4085,huggyllama/llama-7b,dummy-lora-7b-rank-128-3,330,39,411.94440167424
4086,huggyllama/llama-7b,dummy-lora-7b-rank-32-2,392,55,412.1035629122824
4087,huggyllama/llama-7b,dummy-lora-7b-rank-16-3,438,9,412.24828919992905
4088,huggyllama/llama-7b,dummy-lora-7b-rank-128-1,350,53,412.4046851787728
4089,huggyllama/llama-7b,dummy-lora-7b-rank-16-1,232,44,412.44558188860856
4090,huggyllama/llama-7b,dummy-lora-7b-rank-32-2,566,11,412.5681135283107
4091,huggyllama/llama-7b,dummy-lora-7b-rank-64-1,550,18,412.6034323502484
4092,huggyllama/llama-7b,dummy-lora-7b-rank-64-4,567,95,412.87975563401955
4093,huggyllama/llama-7b,dummy-lora-7b-rank-8-4,605,20,413.0302329953671
4094,huggyllama/llama-7b,dummy-lora-7b-rank-16-3,556,21,413.0417996323851
4095,huggyllama/llama-7b,dummy-lora-7b-rank-32-1,603,17,413.10554829096964
4096,huggyllama/llama-7b,dummy-lora-7b-rank-32-1,458,46,413.1599696926361
4097,huggyllama/llama-7b,dummy-lora-7b-rank-128-0,168,53,413.2291874456677
4098,huggyllama/llama-7b,dummy-lora-7b-rank-16-3,618,5,413.23947932686116
4099,huggyllama/llama-7b,dummy-lora-7b-rank-64-3,409,56,413.41417540479983
4100,huggyllama/llama-7b,dummy-lora-7b-rank-8-2,611,18,413.5742938667693
4101,huggyllama/llama-7b,dummy-lora-7b-rank-64-3,566,26,413.7073784058841
4102,huggyllama/llama-7b,dummy-lora-7b-rank-32-0,576,30,413.77681791046876
4103,huggyllama/llama-7b,dummy-lora-7b-rank-32-4,683,170,413.7984660681172
4104,huggyllama/llama-7b,dummy-lora-7b-rank-8-1,947,36,413.9891053821515
4105,huggyllama/llama-7b,dummy-lora-7b-rank-8-3,299,48,414.08265334489636
4106,huggyllama/llama-7b,dummy-lora-7b-rank-128-0,795,14,414.1517080986461
4107,huggyllama/llama-7b,dummy-lora-7b-rank-16-2,206,7,414.2948864505768
4108,huggyllama/llama-7b,dummy-lora-7b-rank-8-0,566,30,414.42437308245985
4109,huggyllama/llama-7b,dummy-lora-7b-rank-64-2,603,20,414.5012825899213
4110,huggyllama/llama-7b,dummy-lora-7b-rank-32-1,56,54,414.7378470862978
4111,huggyllama/llama-7b,dummy-lora-7b-rank-32-0,318,9,414.8821836074654
4112,huggyllama/llama-7b,dummy-lora-7b-rank-128-1,585,6,414.9854893722677
4113,huggyllama/llama-7b,dummy-lora-7b-rank-128-1,359,102,414.9995993676156
4114,huggyllama/llama-7b,dummy-lora-7b-rank-16-4,198,88,415.07084296169603
4115,huggyllama/llama-7b,dummy-lora-7b-rank-32-4,316,52,415.41991840504807
4116,huggyllama/llama-7b,dummy-lora-7b-rank-8-1,613,26,415.44300579016044
4117,huggyllama/llama-7b,dummy-lora-7b-rank-8-1,195,52,415.5530796521594
4118,huggyllama/llama-7b,dummy-lora-7b-rank-16-0,560,23,415.7192185045725
4119,huggyllama/llama-7b,dummy-lora-7b-rank-32-2,198,121,415.8170105861141
4120,huggyllama/llama-7b,dummy-lora-7b-rank-64-4,461,6,415.87530720798054
4121,huggyllama/llama-7b,dummy-lora-7b-rank-16-1,249,6,416.1465112796573
4122,huggyllama/llama-7b,dummy-lora-7b-rank-128-2,177,47,416.1696581215695
4123,huggyllama/llama-7b,dummy-lora-7b-rank-16-3,78,34,416.24598898558224
4124,huggyllama/llama-7b,dummy-lora-7b-rank-8-4,877,10,416.2839164095088
4125,huggyllama/llama-7b,dummy-lora-7b-rank-128-2,264,251,416.31809636385253
4126,huggyllama/llama-7b,dummy-lora-7b-rank-128-4,233,51,416.3187504113342
4127,huggyllama/llama-7b,dummy-lora-7b-rank-8-1,406,45,416.3755727781693
4128,huggyllama/llama-7b,dummy-lora-7b-rank-8-4,617,53,416.56824023768837
4129,huggyllama/llama-7b,dummy-lora-7b-rank-16-3,584,19,416.83052715429915
4130,huggyllama/llama-7b,dummy-lora-7b-rank-16-3,468,46,416.83116982674557
4131,huggyllama/llama-7b,dummy-lora-7b-rank-64-3,271,9,416.8319770711723
4132,huggyllama/llama-7b,dummy-lora-7b-rank-128-1,55,37,416.95424199748646
4133,huggyllama/llama-7b,dummy-lora-7b-rank-32-1,609,12,416.98929758344065
4134,huggyllama/llama-7b,dummy-lora-7b-rank-8-4,732,7,417.06159710111575
4135,huggyllama/llama-7b,dummy-lora-7b-rank-32-1,598,16,417.25163080330555
4136,huggyllama/llama-7b,dummy-lora-7b-rank-32-0,98,59,417.2748542710995
4137,huggyllama/llama-7b,dummy-lora-7b-rank-32-2,701,3,417.31982242512566
4138,huggyllama/llama-7b,dummy-lora-7b-rank-128-4,418,73,417.3569332256284
4139,huggyllama/llama-7b,dummy-lora-7b-rank-128-3,558,21,417.40880873567704
4140,huggyllama/llama-7b,dummy-lora-7b-rank-128-3,176,46,417.5248701283798
4141,huggyllama/llama-7b,dummy-lora-7b-rank-8-3,594,23,417.5711194622485
4142,huggyllama/llama-7b,dummy-lora-7b-rank-8-3,101,59,417.60592652489265
4143,huggyllama/llama-7b,dummy-lora-7b-rank-8-2,571,23,417.6678560855675
4144,huggyllama/llama-7b,dummy-lora-7b-rank-128-4,166,46,417.6826807203072
4145,huggyllama/llama-7b,dummy-lora-7b-rank-64-1,551,13,417.8099088333705
4146,huggyllama/llama-7b,dummy-lora-7b-rank-16-1,588,35,417.89852325989324
4147,huggyllama/llama-7b,dummy-lora-7b-rank-128-4,723,12,418.05950218381867
4148,huggyllama/llama-7b,dummy-lora-7b-rank-8-3,556,23,418.09783157028255
4149,huggyllama/llama-7b,dummy-lora-7b-rank-32-4,561,9,418.3556546915957
4150,huggyllama/llama-7b,dummy-lora-7b-rank-128-0,438,51,418.3888711986069
4151,huggyllama/llama-7b,dummy-lora-7b-rank-128-3,149,35,418.7323480866484
4152,huggyllama/llama-7b,dummy-lora-7b-rank-128-2,394,166,418.94205061979454
4153,huggyllama/llama-7b,dummy-lora-7b-rank-128-1,592,24,419.012959597564
4154,huggyllama/llama-7b,dummy-lora-7b-rank-16-0,288,37,419.0405322561141
4155,huggyllama/llama-7b,dummy-lora-7b-rank-16-2,600,29,419.0986608639776
4156,huggyllama/llama-7b,dummy-lora-7b-rank-8-3,283,48,419.19519488626355
4157,huggyllama/llama-7b,dummy-lora-7b-rank-16-3,465,8,419.2151242101472
4158,huggyllama/llama-7b,dummy-lora-7b-rank-16-3,83,50,419.2970765777993
4159,huggyllama/llama-7b,dummy-lora-7b-rank-16-1,421,13,419.32278505181904
4160,huggyllama/llama-7b,dummy-lora-7b-rank-128-3,562,24,419.36061046103544
4161,huggyllama/llama-7b,dummy-lora-7b-rank-64-4,668,106,419.4111954028037
4162,huggyllama/llama-7b,dummy-lora-7b-rank-128-0,246,43,419.5048199025996
4163,huggyllama/llama-7b,dummy-lora-7b-rank-8-1,296,64,419.6776195109241
4164,huggyllama/llama-7b,dummy-lora-7b-rank-64-4,718,35,419.8561683496947
4165,huggyllama/llama-7b,dummy-lora-7b-rank-64-3,313,53,420.2502996118768
4166,huggyllama/llama-7b,dummy-lora-7b-rank-16-0,556,21,420.2722957521008
4167,huggyllama/llama-7b,dummy-lora-7b-rank-8-2,313,54,420.2821516235767
4168,huggyllama/llama-7b,dummy-lora-7b-rank-64-1,260,56,420.285929625854
4169,huggyllama/llama-7b,dummy-lora-7b-rank-128-3,258,53,420.56323407425083
4170,huggyllama/llama-7b,dummy-lora-7b-rank-16-0,630,44,420.62030582990474
4171,huggyllama/llama-7b,dummy-lora-7b-rank-64-1,480,60,420.9061919725604
4172,huggyllama/llama-7b,dummy-lora-7b-rank-128-0,627,46,421.04017423643745
4173,huggyllama/llama-7b,dummy-lora-7b-rank-64-3,760,203,421.268563489399
4174,huggyllama/llama-7b,dummy-lora-7b-rank-32-1,396,8,421.41971065924537
4175,huggyllama/llama-7b,dummy-lora-7b-rank-8-2,532,126,421.4639774956772
4176,huggyllama/llama-7b,dummy-lora-7b-rank-64-2,556,21,421.6145913232596
4177,huggyllama/llama-7b,dummy-lora-7b-rank-8-0,797,11,421.690972323719
4178,huggyllama/llama-7b,dummy-lora-7b-rank-8-4,968,54,421.8923009998502
4179,huggyllama/llama-7b,dummy-lora-7b-rank-16-3,58,96,421.9405629512261
4180,huggyllama/llama-7b,dummy-lora-7b-rank-64-0,297,49,422.39197483470105
4181,huggyllama/llama-7b,dummy-lora-7b-rank-8-2,566,27,422.4071284384756
4182,huggyllama/llama-7b,dummy-lora-7b-rank-32-0,650,85,422.4726916233786
4183,huggyllama/llama-7b,dummy-lora-7b-rank-16-3,145,44,422.5963163875897
4184,huggyllama/llama-7b,dummy-lora-7b-rank-8-4,213,60,422.6488148564472
4185,huggyllama/llama-7b,dummy-lora-7b-rank-64-3,482,39,422.6942262171561
4186,huggyllama/llama-7b,dummy-lora-7b-rank-8-1,657,5,422.75592141821767
4187,huggyllama/llama-7b,dummy-lora-7b-rank-16-4,582,21,422.78463467286986
4188,huggyllama/llama-7b,dummy-lora-7b-rank-128-3,389,51,422.79290151747335
4189,huggyllama/llama-7b,dummy-lora-7b-rank-64-0,320,50,422.87754561676024
4190,huggyllama/llama-7b,dummy-lora-7b-rank-32-3,492,66,422.8876162681941
4191,huggyllama/llama-7b,dummy-lora-7b-rank-32-4,608,30,423.04686860599935
4192,huggyllama/llama-7b,dummy-lora-7b-rank-128-3,158,48,423.0999004970829
4193,huggyllama/llama-7b,dummy-lora-7b-rank-8-2,556,21,423.14385978266426
4194,huggyllama/llama-7b,dummy-lora-7b-rank-32-3,315,62,423.2266818621695
4195,huggyllama/llama-7b,dummy-lora-7b-rank-64-3,558,25,423.26287762442564
4196,huggyllama/llama-7b,dummy-lora-7b-rank-64-1,292,38,423.283868417824
4197,huggyllama/llama-7b,dummy-lora-7b-rank-128-0,747,103,423.78585252816106
4198,huggyllama/llama-7b,dummy-lora-7b-rank-8-1,566,18,423.79396083822616
4199,huggyllama/llama-7b,dummy-lora-7b-rank-64-2,709,13,423.8343744736481
4200,huggyllama/llama-7b,dummy-lora-7b-rank-32-3,409,42,423.8441193360106
4201,huggyllama/llama-7b,dummy-lora-7b-rank-16-2,546,12,423.91624006072254
4202,huggyllama/llama-7b,dummy-lora-7b-rank-128-4,556,24,423.96212943582333
4203,huggyllama/llama-7b,dummy-lora-7b-rank-128-2,232,57,424.0985768172695
4204,huggyllama/llama-7b,dummy-lora-7b-rank-32-3,421,12,424.09942561503607
4205,huggyllama/llama-7b,dummy-lora-7b-rank-64-2,606,64,424.2630931724911
4206,huggyllama/llama-7b,dummy-lora-7b-rank-32-2,291,217,424.3115326241141
4207,huggyllama/llama-7b,dummy-lora-7b-rank-32-1,562,24,424.42753904473875
4208,huggyllama/llama-7b,dummy-lora-7b-rank-16-0,481,49,424.96871463801284
4209,huggyllama/llama-7b,dummy-lora-7b-rank-128-1,550,10,425.146827283725
4210,huggyllama/llama-7b,dummy-lora-7b-rank-16-1,344,130,425.3017379265567
4211,huggyllama/llama-7b,dummy-lora-7b-rank-8-1,415,20,425.466022227576
4212,huggyllama/llama-7b,dummy-lora-7b-rank-64-4,742,11,425.4890660232437
4213,huggyllama/llama-7b,dummy-lora-7b-rank-128-1,546,8,425.6061313874686
4214,huggyllama/llama-7b,dummy-lora-7b-rank-32-3,712,10,425.6115847580315
4215,huggyllama/llama-7b,dummy-lora-7b-rank-32-1,310,62,425.6578834053902
4216,huggyllama/llama-7b,dummy-lora-7b-rank-128-4,441,11,425.73097222985876
4217,huggyllama/llama-7b,dummy-lora-7b-rank-8-3,295,69,425.7822789442234
4218,huggyllama/llama-7b,dummy-lora-7b-rank-32-4,592,14,425.89559079438624
4219,huggyllama/llama-7b,dummy-lora-7b-rank-8-3,601,18,425.9456254977213
4220,huggyllama/llama-7b,dummy-lora-7b-rank-8-1,338,6,425.9495121285546
4221,huggyllama/llama-7b,dummy-lora-7b-rank-64-0,693,10,426.02375192207865
4222,huggyllama/llama-7b,dummy-lora-7b-rank-32-4,165,95,426.2162337005607
4223,huggyllama/llama-7b,dummy-lora-7b-rank-8-2,310,130,426.31804672384897
4224,huggyllama/llama-7b,dummy-lora-7b-rank-16-3,548,17,426.58236985624035
4225,huggyllama/llama-7b,dummy-lora-7b-rank-32-2,642,58,426.6240403694239
4226,huggyllama/llama-7b,dummy-lora-7b-rank-16-3,322,43,426.67609365374284
4227,huggyllama/llama-7b,dummy-lora-7b-rank-8-2,494,7,426.71895335785536
4228,huggyllama/llama-7b,dummy-lora-7b-rank-32-1,213,50,426.734441407006
4229,huggyllama/llama-7b,dummy-lora-7b-rank-8-4,615,23,426.79650718270887
4230,huggyllama/llama-7b,dummy-lora-7b-rank-128-0,190,10,426.82129260193176
4231,huggyllama/llama-7b,dummy-lora-7b-rank-64-2,672,13,427.05387794132014
4232,huggyllama/llama-7b,dummy-lora-7b-rank-16-0,590,22,427.0761910781414
4233,huggyllama/llama-7b,dummy-lora-7b-rank-32-4,280,45,427.13315453375645
4234,huggyllama/llama-7b,dummy-lora-7b-rank-128-2,278,45,427.1699721843868
4235,huggyllama/llama-7b,dummy-lora-7b-rank-64-3,564,25,427.2176870365959
4236,huggyllama/llama-7b,dummy-lora-7b-rank-8-1,623,22,427.22104944302424
4237,huggyllama/llama-7b,dummy-lora-7b-rank-128-2,554,20,427.22560745012305
4238,huggyllama/llama-7b,dummy-lora-7b-rank-128-4,424,43,427.4849766891349
4239,huggyllama/llama-7b,dummy-lora-7b-rank-16-1,973,42,427.4981348448529
4240,huggyllama/llama-7b,dummy-lora-7b-rank-16-0,566,26,427.7312621653502
4241,huggyllama/llama-7b,dummy-lora-7b-rank-8-3,560,28,427.8684668093285
4242,huggyllama/llama-7b,dummy-lora-7b-rank-64-4,558,16,428.50999781066287
4243,huggyllama/llama-7b,dummy-lora-7b-rank-8-2,666,71,428.69989001242897
4244,huggyllama/llama-7b,dummy-lora-7b-rank-32-1,421,51,428.8230793521936
4245,huggyllama/llama-7b,dummy-lora-7b-rank-8-4,714,80,428.9263306634481
4246,huggyllama/llama-7b,dummy-lora-7b-rank-64-1,621,32,429.0570631318864
4247,huggyllama/llama-7b,dummy-lora-7b-rank-128-1,147,27,429.09299317082935
4248,huggyllama/llama-7b,dummy-lora-7b-rank-32-4,391,44,429.15230398882704
4249,huggyllama/llama-7b,dummy-lora-7b-rank-16-3,382,10,429.19884766784884
4250,huggyllama/llama-7b,dummy-lora-7b-rank-64-2,591,3,429.2367461415089
4251,huggyllama/llama-7b,dummy-lora-7b-rank-16-1,592,27,429.30057583262555
4252,huggyllama/llama-7b,dummy-lora-7b-rank-32-1,517,60,429.3174003052976
4253,huggyllama/llama-7b,dummy-lora-7b-rank-64-1,289,60,429.4776901564167
4254,huggyllama/llama-7b,dummy-lora-7b-rank-128-3,424,20,429.5157582560937
4255,huggyllama/llama-7b,dummy-lora-7b-rank-8-4,554,20,429.73906857224154
4256,huggyllama/llama-7b,dummy-lora-7b-rank-64-1,244,163,429.7784253205516
4257,huggyllama/llama-7b,dummy-lora-7b-rank-64-4,253,53,429.85531992911353
4258,huggyllama/llama-7b,dummy-lora-7b-rank-16-4,683,101,429.9215707042865
4259,huggyllama/llama-7b,dummy-lora-7b-rank-8-2,295,88,430.3034890759825
4260,huggyllama/llama-7b,dummy-lora-7b-rank-8-1,109,87,430.3897742539758
4261,huggyllama/llama-7b,dummy-lora-7b-rank-8-2,485,41,430.41935976505647
4262,huggyllama/llama-7b,dummy-lora-7b-rank-16-2,602,29,430.4288004018948
4263,huggyllama/llama-7b,dummy-lora-7b-rank-16-1,504,28,430.52010055363047
4264,huggyllama/llama-7b,dummy-lora-7b-rank-128-3,605,30,430.88656359090015
4265,huggyllama/llama-7b,dummy-lora-7b-rank-8-0,379,34,430.93695757167444
4266,huggyllama/llama-7b,dummy-lora-7b-rank-64-4,382,12,430.962068955275
4267,huggyllama/llama-7b,dummy-lora-7b-rank-64-3,336,48,430.963949162254
4268,huggyllama/llama-7b,dummy-lora-7b-rank-64-4,212,36,431.14024628052266
4269,huggyllama/llama-7b,dummy-lora-7b-rank-64-4,200,186,431.2838388437902
4270,huggyllama/llama-7b,dummy-lora-7b-rank-16-0,356,55,431.37786287433204
4271,huggyllama/llama-7b,dummy-lora-7b-rank-64-0,603,25,431.56954900619724
4272,huggyllama/llama-7b,dummy-lora-7b-rank-8-2,600,45,431.6703284985084
4273,huggyllama/llama-7b,dummy-lora-7b-rank-128-3,366,47,431.79346417943844
4274,huggyllama/llama-7b,dummy-lora-7b-rank-128-3,425,6,431.7983493034427
4275,huggyllama/llama-7b,dummy-lora-7b-rank-16-1,175,26,431.876005467399
4276,huggyllama/llama-7b,dummy-lora-7b-rank-8-2,558,21,431.9771215671254
4277,huggyllama/llama-7b,dummy-lora-7b-rank-64-3,603,16,431.98432009650185
4278,huggyllama/llama-7b,dummy-lora-7b-rank-16-1,562,26,432.80031413074585
4279,huggyllama/llama-7b,dummy-lora-7b-rank-8-0,751,51,432.8513426743736
4280,huggyllama/llama-7b,dummy-lora-7b-rank-32-2,195,3,432.87596675129436
4281,huggyllama/llama-7b,dummy-lora-7b-rank-32-4,560,25,433.0801213868308
4282,huggyllama/llama-7b,dummy-lora-7b-rank-16-0,394,37,433.13894943710994
4283,huggyllama/llama-7b,dummy-lora-7b-rank-8-2,150,89,433.14277179344253
4284,huggyllama/llama-7b,dummy-lora-7b-rank-64-0,839,43,433.2553067786481
4285,huggyllama/llama-7b,dummy-lora-7b-rank-32-3,707,10,433.3373411548793
4286,huggyllama/llama-7b,dummy-lora-7b-rank-32-4,298,45,433.3793157925627
4287,huggyllama/llama-7b,dummy-lora-7b-rank-128-1,341,56,433.41861302997347
4288,huggyllama/llama-7b,dummy-lora-7b-rank-128-3,392,52,433.44547412862056
4289,huggyllama/llama-7b,dummy-lora-7b-rank-64-4,218,52,433.53403227364316
4290,huggyllama/llama-7b,dummy-lora-7b-rank-64-3,313,5,433.7031778696818
4291,huggyllama/llama-7b,dummy-lora-7b-rank-16-3,558,22,433.81882609114825
4292,huggyllama/llama-7b,dummy-lora-7b-rank-32-0,396,45,433.82120122057523
4293,huggyllama/llama-7b,dummy-lora-7b-rank-64-0,678,83,433.87496487386505
4294,huggyllama/llama-7b,dummy-lora-7b-rank-8-4,694,3,433.9162877593616
4295,huggyllama/llama-7b,dummy-lora-7b-rank-16-0,316,69,434.00276903783464
4296,huggyllama/llama-7b,dummy-lora-7b-rank-16-1,601,18,434.01060030378875
4297,huggyllama/llama-7b,dummy-lora-7b-rank-32-3,484,56,434.0697702302958
4298,huggyllama/llama-7b,dummy-lora-7b-rank-64-3,1016,9,434.13364507069946
4299,huggyllama/llama-7b,dummy-lora-7b-rank-32-3,617,26,434.1813758794653
4300,huggyllama/llama-7b,dummy-lora-7b-rank-8-2,615,22,434.22992058854203
4301,huggyllama/llama-7b,dummy-lora-7b-rank-16-4,323,58,434.2657071392678
4302,huggyllama/llama-7b,dummy-lora-7b-rank-16-0,562,26,434.3670246794455
4303,huggyllama/llama-7b,dummy-lora-7b-rank-32-4,360,147,434.3717191841277
4304,huggyllama/llama-7b,dummy-lora-7b-rank-16-1,566,29,434.4016788462453
4305,huggyllama/llama-7b,dummy-lora-7b-rank-8-0,586,39,434.6822855508772
4306,huggyllama/llama-7b,dummy-lora-7b-rank-128-4,850,157,434.73522596545564
4307,huggyllama/llama-7b,dummy-lora-7b-rank-8-4,140,37,434.8996117760325
4308,huggyllama/llama-7b,dummy-lora-7b-rank-16-3,383,7,435.0543125609247
4309,huggyllama/llama-7b,dummy-lora-7b-rank-64-2,552,21,435.25437286992445
4310,huggyllama/llama-7b,dummy-lora-7b-rank-32-2,568,30,435.2604495127423
4311,huggyllama/llama-7b,dummy-lora-7b-rank-8-4,281,50,435.2625722901363
4312,huggyllama/llama-7b,dummy-lora-7b-rank-128-4,453,54,435.31556459128973
4313,huggyllama/llama-7b,dummy-lora-7b-rank-16-1,918,65,435.3821767869912
4314,huggyllama/llama-7b,dummy-lora-7b-rank-64-4,552,20,435.596407976249
4315,huggyllama/llama-7b,dummy-lora-7b-rank-32-2,602,28,435.61199908360925
4316,huggyllama/llama-7b,dummy-lora-7b-rank-32-3,331,55,435.64008525572314
4317,huggyllama/llama-7b,dummy-lora-7b-rank-16-4,381,50,435.7075981352631
4318,huggyllama/llama-7b,dummy-lora-7b-rank-64-0,542,77,435.7076565484688
4319,huggyllama/llama-7b,dummy-lora-7b-rank-128-3,474,64,435.7394057528835
4320,huggyllama/llama-7b,dummy-lora-7b-rank-16-2,234,151,435.94560005983845
4321,huggyllama/llama-7b,dummy-lora-7b-rank-8-3,615,25,435.98525729338286
4322,huggyllama/llama-7b,dummy-lora-7b-rank-8-0,563,21,436.167712826418
4323,huggyllama/llama-7b,dummy-lora-7b-rank-64-4,568,19,436.3629578938487
4324,huggyllama/llama-7b,dummy-lora-7b-rank-32-4,536,146,436.48468138113583
4325,huggyllama/llama-7b,dummy-lora-7b-rank-128-2,556,22,436.6528646460636
4326,huggyllama/llama-7b,dummy-lora-7b-rank-64-0,196,53,436.8826659163286
4327,huggyllama/llama-7b,dummy-lora-7b-rank-64-0,568,27,437.00526324978745
4328,huggyllama/llama-7b,dummy-lora-7b-rank-16-3,683,67,437.0284011188956
4329,huggyllama/llama-7b,dummy-lora-7b-rank-8-4,661,161,437.3035404990602
4330,huggyllama/llama-7b,dummy-lora-7b-rank-16-1,1014,116,437.32604090539945
4331,huggyllama/llama-7b,dummy-lora-7b-rank-32-4,428,40,437.46814730976496
4332,huggyllama/llama-7b,dummy-lora-7b-rank-64-0,187,39,437.50628383119124
4333,huggyllama/llama-7b,dummy-lora-7b-rank-16-1,643,9,437.5467190813746
4334,huggyllama/llama-7b,dummy-lora-7b-rank-32-4,510,48,437.6411154049195
4335,huggyllama/llama-7b,dummy-lora-7b-rank-64-3,550,18,437.6776736123795
4336,huggyllama/llama-7b,dummy-lora-7b-rank-128-0,303,53,438.14295425287776
4337,huggyllama/llama-7b,dummy-lora-7b-rank-32-1,67,117,438.1714534641766
4338,huggyllama/llama-7b,dummy-lora-7b-rank-16-3,453,12,438.2923451143992
4339,huggyllama/llama-7b,dummy-lora-7b-rank-8-3,379,53,438.4730086951549
4340,huggyllama/llama-7b,dummy-lora-7b-rank-16-1,571,8,438.5702855077001
4341,huggyllama/llama-7b,dummy-lora-7b-rank-16-0,520,66,438.7668527745731
4342,huggyllama/llama-7b,dummy-lora-7b-rank-128-0,436,8,438.7895940425757
4343,huggyllama/llama-7b,dummy-lora-7b-rank-128-1,983,36,439.23499558069744
4344,huggyllama/llama-7b,dummy-lora-7b-rank-8-2,578,25,439.3671297787923
4345,huggyllama/llama-7b,dummy-lora-7b-rank-8-0,265,77,439.60267446320563
4346,huggyllama/llama-7b,dummy-lora-7b-rank-64-3,548,17,439.69031713131193
4347,huggyllama/llama-7b,dummy-lora-7b-rank-32-0,335,132,439.7398387592318
4348,huggyllama/llama-7b,dummy-lora-7b-rank-128-0,578,33,439.8092476542009
4349,huggyllama/llama-7b,dummy-lora-7b-rank-64-1,829,10,439.9167952328338
4350,huggyllama/llama-7b,dummy-lora-7b-rank-32-2,945,67,439.9678055717009
4351,huggyllama/llama-7b,dummy-lora-7b-rank-64-2,558,24,440.06739084271805
4352,huggyllama/llama-7b,dummy-lora-7b-rank-64-0,554,20,440.15045845930405
4353,huggyllama/llama-7b,dummy-lora-7b-rank-64-3,407,6,440.15881368484645
4354,huggyllama/llama-7b,dummy-lora-7b-rank-64-3,228,57,440.163453749013
4355,huggyllama/llama-7b,dummy-lora-7b-rank-32-4,459,13,440.3748158343834
4356,huggyllama/llama-7b,dummy-lora-7b-rank-128-1,313,165,440.7922157168167
4357,huggyllama/llama-7b,dummy-lora-7b-rank-32-4,560,24,440.9628243463623
4358,huggyllama/llama-7b,dummy-lora-7b-rank-64-0,552,21,441.0198592278338
4359,huggyllama/llama-7b,dummy-lora-7b-rank-8-2,558,49,441.1221257402156
4360,huggyllama/llama-7b,dummy-lora-7b-rank-32-3,556,21,441.1636329856912
4361,huggyllama/llama-7b,dummy-lora-7b-rank-64-1,513,46,441.24398504266674
4362,huggyllama/llama-7b,dummy-lora-7b-rank-32-1,400,11,441.4256900776479
4363,huggyllama/llama-7b,dummy-lora-7b-rank-128-4,474,8,441.4734597409845
4364,huggyllama/llama-7b,dummy-lora-7b-rank-16-0,275,53,441.49637867071027
4365,huggyllama/llama-7b,dummy-lora-7b-rank-16-0,605,20,441.7100590626581
4366,huggyllama/llama-7b,dummy-lora-7b-rank-32-2,424,38,441.72537401446664
4367,huggyllama/llama-7b,dummy-lora-7b-rank-64-4,560,21,442.109065113117
4368,huggyllama/llama-7b,dummy-lora-7b-rank-16-3,607,21,442.1226273229959
4369,huggyllama/llama-7b,dummy-lora-7b-rank-32-4,137,19,442.2138993299693
4370,huggyllama/llama-7b,dummy-lora-7b-rank-16-2,639,19,442.21945610373587
4371,huggyllama/llama-7b,dummy-lora-7b-rank-32-0,704,12,442.24423906072246
4372,huggyllama/llama-7b,dummy-lora-7b-rank-32-1,560,18,442.3083231345498
4373,huggyllama/llama-7b,dummy-lora-7b-rank-32-1,153,52,442.3219942295241
4374,huggyllama/llama-7b,dummy-lora-7b-rank-64-0,603,19,442.49001743136637
4375,huggyllama/llama-7b,dummy-lora-7b-rank-32-2,429,9,442.89578676502947
4376,huggyllama/llama-7b,dummy-lora-7b-rank-128-0,215,136,442.94456453810284
4377,huggyllama/llama-7b,dummy-lora-7b-rank-16-1,679,3,443.0062017661142
4378,huggyllama/llama-7b,dummy-lora-7b-rank-128-2,418,52,443.02955541167023
4379,huggyllama/llama-7b,dummy-lora-7b-rank-16-4,695,16,443.0405405240832
4380,huggyllama/llama-7b,dummy-lora-7b-rank-16-1,362,37,443.1100365747818
4381,huggyllama/llama-7b,dummy-lora-7b-rank-64-2,566,26,443.18003564646295
4382,huggyllama/llama-7b,dummy-lora-7b-rank-128-4,802,8,443.2364672103195
4383,huggyllama/llama-7b,dummy-lora-7b-rank-64-1,293,119,443.3908786078481
4384,huggyllama/llama-7b,dummy-lora-7b-rank-64-4,232,56,443.41851224140464
4385,huggyllama/llama-7b,dummy-lora-7b-rank-16-1,332,99,443.45573353937476
4386,huggyllama/llama-7b,dummy-lora-7b-rank-8-3,234,30,443.6792230637911
4387,huggyllama/llama-7b,dummy-lora-7b-rank-32-3,429,43,443.83633831529255
4388,huggyllama/llama-7b,dummy-lora-7b-rank-8-0,615,28,443.9954116419927
4389,huggyllama/llama-7b,dummy-lora-7b-rank-64-2,142,60,444.6031761500789
4390,huggyllama/llama-7b,dummy-lora-7b-rank-128-4,554,25,444.6108856401428
4391,huggyllama/llama-7b,dummy-lora-7b-rank-64-2,449,47,444.7427481958587
4392,huggyllama/llama-7b,dummy-lora-7b-rank-64-3,885,136,444.7697022486741
4393,huggyllama/llama-7b,dummy-lora-7b-rank-128-4,555,17,444.8334051111763
4394,huggyllama/llama-7b,dummy-lora-7b-rank-128-4,319,19,445.32233475592557
4395,huggyllama/llama-7b,dummy-lora-7b-rank-8-0,589,34,445.40032173811824
4396,huggyllama/llama-7b,dummy-lora-7b-rank-8-1,484,1,445.44933104961024
4397,huggyllama/llama-7b,dummy-lora-7b-rank-32-3,84,101,445.62499627220535
4398,huggyllama/llama-7b,dummy-lora-7b-rank-16-1,607,21,445.6264569009758
4399,huggyllama/llama-7b,dummy-lora-7b-rank-32-1,618,18,445.6495984675898
4400,huggyllama/llama-7b,dummy-lora-7b-rank-8-1,562,24,445.7042138469213
4401,huggyllama/llama-7b,dummy-lora-7b-rank-32-2,550,18,445.7580432410858
4402,huggyllama/llama-7b,dummy-lora-7b-rank-8-0,702,13,445.8593960236258
4403,huggyllama/llama-7b,dummy-lora-7b-rank-32-1,550,18,445.9361569868893
4404,huggyllama/llama-7b,dummy-lora-7b-rank-64-0,641,8,446.1147217847335
4405,huggyllama/llama-7b,dummy-lora-7b-rank-16-4,191,38,446.3681755475005
4406,huggyllama/llama-7b,dummy-lora-7b-rank-16-0,382,6,446.36828661625833
4407,huggyllama/llama-7b,dummy-lora-7b-rank-128-1,645,26,446.4463773275727
4408,huggyllama/llama-7b,dummy-lora-7b-rank-128-1,607,23,446.47899829648554
4409,huggyllama/llama-7b,dummy-lora-7b-rank-32-4,546,41,446.5268133711549
4410,huggyllama/llama-7b,dummy-lora-7b-rank-64-0,612,13,446.69609543497853
4411,huggyllama/llama-7b,dummy-lora-7b-rank-64-3,110,43,446.7362542419112
4412,huggyllama/llama-7b,dummy-lora-7b-rank-8-4,109,19,446.76335250361495
4413,huggyllama/llama-7b,dummy-lora-7b-rank-32-3,466,61,446.98084040183676
4414,huggyllama/llama-7b,dummy-lora-7b-rank-8-3,200,19,447.0121104556088
4415,huggyllama/llama-7b,dummy-lora-7b-rank-32-1,252,48,447.1561748662913
4416,huggyllama/llama-7b,dummy-lora-7b-rank-8-3,887,10,447.1965217388424
4417,huggyllama/llama-7b,dummy-lora-7b-rank-32-2,300,54,447.20758885111275
4418,huggyllama/llama-7b,dummy-lora-7b-rank-16-3,272,65,447.2669646162279
4419,huggyllama/llama-7b,dummy-lora-7b-rank-128-4,806,77,447.4264580195959
4420,huggyllama/llama-7b,dummy-lora-7b-rank-16-3,397,54,447.6797563785306
4421,huggyllama/llama-7b,dummy-lora-7b-rank-128-0,552,10,447.8503371719463
4422,huggyllama/llama-7b,dummy-lora-7b-rank-16-2,337,46,447.87717013582255
4423,huggyllama/llama-7b,dummy-lora-7b-rank-32-4,603,63,447.9981835953999
4424,huggyllama/llama-7b,dummy-lora-7b-rank-32-2,334,52,448.1013521314755
4425,huggyllama/llama-7b,dummy-lora-7b-rank-32-4,550,20,448.3153897929659
4426,huggyllama/llama-7b,dummy-lora-7b-rank-128-0,192,41,448.3704427138089
4427,huggyllama/llama-7b,dummy-lora-7b-rank-128-4,347,11,448.388090736397
4428,huggyllama/llama-7b,dummy-lora-7b-rank-128-1,205,115,448.3929220023213
4429,huggyllama/llama-7b,dummy-lora-7b-rank-8-1,539,6,448.4830529697026
4430,huggyllama/llama-7b,dummy-lora-7b-rank-16-3,262,8,448.6528899604662
4431,huggyllama/llama-7b,dummy-lora-7b-rank-64-3,322,10,448.78817306825647
4432,huggyllama/llama-7b,dummy-lora-7b-rank-16-3,252,10,448.79940979270515
4433,huggyllama/llama-7b,dummy-lora-7b-rank-16-1,576,33,448.870645976041
4434,huggyllama/llama-7b,dummy-lora-7b-rank-128-1,142,25,448.891453766609
4435,huggyllama/llama-7b,dummy-lora-7b-rank-32-0,560,26,448.8998893899357
4436,huggyllama/llama-7b,dummy-lora-7b-rank-8-4,279,67,449.1638668294908
4437,huggyllama/llama-7b,dummy-lora-7b-rank-16-1,436,4,449.19095441563366
4438,huggyllama/llama-7b,dummy-lora-7b-rank-128-1,745,104,449.2132855405098
4439,huggyllama/llama-7b,dummy-lora-7b-rank-32-0,564,28,449.7203224441055
4440,huggyllama/llama-7b,dummy-lora-7b-rank-64-3,297,8,449.7216333681045
4441,huggyllama/llama-7b,dummy-lora-7b-rank-32-4,166,40,449.79568543497146
4442,huggyllama/llama-7b,dummy-lora-7b-rank-64-3,492,33,450.03555322047544
4443,huggyllama/llama-7b,dummy-lora-7b-rank-32-3,566,23,450.1205440420206
4444,huggyllama/llama-7b,dummy-lora-7b-rank-128-1,508,26,450.1597581049453
4445,huggyllama/llama-7b,dummy-lora-7b-rank-64-1,558,22,450.25978500375265
4446,huggyllama/llama-7b,dummy-lora-7b-rank-64-0,564,25,450.34811273688945
4447,huggyllama/llama-7b,dummy-lora-7b-rank-8-4,528,41,450.57220697717617
4448,huggyllama/llama-7b,dummy-lora-7b-rank-128-4,210,45,450.58372467284886
4449,huggyllama/llama-7b,dummy-lora-7b-rank-16-0,566,28,450.62085559668037
4450,huggyllama/llama-7b,dummy-lora-7b-rank-32-4,217,53,450.74740888049814
4451,huggyllama/llama-7b,dummy-lora-7b-rank-16-3,214,54,450.79114332516946
4452,huggyllama/llama-7b,dummy-lora-7b-rank-16-3,364,49,450.94054543627936
4453,huggyllama/llama-7b,dummy-lora-7b-rank-128-3,573,96,450.9747241213608
4454,huggyllama/llama-7b,dummy-lora-7b-rank-16-0,398,55,451.2234746759551
4455,huggyllama/llama-7b,dummy-lora-7b-rank-64-4,357,36,451.2680205528414
4456,huggyllama/llama-7b,dummy-lora-7b-rank-128-3,654,78,451.27327658127774
4457,huggyllama/llama-7b,dummy-lora-7b-rank-64-2,552,19,451.2888318566364
4458,huggyllama/llama-7b,dummy-lora-7b-rank-128-4,526,60,451.38959645355743
4459,huggyllama/llama-7b,dummy-lora-7b-rank-64-4,554,22,451.3957106407567
4460,huggyllama/llama-7b,dummy-lora-7b-rank-64-2,278,58,451.58072268515474
4461,huggyllama/llama-7b,dummy-lora-7b-rank-64-2,548,17,451.6701692532945
4462,huggyllama/llama-7b,dummy-lora-7b-rank-32-2,568,29,451.85190306546536
4463,huggyllama/llama-7b,dummy-lora-7b-rank-64-4,538,44,452.0449061628301
4464,huggyllama/llama-7b,dummy-lora-7b-rank-8-3,487,53,452.0634565848571
4465,huggyllama/llama-7b,dummy-lora-7b-rank-128-4,479,11,452.1927399807051
4466,huggyllama/llama-7b,dummy-lora-7b-rank-64-4,157,41,452.1977161598259
4467,huggyllama/llama-7b,dummy-lora-7b-rank-8-0,341,179,452.5957645107048
4468,huggyllama/llama-7b,dummy-lora-7b-rank-128-2,878,8,452.6136943101555
4469,huggyllama/llama-7b,dummy-lora-7b-rank-8-1,84,48,452.68437865791554
4470,huggyllama/llama-7b,dummy-lora-7b-rank-128-2,735,19,452.83605684722215
4471,huggyllama/llama-7b,dummy-lora-7b-rank-128-0,633,44,452.8498718069525
4472,huggyllama/llama-7b,dummy-lora-7b-rank-32-0,404,221,453.3293274797849
4473,huggyllama/llama-7b,dummy-lora-7b-rank-8-1,407,16,453.340537897411
4474,huggyllama/llama-7b,dummy-lora-7b-rank-16-1,664,6,453.43235456601565
4475,huggyllama/llama-7b,dummy-lora-7b-rank-32-3,1008,80,453.52128321803195
4476,huggyllama/llama-7b,dummy-lora-7b-rank-16-4,497,36,453.54985095497494
4477,huggyllama/llama-7b,dummy-lora-7b-rank-64-2,552,22,453.9333002984855
4478,huggyllama/llama-7b,dummy-lora-7b-rank-32-2,552,20,453.9642680350637
4479,huggyllama/llama-7b,dummy-lora-7b-rank-64-1,875,55,453.98295233372573
4480,huggyllama/llama-7b,dummy-lora-7b-rank-8-4,647,16,453.9966334403483
4481,huggyllama/llama-7b,dummy-lora-7b-rank-32-2,570,28,454.02734347350895
4482,huggyllama/llama-7b,dummy-lora-7b-rank-64-4,554,20,454.3003778478214
4483,huggyllama/llama-7b,dummy-lora-7b-rank-16-1,601,8,454.3197633468696
4484,huggyllama/llama-7b,dummy-lora-7b-rank-8-2,625,10,454.32654846433064
4485,huggyllama/llama-7b,dummy-lora-7b-rank-128-0,651,26,454.69251486962014
4486,huggyllama/llama-7b,dummy-lora-7b-rank-16-4,412,6,454.71520004277255
4487,huggyllama/llama-7b,dummy-lora-7b-rank-128-4,298,39,454.87340979850444
4488,huggyllama/llama-7b,dummy-lora-7b-rank-64-1,599,17,454.9350364354249
4489,huggyllama/llama-7b,dummy-lora-7b-rank-16-2,364,42,454.9906263134236
4490,huggyllama/llama-7b,dummy-lora-7b-rank-16-4,576,3,455.00910105150524
4491,huggyllama/llama-7b,dummy-lora-7b-rank-32-2,724,33,455.0299669556694
4492,huggyllama/llama-7b,dummy-lora-7b-rank-128-1,684,56,455.35472513313834
4493,huggyllama/llama-7b,dummy-lora-7b-rank-64-0,737,66,455.3548657972175
4494,huggyllama/llama-7b,dummy-lora-7b-rank-128-3,690,21,455.43393724155567
4495,huggyllama/llama-7b,dummy-lora-7b-rank-8-4,350,39,455.88323613588375
4496,huggyllama/llama-7b,dummy-lora-7b-rank-128-3,200,49,456.03461113990846
4497,huggyllama/llama-7b,dummy-lora-7b-rank-32-4,615,26,456.05653823781995
4498,huggyllama/llama-7b,dummy-lora-7b-rank-16-3,230,121,456.18060200918086
4499,huggyllama/llama-7b,dummy-lora-7b-rank-32-3,489,8,456.2180496482192
4500,huggyllama/llama-7b,dummy-lora-7b-rank-16-3,505,45,456.23851879348166
4501,huggyllama/llama-7b,dummy-lora-7b-rank-16-2,327,94,456.2979748016937
4502,huggyllama/llama-7b,dummy-lora-7b-rank-16-0,562,24,456.65185676214656
4503,huggyllama/llama-7b,dummy-lora-7b-rank-8-4,631,42,456.66459880708146
4504,huggyllama/llama-7b,dummy-lora-7b-rank-32-1,517,46,456.79515714619663
4505,huggyllama/llama-7b,dummy-lora-7b-rank-32-0,503,41,456.8153488491626
4506,huggyllama/llama-7b,dummy-lora-7b-rank-64-2,654,11,456.86597000141126
4507,huggyllama/llama-7b,dummy-lora-7b-rank-32-0,654,83,456.9016962560991
4508,huggyllama/llama-7b,dummy-lora-7b-rank-16-0,410,7,456.92849616238385
4509,huggyllama/llama-7b,dummy-lora-7b-rank-64-4,108,48,457.0137585863893
4510,huggyllama/llama-7b,dummy-lora-7b-rank-8-2,128,54,457.060700129288
4511,huggyllama/llama-7b,dummy-lora-7b-rank-16-4,918,78,457.06834919099043
4512,huggyllama/llama-7b,dummy-lora-7b-rank-32-1,364,45,457.12934157406
4513,huggyllama/llama-7b,dummy-lora-7b-rank-64-1,927,18,457.1998024178857
4514,huggyllama/llama-7b,dummy-lora-7b-rank-32-4,203,106,457.43949232008293
4515,huggyllama/llama-7b,dummy-lora-7b-rank-32-3,464,11,457.7276141864746
4516,huggyllama/llama-7b,dummy-lora-7b-rank-64-4,873,23,457.73145616561334
4517,huggyllama/llama-7b,dummy-lora-7b-rank-16-2,512,16,457.78423716332384
4518,huggyllama/llama-7b,dummy-lora-7b-rank-64-2,550,10,457.84030978102066
4519,huggyllama/llama-7b,dummy-lora-7b-rank-16-3,819,31,457.91014387215216
4520,huggyllama/llama-7b,dummy-lora-7b-rank-32-2,693,42,458.3772810398249
4521,huggyllama/llama-7b,dummy-lora-7b-rank-64-3,154,63,458.7293369591881
4522,huggyllama/llama-7b,dummy-lora-7b-rank-64-0,562,28,458.79078657240444
4523,huggyllama/llama-7b,dummy-lora-7b-rank-128-1,592,51,458.85070794504924
4524,huggyllama/llama-7b,dummy-lora-7b-rank-128-3,121,51,458.93775222363286
4525,huggyllama/llama-7b,dummy-lora-7b-rank-16-4,699,22,459.2623063663467
4526,huggyllama/llama-7b,dummy-lora-7b-rank-64-3,558,19,459.2633913830506
4527,huggyllama/llama-7b,dummy-lora-7b-rank-8-4,191,47,459.29639137489244
4528,huggyllama/llama-7b,dummy-lora-7b-rank-64-3,339,33,459.33720537085446
4529,huggyllama/llama-7b,dummy-lora-7b-rank-16-2,556,21,459.3740749781461
4530,huggyllama/llama-7b,dummy-lora-7b-rank-64-0,564,17,459.51085383361146
4531,huggyllama/llama-7b,dummy-lora-7b-rank-64-0,550,18,459.7285044953246
4532,huggyllama/llama-7b,dummy-lora-7b-rank-128-0,554,20,459.82887378487857
4533,huggyllama/llama-7b,dummy-lora-7b-rank-16-4,138,46,459.85022395914694
4534,huggyllama/llama-7b,dummy-lora-7b-rank-32-3,923,12,460.0623968475245
4535,huggyllama/llama-7b,dummy-lora-7b-rank-64-2,607,21,460.10993883847226
4536,huggyllama/llama-7b,dummy-lora-7b-rank-64-1,554,10,460.1290522997367
4537,huggyllama/llama-7b,dummy-lora-7b-rank-128-2,366,7,460.1506925282609
4538,huggyllama/llama-7b,dummy-lora-7b-rank-64-1,289,54,460.21247493099446
4539,huggyllama/llama-7b,dummy-lora-7b-rank-16-2,789,97,460.2389162942591
4540,huggyllama/llama-7b,dummy-lora-7b-rank-128-2,902,68,460.5392952050552
4541,huggyllama/llama-7b,dummy-lora-7b-rank-8-0,177,39,460.80863889525534
4542,huggyllama/llama-7b,dummy-lora-7b-rank-16-2,554,20,460.91138975658964
4543,huggyllama/llama-7b,dummy-lora-7b-rank-128-1,381,52,461.0561971078825
4544,huggyllama/llama-7b,dummy-lora-7b-rank-128-0,935,35,461.126777484629
4545,huggyllama/llama-7b,dummy-lora-7b-rank-32-1,364,5,461.1395732261657
4546,huggyllama/llama-7b,dummy-lora-7b-rank-64-1,450,43,461.27344557311346
4547,huggyllama/llama-7b,dummy-lora-7b-rank-8-2,901,232,461.4964240024823
4548,huggyllama/llama-7b,dummy-lora-7b-rank-16-4,564,19,461.5305390228398
4549,huggyllama/llama-7b,dummy-lora-7b-rank-8-0,231,72,461.67593969726346
4550,huggyllama/llama-7b,dummy-lora-7b-rank-128-0,195,11,461.80161732930185
4551,huggyllama/llama-7b,dummy-lora-7b-rank-16-0,624,58,462.02285363577266
4552,huggyllama/llama-7b,dummy-lora-7b-rank-16-4,413,7,462.113423482381
4553,huggyllama/llama-7b,dummy-lora-7b-rank-128-1,375,49,462.3071648913209
4554,huggyllama/llama-7b,dummy-lora-7b-rank-32-4,281,50,462.357846721407
4555,huggyllama/llama-7b,dummy-lora-7b-rank-128-0,92,20,462.6158217926874
4556,huggyllama/llama-7b,dummy-lora-7b-rank-16-0,632,3,462.6346732331569
4557,huggyllama/llama-7b,dummy-lora-7b-rank-8-2,548,19,462.6688681285281
4558,huggyllama/llama-7b,dummy-lora-7b-rank-8-0,618,27,462.67351474677224
4559,huggyllama/llama-7b,dummy-lora-7b-rank-64-0,737,17,462.6882498595388
4560,huggyllama/llama-7b,dummy-lora-7b-rank-128-2,680,9,462.8074177063413
4561,huggyllama/llama-7b,dummy-lora-7b-rank-32-3,281,124,462.9931633716878
4562,huggyllama/llama-7b,dummy-lora-7b-rank-64-2,538,86,463.0137429541347
4563,huggyllama/llama-7b,dummy-lora-7b-rank-32-3,370,9,463.323369739392
4564,huggyllama/llama-7b,dummy-lora-7b-rank-8-1,475,50,463.32921984298497
4565,huggyllama/llama-7b,dummy-lora-7b-rank-16-1,423,88,463.4035726786579
4566,huggyllama/llama-7b,dummy-lora-7b-rank-8-3,578,9,463.49764084009485
4567,huggyllama/llama-7b,dummy-lora-7b-rank-16-4,552,19,463.5682368396106
4568,huggyllama/llama-7b,dummy-lora-7b-rank-16-0,266,61,463.5922352269144
4569,huggyllama/llama-7b,dummy-lora-7b-rank-64-3,918,11,463.64634902200805
4570,huggyllama/llama-7b,dummy-lora-7b-rank-32-4,246,60,463.7688130481092
4571,huggyllama/llama-7b,dummy-lora-7b-rank-8-0,564,28,463.90380617349103
4572,huggyllama/llama-7b,dummy-lora-7b-rank-128-4,316,54,463.9165722333108
4573,huggyllama/llama-7b,dummy-lora-7b-rank-128-0,402,49,464.14200991730536
4574,huggyllama/llama-7b,dummy-lora-7b-rank-128-0,841,89,464.2687264954111
4575,huggyllama/llama-7b,dummy-lora-7b-rank-128-0,351,52,464.62167042664595
4576,huggyllama/llama-7b,dummy-lora-7b-rank-32-0,286,31,464.62816099274687
4577,huggyllama/llama-7b,dummy-lora-7b-rank-32-1,563,24,464.65304857832734
4578,huggyllama/llama-7b,dummy-lora-7b-rank-64-4,627,34,464.69232217634277
4579,huggyllama/llama-7b,dummy-lora-7b-rank-8-0,732,101,464.698362151287
4580,huggyllama/llama-7b,dummy-lora-7b-rank-16-2,572,30,464.9210471926757
4581,huggyllama/llama-7b,dummy-lora-7b-rank-128-2,507,12,465.02057552586604
4582,huggyllama/llama-7b,dummy-lora-7b-rank-128-1,660,73,465.1860402669867
4583,huggyllama/llama-7b,dummy-lora-7b-rank-64-4,495,6,465.2596164306357
4584,huggyllama/llama-7b,dummy-lora-7b-rank-32-2,713,39,465.2899771642494
4585,huggyllama/llama-7b,dummy-lora-7b-rank-8-4,417,6,465.29515112643514
4586,huggyllama/llama-7b,dummy-lora-7b-rank-8-4,407,11,465.36754346395674
4587,huggyllama/llama-7b,dummy-lora-7b-rank-16-3,554,19,465.4523523118017
4588,huggyllama/llama-7b,dummy-lora-7b-rank-64-4,51,40,465.5248444880611
4589,huggyllama/llama-7b,dummy-lora-7b-rank-16-1,552,18,465.7813920907904
4590,huggyllama/llama-7b,dummy-lora-7b-rank-32-3,149,47,465.99988944872945
4591,huggyllama/llama-7b,dummy-lora-7b-rank-8-1,580,6,466.1131779991452
4592,huggyllama/llama-7b,dummy-lora-7b-rank-32-0,346,23,466.16172533796544
4593,huggyllama/llama-7b,dummy-lora-7b-rank-8-4,426,60,466.3651053188418
4594,huggyllama/llama-7b,dummy-lora-7b-rank-32-0,512,43,466.467211843561
4595,huggyllama/llama-7b,dummy-lora-7b-rank-8-2,104,46,466.4961916609945
4596,huggyllama/llama-7b,dummy-lora-7b-rank-32-4,550,10,466.56875599442856
4597,huggyllama/llama-7b,dummy-lora-7b-rank-32-4,496,40,466.65215518298106
4598,huggyllama/llama-7b,dummy-lora-7b-rank-32-4,566,37,466.7763377002571
4599,huggyllama/llama-7b,dummy-lora-7b-rank-128-2,58,96,466.80228707551663
4600,huggyllama/llama-7b,dummy-lora-7b-rank-8-2,548,17,466.9027426659802
4601,huggyllama/llama-7b,dummy-lora-7b-rank-8-2,572,32,466.9352313444249
4602,huggyllama/llama-7b,dummy-lora-7b-rank-8-2,599,17,466.9889737925063
4603,huggyllama/llama-7b,dummy-lora-7b-rank-32-1,441,44,467.04494102002076
4604,huggyllama/llama-7b,dummy-lora-7b-rank-64-4,175,33,467.0951882765499
4605,huggyllama/llama-7b,dummy-lora-7b-rank-32-2,467,52,467.14753532460776
4606,huggyllama/llama-7b,dummy-lora-7b-rank-32-3,564,25,467.365982811191
4607,huggyllama/llama-7b,dummy-lora-7b-rank-16-4,554,21,467.45565941512564
4608,huggyllama/llama-7b,dummy-lora-7b-rank-32-4,322,50,467.46200635950214
4609,huggyllama/llama-7b,dummy-lora-7b-rank-64-3,556,20,467.47890104479603
4610,huggyllama/llama-7b,dummy-lora-7b-rank-64-3,558,24,467.52829668863853
4611,huggyllama/llama-7b,dummy-lora-7b-rank-16-1,570,6,467.9123994636986
4612,huggyllama/llama-7b,dummy-lora-7b-rank-64-2,451,62,467.9384313429804
4613,huggyllama/llama-7b,dummy-lora-7b-rank-16-4,144,109,467.9930344316051
4614,huggyllama/llama-7b,dummy-lora-7b-rank-32-0,720,12,468.12277684857327
4615,huggyllama/llama-7b,dummy-lora-7b-rank-32-1,888,9,468.1756077863264
4616,huggyllama/llama-7b,dummy-lora-7b-rank-8-3,537,49,468.26374842853915
4617,huggyllama/llama-7b,dummy-lora-7b-rank-8-0,362,50,468.2991276458442
4618,huggyllama/llama-7b,dummy-lora-7b-rank-32-3,554,20,468.3531782255422
4619,huggyllama/llama-7b,dummy-lora-7b-rank-128-3,722,3,468.4531407042906
4620,huggyllama/llama-7b,dummy-lora-7b-rank-32-3,554,20,468.53018650589564
4621,huggyllama/llama-7b,dummy-lora-7b-rank-128-4,670,36,468.684138475201
4622,huggyllama/llama-7b,dummy-lora-7b-rank-16-0,365,110,469.22159012467995
4623,huggyllama/llama-7b,dummy-lora-7b-rank-8-3,499,101,469.3731481568041
4624,huggyllama/llama-7b,dummy-lora-7b-rank-8-3,601,19,469.4405808798174
4625,huggyllama/llama-7b,dummy-lora-7b-rank-32-3,316,51,469.5921809567257
4626,huggyllama/llama-7b,dummy-lora-7b-rank-16-1,241,45,469.71990544661287
4627,huggyllama/llama-7b,dummy-lora-7b-rank-8-0,308,22,469.75977740479726
4628,huggyllama/llama-7b,dummy-lora-7b-rank-32-4,550,18,470.21697661929875
4629,huggyllama/llama-7b,dummy-lora-7b-rank-8-1,797,44,470.2186654450494
4630,huggyllama/llama-7b,dummy-lora-7b-rank-8-1,603,18,470.23855325101783
4631,huggyllama/llama-7b,dummy-lora-7b-rank-128-2,171,38,470.38513839513985
4632,huggyllama/llama-7b,dummy-lora-7b-rank-128-0,369,5,470.5451186006255
4633,huggyllama/llama-7b,dummy-lora-7b-rank-32-3,224,49,470.56906526346006
4634,huggyllama/llama-7b,dummy-lora-7b-rank-64-1,995,118,470.6332389526848
4635,huggyllama/llama-7b,dummy-lora-7b-rank-32-3,566,28,470.69444799916016
4636,huggyllama/llama-7b,dummy-lora-7b-rank-8-4,311,63,470.70918331466515
4637,huggyllama/llama-7b,dummy-lora-7b-rank-128-0,569,42,470.83618015068726
4638,huggyllama/llama-7b,dummy-lora-7b-rank-32-0,656,13,470.88376896211594
4639,huggyllama/llama-7b,dummy-lora-7b-rank-8-3,430,48,471.0926432673357
4640,huggyllama/llama-7b,dummy-lora-7b-rank-64-2,612,38,471.092937900454
4641,huggyllama/llama-7b,dummy-lora-7b-rank-16-2,357,45,471.1252277988959
4642,huggyllama/llama-7b,dummy-lora-7b-rank-16-2,563,26,471.2067212665308
4643,huggyllama/llama-7b,dummy-lora-7b-rank-16-2,724,5,471.3064402370381
4644,huggyllama/llama-7b,dummy-lora-7b-rank-8-4,413,50,471.5516312992393
4645,huggyllama/llama-7b,dummy-lora-7b-rank-8-2,498,59,471.55765194631385
4646,huggyllama/llama-7b,dummy-lora-7b-rank-64-2,219,38,471.8167492353295
4647,huggyllama/llama-7b,dummy-lora-7b-rank-16-4,631,28,471.97789304826085
4648,huggyllama/llama-7b,dummy-lora-7b-rank-8-2,562,25,472.14439183230826
4649,huggyllama/llama-7b,dummy-lora-7b-rank-8-4,347,46,472.2212479128278
4650,huggyllama/llama-7b,dummy-lora-7b-rank-64-4,548,7,472.35426821737275
4651,huggyllama/llama-7b,dummy-lora-7b-rank-16-4,203,47,472.3828707257849
4652,huggyllama/llama-7b,dummy-lora-7b-rank-64-1,332,48,472.40184645564614
4653,huggyllama/llama-7b,dummy-lora-7b-rank-8-1,950,78,472.4915995007273
4654,huggyllama/llama-7b,dummy-lora-7b-rank-16-4,563,22,472.49948473621384
4655,huggyllama/llama-7b,dummy-lora-7b-rank-32-0,292,47,472.7146382131742
4656,huggyllama/llama-7b,dummy-lora-7b-rank-32-2,684,195,473.0014375702939
4657,huggyllama/llama-7b,dummy-lora-7b-rank-128-4,974,8,473.24887002859856
4658,huggyllama/llama-7b,dummy-lora-7b-rank-64-4,22,256,473.2814771719228
4659,huggyllama/llama-7b,dummy-lora-7b-rank-16-0,490,14,473.29795523912895
4660,huggyllama/llama-7b,dummy-lora-7b-rank-64-2,382,42,473.456511569407
4661,huggyllama/llama-7b,dummy-lora-7b-rank-8-3,6,20,473.5785206586485
4662,huggyllama/llama-7b,dummy-lora-7b-rank-8-0,635,36,473.9999753129452
4663,huggyllama/llama-7b,dummy-lora-7b-rank-64-2,556,21,474.065663573999
4664,huggyllama/llama-7b,dummy-lora-7b-rank-64-0,381,123,474.11726677017424
4665,huggyllama/llama-7b,dummy-lora-7b-rank-64-3,358,9,474.4196667090047
4666,huggyllama/llama-7b,dummy-lora-7b-rank-64-4,986,32,474.5192698676377
4667,huggyllama/llama-7b,dummy-lora-7b-rank-32-0,574,25,474.72907062245434
4668,huggyllama/llama-7b,dummy-lora-7b-rank-32-1,218,48,474.76612803871325
4669,huggyllama/llama-7b,dummy-lora-7b-rank-8-4,405,47,474.80775977397764
4670,huggyllama/llama-7b,dummy-lora-7b-rank-128-2,602,18,474.84060032086654
4671,huggyllama/llama-7b,dummy-lora-7b-rank-8-2,551,88,474.96921330362596
4672,huggyllama/llama-7b,dummy-lora-7b-rank-16-1,574,32,475.14124806598204
4673,huggyllama/llama-7b,dummy-lora-7b-rank-64-3,547,7,475.15684338077256
4674,huggyllama/llama-7b,dummy-lora-7b-rank-8-3,568,26,475.17000540799717
4675,huggyllama/llama-7b,dummy-lora-7b-rank-16-4,562,55,475.19999606226315
4676,huggyllama/llama-7b,dummy-lora-7b-rank-32-2,238,66,475.2114132349678
4677,huggyllama/llama-7b,dummy-lora-7b-rank-128-2,225,102,475.4178787958658
4678,huggyllama/llama-7b,dummy-lora-7b-rank-16-4,554,20,475.48703037096243
4679,huggyllama/llama-7b,dummy-lora-7b-rank-128-1,173,35,476.04691773148414
4680,huggyllama/llama-7b,dummy-lora-7b-rank-16-0,229,8,476.3272999310081
4681,huggyllama/llama-7b,dummy-lora-7b-rank-128-4,572,32,476.50223207576715
4682,huggyllama/llama-7b,dummy-lora-7b-rank-8-2,313,140,476.5314102348826
4683,huggyllama/llama-7b,dummy-lora-7b-rank-8-1,463,58,476.73735846675055
4684,huggyllama/llama-7b,dummy-lora-7b-rank-64-1,114,48,476.75497995569003
4685,huggyllama/llama-7b,dummy-lora-7b-rank-8-3,206,3,476.836792341719
4686,huggyllama/llama-7b,dummy-lora-7b-rank-64-2,168,186,476.97396984388814
4687,huggyllama/llama-7b,dummy-lora-7b-rank-128-2,552,19,477.05227410492785
4688,huggyllama/llama-7b,dummy-lora-7b-rank-16-4,707,54,477.06436537372093
4689,huggyllama/llama-7b,dummy-lora-7b-rank-32-4,620,5,477.1962124593277
4690,huggyllama/llama-7b,dummy-lora-7b-rank-64-4,175,43,477.22583359256055
4691,huggyllama/llama-7b,dummy-lora-7b-rank-8-3,609,22,477.23489573472324
4692,huggyllama/llama-7b,dummy-lora-7b-rank-16-3,556,21,477.4522996750294
4693,huggyllama/llama-7b,dummy-lora-7b-rank-16-0,172,38,477.54360407132305
4694,huggyllama/llama-7b,dummy-lora-7b-rank-16-3,1019,60,477.5593501847907
4695,huggyllama/llama-7b,dummy-lora-7b-rank-16-1,743,100,477.7299315246554
4696,huggyllama/llama-7b,dummy-lora-7b-rank-8-2,615,8,477.81016761679166
4697,huggyllama/llama-7b,dummy-lora-7b-rank-8-1,568,27,477.889358698301
4698,huggyllama/llama-7b,dummy-lora-7b-rank-8-4,487,97,477.9250999531755
4699,huggyllama/llama-7b,dummy-lora-7b-rank-32-4,628,41,477.99864866723925
4700,huggyllama/llama-7b,dummy-lora-7b-rank-32-1,485,65,478.10962768903454
4701,huggyllama/llama-7b,dummy-lora-7b-rank-16-1,665,15,478.14692553867627
4702,huggyllama/llama-7b,dummy-lora-7b-rank-8-1,151,49,478.2465419669902
4703,huggyllama/llama-7b,dummy-lora-7b-rank-128-0,392,88,478.27472455346106
4704,huggyllama/llama-7b,dummy-lora-7b-rank-8-1,967,44,478.2907875639741
4705,huggyllama/llama-7b,dummy-lora-7b-rank-64-3,841,9,478.41175610069746
4706,huggyllama/llama-7b,dummy-lora-7b-rank-8-1,191,119,478.47775460937476
4707,huggyllama/llama-7b,dummy-lora-7b-rank-8-2,617,29,478.5471470238597
4708,huggyllama/llama-7b,dummy-lora-7b-rank-128-1,277,160,478.7342711849003
4709,huggyllama/llama-7b,dummy-lora-7b-rank-64-1,775,40,478.8560198574294
4710,huggyllama/llama-7b,dummy-lora-7b-rank-64-2,927,50,478.85860560881605
4711,huggyllama/llama-7b,dummy-lora-7b-rank-128-1,190,47,478.90007809802506
4712,huggyllama/llama-7b,dummy-lora-7b-rank-8-1,466,51,478.9269174304474
4713,huggyllama/llama-7b,dummy-lora-7b-rank-128-3,239,4,479.0277827904146
4714,huggyllama/llama-7b,dummy-lora-7b-rank-8-3,286,46,479.1168789640551
4715,huggyllama/llama-7b,dummy-lora-7b-rank-128-0,56,97,479.1535236914108
4716,huggyllama/llama-7b,dummy-lora-7b-rank-64-2,224,71,479.1640782878605
4717,huggyllama/llama-7b,dummy-lora-7b-rank-16-1,569,54,479.17905091122685
4718,huggyllama/llama-7b,dummy-lora-7b-rank-32-0,552,19,479.19051944114887
4719,huggyllama/llama-7b,dummy-lora-7b-rank-128-3,607,19,479.2935347366793
4720,huggyllama/llama-7b,dummy-lora-7b-rank-32-1,500,51,479.30758397270296
4721,huggyllama/llama-7b,dummy-lora-7b-rank-8-1,727,11,479.3608767264051
4722,huggyllama/llama-7b,dummy-lora-7b-rank-8-2,890,40,479.5394671818795
4723,huggyllama/llama-7b,dummy-lora-7b-rank-8-1,382,154,479.6845562697807
4724,huggyllama/llama-7b,dummy-lora-7b-rank-16-3,713,50,479.7763702440075
4725,huggyllama/llama-7b,dummy-lora-7b-rank-32-2,325,54,479.81389679639943
4726,huggyllama/llama-7b,dummy-lora-7b-rank-128-3,556,21,479.8460903524341
4727,huggyllama/llama-7b,dummy-lora-7b-rank-8-3,612,18,479.8607640874048
4728,huggyllama/llama-7b,dummy-lora-7b-rank-64-0,190,36,479.8770009572546
4729,huggyllama/llama-7b,dummy-lora-7b-rank-128-0,558,23,479.88794291608457
4730,huggyllama/llama-7b,dummy-lora-7b-rank-32-0,369,26,479.9848719475628
4731,huggyllama/llama-7b,dummy-lora-7b-rank-32-3,551,71,480.0631858947375
4732,huggyllama/llama-7b,dummy-lora-7b-rank-16-1,564,28,480.2074069471935
4733,huggyllama/llama-7b,dummy-lora-7b-rank-8-1,629,70,480.21024709563966
4734,huggyllama/llama-7b,dummy-lora-7b-rank-8-1,303,69,480.2889211660659
4735,huggyllama/llama-7b,dummy-lora-7b-rank-16-0,879,57,480.36367239445997
4736,huggyllama/llama-7b,dummy-lora-7b-rank-16-0,605,11,480.4416290251152
4737,huggyllama/llama-7b,dummy-lora-7b-rank-64-4,343,30,480.4427542330535
4738,huggyllama/llama-7b,dummy-lora-7b-rank-8-1,410,117,480.5417907756215
4739,huggyllama/llama-7b,dummy-lora-7b-rank-16-0,461,44,480.6713428355046
4740,huggyllama/llama-7b,dummy-lora-7b-rank-128-0,548,17,480.99604976987695
4741,huggyllama/llama-7b,dummy-lora-7b-rank-32-4,597,16,481.04865360893683
4742,huggyllama/llama-7b,dummy-lora-7b-rank-128-0,204,57,481.11073546520834
4743,huggyllama/llama-7b,dummy-lora-7b-rank-8-1,562,13,481.1524351584669
4744,huggyllama/llama-7b,dummy-lora-7b-rank-32-0,208,85,481.2218397869407
4745,huggyllama/llama-7b,dummy-lora-7b-rank-16-2,586,37,481.2876603617476
4746,huggyllama/llama-7b,dummy-lora-7b-rank-8-4,976,10,481.52735352954016
4747,huggyllama/llama-7b,dummy-lora-7b-rank-32-2,306,75,481.62235330087924
4748,huggyllama/llama-7b,dummy-lora-7b-rank-64-3,916,11,481.671137018218
4749,huggyllama/llama-7b,dummy-lora-7b-rank-32-0,572,31,481.71084451427953
4750,huggyllama/llama-7b,dummy-lora-7b-rank-64-0,181,6,481.8195048821135
4751,huggyllama/llama-7b,dummy-lora-7b-rank-32-4,275,134,481.8381251143454
4752,huggyllama/llama-7b,dummy-lora-7b-rank-8-0,556,22,481.8469464179104
4753,huggyllama/llama-7b,dummy-lora-7b-rank-128-3,361,46,482.11851610307355
4754,huggyllama/llama-7b,dummy-lora-7b-rank-64-4,550,11,482.1634312513306
4755,huggyllama/llama-7b,dummy-lora-7b-rank-16-2,615,26,482.3066144362558
4756,huggyllama/llama-7b,dummy-lora-7b-rank-8-2,381,49,482.4476172354343
4757,huggyllama/llama-7b,dummy-lora-7b-rank-16-0,573,117,482.7196098112676
4758,huggyllama/llama-7b,dummy-lora-7b-rank-64-1,548,17,483.03516782633835
4759,huggyllama/llama-7b,dummy-lora-7b-rank-128-4,558,24,483.06683899427287
4760,huggyllama/llama-7b,dummy-lora-7b-rank-16-2,438,5,483.1490739783634
4761,huggyllama/llama-7b,dummy-lora-7b-rank-16-3,569,94,483.193239590081
4762,huggyllama/llama-7b,dummy-lora-7b-rank-16-2,548,16,483.52992403130435
4763,huggyllama/llama-7b,dummy-lora-7b-rank-64-0,388,47,483.57645480594414
4764,huggyllama/llama-7b,dummy-lora-7b-rank-128-3,615,33,484.05600863426633
4765,huggyllama/llama-7b,dummy-lora-7b-rank-128-4,590,37,484.07301602750096
4766,huggyllama/llama-7b,dummy-lora-7b-rank-64-2,755,31,484.20788613891324
4767,huggyllama/llama-7b,dummy-lora-7b-rank-64-1,601,18,484.3527077739563
4768,huggyllama/llama-7b,dummy-lora-7b-rank-8-2,546,2,484.35500013547824
4769,huggyllama/llama-7b,dummy-lora-7b-rank-64-2,562,24,484.38930565217504
4770,huggyllama/llama-7b,dummy-lora-7b-rank-128-4,961,3,484.42567626591705
4771,huggyllama/llama-7b,dummy-lora-7b-rank-128-2,605,20,484.61578191298366
4772,huggyllama/llama-7b,dummy-lora-7b-rank-128-2,177,101,484.6719402791568
4773,huggyllama/llama-7b,dummy-lora-7b-rank-128-1,548,18,484.697636404939
4774,huggyllama/llama-7b,dummy-lora-7b-rank-64-0,576,34,484.7281835342308
4775,huggyllama/llama-7b,dummy-lora-7b-rank-64-3,254,136,484.807502406527
4776,huggyllama/llama-7b,dummy-lora-7b-rank-32-3,487,46,484.8892967243875
4777,huggyllama/llama-7b,dummy-lora-7b-rank-32-4,352,55,485.00062297288736
4778,huggyllama/llama-7b,dummy-lora-7b-rank-64-4,397,44,485.1966728588792
4779,huggyllama/llama-7b,dummy-lora-7b-rank-64-0,408,6,485.2447522432581
4780,huggyllama/llama-7b,dummy-lora-7b-rank-128-2,750,52,485.5417509819554
4781,huggyllama/llama-7b,dummy-lora-7b-rank-64-4,326,11,485.81195595102724
4782,huggyllama/llama-7b,dummy-lora-7b-rank-128-3,272,182,485.8133222806079
4783,huggyllama/llama-7b,dummy-lora-7b-rank-128-1,809,15,485.8163194355064
4784,huggyllama/llama-7b,dummy-lora-7b-rank-8-4,596,41,485.8677503798552
4785,huggyllama/llama-7b,dummy-lora-7b-rank-8-1,205,108,485.8711021493083
4786,huggyllama/llama-7b,dummy-lora-7b-rank-128-4,378,50,485.8860279137866
4787,huggyllama/llama-7b,dummy-lora-7b-rank-8-4,354,165,485.9259802405572
4788,huggyllama/llama-7b,dummy-lora-7b-rank-16-4,369,139,486.32989555847973
4789,huggyllama/llama-7b,dummy-lora-7b-rank-64-3,296,45,486.3339514909073
4790,huggyllama/llama-7b,dummy-lora-7b-rank-16-3,214,43,486.5833081467584
4791,huggyllama/llama-7b,dummy-lora-7b-rank-64-1,556,13,486.7060366467716
4792,huggyllama/llama-7b,dummy-lora-7b-rank-8-2,383,8,486.7400344291349
4793,huggyllama/llama-7b,dummy-lora-7b-rank-64-4,413,55,486.7906717938555
4794,huggyllama/llama-7b,dummy-lora-7b-rank-128-3,911,102,486.97473270992924
4795,huggyllama/llama-7b,dummy-lora-7b-rank-16-1,897,30,487.01034250379934
4796,huggyllama/llama-7b,dummy-lora-7b-rank-32-0,354,49,487.0587376001902
4797,huggyllama/llama-7b,dummy-lora-7b-rank-128-2,550,20,487.089150071484
4798,huggyllama/llama-7b,dummy-lora-7b-rank-32-4,842,16,487.1070831427405
4799,huggyllama/llama-7b,dummy-lora-7b-rank-8-2,580,16,487.1360371844573
4800,huggyllama/llama-7b,dummy-lora-7b-rank-128-0,92,31,487.2015861163779
4801,huggyllama/llama-7b,dummy-lora-7b-rank-8-0,565,22,487.2371503768656
4802,huggyllama/llama-7b,dummy-lora-7b-rank-8-4,328,149,487.28169796146983
4803,huggyllama/llama-7b,dummy-lora-7b-rank-16-2,622,56,487.55337181094865
4804,huggyllama/llama-7b,dummy-lora-7b-rank-32-2,648,10,487.60172653032583
4805,huggyllama/llama-7b,dummy-lora-7b-rank-16-0,550,18,487.6206126198
4806,huggyllama/llama-7b,dummy-lora-7b-rank-8-0,396,55,487.7464877043834
4807,huggyllama/llama-7b,dummy-lora-7b-rank-8-4,718,252,487.9213827406037
4808,huggyllama/llama-7b,dummy-lora-7b-rank-64-4,558,24,487.93285419375616
4809,huggyllama/llama-7b,dummy-lora-7b-rank-128-1,123,19,487.9582544503282
4810,huggyllama/llama-7b,dummy-lora-7b-rank-128-4,186,48,487.97655591314606
4811,huggyllama/llama-7b,dummy-lora-7b-rank-32-0,253,50,488.0387565159018
4812,huggyllama/llama-7b,dummy-lora-7b-rank-16-4,992,116,488.05739674452684
4813,huggyllama/llama-7b,dummy-lora-7b-rank-32-0,292,159,488.1846994600513
4814,huggyllama/llama-7b,dummy-lora-7b-rank-32-0,603,30,488.3633247365595
4815,huggyllama/llama-7b,dummy-lora-7b-rank-128-3,205,57,488.42134577099625
4816,huggyllama/llama-7b,dummy-lora-7b-rank-32-0,303,8,488.73639292558215
4817,huggyllama/llama-7b,dummy-lora-7b-rank-32-3,375,38,488.76957013608575
4818,huggyllama/llama-7b,dummy-lora-7b-rank-16-0,367,8,488.86498156329213
4819,huggyllama/llama-7b,dummy-lora-7b-rank-8-2,748,30,488.87974125089414
4820,huggyllama/llama-7b,dummy-lora-7b-rank-8-1,786,124,488.97560256842326
4821,huggyllama/llama-7b,dummy-lora-7b-rank-8-1,550,18,489.0211878470342
4822,huggyllama/llama-7b,dummy-lora-7b-rank-16-4,582,253,489.21620787791136
4823,huggyllama/llama-7b,dummy-lora-7b-rank-16-0,474,6,489.2866572449029
4824,huggyllama/llama-7b,dummy-lora-7b-rank-64-0,302,56,489.28983633773686
4825,huggyllama/llama-7b,dummy-lora-7b-rank-16-4,632,48,489.30744898821655
4826,huggyllama/llama-7b,dummy-lora-7b-rank-16-4,456,9,489.5742078533797
4827,huggyllama/llama-7b,dummy-lora-7b-rank-64-3,554,20,489.5845320178281
4828,huggyllama/llama-7b,dummy-lora-7b-rank-32-4,562,25,489.80821639513675
4829,huggyllama/llama-7b,dummy-lora-7b-rank-32-0,244,87,489.8087261949561
4830,huggyllama/llama-7b,dummy-lora-7b-rank-16-4,305,5,489.81678606659784
4831,huggyllama/llama-7b,dummy-lora-7b-rank-8-4,252,222,489.9542171508024
4832,huggyllama/llama-7b,dummy-lora-7b-rank-64-1,452,46,490.009415238944
4833,huggyllama/llama-7b,dummy-lora-7b-rank-16-4,605,19,490.03814194283564
4834,huggyllama/llama-7b,dummy-lora-7b-rank-32-0,533,64,490.05723779184524
4835,huggyllama/llama-7b,dummy-lora-7b-rank-32-3,196,123,490.32213292882847
4836,huggyllama/llama-7b,dummy-lora-7b-rank-16-0,553,40,490.3395896505693
4837,huggyllama/llama-7b,dummy-lora-7b-rank-8-1,219,50,490.55488505703755
4838,huggyllama/llama-7b,dummy-lora-7b-rank-16-0,320,41,490.5619959294418
4839,huggyllama/llama-7b,dummy-lora-7b-rank-32-4,783,55,490.6579359953554
4840,huggyllama/llama-7b,dummy-lora-7b-rank-128-0,812,7,490.96394962419447
4841,huggyllama/llama-7b,dummy-lora-7b-rank-32-4,55,56,491.1080672666591
4842,huggyllama/llama-7b,dummy-lora-7b-rank-32-3,747,10,491.27837201089335
4843,huggyllama/llama-7b,dummy-lora-7b-rank-128-1,603,19,491.4897842909431
4844,huggyllama/llama-7b,dummy-lora-7b-rank-128-2,202,150,491.55558773024177
4845,huggyllama/llama-7b,dummy-lora-7b-rank-16-2,270,74,491.6320953924269
4846,huggyllama/llama-7b,dummy-lora-7b-rank-32-2,217,3,491.8694392882895
4847,huggyllama/llama-7b,dummy-lora-7b-rank-128-3,550,20,491.8754540875065
4848,huggyllama/llama-7b,dummy-lora-7b-rank-32-4,601,17,491.9254174873363
4849,huggyllama/llama-7b,dummy-lora-7b-rank-64-0,265,132,491.99482870069556
4850,huggyllama/llama-7b,dummy-lora-7b-rank-8-4,847,13,492.05466443341084
4851,huggyllama/llama-7b,dummy-lora-7b-rank-32-1,239,4,492.1101546783438
4852,huggyllama/llama-7b,dummy-lora-7b-rank-128-3,394,52,492.16753225076883
4853,huggyllama/llama-7b,dummy-lora-7b-rank-16-0,537,42,492.39771469697587
4854,huggyllama/llama-7b,dummy-lora-7b-rank-8-4,568,27,492.44441647099075
4855,huggyllama/llama-7b,dummy-lora-7b-rank-32-2,861,36,492.70128830039096
4856,huggyllama/llama-7b,dummy-lora-7b-rank-8-3,209,3,492.70196617403843
4857,huggyllama/llama-7b,dummy-lora-7b-rank-32-0,898,26,492.73257341726196
4858,huggyllama/llama-7b,dummy-lora-7b-rank-64-2,358,126,492.83708559122834
4859,huggyllama/llama-7b,dummy-lora-7b-rank-16-3,829,17,492.92212427368435
4860,huggyllama/llama-7b,dummy-lora-7b-rank-128-4,443,52,493.0499455446978
4861,huggyllama/llama-7b,dummy-lora-7b-rank-8-2,440,35,493.13507732168364
4862,huggyllama/llama-7b,dummy-lora-7b-rank-64-3,341,11,493.19852596845794
4863,huggyllama/llama-7b,dummy-lora-7b-rank-32-3,654,7,493.2448664219377
4864,huggyllama/llama-7b,dummy-lora-7b-rank-128-4,806,43,493.33917999954633
4865,huggyllama/llama-7b,dummy-lora-7b-rank-64-1,473,110,493.50544511533394
4866,huggyllama/llama-7b,dummy-lora-7b-rank-32-0,517,11,493.6069734765131
4867,huggyllama/llama-7b,dummy-lora-7b-rank-8-3,556,19,493.65818389188166
4868,huggyllama/llama-7b,dummy-lora-7b-rank-64-0,598,27,493.6613583070168
4869,huggyllama/llama-7b,dummy-lora-7b-rank-8-3,646,5,493.68519201610474
4870,huggyllama/llama-7b,dummy-lora-7b-rank-64-0,574,33,493.7185303103182
4871,huggyllama/llama-7b,dummy-lora-7b-rank-128-4,156,50,493.8171238930611
4872,huggyllama/llama-7b,dummy-lora-7b-rank-8-0,548,17,493.8629326192509
4873,huggyllama/llama-7b,dummy-lora-7b-rank-32-0,276,16,493.89071712801706
4874,huggyllama/llama-7b,dummy-lora-7b-rank-16-0,605,19,494.12780268112715
4875,huggyllama/llama-7b,dummy-lora-7b-rank-16-3,427,53,494.2232425626486
4876,huggyllama/llama-7b,dummy-lora-7b-rank-16-3,185,42,494.31137677024867
4877,huggyllama/llama-7b,dummy-lora-7b-rank-128-1,765,25,494.4065516609118
4878,huggyllama/llama-7b,dummy-lora-7b-rank-16-3,650,120,494.4932345469264
4879,huggyllama/llama-7b,dummy-lora-7b-rank-128-4,721,154,494.5066531350373
4880,huggyllama/llama-7b,dummy-lora-7b-rank-64-2,167,46,494.6496811286746
4881,huggyllama/llama-7b,dummy-lora-7b-rank-32-1,202,48,494.71451763101607
4882,huggyllama/llama-7b,dummy-lora-7b-rank-64-2,263,52,494.794300249557
4883,huggyllama/llama-7b,dummy-lora-7b-rank-64-4,645,47,494.8024814689488
4884,huggyllama/llama-7b,dummy-lora-7b-rank-64-1,200,110,494.98069196759815
4885,huggyllama/llama-7b,dummy-lora-7b-rank-128-1,208,50,495.0988783997403
4886,huggyllama/llama-7b,dummy-lora-7b-rank-64-0,556,13,495.20824710693944
4887,huggyllama/llama-7b,dummy-lora-7b-rank-64-4,181,45,495.34618185393055
4888,huggyllama/llama-7b,dummy-lora-7b-rank-32-4,608,31,495.347646037555
4889,huggyllama/llama-7b,dummy-lora-7b-rank-64-1,56,52,495.3897472777702
4890,huggyllama/llama-7b,dummy-lora-7b-rank-16-1,242,47,495.4974188147262
4891,huggyllama/llama-7b,dummy-lora-7b-rank-32-2,298,6,495.5221273007031
4892,huggyllama/llama-7b,dummy-lora-7b-rank-16-0,122,43,495.5704094426478
4893,huggyllama/llama-7b,dummy-lora-7b-rank-128-3,94,47,495.6956499428932
4894,huggyllama/llama-7b,dummy-lora-7b-rank-32-4,544,6,495.71871560630467
4895,huggyllama/llama-7b,dummy-lora-7b-rank-8-0,122,41,495.98486736031845
4896,huggyllama/llama-7b,dummy-lora-7b-rank-128-0,623,18,496.2243947372787
4897,huggyllama/llama-7b,dummy-lora-7b-rank-64-2,507,39,496.231476439199
4898,huggyllama/llama-7b,dummy-lora-7b-rank-16-4,1024,3,496.34203463790374
4899,huggyllama/llama-7b,dummy-lora-7b-rank-64-2,50,46,496.36350805172344
4900,huggyllama/llama-7b,dummy-lora-7b-rank-128-2,468,102,496.39497556963846
4901,huggyllama/llama-7b,dummy-lora-7b-rank-128-4,185,33,496.46716047736544
4902,huggyllama/llama-7b,dummy-lora-7b-rank-128-0,417,44,496.48330973797323
4903,huggyllama/llama-7b,dummy-lora-7b-rank-64-1,554,20,496.6085262932179
4904,huggyllama/llama-7b,dummy-lora-7b-rank-8-3,233,51,496.6708450047093
4905,huggyllama/llama-7b,dummy-lora-7b-rank-16-4,455,49,496.7618893761324
4906,huggyllama/llama-7b,dummy-lora-7b-rank-8-2,720,71,496.86381941355916
4907,huggyllama/llama-7b,dummy-lora-7b-rank-32-1,287,41,496.93635533966784
4908,huggyllama/llama-7b,dummy-lora-7b-rank-64-2,105,70,497.0803758449027
4909,huggyllama/llama-7b,dummy-lora-7b-rank-8-2,475,65,497.1411184832618
4910,huggyllama/llama-7b,dummy-lora-7b-rank-64-0,316,58,497.35437137523155
4911,huggyllama/llama-7b,dummy-lora-7b-rank-32-0,578,15,497.42217714310465
4912,huggyllama/llama-7b,dummy-lora-7b-rank-16-4,597,14,497.92916662320863
4913,huggyllama/llama-7b,dummy-lora-7b-rank-64-0,201,35,498.1361825159432
4914,huggyllama/llama-7b,dummy-lora-7b-rank-32-0,277,44,498.15680561387126
4915,huggyllama/llama-7b,dummy-lora-7b-rank-128-4,462,9,498.2235433390331
4916,huggyllama/llama-7b,dummy-lora-7b-rank-128-1,554,22,498.2270608803017
4917,huggyllama/llama-7b,dummy-lora-7b-rank-128-4,378,9,498.2861049930023
4918,huggyllama/llama-7b,dummy-lora-7b-rank-8-1,699,118,498.3603496089446
4919,huggyllama/llama-7b,dummy-lora-7b-rank-16-4,557,18,498.41938451945657
4920,huggyllama/llama-7b,dummy-lora-7b-rank-32-2,156,41,498.4364729103982
4921,huggyllama/llama-7b,dummy-lora-7b-rank-16-3,546,16,498.4391355432016
4922,huggyllama/llama-7b,dummy-lora-7b-rank-128-1,995,5,498.51799604184026
4923,huggyllama/llama-7b,dummy-lora-7b-rank-16-2,550,44,498.66034871526483
4924,huggyllama/llama-7b,dummy-lora-7b-rank-32-2,601,16,498.7877385266931
4925,huggyllama/llama-7b,dummy-lora-7b-rank-16-4,552,16,498.84371633603104
4926,huggyllama/llama-7b,dummy-lora-7b-rank-32-1,601,18,498.8702251500744
4927,huggyllama/llama-7b,dummy-lora-7b-rank-128-4,574,33,498.87034165561323
4928,huggyllama/llama-7b,dummy-lora-7b-rank-128-0,137,29,498.8824966375363
4929,huggyllama/llama-7b,dummy-lora-7b-rank-128-2,462,74,498.96735314069025
4930,huggyllama/llama-7b,dummy-lora-7b-rank-16-0,306,13,499.093067307314
4931,huggyllama/llama-7b,dummy-lora-7b-rank-64-3,304,37,499.13451782791043
4932,huggyllama/llama-7b,dummy-lora-7b-rank-8-2,273,15,499.16640424306746
4933,huggyllama/llama-7b,dummy-lora-7b-rank-8-2,556,21,499.1755887778631
4934,huggyllama/llama-7b,dummy-lora-7b-rank-128-4,457,42,499.4095658385085
4935,huggyllama/llama-7b,dummy-lora-7b-rank-16-0,559,21,499.869102189374
4936,huggyllama/llama-7b,dummy-lora-7b-rank-128-1,719,144,499.89967384073293
4937,huggyllama/llama-7b,dummy-lora-7b-rank-128-0,295,63,500.04223075379895
4938,huggyllama/llama-7b,dummy-lora-7b-rank-64-1,574,24,500.12449547558487
4939,huggyllama/llama-7b,dummy-lora-7b-rank-128-2,351,77,500.220134406665
4940,huggyllama/llama-7b,dummy-lora-7b-rank-32-1,554,19,500.2431850327791
4941,huggyllama/llama-7b,dummy-lora-7b-rank-128-0,806,12,500.2917579659997
4942,huggyllama/llama-7b,dummy-lora-7b-rank-8-3,709,91,500.3019347796123
4943,huggyllama/llama-7b,dummy-lora-7b-rank-8-3,207,49,500.401711419514
4944,huggyllama/llama-7b,dummy-lora-7b-rank-16-4,591,56,500.4499695664902
4945,huggyllama/llama-7b,dummy-lora-7b-rank-16-1,739,48,500.78971494632026
4946,huggyllama/llama-7b,dummy-lora-7b-rank-128-1,374,11,501.26320903859585
4947,huggyllama/llama-7b,dummy-lora-7b-rank-8-0,614,19,501.3889791727648
4948,huggyllama/llama-7b,dummy-lora-7b-rank-8-2,445,125,501.43769514867375
4949,huggyllama/llama-7b,dummy-lora-7b-rank-64-0,235,35,501.4513938802387
4950,huggyllama/llama-7b,dummy-lora-7b-rank-128-1,820,212,501.5784209736901
4951,huggyllama/llama-7b,dummy-lora-7b-rank-32-1,404,40,501.6751550419048
4952,huggyllama/llama-7b,dummy-lora-7b-rank-16-4,1013,42,501.67669670034564
4953,huggyllama/llama-7b,dummy-lora-7b-rank-128-1,384,44,501.7944789867828
4954,huggyllama/llama-7b,dummy-lora-7b-rank-8-1,601,16,501.8005197776127
4955,huggyllama/llama-7b,dummy-lora-7b-rank-16-0,831,10,502.0320672784922
4956,huggyllama/llama-7b,dummy-lora-7b-rank-64-0,611,31,502.03791657925433
4957,huggyllama/llama-7b,dummy-lora-7b-rank-32-3,467,9,502.2203893410766
4958,huggyllama/llama-7b,dummy-lora-7b-rank-128-2,219,3,502.44956416167474
4959,huggyllama/llama-7b,dummy-lora-7b-rank-64-2,482,14,502.47000670072714
4960,huggyllama/llama-7b,dummy-lora-7b-rank-128-2,870,30,502.830631387491
4961,huggyllama/llama-7b,dummy-lora-7b-rank-8-0,217,55,502.9047580251888
4962,huggyllama/llama-7b,dummy-lora-7b-rank-16-1,189,54,503.0373223229756
4963,huggyllama/llama-7b,dummy-lora-7b-rank-64-3,276,135,503.24479794622175
4964,huggyllama/llama-7b,dummy-lora-7b-rank-64-1,354,56,503.54945396428485
4965,huggyllama/llama-7b,dummy-lora-7b-rank-8-4,606,46,503.55587718536543
4966,huggyllama/llama-7b,dummy-lora-7b-rank-8-4,465,81,503.79512064875195
4967,huggyllama/llama-7b,dummy-lora-7b-rank-8-4,440,23,503.80919194710066
4968,huggyllama/llama-7b,dummy-lora-7b-rank-128-2,396,49,503.87061949914556
4969,huggyllama/llama-7b,dummy-lora-7b-rank-8-0,554,20,503.9343947643814
4970,huggyllama/llama-7b,dummy-lora-7b-rank-8-3,603,13,504.1454983722408
4971,huggyllama/llama-7b,dummy-lora-7b-rank-32-3,544,15,504.29936653267833
4972,huggyllama/llama-7b,dummy-lora-7b-rank-128-3,58,103,504.40100497167344
4973,huggyllama/llama-7b,dummy-lora-7b-rank-16-0,554,20,504.51994597316127
4974,huggyllama/llama-7b,dummy-lora-7b-rank-32-3,549,93,504.8018065960188
4975,huggyllama/llama-7b,dummy-lora-7b-rank-32-2,174,107,504.88974145017073
4976,huggyllama/llama-7b,dummy-lora-7b-rank-16-3,560,68,504.96254194864275
4977,huggyllama/llama-7b,dummy-lora-7b-rank-16-3,323,13,505.11122291992143
4978,huggyllama/llama-7b,dummy-lora-7b-rank-128-4,641,39,505.189895496922
4979,huggyllama/llama-7b,dummy-lora-7b-rank-8-1,620,22,505.269994188549
4980,huggyllama/llama-7b,dummy-lora-7b-rank-8-2,564,28,505.2783596640131
4981,huggyllama/llama-7b,dummy-lora-7b-rank-8-4,655,48,505.2868775052753
4982,huggyllama/llama-7b,dummy-lora-7b-rank-32-4,554,21,505.35837933962506
4983,huggyllama/llama-7b,dummy-lora-7b-rank-64-4,187,134,505.40168050383426
4984,huggyllama/llama-7b,dummy-lora-7b-rank-64-3,722,41,505.57327940596446
4985,huggyllama/llama-7b,dummy-lora-7b-rank-8-0,497,64,505.6244872930234
4986,huggyllama/llama-7b,dummy-lora-7b-rank-64-1,319,20,505.63392034147745
4987,huggyllama/llama-7b,dummy-lora-7b-rank-8-3,523,5,505.64091393791756
4988,huggyllama/llama-7b,dummy-lora-7b-rank-64-0,592,11,505.7195004092198
4989,huggyllama/llama-7b,dummy-lora-7b-rank-64-2,222,55,505.7591901288387
4990,huggyllama/llama-7b,dummy-lora-7b-rank-8-4,325,65,505.77205213343746
4991,huggyllama/llama-7b,dummy-lora-7b-rank-16-3,525,45,505.81316306319553
4992,huggyllama/llama-7b,dummy-lora-7b-rank-128-4,588,39,505.84390134316476
4993,huggyllama/llama-7b,dummy-lora-7b-rank-32-4,384,68,505.87670105884905
4994,huggyllama/llama-7b,dummy-lora-7b-rank-128-3,374,51,506.05690652099315
4995,huggyllama/llama-7b,dummy-lora-7b-rank-16-3,215,167,506.20156155328874
4996,huggyllama/llama-7b,dummy-lora-7b-rank-32-0,303,55,506.28621805042866
4997,huggyllama/llama-7b,dummy-lora-7b-rank-64-2,634,66,506.3653185913991
4998,huggyllama/llama-7b,dummy-lora-7b-rank-16-1,689,61,506.4985745962797
4999,huggyllama/llama-7b,dummy-lora-7b-rank-8-0,416,12,506.50572482989674
5000,huggyllama/llama-7b,dummy-lora-7b-rank-8-3,603,16,506.617855894991
5001,huggyllama/llama-7b,dummy-lora-7b-rank-128-0,181,41,506.6389790228343
5002,huggyllama/llama-7b,dummy-lora-7b-rank-32-3,558,58,506.65474634300733
5003,huggyllama/llama-7b,dummy-lora-7b-rank-16-1,560,23,506.68984324051877
5004,huggyllama/llama-7b,dummy-lora-7b-rank-32-0,546,8,506.6931907059426
5005,huggyllama/llama-7b,dummy-lora-7b-rank-64-0,613,23,506.7227897000916
5006,huggyllama/llama-7b,dummy-lora-7b-rank-8-0,566,24,506.7378688612209
5007,huggyllama/llama-7b,dummy-lora-7b-rank-64-3,816,6,506.7835264045771
5008,huggyllama/llama-7b,dummy-lora-7b-rank-128-1,548,17,506.7922112959257
5009,huggyllama/llama-7b,dummy-lora-7b-rank-64-0,574,11,506.80494905888764
5010,huggyllama/llama-7b,dummy-lora-7b-rank-16-4,546,61,507.12089905931583
5011,huggyllama/llama-7b,dummy-lora-7b-rank-8-1,570,23,507.1674869388229
5012,huggyllama/llama-7b,dummy-lora-7b-rank-64-2,228,55,507.18712627556937
5013,huggyllama/llama-7b,dummy-lora-7b-rank-8-2,403,93,507.19844966042103
5014,huggyllama/llama-7b,dummy-lora-7b-rank-128-3,740,3,507.32598650685793
5015,huggyllama/llama-7b,dummy-lora-7b-rank-8-3,174,108,507.39167132178324
5016,huggyllama/llama-7b,dummy-lora-7b-rank-16-3,173,36,507.4004986995325
5017,huggyllama/llama-7b,dummy-lora-7b-rank-8-1,453,7,507.4039987072407
5018,huggyllama/llama-7b,dummy-lora-7b-rank-16-4,594,43,507.4478756168303
5019,huggyllama/llama-7b,dummy-lora-7b-rank-64-3,574,31,507.46920894098224
5020,huggyllama/llama-7b,dummy-lora-7b-rank-16-2,552,19,507.5282779852945
5021,huggyllama/llama-7b,dummy-lora-7b-rank-16-3,556,21,507.5461998220284
5022,huggyllama/llama-7b,dummy-lora-7b-rank-64-4,605,17,507.60424235719796
5023,huggyllama/llama-7b,dummy-lora-7b-rank-64-3,685,60,507.71863493123624
5024,huggyllama/llama-7b,dummy-lora-7b-rank-64-3,624,8,507.8204225125638
5025,huggyllama/llama-7b,dummy-lora-7b-rank-8-1,609,11,507.82888237293014
5026,huggyllama/llama-7b,dummy-lora-7b-rank-16-3,464,67,507.9159937310155
5027,huggyllama/llama-7b,dummy-lora-7b-rank-32-0,420,11,507.9486977419929
5028,huggyllama/llama-7b,dummy-lora-7b-rank-128-2,508,23,507.9906475645719
5029,huggyllama/llama-7b,dummy-lora-7b-rank-128-3,630,16,508.00082221645476
5030,huggyllama/llama-7b,dummy-lora-7b-rank-64-1,423,30,508.0874791905318
5031,huggyllama/llama-7b,dummy-lora-7b-rank-128-1,606,19,508.1977180395501
5032,huggyllama/llama-7b,dummy-lora-7b-rank-64-4,617,26,508.26385551161457
5033,huggyllama/llama-7b,dummy-lora-7b-rank-32-0,884,14,508.36859603902025
5034,huggyllama/llama-7b,dummy-lora-7b-rank-16-2,267,51,508.43628010814905
5035,huggyllama/llama-7b,dummy-lora-7b-rank-64-1,609,23,508.535872184117
5036,huggyllama/llama-7b,dummy-lora-7b-rank-64-3,216,109,508.55484519581057
5037,huggyllama/llama-7b,dummy-lora-7b-rank-16-2,359,130,508.56626377428876
5038,huggyllama/llama-7b,dummy-lora-7b-rank-8-0,268,5,508.5690445387958
5039,huggyllama/llama-7b,dummy-lora-7b-rank-64-1,576,31,508.5738503019349
5040,huggyllama/llama-7b,dummy-lora-7b-rank-32-0,252,36,508.60034432378706
5041,huggyllama/llama-7b,dummy-lora-7b-rank-16-3,734,18,508.6719580010675
5042,huggyllama/llama-7b,dummy-lora-7b-rank-64-4,603,19,508.7040087648745
5043,huggyllama/llama-7b,dummy-lora-7b-rank-32-4,612,47,508.772570581694
5044,huggyllama/llama-7b,dummy-lora-7b-rank-128-4,878,34,508.8787311080613
5045,huggyllama/llama-7b,dummy-lora-7b-rank-16-4,598,48,509.31756696061154
5046,huggyllama/llama-7b,dummy-lora-7b-rank-128-1,455,8,509.4031272061129
5047,huggyllama/llama-7b,dummy-lora-7b-rank-32-4,103,46,509.8791044280176
5048,huggyllama/llama-7b,dummy-lora-7b-rank-128-3,385,6,510.0383379838128
5049,huggyllama/llama-7b,dummy-lora-7b-rank-32-3,412,63,510.0671707039696
5050,huggyllama/llama-7b,dummy-lora-7b-rank-128-2,216,52,510.23219639695753
5051,huggyllama/llama-7b,dummy-lora-7b-rank-128-1,263,37,510.2507075199863
5052,huggyllama/llama-7b,dummy-lora-7b-rank-128-2,605,20,510.41351128829
5053,huggyllama/llama-7b,dummy-lora-7b-rank-8-1,381,46,510.75264351845766
5054,huggyllama/llama-7b,dummy-lora-7b-rank-32-0,198,39,510.75534536180186
5055,huggyllama/llama-7b,dummy-lora-7b-rank-128-4,552,19,511.033679188915
5056,huggyllama/llama-7b,dummy-lora-7b-rank-16-1,235,4,511.32996008114634
5057,huggyllama/llama-7b,dummy-lora-7b-rank-128-3,598,21,511.41804528125454
5058,huggyllama/llama-7b,dummy-lora-7b-rank-8-0,212,42,511.6145411015327
5059,huggyllama/llama-7b,dummy-lora-7b-rank-64-2,417,44,511.794052239083
5060,huggyllama/llama-7b,dummy-lora-7b-rank-128-0,543,9,511.82005825693085
5061,huggyllama/llama-7b,dummy-lora-7b-rank-16-0,360,160,511.8691169978998
5062,huggyllama/llama-7b,dummy-lora-7b-rank-128-1,298,58,512.1733685925146
5063,huggyllama/llama-7b,dummy-lora-7b-rank-32-2,214,139,512.4471618673555
5064,huggyllama/llama-7b,dummy-lora-7b-rank-128-2,216,33,512.595478864687
5065,huggyllama/llama-7b,dummy-lora-7b-rank-64-3,619,4,512.6017553712549
5066,huggyllama/llama-7b,dummy-lora-7b-rank-8-2,459,4,512.7104754987901
5067,huggyllama/llama-7b,dummy-lora-7b-rank-64-1,562,186,512.7168439322202
5068,huggyllama/llama-7b,dummy-lora-7b-rank-8-1,174,47,512.9435205960729
5069,huggyllama/llama-7b,dummy-lora-7b-rank-32-4,776,84,513.1226331866507
5070,huggyllama/llama-7b,dummy-lora-7b-rank-64-3,560,24,513.1607508545435
5071,huggyllama/llama-7b,dummy-lora-7b-rank-128-4,560,26,513.1753158842106
5072,huggyllama/llama-7b,dummy-lora-7b-rank-128-3,610,21,513.188624779218
5073,huggyllama/llama-7b,dummy-lora-7b-rank-16-2,556,17,513.3075462888756
5074,huggyllama/llama-7b,dummy-lora-7b-rank-8-4,254,48,513.402005202145
5075,huggyllama/llama-7b,dummy-lora-7b-rank-128-2,567,20,513.4180971973129
5076,huggyllama/llama-7b,dummy-lora-7b-rank-128-1,225,44,513.4782667370649
5077,huggyllama/llama-7b,dummy-lora-7b-rank-64-4,587,50,513.5175803682364
5078,huggyllama/llama-7b,dummy-lora-7b-rank-128-2,519,59,513.672097273812
5079,huggyllama/llama-7b,dummy-lora-7b-rank-128-1,885,68,513.6963355676157
5080,huggyllama/llama-7b,dummy-lora-7b-rank-128-2,566,28,513.9123753030987
5081,huggyllama/llama-7b,dummy-lora-7b-rank-8-2,89,58,514.0925969699381
5082,huggyllama/llama-7b,dummy-lora-7b-rank-64-4,665,9,514.1446095282926
5083,huggyllama/llama-7b,dummy-lora-7b-rank-128-3,89,37,514.3303482718522
5084,huggyllama/llama-7b,dummy-lora-7b-rank-16-1,233,5,514.4475552140188
5085,huggyllama/llama-7b,dummy-lora-7b-rank-32-0,286,49,514.5339679328498
5086,huggyllama/llama-7b,dummy-lora-7b-rank-8-4,367,56,514.6929745808413
5087,huggyllama/llama-7b,dummy-lora-7b-rank-8-4,505,45,514.7596067473577
5088,huggyllama/llama-7b,dummy-lora-7b-rank-8-1,611,26,514.785855766719
5089,huggyllama/llama-7b,dummy-lora-7b-rank-32-1,590,12,515.0184573336834
5090,huggyllama/llama-7b,dummy-lora-7b-rank-128-2,654,87,515.2495480908117
5091,huggyllama/llama-7b,dummy-lora-7b-rank-16-2,556,20,515.2634286041236
5092,huggyllama/llama-7b,dummy-lora-7b-rank-64-1,197,96,515.3745673757617
5093,huggyllama/llama-7b,dummy-lora-7b-rank-16-1,548,17,515.4830426586946
5094,huggyllama/llama-7b,dummy-lora-7b-rank-128-1,567,11,515.4968549738567
5095,huggyllama/llama-7b,dummy-lora-7b-rank-16-0,493,6,515.4989474754675
5096,huggyllama/llama-7b,dummy-lora-7b-rank-128-1,558,23,515.517685592222
5097,huggyllama/llama-7b,dummy-lora-7b-rank-128-4,603,46,515.5513605923086
5098,huggyllama/llama-7b,dummy-lora-7b-rank-16-4,671,58,515.6822963989982
5099,huggyllama/llama-7b,dummy-lora-7b-rank-8-2,572,32,515.7151110002558
5100,huggyllama/llama-7b,dummy-lora-7b-rank-16-1,662,14,515.7510613551913
5101,huggyllama/llama-7b,dummy-lora-7b-rank-32-2,554,12,515.7780662372325
5102,huggyllama/llama-7b,dummy-lora-7b-rank-32-0,572,32,515.8955086385274
5103,huggyllama/llama-7b,dummy-lora-7b-rank-128-2,859,32,516.0570054697013
5104,huggyllama/llama-7b,dummy-lora-7b-rank-8-0,71,95,516.0897560276233
5105,huggyllama/llama-7b,dummy-lora-7b-rank-8-4,310,48,516.1152590462074
5106,huggyllama/llama-7b,dummy-lora-7b-rank-8-3,409,63,516.1866010336043
5107,huggyllama/llama-7b,dummy-lora-7b-rank-8-1,558,22,516.245481045305
5108,huggyllama/llama-7b,dummy-lora-7b-rank-8-4,284,6,516.6035863300223
5109,huggyllama/llama-7b,dummy-lora-7b-rank-128-4,548,17,516.667705626547
5110,huggyllama/llama-7b,dummy-lora-7b-rank-32-1,910,49,516.7230170005583
5111,huggyllama/llama-7b,dummy-lora-7b-rank-32-1,206,44,516.7358160716857
5112,huggyllama/llama-7b,dummy-lora-7b-rank-16-1,576,34,516.8061273285291
5113,huggyllama/llama-7b,dummy-lora-7b-rank-64-4,432,38,516.8691831608865
5114,huggyllama/llama-7b,dummy-lora-7b-rank-16-3,660,63,516.8858276294749
5115,huggyllama/llama-7b,dummy-lora-7b-rank-64-0,585,9,516.9039032779184
5116,huggyllama/llama-7b,dummy-lora-7b-rank-32-0,597,16,516.9816874388936
5117,huggyllama/llama-7b,dummy-lora-7b-rank-64-4,560,6,517.1832861046803
5118,huggyllama/llama-7b,dummy-lora-7b-rank-16-3,273,50,517.2648271129738
5119,huggyllama/llama-7b,dummy-lora-7b-rank-32-1,373,152,517.4360672943457
5120,huggyllama/llama-7b,dummy-lora-7b-rank-32-0,642,30,517.4694700059218
5121,huggyllama/llama-7b,dummy-lora-7b-rank-32-2,508,71,517.4735537383722
5122,huggyllama/llama-7b,dummy-lora-7b-rank-16-3,538,8,517.5017917615075
5123,huggyllama/llama-7b,dummy-lora-7b-rank-64-2,615,25,517.5042830332387
5124,huggyllama/llama-7b,dummy-lora-7b-rank-128-0,139,5,517.5203507437557
5125,huggyllama/llama-7b,dummy-lora-7b-rank-64-3,558,43,517.5354602276726
5126,huggyllama/llama-7b,dummy-lora-7b-rank-64-2,556,21,517.8075313965792
5127,huggyllama/llama-7b,dummy-lora-7b-rank-32-0,113,71,518.0938704424839
5128,huggyllama/llama-7b,dummy-lora-7b-rank-64-4,722,8,518.2060214539979
5129,huggyllama/llama-7b,dummy-lora-7b-rank-8-1,548,17,518.2663382512164
5130,huggyllama/llama-7b,dummy-lora-7b-rank-32-0,622,24,518.3132043527811
5131,huggyllama/llama-7b,dummy-lora-7b-rank-16-3,548,17,518.321874273038
5132,huggyllama/llama-7b,dummy-lora-7b-rank-8-4,269,47,518.351721404575
5133,huggyllama/llama-7b,dummy-lora-7b-rank-128-1,113,30,518.3811228527879
5134,huggyllama/llama-7b,dummy-lora-7b-rank-64-4,390,39,518.5075005346332
5135,huggyllama/llama-7b,dummy-lora-7b-rank-64-0,603,120,518.6102489038318
5136,huggyllama/llama-7b,dummy-lora-7b-rank-32-2,348,15,518.6486579279855
5137,huggyllama/llama-7b,dummy-lora-7b-rank-128-0,595,70,518.9433815509108
5138,huggyllama/llama-7b,dummy-lora-7b-rank-128-3,58,88,518.9875741095266
5139,huggyllama/llama-7b,dummy-lora-7b-rank-8-2,327,18,519.0242685908074
5140,huggyllama/llama-7b,dummy-lora-7b-rank-64-2,596,21,519.1186593204937
5141,huggyllama/llama-7b,dummy-lora-7b-rank-64-2,575,3,519.3717617158167
5142,huggyllama/llama-7b,dummy-lora-7b-rank-32-4,407,49,519.3815954771418
5143,huggyllama/llama-7b,dummy-lora-7b-rank-64-3,558,24,519.4349970440251
5144,huggyllama/llama-7b,dummy-lora-7b-rank-8-1,603,33,519.5461395209743
5145,huggyllama/llama-7b,dummy-lora-7b-rank-16-1,608,17,519.5906063835021
5146,huggyllama/llama-7b,dummy-lora-7b-rank-32-4,606,30,519.6586005321309
5147,huggyllama/llama-7b,dummy-lora-7b-rank-128-2,366,34,519.7078246850916
5148,huggyllama/llama-7b,dummy-lora-7b-rank-64-3,558,25,519.7657390775707
5149,huggyllama/llama-7b,dummy-lora-7b-rank-32-0,606,2,519.8597820955176
5150,huggyllama/llama-7b,dummy-lora-7b-rank-64-1,561,20,520.0827603750444
5151,huggyllama/llama-7b,dummy-lora-7b-rank-128-0,380,63,520.1415123962184
5152,huggyllama/llama-7b,dummy-lora-7b-rank-64-1,758,8,520.2671848407333
5153,huggyllama/llama-7b,dummy-lora-7b-rank-32-0,410,44,520.2937933350756
5154,huggyllama/llama-7b,dummy-lora-7b-rank-64-2,296,6,520.4129538353333
5155,huggyllama/llama-7b,dummy-lora-7b-rank-8-0,641,66,520.419733546813
5156,huggyllama/llama-7b,dummy-lora-7b-rank-16-3,177,49,520.7513765197061
5157,huggyllama/llama-7b,dummy-lora-7b-rank-16-1,560,23,520.8827454573876
5158,huggyllama/llama-7b,dummy-lora-7b-rank-8-3,602,30,520.9935574738981
5159,huggyllama/llama-7b,dummy-lora-7b-rank-32-3,560,96,521.1143273475535
5160,huggyllama/llama-7b,dummy-lora-7b-rank-32-2,476,100,521.2962905985089
5161,huggyllama/llama-7b,dummy-lora-7b-rank-64-2,841,81,521.3012942195245
5162,huggyllama/llama-7b,dummy-lora-7b-rank-128-0,627,90,521.3153354574899
5163,huggyllama/llama-7b,dummy-lora-7b-rank-128-3,562,24,521.3687354508718
5164,huggyllama/llama-7b,dummy-lora-7b-rank-32-4,115,41,521.3949258847588
5165,huggyllama/llama-7b,dummy-lora-7b-rank-8-1,607,18,521.5114696525593
5166,huggyllama/llama-7b,dummy-lora-7b-rank-64-2,611,25,521.583498886073
5167,huggyllama/llama-7b,dummy-lora-7b-rank-8-4,538,30,521.6003715093417
5168,huggyllama/llama-7b,dummy-lora-7b-rank-32-4,558,22,521.8027674665025
5169,huggyllama/llama-7b,dummy-lora-7b-rank-16-3,92,49,521.8766217630432
5170,huggyllama/llama-7b,dummy-lora-7b-rank-8-3,815,71,521.8815613336861
5171,huggyllama/llama-7b,dummy-lora-7b-rank-32-3,517,12,522.1078395724073
5172,huggyllama/llama-7b,dummy-lora-7b-rank-32-4,192,167,522.1781679826472
5173,huggyllama/llama-7b,dummy-lora-7b-rank-32-0,187,35,522.2295144188874
5174,huggyllama/llama-7b,dummy-lora-7b-rank-64-2,350,56,522.4239495154682
5175,huggyllama/llama-7b,dummy-lora-7b-rank-32-2,419,54,522.7041080306678
5176,huggyllama/llama-7b,dummy-lora-7b-rank-32-2,455,7,522.7318307792904
5177,huggyllama/llama-7b,dummy-lora-7b-rank-16-0,499,42,522.968133264537
5178,huggyllama/llama-7b,dummy-lora-7b-rank-8-1,366,52,523.2316304614224
5179,huggyllama/llama-7b,dummy-lora-7b-rank-64-2,601,17,523.3793792914595
5180,huggyllama/llama-7b,dummy-lora-7b-rank-8-4,428,6,523.387744033307
5181,huggyllama/llama-7b,dummy-lora-7b-rank-128-2,921,55,523.3946985667994
5182,huggyllama/llama-7b,dummy-lora-7b-rank-8-2,516,98,523.4825735672092
5183,huggyllama/llama-7b,dummy-lora-7b-rank-8-4,554,20,523.5143425838195
5184,huggyllama/llama-7b,dummy-lora-7b-rank-16-0,315,57,523.5540757168355
5185,huggyllama/llama-7b,dummy-lora-7b-rank-64-4,403,7,523.5852363175233
5186,huggyllama/llama-7b,dummy-lora-7b-rank-16-2,405,53,523.6175712853832
5187,huggyllama/llama-7b,dummy-lora-7b-rank-32-0,546,42,523.779188764149
5188,huggyllama/llama-7b,dummy-lora-7b-rank-8-3,542,12,523.8511241845764
5189,huggyllama/llama-7b,dummy-lora-7b-rank-32-3,463,108,523.9646554098323
5190,huggyllama/llama-7b,dummy-lora-7b-rank-16-2,336,47,524.0458452506138
5191,huggyllama/llama-7b,dummy-lora-7b-rank-128-4,356,40,524.2451682194363
5192,huggyllama/llama-7b,dummy-lora-7b-rank-32-2,555,11,524.3152134815554
5193,huggyllama/llama-7b,dummy-lora-7b-rank-128-0,165,45,524.3389608763335
5194,huggyllama/llama-7b,dummy-lora-7b-rank-32-1,553,52,524.3519668734382
5195,huggyllama/llama-7b,dummy-lora-7b-rank-64-0,952,3,524.3571342540733
5196,huggyllama/llama-7b,dummy-lora-7b-rank-8-1,556,22,524.3633510953638
5197,huggyllama/llama-7b,dummy-lora-7b-rank-32-1,468,85,524.3766426512946
5198,huggyllama/llama-7b,dummy-lora-7b-rank-128-1,217,27,524.5611492155882
5199,huggyllama/llama-7b,dummy-lora-7b-rank-128-3,448,83,524.8590466013413
5200,huggyllama/llama-7b,dummy-lora-7b-rank-16-2,839,3,524.8736608722487
5201,huggyllama/llama-7b,dummy-lora-7b-rank-64-1,589,46,524.8904008479124
5202,huggyllama/llama-7b,dummy-lora-7b-rank-64-4,484,55,525.1297692788282
5203,huggyllama/llama-7b,dummy-lora-7b-rank-32-0,346,145,525.1314186739668
5204,huggyllama/llama-7b,dummy-lora-7b-rank-16-0,137,46,525.1418301297459
5205,huggyllama/llama-7b,dummy-lora-7b-rank-64-3,564,2,525.3891719000732
5206,huggyllama/llama-7b,dummy-lora-7b-rank-16-2,247,44,525.5422529328906
5207,huggyllama/llama-7b,dummy-lora-7b-rank-8-2,402,7,525.5495640471485
5208,huggyllama/llama-7b,dummy-lora-7b-rank-8-4,135,39,525.6130778201456
5209,huggyllama/llama-7b,dummy-lora-7b-rank-16-1,151,77,525.8296702667485
5210,huggyllama/llama-7b,dummy-lora-7b-rank-8-2,548,19,525.9402073454161
5211,huggyllama/llama-7b,dummy-lora-7b-rank-128-2,624,10,526.2107953467511
5212,huggyllama/llama-7b,dummy-lora-7b-rank-64-4,558,22,526.2432917177075
5213,huggyllama/llama-7b,dummy-lora-7b-rank-16-2,617,5,526.4245672751987
5214,huggyllama/llama-7b,dummy-lora-7b-rank-32-0,605,32,526.5278574953893
5215,huggyllama/llama-7b,dummy-lora-7b-rank-8-4,597,51,526.7251467277498
5216,huggyllama/llama-7b,dummy-lora-7b-rank-128-0,165,38,526.8327960374799
5217,huggyllama/llama-7b,dummy-lora-7b-rank-8-3,301,12,526.8638337231754
5218,huggyllama/llama-7b,dummy-lora-7b-rank-128-2,613,10,526.8729396786164
5219,huggyllama/llama-7b,dummy-lora-7b-rank-32-0,405,6,526.9159901167449
5220,huggyllama/llama-7b,dummy-lora-7b-rank-32-2,642,64,526.9199362465663
5221,huggyllama/llama-7b,dummy-lora-7b-rank-64-2,553,35,527.0490811206546
5222,huggyllama/llama-7b,dummy-lora-7b-rank-64-3,556,23,527.0952713259759
5223,huggyllama/llama-7b,dummy-lora-7b-rank-8-1,352,11,527.2338641517338
5224,huggyllama/llama-7b,dummy-lora-7b-rank-32-2,483,52,527.4687974549965
5225,huggyllama/llama-7b,dummy-lora-7b-rank-32-1,61,93,527.5798213876651
5226,huggyllama/llama-7b,dummy-lora-7b-rank-8-3,790,37,527.6962614911652
5227,huggyllama/llama-7b,dummy-lora-7b-rank-64-3,500,50,527.736454785859
5228,huggyllama/llama-7b,dummy-lora-7b-rank-64-1,742,101,528.6325655559639
5229,huggyllama/llama-7b,dummy-lora-7b-rank-128-3,327,49,528.706616575234
5230,huggyllama/llama-7b,dummy-lora-7b-rank-16-4,407,6,528.7635759505805
5231,huggyllama/llama-7b,dummy-lora-7b-rank-64-0,316,48,528.8990253943081
5232,huggyllama/llama-7b,dummy-lora-7b-rank-16-0,636,10,529.0029122592662
5233,huggyllama/llama-7b,dummy-lora-7b-rank-128-2,222,59,529.029041746234
5234,huggyllama/llama-7b,dummy-lora-7b-rank-8-1,574,10,529.2120883139625
5235,huggyllama/llama-7b,dummy-lora-7b-rank-8-3,620,10,529.2444061294664
5236,huggyllama/llama-7b,dummy-lora-7b-rank-8-4,955,20,529.4595207749023
5237,huggyllama/llama-7b,dummy-lora-7b-rank-128-2,628,8,529.5564704731926
5238,huggyllama/llama-7b,dummy-lora-7b-rank-8-1,556,13,529.8235242793515
5239,huggyllama/llama-7b,dummy-lora-7b-rank-8-3,572,31,529.9053251553086
5240,huggyllama/llama-7b,dummy-lora-7b-rank-32-0,788,43,529.953714922185
5241,huggyllama/llama-7b,dummy-lora-7b-rank-32-1,897,76,530.1004091693612
5242,huggyllama/llama-7b,dummy-lora-7b-rank-128-0,633,48,530.1391974119765
5243,huggyllama/llama-7b,dummy-lora-7b-rank-8-4,319,30,530.1407725049157
5244,huggyllama/llama-7b,dummy-lora-7b-rank-32-0,100,47,530.1800943904885
5245,huggyllama/llama-7b,dummy-lora-7b-rank-32-2,949,39,530.2338619958156
5246,huggyllama/llama-7b,dummy-lora-7b-rank-8-0,300,8,530.2802953064074
5247,huggyllama/llama-7b,dummy-lora-7b-rank-8-1,558,25,530.3703093676735
5248,huggyllama/llama-7b,dummy-lora-7b-rank-32-4,631,68,530.4487644939787
5249,huggyllama/llama-7b,dummy-lora-7b-rank-8-0,552,11,530.4973471767469
5250,huggyllama/llama-7b,dummy-lora-7b-rank-8-4,336,11,530.5167872387019
5251,huggyllama/llama-7b,dummy-lora-7b-rank-128-0,175,84,530.8574348148079
5252,huggyllama/llama-7b,dummy-lora-7b-rank-128-2,184,39,531.0706620001682
5253,huggyllama/llama-7b,dummy-lora-7b-rank-128-2,182,3,531.1435657756113
5254,huggyllama/llama-7b,dummy-lora-7b-rank-32-3,505,26,531.2279374397555
5255,huggyllama/llama-7b,dummy-lora-7b-rank-128-3,568,28,531.3441411801109
5256,huggyllama/llama-7b,dummy-lora-7b-rank-128-4,231,44,531.504918650642
5257,huggyllama/llama-7b,dummy-lora-7b-rank-8-1,548,16,531.5078308642214
5258,huggyllama/llama-7b,dummy-lora-7b-rank-16-1,219,50,531.7061524674878
5259,huggyllama/llama-7b,dummy-lora-7b-rank-128-4,538,239,531.7126864742739
5260,huggyllama/llama-7b,dummy-lora-7b-rank-128-2,644,107,531.7420365632888
5261,huggyllama/llama-7b,dummy-lora-7b-rank-8-1,487,43,531.7549924752554
5262,huggyllama/llama-7b,dummy-lora-7b-rank-64-4,554,22,531.7678409132259
5263,huggyllama/llama-7b,dummy-lora-7b-rank-32-2,699,57,531.9090662089203
5264,huggyllama/llama-7b,dummy-lora-7b-rank-16-3,392,60,531.9116121202588
5265,huggyllama/llama-7b,dummy-lora-7b-rank-32-1,690,89,532.3327601937497
5266,huggyllama/llama-7b,dummy-lora-7b-rank-64-0,327,55,532.3968159501678
5267,huggyllama/llama-7b,dummy-lora-7b-rank-8-3,713,59,532.4038275340603
5268,huggyllama/llama-7b,dummy-lora-7b-rank-16-2,382,18,532.520500621986
5269,huggyllama/llama-7b,dummy-lora-7b-rank-16-1,347,47,532.7059501179875
5270,huggyllama/llama-7b,dummy-lora-7b-rank-8-1,110,55,532.7151469768814
5271,huggyllama/llama-7b,dummy-lora-7b-rank-8-2,547,22,532.8269047077508
5272,huggyllama/llama-7b,dummy-lora-7b-rank-8-0,161,36,532.9142762876522
5273,huggyllama/llama-7b,dummy-lora-7b-rank-64-3,502,157,532.944633120573
5274,huggyllama/llama-7b,dummy-lora-7b-rank-128-2,576,32,532.9781097135843
5275,huggyllama/llama-7b,dummy-lora-7b-rank-128-2,669,21,533.271606385168
5276,huggyllama/llama-7b,dummy-lora-7b-rank-64-1,462,5,533.4698840017745
5277,huggyllama/llama-7b,dummy-lora-7b-rank-64-2,554,20,533.7742819328428
5278,huggyllama/llama-7b,dummy-lora-7b-rank-64-1,611,127,533.9649264020982
5279,huggyllama/llama-7b,dummy-lora-7b-rank-32-4,607,21,534.10588831632
5280,huggyllama/llama-7b,dummy-lora-7b-rank-8-0,556,20,534.1401676945277
5281,huggyllama/llama-7b,dummy-lora-7b-rank-128-1,522,127,534.4989449106353
5282,huggyllama/llama-7b,dummy-lora-7b-rank-64-1,575,23,534.5486022667953
5283,huggyllama/llama-7b,dummy-lora-7b-rank-16-0,558,25,534.5898393149362
5284,huggyllama/llama-7b,dummy-lora-7b-rank-32-3,238,46,534.8867948306612
5285,huggyllama/llama-7b,dummy-lora-7b-rank-8-3,179,38,534.8873655660075
5286,huggyllama/llama-7b,dummy-lora-7b-rank-8-2,560,23,534.9055149313775
5287,huggyllama/llama-7b,dummy-lora-7b-rank-64-2,470,39,534.918482289168
5288,huggyllama/llama-7b,dummy-lora-7b-rank-8-1,593,19,534.9196407449194
5289,huggyllama/llama-7b,dummy-lora-7b-rank-8-0,335,38,535.0428430962276
5290,huggyllama/llama-7b,dummy-lora-7b-rank-64-4,977,3,535.073005524362
5291,huggyllama/llama-7b,dummy-lora-7b-rank-64-1,949,37,535.1829210490287
5292,huggyllama/llama-7b,dummy-lora-7b-rank-32-3,552,19,535.1978543809296
5293,huggyllama/llama-7b,dummy-lora-7b-rank-8-4,201,3,535.2967192257696
5294,huggyllama/llama-7b,dummy-lora-7b-rank-16-1,488,45,535.439768936087
5295,huggyllama/llama-7b,dummy-lora-7b-rank-8-3,602,13,535.5707492692721
5296,huggyllama/llama-7b,dummy-lora-7b-rank-64-0,305,47,535.6096134324943
5297,huggyllama/llama-7b,dummy-lora-7b-rank-64-3,651,34,535.702077280524
5298,huggyllama/llama-7b,dummy-lora-7b-rank-16-4,499,44,535.7334634150449
5299,huggyllama/llama-7b,dummy-lora-7b-rank-64-2,246,44,535.7606221340736
5300,huggyllama/llama-7b,dummy-lora-7b-rank-128-3,976,43,535.8018660616215
5301,huggyllama/llama-7b,dummy-lora-7b-rank-32-2,189,54,535.9547709199772
5302,huggyllama/llama-7b,dummy-lora-7b-rank-16-3,553,59,536.0928737232665
5303,huggyllama/llama-7b,dummy-lora-7b-rank-16-3,571,6,536.2566419176735
5304,huggyllama/llama-7b,dummy-lora-7b-rank-16-1,586,19,536.5111092524526
5305,huggyllama/llama-7b,dummy-lora-7b-rank-128-2,558,24,536.5586326843201
5306,huggyllama/llama-7b,dummy-lora-7b-rank-128-1,570,2,536.5698412284299
5307,huggyllama/llama-7b,dummy-lora-7b-rank-64-0,550,18,536.6700421632265
5308,huggyllama/llama-7b,dummy-lora-7b-rank-64-4,152,40,537.0049945250615
5309,huggyllama/llama-7b,dummy-lora-7b-rank-32-4,586,63,537.1072087081674
5310,huggyllama/llama-7b,dummy-lora-7b-rank-32-3,559,53,537.2643028238057
5311,huggyllama/llama-7b,dummy-lora-7b-rank-64-1,605,16,537.294112099475
5312,huggyllama/llama-7b,dummy-lora-7b-rank-16-1,442,4,537.5428704720919
5313,huggyllama/llama-7b,dummy-lora-7b-rank-128-4,617,55,537.6711517424809
5314,huggyllama/llama-7b,dummy-lora-7b-rank-128-1,77,52,537.7465938377976
5315,huggyllama/llama-7b,dummy-lora-7b-rank-128-3,154,55,537.7699509591496
5316,huggyllama/llama-7b,dummy-lora-7b-rank-128-3,725,31,537.8338683151436
5317,huggyllama/llama-7b,dummy-lora-7b-rank-64-4,501,6,538.0496670224566
5318,huggyllama/llama-7b,dummy-lora-7b-rank-128-3,745,17,538.0588926120636
5319,huggyllama/llama-7b,dummy-lora-7b-rank-32-2,464,10,538.1225904035116
5320,huggyllama/llama-7b,dummy-lora-7b-rank-64-3,335,29,538.3142035539361
5321,huggyllama/llama-7b,dummy-lora-7b-rank-128-2,254,39,538.5917428333994
5322,huggyllama/llama-7b,dummy-lora-7b-rank-128-3,919,116,538.7456495535222
5323,huggyllama/llama-7b,dummy-lora-7b-rank-16-4,218,181,538.7890715323646
5324,huggyllama/llama-7b,dummy-lora-7b-rank-8-3,604,70,538.8354104609858
5325,huggyllama/llama-7b,dummy-lora-7b-rank-64-0,550,18,538.841807165426
5326,huggyllama/llama-7b,dummy-lora-7b-rank-8-1,605,20,539.168711358847
5327,huggyllama/llama-7b,dummy-lora-7b-rank-16-1,552,18,539.3631000861923
5328,huggyllama/llama-7b,dummy-lora-7b-rank-16-2,421,55,539.4788599120967
5329,huggyllama/llama-7b,dummy-lora-7b-rank-128-3,594,6,539.4884204668339
5330,huggyllama/llama-7b,dummy-lora-7b-rank-32-1,561,7,539.6184199651857
5331,huggyllama/llama-7b,dummy-lora-7b-rank-8-0,458,50,539.629368322586
5332,huggyllama/llama-7b,dummy-lora-7b-rank-32-4,562,24,539.9231404976331
5333,huggyllama/llama-7b,dummy-lora-7b-rank-16-2,562,58,540.1170736925073
5334,huggyllama/llama-7b,dummy-lora-7b-rank-128-1,448,66,540.1189079650045
5335,huggyllama/llama-7b,dummy-lora-7b-rank-8-2,603,17,540.1973683570792
5336,huggyllama/llama-7b,dummy-lora-7b-rank-16-2,550,20,540.2967803073033
5337,huggyllama/llama-7b,dummy-lora-7b-rank-128-4,257,112,540.5158552166472
5338,huggyllama/llama-7b,dummy-lora-7b-rank-32-4,508,92,540.6451861224696
5339,huggyllama/llama-7b,dummy-lora-7b-rank-32-3,222,112,540.6921843500205
5340,huggyllama/llama-7b,dummy-lora-7b-rank-128-2,976,205,540.7992281589954
5341,huggyllama/llama-7b,dummy-lora-7b-rank-16-4,241,6,540.9536236227067
5342,huggyllama/llama-7b,dummy-lora-7b-rank-32-2,456,9,540.9555214637157
5343,huggyllama/llama-7b,dummy-lora-7b-rank-32-1,190,246,540.964196911712
5344,huggyllama/llama-7b,dummy-lora-7b-rank-16-0,928,10,541.1630707688806
5345,huggyllama/llama-7b,dummy-lora-7b-rank-16-2,569,21,541.2173227731971
5346,huggyllama/llama-7b,dummy-lora-7b-rank-128-3,562,10,541.2675149029016
5347,huggyllama/llama-7b,dummy-lora-7b-rank-128-0,754,10,541.4073804405432
5348,huggyllama/llama-7b,dummy-lora-7b-rank-128-3,475,10,541.545569498609
5349,huggyllama/llama-7b,dummy-lora-7b-rank-32-1,481,41,541.6958542611205
5350,huggyllama/llama-7b,dummy-lora-7b-rank-32-2,108,41,541.8264246601939
5351,huggyllama/llama-7b,dummy-lora-7b-rank-16-0,607,17,541.8751711170921
5352,huggyllama/llama-7b,dummy-lora-7b-rank-128-4,335,49,541.8760144927246
5353,huggyllama/llama-7b,dummy-lora-7b-rank-32-0,94,69,541.9640450891685
5354,huggyllama/llama-7b,dummy-lora-7b-rank-32-3,609,18,542.0367864987049
5355,huggyllama/llama-7b,dummy-lora-7b-rank-16-0,602,12,542.0640041166117
5356,huggyllama/llama-7b,dummy-lora-7b-rank-16-4,197,29,542.1660363154534
5357,huggyllama/llama-7b,dummy-lora-7b-rank-64-1,466,28,542.2079331080015
5358,huggyllama/llama-7b,dummy-lora-7b-rank-64-0,747,130,542.3269447331663
5359,huggyllama/llama-7b,dummy-lora-7b-rank-64-4,580,36,542.35618609537
5360,huggyllama/llama-7b,dummy-lora-7b-rank-64-2,550,18,542.3654297145657
5361,huggyllama/llama-7b,dummy-lora-7b-rank-16-4,458,48,542.4541450213761
5362,huggyllama/llama-7b,dummy-lora-7b-rank-128-3,249,91,542.5622187533374
5363,huggyllama/llama-7b,dummy-lora-7b-rank-8-4,604,17,542.5626486669306
5364,huggyllama/llama-7b,dummy-lora-7b-rank-16-4,835,13,542.6106099654141
5365,huggyllama/llama-7b,dummy-lora-7b-rank-128-0,758,40,542.6572447400075
5366,huggyllama/llama-7b,dummy-lora-7b-rank-64-1,552,16,542.7168611901462
5367,huggyllama/llama-7b,dummy-lora-7b-rank-64-1,80,42,542.8772942719149
5368,huggyllama/llama-7b,dummy-lora-7b-rank-16-1,548,8,542.9625688690372
5369,huggyllama/llama-7b,dummy-lora-7b-rank-8-2,564,19,542.9940653586478
5370,huggyllama/llama-7b,dummy-lora-7b-rank-64-3,317,10,543.304041000808
5371,huggyllama/llama-7b,dummy-lora-7b-rank-16-0,619,27,543.3951776735069
5372,huggyllama/llama-7b,dummy-lora-7b-rank-8-1,601,8,543.5876833245187
5373,huggyllama/llama-7b,dummy-lora-7b-rank-64-0,558,20,543.6307486031194
5374,huggyllama/llama-7b,dummy-lora-7b-rank-32-1,720,16,544.0896806784921
5375,huggyllama/llama-7b,dummy-lora-7b-rank-16-3,856,63,544.4712304991417
5376,huggyllama/llama-7b,dummy-lora-7b-rank-8-0,656,3,544.6404990125899
5377,huggyllama/llama-7b,dummy-lora-7b-rank-8-2,556,2,544.6682570445416
5378,huggyllama/llama-7b,dummy-lora-7b-rank-32-4,158,81,544.7988630465529
5379,huggyllama/llama-7b,dummy-lora-7b-rank-32-4,312,9,544.9062063218475
5380,huggyllama/llama-7b,dummy-lora-7b-rank-32-1,612,50,544.93802348958
5381,huggyllama/llama-7b,dummy-lora-7b-rank-16-0,317,13,545.1099731156638
5382,huggyllama/llama-7b,dummy-lora-7b-rank-8-1,144,119,545.1548847590775
5383,huggyllama/llama-7b,dummy-lora-7b-rank-64-2,286,123,545.1886749255517
5384,huggyllama/llama-7b,dummy-lora-7b-rank-8-1,534,79,545.2423915204937
5385,huggyllama/llama-7b,dummy-lora-7b-rank-64-4,483,45,545.298661309889
5386,huggyllama/llama-7b,dummy-lora-7b-rank-16-0,180,114,545.5077380023457
5387,huggyllama/llama-7b,dummy-lora-7b-rank-16-1,595,15,545.5094877513085
5388,huggyllama/llama-7b,dummy-lora-7b-rank-64-2,299,59,545.5925571651937
5389,huggyllama/llama-7b,dummy-lora-7b-rank-64-4,314,62,545.6858536424369
5390,huggyllama/llama-7b,dummy-lora-7b-rank-128-1,453,47,545.8866804182371
5391,huggyllama/llama-7b,dummy-lora-7b-rank-32-4,358,53,545.9709688718823
5392,huggyllama/llama-7b,dummy-lora-7b-rank-32-4,302,49,545.9844413032046
5393,huggyllama/llama-7b,dummy-lora-7b-rank-16-3,566,23,546.3043828708829
5394,huggyllama/llama-7b,dummy-lora-7b-rank-16-0,257,48,546.3327188348096
5395,huggyllama/llama-7b,dummy-lora-7b-rank-64-3,792,94,546.3538708948315
5396,huggyllama/llama-7b,dummy-lora-7b-rank-128-1,166,38,546.3754504129754
5397,huggyllama/llama-7b,dummy-lora-7b-rank-8-2,208,40,546.407135432825
5398,huggyllama/llama-7b,dummy-lora-7b-rank-16-2,288,150,546.6543671481569
5399,huggyllama/llama-7b,dummy-lora-7b-rank-128-1,288,149,546.6628384418418
5400,huggyllama/llama-7b,dummy-lora-7b-rank-128-1,710,43,546.6725504321843
5401,huggyllama/llama-7b,dummy-lora-7b-rank-32-1,556,23,546.6741324645492
5402,huggyllama/llama-7b,dummy-lora-7b-rank-8-1,197,60,546.7702308475657
5403,huggyllama/llama-7b,dummy-lora-7b-rank-32-3,611,12,546.8658032611808
5404,huggyllama/llama-7b,dummy-lora-7b-rank-32-4,250,44,546.8949414202222
5405,huggyllama/llama-7b,dummy-lora-7b-rank-16-1,554,20,546.9453343352465
5406,huggyllama/llama-7b,dummy-lora-7b-rank-64-3,576,131,547.0992313767972
5407,huggyllama/llama-7b,dummy-lora-7b-rank-32-1,705,14,547.1979260058539
5408,huggyllama/llama-7b,dummy-lora-7b-rank-32-4,552,50,547.2135840328759
5409,huggyllama/llama-7b,dummy-lora-7b-rank-64-2,536,6,547.2811069734339
5410,huggyllama/llama-7b,dummy-lora-7b-rank-128-2,552,20,547.3902915127187
5411,huggyllama/llama-7b,dummy-lora-7b-rank-8-3,615,25,547.4481899821803
5412,huggyllama/llama-7b,dummy-lora-7b-rank-16-4,558,22,547.565051746706
5413,huggyllama/llama-7b,dummy-lora-7b-rank-64-1,759,16,547.5665933186552
5414,huggyllama/llama-7b,dummy-lora-7b-rank-32-4,559,12,547.6047133720245
5415,huggyllama/llama-7b,dummy-lora-7b-rank-128-2,157,47,547.7435724834332
5416,huggyllama/llama-7b,dummy-lora-7b-rank-128-4,613,11,547.7853839568514
5417,huggyllama/llama-7b,dummy-lora-7b-rank-32-4,314,29,547.8982783512893
5418,huggyllama/llama-7b,dummy-lora-7b-rank-32-4,462,74,547.903626358668
5419,huggyllama/llama-7b,dummy-lora-7b-rank-8-1,126,71,547.9158730079766
5420,huggyllama/llama-7b,dummy-lora-7b-rank-8-2,551,9,547.9520309938408
5421,huggyllama/llama-7b,dummy-lora-7b-rank-128-0,303,117,548.0368412590743
5422,huggyllama/llama-7b,dummy-lora-7b-rank-32-1,581,7,548.1248779423079
5423,huggyllama/llama-7b,dummy-lora-7b-rank-16-2,54,44,548.2545073972706
5424,huggyllama/llama-7b,dummy-lora-7b-rank-32-0,619,37,548.3601758767719
5425,huggyllama/llama-7b,dummy-lora-7b-rank-64-0,927,118,548.3810098745585
5426,huggyllama/llama-7b,dummy-lora-7b-rank-8-0,378,37,548.3877830260457
5427,huggyllama/llama-7b,dummy-lora-7b-rank-16-3,576,31,548.5846489015049
5428,huggyllama/llama-7b,dummy-lora-7b-rank-8-3,128,37,548.65020752471
5429,huggyllama/llama-7b,dummy-lora-7b-rank-8-1,564,24,548.751354229078
5430,huggyllama/llama-7b,dummy-lora-7b-rank-16-0,419,61,548.8367972726767
5431,huggyllama/llama-7b,dummy-lora-7b-rank-32-4,485,60,548.8891730318563
5432,huggyllama/llama-7b,dummy-lora-7b-rank-16-1,55,77,548.9778207002313
5433,huggyllama/llama-7b,dummy-lora-7b-rank-32-0,556,13,549.0564475391755
5434,huggyllama/llama-7b,dummy-lora-7b-rank-16-1,558,21,549.0678340265446
5435,huggyllama/llama-7b,dummy-lora-7b-rank-128-3,877,49,549.070098516199
5436,huggyllama/llama-7b,dummy-lora-7b-rank-64-2,663,9,549.1982417596723
5437,huggyllama/llama-7b,dummy-lora-7b-rank-16-1,870,10,549.2451596118509
5438,huggyllama/llama-7b,dummy-lora-7b-rank-8-2,560,13,549.2902887691205
5439,huggyllama/llama-7b,dummy-lora-7b-rank-32-0,248,128,549.3065750233355
5440,huggyllama/llama-7b,dummy-lora-7b-rank-64-3,225,34,549.4535204091894
5441,huggyllama/llama-7b,dummy-lora-7b-rank-128-3,213,50,549.5200771578262
5442,huggyllama/llama-7b,dummy-lora-7b-rank-32-0,325,105,549.5202470355108
5443,huggyllama/llama-7b,dummy-lora-7b-rank-64-3,92,42,549.5263590374797
5444,huggyllama/llama-7b,dummy-lora-7b-rank-8-3,417,7,549.5531904456108
5445,huggyllama/llama-7b,dummy-lora-7b-rank-16-2,600,11,549.626206012479
5446,huggyllama/llama-7b,dummy-lora-7b-rank-128-1,864,10,549.6436828247679
5447,huggyllama/llama-7b,dummy-lora-7b-rank-16-2,968,55,549.672953616343
5448,huggyllama/llama-7b,dummy-lora-7b-rank-16-1,720,70,549.7134869457497
5449,huggyllama/llama-7b,dummy-lora-7b-rank-128-4,626,42,549.8600180662568
5450,huggyllama/llama-7b,dummy-lora-7b-rank-64-0,208,40,549.8768028705666
5451,huggyllama/llama-7b,dummy-lora-7b-rank-32-3,339,30,549.9321885756723
5452,huggyllama/llama-7b,dummy-lora-7b-rank-64-3,566,26,550.0971302786572
5453,huggyllama/llama-7b,dummy-lora-7b-rank-64-3,300,120,550.2031962887173
5454,huggyllama/llama-7b,dummy-lora-7b-rank-64-3,630,22,550.221874498238
5455,huggyllama/llama-7b,dummy-lora-7b-rank-128-0,776,45,550.303786576378
5456,huggyllama/llama-7b,dummy-lora-7b-rank-64-4,566,28,550.4156884207948
5457,huggyllama/llama-7b,dummy-lora-7b-rank-32-4,1024,11,550.4412315081079
5458,huggyllama/llama-7b,dummy-lora-7b-rank-8-1,265,7,550.4739192972322
5459,huggyllama/llama-7b,dummy-lora-7b-rank-32-1,556,24,550.4993120656383
5460,huggyllama/llama-7b,dummy-lora-7b-rank-128-2,372,49,550.5451821500661
5461,huggyllama/llama-7b,dummy-lora-7b-rank-32-0,814,46,550.5751263301978
5462,huggyllama/llama-7b,dummy-lora-7b-rank-8-0,552,18,550.7744867469374
5463,huggyllama/llama-7b,dummy-lora-7b-rank-128-0,360,69,550.8045145877638
5464,huggyllama/llama-7b,dummy-lora-7b-rank-64-0,691,28,550.8410152612555
5465,huggyllama/llama-7b,dummy-lora-7b-rank-32-3,112,56,550.9695027038241
5466,huggyllama/llama-7b,dummy-lora-7b-rank-32-1,603,19,550.9802522570831
5467,huggyllama/llama-7b,dummy-lora-7b-rank-128-3,114,54,551.152738728468
5468,huggyllama/llama-7b,dummy-lora-7b-rank-128-3,861,10,551.1528774215005
5469,huggyllama/llama-7b,dummy-lora-7b-rank-32-3,127,52,551.1661241294604
5470,huggyllama/llama-7b,dummy-lora-7b-rank-16-2,401,56,551.3893152799161
5471,huggyllama/llama-7b,dummy-lora-7b-rank-16-3,378,54,551.4261365662759
5472,huggyllama/llama-7b,dummy-lora-7b-rank-128-4,566,29,551.4825202854062
5473,huggyllama/llama-7b,dummy-lora-7b-rank-128-4,133,40,551.5841656245487
5474,huggyllama/llama-7b,dummy-lora-7b-rank-128-2,619,25,551.6393054169138
5475,huggyllama/llama-7b,dummy-lora-7b-rank-32-3,293,55,551.8839416935265
5476,huggyllama/llama-7b,dummy-lora-7b-rank-8-4,550,18,551.9250722801017
5477,huggyllama/llama-7b,dummy-lora-7b-rank-8-2,557,21,552.1293889017624
5478,huggyllama/llama-7b,dummy-lora-7b-rank-128-0,138,66,552.2564546770573
5479,huggyllama/llama-7b,dummy-lora-7b-rank-8-4,290,139,552.6652191645526
5480,huggyllama/llama-7b,dummy-lora-7b-rank-128-2,121,86,552.9569992799012
5481,huggyllama/llama-7b,dummy-lora-7b-rank-64-4,890,8,553.0502630989348
5482,huggyllama/llama-7b,dummy-lora-7b-rank-32-1,701,13,553.3434344066483
5483,huggyllama/llama-7b,dummy-lora-7b-rank-64-2,554,22,553.4769699173241
5484,huggyllama/llama-7b,dummy-lora-7b-rank-128-2,558,22,553.4902946181937
5485,huggyllama/llama-7b,dummy-lora-7b-rank-32-2,456,7,553.5067902249036
5486,huggyllama/llama-7b,dummy-lora-7b-rank-64-3,747,50,553.5231214156702
5487,huggyllama/llama-7b,dummy-lora-7b-rank-8-3,409,39,553.5546386666564
5488,huggyllama/llama-7b,dummy-lora-7b-rank-128-4,645,12,553.612906782598
5489,huggyllama/llama-7b,dummy-lora-7b-rank-8-4,619,22,553.6687621412992
5490,huggyllama/llama-7b,dummy-lora-7b-rank-32-3,605,12,554.0888517834888
5491,huggyllama/llama-7b,dummy-lora-7b-rank-32-2,302,51,554.2115307334702
5492,huggyllama/llama-7b,dummy-lora-7b-rank-64-3,410,51,554.4642692638812
5493,huggyllama/llama-7b,dummy-lora-7b-rank-8-0,315,110,554.4994621974233
5494,huggyllama/llama-7b,dummy-lora-7b-rank-16-0,235,39,554.5812967224896
5495,huggyllama/llama-7b,dummy-lora-7b-rank-32-1,322,64,554.6366574063188
5496,huggyllama/llama-7b,dummy-lora-7b-rank-32-2,596,27,554.7451632708859
5497,huggyllama/llama-7b,dummy-lora-7b-rank-8-0,685,50,554.8078164243636
5498,huggyllama/llama-7b,dummy-lora-7b-rank-32-3,584,20,554.9290281262201
5499,huggyllama/llama-7b,dummy-lora-7b-rank-32-4,572,29,555.0172228457517
5500,huggyllama/llama-7b,dummy-lora-7b-rank-16-4,358,134,555.0907414939977
5501,huggyllama/llama-7b,dummy-lora-7b-rank-32-1,354,56,555.1577305388448
5502,huggyllama/llama-7b,dummy-lora-7b-rank-8-1,611,21,555.5886163909801
5503,huggyllama/llama-7b,dummy-lora-7b-rank-128-1,104,52,555.6031389530948
5504,huggyllama/llama-7b,dummy-lora-7b-rank-64-1,554,22,555.6460256665905
5505,huggyllama/llama-7b,dummy-lora-7b-rank-8-0,178,106,555.7300715039524
5506,huggyllama/llama-7b,dummy-lora-7b-rank-16-0,637,43,556.0730202166411
5507,huggyllama/llama-7b,dummy-lora-7b-rank-64-2,342,49,556.0747257930234
5508,huggyllama/llama-7b,dummy-lora-7b-rank-8-4,141,52,556.132888084188
5509,huggyllama/llama-7b,dummy-lora-7b-rank-16-0,541,11,556.1633001196196
5510,huggyllama/llama-7b,dummy-lora-7b-rank-64-2,259,38,556.168058406164
5511,huggyllama/llama-7b,dummy-lora-7b-rank-8-1,556,22,556.2710585561599
5512,huggyllama/llama-7b,dummy-lora-7b-rank-64-4,554,21,556.2805222225852
5513,huggyllama/llama-7b,dummy-lora-7b-rank-128-4,416,9,556.4164694075766
5514,huggyllama/llama-7b,dummy-lora-7b-rank-64-0,412,104,556.6472195657072
5515,huggyllama/llama-7b,dummy-lora-7b-rank-64-2,416,76,556.7035118251786
5516,huggyllama/llama-7b,dummy-lora-7b-rank-8-2,376,41,556.7446228966331
5517,huggyllama/llama-7b,dummy-lora-7b-rank-64-2,558,22,556.8453229185711
5518,huggyllama/llama-7b,dummy-lora-7b-rank-32-1,430,58,556.9287249659909
5519,huggyllama/llama-7b,dummy-lora-7b-rank-32-4,570,31,556.9371668704605
5520,huggyllama/llama-7b,dummy-lora-7b-rank-64-3,438,51,556.9590058674023
5521,huggyllama/llama-7b,dummy-lora-7b-rank-8-1,689,49,556.9612682613159
5522,huggyllama/llama-7b,dummy-lora-7b-rank-128-4,550,18,556.9715775712665
5523,huggyllama/llama-7b,dummy-lora-7b-rank-32-4,199,89,556.9866615881862
5524,huggyllama/llama-7b,dummy-lora-7b-rank-128-1,450,28,557.022298869401
5525,huggyllama/llama-7b,dummy-lora-7b-rank-32-0,553,44,557.03218426147
5526,huggyllama/llama-7b,dummy-lora-7b-rank-8-4,131,37,557.3882781081569
5527,huggyllama/llama-7b,dummy-lora-7b-rank-32-2,201,49,557.476871179746
5528,huggyllama/llama-7b,dummy-lora-7b-rank-16-4,448,72,557.5518946415056
5529,huggyllama/llama-7b,dummy-lora-7b-rank-16-1,245,60,557.5607251210819
5530,huggyllama/llama-7b,dummy-lora-7b-rank-8-1,1013,43,557.5617617706569
5531,huggyllama/llama-7b,dummy-lora-7b-rank-32-0,516,66,558.0696062089886
5532,huggyllama/llama-7b,dummy-lora-7b-rank-16-2,564,26,558.1613361174988
5533,huggyllama/llama-7b,dummy-lora-7b-rank-128-2,562,51,558.272264015153
5534,huggyllama/llama-7b,dummy-lora-7b-rank-32-1,408,80,558.3296652222756
5535,huggyllama/llama-7b,dummy-lora-7b-rank-64-3,954,12,558.503701445221
5536,huggyllama/llama-7b,dummy-lora-7b-rank-16-1,638,37,558.5416125915085
5537,huggyllama/llama-7b,dummy-lora-7b-rank-32-1,481,47,558.5530784023038
5538,huggyllama/llama-7b,dummy-lora-7b-rank-64-2,182,51,558.5801548763613
5539,huggyllama/llama-7b,dummy-lora-7b-rank-32-0,376,49,558.7202232598838
5540,huggyllama/llama-7b,dummy-lora-7b-rank-16-0,450,6,558.7275700718166
5541,huggyllama/llama-7b,dummy-lora-7b-rank-64-4,631,30,558.8460672995856
5542,huggyllama/llama-7b,dummy-lora-7b-rank-32-2,449,8,558.8606566992386
5543,huggyllama/llama-7b,dummy-lora-7b-rank-8-2,603,10,558.8879227665251
5544,huggyllama/llama-7b,dummy-lora-7b-rank-16-1,578,32,558.8938029272537
5545,huggyllama/llama-7b,dummy-lora-7b-rank-16-0,559,6,558.9276892558987
5546,huggyllama/llama-7b,dummy-lora-7b-rank-128-3,513,16,559.0590958255427
5547,huggyllama/llama-7b,dummy-lora-7b-rank-8-4,865,9,559.1896983932805
5548,huggyllama/llama-7b,dummy-lora-7b-rank-8-4,357,38,559.2315195984862
5549,huggyllama/llama-7b,dummy-lora-7b-rank-16-1,219,7,559.3797196171611
5550,huggyllama/llama-7b,dummy-lora-7b-rank-16-2,315,7,559.4752652421973
5551,huggyllama/llama-7b,dummy-lora-7b-rank-16-3,722,46,559.4946478260583
5552,huggyllama/llama-7b,dummy-lora-7b-rank-64-4,432,24,559.5931757746303
5553,huggyllama/llama-7b,dummy-lora-7b-rank-16-4,352,147,559.6285693436282
5554,huggyllama/llama-7b,dummy-lora-7b-rank-8-2,562,25,559.6617002505767
5555,huggyllama/llama-7b,dummy-lora-7b-rank-128-3,599,14,559.7066430908267
5556,huggyllama/llama-7b,dummy-lora-7b-rank-8-1,599,17,559.7796944958477
5557,huggyllama/llama-7b,dummy-lora-7b-rank-128-2,408,73,559.7916796000719
5558,huggyllama/llama-7b,dummy-lora-7b-rank-16-1,548,9,559.8372615066273
5559,huggyllama/llama-7b,dummy-lora-7b-rank-32-3,150,51,559.8851250913272
5560,huggyllama/llama-7b,dummy-lora-7b-rank-16-0,673,61,560.0845092435922
5561,huggyllama/llama-7b,dummy-lora-7b-rank-8-1,560,23,560.1022296750292
5562,huggyllama/llama-7b,dummy-lora-7b-rank-32-1,487,8,560.1820472896368
5563,huggyllama/llama-7b,dummy-lora-7b-rank-16-1,517,83,560.1897902558635
5564,huggyllama/llama-7b,dummy-lora-7b-rank-8-0,620,85,560.31814544539
5565,huggyllama/llama-7b,dummy-lora-7b-rank-16-2,661,7,560.3238845538206
5566,huggyllama/llama-7b,dummy-lora-7b-rank-16-1,554,12,560.3769431696602
5567,huggyllama/llama-7b,dummy-lora-7b-rank-32-2,562,24,560.5222243441332
5568,huggyllama/llama-7b,dummy-lora-7b-rank-64-2,660,17,560.6548293398741
5569,huggyllama/llama-7b,dummy-lora-7b-rank-16-3,889,3,560.6639466995449
5570,huggyllama/llama-7b,dummy-lora-7b-rank-16-2,609,23,560.6959981378467
5571,huggyllama/llama-7b,dummy-lora-7b-rank-32-4,400,11,560.7388778051571
5572,huggyllama/llama-7b,dummy-lora-7b-rank-64-3,723,81,560.9106969659513
5573,huggyllama/llama-7b,dummy-lora-7b-rank-32-0,405,65,561.2134846537041
5574,huggyllama/llama-7b,dummy-lora-7b-rank-128-1,518,35,561.3393093716684
5575,huggyllama/llama-7b,dummy-lora-7b-rank-16-1,572,118,561.3560278380003
5576,huggyllama/llama-7b,dummy-lora-7b-rank-32-1,562,27,561.3642033571517
5577,huggyllama/llama-7b,dummy-lora-7b-rank-128-3,610,15,561.8330557945842
5578,huggyllama/llama-7b,dummy-lora-7b-rank-16-2,525,83,561.8353220215446
5579,huggyllama/llama-7b,dummy-lora-7b-rank-8-4,381,42,561.8773184513049
5580,huggyllama/llama-7b,dummy-lora-7b-rank-16-2,389,56,561.9079121051187
5581,huggyllama/llama-7b,dummy-lora-7b-rank-16-4,569,83,562.0613454501506
5582,huggyllama/llama-7b,dummy-lora-7b-rank-32-4,573,8,562.0672285226091
5583,huggyllama/llama-7b,dummy-lora-7b-rank-16-1,323,11,562.1213185257751
5584,huggyllama/llama-7b,dummy-lora-7b-rank-128-4,554,20,562.1657106344826
5585,huggyllama/llama-7b,dummy-lora-7b-rank-128-1,512,10,562.1736213620906
5586,huggyllama/llama-7b,dummy-lora-7b-rank-16-1,285,113,562.2842705484923
5587,huggyllama/llama-7b,dummy-lora-7b-rank-8-4,222,3,562.3289461567314
5588,huggyllama/llama-7b,dummy-lora-7b-rank-64-2,640,88,562.4227101781333
5589,huggyllama/llama-7b,dummy-lora-7b-rank-128-3,490,52,562.468995143598
5590,huggyllama/llama-7b,dummy-lora-7b-rank-8-4,574,31,562.5933051756938
5591,huggyllama/llama-7b,dummy-lora-7b-rank-128-2,442,8,562.6655915191978
5592,huggyllama/llama-7b,dummy-lora-7b-rank-16-3,545,103,562.6677138795515
5593,huggyllama/llama-7b,dummy-lora-7b-rank-8-3,352,132,562.925062375269
5594,huggyllama/llama-7b,dummy-lora-7b-rank-32-2,558,22,563.0299624406767
5595,huggyllama/llama-7b,dummy-lora-7b-rank-16-1,268,46,563.161319925849
5596,huggyllama/llama-7b,dummy-lora-7b-rank-8-1,605,11,563.451791806645
5597,huggyllama/llama-7b,dummy-lora-7b-rank-8-2,944,30,563.5080052794304
5598,huggyllama/llama-7b,dummy-lora-7b-rank-16-0,564,27,563.5117797689092
5599,huggyllama/llama-7b,dummy-lora-7b-rank-32-2,518,56,563.525031316135
5600,huggyllama/llama-7b,dummy-lora-7b-rank-128-1,707,106,563.5374319499088
5601,huggyllama/llama-7b,dummy-lora-7b-rank-128-1,544,3,563.6307462182847
5602,huggyllama/llama-7b,dummy-lora-7b-rank-8-2,470,30,563.7878861654954
5603,huggyllama/llama-7b,dummy-lora-7b-rank-8-4,196,55,564.2121070703611
5604,huggyllama/llama-7b,dummy-lora-7b-rank-16-3,326,89,564.3724743007399
5605,huggyllama/llama-7b,dummy-lora-7b-rank-8-4,153,63,564.4137650407981
5606,huggyllama/llama-7b,dummy-lora-7b-rank-8-2,607,32,564.6992167803002
5607,huggyllama/llama-7b,dummy-lora-7b-rank-32-0,866,14,564.7152339164293
5608,huggyllama/llama-7b,dummy-lora-7b-rank-8-2,134,72,564.9696502605875
5609,huggyllama/llama-7b,dummy-lora-7b-rank-8-4,605,17,564.9812791140232
5610,huggyllama/llama-7b,dummy-lora-7b-rank-8-1,706,12,565.0202462512349
5611,huggyllama/llama-7b,dummy-lora-7b-rank-8-1,291,45,565.0913182083464
5612,huggyllama/llama-7b,dummy-lora-7b-rank-8-2,764,12,565.5670487013015
5613,huggyllama/llama-7b,dummy-lora-7b-rank-128-3,482,93,565.6050048783404
5614,huggyllama/llama-7b,dummy-lora-7b-rank-128-1,895,171,565.6245160605853
5615,huggyllama/llama-7b,dummy-lora-7b-rank-128-1,613,25,565.7312391733672
5616,huggyllama/llama-7b,dummy-lora-7b-rank-8-2,556,21,565.8216861125582
5617,huggyllama/llama-7b,dummy-lora-7b-rank-64-3,595,68,565.8836303032981
5618,huggyllama/llama-7b,dummy-lora-7b-rank-8-4,913,3,566.0222794687903
5619,huggyllama/llama-7b,dummy-lora-7b-rank-32-1,850,23,566.194031111523
5620,huggyllama/llama-7b,dummy-lora-7b-rank-8-1,467,39,566.3274949051097
5621,huggyllama/llama-7b,dummy-lora-7b-rank-64-4,894,52,566.4905533137254
5622,huggyllama/llama-7b,dummy-lora-7b-rank-16-0,605,27,566.5434106650217
5623,huggyllama/llama-7b,dummy-lora-7b-rank-128-0,622,3,566.686493284007
5624,huggyllama/llama-7b,dummy-lora-7b-rank-8-0,190,59,566.75975986002
5625,huggyllama/llama-7b,dummy-lora-7b-rank-64-1,609,20,567.0056158685678
5626,huggyllama/llama-7b,dummy-lora-7b-rank-64-2,607,20,567.0136525509525
5627,huggyllama/llama-7b,dummy-lora-7b-rank-32-3,535,45,567.1435339250767
5628,huggyllama/llama-7b,dummy-lora-7b-rank-128-4,552,19,567.2683842277783
5629,huggyllama/llama-7b,dummy-lora-7b-rank-32-4,240,14,567.3945379166862
5630,huggyllama/llama-7b,dummy-lora-7b-rank-32-3,554,21,567.4998775153787
5631,huggyllama/llama-7b,dummy-lora-7b-rank-64-1,518,5,567.5314615649069
5632,huggyllama/llama-7b,dummy-lora-7b-rank-16-2,549,60,567.6535362380132
5633,huggyllama/llama-7b,dummy-lora-7b-rank-32-4,546,16,567.6662767811105
5634,huggyllama/llama-7b,dummy-lora-7b-rank-16-1,385,8,567.88272575505
5635,huggyllama/llama-7b,dummy-lora-7b-rank-32-3,334,14,567.9442713293375
5636,huggyllama/llama-7b,dummy-lora-7b-rank-16-0,168,44,568.0443993165445
5637,huggyllama/llama-7b,dummy-lora-7b-rank-128-3,371,33,568.0647661056455
5638,huggyllama/llama-7b,dummy-lora-7b-rank-32-3,978,5,568.0790506230973
5639,huggyllama/llama-7b,dummy-lora-7b-rank-32-2,556,2,568.0964375735543
5640,huggyllama/llama-7b,dummy-lora-7b-rank-8-1,528,13,568.2624946901557
5641,huggyllama/llama-7b,dummy-lora-7b-rank-16-2,552,19,568.4195073302573
5642,huggyllama/llama-7b,dummy-lora-7b-rank-64-4,652,98,568.4936790693345
5643,huggyllama/llama-7b,dummy-lora-7b-rank-8-0,505,72,568.5815001244706
5644,huggyllama/llama-7b,dummy-lora-7b-rank-8-2,660,52,568.6330407246061
5645,huggyllama/llama-7b,dummy-lora-7b-rank-32-2,198,58,568.6894733373208
5646,huggyllama/llama-7b,dummy-lora-7b-rank-8-2,556,13,568.7161116972335
5647,huggyllama/llama-7b,dummy-lora-7b-rank-64-4,487,40,568.7257109498219
5648,huggyllama/llama-7b,dummy-lora-7b-rank-16-2,622,29,568.7521237221584
5649,huggyllama/llama-7b,dummy-lora-7b-rank-8-1,232,38,568.817258331029
5650,huggyllama/llama-7b,dummy-lora-7b-rank-8-0,611,21,568.825668655104
5651,huggyllama/llama-7b,dummy-lora-7b-rank-32-3,600,41,568.8844373872029
5652,huggyllama/llama-7b,dummy-lora-7b-rank-64-3,554,23,568.9811870295109
5653,huggyllama/llama-7b,dummy-lora-7b-rank-8-0,564,28,569.023573311864
5654,huggyllama/llama-7b,dummy-lora-7b-rank-32-1,241,49,569.0309251228051
5655,huggyllama/llama-7b,dummy-lora-7b-rank-64-3,362,87,569.1089533495634
5656,huggyllama/llama-7b,dummy-lora-7b-rank-8-3,566,26,569.3705893219649
5657,huggyllama/llama-7b,dummy-lora-7b-rank-64-1,612,3,569.4377588329468
5658,huggyllama/llama-7b,dummy-lora-7b-rank-64-3,574,29,569.4703545274358
5659,huggyllama/llama-7b,dummy-lora-7b-rank-8-1,121,38,569.510610682096
5660,huggyllama/llama-7b,dummy-lora-7b-rank-32-2,424,56,569.5620519233205
5661,huggyllama/llama-7b,dummy-lora-7b-rank-16-2,992,104,569.5933849178729
5662,huggyllama/llama-7b,dummy-lora-7b-rank-8-3,951,39,569.6155819980065
5663,huggyllama/llama-7b,dummy-lora-7b-rank-64-0,688,16,569.80717398866
5664,huggyllama/llama-7b,dummy-lora-7b-rank-128-1,364,45,569.9789629820153
5665,huggyllama/llama-7b,dummy-lora-7b-rank-64-1,552,24,570.0625742646133
5666,huggyllama/llama-7b,dummy-lora-7b-rank-128-0,552,19,570.1542198635373
5667,huggyllama/llama-7b,dummy-lora-7b-rank-64-1,614,20,570.189338697973
5668,huggyllama/llama-7b,dummy-lora-7b-rank-128-2,457,71,570.3758874014645
5669,huggyllama/llama-7b,dummy-lora-7b-rank-64-4,765,12,570.3886046444997
5670,huggyllama/llama-7b,dummy-lora-7b-rank-16-3,599,17,570.5083093444525
5671,huggyllama/llama-7b,dummy-lora-7b-rank-128-2,741,3,570.6460984358121
5672,huggyllama/llama-7b,dummy-lora-7b-rank-64-3,51,49,570.8023435738749
5673,huggyllama/llama-7b,dummy-lora-7b-rank-32-2,244,27,570.9209660313436
5674,huggyllama/llama-7b,dummy-lora-7b-rank-64-4,303,63,570.924286356864
5675,huggyllama/llama-7b,dummy-lora-7b-rank-128-0,188,47,570.9370050855388
5676,huggyllama/llama-7b,dummy-lora-7b-rank-64-2,853,8,570.9838329285839
5677,huggyllama/llama-7b,dummy-lora-7b-rank-8-3,462,70,570.994582689603
5678,huggyllama/llama-7b,dummy-lora-7b-rank-128-4,441,43,571.0008525884854
5679,huggyllama/llama-7b,dummy-lora-7b-rank-128-1,428,73,571.0677186003136
5680,huggyllama/llama-7b,dummy-lora-7b-rank-16-0,499,56,571.2008594765797
5681,huggyllama/llama-7b,dummy-lora-7b-rank-16-2,481,9,571.21911902628
5682,huggyllama/llama-7b,dummy-lora-7b-rank-8-1,556,11,571.3756764617771
5683,huggyllama/llama-7b,dummy-lora-7b-rank-16-1,111,43,571.4555448645965
5684,huggyllama/llama-7b,dummy-lora-7b-rank-64-1,624,56,571.4820719308584
5685,huggyllama/llama-7b,dummy-lora-7b-rank-8-3,600,46,571.4980039473201
5686,huggyllama/llama-7b,dummy-lora-7b-rank-128-2,317,48,571.563945022276
5687,huggyllama/llama-7b,dummy-lora-7b-rank-8-4,622,16,571.5932262683438
5688,huggyllama/llama-7b,dummy-lora-7b-rank-64-0,384,108,571.761129440245
5689,huggyllama/llama-7b,dummy-lora-7b-rank-32-4,513,55,571.778338618435
5690,huggyllama/llama-7b,dummy-lora-7b-rank-64-3,744,8,571.8190661554672
5691,huggyllama/llama-7b,dummy-lora-7b-rank-16-2,617,30,571.9367151433757
5692,huggyllama/llama-7b,dummy-lora-7b-rank-8-1,568,21,572.0401146124937
5693,huggyllama/llama-7b,dummy-lora-7b-rank-64-3,566,25,572.0493709422874
5694,huggyllama/llama-7b,dummy-lora-7b-rank-64-3,588,81,572.399717048714
5695,huggyllama/llama-7b,dummy-lora-7b-rank-32-3,416,51,572.4450418593331
5696,huggyllama/llama-7b,dummy-lora-7b-rank-8-0,554,193,572.4638196042678
5697,huggyllama/llama-7b,dummy-lora-7b-rank-64-1,961,162,572.4691833549678
5698,huggyllama/llama-7b,dummy-lora-7b-rank-8-2,625,29,572.5755195483471
5699,huggyllama/llama-7b,dummy-lora-7b-rank-64-2,315,141,572.6139715156083
5700,huggyllama/llama-7b,dummy-lora-7b-rank-32-1,255,41,572.9238418875088
5701,huggyllama/llama-7b,dummy-lora-7b-rank-32-2,564,25,572.9682509624457
5702,huggyllama/llama-7b,dummy-lora-7b-rank-32-1,461,87,573.064050346414
5703,huggyllama/llama-7b,dummy-lora-7b-rank-64-1,570,17,573.0833018680183
5704,huggyllama/llama-7b,dummy-lora-7b-rank-16-2,491,39,573.2168900626497
5705,huggyllama/llama-7b,dummy-lora-7b-rank-32-4,747,15,573.2573419075828
5706,huggyllama/llama-7b,dummy-lora-7b-rank-64-4,191,3,573.2791438578008
5707,huggyllama/llama-7b,dummy-lora-7b-rank-16-1,628,33,573.3341339608966
5708,huggyllama/llama-7b,dummy-lora-7b-rank-8-0,323,12,573.3709774449273
5709,huggyllama/llama-7b,dummy-lora-7b-rank-64-4,552,19,573.5010125205041
5710,huggyllama/llama-7b,dummy-lora-7b-rank-128-3,242,41,573.5477730964852
5711,huggyllama/llama-7b,dummy-lora-7b-rank-32-0,655,31,573.6516859312806
5712,huggyllama/llama-7b,dummy-lora-7b-rank-16-2,619,23,573.8363808793222
5713,huggyllama/llama-7b,dummy-lora-7b-rank-64-4,338,37,574.1075723268957
5714,huggyllama/llama-7b,dummy-lora-7b-rank-8-0,654,97,574.1172055872829
5715,huggyllama/llama-7b,dummy-lora-7b-rank-8-3,641,31,574.1527343811375
5716,huggyllama/llama-7b,dummy-lora-7b-rank-64-1,719,11,574.2427070695126
5717,huggyllama/llama-7b,dummy-lora-7b-rank-8-4,611,38,574.4022271570879
5718,huggyllama/llama-7b,dummy-lora-7b-rank-64-2,53,45,574.6796479641042
5719,huggyllama/llama-7b,dummy-lora-7b-rank-128-3,606,53,574.8095860200522
5720,huggyllama/llama-7b,dummy-lora-7b-rank-64-4,221,56,575.0797332062942
5721,huggyllama/llama-7b,dummy-lora-7b-rank-16-0,57,93,575.1439460077997
5722,huggyllama/llama-7b,dummy-lora-7b-rank-64-0,564,27,575.2812131083782
5723,huggyllama/llama-7b,dummy-lora-7b-rank-128-3,548,17,575.3345923398082
5724,huggyllama/llama-7b,dummy-lora-7b-rank-16-4,510,53,575.462515484608
5725,huggyllama/llama-7b,dummy-lora-7b-rank-8-1,622,40,575.498010170787
5726,huggyllama/llama-7b,dummy-lora-7b-rank-16-0,330,108,575.5260547704648
5727,huggyllama/llama-7b,dummy-lora-7b-rank-16-1,176,93,575.5751434359388
5728,huggyllama/llama-7b,dummy-lora-7b-rank-32-2,548,19,575.5771517977267
5729,huggyllama/llama-7b,dummy-lora-7b-rank-32-4,568,29,575.8131212790254
5730,huggyllama/llama-7b,dummy-lora-7b-rank-8-2,558,24,575.8311982021866
5731,huggyllama/llama-7b,dummy-lora-7b-rank-16-3,344,44,575.8998032633147
5732,huggyllama/llama-7b,dummy-lora-7b-rank-64-1,686,25,575.9991607789138
5733,huggyllama/llama-7b,dummy-lora-7b-rank-8-4,601,45,576.2129035666791
5734,huggyllama/llama-7b,dummy-lora-7b-rank-8-4,144,57,576.4668414389141
5735,huggyllama/llama-7b,dummy-lora-7b-rank-16-0,335,43,576.6768339265242
5736,huggyllama/llama-7b,dummy-lora-7b-rank-32-3,560,24,576.6932273976092
5737,huggyllama/llama-7b,dummy-lora-7b-rank-128-1,918,12,576.6956540342949
5738,huggyllama/llama-7b,dummy-lora-7b-rank-8-2,189,51,576.8215413164506
5739,huggyllama/llama-7b,dummy-lora-7b-rank-128-0,636,61,576.864364488762
5740,huggyllama/llama-7b,dummy-lora-7b-rank-16-3,301,57,576.8868253769506
5741,huggyllama/llama-7b,dummy-lora-7b-rank-32-2,381,209,577.0262582095158
5742,huggyllama/llama-7b,dummy-lora-7b-rank-32-4,342,45,577.082581290006
5743,huggyllama/llama-7b,dummy-lora-7b-rank-8-0,180,3,577.0896841167763
5744,huggyllama/llama-7b,dummy-lora-7b-rank-8-2,556,20,577.2106326974266
5745,huggyllama/llama-7b,dummy-lora-7b-rank-32-3,564,25,577.2628296916863
5746,huggyllama/llama-7b,dummy-lora-7b-rank-8-4,558,22,577.2777475175907
5747,huggyllama/llama-7b,dummy-lora-7b-rank-128-4,474,49,577.4502537020101
5748,huggyllama/llama-7b,dummy-lora-7b-rank-8-3,566,29,577.5972807070902
5749,huggyllama/llama-7b,dummy-lora-7b-rank-8-2,453,65,577.6086085183748
5750,huggyllama/llama-7b,dummy-lora-7b-rank-16-0,404,53,577.7556085534219
5751,huggyllama/llama-7b,dummy-lora-7b-rank-64-4,676,66,577.7658959091622
5752,huggyllama/llama-7b,dummy-lora-7b-rank-64-2,365,43,577.8313137952264
5753,huggyllama/llama-7b,dummy-lora-7b-rank-16-0,564,26,577.9049576240326
5754,huggyllama/llama-7b,dummy-lora-7b-rank-8-4,500,96,578.0379384728202
5755,huggyllama/llama-7b,dummy-lora-7b-rank-128-3,291,75,578.5537860914193
5756,huggyllama/llama-7b,dummy-lora-7b-rank-8-4,426,9,578.7846361758026
5757,huggyllama/llama-7b,dummy-lora-7b-rank-8-1,471,5,578.8830699587013
5758,huggyllama/llama-7b,dummy-lora-7b-rank-64-3,536,36,579.1968952099733
5759,huggyllama/llama-7b,dummy-lora-7b-rank-64-4,612,57,579.2087872220221
5760,huggyllama/llama-7b,dummy-lora-7b-rank-8-3,270,34,579.6553163122945
5761,huggyllama/llama-7b,dummy-lora-7b-rank-64-2,319,47,579.7364563102298
5762,huggyllama/llama-7b,dummy-lora-7b-rank-16-3,103,78,579.7583991878813
5763,huggyllama/llama-7b,dummy-lora-7b-rank-64-4,574,33,579.8073008556127
5764,huggyllama/llama-7b,dummy-lora-7b-rank-16-1,146,38,579.8561555370327
5765,huggyllama/llama-7b,dummy-lora-7b-rank-16-1,550,20,579.9389498036102
5766,huggyllama/llama-7b,dummy-lora-7b-rank-8-2,591,47,580.0131558151706
5767,huggyllama/llama-7b,dummy-lora-7b-rank-128-3,159,19,580.2290325298168
5768,huggyllama/llama-7b,dummy-lora-7b-rank-16-4,275,43,580.2618211324204
5769,huggyllama/llama-7b,dummy-lora-7b-rank-32-2,453,50,580.2848209220256
5770,huggyllama/llama-7b,dummy-lora-7b-rank-32-2,552,11,580.3675464221809
5771,huggyllama/llama-7b,dummy-lora-7b-rank-32-1,550,18,580.5299402950545
5772,huggyllama/llama-7b,dummy-lora-7b-rank-32-0,147,157,580.7428502460127
5773,huggyllama/llama-7b,dummy-lora-7b-rank-32-4,684,71,580.9330380397681
5774,huggyllama/llama-7b,dummy-lora-7b-rank-128-4,564,17,580.94346722625
5775,huggyllama/llama-7b,dummy-lora-7b-rank-8-0,599,17,581.1154235162518
5776,huggyllama/llama-7b,dummy-lora-7b-rank-128-0,564,42,581.6118168097873
5777,huggyllama/llama-7b,dummy-lora-7b-rank-32-3,556,21,581.6806950103929
5778,huggyllama/llama-7b,dummy-lora-7b-rank-128-3,148,114,581.9004399952767
5779,huggyllama/llama-7b,dummy-lora-7b-rank-64-4,774,93,581.9158097582236
5780,huggyllama/llama-7b,dummy-lora-7b-rank-8-0,539,43,581.9474255220093
5781,huggyllama/llama-7b,dummy-lora-7b-rank-16-1,556,23,582.2891001709893
5782,huggyllama/llama-7b,dummy-lora-7b-rank-128-0,881,115,582.3107715978291
5783,huggyllama/llama-7b,dummy-lora-7b-rank-8-2,560,21,582.3176366048201
5784,huggyllama/llama-7b,dummy-lora-7b-rank-128-1,718,8,582.6958490675011
5785,huggyllama/llama-7b,dummy-lora-7b-rank-8-1,564,99,582.705456103177
5786,huggyllama/llama-7b,dummy-lora-7b-rank-32-2,588,57,583.0694936246781
5787,huggyllama/llama-7b,dummy-lora-7b-rank-32-2,377,235,583.0738663767969
5788,huggyllama/llama-7b,dummy-lora-7b-rank-32-2,97,28,583.1145498069824
5789,huggyllama/llama-7b,dummy-lora-7b-rank-16-2,277,110,583.1482746115494
5790,huggyllama/llama-7b,dummy-lora-7b-rank-128-3,412,55,583.4187217919952
5791,huggyllama/llama-7b,dummy-lora-7b-rank-64-3,298,134,583.8246112696258
5792,huggyllama/llama-7b,dummy-lora-7b-rank-16-1,592,42,583.8510812026318
5793,huggyllama/llama-7b,dummy-lora-7b-rank-32-2,899,80,583.8999606470034
5794,huggyllama/llama-7b,dummy-lora-7b-rank-8-3,689,19,583.9109369618554
5795,huggyllama/llama-7b,dummy-lora-7b-rank-32-4,301,71,583.9614767645322
5796,huggyllama/llama-7b,dummy-lora-7b-rank-64-2,807,87,584.002486122966
5797,huggyllama/llama-7b,dummy-lora-7b-rank-128-3,467,11,584.1025060513275
5798,huggyllama/llama-7b,dummy-lora-7b-rank-16-0,388,48,584.1851767617171
5799,huggyllama/llama-7b,dummy-lora-7b-rank-8-0,435,10,584.2297007781166
5800,huggyllama/llama-7b,dummy-lora-7b-rank-8-4,406,6,584.3021399112255
5801,huggyllama/llama-7b,dummy-lora-7b-rank-8-0,399,6,584.3309417668376
5802,huggyllama/llama-7b,dummy-lora-7b-rank-64-1,594,15,584.5190357620294
5803,huggyllama/llama-7b,dummy-lora-7b-rank-16-1,796,67,584.5640612539869
5804,huggyllama/llama-7b,dummy-lora-7b-rank-32-4,582,10,584.6886032169008
5805,huggyllama/llama-7b,dummy-lora-7b-rank-8-1,503,39,584.8191705150176
5806,huggyllama/llama-7b,dummy-lora-7b-rank-32-1,638,5,585.1937514227794
5807,huggyllama/llama-7b,dummy-lora-7b-rank-16-2,562,24,585.2471476089005
5808,huggyllama/llama-7b,dummy-lora-7b-rank-128-2,265,50,585.3553769985236
5809,huggyllama/llama-7b,dummy-lora-7b-rank-32-0,629,28,585.4506424200225
5810,huggyllama/llama-7b,dummy-lora-7b-rank-8-3,999,3,585.5953836637578
5811,huggyllama/llama-7b,dummy-lora-7b-rank-64-4,196,54,585.66212084986
5812,huggyllama/llama-7b,dummy-lora-7b-rank-16-2,599,26,585.6637626534758
5813,huggyllama/llama-7b,dummy-lora-7b-rank-32-0,519,8,585.8413762845481
5814,huggyllama/llama-7b,dummy-lora-7b-rank-16-2,558,19,585.8685734614022
5815,huggyllama/llama-7b,dummy-lora-7b-rank-128-2,634,35,585.8938453505739
5816,huggyllama/llama-7b,dummy-lora-7b-rank-128-3,607,15,586.0261085521818
5817,huggyllama/llama-7b,dummy-lora-7b-rank-8-2,265,50,586.2077841378142
5818,huggyllama/llama-7b,dummy-lora-7b-rank-8-3,694,24,586.3192406669142
5819,huggyllama/llama-7b,dummy-lora-7b-rank-128-3,186,80,586.4099891676236
5820,huggyllama/llama-7b,dummy-lora-7b-rank-128-4,439,45,586.6570987947322
5821,huggyllama/llama-7b,dummy-lora-7b-rank-128-0,566,27,586.6970851274007
5822,huggyllama/llama-7b,dummy-lora-7b-rank-16-0,550,20,586.7061846673442
5823,huggyllama/llama-7b,dummy-lora-7b-rank-128-4,599,3,586.7730744838805
5824,huggyllama/llama-7b,dummy-lora-7b-rank-128-1,178,53,586.9325172784728
5825,huggyllama/llama-7b,dummy-lora-7b-rank-8-0,764,42,587.0035903111091
5826,huggyllama/llama-7b,dummy-lora-7b-rank-64-0,325,142,587.0174793730819
5827,huggyllama/llama-7b,dummy-lora-7b-rank-16-2,546,16,587.02041845327
5828,huggyllama/llama-7b,dummy-lora-7b-rank-64-2,556,21,587.0683185687467
5829,huggyllama/llama-7b,dummy-lora-7b-rank-32-3,520,16,587.0859818548425
5830,huggyllama/llama-7b,dummy-lora-7b-rank-128-3,570,10,587.158996910664
5831,huggyllama/llama-7b,dummy-lora-7b-rank-8-1,576,33,587.2361270153668
5832,huggyllama/llama-7b,dummy-lora-7b-rank-128-1,308,56,587.244871595056
5833,huggyllama/llama-7b,dummy-lora-7b-rank-32-1,393,136,587.5606812734277
5834,huggyllama/llama-7b,dummy-lora-7b-rank-8-4,566,17,587.6378464481597
5835,huggyllama/llama-7b,dummy-lora-7b-rank-8-3,81,46,587.6839279308622
5836,huggyllama/llama-7b,dummy-lora-7b-rank-16-3,110,46,587.7100587157933
5837,huggyllama/llama-7b,dummy-lora-7b-rank-128-2,597,13,587.7322234582564
5838,huggyllama/llama-7b,dummy-lora-7b-rank-32-4,658,70,587.7329493609993
5839,huggyllama/llama-7b,dummy-lora-7b-rank-128-2,550,20,587.7785438168571
5840,huggyllama/llama-7b,dummy-lora-7b-rank-16-1,631,34,587.8023312957604
5841,huggyllama/llama-7b,dummy-lora-7b-rank-32-0,910,2,587.9699102316767
5842,huggyllama/llama-7b,dummy-lora-7b-rank-64-0,598,28,588.0912846414468
5843,huggyllama/llama-7b,dummy-lora-7b-rank-32-2,556,21,588.0962568043504
5844,huggyllama/llama-7b,dummy-lora-7b-rank-32-3,548,17,588.097687052827
5845,huggyllama/llama-7b,dummy-lora-7b-rank-8-1,228,128,588.1543233692529
5846,huggyllama/llama-7b,dummy-lora-7b-rank-64-2,601,30,588.2193488994392
5847,huggyllama/llama-7b,dummy-lora-7b-rank-64-0,566,28,588.5395250330517
5848,huggyllama/llama-7b,dummy-lora-7b-rank-16-4,601,18,588.5781068928325
5849,huggyllama/llama-7b,dummy-lora-7b-rank-64-3,638,8,588.8006586668475
5850,huggyllama/llama-7b,dummy-lora-7b-rank-32-1,533,34,588.8060756052864
5851,huggyllama/llama-7b,dummy-lora-7b-rank-64-0,619,55,588.8772929240005
5852,huggyllama/llama-7b,dummy-lora-7b-rank-32-0,572,29,588.8974279324798
5853,huggyllama/llama-7b,dummy-lora-7b-rank-128-4,552,51,588.9934572612945
5854,huggyllama/llama-7b,dummy-lora-7b-rank-16-2,598,17,589.257902330068
5855,huggyllama/llama-7b,dummy-lora-7b-rank-8-3,564,24,589.3193101350577
5856,huggyllama/llama-7b,dummy-lora-7b-rank-8-4,564,25,589.3721509194977
5857,huggyllama/llama-7b,dummy-lora-7b-rank-32-1,828,17,589.534988433163
5858,huggyllama/llama-7b,dummy-lora-7b-rank-32-2,326,138,589.5777365441558
5859,huggyllama/llama-7b,dummy-lora-7b-rank-16-3,99,41,589.6691455802663
5860,huggyllama/llama-7b,dummy-lora-7b-rank-16-1,539,15,589.7320481237738
5861,huggyllama/llama-7b,dummy-lora-7b-rank-32-2,374,7,589.9892915758802
5862,huggyllama/llama-7b,dummy-lora-7b-rank-32-1,887,7,590.0145842951825
5863,huggyllama/llama-7b,dummy-lora-7b-rank-128-2,603,19,590.0909575799287
5864,huggyllama/llama-7b,dummy-lora-7b-rank-16-1,566,26,590.3935593781958
5865,huggyllama/llama-7b,dummy-lora-7b-rank-8-1,379,39,590.4686649516925
5866,huggyllama/llama-7b,dummy-lora-7b-rank-32-4,676,78,590.4850793605593
5867,huggyllama/llama-7b,dummy-lora-7b-rank-64-1,386,44,590.522790823323
5868,huggyllama/llama-7b,dummy-lora-7b-rank-64-2,389,67,590.6572732053156
5869,huggyllama/llama-7b,dummy-lora-7b-rank-32-0,564,50,590.7049691921296
5870,huggyllama/llama-7b,dummy-lora-7b-rank-32-2,447,7,590.8412028690664
5871,huggyllama/llama-7b,dummy-lora-7b-rank-16-1,550,10,590.9117697136865
5872,huggyllama/llama-7b,dummy-lora-7b-rank-32-1,425,48,591.0339345839691
5873,huggyllama/llama-7b,dummy-lora-7b-rank-64-3,237,159,591.1345196605328
5874,huggyllama/llama-7b,dummy-lora-7b-rank-128-0,123,44,591.2182707523799
5875,huggyllama/llama-7b,dummy-lora-7b-rank-64-3,351,230,591.3394382762217
5876,huggyllama/llama-7b,dummy-lora-7b-rank-128-3,471,48,591.503542223231
5877,huggyllama/llama-7b,dummy-lora-7b-rank-32-4,552,21,591.5053180629068
5878,huggyllama/llama-7b,dummy-lora-7b-rank-64-2,394,48,591.5283248536864
5879,huggyllama/llama-7b,dummy-lora-7b-rank-8-2,570,30,591.6423011357148
5880,huggyllama/llama-7b,dummy-lora-7b-rank-64-3,433,51,591.6723832507762
5881,huggyllama/llama-7b,dummy-lora-7b-rank-16-2,968,42,591.817326348249
5882,huggyllama/llama-7b,dummy-lora-7b-rank-32-2,175,51,591.820905739223
5883,huggyllama/llama-7b,dummy-lora-7b-rank-16-4,189,143,591.9032477425413
5884,huggyllama/llama-7b,dummy-lora-7b-rank-64-3,339,13,592.0519942232402
5885,huggyllama/llama-7b,dummy-lora-7b-rank-128-4,444,43,592.1762584737852
5886,huggyllama/llama-7b,dummy-lora-7b-rank-64-1,246,160,592.180555034864
5887,huggyllama/llama-7b,dummy-lora-7b-rank-8-1,584,78,592.2631194858781
5888,huggyllama/llama-7b,dummy-lora-7b-rank-16-1,476,57,592.4313665949666
5889,huggyllama/llama-7b,dummy-lora-7b-rank-16-3,308,50,592.5712733801647
5890,huggyllama/llama-7b,dummy-lora-7b-rank-16-0,562,24,592.5945007935785
5891,huggyllama/llama-7b,dummy-lora-7b-rank-16-2,649,9,592.896083531785
5892,huggyllama/llama-7b,dummy-lora-7b-rank-8-2,106,47,592.9276479908891
5893,huggyllama/llama-7b,dummy-lora-7b-rank-8-0,568,13,592.9348025545423
5894,huggyllama/llama-7b,dummy-lora-7b-rank-16-0,712,70,592.9686703904126
5895,huggyllama/llama-7b,dummy-lora-7b-rank-32-0,157,121,592.9975874519786
5896,huggyllama/llama-7b,dummy-lora-7b-rank-32-2,703,3,593.0182271742585
5897,huggyllama/llama-7b,dummy-lora-7b-rank-16-4,369,6,593.0436513707724
5898,huggyllama/llama-7b,dummy-lora-7b-rank-8-4,725,86,593.1174499691261
5899,huggyllama/llama-7b,dummy-lora-7b-rank-128-3,538,75,593.3210850071083
5900,huggyllama/llama-7b,dummy-lora-7b-rank-32-0,570,31,593.3349529569981
5901,huggyllama/llama-7b,dummy-lora-7b-rank-8-4,256,7,593.3861080459037
5902,huggyllama/llama-7b,dummy-lora-7b-rank-16-3,601,18,593.5166397863615
5903,huggyllama/llama-7b,dummy-lora-7b-rank-128-1,95,28,593.6363393877119
5904,huggyllama/llama-7b,dummy-lora-7b-rank-64-3,491,65,593.6999119710954
5905,huggyllama/llama-7b,dummy-lora-7b-rank-64-2,318,48,593.7466393030529
5906,huggyllama/llama-7b,dummy-lora-7b-rank-8-4,580,34,593.9341558743033
5907,huggyllama/llama-7b,dummy-lora-7b-rank-16-4,533,58,593.9735968455178
5908,huggyllama/llama-7b,dummy-lora-7b-rank-8-1,371,52,594.0248606400112
5909,huggyllama/llama-7b,dummy-lora-7b-rank-32-0,554,20,594.079284713923
5910,huggyllama/llama-7b,dummy-lora-7b-rank-32-0,600,27,594.3990801585961
5911,huggyllama/llama-7b,dummy-lora-7b-rank-128-3,692,5,594.4232023768171
5912,huggyllama/llama-7b,dummy-lora-7b-rank-8-2,713,11,594.447991329105
5913,huggyllama/llama-7b,dummy-lora-7b-rank-16-3,558,14,594.4494686203869
5914,huggyllama/llama-7b,dummy-lora-7b-rank-16-4,568,29,594.4514523405402
5915,huggyllama/llama-7b,dummy-lora-7b-rank-32-4,539,38,594.5921159948792
5916,huggyllama/llama-7b,dummy-lora-7b-rank-128-0,602,32,594.6342357655218
5917,huggyllama/llama-7b,dummy-lora-7b-rank-32-0,613,18,594.6433535033258
5918,huggyllama/llama-7b,dummy-lora-7b-rank-32-0,605,20,594.8690269476092
5919,huggyllama/llama-7b,dummy-lora-7b-rank-128-0,450,6,594.8768776453784
5920,huggyllama/llama-7b,dummy-lora-7b-rank-32-0,670,69,595.175916425047
5921,huggyllama/llama-7b,dummy-lora-7b-rank-32-4,566,10,595.2991046341178
5922,huggyllama/llama-7b,dummy-lora-7b-rank-64-0,552,11,595.3135855504411
5923,huggyllama/llama-7b,dummy-lora-7b-rank-128-2,552,17,595.6019577965981
5924,huggyllama/llama-7b,dummy-lora-7b-rank-32-2,632,11,595.6178733883548
5925,huggyllama/llama-7b,dummy-lora-7b-rank-32-0,548,17,595.6578207702154
5926,huggyllama/llama-7b,dummy-lora-7b-rank-128-3,197,55,595.7423554569035
5927,huggyllama/llama-7b,dummy-lora-7b-rank-16-2,276,113,596.1712531840714
5928,huggyllama/llama-7b,dummy-lora-7b-rank-8-4,207,151,596.2708105114936
5929,huggyllama/llama-7b,dummy-lora-7b-rank-64-2,139,84,596.318796858312
5930,huggyllama/llama-7b,dummy-lora-7b-rank-16-2,377,43,596.3988492952219
5931,huggyllama/llama-7b,dummy-lora-7b-rank-8-3,554,22,596.5693773279917
5932,huggyllama/llama-7b,dummy-lora-7b-rank-8-2,594,25,596.5909617423016
5933,huggyllama/llama-7b,dummy-lora-7b-rank-8-0,572,32,596.6178476344904
5934,huggyllama/llama-7b,dummy-lora-7b-rank-32-3,522,53,596.8781207593842
5935,huggyllama/llama-7b,dummy-lora-7b-rank-64-3,536,52,596.8863789455793
5936,huggyllama/llama-7b,dummy-lora-7b-rank-128-1,300,194,596.8979480239767
5937,huggyllama/llama-7b,dummy-lora-7b-rank-16-1,564,27,596.933076969228
5938,huggyllama/llama-7b,dummy-lora-7b-rank-8-2,529,53,596.967353463044
5939,huggyllama/llama-7b,dummy-lora-7b-rank-128-4,546,16,597.0231614168227
5940,huggyllama/llama-7b,dummy-lora-7b-rank-8-1,704,41,597.1015692023514
5941,huggyllama/llama-7b,dummy-lora-7b-rank-64-2,520,9,597.1361344626534
5942,huggyllama/llama-7b,dummy-lora-7b-rank-64-4,619,23,597.2440556123017
5943,huggyllama/llama-7b,dummy-lora-7b-rank-128-2,524,55,597.2845579090085
5944,huggyllama/llama-7b,dummy-lora-7b-rank-8-1,677,9,597.3412399178794
5945,huggyllama/llama-7b,dummy-lora-7b-rank-128-3,223,38,597.4986926434528
5946,huggyllama/llama-7b,dummy-lora-7b-rank-8-3,568,31,597.5693922357963
5947,huggyllama/llama-7b,dummy-lora-7b-rank-128-3,542,11,597.6186860410394
5948,huggyllama/llama-7b,dummy-lora-7b-rank-8-4,552,11,597.6502204259973
5949,huggyllama/llama-7b,dummy-lora-7b-rank-128-4,543,42,597.7321565876689
5950,huggyllama/llama-7b,dummy-lora-7b-rank-32-2,746,44,597.9777473386937
5951,huggyllama/llama-7b,dummy-lora-7b-rank-8-3,83,48,598.3025916512196
5952,huggyllama/llama-7b,dummy-lora-7b-rank-16-1,586,39,598.3050770288081
5953,huggyllama/llama-7b,dummy-lora-7b-rank-8-1,323,122,598.3520177015546
5954,huggyllama/llama-7b,dummy-lora-7b-rank-128-1,618,49,598.5615467084867
5955,huggyllama/llama-7b,dummy-lora-7b-rank-8-1,544,15,598.7160005486993
5956,huggyllama/llama-7b,dummy-lora-7b-rank-16-1,205,47,598.7599260758236
5957,huggyllama/llama-7b,dummy-lora-7b-rank-16-2,604,52,598.8241887284111
5958,huggyllama/llama-7b,dummy-lora-7b-rank-32-0,827,68,598.8346047885815
5959,huggyllama/llama-7b,dummy-lora-7b-rank-128-0,432,62,598.8514324805758
5960,huggyllama/llama-7b,dummy-lora-7b-rank-32-1,540,10,599.0834312157436
5961,huggyllama/llama-7b,dummy-lora-7b-rank-128-0,210,214,599.2296351990486
5962,huggyllama/llama-7b,dummy-lora-7b-rank-32-4,568,19,599.3459247460864
5963,huggyllama/llama-7b,dummy-lora-7b-rank-8-0,207,51,599.4170302056289
5964,huggyllama/llama-7b,dummy-lora-7b-rank-32-4,558,26,599.6021485192393
5965,huggyllama/llama-7b,dummy-lora-7b-rank-64-0,554,22,599.6734827887263
5966,huggyllama/llama-7b,dummy-lora-7b-rank-128-4,869,11,599.6828835878356
