req_id,model_dir,adapter_dir,prompt_len,output_len,req_time
0,huggyllama/llama-7b,dummy-lora-7b-rank-8-0,772,57,0
1,huggyllama/llama-7b,dummy-lora-7b-rank-8-1,1660,57,0.18641880506423306
2,huggyllama/llama-7b,dummy-lora-7b-rank-16-0,1108,69,0.20836424753569643
3,huggyllama/llama-7b,dummy-lora-7b-rank-128-0,2862,25,0.2107380256586077
4,huggyllama/llama-7b,dummy-lora-7b-rank-8-2,836,91,0.30602918877527846
5,huggyllama/llama-7b,dummy-lora-7b-rank-16-1,1572,73,0.45672581283622576
6,huggyllama/llama-7b,dummy-lora-7b-rank-16-2,1385,90,0.46347466261158854
7,huggyllama/llama-7b,dummy-lora-7b-rank-16-3,1923,68,0.464072974101289
8,huggyllama/llama-7b,dummy-lora-7b-rank-8-3,992,128,0.6898012333955583
9,huggyllama/llama-7b,dummy-lora-7b-rank-16-4,1666,67,0.9831270103244423
10,huggyllama/llama-7b,dummy-lora-7b-rank-128-1,3707,28,1.079818559769501
11,huggyllama/llama-7b,dummy-lora-7b-rank-16-5,1749,79,1.0874291857469485
12,huggyllama/llama-7b,dummy-lora-7b-rank-64-0,2596,129,1.2669239305128044
13,huggyllama/llama-7b,dummy-lora-7b-rank-16-6,1115,65,1.2912976610476725
14,huggyllama/llama-7b,dummy-lora-7b-rank-32-0,622,52,1.343838754404598
15,huggyllama/llama-7b,dummy-lora-7b-rank-16-7,2432,52,1.3567394403213489
16,huggyllama/llama-7b,dummy-lora-7b-rank-16-8,2444,57,1.3765706758151075
17,huggyllama/llama-7b,dummy-lora-7b-rank-32-1,1221,69,1.533455475977772
18,huggyllama/llama-7b,dummy-lora-7b-rank-8-4,1048,79,1.5455385127871235
19,huggyllama/llama-7b,dummy-lora-7b-rank-16-9,2351,95,1.5519499200737183
20,huggyllama/llama-7b,dummy-lora-7b-rank-8-5,1425,90,1.5684716234660967
21,huggyllama/llama-7b,dummy-lora-7b-rank-8-6,955,57,1.647446144395102
22,huggyllama/llama-7b,dummy-lora-7b-rank-16-10,2551,234,1.7908721806788217
23,huggyllama/llama-7b,dummy-lora-7b-rank-16-11,353,71,1.822552838951246
24,huggyllama/llama-7b,dummy-lora-7b-rank-8-7,1606,52,2.0098204416603034
25,huggyllama/llama-7b,dummy-lora-7b-rank-16-0,1617,57,2.029950183971049
26,huggyllama/llama-7b,dummy-lora-7b-rank-8-8,978,52,2.0314816537277665
27,huggyllama/llama-7b,dummy-lora-7b-rank-16-1,968,57,2.09838611640468
28,huggyllama/llama-7b,dummy-lora-7b-rank-8-9,753,57,2.4564774897739783
29,huggyllama/llama-7b,dummy-lora-7b-rank-16-2,1381,52,2.4568149322627466
30,huggyllama/llama-7b,dummy-lora-7b-rank-8-10,1304,70,2.5835375653524437
31,huggyllama/llama-7b,dummy-lora-7b-rank-8-11,1100,90,2.698384818548954
32,huggyllama/llama-7b,dummy-lora-7b-rank-16-3,2545,90,2.7172167051336684
33,huggyllama/llama-7b,dummy-lora-7b-rank-8-12,1763,428,2.827599334632631
34,huggyllama/llama-7b,dummy-lora-7b-rank-8-13,3410,86,2.9030956022158723
35,huggyllama/llama-7b,dummy-lora-7b-rank-16-4,2121,69,2.9093902024871245
36,huggyllama/llama-7b,dummy-lora-7b-rank-8-14,1025,67,2.9944386882139558
37,huggyllama/llama-7b,dummy-lora-7b-rank-8-15,1385,292,3.060149123622921
38,huggyllama/llama-7b,dummy-lora-7b-rank-16-5,809,133,3.2135946061116027
39,huggyllama/llama-7b,dummy-lora-7b-rank-16-6,2842,465,3.232815849414126
40,huggyllama/llama-7b,dummy-lora-7b-rank-32-2,852,52,3.23960363486127
41,huggyllama/llama-7b,dummy-lora-7b-rank-8-0,1384,57,3.292153813208278
42,huggyllama/llama-7b,dummy-lora-7b-rank-8-1,862,57,3.4030166493258722
43,huggyllama/llama-7b,dummy-lora-7b-rank-8-2,1257,69,3.4550995996115086
44,huggyllama/llama-7b,dummy-lora-7b-rank-8-3,807,79,3.461874406501392
45,huggyllama/llama-7b,dummy-lora-7b-rank-16-7,434,52,3.468039221200041
46,huggyllama/llama-7b,dummy-lora-7b-rank-8-4,3088,180,3.558655507991547
47,huggyllama/llama-7b,dummy-lora-7b-rank-8-5,1326,90,3.625456142210378
48,huggyllama/llama-7b,dummy-lora-7b-rank-128-2,2941,22,3.643561229588515
49,huggyllama/llama-7b,dummy-lora-7b-rank-16-8,440,65,3.666909654099818
50,huggyllama/llama-7b,dummy-lora-7b-rank-32-3,818,57,3.6752289093036787
51,huggyllama/llama-7b,dummy-lora-7b-rank-16-9,698,79,3.732853703539469
52,huggyllama/llama-7b,dummy-lora-7b-rank-16-10,764,57,3.8359164267436148
53,huggyllama/llama-7b,dummy-lora-7b-rank-8-6,1969,57,3.9432620738436643
54,huggyllama/llama-7b,dummy-lora-7b-rank-16-11,2592,198,4.016993257639503
55,huggyllama/llama-7b,dummy-lora-7b-rank-8-7,422,67,4.121016394080913
56,huggyllama/llama-7b,dummy-lora-7b-rank-8-8,1472,57,4.1666749585226945
57,huggyllama/llama-7b,dummy-lora-7b-rank-16-0,1929,242,4.185714502023573
58,huggyllama/llama-7b,dummy-lora-7b-rank-16-1,1609,129,4.2479856197585555
59,huggyllama/llama-7b,dummy-lora-7b-rank-8-9,633,90,4.311022472371897
60,huggyllama/llama-7b,dummy-lora-7b-rank-16-2,1686,61,4.356745929599979
61,huggyllama/llama-7b,dummy-lora-7b-rank-8-10,1179,69,4.387479153192401
62,huggyllama/llama-7b,dummy-lora-7b-rank-8-11,1379,89,4.389309129766104
63,huggyllama/llama-7b,dummy-lora-7b-rank-8-12,1637,125,4.445194797329013
64,huggyllama/llama-7b,dummy-lora-7b-rank-32-4,1655,52,4.578069266560099
65,huggyllama/llama-7b,dummy-lora-7b-rank-32-5,1575,67,4.682455802604796
66,huggyllama/llama-7b,dummy-lora-7b-rank-16-3,2145,57,4.900313864776412
67,huggyllama/llama-7b,dummy-lora-7b-rank-8-13,2132,70,4.956030811094936
68,huggyllama/llama-7b,dummy-lora-7b-rank-16-4,2052,59,5.030099437379543
69,huggyllama/llama-7b,dummy-lora-7b-rank-16-5,1212,62,5.06148158883498
70,huggyllama/llama-7b,dummy-lora-7b-rank-16-6,660,57,5.068619795328152
71,huggyllama/llama-7b,dummy-lora-7b-rank-16-7,647,52,5.114654737930483
72,huggyllama/llama-7b,dummy-lora-7b-rank-8-14,1790,57,5.171539754402435
73,huggyllama/llama-7b,dummy-lora-7b-rank-16-8,567,73,5.195978377723605
74,huggyllama/llama-7b,dummy-lora-7b-rank-8-15,1920,705,5.26049478586462
75,huggyllama/llama-7b,dummy-lora-7b-rank-16-9,1282,89,5.397963664365856
76,huggyllama/llama-7b,dummy-lora-7b-rank-8-0,1258,93,5.405205699317111
77,huggyllama/llama-7b,dummy-lora-7b-rank-8-1,758,57,5.436471043757206
78,huggyllama/llama-7b,dummy-lora-7b-rank-8-2,607,57,5.4542127315320545
79,huggyllama/llama-7b,dummy-lora-7b-rank-8-3,753,52,5.535082121821064
80,huggyllama/llama-7b,dummy-lora-7b-rank-128-0,3180,31,5.540779708458342
81,huggyllama/llama-7b,dummy-lora-7b-rank-8-4,962,57,5.627281792598328
82,huggyllama/llama-7b,dummy-lora-7b-rank-8-5,701,57,5.674043534407237
83,huggyllama/llama-7b,dummy-lora-7b-rank-8-6,1000,57,5.7544456966348765
84,huggyllama/llama-7b,dummy-lora-7b-rank-16-10,3095,182,5.796093886883222
85,huggyllama/llama-7b,dummy-lora-7b-rank-8-7,596,79,5.872135253871396
86,huggyllama/llama-7b,dummy-lora-7b-rank-16-11,1547,447,5.930188340496775
87,huggyllama/llama-7b,dummy-lora-7b-rank-16-0,562,81,5.9562363049182245
88,huggyllama/llama-7b,dummy-lora-7b-rank-16-1,573,60,5.985632737112833
89,huggyllama/llama-7b,dummy-lora-7b-rank-8-8,1234,94,6.012096015366612
90,huggyllama/llama-7b,dummy-lora-7b-rank-16-2,666,57,6.04185584716451
91,huggyllama/llama-7b,dummy-lora-7b-rank-8-9,615,121,6.118078913954329
92,huggyllama/llama-7b,dummy-lora-7b-rank-8-10,1636,124,6.190447349237834
93,huggyllama/llama-7b,dummy-lora-7b-rank-8-11,535,60,6.249746377360204
94,huggyllama/llama-7b,dummy-lora-7b-rank-16-3,1323,427,6.680530649944517
95,huggyllama/llama-7b,dummy-lora-7b-rank-128-1,2848,20,6.827136432757014
96,huggyllama/llama-7b,dummy-lora-7b-rank-16-4,1052,77,7.09188602231014
97,huggyllama/llama-7b,dummy-lora-7b-rank-16-5,656,57,7.107473269579776
98,huggyllama/llama-7b,dummy-lora-7b-rank-16-6,930,57,7.135961202766163
99,huggyllama/llama-7b,dummy-lora-7b-rank-8-12,934,79,7.206343918788841
100,huggyllama/llama-7b,dummy-lora-7b-rank-8-13,870,52,7.224371134823416
101,huggyllama/llama-7b,dummy-lora-7b-rank-8-14,621,57,7.241853251453057
102,huggyllama/llama-7b,dummy-lora-7b-rank-8-15,809,57,7.2873301160931945
103,huggyllama/llama-7b,dummy-lora-7b-rank-64-1,2869,516,7.497569765153006
104,huggyllama/llama-7b,dummy-lora-7b-rank-8-0,693,57,7.522826037581576
105,huggyllama/llama-7b,dummy-lora-7b-rank-8-1,1882,52,7.530470407807901
106,huggyllama/llama-7b,dummy-lora-7b-rank-64-2,2688,522,7.569782457749389
107,huggyllama/llama-7b,dummy-lora-7b-rank-8-2,582,57,7.680450615508078
108,huggyllama/llama-7b,dummy-lora-7b-rank-8-3,1660,146,7.737374567651812
109,huggyllama/llama-7b,dummy-lora-7b-rank-16-7,1659,107,7.757971538023928
110,huggyllama/llama-7b,dummy-lora-7b-rank-8-4,1947,836,7.818464593414247
111,huggyllama/llama-7b,dummy-lora-7b-rank-8-5,2398,496,7.835661181784163
112,huggyllama/llama-7b,dummy-lora-7b-rank-128-2,2861,19,7.870975836089475
113,huggyllama/llama-7b,dummy-lora-7b-rank-128-0,2861,25,7.883409293944855
114,huggyllama/llama-7b,dummy-lora-7b-rank-8-6,1031,57,7.973610266904029
115,huggyllama/llama-7b,dummy-lora-7b-rank-16-8,934,57,7.999203981821368
116,huggyllama/llama-7b,dummy-lora-7b-rank-16-9,1019,178,8.11872351563159
117,huggyllama/llama-7b,dummy-lora-7b-rank-8-7,2917,166,8.15100118753799
118,huggyllama/llama-7b,dummy-lora-7b-rank-128-1,2853,20,8.233804382858786
119,huggyllama/llama-7b,dummy-lora-7b-rank-8-8,1150,79,8.243694043491145
120,huggyllama/llama-7b,dummy-lora-7b-rank-8-9,1553,120,8.25506325965118
121,huggyllama/llama-7b,dummy-lora-7b-rank-8-10,1316,75,8.381669085725534
122,huggyllama/llama-7b,dummy-lora-7b-rank-8-11,3591,88,8.462551454571805
123,huggyllama/llama-7b,dummy-lora-7b-rank-16-10,801,289,8.60371922189223
124,huggyllama/llama-7b,dummy-lora-7b-rank-16-11,1168,240,8.612609533615545
125,huggyllama/llama-7b,dummy-lora-7b-rank-8-12,1075,57,8.638904090624939
126,huggyllama/llama-7b,dummy-lora-7b-rank-8-13,872,52,8.647885252249075
127,huggyllama/llama-7b,dummy-lora-7b-rank-8-14,1624,67,8.692998717285924
128,huggyllama/llama-7b,dummy-lora-7b-rank-8-15,1629,128,8.851869236709417
129,huggyllama/llama-7b,dummy-lora-7b-rank-8-0,1869,57,9.022809814385
130,huggyllama/llama-7b,dummy-lora-7b-rank-8-1,836,55,9.023977884538429
131,huggyllama/llama-7b,dummy-lora-7b-rank-8-2,856,57,9.044484005009723
132,huggyllama/llama-7b,dummy-lora-7b-rank-8-3,918,57,9.104964081842782
133,huggyllama/llama-7b,dummy-lora-7b-rank-16-0,410,65,9.112283988137598
134,huggyllama/llama-7b,dummy-lora-7b-rank-16-1,906,81,9.231154594084806
135,huggyllama/llama-7b,dummy-lora-7b-rank-32-6,917,86,9.233140313345634
136,huggyllama/llama-7b,dummy-lora-7b-rank-8-4,959,57,9.252595170678843
137,huggyllama/llama-7b,dummy-lora-7b-rank-64-3,2709,372,9.331141399218259
138,huggyllama/llama-7b,dummy-lora-7b-rank-8-5,846,82,9.362160151070407
139,huggyllama/llama-7b,dummy-lora-7b-rank-16-2,1309,63,9.364262677346577
140,huggyllama/llama-7b,dummy-lora-7b-rank-8-6,811,294,9.380888209197039
141,huggyllama/llama-7b,dummy-lora-7b-rank-16-3,1247,249,9.466183287511816
142,huggyllama/llama-7b,dummy-lora-7b-rank-16-4,1921,429,9.516864553613338
143,huggyllama/llama-7b,dummy-lora-7b-rank-64-4,3591,453,9.58322391688532
144,huggyllama/llama-7b,dummy-lora-7b-rank-16-5,1540,404,9.918875364751536
145,huggyllama/llama-7b,dummy-lora-7b-rank-32-7,1156,57,9.967441126019628
146,huggyllama/llama-7b,dummy-lora-7b-rank-64-5,2768,176,10.005117877746317
147,huggyllama/llama-7b,dummy-lora-7b-rank-8-7,1572,291,10.138965738771926
148,huggyllama/llama-7b,dummy-lora-7b-rank-32-8,1144,80,10.145169489142354
149,huggyllama/llama-7b,dummy-lora-7b-rank-16-6,588,52,10.161029286114458
150,huggyllama/llama-7b,dummy-lora-7b-rank-16-7,1407,624,10.212995429384751
151,huggyllama/llama-7b,dummy-lora-7b-rank-8-8,3306,302,10.404727655791357
152,huggyllama/llama-7b,dummy-lora-7b-rank-128-2,2869,32,10.434656208833639
153,huggyllama/llama-7b,dummy-lora-7b-rank-8-9,3119,183,10.51061970447825
154,huggyllama/llama-7b,dummy-lora-7b-rank-8-10,2546,227,10.802157036216663
155,huggyllama/llama-7b,dummy-lora-7b-rank-32-9,1030,305,10.820327016381103
156,huggyllama/llama-7b,dummy-lora-7b-rank-128-0,2940,20,10.820664458869869
157,huggyllama/llama-7b,dummy-lora-7b-rank-16-8,1251,313,11.076108422867353
158,huggyllama/llama-7b,dummy-lora-7b-rank-128-1,2848,24,11.24713985044376
159,huggyllama/llama-7b,dummy-lora-7b-rank-64-6,2942,438,11.310228617286139
160,huggyllama/llama-7b,dummy-lora-7b-rank-8-11,1254,57,11.367554904704944
161,huggyllama/llama-7b,dummy-lora-7b-rank-8-12,741,57,11.501000430455482
162,huggyllama/llama-7b,dummy-lora-7b-rank-32-0,1257,248,11.514718765479632
163,huggyllama/llama-7b,dummy-lora-7b-rank-8-13,1604,57,11.517742769321286
164,huggyllama/llama-7b,dummy-lora-7b-rank-8-14,950,57,11.522700578194724
165,huggyllama/llama-7b,dummy-lora-7b-rank-16-9,1654,70,11.535043186149283
166,huggyllama/llama-7b,dummy-lora-7b-rank-16-10,1147,52,11.550059376899467
167,huggyllama/llama-7b,dummy-lora-7b-rank-8-15,1564,57,11.558521396233191
168,huggyllama/llama-7b,dummy-lora-7b-rank-16-11,951,57,11.666230442936527
169,huggyllama/llama-7b,dummy-lora-7b-rank-8-0,387,57,11.668099355182013
170,huggyllama/llama-7b,dummy-lora-7b-rank-16-0,938,52,11.670136988671883
171,huggyllama/llama-7b,dummy-lora-7b-rank-16-1,858,59,11.678378372532181
172,huggyllama/llama-7b,dummy-lora-7b-rank-8-1,1257,57,11.708877982093918
173,huggyllama/llama-7b,dummy-lora-7b-rank-8-2,1067,59,11.718767642726275
174,huggyllama/llama-7b,dummy-lora-7b-rank-16-2,374,52,11.718923385413401
175,huggyllama/llama-7b,dummy-lora-7b-rank-8-3,1940,865,11.86691787385275
176,huggyllama/llama-7b,dummy-lora-7b-rank-16-3,869,305,11.883815955405677
177,huggyllama/llama-7b,dummy-lora-7b-rank-16-4,660,82,11.907488843848489
178,huggyllama/llama-7b,dummy-lora-7b-rank-16-5,819,57,11.976067540411982
179,huggyllama/llama-7b,dummy-lora-7b-rank-16-6,579,57,11.998001302181912
180,huggyllama/llama-7b,dummy-lora-7b-rank-16-7,1186,57,12.000584035076715
181,huggyllama/llama-7b,dummy-lora-7b-rank-128-2,2854,19,12.025489886459255
182,huggyllama/llama-7b,dummy-lora-7b-rank-16-8,1110,126,12.040376291636834
183,huggyllama/llama-7b,dummy-lora-7b-rank-16-9,646,71,12.05679416657113
184,huggyllama/llama-7b,dummy-lora-7b-rank-8-4,1817,57,12.078416442966812
185,huggyllama/llama-7b,dummy-lora-7b-rank-16-10,1175,79,12.083815522787104
186,huggyllama/llama-7b,dummy-lora-7b-rank-8-5,552,57,12.08577528493341
187,huggyllama/llama-7b,dummy-lora-7b-rank-8-6,1154,144,12.132679790872182
188,huggyllama/llama-7b,dummy-lora-7b-rank-8-7,2184,198,12.168150187864615
189,huggyllama/llama-7b,dummy-lora-7b-rank-16-11,2849,492,12.334029128208677
190,huggyllama/llama-7b,dummy-lora-7b-rank-8-8,1284,93,12.365450215335896
191,huggyllama/llama-7b,dummy-lora-7b-rank-8-9,1825,97,12.437636950817758
192,huggyllama/llama-7b,dummy-lora-7b-rank-8-10,1515,57,12.696637039504566
193,huggyllama/llama-7b,dummy-lora-7b-rank-8-11,1006,64,12.794041111743216
194,huggyllama/llama-7b,dummy-lora-7b-rank-8-12,1883,83,12.817908678544931
195,huggyllama/llama-7b,dummy-lora-7b-rank-16-0,3543,61,12.91322320306467
196,huggyllama/llama-7b,dummy-lora-7b-rank-16-1,1288,216,12.985825252378861
197,huggyllama/llama-7b,dummy-lora-7b-rank-16-2,1336,57,12.991406032000796
198,huggyllama/llama-7b,dummy-lora-7b-rank-8-13,993,61,13.057986030746202
199,huggyllama/llama-7b,dummy-lora-7b-rank-16-3,1065,57,13.089913281606574
200,huggyllama/llama-7b,dummy-lora-7b-rank-16-4,1967,97,13.098738700543585
201,huggyllama/llama-7b,dummy-lora-7b-rank-16-5,1025,106,13.174144118226005
202,huggyllama/llama-7b,dummy-lora-7b-rank-8-14,702,57,13.200360803891837
203,huggyllama/llama-7b,dummy-lora-7b-rank-8-15,1635,127,13.284461854938664
204,huggyllama/llama-7b,dummy-lora-7b-rank-8-0,1217,57,13.305876474418183
205,huggyllama/llama-7b,dummy-lora-7b-rank-16-6,1357,72,13.329627234204555
206,huggyllama/llama-7b,dummy-lora-7b-rank-8-1,609,61,13.350912068111468
207,huggyllama/llama-7b,dummy-lora-7b-rank-8-2,691,81,13.363241697508766
208,huggyllama/llama-7b,dummy-lora-7b-rank-8-3,1331,669,13.377907467212921
209,huggyllama/llama-7b,dummy-lora-7b-rank-16-7,773,262,13.402177369289705
210,huggyllama/llama-7b,dummy-lora-7b-rank-16-8,1588,166,13.444487465958327
211,huggyllama/llama-7b,dummy-lora-7b-rank-8-4,1617,128,13.456168167492608
212,huggyllama/llama-7b,dummy-lora-7b-rank-8-5,1144,126,13.605551361558812
213,huggyllama/llama-7b,dummy-lora-7b-rank-16-9,649,52,13.617880990956108
214,huggyllama/llama-7b,dummy-lora-7b-rank-8-6,2537,561,13.764538687997648
215,huggyllama/llama-7b,dummy-lora-7b-rank-128-0,2921,28,13.801008433899126
216,huggyllama/llama-7b,dummy-lora-7b-rank-16-10,1898,59,13.987769872875031
217,huggyllama/llama-7b,dummy-lora-7b-rank-16-11,1475,57,13.989197514173666
218,huggyllama/llama-7b,dummy-lora-7b-rank-8-7,1477,57,13.996725077384648
219,huggyllama/llama-7b,dummy-lora-7b-rank-8-8,1388,63,14.031896967560096
220,huggyllama/llama-7b,dummy-lora-7b-rank-8-9,1152,144,14.040852172069712
221,huggyllama/llama-7b,dummy-lora-7b-rank-8-10,1360,86,14.2434474509032
222,huggyllama/llama-7b,dummy-lora-7b-rank-8-11,912,881,14.320669866602064
223,huggyllama/llama-7b,dummy-lora-7b-rank-64-7,2719,714,14.353635402043258
224,huggyllama/llama-7b,dummy-lora-7b-rank-16-0,1930,845,14.422811112240726
225,huggyllama/llama-7b,dummy-lora-7b-rank-16-1,1244,57,14.52365450215336
226,huggyllama/llama-7b,dummy-lora-7b-rank-16-2,2037,59,14.567392240120613
227,huggyllama/llama-7b,dummy-lora-7b-rank-16-3,2089,87,14.691207676384
228,huggyllama/llama-7b,dummy-lora-7b-rank-128-1,3155,26,14.806716836000787
229,huggyllama/llama-7b,dummy-lora-7b-rank-128-2,2850,21,14.984133713749266
230,huggyllama/llama-7b,dummy-lora-7b-rank-32-1,653,313,15.10444493955237
231,huggyllama/llama-7b,dummy-lora-7b-rank-64-8,2088,125,15.141563613316865
232,huggyllama/llama-7b,dummy-lora-7b-rank-16-4,3880,199,15.385690275383354
233,huggyllama/llama-7b,dummy-lora-7b-rank-16-5,1111,69,15.431504582512261
234,huggyllama/llama-7b,dummy-lora-7b-rank-16-6,884,79,15.501848362863157
235,huggyllama/llama-7b,dummy-lora-7b-rank-16-7,856,90,15.532218186852289
236,huggyllama/llama-7b,dummy-lora-7b-rank-8-12,1137,131,15.845520559116247
237,huggyllama/llama-7b,dummy-lora-7b-rank-8-13,908,57,16.045779697642878
238,huggyllama/llama-7b,dummy-lora-7b-rank-32-2,831,72,16.194643749418667
239,huggyllama/llama-7b,dummy-lora-7b-rank-16-8,1212,57,16.324299536449196
240,huggyllama/llama-7b,dummy-lora-7b-rank-8-14,3581,282,16.488088929074348
241,huggyllama/llama-7b,dummy-lora-7b-rank-8-15,1016,56,16.489256999227777
242,huggyllama/llama-7b,dummy-lora-7b-rank-16-9,468,52,16.60956822503088
243,huggyllama/llama-7b,dummy-lora-7b-rank-8-0,1140,126,16.90820482759068
244,huggyllama/llama-7b,dummy-lora-7b-rank-16-10,829,57,16.95700420288946
245,huggyllama/llama-7b,dummy-lora-7b-rank-128-0,2951,38,17.14363585629276
246,huggyllama/llama-7b,dummy-lora-7b-rank-128-1,2940,8,17.270695931871227
247,huggyllama/llama-7b,dummy-lora-7b-rank-16-11,1472,57,17.744023915154845
248,huggyllama/llama-7b,dummy-lora-7b-rank-8-1,879,57,17.75168126393843
249,huggyllama/llama-7b,dummy-lora-7b-rank-16-0,2874,52,17.788410580985115
250,huggyllama/llama-7b,dummy-lora-7b-rank-8-2,687,285,17.985554865769274
251,huggyllama/llama-7b,dummy-lora-7b-rank-8-3,615,117,18.024750108695418
252,huggyllama/llama-7b,dummy-lora-7b-rank-8-4,493,69,18.026307535566655
253,huggyllama/llama-7b,dummy-lora-7b-rank-8-5,1113,237,18.16829295199448
254,huggyllama/llama-7b,dummy-lora-7b-rank-16-1,696,57,18.244736654257725
255,huggyllama/llama-7b,dummy-lora-7b-rank-8-6,2022,59,18.33584612622512
256,huggyllama/llama-7b,dummy-lora-7b-rank-8-7,1699,185,18.357260745704636
257,huggyllama/llama-7b,dummy-lora-7b-rank-16-2,2636,63,18.433704447967884
258,huggyllama/llama-7b,dummy-lora-7b-rank-8-8,684,88,18.52533306222569
259,huggyllama/llama-7b,dummy-lora-7b-rank-16-3,654,116,18.562321950417587
260,huggyllama/llama-7b,dummy-lora-7b-rank-16-4,1243,57,18.589836491809447
261,huggyllama/llama-7b,dummy-lora-7b-rank-16-5,2107,87,18.61942760236296
262,huggyllama/llama-7b,dummy-lora-7b-rank-8-9,593,289,18.703269082264583
263,huggyllama/llama-7b,dummy-lora-7b-rank-8-10,1739,81,18.761283233218187
264,huggyllama/llama-7b,dummy-lora-7b-rank-16-6,1631,131,18.859011769388342
265,huggyllama/llama-7b,dummy-lora-7b-rank-8-11,2013,73,18.978025139465412
266,huggyllama/llama-7b,dummy-lora-7b-rank-16-7,630,52,19.092755585646582
267,huggyllama/llama-7b,dummy-lora-7b-rank-8-12,1572,266,19.184903342194804
268,huggyllama/llama-7b,dummy-lora-7b-rank-128-2,3012,17,19.18762883921947
269,huggyllama/llama-7b,dummy-lora-7b-rank-8-13,921,57,19.39866018027216
270,huggyllama/llama-7b,dummy-lora-7b-rank-8-14,819,251,19.608523451171422
271,huggyllama/llama-7b,dummy-lora-7b-rank-16-8,581,90,19.60969152132485
272,huggyllama/llama-7b,dummy-lora-7b-rank-8-15,367,57,19.924421534887443
273,huggyllama/llama-7b,dummy-lora-7b-rank-8-0,1063,364,19.986718609736947
274,huggyllama/llama-7b,dummy-lora-7b-rank-8-1,837,57,19.995414243101354
275,huggyllama/llama-7b,dummy-lora-7b-rank-32-3,744,65,20.154141998394987
276,huggyllama/llama-7b,dummy-lora-7b-rank-16-9,959,52,20.336101371184576
277,huggyllama/llama-7b,dummy-lora-7b-rank-16-10,1059,57,20.393336808702557
278,huggyllama/llama-7b,dummy-lora-7b-rank-16-11,797,57,20.410338718713565
279,huggyllama/llama-7b,dummy-lora-7b-rank-128-0,3145,19,20.51624374595772
280,huggyllama/llama-7b,dummy-lora-7b-rank-8-2,1143,126,20.82007177142165
281,huggyllama/llama-7b,dummy-lora-7b-rank-128-1,2860,24,20.860954226791634
282,huggyllama/llama-7b,dummy-lora-7b-rank-16-0,2605,776,20.87380299847935
283,huggyllama/llama-7b,dummy-lora-7b-rank-16-1,785,117,20.88379648756979
284,huggyllama/llama-7b,dummy-lora-7b-rank-16-2,668,52,20.91585352400276
285,huggyllama/llama-7b,dummy-lora-7b-rank-8-3,1613,125,21.13233585910478
286,huggyllama/llama-7b,dummy-lora-7b-rank-8-4,1095,57,21.181265019976163
287,huggyllama/llama-7b,dummy-lora-7b-rank-8-5,1210,321,21.237462172913315
288,huggyllama/llama-7b,dummy-lora-7b-rank-16-3,959,82,21.289635973099777
289,huggyllama/llama-7b,dummy-lora-7b-rank-16-4,1950,316,21.86393713186863
290,huggyllama/llama-7b,dummy-lora-7b-rank-8-6,1007,87,21.93025755946883
291,huggyllama/llama-7b,dummy-lora-7b-rank-8-7,1199,370,22.084442819721353
292,huggyllama/llama-7b,dummy-lora-7b-rank-16-5,1408,117,22.211762466445023
293,huggyllama/llama-7b,dummy-lora-7b-rank-128-2,2931,25,22.37996456853868
294,huggyllama/llama-7b,dummy-lora-7b-rank-8-8,1977,222,22.417991741311397
295,huggyllama/llama-7b,dummy-lora-7b-rank-8-9,328,59,22.569970646829663
296,huggyllama/llama-7b,dummy-lora-7b-rank-32-4,673,90,22.644467565503863
297,huggyllama/llama-7b,dummy-lora-7b-rank-8-10,1085,79,22.775680779405626
298,huggyllama/llama-7b,dummy-lora-7b-rank-64-0,2432,268,22.7869721242221
299,huggyllama/llama-7b,dummy-lora-7b-rank-16-6,584,90,22.912864129647133
300,huggyllama/llama-7b,dummy-lora-7b-rank-8-11,686,57,23.08833422380657
301,huggyllama/llama-7b,dummy-lora-7b-rank-8-12,408,52,23.153356795680736
302,huggyllama/llama-7b,dummy-lora-7b-rank-16-7,2522,797,23.20124767197129
303,huggyllama/llama-7b,dummy-lora-7b-rank-16-8,1330,883,23.28560829416333
304,huggyllama/llama-7b,dummy-lora-7b-rank-8-13,917,52,23.538171018449017
305,huggyllama/llama-7b,dummy-lora-7b-rank-32-5,754,61,23.955820991085893
306,huggyllama/llama-7b,dummy-lora-7b-rank-8-14,482,57,23.98346531805036
307,huggyllama/llama-7b,dummy-lora-7b-rank-16-9,892,94,24.057702665579352
308,huggyllama/llama-7b,dummy-lora-7b-rank-8-15,524,57,24.15465248831389
309,huggyllama/llama-7b,dummy-lora-7b-rank-16-10,810,125,24.327137514303452
310,huggyllama/llama-7b,dummy-lora-7b-rank-8-0,1931,86,24.414872561383167
311,huggyllama/llama-7b,dummy-lora-7b-rank-8-1,1170,70,24.47716963623267
312,huggyllama/llama-7b,dummy-lora-7b-rank-16-11,1235,97,24.493133261662855
313,huggyllama/llama-7b,dummy-lora-7b-rank-16-0,1191,60,24.52350308565199
314,huggyllama/llama-7b,dummy-lora-7b-rank-16-1,903,57,24.542451779252048
315,huggyllama/llama-7b,dummy-lora-7b-rank-8-2,1062,88,24.609031777997455
316,huggyllama/llama-7b,dummy-lora-7b-rank-8-3,3076,79,24.852769083346132
317,huggyllama/llama-7b,dummy-lora-7b-rank-8-4,2229,388,25.05289843630016
318,huggyllama/llama-7b,dummy-lora-7b-rank-8-5,3050,113,25.08910861105643
319,huggyllama/llama-7b,dummy-lora-7b-rank-128-0,2961,27,25.110653016108554
320,huggyllama/llama-7b,dummy-lora-7b-rank-32-6,520,90,25.480282326882268
321,huggyllama/llama-7b,dummy-lora-7b-rank-8-6,1056,75,25.678335110674645
322,huggyllama/llama-7b,dummy-lora-7b-rank-128-1,2852,27,25.729989768570693
323,huggyllama/llama-7b,dummy-lora-7b-rank-8-7,1191,57,25.76827651248862
324,huggyllama/llama-7b,dummy-lora-7b-rank-8-8,700,57,25.82758851916825
325,huggyllama/llama-7b,dummy-lora-7b-rank-8-9,1267,193,25.834596940088815
326,huggyllama/llama-7b,dummy-lora-7b-rank-16-2,905,507,26.076776818566255
327,huggyllama/llama-7b,dummy-lora-7b-rank-8-10,1505,57,26.09793186690057
328,huggyllama/llama-7b,dummy-lora-7b-rank-8-11,1380,63,26.116101847065007
329,huggyllama/llama-7b,dummy-lora-7b-rank-8-12,1097,57,26.11701034607323
330,huggyllama/llama-7b,dummy-lora-7b-rank-128-2,3233,25,26.17749042290629
331,huggyllama/llama-7b,dummy-lora-7b-rank-16-3,1215,90,26.234596074851666
332,huggyllama/llama-7b,dummy-lora-7b-rank-16-4,1427,248,26.544524022227943
333,huggyllama/llama-7b,dummy-lora-7b-rank-8-13,753,52,26.67379045254066
334,huggyllama/llama-7b,dummy-lora-7b-rank-32-7,3270,411,26.74724908663403
335,huggyllama/llama-7b,dummy-lora-7b-rank-16-5,1672,70,26.78073376436564
336,huggyllama/llama-7b,dummy-lora-7b-rank-8-14,1845,59,26.831090566535657
337,huggyllama/llama-7b,dummy-lora-7b-rank-16-6,1597,115,26.838098987456224
338,huggyllama/llama-7b,dummy-lora-7b-rank-64-1,2233,138,26.855490254185042
339,huggyllama/llama-7b,dummy-lora-7b-rank-16-7,1544,115,26.919344755905783
340,huggyllama/llama-7b,dummy-lora-7b-rank-16-8,1606,57,27.136086662153012
341,huggyllama/llama-7b,dummy-lora-7b-rank-16-9,2213,130,27.19202424394496
342,huggyllama/llama-7b,dummy-lora-7b-rank-64-2,2731,287,27.490531060932163
343,huggyllama/llama-7b,dummy-lora-7b-rank-16-10,1967,78,27.633165405223004
344,huggyllama/llama-7b,dummy-lora-7b-rank-16-11,1827,57,27.64082275400659
345,huggyllama/llama-7b,dummy-lora-7b-rank-8-15,813,57,27.97502060345965
346,huggyllama/llama-7b,dummy-lora-7b-rank-32-8,1283,57,28.002664930424118
347,huggyllama/llama-7b,dummy-lora-7b-rank-8-0,794,57,28.0059095697392
348,huggyllama/llama-7b,dummy-lora-7b-rank-16-0,1129,61,28.03316453998585
349,huggyllama/llama-7b,dummy-lora-7b-rank-16-1,893,60,28.037707035026965
350,huggyllama/llama-7b,dummy-lora-7b-rank-16-2,1205,57,28.11129545469294
351,huggyllama/llama-7b,dummy-lora-7b-rank-16-3,830,88,28.13245050302725
352,huggyllama/llama-7b,dummy-lora-7b-rank-16-4,886,261,28.176707383284917
353,huggyllama/llama-7b,dummy-lora-7b-rank-8-1,1476,90,28.20577935154802
354,huggyllama/llama-7b,dummy-lora-7b-rank-16-5,926,179,28.289880402594846
355,huggyllama/llama-7b,dummy-lora-7b-rank-16-6,1145,102,28.307790811614076
356,huggyllama/llama-7b,dummy-lora-7b-rank-8-2,752,86,28.391632291515702
357,huggyllama/llama-7b,dummy-lora-7b-rank-8-3,614,57,28.544649481614794
358,huggyllama/llama-7b,dummy-lora-7b-rank-8-4,1057,90,28.55074940352714
359,huggyllama/llama-7b,dummy-lora-7b-rank-32-9,2571,128,28.559964179181964
360,huggyllama/llama-7b,dummy-lora-7b-rank-16-7,603,79,28.79150164070595
361,huggyllama/llama-7b,dummy-lora-7b-rank-16-8,2379,317,28.829918170196475
362,huggyllama/llama-7b,dummy-lora-7b-rank-8-5,1566,90,28.8309564547773
363,huggyllama/llama-7b,dummy-lora-7b-rank-8-6,1583,67,28.858211425023956
364,huggyllama/llama-7b,dummy-lora-7b-rank-32-0,757,59,28.862364563347253
365,huggyllama/llama-7b,dummy-lora-7b-rank-8-7,902,57,28.88650467985144
366,huggyllama/llama-7b,dummy-lora-7b-rank-32-1,839,52,28.9429614039338
367,huggyllama/llama-7b,dummy-lora-7b-rank-32-2,1946,106,29.00798397580797
368,huggyllama/llama-7b,dummy-lora-7b-rank-16-9,1360,335,29.029787952005297
369,huggyllama/llama-7b,dummy-lora-7b-rank-16-10,845,57,29.036796372925867
370,huggyllama/llama-7b,dummy-lora-7b-rank-8-8,2267,67,29.150099177808396
371,huggyllama/llama-7b,dummy-lora-7b-rank-16-11,871,95,29.22148124274012
372,huggyllama/llama-7b,dummy-lora-7b-rank-8-9,1634,134,29.26288284040052
373,huggyllama/llama-7b,dummy-lora-7b-rank-64-3,2311,148,29.36787936863645
374,huggyllama/llama-7b,dummy-lora-7b-rank-8-10,710,57,29.473784395880603
375,huggyllama/llama-7b,dummy-lora-7b-rank-32-3,1397,415,29.499611724828632
376,huggyllama/llama-7b,dummy-lora-7b-rank-16-0,1589,166,29.510383927354688
377,huggyllama/llama-7b,dummy-lora-7b-rank-128-0,3000,21,29.58059792213298
378,huggyllama/llama-7b,dummy-lora-7b-rank-8-11,1857,136,29.747242597355402
379,huggyllama/llama-7b,dummy-lora-7b-rank-16-1,3354,448,29.90103850089011
380,huggyllama/llama-7b,dummy-lora-7b-rank-128-1,2858,24,29.971122710095806
381,huggyllama/llama-7b,dummy-lora-7b-rank-16-2,2290,164,29.976573704145135
382,huggyllama/llama-7b,dummy-lora-7b-rank-32-4,2131,191,29.976963060862946
383,huggyllama/llama-7b,dummy-lora-7b-rank-8-12,1680,59,30.050421694956317
384,huggyllama/llama-7b,dummy-lora-7b-rank-32-5,1706,90,30.113757054386646
385,huggyllama/llama-7b,dummy-lora-7b-rank-8-13,1513,59,30.214211087581468
386,huggyllama/llama-7b,dummy-lora-7b-rank-8-14,1639,129,30.29805256748309
387,huggyllama/llama-7b,dummy-lora-7b-rank-16-3,887,57,30.347111513927075
388,huggyllama/llama-7b,dummy-lora-7b-rank-8-15,1972,68,30.477286443248016
389,huggyllama/llama-7b,dummy-lora-7b-rank-128-2,2857,19,30.47845451340144
390,huggyllama/llama-7b,dummy-lora-7b-rank-8-0,862,79,30.5141455458673
391,huggyllama/llama-7b,dummy-lora-7b-rank-64-4,2387,330,30.901036337797237
392,huggyllama/llama-7b,dummy-lora-7b-rank-64-5,3296,463,31.30038654469707
393,huggyllama/llama-7b,dummy-lora-7b-rank-8-1,729,250,31.5172582365169
394,huggyllama/llama-7b,dummy-lora-7b-rank-16-4,1008,338,31.636271606593976
395,huggyllama/llama-7b,dummy-lora-7b-rank-16-5,1942,881,31.68675819433659
396,huggyllama/llama-7b,dummy-lora-7b-rank-8-2,551,52,31.807069420139694
397,huggyllama/llama-7b,dummy-lora-7b-rank-8-3,564,57,31.830041466490446
398,huggyllama/llama-7b,dummy-lora-7b-rank-64-6,2798,302,31.844058308331586
399,huggyllama/llama-7b,dummy-lora-7b-rank-16-6,599,331,31.867679282545353
400,huggyllama/llama-7b,dummy-lora-7b-rank-16-7,1831,61,31.885849262709794
401,huggyllama/llama-7b,dummy-lora-7b-rank-8-4,471,100,32.08610840123642
402,huggyllama/llama-7b,dummy-lora-7b-rank-16-8,1736,57,32.194219783214834
403,huggyllama/llama-7b,dummy-lora-7b-rank-8-5,1741,426,32.2469127256917
404,huggyllama/llama-7b,dummy-lora-7b-rank-16-9,1809,57,32.354504965379704
405,huggyllama/llama-7b,dummy-lora-7b-rank-16-10,1214,57,32.50920936792263
406,huggyllama/llama-7b,dummy-lora-7b-rank-8-6,1247,57,32.581240360717366
407,huggyllama/llama-7b,dummy-lora-7b-rank-8-7,1608,124,32.73386819409865
408,huggyllama/llama-7b,dummy-lora-7b-rank-32-6,634,59,32.76800179969327
409,huggyllama/llama-7b,dummy-lora-7b-rank-8-8,2580,91,32.800318407271455
410,huggyllama/llama-7b,dummy-lora-7b-rank-8-9,915,57,33.34308167189774
411,huggyllama/llama-7b,dummy-lora-7b-rank-16-11,2286,161,33.35865594061012
412,huggyllama/llama-7b,dummy-lora-7b-rank-16-0,759,57,33.40550853231986
413,huggyllama/llama-7b,dummy-lora-7b-rank-32-7,830,264,33.56722135578335
414,huggyllama/llama-7b,dummy-lora-7b-rank-8-10,3428,426,33.600835819087564
415,huggyllama/llama-7b,dummy-lora-7b-rank-16-1,1394,325,33.92776567647485
416,huggyllama/llama-7b,dummy-lora-7b-rank-32-8,1636,52,33.995903102091496
417,huggyllama/llama-7b,dummy-lora-7b-rank-32-9,817,259,34.02069214645869
418,huggyllama/llama-7b,dummy-lora-7b-rank-8-11,592,57,34.02860906638748
419,huggyllama/llama-7b,dummy-lora-7b-rank-8-12,3385,260,34.03289199028339
420,huggyllama/llama-7b,dummy-lora-7b-rank-16-2,1851,52,34.104533626360315
421,huggyllama/llama-7b,dummy-lora-7b-rank-16-3,1863,57,34.14567565287551
422,huggyllama/llama-7b,dummy-lora-7b-rank-16-4,554,57,34.15735635440979
423,huggyllama/llama-7b,dummy-lora-7b-rank-32-0,1556,84,34.217576860097644
424,huggyllama/llama-7b,dummy-lora-7b-rank-8-13,1945,775,34.23029584621275
425,huggyllama/llama-7b,dummy-lora-7b-rank-16-5,1903,660,34.33308601971443
426,huggyllama/llama-7b,dummy-lora-7b-rank-16-6,2473,415,34.3445071501035
427,huggyllama/llama-7b,dummy-lora-7b-rank-32-1,820,57,34.34917943071722
428,huggyllama/llama-7b,dummy-lora-7b-rank-8-14,622,52,34.34930921628982
429,huggyllama/llama-7b,dummy-lora-7b-rank-8-15,727,57,34.34969857300763
430,huggyllama/llama-7b,dummy-lora-7b-rank-8-0,461,87,34.354500639193944
431,huggyllama/llama-7b,dummy-lora-7b-rank-8-1,649,57,34.38058753928718
432,huggyllama/llama-7b,dummy-lora-7b-rank-8-2,2059,193,34.40122344533107
433,huggyllama/llama-7b,dummy-lora-7b-rank-64-7,2145,6,34.40965950755027
434,huggyllama/llama-7b,dummy-lora-7b-rank-64-8,2379,122,34.55904270161648
435,huggyllama/llama-7b,dummy-lora-7b-rank-8-3,678,59,34.617446209287884
436,huggyllama/llama-7b,dummy-lora-7b-rank-16-7,800,82,34.61978234959475
437,huggyllama/llama-7b,dummy-lora-7b-rank-8-4,1945,703,34.62159934761119
438,huggyllama/llama-7b,dummy-lora-7b-rank-16-8,1017,226,34.72244273752382
439,huggyllama/llama-7b,dummy-lora-7b-rank-8-5,2770,371,34.85235809569956
440,huggyllama/llama-7b,dummy-lora-7b-rank-8-6,2294,413,34.99317544197395
441,huggyllama/llama-7b,dummy-lora-7b-rank-16-9,3521,433,35.04418117200698
442,huggyllama/llama-7b,dummy-lora-7b-rank-16-10,1478,525,35.26014436481859
443,huggyllama/llama-7b,dummy-lora-7b-rank-128-0,3079,21,35.37098124382167
444,huggyllama/llama-7b,dummy-lora-7b-rank-8-7,579,82,35.428086895767045
445,huggyllama/llama-7b,dummy-lora-7b-rank-8-8,1439,52,35.65131808064443
446,huggyllama/llama-7b,dummy-lora-7b-rank-8-9,2288,80,35.8075799100586
447,huggyllama/llama-7b,dummy-lora-7b-rank-16-11,1316,613,35.96254388374673
448,huggyllama/llama-7b,dummy-lora-7b-rank-8-10,1729,52,36.285839745101136
449,huggyllama/llama-7b,dummy-lora-7b-rank-16-0,1395,57,36.45183549246054
450,huggyllama/llama-7b,dummy-lora-7b-rank-32-2,936,57,36.46481404972085
451,huggyllama/llama-7b,dummy-lora-7b-rank-64-0,2245,5,36.47182247064142
452,huggyllama/llama-7b,dummy-lora-7b-rank-8-11,573,57,36.5081624309703
453,huggyllama/llama-7b,dummy-lora-7b-rank-8-12,2302,75,36.56137451573758
454,huggyllama/llama-7b,dummy-lora-7b-rank-8-13,480,100,36.73697439546962
455,huggyllama/llama-7b,dummy-lora-7b-rank-8-14,787,57,37.084669944473404
456,huggyllama/llama-7b,dummy-lora-7b-rank-16-1,825,57,37.218089513109426
457,huggyllama/llama-7b,dummy-lora-7b-rank-16-2,1465,57,37.30322884873708
458,huggyllama/llama-7b,dummy-lora-7b-rank-8-15,804,77,37.33567524188786
459,huggyllama/llama-7b,dummy-lora-7b-rank-8-0,1230,57,37.4119891585785
460,huggyllama/llama-7b,dummy-lora-7b-rank-8-1,1324,57,37.515817616661
461,huggyllama/llama-7b,dummy-lora-7b-rank-8-2,1323,57,37.76150170559873
462,huggyllama/llama-7b,dummy-lora-7b-rank-8-3,1511,57,37.926848525095124
463,huggyllama/llama-7b,dummy-lora-7b-rank-16-3,920,79,37.93788029876639
464,huggyllama/llama-7b,dummy-lora-7b-rank-8-4,761,75,38.37954060233484
465,huggyllama/llama-7b,dummy-lora-7b-rank-16-4,1630,132,38.48323927484474
466,huggyllama/llama-7b,dummy-lora-7b-rank-64-1,2907,440,38.66351143519049
467,huggyllama/llama-7b,dummy-lora-7b-rank-16-5,806,57,38.665198647634334
468,huggyllama/llama-7b,dummy-lora-7b-rank-8-5,2756,401,38.665977361069956
469,huggyllama/llama-7b,dummy-lora-7b-rank-16-6,1589,67,38.67103899840147
470,huggyllama/llama-7b,dummy-lora-7b-rank-8-6,1301,69,38.69271318902619
471,huggyllama/llama-7b,dummy-lora-7b-rank-8-7,1370,59,38.704134319415274
472,huggyllama/llama-7b,dummy-lora-7b-rank-8-8,1394,57,38.70647045972213
473,huggyllama/llama-7b,dummy-lora-7b-rank-8-9,815,57,38.84949416073078
474,huggyllama/llama-7b,dummy-lora-7b-rank-16-7,1587,166,38.93969513368995
475,huggyllama/llama-7b,dummy-lora-7b-rank-8-10,723,57,39.00458791999152
476,huggyllama/llama-7b,dummy-lora-7b-rank-16-8,1984,59,39.02120047328472
477,huggyllama/llama-7b,dummy-lora-7b-rank-8-11,804,90,39.08739111531232
478,huggyllama/llama-7b,dummy-lora-7b-rank-16-9,1290,79,39.139564915498774
479,huggyllama/llama-7b,dummy-lora-7b-rank-8-12,687,82,39.154230685202926
480,huggyllama/llama-7b,dummy-lora-7b-rank-32-3,944,52,39.58862299670561
481,huggyllama/llama-7b,dummy-lora-7b-rank-16-10,1149,363,39.59018042357685
482,huggyllama/llama-7b,dummy-lora-7b-rank-64-2,3064,610,39.61380139779062
483,huggyllama/llama-7b,dummy-lora-7b-rank-8-13,3723,278,39.69971944685389
484,huggyllama/llama-7b,dummy-lora-7b-rank-64-3,2555,351,39.7914778466843
485,huggyllama/llama-7b,dummy-lora-7b-rank-16-11,2272,900,39.79848626760487
486,huggyllama/llama-7b,dummy-lora-7b-rank-8-14,1063,57,39.96266501694783
487,huggyllama/llama-7b,dummy-lora-7b-rank-8-15,459,63,39.96928408115059
488,huggyllama/llama-7b,dummy-lora-7b-rank-8-0,1483,57,40.14047125141412
489,huggyllama/llama-7b,dummy-lora-7b-rank-16-0,564,57,40.48998379843435
490,huggyllama/llama-7b,dummy-lora-7b-rank-16-1,2853,79,40.56564878726198
491,huggyllama/llama-7b,dummy-lora-7b-rank-16-2,552,79,40.62794586211148
492,huggyllama/llama-7b,dummy-lora-7b-rank-16-3,1184,57,40.65416254777732
493,huggyllama/llama-7b,dummy-lora-7b-rank-8-1,656,351,40.66519432144858
494,huggyllama/llama-7b,dummy-lora-7b-rank-8-2,1082,429,40.67142402893353
495,huggyllama/llama-7b,dummy-lora-7b-rank-8-3,1404,67,40.72359782911999
496,huggyllama/llama-7b,dummy-lora-7b-rank-8-4,1246,82,40.81613494238602
497,huggyllama/llama-7b,dummy-lora-7b-rank-16-4,1976,69,40.92411653879183
498,huggyllama/llama-7b,dummy-lora-7b-rank-16-5,2436,411,41.132681953965054
499,huggyllama/llama-7b,dummy-lora-7b-rank-8-5,1118,52,41.18706210888577
500,huggyllama/llama-7b,dummy-lora-7b-rank-16-6,590,52,41.204972517905
501,huggyllama/llama-7b,dummy-lora-7b-rank-16-7,1214,57,41.22794456425576
502,huggyllama/llama-7b,dummy-lora-7b-rank-16-8,571,57,41.28725657093539
503,huggyllama/llama-7b,dummy-lora-7b-rank-8-6,774,69,41.32035189194918
504,huggyllama/llama-7b,dummy-lora-7b-rank-8-7,969,263,41.41185072063439
505,huggyllama/llama-7b,dummy-lora-7b-rank-8-8,579,61,41.441182260042694
506,huggyllama/llama-7b,dummy-lora-7b-rank-16-9,1094,88,41.51113668367579
507,huggyllama/llama-7b,dummy-lora-7b-rank-16-10,1761,57,41.658313523007735
508,huggyllama/llama-7b,dummy-lora-7b-rank-16-11,1931,106,41.962141548471664
509,huggyllama/llama-7b,dummy-lora-7b-rank-16-0,2202,118,42.31022645419326
510,huggyllama/llama-7b,dummy-lora-7b-rank-16-1,1205,427,42.38757865546473
511,huggyllama/llama-7b,dummy-lora-7b-rank-16-2,1882,57,42.42236118892237
512,huggyllama/llama-7b,dummy-lora-7b-rank-8-9,700,67,42.55928496801867
513,huggyllama/llama-7b,dummy-lora-7b-rank-8-10,886,79,42.77784387228235
514,huggyllama/llama-7b,dummy-lora-7b-rank-128-1,2852,20,42.81716890078109
515,huggyllama/llama-7b,dummy-lora-7b-rank-8-11,456,74,42.85740242828807
516,huggyllama/llama-7b,dummy-lora-7b-rank-8-12,804,97,42.893482817471735
517,huggyllama/llama-7b,dummy-lora-7b-rank-8-13,436,52,43.112820435171024
518,huggyllama/llama-7b,dummy-lora-7b-rank-16-3,1216,57,43.11515657547788
519,huggyllama/llama-7b,dummy-lora-7b-rank-16-4,356,57,43.12437135113271
520,huggyllama/llama-7b,dummy-lora-7b-rank-8-14,705,82,43.33877711707308
521,huggyllama/llama-7b,dummy-lora-7b-rank-16-5,1331,558,43.338906902645675
522,huggyllama/llama-7b,dummy-lora-7b-rank-8-15,2904,57,43.457271344859734
523,huggyllama/llama-7b,dummy-lora-7b-rank-8-0,1696,82,43.48154124693652
524,huggyllama/llama-7b,dummy-lora-7b-rank-128-2,2858,23,43.51580463810375
525,huggyllama/llama-7b,dummy-lora-7b-rank-16-6,1142,126,43.5886143443341
526,huggyllama/llama-7b,dummy-lora-7b-rank-8-1,824,723,43.64338385597262
527,huggyllama/llama-7b,dummy-lora-7b-rank-8-2,508,59,43.695817227304296
528,huggyllama/llama-7b,dummy-lora-7b-rank-8-3,601,57,43.71671270449339
529,huggyllama/llama-7b,dummy-lora-7b-rank-16-7,588,79,43.80263075355666
530,huggyllama/llama-7b,dummy-lora-7b-rank-16-8,1819,682,43.92086541019811
531,huggyllama/llama-7b,dummy-lora-7b-rank-32-4,620,122,43.98523905420927
532,huggyllama/llama-7b,dummy-lora-7b-rank-8-4,1338,57,44.07816552419311
533,huggyllama/llama-7b,dummy-lora-7b-rank-16-9,1326,52,44.114635270094595
534,huggyllama/llama-7b,dummy-lora-7b-rank-16-10,1245,69,44.157464509053625
535,huggyllama/llama-7b,dummy-lora-7b-rank-32-5,650,269,44.19925546343183
536,huggyllama/llama-7b,dummy-lora-7b-rank-8-5,2206,57,44.225601934670266
537,huggyllama/llama-7b,dummy-lora-7b-rank-8-6,2650,164,44.42638021548731
538,huggyllama/llama-7b,dummy-lora-7b-rank-16-11,1261,290,44.478294444528565
539,huggyllama/llama-7b,dummy-lora-7b-rank-8-7,1647,547,44.72514660361972
540,huggyllama/llama-7b,dummy-lora-7b-rank-16-0,550,72,45.018851354420605
541,huggyllama/llama-7b,dummy-lora-7b-rank-8-8,643,57,45.03611283557682
542,huggyllama/llama-7b,dummy-lora-7b-rank-16-1,1616,57,45.09905883828934
543,huggyllama/llama-7b,dummy-lora-7b-rank-16-2,631,82,45.19146616598277
544,huggyllama/llama-7b,dummy-lora-7b-rank-128-0,2964,41,45.2714140787063
545,huggyllama/llama-7b,dummy-lora-7b-rank-8-9,695,57,45.31047953605984
546,huggyllama/llama-7b,dummy-lora-7b-rank-16-3,1234,57,45.425469553386215
547,huggyllama/llama-7b,dummy-lora-7b-rank-16-4,1865,59,45.43507368575885
548,huggyllama/llama-7b,dummy-lora-7b-rank-32-6,682,296,45.49750054618095
549,huggyllama/llama-7b,dummy-lora-7b-rank-8-10,1458,134,45.86466393107521
550,huggyllama/llama-7b,dummy-lora-7b-rank-16-5,1516,52,45.868427712680706
551,huggyllama/llama-7b,dummy-lora-7b-rank-16-6,1984,57,46.01508540972224
552,huggyllama/llama-7b,dummy-lora-7b-rank-64-4,2814,689,46.067778352199106
553,huggyllama/llama-7b,dummy-lora-7b-rank-16-7,2908,211,46.078420769152565
554,huggyllama/llama-7b,dummy-lora-7b-rank-8-11,351,52,46.07855055472517
555,huggyllama/llama-7b,dummy-lora-7b-rank-8-12,2234,79,46.209633983054324
556,huggyllama/llama-7b,dummy-lora-7b-rank-8-13,1692,158,46.21781047412833
557,huggyllama/llama-7b,dummy-lora-7b-rank-16-8,364,57,46.22585717962972
558,huggyllama/llama-7b,dummy-lora-7b-rank-16-9,1953,79,46.26258649667641
559,huggyllama/llama-7b,dummy-lora-7b-rank-8-14,1939,716,46.50723230103331
560,huggyllama/llama-7b,dummy-lora-7b-rank-8-15,965,57,46.52579163791555
561,huggyllama/llama-7b,dummy-lora-7b-rank-8-0,1410,99,46.54707647182247
562,huggyllama/llama-7b,dummy-lora-7b-rank-8-1,1662,71,46.591333352080134
563,huggyllama/llama-7b,dummy-lora-7b-rank-64-5,2141,129,46.591722708797946
564,huggyllama/llama-7b,dummy-lora-7b-rank-16-10,878,65,46.600158771017156
565,huggyllama/llama-7b,dummy-lora-7b-rank-8-2,1124,126,46.60781611980074
566,huggyllama/llama-7b,dummy-lora-7b-rank-16-11,955,57,46.64545393585564
567,huggyllama/llama-7b,dummy-lora-7b-rank-8-3,773,201,46.69035974397633
568,huggyllama/llama-7b,dummy-lora-7b-rank-8-4,1469,57,46.71047650772981
569,huggyllama/llama-7b,dummy-lora-7b-rank-8-5,977,57,46.73215069835453
570,huggyllama/llama-7b,dummy-lora-7b-rank-16-0,1033,81,46.836368513154845
571,huggyllama/llama-7b,dummy-lora-7b-rank-8-6,968,57,46.91527814129755
572,huggyllama/llama-7b,dummy-lora-7b-rank-8-7,1847,74,46.99782176547314
573,huggyllama/llama-7b,dummy-lora-7b-rank-16-1,1854,244,47.09191630561041
574,huggyllama/llama-7b,dummy-lora-7b-rank-32-7,875,75,47.16057287351747
575,huggyllama/llama-7b,dummy-lora-7b-rank-128-1,2853,20,47.18964484178057
576,huggyllama/llama-7b,dummy-lora-7b-rank-8-8,3037,116,47.22429758966561
577,huggyllama/llama-7b,dummy-lora-7b-rank-16-2,1867,124,47.5932779725763
578,huggyllama/llama-7b,dummy-lora-7b-rank-8-9,1384,52,47.936560812111594
579,huggyllama/llama-7b,dummy-lora-7b-rank-8-10,1237,210,47.936560812111594
580,huggyllama/llama-7b,dummy-lora-7b-rank-64-6,2310,266,48.15810478454513
581,huggyllama/llama-7b,dummy-lora-7b-rank-8-11,1875,232,48.199506382205534
582,huggyllama/llama-7b,dummy-lora-7b-rank-8-12,987,57,48.39509324011845
583,huggyllama/llama-7b,dummy-lora-7b-rank-16-3,1045,88,48.578480254206674
584,huggyllama/llama-7b,dummy-lora-7b-rank-32-8,1385,90,48.66582594456859
585,huggyllama/llama-7b,dummy-lora-7b-rank-8-13,692,277,48.74681214187294
586,huggyllama/llama-7b,dummy-lora-7b-rank-16-4,1637,57,48.769265045933274
587,huggyllama/llama-7b,dummy-lora-7b-rank-8-14,2353,353,48.81248364161012
588,huggyllama/llama-7b,dummy-lora-7b-rank-8-15,1161,52,48.9857473810353
589,huggyllama/llama-7b,dummy-lora-7b-rank-8-0,1337,67,49.150315487096066
590,huggyllama/llama-7b,dummy-lora-7b-rank-16-5,605,59,49.37653174014333
591,huggyllama/llama-7b,dummy-lora-7b-rank-8-1,847,64,49.46167107577099
592,huggyllama/llama-7b,dummy-lora-7b-rank-8-2,1410,57,49.49087282960669
593,huggyllama/llama-7b,dummy-lora-7b-rank-128-2,2918,27,49.491132400751894
594,huggyllama/llama-7b,dummy-lora-7b-rank-8-3,882,57,49.509302380916324
595,huggyllama/llama-7b,dummy-lora-7b-rank-8-4,720,52,49.52215115260404
596,huggyllama/llama-7b,dummy-lora-7b-rank-8-5,1456,83,49.581463159283665
597,huggyllama/llama-7b,dummy-lora-7b-rank-8-6,1145,119,49.62065840220981
598,huggyllama/llama-7b,dummy-lora-7b-rank-8-7,1350,297,49.98133250847392
599,huggyllama/llama-7b,dummy-lora-7b-rank-8-8,707,57,50.071273910287886
600,huggyllama/llama-7b,dummy-lora-7b-rank-16-6,895,57,50.16445995141694
601,huggyllama/llama-7b,dummy-lora-7b-rank-64-7,2661,365,50.17393429821696
602,huggyllama/llama-7b,dummy-lora-7b-rank-16-7,2106,295,50.191585136090985
603,huggyllama/llama-7b,dummy-lora-7b-rank-128-0,2989,21,50.22208474565272
604,huggyllama/llama-7b,dummy-lora-7b-rank-8-9,756,69,50.23233780588837
605,huggyllama/llama-7b,dummy-lora-7b-rank-32-9,660,52,50.25466092437611
606,huggyllama/llama-7b,dummy-lora-7b-rank-8-10,674,57,50.27555640156522
607,huggyllama/llama-7b,dummy-lora-7b-rank-8-11,901,82,50.3330514102284
608,huggyllama/llama-7b,dummy-lora-7b-rank-8-12,581,57,50.35031289138462
609,huggyllama/llama-7b,dummy-lora-7b-rank-16-8,570,81,50.36303187749972
610,huggyllama/llama-7b,dummy-lora-7b-rank-8-13,1497,90,50.38327842682581
611,huggyllama/llama-7b,dummy-lora-7b-rank-8-14,1157,76,50.393012344771044
612,huggyllama/llama-7b,dummy-lora-7b-rank-8-15,1530,103,50.433375657850625
613,huggyllama/llama-7b,dummy-lora-7b-rank-64-8,2680,417,50.84492570857515
614,huggyllama/llama-7b,dummy-lora-7b-rank-32-0,773,90,50.880486955468406
615,huggyllama/llama-7b,dummy-lora-7b-rank-8-0,931,90,51.039344496334635
616,huggyllama/llama-7b,dummy-lora-7b-rank-16-9,1189,301,51.113841415008835
617,huggyllama/llama-7b,dummy-lora-7b-rank-128-1,2849,26,51.42221193551387
618,huggyllama/llama-7b,dummy-lora-7b-rank-16-10,2781,798,51.6342815611474
619,huggyllama/llama-7b,dummy-lora-7b-rank-16-11,1634,133,51.95887527822782
620,huggyllama/llama-7b,dummy-lora-7b-rank-16-0,714,57,52.043365685992455
621,huggyllama/llama-7b,dummy-lora-7b-rank-8-1,1092,88,52.04985496462262
622,huggyllama/llama-7b,dummy-lora-7b-rank-16-1,1012,69,52.13733044055713
623,huggyllama/llama-7b,dummy-lora-7b-rank-8-2,1029,69,52.137590011702336
624,huggyllama/llama-7b,dummy-lora-7b-rank-16-2,1091,66,52.15095792568046
625,huggyllama/llama-7b,dummy-lora-7b-rank-32-1,791,57,52.266077728579425
626,huggyllama/llama-7b,dummy-lora-7b-rank-64-0,2186,161,52.39287823301269
627,huggyllama/llama-7b,dummy-lora-7b-rank-8-3,534,57,52.39586330118256
628,huggyllama/llama-7b,dummy-lora-7b-rank-16-3,487,64,52.4928131239171
629,huggyllama/llama-7b,dummy-lora-7b-rank-8-4,734,77,52.50293639858015
630,huggyllama/llama-7b,dummy-lora-7b-rank-8-5,2509,436,52.55614848334743
631,huggyllama/llama-7b,dummy-lora-7b-rank-8-6,1034,594,52.65257916379156
632,huggyllama/llama-7b,dummy-lora-7b-rank-16-4,576,57,52.99002165255969
633,huggyllama/llama-7b,dummy-lora-7b-rank-8-7,955,67,53.08411619269697
634,huggyllama/llama-7b,dummy-lora-7b-rank-8-8,4001,90,53.15264297503142
635,huggyllama/llama-7b,dummy-lora-7b-rank-16-5,1741,61,53.439339304911734
636,huggyllama/llama-7b,dummy-lora-7b-rank-16-6,598,333,53.52785306542707
637,huggyllama/llama-7b,dummy-lora-7b-rank-16-7,893,265,54.00909796863948
638,huggyllama/llama-7b,dummy-lora-7b-rank-8-9,3178,73,54.1008563684699
639,huggyllama/llama-7b,dummy-lora-7b-rank-8-10,761,57,54.15977901843172
640,huggyllama/llama-7b,dummy-lora-7b-rank-16-8,1817,780,54.31292599410341
641,huggyllama/llama-7b,dummy-lora-7b-rank-16-9,738,57,54.32863004838839
642,huggyllama/llama-7b,dummy-lora-7b-rank-16-10,1201,57,54.50812349529852
643,huggyllama/llama-7b,dummy-lora-7b-rank-16-11,767,55,54.51500213064649
644,huggyllama/llama-7b,dummy-lora-7b-rank-64-1,2972,619,54.526942403325975
645,huggyllama/llama-7b,dummy-lora-7b-rank-8-11,1350,57,54.544203884482194
646,huggyllama/llama-7b,dummy-lora-7b-rank-16-0,1083,88,54.61883058872899
647,huggyllama/llama-7b,dummy-lora-7b-rank-8-12,3343,114,54.71720805276216
648,huggyllama/llama-7b,dummy-lora-7b-rank-16-1,1220,57,54.72097183436765
649,huggyllama/llama-7b,dummy-lora-7b-rank-8-13,973,57,54.72798025528822
650,huggyllama/llama-7b,dummy-lora-7b-rank-8-14,901,103,54.74524173644444
651,huggyllama/llama-7b,dummy-lora-7b-rank-8-15,1977,83,54.75393736980885
652,huggyllama/llama-7b,dummy-lora-7b-rank-16-2,849,117,54.842451130324186
653,huggyllama/llama-7b,dummy-lora-7b-rank-16-3,913,63,55.023242432960345
654,huggyllama/llama-7b,dummy-lora-7b-rank-8-0,1154,135,55.05893346542621
655,huggyllama/llama-7b,dummy-lora-7b-rank-8-1,862,57,55.100205277514
656,huggyllama/llama-7b,dummy-lora-7b-rank-8-2,1833,65,55.141866446319604
657,huggyllama/llama-7b,dummy-lora-7b-rank-16-4,1598,116,55.18352761512521
658,huggyllama/llama-7b,dummy-lora-7b-rank-8-3,1107,88,55.197414671393744
659,huggyllama/llama-7b,dummy-lora-7b-rank-16-5,1853,362,55.22960149339932
660,huggyllama/llama-7b,dummy-lora-7b-rank-16-6,1027,69,55.23012063568974
661,huggyllama/llama-7b,dummy-lora-7b-rank-8-4,3242,197,55.234663130730844
662,huggyllama/llama-7b,dummy-lora-7b-rank-16-7,1145,126,55.249328900434996
663,huggyllama/llama-7b,dummy-lora-7b-rank-8-5,1177,57,55.30007505932282
664,huggyllama/llama-7b,dummy-lora-7b-rank-16-8,1491,52,55.35886792371204
665,huggyllama/llama-7b,dummy-lora-7b-rank-16-9,2098,267,55.395207884040914
666,huggyllama/llama-7b,dummy-lora-7b-rank-8-6,1227,67,55.436479696128714
667,huggyllama/llama-7b,dummy-lora-7b-rank-16-10,1110,82,55.50526604960837
668,huggyllama/llama-7b,dummy-lora-7b-rank-128-2,2853,22,55.631547411751214
669,huggyllama/llama-7b,dummy-lora-7b-rank-8-7,1092,57,55.790534738190054
670,huggyllama/llama-7b,dummy-lora-7b-rank-64-2,2891,572,55.8172705661463
671,huggyllama/llama-7b,dummy-lora-7b-rank-16-11,1004,64,55.937841363094606
672,huggyllama/llama-7b,dummy-lora-7b-rank-16-0,1063,84,56.089430911895064
673,huggyllama/llama-7b,dummy-lora-7b-rank-16-1,1087,206,56.517853087058
674,huggyllama/llama-7b,dummy-lora-7b-rank-8-8,713,52,56.57405023999516
675,huggyllama/llama-7b,dummy-lora-7b-rank-8-9,633,59,56.62090283170488
676,huggyllama/llama-7b,dummy-lora-7b-rank-8-10,726,57,56.64218766561179
677,huggyllama/llama-7b,dummy-lora-7b-rank-8-11,3477,57,56.84672972803433
678,huggyllama/llama-7b,dummy-lora-7b-rank-128-0,2849,25,57.120447500654336
679,huggyllama/llama-7b,dummy-lora-7b-rank-8-12,647,57,57.233101377673854
680,huggyllama/llama-7b,dummy-lora-7b-rank-16-2,497,57,57.289038959465806
681,huggyllama/llama-7b,dummy-lora-7b-rank-128-1,2860,24,57.29838352069323
682,huggyllama/llama-7b,dummy-lora-7b-rank-8-13,1783,94,57.31564500184945
683,huggyllama/llama-7b,dummy-lora-7b-rank-8-14,929,79,57.372750653794824
684,huggyllama/llama-7b,dummy-lora-7b-rank-16-3,1336,452,57.46411969690743
685,huggyllama/llama-7b,dummy-lora-7b-rank-16-4,1582,539,57.4835875327979
686,huggyllama/llama-7b,dummy-lora-7b-rank-8-15,1399,447,57.623755951209276
687,huggyllama/llama-7b,dummy-lora-7b-rank-8-0,760,82,57.796240977198835
688,huggyllama/llama-7b,dummy-lora-7b-rank-8-1,943,79,57.8734633928977
689,huggyllama/llama-7b,dummy-lora-7b-rank-64-3,2237,5,58.06035461744621
690,huggyllama/llama-7b,dummy-lora-7b-rank-8-2,994,81,58.09500736533125
691,huggyllama/llama-7b,dummy-lora-7b-rank-16-5,2109,57,58.27021788834547
692,huggyllama/llama-7b,dummy-lora-7b-rank-16-6,1916,59,58.38274197979239
693,huggyllama/llama-7b,dummy-lora-7b-rank-16-7,2032,82,58.545882444554515
694,huggyllama/llama-7b,dummy-lora-7b-rank-8-3,2855,81,58.55055472516824
695,huggyllama/llama-7b,dummy-lora-7b-rank-16-8,823,57,58.62894521102052
696,huggyllama/llama-7b,dummy-lora-7b-rank-8-4,465,52,58.81337050968958
697,huggyllama/llama-7b,dummy-lora-7b-rank-16-9,1093,57,58.83141070428141
698,huggyllama/llama-7b,dummy-lora-7b-rank-32-2,1259,79,59.023103995016236
699,huggyllama/llama-7b,dummy-lora-7b-rank-64-4,3197,438,59.02427206516966
700,huggyllama/llama-7b,dummy-lora-7b-rank-16-10,873,362,59.069567230008154
701,huggyllama/llama-7b,dummy-lora-7b-rank-64-5,2125,122,59.18948909909345
702,huggyllama/llama-7b,dummy-lora-7b-rank-8-5,1665,57,59.649319382826334
703,huggyllama/llama-7b,dummy-lora-7b-rank-64-6,2974,714,59.674627569483945
704,huggyllama/llama-7b,dummy-lora-7b-rank-8-6,1680,143,59.762881758854085
705,huggyllama/llama-7b,dummy-lora-7b-rank-8-7,1780,347,60.0330953210138
706,huggyllama/llama-7b,dummy-lora-7b-rank-128-2,2856,22,60.30785137821463
707,huggyllama/llama-7b,dummy-lora-7b-rank-16-11,1654,153,60.605319910621006
708,huggyllama/llama-7b,dummy-lora-7b-rank-8-8,1680,57,60.645164081410165
709,huggyllama/llama-7b,dummy-lora-7b-rank-8-9,654,93,60.686306107925354
710,huggyllama/llama-7b,dummy-lora-7b-rank-128-0,3349,29,60.805449263575035
711,huggyllama/llama-7b,dummy-lora-7b-rank-8-10,1705,90,60.82543624175592
712,huggyllama/llama-7b,dummy-lora-7b-rank-8-11,505,100,60.8371169432902
713,huggyllama/llama-7b,dummy-lora-7b-rank-32-3,2021,140,61.20350161474884
714,huggyllama/llama-7b,dummy-lora-7b-rank-8-12,933,57,61.41401381351111
715,huggyllama/llama-7b,dummy-lora-7b-rank-128-1,2852,21,61.62621322471723
716,huggyllama/llama-7b,dummy-lora-7b-rank-64-7,3099,707,61.726018330049044
717,huggyllama/llama-7b,dummy-lora-7b-rank-8-13,1208,57,61.95496008012096
718,huggyllama/llama-7b,dummy-lora-7b-rank-32-4,999,59,62.01180616092113
719,huggyllama/llama-7b,dummy-lora-7b-rank-64-8,3047,532,62.175465767973684
720,huggyllama/llama-7b,dummy-lora-7b-rank-16-0,545,57,62.1806571908778
721,huggyllama/llama-7b,dummy-lora-7b-rank-16-1,533,52,62.317451184401506
722,huggyllama/llama-7b,dummy-lora-7b-rank-8-14,662,52,62.46268124014441
723,huggyllama/llama-7b,dummy-lora-7b-rank-8-15,582,59,62.51939753537198
724,huggyllama/llama-7b,dummy-lora-7b-rank-8-0,675,57,62.695776128539634
725,huggyllama/llama-7b,dummy-lora-7b-rank-8-1,1591,116,62.908235110890956
726,huggyllama/llama-7b,dummy-lora-7b-rank-16-2,608,337,63.016606064014574
727,huggyllama/llama-7b,dummy-lora-7b-rank-8-2,1144,61,63.113296315603904
728,huggyllama/llama-7b,dummy-lora-7b-rank-32-5,851,59,63.19025916015756
729,huggyllama/llama-7b,dummy-lora-7b-rank-16-3,566,57,63.264496507686545
730,huggyllama/llama-7b,dummy-lora-7b-rank-32-6,748,103,63.40245857136368
731,huggyllama/llama-7b,dummy-lora-7b-rank-16-4,634,61,63.57130960132035
732,huggyllama/llama-7b,dummy-lora-7b-rank-16-5,507,57,63.64048531151782
733,huggyllama/llama-7b,dummy-lora-7b-rank-8-3,817,57,63.66293821557816
734,huggyllama/llama-7b,dummy-lora-7b-rank-16-6,714,57,63.68305497933165
735,huggyllama/llama-7b,dummy-lora-7b-rank-8-4,496,81,63.70226324407692
736,huggyllama/llama-7b,dummy-lora-7b-rank-16-7,1052,88,63.829453105227984
737,huggyllama/llama-7b,dummy-lora-7b-rank-8-5,2116,712,63.905637236346024
738,huggyllama/llama-7b,dummy-lora-7b-rank-8-6,1029,90,64.03217816963407
739,huggyllama/llama-7b,dummy-lora-7b-rank-16-8,1588,115,64.15599360589745
740,huggyllama/llama-7b,dummy-lora-7b-rank-8-7,3293,52,64.31446179004588
741,huggyllama/llama-7b,dummy-lora-7b-rank-8-8,686,57,64.39661605750366
742,huggyllama/llama-7b,dummy-lora-7b-rank-8-9,3284,57,64.47435761549293
743,huggyllama/llama-7b,dummy-lora-7b-rank-16-9,1975,81,64.5053763673451
744,huggyllama/llama-7b,dummy-lora-7b-rank-16-10,1513,57,64.5435333256904
745,huggyllama/llama-7b,dummy-lora-7b-rank-8-10,575,61,64.64346821659481
746,huggyllama/llama-7b,dummy-lora-7b-rank-8-11,676,81,64.65021706637017
747,huggyllama/llama-7b,dummy-lora-7b-rank-16-11,1502,130,64.71238435564707
748,huggyllama/llama-7b,dummy-lora-7b-rank-16-0,593,61,64.75547316575131
749,huggyllama/llama-7b,dummy-lora-7b-rank-8-12,1261,57,64.85060599046942
750,huggyllama/llama-7b,dummy-lora-7b-rank-8-13,3735,190,64.85099534718722
751,huggyllama/llama-7b,dummy-lora-7b-rank-16-1,1387,82,65.09577093711673
752,huggyllama/llama-7b,dummy-lora-7b-rank-128-2,3080,17,65.19285054542387
753,huggyllama/llama-7b,dummy-lora-7b-rank-32-7,483,57,65.20102703649786
754,huggyllama/llama-7b,dummy-lora-7b-rank-8-14,470,52,65.2355499988103
755,huggyllama/llama-7b,dummy-lora-7b-rank-16-2,384,73,65.24476477446512
756,huggyllama/llama-7b,dummy-lora-7b-rank-16-3,896,70,65.3014810696927
757,huggyllama/llama-7b,dummy-lora-7b-rank-128-0,3051,28,65.3598845773641
758,huggyllama/llama-7b,dummy-lora-7b-rank-8-15,861,335,65.63126620967725
759,huggyllama/llama-7b,dummy-lora-7b-rank-16-4,578,90,65.64476390922798
760,huggyllama/llama-7b,dummy-lora-7b-rank-16-5,819,581,65.65216168686635
761,huggyllama/llama-7b,dummy-lora-7b-rank-32-8,390,60,65.7663729907571
762,huggyllama/llama-7b,dummy-lora-7b-rank-8-0,2115,880,65.88019493793006
763,huggyllama/llama-7b,dummy-lora-7b-rank-8-1,955,57,65.98480210944817
764,huggyllama/llama-7b,dummy-lora-7b-rank-16-6,903,64,66.04709918429768
765,huggyllama/llama-7b,dummy-lora-7b-rank-8-2,451,79,66.09615813074166
766,huggyllama/llama-7b,dummy-lora-7b-rank-8-3,1379,57,66.44229625287421
767,huggyllama/llama-7b,dummy-lora-7b-rank-8-4,1021,57,66.49810404909356
768,huggyllama/llama-7b,dummy-lora-7b-rank-16-7,1497,57,66.56286704982251
769,huggyllama/llama-7b,dummy-lora-7b-rank-64-0,3109,434,66.59751979770755
770,huggyllama/llama-7b,dummy-lora-7b-rank-16-8,1766,131,66.78869394615197
771,huggyllama/llama-7b,dummy-lora-7b-rank-8-5,3253,201,66.8734439250618
772,huggyllama/llama-7b,dummy-lora-7b-rank-8-6,767,281,67.09018583130904
773,huggyllama/llama-7b,dummy-lora-7b-rank-8-7,644,317,67.19427386053675
774,huggyllama/llama-7b,dummy-lora-7b-rank-32-9,1402,104,67.32211264955083
775,huggyllama/llama-7b,dummy-lora-7b-rank-8-8,1928,629,67.42191775488264
776,huggyllama/llama-7b,dummy-lora-7b-rank-16-9,2498,57,67.44683658482245
777,huggyllama/llama-7b,dummy-lora-7b-rank-16-10,2926,82,67.65838706816554
778,huggyllama/llama-7b,dummy-lora-7b-rank-16-11,2485,52,67.69862059567252
779,huggyllama/llama-7b,dummy-lora-7b-rank-8-9,2545,868,67.69875038124512
780,huggyllama/llama-7b,dummy-lora-7b-rank-64-1,3304,425,68.06591376613937
781,huggyllama/llama-7b,dummy-lora-7b-rank-16-0,1224,57,68.21309060547134
782,huggyllama/llama-7b,dummy-lora-7b-rank-64-2,3151,761,68.21880117066587
783,huggyllama/llama-7b,dummy-lora-7b-rank-16-1,953,81,68.26500483451258
784,huggyllama/llama-7b,dummy-lora-7b-rank-128-1,3090,22,68.27097497085232
785,huggyllama/llama-7b,dummy-lora-7b-rank-16-2,1615,129,68.47512767655705
786,huggyllama/llama-7b,dummy-lora-7b-rank-8-10,1132,144,68.49446572687492
787,huggyllama/llama-7b,dummy-lora-7b-rank-128-2,3102,21,68.54404381560931
788,huggyllama/llama-7b,dummy-lora-7b-rank-8-11,588,57,68.59089640731905
789,huggyllama/llama-7b,dummy-lora-7b-rank-16-3,1045,88,68.65371262445895
790,huggyllama/llama-7b,dummy-lora-7b-rank-32-0,760,57,68.80348517524297
791,huggyllama/llama-7b,dummy-lora-7b-rank-8-12,1271,57,68.81672330364849
792,huggyllama/llama-7b,dummy-lora-7b-rank-16-4,1569,165,68.87408852673907
793,huggyllama/llama-7b,dummy-lora-7b-rank-16-5,1118,61,69.12522360972613
794,huggyllama/llama-7b,dummy-lora-7b-rank-128-0,2964,23,69.24449655094841
795,huggyllama/llama-7b,dummy-lora-7b-rank-16-6,810,113,69.43644941282844
796,huggyllama/llama-7b,dummy-lora-7b-rank-128-1,2858,27,69.69679927147033
797,huggyllama/llama-7b,dummy-lora-7b-rank-8-13,658,57,69.75377513784309
798,huggyllama/llama-7b,dummy-lora-7b-rank-8-14,2159,488,69.81451478582136
799,huggyllama/llama-7b,dummy-lora-7b-rank-8-15,1759,89,69.8540993854653
800,huggyllama/llama-7b,dummy-lora-7b-rank-8-0,646,79,69.98622109837531
801,huggyllama/llama-7b,dummy-lora-7b-rank-16-7,1363,57,70.09108784103863
802,huggyllama/llama-7b,dummy-lora-7b-rank-8-1,723,52,70.1976417961458
803,huggyllama/llama-7b,dummy-lora-7b-rank-8-2,1109,55,70.2062076439376
804,huggyllama/llama-7b,dummy-lora-7b-rank-8-3,816,57,70.22736269227192
805,huggyllama/llama-7b,dummy-lora-7b-rank-32-1,860,245,70.24929645404185
806,huggyllama/llama-7b,dummy-lora-7b-rank-8-4,800,57,70.32080830454618
807,huggyllama/llama-7b,dummy-lora-7b-rank-8-5,878,57,70.32924436676538
808,huggyllama/llama-7b,dummy-lora-7b-rank-32-2,865,52,70.38946487245323
809,huggyllama/llama-7b,dummy-lora-7b-rank-16-8,1156,57,70.42009426758757
810,huggyllama/llama-7b,dummy-lora-7b-rank-16-9,3080,97,70.43553875072733
811,huggyllama/llama-7b,dummy-lora-7b-rank-8-6,904,57,70.47122978319321
812,huggyllama/llama-7b,dummy-lora-7b-rank-32-3,785,64,70.4792764886946
813,huggyllama/llama-7b,dummy-lora-7b-rank-16-10,829,57,70.54806284217425
814,huggyllama/llama-7b,dummy-lora-7b-rank-32-4,892,234,70.87109913238345
815,huggyllama/llama-7b,dummy-lora-7b-rank-8-7,565,65,70.901988098663
816,huggyllama/llama-7b,dummy-lora-7b-rank-8-8,1796,81,70.96285753221386
817,huggyllama/llama-7b,dummy-lora-7b-rank-16-11,1067,64,71.03268217027434
818,huggyllama/llama-7b,dummy-lora-7b-rank-64-3,2710,300,71.11522579444994
819,huggyllama/llama-7b,dummy-lora-7b-rank-8-9,1391,327,71.13378513133219
820,huggyllama/llama-7b,dummy-lora-7b-rank-16-0,2052,85,71.48044239575515
821,huggyllama/llama-7b,dummy-lora-7b-rank-16-1,434,65,71.60970882606787
822,huggyllama/llama-7b,dummy-lora-7b-rank-16-2,1746,57,71.63449787043506
823,huggyllama/llama-7b,dummy-lora-7b-rank-128-2,2981,23,71.71236921399694
824,huggyllama/llama-7b,dummy-lora-7b-rank-16-3,2199,757,71.88848823601938
825,huggyllama/llama-7b,dummy-lora-7b-rank-16-4,1500,107,71.92976004810718
826,huggyllama/llama-7b,dummy-lora-7b-rank-32-5,980,209,71.99789747372382
827,huggyllama/llama-7b,dummy-lora-7b-rank-16-5,1184,57,72.02917579672119
828,huggyllama/llama-7b,dummy-lora-7b-rank-8-10,984,82,72.04669684902261
829,huggyllama/llama-7b,dummy-lora-7b-rank-8-11,1776,73,72.1501359503873
830,huggyllama/llama-7b,dummy-lora-7b-rank-8-12,796,57,72.16648893253529
831,huggyllama/llama-7b,dummy-lora-7b-rank-8-13,1653,57,72.18933119331345
832,huggyllama/llama-7b,dummy-lora-7b-rank-8-14,1445,57,72.23644335616838
833,huggyllama/llama-7b,dummy-lora-7b-rank-16-6,1547,57,72.24760491541225
834,huggyllama/llama-7b,dummy-lora-7b-rank-16-7,1131,88,72.25046019800952
835,huggyllama/llama-7b,dummy-lora-7b-rank-8-15,535,52,72.25876647465613
836,huggyllama/llama-7b,dummy-lora-7b-rank-8-0,512,61,72.32158269179604
837,huggyllama/llama-7b,dummy-lora-7b-rank-8-1,2216,65,72.42125801155524
838,huggyllama/llama-7b,dummy-lora-7b-rank-8-2,1211,273,72.46746167540196
839,huggyllama/llama-7b,dummy-lora-7b-rank-8-3,992,78,72.50691648947331
840,huggyllama/llama-7b,dummy-lora-7b-rank-16-8,716,64,72.76557913567135
841,huggyllama/llama-7b,dummy-lora-7b-rank-8-4,1446,152,72.80373609401667
842,huggyllama/llama-7b,dummy-lora-7b-rank-64-4,2524,145,73.03553312668586
843,huggyllama/llama-7b,dummy-lora-7b-rank-8-5,1318,756,73.08926435374356
844,huggyllama/llama-7b,dummy-lora-7b-rank-16-9,800,120,73.29030220570581
845,huggyllama/llama-7b,dummy-lora-7b-rank-8-6,1028,69,73.38867966973898
846,huggyllama/llama-7b,dummy-lora-7b-rank-16-10,1013,87,73.47044458047895
847,huggyllama/llama-7b,dummy-lora-7b-rank-16-11,2219,118,73.48277420987625
848,huggyllama/llama-7b,dummy-lora-7b-rank-16-0,1943,308,73.54104793197506
849,huggyllama/llama-7b,dummy-lora-7b-rank-16-1,900,90,73.56155405244635
850,huggyllama/llama-7b,dummy-lora-7b-rank-8-7,3325,278,73.65785494731787
851,huggyllama/llama-7b,dummy-lora-7b-rank-128-0,3869,15,73.69808847482484
852,huggyllama/llama-7b,dummy-lora-7b-rank-16-2,937,264,73.69977568726868
853,huggyllama/llama-7b,dummy-lora-7b-rank-16-3,3826,177,73.70678410818925
854,huggyllama/llama-7b,dummy-lora-7b-rank-128-1,2884,24,73.74156664164688
855,huggyllama/llama-7b,dummy-lora-7b-rank-32-6,895,120,74.06564121643692
856,huggyllama/llama-7b,dummy-lora-7b-rank-8-8,911,79,74.37141602548989
857,huggyllama/llama-7b,dummy-lora-7b-rank-16-4,2261,271,74.37686701953922
858,huggyllama/llama-7b,dummy-lora-7b-rank-8-9,912,882,74.43319395804897
859,huggyllama/llama-7b,dummy-lora-7b-rank-16-5,1273,90,74.48432947365461
860,huggyllama/llama-7b,dummy-lora-7b-rank-16-6,1388,57,74.49990374236698
861,huggyllama/llama-7b,dummy-lora-7b-rank-8-10,1581,73,74.57180494958912
862,huggyllama/llama-7b,dummy-lora-7b-rank-8-11,1940,996,74.94182361708064
863,huggyllama/llama-7b,dummy-lora-7b-rank-8-12,2577,91,74.98426349932187
864,huggyllama/llama-7b,dummy-lora-7b-rank-8-13,1033,106,75.06109655830292
865,huggyllama/llama-7b,dummy-lora-7b-rank-8-14,736,97,75.1305318396456
866,huggyllama/llama-7b,dummy-lora-7b-rank-16-7,1305,165,75.19412677022113
867,huggyllama/llama-7b,dummy-lora-7b-rank-8-15,909,95,75.19970754984307
868,huggyllama/llama-7b,dummy-lora-7b-rank-8-0,2957,729,75.22293916733904
869,huggyllama/llama-7b,dummy-lora-7b-rank-8-1,2104,57,75.24059000521305
870,huggyllama/llama-7b,dummy-lora-7b-rank-8-2,1087,110,75.32884419458318
871,huggyllama/llama-7b,dummy-lora-7b-rank-16-8,2011,92,75.42735144418896
872,huggyllama/llama-7b,dummy-lora-7b-rank-16-9,825,57,75.45162134626574
873,huggyllama/llama-7b,dummy-lora-7b-rank-8-3,745,59,75.48951873346586
874,huggyllama/llama-7b,dummy-lora-7b-rank-8-4,1417,631,75.5039249320248
875,huggyllama/llama-7b,dummy-lora-7b-rank-32-7,1924,119,75.60528746422784
876,huggyllama/llama-7b,dummy-lora-7b-rank-16-10,267,39,75.67537167343355
877,huggyllama/llama-7b,dummy-lora-7b-rank-32-8,1340,881,75.81255502367505
878,huggyllama/llama-7b,dummy-lora-7b-rank-16-11,1228,61,75.91729198076578
879,huggyllama/llama-7b,dummy-lora-7b-rank-8-5,1143,136,76.09782371225673
880,huggyllama/llama-7b,dummy-lora-7b-rank-16-0,1647,237,76.3490885808164
881,huggyllama/llama-7b,dummy-lora-7b-rank-8-6,1148,57,76.41060694223027
882,huggyllama/llama-7b,dummy-lora-7b-rank-8-7,704,81,76.4243642129262
883,huggyllama/llama-7b,dummy-lora-7b-rank-16-1,1080,59,76.59542159761713
884,huggyllama/llama-7b,dummy-lora-7b-rank-16-2,900,57,76.64201461818166
885,huggyllama/llama-7b,dummy-lora-7b-rank-8-8,1139,144,76.66485687895981
886,huggyllama/llama-7b,dummy-lora-7b-rank-16-3,567,90,76.746881360845
887,huggyllama/llama-7b,dummy-lora-7b-rank-16-4,2935,87,76.74895793000664
888,huggyllama/llama-7b,dummy-lora-7b-rank-8-9,1253,444,76.89911983750847
889,huggyllama/llama-7b,dummy-lora-7b-rank-16-5,2887,142,76.94791921280724
890,huggyllama/llama-7b,dummy-lora-7b-rank-8-10,1401,330,77.13416150949274
891,huggyllama/llama-7b,dummy-lora-7b-rank-128-2,3811,24,77.32079316289604
892,huggyllama/llama-7b,dummy-lora-7b-rank-8-11,2725,308,77.59035779719274
893,huggyllama/llama-7b,dummy-lora-7b-rank-16-6,1089,281,77.74947490920418
894,huggyllama/llama-7b,dummy-lora-7b-rank-8-12,2582,599,78.10820223187923
895,huggyllama/llama-7b,dummy-lora-7b-rank-8-13,1968,612,78.3058656589538
896,huggyllama/llama-7b,dummy-lora-7b-rank-16-7,1122,348,78.38256893236225
897,huggyllama/llama-7b,dummy-lora-7b-rank-16-8,1137,57,78.43123852208842
898,huggyllama/llama-7b,dummy-lora-7b-rank-16-9,749,81,78.54402218468054
899,huggyllama/llama-7b,dummy-lora-7b-rank-16-10,1143,88,78.6087851854095
900,huggyllama/llama-7b,dummy-lora-7b-rank-16-11,1769,59,78.73078362365645
901,huggyllama/llama-7b,dummy-lora-7b-rank-8-14,815,270,78.74713660580444
902,huggyllama/llama-7b,dummy-lora-7b-rank-16-0,690,57,79.06433254524649
903,huggyllama/llama-7b,dummy-lora-7b-rank-8-15,1062,69,79.08315145327396
904,huggyllama/llama-7b,dummy-lora-7b-rank-8-0,2345,105,79.27951702462249
905,huggyllama/llama-7b,dummy-lora-7b-rank-8-1,840,88,79.29937421723076
906,huggyllama/llama-7b,dummy-lora-7b-rank-16-1,2254,88,79.3211781934281
907,huggyllama/llama-7b,dummy-lora-7b-rank-8-2,1892,88,79.51728419363143
908,huggyllama/llama-7b,dummy-lora-7b-rank-16-2,1669,57,79.58594076153848
909,huggyllama/llama-7b,dummy-lora-7b-rank-16-3,1702,63,79.62500621889203
910,huggyllama/llama-7b,dummy-lora-7b-rank-16-4,866,52,79.72416239636081
911,huggyllama/llama-7b,dummy-lora-7b-rank-16-5,3974,59,79.76050235668968
912,huggyllama/llama-7b,dummy-lora-7b-rank-16-6,2140,69,79.8187760787885
913,huggyllama/llama-7b,dummy-lora-7b-rank-8-3,952,57,79.84745869033378
914,huggyllama/llama-7b,dummy-lora-7b-rank-16-7,3361,115,79.94025537474502
915,huggyllama/llama-7b,dummy-lora-7b-rank-32-9,728,57,80.00904172822469
916,huggyllama/llama-7b,dummy-lora-7b-rank-16-8,3466,101,80.04875611344124
917,huggyllama/llama-7b,dummy-lora-7b-rank-16-9,3514,278,80.8174760599696
918,huggyllama/llama-7b,dummy-lora-7b-rank-16-10,1310,296,81.24447059383388
919,huggyllama/llama-7b,dummy-lora-7b-rank-8-4,2590,91,81.28094033973537
920,huggyllama/llama-7b,dummy-lora-7b-rank-16-11,974,57,81.2908040432532
921,huggyllama/llama-7b,dummy-lora-7b-rank-16-0,1004,57,81.33077799961497
922,huggyllama/llama-7b,dummy-lora-7b-rank-8-5,1875,59,81.37503487987263
923,huggyllama/llama-7b,dummy-lora-7b-rank-8-6,1214,79,81.44602758808655
924,huggyllama/llama-7b,dummy-lora-7b-rank-8-7,1273,79,81.54907733273343
925,huggyllama/llama-7b,dummy-lora-7b-rank-16-1,3188,344,81.55232197204852
926,huggyllama/llama-7b,dummy-lora-7b-rank-8-8,3430,302,81.64382080073372
927,huggyllama/llama-7b,dummy-lora-7b-rank-16-2,1000,372,81.7345409159833
928,huggyllama/llama-7b,dummy-lora-7b-rank-16-3,985,94,81.7425876214847
929,huggyllama/llama-7b,dummy-lora-7b-rank-32-0,590,82,81.74362590606553
930,huggyllama/llama-7b,dummy-lora-7b-rank-8-9,1491,78,81.76166610065737
931,huggyllama/llama-7b,dummy-lora-7b-rank-16-4,1494,81,81.77347658776425
932,huggyllama/llama-7b,dummy-lora-7b-rank-16-5,938,126,82.08366410628574
933,huggyllama/llama-7b,dummy-lora-7b-rank-64-5,2486,145,82.10170430087757
934,huggyllama/llama-7b,dummy-lora-7b-rank-16-6,1866,57,82.11052971981458
935,huggyllama/llama-7b,dummy-lora-7b-rank-8-10,520,57,82.111697789968
936,huggyllama/llama-7b,dummy-lora-7b-rank-16-7,1993,123,82.16581837374352
937,huggyllama/llama-7b,dummy-lora-7b-rank-16-8,2666,450,82.18775213551345
938,huggyllama/llama-7b,dummy-lora-7b-rank-8-11,2501,57,82.22266445454369
939,huggyllama/llama-7b,dummy-lora-7b-rank-8-12,2749,208,82.27964032091646
940,huggyllama/llama-7b,dummy-lora-7b-rank-8-13,894,90,82.33583747385362
941,huggyllama/llama-7b,dummy-lora-7b-rank-32-1,3174,81,82.39865369099353
942,huggyllama/llama-7b,dummy-lora-7b-rank-16-9,2431,81,82.41046417810041
943,huggyllama/llama-7b,dummy-lora-7b-rank-16-10,1545,57,83.04745176843657
944,huggyllama/llama-7b,dummy-lora-7b-rank-16-11,1534,52,83.10338935022854
945,huggyllama/llama-7b,dummy-lora-7b-rank-8-14,818,57,83.16218221461774
946,huggyllama/llama-7b,dummy-lora-7b-rank-8-15,1718,329,83.19060525501784
947,huggyllama/llama-7b,dummy-lora-7b-rank-16-0,1452,84,83.41201944187877
948,huggyllama/llama-7b,dummy-lora-7b-rank-16-1,1225,90,83.48495893368174
949,huggyllama/llama-7b,dummy-lora-7b-rank-64-6,3073,659,83.77593818745795
950,huggyllama/llama-7b,dummy-lora-7b-rank-16-2,1865,208,83.91221303869123
951,huggyllama/llama-7b,dummy-lora-7b-rank-16-3,403,93,83.98385467476817
952,huggyllama/llama-7b,dummy-lora-7b-rank-16-4,1103,57,84.19722215612772
953,huggyllama/llama-7b,dummy-lora-7b-rank-8-0,2411,476,84.39968764938861
954,huggyllama/llama-7b,dummy-lora-7b-rank-8-1,2320,67,84.51026495724648
955,huggyllama/llama-7b,dummy-lora-7b-rank-8-2,824,57,84.5449177051315
956,huggyllama/llama-7b,dummy-lora-7b-rank-128-0,2853,20,84.81902483446932
957,huggyllama/llama-7b,dummy-lora-7b-rank-8-3,1165,429,84.8849559053517
958,huggyllama/llama-7b,dummy-lora-7b-rank-8-4,1477,235,84.91182151888056
959,huggyllama/llama-7b,dummy-lora-7b-rank-128-1,3825,19,84.91921929651895
960,huggyllama/llama-7b,dummy-lora-7b-rank-16-5,789,69,85.05692178905086
961,huggyllama/llama-7b,dummy-lora-7b-rank-8-5,571,57,85.11221044297979
962,huggyllama/llama-7b,dummy-lora-7b-rank-8-6,1471,52,85.253417145972
963,huggyllama/llama-7b,dummy-lora-7b-rank-8-7,827,57,85.27054884155561
964,huggyllama/llama-7b,dummy-lora-7b-rank-16-6,1044,58,85.34257983435036
965,huggyllama/llama-7b,dummy-lora-7b-rank-8-8,1484,57,85.34699254381886
966,huggyllama/llama-7b,dummy-lora-7b-rank-8-9,1584,90,85.40604497935327
967,huggyllama/llama-7b,dummy-lora-7b-rank-16-7,405,93,85.4522486432
968,huggyllama/llama-7b,dummy-lora-7b-rank-16-8,1790,107,85.48729074780283
969,huggyllama/llama-7b,dummy-lora-7b-rank-16-9,963,67,85.49533745330424
970,huggyllama/llama-7b,dummy-lora-7b-rank-8-10,1371,377,85.6430334349266
971,huggyllama/llama-7b,dummy-lora-7b-rank-16-10,1306,90,85.9290808369439
972,huggyllama/llama-7b,dummy-lora-7b-rank-16-11,916,57,85.97385685949197
973,huggyllama/llama-7b,dummy-lora-7b-rank-8-11,773,57,85.98410991972763
974,huggyllama/llama-7b,dummy-lora-7b-rank-8-12,1819,82,85.9955310501167
975,huggyllama/llama-7b,dummy-lora-7b-rank-8-13,1632,130,86.06288976229773
976,huggyllama/llama-7b,dummy-lora-7b-rank-16-0,3677,286,86.14556317204591
977,huggyllama/llama-7b,dummy-lora-7b-rank-8-14,863,57,86.18683498413371
978,huggyllama/llama-7b,dummy-lora-7b-rank-8-15,3870,67,86.24562784852293
979,huggyllama/llama-7b,dummy-lora-7b-rank-16-1,658,63,86.40954702672069
980,huggyllama/llama-7b,dummy-lora-7b-rank-16-2,1504,57,86.51467334052923
981,huggyllama/llama-7b,dummy-lora-7b-rank-8-0,793,79,86.64355041412414
982,huggyllama/llama-7b,dummy-lora-7b-rank-128-2,2862,25,86.77930612306702
983,huggyllama/llama-7b,dummy-lora-7b-rank-8-1,1647,58,86.84510740837679
984,huggyllama/llama-7b,dummy-lora-7b-rank-16-3,903,57,86.8461456929576
985,huggyllama/llama-7b,dummy-lora-7b-rank-16-4,927,81,86.87340066320427
986,huggyllama/llama-7b,dummy-lora-7b-rank-16-5,2022,59,86.91558097430028
987,huggyllama/llama-7b,dummy-lora-7b-rank-16-6,320,71,86.95516557394424
988,huggyllama/llama-7b,dummy-lora-7b-rank-16-7,800,67,87.02654763887598
989,huggyllama/llama-7b,dummy-lora-7b-rank-16-8,1063,90,87.25704681581914
990,huggyllama/llama-7b,dummy-lora-7b-rank-16-9,1094,98,87.26509352132052
991,huggyllama/llama-7b,dummy-lora-7b-rank-16-10,1566,52,87.63212712064218
992,huggyllama/llama-7b,dummy-lora-7b-rank-8-2,401,79,87.64250996645043
993,huggyllama/llama-7b,dummy-lora-7b-rank-8-3,893,57,87.65587788042855
994,huggyllama/llama-7b,dummy-lora-7b-rank-16-11,1307,57,87.6789797123519
995,huggyllama/llama-7b,dummy-lora-7b-rank-16-0,740,157,87.78021245898235
996,huggyllama/llama-7b,dummy-lora-7b-rank-16-1,893,103,87.81369713671397
997,huggyllama/llama-7b,dummy-lora-7b-rank-8-4,1322,934,87.84718181444558
998,huggyllama/llama-7b,dummy-lora-7b-rank-16-2,1409,57,87.94984220237465
999,huggyllama/llama-7b,dummy-lora-7b-rank-16-3,568,57,87.97917374178296
1000,huggyllama/llama-7b,dummy-lora-7b-rank-8-5,1184,197,88.07067257046815
1001,huggyllama/llama-7b,dummy-lora-7b-rank-16-4,3482,81,88.122067657219
1002,huggyllama/llama-7b,dummy-lora-7b-rank-16-5,1523,90,88.2178494098001
1003,huggyllama/llama-7b,dummy-lora-7b-rank-8-6,1576,165,88.34140527491829
1004,huggyllama/llama-7b,dummy-lora-7b-rank-16-6,852,116,88.40915334381712
1005,huggyllama/llama-7b,dummy-lora-7b-rank-8-7,824,148,88.7484128306017
1006,huggyllama/llama-7b,dummy-lora-7b-rank-16-7,1410,52,88.801624915369
1007,huggyllama/llama-7b,dummy-lora-7b-rank-32-2,880,52,88.95412296317767
1008,huggyllama/llama-7b,dummy-lora-7b-rank-8-8,3272,278,88.9722929433421
1009,huggyllama/llama-7b,dummy-lora-7b-rank-8-9,1006,228,88.98553107174763
1010,huggyllama/llama-7b,dummy-lora-7b-rank-8-10,893,57,88.99072249465175
1011,huggyllama/llama-7b,dummy-lora-7b-rank-8-11,1233,57,89.00227341061344
1012,huggyllama/llama-7b,dummy-lora-7b-rank-8-12,665,57,89.06197477401086
1013,huggyllama/llama-7b,dummy-lora-7b-rank-8-13,800,73,89.1134996463343
1014,huggyllama/llama-7b,dummy-lora-7b-rank-8-14,1669,52,89.11479750206034
1015,huggyllama/llama-7b,dummy-lora-7b-rank-8-15,1711,68,89.26041691452106
1016,huggyllama/llama-7b,dummy-lora-7b-rank-8-0,881,373,89.26041691452106
1017,huggyllama/llama-7b,dummy-lora-7b-rank-16-8,1050,88,89.34711367701995
1018,huggyllama/llama-7b,dummy-lora-7b-rank-8-1,854,57,89.55464080761234
1019,huggyllama/llama-7b,dummy-lora-7b-rank-8-2,1220,57,89.84756684497762
1020,huggyllama/llama-7b,dummy-lora-7b-rank-16-9,953,52,89.86119433010096
1021,huggyllama/llama-7b,dummy-lora-7b-rank-128-0,2977,24,89.89325136653393
1022,huggyllama/llama-7b,dummy-lora-7b-rank-8-3,3069,353,89.90999370539973
1023,huggyllama/llama-7b,dummy-lora-7b-rank-16-10,976,69,89.91401705815042
1024,huggyllama/llama-7b,dummy-lora-7b-rank-8-4,1045,57,89.97384820712047
1025,huggyllama/llama-7b,dummy-lora-7b-rank-8-5,2677,57,90.00214146194796
1026,huggyllama/llama-7b,dummy-lora-7b-rank-16-11,2296,342,90.13608017287439
1027,huggyllama/llama-7b,dummy-lora-7b-rank-8-6,668,303,90.18669654618961
1028,huggyllama/llama-7b,dummy-lora-7b-rank-16-0,620,120,90.27170609624466
1029,huggyllama/llama-7b,dummy-lora-7b-rank-16-1,712,90,90.34036266415171
1030,huggyllama/llama-7b,dummy-lora-7b-rank-32-3,648,57,90.49545642341245
1031,huggyllama/llama-7b,dummy-lora-7b-rank-8-7,635,84,90.60214016409223
1032,huggyllama/llama-7b,dummy-lora-7b-rank-16-2,1152,144,90.69299006491441
1033,huggyllama/llama-7b,dummy-lora-7b-rank-128-1,2842,22,90.883125928778
1034,huggyllama/llama-7b,dummy-lora-7b-rank-8-8,809,57,91.0195305655839
1035,huggyllama/llama-7b,dummy-lora-7b-rank-64-7,2257,149,91.05197695873467
1036,huggyllama/llama-7b,dummy-lora-7b-rank-8-9,1125,61,91.0535343856059
1037,huggyllama/llama-7b,dummy-lora-7b-rank-8-10,1479,259,91.35385820060957
1038,huggyllama/llama-7b,dummy-lora-7b-rank-8-11,689,123,91.41070428140974
1039,huggyllama/llama-7b,dummy-lora-7b-rank-16-3,2908,660,91.58617437556917
1040,huggyllama/llama-7b,dummy-lora-7b-rank-16-4,1567,166,91.83536267496717
1041,huggyllama/llama-7b,dummy-lora-7b-rank-16-5,1612,125,91.94581019725243
1042,huggyllama/llama-7b,dummy-lora-7b-rank-64-8,2467,330,91.99603721384985
1043,huggyllama/llama-7b,dummy-lora-7b-rank-16-6,740,61,92.12063136354887
1044,huggyllama/llama-7b,dummy-lora-7b-rank-64-0,2546,391,92.2053813424587
1045,huggyllama/llama-7b,dummy-lora-7b-rank-16-7,807,57,92.23601073759303
1046,huggyllama/llama-7b,dummy-lora-7b-rank-8-12,1833,685,92.28987175022334
1047,huggyllama/llama-7b,dummy-lora-7b-rank-8-13,1584,57,92.31829479062343
1048,huggyllama/llama-7b,dummy-lora-7b-rank-16-8,458,77,92.44937821895259
1049,huggyllama/llama-7b,dummy-lora-7b-rank-8-14,551,57,92.46936519713347
1050,huggyllama/llama-7b,dummy-lora-7b-rank-8-15,497,61,92.59824227072838
1051,huggyllama/llama-7b,dummy-lora-7b-rank-16-9,1959,75,92.95333559737054
1052,huggyllama/llama-7b,dummy-lora-7b-rank-16-10,3570,400,92.9846139203679
1053,huggyllama/llama-7b,dummy-lora-7b-rank-8-0,692,69,93.01290717519538
1054,huggyllama/llama-7b,dummy-lora-7b-rank-16-11,499,57,93.11712498999569
1055,huggyllama/llama-7b,dummy-lora-7b-rank-16-0,406,65,93.16631372201229
1056,huggyllama/llama-7b,dummy-lora-7b-rank-16-1,940,57,93.2336724341933
1057,huggyllama/llama-7b,dummy-lora-7b-rank-16-2,1716,57,93.27182939253863
1058,huggyllama/llama-7b,dummy-lora-7b-rank-16-3,774,121,93.33827960571142
1059,huggyllama/llama-7b,dummy-lora-7b-rank-8-1,1713,84,93.36293886450603
1060,huggyllama/llama-7b,dummy-lora-7b-rank-8-2,909,152,93.37747484863759
1061,huggyllama/llama-7b,dummy-lora-7b-rank-16-4,1283,84,93.38591091085677
1062,huggyllama/llama-7b,dummy-lora-7b-rank-16-5,1612,61,93.40550853231984
1063,huggyllama/llama-7b,dummy-lora-7b-rank-16-6,486,52,93.42977843439662
1064,huggyllama/llama-7b,dummy-lora-7b-rank-8-3,1637,76,93.43548899959117
1065,huggyllama/llama-7b,dummy-lora-7b-rank-8-4,629,52,93.43782513989804
1066,huggyllama/llama-7b,dummy-lora-7b-rank-16-7,866,65,93.4905180823749
1067,huggyllama/llama-7b,dummy-lora-7b-rank-16-8,1329,653,93.65430747500005
1068,huggyllama/llama-7b,dummy-lora-7b-rank-8-5,835,57,93.71089398465503
1069,huggyllama/llama-7b,dummy-lora-7b-rank-16-9,679,217,93.72841503695645
1070,huggyllama/llama-7b,dummy-lora-7b-rank-16-10,2359,83,94.25015303882103
1071,huggyllama/llama-7b,dummy-lora-7b-rank-8-6,1895,292,94.27221658616355
1072,huggyllama/llama-7b,dummy-lora-7b-rank-8-7,1828,69,94.28091221952798
1073,huggyllama/llama-7b,dummy-lora-7b-rank-128-2,2943,19,94.40628508266259
1074,huggyllama/llama-7b,dummy-lora-7b-rank-128-0,2888,22,94.464688590334
1075,huggyllama/llama-7b,dummy-lora-7b-rank-8-8,2051,224,94.49246270287108
1076,huggyllama/llama-7b,dummy-lora-7b-rank-16-11,2269,940,94.76929532923356
1077,huggyllama/llama-7b,dummy-lora-7b-rank-16-0,895,52,95.3761726667258
1078,huggyllama/llama-7b,dummy-lora-7b-rank-8-9,817,57,95.40667227628752
1079,huggyllama/llama-7b,dummy-lora-7b-rank-8-10,1358,52,95.49038397061655
1080,huggyllama/llama-7b,dummy-lora-7b-rank-8-11,1092,69,95.57656159082504
1081,huggyllama/llama-7b,dummy-lora-7b-rank-8-12,3287,373,95.59356350083604
1082,huggyllama/llama-7b,dummy-lora-7b-rank-8-13,1021,62,95.61316112229912
1083,huggyllama/llama-7b,dummy-lora-7b-rank-8-14,1464,57,95.64379051743346
1084,huggyllama/llama-7b,dummy-lora-7b-rank-16-1,2360,207,95.66196049759789
1085,huggyllama/llama-7b,dummy-lora-7b-rank-16-2,1453,52,95.71582151022818
1086,huggyllama/llama-7b,dummy-lora-7b-rank-8-15,1371,57,95.74787854666116
1087,huggyllama/llama-7b,dummy-lora-7b-rank-8-0,1095,321,95.78006536866673
1088,huggyllama/llama-7b,dummy-lora-7b-rank-64-1,3270,441,95.81640532899561
1089,huggyllama/llama-7b,dummy-lora-7b-rank-128-1,2855,7,96.32438606016427
1090,huggyllama/llama-7b,dummy-lora-7b-rank-8-1,3460,279,96.52204948723883
1091,huggyllama/llama-7b,dummy-lora-7b-rank-8-2,611,57,96.53373018877312
1092,huggyllama/llama-7b,dummy-lora-7b-rank-32-4,3353,57,96.60861646416512
1093,huggyllama/llama-7b,dummy-lora-7b-rank-32-5,986,67,96.61341853035144
1094,huggyllama/llama-7b,dummy-lora-7b-rank-8-3,1356,90,97.04923848315275
1095,huggyllama/llama-7b,dummy-lora-7b-rank-8-4,1037,57,97.22159372356971
1096,huggyllama/llama-7b,dummy-lora-7b-rank-8-5,611,57,97.61276743939555
1097,huggyllama/llama-7b,dummy-lora-7b-rank-128-2,2937,19,97.73346802191645
1098,huggyllama/llama-7b,dummy-lora-7b-rank-8-6,2185,57,97.83496033969212
1099,huggyllama/llama-7b,dummy-lora-7b-rank-16-3,624,94,97.86195573879355
1100,huggyllama/llama-7b,dummy-lora-7b-rank-8-7,2201,82,97.88960006575802
1101,huggyllama/llama-7b,dummy-lora-7b-rank-8-8,1100,69,98.03573862050915
1102,huggyllama/llama-7b,dummy-lora-7b-rank-16-4,934,179,98.12568002232311
1103,huggyllama/llama-7b,dummy-lora-7b-rank-8-9,507,90,98.15617963188484
1104,huggyllama/llama-7b,dummy-lora-7b-rank-16-5,997,216,98.18849623946303
1105,huggyllama/llama-7b,dummy-lora-7b-rank-16-6,788,57,98.46455015238989
1106,huggyllama/llama-7b,dummy-lora-7b-rank-32-6,917,295,98.53813857205587
1107,huggyllama/llama-7b,dummy-lora-7b-rank-8-10,1241,52,98.54255128152437
1108,huggyllama/llama-7b,dummy-lora-7b-rank-16-7,1012,57,98.63262246891095
1109,huggyllama/llama-7b,dummy-lora-7b-rank-8-11,2394,708,98.77512702762918
1110,huggyllama/llama-7b,dummy-lora-7b-rank-16-8,2546,198,98.78057802167852
1111,huggyllama/llama-7b,dummy-lora-7b-rank-16-9,921,82,98.92957185902691
1112,huggyllama/llama-7b,dummy-lora-7b-rank-8-12,1943,615,98.93852706353653
1113,huggyllama/llama-7b,dummy-lora-7b-rank-8-13,1238,63,99.00679427472576
1114,huggyllama/llama-7b,dummy-lora-7b-rank-16-10,1089,141,99.08842939989316
1115,huggyllama/llama-7b,dummy-lora-7b-rank-32-7,687,57,99.24988265221144
1116,huggyllama/llama-7b,dummy-lora-7b-rank-8-14,888,88,99.29751395735678
1117,huggyllama/llama-7b,dummy-lora-7b-rank-16-11,1268,57,99.45429492906136
1118,huggyllama/llama-7b,dummy-lora-7b-rank-8-15,861,52,99.45494385692439
1119,huggyllama/llama-7b,dummy-lora-7b-rank-8-0,1330,345,99.45663106936823
1120,huggyllama/llama-7b,dummy-lora-7b-rank-8-1,861,57,99.4764882619765
1121,huggyllama/llama-7b,dummy-lora-7b-rank-16-0,1850,59,99.54190019056847
1122,huggyllama/llama-7b,dummy-lora-7b-rank-8-2,2843,81,99.6956960941032
1123,huggyllama/llama-7b,dummy-lora-7b-rank-8-3,787,212,99.92580591432854
1124,huggyllama/llama-7b,dummy-lora-7b-rank-16-1,645,57,99.95838209305194
1125,huggyllama/llama-7b,dummy-lora-7b-rank-8-4,529,57,100.0023794021644
1126,huggyllama/llama-7b,dummy-lora-7b-rank-16-2,593,333,100.076746535266
1127,huggyllama/llama-7b,dummy-lora-7b-rank-32-8,795,61,100.11243756773183
1128,huggyllama/llama-7b,dummy-lora-7b-rank-128-0,2854,21,100.30127557586941
1129,huggyllama/llama-7b,dummy-lora-7b-rank-16-3,1205,247,100.47129467597951
1130,huggyllama/llama-7b,dummy-lora-7b-rank-128-1,2858,23,100.53566831999066
1131,huggyllama/llama-7b,dummy-lora-7b-rank-16-4,784,265,100.57797841665929
1132,huggyllama/llama-7b,dummy-lora-7b-rank-8-5,2202,90,100.87051509730674
1133,huggyllama/llama-7b,dummy-lora-7b-rank-8-6,3254,90,100.94124823437545
1134,huggyllama/llama-7b,dummy-lora-7b-rank-8-7,808,57,101.20276616317075
1135,huggyllama/llama-7b,dummy-lora-7b-rank-16-5,726,66,101.32333696011906
1136,huggyllama/llama-7b,dummy-lora-7b-rank-16-6,1235,91,101.44364818592216
1137,huggyllama/llama-7b,dummy-lora-7b-rank-8-8,1040,90,101.51373239512785
1138,huggyllama/llama-7b,dummy-lora-7b-rank-16-7,1304,145,101.5409873653745
1139,huggyllama/llama-7b,dummy-lora-7b-rank-8-9,607,57,101.92372501898113
1140,huggyllama/llama-7b,dummy-lora-7b-rank-8-10,2127,454,102.05935094235141
1141,huggyllama/llama-7b,dummy-lora-7b-rank-32-9,799,90,102.21392555932174
1142,huggyllama/llama-7b,dummy-lora-7b-rank-64-2,2213,87,102.31762423183163
1143,huggyllama/llama-7b,dummy-lora-7b-rank-16-8,1143,57,102.34656641452213
1144,huggyllama/llama-7b,dummy-lora-7b-rank-8-11,1468,57,102.47271799109238
1145,huggyllama/llama-7b,dummy-lora-7b-rank-8-12,1459,79,102.50983666485688
1146,huggyllama/llama-7b,dummy-lora-7b-rank-16-9,2109,270,102.54397027045151
1147,huggyllama/llama-7b,dummy-lora-7b-rank-8-13,1131,52,102.55253611824332
1148,huggyllama/llama-7b,dummy-lora-7b-rank-16-10,1861,57,102.56239982176115
1149,huggyllama/llama-7b,dummy-lora-7b-rank-16-11,1173,82,102.62885003493395
1150,huggyllama/llama-7b,dummy-lora-7b-rank-8-14,1750,52,102.66622827984365
1151,huggyllama/llama-7b,dummy-lora-7b-rank-128-2,2918,19,102.80574777039202
1152,huggyllama/llama-7b,dummy-lora-7b-rank-8-15,1266,57,102.81483276047423
1153,huggyllama/llama-7b,dummy-lora-7b-rank-16-0,399,93,102.99315813723094
1154,huggyllama/llama-7b,dummy-lora-7b-rank-8-0,1937,109,103.08309953904492
1155,huggyllama/llama-7b,dummy-lora-7b-rank-8-1,3014,201,103.24143793762073
1156,huggyllama/llama-7b,dummy-lora-7b-rank-8-2,1012,52,103.27933532482083
1157,huggyllama/llama-7b,dummy-lora-7b-rank-64-3,2773,357,103.3102242911004
1158,huggyllama/llama-7b,dummy-lora-7b-rank-8-3,1934,57,103.44117793385695
1159,huggyllama/llama-7b,dummy-lora-7b-rank-8-4,1219,57,103.50788771817496
1160,huggyllama/llama-7b,dummy-lora-7b-rank-16-1,1560,209,103.73202740206057
1161,huggyllama/llama-7b,dummy-lora-7b-rank-8-5,949,57,103.77719278132645
1162,huggyllama/llama-7b,dummy-lora-7b-rank-8-6,1229,349,103.82793894021428
1163,huggyllama/llama-7b,dummy-lora-7b-rank-8-7,1418,57,103.89374022552406
1164,huggyllama/llama-7b,dummy-lora-7b-rank-8-8,928,57,103.95266287548587
1165,huggyllama/llama-7b,dummy-lora-7b-rank-8-9,805,52,104.01054724086687
1166,huggyllama/llama-7b,dummy-lora-7b-rank-128-0,3750,23,104.03338950164503
1167,huggyllama/llama-7b,dummy-lora-7b-rank-8-10,1258,82,104.10308435413292
1168,huggyllama/llama-7b,dummy-lora-7b-rank-32-0,587,52,104.12488833033024
1169,huggyllama/llama-7b,dummy-lora-7b-rank-8-11,1227,57,104.16187721852214
1170,huggyllama/llama-7b,dummy-lora-7b-rank-16-2,994,57,104.17965784196876
1171,huggyllama/llama-7b,dummy-lora-7b-rank-8-12,943,57,104.18796411861537
1172,huggyllama/llama-7b,dummy-lora-7b-rank-32-1,598,57,104.2516888347635
1173,huggyllama/llama-7b,dummy-lora-7b-rank-16-3,945,57,104.26713331790326
1174,huggyllama/llama-7b,dummy-lora-7b-rank-8-13,681,57,104.29672442845678
1175,huggyllama/llama-7b,dummy-lora-7b-rank-16-4,1435,57,104.31787947679109
1176,huggyllama/llama-7b,dummy-lora-7b-rank-16-5,834,90,104.33384310222128
1177,huggyllama/llama-7b,dummy-lora-7b-rank-64-4,2628,374,104.36602992422685
1178,huggyllama/llama-7b,dummy-lora-7b-rank-8-14,1562,178,104.42028029357498
1179,huggyllama/llama-7b,dummy-lora-7b-rank-8-15,672,88,104.5050302724848
1180,huggyllama/llama-7b,dummy-lora-7b-rank-16-6,1137,126,104.55889128511511
1181,huggyllama/llama-7b,dummy-lora-7b-rank-8-0,1191,65,104.58290161604668
1182,huggyllama/llama-7b,dummy-lora-7b-rank-16-7,781,88,104.5834207583371
1183,huggyllama/llama-7b,dummy-lora-7b-rank-8-1,1745,52,104.71865732498956
1184,huggyllama/llama-7b,dummy-lora-7b-rank-8-2,968,88,104.79445209938979
1185,huggyllama/llama-7b,dummy-lora-7b-rank-16-8,2446,123,104.8651852364585
1186,huggyllama/llama-7b,dummy-lora-7b-rank-32-2,700,247,104.97498383088075
1187,huggyllama/llama-7b,dummy-lora-7b-rank-8-3,696,81,104.97667104332459
1188,huggyllama/llama-7b,dummy-lora-7b-rank-8-4,1664,57,104.97809868462322
1189,huggyllama/llama-7b,dummy-lora-7b-rank-8-5,1012,167,105.01365993151649
1190,huggyllama/llama-7b,dummy-lora-7b-rank-8-6,1462,80,105.05830616849195
1191,huggyllama/llama-7b,dummy-lora-7b-rank-8-7,672,202,105.08413349743998
1192,huggyllama/llama-7b,dummy-lora-7b-rank-16-9,834,276,105.0888057780537
1193,huggyllama/llama-7b,dummy-lora-7b-rank-8-8,3060,86,105.12293938364832
1194,huggyllama/llama-7b,dummy-lora-7b-rank-128-1,2864,28,105.29256912704061
1195,huggyllama/llama-7b,dummy-lora-7b-rank-128-2,2951,21,105.29529462406528
1196,huggyllama/llama-7b,dummy-lora-7b-rank-8-9,1426,108,105.40872721452041
1197,huggyllama/llama-7b,dummy-lora-7b-rank-8-10,853,52,105.70230217974868
1198,huggyllama/llama-7b,dummy-lora-7b-rank-8-11,673,57,105.77783738300371
1199,huggyllama/llama-7b,dummy-lora-7b-rank-8-12,1830,332,105.8313090389162
1200,huggyllama/llama-7b,dummy-lora-7b-rank-16-10,1607,283,105.92812907607815
1201,huggyllama/llama-7b,dummy-lora-7b-rank-8-13,580,69,105.9683626035851
1202,huggyllama/llama-7b,dummy-lora-7b-rank-16-11,1541,90,106.00651956193043
1203,huggyllama/llama-7b,dummy-lora-7b-rank-8-14,3029,52,106.08659726022657
1204,huggyllama/llama-7b,dummy-lora-7b-rank-8-15,776,90,106.1634303192076
1205,huggyllama/llama-7b,dummy-lora-7b-rank-8-0,1525,67,106.28984146692306
1206,huggyllama/llama-7b,dummy-lora-7b-rank-8-1,1068,57,106.39211249813434
1207,huggyllama/llama-7b,dummy-lora-7b-rank-16-0,1315,183,106.55097003900057
1208,huggyllama/llama-7b,dummy-lora-7b-rank-8-2,1129,66,106.72942520132987
1209,huggyllama/llama-7b,dummy-lora-7b-rank-8-3,1345,208,106.73448683866138
1210,huggyllama/llama-7b,dummy-lora-7b-rank-8-4,1125,236,106.74058676057373
1211,huggyllama/llama-7b,dummy-lora-7b-rank-8-5,805,81,106.81521346482053
1212,huggyllama/llama-7b,dummy-lora-7b-rank-64-5,2696,278,106.86219584210288
1213,huggyllama/llama-7b,dummy-lora-7b-rank-16-1,508,59,106.90152087060163
1214,huggyllama/llama-7b,dummy-lora-7b-rank-16-2,539,57,106.93526511947843
1215,huggyllama/llama-7b,dummy-lora-7b-rank-32-3,1091,306,107.04065100443216
1216,huggyllama/llama-7b,dummy-lora-7b-rank-16-3,932,57,107.12306484303517
1217,huggyllama/llama-7b,dummy-lora-7b-rank-8-6,1638,124,107.22884008470672
1218,huggyllama/llama-7b,dummy-lora-7b-rank-16-4,390,59,107.43792464217036
1219,huggyllama/llama-7b,dummy-lora-7b-rank-8-7,1066,57,107.44597134767176
1220,huggyllama/llama-7b,dummy-lora-7b-rank-8-8,920,259,107.45492655218138
1221,huggyllama/llama-7b,dummy-lora-7b-rank-16-5,1717,90,107.55680822667482
1222,huggyllama/llama-7b,dummy-lora-7b-rank-8-9,2590,679,107.55732736896523
1223,huggyllama/llama-7b,dummy-lora-7b-rank-8-10,579,57,107.60768417113526
1224,huggyllama/llama-7b,dummy-lora-7b-rank-16-6,1104,409,107.72345290189725
1225,huggyllama/llama-7b,dummy-lora-7b-rank-8-11,1505,75,107.82870900127838
1226,huggyllama/llama-7b,dummy-lora-7b-rank-16-7,879,88,108.42429499395415
1227,huggyllama/llama-7b,dummy-lora-7b-rank-8-12,810,52,108.46881144535703
1228,huggyllama/llama-7b,dummy-lora-7b-rank-8-13,492,81,108.6701088684645
1229,huggyllama/llama-7b,dummy-lora-7b-rank-16-8,1530,75,109.28139891542523
1230,huggyllama/llama-7b,dummy-lora-7b-rank-8-14,1442,90,109.32734300812675
1231,huggyllama/llama-7b,dummy-lora-7b-rank-8-15,1622,57,109.32877064942538
1232,huggyllama/llama-7b,dummy-lora-7b-rank-8-0,994,57,109.42870554032979
1233,huggyllama/llama-7b,dummy-lora-7b-rank-128-0,2861,25,109.74382491061019
1234,huggyllama/llama-7b,dummy-lora-7b-rank-8-1,1621,132,109.83246845669812
1235,huggyllama/llama-7b,dummy-lora-7b-rank-8-2,1573,67,109.84064494777213
1236,huggyllama/llama-7b,dummy-lora-7b-rank-16-9,780,69,109.9274714958436
1237,huggyllama/llama-7b,dummy-lora-7b-rank-16-10,1982,703,109.93811391279706
1238,huggyllama/llama-7b,dummy-lora-7b-rank-16-11,3629,452,109.99067706970135
1239,huggyllama/llama-7b,dummy-lora-7b-rank-16-0,690,57,110.00482369711509
1240,huggyllama/llama-7b,dummy-lora-7b-rank-8-3,1094,122,110.04895079180015
1241,huggyllama/llama-7b,dummy-lora-7b-rank-16-1,869,71,110.0842524675482
1242,huggyllama/llama-7b,dummy-lora-7b-rank-16-2,1723,90,110.08996303274274
1243,huggyllama/llama-7b,dummy-lora-7b-rank-8-4,1850,111,110.39612719851353
1244,huggyllama/llama-7b,dummy-lora-7b-rank-16-3,721,57,110.45855405893563
1245,huggyllama/llama-7b,dummy-lora-7b-rank-32-4,1108,57,110.58470563550587
1246,huggyllama/llama-7b,dummy-lora-7b-rank-8-5,810,57,110.64207085859645
1247,huggyllama/llama-7b,dummy-lora-7b-rank-8-6,901,70,110.66763861639927
1248,huggyllama/llama-7b,dummy-lora-7b-rank-16-4,792,276,110.67905974678835
1249,huggyllama/llama-7b,dummy-lora-7b-rank-64-6,2250,160,110.79781354572022
1250,huggyllama/llama-7b,dummy-lora-7b-rank-8-7,2548,92,111.0253276544935
1251,huggyllama/llama-7b,dummy-lora-7b-rank-32-5,682,258,111.24232913188594
1252,huggyllama/llama-7b,dummy-lora-7b-rank-16-5,800,76,111.33278967599031
1253,huggyllama/llama-7b,dummy-lora-7b-rank-8-8,449,63,111.42221193551387
1254,huggyllama/llama-7b,dummy-lora-7b-rank-8-9,530,88,111.58119926195272
1255,huggyllama/llama-7b,dummy-lora-7b-rank-8-10,763,57,111.65803232093377
1256,huggyllama/llama-7b,dummy-lora-7b-rank-8-11,1779,57,111.66465138513652
1257,huggyllama/llama-7b,dummy-lora-7b-rank-16-6,618,52,111.67931715484067
1258,huggyllama/llama-7b,dummy-lora-7b-rank-8-12,713,61,111.70683169623254
1259,huggyllama/llama-7b,dummy-lora-7b-rank-16-7,579,57,111.74758436602991
1260,huggyllama/llama-7b,dummy-lora-7b-rank-16-8,645,57,111.78963489155335
1261,huggyllama/llama-7b,dummy-lora-7b-rank-8-13,1393,52,111.79923902392596
1262,huggyllama/llama-7b,dummy-lora-7b-rank-32-6,1856,82,111.81429415034793
1263,huggyllama/llama-7b,dummy-lora-7b-rank-128-1,2857,7,111.84829797036996
1264,huggyllama/llama-7b,dummy-lora-7b-rank-16-9,1536,116,111.86348288236452
1265,huggyllama/llama-7b,dummy-lora-7b-rank-8-14,851,57,111.86361266793713
1266,huggyllama/llama-7b,dummy-lora-7b-rank-8-15,801,57,111.89177613719201
1267,huggyllama/llama-7b,dummy-lora-7b-rank-8-0,743,52,111.96419648670455
1268,huggyllama/llama-7b,dummy-lora-7b-rank-8-1,1581,134,111.98626003404709
1269,huggyllama/llama-7b,dummy-lora-7b-rank-16-10,622,52,112.03155519888557
1270,huggyllama/llama-7b,dummy-lora-7b-rank-128-2,2844,21,112.0454422551541
1271,huggyllama/llama-7b,dummy-lora-7b-rank-16-11,672,57,112.05439745966372
1272,huggyllama/llama-7b,dummy-lora-7b-rank-16-0,717,61,112.08100350204737
1273,huggyllama/llama-7b,dummy-lora-7b-rank-8-2,568,88,112.09333313144467
1274,huggyllama/llama-7b,dummy-lora-7b-rank-8-3,649,57,112.18483196012987
1275,huggyllama/llama-7b,dummy-lora-7b-rank-16-1,583,129,112.20559765174637
1276,huggyllama/llama-7b,dummy-lora-7b-rank-8-4,473,57,112.3142281760152
1277,huggyllama/llama-7b,dummy-lora-7b-rank-8-5,910,90,112.41598006493604
1278,huggyllama/llama-7b,dummy-lora-7b-rank-8-6,821,65,112.48113242238281
1279,huggyllama/llama-7b,dummy-lora-7b-rank-8-7,931,52,112.57302060778584
1280,huggyllama/llama-7b,dummy-lora-7b-rank-8-8,759,81,112.58210559786805
1281,huggyllama/llama-7b,dummy-lora-7b-rank-16-2,753,57,112.58690766405438
1282,huggyllama/llama-7b,dummy-lora-7b-rank-16-3,427,59,112.66620664891488
1283,huggyllama/llama-7b,dummy-lora-7b-rank-8-9,2857,109,112.89826325272928
1284,huggyllama/llama-7b,dummy-lora-7b-rank-16-4,891,111,112.91539494831288
1285,huggyllama/llama-7b,dummy-lora-7b-rank-8-10,2393,102,112.95757525940893
1286,huggyllama/llama-7b,dummy-lora-7b-rank-16-5,1411,99,113.04933365923932
1287,huggyllama/llama-7b,dummy-lora-7b-rank-8-11,604,320,113.1098137360724
1288,huggyllama/llama-7b,dummy-lora-7b-rank-128-0,2882,23,113.29644538947569
1289,huggyllama/llama-7b,dummy-lora-7b-rank-8-12,1843,81,113.30033895665379
1290,huggyllama/llama-7b,dummy-lora-7b-rank-16-6,495,57,113.56302495560253
1291,huggyllama/llama-7b,dummy-lora-7b-rank-16-7,601,79,113.61195411647391
1292,huggyllama/llama-7b,dummy-lora-7b-rank-16-8,1220,57,113.67178526544394
1293,huggyllama/llama-7b,dummy-lora-7b-rank-8-13,519,60,113.67515969033163
1294,huggyllama/llama-7b,dummy-lora-7b-rank-8-14,485,52,113.72110378303313
1295,huggyllama/llama-7b,dummy-lora-7b-rank-8-15,1152,52,113.73589933830989
1296,huggyllama/llama-7b,dummy-lora-7b-rank-16-9,1892,502,113.81013668583888
1297,huggyllama/llama-7b,dummy-lora-7b-rank-128-1,2859,23,113.93979247286941
1298,huggyllama/llama-7b,dummy-lora-7b-rank-8-0,719,52,114.00247890443673
1299,huggyllama/llama-7b,dummy-lora-7b-rank-8-1,732,57,114.06075262653553
1300,huggyllama/llama-7b,dummy-lora-7b-rank-16-10,863,57,114.07619710967529
1301,huggyllama/llama-7b,dummy-lora-7b-rank-16-11,498,57,114.08813738235479
1302,huggyllama/llama-7b,dummy-lora-7b-rank-16-0,680,342,114.18184256577425
1303,huggyllama/llama-7b,dummy-lora-7b-rank-8-2,639,67,114.27347118003206
1304,huggyllama/llama-7b,dummy-lora-7b-rank-8-3,855,111,114.3417383912213
1305,huggyllama/llama-7b,dummy-lora-7b-rank-16-1,1487,107,114.3660082932981
1306,huggyllama/llama-7b,dummy-lora-7b-rank-64-7,2424,242,114.44141371098051
1307,huggyllama/llama-7b,dummy-lora-7b-rank-16-2,549,52,114.45841562099152
1308,huggyllama/llama-7b,dummy-lora-7b-rank-16-3,1702,133,114.51331491820264
1309,huggyllama/llama-7b,dummy-lora-7b-rank-16-4,622,57,114.68722758549083
1310,huggyllama/llama-7b,dummy-lora-7b-rank-8-4,1955,883,114.84932976567215
1311,huggyllama/llama-7b,dummy-lora-7b-rank-128-2,2867,29,114.99884274531097
1312,huggyllama/llama-7b,dummy-lora-7b-rank-16-5,1098,230,115.04115284197957
1313,huggyllama/llama-7b,dummy-lora-7b-rank-8-5,1569,57,115.2828135781666
1314,huggyllama/llama-7b,dummy-lora-7b-rank-8-6,1291,65,115.45997088476989
1315,huggyllama/llama-7b,dummy-lora-7b-rank-16-6,1981,52,115.80935364621752
1316,huggyllama/llama-7b,dummy-lora-7b-rank-16-7,575,52,115.91175446300137
1317,huggyllama/llama-7b,dummy-lora-7b-rank-8-7,770,69,115.97457068014128
1318,huggyllama/llama-7b,dummy-lora-7b-rank-16-8,863,57,116.07061200386761
1319,huggyllama/llama-7b,dummy-lora-7b-rank-16-9,850,79,116.08346077555531
1320,huggyllama/llama-7b,dummy-lora-7b-rank-8-8,484,81,116.15224712903499
1321,huggyllama/llama-7b,dummy-lora-7b-rank-16-10,963,124,116.27904763346824
1322,huggyllama/llama-7b,dummy-lora-7b-rank-128-0,2862,36,116.4594495793866
1323,huggyllama/llama-7b,dummy-lora-7b-rank-32-7,775,59,116.76924774119027
1324,huggyllama/llama-7b,dummy-lora-7b-rank-16-11,1340,243,116.83582773993567
1325,huggyllama/llama-7b,dummy-lora-7b-rank-64-8,2337,236,116.85996785643985
1326,huggyllama/llama-7b,dummy-lora-7b-rank-16-0,501,57,116.94290083733324
1327,huggyllama/llama-7b,dummy-lora-7b-rank-16-1,1152,81,117.06438013328979
1328,huggyllama/llama-7b,dummy-lora-7b-rank-16-2,1442,100,117.18962321085179
1329,huggyllama/llama-7b,dummy-lora-7b-rank-8-9,1340,533,117.22388660201904
1330,huggyllama/llama-7b,dummy-lora-7b-rank-8-10,801,52,117.31746199986588
1331,huggyllama/llama-7b,dummy-lora-7b-rank-8-11,967,323,117.33264691186045
1332,huggyllama/llama-7b,dummy-lora-7b-rank-8-12,611,57,117.3640550204304
1333,huggyllama/llama-7b,dummy-lora-7b-rank-8-13,725,69,117.49306187959792
1334,huggyllama/llama-7b,dummy-lora-7b-rank-8-14,717,62,117.52953162549942
1335,huggyllama/llama-7b,dummy-lora-7b-rank-8-15,2099,57,117.5918287003489
1336,huggyllama/llama-7b,dummy-lora-7b-rank-8-0,3851,170,117.75146495465076
1337,huggyllama/llama-7b,dummy-lora-7b-rank-8-1,1862,109,117.80883017774134
1338,huggyllama/llama-7b,dummy-lora-7b-rank-16-3,991,57,117.9897512659501
1339,huggyllama/llama-7b,dummy-lora-7b-rank-8-2,1821,79,118.04348249300779
1340,huggyllama/llama-7b,dummy-lora-7b-rank-8-3,688,309,118.07333317470653
1341,huggyllama/llama-7b,dummy-lora-7b-rank-16-4,1117,57,118.28086030529893
1342,huggyllama/llama-7b,dummy-lora-7b-rank-8-4,2397,636,118.36054864687725
1343,huggyllama/llama-7b,dummy-lora-7b-rank-128-1,2865,26,118.38637597582527
1344,huggyllama/llama-7b,dummy-lora-7b-rank-32-8,953,57,118.6279069264397
1345,huggyllama/llama-7b,dummy-lora-7b-rank-16-5,1956,471,118.73757573528934
1346,huggyllama/llama-7b,dummy-lora-7b-rank-16-6,1410,364,118.76989234286752
1347,huggyllama/llama-7b,dummy-lora-7b-rank-64-0,2456,302,118.89344820798571
1348,huggyllama/llama-7b,dummy-lora-7b-rank-16-7,1400,57,119.01544664623265
1349,huggyllama/llama-7b,dummy-lora-7b-rank-32-9,549,57,119.01635514524087
1350,huggyllama/llama-7b,dummy-lora-7b-rank-8-5,456,63,119.02024871241896
1351,huggyllama/llama-7b,dummy-lora-7b-rank-8-6,1279,57,119.02894434578337
1352,huggyllama/llama-7b,dummy-lora-7b-rank-8-7,838,57,119.04477818564095
1353,huggyllama/llama-7b,dummy-lora-7b-rank-8-8,893,57,119.05723760061086
1354,huggyllama/llama-7b,dummy-lora-7b-rank-8-9,1153,67,119.14717900242483
1355,huggyllama/llama-7b,dummy-lora-7b-rank-16-8,489,57,119.17521268610712
1356,huggyllama/llama-7b,dummy-lora-7b-rank-8-10,975,79,119.19442095085236
1357,huggyllama/llama-7b,dummy-lora-7b-rank-16-9,680,57,119.21440792903326
1358,huggyllama/llama-7b,dummy-lora-7b-rank-16-10,1721,446,119.26035202173475
1359,huggyllama/llama-7b,dummy-lora-7b-rank-8-11,1573,99,119.33900207873226
1360,huggyllama/llama-7b,dummy-lora-7b-rank-16-11,1244,108,119.55950776658497
1361,huggyllama/llama-7b,dummy-lora-7b-rank-8-12,1014,228,119.67787220879903
1362,huggyllama/llama-7b,dummy-lora-7b-rank-16-0,1625,125,119.7138228124101
1363,huggyllama/llama-7b,dummy-lora-7b-rank-8-13,1109,52,120.00778713435619
1364,huggyllama/llama-7b,dummy-lora-7b-rank-16-1,1217,91,120.07306927737555
1365,huggyllama/llama-7b,dummy-lora-7b-rank-64-1,2338,118,120.11278366259212
1366,huggyllama/llama-7b,dummy-lora-7b-rank-16-2,1028,80,120.13121321390177
1367,huggyllama/llama-7b,dummy-lora-7b-rank-16-3,1222,90,120.20882498631843
1368,huggyllama/llama-7b,dummy-lora-7b-rank-16-4,758,57,120.853859282156
1369,huggyllama/llama-7b,dummy-lora-7b-rank-8-14,1931,535,120.86034856078615
1370,huggyllama/llama-7b,dummy-lora-7b-rank-8-15,1088,301,120.93445612274255
1371,huggyllama/llama-7b,dummy-lora-7b-rank-16-5,1031,57,120.93744119091242
1372,huggyllama/llama-7b,dummy-lora-7b-rank-16-6,1121,57,120.98403421147694
1373,huggyllama/llama-7b,dummy-lora-7b-rank-8-0,1085,57,121.1975314784091
1374,huggyllama/llama-7b,dummy-lora-7b-rank-16-7,3436,124,121.30460457580668
1375,huggyllama/llama-7b,dummy-lora-7b-rank-8-1,2819,63,121.46865353957703
1376,huggyllama/llama-7b,dummy-lora-7b-rank-8-2,691,52,121.66865310695846
1377,huggyllama/llama-7b,dummy-lora-7b-rank-8-3,886,81,121.66969139153929
1378,huggyllama/llama-7b,dummy-lora-7b-rank-16-8,705,57,121.6999314299558
1379,huggyllama/llama-7b,dummy-lora-7b-rank-16-9,1029,57,121.72121626386273
1380,huggyllama/llama-7b,dummy-lora-7b-rank-128-2,3003,24,121.73627139028468
1381,huggyllama/llama-7b,dummy-lora-7b-rank-128-0,2850,19,121.7578157953368
1382,huggyllama/llama-7b,dummy-lora-7b-rank-64-2,2960,413,122.0023318141211
1383,huggyllama/llama-7b,dummy-lora-7b-rank-8-4,1610,57,122.04074834361164
1384,huggyllama/llama-7b,dummy-lora-7b-rank-8-5,1544,57,122.04165684261984
1385,huggyllama/llama-7b,dummy-lora-7b-rank-8-6,1008,79,122.50447219452262
1386,huggyllama/llama-7b,dummy-lora-7b-rank-8-7,1201,69,122.63347905369012
1387,huggyllama/llama-7b,dummy-lora-7b-rank-8-8,961,57,122.90784575417314
1388,huggyllama/llama-7b,dummy-lora-7b-rank-8-9,1112,61,122.96274505138426
1389,huggyllama/llama-7b,dummy-lora-7b-rank-8-10,1379,277,122.96521097726374
1390,huggyllama/llama-7b,dummy-lora-7b-rank-8-11,3119,243,122.99752758484192
1391,huggyllama/llama-7b,dummy-lora-7b-rank-16-10,1362,182,123.03295904616256
1392,huggyllama/llama-7b,dummy-lora-7b-rank-8-12,1762,67,123.05541195022292
1393,huggyllama/llama-7b,dummy-lora-7b-rank-8-13,1133,90,123.11316653003131
1394,huggyllama/llama-7b,dummy-lora-7b-rank-8-14,1072,57,123.12432808927518
1395,huggyllama/llama-7b,dummy-lora-7b-rank-8-15,1611,115,123.17390617800956
1396,huggyllama/llama-7b,dummy-lora-7b-rank-8-0,874,296,123.8010300648279
1397,huggyllama/llama-7b,dummy-lora-7b-rank-16-11,1799,57,123.81997875842794
1398,huggyllama/llama-7b,dummy-lora-7b-rank-16-0,1795,67,123.87812269495416
1399,huggyllama/llama-7b,dummy-lora-7b-rank-16-1,1200,62,123.88565025816513
1400,huggyllama/llama-7b,dummy-lora-7b-rank-64-3,3079,149,124.02763567459297
1401,huggyllama/llama-7b,dummy-lora-7b-rank-16-2,1985,68,124.05177579109714
1402,huggyllama/llama-7b,dummy-lora-7b-rank-64-4,2595,439,124.06371606377664
1403,huggyllama/llama-7b,dummy-lora-7b-rank-8-1,805,82,124.09045189173288
1404,huggyllama/llama-7b,dummy-lora-7b-rank-8-2,1198,344,124.18026350797425
1405,huggyllama/llama-7b,dummy-lora-7b-rank-8-3,1786,311,124.27890054315262
1406,huggyllama/llama-7b,dummy-lora-7b-rank-8-4,894,79,124.29966623476912
1407,huggyllama/llama-7b,dummy-lora-7b-rank-16-3,1977,859,124.35132089266517
1408,huggyllama/llama-7b,dummy-lora-7b-rank-32-0,902,57,124.36689516137754
1409,huggyllama/llama-7b,dummy-lora-7b-rank-8-5,1502,57,124.51562942758072
1410,huggyllama/llama-7b,dummy-lora-7b-rank-32-1,915,57,124.60362404580566
1411,huggyllama/llama-7b,dummy-lora-7b-rank-8-6,1121,126,125.36637385599425
1412,huggyllama/llama-7b,dummy-lora-7b-rank-32-2,1424,209,125.58454340354011
1413,huggyllama/llama-7b,dummy-lora-7b-rank-8-7,662,249,125.69434199796237
1414,huggyllama/llama-7b,dummy-lora-7b-rank-8-8,894,119,125.82244035812165
1415,huggyllama/llama-7b,dummy-lora-7b-rank-8-9,765,57,125.87837793991362
1416,huggyllama/llama-7b,dummy-lora-7b-rank-8-10,1795,82,125.8943415653438
1417,huggyllama/llama-7b,dummy-lora-7b-rank-16-4,738,57,125.93288788040691
1418,huggyllama/llama-7b,dummy-lora-7b-rank-16-5,979,67,125.93730058987542
1419,huggyllama/llama-7b,dummy-lora-7b-rank-16-6,551,137,125.97208312333306
1420,huggyllama/llama-7b,dummy-lora-7b-rank-8-11,1941,658,125.99868916571671
1421,huggyllama/llama-7b,dummy-lora-7b-rank-32-3,913,57,126.02568456481815
1422,huggyllama/llama-7b,dummy-lora-7b-rank-16-7,1172,212,126.15430206726786
1423,huggyllama/llama-7b,dummy-lora-7b-rank-16-8,3523,143,126.16169984490625
1424,huggyllama/llama-7b,dummy-lora-7b-rank-16-9,1045,88,126.22529477548177
1425,huggyllama/llama-7b,dummy-lora-7b-rank-8-12,1007,361,126.22620327448999
1426,huggyllama/llama-7b,dummy-lora-7b-rank-8-13,904,80,126.28291956971756
1427,huggyllama/llama-7b,dummy-lora-7b-rank-16-10,2398,118,126.39090116612337
1428,huggyllama/llama-7b,dummy-lora-7b-rank-8-14,898,119,126.41478171148235
1429,huggyllama/llama-7b,dummy-lora-7b-rank-8-15,2121,152,126.67123800294613
1430,huggyllama/llama-7b,dummy-lora-7b-rank-8-0,1109,359,126.7568964808642
1431,huggyllama/llama-7b,dummy-lora-7b-rank-8-1,1390,57,126.88395655644267
1432,huggyllama/llama-7b,dummy-lora-7b-rank-8-2,1256,57,126.89654575698516
1433,huggyllama/llama-7b,dummy-lora-7b-rank-8-3,1052,69,126.9766234552813
1434,huggyllama/llama-7b,dummy-lora-7b-rank-16-11,775,57,126.99336579414711
1435,huggyllama/llama-7b,dummy-lora-7b-rank-8-4,2769,183,127.09862189352823
1436,huggyllama/llama-7b,dummy-lora-7b-rank-16-0,2187,200,127.20309927947376
1437,huggyllama/llama-7b,dummy-lora-7b-rank-128-1,3469,21,127.33937413070706
1438,huggyllama/llama-7b,dummy-lora-7b-rank-8-5,3864,199,127.77558344022617
1439,huggyllama/llama-7b,dummy-lora-7b-rank-16-1,961,67,127.80089162688378
1440,huggyllama/llama-7b,dummy-lora-7b-rank-16-2,745,52,127.83852944293868
1441,huggyllama/llama-7b,dummy-lora-7b-rank-16-3,504,57,127.8721439062429
1442,huggyllama/llama-7b,dummy-lora-7b-rank-8-6,411,61,127.91159872031426
1443,huggyllama/llama-7b,dummy-lora-7b-rank-8-7,1007,87,127.95222160453903
1444,huggyllama/llama-7b,dummy-lora-7b-rank-8-8,1093,57,127.96065766675824
1445,huggyllama/llama-7b,dummy-lora-7b-rank-16-4,1708,57,127.98038507379391
1446,huggyllama/llama-7b,dummy-lora-7b-rank-16-5,2007,57,128.06604355171197
1447,huggyllama/llama-7b,dummy-lora-7b-rank-8-9,1144,57,128.07590725522982
1448,huggyllama/llama-7b,dummy-lora-7b-rank-8-10,1068,65,128.13080655244093
1449,huggyllama/llama-7b,dummy-lora-7b-rank-8-11,831,88,128.13677668878069
1450,huggyllama/llama-7b,dummy-lora-7b-rank-8-12,1128,81,128.23190951349878
1451,huggyllama/llama-7b,dummy-lora-7b-rank-32-4,1016,367,128.28486202712085
1452,huggyllama/llama-7b,dummy-lora-7b-rank-8-13,1703,127,128.4115327459815
1453,huggyllama/llama-7b,dummy-lora-7b-rank-16-6,2570,634,128.4846020233571
1454,huggyllama/llama-7b,dummy-lora-7b-rank-8-14,1508,125,128.54209703202025
1455,huggyllama/llama-7b,dummy-lora-7b-rank-16-7,766,57,128.76493886017985
1456,huggyllama/llama-7b,dummy-lora-7b-rank-8-15,731,64,128.8162041613581
1457,huggyllama/llama-7b,dummy-lora-7b-rank-8-0,1039,79,128.8416421335883
1458,huggyllama/llama-7b,dummy-lora-7b-rank-16-8,2861,633,128.98635304704078
1459,huggyllama/llama-7b,dummy-lora-7b-rank-8-1,772,57,129.35922699712958
1460,huggyllama/llama-7b,dummy-lora-7b-rank-8-2,798,86,129.5389800151849
1461,huggyllama/llama-7b,dummy-lora-7b-rank-16-9,3666,401,129.60750679751936
1462,huggyllama/llama-7b,dummy-lora-7b-rank-8-3,989,64,129.81672114055561
1463,huggyllama/llama-7b,dummy-lora-7b-rank-16-10,757,57,129.81931685200766
1464,huggyllama/llama-7b,dummy-lora-7b-rank-8-4,1469,511,129.99322951929585
1465,huggyllama/llama-7b,dummy-lora-7b-rank-8-5,1152,300,130.06331372850156
1466,huggyllama/llama-7b,dummy-lora-7b-rank-8-6,1161,87,130.2216521270774
1467,huggyllama/llama-7b,dummy-lora-7b-rank-16-11,1649,130,130.29562990346116
1468,huggyllama/llama-7b,dummy-lora-7b-rank-8-7,2398,164,130.4383940333246
1469,huggyllama/llama-7b,dummy-lora-7b-rank-16-0,869,57,130.47732970510555
1470,huggyllama/llama-7b,dummy-lora-7b-rank-8-8,701,57,130.48901040663984
1471,huggyllama/llama-7b,dummy-lora-7b-rank-8-9,719,75,130.49420182954395
1472,huggyllama/llama-7b,dummy-lora-7b-rank-8-10,807,57,130.61100884488675
1473,huggyllama/llama-7b,dummy-lora-7b-rank-128-2,2908,19,130.72522014877754
1474,huggyllama/llama-7b,dummy-lora-7b-rank-16-1,1153,88,130.76285796483245
1475,huggyllama/llama-7b,dummy-lora-7b-rank-16-2,714,86,130.8199636167778
1476,huggyllama/llama-7b,dummy-lora-7b-rank-8-11,644,57,130.89004782598352
1477,huggyllama/llama-7b,dummy-lora-7b-rank-16-3,1370,52,130.89523924888763
1478,huggyllama/llama-7b,dummy-lora-7b-rank-16-4,713,67,130.9354727763946
1479,huggyllama/llama-7b,dummy-lora-7b-rank-16-5,767,52,131.2664259865326
1480,huggyllama/llama-7b,dummy-lora-7b-rank-8-12,1506,59,131.56363494779376
1481,huggyllama/llama-7b,dummy-lora-7b-rank-128-0,2877,29,131.56752851497185
1482,huggyllama/llama-7b,dummy-lora-7b-rank-64-5,3078,306,131.75831330669845
1483,huggyllama/llama-7b,dummy-lora-7b-rank-8-13,1468,57,131.84007821743842
1484,huggyllama/llama-7b,dummy-lora-7b-rank-8-14,669,52,131.85695034187682
1485,huggyllama/llama-7b,dummy-lora-7b-rank-16-6,1225,57,131.88290745639745
1486,huggyllama/llama-7b,dummy-lora-7b-rank-16-7,1084,57,131.90756671519205
1487,huggyllama/llama-7b,dummy-lora-7b-rank-8-15,1639,128,131.9633745114114
1488,huggyllama/llama-7b,dummy-lora-7b-rank-8-0,641,59,132.0633094023158
1489,huggyllama/llama-7b,dummy-lora-7b-rank-16-8,1108,57,132.09056437256245
1490,huggyllama/llama-7b,dummy-lora-7b-rank-16-9,1634,62,132.09316008401453
1491,huggyllama/llama-7b,dummy-lora-7b-rank-16-10,1161,70,132.1204150542612
1492,huggyllama/llama-7b,dummy-lora-7b-rank-16-11,2483,57,132.17362713902847
1493,huggyllama/llama-7b,dummy-lora-7b-rank-16-0,1622,125,132.2502006268643
1494,huggyllama/llama-7b,dummy-lora-7b-rank-16-1,1099,88,132.31249770171382
1495,huggyllama/llama-7b,dummy-lora-7b-rank-16-2,1646,132,132.34624195059064
1496,huggyllama/llama-7b,dummy-lora-7b-rank-16-3,1673,82,132.37219906511126
1497,huggyllama/llama-7b,dummy-lora-7b-rank-8-1,1802,76,132.39685832390586
1498,huggyllama/llama-7b,dummy-lora-7b-rank-8-2,819,342,132.57596241409817
1499,huggyllama/llama-7b,dummy-lora-7b-rank-8-3,1099,69,132.60321738434484
1500,huggyllama/llama-7b,dummy-lora-7b-rank-8-4,830,57,132.6343659217696
1501,huggyllama/llama-7b,dummy-lora-7b-rank-16-4,2377,349,132.65772732483813
1502,huggyllama/llama-7b,dummy-lora-7b-rank-8-5,592,64,132.69666299661907
1503,huggyllama/llama-7b,dummy-lora-7b-rank-8-6,2280,168,132.75636436001653
1504,huggyllama/llama-7b,dummy-lora-7b-rank-16-5,1574,57,132.8342357035784
1505,huggyllama/llama-7b,dummy-lora-7b-rank-8-7,1154,90,132.8913413555238
1506,huggyllama/llama-7b,dummy-lora-7b-rank-128-1,2862,20,132.91080919141424
1507,huggyllama/llama-7b,dummy-lora-7b-rank-8-8,821,57,133.04319047546946
1508,huggyllama/llama-7b,dummy-lora-7b-rank-8-9,747,61,133.0704454457161
1509,huggyllama/llama-7b,dummy-lora-7b-rank-128-2,2860,24,133.0821261472504
1510,huggyllama/llama-7b,dummy-lora-7b-rank-8-10,1989,89,133.21061386412748
1511,huggyllama/llama-7b,dummy-lora-7b-rank-128-0,2981,31,133.22489027711384
1512,huggyllama/llama-7b,dummy-lora-7b-rank-16-6,886,88,133.32612302374426
1513,huggyllama/llama-7b,dummy-lora-7b-rank-8-11,1952,775,133.33780372527855
1514,huggyllama/llama-7b,dummy-lora-7b-rank-8-12,1608,214,133.41048364593632
1515,huggyllama/llama-7b,dummy-lora-7b-rank-8-13,606,773,133.50782282538864
1516,huggyllama/llama-7b,dummy-lora-7b-rank-16-7,2217,200,133.59867272621085
1517,huggyllama/llama-7b,dummy-lora-7b-rank-16-8,2317,408,133.71547974155368
1518,huggyllama/llama-7b,dummy-lora-7b-rank-8-14,1601,115,133.7336497217181
1519,huggyllama/llama-7b,dummy-lora-7b-rank-16-9,1349,80,133.7453304232524
1520,huggyllama/llama-7b,dummy-lora-7b-rank-16-10,1646,133,133.96337018522564
1521,huggyllama/llama-7b,dummy-lora-7b-rank-16-11,746,344,133.99581657837643
1522,huggyllama/llama-7b,dummy-lora-7b-rank-8-15,2175,888,134.32806764424043
1523,huggyllama/llama-7b,dummy-lora-7b-rank-8-0,1452,57,134.41113041070645
1524,huggyllama/llama-7b,dummy-lora-7b-rank-8-1,412,57,134.54480955048768
1525,huggyllama/llama-7b,dummy-lora-7b-rank-8-2,905,90,134.57206452073433
1526,huggyllama/llama-7b,dummy-lora-7b-rank-16-0,1157,90,134.57206452073433
1527,huggyllama/llama-7b,dummy-lora-7b-rank-16-1,1962,675,134.73559434221426
1528,huggyllama/llama-7b,dummy-lora-7b-rank-8-3,1823,97,134.7745300139952
1529,huggyllama/llama-7b,dummy-lora-7b-rank-128-1,2970,15,134.85110350183106
1530,huggyllama/llama-7b,dummy-lora-7b-rank-8-4,911,121,134.85499706900916
1531,huggyllama/llama-7b,dummy-lora-7b-rank-16-2,1174,349,134.88095418352978
1532,huggyllama/llama-7b,dummy-lora-7b-rank-8-5,2656,416,134.9354641240231
1533,huggyllama/llama-7b,dummy-lora-7b-rank-16-3,1712,127,134.94195340265324
1534,huggyllama/llama-7b,dummy-lora-7b-rank-16-4,1152,144,135.06654755235226
1535,huggyllama/llama-7b,dummy-lora-7b-rank-8-6,470,60,135.0691432638043
1536,huggyllama/llama-7b,dummy-lora-7b-rank-16-5,782,57,135.14961031881825
1537,huggyllama/llama-7b,dummy-lora-7b-rank-16-6,1667,158,135.1755674333389
1538,huggyllama/llama-7b,dummy-lora-7b-rank-16-7,553,77,135.18205671196904
1539,huggyllama/llama-7b,dummy-lora-7b-rank-64-6,2599,540,135.20412025931157
1540,huggyllama/llama-7b,dummy-lora-7b-rank-128-2,2852,20,135.24824735399665
1541,huggyllama/llama-7b,dummy-lora-7b-rank-16-8,605,275,135.25603448835284
1542,huggyllama/llama-7b,dummy-lora-7b-rank-64-7,2887,481,135.70379471383364
1543,huggyllama/llama-7b,dummy-lora-7b-rank-16-9,1989,111,135.7479218085187
1544,huggyllama/llama-7b,dummy-lora-7b-rank-16-10,1138,126,135.7686875001352
1545,huggyllama/llama-7b,dummy-lora-7b-rank-16-11,1870,296,135.80372960473804
1546,huggyllama/llama-7b,dummy-lora-7b-rank-16-0,2708,152,136.13338495915
1547,huggyllama/llama-7b,dummy-lora-7b-rank-64-8,2520,279,136.20995844698584
1548,huggyllama/llama-7b,dummy-lora-7b-rank-16-1,1543,285,136.23072413860234
1549,huggyllama/llama-7b,dummy-lora-7b-rank-16-2,593,59,136.34623329821915
1550,huggyllama/llama-7b,dummy-lora-7b-rank-8-7,1134,126,136.35531828830133
1551,huggyllama/llama-7b,dummy-lora-7b-rank-32-5,1273,52,136.45655103493178
1552,huggyllama/llama-7b,dummy-lora-7b-rank-8-8,686,57,136.50457169679495
1553,huggyllama/llama-7b,dummy-lora-7b-rank-8-9,1038,457,136.51625239832924
1554,huggyllama/llama-7b,dummy-lora-7b-rank-16-3,1846,197,136.55129450293205
1555,huggyllama/llama-7b,dummy-lora-7b-rank-16-4,1141,144,136.57984732890475
1556,huggyllama/llama-7b,dummy-lora-7b-rank-16-5,1957,783,136.66810151827488
1557,huggyllama/llama-7b,dummy-lora-7b-rank-8-10,2737,79,136.6862714984393
1558,huggyllama/llama-7b,dummy-lora-7b-rank-64-0,2911,351,136.6901650656174
1559,huggyllama/llama-7b,dummy-lora-7b-rank-16-6,1491,57,136.79918494660404
1560,huggyllama/llama-7b,dummy-lora-7b-rank-16-7,1300,82,136.82254634967262
1561,huggyllama/llama-7b,dummy-lora-7b-rank-16-8,1053,67,136.92377909630306
1562,huggyllama/llama-7b,dummy-lora-7b-rank-64-1,2863,413,137.30015725685215
1563,huggyllama/llama-7b,dummy-lora-7b-rank-16-9,1394,321,137.31313581411246
1564,huggyllama/llama-7b,dummy-lora-7b-rank-8-11,1515,127,137.33779507290706
1565,huggyllama/llama-7b,dummy-lora-7b-rank-8-12,882,75,137.378028600414
1566,huggyllama/llama-7b,dummy-lora-7b-rank-8-13,909,57,137.39879429203052
1567,huggyllama/llama-7b,dummy-lora-7b-rank-16-10,872,937,137.45200637679778
1568,huggyllama/llama-7b,dummy-lora-7b-rank-128-0,2846,7,137.61164263109964
1569,huggyllama/llama-7b,dummy-lora-7b-rank-8-14,951,96,137.64798259142853
1570,huggyllama/llama-7b,dummy-lora-7b-rank-16-11,912,57,137.70249253192185
1571,huggyllama/llama-7b,dummy-lora-7b-rank-8-15,999,79,137.7466196266069
1572,huggyllama/llama-7b,dummy-lora-7b-rank-16-0,1742,257,137.78555529838786
1573,huggyllama/llama-7b,dummy-lora-7b-rank-16-1,755,57,138.03474359778585
1574,huggyllama/llama-7b,dummy-lora-7b-rank-128-1,3337,19,138.07367926956678
1575,huggyllama/llama-7b,dummy-lora-7b-rank-64-2,3120,420,138.1398699115944
1576,huggyllama/llama-7b,dummy-lora-7b-rank-8-0,1098,433,138.14116776732044
1577,huggyllama/llama-7b,dummy-lora-7b-rank-8-1,517,57,138.95622116326808
1578,huggyllama/llama-7b,dummy-lora-7b-rank-16-2,1210,423,139.0016461136792
1579,huggyllama/llama-7b,dummy-lora-7b-rank-8-2,450,63,139.00813539230933
1580,huggyllama/llama-7b,dummy-lora-7b-rank-16-3,1014,69,139.20670731839212
1581,huggyllama/llama-7b,dummy-lora-7b-rank-8-3,902,119,139.24434513444703
1582,huggyllama/llama-7b,dummy-lora-7b-rank-128-2,2850,19,139.29755721921433
1583,huggyllama/llama-7b,dummy-lora-7b-rank-128-0,2846,23,139.37672641850224
1584,huggyllama/llama-7b,dummy-lora-7b-rank-8-4,2851,614,139.61423401636594
1585,huggyllama/llama-7b,dummy-lora-7b-rank-8-5,2472,732,139.6362975637085
1586,huggyllama/llama-7b,dummy-lora-7b-rank-16-4,624,70,139.67263752403736
1587,huggyllama/llama-7b,dummy-lora-7b-rank-16-5,1251,57,139.82448664398302
1588,huggyllama/llama-7b,dummy-lora-7b-rank-8-6,2907,79,139.82838021116112
1589,huggyllama/llama-7b,dummy-lora-7b-rank-8-7,789,157,139.83357163406527
1590,huggyllama/llama-7b,dummy-lora-7b-rank-16-6,670,79,139.83746520124336
1591,huggyllama/llama-7b,dummy-lora-7b-rank-8-8,673,117,140.0100800128055
1592,huggyllama/llama-7b,dummy-lora-7b-rank-8-9,591,103,140.01527143570965
1593,huggyllama/llama-7b,dummy-lora-7b-rank-8-10,1168,57,140.13856772968262
1594,huggyllama/llama-7b,dummy-lora-7b-rank-16-7,981,57,140.20735408316227
1595,huggyllama/llama-7b,dummy-lora-7b-rank-8-11,651,67,140.2138433617924
1596,huggyllama/llama-7b,dummy-lora-7b-rank-8-12,475,62,140.238502620587
1597,huggyllama/llama-7b,dummy-lora-7b-rank-8-13,796,57,140.2748425809159
1598,huggyllama/llama-7b,dummy-lora-7b-rank-8-14,1599,81,140.44745739247807
1599,huggyllama/llama-7b,dummy-lora-7b-rank-8-15,711,57,140.47471236272472
1600,huggyllama/llama-7b,dummy-lora-7b-rank-16-8,1225,57,140.51105232305358
1601,huggyllama/llama-7b,dummy-lora-7b-rank-32-6,3122,144,140.60579579105388
1602,huggyllama/llama-7b,dummy-lora-7b-rank-8-0,1857,72,140.62656148267038
1603,huggyllama/llama-7b,dummy-lora-7b-rank-16-9,1046,57,140.65381645291703
1604,huggyllama/llama-7b,dummy-lora-7b-rank-8-1,417,60,140.694049980424
1605,huggyllama/llama-7b,dummy-lora-7b-rank-16-10,2343,112,140.80696342858874
1606,huggyllama/llama-7b,dummy-lora-7b-rank-8-2,1171,58,140.84460124464366
1607,huggyllama/llama-7b,dummy-lora-7b-rank-16-11,812,90,140.92766401110964
1608,huggyllama/llama-7b,dummy-lora-7b-rank-64-3,2656,482,141.02240747910994
1609,huggyllama/llama-7b,dummy-lora-7b-rank-8-3,1064,57,141.13532092727465
1610,huggyllama/llama-7b,dummy-lora-7b-rank-16-0,1115,82,141.3235100075492
1611,huggyllama/llama-7b,dummy-lora-7b-rank-16-1,1324,744,141.47535912749487
1612,huggyllama/llama-7b,dummy-lora-7b-rank-16-2,1375,57,141.480550550399
1613,huggyllama/llama-7b,dummy-lora-7b-rank-16-3,945,55,141.49482696338532
1614,huggyllama/llama-7b,dummy-lora-7b-rank-8-4,500,57,141.5259755008101
1615,huggyllama/llama-7b,dummy-lora-7b-rank-8-5,488,81,141.58957043138562
1616,huggyllama/llama-7b,dummy-lora-7b-rank-8-6,1012,69,141.61942111308431
1617,huggyllama/llama-7b,dummy-lora-7b-rank-8-7,592,68,141.6272082474405
1618,huggyllama/llama-7b,dummy-lora-7b-rank-8-8,936,135,141.67263319785164
1619,huggyllama/llama-7b,dummy-lora-7b-rank-16-4,1092,91,141.70378173527638
1620,huggyllama/llama-7b,dummy-lora-7b-rank-8-9,878,93,141.83486516360554
1621,huggyllama/llama-7b,dummy-lora-7b-rank-128-1,2854,19,141.8582265666741
1622,huggyllama/llama-7b,dummy-lora-7b-rank-8-10,2150,82,142.00358640798962
1623,huggyllama/llama-7b,dummy-lora-7b-rank-8-11,972,283,142.04771350267467
1624,huggyllama/llama-7b,dummy-lora-7b-rank-8-12,1338,88,142.37866671281265
1625,huggyllama/llama-7b,dummy-lora-7b-rank-16-5,2161,590,142.5798343503475
1626,huggyllama/llama-7b,dummy-lora-7b-rank-16-6,755,57,142.61228074349827
1627,huggyllama/llama-7b,dummy-lora-7b-rank-8-13,995,57,142.62785501221066
1628,huggyllama/llama-7b,dummy-lora-7b-rank-8-14,709,64,142.65640783818336
1629,huggyllama/llama-7b,dummy-lora-7b-rank-16-7,1159,90,142.7446620275535
1630,huggyllama/llama-7b,dummy-lora-7b-rank-16-8,752,83,142.7537470176357
1631,huggyllama/llama-7b,dummy-lora-7b-rank-128-2,2844,21,142.92246826201978
1632,huggyllama/llama-7b,dummy-lora-7b-rank-8-15,1181,70,142.95361679944452
1633,huggyllama/llama-7b,dummy-lora-7b-rank-64-4,3529,537,143.03019028728036
1634,huggyllama/llama-7b,dummy-lora-7b-rank-8-0,643,123,143.03408385445846
1635,huggyllama/llama-7b,dummy-lora-7b-rank-8-1,1548,90,143.1015723522121
1636,huggyllama/llama-7b,dummy-lora-7b-rank-8-2,1049,139,143.1145509094724
1637,huggyllama/llama-7b,dummy-lora-7b-rank-16-9,1069,337,143.3261013928155
1638,huggyllama/llama-7b,dummy-lora-7b-rank-16-10,851,52,143.5454390105148
1639,huggyllama/llama-7b,dummy-lora-7b-rank-8-3,864,57,143.54803472196684
1640,huggyllama/llama-7b,dummy-lora-7b-rank-8-4,1418,107,143.68041600602206
1641,huggyllama/llama-7b,dummy-lora-7b-rank-16-11,1563,68,143.69988384191254
1642,huggyllama/llama-7b,dummy-lora-7b-rank-8-5,1625,82,143.70118169763853
1643,huggyllama/llama-7b,dummy-lora-7b-rank-8-6,1444,57,143.7245431007071
1644,huggyllama/llama-7b,dummy-lora-7b-rank-8-7,669,235,143.74141522514552
1645,huggyllama/llama-7b,dummy-lora-7b-rank-8-8,1775,154,143.7530959266798
1646,huggyllama/llama-7b,dummy-lora-7b-rank-128-0,3156,17,143.82188228015946
1647,huggyllama/llama-7b,dummy-lora-7b-rank-16-0,1078,57,143.87509436492675
1648,huggyllama/llama-7b,dummy-lora-7b-rank-8-9,987,82,143.97762496728322
1649,huggyllama/llama-7b,dummy-lora-7b-rank-8-10,796,57,143.99060352454353
1650,huggyllama/llama-7b,dummy-lora-7b-rank-8-11,850,260,144.0762620024616
1651,huggyllama/llama-7b,dummy-lora-7b-rank-16-1,784,79,144.12428266432477
1652,huggyllama/llama-7b,dummy-lora-7b-rank-16-2,3622,176,144.13726122158508
1653,huggyllama/llama-7b,dummy-lora-7b-rank-16-3,1821,229,144.1800904605441
1654,huggyllama/llama-7b,dummy-lora-7b-rank-32-7,962,57,144.62395711884682
1655,huggyllama/llama-7b,dummy-lora-7b-rank-32-8,1428,52,144.63174425320298
1656,huggyllama/llama-7b,dummy-lora-7b-rank-8-12,1342,501,144.69663703950457
1657,huggyllama/llama-7b,dummy-lora-7b-rank-16-4,2883,206,144.71610487539505
1658,huggyllama/llama-7b,dummy-lora-7b-rank-8-13,1579,737,144.74206198991567
1659,huggyllama/llama-7b,dummy-lora-7b-rank-128-1,3041,16,144.7771040945185
1660,huggyllama/llama-7b,dummy-lora-7b-rank-16-5,1733,52,144.8017633533131
1661,huggyllama/llama-7b,dummy-lora-7b-rank-16-6,1653,73,144.87963469687497
1662,huggyllama/llama-7b,dummy-lora-7b-rank-8-14,1062,90,144.90818752284767
1663,huggyllama/llama-7b,dummy-lora-7b-rank-16-7,2188,356,144.90948537857372
1664,huggyllama/llama-7b,dummy-lora-7b-rank-64-5,2423,289,144.9471231946286
1665,huggyllama/llama-7b,dummy-lora-7b-rank-16-8,1368,908,145.03148381682064
1666,huggyllama/llama-7b,dummy-lora-7b-rank-64-6,2399,114,145.06522806569745
1667,huggyllama/llama-7b,dummy-lora-7b-rank-16-9,1145,126,145.26769355895834
1668,huggyllama/llama-7b,dummy-lora-7b-rank-32-9,1190,52,145.40007484301356
1669,huggyllama/llama-7b,dummy-lora-7b-rank-16-10,1742,57,145.42473410180813
1670,huggyllama/llama-7b,dummy-lora-7b-rank-8-15,935,179,145.50779686827414
1671,huggyllama/llama-7b,dummy-lora-7b-rank-8-0,897,258,145.65705027676773
1672,huggyllama/llama-7b,dummy-lora-7b-rank-8-1,961,57,145.66224169967185
1673,huggyllama/llama-7b,dummy-lora-7b-rank-8-2,1839,63,145.73232590887756
1674,huggyllama/llama-7b,dummy-lora-7b-rank-16-11,2071,174,145.74530446613787
1675,huggyllama/llama-7b,dummy-lora-7b-rank-16-0,3395,237,145.87768575019305
1676,huggyllama/llama-7b,dummy-lora-7b-rank-8-3,2190,379,145.96983350674128
1677,huggyllama/llama-7b,dummy-lora-7b-rank-8-4,752,52,146.30987170696147
1678,huggyllama/llama-7b,dummy-lora-7b-rank-8-5,1758,97,146.3890409062494
1679,huggyllama/llama-7b,dummy-lora-7b-rank-128-2,2856,22,146.48508222997572
1680,huggyllama/llama-7b,dummy-lora-7b-rank-16-1,957,57,146.59150639951028
1681,huggyllama/llama-7b,dummy-lora-7b-rank-16-2,1558,52,146.6589948972639
1682,huggyllama/llama-7b,dummy-lora-7b-rank-8-6,2259,57,146.9458210127168
1683,huggyllama/llama-7b,dummy-lora-7b-rank-16-3,2617,61,147.0120116547444
1684,huggyllama/llama-7b,dummy-lora-7b-rank-8-7,864,52,147.0522451822514
1685,huggyllama/llama-7b,dummy-lora-7b-rank-8-8,700,52,147.0937765654844
1686,huggyllama/llama-7b,dummy-lora-7b-rank-8-9,626,70,147.22096642663547
1687,huggyllama/llama-7b,dummy-lora-7b-rank-8-10,1993,57,147.35724127786875
1688,huggyllama/llama-7b,dummy-lora-7b-rank-8-11,734,57,147.4714525817595
1689,huggyllama/llama-7b,dummy-lora-7b-rank-16-4,1076,79,147.54543035814328
1690,huggyllama/llama-7b,dummy-lora-7b-rank-8-12,1098,57,147.5999402986366
1691,huggyllama/llama-7b,dummy-lora-7b-rank-16-5,987,57,147.6129188558969
1692,huggyllama/llama-7b,dummy-lora-7b-rank-8-13,1235,57,147.68040735365054
1693,huggyllama/llama-7b,dummy-lora-7b-rank-16-6,1403,57,147.70896017962323
1694,huggyllama/llama-7b,dummy-lora-7b-rank-8-14,1090,88,147.76866154302067
1695,huggyllama/llama-7b,dummy-lora-7b-rank-16-7,1010,69,147.78034224455496
1696,huggyllama/llama-7b,dummy-lora-7b-rank-8-15,1213,57,147.95814847902125
1697,huggyllama/llama-7b,dummy-lora-7b-rank-8-0,340,39,147.95944633474727
1698,huggyllama/llama-7b,dummy-lora-7b-rank-8-1,1853,68,147.96463775765142
1699,huggyllama/llama-7b,dummy-lora-7b-rank-8-2,433,57,148.07106192718598
1700,huggyllama/llama-7b,dummy-lora-7b-rank-16-8,2992,81,148.24757030592622
1701,huggyllama/llama-7b,dummy-lora-7b-rank-16-9,3945,81,148.26574028609068
1702,huggyllama/llama-7b,dummy-lora-7b-rank-8-3,991,57,148.40071728159793
1703,huggyllama/llama-7b,dummy-lora-7b-rank-8-4,1756,57,148.4578229335433
1704,huggyllama/llama-7b,dummy-lora-7b-rank-8-5,629,52,148.486375759516
1705,huggyllama/llama-7b,dummy-lora-7b-rank-16-10,883,79,148.74854261617432
1706,huggyllama/llama-7b,dummy-lora-7b-rank-64-7,3153,638,148.79266971085937
1707,huggyllama/llama-7b,dummy-lora-7b-rank-32-0,580,57,149.05224085606562
1708,huggyllama/llama-7b,dummy-lora-7b-rank-8-6,1149,144,149.21447282181956
1709,huggyllama/llama-7b,dummy-lora-7b-rank-8-7,752,57,149.25211063787447
1710,huggyllama/llama-7b,dummy-lora-7b-rank-8-8,534,90,149.42602330516266
1711,huggyllama/llama-7b,dummy-lora-7b-rank-8-9,2263,198,149.47534182275186
1712,huggyllama/llama-7b,dummy-lora-7b-rank-8-10,1117,278,149.60772310680704
1713,huggyllama/llama-7b,dummy-lora-7b-rank-8-11,921,57,149.6310845098756
1714,huggyllama/llama-7b,dummy-lora-7b-rank-16-11,442,77,149.7011687190813
1715,huggyllama/llama-7b,dummy-lora-7b-rank-8-12,830,79,149.78942290845143
1716,huggyllama/llama-7b,dummy-lora-7b-rank-8-13,910,96,149.90752777952028
1717,huggyllama/llama-7b,dummy-lora-7b-rank-8-14,1155,70,150.00616481469865
1718,huggyllama/llama-7b,dummy-lora-7b-rank-16-0,2158,926,150.0334197849453
1719,huggyllama/llama-7b,dummy-lora-7b-rank-8-15,1047,87,150.22031100949383
1720,huggyllama/llama-7b,dummy-lora-7b-rank-16-1,1480,67,150.2488638354665
1721,huggyllama/llama-7b,dummy-lora-7b-rank-32-1,1317,52,150.311160910316
1722,huggyllama/llama-7b,dummy-lora-7b-rank-8-0,1483,57,150.35399014927503
1723,huggyllama/llama-7b,dummy-lora-7b-rank-16-2,1766,57,150.37994726379566
1724,huggyllama/llama-7b,dummy-lora-7b-rank-8-1,484,57,150.39681938823406
1725,huggyllama/llama-7b,dummy-lora-7b-rank-16-3,508,57,150.4136915126725
1726,huggyllama/llama-7b,dummy-lora-7b-rank-8-2,1209,57,150.45003147300136
1727,huggyllama/llama-7b,dummy-lora-7b-rank-8-3,1237,69,150.46820145316582
1728,huggyllama/llama-7b,dummy-lora-7b-rank-8-4,1330,57,150.4941585676864
1729,huggyllama/llama-7b,dummy-lora-7b-rank-16-4,1018,57,150.517519970755
1730,huggyllama/llama-7b,dummy-lora-7b-rank-8-5,584,212,150.5382856623715
1731,huggyllama/llama-7b,dummy-lora-7b-rank-16-5,3850,90,150.60966772730322
1732,huggyllama/llama-7b,dummy-lora-7b-rank-8-6,415,74,150.62394414028955
1733,huggyllama/llama-7b,dummy-lora-7b-rank-32-2,1261,90,150.68104979223492
1734,huggyllama/llama-7b,dummy-lora-7b-rank-16-6,1040,100,150.69402834949526
1735,huggyllama/llama-7b,dummy-lora-7b-rank-16-7,1275,162,150.70181548385142
1736,huggyllama/llama-7b,dummy-lora-7b-rank-8-7,918,490,150.83549462363266
1737,huggyllama/llama-7b,dummy-lora-7b-rank-8-8,1155,143,150.8796217183177
1738,huggyllama/llama-7b,dummy-lora-7b-rank-8-9,1147,126,150.98993945503037
1739,huggyllama/llama-7b,dummy-lora-7b-rank-8-10,1599,165,151.01200300237292
1740,huggyllama/llama-7b,dummy-lora-7b-rank-8-11,995,66,151.13400144061984
1741,huggyllama/llama-7b,dummy-lora-7b-rank-8-12,1173,57,151.16644783377063
1742,huggyllama/llama-7b,dummy-lora-7b-rank-128-0,3136,25,151.28844627201758
1743,huggyllama/llama-7b,dummy-lora-7b-rank-16-8,1369,90,151.47533749656608
1744,huggyllama/llama-7b,dummy-lora-7b-rank-8-13,2249,52,151.5713788202924
1745,huggyllama/llama-7b,dummy-lora-7b-rank-8-14,608,91,151.62459090505968
1746,huggyllama/llama-7b,dummy-lora-7b-rank-8-15,2557,72,151.64795230812825
1747,huggyllama/llama-7b,dummy-lora-7b-rank-16-9,885,81,151.66093086538856
1748,huggyllama/llama-7b,dummy-lora-7b-rank-32-3,1161,57,151.9529484037456
1749,huggyllama/llama-7b,dummy-lora-7b-rank-8-0,885,57,152.02952189158145
1750,huggyllama/llama-7b,dummy-lora-7b-rank-16-10,1570,115,152.07754255344463
1751,huggyllama/llama-7b,dummy-lora-7b-rank-8-1,1564,586,152.08013826489668
1752,huggyllama/llama-7b,dummy-lora-7b-rank-8-2,792,67,152.09701038933508
1753,huggyllama/llama-7b,dummy-lora-7b-rank-8-3,1937,886,152.09701038933508
1754,huggyllama/llama-7b,dummy-lora-7b-rank-8-4,1729,52,152.10090395651318
1755,huggyllama/llama-7b,dummy-lora-7b-rank-8-5,1740,57,152.14113748402013
1756,huggyllama/llama-7b,dummy-lora-7b-rank-16-11,1012,57,152.16190317563664
1757,huggyllama/llama-7b,dummy-lora-7b-rank-32-4,1273,90,152.34749654445912
1758,huggyllama/llama-7b,dummy-lora-7b-rank-16-0,3023,357,152.45651642544576
1759,huggyllama/llama-7b,dummy-lora-7b-rank-8-6,943,497,152.61355696829554
1760,huggyllama/llama-7b,dummy-lora-7b-rank-64-8,2638,381,152.62523766982983
1761,huggyllama/llama-7b,dummy-lora-7b-rank-16-1,1238,57,153.00680725328303
1762,huggyllama/llama-7b,dummy-lora-7b-rank-16-2,1086,57,153.39227040391432
1763,huggyllama/llama-7b,dummy-lora-7b-rank-8-7,1667,450,153.50518385207906
1764,huggyllama/llama-7b,dummy-lora-7b-rank-8-8,834,52,153.56748092692857
1765,huggyllama/llama-7b,dummy-lora-7b-rank-16-3,847,57,153.585650907093
1766,huggyllama/llama-7b,dummy-lora-7b-rank-8-9,754,77,153.72062790260026
1767,huggyllama/llama-7b,dummy-lora-7b-rank-64-0,2699,549,153.87377487827194
1768,huggyllama/llama-7b,dummy-lora-7b-rank-16-4,3243,464,153.88805129125828
1769,huggyllama/llama-7b,dummy-lora-7b-rank-16-5,1012,57,153.93217838594336
1770,huggyllama/llama-7b,dummy-lora-7b-rank-16-6,2017,87,154.03081542112173
1771,huggyllama/llama-7b,dummy-lora-7b-rank-16-7,1116,311,154.09311249597124
1772,huggyllama/llama-7b,dummy-lora-7b-rank-8-10,2879,57,154.11387818758774
1773,huggyllama/llama-7b,dummy-lora-7b-rank-16-8,838,89,154.27221658616358
1774,huggyllama/llama-7b,dummy-lora-7b-rank-16-9,1926,651,154.30596083504037
1775,huggyllama/llama-7b,dummy-lora-7b-rank-16-10,1146,144,154.3280243823829
1776,huggyllama/llama-7b,dummy-lora-7b-rank-8-11,2226,73,154.38772574578036
1777,huggyllama/llama-7b,dummy-lora-7b-rank-16-11,1608,57,154.5317877313698
1778,huggyllama/llama-7b,dummy-lora-7b-rank-8-12,2598,90,154.5434684329041
1779,huggyllama/llama-7b,dummy-lora-7b-rank-16-0,2498,57,154.76929532923356
1780,huggyllama/llama-7b,dummy-lora-7b-rank-16-1,1295,61,155.078184992029
1781,huggyllama/llama-7b,dummy-lora-7b-rank-128-1,2849,30,155.07948284775503
1782,huggyllama/llama-7b,dummy-lora-7b-rank-16-2,973,122,155.1988855745499
1783,huggyllama/llama-7b,dummy-lora-7b-rank-16-3,1491,318,155.30790545553654
1784,huggyllama/llama-7b,dummy-lora-7b-rank-16-4,882,78,155.44547816249587
1785,huggyllama/llama-7b,dummy-lora-7b-rank-8-13,868,104,155.46883956556442
1786,huggyllama/llama-7b,dummy-lora-7b-rank-16-5,2297,67,155.47662669992062
1787,huggyllama/llama-7b,dummy-lora-7b-rank-8-14,1709,186,155.49479668008505
1788,huggyllama/llama-7b,dummy-lora-7b-rank-16-6,971,57,155.57396587937296
1789,huggyllama/llama-7b,dummy-lora-7b-rank-8-15,857,52,155.67390077027738
1790,huggyllama/llama-7b,dummy-lora-7b-rank-8-0,1073,340,155.68687932753767
1791,huggyllama/llama-7b,dummy-lora-7b-rank-8-1,870,57,155.70245359625005
1792,huggyllama/llama-7b,dummy-lora-7b-rank-8-2,1971,947,155.8491112932916
1793,huggyllama/llama-7b,dummy-lora-7b-rank-16-7,960,112,155.86728127345603
1794,huggyllama/llama-7b,dummy-lora-7b-rank-16-8,694,52,156.00874754759346
1795,huggyllama/llama-7b,dummy-lora-7b-rank-16-9,1580,100,156.01004540331948
1796,huggyllama/llama-7b,dummy-lora-7b-rank-8-3,1073,57,156.14372454310072
1797,huggyllama/llama-7b,dummy-lora-7b-rank-16-10,564,65,156.15670310036103
1798,huggyllama/llama-7b,dummy-lora-7b-rank-16-11,646,83,156.16189452326515
1799,huggyllama/llama-7b,dummy-lora-7b-rank-8-4,1167,52,156.16319237899117
1800,huggyllama/llama-7b,dummy-lora-7b-rank-16-0,706,57,156.16708594616927
1801,huggyllama/llama-7b,dummy-lora-7b-rank-16-1,667,52,156.22159588666258
1802,huggyllama/llama-7b,dummy-lora-7b-rank-32-5,854,257,156.26182941416957
1803,huggyllama/llama-7b,dummy-lora-7b-rank-16-2,3615,93,156.321530777567
1804,huggyllama/llama-7b,dummy-lora-7b-rank-8-5,657,57,156.33191362337524
1805,huggyllama/llama-7b,dummy-lora-7b-rank-8-6,1490,303,156.4175721012933
1806,huggyllama/llama-7b,dummy-lora-7b-rank-8-7,1144,126,156.4798691761428
1807,huggyllama/llama-7b,dummy-lora-7b-rank-16-3,1305,57,156.49025202195105
1808,huggyllama/llama-7b,dummy-lora-7b-rank-16-4,1099,88,156.4915498776771
1809,huggyllama/llama-7b,dummy-lora-7b-rank-128-2,3003,32,156.55125124107454
1810,huggyllama/llama-7b,dummy-lora-7b-rank-8-8,1832,59,156.58110192277326
1811,huggyllama/llama-7b,dummy-lora-7b-rank-32-6,672,52,156.79654597329446
1812,huggyllama/llama-7b,dummy-lora-7b-rank-8-9,848,80,156.8938851527468
1813,huggyllama/llama-7b,dummy-lora-7b-rank-8-10,1326,910,156.89907657565092
1814,huggyllama/llama-7b,dummy-lora-7b-rank-8-11,805,82,157.06520210858295
1815,huggyllama/llama-7b,dummy-lora-7b-rank-128-0,3814,15,157.1132227704461
1816,huggyllama/llama-7b,dummy-lora-7b-rank-16-5,571,90,157.17292413384354
1817,huggyllama/llama-7b,dummy-lora-7b-rank-8-12,1771,81,157.18590269110385
1818,huggyllama/llama-7b,dummy-lora-7b-rank-8-13,2081,57,157.18720054682987
1819,huggyllama/llama-7b,dummy-lora-7b-rank-8-14,536,67,157.35462393548792
1820,huggyllama/llama-7b,dummy-lora-7b-rank-8-15,391,60,157.36370892557014
1821,huggyllama/llama-7b,dummy-lora-7b-rank-8-0,729,118,157.4571545378444
1822,huggyllama/llama-7b,dummy-lora-7b-rank-8-1,1444,57,157.63885433948877
1823,huggyllama/llama-7b,dummy-lora-7b-rank-128-1,2874,25,157.69076856853005
1824,huggyllama/llama-7b,dummy-lora-7b-rank-16-6,2383,204,157.81146915105094
1825,huggyllama/llama-7b,dummy-lora-7b-rank-16-7,733,79,158.23976154064127
1826,huggyllama/llama-7b,dummy-lora-7b-rank-16-8,1399,286,158.24625081927144
1827,huggyllama/llama-7b,dummy-lora-7b-rank-16-9,860,57,158.2786972124222
1828,huggyllama/llama-7b,dummy-lora-7b-rank-8-2,1117,61,158.2825907796003
1829,huggyllama/llama-7b,dummy-lora-7b-rank-8-3,1925,59,158.30984574984694
1830,huggyllama/llama-7b,dummy-lora-7b-rank-8-4,866,57,158.30984574984694
1831,huggyllama/llama-7b,dummy-lora-7b-rank-16-10,1324,59,158.311143605573
1832,huggyllama/llama-7b,dummy-lora-7b-rank-8-5,668,52,158.49154555149133
1833,huggyllama/llama-7b,dummy-lora-7b-rank-16-11,1099,69,158.5058219644777
1834,huggyllama/llama-7b,dummy-lora-7b-rank-64-1,2847,355,158.5071198202037
1835,huggyllama/llama-7b,dummy-lora-7b-rank-8-6,846,90,158.66805393023162
1836,huggyllama/llama-7b,dummy-lora-7b-rank-16-0,2473,112,158.6888196218481
1837,huggyllama/llama-7b,dummy-lora-7b-rank-64-2,3291,695,158.6966067562043
1838,huggyllama/llama-7b,dummy-lora-7b-rank-8-7,1976,129,158.7757759554922
1839,huggyllama/llama-7b,dummy-lora-7b-rank-8-8,1210,178,159.09634631982195
1840,huggyllama/llama-7b,dummy-lora-7b-rank-16-1,3027,502,159.09634631982195
1841,huggyllama/llama-7b,dummy-lora-7b-rank-8-9,2411,89,159.28713111154852
1842,huggyllama/llama-7b,dummy-lora-7b-rank-16-2,1340,884,159.46104377883674
1843,huggyllama/llama-7b,dummy-lora-7b-rank-16-3,486,57,159.54800011248082
1844,huggyllama/llama-7b,dummy-lora-7b-rank-16-4,814,57,160.15409873653746
1845,huggyllama/llama-7b,dummy-lora-7b-rank-8-10,1246,91,160.1683751495238
1846,huggyllama/llama-7b,dummy-lora-7b-rank-16-5,468,73,160.73164453462138
1847,huggyllama/llama-7b,dummy-lora-7b-rank-8-11,3292,57,161.13397980969108
1848,huggyllama/llama-7b,dummy-lora-7b-rank-16-6,2061,90,161.17291548147202
1849,huggyllama/llama-7b,dummy-lora-7b-rank-16-7,3322,86,161.25727610366405
1850,huggyllama/llama-7b,dummy-lora-7b-rank-8-12,554,52,161.38057239763702
1851,huggyllama/llama-7b,dummy-lora-7b-rank-8-13,1648,57,161.4000402335275
1852,huggyllama/llama-7b,dummy-lora-7b-rank-8-14,567,57,161.40523165643162
1853,huggyllama/llama-7b,dummy-lora-7b-rank-8-15,2242,59,161.41431664651387
1854,huggyllama/llama-7b,dummy-lora-7b-rank-8-0,2988,79,161.42989091522622
1855,huggyllama/llama-7b,dummy-lora-7b-rank-16-8,2493,61,161.43508233813034
1856,huggyllama/llama-7b,dummy-lora-7b-rank-16-9,724,81,161.4662308755551
1857,huggyllama/llama-7b,dummy-lora-7b-rank-8-1,623,56,161.50906011451414
1858,huggyllama/llama-7b,dummy-lora-7b-rank-8-2,716,57,161.51554939314428
1859,huggyllama/llama-7b,dummy-lora-7b-rank-16-10,828,89,161.56746362218556
1860,huggyllama/llama-7b,dummy-lora-7b-rank-32-7,1068,57,161.793290518515
1861,huggyllama/llama-7b,dummy-lora-7b-rank-16-11,704,101,161.82833262311783
1862,huggyllama/llama-7b,dummy-lora-7b-rank-128-2,2995,21,162.26700785851642
1863,huggyllama/llama-7b,dummy-lora-7b-rank-8-3,762,52,162.4071762769278
1864,huggyllama/llama-7b,dummy-lora-7b-rank-8-4,709,57,162.49932403347603
1865,huggyllama/llama-7b,dummy-lora-7b-rank-32-8,962,57,162.69919381528484
1866,huggyllama/llama-7b,dummy-lora-7b-rank-8-5,786,57,162.9639563833952
1867,huggyllama/llama-7b,dummy-lora-7b-rank-8-6,558,57,163.0158706124365
1868,huggyllama/llama-7b,dummy-lora-7b-rank-128-0,2931,20,163.03144488114887
1869,huggyllama/llama-7b,dummy-lora-7b-rank-16-0,1336,494,163.0703805529298
1870,huggyllama/llama-7b,dummy-lora-7b-rank-8-7,2245,74,163.07946554301202
1871,huggyllama/llama-7b,dummy-lora-7b-rank-16-1,3003,356,163.08855053309424
1872,huggyllama/llama-7b,dummy-lora-7b-rank-16-2,1085,57,163.15084760794375
1873,huggyllama/llama-7b,dummy-lora-7b-rank-16-3,616,57,163.16252830947803
1874,huggyllama/llama-7b,dummy-lora-7b-rank-64-3,2072,135,163.16901758810818
1875,huggyllama/llama-7b,dummy-lora-7b-rank-32-9,907,261,163.1819961453685
1876,huggyllama/llama-7b,dummy-lora-7b-rank-16-4,634,79,163.2520803545742
1877,huggyllama/llama-7b,dummy-lora-7b-rank-16-5,994,66,163.29880316071132
1878,huggyllama/llama-7b,dummy-lora-7b-rank-8-8,1715,102,163.33254740958813
1879,huggyllama/llama-7b,dummy-lora-7b-rank-128-1,2857,33,163.34941953402654
1880,huggyllama/llama-7b,dummy-lora-7b-rank-8-9,1118,57,163.44026943484872
1881,huggyllama/llama-7b,dummy-lora-7b-rank-16-6,816,57,163.50256650969823
1882,huggyllama/llama-7b,dummy-lora-7b-rank-8-10,1038,334,163.6102885349588
1883,huggyllama/llama-7b,dummy-lora-7b-rank-16-7,977,63,163.6219692364931
1884,huggyllama/llama-7b,dummy-lora-7b-rank-16-8,909,81,163.62845851512324
1885,huggyllama/llama-7b,dummy-lora-7b-rank-8-11,667,204,163.6505220624658
1886,huggyllama/llama-7b,dummy-lora-7b-rank-8-12,906,90,163.77252050071274
1887,huggyllama/llama-7b,dummy-lora-7b-rank-64-4,2305,5,163.80496689386354
1888,huggyllama/llama-7b,dummy-lora-7b-rank-8-13,2630,155,163.98536883978187
1889,huggyllama/llama-7b,dummy-lora-7b-rank-16-9,900,94,164.14889866126182
1890,huggyllama/llama-7b,dummy-lora-7b-rank-64-5,2302,99,164.41625694082427
1891,huggyllama/llama-7b,dummy-lora-7b-rank-16-10,1347,293,164.4629797469614
1892,huggyllama/llama-7b,dummy-lora-7b-rank-128-2,3145,16,164.55902107068772
1893,huggyllama/llama-7b,dummy-lora-7b-rank-8-14,1025,57,164.64078598142768
1894,huggyllama/llama-7b,dummy-lora-7b-rank-16-11,1469,139,164.6706366631264
1895,huggyllama/llama-7b,dummy-lora-7b-rank-8-15,1581,139,164.7069766234553
1896,huggyllama/llama-7b,dummy-lora-7b-rank-8-0,2333,60,164.86012359912698
1897,huggyllama/llama-7b,dummy-lora-7b-rank-64-6,2244,120,165.23260819249796
1898,huggyllama/llama-7b,dummy-lora-7b-rank-16-0,816,69,165.28192671008713
1899,huggyllama/llama-7b,dummy-lora-7b-rank-8-1,636,231,165.38964873534775
1900,huggyllama/llama-7b,dummy-lora-7b-rank-8-2,1883,59,165.4091165712382
1901,huggyllama/llama-7b,dummy-lora-7b-rank-8-3,1955,852,165.43118011858076
1902,huggyllama/llama-7b,dummy-lora-7b-rank-8-4,530,52,165.44935009874519
1903,huggyllama/llama-7b,dummy-lora-7b-rank-8-5,754,52,165.4714136460877
1904,huggyllama/llama-7b,dummy-lora-7b-rank-8-6,542,57,165.48179649189598
1905,huggyllama/llama-7b,dummy-lora-7b-rank-16-1,1322,362,165.566157114088
1906,huggyllama/llama-7b,dummy-lora-7b-rank-16-2,2595,88,165.5856249499785
1907,huggyllama/llama-7b,dummy-lora-7b-rank-8-7,536,57,165.7439633485543
1908,huggyllama/llama-7b,dummy-lora-7b-rank-16-3,945,60,165.76732475162288
1909,huggyllama/llama-7b,dummy-lora-7b-rank-16-4,523,52,165.85298322954094
1910,huggyllama/llama-7b,dummy-lora-7b-rank-8-8,1049,88,165.86596178680125
1911,huggyllama/llama-7b,dummy-lora-7b-rank-16-5,468,58,165.93215242882883
1912,huggyllama/llama-7b,dummy-lora-7b-rank-8-9,561,57,165.93215242882883
1913,huggyllama/llama-7b,dummy-lora-7b-rank-16-6,744,83,166.14370291217196
1914,huggyllama/llama-7b,dummy-lora-7b-rank-8-10,618,57,166.1761493053227
1915,huggyllama/llama-7b,dummy-lora-7b-rank-8-11,1650,57,166.187830006857
1916,huggyllama/llama-7b,dummy-lora-7b-rank-16-7,1857,68,166.32540271381632
1917,huggyllama/llama-7b,dummy-lora-7b-rank-128-0,2854,21,166.4032740573782
1918,huggyllama/llama-7b,dummy-lora-7b-rank-8-12,1748,104,166.45518828641943
1919,huggyllama/llama-7b,dummy-lora-7b-rank-16-8,2050,106,166.48114540094008
1920,huggyllama/llama-7b,dummy-lora-7b-rank-8-13,773,252,166.50580465973468
1921,huggyllama/llama-7b,dummy-lora-7b-rank-8-14,1556,71,166.520081072721
1922,huggyllama/llama-7b,dummy-lora-7b-rank-8-15,1015,191,166.5927609933788
1923,huggyllama/llama-7b,dummy-lora-7b-rank-128-1,3277,7,166.5927609933788
1924,huggyllama/llama-7b,dummy-lora-7b-rank-8-0,790,57,166.68750446137904
1925,huggyllama/llama-7b,dummy-lora-7b-rank-8-1,1311,57,166.70048301863937
1926,huggyllama/llama-7b,dummy-lora-7b-rank-16-9,787,81,166.7835457851054
1927,huggyllama/llama-7b,dummy-lora-7b-rank-8-2,1187,892,166.8017157652698
1928,huggyllama/llama-7b,dummy-lora-7b-rank-32-0,659,82,166.85752356148916
1929,huggyllama/llama-7b,dummy-lora-7b-rank-8-3,1171,311,166.95745845239355
1930,huggyllama/llama-7b,dummy-lora-7b-rank-16-10,3059,631,167.058691199024
1931,huggyllama/llama-7b,dummy-lora-7b-rank-16-11,1903,169,167.4973664344226
1932,huggyllama/llama-7b,dummy-lora-7b-rank-128-2,2881,23,167.60249274823113
1933,huggyllama/llama-7b,dummy-lora-7b-rank-16-0,806,57,167.65440697727237
1934,huggyllama/llama-7b,dummy-lora-7b-rank-64-7,2073,132,167.6959383605054
1935,huggyllama/llama-7b,dummy-lora-7b-rank-16-1,1946,674,167.78159683842347
1936,huggyllama/llama-7b,dummy-lora-7b-rank-8-4,2302,360,167.80755395294406
1937,huggyllama/llama-7b,dummy-lora-7b-rank-16-2,3691,383,167.95161593853356
1938,huggyllama/llama-7b,dummy-lora-7b-rank-32-1,1107,57,168.03727441645162
1939,huggyllama/llama-7b,dummy-lora-7b-rank-32-2,1017,67,168.09308221267096
1940,huggyllama/llama-7b,dummy-lora-7b-rank-8-5,1058,291,168.15537928752045
1941,huggyllama/llama-7b,dummy-lora-7b-rank-32-3,1161,67,168.2760798700414
1942,huggyllama/llama-7b,dummy-lora-7b-rank-8-6,1585,556,168.45648181595973
1943,huggyllama/llama-7b,dummy-lora-7b-rank-64-8,3140,711,168.76796719020726
1944,huggyllama/llama-7b,dummy-lora-7b-rank-16-3,1428,57,168.85362566812532
1945,huggyllama/llama-7b,dummy-lora-7b-rank-32-4,1355,181,168.91332703152275
1946,huggyllama/llama-7b,dummy-lora-7b-rank-128-0,2853,28,169.06777186292047
1947,huggyllama/llama-7b,dummy-lora-7b-rank-8-7,1211,202,169.2793223462636
1948,huggyllama/llama-7b,dummy-lora-7b-rank-8-8,1015,57,169.28062020198962
1949,huggyllama/llama-7b,dummy-lora-7b-rank-8-9,1171,90,169.49087282960667
1950,huggyllama/llama-7b,dummy-lora-7b-rank-64-0,2657,289,169.54408491437394
1951,huggyllama/llama-7b,dummy-lora-7b-rank-8-10,810,64,170.04246151317
1952,huggyllama/llama-7b,dummy-lora-7b-rank-8-11,1175,160,170.06971648341664
1953,huggyllama/llama-7b,dummy-lora-7b-rank-16-4,498,57,170.09437574221124
1954,huggyllama/llama-7b,dummy-lora-7b-rank-16-5,905,399,170.19560848884169
1955,huggyllama/llama-7b,dummy-lora-7b-rank-16-6,1459,90,170.21377846900614
1956,huggyllama/llama-7b,dummy-lora-7b-rank-8-12,789,75,170.32928762862292
1957,huggyllama/llama-7b,dummy-lora-7b-rank-16-7,604,57,170.53954025624
1958,huggyllama/llama-7b,dummy-lora-7b-rank-8-13,1873,95,170.62519873415806
1959,huggyllama/llama-7b,dummy-lora-7b-rank-64-1,2838,315,170.63039015706218
1960,huggyllama/llama-7b,dummy-lora-7b-rank-8-14,511,77,170.64985799295263
1961,huggyllama/llama-7b,dummy-lora-7b-rank-8-15,3213,157,170.86919561065193
1962,huggyllama/llama-7b,dummy-lora-7b-rank-16-8,1947,754,170.96653479010428
1963,huggyllama/llama-7b,dummy-lora-7b-rank-8-0,1923,608,171.22999950248862
1964,huggyllama/llama-7b,dummy-lora-7b-rank-8-1,1358,223,171.30916870177654
1965,huggyllama/llama-7b,dummy-lora-7b-rank-8-2,775,154,171.70241898676403
1966,huggyllama/llama-7b,dummy-lora-7b-rank-16-9,765,75,171.70890826539417
1967,huggyllama/llama-7b,dummy-lora-7b-rank-16-10,2868,680,171.77639676314783
1968,huggyllama/llama-7b,dummy-lora-7b-rank-16-11,761,61,171.86075738533987
1969,huggyllama/llama-7b,dummy-lora-7b-rank-64-2,2693,308,172.0242872068198
1970,huggyllama/llama-7b,dummy-lora-7b-rank-8-3,1295,67,172.28256049630002
1971,huggyllama/llama-7b,dummy-lora-7b-rank-128-1,2919,34,172.58366302473928
1972,huggyllama/llama-7b,dummy-lora-7b-rank-8-4,1196,57,172.7160443087945
1973,huggyllama/llama-7b,dummy-lora-7b-rank-8-5,524,52,172.7705542492878
1974,huggyllama/llama-7b,dummy-lora-7b-rank-8-6,439,57,172.77963923937003
1975,huggyllama/llama-7b,dummy-lora-7b-rank-16-0,1318,57,172.79780921953446
1976,huggyllama/llama-7b,dummy-lora-7b-rank-16-1,1035,465,172.82246847832906
1977,huggyllama/llama-7b,dummy-lora-7b-rank-8-7,1101,88,172.96782831964455
1978,huggyllama/llama-7b,dummy-lora-7b-rank-8-8,440,105,173.08852890216548
1979,huggyllama/llama-7b,dummy-lora-7b-rank-128-2,2856,29,173.12357100676832
1980,huggyllama/llama-7b,dummy-lora-7b-rank-8-9,2598,63,173.47009848561868
1981,huggyllama/llama-7b,dummy-lora-7b-rank-128-0,2996,24,173.484374898605
1982,huggyllama/llama-7b,dummy-lora-7b-rank-8-10,1116,80,173.6336283070986
1983,huggyllama/llama-7b,dummy-lora-7b-rank-8-11,538,57,173.77249886978396
1984,huggyllama/llama-7b,dummy-lora-7b-rank-8-12,1152,57,173.96587937296263
1985,huggyllama/llama-7b,dummy-lora-7b-rank-8-13,1946,476,173.9944321989353
1986,huggyllama/llama-7b,dummy-lora-7b-rank-16-2,955,169,174.23972693115525
1987,huggyllama/llama-7b,dummy-lora-7b-rank-16-3,2510,81,174.50578735499164
1988,huggyllama/llama-7b,dummy-lora-7b-rank-8-14,1629,92,174.76535850019795
1989,huggyllama/llama-7b,dummy-lora-7b-rank-8-15,1496,134,174.78612419181442
1990,huggyllama/llama-7b,dummy-lora-7b-rank-8-0,1932,763,174.8419319880338
1991,huggyllama/llama-7b,dummy-lora-7b-rank-8-1,395,60,174.93148403312992
1992,huggyllama/llama-7b,dummy-lora-7b-rank-8-2,2965,158,174.9885896850753
1993,huggyllama/llama-7b,dummy-lora-7b-rank-8-3,773,52,175.25594796463776
1994,huggyllama/llama-7b,dummy-lora-7b-rank-8-4,865,57,175.32213860666536
1995,huggyllama/llama-7b,dummy-lora-7b-rank-8-5,547,52,175.40390351740533
1996,huggyllama/llama-7b,dummy-lora-7b-rank-32-5,609,72,175.4064992288574
1997,huggyllama/llama-7b,dummy-lora-7b-rank-8-6,467,57,175.46620059225484
1998,huggyllama/llama-7b,dummy-lora-7b-rank-16-4,560,57,175.4700941594329
1999,huggyllama/llama-7b,dummy-lora-7b-rank-16-5,1305,79,175.51551910984404
2000,huggyllama/llama-7b,dummy-lora-7b-rank-16-6,1839,68,175.62583684655667
2001,huggyllama/llama-7b,dummy-lora-7b-rank-8-7,1539,131,176.01000214146197
2002,huggyllama/llama-7b,dummy-lora-7b-rank-16-7,1295,79,176.1618512614076
2003,huggyllama/llama-7b,dummy-lora-7b-rank-8-8,588,200,176.1618512614076
2004,huggyllama/llama-7b,dummy-lora-7b-rank-16-8,1251,52,176.28904112255867
2005,huggyllama/llama-7b,dummy-lora-7b-rank-8-9,1561,57,176.32148751570946
2006,huggyllama/llama-7b,dummy-lora-7b-rank-8-10,2121,200,176.46684735702496
2007,huggyllama/llama-7b,dummy-lora-7b-rank-16-9,780,57,176.85879978628643
2008,huggyllama/llama-7b,dummy-lora-7b-rank-8-11,2089,63,176.88605475653307
2009,huggyllama/llama-7b,dummy-lora-7b-rank-16-10,843,57,176.8912461794372
2010,huggyllama/llama-7b,dummy-lora-7b-rank-8-12,1154,75,177.0197338963143
2011,huggyllama/llama-7b,dummy-lora-7b-rank-32-6,701,58,177.23388009110946
2012,huggyllama/llama-7b,dummy-lora-7b-rank-128-1,2852,21,177.59468398294615
2013,huggyllama/llama-7b,dummy-lora-7b-rank-8-13,1224,464,177.98663641220764
2014,huggyllama/llama-7b,dummy-lora-7b-rank-16-11,1229,677,178.05412490996127
2015,huggyllama/llama-7b,dummy-lora-7b-rank-16-0,693,61,178.06061418859142
2016,huggyllama/llama-7b,dummy-lora-7b-rank-16-1,786,57,178.0930605817422
2017,huggyllama/llama-7b,dummy-lora-7b-rank-8-14,1126,57,178.10603913900252
2018,huggyllama/llama-7b,dummy-lora-7b-rank-128-2,2969,21,178.22414401007137
2019,huggyllama/llama-7b,dummy-lora-7b-rank-16-2,1603,165,178.250101124592
2020,huggyllama/llama-7b,dummy-lora-7b-rank-16-3,442,69,178.29941964218116
2021,huggyllama/llama-7b,dummy-lora-7b-rank-8-15,1805,139,178.41363094607192
2022,huggyllama/llama-7b,dummy-lora-7b-rank-8-0,1024,52,178.45516232930493
2023,huggyllama/llama-7b,dummy-lora-7b-rank-16-4,1359,57,178.54731008585316
2024,huggyllama/llama-7b,dummy-lora-7b-rank-16-5,1346,52,178.54990579730523
2025,huggyllama/llama-7b,dummy-lora-7b-rank-8-1,3332,611,178.7264141760455
2026,huggyllama/llama-7b,dummy-lora-7b-rank-16-6,1230,99,178.74717986766197
2027,huggyllama/llama-7b,dummy-lora-7b-rank-16-7,684,74,179.01453814722444
2028,huggyllama/llama-7b,dummy-lora-7b-rank-16-8,765,79,179.05217596327935
2029,huggyllama/llama-7b,dummy-lora-7b-rank-8-2,978,66,179.0885159236082
2030,huggyllama/llama-7b,dummy-lora-7b-rank-16-9,1076,88,179.0911116350603
2031,huggyllama/llama-7b,dummy-lora-7b-rank-8-3,1184,70,179.1092816152247
2032,huggyllama/llama-7b,dummy-lora-7b-rank-16-10,770,81,179.20662079467706
2033,huggyllama/llama-7b,dummy-lora-7b-rank-8-4,1937,115,179.22608863056752
2034,huggyllama/llama-7b,dummy-lora-7b-rank-16-11,2857,630,179.4012991535818
2035,huggyllama/llama-7b,dummy-lora-7b-rank-16-0,2841,581,179.75172019961022
2036,huggyllama/llama-7b,dummy-lora-7b-rank-8-5,718,188,179.8386765332543
2037,huggyllama/llama-7b,dummy-lora-7b-rank-16-1,659,267,180.0216741906247
2038,huggyllama/llama-7b,dummy-lora-7b-rank-8-6,1496,57,180.04503559369329
2039,huggyllama/llama-7b,dummy-lora-7b-rank-16-2,696,351,180.06320557385774
2040,huggyllama/llama-7b,dummy-lora-7b-rank-16-3,1404,70,180.13328978306342
2041,huggyllama/llama-7b,dummy-lora-7b-rank-8-7,1894,357,180.22933110678972
2042,huggyllama/llama-7b,dummy-lora-7b-rank-16-4,2354,212,180.49928509780423
2043,huggyllama/llama-7b,dummy-lora-7b-rank-8-8,641,279,180.53173149095502
2044,huggyllama/llama-7b,dummy-lora-7b-rank-16-5,995,81,180.6926656009829
2045,huggyllama/llama-7b,dummy-lora-7b-rank-32-7,2055,57,180.96002388054538
2046,huggyllama/llama-7b,dummy-lora-7b-rank-32-8,721,57,181.03529951265517
2047,huggyllama/llama-7b,dummy-lora-7b-rank-16-6,2653,451,181.11576656766914
2048,huggyllama/llama-7b,dummy-lora-7b-rank-16-7,1094,57,181.12355370202533
2049,huggyllama/llama-7b,dummy-lora-7b-rank-8-9,1647,57,181.15600009517607
2050,huggyllama/llama-7b,dummy-lora-7b-rank-16-8,1404,335,181.22608430438177
2051,huggyllama/llama-7b,dummy-lora-7b-rank-64-3,2830,423,181.3052535036697
2052,huggyllama/llama-7b,dummy-lora-7b-rank-8-10,768,82,181.40648625030013
2053,huggyllama/llama-7b,dummy-lora-7b-rank-8-11,1099,65,181.45580476788933
2054,huggyllama/llama-7b,dummy-lora-7b-rank-16-9,1198,459,181.4791661709579
2055,huggyllama/llama-7b,dummy-lora-7b-rank-32-9,1057,348,181.5713139275061
2056,huggyllama/llama-7b,dummy-lora-7b-rank-16-10,866,52,181.61414316646514
2057,huggyllama/llama-7b,dummy-lora-7b-rank-8-12,758,52,181.63361100235562
2058,huggyllama/llama-7b,dummy-lora-7b-rank-16-11,678,57,181.6375045695337
2059,huggyllama/llama-7b,dummy-lora-7b-rank-8-13,1306,115,181.65956811687622
2060,huggyllama/llama-7b,dummy-lora-7b-rank-16-0,956,425,181.91264998345233
2061,huggyllama/llama-7b,dummy-lora-7b-rank-8-14,899,57,181.95937278958945
2062,huggyllama/llama-7b,dummy-lora-7b-rank-16-1,889,82,182.05022269041166
2063,huggyllama/llama-7b,dummy-lora-7b-rank-128-0,3072,25,182.0774776606583
2064,huggyllama/llama-7b,dummy-lora-7b-rank-8-15,605,88,182.09434978509674
2065,huggyllama/llama-7b,dummy-lora-7b-rank-64-4,2401,386,182.3383466615906
2066,huggyllama/llama-7b,dummy-lora-7b-rank-16-2,1423,52,182.41102658224835
2067,huggyllama/llama-7b,dummy-lora-7b-rank-16-3,1343,59,182.4525579654814
2068,huggyllama/llama-7b,dummy-lora-7b-rank-32-0,1943,278,182.52653574186516
2069,huggyllama/llama-7b,dummy-lora-7b-rank-16-4,2704,606,182.60181137397495
2070,huggyllama/llama-7b,dummy-lora-7b-rank-16-5,2202,627,182.7900004542495
2071,huggyllama/llama-7b,dummy-lora-7b-rank-128-1,2854,22,182.80038330005777
2072,huggyllama/llama-7b,dummy-lora-7b-rank-8-0,785,57,183.18714430641506
2073,huggyllama/llama-7b,dummy-lora-7b-rank-8-1,1489,356,183.2325692568262
2074,huggyllama/llama-7b,dummy-lora-7b-rank-8-2,1299,52,183.3623548294293
2075,huggyllama/llama-7b,dummy-lora-7b-rank-16-6,939,57,183.38052480959374
2076,huggyllama/llama-7b,dummy-lora-7b-rank-8-3,1007,88,183.59077743721082
2077,huggyllama/llama-7b,dummy-lora-7b-rank-8-4,1823,57,183.59726671584096
2078,huggyllama/llama-7b,dummy-lora-7b-rank-8-5,840,57,183.71018016400572
2079,huggyllama/llama-7b,dummy-lora-7b-rank-16-7,1602,90,183.7179672983619
2080,huggyllama/llama-7b,dummy-lora-7b-rank-16-8,875,81,183.7478179800606
2081,huggyllama/llama-7b,dummy-lora-7b-rank-8-6,1536,90,183.82828503507454
2082,huggyllama/llama-7b,dummy-lora-7b-rank-16-9,3633,453,183.88668854274596
2083,huggyllama/llama-7b,dummy-lora-7b-rank-16-10,582,88,183.9788362992942
2084,huggyllama/llama-7b,dummy-lora-7b-rank-8-7,1335,81,184.04243122986972
2085,huggyllama/llama-7b,dummy-lora-7b-rank-32-1,823,380,184.09694117036304
2086,huggyllama/llama-7b,dummy-lora-7b-rank-8-8,1186,888,184.10602616044528
2087,huggyllama/llama-7b,dummy-lora-7b-rank-16-11,1949,683,184.13198327496588
2088,huggyllama/llama-7b,dummy-lora-7b-rank-8-9,2020,69,184.59531776915904
2089,huggyllama/llama-7b,dummy-lora-7b-rank-16-0,782,63,184.78220899370757
2090,huggyllama/llama-7b,dummy-lora-7b-rank-16-1,1756,52,184.95222809381767
2091,huggyllama/llama-7b,dummy-lora-7b-rank-16-2,1769,57,185.0041423228589
2092,huggyllama/llama-7b,dummy-lora-7b-rank-64-5,3429,358,185.04697156181797
2093,huggyllama/llama-7b,dummy-lora-7b-rank-16-3,564,81,185.3597547917915
2094,huggyllama/llama-7b,dummy-lora-7b-rank-8-10,1081,79,185.45060469261367
2095,huggyllama/llama-7b,dummy-lora-7b-rank-128-2,3156,21,185.45320040406574
2096,huggyllama/llama-7b,dummy-lora-7b-rank-16-4,989,640,185.53107174762764
2097,huggyllama/llama-7b,dummy-lora-7b-rank-16-5,990,57,185.60634737973743
2098,huggyllama/llama-7b,dummy-lora-7b-rank-8-11,1872,79,185.7361329523406
2099,huggyllama/llama-7b,dummy-lora-7b-rank-8-12,586,52,185.8243871417107
2100,huggyllama/llama-7b,dummy-lora-7b-rank-8-13,1250,57,186.03074620214966
2101,huggyllama/llama-7b,dummy-lora-7b-rank-16-6,516,75,186.04372475941
2102,huggyllama/llama-7b,dummy-lora-7b-rank-16-7,3574,355,186.1021282670814
2103,huggyllama/llama-7b,dummy-lora-7b-rank-64-6,2438,264,186.16572319765694
2104,huggyllama/llama-7b,dummy-lora-7b-rank-128-0,2858,22,186.18778674499947
2105,huggyllama/llama-7b,dummy-lora-7b-rank-8-14,1001,79,186.20336101371186
2106,huggyllama/llama-7b,dummy-lora-7b-rank-8-15,2158,81,186.39544366116448
2107,huggyllama/llama-7b,dummy-lora-7b-rank-8-0,3449,185,186.55118634828824
2108,huggyllama/llama-7b,dummy-lora-7b-rank-8-1,1023,57,186.5537820597403
2109,huggyllama/llama-7b,dummy-lora-7b-rank-8-2,1162,65,186.67578049798723
2110,huggyllama/llama-7b,dummy-lora-7b-rank-16-8,1534,67,186.8769481355221
2111,huggyllama/llama-7b,dummy-lora-7b-rank-16-9,738,52,187.00413799667314
2112,huggyllama/llama-7b,dummy-lora-7b-rank-16-10,672,57,187.01062727530334
2113,huggyllama/llama-7b,dummy-lora-7b-rank-8-3,269,39,187.0145208424814
2114,huggyllama/llama-7b,dummy-lora-7b-rank-8-4,751,57,187.02360583256365
2115,huggyllama/llama-7b,dummy-lora-7b-rank-16-11,362,57,187.03658438982393
2116,huggyllama/llama-7b,dummy-lora-7b-rank-8-5,1484,57,187.09109433031725
2117,huggyllama/llama-7b,dummy-lora-7b-rank-128-1,2968,26,187.10407288757756
2118,huggyllama/llama-7b,dummy-lora-7b-rank-16-0,716,52,187.14819998226264
2119,huggyllama/llama-7b,dummy-lora-7b-rank-16-1,804,57,187.15598711661883
2120,huggyllama/llama-7b,dummy-lora-7b-rank-8-6,1060,57,187.25851771897527
2121,huggyllama/llama-7b,dummy-lora-7b-rank-16-2,1108,82,187.28577268922197
2122,huggyllama/llama-7b,dummy-lora-7b-rank-8-7,961,67,187.29355982357814
2123,huggyllama/llama-7b,dummy-lora-7b-rank-8-8,1751,63,187.32860192818097
2124,huggyllama/llama-7b,dummy-lora-7b-rank-128-2,2857,30,187.34547405261938
2125,huggyllama/llama-7b,dummy-lora-7b-rank-8-9,729,57,187.34677190834543
2126,huggyllama/llama-7b,dummy-lora-7b-rank-8-10,660,90,187.47915319240062
2127,huggyllama/llama-7b,dummy-lora-7b-rank-32-2,717,52,187.49213174966093
2128,huggyllama/llama-7b,dummy-lora-7b-rank-8-11,777,89,187.52328028708567
2129,huggyllama/llama-7b,dummy-lora-7b-rank-8-12,1624,57,187.52457814281172
2130,huggyllama/llama-7b,dummy-lora-7b-rank-16-3,1152,61,187.5570245359625
2131,huggyllama/llama-7b,dummy-lora-7b-rank-8-13,826,468,187.59596020774345
2132,huggyllama/llama-7b,dummy-lora-7b-rank-32-3,575,79,187.71276722308627
2133,huggyllama/llama-7b,dummy-lora-7b-rank-16-4,1113,88,187.76597930785354
2134,huggyllama/llama-7b,dummy-lora-7b-rank-16-5,1612,126,187.81399996971672
2135,huggyllama/llama-7b,dummy-lora-7b-rank-16-6,1593,115,187.89965844763475
2136,huggyllama/llama-7b,dummy-lora-7b-rank-16-7,759,380,187.91653057207316
2137,huggyllama/llama-7b,dummy-lora-7b-rank-8-14,1416,155,188.06189041338865
2138,huggyllama/llama-7b,dummy-lora-7b-rank-8-15,1059,57,188.3071851456086
2139,huggyllama/llama-7b,dummy-lora-7b-rank-8-0,461,60,188.38895005634856
2140,huggyllama/llama-7b,dummy-lora-7b-rank-8-1,1047,57,188.48369352434887
2141,huggyllama/llama-7b,dummy-lora-7b-rank-8-2,661,57,188.6355426442945
2142,huggyllama/llama-7b,dummy-lora-7b-rank-8-3,896,57,188.6511169130069
2143,huggyllama/llama-7b,dummy-lora-7b-rank-8-4,1298,296,188.69005258478782
2144,huggyllama/llama-7b,dummy-lora-7b-rank-8-5,957,64,188.74456252528114
2145,huggyllama/llama-7b,dummy-lora-7b-rank-8-6,1164,67,188.76792392834972
2146,huggyllama/llama-7b,dummy-lora-7b-rank-64-7,2610,417,188.80166817722653
2147,huggyllama/llama-7b,dummy-lora-7b-rank-8-7,1907,93,188.81983815739096
2148,huggyllama/llama-7b,dummy-lora-7b-rank-16-8,1192,426,188.88992236659664
2149,huggyllama/llama-7b,dummy-lora-7b-rank-8-8,653,83,188.90290092385698
2150,huggyllama/llama-7b,dummy-lora-7b-rank-16-9,452,69,188.9158794811173
2151,huggyllama/llama-7b,dummy-lora-7b-rank-16-10,659,247,188.92366661547348
2152,huggyllama/llama-7b,dummy-lora-7b-rank-16-11,2174,79,188.9587087200763
2153,huggyllama/llama-7b,dummy-lora-7b-rank-8-9,533,82,188.9781765559668
2154,huggyllama/llama-7b,dummy-lora-7b-rank-16-0,1061,109,189.06902645678898
2155,huggyllama/llama-7b,dummy-lora-7b-rank-16-1,1395,327,189.0949835713096
2156,huggyllama/llama-7b,dummy-lora-7b-rank-8-10,454,79,189.15987635761115
2157,huggyllama/llama-7b,dummy-lora-7b-rank-16-2,1563,131,189.20140774084416
2158,huggyllama/llama-7b,dummy-lora-7b-rank-16-3,1272,91,189.37921397531045
2159,huggyllama/llama-7b,dummy-lora-7b-rank-8-11,1141,126,189.42593678144758
2160,huggyllama/llama-7b,dummy-lora-7b-rank-8-12,545,57,189.484340289119
2161,huggyllama/llama-7b,dummy-lora-7b-rank-8-13,1924,814,189.525871672352
2162,huggyllama/llama-7b,dummy-lora-7b-rank-16-4,1506,363,189.56999876703705
2163,huggyllama/llama-7b,dummy-lora-7b-rank-16-5,1588,57,189.6011473044618
2164,huggyllama/llama-7b,dummy-lora-7b-rank-8-14,883,121,189.67382722511957
2165,huggyllama/llama-7b,dummy-lora-7b-rank-16-6,1577,72,189.7244435984348
2166,huggyllama/llama-7b,dummy-lora-7b-rank-8-15,602,61,190.12807672923051
2167,huggyllama/llama-7b,dummy-lora-7b-rank-16-7,647,317,190.2007566498883
2168,huggyllama/llama-7b,dummy-lora-7b-rank-16-8,685,81,190.21113949569653
2169,huggyllama/llama-7b,dummy-lora-7b-rank-16-9,695,57,190.27473442627206
2170,huggyllama/llama-7b,dummy-lora-7b-rank-8-0,904,57,190.3668821828203
2171,huggyllama/llama-7b,dummy-lora-7b-rank-16-10,1479,57,190.6316447509307
2172,huggyllama/llama-7b,dummy-lora-7b-rank-16-11,1084,57,190.8016638510408
2173,huggyllama/llama-7b,dummy-lora-7b-rank-8-1,632,57,190.8237273983833
2174,huggyllama/llama-7b,dummy-lora-7b-rank-16-0,2855,79,190.84968451290393
2175,huggyllama/llama-7b,dummy-lora-7b-rank-8-2,623,81,191.01970361301406
2176,huggyllama/llama-7b,dummy-lora-7b-rank-16-1,1891,52,191.30263616128886
2177,huggyllama/llama-7b,dummy-lora-7b-rank-64-8,2759,278,191.48044239575515
2178,huggyllama/llama-7b,dummy-lora-7b-rank-16-2,1598,424,191.6686314760297
2179,huggyllama/llama-7b,dummy-lora-7b-rank-16-3,1022,203,191.9022455067153
2180,huggyllama/llama-7b,dummy-lora-7b-rank-128-0,2935,17,191.93209618841402
2181,huggyllama/llama-7b,dummy-lora-7b-rank-8-3,949,371,192.01905252205813
2182,huggyllama/llama-7b,dummy-lora-7b-rank-8-4,837,79,192.2370922840314
2183,huggyllama/llama-7b,dummy-lora-7b-rank-8-5,779,57,192.37077142381264
2184,huggyllama/llama-7b,dummy-lora-7b-rank-16-4,1215,57,192.37206927953866
2185,huggyllama/llama-7b,dummy-lora-7b-rank-8-6,1583,67,192.42138779712784
2186,huggyllama/llama-7b,dummy-lora-7b-rank-16-5,1381,57,192.43436635438815
2187,huggyllama/llama-7b,dummy-lora-7b-rank-64-0,2501,449,192.46291918036084
2188,huggyllama/llama-7b,dummy-lora-7b-rank-128-1,2972,23,192.5200248323062
2189,huggyllama/llama-7b,dummy-lora-7b-rank-128-2,3103,25,192.9924443165816
2190,huggyllama/llama-7b,dummy-lora-7b-rank-8-7,481,81,193.1378041578971
2191,huggyllama/llama-7b,dummy-lora-7b-rank-8-8,1082,57,193.25850474041806
2192,huggyllama/llama-7b,dummy-lora-7b-rank-16-6,399,93,193.26758973050028
2193,huggyllama/llama-7b,dummy-lora-7b-rank-32-4,930,57,193.3026318351031
2194,huggyllama/llama-7b,dummy-lora-7b-rank-8-9,1012,69,193.34675892978817
2195,huggyllama/llama-7b,dummy-lora-7b-rank-8-10,919,52,193.35843963132245
2196,huggyllama/llama-7b,dummy-lora-7b-rank-16-7,3540,63,193.75168991630994
2197,huggyllama/llama-7b,dummy-lora-7b-rank-32-5,959,57,193.837348394228
2198,huggyllama/llama-7b,dummy-lora-7b-rank-16-8,429,85,193.86460336447465
2199,huggyllama/llama-7b,dummy-lora-7b-rank-64-1,2543,263,193.92170901642004
2200,huggyllama/llama-7b,dummy-lora-7b-rank-8-11,1464,57,194.0735581363657
2201,huggyllama/llama-7b,dummy-lora-7b-rank-16-9,891,79,194.31885286858562
2202,huggyllama/llama-7b,dummy-lora-7b-rank-8-12,1105,69,194.35259711746244
2203,huggyllama/llama-7b,dummy-lora-7b-rank-8-13,2430,630,194.38374565488718
2204,huggyllama/llama-7b,dummy-lora-7b-rank-8-14,1489,67,194.49016982442174
2205,huggyllama/llama-7b,dummy-lora-7b-rank-8-15,778,57,194.49406339159984
2206,huggyllama/llama-7b,dummy-lora-7b-rank-8-0,1183,141,194.5252119290246
2207,huggyllama/llama-7b,dummy-lora-7b-rank-8-1,831,90,194.74714525817595
2208,huggyllama/llama-7b,dummy-lora-7b-rank-8-2,1643,138,194.76271952688833
2209,huggyllama/llama-7b,dummy-lora-7b-rank-32-6,1595,170,194.89250509949144
2210,huggyllama/llama-7b,dummy-lora-7b-rank-16-10,1534,57,194.99503570184794
2211,huggyllama/llama-7b,dummy-lora-7b-rank-16-11,2635,526,195.0067164033822
2212,huggyllama/llama-7b,dummy-lora-7b-rank-16-0,1716,57,195.10275772710852
2213,huggyllama/llama-7b,dummy-lora-7b-rank-32-7,1266,79,195.14428911034153
2214,huggyllama/llama-7b,dummy-lora-7b-rank-16-1,1780,100,195.26628754858848
2215,huggyllama/llama-7b,dummy-lora-7b-rank-128-0,2934,7,195.40515811127383
2216,huggyllama/llama-7b,dummy-lora-7b-rank-128-1,2856,22,195.58945362437026
2217,huggyllama/llama-7b,dummy-lora-7b-rank-16-2,2299,353,195.67511210228832
2218,huggyllama/llama-7b,dummy-lora-7b-rank-8-3,1501,57,195.8360462123162
2219,huggyllama/llama-7b,dummy-lora-7b-rank-16-3,779,57,195.87757759554924
2220,huggyllama/llama-7b,dummy-lora-7b-rank-8-4,1838,129,196.16310585527611
2221,huggyllama/llama-7b,dummy-lora-7b-rank-16-4,1597,57,196.1968501041529
2222,huggyllama/llama-7b,dummy-lora-7b-rank-8-5,1400,325,196.20593509423514
2223,huggyllama/llama-7b,dummy-lora-7b-rank-8-6,980,57,196.2591471790024
2224,huggyllama/llama-7b,dummy-lora-7b-rank-16-5,957,57,196.34740136837254
2225,huggyllama/llama-7b,dummy-lora-7b-rank-8-7,835,79,196.41359201040012
2226,huggyllama/llama-7b,dummy-lora-7b-rank-8-8,2064,107,196.47718694097568
2227,huggyllama/llama-7b,dummy-lora-7b-rank-16-6,1201,316,196.74584307626415
2228,huggyllama/llama-7b,dummy-lora-7b-rank-128-2,2850,21,196.8717350816892
2229,huggyllama/llama-7b,dummy-lora-7b-rank-8-9,1006,454,196.95349999242916
2230,huggyllama/llama-7b,dummy-lora-7b-rank-8-10,1564,166,196.96777640541552
2231,huggyllama/llama-7b,dummy-lora-7b-rank-128-0,2971,34,197.2169647048135
2232,huggyllama/llama-7b,dummy-lora-7b-rank-8-11,1358,57,197.24681538651228
2233,huggyllama/llama-7b,dummy-lora-7b-rank-8-12,1560,631,197.2740703567589
2234,huggyllama/llama-7b,dummy-lora-7b-rank-16-7,1220,212,197.32209101862207
2235,huggyllama/llama-7b,dummy-lora-7b-rank-8-13,1177,82,197.3766009591154
2236,huggyllama/llama-7b,dummy-lora-7b-rank-16-8,3398,81,197.43370661106076
2237,huggyllama/llama-7b,dummy-lora-7b-rank-8-14,1323,57,197.4401958896909
2238,huggyllama/llama-7b,dummy-lora-7b-rank-8-15,1082,69,197.82046761741807
2239,huggyllama/llama-7b,dummy-lora-7b-rank-16-9,1965,447,197.87367970218537
2240,huggyllama/llama-7b,dummy-lora-7b-rank-8-0,1569,166,198.0021674190625
2241,huggyllama/llama-7b,dummy-lora-7b-rank-32-8,1292,79,198.10988944432307
2242,huggyllama/llama-7b,dummy-lora-7b-rank-16-10,1335,57,198.19295221078906
2243,huggyllama/llama-7b,dummy-lora-7b-rank-8-1,743,63,198.2435685841043
2244,huggyllama/llama-7b,dummy-lora-7b-rank-16-11,767,86,198.27082355435095
2245,huggyllama/llama-7b,dummy-lora-7b-rank-8-2,1466,57,198.2889935345154
2246,huggyllama/llama-7b,dummy-lora-7b-rank-8-3,1349,57,198.38243914678966
2247,huggyllama/llama-7b,dummy-lora-7b-rank-8-4,1319,465,198.39411984832392
2248,huggyllama/llama-7b,dummy-lora-7b-rank-8-5,726,79,198.44733193309122
2249,huggyllama/llama-7b,dummy-lora-7b-rank-8-6,2786,239,198.53169255528323
2250,huggyllama/llama-7b,dummy-lora-7b-rank-8-7,1476,88,198.53558612246135
2251,huggyllama/llama-7b,dummy-lora-7b-rank-16-0,1058,90,198.62254245610544
2252,huggyllama/llama-7b,dummy-lora-7b-rank-8-8,1978,57,198.66796740651654
2253,huggyllama/llama-7b,dummy-lora-7b-rank-16-1,431,57,198.7406473271743
2254,huggyllama/llama-7b,dummy-lora-7b-rank-8-9,1340,299,198.7990508348457
2255,huggyllama/llama-7b,dummy-lora-7b-rank-8-10,788,57,198.81722081501013
2256,huggyllama/llama-7b,dummy-lora-7b-rank-8-11,1566,90,198.94700638761324
2257,huggyllama/llama-7b,dummy-lora-7b-rank-16-2,3208,219,199.20138610991543
2258,huggyllama/llama-7b,dummy-lora-7b-rank-16-3,725,57,199.4804250910121
2259,huggyllama/llama-7b,dummy-lora-7b-rank-16-4,531,90,199.6283806437797
2260,huggyllama/llama-7b,dummy-lora-7b-rank-8-12,1093,81,199.70495413161555
2261,huggyllama/llama-7b,dummy-lora-7b-rank-16-5,951,90,199.77633619654728
2262,huggyllama/llama-7b,dummy-lora-7b-rank-16-6,2206,174,199.92818531649291
2263,huggyllama/llama-7b,dummy-lora-7b-rank-16-7,2094,102,200.13714008838397
2264,huggyllama/llama-7b,dummy-lora-7b-rank-8-13,2231,120,200.31624417857628
2265,huggyllama/llama-7b,dummy-lora-7b-rank-8-14,1026,57,200.32922273583662
2266,huggyllama/llama-7b,dummy-lora-7b-rank-16-8,2320,63,200.71209017501585
2267,huggyllama/llama-7b,dummy-lora-7b-rank-8-15,3250,189,200.76140869260504
2268,huggyllama/llama-7b,dummy-lora-7b-rank-128-1,3093,17,200.76270654833104
2269,huggyllama/llama-7b,dummy-lora-7b-rank-128-2,2860,24,200.90287496674244
2270,huggyllama/llama-7b,dummy-lora-7b-rank-8-0,2312,57,200.98204416603036
2271,huggyllama/llama-7b,dummy-lora-7b-rank-8-1,893,100,201.08846833556493
2272,huggyllama/llama-7b,dummy-lora-7b-rank-8-2,2360,81,201.17282895775693
2273,huggyllama/llama-7b,dummy-lora-7b-rank-128-0,2846,23,201.2208496196201
2274,huggyllama/llama-7b,dummy-lora-7b-rank-16-9,1207,465,201.298720963182
2275,huggyllama/llama-7b,dummy-lora-7b-rank-8-3,2359,52,201.30001881890803
2276,huggyllama/llama-7b,dummy-lora-7b-rank-8-4,2467,106,201.33765663496294
2277,huggyllama/llama-7b,dummy-lora-7b-rank-8-5,1208,75,201.40125156553847
2278,huggyllama/llama-7b,dummy-lora-7b-rank-16-10,1178,79,201.45705936175784
2279,huggyllama/llama-7b,dummy-lora-7b-rank-8-6,1034,362,201.68548196953932
2280,huggyllama/llama-7b,dummy-lora-7b-rank-128-1,2845,8,201.99566948806083
2281,huggyllama/llama-7b,dummy-lora-7b-rank-8-7,1607,116,202.16568858817092
2282,huggyllama/llama-7b,dummy-lora-7b-rank-128-2,2965,20,202.1812628568833
2283,huggyllama/llama-7b,dummy-lora-7b-rank-128-0,2853,20,202.3136441409385
2284,huggyllama/llama-7b,dummy-lora-7b-rank-8-8,2155,140,202.35387766844542
2285,huggyllama/llama-7b,dummy-lora-7b-rank-16-11,1098,90,202.38243049441814
2286,huggyllama/llama-7b,dummy-lora-7b-rank-128-1,2850,19,202.39540905167846
2287,huggyllama/llama-7b,dummy-lora-7b-rank-64-2,2092,130,202.4797696738705
2288,huggyllama/llama-7b,dummy-lora-7b-rank-16-0,654,88,202.5044289326651
2289,huggyllama/llama-7b,dummy-lora-7b-rank-16-1,1012,64,202.5342796143638
2290,huggyllama/llama-7b,dummy-lora-7b-rank-8-9,634,79,202.58749169913108
2291,huggyllama/llama-7b,dummy-lora-7b-rank-8-10,826,57,202.61085310219966
2292,huggyllama/llama-7b,dummy-lora-7b-rank-16-2,1006,69,202.70949013737803
2293,huggyllama/llama-7b,dummy-lora-7b-rank-8-11,3450,295,202.76659578932342
2294,huggyllama/llama-7b,dummy-lora-7b-rank-8-12,703,57,203.28833379118797
2295,huggyllama/llama-7b,dummy-lora-7b-rank-8-13,772,90,203.29092950264004
2296,huggyllama/llama-7b,dummy-lora-7b-rank-8-14,402,93,203.37788583628415
2297,huggyllama/llama-7b,dummy-lora-7b-rank-8-15,3557,63,203.43628934395554
2298,huggyllama/llama-7b,dummy-lora-7b-rank-8-0,802,57,203.68028622044946
2299,huggyllama/llama-7b,dummy-lora-7b-rank-8-1,707,78,203.83602890757322
2300,huggyllama/llama-7b,dummy-lora-7b-rank-16-3,2406,81,203.99436730614903
2301,huggyllama/llama-7b,dummy-lora-7b-rank-16-4,1887,242,204.1553014161769
2302,huggyllama/llama-7b,dummy-lora-7b-rank-8-2,917,57,204.40059614839683
2303,huggyllama/llama-7b,dummy-lora-7b-rank-8-3,1074,57,204.5277860095479
2304,huggyllama/llama-7b,dummy-lora-7b-rank-8-4,888,75,204.57970023858914
2305,huggyllama/llama-7b,dummy-lora-7b-rank-64-3,2391,6,204.68482655239768
2306,huggyllama/llama-7b,dummy-lora-7b-rank-8-5,1019,614,204.7471236272472
2307,huggyllama/llama-7b,dummy-lora-7b-rank-8-6,715,57,204.97035481212458
2308,huggyllama/llama-7b,dummy-lora-7b-rank-32-9,1027,55,205.30649944516668
2309,huggyllama/llama-7b,dummy-lora-7b-rank-16-5,726,57,205.52194349568785
2310,huggyllama/llama-7b,dummy-lora-7b-rank-16-6,3744,169,205.61149554078403
2311,huggyllama/llama-7b,dummy-lora-7b-rank-8-7,1110,79,205.693260451524
2312,huggyllama/llama-7b,dummy-lora-7b-rank-16-7,1074,74,205.72830255612686
2313,huggyllama/llama-7b,dummy-lora-7b-rank-16-8,1565,57,205.74517468056524
2314,huggyllama/llama-7b,dummy-lora-7b-rank-16-9,1601,59,205.76853608363382
2315,huggyllama/llama-7b,dummy-lora-7b-rank-16-10,2310,353,205.76853608363382
2316,huggyllama/llama-7b,dummy-lora-7b-rank-8-8,1213,452,205.82434387985316
2317,huggyllama/llama-7b,dummy-lora-7b-rank-8-9,1231,82,205.92038520357949
2318,huggyllama/llama-7b,dummy-lora-7b-rank-16-11,1180,57,206.03459650747024
2319,huggyllama/llama-7b,dummy-lora-7b-rank-16-0,1060,57,206.04887292045657
2320,huggyllama/llama-7b,dummy-lora-7b-rank-16-1,1643,57,206.4213575138276
2321,huggyllama/llama-7b,dummy-lora-7b-rank-16-2,1936,57,206.44471891689614
2322,huggyllama/llama-7b,dummy-lora-7b-rank-64-4,3132,877,206.49014386730724
2323,huggyllama/llama-7b,dummy-lora-7b-rank-8-10,1377,112,206.49014386730724
2324,huggyllama/llama-7b,dummy-lora-7b-rank-8-11,1017,69,206.49663314593738
2325,huggyllama/llama-7b,dummy-lora-7b-rank-16-3,496,88,206.50831384747167
2326,huggyllama/llama-7b,dummy-lora-7b-rank-8-12,749,79,206.55763236506084
2327,huggyllama/llama-7b,dummy-lora-7b-rank-16-4,1980,158,206.59137661393768
2328,huggyllama/llama-7b,dummy-lora-7b-rank-8-13,1519,129,206.88469200802075
2329,huggyllama/llama-7b,dummy-lora-7b-rank-16-5,2524,90,206.92622339125376
2330,huggyllama/llama-7b,dummy-lora-7b-rank-16-6,1005,282,207.05081754095275
2331,huggyllama/llama-7b,dummy-lora-7b-rank-16-7,900,174,207.20396451662447
2332,huggyllama/llama-7b,dummy-lora-7b-rank-8-14,1102,57,207.22473020824094
2333,huggyllama/llama-7b,dummy-lora-7b-rank-8-15,2789,941,207.34023936785775
2334,huggyllama/llama-7b,dummy-lora-7b-rank-8-0,661,57,207.4168128556936
2335,huggyllama/llama-7b,dummy-lora-7b-rank-32-0,683,57,207.48689706489927
2336,huggyllama/llama-7b,dummy-lora-7b-rank-8-1,788,57,207.50766275651577
2337,huggyllama/llama-7b,dummy-lora-7b-rank-16-8,1228,59,207.53102415958432
2338,huggyllama/llama-7b,dummy-lora-7b-rank-32-1,2550,61,207.54530057257068
2339,huggyllama/llama-7b,dummy-lora-7b-rank-8-2,1062,57,207.5712576870913
2340,huggyllama/llama-7b,dummy-lora-7b-rank-32-2,590,61,207.58942766725576
2341,huggyllama/llama-7b,dummy-lora-7b-rank-128-2,2860,22,207.60110836879002
2342,huggyllama/llama-7b,dummy-lora-7b-rank-8-3,1052,77,207.72959608566714
2343,huggyllama/llama-7b,dummy-lora-7b-rank-128-0,2861,24,207.8438073895579
2344,huggyllama/llama-7b,dummy-lora-7b-rank-16-9,1297,320,207.9943586537775
2345,huggyllama/llama-7b,dummy-lora-7b-rank-8-4,767,362,208.67443505421792
2346,huggyllama/llama-7b,dummy-lora-7b-rank-16-10,1825,581,208.77826351230044
2347,huggyllama/llama-7b,dummy-lora-7b-rank-8-5,847,79,208.90285766199943
2348,huggyllama/llama-7b,dummy-lora-7b-rank-16-11,1521,132,209.0663874834794
2349,huggyllama/llama-7b,dummy-lora-7b-rank-8-6,1301,59,209.14425882704123
2350,huggyllama/llama-7b,dummy-lora-7b-rank-8-7,775,57,209.17670522019202
2351,huggyllama/llama-7b,dummy-lora-7b-rank-16-0,775,57,209.17670522019202
2352,huggyllama/llama-7b,dummy-lora-7b-rank-64-5,2540,382,209.6231675899468
2353,huggyllama/llama-7b,dummy-lora-7b-rank-16-1,1148,81,209.63874185865916
2354,huggyllama/llama-7b,dummy-lora-7b-rank-16-2,841,90,209.71791105794708
2355,huggyllama/llama-7b,dummy-lora-7b-rank-16-3,1564,57,209.91129156112575
2356,huggyllama/llama-7b,dummy-lora-7b-rank-8-8,1077,57,210.00603502912605
2357,huggyllama/llama-7b,dummy-lora-7b-rank-8-9,2839,439,210.07092781542764
2358,huggyllama/llama-7b,dummy-lora-7b-rank-16-4,1148,70,210.13452274600314
2359,huggyllama/llama-7b,dummy-lora-7b-rank-16-5,1359,78,210.14750130326348
2360,huggyllama/llama-7b,dummy-lora-7b-rank-8-10,724,52,210.294159000305
2361,huggyllama/llama-7b,dummy-lora-7b-rank-8-11,1341,59,210.5173901851824
2362,huggyllama/llama-7b,dummy-lora-7b-rank-8-12,1706,130,210.52517731953859
2363,huggyllama/llama-7b,dummy-lora-7b-rank-16-6,895,119,210.7626849174023
2364,huggyllama/llama-7b,dummy-lora-7b-rank-16-7,3431,61,210.89895976863556
2365,huggyllama/llama-7b,dummy-lora-7b-rank-8-13,808,109,211.12608452069108
2366,huggyllama/llama-7b,dummy-lora-7b-rank-8-14,644,61,211.25846580474627
2367,huggyllama/llama-7b,dummy-lora-7b-rank-8-15,2258,57,211.69843889587088
2368,huggyllama/llama-7b,dummy-lora-7b-rank-128-1,2885,23,211.7620338264464
2369,huggyllama/llama-7b,dummy-lora-7b-rank-8-0,3349,90,211.81135234403558
2370,huggyllama/llama-7b,dummy-lora-7b-rank-8-1,974,89,211.81265019976163
2371,huggyllama/llama-7b,dummy-lora-7b-rank-8-2,3878,57,211.97358430978952
2372,huggyllama/llama-7b,dummy-lora-7b-rank-8-3,1663,130,212.0034349914882
2373,huggyllama/llama-7b,dummy-lora-7b-rank-8-4,1358,376,212.13711413126944
2374,huggyllama/llama-7b,dummy-lora-7b-rank-8-5,1250,417,212.29155896266718
2375,huggyllama/llama-7b,dummy-lora-7b-rank-8-6,737,57,212.47196090858554
2376,huggyllama/llama-7b,dummy-lora-7b-rank-8-7,1507,57,212.5368536948871
2377,huggyllama/llama-7b,dummy-lora-7b-rank-8-8,1272,57,212.57708722239406
2378,huggyllama/llama-7b,dummy-lora-7b-rank-8-9,1855,67,212.60953361554485
2379,huggyllama/llama-7b,dummy-lora-7b-rank-64-6,2399,607,212.70168137209308
2380,huggyllama/llama-7b,dummy-lora-7b-rank-8-10,1728,57,212.75748916831242
2381,huggyllama/llama-7b,dummy-lora-7b-rank-8-11,1590,115,213.04950670666946
2382,huggyllama/llama-7b,dummy-lora-7b-rank-8-12,1684,133,213.10661235861485
2383,huggyllama/llama-7b,dummy-lora-7b-rank-8-13,1245,126,213.12867590595738
2384,huggyllama/llama-7b,dummy-lora-7b-rank-16-8,1973,436,213.14944159757388
2385,huggyllama/llama-7b,dummy-lora-7b-rank-64-7,2631,290,213.21044081669734
2386,huggyllama/llama-7b,dummy-lora-7b-rank-8-14,1531,125,213.2623550457386
2387,huggyllama/llama-7b,dummy-lora-7b-rank-16-9,912,138,213.3155671305059
2388,huggyllama/llama-7b,dummy-lora-7b-rank-16-10,2423,59,213.79577374913745
2389,huggyllama/llama-7b,dummy-lora-7b-rank-16-11,637,57,213.9631971377955
2390,huggyllama/llama-7b,dummy-lora-7b-rank-128-2,2856,22,213.9709842721517
2391,huggyllama/llama-7b,dummy-lora-7b-rank-8-15,965,63,214.0501534714396
2392,huggyllama/llama-7b,dummy-lora-7b-rank-8-0,430,65,214.06313202869993
2393,huggyllama/llama-7b,dummy-lora-7b-rank-8-1,2113,175,214.27598036776905
2394,huggyllama/llama-7b,dummy-lora-7b-rank-8-2,1956,607,214.29674605938558
2395,huggyllama/llama-7b,dummy-lora-7b-rank-8-3,1338,293,214.36423455713918
2396,huggyllama/llama-7b,dummy-lora-7b-rank-8-4,625,57,214.68740063292097
2397,huggyllama/llama-7b,dummy-lora-7b-rank-8-5,612,52,214.68999634437304
2398,huggyllama/llama-7b,dummy-lora-7b-rank-128-0,2845,22,214.75229341922255
2399,huggyllama/llama-7b,dummy-lora-7b-rank-8-6,845,90,214.78603766809934
2400,huggyllama/llama-7b,dummy-lora-7b-rank-8-7,1001,64,214.8042076482638
2401,huggyllama/llama-7b,dummy-lora-7b-rank-16-0,1062,88,214.94567392240123
2402,huggyllama/llama-7b,dummy-lora-7b-rank-8-8,2899,190,214.979418171278
2403,huggyllama/llama-7b,dummy-lora-7b-rank-8-9,3491,173,215.00926885297673
2404,huggyllama/llama-7b,dummy-lora-7b-rank-64-8,2821,512,215.16111797292243
2405,huggyllama/llama-7b,dummy-lora-7b-rank-8-10,904,162,215.25845715237475
2406,huggyllama/llama-7b,dummy-lora-7b-rank-8-11,883,52,215.27792498826523
2407,huggyllama/llama-7b,dummy-lora-7b-rank-16-1,724,57,215.3648813219093
2408,huggyllama/llama-7b,dummy-lora-7b-rank-8-12,712,89,215.54138970064957
2409,huggyllama/llama-7b,dummy-lora-7b-rank-16-2,601,90,215.80485441303392
2410,huggyllama/llama-7b,dummy-lora-7b-rank-64-0,3289,566,216.02938345363734
2411,huggyllama/llama-7b,dummy-lora-7b-rank-8-13,806,57,216.33178383780265
2412,huggyllama/llama-7b,dummy-lora-7b-rank-128-1,2852,21,216.4576758432277
2413,huggyllama/llama-7b,dummy-lora-7b-rank-16-3,953,57,216.64716277922824
2414,huggyllama/llama-7b,dummy-lora-7b-rank-8-14,871,79,216.79252262054374
2415,huggyllama/llama-7b,dummy-lora-7b-rank-16-4,1185,57,216.87558538700978
2416,huggyllama/llama-7b,dummy-lora-7b-rank-128-2,3409,17,216.95345673057165
2417,huggyllama/llama-7b,dummy-lora-7b-rank-8-15,810,81,217.05728518865413
2418,huggyllama/llama-7b,dummy-lora-7b-rank-16-5,1610,128,217.08583801462683
2419,huggyllama/llama-7b,dummy-lora-7b-rank-8-0,1555,312,217.16111364673665
2420,huggyllama/llama-7b,dummy-lora-7b-rank-8-1,1833,318,217.2545592590109
2421,huggyllama/llama-7b,dummy-lora-7b-rank-16-6,1111,126,217.34411130410706
2422,huggyllama/llama-7b,dummy-lora-7b-rank-8-2,1600,67,217.68025593714918
2423,huggyllama/llama-7b,dummy-lora-7b-rank-16-7,1096,107,217.70361734021776
2424,huggyllama/llama-7b,dummy-lora-7b-rank-8-3,737,314,217.75293585780693
2425,huggyllama/llama-7b,dummy-lora-7b-rank-16-8,843,57,217.79057367386181
2426,huggyllama/llama-7b,dummy-lora-7b-rank-16-9,973,57,218.06831479923252
2427,huggyllama/llama-7b,dummy-lora-7b-rank-16-10,1790,90,218.3032266856442
2428,huggyllama/llama-7b,dummy-lora-7b-rank-8-4,722,168,218.33697093452102
2429,huggyllama/llama-7b,dummy-lora-7b-rank-16-11,1293,57,218.35514091468545
2430,huggyllama/llama-7b,dummy-lora-7b-rank-16-0,885,101,218.39407658646638
2431,huggyllama/llama-7b,dummy-lora-7b-rank-128-0,2843,20,218.92749528986525
2432,huggyllama/llama-7b,dummy-lora-7b-rank-8-5,501,57,219.00277092197507
2433,huggyllama/llama-7b,dummy-lora-7b-rank-16-1,792,79,219.07804655408492
2434,huggyllama/llama-7b,dummy-lora-7b-rank-16-2,801,57,219.19225785797565
2435,huggyllama/llama-7b,dummy-lora-7b-rank-8-6,669,57,219.20912998241405
2436,huggyllama/llama-7b,dummy-lora-7b-rank-16-3,1096,65,219.24546994274294
2437,huggyllama/llama-7b,dummy-lora-7b-rank-16-4,1079,71,219.24676779846897
2438,huggyllama/llama-7b,dummy-lora-7b-rank-16-5,624,89,219.31166058477052
2439,huggyllama/llama-7b,dummy-lora-7b-rank-16-6,789,81,219.3480005450994
2440,huggyllama/llama-7b,dummy-lora-7b-rank-128-1,2950,33,219.3518941122775
2441,huggyllama/llama-7b,dummy-lora-7b-rank-16-7,820,57,219.36746838098986
2442,huggyllama/llama-7b,dummy-lora-7b-rank-8-7,708,86,219.39082978405844
2443,huggyllama/llama-7b,dummy-lora-7b-rank-8-8,844,352,219.43106331156542
2444,huggyllama/llama-7b,dummy-lora-7b-rank-8-9,1921,485,219.45442471463397
2445,huggyllama/llama-7b,dummy-lora-7b-rank-16-8,701,64,219.47519040625048
2446,huggyllama/llama-7b,dummy-lora-7b-rank-16-9,535,88,219.5297003467438
2447,huggyllama/llama-7b,dummy-lora-7b-rank-8-10,684,92,219.56474245134666
2448,huggyllama/llama-7b,dummy-lora-7b-rank-8-11,1694,76,219.58291243151106
2449,huggyllama/llama-7b,dummy-lora-7b-rank-16-10,1160,94,219.61276311320978
2450,huggyllama/llama-7b,dummy-lora-7b-rank-16-11,1202,85,219.7503358201691
2451,huggyllama/llama-7b,dummy-lora-7b-rank-8-12,2898,57,219.76980365605957
2452,huggyllama/llama-7b,dummy-lora-7b-rank-16-0,1047,57,219.83469644236115
2453,huggyllama/llama-7b,dummy-lora-7b-rank-8-13,1512,98,219.83859000953925
2454,huggyllama/llama-7b,dummy-lora-7b-rank-16-1,1167,79,219.8463771438954
2455,huggyllama/llama-7b,dummy-lora-7b-rank-16-2,865,59,219.8866106714024
2456,huggyllama/llama-7b,dummy-lora-7b-rank-8-14,808,57,219.8918020943065
2457,huggyllama/llama-7b,dummy-lora-7b-rank-8-15,870,85,219.92814205463543
2458,huggyllama/llama-7b,dummy-lora-7b-rank-32-3,515,66,220.01380053255346
2459,huggyllama/llama-7b,dummy-lora-7b-rank-32-4,598,109,220.33177518543113
2460,huggyllama/llama-7b,dummy-lora-7b-rank-16-3,1201,57,220.77045042082975
2461,huggyllama/llama-7b,dummy-lora-7b-rank-16-4,788,57,220.9028317048849
2462,huggyllama/llama-7b,dummy-lora-7b-rank-8-0,991,57,220.9197038293233
2463,huggyllama/llama-7b,dummy-lora-7b-rank-8-1,1076,361,221.1065950538718
2464,huggyllama/llama-7b,dummy-lora-7b-rank-16-5,670,293,221.13125431266644
2465,huggyllama/llama-7b,dummy-lora-7b-rank-8-2,593,57,221.20652994477624
2466,huggyllama/llama-7b,dummy-lora-7b-rank-8-3,638,52,221.28959271124222
2467,huggyllama/llama-7b,dummy-lora-7b-rank-8-4,1027,57,221.2960819898724
2468,huggyllama/llama-7b,dummy-lora-7b-rank-8-5,871,52,221.34410265173554
2469,huggyllama/llama-7b,dummy-lora-7b-rank-16-6,795,82,221.3791447563384
2470,huggyllama/llama-7b,dummy-lora-7b-rank-32-5,950,93,221.39082545787267
2471,huggyllama/llama-7b,dummy-lora-7b-rank-8-6,787,61,221.4193782838454
2472,huggyllama/llama-7b,dummy-lora-7b-rank-16-7,913,77,221.50373890603743
2473,huggyllama/llama-7b,dummy-lora-7b-rank-32-6,1438,71,221.53358958773615
2474,huggyllama/llama-7b,dummy-lora-7b-rank-8-7,1112,95,221.66986443896943
2475,huggyllama/llama-7b,dummy-lora-7b-rank-16-8,1094,57,221.69582155349005
2476,huggyllama/llama-7b,dummy-lora-7b-rank-8-8,3091,52,221.9346270070798
2477,huggyllama/llama-7b,dummy-lora-7b-rank-16-9,2489,215,221.97745624603883
2478,huggyllama/llama-7b,dummy-lora-7b-rank-8-9,952,404,222.0423490323404
2479,huggyllama/llama-7b,dummy-lora-7b-rank-32-7,3726,188,222.0501361666966
2480,huggyllama/llama-7b,dummy-lora-7b-rank-8-10,1504,132,222.11373109727214
2481,huggyllama/llama-7b,dummy-lora-7b-rank-8-11,803,52,222.12281608735432
2482,huggyllama/llama-7b,dummy-lora-7b-rank-16-10,761,59,222.13449678888864
2483,huggyllama/llama-7b,dummy-lora-7b-rank-8-12,880,57,222.17602817212165
2484,huggyllama/llama-7b,dummy-lora-7b-rank-16-11,1045,313,222.1825174507518
2485,huggyllama/llama-7b,dummy-lora-7b-rank-16-0,826,63,222.2032831423683
2486,huggyllama/llama-7b,dummy-lora-7b-rank-16-1,3216,307,222.24351666987525
2487,huggyllama/llama-7b,dummy-lora-7b-rank-8-13,1273,90,222.2876437645603
2488,huggyllama/llama-7b,dummy-lora-7b-rank-16-2,996,90,222.33696228214953
2489,huggyllama/llama-7b,dummy-lora-7b-rank-16-3,804,57,222.4031529241771
2490,huggyllama/llama-7b,dummy-lora-7b-rank-128-2,2856,22,222.45376929749233
2491,huggyllama/llama-7b,dummy-lora-7b-rank-16-4,2529,277,222.4784285562869
2492,huggyllama/llama-7b,dummy-lora-7b-rank-8-14,2381,70,222.53812991968437
2493,huggyllama/llama-7b,dummy-lora-7b-rank-64-1,3052,870,222.67440477091765
2494,huggyllama/llama-7b,dummy-lora-7b-rank-8-15,3167,297,222.97291158790483
2495,huggyllama/llama-7b,dummy-lora-7b-rank-128-0,2947,21,222.98718800089122
2496,huggyllama/llama-7b,dummy-lora-7b-rank-8-0,2891,52,222.9923794237953
2497,huggyllama/llama-7b,dummy-lora-7b-rank-8-1,1711,57,223.00276226960358
2498,huggyllama/llama-7b,dummy-lora-7b-rank-8-2,751,81,223.00925154823375
2499,huggyllama/llama-7b,dummy-lora-7b-rank-8-3,947,390,223.03001723985022
2500,huggyllama/llama-7b,dummy-lora-7b-rank-8-4,1970,90,223.16239852390544
2501,huggyllama/llama-7b,dummy-lora-7b-rank-128-1,2940,19,223.17667493689177
2502,huggyllama/llama-7b,dummy-lora-7b-rank-16-5,895,57,223.4232675248377
2503,huggyllama/llama-7b,dummy-lora-7b-rank-16-6,1276,57,223.44662892790626
2504,huggyllama/llama-7b,dummy-lora-7b-rank-8-5,1100,69,223.45830962944058
2505,huggyllama/llama-7b,dummy-lora-7b-rank-8-6,2002,90,223.45830962944058
2506,huggyllama/llama-7b,dummy-lora-7b-rank-64-2,2229,215,223.50243672412563
2507,huggyllama/llama-7b,dummy-lora-7b-rank-16-7,1622,74,223.63741371963286
2508,huggyllama/llama-7b,dummy-lora-7b-rank-16-8,1821,52,223.63741371963286
2509,huggyllama/llama-7b,dummy-lora-7b-rank-8-7,2079,283,223.67764724713984
2510,huggyllama/llama-7b,dummy-lora-7b-rank-16-9,3140,478,223.6880300929481
2511,huggyllama/llama-7b,dummy-lora-7b-rank-8-8,941,68,223.71139149601666
2512,huggyllama/llama-7b,dummy-lora-7b-rank-16-10,1402,57,223.89698486483914
2513,huggyllama/llama-7b,dummy-lora-7b-rank-8-9,971,57,223.90217628774326
2514,huggyllama/llama-7b,dummy-lora-7b-rank-32-8,1157,57,223.94240981525024
2515,huggyllama/llama-7b,dummy-lora-7b-rank-16-11,1643,57,224.0280682931683
2516,huggyllama/llama-7b,dummy-lora-7b-rank-16-0,2916,87,224.0864718008397
2517,huggyllama/llama-7b,dummy-lora-7b-rank-8-10,966,113,224.24740591086757
2518,huggyllama/llama-7b,dummy-lora-7b-rank-128-2,2858,21,224.50697705607385
2519,huggyllama/llama-7b,dummy-lora-7b-rank-8-11,2080,57,224.53163631486848
2520,huggyllama/llama-7b,dummy-lora-7b-rank-16-1,1632,133,224.53163631486848
2521,huggyllama/llama-7b,dummy-lora-7b-rank-8-12,1634,57,224.54461487212876
2522,huggyllama/llama-7b,dummy-lora-7b-rank-8-13,558,71,224.65752832029347
2523,huggyllama/llama-7b,dummy-lora-7b-rank-16-2,977,64,224.68867685771824
2524,huggyllama/llama-7b,dummy-lora-7b-rank-8-14,802,83,224.72631467377312
2525,huggyllama/llama-7b,dummy-lora-7b-rank-8-15,1622,127,224.72891038522522
2526,huggyllama/llama-7b,dummy-lora-7b-rank-8-0,627,57,224.77822890281442
2527,huggyllama/llama-7b,dummy-lora-7b-rank-16-3,728,90,224.7821224699925
2528,huggyllama/llama-7b,dummy-lora-7b-rank-8-1,615,97,224.9443544357464
2529,huggyllama/llama-7b,dummy-lora-7b-rank-8-2,3578,162,225.13124566029492
2530,huggyllama/llama-7b,dummy-lora-7b-rank-8-3,752,278,225.15460706336347
2531,huggyllama/llama-7b,dummy-lora-7b-rank-8-4,857,63,225.55304877125508
2532,huggyllama/llama-7b,dummy-lora-7b-rank-64-3,2818,432,225.60496300029635
2533,huggyllama/llama-7b,dummy-lora-7b-rank-8-5,1759,57,225.62572869191285
2534,huggyllama/llama-7b,dummy-lora-7b-rank-16-4,877,57,225.65817508506365
2535,huggyllama/llama-7b,dummy-lora-7b-rank-32-9,1268,357,225.70489789120077
2536,huggyllama/llama-7b,dummy-lora-7b-rank-16-5,3315,318,225.80353492637914
2537,huggyllama/llama-7b,dummy-lora-7b-rank-8-6,1591,115,225.95019262342066
2538,huggyllama/llama-7b,dummy-lora-7b-rank-64-4,2540,239,226.0021068524619
2539,huggyllama/llama-7b,dummy-lora-7b-rank-8-7,758,52,226.03844681279082
2540,huggyllama/llama-7b,dummy-lora-7b-rank-8-8,1465,90,226.1370838479692
2541,huggyllama/llama-7b,dummy-lora-7b-rank-16-6,786,52,226.15006240522948
2542,huggyllama/llama-7b,dummy-lora-7b-rank-8-9,1057,57,226.1617431067638
2543,huggyllama/llama-7b,dummy-lora-7b-rank-8-10,1055,367,226.17472166402408
2544,huggyllama/llama-7b,dummy-lora-7b-rank-16-7,771,57,226.20197663427072
2545,huggyllama/llama-7b,dummy-lora-7b-rank-8-11,678,81,226.3200815053396
2546,huggyllama/llama-7b,dummy-lora-7b-rank-16-8,1636,133,226.3694000229288
2547,huggyllama/llama-7b,dummy-lora-7b-rank-64-5,2822,391,226.4018464160796
2548,huggyllama/llama-7b,dummy-lora-7b-rank-16-9,1362,57,226.5472062573951
2549,huggyllama/llama-7b,dummy-lora-7b-rank-16-10,762,57,226.61599261087474
2550,huggyllama/llama-7b,dummy-lora-7b-rank-8-12,1199,90,226.64714114829948
2551,huggyllama/llama-7b,dummy-lora-7b-rank-8-13,1957,59,226.65622613838173
2552,huggyllama/llama-7b,dummy-lora-7b-rank-16-11,2207,57,226.6899703872585
2553,huggyllama/llama-7b,dummy-lora-7b-rank-8-14,1606,378,226.78082028808072
2554,huggyllama/llama-7b,dummy-lora-7b-rank-8-15,2935,81,226.7873095667109
2555,huggyllama/llama-7b,dummy-lora-7b-rank-16-0,1290,62,226.79250098961498
2556,huggyllama/llama-7b,dummy-lora-7b-rank-16-1,2961,106,226.8716701889029
2557,huggyllama/llama-7b,dummy-lora-7b-rank-128-0,2873,31,227.06764640353362
2558,huggyllama/llama-7b,dummy-lora-7b-rank-16-2,2214,129,227.14551774709548
2559,huggyllama/llama-7b,dummy-lora-7b-rank-128-1,2931,20,227.24934620517803
2560,huggyllama/llama-7b,dummy-lora-7b-rank-8-0,1364,57,227.42845029537034
2561,huggyllama/llama-7b,dummy-lora-7b-rank-8-1,967,90,227.5270873305487
2562,huggyllama/llama-7b,dummy-lora-7b-rank-16-3,1352,52,227.53357660917888
2563,huggyllama/llama-7b,dummy-lora-7b-rank-8-2,1271,69,227.59068226112427
2564,huggyllama/llama-7b,dummy-lora-7b-rank-16-4,2121,76,227.65427719169978
2565,huggyllama/llama-7b,dummy-lora-7b-rank-8-3,1417,107,227.82040272463178
2566,huggyllama/llama-7b,dummy-lora-7b-rank-16-5,1144,57,227.88918907811146
2567,huggyllama/llama-7b,dummy-lora-7b-rank-32-0,539,52,227.91774190408412
2568,huggyllama/llama-7b,dummy-lora-7b-rank-8-4,1536,110,227.96835827739937
2569,huggyllama/llama-7b,dummy-lora-7b-rank-128-2,2842,21,228.01248537208443
2570,huggyllama/llama-7b,dummy-lora-7b-rank-16-6,1090,81,228.0150810835365
2571,huggyllama/llama-7b,dummy-lora-7b-rank-8-5,1927,726,228.15914306912595
2572,huggyllama/llama-7b,dummy-lora-7b-rank-32-1,1128,716,228.24350369131798
2573,huggyllama/llama-7b,dummy-lora-7b-rank-16-7,2373,164,228.25778010430432
2574,huggyllama/llama-7b,dummy-lora-7b-rank-8-6,2453,182,228.32137503487988
2575,huggyllama/llama-7b,dummy-lora-7b-rank-16-8,798,57,228.78341167334702
2576,huggyllama/llama-7b,dummy-lora-7b-rank-8-7,618,57,228.94564363910092
2577,huggyllama/llama-7b,dummy-lora-7b-rank-8-8,711,57,228.95083506200507
2578,huggyllama/llama-7b,dummy-lora-7b-rank-64-6,2554,489,229.10398203767676
2579,huggyllama/llama-7b,dummy-lora-7b-rank-16-9,824,120,229.1390241422796
2580,huggyllama/llama-7b,dummy-lora-7b-rank-32-2,2850,57,229.25712901334845
2581,huggyllama/llama-7b,dummy-lora-7b-rank-8-9,1787,333,229.2584268690745
2582,huggyllama/llama-7b,dummy-lora-7b-rank-128-0,2865,21,229.3882124416776
2583,huggyllama/llama-7b,dummy-lora-7b-rank-8-10,845,52,229.48944518830805
2584,huggyllama/llama-7b,dummy-lora-7b-rank-8-11,547,69,229.5491465517055
2585,huggyllama/llama-7b,dummy-lora-7b-rank-8-12,3638,331,229.5828908005823
2586,huggyllama/llama-7b,dummy-lora-7b-rank-16-10,867,64,229.68801711439085
2587,huggyllama/llama-7b,dummy-lora-7b-rank-8-13,1231,354,229.7412291991581
2588,huggyllama/llama-7b,dummy-lora-7b-rank-64-7,3320,605,229.76978202513084
2589,huggyllama/llama-7b,dummy-lora-7b-rank-128-1,2861,25,229.99171535428218
2590,huggyllama/llama-7b,dummy-lora-7b-rank-16-11,865,124,230.13967090704975
2591,huggyllama/llama-7b,dummy-lora-7b-rank-32-3,628,200,230.3044985842557
2592,huggyllama/llama-7b,dummy-lora-7b-rank-16-0,992,173,230.44466700266707
2593,huggyllama/llama-7b,dummy-lora-7b-rank-32-4,612,52,230.4939855202563
2594,huggyllama/llama-7b,dummy-lora-7b-rank-128-2,3216,27,230.4939855202563
2595,huggyllama/llama-7b,dummy-lora-7b-rank-8-14,625,57,230.54070832639343
2596,huggyllama/llama-7b,dummy-lora-7b-rank-32-5,725,90,231.15589194053226
2597,huggyllama/llama-7b,dummy-lora-7b-rank-16-1,847,79,231.33499603072457
2598,huggyllama/llama-7b,dummy-lora-7b-rank-8-15,1322,52,231.4193566529166
2599,huggyllama/llama-7b,dummy-lora-7b-rank-16-2,2404,241,231.56861006141023
2600,huggyllama/llama-7b,dummy-lora-7b-rank-8-0,1009,69,231.6724385194927
2601,huggyllama/llama-7b,dummy-lora-7b-rank-8-1,770,57,231.767181987493
2602,huggyllama/llama-7b,dummy-lora-7b-rank-8-2,649,52,231.84375547532883
2603,huggyllama/llama-7b,dummy-lora-7b-rank-8-3,1650,57,231.85543617686315
2604,huggyllama/llama-7b,dummy-lora-7b-rank-8-4,676,57,231.9410946547812
2605,huggyllama/llama-7b,dummy-lora-7b-rank-16-3,466,57,231.94758393341135
2606,huggyllama/llama-7b,dummy-lora-7b-rank-8-5,1929,57,231.96964748075388
2607,huggyllama/llama-7b,dummy-lora-7b-rank-8-6,1601,67,232.0072852968088
2608,huggyllama/llama-7b,dummy-lora-7b-rank-8-7,1637,130,232.23830361604237
2609,huggyllama/llama-7b,dummy-lora-7b-rank-8-8,1264,61,232.29800497943978
2610,huggyllama/llama-7b,dummy-lora-7b-rank-8-9,1104,64,232.31617495960424
2611,huggyllama/llama-7b,dummy-lora-7b-rank-16-4,2644,850,232.34991920848108
2612,huggyllama/llama-7b,dummy-lora-7b-rank-128-0,2860,24,232.38755702453597
2613,huggyllama/llama-7b,dummy-lora-7b-rank-8-10,895,111,232.40832271615247
2614,huggyllama/llama-7b,dummy-lora-7b-rank-16-5,1005,57,232.46542836809786
2615,huggyllama/llama-7b,dummy-lora-7b-rank-8-11,916,57,232.48100263681022
2616,huggyllama/llama-7b,dummy-lora-7b-rank-16-6,1646,133,232.4887897711664
2617,huggyllama/llama-7b,dummy-lora-7b-rank-8-12,1121,70,232.50695975133084
2618,huggyllama/llama-7b,dummy-lora-7b-rank-16-7,796,57,232.52123616431717
2619,huggyllama/llama-7b,dummy-lora-7b-rank-16-8,1100,69,232.56406540327623
2620,huggyllama/llama-7b,dummy-lora-7b-rank-128-1,2869,23,232.58872466207083
2621,huggyllama/llama-7b,dummy-lora-7b-rank-8-13,1115,86,232.6665960056327
2622,huggyllama/llama-7b,dummy-lora-7b-rank-8-14,1411,52,232.84310438437296
2623,huggyllama/llama-7b,dummy-lora-7b-rank-16-9,3203,213,233.09099482804496
2624,huggyllama/llama-7b,dummy-lora-7b-rank-8-15,2354,216,233.09099482804496
2625,huggyllama/llama-7b,dummy-lora-7b-rank-32-6,1167,57,233.31033244574422
2626,huggyllama/llama-7b,dummy-lora-7b-rank-16-10,776,295,233.3726295205937
2627,huggyllama/llama-7b,dummy-lora-7b-rank-8-0,1218,57,233.3882037893061
2628,huggyllama/llama-7b,dummy-lora-7b-rank-32-7,2507,79,233.41935232673086
2629,huggyllama/llama-7b,dummy-lora-7b-rank-8-1,1332,70,233.47905369012827
2630,huggyllama/llama-7b,dummy-lora-7b-rank-16-11,621,52,233.68022132766313
2631,huggyllama/llama-7b,dummy-lora-7b-rank-16-0,739,57,233.72045485517012
2632,huggyllama/llama-7b,dummy-lora-7b-rank-8-2,1761,314,233.83077259188278
2633,huggyllama/llama-7b,dummy-lora-7b-rank-16-1,902,399,233.93330319423927
2634,huggyllama/llama-7b,dummy-lora-7b-rank-8-3,1152,144,233.9722388660202
2635,huggyllama/llama-7b,dummy-lora-7b-rank-16-2,2433,107,234.02155738360938
2636,huggyllama/llama-7b,dummy-lora-7b-rank-16-3,496,57,234.02804666223952
2637,huggyllama/llama-7b,dummy-lora-7b-rank-128-2,2931,21,234.12279013023982
2638,huggyllama/llama-7b,dummy-lora-7b-rank-8-4,903,79,234.24089500130867
2639,huggyllama/llama-7b,dummy-lora-7b-rank-8-5,1388,57,234.36289343955562
2640,huggyllama/llama-7b,dummy-lora-7b-rank-8-6,1526,316,234.4459562060216
2641,huggyllama/llama-7b,dummy-lora-7b-rank-8-7,1457,57,234.45504119610382
2642,huggyllama/llama-7b,dummy-lora-7b-rank-16-4,1846,129,234.52123183813146
2643,huggyllama/llama-7b,dummy-lora-7b-rank-16-5,1295,69,234.53680610684384
2644,huggyllama/llama-7b,dummy-lora-7b-rank-16-6,830,69,234.58872033588506
2645,huggyllama/llama-7b,dummy-lora-7b-rank-8-8,3979,52,234.61727316185775
2646,huggyllama/llama-7b,dummy-lora-7b-rank-16-7,1441,79,234.73148446574848
2647,huggyllama/llama-7b,dummy-lora-7b-rank-16-8,911,93,234.79637725205006
2648,huggyllama/llama-7b,dummy-lora-7b-rank-16-9,2633,368,235.01182130257126
2649,huggyllama/llama-7b,dummy-lora-7b-rank-128-0,2939,30,235.09488406903725
2650,huggyllama/llama-7b,dummy-lora-7b-rank-8-9,1682,57,235.09747978048932
2651,huggyllama/llama-7b,dummy-lora-7b-rank-8-10,1395,239,235.25192461188706
2652,huggyllama/llama-7b,dummy-lora-7b-rank-8-11,2659,251,235.26100960196928
2653,huggyllama/llama-7b,dummy-lora-7b-rank-32-8,736,80,235.4284329906273
2654,huggyllama/llama-7b,dummy-lora-7b-rank-8-12,2699,736,235.4284329906273
2655,huggyllama/llama-7b,dummy-lora-7b-rank-8-13,797,57,235.45179439369588
2656,huggyllama/llama-7b,dummy-lora-7b-rank-64-8,2427,228,235.5608142746825
2657,huggyllama/llama-7b,dummy-lora-7b-rank-16-10,1935,301,235.66464273276503
2658,huggyllama/llama-7b,dummy-lora-7b-rank-32-9,705,93,235.83466183287513
2659,huggyllama/llama-7b,dummy-lora-7b-rank-8-14,1037,62,235.8437468229573
2660,huggyllama/llama-7b,dummy-lora-7b-rank-16-11,1199,452,236.0734672864649
2661,huggyllama/llama-7b,dummy-lora-7b-rank-16-0,1116,83,236.14484935139657
2662,huggyllama/llama-7b,dummy-lora-7b-rank-16-1,825,69,236.1695086101912
2663,huggyllama/llama-7b,dummy-lora-7b-rank-8-15,1395,325,236.243486386575
2664,huggyllama/llama-7b,dummy-lora-7b-rank-16-2,763,57,236.31227274005465
2665,huggyllama/llama-7b,dummy-lora-7b-rank-32-0,818,277,236.33822985457525
2666,huggyllama/llama-7b,dummy-lora-7b-rank-16-3,966,112,236.64841737309675
2667,huggyllama/llama-7b,dummy-lora-7b-rank-16-4,864,57,236.67697019906944
2668,huggyllama/llama-7b,dummy-lora-7b-rank-16-5,1417,255,236.81843647320684
2669,huggyllama/llama-7b,dummy-lora-7b-rank-16-6,736,67,236.83011717474113
2670,huggyllama/llama-7b,dummy-lora-7b-rank-16-7,1839,68,236.83141503046718
2671,huggyllama/llama-7b,dummy-lora-7b-rank-64-0,2869,413,236.91707350838522
2672,huggyllama/llama-7b,dummy-lora-7b-rank-16-8,1139,126,236.97807272750873
2673,huggyllama/llama-7b,dummy-lora-7b-rank-8-0,985,79,236.989753429043
2674,huggyllama/llama-7b,dummy-lora-7b-rank-8-1,1148,144,237.15587896197502
2675,huggyllama/llama-7b,dummy-lora-7b-rank-16-9,2151,553,237.27398383304384
2676,huggyllama/llama-7b,dummy-lora-7b-rank-64-1,3069,286,237.50240644082535
2677,huggyllama/llama-7b,dummy-lora-7b-rank-8-2,1024,236,237.77495614329192
2678,huggyllama/llama-7b,dummy-lora-7b-rank-16-10,926,64,238.00337875107346
2679,huggyllama/llama-7b,dummy-lora-7b-rank-8-3,1311,293,238.09812221907373
2680,huggyllama/llama-7b,dummy-lora-7b-rank-16-11,510,59,238.2499713390194
2681,huggyllama/llama-7b,dummy-lora-7b-rank-8-4,593,79,238.39013975743077
2682,huggyllama/llama-7b,dummy-lora-7b-rank-16-0,1490,90,238.4628196780885
2683,huggyllama/llama-7b,dummy-lora-7b-rank-16-1,815,315,238.6107752308561
2684,huggyllama/llama-7b,dummy-lora-7b-rank-16-2,603,57,238.83400641573346
2685,huggyllama/llama-7b,dummy-lora-7b-rank-64-2,3098,557,238.94951557535023
2686,huggyllama/llama-7b,dummy-lora-7b-rank-16-3,1109,52,239.022195496008
2687,huggyllama/llama-7b,dummy-lora-7b-rank-8-5,621,87,239.05593974488485
2688,huggyllama/llama-7b,dummy-lora-7b-rank-32-1,619,57,239.3505529946939
2689,huggyllama/llama-7b,dummy-lora-7b-rank-32-2,526,74,239.5452313535986
2690,huggyllama/llama-7b,dummy-lora-7b-rank-8-6,1642,57,239.5906563040097
2691,huggyllama/llama-7b,dummy-lora-7b-rank-8-7,1025,57,239.66074051321542
2692,huggyllama/llama-7b,dummy-lora-7b-rank-16-4,958,154,239.6879954834621
2693,huggyllama/llama-7b,dummy-lora-7b-rank-32-3,1474,57,239.6892933391881
2694,huggyllama/llama-7b,dummy-lora-7b-rank-16-5,653,52,239.7178461651608
2695,huggyllama/llama-7b,dummy-lora-7b-rank-32-4,932,65,239.76976039420205
2696,huggyllama/llama-7b,dummy-lora-7b-rank-8-8,1571,57,239.80480249880492
2697,huggyllama/llama-7b,dummy-lora-7b-rank-16-6,1169,90,239.8138874888871
2698,huggyllama/llama-7b,dummy-lora-7b-rank-8-9,2143,90,239.81518534461313
2699,huggyllama/llama-7b,dummy-lora-7b-rank-8-10,572,70,239.88137598664076
2700,huggyllama/llama-7b,dummy-lora-7b-rank-16-7,823,57,239.90603524543536
2701,huggyllama/llama-7b,dummy-lora-7b-rank-128-1,2853,20,239.976119454641
2702,huggyllama/llama-7b,dummy-lora-7b-rank-16-8,1105,61,239.98520444472322
2703,huggyllama/llama-7b,dummy-lora-7b-rank-32-5,1461,82,240.057884365381
2704,huggyllama/llama-7b,dummy-lora-7b-rank-16-9,613,57,240.13964927612096
2705,huggyllama/llama-7b,dummy-lora-7b-rank-8-11,668,263,240.21362705250476
2706,huggyllama/llama-7b,dummy-lora-7b-rank-128-2,2932,22,240.23309488839521
2707,huggyllama/llama-7b,dummy-lora-7b-rank-8-12,690,57,240.23698845557334
2708,huggyllama/llama-7b,dummy-lora-7b-rank-8-13,1136,52,240.29668981897075
2709,huggyllama/llama-7b,dummy-lora-7b-rank-16-10,1238,62,240.3927311426971
2710,huggyllama/llama-7b,dummy-lora-7b-rank-8-14,1149,57,240.4926660336015
2711,huggyllama/llama-7b,dummy-lora-7b-rank-16-11,1068,57,240.54458026264274
2712,huggyllama/llama-7b,dummy-lora-7b-rank-16-0,700,57,240.5458781183688
2713,huggyllama/llama-7b,dummy-lora-7b-rank-8-15,1339,57,240.55366525272495
2714,huggyllama/llama-7b,dummy-lora-7b-rank-8-0,1574,230,240.63932373064304
2715,huggyllama/llama-7b,dummy-lora-7b-rank-16-1,378,52,240.76910930324615
2716,huggyllama/llama-7b,dummy-lora-7b-rank-16-2,1241,57,240.84308707962992
2717,huggyllama/llama-7b,dummy-lora-7b-rank-16-3,1108,94,240.8625549155204
2718,huggyllama/llama-7b,dummy-lora-7b-rank-16-4,675,57,240.90538415447944
2719,huggyllama/llama-7b,dummy-lora-7b-rank-16-5,298,76,240.9339369804521
2720,huggyllama/llama-7b,dummy-lora-7b-rank-16-6,1615,128,240.9404262590823
2721,huggyllama/llama-7b,dummy-lora-7b-rank-16-7,1282,76,240.96508551787687
2722,huggyllama/llama-7b,dummy-lora-7b-rank-8-1,2840,52,241.0234890255483
2723,huggyllama/llama-7b,dummy-lora-7b-rank-8-2,1738,90,241.1986995485625
2724,huggyllama/llama-7b,dummy-lora-7b-rank-16-8,1176,153,241.2558052005079
2725,huggyllama/llama-7b,dummy-lora-7b-rank-8-3,1152,126,241.42322858916592
2726,huggyllama/llama-7b,dummy-lora-7b-rank-16-9,930,57,241.4595685494948
2727,huggyllama/llama-7b,dummy-lora-7b-rank-8-4,1230,57,241.46865353957702
2728,huggyllama/llama-7b,dummy-lora-7b-rank-128-0,2871,27,241.508887067084
2729,huggyllama/llama-7b,dummy-lora-7b-rank-8-5,1085,111,241.52446133579636
2730,huggyllama/llama-7b,dummy-lora-7b-rank-16-10,1159,144,241.57118414193351
2731,huggyllama/llama-7b,dummy-lora-7b-rank-8-6,1665,107,241.6036305350843
2732,huggyllama/llama-7b,dummy-lora-7b-rank-8-7,3203,170,241.70226757026268
2733,huggyllama/llama-7b,dummy-lora-7b-rank-8-8,1126,265,241.77105392374233
2734,huggyllama/llama-7b,dummy-lora-7b-rank-16-11,738,64,241.84243598867405
2735,huggyllama/llama-7b,dummy-lora-7b-rank-8-9,1493,120,242.01505080023622
2736,huggyllama/llama-7b,dummy-lora-7b-rank-8-10,825,94,242.03711434757875
2737,huggyllama/llama-7b,dummy-lora-7b-rank-16-0,793,181,242.12536853694886
2738,huggyllama/llama-7b,dummy-lora-7b-rank-16-1,3859,194,242.12796424840093
2739,huggyllama/llama-7b,dummy-lora-7b-rank-16-2,2999,244,242.15521921864757
2740,huggyllama/llama-7b,dummy-lora-7b-rank-16-3,818,81,242.21362272631902
2741,huggyllama/llama-7b,dummy-lora-7b-rank-8-11,1485,456,242.3628761348126
2742,huggyllama/llama-7b,dummy-lora-7b-rank-16-4,1202,57,242.43166248829226
2743,huggyllama/llama-7b,dummy-lora-7b-rank-128-1,2854,21,242.48617242878558
2744,huggyllama/llama-7b,dummy-lora-7b-rank-16-5,1774,161,242.58351160823793
2745,huggyllama/llama-7b,dummy-lora-7b-rank-8-12,2778,273,242.7392542953617
2746,huggyllama/llama-7b,dummy-lora-7b-rank-64-3,3241,735,242.77948782286867
2747,huggyllama/llama-7b,dummy-lora-7b-rank-16-6,459,57,242.7820835343207
2748,huggyllama/llama-7b,dummy-lora-7b-rank-16-7,1331,868,242.79895565875913
2749,huggyllama/llama-7b,dummy-lora-7b-rank-8-13,2469,611,242.84827417634833
2750,huggyllama/llama-7b,dummy-lora-7b-rank-16-8,1154,90,242.96767690314317
2751,huggyllama/llama-7b,dummy-lora-7b-rank-8-14,880,57,242.96897475886922
2752,huggyllama/llama-7b,dummy-lora-7b-rank-16-9,2366,57,242.97027261459525
2753,huggyllama/llama-7b,dummy-lora-7b-rank-8-15,875,57,242.9884425947597
2754,huggyllama/llama-7b,dummy-lora-7b-rank-8-0,2433,61,242.99493187338987
2755,huggyllama/llama-7b,dummy-lora-7b-rank-8-1,2167,59,243.1948016551987
2756,huggyllama/llama-7b,dummy-lora-7b-rank-8-2,1191,81,243.2038866452809
2757,huggyllama/llama-7b,dummy-lora-7b-rank-16-10,426,39,243.23503518270564
2758,huggyllama/llama-7b,dummy-lora-7b-rank-8-3,1112,97,243.23892874988374
2759,huggyllama/llama-7b,dummy-lora-7b-rank-16-11,1198,363,243.2674815758564
2760,huggyllama/llama-7b,dummy-lora-7b-rank-16-0,1374,259,243.31420438199353
2761,huggyllama/llama-7b,dummy-lora-7b-rank-16-1,1109,120,243.3453529194183
2762,huggyllama/llama-7b,dummy-lora-7b-rank-16-2,519,57,243.40505428281577
2763,huggyllama/llama-7b,dummy-lora-7b-rank-8-4,958,57,243.4790320591995
2764,huggyllama/llama-7b,dummy-lora-7b-rank-8-5,868,52,243.51277630807635
2765,huggyllama/llama-7b,dummy-lora-7b-rank-8-6,2183,305,243.6153069104328
2766,huggyllama/llama-7b,dummy-lora-7b-rank-16-3,1150,119,243.62309404478899
2767,huggyllama/llama-7b,dummy-lora-7b-rank-16-4,1136,178,243.7022632440769
2768,huggyllama/llama-7b,dummy-lora-7b-rank-8-7,829,67,243.7593688960223
2769,huggyllama/llama-7b,dummy-lora-7b-rank-8-8,1308,57,243.99817434961204
2770,huggyllama/llama-7b,dummy-lora-7b-rank-16-5,1261,562,244.08642853898218
2771,huggyllama/llama-7b,dummy-lora-7b-rank-16-6,960,67,244.13185348939328
2772,huggyllama/llama-7b,dummy-lora-7b-rank-16-7,2271,83,244.20063984287296
2773,huggyllama/llama-7b,dummy-lora-7b-rank-8-9,1759,67,244.27461761925673
2774,huggyllama/llama-7b,dummy-lora-7b-rank-16-8,1209,91,244.37974393306524
2775,huggyllama/llama-7b,dummy-lora-7b-rank-16-9,1024,268,244.43165816210652
2776,huggyllama/llama-7b,dummy-lora-7b-rank-8-10,978,223,245.11173456254693
2777,huggyllama/llama-7b,dummy-lora-7b-rank-8-11,818,69,245.2194565878075
2778,huggyllama/llama-7b,dummy-lora-7b-rank-16-10,831,88,245.3310721802462
2779,huggyllama/llama-7b,dummy-lora-7b-rank-16-11,1691,641,245.33626360315034
2780,huggyllama/llama-7b,dummy-lora-7b-rank-128-2,2845,19,245.35183787186273
2781,huggyllama/llama-7b,dummy-lora-7b-rank-8-12,806,82,245.4829213001919
2782,huggyllama/llama-7b,dummy-lora-7b-rank-16-0,1196,57,245.55300550939756
2783,huggyllama/llama-7b,dummy-lora-7b-rank-32-6,1319,277,245.6256854300553
2784,huggyllama/llama-7b,dummy-lora-7b-rank-64-4,3570,509,245.71264176369942
2785,huggyllama/llama-7b,dummy-lora-7b-rank-8-13,1185,79,245.7152374751515
2786,huggyllama/llama-7b,dummy-lora-7b-rank-32-7,1126,61,245.73210959958988
2787,huggyllama/llama-7b,dummy-lora-7b-rank-128-0,2850,19,245.82295950041208
2788,huggyllama/llama-7b,dummy-lora-7b-rank-16-1,510,66,245.83074663476827
2789,huggyllama/llama-7b,dummy-lora-7b-rank-128-1,2858,25,246.0072550135085
2790,huggyllama/llama-7b,dummy-lora-7b-rank-8-14,992,57,246.09031777997453
2791,huggyllama/llama-7b,dummy-lora-7b-rank-8-15,560,57,246.33561251219442
2792,huggyllama/llama-7b,dummy-lora-7b-rank-16-2,1606,57,246.35637820381095
2793,huggyllama/llama-7b,dummy-lora-7b-rank-16-3,2321,57,246.3758460397014
2794,huggyllama/llama-7b,dummy-lora-7b-rank-16-4,2207,57,246.44463239318105
2795,huggyllama/llama-7b,dummy-lora-7b-rank-16-5,1064,212,246.53548229400323
2796,huggyllama/llama-7b,dummy-lora-7b-rank-8-0,692,57,246.56273726424993
2797,huggyllama/llama-7b,dummy-lora-7b-rank-16-6,1288,57,246.71718209564764
2798,huggyllama/llama-7b,dummy-lora-7b-rank-32-8,1442,57,246.73405422008605
2799,huggyllama/llama-7b,dummy-lora-7b-rank-8-1,1816,79,246.8028405735657
2800,huggyllama/llama-7b,dummy-lora-7b-rank-16-7,662,343,246.85215909115487
2801,huggyllama/llama-7b,dummy-lora-7b-rank-16-8,585,105,246.8897969072098
2802,huggyllama/llama-7b,dummy-lora-7b-rank-8-2,1016,273,246.93522185762092
2803,huggyllama/llama-7b,dummy-lora-7b-rank-32-9,532,90,246.93522185762092
2804,huggyllama/llama-7b,dummy-lora-7b-rank-32-0,2236,85,246.93911542479898
2805,huggyllama/llama-7b,dummy-lora-7b-rank-128-2,3022,22,246.9430089919771
2806,huggyllama/llama-7b,dummy-lora-7b-rank-8-3,2922,353,247.13768735088178
2807,huggyllama/llama-7b,dummy-lora-7b-rank-16-9,1696,447,247.3622163914852
2808,huggyllama/llama-7b,dummy-lora-7b-rank-32-1,419,52,247.39206707318394
2809,huggyllama/llama-7b,dummy-lora-7b-rank-8-4,432,57,247.40504563044425
2810,huggyllama/llama-7b,dummy-lora-7b-rank-16-10,1590,84,247.49329981981435
2811,huggyllama/llama-7b,dummy-lora-7b-rank-16-11,1196,189,247.53872477022549
2812,huggyllama/llama-7b,dummy-lora-7b-rank-16-0,820,52,247.58804328781466
2813,huggyllama/llama-7b,dummy-lora-7b-rank-16-1,789,67,247.67370176573272
2814,huggyllama/llama-7b,dummy-lora-7b-rank-16-2,1501,129,248.09290916524083
2815,huggyllama/llama-7b,dummy-lora-7b-rank-8-5,1283,259,248.2162054592138
2816,huggyllama/llama-7b,dummy-lora-7b-rank-16-3,2363,52,248.31743820584427
2817,huggyllama/llama-7b,dummy-lora-7b-rank-16-4,1207,102,248.37973528069375
2818,huggyllama/llama-7b,dummy-lora-7b-rank-16-5,2069,57,248.43424522118707
2819,huggyllama/llama-7b,dummy-lora-7b-rank-8-6,659,277,248.47318089296803
2820,huggyllama/llama-7b,dummy-lora-7b-rank-16-6,2170,81,248.51211656474896
2821,huggyllama/llama-7b,dummy-lora-7b-rank-8-7,1471,61,248.54326510217368
2822,huggyllama/llama-7b,dummy-lora-7b-rank-16-7,1217,57,248.58090291822862
2823,huggyllama/llama-7b,dummy-lora-7b-rank-16-8,1102,57,248.58609434113274
2824,huggyllama/llama-7b,dummy-lora-7b-rank-8-8,1555,57,248.59907289839302
2825,huggyllama/llama-7b,dummy-lora-7b-rank-16-9,778,57,248.62113644573554
2826,huggyllama/llama-7b,dummy-lora-7b-rank-8-9,1427,57,248.67824209768094
2827,huggyllama/llama-7b,dummy-lora-7b-rank-8-10,2307,60,248.68213566485906
2828,huggyllama/llama-7b,dummy-lora-7b-rank-8-11,1116,69,248.68732708776318
2829,huggyllama/llama-7b,dummy-lora-7b-rank-16-10,767,57,248.7522198740647
2830,huggyllama/llama-7b,dummy-lora-7b-rank-8-12,863,90,248.846963342065
2831,huggyllama/llama-7b,dummy-lora-7b-rank-8-13,558,57,249.1999800995455
2832,huggyllama/llama-7b,dummy-lora-7b-rank-16-11,1441,57,249.29472356754582
2833,huggyllama/llama-7b,dummy-lora-7b-rank-8-14,465,74,249.31808497061436
2834,huggyllama/llama-7b,dummy-lora-7b-rank-8-15,1429,79,249.45046625466958
2835,huggyllama/llama-7b,dummy-lora-7b-rank-8-0,785,67,249.508869762341
2836,huggyllama/llama-7b,dummy-lora-7b-rank-16-0,949,90,249.53482687686162
2837,huggyllama/llama-7b,dummy-lora-7b-rank-32-2,1328,57,249.60361323034127
2838,huggyllama/llama-7b,dummy-lora-7b-rank-8-1,1193,57,249.61140036469746
2839,huggyllama/llama-7b,dummy-lora-7b-rank-8-2,2779,305,249.62308106623175
2840,huggyllama/llama-7b,dummy-lora-7b-rank-32-3,1421,57,249.64384675784825
2841,huggyllama/llama-7b,dummy-lora-7b-rank-16-1,1559,61,249.66071888228666
2842,huggyllama/llama-7b,dummy-lora-7b-rank-16-2,1003,60,249.73469665867043
2843,huggyllama/llama-7b,dummy-lora-7b-rank-8-3,1071,57,249.75676020601296
2844,huggyllama/llama-7b,dummy-lora-7b-rank-8-4,1107,57,249.8242487037666
2845,huggyllama/llama-7b,dummy-lora-7b-rank-8-5,764,300,249.8372272610269
2846,huggyllama/llama-7b,dummy-lora-7b-rank-16-3,1117,65,249.8618865198215
2847,huggyllama/llama-7b,dummy-lora-7b-rank-16-4,591,52,249.964417122178
2848,huggyllama/llama-7b,dummy-lora-7b-rank-16-5,604,57,250.0124377840411
2849,huggyllama/llama-7b,dummy-lora-7b-rank-8-6,1118,126,250.03450133138364
2850,huggyllama/llama-7b,dummy-lora-7b-rank-16-6,762,66,250.09679840623315
2851,huggyllama/llama-7b,dummy-lora-7b-rank-16-7,1127,143,250.12015980930173
2852,huggyllama/llama-7b,dummy-lora-7b-rank-8-7,704,132,250.32781672546673
2853,huggyllama/llama-7b,dummy-lora-7b-rank-8-8,1210,57,250.59906857220727
2854,huggyllama/llama-7b,dummy-lora-7b-rank-16-8,1451,133,250.66915278141298
2855,huggyllama/llama-7b,dummy-lora-7b-rank-16-9,711,90,250.69381204020758
2856,huggyllama/llama-7b,dummy-lora-7b-rank-16-10,868,64,250.73144985626246
2857,huggyllama/llama-7b,dummy-lora-7b-rank-8-9,955,78,250.90146895637258
2858,huggyllama/llama-7b,dummy-lora-7b-rank-16-11,1138,126,251.05980735494842
2859,huggyllama/llama-7b,dummy-lora-7b-rank-16-0,995,66,251.1052323053595
2860,huggyllama/llama-7b,dummy-lora-7b-rank-16-1,849,79,251.16493366875693
2861,huggyllama/llama-7b,dummy-lora-7b-rank-8-10,2657,325,251.22333717642837
2862,huggyllama/llama-7b,dummy-lora-7b-rank-8-11,461,74,251.24150715659277
2863,huggyllama/llama-7b,dummy-lora-7b-rank-8-12,860,57,251.30639994289436
2864,huggyllama/llama-7b,dummy-lora-7b-rank-8-13,634,57,251.3258677787848
2865,huggyllama/llama-7b,dummy-lora-7b-rank-8-14,517,57,251.33625062459308
2866,huggyllama/llama-7b,dummy-lora-7b-rank-8-15,915,57,251.63475744158026
2867,huggyllama/llama-7b,dummy-lora-7b-rank-8-0,1018,256,251.68796952634753
2868,huggyllama/llama-7b,dummy-lora-7b-rank-8-1,1075,148,251.78790441725195
2869,huggyllama/llama-7b,dummy-lora-7b-rank-8-2,1010,57,251.91509427840302
2870,huggyllama/llama-7b,dummy-lora-7b-rank-16-2,1078,79,252.06045411971854
2871,huggyllama/llama-7b,dummy-lora-7b-rank-8-3,3026,150,252.12404905029408
2872,huggyllama/llama-7b,dummy-lora-7b-rank-64-5,2939,765,252.3407909565413
2873,huggyllama/llama-7b,dummy-lora-7b-rank-8-4,1711,446,252.37972662832223
2874,huggyllama/llama-7b,dummy-lora-7b-rank-32-4,1312,284,253.05071803868043
2875,huggyllama/llama-7b,dummy-lora-7b-rank-8-5,981,64,253.1415679395026
2876,huggyllama/llama-7b,dummy-lora-7b-rank-16-3,891,81,253.23501355177686
2877,huggyllama/llama-7b,dummy-lora-7b-rank-16-4,846,57,253.23760926322893
2878,huggyllama/llama-7b,dummy-lora-7b-rank-8-6,1613,304,253.34013986558543
2879,huggyllama/llama-7b,dummy-lora-7b-rank-16-5,1470,57,253.95662133545028
2880,huggyllama/llama-7b,dummy-lora-7b-rank-8-7,816,57,254.03319482328612
2881,huggyllama/llama-7b,dummy-lora-7b-rank-16-6,1269,82,254.13053400273847
2882,huggyllama/llama-7b,dummy-lora-7b-rank-16-7,775,64,254.15908682871117
2883,huggyllama/llama-7b,dummy-lora-7b-rank-16-8,795,86,254.4173601181914
2884,huggyllama/llama-7b,dummy-lora-7b-rank-16-9,2049,90,254.4511043670682
2885,huggyllama/llama-7b,dummy-lora-7b-rank-8-8,1004,57,254.46408292432852
2886,huggyllama/llama-7b,dummy-lora-7b-rank-8-9,449,57,254.64059130306876
2887,huggyllama/llama-7b,dummy-lora-7b-rank-8-10,1069,88,254.68861196493194
2888,huggyllama/llama-7b,dummy-lora-7b-rank-16-10,1202,90,254.73922833824713
2889,huggyllama/llama-7b,dummy-lora-7b-rank-16-11,655,287,254.9494809658642
2890,huggyllama/llama-7b,dummy-lora-7b-rank-8-11,894,52,254.9741402246588
2891,huggyllama/llama-7b,dummy-lora-7b-rank-8-12,854,69,255.02865016515213
2892,huggyllama/llama-7b,dummy-lora-7b-rank-8-13,3521,57,255.31547628060505
2893,huggyllama/llama-7b,dummy-lora-7b-rank-16-0,719,186,255.32196555923522
2894,huggyllama/llama-7b,dummy-lora-7b-rank-8-14,1705,57,255.35311409665997
2895,huggyllama/llama-7b,dummy-lora-7b-rank-128-0,2998,21,255.37258193255042
2896,huggyllama/llama-7b,dummy-lora-7b-rank-8-15,1204,57,255.43877257457802
2897,huggyllama/llama-7b,dummy-lora-7b-rank-8-0,1210,57,255.45175113183834
2898,huggyllama/llama-7b,dummy-lora-7b-rank-32-5,934,93,255.45953826619453
2899,huggyllama/llama-7b,dummy-lora-7b-rank-32-6,1199,52,255.477708246359
2900,huggyllama/llama-7b,dummy-lora-7b-rank-32-7,941,57,255.49328251507134
2901,huggyllama/llama-7b,dummy-lora-7b-rank-8-1,2566,73,255.58672812734562
2902,huggyllama/llama-7b,dummy-lora-7b-rank-8-2,913,69,255.7775129190722
2903,huggyllama/llama-7b,dummy-lora-7b-rank-8-3,1105,252,256.0150205169359
2904,huggyllama/llama-7b,dummy-lora-7b-rank-16-1,905,93,256.0825090146896
2905,huggyllama/llama-7b,dummy-lora-7b-rank-8-4,3485,181,256.10197685058006
2906,huggyllama/llama-7b,dummy-lora-7b-rank-8-5,641,150,256.1668696368816
2907,huggyllama/llama-7b,dummy-lora-7b-rank-8-6,1016,90,256.2278688560051
2908,huggyllama/llama-7b,dummy-lora-7b-rank-128-1,3080,21,256.27848522932027
2909,huggyllama/llama-7b,dummy-lora-7b-rank-32-8,1433,273,256.4381214836222
2910,huggyllama/llama-7b,dummy-lora-7b-rank-16-2,710,57,256.4523978966085
2911,huggyllama/llama-7b,dummy-lora-7b-rank-16-3,1935,63,256.4692700210469
2912,huggyllama/llama-7b,dummy-lora-7b-rank-16-4,2028,57,256.5095035485539
2913,huggyllama/llama-7b,dummy-lora-7b-rank-8-7,2598,102,256.62760841962273
2914,huggyllama/llama-7b,dummy-lora-7b-rank-16-5,940,57,256.64577839978716
2915,huggyllama/llama-7b,dummy-lora-7b-rank-16-6,2015,96,256.65096982269125
2916,huggyllama/llama-7b,dummy-lora-7b-rank-8-8,745,69,256.6782247929379
2917,huggyllama/llama-7b,dummy-lora-7b-rank-8-9,849,69,256.7145647532668
2918,huggyllama/llama-7b,dummy-lora-7b-rank-32-9,1043,224,256.74052186778744
2919,huggyllama/llama-7b,dummy-lora-7b-rank-16-7,929,82,256.79373395255476
2920,huggyllama/llama-7b,dummy-lora-7b-rank-8-10,685,57,257.04941153058286
2921,huggyllama/llama-7b,dummy-lora-7b-rank-16-8,1846,57,257.4309811140361
2922,huggyllama/llama-7b,dummy-lora-7b-rank-8-11,820,57,257.65291444318746
2923,huggyllama/llama-7b,dummy-lora-7b-rank-16-9,1241,81,257.74116863255756
2924,huggyllama/llama-7b,dummy-lora-7b-rank-8-12,1362,71,257.7839978715166
2925,huggyllama/llama-7b,dummy-lora-7b-rank-8-13,770,57,257.97608051896924
2926,huggyllama/llama-7b,dummy-lora-7b-rank-8-14,2418,57,257.97737837469526
2927,huggyllama/llama-7b,dummy-lora-7b-rank-16-10,1010,64,257.9916547876816
2928,huggyllama/llama-7b,dummy-lora-7b-rank-8-15,983,57,258.0461647281749
2929,huggyllama/llama-7b,dummy-lora-7b-rank-8-0,1472,57,258.0526540068051
2930,huggyllama/llama-7b,dummy-lora-7b-rank-8-1,1385,59,258.05784542970923
2931,huggyllama/llama-7b,dummy-lora-7b-rank-8-2,1287,57,258.0708239869695
2932,huggyllama/llama-7b,dummy-lora-7b-rank-8-3,779,64,258.1201425045587
2933,huggyllama/llama-7b,dummy-lora-7b-rank-8-4,716,71,258.1603760320657
2934,huggyllama/llama-7b,dummy-lora-7b-rank-8-5,1058,70,258.1837374351343
2935,huggyllama/llama-7b,dummy-lora-7b-rank-16-11,2756,90,258.2797787588606
2936,huggyllama/llama-7b,dummy-lora-7b-rank-8-6,513,61,258.2836723260387
2937,huggyllama/llama-7b,dummy-lora-7b-rank-8-7,2627,161,258.2888637489428
2938,huggyllama/llama-7b,dummy-lora-7b-rank-8-8,878,88,258.3239058535456
2939,huggyllama/llama-7b,dummy-lora-7b-rank-128-2,2947,25,258.3939900627513
2940,huggyllama/llama-7b,dummy-lora-7b-rank-8-9,1058,115,258.4536914261488
2941,huggyllama/llama-7b,dummy-lora-7b-rank-8-10,1179,86,258.58737056593
2942,huggyllama/llama-7b,dummy-lora-7b-rank-16-0,822,61,258.61981695908077
2943,huggyllama/llama-7b,dummy-lora-7b-rank-16-1,915,57,258.65745477513565
2944,huggyllama/llama-7b,dummy-lora-7b-rank-8-11,2641,82,258.6782204667522
2945,huggyllama/llama-7b,dummy-lora-7b-rank-8-12,743,57,258.76517680039626
2946,huggyllama/llama-7b,dummy-lora-7b-rank-8-13,897,115,258.78204892483467
2947,huggyllama/llama-7b,dummy-lora-7b-rank-8-14,3090,245,258.795027482095
2948,huggyllama/llama-7b,dummy-lora-7b-rank-16-2,1466,52,258.8443459996842
2949,huggyllama/llama-7b,dummy-lora-7b-rank-8-15,1577,165,258.9066430745337
2950,huggyllama/llama-7b,dummy-lora-7b-rank-8-0,650,79,258.9741315722873
2951,huggyllama/llama-7b,dummy-lora-7b-rank-16-3,842,57,259.00138654253396
2952,huggyllama/llama-7b,dummy-lora-7b-rank-8-1,2796,189,259.0649814731095
2953,huggyllama/llama-7b,dummy-lora-7b-rank-16-4,1379,57,259.11300213497265
2954,huggyllama/llama-7b,dummy-lora-7b-rank-8-2,1277,57,259.12857640368503
2955,huggyllama/llama-7b,dummy-lora-7b-rank-16-5,1416,59,259.1610227968358
2956,huggyllama/llama-7b,dummy-lora-7b-rank-8-3,945,57,259.17789492127423
2957,huggyllama/llama-7b,dummy-lora-7b-rank-8-4,3113,79,259.26744696637036
2958,huggyllama/llama-7b,dummy-lora-7b-rank-8-5,2302,58,259.33493546412404
2959,huggyllama/llama-7b,dummy-lora-7b-rank-32-0,934,93,259.38165827026114
2960,huggyllama/llama-7b,dummy-lora-7b-rank-8-6,927,57,259.4789974497135
2961,huggyllama/llama-7b,dummy-lora-7b-rank-8-7,1584,165,259.6074851665906
2962,huggyllama/llama-7b,dummy-lora-7b-rank-16-6,2460,141,259.6775693757963
2963,huggyllama/llama-7b,dummy-lora-7b-rank-16-7,1017,242,259.72299432620736
2964,huggyllama/llama-7b,dummy-lora-7b-rank-8-8,1789,124,259.72429218193344
2965,huggyllama/llama-7b,dummy-lora-7b-rank-16-8,1048,57,259.73078146056355
2966,huggyllama/llama-7b,dummy-lora-7b-rank-16-9,455,57,259.7788021224267
2967,huggyllama/llama-7b,dummy-lora-7b-rank-8-9,2375,207,259.8346099186461
2968,huggyllama/llama-7b,dummy-lora-7b-rank-8-10,542,106,259.95790621261904
2969,huggyllama/llama-7b,dummy-lora-7b-rank-16-10,555,90,259.9708847698794
2970,huggyllama/llama-7b,dummy-lora-7b-rank-8-11,3503,366,260.24473232807196
2971,huggyllama/llama-7b,dummy-lora-7b-rank-16-11,1060,57,260.49651633892205
2972,huggyllama/llama-7b,dummy-lora-7b-rank-8-12,1682,57,260.51209060763443
2973,huggyllama/llama-7b,dummy-lora-7b-rank-16-0,1029,250,260.55881341377153
2974,huggyllama/llama-7b,dummy-lora-7b-rank-128-0,3426,31,260.6159190657169
2975,huggyllama/llama-7b,dummy-lora-7b-rank-8-13,549,90,260.8092995688956
2976,huggyllama/llama-7b,dummy-lora-7b-rank-8-14,983,359,260.91572373843013
2977,huggyllama/llama-7b,dummy-lora-7b-rank-8-15,694,63,260.9403829972248
2978,huggyllama/llama-7b,dummy-lora-7b-rank-64-6,2902,392,261.2285069684037
2979,huggyllama/llama-7b,dummy-lora-7b-rank-8-0,1414,57,261.44654673037695
2980,huggyllama/llama-7b,dummy-lora-7b-rank-8-1,1251,891,261.489375969336
2981,huggyllama/llama-7b,dummy-lora-7b-rank-32-1,1102,95,261.49067382506206
2982,huggyllama/llama-7b,dummy-lora-7b-rank-8-2,1398,57,261.52831164111694
2983,huggyllama/llama-7b,dummy-lora-7b-rank-8-3,1344,57,261.5828215816103
2984,huggyllama/llama-7b,dummy-lora-7b-rank-16-1,1856,68,261.7437556916381
2985,huggyllama/llama-7b,dummy-lora-7b-rank-16-2,926,90,261.79566992067936
2986,huggyllama/llama-7b,dummy-lora-7b-rank-16-3,1753,57,261.94102976199486
2987,huggyllama/llama-7b,dummy-lora-7b-rank-16-4,689,52,261.95919974215934
2988,huggyllama/llama-7b,dummy-lora-7b-rank-16-5,756,57,262.0111139712006
2989,huggyllama/llama-7b,dummy-lora-7b-rank-8-4,1786,59,262.0176032498307
2990,huggyllama/llama-7b,dummy-lora-7b-rank-8-5,3606,345,262.1201338521872
2991,huggyllama/llama-7b,dummy-lora-7b-rank-16-6,3078,128,262.2057923301053
2992,huggyllama/llama-7b,dummy-lora-7b-rank-8-6,1935,732,262.22915373317386
2993,huggyllama/llama-7b,dummy-lora-7b-rank-16-7,1668,134,262.2732808278589
2994,huggyllama/llama-7b,dummy-lora-7b-rank-8-7,796,57,262.42123638062645
2995,huggyllama/llama-7b,dummy-lora-7b-rank-16-8,815,505,262.72753033196983
2996,huggyllama/llama-7b,dummy-lora-7b-rank-8-8,1165,399,262.7846359839152
2997,huggyllama/llama-7b,dummy-lora-7b-rank-16-9,2678,52,263.271331881177
2998,huggyllama/llama-7b,dummy-lora-7b-rank-16-10,2691,57,263.29988470714966
2999,huggyllama/llama-7b,dummy-lora-7b-rank-8-9,821,57,263.3336289560265
3000,huggyllama/llama-7b,dummy-lora-7b-rank-8-10,626,57,263.39462817514993
3001,huggyllama/llama-7b,dummy-lora-7b-rank-8-11,856,57,263.5555622851778
3002,huggyllama/llama-7b,dummy-lora-7b-rank-128-1,3017,43,263.6632843104384
3003,huggyllama/llama-7b,dummy-lora-7b-rank-8-12,862,57,263.70741140512354
3004,huggyllama/llama-7b,dummy-lora-7b-rank-8-13,762,52,263.7333685196441
3005,huggyllama/llama-7b,dummy-lora-7b-rank-8-14,1449,61,263.769708479973
3006,huggyllama/llama-7b,dummy-lora-7b-rank-16-11,1543,67,263.80994200747995
3007,huggyllama/llama-7b,dummy-lora-7b-rank-8-15,763,64,263.84498411208284
3008,huggyllama/llama-7b,dummy-lora-7b-rank-8-0,1626,79,263.8891112067679
3009,huggyllama/llama-7b,dummy-lora-7b-rank-8-1,2585,83,263.94102543580914
3010,huggyllama/llama-7b,dummy-lora-7b-rank-8-2,1067,52,264.06561958550816
3011,huggyllama/llama-7b,dummy-lora-7b-rank-8-3,1078,57,264.101959545837
3012,huggyllama/llama-7b,dummy-lora-7b-rank-16-0,621,87,264.2005965810154
3013,huggyllama/llama-7b,dummy-lora-7b-rank-64-7,2316,139,264.2628936558649
3014,huggyllama/llama-7b,dummy-lora-7b-rank-16-1,1088,52,264.2719786459471
3015,huggyllama/llama-7b,dummy-lora-7b-rank-16-2,750,174,264.33946714370074
3016,huggyllama/llama-7b,dummy-lora-7b-rank-8-4,1027,69,264.3407649994268
3017,huggyllama/llama-7b,dummy-lora-7b-rank-8-5,1016,67,264.3407649994268
3018,huggyllama/llama-7b,dummy-lora-7b-rank-8-6,831,57,264.3952749399201
3019,huggyllama/llama-7b,dummy-lora-7b-rank-8-7,1093,52,264.4173384872626
3020,huggyllama/llama-7b,dummy-lora-7b-rank-8-8,882,57,264.4186363429887
3021,huggyllama/llama-7b,dummy-lora-7b-rank-16-3,3070,80,264.4251256216188
3022,huggyllama/llama-7b,dummy-lora-7b-rank-32-2,963,57,264.4497848804134
3023,huggyllama/llama-7b,dummy-lora-7b-rank-8-9,723,57,264.4861248407423
3024,huggyllama/llama-7b,dummy-lora-7b-rank-8-10,630,60,264.5055926766328
3025,huggyllama/llama-7b,dummy-lora-7b-rank-16-4,1333,59,264.5536133384959
3026,huggyllama/llama-7b,dummy-lora-7b-rank-8-11,681,425,264.60033614463305
3027,huggyllama/llama-7b,dummy-lora-7b-rank-16-5,2471,91,264.682101055373
3028,huggyllama/llama-7b,dummy-lora-7b-rank-16-6,1086,363,264.72882386151014
3029,huggyllama/llama-7b,dummy-lora-7b-rank-8-12,747,69,264.76127025466093
3030,huggyllama/llama-7b,dummy-lora-7b-rank-8-13,826,57,264.8573115783872
3031,huggyllama/llama-7b,dummy-lora-7b-rank-8-14,933,355,264.8625030012914
3032,huggyllama/llama-7b,dummy-lora-7b-rank-8-15,1206,90,264.95075719066153
3033,huggyllama/llama-7b,dummy-lora-7b-rank-8-0,600,52,264.9520550463875
3034,huggyllama/llama-7b,dummy-lora-7b-rank-8-1,1134,57,264.98190572808625
3035,huggyllama/llama-7b,dummy-lora-7b-rank-8-2,803,57,265.21941332595
3036,huggyllama/llama-7b,dummy-lora-7b-rank-8-3,1789,313,265.21941332595
3037,huggyllama/llama-7b,dummy-lora-7b-rank-8-4,710,61,265.2466682961966
3038,huggyllama/llama-7b,dummy-lora-7b-rank-16-7,791,79,265.25964685345696
3039,huggyllama/llama-7b,dummy-lora-7b-rank-16-8,1996,59,265.3621774558134
3040,huggyllama/llama-7b,dummy-lora-7b-rank-8-5,3484,73,265.4491337894575
3041,huggyllama/llama-7b,dummy-lora-7b-rank-16-9,832,88,265.4621123467178
3042,huggyllama/llama-7b,dummy-lora-7b-rank-16-10,1286,118,265.4737930482521
3043,huggyllama/llama-7b,dummy-lora-7b-rank-8-6,1642,131,265.56204723762227
3044,huggyllama/llama-7b,dummy-lora-7b-rank-8-7,815,57,265.7891719896777
3045,huggyllama/llama-7b,dummy-lora-7b-rank-16-11,604,96,265.85146906452724
3046,huggyllama/llama-7b,dummy-lora-7b-rank-8-8,3166,152,265.95659537833575
3047,huggyllama/llama-7b,dummy-lora-7b-rank-8-9,1200,118,265.9942331943907
3048,huggyllama/llama-7b,dummy-lora-7b-rank-8-10,918,90,266.07080668222653
3049,huggyllama/llama-7b,dummy-lora-7b-rank-8-11,1831,888,266.1097423540075
3050,huggyllama/llama-7b,dummy-lora-7b-rank-8-12,2803,304,266.42771700688513
3051,huggyllama/llama-7b,dummy-lora-7b-rank-16-0,1018,234,266.4355041412413
3052,huggyllama/llama-7b,dummy-lora-7b-rank-16-1,1092,90,266.51986476343336
3053,huggyllama/llama-7b,dummy-lora-7b-rank-16-2,727,57,266.57437470392665
3054,huggyllama/llama-7b,dummy-lora-7b-rank-16-3,2563,231,266.5977361069952
3055,huggyllama/llama-7b,dummy-lora-7b-rank-16-4,1523,90,266.81058444606435
3056,huggyllama/llama-7b,dummy-lora-7b-rank-8-13,1306,82,266.90922148124275
3057,huggyllama/llama-7b,dummy-lora-7b-rank-32-3,1673,262,266.92220003850304
3058,huggyllama/llama-7b,dummy-lora-7b-rank-8-14,1423,57,266.97151855609224
3059,huggyllama/llama-7b,dummy-lora-7b-rank-16-5,619,799,267.12077196458586
3060,huggyllama/llama-7b,dummy-lora-7b-rank-16-6,1953,701,267.2479618257369
3061,huggyllama/llama-7b,dummy-lora-7b-rank-8-15,787,181,267.34919457236737
3062,huggyllama/llama-7b,dummy-lora-7b-rank-128-2,2842,8,267.35698170672356
3063,huggyllama/llama-7b,dummy-lora-7b-rank-8-0,1667,324,267.40630022431276
3064,huggyllama/llama-7b,dummy-lora-7b-rank-8-1,1054,61,267.53219222973775
3065,huggyllama/llama-7b,dummy-lora-7b-rank-8-2,1950,617,267.5451707869981
3066,huggyllama/llama-7b,dummy-lora-7b-rank-8-3,837,408,267.6905306283136
3067,huggyllama/llama-7b,dummy-lora-7b-rank-8-4,2006,52,267.9903353010268
3068,huggyllama/llama-7b,dummy-lora-7b-rank-8-5,1938,57,268.0149945598214
3069,huggyllama/llama-7b,dummy-lora-7b-rank-8-6,1709,74,268.122716585082
3070,huggyllama/llama-7b,dummy-lora-7b-rank-8-7,1130,183,268.1486736996026
3071,huggyllama/llama-7b,dummy-lora-7b-rank-8-8,1013,79,268.15905654541086
3072,huggyllama/llama-7b,dummy-lora-7b-rank-16-7,1146,144,268.15905654541086
3073,huggyllama/llama-7b,dummy-lora-7b-rank-8-9,1309,67,268.21097077445216
3074,huggyllama/llama-7b,dummy-lora-7b-rank-8-10,931,57,268.3186927997128
3075,huggyllama/llama-7b,dummy-lora-7b-rank-16-8,870,57,268.38877700891845
3076,huggyllama/llama-7b,dummy-lora-7b-rank-8-11,670,61,268.6275824625082
3077,huggyllama/llama-7b,dummy-lora-7b-rank-8-12,734,81,268.63147602968627
3078,huggyllama/llama-7b,dummy-lora-7b-rank-8-13,715,86,268.9131107222351
3079,huggyllama/llama-7b,dummy-lora-7b-rank-64-8,3234,689,268.98059921998873
3080,huggyllama/llama-7b,dummy-lora-7b-rank-8-14,2088,57,269.2181068178524
3081,huggyllama/llama-7b,dummy-lora-7b-rank-8-15,928,57,269.23108537511274
3082,huggyllama/llama-7b,dummy-lora-7b-rank-16-9,1484,52,269.24017036519496
3083,huggyllama/llama-7b,dummy-lora-7b-rank-16-10,934,57,269.2583403453594
3084,huggyllama/llama-7b,dummy-lora-7b-rank-8-0,2422,57,269.28170174842796
3085,huggyllama/llama-7b,dummy-lora-7b-rank-8-1,1202,427,269.3037652957705
3086,huggyllama/llama-7b,dummy-lora-7b-rank-8-2,1420,231,269.3089567186746
3087,huggyllama/llama-7b,dummy-lora-7b-rank-8-3,1496,57,269.3712537935241
3088,huggyllama/llama-7b,dummy-lora-7b-rank-8-4,1404,89,269.47638010733266
3089,huggyllama/llama-7b,dummy-lora-7b-rank-32-4,1821,57,269.48286938596283
3090,huggyllama/llama-7b,dummy-lora-7b-rank-8-5,1325,725,269.4867629531409
3091,huggyllama/llama-7b,dummy-lora-7b-rank-32-5,1208,82,269.52440076919584
3092,huggyllama/llama-7b,dummy-lora-7b-rank-16-11,2166,57,269.55684716234657
3093,huggyllama/llama-7b,dummy-lora-7b-rank-8-6,989,57,269.6256335158263
3094,huggyllama/llama-7b,dummy-lora-7b-rank-32-6,2393,298,269.75412123270337
3095,huggyllama/llama-7b,dummy-lora-7b-rank-16-0,1862,680,269.94490602442994
3096,huggyllama/llama-7b,dummy-lora-7b-rank-64-0,2232,129,270.1395843833347
3097,huggyllama/llama-7b,dummy-lora-7b-rank-16-1,860,57,270.1395843833347
3098,huggyllama/llama-7b,dummy-lora-7b-rank-8-7,1188,65,270.1876050451978
3099,huggyllama/llama-7b,dummy-lora-7b-rank-128-0,2883,22,270.45755903621233
3100,huggyllama/llama-7b,dummy-lora-7b-rank-8-8,1638,503,270.49130328508915
3101,huggyllama/llama-7b,dummy-lora-7b-rank-16-2,1749,57,270.526345389692
3102,huggyllama/llama-7b,dummy-lora-7b-rank-8-9,899,57,270.5964295988977
3103,huggyllama/llama-7b,dummy-lora-7b-rank-16-3,1940,551,270.67040737528146
3104,huggyllama/llama-7b,dummy-lora-7b-rank-16-4,1110,218,270.7664486990078
3105,huggyllama/llama-7b,dummy-lora-7b-rank-8-10,950,57,270.7820229677202
3106,huggyllama/llama-7b,dummy-lora-7b-rank-8-11,926,57,270.98838202815915
3107,huggyllama/llama-7b,dummy-lora-7b-rank-8-12,870,57,271.02731769994006
3108,huggyllama/llama-7b,dummy-lora-7b-rank-8-13,833,67,271.066253371721
3109,huggyllama/llama-7b,dummy-lora-7b-rank-8-14,1849,119,271.1194654564883
3110,huggyllama/llama-7b,dummy-lora-7b-rank-8-15,1954,76,271.15320970536516
3111,huggyllama/llama-7b,dummy-lora-7b-rank-8-0,910,402,271.33620736273554
3112,huggyllama/llama-7b,dummy-lora-7b-rank-8-1,2288,426,271.3738451787904
3113,huggyllama/llama-7b,dummy-lora-7b-rank-16-5,834,52,271.63082061254465
3114,huggyllama/llama-7b,dummy-lora-7b-rank-8-2,846,57,271.66326700569545
3115,huggyllama/llama-7b,dummy-lora-7b-rank-16-6,938,52,271.7125855232846
3116,huggyllama/llama-7b,dummy-lora-7b-rank-8-3,1106,437,271.80862684701094
3117,huggyllama/llama-7b,dummy-lora-7b-rank-8-4,1407,325,271.8787110562166
3118,huggyllama/llama-7b,dummy-lora-7b-rank-16-7,2227,191,271.9812416585731
3119,huggyllama/llama-7b,dummy-lora-7b-rank-128-1,2874,23,272.1227079327105
3120,huggyllama/llama-7b,dummy-lora-7b-rank-8-5,3382,57,272.1876007190121
3121,huggyllama/llama-7b,dummy-lora-7b-rank-16-8,1512,415,272.3654069534784
3122,huggyllama/llama-7b,dummy-lora-7b-rank-8-6,1142,144,272.39136406799895
3123,huggyllama/llama-7b,dummy-lora-7b-rank-8-7,1260,67,272.4783204016431
3124,huggyllama/llama-7b,dummy-lora-7b-rank-16-9,1318,74,272.5107667947939
3125,huggyllama/llama-7b,dummy-lora-7b-rank-16-10,1111,69,272.56527673528717
3126,huggyllama/llama-7b,dummy-lora-7b-rank-16-11,849,91,273.07014261271337
3127,huggyllama/llama-7b,dummy-lora-7b-rank-16-0,1499,52,273.20382175249455
3128,huggyllama/llama-7b,dummy-lora-7b-rank-8-8,1017,90,273.55683850997514
3129,huggyllama/llama-7b,dummy-lora-7b-rank-8-9,3689,79,273.5763063458656
3130,huggyllama/llama-7b,dummy-lora-7b-rank-8-10,596,52,273.6152420176465
3131,huggyllama/llama-7b,dummy-lora-7b-rank-16-1,773,237,273.7761761276744
3132,huggyllama/llama-7b,dummy-lora-7b-rank-16-2,943,192,273.78655897348267
3133,huggyllama/llama-7b,dummy-lora-7b-rank-16-3,2291,125,273.8177075109074
3134,huggyllama/llama-7b,dummy-lora-7b-rank-8-11,516,86,274.05261939731906
3135,huggyllama/llama-7b,dummy-lora-7b-rank-8-12,930,57,274.3744876173748
3136,huggyllama/llama-7b,dummy-lora-7b-rank-8-13,1573,267,274.4861032098135
3137,huggyllama/llama-7b,dummy-lora-7b-rank-16-4,1034,105,274.57825096636174
3138,huggyllama/llama-7b,dummy-lora-7b-rank-8-14,1033,209,274.61459092669065
3139,huggyllama/llama-7b,dummy-lora-7b-rank-128-2,3092,18,274.62886733967696
3140,huggyllama/llama-7b,dummy-lora-7b-rank-16-5,3100,57,274.6820794244442
3141,huggyllama/llama-7b,dummy-lora-7b-rank-16-6,882,82,274.7301000863074
3142,huggyllama/llama-7b,dummy-lora-7b-rank-32-7,846,76,274.8845449177051
3143,huggyllama/llama-7b,dummy-lora-7b-rank-16-7,890,88,274.9001191864175
3144,huggyllama/llama-7b,dummy-lora-7b-rank-8-15,1603,57,275.08441469951396
3145,huggyllama/llama-7b,dummy-lora-7b-rank-16-8,774,57,275.0986911125003
3146,huggyllama/llama-7b,dummy-lora-7b-rank-8-0,810,57,275.1622860430758
3147,huggyllama/llama-7b,dummy-lora-7b-rank-16-9,2570,897,275.2661145011583
3148,huggyllama/llama-7b,dummy-lora-7b-rank-64-1,3138,731,275.3297094317339
3149,huggyllama/llama-7b,dummy-lora-7b-rank-16-10,745,57,275.47506927304937
3150,huggyllama/llama-7b,dummy-lora-7b-rank-8-1,2881,109,275.49064354176176
3151,huggyllama/llama-7b,dummy-lora-7b-rank-16-11,732,52,275.53606849217283
3152,huggyllama/llama-7b,dummy-lora-7b-rank-64-2,2832,439,275.58149344258396
3153,huggyllama/llama-7b,dummy-lora-7b-rank-8-2,1615,132,275.73204470680355
3154,huggyllama/llama-7b,dummy-lora-7b-rank-8-3,819,57,275.8864895382013
3155,huggyllama/llama-7b,dummy-lora-7b-rank-16-0,1463,297,276.04093436959903
3156,huggyllama/llama-7b,dummy-lora-7b-rank-8-4,684,81,276.0707850512977
3157,huggyllama/llama-7b,dummy-lora-7b-rank-8-5,782,63,276.1188057131609
3158,huggyllama/llama-7b,dummy-lora-7b-rank-16-1,711,57,276.20446419107896
3159,huggyllama/llama-7b,dummy-lora-7b-rank-128-0,2855,21,276.23691058422975
3160,huggyllama/llama-7b,dummy-lora-7b-rank-16-2,1863,57,276.33295190795604
3161,huggyllama/llama-7b,dummy-lora-7b-rank-8-6,420,57,276.3459304652164
3162,huggyllama/llama-7b,dummy-lora-7b-rank-16-3,1711,67,276.5250345554087
3163,huggyllama/llama-7b,dummy-lora-7b-rank-8-7,674,303,276.5432045355731
3164,huggyllama/llama-7b,dummy-lora-7b-rank-8-8,1858,703,276.6418415707515
3165,huggyllama/llama-7b,dummy-lora-7b-rank-128-1,2851,24,276.81445638231367
3166,huggyllama/llama-7b,dummy-lora-7b-rank-8-9,662,57,276.96241193508126
3167,huggyllama/llama-7b,dummy-lora-7b-rank-128-2,2845,19,276.96630550225933
3168,huggyllama/llama-7b,dummy-lora-7b-rank-8-10,581,74,277.0454747015473
3169,huggyllama/llama-7b,dummy-lora-7b-rank-8-11,1631,57,277.06494253743773
3170,huggyllama/llama-7b,dummy-lora-7b-rank-32-8,1973,104,277.1544945825339
3171,huggyllama/llama-7b,dummy-lora-7b-rank-8-12,1476,128,277.3543643643427
3172,huggyllama/llama-7b,dummy-lora-7b-rank-16-4,785,57,277.3621514986989
3173,huggyllama/llama-7b,dummy-lora-7b-rank-8-13,880,57,277.4127678720141
3174,huggyllama/llama-7b,dummy-lora-7b-rank-64-3,3073,866,277.44910783234303
3175,huggyllama/llama-7b,dummy-lora-7b-rank-16-5,1784,112,277.66714759431625
3176,huggyllama/llama-7b,dummy-lora-7b-rank-8-14,874,395,277.7216575348096
3177,huggyllama/llama-7b,dummy-lora-7b-rank-64-4,3362,593,277.8099117241797
3178,huggyllama/llama-7b,dummy-lora-7b-rank-8-15,794,76,277.947484431139
3179,huggyllama/llama-7b,dummy-lora-7b-rank-32-9,630,59,277.9643565555774
3180,huggyllama/llama-7b,dummy-lora-7b-rank-32-0,980,221,278.1278863770574
3181,huggyllama/llama-7b,dummy-lora-7b-rank-16-6,2354,447,278.1512477801259
3182,huggyllama/llama-7b,dummy-lora-7b-rank-128-0,2864,24,278.2174384221535
3183,huggyllama/llama-7b,dummy-lora-7b-rank-16-7,447,74,278.3277561588662
3184,huggyllama/llama-7b,dummy-lora-7b-rank-8-0,2398,228,278.4393717513049
3185,huggyllama/llama-7b,dummy-lora-7b-rank-8-1,904,52,278.49907311470236
3186,huggyllama/llama-7b,dummy-lora-7b-rank-16-8,1567,57,278.5756466025382
3187,huggyllama/llama-7b,dummy-lora-7b-rank-8-2,820,57,278.6210715529493
3188,huggyllama/llama-7b,dummy-lora-7b-rank-8-3,824,85,278.67428363771654
3189,huggyllama/llama-7b,dummy-lora-7b-rank-16-9,1767,67,278.6963471850591
3190,huggyllama/llama-7b,dummy-lora-7b-rank-8-4,812,86,278.71581502094955
3191,huggyllama/llama-7b,dummy-lora-7b-rank-8-5,1158,214,278.73528285684
3192,huggyllama/llama-7b,dummy-lora-7b-rank-16-10,727,58,278.8845362653336
3193,huggyllama/llama-7b,dummy-lora-7b-rank-16-11,807,80,279.02470468374503
3194,huggyllama/llama-7b,dummy-lora-7b-rank-8-6,824,260,279.1259374303755
3195,huggyllama/llama-7b,dummy-lora-7b-rank-16-0,1074,57,279.16617095788246
3196,huggyllama/llama-7b,dummy-lora-7b-rank-8-7,1004,69,279.1934259281291
3197,huggyllama/llama-7b,dummy-lora-7b-rank-8-8,3222,268,279.32580721218426
3198,huggyllama/llama-7b,dummy-lora-7b-rank-8-9,1018,232,279.3452750480747
3199,huggyllama/llama-7b,dummy-lora-7b-rank-8-10,641,279,279.39978498856806
3200,huggyllama/llama-7b,dummy-lora-7b-rank-8-11,1109,69,279.4179549687325
3201,huggyllama/llama-7b,dummy-lora-7b-rank-8-12,1083,88,279.5970590589248
3202,huggyllama/llama-7b,dummy-lora-7b-rank-8-13,1231,57,279.6905046711991
3203,huggyllama/llama-7b,dummy-lora-7b-rank-16-1,1142,143,279.7086746513635
3204,huggyllama/llama-7b,dummy-lora-7b-rank-64-5,2448,156,279.77356743766506
3205,huggyllama/llama-7b,dummy-lora-7b-rank-8-14,3152,286,279.91762942325454
3206,huggyllama/llama-7b,dummy-lora-7b-rank-8-15,458,52,280.0032879011726
3207,huggyllama/llama-7b,dummy-lora-7b-rank-8-0,471,57,280.04092571722754
3208,huggyllama/llama-7b,dummy-lora-7b-rank-16-2,651,57,280.0461171401317
3209,huggyllama/llama-7b,dummy-lora-7b-rank-128-1,2852,20,280.14734988676213
3210,huggyllama/llama-7b,dummy-lora-7b-rank-16-3,1456,79,280.1746048570088
3211,huggyllama/llama-7b,dummy-lora-7b-rank-8-1,984,57,280.2070512501595
3212,huggyllama/llama-7b,dummy-lora-7b-rank-128-2,2965,7,280.30179471815984
3213,huggyllama/llama-7b,dummy-lora-7b-rank-8-2,2230,88,280.34073038994075
3214,huggyllama/llama-7b,dummy-lora-7b-rank-32-1,716,58,280.3627939372833
3215,huggyllama/llama-7b,dummy-lora-7b-rank-16-4,2998,79,280.41470816632454
3216,huggyllama/llama-7b,dummy-lora-7b-rank-8-3,2618,61,280.4834945198042
3217,huggyllama/llama-7b,dummy-lora-7b-rank-8-4,2844,79,280.56525943054413
3218,huggyllama/llama-7b,dummy-lora-7b-rank-8-5,954,57,280.6366414954759
3219,huggyllama/llama-7b,dummy-lora-7b-rank-8-6,1063,106,280.7184064062159
3220,huggyllama/llama-7b,dummy-lora-7b-rank-8-7,2702,81,280.72229997339394
3221,huggyllama/llama-7b,dummy-lora-7b-rank-16-5,846,77,280.79627774977774
3222,huggyllama/llama-7b,dummy-lora-7b-rank-128-0,2852,20,280.84948983454507
3223,huggyllama/llama-7b,dummy-lora-7b-rank-8-8,2908,814,280.99744538731255
3224,huggyllama/llama-7b,dummy-lora-7b-rank-16-6,1074,57,281.1999108805735
3225,huggyllama/llama-7b,dummy-lora-7b-rank-16-7,1065,82,281.3543557119712
3226,huggyllama/llama-7b,dummy-lora-7b-rank-16-8,984,59,281.37382354786166
3227,huggyllama/llama-7b,dummy-lora-7b-rank-8-9,1006,323,281.4426099013413
3228,huggyllama/llama-7b,dummy-lora-7b-rank-8-10,821,90,281.6710325091228
3229,huggyllama/llama-7b,dummy-lora-7b-rank-16-9,3336,278,281.7320317282463
3230,huggyllama/llama-7b,dummy-lora-7b-rank-128-1,2855,22,282.0772613513707
3231,huggyllama/llama-7b,dummy-lora-7b-rank-128-2,2844,8,282.2459825957547
3232,huggyllama/llama-7b,dummy-lora-7b-rank-8-11,1348,676,282.30827967060424
3233,huggyllama/llama-7b,dummy-lora-7b-rank-8-12,1063,57,282.3277475064947
3234,huggyllama/llama-7b,dummy-lora-7b-rank-8-13,3381,167,282.3640874668236
3235,huggyllama/llama-7b,dummy-lora-7b-rank-8-14,998,109,282.3744703126318
3236,huggyllama/llama-7b,dummy-lora-7b-rank-8-15,1044,362,282.52112800967336
3237,huggyllama/llama-7b,dummy-lora-7b-rank-8-0,1211,57,282.5548722585502
3238,huggyllama/llama-7b,dummy-lora-7b-rank-16-10,3156,696,282.81963482666055
3239,huggyllama/llama-7b,dummy-lora-7b-rank-16-11,1781,90,282.97278180233224
3240,huggyllama/llama-7b,dummy-lora-7b-rank-16-0,1137,126,282.97278180233224
3241,huggyllama/llama-7b,dummy-lora-7b-rank-16-1,1948,57,283.06752527033257
3242,huggyllama/llama-7b,dummy-lora-7b-rank-16-2,897,57,283.3595428086896
3243,huggyllama/llama-7b,dummy-lora-7b-rank-64-6,2398,149,283.3842020674842
3244,huggyllama/llama-7b,dummy-lora-7b-rank-16-3,868,52,283.53605118742985
3245,huggyllama/llama-7b,dummy-lora-7b-rank-16-4,925,57,283.54254046606
3246,huggyllama/llama-7b,dummy-lora-7b-rank-8-1,1582,67,283.57498685921075
3247,huggyllama/llama-7b,dummy-lora-7b-rank-16-5,728,90,283.584071849293
3248,huggyllama/llama-7b,dummy-lora-7b-rank-8-2,1654,90,283.74630381504693
3249,huggyllama/llama-7b,dummy-lora-7b-rank-8-3,805,81,283.74630381504693
3250,huggyllama/llama-7b,dummy-lora-7b-rank-16-6,466,52,283.87868509910214
3251,huggyllama/llama-7b,dummy-lora-7b-rank-128-0,2868,21,283.8799829548281
3252,huggyllama/llama-7b,dummy-lora-7b-rank-16-7,624,57,284.12917125422615
3253,huggyllama/llama-7b,dummy-lora-7b-rank-8-4,746,52,284.15123480156865
3254,huggyllama/llama-7b,dummy-lora-7b-rank-8-5,1613,166,284.37446598644607
3255,huggyllama/llama-7b,dummy-lora-7b-rank-8-6,628,57,284.38225312080226
3256,huggyllama/llama-7b,dummy-lora-7b-rank-16-8,1363,52,284.3835509765283
3257,huggyllama/llama-7b,dummy-lora-7b-rank-16-9,1028,52,284.41469951395305
3258,huggyllama/llama-7b,dummy-lora-7b-rank-16-10,1668,154,284.4679115987203
3259,huggyllama/llama-7b,dummy-lora-7b-rank-8-7,644,52,284.46920945444634
3260,huggyllama/llama-7b,dummy-lora-7b-rank-8-8,535,63,284.48089015598066
3261,huggyllama/llama-7b,dummy-lora-7b-rank-8-9,657,57,284.5120386934054
3262,huggyllama/llama-7b,dummy-lora-7b-rank-16-11,1127,67,284.5133365491314
3263,huggyllama/llama-7b,dummy-lora-7b-rank-16-0,1366,324,284.6288457087482
3264,huggyllama/llama-7b,dummy-lora-7b-rank-8-10,1159,59,284.74565272409103
3265,huggyllama/llama-7b,dummy-lora-7b-rank-128-1,3768,31,284.75343985844717
3266,huggyllama/llama-7b,dummy-lora-7b-rank-8-11,1158,57,284.77939697296785
3267,huggyllama/llama-7b,dummy-lora-7b-rank-8-12,1540,61,284.81184336611864
3268,huggyllama/llama-7b,dummy-lora-7b-rank-8-13,655,303,284.88322543105033
3269,huggyllama/llama-7b,dummy-lora-7b-rank-16-1,1105,240,284.98186246622873
3270,huggyllama/llama-7b,dummy-lora-7b-rank-16-2,1460,156,285.3932827313806
3271,huggyllama/llama-7b,dummy-lora-7b-rank-16-3,837,52,285.4880261993809
3272,huggyllama/llama-7b,dummy-lora-7b-rank-8-14,1892,90,285.5230683039838
3273,huggyllama/llama-7b,dummy-lora-7b-rank-8-15,997,57,285.55811040858663
3274,huggyllama/llama-7b,dummy-lora-7b-rank-8-0,1500,57,285.59964179181964
3275,huggyllama/llama-7b,dummy-lora-7b-rank-128-2,2854,21,285.62170533916213
3276,huggyllama/llama-7b,dummy-lora-7b-rank-8-1,1577,76,285.6281946177923
3277,huggyllama/llama-7b,dummy-lora-7b-rank-64-7,2421,361,285.7359166430529
3278,huggyllama/llama-7b,dummy-lora-7b-rank-8-2,3110,81,285.74500163313513
3279,huggyllama/llama-7b,dummy-lora-7b-rank-8-3,2011,64,285.79432015072433
3280,huggyllama/llama-7b,dummy-lora-7b-rank-8-4,1112,57,285.8072987079846
3281,huggyllama/llama-7b,dummy-lora-7b-rank-8-5,1891,82,285.85921293702586
3282,huggyllama/llama-7b,dummy-lora-7b-rank-16-4,1543,52,286.00716848979346
3283,huggyllama/llama-7b,dummy-lora-7b-rank-16-5,1425,59,286.06946556464294
3284,huggyllama/llama-7b,dummy-lora-7b-rank-8-6,991,57,286.1784854456296
3285,huggyllama/llama-7b,dummy-lora-7b-rank-8-7,981,79,286.2719310579038
3286,huggyllama/llama-7b,dummy-lora-7b-rank-8-8,1612,57,286.3043774510546
3287,huggyllama/llama-7b,dummy-lora-7b-rank-128-0,2850,19,286.319951719767
3288,huggyllama/llama-7b,dummy-lora-7b-rank-16-6,877,79,286.47569440689074
3289,huggyllama/llama-7b,dummy-lora-7b-rank-16-7,2411,85,286.4782901183428
3290,huggyllama/llama-7b,dummy-lora-7b-rank-128-1,2885,25,286.6132671138501
3291,huggyllama/llama-7b,dummy-lora-7b-rank-8-9,348,59,286.61716068102817
3292,huggyllama/llama-7b,dummy-lora-7b-rank-8-10,1217,380,286.775499079604
3293,huggyllama/llama-7b,dummy-lora-7b-rank-16-8,429,85,286.81573260711093
3294,huggyllama/llama-7b,dummy-lora-7b-rank-16-9,1348,57,286.8884125277687
3295,huggyllama/llama-7b,dummy-lora-7b-rank-16-10,901,57,286.94941174689217
3296,huggyllama/llama-7b,dummy-lora-7b-rank-8-11,2188,108,287.02209166754994
3297,huggyllama/llama-7b,dummy-lora-7b-rank-8-12,1070,57,287.11943084700226
3298,huggyllama/llama-7b,dummy-lora-7b-rank-16-11,1338,601,287.1311115485366
3299,huggyllama/llama-7b,dummy-lora-7b-rank-16-0,1112,57,287.14538796152294
3300,huggyllama/llama-7b,dummy-lora-7b-rank-16-1,1178,208,287.1830257775778
3301,huggyllama/llama-7b,dummy-lora-7b-rank-16-2,1724,133,287.1830257775778
3302,huggyllama/llama-7b,dummy-lora-7b-rank-8-13,676,52,287.55291465949676
3303,huggyllama/llama-7b,dummy-lora-7b-rank-8-14,852,57,287.61002031144216
3304,huggyllama/llama-7b,dummy-lora-7b-rank-16-3,881,88,287.8085922375249
3305,huggyllama/llama-7b,dummy-lora-7b-rank-128-2,2854,20,287.95005851166235
3306,huggyllama/llama-7b,dummy-lora-7b-rank-16-4,1216,57,288.0564826811969
3307,huggyllama/llama-7b,dummy-lora-7b-rank-8-15,1400,57,288.09282264152574
3308,huggyllama/llama-7b,dummy-lora-7b-rank-8-0,818,52,288.17588540799176
3309,huggyllama/llama-7b,dummy-lora-7b-rank-8-1,1429,52,288.184970398074
3310,huggyllama/llama-7b,dummy-lora-7b-rank-8-2,1290,79,288.2316932042111
3311,huggyllama/llama-7b,dummy-lora-7b-rank-8-3,1442,57,288.26284174163584
3312,huggyllama/llama-7b,dummy-lora-7b-rank-16-5,736,69,288.2939902790606
3313,huggyllama/llama-7b,dummy-lora-7b-rank-16-6,2688,165,288.3017774134168
3314,huggyllama/llama-7b,dummy-lora-7b-rank-8-4,3101,191,288.38613803560884
3315,huggyllama/llama-7b,dummy-lora-7b-rank-16-7,1150,143,288.6340284792808
3316,huggyllama/llama-7b,dummy-lora-7b-rank-8-5,2411,540,288.76511190761
3317,huggyllama/llama-7b,dummy-lora-7b-rank-64-8,2927,776,289.014300207008
3318,huggyllama/llama-7b,dummy-lora-7b-rank-8-6,621,122,289.15706433687143
3319,huggyllama/llama-7b,dummy-lora-7b-rank-8-7,1350,663,289.27257349648823
3320,huggyllama/llama-7b,dummy-lora-7b-rank-128-0,2851,24,289.3244877255295
3321,huggyllama/llama-7b,dummy-lora-7b-rank-16-8,1041,378,289.3971676461872
3322,huggyllama/llama-7b,dummy-lora-7b-rank-16-9,1345,59,289.4218269049818
3323,huggyllama/llama-7b,dummy-lora-7b-rank-16-10,1425,52,289.4231247607079
3324,huggyllama/llama-7b,dummy-lora-7b-rank-8-8,780,57,289.43480546224214
3325,huggyllama/llama-7b,dummy-lora-7b-rank-8-9,1874,67,289.5048896714478
3326,huggyllama/llama-7b,dummy-lora-7b-rank-16-11,1873,644,289.6398666669551
3327,huggyllama/llama-7b,dummy-lora-7b-rank-8-10,1538,90,289.64635594558524
3328,huggyllama/llama-7b,dummy-lora-7b-rank-16-0,1094,357,289.64765380131126
3329,huggyllama/llama-7b,dummy-lora-7b-rank-128-1,2846,7,289.7800350853665
3330,huggyllama/llama-7b,dummy-lora-7b-rank-128-2,3382,21,289.89035282207914
3331,huggyllama/llama-7b,dummy-lora-7b-rank-64-0,3127,702,289.89943781216135
3332,huggyllama/llama-7b,dummy-lora-7b-rank-8-11,541,57,289.9033313793394
3333,huggyllama/llama-7b,dummy-lora-7b-rank-64-1,2575,136,290.1849660718882
3334,huggyllama/llama-7b,dummy-lora-7b-rank-128-0,2863,24,290.2251995993952
3335,huggyllama/llama-7b,dummy-lora-7b-rank-8-12,1744,57,290.32253877884756
3336,huggyllama/llama-7b,dummy-lora-7b-rank-8-13,535,57,290.37185729643676
3337,huggyllama/llama-7b,dummy-lora-7b-rank-128-1,2855,23,290.4315586598342
3338,huggyllama/llama-7b,dummy-lora-7b-rank-8-14,1934,69,290.43675008273834
3339,huggyllama/llama-7b,dummy-lora-7b-rank-16-1,1017,82,290.47698361024527
3340,huggyllama/llama-7b,dummy-lora-7b-rank-16-2,1180,52,290.6846405264103
3341,huggyllama/llama-7b,dummy-lora-7b-rank-16-3,1208,57,290.71968263101314
3342,huggyllama/llama-7b,dummy-lora-7b-rank-16-4,1369,52,290.8144260990134
3343,huggyllama/llama-7b,dummy-lora-7b-rank-8-15,1941,468,290.8935952983013
3344,huggyllama/llama-7b,dummy-lora-7b-rank-16-5,1288,69,290.9091695670137
3345,huggyllama/llama-7b,dummy-lora-7b-rank-8-0,1671,130,290.93253097008227
3346,huggyllama/llama-7b,dummy-lora-7b-rank-16-6,756,79,290.93253097008227
3347,huggyllama/llama-7b,dummy-lora-7b-rank-16-7,1978,59,291.1155286274527
3348,huggyllama/llama-7b,dummy-lora-7b-rank-128-2,2854,21,291.1259114732609
3349,huggyllama/llama-7b,dummy-lora-7b-rank-16-8,1216,120,291.1362943190692
3350,huggyllama/llama-7b,dummy-lora-7b-rank-64-2,3555,520,291.3309726779739
3351,huggyllama/llama-7b,dummy-lora-7b-rank-16-9,648,57,291.37639762838495
3352,huggyllama/llama-7b,dummy-lora-7b-rank-8-1,1325,859,291.4049504543577
3353,huggyllama/llama-7b,dummy-lora-7b-rank-16-10,1519,57,291.4776303750154
3354,huggyllama/llama-7b,dummy-lora-7b-rank-16-11,1366,67,291.5632888529335
3355,huggyllama/llama-7b,dummy-lora-7b-rank-16-0,1100,222,291.668415166742
3356,huggyllama/llama-7b,dummy-lora-7b-rank-8-2,816,69,291.97211340663335
3357,huggyllama/llama-7b,dummy-lora-7b-rank-128-0,2985,23,292.11487753649675
3358,huggyllama/llama-7b,dummy-lora-7b-rank-8-3,1126,171,292.15511106400373
3359,huggyllama/llama-7b,dummy-lora-7b-rank-8-4,2248,88,292.2615352335383
3360,huggyllama/llama-7b,dummy-lora-7b-rank-16-1,667,52,292.27062022362054
3361,huggyllama/llama-7b,dummy-lora-7b-rank-16-2,779,57,292.2939816266891
3362,huggyllama/llama-7b,dummy-lora-7b-rank-8-5,1911,884,292.2939816266891
3363,huggyllama/llama-7b,dummy-lora-7b-rank-8-6,700,57,292.34200228855224
3364,huggyllama/llama-7b,dummy-lora-7b-rank-8-7,780,90,292.34200228855224
3365,huggyllama/llama-7b,dummy-lora-7b-rank-64-3,2523,271,292.5120213886624
3366,huggyllama/llama-7b,dummy-lora-7b-rank-8-8,686,84,292.51591495584046
3367,huggyllama/llama-7b,dummy-lora-7b-rank-16-3,497,88,292.67814692159436
3368,huggyllama/llama-7b,dummy-lora-7b-rank-16-4,1100,88,292.6872319116766
3369,huggyllama/llama-7b,dummy-lora-7b-rank-64-4,2792,5,292.69372119030675
3370,huggyllama/llama-7b,dummy-lora-7b-rank-32-2,758,57,293.1233114356231
3371,huggyllama/llama-7b,dummy-lora-7b-rank-8-9,853,71,293.201182779185
3372,huggyllama/llama-7b,dummy-lora-7b-rank-16-5,3633,269,293.38288258082935
3373,huggyllama/llama-7b,dummy-lora-7b-rank-32-3,2035,52,293.5697738053779
3374,huggyllama/llama-7b,dummy-lora-7b-rank-8-10,2609,560,293.64504943748767
3375,huggyllama/llama-7b,dummy-lora-7b-rank-16-6,1333,833,293.656730139022
3376,huggyllama/llama-7b,dummy-lora-7b-rank-16-7,1448,57,293.68787867644676
3377,huggyllama/llama-7b,dummy-lora-7b-rank-8-11,1555,61,293.88774845825554
3378,huggyllama/llama-7b,dummy-lora-7b-rank-128-1,3107,21,293.908514149872
3379,huggyllama/llama-7b,dummy-lora-7b-rank-8-12,717,90,293.9552369560092
3380,huggyllama/llama-7b,dummy-lora-7b-rank-16-8,2160,580,294.1667874393523
3381,huggyllama/llama-7b,dummy-lora-7b-rank-16-9,860,57,294.2680201859827
3382,huggyllama/llama-7b,dummy-lora-7b-rank-8-13,1346,324,294.4146778830243
3383,huggyllama/llama-7b,dummy-lora-7b-rank-8-14,2462,106,294.61324980910706
3384,huggyllama/llama-7b,dummy-lora-7b-rank-64-5,2440,154,295.23362484615
3385,huggyllama/llama-7b,dummy-lora-7b-rank-32-4,1201,319,295.31019833398585
3386,huggyllama/llama-7b,dummy-lora-7b-rank-16-10,524,57,295.3660061302052
3387,huggyllama/llama-7b,dummy-lora-7b-rank-16-11,546,90,295.3815803989176
3388,huggyllama/llama-7b,dummy-lora-7b-rank-8-15,1054,342,295.4698345882877
3389,huggyllama/llama-7b,dummy-lora-7b-rank-16-0,1290,67,295.5567909219318
3390,huggyllama/llama-7b,dummy-lora-7b-rank-16-1,2137,71,295.6022158723429
3391,huggyllama/llama-7b,dummy-lora-7b-rank-32-5,1052,398,295.6852786388089
3392,huggyllama/llama-7b,dummy-lora-7b-rank-16-2,929,57,295.73589501212416
3393,huggyllama/llama-7b,dummy-lora-7b-rank-16-3,857,123,295.83842561448057
3394,huggyllama/llama-7b,dummy-lora-7b-rank-16-4,898,343,295.8604891618232
3395,huggyllama/llama-7b,dummy-lora-7b-rank-16-5,880,52,296.062954655084
3396,huggyllama/llama-7b,dummy-lora-7b-rank-16-6,2910,552,296.08372034670055
3397,huggyllama/llama-7b,dummy-lora-7b-rank-16-7,843,57,296.20961235212553
3398,huggyllama/llama-7b,dummy-lora-7b-rank-16-8,973,57,296.2654201483449
3399,huggyllama/llama-7b,dummy-lora-7b-rank-8-0,631,57,296.3549721934411
3400,huggyllama/llama-7b,dummy-lora-7b-rank-16-9,1090,88,296.435439248455
3401,huggyllama/llama-7b,dummy-lora-7b-rank-8-1,743,60,296.54056556226357
3402,huggyllama/llama-7b,dummy-lora-7b-rank-8-2,1366,421,296.5652248210581
3403,huggyllama/llama-7b,dummy-lora-7b-rank-32-6,376,65,296.59377764703083
3404,huggyllama/llama-7b,dummy-lora-7b-rank-16-10,516,66,296.61064977146924
3405,huggyllama/llama-7b,dummy-lora-7b-rank-8-3,1095,81,296.70928680664764
3406,huggyllama/llama-7b,dummy-lora-7b-rank-8-4,1074,293,297.35691681393723
3407,huggyllama/llama-7b,dummy-lora-7b-rank-8-5,817,177,297.4218096002388
3408,huggyllama/llama-7b,dummy-lora-7b-rank-8-6,1266,52,297.42959673459495
3409,huggyllama/llama-7b,dummy-lora-7b-rank-16-11,1057,243,297.64374292939016
3410,huggyllama/llama-7b,dummy-lora-7b-rank-16-0,1064,90,298.2498415534468
3411,huggyllama/llama-7b,dummy-lora-7b-rank-64-6,2375,254,298.28488365804964
3412,huggyllama/llama-7b,dummy-lora-7b-rank-16-1,725,84,298.3212236183785
3413,huggyllama/llama-7b,dummy-lora-7b-rank-8-7,1197,57,298.3290107527347
3414,huggyllama/llama-7b,dummy-lora-7b-rank-8-8,1042,367,298.4821577284064
3415,huggyllama/llama-7b,dummy-lora-7b-rank-8-9,915,65,298.671644664407
3416,huggyllama/llama-7b,dummy-lora-7b-rank-8-10,646,90,298.78326025684567
3417,huggyllama/llama-7b,dummy-lora-7b-rank-16-2,1131,144,298.88319514775003
3418,huggyllama/llama-7b,dummy-lora-7b-rank-16-3,1860,162,299.0700863722986
3419,huggyllama/llama-7b,dummy-lora-7b-rank-16-4,1087,88,299.2063612235318
3420,huggyllama/llama-7b,dummy-lora-7b-rank-8-11,1332,52,299.29331755717595
3421,huggyllama/llama-7b,dummy-lora-7b-rank-8-12,629,61,299.3491253533953
3422,huggyllama/llama-7b,dummy-lora-7b-rank-8-13,812,79,299.3711889007378
3423,huggyllama/llama-7b,dummy-lora-7b-rank-8-14,719,90,299.4815066374505
3424,huggyllama/llama-7b,dummy-lora-7b-rank-16-5,2755,137,299.72420565821835
3425,huggyllama/llama-7b,dummy-lora-7b-rank-8-15,1840,882,299.7449713498349
3426,huggyllama/llama-7b,dummy-lora-7b-rank-16-6,1192,80,299.75794990709517
3427,huggyllama/llama-7b,dummy-lora-7b-rank-64-7,3066,517,300.04737173400014
3428,huggyllama/llama-7b,dummy-lora-7b-rank-16-7,893,79,300.1784551623293
3429,huggyllama/llama-7b,dummy-lora-7b-rank-32-7,866,57,300.3653463868778
3430,huggyllama/llama-7b,dummy-lora-7b-rank-64-8,2471,163,300.37572923268607
3431,huggyllama/llama-7b,dummy-lora-7b-rank-16-8,876,52,300.46268556633015
3432,huggyllama/llama-7b,dummy-lora-7b-rank-8-0,889,57,300.47955769076856
3433,huggyllama/llama-7b,dummy-lora-7b-rank-8-1,856,82,300.52757835263174
3434,huggyllama/llama-7b,dummy-lora-7b-rank-32-8,2327,57,300.54315262134406
3435,huggyllama/llama-7b,dummy-lora-7b-rank-8-2,1328,635,300.7793623634818
3436,huggyllama/llama-7b,dummy-lora-7b-rank-8-3,2234,80,300.78844735356404
3437,huggyllama/llama-7b,dummy-lora-7b-rank-16-9,1594,360,300.7975323436462
3438,huggyllama/llama-7b,dummy-lora-7b-rank-64-0,2983,465,300.9195307818932
3439,huggyllama/llama-7b,dummy-lora-7b-rank-128-2,2863,25,300.92082863761925
3440,huggyllama/llama-7b,dummy-lora-7b-rank-8-4,394,57,300.996104269729
3441,huggyllama/llama-7b,dummy-lora-7b-rank-16-10,487,57,301.0194656727976
3442,huggyllama/llama-7b,dummy-lora-7b-rank-16-11,2203,248,301.076571324743
3443,huggyllama/llama-7b,dummy-lora-7b-rank-16-0,1663,63,301.1336769766884
3444,huggyllama/llama-7b,dummy-lora-7b-rank-16-1,802,144,301.3062917882505
3445,huggyllama/llama-7b,dummy-lora-7b-rank-128-0,3011,26,301.3296531913191
3446,huggyllama/llama-7b,dummy-lora-7b-rank-8-5,1745,79,301.35431245011364
3447,huggyllama/llama-7b,dummy-lora-7b-rank-16-2,3635,281,301.39843954479875
3448,huggyllama/llama-7b,dummy-lora-7b-rank-8-6,2172,82,301.4023331119768
3449,huggyllama/llama-7b,dummy-lora-7b-rank-16-3,1930,835,301.4179073806892
3450,huggyllama/llama-7b,dummy-lora-7b-rank-16-4,1198,449,301.4451623509359
3451,huggyllama/llama-7b,dummy-lora-7b-rank-8-7,820,185,301.6294578640323
3452,huggyllama/llama-7b,dummy-lora-7b-rank-8-8,1304,388,301.782604839704
3453,huggyllama/llama-7b,dummy-lora-7b-rank-8-9,776,159,302.1680679903353
3454,huggyllama/llama-7b,dummy-lora-7b-rank-8-10,1497,57,302.197918672034
3455,huggyllama/llama-7b,dummy-lora-7b-rank-16-5,1308,738,302.6288067730764
3456,huggyllama/llama-7b,dummy-lora-7b-rank-8-11,1215,70,302.7534009227754
3457,huggyllama/llama-7b,dummy-lora-7b-rank-16-6,1613,67,303.01426992370773
3458,huggyllama/llama-7b,dummy-lora-7b-rank-8-12,628,57,303.05320559548863
3459,huggyllama/llama-7b,dummy-lora-7b-rank-8-13,2070,301,303.06229058557085
3460,huggyllama/llama-7b,dummy-lora-7b-rank-8-14,412,52,303.1790976009137
3461,huggyllama/llama-7b,dummy-lora-7b-rank-16-7,648,52,303.25696894447555
3462,huggyllama/llama-7b,dummy-lora-7b-rank-8-15,1498,291,303.26086251165367
3463,huggyllama/llama-7b,dummy-lora-7b-rank-16-8,569,57,303.29720247198253
3464,huggyllama/llama-7b,dummy-lora-7b-rank-16-9,332,70,303.3036917506127
3465,huggyllama/llama-7b,dummy-lora-7b-rank-16-10,1125,144,303.3088831735168
3466,huggyllama/llama-7b,dummy-lora-7b-rank-16-11,1178,61,303.39973307433905
3467,huggyllama/llama-7b,dummy-lora-7b-rank-16-0,1528,124,303.42049876595553
3468,huggyllama/llama-7b,dummy-lora-7b-rank-8-0,1350,61,303.46203014918854
3469,huggyllama/llama-7b,dummy-lora-7b-rank-8-1,1217,57,303.4685194278187
3470,huggyllama/llama-7b,dummy-lora-7b-rank-8-2,997,86,303.55547576146273
3471,huggyllama/llama-7b,dummy-lora-7b-rank-32-9,3529,553,303.61647498058625
3472,huggyllama/llama-7b,dummy-lora-7b-rank-16-1,1430,106,303.79557907077856
3473,huggyllama/llama-7b,dummy-lora-7b-rank-32-0,950,65,303.83451474255946
3474,huggyllama/llama-7b,dummy-lora-7b-rank-32-1,1016,82,303.9863638625052
3475,huggyllama/llama-7b,dummy-lora-7b-rank-128-1,3238,25,304.14470226108097
3476,huggyllama/llama-7b,dummy-lora-7b-rank-128-2,2934,19,304.19531863439624
3477,huggyllama/llama-7b,dummy-lora-7b-rank-8-3,864,61,304.75599230804175
3478,huggyllama/llama-7b,dummy-lora-7b-rank-8-4,1067,106,305.0428184234947
3479,huggyllama/llama-7b,dummy-lora-7b-rank-8-5,1662,59,305.0921369410839
3480,huggyllama/llama-7b,dummy-lora-7b-rank-16-2,965,57,305.43347299703004
3481,huggyllama/llama-7b,dummy-lora-7b-rank-16-3,1036,88,305.4568344000986
3482,huggyllama/llama-7b,dummy-lora-7b-rank-16-4,944,76,305.471110813085
3483,huggyllama/llama-7b,dummy-lora-7b-rank-64-1,2294,171,305.4750043802631
3484,huggyllama/llama-7b,dummy-lora-7b-rank-8-6,1238,357,305.49057864897543
3485,huggyllama/llama-7b,dummy-lora-7b-rank-8-7,1524,73,305.57753498261957
3486,huggyllama/llama-7b,dummy-lora-7b-rank-8-8,544,104,305.5892156841538
3487,huggyllama/llama-7b,dummy-lora-7b-rank-8-9,997,79,305.60608780859224
3488,huggyllama/llama-7b,dummy-lora-7b-rank-8-10,1661,57,305.6203642215786
3489,huggyllama/llama-7b,dummy-lora-7b-rank-8-11,1620,128,305.62295993303064
3490,huggyllama/llama-7b,dummy-lora-7b-rank-16-5,1587,116,305.6618956048116
3491,huggyllama/llama-7b,dummy-lora-7b-rank-16-6,1213,109,305.6826612964281
3492,huggyllama/llama-7b,dummy-lora-7b-rank-16-7,1371,76,305.75144764990773
3493,huggyllama/llama-7b,dummy-lora-7b-rank-16-8,1633,132,305.76961763007216
3494,huggyllama/llama-7b,dummy-lora-7b-rank-16-9,1050,79,305.804659734675
3495,huggyllama/llama-7b,dummy-lora-7b-rank-8-12,1574,166,305.8228297148395
3496,huggyllama/llama-7b,dummy-lora-7b-rank-8-13,2645,67,305.8825310782369
3497,huggyllama/llama-7b,dummy-lora-7b-rank-8-14,1969,803,305.9318495958261
3498,huggyllama/llama-7b,dummy-lora-7b-rank-32-2,354,73,305.9539131431686
3499,huggyllama/llama-7b,dummy-lora-7b-rank-128-0,2944,26,305.9565088546207
3500,huggyllama/llama-7b,dummy-lora-7b-rank-8-15,857,57,306.0239973523743
3501,huggyllama/llama-7b,dummy-lora-7b-rank-8-0,1128,299,306.11095368601843
3502,huggyllama/llama-7b,dummy-lora-7b-rank-16-10,960,396,306.1732507608679
3503,huggyllama/llama-7b,dummy-lora-7b-rank-8-1,750,67,306.2043992982927
3504,huggyllama/llama-7b,dummy-lora-7b-rank-128-1,2997,23,306.2757813632244
3505,huggyllama/llama-7b,dummy-lora-7b-rank-16-11,398,73,306.2926534876628
3506,huggyllama/llama-7b,dummy-lora-7b-rank-8-2,1869,57,306.47694900075925
3507,huggyllama/llama-7b,dummy-lora-7b-rank-8-3,1238,57,306.59764958328014
3508,huggyllama/llama-7b,dummy-lora-7b-rank-128-2,2854,21,306.66903164821184
3509,huggyllama/llama-7b,dummy-lora-7b-rank-16-0,2194,79,306.7248394444312
3510,huggyllama/llama-7b,dummy-lora-7b-rank-8-4,1662,140,306.79622150936297
3511,huggyllama/llama-7b,dummy-lora-7b-rank-16-1,761,90,306.8053064994452
3512,huggyllama/llama-7b,dummy-lora-7b-rank-8-5,800,57,306.83515718114387
3513,huggyllama/llama-7b,dummy-lora-7b-rank-8-6,545,90,307.55936067626936
3514,huggyllama/llama-7b,dummy-lora-7b-rank-8-7,1230,355,307.7073162290369
3515,huggyllama/llama-7b,dummy-lora-7b-rank-16-2,674,57,307.8072511199413
3516,huggyllama/llama-7b,dummy-lora-7b-rank-8-8,1023,67,307.8137403985715
3517,huggyllama/llama-7b,dummy-lora-7b-rank-16-3,1859,118,307.8500803589004
3518,huggyllama/llama-7b,dummy-lora-7b-rank-8-9,1279,60,307.8526760703524
3519,huggyllama/llama-7b,dummy-lora-7b-rank-8-10,466,57,307.91886671238007
3520,huggyllama/llama-7b,dummy-lora-7b-rank-8-11,701,63,307.9552066727089
3521,huggyllama/llama-7b,dummy-lora-7b-rank-16-4,1079,86,308.1005665140244
3522,huggyllama/llama-7b,dummy-lora-7b-rank-16-5,2568,942,308.11873649418885
3523,huggyllama/llama-7b,dummy-lora-7b-rank-8-12,1747,430,308.3990733310116
3524,huggyllama/llama-7b,dummy-lora-7b-rank-8-13,1125,300,308.4237325898062
3525,huggyllama/llama-7b,dummy-lora-7b-rank-8-14,839,79,308.6975801479988
3526,huggyllama/llama-7b,dummy-lora-7b-rank-8-15,926,52,308.74560080986197
3527,huggyllama/llama-7b,dummy-lora-7b-rank-16-6,855,72,308.7624729343004
3528,huggyllama/llama-7b,dummy-lora-7b-rank-8-0,785,139,308.80270646180736
3529,huggyllama/llama-7b,dummy-lora-7b-rank-16-7,353,59,308.81957858624577
3530,huggyllama/llama-7b,dummy-lora-7b-rank-8-1,885,69,308.86889710383497
3531,huggyllama/llama-7b,dummy-lora-7b-rank-8-2,1182,276,309.0168526566025
3532,huggyllama/llama-7b,dummy-lora-7b-rank-16-8,1115,57,309.03112906958887
3533,huggyllama/llama-7b,dummy-lora-7b-rank-8-3,758,57,309.0713625970958
3534,huggyllama/llama-7b,dummy-lora-7b-rank-16-9,744,61,309.0908304329863
3535,huggyllama/llama-7b,dummy-lora-7b-rank-16-10,2853,81,309.12587253758915
3536,huggyllama/llama-7b,dummy-lora-7b-rank-16-11,939,271,309.1284682490412
3537,huggyllama/llama-7b,dummy-lora-7b-rank-8-4,778,369,309.1699996322742
3538,huggyllama/llama-7b,dummy-lora-7b-rank-16-0,737,93,309.2193181498634
3539,huggyllama/llama-7b,dummy-lora-7b-rank-16-1,578,77,309.2193181498634
3540,huggyllama/llama-7b,dummy-lora-7b-rank-8-5,704,64,309.2517645430142
3541,huggyllama/llama-7b,dummy-lora-7b-rank-16-2,665,77,309.2686366674526
3542,huggyllama/llama-7b,dummy-lora-7b-rank-8-6,1390,121,309.4633150263573
3543,huggyllama/llama-7b,dummy-lora-7b-rank-64-2,3244,534,309.6489083951798
3544,huggyllama/llama-7b,dummy-lora-7b-rank-8-7,1416,213,309.7215883158375
3545,huggyllama/llama-7b,dummy-lora-7b-rank-16-3,1614,128,309.77739611205686
3546,huggyllama/llama-7b,dummy-lora-7b-rank-16-4,1898,106,309.8033532265775
3547,huggyllama/llama-7b,dummy-lora-7b-rank-32-3,952,220,309.9188623861943
3548,huggyllama/llama-7b,dummy-lora-7b-rank-8-8,764,61,309.93054308772855
3549,huggyllama/llama-7b,dummy-lora-7b-rank-16-5,904,119,309.96818090378343
3550,huggyllama/llama-7b,dummy-lora-7b-rank-8-9,584,55,310.0888814863044
3551,huggyllama/llama-7b,dummy-lora-7b-rank-8-10,775,52,310.11613645655103
3552,huggyllama/llama-7b,dummy-lora-7b-rank-8-11,700,57,310.11613645655103
3553,huggyllama/llama-7b,dummy-lora-7b-rank-16-6,607,66,310.13041286953734
3554,huggyllama/llama-7b,dummy-lora-7b-rank-64-3,2427,5,310.2290499047158
3555,huggyllama/llama-7b,dummy-lora-7b-rank-8-12,1255,129,310.3328783627983
3556,huggyllama/llama-7b,dummy-lora-7b-rank-16-7,834,62,310.35364405441476
3557,huggyllama/llama-7b,dummy-lora-7b-rank-16-8,929,57,310.3653247559491
3558,huggyllama/llama-7b,dummy-lora-7b-rank-8-13,925,57,310.42372826362043
3559,huggyllama/llama-7b,dummy-lora-7b-rank-16-9,639,57,310.48991890564804
3560,huggyllama/llama-7b,dummy-lora-7b-rank-32-4,2152,73,310.5366417117852
3561,huggyllama/llama-7b,dummy-lora-7b-rank-128-0,2988,36,310.5366417117852
3562,huggyllama/llama-7b,dummy-lora-7b-rank-16-10,546,105,310.5366417117852
3563,huggyllama/llama-7b,dummy-lora-7b-rank-16-11,916,82,310.57817309501814
3564,huggyllama/llama-7b,dummy-lora-7b-rank-8-14,1906,59,310.77804287682704
3565,huggyllama/llama-7b,dummy-lora-7b-rank-16-0,2404,157,310.84163780740255
3566,huggyllama/llama-7b,dummy-lora-7b-rank-8-15,1135,76,311.0389118777593
3567,huggyllama/llama-7b,dummy-lora-7b-rank-8-0,911,104,311.0635711365539
3568,huggyllama/llama-7b,dummy-lora-7b-rank-64-4,3356,685,311.3919286352398
3569,huggyllama/llama-7b,dummy-lora-7b-rank-16-1,1334,768,311.4996506605004
3570,huggyllama/llama-7b,dummy-lora-7b-rank-8-1,1045,181,311.7449453927203
3571,huggyllama/llama-7b,dummy-lora-7b-rank-16-2,626,57,311.7851789202273
3572,huggyllama/llama-7b,dummy-lora-7b-rank-16-3,621,57,311.8695395424193
3573,huggyllama/llama-7b,dummy-lora-7b-rank-16-4,1670,73,311.92015591573454
3574,huggyllama/llama-7b,dummy-lora-7b-rank-8-2,853,57,311.94870874170726
3575,huggyllama/llama-7b,dummy-lora-7b-rank-16-5,780,357,311.94870874170726
3576,huggyllama/llama-7b,dummy-lora-7b-rank-8-3,1027,90,312.1771313494887
3577,huggyllama/llama-7b,dummy-lora-7b-rank-8-4,2922,57,312.2329391457081
3578,huggyllama/llama-7b,dummy-lora-7b-rank-8-5,3415,67,312.2588962602287
3579,huggyllama/llama-7b,dummy-lora-7b-rank-8-6,1024,217,312.29523622055757
3580,huggyllama/llama-7b,dummy-lora-7b-rank-16-6,1649,132,312.32898046943444
3581,huggyllama/llama-7b,dummy-lora-7b-rank-8-7,3497,52,312.3912775442839
3582,huggyllama/llama-7b,dummy-lora-7b-rank-64-5,2912,581,312.4146389473525
3583,huggyllama/llama-7b,dummy-lora-7b-rank-64-6,2493,5,312.5288502512432
3584,huggyllama/llama-7b,dummy-lora-7b-rank-8-8,1252,389,312.6054237390791
3585,huggyllama/llama-7b,dummy-lora-7b-rank-8-9,1091,57,312.69108221699713
3586,huggyllama/llama-7b,dummy-lora-7b-rank-128-1,2960,28,312.7962085308057
3587,huggyllama/llama-7b,dummy-lora-7b-rank-64-7,2302,134,312.8039956651619
3588,huggyllama/llama-7b,dummy-lora-7b-rank-8-10,762,57,312.8208677896003
3589,huggyllama/llama-7b,dummy-lora-7b-rank-8-11,1282,73,312.8221656453263
3590,huggyllama/llama-7b,dummy-lora-7b-rank-8-12,719,57,312.84033562549075
3591,huggyllama/llama-7b,dummy-lora-7b-rank-16-7,741,57,312.95454692938154
3592,huggyllama/llama-7b,dummy-lora-7b-rank-16-8,1655,130,313.264734447903
3593,huggyllama/llama-7b,dummy-lora-7b-rank-16-9,1866,134,313.45811495108165
3594,huggyllama/llama-7b,dummy-lora-7b-rank-64-8,2293,142,313.52300773738324
3595,huggyllama/llama-7b,dummy-lora-7b-rank-16-10,568,59,313.5749219664245
3596,huggyllama/llama-7b,dummy-lora-7b-rank-16-11,1349,167,313.59049623513687
3597,huggyllama/llama-7b,dummy-lora-7b-rank-16-0,1965,627,313.6566868771645
3598,huggyllama/llama-7b,dummy-lora-7b-rank-8-13,1122,57,313.66187830006857
3599,huggyllama/llama-7b,dummy-lora-7b-rank-8-14,913,57,313.6644740115206
3600,huggyllama/llama-7b,dummy-lora-7b-rank-32-5,1152,57,313.73455822072634
3601,huggyllama/llama-7b,dummy-lora-7b-rank-16-1,1416,277,313.8993858979323
3602,huggyllama/llama-7b,dummy-lora-7b-rank-16-2,786,57,313.9642786842339
3603,huggyllama/llama-7b,dummy-lora-7b-rank-8-15,990,260,313.9642786842339
3604,huggyllama/llama-7b,dummy-lora-7b-rank-8-0,795,72,314.1939991477414
3605,huggyllama/llama-7b,dummy-lora-7b-rank-16-3,854,89,314.19529700346743
3606,huggyllama/llama-7b,dummy-lora-7b-rank-8-1,867,66,314.19919057064556
3607,huggyllama/llama-7b,dummy-lora-7b-rank-64-0,3231,666,314.2030841378236
3608,huggyllama/llama-7b,dummy-lora-7b-rank-16-4,692,66,314.3393589890569
3609,huggyllama/llama-7b,dummy-lora-7b-rank-8-2,1058,313,314.3510396905912
3610,huggyllama/llama-7b,dummy-lora-7b-rank-8-3,1467,675,314.38608179519406
3611,huggyllama/llama-7b,dummy-lora-7b-rank-16-5,777,78,314.51976093497524
3612,huggyllama/llama-7b,dummy-lora-7b-rank-16-6,724,92,314.6002279899892
3613,huggyllama/llama-7b,dummy-lora-7b-rank-8-4,890,312,314.60541941289335
3614,huggyllama/llama-7b,dummy-lora-7b-rank-8-5,2567,225,314.84941628938725
3615,huggyllama/llama-7b,dummy-lora-7b-rank-64-1,3163,595,314.8520120008393
3616,huggyllama/llama-7b,dummy-lora-7b-rank-8-6,526,52,314.8597991351955
3617,huggyllama/llama-7b,dummy-lora-7b-rank-8-7,1375,57,314.881862682538
3618,huggyllama/llama-7b,dummy-lora-7b-rank-16-7,766,79,314.9104155085107
3619,huggyllama/llama-7b,dummy-lora-7b-rank-8-8,778,57,314.9117133642367
3620,huggyllama/llama-7b,dummy-lora-7b-rank-16-8,1353,57,314.9169047871409
3621,huggyllama/llama-7b,dummy-lora-7b-rank-8-9,1305,59,314.923394065771
3622,huggyllama/llama-7b,dummy-lora-7b-rank-16-9,1590,57,314.97530829481224
3623,huggyllama/llama-7b,dummy-lora-7b-rank-16-10,886,75,315.00126540933286
3624,huggyllama/llama-7b,dummy-lora-7b-rank-8-10,3480,105,315.03371180248365
3625,huggyllama/llama-7b,dummy-lora-7b-rank-128-2,2858,23,315.1258595590319
3626,huggyllama/llama-7b,dummy-lora-7b-rank-16-11,2577,91,315.1284552704839
3627,huggyllama/llama-7b,dummy-lora-7b-rank-16-0,1290,81,315.1284552704839
3628,huggyllama/llama-7b,dummy-lora-7b-rank-16-1,3162,59,315.1388381162922
3629,huggyllama/llama-7b,dummy-lora-7b-rank-32-6,3231,251,315.1427316834703
3630,huggyllama/llama-7b,dummy-lora-7b-rank-16-2,1088,343,315.15700809645665
3631,huggyllama/llama-7b,dummy-lora-7b-rank-16-3,1019,57,315.17907164379915
3632,huggyllama/llama-7b,dummy-lora-7b-rank-16-4,1581,116,315.27900653470357
3633,huggyllama/llama-7b,dummy-lora-7b-rank-8-11,2220,250,315.28160224615567
3634,huggyllama/llama-7b,dummy-lora-7b-rank-8-12,1009,79,315.3737500027039
3635,huggyllama/llama-7b,dummy-lora-7b-rank-16-5,1601,125,315.4036006844026
3636,huggyllama/llama-7b,dummy-lora-7b-rank-32-7,795,59,315.4282599431972
3637,huggyllama/llama-7b,dummy-lora-7b-rank-32-8,1105,57,315.4607063363479
3638,huggyllama/llama-7b,dummy-lora-7b-rank-16-6,1627,132,315.5502583814441
3639,huggyllama/llama-7b,dummy-lora-7b-rank-32-9,622,57,315.58010906314286
3640,huggyllama/llama-7b,dummy-lora-7b-rank-8-13,837,211,315.6073640333895
3641,huggyllama/llama-7b,dummy-lora-7b-rank-8-14,623,81,315.82280808391073
3642,huggyllama/llama-7b,dummy-lora-7b-rank-8-15,3668,413,315.8241059396367
3643,huggyllama/llama-7b,dummy-lora-7b-rank-8-0,1556,166,315.89289229311635
3644,huggyllama/llama-7b,dummy-lora-7b-rank-8-1,1014,236,316.0096993084592
3645,huggyllama/llama-7b,dummy-lora-7b-rank-8-2,1013,57,316.01099716418526
3646,huggyllama/llama-7b,dummy-lora-7b-rank-16-7,1103,57,316.01748644281537
3647,huggyllama/llama-7b,dummy-lora-7b-rank-16-8,1088,57,316.0304650000757
3648,huggyllama/llama-7b,dummy-lora-7b-rank-16-9,1070,52,316.13039989098013
3649,huggyllama/llama-7b,dummy-lora-7b-rank-16-10,812,69,316.2316326376106
3650,huggyllama/llama-7b,dummy-lora-7b-rank-16-11,3797,67,316.251100473501
3651,huggyllama/llama-7b,dummy-lora-7b-rank-16-0,3974,73,316.2757597322956
3652,huggyllama/llama-7b,dummy-lora-7b-rank-8-3,1382,65,316.4392895537756
3653,huggyllama/llama-7b,dummy-lora-7b-rank-128-0,2965,20,316.4496723995838
3654,huggyllama/llama-7b,dummy-lora-7b-rank-8-4,1005,57,316.70275426615996
3655,huggyllama/llama-7b,dummy-lora-7b-rank-16-1,705,64,316.74558350511893
3656,huggyllama/llama-7b,dummy-lora-7b-rank-64-2,3058,490,316.8013913013383
3657,huggyllama/llama-7b,dummy-lora-7b-rank-16-2,1012,59,316.81307200287256
3658,huggyllama/llama-7b,dummy-lora-7b-rank-16-3,1579,107,316.85460338610557
3659,huggyllama/llama-7b,dummy-lora-7b-rank-8-5,1521,106,316.8818583563522
3660,huggyllama/llama-7b,dummy-lora-7b-rank-16-4,556,63,316.9376661525716
3661,huggyllama/llama-7b,dummy-lora-7b-rank-8-6,1152,144,316.9454532869278
3662,huggyllama/llama-7b,dummy-lora-7b-rank-8-7,3108,924,316.9740061129005
3663,huggyllama/llama-7b,dummy-lora-7b-rank-8-8,1074,79,316.98438895870873
3664,huggyllama/llama-7b,dummy-lora-7b-rank-8-9,776,81,316.99347394879095
3665,huggyllama/llama-7b,dummy-lora-7b-rank-8-10,989,298,317.08951527251725
3666,huggyllama/llama-7b,dummy-lora-7b-rank-16-5,2202,79,317.12325952139406
3667,huggyllama/llama-7b,dummy-lora-7b-rank-64-3,2593,472,317.1998330092299
3668,huggyllama/llama-7b,dummy-lora-7b-rank-16-6,879,177,317.2011308649559
3669,huggyllama/llama-7b,dummy-lora-7b-rank-8-11,588,52,317.21021585503814
3670,huggyllama/llama-7b,dummy-lora-7b-rank-16-7,3289,164,317.2647257955315
3671,huggyllama/llama-7b,dummy-lora-7b-rank-8-12,520,75,317.2945764772302
3672,huggyllama/llama-7b,dummy-lora-7b-rank-8-13,2126,172,317.3880220895045
3673,huggyllama/llama-7b,dummy-lora-7b-rank-8-14,1254,57,317.45810629871016
3674,huggyllama/llama-7b,dummy-lora-7b-rank-8-15,3115,170,317.52040337355965
3675,huggyllama/llama-7b,dummy-lora-7b-rank-32-0,715,57,317.5268926521898
3676,huggyllama/llama-7b,dummy-lora-7b-rank-32-1,1057,81,317.7254645782726
3677,huggyllama/llama-7b,dummy-lora-7b-rank-8-0,709,52,317.8124209119167
3678,huggyllama/llama-7b,dummy-lora-7b-rank-32-2,630,57,317.907164379917
3679,huggyllama/llama-7b,dummy-lora-7b-rank-8-1,2387,138,317.9798443005747
3680,huggyllama/llama-7b,dummy-lora-7b-rank-16-8,1710,257,318.1096298731779
3681,huggyllama/llama-7b,dummy-lora-7b-rank-16-9,795,56,318.26277684884957
3682,huggyllama/llama-7b,dummy-lora-7b-rank-16-10,1097,69,318.28224468474
3683,huggyllama/llama-7b,dummy-lora-7b-rank-8-2,727,57,318.3679031626581
3684,huggyllama/llama-7b,dummy-lora-7b-rank-8-3,844,91,318.38607314282257
3685,huggyllama/llama-7b,dummy-lora-7b-rank-8-4,1944,475,318.405540978713
3686,huggyllama/llama-7b,dummy-lora-7b-rank-8-5,1936,196,318.5418158299463
3687,huggyllama/llama-7b,dummy-lora-7b-rank-128-1,2853,20,318.58464506890533
3688,huggyllama/llama-7b,dummy-lora-7b-rank-16-11,1524,57,318.6287721635904
3689,huggyllama/llama-7b,dummy-lora-7b-rank-16-0,842,90,318.6365592979466
3690,huggyllama/llama-7b,dummy-lora-7b-rank-16-1,862,90,318.65992070101515
3691,huggyllama/llama-7b,dummy-lora-7b-rank-16-2,963,55,318.6625164124672
3692,huggyllama/llama-7b,dummy-lora-7b-rank-16-3,1049,57,318.6728992582755
3693,huggyllama/llama-7b,dummy-lora-7b-rank-16-4,1243,57,318.6728992582755
3694,huggyllama/llama-7b,dummy-lora-7b-rank-32-3,1009,52,318.8039826866046
3695,huggyllama/llama-7b,dummy-lora-7b-rank-32-4,773,52,318.8247483782211
3696,huggyllama/llama-7b,dummy-lora-7b-rank-8-6,1359,308,318.8753647515363
3697,huggyllama/llama-7b,dummy-lora-7b-rank-64-4,2483,350,318.92857683630365
3698,huggyllama/llama-7b,dummy-lora-7b-rank-8-7,708,73,318.945448960742
3699,huggyllama/llama-7b,dummy-lora-7b-rank-32-5,825,52,318.9493425279201
3700,huggyllama/llama-7b,dummy-lora-7b-rank-8-8,1050,76,319.02851172720807
3701,huggyllama/llama-7b,dummy-lora-7b-rank-16-5,1756,57,319.070043110441
3702,huggyllama/llama-7b,dummy-lora-7b-rank-8-9,878,57,319.09989379213977
3703,huggyllama/llama-7b,dummy-lora-7b-rank-16-6,1510,125,319.1128723494001
3704,huggyllama/llama-7b,dummy-lora-7b-rank-32-6,715,104,319.18685012578385
3705,huggyllama/llama-7b,dummy-lora-7b-rank-16-7,904,81,319.2089136731264
3706,huggyllama/llama-7b,dummy-lora-7b-rank-8-10,805,82,319.22708365329083
3707,huggyllama/llama-7b,dummy-lora-7b-rank-8-11,673,52,319.31923140983906
3708,huggyllama/llama-7b,dummy-lora-7b-rank-16-8,594,57,319.33610353427747
3709,huggyllama/llama-7b,dummy-lora-7b-rank-8-12,3320,57,319.35946493734605
3710,huggyllama/llama-7b,dummy-lora-7b-rank-16-9,848,80,319.37374135033235
3711,huggyllama/llama-7b,dummy-lora-7b-rank-16-10,774,57,319.3750392060584
3712,huggyllama/llama-7b,dummy-lora-7b-rank-16-11,3592,79,319.4957397885793
3713,huggyllama/llama-7b,dummy-lora-7b-rank-8-13,1424,169,319.5489518733466
3714,huggyllama/llama-7b,dummy-lora-7b-rank-32-7,736,170,319.58399397794943
3715,huggyllama/llama-7b,dummy-lora-7b-rank-8-14,846,91,319.5904832565796
3716,huggyllama/llama-7b,dummy-lora-7b-rank-8-15,643,60,319.62422750545636
3717,huggyllama/llama-7b,dummy-lora-7b-rank-8-0,1283,57,319.83707584452554
3718,huggyllama/llama-7b,dummy-lora-7b-rank-8-1,2932,298,319.8928836407449
3719,huggyllama/llama-7b,dummy-lora-7b-rank-16-0,1168,108,320.0512220393207
3720,huggyllama/llama-7b,dummy-lora-7b-rank-16-1,1912,690,320.08107272101944
3721,huggyllama/llama-7b,dummy-lora-7b-rank-8-2,1033,69,320.13947622869085
3722,huggyllama/llama-7b,dummy-lora-7b-rank-8-3,1364,560,320.18879474628
3723,huggyllama/llama-7b,dummy-lora-7b-rank-128-2,2872,26,320.34713314485583
3724,huggyllama/llama-7b,dummy-lora-7b-rank-16-2,1205,57,320.55998148392496
3725,huggyllama/llama-7b,dummy-lora-7b-rank-8-4,611,70,320.6949584794322
3726,huggyllama/llama-7b,dummy-lora-7b-rank-8-5,1924,686,320.6962563351583
3727,huggyllama/llama-7b,dummy-lora-7b-rank-16-3,837,409,320.7092348924186
3728,huggyllama/llama-7b,dummy-lora-7b-rank-8-6,685,52,320.7105327481446
3729,huggyllama/llama-7b,dummy-lora-7b-rank-16-4,1218,57,320.74168128556937
3730,huggyllama/llama-7b,dummy-lora-7b-rank-16-5,988,87,320.91559395285753
3731,huggyllama/llama-7b,dummy-lora-7b-rank-16-6,1057,115,320.92467894293975
3732,huggyllama/llama-7b,dummy-lora-7b-rank-8-7,1294,52,321.08561305296763
3733,huggyllama/llama-7b,dummy-lora-7b-rank-16-7,1139,143,321.1466122720911
3734,huggyllama/llama-7b,dummy-lora-7b-rank-8-8,1131,126,321.18425008814603
3735,huggyllama/llama-7b,dummy-lora-7b-rank-8-9,1129,126,321.1907393667762
3736,huggyllama/llama-7b,dummy-lora-7b-rank-8-10,1205,57,321.2153986255708
3737,huggyllama/llama-7b,dummy-lora-7b-rank-8-11,1213,67,321.2387600286393
3738,huggyllama/llama-7b,dummy-lora-7b-rank-8-12,1436,52,321.2712064217901
3739,huggyllama/llama-7b,dummy-lora-7b-rank-8-13,1447,57,321.306248526393
3740,huggyllama/llama-7b,dummy-lora-7b-rank-8-14,1481,74,321.3348013523657
3741,huggyllama/llama-7b,dummy-lora-7b-rank-32-8,1239,406,321.3945027157631
3742,huggyllama/llama-7b,dummy-lora-7b-rank-16-8,1359,209,321.5762025174075
3743,huggyllama/llama-7b,dummy-lora-7b-rank-16-9,844,57,321.82668867253153
3744,huggyllama/llama-7b,dummy-lora-7b-rank-16-10,800,57,321.91883642907976
3745,huggyllama/llama-7b,dummy-lora-7b-rank-32-9,1282,141,321.9616656680388
3746,huggyllama/llama-7b,dummy-lora-7b-rank-64-5,3136,669,322.00838847417594
3747,huggyllama/llama-7b,dummy-lora-7b-rank-8-15,1183,77,322.10442979790224
3748,huggyllama/llama-7b,dummy-lora-7b-rank-8-0,2683,165,322.2381089376835
3749,huggyllama/llama-7b,dummy-lora-7b-rank-8-1,768,67,322.2549810621219
3750,huggyllama/llama-7b,dummy-lora-7b-rank-8-2,861,57,322.2809381766425
3751,huggyllama/llama-7b,dummy-lora-7b-rank-16-11,1510,116,322.30040601253296
3752,huggyllama/llama-7b,dummy-lora-7b-rank-16-0,1970,616,322.30559743543705
3753,huggyllama/llama-7b,dummy-lora-7b-rank-8-3,1206,57,322.5145522073281
3754,huggyllama/llama-7b,dummy-lora-7b-rank-8-4,1347,885,322.81305902431535
3755,huggyllama/llama-7b,dummy-lora-7b-rank-16-1,587,285,322.8468032731921
3756,huggyllama/llama-7b,dummy-lora-7b-rank-16-2,1031,57,323.0181202290283
3757,huggyllama/llama-7b,dummy-lora-7b-rank-16-3,1962,804,323.04667305500095
3758,huggyllama/llama-7b,dummy-lora-7b-rank-16-4,656,57,323.1492036573574
3759,huggyllama/llama-7b,dummy-lora-7b-rank-8-5,1314,57,323.15050151308344
3760,huggyllama/llama-7b,dummy-lora-7b-rank-8-6,936,57,323.1673736375219
3761,huggyllama/llama-7b,dummy-lora-7b-rank-8-7,1349,80,323.1673736375219
3762,huggyllama/llama-7b,dummy-lora-7b-rank-8-8,563,63,323.1842457619603
3763,huggyllama/llama-7b,dummy-lora-7b-rank-32-0,2405,185,323.2218835780152
3764,huggyllama/llama-7b,dummy-lora-7b-rank-16-5,1310,78,323.2841806528647
3765,huggyllama/llama-7b,dummy-lora-7b-rank-128-0,2850,21,323.43732762853637
3766,huggyllama/llama-7b,dummy-lora-7b-rank-16-6,1160,130,323.68132450503026
3767,huggyllama/llama-7b,dummy-lora-7b-rank-16-7,1554,198,323.89547069982547
3768,huggyllama/llama-7b,dummy-lora-7b-rank-8-9,1597,52,323.9694484762092
3769,huggyllama/llama-7b,dummy-lora-7b-rank-16-8,917,406,324.07976621292187
3770,huggyllama/llama-7b,dummy-lora-7b-rank-8-10,907,57,324.12908473051107
3771,huggyllama/llama-7b,dummy-lora-7b-rank-8-11,1881,701,324.7637361805404
3772,huggyllama/llama-7b,dummy-lora-7b-rank-16-9,805,92,324.8403096683762
3773,huggyllama/llama-7b,dummy-lora-7b-rank-16-10,766,52,325.28417632667896
3774,huggyllama/llama-7b,dummy-lora-7b-rank-64-6,2349,6,325.288069893857
3775,huggyllama/llama-7b,dummy-lora-7b-rank-32-1,1783,52,325.4399190138027
3776,huggyllama/llama-7b,dummy-lora-7b-rank-8-12,521,52,325.5035139443782
3777,huggyllama/llama-7b,dummy-lora-7b-rank-8-13,771,57,325.54244961615916
3778,huggyllama/llama-7b,dummy-lora-7b-rank-16-11,1012,57,325.5813852879401
3779,huggyllama/llama-7b,dummy-lora-7b-rank-16-0,728,57,325.59955526810455
3780,huggyllama/llama-7b,dummy-lora-7b-rank-16-1,783,92,325.6345973727074
3781,huggyllama/llama-7b,dummy-lora-7b-rank-8-14,890,88,325.77087222394067
3782,huggyllama/llama-7b,dummy-lora-7b-rank-8-15,1411,57,325.89027495073555
3783,huggyllama/llama-7b,dummy-lora-7b-rank-8-0,1015,67,325.9032535079959
3784,huggyllama/llama-7b,dummy-lora-7b-rank-32-2,1347,295,325.9694441500235
3785,huggyllama/llama-7b,dummy-lora-7b-rank-8-1,1945,57,326.0252519462428
3786,huggyllama/llama-7b,dummy-lora-7b-rank-16-2,823,57,326.0278476576949
3787,huggyllama/llama-7b,dummy-lora-7b-rank-8-2,825,57,326.1057190012567
3788,huggyllama/llama-7b,dummy-lora-7b-rank-128-1,2848,7,326.18488820054466
3789,huggyllama/llama-7b,dummy-lora-7b-rank-8-3,596,57,326.27184453418874
3790,huggyllama/llama-7b,dummy-lora-7b-rank-8-4,818,94,326.3678858579151
3791,huggyllama/llama-7b,dummy-lora-7b-rank-8-5,640,57,326.38216227090146
3792,huggyllama/llama-7b,dummy-lora-7b-rank-8-6,583,77,326.39254511670964
3793,huggyllama/llama-7b,dummy-lora-7b-rank-128-2,2988,24,326.4911821518881
3794,huggyllama/llama-7b,dummy-lora-7b-rank-32-3,2585,422,326.51584141068264
3795,huggyllama/llama-7b,dummy-lora-7b-rank-16-3,997,90,326.5379049580252
3796,huggyllama/llama-7b,dummy-lora-7b-rank-16-4,629,79,326.5379049580252
3797,huggyllama/llama-7b,dummy-lora-7b-rank-32-4,1075,109,326.6274570031213
3798,huggyllama/llama-7b,dummy-lora-7b-rank-128-0,3742,27,326.70532834668325
3799,huggyllama/llama-7b,dummy-lora-7b-rank-16-5,1162,61,326.83381606356033
3800,huggyllama/llama-7b,dummy-lora-7b-rank-8-7,1641,57,326.90260241704
3801,huggyllama/llama-7b,dummy-lora-7b-rank-16-6,1581,67,327.02849442246503
3802,huggyllama/llama-7b,dummy-lora-7b-rank-16-7,2410,81,327.02979227819105
3803,huggyllama/llama-7b,dummy-lora-7b-rank-8-8,932,227,327.1154507561091
3804,huggyllama/llama-7b,dummy-lora-7b-rank-8-9,1846,59,327.2919591348494
3805,huggyllama/llama-7b,dummy-lora-7b-rank-8-10,1719,176,327.34776693106875
3806,huggyllama/llama-7b,dummy-lora-7b-rank-8-11,1997,57,327.35425620969886
3807,huggyllama/llama-7b,dummy-lora-7b-rank-8-12,796,79,327.3737240455893
3808,huggyllama/llama-7b,dummy-lora-7b-rank-128-1,3119,7,327.37761761276744
3809,huggyllama/llama-7b,dummy-lora-7b-rank-16-8,2699,94,327.4489996776992
3810,huggyllama/llama-7b,dummy-lora-7b-rank-16-9,2749,79,327.4554889563293
3811,huggyllama/llama-7b,dummy-lora-7b-rank-8-13,1908,72,327.4567868120554
3812,huggyllama/llama-7b,dummy-lora-7b-rank-16-10,876,180,327.4892332052061
3813,huggyllama/llama-7b,dummy-lora-7b-rank-16-11,1731,130,327.56840240449407
3814,huggyllama/llama-7b,dummy-lora-7b-rank-8-14,982,57,327.57229597167213
3815,huggyllama/llama-7b,dummy-lora-7b-rank-128-2,2901,25,327.6242102007134
3816,huggyllama/llama-7b,dummy-lora-7b-rank-8-15,1686,166,327.774761464933
3817,huggyllama/llama-7b,dummy-lora-7b-rank-8-0,1929,623,327.7786550321111
3818,huggyllama/llama-7b,dummy-lora-7b-rank-8-1,1010,296,327.8889727688238
3819,huggyllama/llama-7b,dummy-lora-7b-rank-8-2,1045,57,328.1667138941945
3820,huggyllama/llama-7b,dummy-lora-7b-rank-8-3,1256,271,328.227713113318
3821,huggyllama/llama-7b,dummy-lora-7b-rank-8-4,915,216,328.2848187652633
3822,huggyllama/llama-7b,dummy-lora-7b-rank-128-0,2967,21,328.3432222729347
3823,huggyllama/llama-7b,dummy-lora-7b-rank-8-5,3037,277,328.45873143255153
3824,huggyllama/llama-7b,dummy-lora-7b-rank-8-6,712,52,328.5132413730448
3825,huggyllama/llama-7b,dummy-lora-7b-rank-8-7,1957,257,328.5132413730448
3826,huggyllama/llama-7b,dummy-lora-7b-rank-16-0,1006,57,328.5495813333737
3827,huggyllama/llama-7b,dummy-lora-7b-rank-32-5,718,125,328.6274526769356
3828,huggyllama/llama-7b,dummy-lora-7b-rank-8-8,1787,72,328.70921758767554
3829,huggyllama/llama-7b,dummy-lora-7b-rank-8-9,2777,131,329.018107250471
3830,huggyllama/llama-7b,dummy-lora-7b-rank-128-1,2854,21,329.018107250471
3831,huggyllama/llama-7b,dummy-lora-7b-rank-16-1,824,57,329.05834077797795
3832,huggyllama/llama-7b,dummy-lora-7b-rank-16-2,619,52,329.06223434515607
3833,huggyllama/llama-7b,dummy-lora-7b-rank-8-10,539,71,329.13621212153987
3834,huggyllama/llama-7b,dummy-lora-7b-rank-8-11,861,88,329.21018989792367
3835,huggyllama/llama-7b,dummy-lora-7b-rank-8-12,2571,759,329.2997419430198
3836,huggyllama/llama-7b,dummy-lora-7b-rank-16-3,1032,227,329.4541867744175
3837,huggyllama/llama-7b,dummy-lora-7b-rank-8-13,959,52,329.5203774164451
3838,huggyllama/llama-7b,dummy-lora-7b-rank-128-2,2852,20,329.55541952104795
3839,huggyllama/llama-7b,dummy-lora-7b-rank-32-6,2801,145,329.6021423271851
3840,huggyllama/llama-7b,dummy-lora-7b-rank-8-14,1039,57,329.69429008373334
3841,huggyllama/llama-7b,dummy-lora-7b-rank-8-15,576,81,329.7799485616514
3842,huggyllama/llama-7b,dummy-lora-7b-rank-16-4,944,52,329.83575635787076
3843,huggyllama/llama-7b,dummy-lora-7b-rank-8-0,956,57,329.8526284823091
3844,huggyllama/llama-7b,dummy-lora-7b-rank-16-5,609,52,329.91362770143263
3845,huggyllama/llama-7b,dummy-lora-7b-rank-16-6,647,339,329.9175212686107
3846,huggyllama/llama-7b,dummy-lora-7b-rank-16-7,622,57,329.9369891045012
3847,huggyllama/llama-7b,dummy-lora-7b-rank-8-1,941,62,330.0641789656522
3848,huggyllama/llama-7b,dummy-lora-7b-rank-32-7,2336,329,330.07585966718653
3849,huggyllama/llama-7b,dummy-lora-7b-rank-8-2,864,83,330.11868890614556
3850,huggyllama/llama-7b,dummy-lora-7b-rank-8-3,882,82,330.16411385655664
3851,huggyllama/llama-7b,dummy-lora-7b-rank-128-0,2860,24,330.1874752596252
3852,huggyllama/llama-7b,dummy-lora-7b-rank-8-4,2568,284,330.2238152199541
3853,huggyllama/llama-7b,dummy-lora-7b-rank-8-5,2386,116,330.34451580247503
3854,huggyllama/llama-7b,dummy-lora-7b-rank-8-6,1648,57,330.4133021559547
3855,huggyllama/llama-7b,dummy-lora-7b-rank-16-8,1240,114,330.4859820766124
3856,huggyllama/llama-7b,dummy-lora-7b-rank-16-9,1938,654,330.61966121639364
3857,huggyllama/llama-7b,dummy-lora-7b-rank-16-10,540,66,330.65470332099653
3858,huggyllama/llama-7b,dummy-lora-7b-rank-16-11,1589,116,330.7546382119009
3859,huggyllama/llama-7b,dummy-lora-7b-rank-16-0,621,80,330.80914815239424
3860,huggyllama/llama-7b,dummy-lora-7b-rank-8-7,1634,132,330.86495594861356
3861,huggyllama/llama-7b,dummy-lora-7b-rank-8-8,1343,52,331.26599336795726
3862,huggyllama/llama-7b,dummy-lora-7b-rank-8-9,813,57,331.3140140298204
3863,huggyllama/llama-7b,dummy-lora-7b-rank-16-1,1297,306,331.5411387818759
3864,huggyllama/llama-7b,dummy-lora-7b-rank-8-10,1701,434,331.6034358567254
3865,huggyllama/llama-7b,dummy-lora-7b-rank-8-11,759,64,331.7916249369999
3866,huggyllama/llama-7b,dummy-lora-7b-rank-16-2,948,158,331.9266019325072
3867,huggyllama/llama-7b,dummy-lora-7b-rank-16-3,816,61,332.03562181349383
3868,huggyllama/llama-7b,dummy-lora-7b-rank-8-12,1039,213,332.1602159631928
3869,huggyllama/llama-7b,dummy-lora-7b-rank-16-4,783,57,332.2419808739328
3870,huggyllama/llama-7b,dummy-lora-7b-rank-8-13,847,90,332.2640444212753
3871,huggyllama/llama-7b,dummy-lora-7b-rank-8-14,1594,116,332.3925321381524
3872,huggyllama/llama-7b,dummy-lora-7b-rank-16-5,758,251,332.4055106954128
3873,huggyllama/llama-7b,dummy-lora-7b-rank-8-15,912,212,332.4314678099334
3874,huggyllama/llama-7b,dummy-lora-7b-rank-16-6,1768,90,332.4859777504266
3875,huggyllama/llama-7b,dummy-lora-7b-rank-16-7,1640,132,332.49765845196094
3876,huggyllama/llama-7b,dummy-lora-7b-rank-8-0,990,269,332.5846147856051
3877,huggyllama/llama-7b,dummy-lora-7b-rank-64-7,2352,385,332.85846234379767
3878,huggyllama/llama-7b,dummy-lora-7b-rank-8-1,1022,112,332.88961088122244
3879,huggyllama/llama-7b,dummy-lora-7b-rank-16-8,1610,166,332.90388729420874
3880,huggyllama/llama-7b,dummy-lora-7b-rank-16-9,1631,168,333.1868198424836
3881,huggyllama/llama-7b,dummy-lora-7b-rank-8-2,804,248,333.2984354349223
3882,huggyllama/llama-7b,dummy-lora-7b-rank-128-1,2971,27,333.3075204250045
3883,huggyllama/llama-7b,dummy-lora-7b-rank-16-10,1391,320,333.57098513738885
3884,huggyllama/llama-7b,dummy-lora-7b-rank-16-11,1206,134,333.6099208091698
3885,huggyllama/llama-7b,dummy-lora-7b-rank-8-3,704,88,333.7319192474167
3886,huggyllama/llama-7b,dummy-lora-7b-rank-16-0,913,57,333.8435348398554
3887,huggyllama/llama-7b,dummy-lora-7b-rank-128-2,2944,21,333.90712977043097
3888,huggyllama/llama-7b,dummy-lora-7b-rank-16-1,2546,65,334.04859604456834
3889,huggyllama/llama-7b,dummy-lora-7b-rank-16-2,1454,57,334.19655159733594
3890,huggyllama/llama-7b,dummy-lora-7b-rank-8-4,943,82,334.30167791114445
3891,huggyllama/llama-7b,dummy-lora-7b-rank-16-3,1950,661,334.41329350358313
3892,huggyllama/llama-7b,dummy-lora-7b-rank-16-4,812,91,334.4963562700492
3893,huggyllama/llama-7b,dummy-lora-7b-rank-8-5,1338,312,334.5755254693371
3894,huggyllama/llama-7b,dummy-lora-7b-rank-32-8,628,52,334.6676732258853
3895,huggyllama/llama-7b,dummy-lora-7b-rank-16-5,455,60,334.73256601218685
3896,huggyllama/llama-7b,dummy-lora-7b-rank-16-6,548,57,334.75462955952935
3897,huggyllama/llama-7b,dummy-lora-7b-rank-8-6,1433,57,334.78188452977605
3898,huggyllama/llama-7b,dummy-lora-7b-rank-8-7,547,68,334.8376923259954
3899,huggyllama/llama-7b,dummy-lora-7b-rank-64-8,2438,248,334.9337336497217
3900,huggyllama/llama-7b,dummy-lora-7b-rank-8-8,1150,61,334.98175431158484
3901,huggyllama/llama-7b,dummy-lora-7b-rank-128-0,2863,25,335.05183852079057
3902,huggyllama/llama-7b,dummy-lora-7b-rank-128-1,2848,20,335.07000850095505
3903,huggyllama/llama-7b,dummy-lora-7b-rank-16-7,678,67,335.4450888057781
3904,huggyllama/llama-7b,dummy-lora-7b-rank-8-9,1571,116,335.4879180447371
3905,huggyllama/llama-7b,dummy-lora-7b-rank-8-10,1616,128,335.56059796539483
3906,huggyllama/llama-7b,dummy-lora-7b-rank-16-8,1115,57,335.58655507991546
3907,huggyllama/llama-7b,dummy-lora-7b-rank-64-0,2294,269,335.6864899708199
3908,huggyllama/llama-7b,dummy-lora-7b-rank-16-9,761,57,336.0070603351496
3909,huggyllama/llama-7b,dummy-lora-7b-rank-8-11,890,57,336.00835819087564
3910,huggyllama/llama-7b,dummy-lora-7b-rank-8-12,797,61,336.0213367481359
3911,huggyllama/llama-7b,dummy-lora-7b-rank-16-10,1912,180,336.0524852855607
3912,huggyllama/llama-7b,dummy-lora-7b-rank-8-13,769,57,336.1121866489582
3913,huggyllama/llama-7b,dummy-lora-7b-rank-64-1,2957,515,336.1965472711502
3914,huggyllama/llama-7b,dummy-lora-7b-rank-16-11,1034,90,336.32373713230123
3915,huggyllama/llama-7b,dummy-lora-7b-rank-64-2,2787,460,336.34450282391776
3916,huggyllama/llama-7b,dummy-lora-7b-rank-16-0,807,57,336.3613749483561
3917,huggyllama/llama-7b,dummy-lora-7b-rank-32-9,959,57,336.5249047698361
3918,huggyllama/llama-7b,dummy-lora-7b-rank-16-1,1223,57,336.5729254316992
3919,huggyllama/llama-7b,dummy-lora-7b-rank-8-14,605,57,336.8182201639192
3920,huggyllama/llama-7b,dummy-lora-7b-rank-16-2,1177,70,336.91296363191947
3921,huggyllama/llama-7b,dummy-lora-7b-rank-16-3,1731,57,336.9246443334537
3922,huggyllama/llama-7b,dummy-lora-7b-rank-16-4,1963,57,337.0479406274268
3923,huggyllama/llama-7b,dummy-lora-7b-rank-16-5,1142,144,337.22964042907114
3924,huggyllama/llama-7b,dummy-lora-7b-rank-16-6,1230,82,337.2426189863314
3925,huggyllama/llama-7b,dummy-lora-7b-rank-16-7,1718,123,337.40095738490726
3926,huggyllama/llama-7b,dummy-lora-7b-rank-8-15,592,52,337.5112751216199
3927,huggyllama/llama-7b,dummy-lora-7b-rank-16-8,703,57,337.54501937049673
3928,huggyllama/llama-7b,dummy-lora-7b-rank-8-0,802,57,337.58006147509957
3929,huggyllama/llama-7b,dummy-lora-7b-rank-16-9,429,62,337.61640143542843
3930,huggyllama/llama-7b,dummy-lora-7b-rank-8-1,2381,59,337.6748049430998
3931,huggyllama/llama-7b,dummy-lora-7b-rank-8-2,1032,52,337.68259207745604
3932,huggyllama/llama-7b,dummy-lora-7b-rank-8-3,730,76,337.6929749232643
3933,huggyllama/llama-7b,dummy-lora-7b-rank-128-2,3095,28,337.7474848637576
3934,huggyllama/llama-7b,dummy-lora-7b-rank-8-4,943,57,337.7786334011824
3935,huggyllama/llama-7b,dummy-lora-7b-rank-16-10,523,87,337.8629940233744
3936,huggyllama/llama-7b,dummy-lora-7b-rank-16-11,901,67,337.92658895394993
3937,huggyllama/llama-7b,dummy-lora-7b-rank-16-0,481,57,337.9317803768541
3938,huggyllama/llama-7b,dummy-lora-7b-rank-16-1,1167,57,337.9382696554842
3939,huggyllama/llama-7b,dummy-lora-7b-rank-16-2,807,77,338.20952150222473
3940,huggyllama/llama-7b,dummy-lora-7b-rank-16-3,823,57,338.32243495038944
3941,huggyllama/llama-7b,dummy-lora-7b-rank-8-5,900,112,338.54436827954083
3942,huggyllama/llama-7b,dummy-lora-7b-rank-8-6,999,57,338.61575034447253
3943,huggyllama/llama-7b,dummy-lora-7b-rank-16-4,1308,79,338.6222396231027
3944,huggyllama/llama-7b,dummy-lora-7b-rank-128-0,2856,22,338.7104938124728
3945,huggyllama/llama-7b,dummy-lora-7b-rank-16-5,1024,467,338.71438737965093
3946,huggyllama/llama-7b,dummy-lora-7b-rank-32-0,826,57,338.86364078814455
3947,huggyllama/llama-7b,dummy-lora-7b-rank-8-7,1762,134,338.8960871812953
3948,huggyllama/llama-7b,dummy-lora-7b-rank-8-8,705,57,339.16344546085776
3949,huggyllama/llama-7b,dummy-lora-7b-rank-16-6,1112,57,339.21795540135105
3950,huggyllama/llama-7b,dummy-lora-7b-rank-16-7,724,116,339.5657807359275
3951,huggyllama/llama-7b,dummy-lora-7b-rank-32-1,3294,52,339.6034185519824
3952,huggyllama/llama-7b,dummy-lora-7b-rank-16-8,1592,57,339.64365207948936
3953,huggyllama/llama-7b,dummy-lora-7b-rank-8-9,1225,357,339.8590961300106
3954,huggyllama/llama-7b,dummy-lora-7b-rank-8-10,649,361,340.0122431056823
3955,huggyllama/llama-7b,dummy-lora-7b-rank-16-9,1525,125,340.21470859894316
3956,huggyllama/llama-7b,dummy-lora-7b-rank-128-1,2936,21,340.22638930047736
3957,huggyllama/llama-7b,dummy-lora-7b-rank-16-10,1120,119,340.27570781806656
3958,huggyllama/llama-7b,dummy-lora-7b-rank-8-11,1521,93,340.41587623647797
3959,huggyllama/llama-7b,dummy-lora-7b-rank-32-2,1107,181,340.4976411472179
3960,huggyllama/llama-7b,dummy-lora-7b-rank-16-11,1747,109,340.5235982617386
3961,huggyllama/llama-7b,dummy-lora-7b-rank-16-0,925,295,340.5560446548894
3962,huggyllama/llama-7b,dummy-lora-7b-rank-8-12,630,57,340.63132028699914
3963,huggyllama/llama-7b,dummy-lora-7b-rank-8-13,631,59,340.78057369549276
3964,huggyllama/llama-7b,dummy-lora-7b-rank-32-3,715,93,341.0051027360962
3965,huggyllama/llama-7b,dummy-lora-7b-rank-64-3,2200,135,341.0089963032743
3966,huggyllama/llama-7b,dummy-lora-7b-rank-16-1,1967,716,341.12061189571295
3967,huggyllama/llama-7b,dummy-lora-7b-rank-8-14,1015,86,341.41262943407
3968,huggyllama/llama-7b,dummy-lora-7b-rank-128-2,2856,22,341.4243101356043
3969,huggyllama/llama-7b,dummy-lora-7b-rank-32-4,633,59,341.4463736829468
3970,huggyllama/llama-7b,dummy-lora-7b-rank-16-2,2158,500,341.58783995708427
3971,huggyllama/llama-7b,dummy-lora-7b-rank-8-15,1836,804,341.70464697242704
3972,huggyllama/llama-7b,dummy-lora-7b-rank-128-0,2930,19,341.75656120146834
3973,huggyllama/llama-7b,dummy-lora-7b-rank-16-3,862,52,341.81756042059175
3974,huggyllama/llama-7b,dummy-lora-7b-rank-128-1,2937,17,342.0083452123183
3975,huggyllama/llama-7b,dummy-lora-7b-rank-8-0,924,67,342.0109409237704
3976,huggyllama/llama-7b,dummy-lora-7b-rank-8-1,1004,79,342.15759862081194
3977,huggyllama/llama-7b,dummy-lora-7b-rank-16-4,977,90,342.3055541735796
3978,huggyllama/llama-7b,dummy-lora-7b-rank-64-4,2162,142,342.76239938914256
3979,huggyllama/llama-7b,dummy-lora-7b-rank-8-2,996,57,342.7688886677727
3980,huggyllama/llama-7b,dummy-lora-7b-rank-8-3,669,52,342.77278223495085
3981,huggyllama/llama-7b,dummy-lora-7b-rank-8-4,710,57,342.7831650807591
3982,huggyllama/llama-7b,dummy-lora-7b-rank-16-5,904,57,342.82729217544414
3983,huggyllama/llama-7b,dummy-lora-7b-rank-16-6,879,57,342.9207377877184
3984,huggyllama/llama-7b,dummy-lora-7b-rank-16-7,1600,57,342.9363120564308
3985,huggyllama/llama-7b,dummy-lora-7b-rank-16-8,828,61,342.94280133506095
3986,huggyllama/llama-7b,dummy-lora-7b-rank-16-9,2129,116,343.05311907177355
3987,huggyllama/llama-7b,dummy-lora-7b-rank-8-5,1145,90,343.05311907177355
3988,huggyllama/llama-7b,dummy-lora-7b-rank-16-10,872,67,343.10243758936275
3989,huggyllama/llama-7b,dummy-lora-7b-rank-8-6,827,359,343.2387124405961
3990,huggyllama/llama-7b,dummy-lora-7b-rank-8-7,683,57,343.38666799336363
3991,huggyllama/llama-7b,dummy-lora-7b-rank-8-8,1062,57,343.53332569040515
3992,huggyllama/llama-7b,dummy-lora-7b-rank-8-9,1094,57,343.5398149690353
3993,huggyllama/llama-7b,dummy-lora-7b-rank-16-11,816,57,343.55279352629566
3994,huggyllama/llama-7b,dummy-lora-7b-rank-8-10,1303,57,343.56706993928196
3995,huggyllama/llama-7b,dummy-lora-7b-rank-16-0,1116,69,343.6254734469534
3996,huggyllama/llama-7b,dummy-lora-7b-rank-8-11,763,70,343.6384520042137
3997,huggyllama/llama-7b,dummy-lora-7b-rank-8-12,809,77,343.65921769583025
3998,huggyllama/llama-7b,dummy-lora-7b-rank-8-13,767,75,343.66181340728224
3999,huggyllama/llama-7b,dummy-lora-7b-rank-8-14,1083,86,343.7007490790632
4000,huggyllama/llama-7b,dummy-lora-7b-rank-16-1,727,57,343.74747188520035
4001,huggyllama/llama-7b,dummy-lora-7b-rank-8-15,1944,78,343.7617482981867
4002,huggyllama/llama-7b,dummy-lora-7b-rank-16-2,1210,87,343.8136625272279
4003,huggyllama/llama-7b,dummy-lora-7b-rank-16-3,1203,90,343.82144966158415
4004,huggyllama/llama-7b,dummy-lora-7b-rank-16-4,3464,112,343.856491766187
4005,huggyllama/llama-7b,dummy-lora-7b-rank-8-0,546,73,344.0148301647628
4006,huggyllama/llama-7b,dummy-lora-7b-rank-8-1,1814,52,344.12644575720145
4007,huggyllama/llama-7b,dummy-lora-7b-rank-8-2,1655,52,344.22378493665383
4008,huggyllama/llama-7b,dummy-lora-7b-rank-16-5,1002,90,344.34837908635285
4009,huggyllama/llama-7b,dummy-lora-7b-rank-8-3,940,95,344.3613576436132
4010,huggyllama/llama-7b,dummy-lora-7b-rank-16-6,909,225,344.36525121079126
4011,huggyllama/llama-7b,dummy-lora-7b-rank-16-7,626,59,344.4599946787915
4012,huggyllama/llama-7b,dummy-lora-7b-rank-8-4,1303,294,344.4599946787915
4013,huggyllama/llama-7b,dummy-lora-7b-rank-32-5,956,120,344.4729732360518
4014,huggyllama/llama-7b,dummy-lora-7b-rank-16-8,1392,57,344.5196960421889
4015,huggyllama/llama-7b,dummy-lora-7b-rank-8-5,1381,52,344.5196960421889
4016,huggyllama/llama-7b,dummy-lora-7b-rank-16-9,2185,79,344.56641884832607
4017,huggyllama/llama-7b,dummy-lora-7b-rank-16-10,1299,65,344.58978025139464
4018,huggyllama/llama-7b,dummy-lora-7b-rank-8-6,867,57,344.7753736202171
4019,huggyllama/llama-7b,dummy-lora-7b-rank-8-7,754,57,344.9726476905739
4020,huggyllama/llama-7b,dummy-lora-7b-rank-8-8,2861,590,345.0258597753412
4021,huggyllama/llama-7b,dummy-lora-7b-rank-16-11,733,292,345.18549602964305
4022,huggyllama/llama-7b,dummy-lora-7b-rank-8-9,1089,52,345.19198530827316
4023,huggyllama/llama-7b,dummy-lora-7b-rank-8-10,1475,415,345.19847458690333
4024,huggyllama/llama-7b,dummy-lora-7b-rank-128-2,2849,8,345.21924027851986
4025,huggyllama/llama-7b,dummy-lora-7b-rank-8-11,661,63,345.24389953731446
4026,huggyllama/llama-7b,dummy-lora-7b-rank-16-0,1283,57,345.2529845273966
4027,huggyllama/llama-7b,dummy-lora-7b-rank-16-1,962,57,345.26206951747884
4028,huggyllama/llama-7b,dummy-lora-7b-rank-16-2,1195,61,345.265963084657
4029,huggyllama/llama-7b,dummy-lora-7b-rank-16-3,2215,168,345.2997073335338
4030,huggyllama/llama-7b,dummy-lora-7b-rank-16-4,1217,73,345.3710893984655
4031,huggyllama/llama-7b,dummy-lora-7b-rank-16-5,1398,322,345.4801092794521
4032,huggyllama/llama-7b,dummy-lora-7b-rank-8-12,1019,52,345.48400284663023
4033,huggyllama/llama-7b,dummy-lora-7b-rank-8-13,1090,73,345.6332562551238
4034,huggyllama/llama-7b,dummy-lora-7b-rank-8-14,786,57,345.765637539179
4035,huggyllama/llama-7b,dummy-lora-7b-rank-8-15,738,65,345.7721268178092
4036,huggyllama/llama-7b,dummy-lora-7b-rank-8-0,1751,106,345.7889989422476
4037,huggyllama/llama-7b,dummy-lora-7b-rank-8-1,1104,57,345.9122952362206
4038,huggyllama/llama-7b,dummy-lora-7b-rank-32-6,1092,104,345.99276229123456
4039,huggyllama/llama-7b,dummy-lora-7b-rank-8-2,935,90,346.14201569972806
4040,huggyllama/llama-7b,dummy-lora-7b-rank-8-3,1211,57,346.14331355545414
4041,huggyllama/llama-7b,dummy-lora-7b-rank-8-4,1184,453,346.2393548791805
4042,huggyllama/llama-7b,dummy-lora-7b-rank-8-5,1225,82,346.28088626241345
4043,huggyllama/llama-7b,dummy-lora-7b-rank-32-7,825,392,346.3263112128246
4044,huggyllama/llama-7b,dummy-lora-7b-rank-128-0,2845,23,346.51060672592104
4045,huggyllama/llama-7b,dummy-lora-7b-rank-8-6,1217,57,346.5183938602772
4046,huggyllama/llama-7b,dummy-lora-7b-rank-8-7,2240,158,346.802624264278
4047,huggyllama/llama-7b,dummy-lora-7b-rank-8-8,1137,126,346.96615408575803
4048,huggyllama/llama-7b,dummy-lora-7b-rank-16-6,1134,430,347.15304531030654
4049,huggyllama/llama-7b,dummy-lora-7b-rank-8-9,1941,575,347.2451930668547
4050,huggyllama/llama-7b,dummy-lora-7b-rank-16-7,1080,402,347.3230644104166
4051,huggyllama/llama-7b,dummy-lora-7b-rank-128-1,2871,21,347.3464258134851
4052,huggyllama/llama-7b,dummy-lora-7b-rank-16-8,1202,90,347.36978721655373
4053,huggyllama/llama-7b,dummy-lora-7b-rank-8-10,909,405,347.4100207440607
4054,huggyllama/llama-7b,dummy-lora-7b-rank-16-9,1011,69,347.50476421206093
4055,huggyllama/llama-7b,dummy-lora-7b-rank-8-11,2884,648,347.55667844110224
4056,huggyllama/llama-7b,dummy-lora-7b-rank-32-8,883,619,347.6618047549108
4057,huggyllama/llama-7b,dummy-lora-7b-rank-128-2,2859,23,347.673485456445
4058,huggyllama/llama-7b,dummy-lora-7b-rank-8-12,1357,925,347.9758858406103
4059,huggyllama/llama-7b,dummy-lora-7b-rank-64-5,2249,5,348.14720279644644
4060,huggyllama/llama-7b,dummy-lora-7b-rank-64-6,2535,268,348.16147920943285
4061,huggyllama/llama-7b,dummy-lora-7b-rank-16-10,1186,65,348.17445776669314
4062,huggyllama/llama-7b,dummy-lora-7b-rank-16-11,869,52,348.27309480187154
4063,huggyllama/llama-7b,dummy-lora-7b-rank-8-13,1240,57,348.293860493488
4064,huggyllama/llama-7b,dummy-lora-7b-rank-8-14,317,62,348.39119967294033
4065,huggyllama/llama-7b,dummy-lora-7b-rank-8-15,531,247,348.4327310561734
4066,huggyllama/llama-7b,dummy-lora-7b-rank-8-0,820,265,348.43532676762544
4067,huggyllama/llama-7b,dummy-lora-7b-rank-8-1,684,117,348.45998602642
4068,huggyllama/llama-7b,dummy-lora-7b-rank-16-0,873,79,348.5041131211051
4069,huggyllama/llama-7b,dummy-lora-7b-rank-16-1,1273,57,348.84285346559926
4070,huggyllama/llama-7b,dummy-lora-7b-rank-8-2,564,52,349.1141053123398
4071,huggyllama/llama-7b,dummy-lora-7b-rank-16-2,1022,64,349.13227529250423
4072,huggyllama/llama-7b,dummy-lora-7b-rank-8-3,2127,297,349.14655170549054
4073,huggyllama/llama-7b,dummy-lora-7b-rank-16-3,1179,57,349.15304098412076
4074,huggyllama/llama-7b,dummy-lora-7b-rank-16-4,1116,85,349.1621259742029
4075,huggyllama/llama-7b,dummy-lora-7b-rank-64-7,2520,355,349.1867852329975
4076,huggyllama/llama-7b,dummy-lora-7b-rank-16-5,1268,57,349.1971680788058
4077,huggyllama/llama-7b,dummy-lora-7b-rank-32-9,1417,57,349.22052948187434
4078,huggyllama/llama-7b,dummy-lora-7b-rank-8-4,1602,70,349.23091232768263
4079,huggyllama/llama-7b,dummy-lora-7b-rank-8-5,431,57,349.25686944220325
4080,huggyllama/llama-7b,dummy-lora-7b-rank-8-6,1133,706,349.3957400048886
4081,huggyllama/llama-7b,dummy-lora-7b-rank-8-7,1210,77,349.4035271392448
4082,huggyllama/llama-7b,dummy-lora-7b-rank-16-6,1494,235,349.4904834728889
4083,huggyllama/llama-7b,dummy-lora-7b-rank-16-7,815,52,349.5579719706425
4084,huggyllama/llama-7b,dummy-lora-7b-rank-8-8,1162,126,349.704629667684
4085,huggyllama/llama-7b,dummy-lora-7b-rank-8-9,948,57,349.829223817383
4086,huggyllama/llama-7b,dummy-lora-7b-rank-8-10,1386,261,349.9732858029725
4087,huggyllama/llama-7b,dummy-lora-7b-rank-8-11,1097,57,349.9810729373287
4088,huggyllama/llama-7b,dummy-lora-7b-rank-8-12,1291,69,350.07451854960294
4089,huggyllama/llama-7b,dummy-lora-7b-rank-16-8,1166,52,350.10436923130163
4090,huggyllama/llama-7b,dummy-lora-7b-rank-8-13,1192,69,350.1342199130004
4091,huggyllama/llama-7b,dummy-lora-7b-rank-16-9,950,57,350.2081976893842
4092,huggyllama/llama-7b,dummy-lora-7b-rank-8-14,594,57,350.21598482374037
4093,huggyllama/llama-7b,dummy-lora-7b-rank-16-10,1072,52,350.2341548039048
4094,huggyllama/llama-7b,dummy-lora-7b-rank-8-15,1088,88,350.2925583115762
4095,huggyllama/llama-7b,dummy-lora-7b-rank-16-11,1749,90,350.3003454459324
4096,huggyllama/llama-7b,dummy-lora-7b-rank-8-0,1324,81,350.34577039634354
4097,huggyllama/llama-7b,dummy-lora-7b-rank-16-0,369,65,350.3561532421517
4098,huggyllama/llama-7b,dummy-lora-7b-rank-8-1,893,77,350.36394037650797
4099,huggyllama/llama-7b,dummy-lora-7b-rank-64-8,2316,5,350.52227877508375
4100,huggyllama/llama-7b,dummy-lora-7b-rank-64-0,3080,620,350.5235766308098
4101,huggyllama/llama-7b,dummy-lora-7b-rank-8-2,1205,317,350.5365551880701
4102,huggyllama/llama-7b,dummy-lora-7b-rank-16-1,1725,104,350.5404487552482
4103,huggyllama/llama-7b,dummy-lora-7b-rank-128-0,2849,26,350.58457584993323
4104,huggyllama/llama-7b,dummy-lora-7b-rank-16-2,1115,141,350.60534154154976
4105,huggyllama/llama-7b,dummy-lora-7b-rank-8-3,2621,171,350.8091048905367
4106,huggyllama/llama-7b,dummy-lora-7b-rank-16-3,1338,57,350.87269982111223
4107,huggyllama/llama-7b,dummy-lora-7b-rank-16-4,1325,52,350.9531668761262
4108,huggyllama/llama-7b,dummy-lora-7b-rank-16-5,1675,57,350.9661454333865
4109,huggyllama/llama-7b,dummy-lora-7b-rank-16-6,1414,287,351.01286823952364
4110,huggyllama/llama-7b,dummy-lora-7b-rank-16-7,744,57,351.0777610258251
4111,huggyllama/llama-7b,dummy-lora-7b-rank-8-4,1169,57,351.08554816018136
4112,huggyllama/llama-7b,dummy-lora-7b-rank-16-8,1587,60,351.1673130709213
4113,huggyllama/llama-7b,dummy-lora-7b-rank-8-5,1506,57,351.18029162818164
4114,huggyllama/llama-7b,dummy-lora-7b-rank-8-6,1091,88,351.3321407481273
4115,huggyllama/llama-7b,dummy-lora-7b-rank-8-7,1358,57,351.4697134550866
4116,huggyllama/llama-7b,dummy-lora-7b-rank-16-9,1625,57,351.5359040971142
4117,huggyllama/llama-7b,dummy-lora-7b-rank-8-8,1393,66,351.5670526345389
4118,huggyllama/llama-7b,dummy-lora-7b-rank-16-10,2237,249,351.5865204704295
4119,huggyllama/llama-7b,dummy-lora-7b-rank-16-11,1079,322,351.66179610253926
4120,huggyllama/llama-7b,dummy-lora-7b-rank-16-0,1236,57,351.6708810926215
4121,huggyllama/llama-7b,dummy-lora-7b-rank-8-9,629,57,351.83051734692333
4122,huggyllama/llama-7b,dummy-lora-7b-rank-128-1,2848,25,351.86426159580014
4123,huggyllama/llama-7b,dummy-lora-7b-rank-8-10,519,55,351.91747368056747
4124,huggyllama/llama-7b,dummy-lora-7b-rank-16-1,1280,116,351.9564093523484
4125,huggyllama/llama-7b,dummy-lora-7b-rank-32-0,419,65,351.99145145695115
4126,huggyllama/llama-7b,dummy-lora-7b-rank-8-11,603,72,352.0550463875268
4127,huggyllama/llama-7b,dummy-lora-7b-rank-16-2,990,186,352.0784077905953
4128,huggyllama/llama-7b,dummy-lora-7b-rank-8-12,612,90,352.23025691054096
4129,huggyllama/llama-7b,dummy-lora-7b-rank-16-3,1155,144,352.27957542813016
4130,huggyllama/llama-7b,dummy-lora-7b-rank-16-4,2678,378,352.3821060304867
4131,huggyllama/llama-7b,dummy-lora-7b-rank-16-5,1400,801,352.4431052496101
4132,huggyllama/llama-7b,dummy-lora-7b-rank-8-13,3217,869,352.5041044687336
4133,huggyllama/llama-7b,dummy-lora-7b-rank-128-2,2859,23,352.7325270765151
4134,huggyllama/llama-7b,dummy-lora-7b-rank-64-1,3188,665,352.86231264911817
4135,huggyllama/llama-7b,dummy-lora-7b-rank-16-6,1221,57,352.96224754002264
4136,huggyllama/llama-7b,dummy-lora-7b-rank-8-14,1536,341,353.11539451569433
4137,huggyllama/llama-7b,dummy-lora-7b-rank-8-15,1275,228,353.1218837943245
4138,huggyllama/llama-7b,dummy-lora-7b-rank-8-0,1971,63,353.44504987010623
4139,huggyllama/llama-7b,dummy-lora-7b-rank-64-2,2348,375,353.4787941189831
4140,huggyllama/llama-7b,dummy-lora-7b-rank-32-1,716,300,353.55666546254497
4141,huggyllama/llama-7b,dummy-lora-7b-rank-8-1,1934,504,353.60338826868207
4142,huggyllama/llama-7b,dummy-lora-7b-rank-8-2,674,57,353.6501110748192
4143,huggyllama/llama-7b,dummy-lora-7b-rank-32-2,536,85,353.69294031377825
4144,huggyllama/llama-7b,dummy-lora-7b-rank-8-3,1422,268,353.7785987916963
4145,huggyllama/llama-7b,dummy-lora-7b-rank-8-4,1041,105,353.7902794932306
4146,huggyllama/llama-7b,dummy-lora-7b-rank-8-5,1536,171,353.8642572696144
4147,huggyllama/llama-7b,dummy-lora-7b-rank-8-6,1620,57,353.8811293940528
4148,huggyllama/llama-7b,dummy-lora-7b-rank-128-0,2843,20,353.8928100955871
4149,huggyllama/llama-7b,dummy-lora-7b-rank-8-7,688,52,353.92785220018993
4150,huggyllama/llama-7b,dummy-lora-7b-rank-16-7,1146,57,353.99793640939555
4151,huggyllama/llama-7b,dummy-lora-7b-rank-8-8,748,57,354.12382841482065
4152,huggyllama/llama-7b,dummy-lora-7b-rank-16-8,1133,265,354.1445941064372
4153,huggyllama/llama-7b,dummy-lora-7b-rank-16-9,945,61,354.2315504400812
4154,huggyllama/llama-7b,dummy-lora-7b-rank-8-9,667,52,354.3094217836431
4155,huggyllama/llama-7b,dummy-lora-7b-rank-16-10,734,52,354.37561242567074
4156,huggyllama/llama-7b,dummy-lora-7b-rank-16-11,2174,117,354.37561242567074
4157,huggyllama/llama-7b,dummy-lora-7b-rank-32-3,1939,67,354.3976759730133
4158,huggyllama/llama-7b,dummy-lora-7b-rank-16-0,2031,631,354.52097226698623
4159,huggyllama/llama-7b,dummy-lora-7b-rank-8-10,653,77,354.54173795860277
4160,huggyllama/llama-7b,dummy-lora-7b-rank-8-11,918,57,354.5573122273151
4161,huggyllama/llama-7b,dummy-lora-7b-rank-8-12,825,69,354.6325878594249
4162,huggyllama/llama-7b,dummy-lora-7b-rank-16-1,1351,297,355.176389408632
4163,huggyllama/llama-7b,dummy-lora-7b-rank-8-13,1334,148,355.1867722544403
4164,huggyllama/llama-7b,dummy-lora-7b-rank-8-14,575,55,355.2321972048514
4165,huggyllama/llama-7b,dummy-lora-7b-rank-16-2,797,291,355.4593219569069
4166,huggyllama/llama-7b,dummy-lora-7b-rank-16-3,2961,667,355.59170324096203
4167,huggyllama/llama-7b,dummy-lora-7b-rank-16-4,1407,188,355.7085102563049
4168,huggyllama/llama-7b,dummy-lora-7b-rank-16-5,1105,88,355.77340304260645
4169,huggyllama/llama-7b,dummy-lora-7b-rank-8-15,2069,65,355.835700117456
4170,huggyllama/llama-7b,dummy-lora-7b-rank-8-0,828,69,356.01610206337426
4171,huggyllama/llama-7b,dummy-lora-7b-rank-64-3,2434,357,356.35614026359445
4172,huggyllama/llama-7b,dummy-lora-7b-rank-128-1,2875,22,356.4560751544989
4173,huggyllama/llama-7b,dummy-lora-7b-rank-64-4,2151,159,356.6819020508284
4174,huggyllama/llama-7b,dummy-lora-7b-rank-16-6,1169,61,356.9116225143359
4175,huggyllama/llama-7b,dummy-lora-7b-rank-16-7,829,348,356.9479624746648
4176,huggyllama/llama-7b,dummy-lora-7b-rank-128-2,3132,20,357.0569823556514
4177,huggyllama/llama-7b,dummy-lora-7b-rank-8-1,1200,452,357.09721588315836
4178,huggyllama/llama-7b,dummy-lora-7b-rank-32-4,747,65,357.1984486297888
4179,huggyllama/llama-7b,dummy-lora-7b-rank-8-2,614,57,357.33212776957004
4180,huggyllama/llama-7b,dummy-lora-7b-rank-8-3,942,90,357.4748918994335
4181,huggyllama/llama-7b,dummy-lora-7b-rank-16-8,732,69,357.49435973532394
4182,huggyllama/llama-7b,dummy-lora-7b-rank-8-4,809,57,357.5319975513788
4183,huggyllama/llama-7b,dummy-lora-7b-rank-16-9,499,52,357.59429462622836
4184,huggyllama/llama-7b,dummy-lora-7b-rank-16-10,797,57,357.6397195766395
4185,huggyllama/llama-7b,dummy-lora-7b-rank-16-11,1027,81,357.75522873625624
4186,huggyllama/llama-7b,dummy-lora-7b-rank-8-5,966,81,357.78248370650294
4187,huggyllama/llama-7b,dummy-lora-7b-rank-16-0,1112,69,357.79676011948925
4188,huggyllama/llama-7b,dummy-lora-7b-rank-16-1,948,82,357.8019515423934
4189,huggyllama/llama-7b,dummy-lora-7b-rank-16-2,947,119,357.8227172340099
4190,huggyllama/llama-7b,dummy-lora-7b-rank-8-6,1280,834,358.0887776578463
4191,huggyllama/llama-7b,dummy-lora-7b-rank-8-7,3457,88,358.3133066984497
4192,huggyllama/llama-7b,dummy-lora-7b-rank-64-5,2340,5,358.53783573905315
4193,huggyllama/llama-7b,dummy-lora-7b-rank-128-0,2944,21,358.5806649780121
4194,huggyllama/llama-7b,dummy-lora-7b-rank-16-3,578,57,358.72472696360165
4195,huggyllama/llama-7b,dummy-lora-7b-rank-8-8,1633,57,358.9220010339584
4196,huggyllama/llama-7b,dummy-lora-7b-rank-32-5,1674,57,359.0582758851916
4197,huggyllama/llama-7b,dummy-lora-7b-rank-16-4,1981,80,359.06606301954787
4198,huggyllama/llama-7b,dummy-lora-7b-rank-16-5,799,68,359.07255229817804
4199,huggyllama/llama-7b,dummy-lora-7b-rank-8-9,1584,73,359.1634021990002
4200,huggyllama/llama-7b,dummy-lora-7b-rank-8-10,1951,727,359.24257139828813
4201,huggyllama/llama-7b,dummy-lora-7b-rank-8-11,731,69,359.277613502891
4202,huggyllama/llama-7b,dummy-lora-7b-rank-8-12,812,79,359.33601701056244
4203,huggyllama/llama-7b,dummy-lora-7b-rank-8-13,1947,222,359.3931226625078
4204,huggyllama/llama-7b,dummy-lora-7b-rank-16-6,1355,57,359.5890988771385
4205,huggyllama/llama-7b,dummy-lora-7b-rank-8-14,1213,52,359.6176517031112
4206,huggyllama/llama-7b,dummy-lora-7b-rank-8-15,2233,327,359.7954579375775
4207,huggyllama/llama-7b,dummy-lora-7b-rank-8-0,1098,69,360.0355612468933
4208,huggyllama/llama-7b,dummy-lora-7b-rank-16-7,1185,52,360.09396475456464
4209,huggyllama/llama-7b,dummy-lora-7b-rank-32-6,714,166,360.2120696256335
4210,huggyllama/llama-7b,dummy-lora-7b-rank-8-1,1178,124,360.2276438943459
4211,huggyllama/llama-7b,dummy-lora-7b-rank-8-2,1276,57,360.3197916508941
4212,huggyllama/llama-7b,dummy-lora-7b-rank-8-3,1174,77,360.42751367615466
4213,huggyllama/llama-7b,dummy-lora-7b-rank-16-8,1023,69,360.6273834579635
4214,huggyllama/llama-7b,dummy-lora-7b-rank-16-9,1083,57,360.63387273659373
4215,huggyllama/llama-7b,dummy-lora-7b-rank-64-6,2641,428,360.6611277068403
4216,huggyllama/llama-7b,dummy-lora-7b-rank-8-4,1039,237,360.68189339845685
4217,huggyllama/llama-7b,dummy-lora-7b-rank-8-5,748,61,361.04010157884153
4218,huggyllama/llama-7b,dummy-lora-7b-rank-8-6,1328,591,361.22050352475986
4219,huggyllama/llama-7b,dummy-lora-7b-rank-8-7,2574,438,361.23477993774617
4220,huggyllama/llama-7b,dummy-lora-7b-rank-32-7,783,57,361.27371560952713
4221,huggyllama/llama-7b,dummy-lora-7b-rank-8-8,860,57,361.5709245707883
4222,huggyllama/llama-7b,dummy-lora-7b-rank-16-10,773,57,361.9434091641593
4223,huggyllama/llama-7b,dummy-lora-7b-rank-8-9,1595,116,361.96677056722785
4224,huggyllama/llama-7b,dummy-lora-7b-rank-16-11,2608,198,361.98364269166626
4225,huggyllama/llama-7b,dummy-lora-7b-rank-8-10,1009,207,361.99142982602245
4226,huggyllama/llama-7b,dummy-lora-7b-rank-8-11,2337,57,362.0095998061868
4227,huggyllama/llama-7b,dummy-lora-7b-rank-8-12,1857,59,362.08227972684466
4228,huggyllama/llama-7b,dummy-lora-7b-rank-8-13,2546,187,362.093960428379
4229,huggyllama/llama-7b,dummy-lora-7b-rank-128-1,2858,21,362.1017475627351
4230,huggyllama/llama-7b,dummy-lora-7b-rank-16-0,1638,133,362.1147261199954
4231,huggyllama/llama-7b,dummy-lora-7b-rank-8-14,3350,88,362.1977888864614
4232,huggyllama/llama-7b,dummy-lora-7b-rank-128-2,2855,22,362.23412884679027
4233,huggyllama/llama-7b,dummy-lora-7b-rank-16-1,2861,587,362.24710740405067
4234,huggyllama/llama-7b,dummy-lora-7b-rank-8-15,952,81,362.2535966826808
4235,huggyllama/llama-7b,dummy-lora-7b-rank-16-2,1410,82,362.30031948881793
4236,huggyllama/llama-7b,dummy-lora-7b-rank-16-3,1324,100,362.4158286484347
4237,huggyllama/llama-7b,dummy-lora-7b-rank-8-0,886,247,362.677995505093
4238,huggyllama/llama-7b,dummy-lora-7b-rank-32-8,1777,877,362.7273140226822
4239,huggyllama/llama-7b,dummy-lora-7b-rank-8-1,1940,815,362.9064181128745
4240,huggyllama/llama-7b,dummy-lora-7b-rank-8-2,903,57,362.9206945258608
4241,huggyllama/llama-7b,dummy-lora-7b-rank-8-3,710,57,362.93237522739514
4242,huggyllama/llama-7b,dummy-lora-7b-rank-8-4,1995,576,362.9375666502993
4243,huggyllama/llama-7b,dummy-lora-7b-rank-64-7,2422,275,362.94275807320344
4244,huggyllama/llama-7b,dummy-lora-7b-rank-16-4,859,64,362.98948087934053
4245,huggyllama/llama-7b,dummy-lora-7b-rank-16-5,875,57,363.07773506871064
4246,huggyllama/llama-7b,dummy-lora-7b-rank-128-0,2872,24,363.1374364321081
4247,huggyllama/llama-7b,dummy-lora-7b-rank-8-5,1112,126,363.5631331102463
4248,huggyllama/llama-7b,dummy-lora-7b-rank-8-6,1065,90,363.70719509583586
4249,huggyllama/llama-7b,dummy-lora-7b-rank-16-6,880,119,363.714982230192
4250,huggyllama/llama-7b,dummy-lora-7b-rank-8-7,560,57,363.8538527928774
4251,huggyllama/llama-7b,dummy-lora-7b-rank-16-7,1395,78,363.88759704175413
4252,huggyllama/llama-7b,dummy-lora-7b-rank-8-8,1432,83,363.93302199216527
4253,huggyllama/llama-7b,dummy-lora-7b-rank-8-9,1512,52,363.97325551967225
4254,huggyllama/llama-7b,dummy-lora-7b-rank-32-9,687,52,364.05502043041224
4255,huggyllama/llama-7b,dummy-lora-7b-rank-8-10,1614,91,364.0654032762204
4256,huggyllama/llama-7b,dummy-lora-7b-rank-8-11,593,52,364.0965518136452
4257,huggyllama/llama-7b,dummy-lora-7b-rank-8-12,2950,186,364.10304109227536
4258,huggyllama/llama-7b,dummy-lora-7b-rank-16-8,603,57,364.130296062522
4259,huggyllama/llama-7b,dummy-lora-7b-rank-16-9,700,52,364.26397520230324
4260,huggyllama/llama-7b,dummy-lora-7b-rank-16-10,1954,765,364.41322861079686
4261,huggyllama/llama-7b,dummy-lora-7b-rank-8-13,797,179,364.46124927266
4262,huggyllama/llama-7b,dummy-lora-7b-rank-16-11,708,90,364.51835492460543
4263,huggyllama/llama-7b,dummy-lora-7b-rank-8-14,1269,120,364.5313334818657
4264,huggyllama/llama-7b,dummy-lora-7b-rank-16-0,1139,126,364.60011983534537
4265,huggyllama/llama-7b,dummy-lora-7b-rank-8-15,878,52,364.6715019002771
4266,huggyllama/llama-7b,dummy-lora-7b-rank-8-0,891,57,364.7182247064142
4267,huggyllama/llama-7b,dummy-lora-7b-rank-16-1,1147,144,364.7299054079485
4268,huggyllama/llama-7b,dummy-lora-7b-rank-8-1,798,59,364.73639468657865
4269,huggyllama/llama-7b,dummy-lora-7b-rank-16-2,1066,57,364.73769254230467
4270,huggyllama/llama-7b,dummy-lora-7b-rank-16-3,1413,67,364.8012874728802
4271,huggyllama/llama-7b,dummy-lora-7b-rank-8-2,1067,175,365.03100793638777
4272,huggyllama/llama-7b,dummy-lora-7b-rank-16-4,517,90,365.08551787688106
4273,huggyllama/llama-7b,dummy-lora-7b-rank-8-3,1013,69,365.1568999418128
4274,huggyllama/llama-7b,dummy-lora-7b-rank-8-4,1093,88,365.1802613448814
4275,huggyllama/llama-7b,dummy-lora-7b-rank-8-5,1380,57,365.19323990214167
4276,huggyllama/llama-7b,dummy-lora-7b-rank-16-5,494,57,365.206218459402
4277,huggyllama/llama-7b,dummy-lora-7b-rank-16-6,1581,67,365.2711112457036
4278,huggyllama/llama-7b,dummy-lora-7b-rank-16-7,482,79,365.30355763885433
4279,huggyllama/llama-7b,dummy-lora-7b-rank-16-8,2618,81,365.3424933106353
4280,huggyllama/llama-7b,dummy-lora-7b-rank-8-6,1067,57,365.3515783007175
4281,huggyllama/llama-7b,dummy-lora-7b-rank-8-7,1394,61,365.5099166992933
4282,huggyllama/llama-7b,dummy-lora-7b-rank-8-8,1148,70,365.5280866794577
4283,huggyllama/llama-7b,dummy-lora-7b-rank-8-9,1228,74,365.5527459382523
4284,huggyllama/llama-7b,dummy-lora-7b-rank-8-10,686,57,365.60076660011555
4285,huggyllama/llama-7b,dummy-lora-7b-rank-16-9,1841,73,365.6293194260882
4286,huggyllama/llama-7b,dummy-lora-7b-rank-16-10,1626,125,365.6422979833485
4287,huggyllama/llama-7b,dummy-lora-7b-rank-8-11,966,353,365.80452994910246
4288,huggyllama/llama-7b,dummy-lora-7b-rank-8-12,671,52,365.8317849193491
4289,huggyllama/llama-7b,dummy-lora-7b-rank-16-11,685,57,365.86423131249984
4290,huggyllama/llama-7b,dummy-lora-7b-rank-8-13,592,57,365.8772098697602
4291,huggyllama/llama-7b,dummy-lora-7b-rank-8-14,591,52,365.94080480033574
4292,huggyllama/llama-7b,dummy-lora-7b-rank-16-0,570,57,365.9615704919522
4293,huggyllama/llama-7b,dummy-lora-7b-rank-8-15,927,216,366.035548268336
4294,huggyllama/llama-7b,dummy-lora-7b-rank-16-1,796,57,366.11990889052805
4295,huggyllama/llama-7b,dummy-lora-7b-rank-16-2,703,86,366.28084300055593
4296,huggyllama/llama-7b,dummy-lora-7b-rank-64-8,3328,411,366.2925237020902
4297,huggyllama/llama-7b,dummy-lora-7b-rank-16-3,1225,52,366.40803286170694
4298,huggyllama/llama-7b,dummy-lora-7b-rank-16-4,816,57,366.42230927469336
4299,huggyllama/llama-7b,dummy-lora-7b-rank-8-0,1277,60,366.4275006975975
4300,huggyllama/llama-7b,dummy-lora-7b-rank-8-1,2515,57,366.4586492350222
4301,huggyllama/llama-7b,dummy-lora-7b-rank-16-5,803,57,366.49369133962506
4302,huggyllama/llama-7b,dummy-lora-7b-rank-8-2,673,57,366.50796775261136
4303,huggyllama/llama-7b,dummy-lora-7b-rank-32-0,800,81,366.615689777872
4304,huggyllama/llama-7b,dummy-lora-7b-rank-16-6,636,52,366.81426170395474
4305,huggyllama/llama-7b,dummy-lora-7b-rank-8-3,647,57,366.87266521162616
4306,huggyllama/llama-7b,dummy-lora-7b-rank-8-4,534,65,366.9167923063112
4307,huggyllama/llama-7b,dummy-lora-7b-rank-16-7,907,69,366.9687065353525
4308,huggyllama/llama-7b,dummy-lora-7b-rank-8-5,1584,116,367.3450846959016
4309,huggyllama/llama-7b,dummy-lora-7b-rank-8-6,1629,125,367.406083915025
4310,huggyllama/llama-7b,dummy-lora-7b-rank-16-8,729,57,367.5202952189158
4311,huggyllama/llama-7b,dummy-lora-7b-rank-16-9,846,57,367.5371673433542
4312,huggyllama/llama-7b,dummy-lora-7b-rank-8-7,636,61,367.5761030151352
4313,huggyllama/llama-7b,dummy-lora-7b-rank-8-8,867,83,367.6760379060396
4314,huggyllama/llama-7b,dummy-lora-7b-rank-8-9,1017,98,367.73184570225897
4315,huggyllama/llama-7b,dummy-lora-7b-rank-16-10,1208,57,367.94858760850616
4316,huggyllama/llama-7b,dummy-lora-7b-rank-8-10,1021,368,367.9771404344788
4317,huggyllama/llama-7b,dummy-lora-7b-rank-64-0,2225,143,368.0030975489995
4318,huggyllama/llama-7b,dummy-lora-7b-rank-32-1,773,311,368.02256538488996
4319,huggyllama/llama-7b,dummy-lora-7b-rank-16-11,904,399,368.16662737047943
4320,huggyllama/llama-7b,dummy-lora-7b-rank-16-0,942,52,368.29641294308254
4321,huggyllama/llama-7b,dummy-lora-7b-rank-8-11,875,62,368.37817785382254
4322,huggyllama/llama-7b,dummy-lora-7b-rank-8-12,662,52,368.4326877943158
4323,huggyllama/llama-7b,dummy-lora-7b-rank-8-13,1362,57,368.47811274472696
4324,huggyllama/llama-7b,dummy-lora-7b-rank-8-14,696,57,368.4794106004529
4325,huggyllama/llama-7b,dummy-lora-7b-rank-8-15,891,120,368.5066655706996
4326,huggyllama/llama-7b,dummy-lora-7b-rank-8-0,657,52,368.6247704417685
4327,huggyllama/llama-7b,dummy-lora-7b-rank-16-1,717,61,368.6727911036316
4328,huggyllama/llama-7b,dummy-lora-7b-rank-16-2,766,75,368.85189519382396
4329,huggyllama/llama-7b,dummy-lora-7b-rank-8-1,939,52,368.85189519382396
4330,huggyllama/llama-7b,dummy-lora-7b-rank-16-3,755,81,368.85708661672805
4331,huggyllama/llama-7b,dummy-lora-7b-rank-8-2,729,52,368.88953300987885
4332,huggyllama/llama-7b,dummy-lora-7b-rank-16-4,678,57,368.9349579602899
4333,huggyllama/llama-7b,dummy-lora-7b-rank-8-3,1000,57,369.00763788094775
4334,huggyllama/llama-7b,dummy-lora-7b-rank-64-1,2607,425,369.0945942145918
4335,huggyllama/llama-7b,dummy-lora-7b-rank-16-5,1633,252,369.1620827123454
4336,huggyllama/llama-7b,dummy-lora-7b-rank-8-4,641,52,369.17635912533177
4337,huggyllama/llama-7b,dummy-lora-7b-rank-16-6,603,63,369.2516347574416
4338,huggyllama/llama-7b,dummy-lora-7b-rank-8-5,914,183,369.3087404093869
4339,huggyllama/llama-7b,dummy-lora-7b-rank-8-6,709,52,369.41776029037356
4340,huggyllama/llama-7b,dummy-lora-7b-rank-16-7,980,57,369.45150453925044
4341,huggyllama/llama-7b,dummy-lora-7b-rank-8-7,859,57,369.4528023949764
4342,huggyllama/llama-7b,dummy-lora-7b-rank-16-8,458,52,369.5670136988672
4343,huggyllama/llama-7b,dummy-lora-7b-rank-16-9,646,52,369.6552678882373
4344,huggyllama/llama-7b,dummy-lora-7b-rank-16-10,614,61,369.7214585302649
4345,huggyllama/llama-7b,dummy-lora-7b-rank-16-11,2607,75,369.77856418221035
4346,huggyllama/llama-7b,dummy-lora-7b-rank-8-8,2998,287,369.94988113804646
4347,huggyllama/llama-7b,dummy-lora-7b-rank-32-2,913,212,369.95637041667663
4348,huggyllama/llama-7b,dummy-lora-7b-rank-16-0,753,84,369.9667532624848
4349,huggyllama/llama-7b,dummy-lora-7b-rank-8-9,2472,90,369.9706468296629
4350,huggyllama/llama-7b,dummy-lora-7b-rank-8-10,784,90,369.99271037700544
4351,huggyllama/llama-7b,dummy-lora-7b-rank-8-11,1627,125,370.13028308396474
4352,huggyllama/llama-7b,dummy-lora-7b-rank-16-1,378,62,370.2146437061568
4353,huggyllama/llama-7b,dummy-lora-7b-rank-16-2,1913,838,370.4755127070891
4354,huggyllama/llama-7b,dummy-lora-7b-rank-16-3,1580,317,370.75714739963786
4355,huggyllama/llama-7b,dummy-lora-7b-rank-8-12,1079,349,370.9336557783782
4356,huggyllama/llama-7b,dummy-lora-7b-rank-8-13,2051,69,370.93495363410415
4357,huggyllama/llama-7b,dummy-lora-7b-rank-16-4,1344,90,371.0893984655019
4358,huggyllama/llama-7b,dummy-lora-7b-rank-8-14,1951,654,371.1529933960774
4359,huggyllama/llama-7b,dummy-lora-7b-rank-64-2,2496,159,371.384011715311
4360,huggyllama/llama-7b,dummy-lora-7b-rank-8-15,3491,59,371.5099037207361
4361,huggyllama/llama-7b,dummy-lora-7b-rank-8-0,1241,57,371.5657115169554
4362,huggyllama/llama-7b,dummy-lora-7b-rank-16-5,1160,57,371.57869007421573
4363,huggyllama/llama-7b,dummy-lora-7b-rank-16-6,2017,59,371.6254128803529
4364,huggyllama/llama-7b,dummy-lora-7b-rank-64-3,2514,390,371.65266785059947
4365,huggyllama/llama-7b,dummy-lora-7b-rank-8-1,1502,52,371.73053919416134
4366,huggyllama/llama-7b,dummy-lora-7b-rank-8-2,2104,87,371.7850491346547
4367,huggyllama/llama-7b,dummy-lora-7b-rank-8-3,1640,129,371.80841053772326
4368,huggyllama/llama-7b,dummy-lora-7b-rank-8-4,961,57,371.9420896775045
4369,huggyllama/llama-7b,dummy-lora-7b-rank-8-5,1308,121,372.09783236462823
4370,huggyllama/llama-7b,dummy-lora-7b-rank-8-6,1516,73,372.2639578975602
4371,huggyllama/llama-7b,dummy-lora-7b-rank-8-7,2230,916,372.3651906441907
4372,huggyllama/llama-7b,dummy-lora-7b-rank-8-8,2006,533,372.4456576992047
4373,huggyllama/llama-7b,dummy-lora-7b-rank-64-4,2238,123,372.51314619695825
4374,huggyllama/llama-7b,dummy-lora-7b-rank-16-7,947,838,372.55078401301313
4375,huggyllama/llama-7b,dummy-lora-7b-rank-128-1,2845,8,372.56246471454745
4376,huggyllama/llama-7b,dummy-lora-7b-rank-64-5,2834,652,372.62086822221886
4377,huggyllama/llama-7b,dummy-lora-7b-rank-128-2,2932,24,372.73378167038356
4378,huggyllama/llama-7b,dummy-lora-7b-rank-64-6,2927,267,372.77531305361657
4379,huggyllama/llama-7b,dummy-lora-7b-rank-16-8,720,52,373.0867984278641
4380,huggyllama/llama-7b,dummy-lora-7b-rank-16-9,640,56,373.11664910956284
4381,huggyllama/llama-7b,dummy-lora-7b-rank-32-3,1473,90,373.1503933584396
4382,huggyllama/llama-7b,dummy-lora-7b-rank-16-10,733,57,373.249030393618
4383,huggyllama/llama-7b,dummy-lora-7b-rank-8-9,1928,385,373.34507171734435
4384,huggyllama/llama-7b,dummy-lora-7b-rank-8-10,2698,220,373.5034101159202
4385,huggyllama/llama-7b,dummy-lora-7b-rank-16-11,746,52,373.51249510600235
4386,huggyllama/llama-7b,dummy-lora-7b-rank-16-0,663,59,373.5657071907697
4387,huggyllama/llama-7b,dummy-lora-7b-rank-16-1,1673,73,373.6059407182766
4388,huggyllama/llama-7b,dummy-lora-7b-rank-64-7,2419,6,373.62021713126296
4389,huggyllama/llama-7b,dummy-lora-7b-rank-16-2,992,89,373.6318978327973
4390,huggyllama/llama-7b,dummy-lora-7b-rank-128-0,2850,19,373.74870484814005
4391,huggyllama/llama-7b,dummy-lora-7b-rank-8-11,1065,104,373.7629812611264
4392,huggyllama/llama-7b,dummy-lora-7b-rank-8-12,698,67,373.77466196266073
4393,huggyllama/llama-7b,dummy-lora-7b-rank-32-4,1845,172,373.82138476879777
4394,huggyllama/llama-7b,dummy-lora-7b-rank-16-3,638,57,373.8265761917019
4395,huggyllama/llama-7b,dummy-lora-7b-rank-8-13,1151,97,373.8603204405788
4396,huggyllama/llama-7b,dummy-lora-7b-rank-16-4,894,90,373.9407874955927
4397,huggyllama/llama-7b,dummy-lora-7b-rank-16-5,1594,57,374.1834865163606
4398,huggyllama/llama-7b,dummy-lora-7b-rank-16-6,1178,295,374.1977629293469
4399,huggyllama/llama-7b,dummy-lora-7b-rank-16-7,1192,415,374.3716755966351
4400,huggyllama/llama-7b,dummy-lora-7b-rank-16-8,730,57,374.43267481575856
4401,huggyllama/llama-7b,dummy-lora-7b-rank-16-9,773,118,374.54688611964934
4402,huggyllama/llama-7b,dummy-lora-7b-rank-8-14,799,365,374.6805652594306
4403,huggyllama/llama-7b,dummy-lora-7b-rank-8-15,803,79,374.7376709113759
4404,huggyllama/llama-7b,dummy-lora-7b-rank-16-10,1630,133,374.82852081219806
4405,huggyllama/llama-7b,dummy-lora-7b-rank-8-0,1584,165,374.93624283745874
4406,huggyllama/llama-7b,dummy-lora-7b-rank-16-11,448,57,374.9531149618971
4407,huggyllama/llama-7b,dummy-lora-7b-rank-16-0,2073,228,374.9738806535136
4408,huggyllama/llama-7b,dummy-lora-7b-rank-8-1,1043,81,375.0011356237603
4409,huggyllama/llama-7b,dummy-lora-7b-rank-8-2,2140,57,375.2074946841993
4410,huggyllama/llama-7b,dummy-lora-7b-rank-128-1,2875,37,375.48523580957
4411,huggyllama/llama-7b,dummy-lora-7b-rank-16-1,1403,57,375.57478785466606
4412,huggyllama/llama-7b,dummy-lora-7b-rank-16-2,696,57,375.5916599791045
4413,huggyllama/llama-7b,dummy-lora-7b-rank-8-3,1564,52,375.6487656310499
4414,huggyllama/llama-7b,dummy-lora-7b-rank-16-3,1312,67,375.65395705395406
4415,huggyllama/llama-7b,dummy-lora-7b-rank-8-4,1467,57,375.6877013028309
4416,huggyllama/llama-7b,dummy-lora-7b-rank-16-4,929,57,375.7512962334064
4417,huggyllama/llama-7b,dummy-lora-7b-rank-64-8,3914,5,375.75778551203655
4418,huggyllama/llama-7b,dummy-lora-7b-rank-16-5,907,57,375.8356568555984
4419,huggyllama/llama-7b,dummy-lora-7b-rank-16-6,743,57,375.87199681592733
4420,huggyllama/llama-7b,dummy-lora-7b-rank-16-7,2369,69,375.9226131892425
4421,huggyllama/llama-7b,dummy-lora-7b-rank-8-5,542,57,375.945974592311
4422,huggyllama/llama-7b,dummy-lora-7b-rank-32-5,1239,52,375.9615488610234
4423,huggyllama/llama-7b,dummy-lora-7b-rank-16-8,1686,57,376.0355266374072
4424,huggyllama/llama-7b,dummy-lora-7b-rank-8-6,879,57,376.0498030503936
4425,huggyllama/llama-7b,dummy-lora-7b-rank-128-2,3112,24,376.1419508069418
4426,huggyllama/llama-7b,dummy-lora-7b-rank-16-9,1798,67,376.1640143542843
4427,huggyllama/llama-7b,dummy-lora-7b-rank-128-0,3589,29,376.2029500260653
4428,huggyllama/llama-7b,dummy-lora-7b-rank-8-7,1595,165,376.33533131012047
4429,huggyllama/llama-7b,dummy-lora-7b-rank-8-8,603,101,376.3690755589973
4430,huggyllama/llama-7b,dummy-lora-7b-rank-8-9,1502,124,376.51443540031283
4431,huggyllama/llama-7b,dummy-lora-7b-rank-16-10,914,78,376.5313075247512
4432,huggyllama/llama-7b,dummy-lora-7b-rank-8-10,928,57,376.5572646392718
4433,huggyllama/llama-7b,dummy-lora-7b-rank-8-11,1938,825,376.67666736606674
4434,huggyllama/llama-7b,dummy-lora-7b-rank-16-11,1239,65,376.7363687294642
4435,huggyllama/llama-7b,dummy-lora-7b-rank-16-0,1009,63,377.02449270064307
4436,huggyllama/llama-7b,dummy-lora-7b-rank-8-12,939,57,377.0854919197666
4437,huggyllama/llama-7b,dummy-lora-7b-rank-64-0,3137,199,377.1101511785612
4438,huggyllama/llama-7b,dummy-lora-7b-rank-16-1,1643,134,377.14778899461606
4439,huggyllama/llama-7b,dummy-lora-7b-rank-8-13,882,57,377.16855468623254
4440,huggyllama/llama-7b,dummy-lora-7b-rank-8-14,1161,90,377.230851761082
4441,huggyllama/llama-7b,dummy-lora-7b-rank-8-15,1202,451,377.2373410397122
4442,huggyllama/llama-7b,dummy-lora-7b-rank-16-2,847,83,377.2568088756027
4443,huggyllama/llama-7b,dummy-lora-7b-rank-16-3,859,57,377.25940458705475
4444,huggyllama/llama-7b,dummy-lora-7b-rank-16-4,1077,71,377.36712661231536
4445,huggyllama/llama-7b,dummy-lora-7b-rank-16-5,404,52,377.38010516957564
4446,huggyllama/llama-7b,dummy-lora-7b-rank-8-0,1057,79,377.3814030253017
4447,huggyllama/llama-7b,dummy-lora-7b-rank-8-1,1527,532,377.42942368716484
4448,huggyllama/llama-7b,dummy-lora-7b-rank-16-6,814,62,377.5553156925899
4449,huggyllama/llama-7b,dummy-lora-7b-rank-8-2,690,64,377.8408439523168
4450,huggyllama/llama-7b,dummy-lora-7b-rank-16-7,1564,324,378.0770536944545
4451,huggyllama/llama-7b,dummy-lora-7b-rank-16-8,1951,723,378.13545720212585
4452,huggyllama/llama-7b,dummy-lora-7b-rank-32-6,609,71,378.1575207494684
4453,huggyllama/llama-7b,dummy-lora-7b-rank-16-9,324,107,378.2159242571398
4454,huggyllama/llama-7b,dummy-lora-7b-rank-8-3,2021,52,378.2159242571398
4455,huggyllama/llama-7b,dummy-lora-7b-rank-8-4,749,52,378.25096636174266
4456,huggyllama/llama-7b,dummy-lora-7b-rank-16-10,2546,348,378.2561577846468
4457,huggyllama/llama-7b,dummy-lora-7b-rank-32-7,583,85,378.4677082679899
4458,huggyllama/llama-7b,dummy-lora-7b-rank-8-5,880,79,378.4754954023461
4459,huggyllama/llama-7b,dummy-lora-7b-rank-8-6,1207,90,378.52611177566126
4460,huggyllama/llama-7b,dummy-lora-7b-rank-8-7,808,64,378.5338989100175
4461,huggyllama/llama-7b,dummy-lora-7b-rank-8-8,855,335,378.5728345817984
4462,huggyllama/llama-7b,dummy-lora-7b-rank-16-11,3646,67,378.61825953220955
4463,huggyllama/llama-7b,dummy-lora-7b-rank-8-9,858,57,378.62604666656574
4464,huggyllama/llama-7b,dummy-lora-7b-rank-16-0,1206,57,378.6545994925384
4465,huggyllama/llama-7b,dummy-lora-7b-rank-8-10,722,57,378.677960895607
4466,huggyllama/llama-7b,dummy-lora-7b-rank-16-1,1101,65,378.69742873149744
4467,huggyllama/llama-7b,dummy-lora-7b-rank-16-2,1600,92,378.71689656738795
4468,huggyllama/llama-7b,dummy-lora-7b-rank-16-3,739,459,378.81423574684027
4469,huggyllama/llama-7b,dummy-lora-7b-rank-16-4,878,81,378.84538428426504
4470,huggyllama/llama-7b,dummy-lora-7b-rank-16-5,826,88,378.9115749262926
4471,huggyllama/llama-7b,dummy-lora-7b-rank-16-6,2077,133,378.9647870110599
4472,huggyllama/llama-7b,dummy-lora-7b-rank-16-7,1005,61,378.9894462698545
4473,huggyllama/llama-7b,dummy-lora-7b-rank-16-8,603,109,378.9998291156627
4474,huggyllama/llama-7b,dummy-lora-7b-rank-64-1,2875,635,379.00761625001894
4475,huggyllama/llama-7b,dummy-lora-7b-rank-16-9,1088,80,379.08029617067666
4476,huggyllama/llama-7b,dummy-lora-7b-rank-8-11,734,81,379.13221039971796
4477,huggyllama/llama-7b,dummy-lora-7b-rank-16-10,716,174,379.2256560119922
4478,huggyllama/llama-7b,dummy-lora-7b-rank-16-11,767,61,379.24512384788267
4479,huggyllama/llama-7b,dummy-lora-7b-rank-16-0,613,57,379.33727160443084
4480,huggyllama/llama-7b,dummy-lora-7b-rank-8-12,520,66,379.3943772563763
4481,huggyllama/llama-7b,dummy-lora-7b-rank-16-1,3498,194,379.5864599038289
4482,huggyllama/llama-7b,dummy-lora-7b-rank-16-2,1169,464,379.60982130689746
4483,huggyllama/llama-7b,dummy-lora-7b-rank-16-3,960,464,379.6448634115003
4484,huggyllama/llama-7b,dummy-lora-7b-rank-16-4,875,57,379.7032669191717
4485,huggyllama/llama-7b,dummy-lora-7b-rank-16-5,884,119,379.8083932329802
4486,huggyllama/llama-7b,dummy-lora-7b-rank-16-6,1062,82,379.8499246162133
4487,huggyllama/llama-7b,dummy-lora-7b-rank-32-8,864,52,379.8797752979119
4488,huggyllama/llama-7b,dummy-lora-7b-rank-64-2,2783,443,379.8862645765421
4489,huggyllama/llama-7b,dummy-lora-7b-rank-8-13,1078,67,379.94207237276146
4490,huggyllama/llama-7b,dummy-lora-7b-rank-32-9,695,57,380.04719868657
4491,huggyllama/llama-7b,dummy-lora-7b-rank-16-7,787,64,380.0666665224605
4492,huggyllama/llama-7b,dummy-lora-7b-rank-8-14,1105,57,380.1860692492554
4493,huggyllama/llama-7b,dummy-lora-7b-rank-8-15,656,57,380.2107285080499
4494,huggyllama/llama-7b,dummy-lora-7b-rank-64-3,3006,677,380.21851564240615
4495,huggyllama/llama-7b,dummy-lora-7b-rank-8-0,538,66,380.2366856225706
4496,huggyllama/llama-7b,dummy-lora-7b-rank-16-8,853,52,380.24447275692677
4497,huggyllama/llama-7b,dummy-lora-7b-rank-16-9,1989,195,380.3418119363791
4498,huggyllama/llama-7b,dummy-lora-7b-rank-8-1,1957,76,380.3573862050915
4499,huggyllama/llama-7b,dummy-lora-7b-rank-128-1,2855,22,380.3820454638861
4500,huggyllama/llama-7b,dummy-lora-7b-rank-8-2,457,74,380.3885347425162
4501,huggyllama/llama-7b,dummy-lora-7b-rank-8-3,550,57,380.39372616542033
4502,huggyllama/llama-7b,dummy-lora-7b-rank-16-10,1858,93,380.39372616542033
4503,huggyllama/llama-7b,dummy-lora-7b-rank-8-4,1094,106,380.4002154440505
4504,huggyllama/llama-7b,dummy-lora-7b-rank-8-5,1726,57,380.40410901122857
4505,huggyllama/llama-7b,dummy-lora-7b-rank-8-6,1458,52,380.4261725585712
4506,huggyllama/llama-7b,dummy-lora-7b-rank-16-11,1446,57,380.4495339616397
4507,huggyllama/llama-7b,dummy-lora-7b-rank-8-7,3060,575,380.4819803547905
4508,huggyllama/llama-7b,dummy-lora-7b-rank-128-2,3011,21,380.4897674891467
4509,huggyllama/llama-7b,dummy-lora-7b-rank-8-8,1648,68,380.5170224593934
4510,huggyllama/llama-7b,dummy-lora-7b-rank-16-0,1515,71,380.5624474098044
4511,huggyllama/llama-7b,dummy-lora-7b-rank-8-9,1770,82,380.5767238227908
4512,huggyllama/llama-7b,dummy-lora-7b-rank-8-10,1315,111,380.73895578854473
4513,huggyllama/llama-7b,dummy-lora-7b-rank-8-11,1482,57,380.9427191375316
4514,huggyllama/llama-7b,dummy-lora-7b-rank-16-1,3680,232,381.10495110328554
4515,huggyllama/llama-7b,dummy-lora-7b-rank-32-0,803,177,381.1179296605458
4516,huggyllama/llama-7b,dummy-lora-7b-rank-8-12,550,57,381.22824739725854
4517,huggyllama/llama-7b,dummy-lora-7b-rank-128-0,2854,21,381.2438216659709
4518,huggyllama/llama-7b,dummy-lora-7b-rank-16-2,836,57,381.3100123079985
4519,huggyllama/llama-7b,dummy-lora-7b-rank-8-13,846,193,381.33856513397114
4520,huggyllama/llama-7b,dummy-lora-7b-rank-16-3,820,52,381.3437565568753
4521,huggyllama/llama-7b,dummy-lora-7b-rank-32-1,2270,191,381.35284154695756
4522,huggyllama/llama-7b,dummy-lora-7b-rank-8-14,1262,228,381.4891163981908
4523,huggyllama/llama-7b,dummy-lora-7b-rank-32-2,887,57,381.56698774175265
4524,huggyllama/llama-7b,dummy-lora-7b-rank-32-3,988,90,381.6734119112872
4525,huggyllama/llama-7b,dummy-lora-7b-rank-8-15,1615,166,381.7396025533148
4526,huggyllama/llama-7b,dummy-lora-7b-rank-16-4,1943,426,381.7798360808218
4527,huggyllama/llama-7b,dummy-lora-7b-rank-16-5,1935,881,381.7798360808218
4528,huggyllama/llama-7b,dummy-lora-7b-rank-8-0,3410,414,381.8265588869589
4529,huggyllama/llama-7b,dummy-lora-7b-rank-16-6,650,273,381.84602672284944
4530,huggyllama/llama-7b,dummy-lora-7b-rank-8-1,389,52,381.86160099156183
4531,huggyllama/llama-7b,dummy-lora-7b-rank-16-7,2270,57,381.87587740454813
4532,huggyllama/llama-7b,dummy-lora-7b-rank-8-2,402,57,381.9174087877811
4533,huggyllama/llama-7b,dummy-lora-7b-rank-16-8,620,120,381.93428091221955
4534,huggyllama/llama-7b,dummy-lora-7b-rank-8-3,309,79,381.97451443972653
4535,huggyllama/llama-7b,dummy-lora-7b-rank-16-9,1438,57,382.1640013757271
4536,huggyllama/llama-7b,dummy-lora-7b-rank-8-4,2034,52,382.1717885100833
4537,huggyllama/llama-7b,dummy-lora-7b-rank-16-10,2337,60,382.1717885100833
4538,huggyllama/llama-7b,dummy-lora-7b-rank-8-5,1946,65,382.22240488339844
4539,huggyllama/llama-7b,dummy-lora-7b-rank-8-6,1033,57,382.2275963063026
4540,huggyllama/llama-7b,dummy-lora-7b-rank-8-7,2316,87,382.4196789537552
4541,huggyllama/llama-7b,dummy-lora-7b-rank-16-11,1356,57,382.4651039041663
4542,huggyllama/llama-7b,dummy-lora-7b-rank-8-8,2349,467,382.6610801187971
4543,huggyllama/llama-7b,dummy-lora-7b-rank-8-9,1345,79,382.6818458104136
4544,huggyllama/llama-7b,dummy-lora-7b-rank-16-0,1264,75,382.73895146235895
4545,huggyllama/llama-7b,dummy-lora-7b-rank-8-10,1578,67,382.78826997994815
4546,huggyllama/llama-7b,dummy-lora-7b-rank-16-1,1500,57,382.7986528257564
4547,huggyllama/llama-7b,dummy-lora-7b-rank-128-1,2946,21,382.85446062197576
4548,huggyllama/llama-7b,dummy-lora-7b-rank-8-11,2346,57,382.90637485101695
4549,huggyllama/llama-7b,dummy-lora-7b-rank-16-2,1019,69,383.03226685644205
4550,huggyllama/llama-7b,dummy-lora-7b-rank-16-3,588,81,383.04654326942835
4551,huggyllama/llama-7b,dummy-lora-7b-rank-8-12,504,62,383.07120252822295
4552,huggyllama/llama-7b,dummy-lora-7b-rank-8-13,1204,115,383.4631549574844
4553,huggyllama/llama-7b,dummy-lora-7b-rank-16-4,646,90,383.5020906292653
4554,huggyllama/llama-7b,dummy-lora-7b-rank-8-14,415,79,383.50987776362155
4555,huggyllama/llama-7b,dummy-lora-7b-rank-8-15,621,57,383.51117561934757
4556,huggyllama/llama-7b,dummy-lora-7b-rank-8-0,601,109,383.63576976904653
4557,huggyllama/llama-7b,dummy-lora-7b-rank-16-5,1006,52,384.16529490526733
4558,huggyllama/llama-7b,dummy-lora-7b-rank-16-6,1014,57,384.17957131825375
4559,huggyllama/llama-7b,dummy-lora-7b-rank-64-4,3503,543,384.2081241442264
4560,huggyllama/llama-7b,dummy-lora-7b-rank-128-2,2854,21,384.23148554729494
4561,huggyllama/llama-7b,dummy-lora-7b-rank-16-7,2888,763,384.25225123891147
4562,huggyllama/llama-7b,dummy-lora-7b-rank-8-1,1717,76,384.33142043819936
4563,huggyllama/llama-7b,dummy-lora-7b-rank-128-0,2852,20,384.3379097168295
4564,huggyllama/llama-7b,dummy-lora-7b-rank-16-8,705,57,384.3976110802269
4565,huggyllama/llama-7b,dummy-lora-7b-rank-8-2,763,52,384.4313553291037
4566,huggyllama/llama-7b,dummy-lora-7b-rank-16-9,737,57,384.483269558145
4567,huggyllama/llama-7b,dummy-lora-7b-rank-8-3,1641,61,384.49754597113133
4568,huggyllama/llama-7b,dummy-lora-7b-rank-16-10,751,52,384.5286945085561
4569,huggyllama/llama-7b,dummy-lora-7b-rank-32-4,2031,52,384.5481623444466
4570,huggyllama/llama-7b,dummy-lora-7b-rank-16-11,1859,57,384.5728216032412
4571,huggyllama/llama-7b,dummy-lora-7b-rank-16-0,1194,422,384.60526799639194
4572,huggyllama/llama-7b,dummy-lora-7b-rank-8-4,692,64,384.6519908025291
4573,huggyllama/llama-7b,dummy-lora-7b-rank-8-5,1051,57,384.7129900216526
4574,huggyllama/llama-7b,dummy-lora-7b-rank-8-6,2908,82,384.76749996214585
4575,huggyllama/llama-7b,dummy-lora-7b-rank-8-7,1052,57,384.7882656537624
4576,huggyllama/llama-7b,dummy-lora-7b-rank-32-5,578,81,384.79475493239255
4577,huggyllama/llama-7b,dummy-lora-7b-rank-128-1,2993,8,384.855754151516
4578,huggyllama/llama-7b,dummy-lora-7b-rank-8-8,1370,344,384.89598767902294
4579,huggyllama/llama-7b,dummy-lora-7b-rank-8-9,710,79,385.00630541573565
4580,huggyllama/llama-7b,dummy-lora-7b-rank-8-10,431,71,385.3164929342571
4581,huggyllama/llama-7b,dummy-lora-7b-rank-8-11,850,95,385.32687578006534
4582,huggyllama/llama-7b,dummy-lora-7b-rank-8-12,2355,214,385.75516816965575
4583,huggyllama/llama-7b,dummy-lora-7b-rank-8-13,589,353,385.7564660253817
4584,huggyllama/llama-7b,dummy-lora-7b-rank-8-14,1032,69,385.97191007590294
4585,huggyllama/llama-7b,dummy-lora-7b-rank-8-15,2051,57,386.04458999656066
4586,huggyllama/llama-7b,dummy-lora-7b-rank-8-0,588,57,386.1237591958486
4587,huggyllama/llama-7b,dummy-lora-7b-rank-8-1,550,86,386.2120133852187
4588,huggyllama/llama-7b,dummy-lora-7b-rank-8-2,692,52,386.3651603608904
4589,huggyllama/llama-7b,dummy-lora-7b-rank-8-3,631,57,386.39371318686307
4590,huggyllama/llama-7b,dummy-lora-7b-rank-8-4,3410,64,386.4417338487263
4591,huggyllama/llama-7b,dummy-lora-7b-rank-128-2,2846,23,386.46769096324687
4592,huggyllama/llama-7b,dummy-lora-7b-rank-8-5,1020,187,386.47547809760306
4593,huggyllama/llama-7b,dummy-lora-7b-rank-8-6,2078,268,386.57281727705544
4594,huggyllama/llama-7b,dummy-lora-7b-rank-8-7,686,57,386.59747653585003
4595,huggyllama/llama-7b,dummy-lora-7b-rank-16-1,849,91,386.6545821877954
4596,huggyllama/llama-7b,dummy-lora-7b-rank-128-0,2854,24,386.79215489475473
4597,huggyllama/llama-7b,dummy-lora-7b-rank-8-8,1103,69,386.79994202911087
4598,huggyllama/llama-7b,dummy-lora-7b-rank-8-9,621,109,386.85185625815217
4599,huggyllama/llama-7b,dummy-lora-7b-rank-8-10,1433,248,387.17502233393395
4600,huggyllama/llama-7b,dummy-lora-7b-rank-16-2,797,57,387.2061708713587
4601,huggyllama/llama-7b,dummy-lora-7b-rank-8-11,1441,57,387.4216149218799
4602,huggyllama/llama-7b,dummy-lora-7b-rank-8-12,597,560,387.46833772801705
4603,huggyllama/llama-7b,dummy-lora-7b-rank-8-13,663,396,387.49169913108557
4604,huggyllama/llama-7b,dummy-lora-7b-rank-64-5,2183,253,387.50467768834585
4605,huggyllama/llama-7b,dummy-lora-7b-rank-8-14,976,82,387.62018684796266
4606,huggyllama/llama-7b,dummy-lora-7b-rank-16-3,815,82,387.7240153060452
4607,huggyllama/llama-7b,dummy-lora-7b-rank-128-1,2993,21,387.9096086748677
4608,huggyllama/llama-7b,dummy-lora-7b-rank-8-15,852,57,387.93297007793626
4609,huggyllama/llama-7b,dummy-lora-7b-rank-16-4,781,90,387.96411861536103
4610,huggyllama/llama-7b,dummy-lora-7b-rank-8-0,2171,81,387.97060789399114
4611,huggyllama/llama-7b,dummy-lora-7b-rank-8-1,766,555,388.0316071131146
4612,huggyllama/llama-7b,dummy-lora-7b-rank-8-2,2004,895,388.07313849634767
4613,huggyllama/llama-7b,dummy-lora-7b-rank-8-3,1176,79,388.1328398597451
4614,huggyllama/llama-7b,dummy-lora-7b-rank-8-4,727,182,388.1665841086219
4615,huggyllama/llama-7b,dummy-lora-7b-rank-16-5,1587,106,388.1925412231425
4616,huggyllama/llama-7b,dummy-lora-7b-rank-16-6,1411,57,388.254838297992
4617,huggyllama/llama-7b,dummy-lora-7b-rank-16-7,2017,57,388.29377396977293
4618,huggyllama/llama-7b,dummy-lora-7b-rank-8-5,1645,59,388.3158375171154
4619,huggyllama/llama-7b,dummy-lora-7b-rank-8-6,907,52,388.3963045721294
4620,huggyllama/llama-7b,dummy-lora-7b-rank-8-7,1988,81,388.40149599503354
4621,huggyllama/llama-7b,dummy-lora-7b-rank-128-2,2854,21,388.4391338110885
4622,huggyllama/llama-7b,dummy-lora-7b-rank-64-6,3273,661,388.6117486226506
4623,huggyllama/llama-7b,dummy-lora-7b-rank-8-8,1441,52,388.85834121059656
4624,huggyllama/llama-7b,dummy-lora-7b-rank-8-9,793,921,388.9011704495556
4625,huggyllama/llama-7b,dummy-lora-7b-rank-16-8,1156,69,388.959573957227
4626,huggyllama/llama-7b,dummy-lora-7b-rank-8-10,1359,59,388.9660632358572
4627,huggyllama/llama-7b,dummy-lora-7b-rank-8-11,3839,74,389.0556152809533
4628,huggyllama/llama-7b,dummy-lora-7b-rank-8-12,1552,289,389.1036359428165
4629,huggyllama/llama-7b,dummy-lora-7b-rank-8-13,1092,57,389.17242229629613
4630,huggyllama/llama-7b,dummy-lora-7b-rank-16-9,1081,52,389.18150728637835
4631,huggyllama/llama-7b,dummy-lora-7b-rank-16-10,1139,57,389.36710065520083
4632,huggyllama/llama-7b,dummy-lora-7b-rank-16-11,1191,79,389.41641917279003
4633,huggyllama/llama-7b,dummy-lora-7b-rank-8-14,1304,296,389.47612053618747
4634,huggyllama/llama-7b,dummy-lora-7b-rank-8-15,1151,81,389.58773612862615
4635,huggyllama/llama-7b,dummy-lora-7b-rank-16-0,1386,321,389.60460825306455
4636,huggyllama/llama-7b,dummy-lora-7b-rank-32-6,1204,57,389.65003320347563
4637,huggyllama/llama-7b,dummy-lora-7b-rank-8-0,840,90,389.9407528861067
4638,huggyllama/llama-7b,dummy-lora-7b-rank-8-1,737,57,390.0147306624905
4639,huggyllama/llama-7b,dummy-lora-7b-rank-16-1,950,266,390.0290070754768
4640,huggyllama/llama-7b,dummy-lora-7b-rank-8-2,1928,94,390.0874105831482
4641,huggyllama/llama-7b,dummy-lora-7b-rank-8-3,1941,869,390.11726126484695
4642,huggyllama/llama-7b,dummy-lora-7b-rank-128-0,2887,23,390.11985697629905
4643,huggyllama/llama-7b,dummy-lora-7b-rank-128-1,3344,19,390.15360122517575
4644,huggyllama/llama-7b,dummy-lora-7b-rank-8-4,727,103,390.3249181810119
4645,huggyllama/llama-7b,dummy-lora-7b-rank-16-2,1153,281,390.3729388428751
4646,huggyllama/llama-7b,dummy-lora-7b-rank-16-3,2104,59,390.3911088230396
4647,huggyllama/llama-7b,dummy-lora-7b-rank-16-4,590,52,390.41966164901226
4648,huggyllama/llama-7b,dummy-lora-7b-rank-16-5,675,57,390.4300444948205
4649,huggyllama/llama-7b,dummy-lora-7b-rank-16-6,591,69,390.452108042163
4650,huggyllama/llama-7b,dummy-lora-7b-rank-16-7,853,57,390.4884480024919
4651,huggyllama/llama-7b,dummy-lora-7b-rank-16-8,1643,59,390.6532756796979
4652,huggyllama/llama-7b,dummy-lora-7b-rank-16-9,510,77,390.70908347591717
4653,huggyllama/llama-7b,dummy-lora-7b-rank-8-5,1792,87,390.7947419538353
4654,huggyllama/llama-7b,dummy-lora-7b-rank-8-6,1266,57,390.80123123246545
4655,huggyllama/llama-7b,dummy-lora-7b-rank-16-10,1484,52,390.8933789890137
4656,huggyllama/llama-7b,dummy-lora-7b-rank-16-11,1680,335,390.9777396112057
4657,huggyllama/llama-7b,dummy-lora-7b-rank-8-7,1802,73,391.1205037410691
4658,huggyllama/llama-7b,dummy-lora-7b-rank-64-7,2324,147,391.3242670900561
4659,huggyllama/llama-7b,dummy-lora-7b-rank-64-8,2342,397,391.38007488627545
4660,huggyllama/llama-7b,dummy-lora-7b-rank-16-0,1348,390,391.40084057789187
4661,huggyllama/llama-7b,dummy-lora-7b-rank-16-1,2735,116,391.49039262298805
4662,huggyllama/llama-7b,dummy-lora-7b-rank-16-2,790,90,391.6175824841391
4663,huggyllama/llama-7b,dummy-lora-7b-rank-32-7,3179,594,391.696751683427
4664,huggyllama/llama-7b,dummy-lora-7b-rank-64-0,2634,300,391.79668657433143
4665,huggyllama/llama-7b,dummy-lora-7b-rank-8-8,1214,453,391.8018779972356
4666,huggyllama/llama-7b,dummy-lora-7b-rank-8-9,1977,75,392.0186199034828
4667,huggyllama/llama-7b,dummy-lora-7b-rank-8-10,2500,613,392.152299043264
4668,huggyllama/llama-7b,dummy-lora-7b-rank-8-11,340,59,392.1860432921408
4669,huggyllama/llama-7b,dummy-lora-7b-rank-32-8,420,52,392.19642613794906
4670,huggyllama/llama-7b,dummy-lora-7b-rank-16-3,2387,278,392.2652124914287
4671,huggyllama/llama-7b,dummy-lora-7b-rank-16-4,1202,57,392.44691229307307
4672,huggyllama/llama-7b,dummy-lora-7b-rank-8-12,1239,57,392.6844198909369
4673,huggyllama/llama-7b,dummy-lora-7b-rank-8-13,877,57,392.80771618490985
4674,huggyllama/llama-7b,dummy-lora-7b-rank-16-5,1518,90,393.0517130614037
4675,huggyllama/llama-7b,dummy-lora-7b-rank-16-6,685,81,393.0698830415681
4676,huggyllama/llama-7b,dummy-lora-7b-rank-16-7,972,57,393.09064873318465
4677,huggyllama/llama-7b,dummy-lora-7b-rank-16-8,824,57,393.09324444463675
4678,huggyllama/llama-7b,dummy-lora-7b-rank-16-9,974,57,393.3800705600897
4679,huggyllama/llama-7b,dummy-lora-7b-rank-8-14,1757,270,393.44236763493916
4680,huggyllama/llama-7b,dummy-lora-7b-rank-8-15,536,81,393.44885691356933
4681,huggyllama/llama-7b,dummy-lora-7b-rank-8-0,1821,57,393.54489823729557
4682,huggyllama/llama-7b,dummy-lora-7b-rank-8-1,1484,57,393.5500896601997
4683,huggyllama/llama-7b,dummy-lora-7b-rank-16-10,2365,167,393.56306821746006
4684,huggyllama/llama-7b,dummy-lora-7b-rank-16-11,1097,88,393.5916210434327
4685,huggyllama/llama-7b,dummy-lora-7b-rank-8-2,533,90,393.60070603351494
4686,huggyllama/llama-7b,dummy-lora-7b-rank-16-0,988,57,393.62147172513147
4687,huggyllama/llama-7b,dummy-lora-7b-rank-16-1,1524,90,393.7071302030495
4688,huggyllama/llama-7b,dummy-lora-7b-rank-16-2,1108,69,393.8291286412965
4689,huggyllama/llama-7b,dummy-lora-7b-rank-128-2,2861,32,393.8421071985568
4690,huggyllama/llama-7b,dummy-lora-7b-rank-16-3,1420,98,393.89402142759803
4691,huggyllama/llama-7b,dummy-lora-7b-rank-8-3,1184,57,394.00433916431075
4692,huggyllama/llama-7b,dummy-lora-7b-rank-8-4,1325,57,394.0938912094068
4693,huggyllama/llama-7b,dummy-lora-7b-rank-8-5,603,339,394.1613797071605
4694,huggyllama/llama-7b,dummy-lora-7b-rank-16-4,796,279,394.18214539877704
4695,huggyllama/llama-7b,dummy-lora-7b-rank-8-6,2641,82,394.1925282445852
4696,huggyllama/llama-7b,dummy-lora-7b-rank-8-7,2711,766,394.20291109039346
4697,huggyllama/llama-7b,dummy-lora-7b-rank-16-5,786,549,395.3618962537395
4698,huggyllama/llama-7b,dummy-lora-7b-rank-8-8,2265,113,395.61627597604155
4699,huggyllama/llama-7b,dummy-lora-7b-rank-16-6,743,274,395.8083586234942
4700,huggyllama/llama-7b,dummy-lora-7b-rank-16-7,861,57,395.8161457578504
4701,huggyllama/llama-7b,dummy-lora-7b-rank-8-9,3053,202,395.84340072809704
4702,huggyllama/llama-7b,dummy-lora-7b-rank-8-10,3145,267,395.84340072809704
4703,huggyllama/llama-7b,dummy-lora-7b-rank-16-8,346,59,395.89401710141226
4704,huggyllama/llama-7b,dummy-lora-7b-rank-16-9,762,57,395.90699565867266
4705,huggyllama/llama-7b,dummy-lora-7b-rank-8-11,1055,75,396.03418551982367
4706,huggyllama/llama-7b,dummy-lora-7b-rank-8-12,694,57,396.08350403741287
4707,huggyllama/llama-7b,dummy-lora-7b-rank-8-13,426,76,396.089993316043
4708,huggyllama/llama-7b,dummy-lora-7b-rank-8-14,648,52,396.1146525748376
4709,huggyllama/llama-7b,dummy-lora-7b-rank-16-10,771,73,396.1250354206458
4710,huggyllama/llama-7b,dummy-lora-7b-rank-8-15,1193,57,396.13282255500206
4711,huggyllama/llama-7b,dummy-lora-7b-rank-8-0,597,75,396.1445032565363
4712,huggyllama/llama-7b,dummy-lora-7b-rank-8-1,703,88,396.24443814744075
4713,huggyllama/llama-7b,dummy-lora-7b-rank-8-2,704,94,396.24703385889285
4714,huggyllama/llama-7b,dummy-lora-7b-rank-8-3,659,57,396.30803307801625
4715,huggyllama/llama-7b,dummy-lora-7b-rank-8-4,2733,57,396.3132245009204
4716,huggyllama/llama-7b,dummy-lora-7b-rank-128-0,2867,23,396.3949894116604
4717,huggyllama/llama-7b,dummy-lora-7b-rank-8-5,1308,74,396.39628726738636
4718,huggyllama/llama-7b,dummy-lora-7b-rank-32-9,763,79,396.43911650634544
4719,huggyllama/llama-7b,dummy-lora-7b-rank-128-1,2853,20,396.43911650634544
4720,huggyllama/llama-7b,dummy-lora-7b-rank-32-0,865,52,396.46377576514004
4721,huggyllama/llama-7b,dummy-lora-7b-rank-8-6,1097,122,396.5260728399895
4722,huggyllama/llama-7b,dummy-lora-7b-rank-8-7,762,57,396.56111494459236
4723,huggyllama/llama-7b,dummy-lora-7b-rank-16-11,995,64,396.68441123856536
4724,huggyllama/llama-7b,dummy-lora-7b-rank-8-8,1514,57,396.71685763171615
4725,huggyllama/llama-7b,dummy-lora-7b-rank-8-9,1172,88,396.9712373540183
4726,huggyllama/llama-7b,dummy-lora-7b-rank-128-2,3276,21,397.20744709615593
4727,huggyllama/llama-7b,dummy-lora-7b-rank-32-1,657,61,397.3034884198823
4728,huggyllama/llama-7b,dummy-lora-7b-rank-16-0,1035,103,397.3242541114988
4729,huggyllama/llama-7b,dummy-lora-7b-rank-8-10,739,81,397.4293804253074
4730,huggyllama/llama-7b,dummy-lora-7b-rank-16-1,3201,603,397.579931689527
4731,huggyllama/llama-7b,dummy-lora-7b-rank-8-11,1193,79,397.7408657995548
4732,huggyllama/llama-7b,dummy-lora-7b-rank-16-2,1139,52,397.80056716295223
4733,huggyllama/llama-7b,dummy-lora-7b-rank-8-12,2390,309,397.9069913324869
4734,huggyllama/llama-7b,dummy-lora-7b-rank-16-3,1168,57,397.9303527355554
4735,huggyllama/llama-7b,dummy-lora-7b-rank-16-4,1221,57,398.08739327840516
4736,huggyllama/llama-7b,dummy-lora-7b-rank-16-5,3577,236,398.2145831395562
4737,huggyllama/llama-7b,dummy-lora-7b-rank-128-0,2970,26,398.26000808996736
4738,huggyllama/llama-7b,dummy-lora-7b-rank-8-13,2267,57,398.4988135435571
4739,huggyllama/llama-7b,dummy-lora-7b-rank-64-1,3190,687,398.5234728023517
4740,huggyllama/llama-7b,dummy-lora-7b-rank-8-14,2190,342,398.6740240665713
4741,huggyllama/llama-7b,dummy-lora-7b-rank-16-6,409,93,398.74540613150305
4742,huggyllama/llama-7b,dummy-lora-7b-rank-16-7,893,57,398.92580807742144
4743,huggyllama/llama-7b,dummy-lora-7b-rank-16-8,2260,104,398.9297016445995
4744,huggyllama/llama-7b,dummy-lora-7b-rank-32-2,724,52,399.0517000828465
4745,huggyllama/llama-7b,dummy-lora-7b-rank-8-15,815,52,399.20095349134004
4746,huggyllama/llama-7b,dummy-lora-7b-rank-16-9,2020,63,399.24508058602515
4747,huggyllama/llama-7b,dummy-lora-7b-rank-8-0,1078,57,399.26195271046356
4748,huggyllama/llama-7b,dummy-lora-7b-rank-8-1,872,64,399.3034840936965
4749,huggyllama/llama-7b,dummy-lora-7b-rank-16-10,944,57,399.3190583624089
4750,huggyllama/llama-7b,dummy-lora-7b-rank-8-2,665,59,399.32684549676515
4751,huggyllama/llama-7b,dummy-lora-7b-rank-8-3,730,71,399.37875972580633
4752,huggyllama/llama-7b,dummy-lora-7b-rank-8-4,1719,62,399.43716323347775
4753,huggyllama/llama-7b,dummy-lora-7b-rank-8-5,724,103,399.4579289250943
4754,huggyllama/llama-7b,dummy-lora-7b-rank-16-11,907,90,399.4696096266285
4755,huggyllama/llama-7b,dummy-lora-7b-rank-32-3,1266,90,399.50075816405325
4756,huggyllama/llama-7b,dummy-lora-7b-rank-64-2,3149,744,399.55397024882063
4757,huggyllama/llama-7b,dummy-lora-7b-rank-8-6,865,95,399.5877144976974
4758,huggyllama/llama-7b,dummy-lora-7b-rank-16-0,1114,192,399.6058844778618
4759,huggyllama/llama-7b,dummy-lora-7b-rank-32-4,1153,52,399.65650085117704
4760,huggyllama/llama-7b,dummy-lora-7b-rank-32-5,835,181,399.82262638410907
4761,huggyllama/llama-7b,dummy-lora-7b-rank-128-1,2923,19,399.8304135184652
4762,huggyllama/llama-7b,dummy-lora-7b-rank-8-7,3438,79,399.90179558339696
4763,huggyllama/llama-7b,dummy-lora-7b-rank-16-1,1771,228,399.9342419765477
4764,huggyllama/llama-7b,dummy-lora-7b-rank-32-6,1104,79,399.9835604941369
4765,huggyllama/llama-7b,dummy-lora-7b-rank-32-7,2335,59,399.99134762849314
4766,huggyllama/llama-7b,dummy-lora-7b-rank-8-8,719,52,400.2223659477267
4767,huggyllama/llama-7b,dummy-lora-7b-rank-16-2,717,57,400.2898544454803
4768,huggyllama/llama-7b,dummy-lora-7b-rank-16-3,535,78,400.441703565426
4769,huggyllama/llama-7b,dummy-lora-7b-rank-8-9,814,283,400.46766067994656
4770,huggyllama/llama-7b,dummy-lora-7b-rank-32-8,734,61,400.64676477013893
4771,huggyllama/llama-7b,dummy-lora-7b-rank-8-10,1157,208,400.8699959550163
4772,huggyllama/llama-7b,dummy-lora-7b-rank-128-2,3141,12,401.2476719712914
4773,huggyllama/llama-7b,dummy-lora-7b-rank-32-9,1090,90,401.3878403897028
4774,huggyllama/llama-7b,dummy-lora-7b-rank-8-11,977,52,401.4903709920593
4775,huggyllama/llama-7b,dummy-lora-7b-rank-16-4,1124,57,401.62405013184053
4776,huggyllama/llama-7b,dummy-lora-7b-rank-16-5,877,88,401.8031542220328
4777,huggyllama/llama-7b,dummy-lora-7b-rank-16-6,898,57,401.851174883896
4778,huggyllama/llama-7b,dummy-lora-7b-rank-16-7,808,81,401.99783258093754
4779,huggyllama/llama-7b,dummy-lora-7b-rank-8-12,1117,86,402.03157682981436
4780,huggyllama/llama-7b,dummy-lora-7b-rank-16-8,889,79,402.04066181989657
4781,huggyllama/llama-7b,dummy-lora-7b-rank-16-9,713,57,402.11334174055435
4782,huggyllama/llama-7b,dummy-lora-7b-rank-16-10,1278,57,402.42612497052784
4783,huggyllama/llama-7b,dummy-lora-7b-rank-8-13,3106,88,402.4365078163361
4784,huggyllama/llama-7b,dummy-lora-7b-rank-8-14,1023,69,402.53903841869254
4785,huggyllama/llama-7b,dummy-lora-7b-rank-8-15,620,82,402.5701869561173
4786,huggyllama/llama-7b,dummy-lora-7b-rank-16-11,2785,88,402.6337818866929
4787,huggyllama/llama-7b,dummy-lora-7b-rank-16-0,1267,94,402.64935615540526
4788,huggyllama/llama-7b,dummy-lora-7b-rank-8-0,1749,321,402.6532497225833
4789,huggyllama/llama-7b,dummy-lora-7b-rank-8-1,1104,88,402.66622827984366
4790,huggyllama/llama-7b,dummy-lora-7b-rank-8-2,1963,486,402.70646180735065
4791,huggyllama/llama-7b,dummy-lora-7b-rank-8-3,823,65,402.9167144349677
4792,huggyllama/llama-7b,dummy-lora-7b-rank-128-0,2856,22,403.00496862433783
4793,huggyllama/llama-7b,dummy-lora-7b-rank-16-1,893,83,403.0763506892696
4794,huggyllama/llama-7b,dummy-lora-7b-rank-32-0,754,57,403.2541569237359
4795,huggyllama/llama-7b,dummy-lora-7b-rank-32-1,560,57,403.44494171546245
4796,huggyllama/llama-7b,dummy-lora-7b-rank-128-1,2841,19,403.4488352826405
4797,huggyllama/llama-7b,dummy-lora-7b-rank-8-4,809,57,403.5189194918462
4798,huggyllama/llama-7b,dummy-lora-7b-rank-16-2,1323,629,403.5617487308052
4799,huggyllama/llama-7b,dummy-lora-7b-rank-128-2,2975,29,403.57602514379164
4800,huggyllama/llama-7b,dummy-lora-7b-rank-16-3,717,181,403.67985360187413
4801,huggyllama/llama-7b,dummy-lora-7b-rank-16-4,567,59,403.6928321591344
4802,huggyllama/llama-7b,dummy-lora-7b-rank-8-5,789,235,403.73566139809344
4803,huggyllama/llama-7b,dummy-lora-7b-rank-16-5,660,57,403.7966606172169
4804,huggyllama/llama-7b,dummy-lora-7b-rank-128-0,2862,33,403.98744540894353
4805,huggyllama/llama-7b,dummy-lora-7b-rank-64-3,2978,606,404.00821110056
4806,huggyllama/llama-7b,dummy-lora-7b-rank-8-6,1967,683,404.0147003791902
4807,huggyllama/llama-7b,dummy-lora-7b-rank-32-2,521,57,404.03806178225875
4808,huggyllama/llama-7b,dummy-lora-7b-rank-32-3,660,322,404.0756995983137
4809,huggyllama/llama-7b,dummy-lora-7b-rank-8-7,675,57,404.14318809606726
4810,huggyllama/llama-7b,dummy-lora-7b-rank-16-6,2727,57,404.14318809606726
4811,huggyllama/llama-7b,dummy-lora-7b-rank-16-7,966,57,405.02313427831655
4812,huggyllama/llama-7b,dummy-lora-7b-rank-8-8,869,104,405.05298496001524
4813,huggyllama/llama-7b,dummy-lora-7b-rank-16-8,2185,315,405.0672613730016
4814,huggyllama/llama-7b,dummy-lora-7b-rank-16-9,1127,69,405.1373455822073
4815,huggyllama/llama-7b,dummy-lora-7b-rank-32-4,911,386,405.16589840817994
4816,huggyllama/llama-7b,dummy-lora-7b-rank-8-9,621,200,405.2204083486733
4817,huggyllama/llama-7b,dummy-lora-7b-rank-16-10,1795,486,405.2294933387555
4818,huggyllama/llama-7b,dummy-lora-7b-rank-8-10,873,91,405.2840032792488
4819,huggyllama/llama-7b,dummy-lora-7b-rank-16-11,846,79,405.3813424587011
4820,huggyllama/llama-7b,dummy-lora-7b-rank-8-11,429,64,405.4060017174957
4821,huggyllama/llama-7b,dummy-lora-7b-rank-8-12,844,61,405.416384563304
4822,huggyllama/llama-7b,dummy-lora-7b-rank-8-13,1834,872,405.4618095137151
4823,huggyllama/llama-7b,dummy-lora-7b-rank-8-14,1105,64,405.4721923595233
4824,huggyllama/llama-7b,dummy-lora-7b-rank-8-15,582,52,405.5461701359071
4825,huggyllama/llama-7b,dummy-lora-7b-rank-16-0,620,57,405.5539572702633
4826,huggyllama/llama-7b,dummy-lora-7b-rank-8-0,722,90,405.6344243252772
4827,huggyllama/llama-7b,dummy-lora-7b-rank-8-1,992,94,405.65389216116773
4828,huggyllama/llama-7b,dummy-lora-7b-rank-8-2,527,57,405.6915299772227
4829,huggyllama/llama-7b,dummy-lora-7b-rank-8-3,1000,69,405.831698395634
4830,huggyllama/llama-7b,dummy-lora-7b-rank-8-4,1071,57,405.9472075552508
4831,huggyllama/llama-7b,dummy-lora-7b-rank-16-1,979,52,406.05363172478536
4832,huggyllama/llama-7b,dummy-lora-7b-rank-8-5,623,57,406.18211944166245
4833,huggyllama/llama-7b,dummy-lora-7b-rank-16-2,3496,57,406.20028942182694
4834,huggyllama/llama-7b,dummy-lora-7b-rank-8-6,530,60,406.23922509360784
4835,huggyllama/llama-7b,dummy-lora-7b-rank-16-3,862,57,406.26128864095034
4836,huggyllama/llama-7b,dummy-lora-7b-rank-8-7,3403,61,406.27037363103256
4837,huggyllama/llama-7b,dummy-lora-7b-rank-16-4,785,57,406.2924371783751
4838,huggyllama/llama-7b,dummy-lora-7b-rank-16-5,578,57,406.40145705936175
4839,huggyllama/llama-7b,dummy-lora-7b-rank-16-6,2486,79,406.47543483574555
4840,huggyllama/llama-7b,dummy-lora-7b-rank-16-7,1510,57,406.48451982582776
4841,huggyllama/llama-7b,dummy-lora-7b-rank-16-8,779,78,406.6350710900474
4842,huggyllama/llama-7b,dummy-lora-7b-rank-16-9,697,57,406.6350710900474
4843,huggyllama/llama-7b,dummy-lora-7b-rank-8-8,851,79,406.6908788862667
4844,huggyllama/llama-7b,dummy-lora-7b-rank-8-9,1681,236,406.6947724534448
4845,huggyllama/llama-7b,dummy-lora-7b-rank-8-10,531,78,406.7246231351436
4846,huggyllama/llama-7b,dummy-lora-7b-rank-8-11,547,65,406.7324102694997
4847,huggyllama/llama-7b,dummy-lora-7b-rank-128-1,2845,22,406.7544738168422
4848,huggyllama/llama-7b,dummy-lora-7b-rank-64-4,2792,295,406.7739416527328
4849,huggyllama/llama-7b,dummy-lora-7b-rank-16-10,1970,637,406.87387654363715
4850,huggyllama/llama-7b,dummy-lora-7b-rank-16-11,1116,57,406.9205993497743
4851,huggyllama/llama-7b,dummy-lora-7b-rank-8-12,687,61,406.9452586085689
4852,huggyllama/llama-7b,dummy-lora-7b-rank-128-2,2885,26,407.01923638495265
4853,huggyllama/llama-7b,dummy-lora-7b-rank-8-13,1200,82,407.032214942213
4854,huggyllama/llama-7b,dummy-lora-7b-rank-16-0,843,57,407.26712682862467
4855,huggyllama/llama-7b,dummy-lora-7b-rank-8-14,3596,126,407.4241673714744
4856,huggyllama/llama-7b,dummy-lora-7b-rank-16-1,759,52,407.50723013794044
4857,huggyllama/llama-7b,dummy-lora-7b-rank-16-2,742,61,407.5669315013379
4858,huggyllama/llama-7b,dummy-lora-7b-rank-8-15,1596,67,407.572122924242
4859,huggyllama/llama-7b,dummy-lora-7b-rank-8-0,2251,232,407.5941864715846
4860,huggyllama/llama-7b,dummy-lora-7b-rank-128-0,2865,24,407.64610070062577
4861,huggyllama/llama-7b,dummy-lora-7b-rank-8-1,852,64,407.7564184373385
4862,huggyllama/llama-7b,dummy-lora-7b-rank-32-5,2797,221,407.78756697476325
4863,huggyllama/llama-7b,dummy-lora-7b-rank-16-3,949,57,407.83688549235234
4864,huggyllama/llama-7b,dummy-lora-7b-rank-8-2,816,57,407.8784168755854
4865,huggyllama/llama-7b,dummy-lora-7b-rank-8-3,895,150,407.8797147313114
4866,huggyllama/llama-7b,dummy-lora-7b-rank-16-4,730,57,407.9835431893939
4867,huggyllama/llama-7b,dummy-lora-7b-rank-32-6,738,203,408.13409445361356
4868,huggyllama/llama-7b,dummy-lora-7b-rank-16-5,1398,90,408.14317944369583
4869,huggyllama/llama-7b,dummy-lora-7b-rank-32-7,2909,251,408.2327314887919
4870,huggyllama/llama-7b,dummy-lora-7b-rank-8-4,890,52,408.37809133010745
4871,huggyllama/llama-7b,dummy-lora-7b-rank-8-5,1738,326,408.3845806087376
4872,huggyllama/llama-7b,dummy-lora-7b-rank-32-8,2692,57,408.4092398675322
4873,huggyllama/llama-7b,dummy-lora-7b-rank-32-9,636,57,408.4455798278611
4874,huggyllama/llama-7b,dummy-lora-7b-rank-64-5,2640,423,408.47932407673784
4875,huggyllama/llama-7b,dummy-lora-7b-rank-32-0,2599,77,408.5714718332861
4876,huggyllama/llama-7b,dummy-lora-7b-rank-8-6,646,61,408.65583245547816
4877,huggyllama/llama-7b,dummy-lora-7b-rank-64-6,2096,131,408.6610238783823
4878,huggyllama/llama-7b,dummy-lora-7b-rank-8-7,1783,288,408.690874560081
4879,huggyllama/llama-7b,dummy-lora-7b-rank-8-8,625,78,408.6986616944372
4880,huggyllama/llama-7b,dummy-lora-7b-rank-8-9,543,69,408.70255526161526
4881,huggyllama/llama-7b,dummy-lora-7b-rank-8-10,1186,891,408.70255526161526
4882,huggyllama/llama-7b,dummy-lora-7b-rank-64-7,3145,615,408.8284472670403
4883,huggyllama/llama-7b,dummy-lora-7b-rank-16-6,416,74,408.98289209843807
4884,huggyllama/llama-7b,dummy-lora-7b-rank-8-11,880,74,409.1022948252329
4885,huggyllama/llama-7b,dummy-lora-7b-rank-8-12,1006,57,409.190549014603
4886,huggyllama/llama-7b,dummy-lora-7b-rank-128-1,2862,22,409.3216324429322
4887,huggyllama/llama-7b,dummy-lora-7b-rank-16-7,1480,67,409.67724491186476
4888,huggyllama/llama-7b,dummy-lora-7b-rank-64-8,3318,646,409.80054120583776
4889,huggyllama/llama-7b,dummy-lora-7b-rank-8-13,1010,69,409.97964529603007
4890,huggyllama/llama-7b,dummy-lora-7b-rank-8-14,1012,90,410.14057940605795
4891,huggyllama/llama-7b,dummy-lora-7b-rank-128-2,2908,20,410.32227920770237
4892,huggyllama/llama-7b,dummy-lora-7b-rank-8-15,2817,658,410.641551716306
4893,huggyllama/llama-7b,dummy-lora-7b-rank-8-0,499,61,410.8297407965806
4894,huggyllama/llama-7b,dummy-lora-7b-rank-32-1,1151,395,410.91929284167674
4895,huggyllama/llama-7b,dummy-lora-7b-rank-16-8,499,61,410.97510063789605
4896,huggyllama/llama-7b,dummy-lora-7b-rank-16-9,584,86,411.08152480743064
4897,huggyllama/llama-7b,dummy-lora-7b-rank-16-10,880,619,411.08801408606087
4898,huggyllama/llama-7b,dummy-lora-7b-rank-8-1,1008,90,411.2087146685817
4899,huggyllama/llama-7b,dummy-lora-7b-rank-16-11,1532,57,411.221693225842
4900,huggyllama/llama-7b,dummy-lora-7b-rank-32-2,2463,105,411.5240936100073
4901,huggyllama/llama-7b,dummy-lora-7b-rank-8-2,474,79,411.5850928291308
4902,huggyllama/llama-7b,dummy-lora-7b-rank-128-0,2859,28,411.6707513070489
4903,huggyllama/llama-7b,dummy-lora-7b-rank-16-0,1422,325,411.73175052617233
4904,huggyllama/llama-7b,dummy-lora-7b-rank-16-1,3029,68,411.7745797651314
4905,huggyllama/llama-7b,dummy-lora-7b-rank-16-2,1520,93,411.8251961384466
4906,huggyllama/llama-7b,dummy-lora-7b-rank-16-3,1140,81,411.8251961384466
4907,huggyllama/llama-7b,dummy-lora-7b-rank-8-3,1615,166,411.842068262885
4908,huggyllama/llama-7b,dummy-lora-7b-rank-8-4,1584,166,412.23791425932455
4909,huggyllama/llama-7b,dummy-lora-7b-rank-32-3,2354,236,412.3560191303934
4910,huggyllama/llama-7b,dummy-lora-7b-rank-8-5,2194,75,412.4507625983937
4911,huggyllama/llama-7b,dummy-lora-7b-rank-8-6,740,297,412.4572518770238
4912,huggyllama/llama-7b,dummy-lora-7b-rank-8-7,1002,262,412.46244329992794
4913,huggyllama/llama-7b,dummy-lora-7b-rank-8-8,590,57,412.52603823050345
4914,huggyllama/llama-7b,dummy-lora-7b-rank-8-9,750,71,412.58703744962696
4915,huggyllama/llama-7b,dummy-lora-7b-rank-8-10,580,79,412.64414310157235
4916,huggyllama/llama-7b,dummy-lora-7b-rank-8-11,1229,361,413.1529025461766
4917,huggyllama/llama-7b,dummy-lora-7b-rank-128-1,2863,28,413.1529025461766
4918,huggyllama/llama-7b,dummy-lora-7b-rank-8-12,2708,158,413.1788596606973
4919,huggyllama/llama-7b,dummy-lora-7b-rank-8-13,679,61,413.3475809050813
4920,huggyllama/llama-7b,dummy-lora-7b-rank-32-4,945,61,413.457898641794
4921,huggyllama/llama-7b,dummy-lora-7b-rank-8-14,2155,563,413.6564705678768
4922,huggyllama/llama-7b,dummy-lora-7b-rank-8-15,861,57,413.72525692135645
4923,huggyllama/llama-7b,dummy-lora-7b-rank-8-0,1788,57,413.8913824542884
4924,huggyllama/llama-7b,dummy-lora-7b-rank-128-2,2850,20,413.9069567230008
4925,huggyllama/llama-7b,dummy-lora-7b-rank-8-1,1374,59,413.99391305664494
4926,huggyllama/llama-7b,dummy-lora-7b-rank-8-2,2059,61,414.2093571071661
4927,huggyllama/llama-7b,dummy-lora-7b-rank-32-5,2457,63,414.24439921176895
4928,huggyllama/llama-7b,dummy-lora-7b-rank-32-6,1135,90,414.25088849039906
4929,huggyllama/llama-7b,dummy-lora-7b-rank-16-4,1989,57,414.2833348835499
4930,huggyllama/llama-7b,dummy-lora-7b-rank-8-3,1079,57,414.2898241621801
4931,huggyllama/llama-7b,dummy-lora-7b-rank-16-5,1516,336,414.3352491125911
4932,huggyllama/llama-7b,dummy-lora-7b-rank-128-0,2912,20,414.3391426797693
4933,huggyllama/llama-7b,dummy-lora-7b-rank-16-6,2493,57,414.37158907292
4934,huggyllama/llama-7b,dummy-lora-7b-rank-8-4,2445,61,414.37937620727615
4935,huggyllama/llama-7b,dummy-lora-7b-rank-8-5,1067,74,414.3988440431667
4936,huggyllama/llama-7b,dummy-lora-7b-rank-32-7,614,81,414.44297113785177
4937,huggyllama/llama-7b,dummy-lora-7b-rank-64-0,2495,271,414.4624389737422
4938,huggyllama/llama-7b,dummy-lora-7b-rank-16-7,635,59,414.50786392415336
4939,huggyllama/llama-7b,dummy-lora-7b-rank-16-8,693,313,414.51694891423557
4940,huggyllama/llama-7b,dummy-lora-7b-rank-16-9,2682,532,414.57145885472886
4941,huggyllama/llama-7b,dummy-lora-7b-rank-16-10,639,567,414.5896288348933
4942,huggyllama/llama-7b,dummy-lora-7b-rank-8-6,587,356,414.66101089982504
4943,huggyllama/llama-7b,dummy-lora-7b-rank-8-7,2516,486,414.69735086015385
4944,huggyllama/llama-7b,dummy-lora-7b-rank-8-8,656,240,414.89592278623667
4945,huggyllama/llama-7b,dummy-lora-7b-rank-16-11,1070,75,415.1451110856347
4946,huggyllama/llama-7b,dummy-lora-7b-rank-16-0,1182,69,415.23855669790896
4947,huggyllama/llama-7b,dummy-lora-7b-rank-16-1,759,75,415.2476416879912
4948,huggyllama/llama-7b,dummy-lora-7b-rank-16-2,969,87,415.3060451956626
4949,huggyllama/llama-7b,dummy-lora-7b-rank-128-1,2918,18,415.50331926601933
4950,huggyllama/llama-7b,dummy-lora-7b-rank-16-3,2232,103,415.5344678034441
4951,huggyllama/llama-7b,dummy-lora-7b-rank-8-9,1157,144,415.63699840580057
4952,huggyllama/llama-7b,dummy-lora-7b-rank-8-10,591,57,415.66555123177324
4953,huggyllama/llama-7b,dummy-lora-7b-rank-8-11,498,67,415.6992954806501
4954,huggyllama/llama-7b,dummy-lora-7b-rank-16-4,689,143,415.777166824212
4955,huggyllama/llama-7b,dummy-lora-7b-rank-64-1,2849,606,415.85633602349986
4956,huggyllama/llama-7b,dummy-lora-7b-rank-16-5,822,57,415.9744408945687
4957,huggyllama/llama-7b,dummy-lora-7b-rank-64-2,2824,5,416.19637422372006
4958,huggyllama/llama-7b,dummy-lora-7b-rank-128-2,2948,20,416.3313512192273
4959,huggyllama/llama-7b,dummy-lora-7b-rank-64-3,2987,703,416.33394693067936
4960,huggyllama/llama-7b,dummy-lora-7b-rank-16-6,555,79,416.5338167124882
4961,huggyllama/llama-7b,dummy-lora-7b-rank-16-7,1263,301,416.69345296679
4962,huggyllama/llama-7b,dummy-lora-7b-rank-64-4,3084,509,416.7674307431738
4963,huggyllama/llama-7b,dummy-lora-7b-rank-16-8,3042,317,416.9595133906264
4964,huggyllama/llama-7b,dummy-lora-7b-rank-16-9,1511,52,416.9737898036128
4965,huggyllama/llama-7b,dummy-lora-7b-rank-16-10,963,328,417.3514658198879
4966,huggyllama/llama-7b,dummy-lora-7b-rank-64-5,3142,296,417.38001864586056
4967,huggyllama/llama-7b,dummy-lora-7b-rank-8-12,769,57,417.38001864586056
4968,huggyllama/llama-7b,dummy-lora-7b-rank-16-11,1333,522,417.40597576038124
4969,huggyllama/llama-7b,dummy-lora-7b-rank-8-13,719,77,417.48125139249106
4970,huggyllama/llama-7b,dummy-lora-7b-rank-16-0,645,52,417.5409527558885
4971,huggyllama/llama-7b,dummy-lora-7b-rank-16-1,1215,432,417.5669098704091
4972,huggyllama/llama-7b,dummy-lora-7b-rank-16-2,1079,57,417.6772276071218
4973,huggyllama/llama-7b,dummy-lora-7b-rank-8-14,855,57,417.9926065485474
4974,huggyllama/llama-7b,dummy-lora-7b-rank-8-15,1412,85,418.00688296153373
4975,huggyllama/llama-7b,dummy-lora-7b-rank-8-0,1010,91,418.0146700958899
4976,huggyllama/llama-7b,dummy-lora-7b-rank-16-3,1048,57,418.13537067841077
4977,huggyllama/llama-7b,dummy-lora-7b-rank-64-6,2225,257,418.15224280284923
4978,huggyllama/llama-7b,dummy-lora-7b-rank-16-4,1216,57,418.18988061890417
4979,huggyllama/llama-7b,dummy-lora-7b-rank-16-5,672,93,418.1963698975343
4980,huggyllama/llama-7b,dummy-lora-7b-rank-16-6,2413,334,418.20156132043843
4981,huggyllama/llama-7b,dummy-lora-7b-rank-16-7,699,57,418.3754739877266
4982,huggyllama/llama-7b,dummy-lora-7b-rank-64-7,2415,276,418.3858568335349
4983,huggyllama/llama-7b,dummy-lora-7b-rank-8-1,771,88,418.59221589397384
4984,huggyllama/llama-7b,dummy-lora-7b-rank-8-2,1142,126,418.59740731687793
4985,huggyllama/llama-7b,dummy-lora-7b-rank-16-8,1937,651,418.88293557660484
4986,huggyllama/llama-7b,dummy-lora-7b-rank-8-3,1553,919,418.94653050718034
4987,huggyllama/llama-7b,dummy-lora-7b-rank-64-8,2334,152,418.97118976597494
4988,huggyllama/llama-7b,dummy-lora-7b-rank-16-9,566,192,419.0192104278382
4989,huggyllama/llama-7b,dummy-lora-7b-rank-16-10,1893,52,419.05035896526294
4990,huggyllama/llama-7b,dummy-lora-7b-rank-16-11,1375,57,419.16197455770157
4991,huggyllama/llama-7b,dummy-lora-7b-rank-16-0,1363,94,419.37482289677075
4992,huggyllama/llama-7b,dummy-lora-7b-rank-8-4,1278,57,419.4526942403326
4993,huggyllama/llama-7b,dummy-lora-7b-rank-16-1,658,57,419.46307708614086
4994,huggyllama/llama-7b,dummy-lora-7b-rank-16-2,1272,76,419.469566364771
4995,huggyllama/llama-7b,dummy-lora-7b-rank-32-8,1606,59,419.52148059381227
4996,huggyllama/llama-7b,dummy-lora-7b-rank-8-5,2002,61,419.52537416099034
4997,huggyllama/llama-7b,dummy-lora-7b-rank-8-6,1209,75,419.5435441411548
4998,huggyllama/llama-7b,dummy-lora-7b-rank-16-3,1143,119,419.5863733801138
4999,huggyllama/llama-7b,dummy-lora-7b-rank-32-9,2469,765,419.58896909156584
5000,huggyllama/llama-7b,dummy-lora-7b-rank-8-7,2010,57,419.6305004747989
5001,huggyllama/llama-7b,dummy-lora-7b-rank-8-8,1208,66,419.67722328093606
5002,huggyllama/llama-7b,dummy-lora-7b-rank-8-9,815,57,419.71486109699094
5003,huggyllama/llama-7b,dummy-lora-7b-rank-8-10,2992,88,419.8731994955667
5004,huggyllama/llama-7b,dummy-lora-7b-rank-128-0,2862,33,420.04451645140284
5005,huggyllama/llama-7b,dummy-lora-7b-rank-8-11,967,57,420.24568408893776
5006,huggyllama/llama-7b,dummy-lora-7b-rank-8-12,1545,71,420.2911090393488
5007,huggyllama/llama-7b,dummy-lora-7b-rank-8-13,2304,57,420.46891527381507
5008,huggyllama/llama-7b,dummy-lora-7b-rank-8-14,1050,57,420.47540455244524
5009,huggyllama/llama-7b,dummy-lora-7b-rank-64-0,2345,129,420.48578739825354
5010,huggyllama/llama-7b,dummy-lora-7b-rank-8-15,960,85,420.50006381123984
5011,huggyllama/llama-7b,dummy-lora-7b-rank-8-0,1606,131,420.51823379140427
5012,huggyllama/llama-7b,dummy-lora-7b-rank-16-4,786,57,420.5299144929386
5013,huggyllama/llama-7b,dummy-lora-7b-rank-128-1,2850,21,420.5532758960071
5014,huggyllama/llama-7b,dummy-lora-7b-rank-8-1,1629,64,420.6142751151306
5015,huggyllama/llama-7b,dummy-lora-7b-rank-16-5,1180,285,420.6661893441719
5016,huggyllama/llama-7b,dummy-lora-7b-rank-8-2,1157,446,420.715507861761
5017,huggyllama/llama-7b,dummy-lora-7b-rank-16-6,915,325,420.9270583451042
5018,huggyllama/llama-7b,dummy-lora-7b-rank-128-2,3027,20,421.01661039020036
5019,huggyllama/llama-7b,dummy-lora-7b-rank-32-0,902,57,421.0918860223101
5020,huggyllama/llama-7b,dummy-lora-7b-rank-8-3,939,52,421.0918860223101
5021,huggyllama/llama-7b,dummy-lora-7b-rank-32-1,861,62,421.2060973262009
5022,huggyllama/llama-7b,dummy-lora-7b-rank-8-4,2376,322,421.3086279285574
5023,huggyllama/llama-7b,dummy-lora-7b-rank-128-0,2864,21,421.5785819195719
5024,huggyllama/llama-7b,dummy-lora-7b-rank-16-7,1234,82,422.03283142368286
5025,huggyllama/llama-7b,dummy-lora-7b-rank-8-5,2189,69,422.2119355138752
5026,huggyllama/llama-7b,dummy-lora-7b-rank-8-6,1016,69,422.2171269367793
5027,huggyllama/llama-7b,dummy-lora-7b-rank-8-7,861,91,422.3521039322865
5028,huggyllama/llama-7b,dummy-lora-7b-rank-16-8,1159,383,422.7492477844521
5029,huggyllama/llama-7b,dummy-lora-7b-rank-16-9,953,52,422.84658696390443
5030,huggyllama/llama-7b,dummy-lora-7b-rank-8-8,765,57,422.8478848196305
5031,huggyllama/llama-7b,dummy-lora-7b-rank-16-10,964,57,422.87384193415113
5032,huggyllama/llama-7b,dummy-lora-7b-rank-8-9,598,57,422.87384193415113
5033,huggyllama/llama-7b,dummy-lora-7b-rank-8-10,888,57,422.8881183471375
5034,huggyllama/llama-7b,dummy-lora-7b-rank-16-11,1187,70,422.9257561631924
5035,huggyllama/llama-7b,dummy-lora-7b-rank-8-11,754,81,423.0256910540968
5036,huggyllama/llama-7b,dummy-lora-7b-rank-8-12,756,84,423.0503503128914
5037,huggyllama/llama-7b,dummy-lora-7b-rank-8-13,642,57,423.0931795518505
5038,huggyllama/llama-7b,dummy-lora-7b-rank-16-0,589,80,423.0931795518505
5039,huggyllama/llama-7b,dummy-lora-7b-rank-16-1,1040,70,423.09447740757645
5040,huggyllama/llama-7b,dummy-lora-7b-rank-8-14,549,65,423.1269238007272
5041,huggyllama/llama-7b,dummy-lora-7b-rank-16-2,873,452,423.2696879305907
5042,huggyllama/llama-7b,dummy-lora-7b-rank-16-3,848,52,423.3190064481799
5043,huggyllama/llama-7b,dummy-lora-7b-rank-16-4,878,130,423.42413276198846
5044,huggyllama/llama-7b,dummy-lora-7b-rank-8-15,1646,57,423.43711131924874
5045,huggyllama/llama-7b,dummy-lora-7b-rank-64-1,3012,639,423.4656641452214
5046,huggyllama/llama-7b,dummy-lora-7b-rank-128-1,2890,24,423.5201740857147
5047,huggyllama/llama-7b,dummy-lora-7b-rank-8-0,1052,277,423.6434703796877
5048,huggyllama/llama-7b,dummy-lora-7b-rank-8-1,892,119,423.66553392703025
5049,huggyllama/llama-7b,dummy-lora-7b-rank-8-2,1604,116,423.8303616042362
5050,huggyllama/llama-7b,dummy-lora-7b-rank-16-5,611,65,423.864105853113
5051,huggyllama/llama-7b,dummy-lora-7b-rank-16-6,1651,126,423.91731793788034
5052,huggyllama/llama-7b,dummy-lora-7b-rank-16-7,1574,603,424.26644112818275
5053,huggyllama/llama-7b,dummy-lora-7b-rank-8-3,719,59,424.2988875213335
5054,huggyllama/llama-7b,dummy-lora-7b-rank-8-4,1236,63,424.3105682228678
5055,huggyllama/llama-7b,dummy-lora-7b-rank-8-5,3798,233,424.3339296259363
5056,huggyllama/llama-7b,dummy-lora-7b-rank-8-6,800,72,424.361184596183
5057,huggyllama/llama-7b,dummy-lora-7b-rank-8-7,3235,698,424.62984073147146
5058,huggyllama/llama-7b,dummy-lora-7b-rank-16-8,1430,275,424.650606423088
5059,huggyllama/llama-7b,dummy-lora-7b-rank-8-8,837,57,424.8907097324038
5060,huggyllama/llama-7b,dummy-lora-7b-rank-8-9,519,57,424.93873039426694
5061,huggyllama/llama-7b,dummy-lora-7b-rank-16-9,1286,57,424.98934676758216
5062,huggyllama/llama-7b,dummy-lora-7b-rank-128-2,3090,21,425.22555650971987
5063,huggyllama/llama-7b,dummy-lora-7b-rank-8-10,2909,59,425.2437264898843
5064,huggyllama/llama-7b,dummy-lora-7b-rank-16-10,1942,221,425.2865557288434
5065,huggyllama/llama-7b,dummy-lora-7b-rank-8-11,1623,119,425.2943428631995
5066,huggyllama/llama-7b,dummy-lora-7b-rank-8-12,1286,344,425.35534208232303
5067,huggyllama/llama-7b,dummy-lora-7b-rank-32-2,766,69,425.3605335052271
5068,huggyllama/llama-7b,dummy-lora-7b-rank-64-2,2939,625,425.4591705404055
5069,huggyllama/llama-7b,dummy-lora-7b-rank-16-11,1106,57,425.5123826251728
5070,huggyllama/llama-7b,dummy-lora-7b-rank-32-3,849,93,425.5552118641318
5071,huggyllama/llama-7b,dummy-lora-7b-rank-8-13,931,86,425.5552118641318
5072,huggyllama/llama-7b,dummy-lora-7b-rank-128-0,2921,21,425.61750893898136
5073,huggyllama/llama-7b,dummy-lora-7b-rank-16-0,1266,184,425.73042238714606
5074,huggyllama/llama-7b,dummy-lora-7b-rank-16-1,1635,129,425.83165513377645
5075,huggyllama/llama-7b,dummy-lora-7b-rank-16-2,766,67,426.53249722583337
5076,huggyllama/llama-7b,dummy-lora-7b-rank-32-4,1187,57,426.55066720599785
5077,huggyllama/llama-7b,dummy-lora-7b-rank-16-3,787,52,426.5740286090664
5078,huggyllama/llama-7b,dummy-lora-7b-rank-8-14,962,234,426.7064098931216
5079,huggyllama/llama-7b,dummy-lora-7b-rank-8-15,719,292,426.70900560457363
5080,huggyllama/llama-7b,dummy-lora-7b-rank-16-4,892,78,426.75832412216283
5081,huggyllama/llama-7b,dummy-lora-7b-rank-16-5,758,90,426.763515545067
5082,huggyllama/llama-7b,dummy-lora-7b-rank-8-0,567,57,426.80115336112186
5083,huggyllama/llama-7b,dummy-lora-7b-rank-8-1,1118,70,426.8024512168479
5084,huggyllama/llama-7b,dummy-lora-7b-rank-16-6,760,57,426.85436544588913
5085,huggyllama/llama-7b,dummy-lora-7b-rank-8-2,865,57,426.85436544588913
5086,huggyllama/llama-7b,dummy-lora-7b-rank-16-7,1369,82,427.0386609589856
5087,huggyllama/llama-7b,dummy-lora-7b-rank-8-3,3615,169,427.04125667043763
5088,huggyllama/llama-7b,dummy-lora-7b-rank-8-4,850,89,427.1048516010132
5089,huggyllama/llama-7b,dummy-lora-7b-rank-16-8,2433,276,427.803097981618
5090,huggyllama/llama-7b,dummy-lora-7b-rank-8-5,2510,57,427.9601385244679
5091,huggyllama/llama-7b,dummy-lora-7b-rank-16-9,2136,79,428.03541415657764
5092,huggyllama/llama-7b,dummy-lora-7b-rank-16-10,2085,561,428.11588121159156
5093,huggyllama/llama-7b,dummy-lora-7b-rank-16-11,957,295,428.27681532161944
5094,huggyllama/llama-7b,dummy-lora-7b-rank-64-3,2631,428,428.2962831575099
5095,huggyllama/llama-7b,dummy-lora-7b-rank-8-6,1914,119,428.6908312982235
5096,huggyllama/llama-7b,dummy-lora-7b-rank-8-7,740,61,428.8335954280869
5097,huggyllama/llama-7b,dummy-lora-7b-rank-16-0,2491,57,428.880318234224
5098,huggyllama/llama-7b,dummy-lora-7b-rank-16-1,877,57,429.2008885985537
5099,huggyllama/llama-7b,dummy-lora-7b-rank-128-1,2855,22,429.2073778771839
5100,huggyllama/llama-7b,dummy-lora-7b-rank-16-2,983,57,429.3851841116502
5101,huggyllama/llama-7b,dummy-lora-7b-rank-16-3,723,57,429.40724765899273
5102,huggyllama/llama-7b,dummy-lora-7b-rank-8-8,1644,139,429.4085455147188
5103,huggyllama/llama-7b,dummy-lora-7b-rank-8-9,1614,57,429.42022621625307
5104,huggyllama/llama-7b,dummy-lora-7b-rank-16-4,1583,57,429.4786297239244
5105,huggyllama/llama-7b,dummy-lora-7b-rank-16-5,970,57,429.50199112699306
5106,huggyllama/llama-7b,dummy-lora-7b-rank-16-6,1054,52,429.5577989232124
5107,huggyllama/llama-7b,dummy-lora-7b-rank-8-10,1591,67,429.7953065210761
5108,huggyllama/llama-7b,dummy-lora-7b-rank-8-11,1413,163,429.9912827357069
5109,huggyllama/llama-7b,dummy-lora-7b-rank-8-12,1220,57,430.0055591486932
5110,huggyllama/llama-7b,dummy-lora-7b-rank-16-7,1745,133,430.0367076861179
5111,huggyllama/llama-7b,dummy-lora-7b-rank-8-13,713,52,430.0782390693509
5112,huggyllama/llama-7b,dummy-lora-7b-rank-8-14,937,57,430.10808975104965
5113,huggyllama/llama-7b,dummy-lora-7b-rank-16-8,1637,133,430.2638324381734
5114,huggyllama/llama-7b,dummy-lora-7b-rank-16-9,947,85,430.36766089625587
5115,huggyllama/llama-7b,dummy-lora-7b-rank-16-10,867,103,430.4195751252972
5116,huggyllama/llama-7b,dummy-lora-7b-rank-16-11,1011,69,430.5195100162016
5117,huggyllama/llama-7b,dummy-lora-7b-rank-64-4,2809,537,430.66746556896913
5118,huggyllama/llama-7b,dummy-lora-7b-rank-16-0,1139,126,430.7790811614078
5119,huggyllama/llama-7b,dummy-lora-7b-rank-16-1,1222,834,430.84137823625736
5120,huggyllama/llama-7b,dummy-lora-7b-rank-8-15,1401,66,430.9815466546687
5121,huggyllama/llama-7b,dummy-lora-7b-rank-8-0,1481,52,430.9854402218468
5122,huggyllama/llama-7b,dummy-lora-7b-rank-16-2,821,291,431.0075037691893
5123,huggyllama/llama-7b,dummy-lora-7b-rank-8-1,743,308,431.21516068535436
5124,huggyllama/llama-7b,dummy-lora-7b-rank-16-3,621,52,431.29173417319015
5125,huggyllama/llama-7b,dummy-lora-7b-rank-16-4,973,79,431.53962461686217
5126,huggyllama/llama-7b,dummy-lora-7b-rank-8-2,706,303,431.6914737368079
5127,huggyllama/llama-7b,dummy-lora-7b-rank-16-5,1088,57,431.6966651597119
5128,huggyllama/llama-7b,dummy-lora-7b-rank-16-6,1007,69,431.70055872689005
5129,huggyllama/llama-7b,dummy-lora-7b-rank-8-3,1433,68,431.80568504069856
5130,huggyllama/llama-7b,dummy-lora-7b-rank-16-7,3462,109,431.8355357223973
5131,huggyllama/llama-7b,dummy-lora-7b-rank-64-5,2598,423,431.87057782700015
5132,huggyllama/llama-7b,dummy-lora-7b-rank-32-5,703,57,431.96142772782235
5133,huggyllama/llama-7b,dummy-lora-7b-rank-16-8,819,126,432.2417645646451
5134,huggyllama/llama-7b,dummy-lora-7b-rank-32-6,676,57,432.26772167916573
5135,huggyllama/llama-7b,dummy-lora-7b-rank-8-4,2083,393,432.37803941587845
5136,huggyllama/llama-7b,dummy-lora-7b-rank-32-7,859,74,432.3871244059606
5137,huggyllama/llama-7b,dummy-lora-7b-rank-128-2,2912,21,432.39880510749487
5138,huggyllama/llama-7b,dummy-lora-7b-rank-16-9,1566,82,432.43903863500185
5139,huggyllama/llama-7b,dummy-lora-7b-rank-8-5,1525,100,432.46629360524855
5140,huggyllama/llama-7b,dummy-lora-7b-rank-32-8,666,89,432.6453976954408
5141,huggyllama/llama-7b,dummy-lora-7b-rank-16-10,3581,82,432.74143901916716
5142,huggyllama/llama-7b,dummy-lora-7b-rank-8-6,795,52,433.0010101643734
5143,huggyllama/llama-7b,dummy-lora-7b-rank-16-11,937,57,433.09834934382576
5144,huggyllama/llama-7b,dummy-lora-7b-rank-8-7,2271,82,433.2566877424016
5145,huggyllama/llama-7b,dummy-lora-7b-rank-64-6,2420,359,433.27096415538796
5146,huggyllama/llama-7b,dummy-lora-7b-rank-16-0,902,57,433.28524056837426
5147,huggyllama/llama-7b,dummy-lora-7b-rank-16-1,561,68,433.3683033348403
5148,huggyllama/llama-7b,dummy-lora-7b-rank-32-9,932,90,433.41113257379936
5149,huggyllama/llama-7b,dummy-lora-7b-rank-8-8,3452,164,433.42151541960754
5150,huggyllama/llama-7b,dummy-lora-7b-rank-16-2,1376,293,433.42411113105965
5151,huggyllama/llama-7b,dummy-lora-7b-rank-8-9,876,95,433.4344939768679
5152,huggyllama/llama-7b,dummy-lora-7b-rank-32-0,1874,69,433.46174894711453
5153,huggyllama/llama-7b,dummy-lora-7b-rank-8-10,889,87,433.5071738975256
5154,huggyllama/llama-7b,dummy-lora-7b-rank-8-11,3438,294,433.61359806706025
5155,huggyllama/llama-7b,dummy-lora-7b-rank-16-3,2195,531,433.72391580377285
5156,huggyllama/llama-7b,dummy-lora-7b-rank-16-4,585,86,433.7278093709509
5157,huggyllama/llama-7b,dummy-lora-7b-rank-8-12,826,57,433.73300079385507
5158,huggyllama/llama-7b,dummy-lora-7b-rank-8-13,933,336,433.771936465636
5159,huggyllama/llama-7b,dummy-lora-7b-rank-8-14,3190,77,433.8251485504033
5160,huggyllama/llama-7b,dummy-lora-7b-rank-16-5,733,67,433.8653820779103
5161,huggyllama/llama-7b,dummy-lora-7b-rank-8-15,1615,166,433.9172963069515
5162,huggyllama/llama-7b,dummy-lora-7b-rank-8-0,909,90,433.91989201840363
5163,huggyllama/llama-7b,dummy-lora-7b-rank-8-1,818,88,434.03929474519845
5164,huggyllama/llama-7b,dummy-lora-7b-rank-8-2,1324,57,434.03929474519845
5165,huggyllama/llama-7b,dummy-lora-7b-rank-32-1,906,225,434.0444861681026
5166,huggyllama/llama-7b,dummy-lora-7b-rank-8-3,1660,161,434.06395400399305
5167,huggyllama/llama-7b,dummy-lora-7b-rank-16-6,1471,52,434.15480390481525
5168,huggyllama/llama-7b,dummy-lora-7b-rank-16-7,587,52,434.2482495170895
5169,huggyllama/llama-7b,dummy-lora-7b-rank-8-4,366,57,434.2573345071717
5170,huggyllama/llama-7b,dummy-lora-7b-rank-32-2,459,57,434.2612280743498
5171,huggyllama/llama-7b,dummy-lora-7b-rank-16-8,1399,57,434.3183337262952
5172,huggyllama/llama-7b,dummy-lora-7b-rank-8-5,518,75,434.4260557515558
5173,huggyllama/llama-7b,dummy-lora-7b-rank-64-7,2304,196,434.4286514630079
5174,huggyllama/llama-7b,dummy-lora-7b-rank-32-3,1075,57,434.48575711495323
5175,huggyllama/llama-7b,dummy-lora-7b-rank-16-9,1109,69,434.5636284585151
5176,huggyllama/llama-7b,dummy-lora-7b-rank-16-10,1423,57,434.60775555320015
5177,huggyllama/llama-7b,dummy-lora-7b-rank-128-0,2853,20,434.82190174799535
5178,huggyllama/llama-7b,dummy-lora-7b-rank-32-4,2556,426,434.9555808877766
5179,huggyllama/llama-7b,dummy-lora-7b-rank-32-5,559,185,435.095749306188
5180,huggyllama/llama-7b,dummy-lora-7b-rank-16-11,1213,57,435.15545066958543
5181,huggyllama/llama-7b,dummy-lora-7b-rank-8-6,719,57,435.1684292268457
5182,huggyllama/llama-7b,dummy-lora-7b-rank-8-7,810,57,435.17621636120185
5183,huggyllama/llama-7b,dummy-lora-7b-rank-8-8,717,66,435.30210836662695
5184,huggyllama/llama-7b,dummy-lora-7b-rank-8-9,870,52,435.57725378054556
5185,huggyllama/llama-7b,dummy-lora-7b-rank-8-10,778,57,435.63435943249095
5186,huggyllama/llama-7b,dummy-lora-7b-rank-16-0,690,61,435.636955143943
5187,huggyllama/llama-7b,dummy-lora-7b-rank-8-11,1139,126,435.68108223862805
5188,huggyllama/llama-7b,dummy-lora-7b-rank-8-12,874,79,435.7407836020255
5189,huggyllama/llama-7b,dummy-lora-7b-rank-8-13,854,74,435.9056112792315
5190,huggyllama/llama-7b,dummy-lora-7b-rank-16-1,2688,383,435.927674826574
5191,huggyllama/llama-7b,dummy-lora-7b-rank-16-2,748,52,435.96920620980706
5192,huggyllama/llama-7b,dummy-lora-7b-rank-16-3,916,82,435.98997190142353
5193,huggyllama/llama-7b,dummy-lora-7b-rank-8-14,1286,187,436.0029504586838
5194,huggyllama/llama-7b,dummy-lora-7b-rank-32-6,727,152,436.0276097174784
5195,huggyllama/llama-7b,dummy-lora-7b-rank-16-4,1519,101,436.03539685183466
5196,huggyllama/llama-7b,dummy-lora-7b-rank-16-5,764,57,436.0431839861908
5197,huggyllama/llama-7b,dummy-lora-7b-rank-8-15,675,69,436.0431839861908
5198,huggyllama/llama-7b,dummy-lora-7b-rank-16-6,905,81,436.10028963813625
5199,huggyllama/llama-7b,dummy-lora-7b-rank-8-0,526,81,436.10937462821846
5200,huggyllama/llama-7b,dummy-lora-7b-rank-16-7,1404,324,436.1833524046022
5201,huggyllama/llama-7b,dummy-lora-7b-rank-16-8,1805,52,436.18854382750635
5202,huggyllama/llama-7b,dummy-lora-7b-rank-8-1,1749,61,436.23656448936947
5203,huggyllama/llama-7b,dummy-lora-7b-rank-8-2,1523,90,436.45460425134274
5204,huggyllama/llama-7b,dummy-lora-7b-rank-128-1,2861,25,436.63889976443915
5205,huggyllama/llama-7b,dummy-lora-7b-rank-16-9,956,298,436.77777032712453
5206,huggyllama/llama-7b,dummy-lora-7b-rank-16-10,887,57,436.89068377528923
5207,huggyllama/llama-7b,dummy-lora-7b-rank-32-7,627,57,436.94389586005656
5208,huggyllama/llama-7b,dummy-lora-7b-rank-16-11,945,65,437.08795784564603
5209,huggyllama/llama-7b,dummy-lora-7b-rank-8-3,839,57,437.1411699304133
5210,huggyllama/llama-7b,dummy-lora-7b-rank-8-4,829,79,437.1891905922765
5211,huggyllama/llama-7b,dummy-lora-7b-rank-8-5,629,220,437.33325257786595
5212,huggyllama/llama-7b,dummy-lora-7b-rank-16-0,1452,57,437.35920969238657
5213,huggyllama/llama-7b,dummy-lora-7b-rank-128-2,3643,16,437.40593249852367
5214,huggyllama/llama-7b,dummy-lora-7b-rank-16-1,991,227,437.417613200058
5215,huggyllama/llama-7b,dummy-lora-7b-rank-8-6,805,254,437.42410247868816
5216,huggyllama/llama-7b,dummy-lora-7b-rank-8-7,1162,57,437.7057371712369
5217,huggyllama/llama-7b,dummy-lora-7b-rank-8-8,1584,166,437.81345919649755
5218,huggyllama/llama-7b,dummy-lora-7b-rank-16-2,849,57,437.96660617216924
5219,huggyllama/llama-7b,dummy-lora-7b-rank-16-3,855,79,438.12624242647104
5220,huggyllama/llama-7b,dummy-lora-7b-rank-8-9,859,52,438.1327317051012
5221,huggyllama/llama-7b,dummy-lora-7b-rank-8-10,2522,349,438.163880242526
5222,huggyllama/llama-7b,dummy-lora-7b-rank-8-11,1069,59,438.21968803874535
5223,huggyllama/llama-7b,dummy-lora-7b-rank-8-12,869,69,438.25732585480023
5224,huggyllama/llama-7b,dummy-lora-7b-rank-16-4,742,185,438.59087477639025
5225,huggyllama/llama-7b,dummy-lora-7b-rank-16-5,820,71,438.70638393600706
5226,huggyllama/llama-7b,dummy-lora-7b-rank-16-6,721,61,438.7180646375414
5227,huggyllama/llama-7b,dummy-lora-7b-rank-16-7,1060,424,438.7245539161715
5228,huggyllama/llama-7b,dummy-lora-7b-rank-32-8,1774,104,439.0113800316244
5229,huggyllama/llama-7b,dummy-lora-7b-rank-32-9,1887,144,439.15933558439195
5230,huggyllama/llama-7b,dummy-lora-7b-rank-16-8,892,57,439.17490985310434
5231,huggyllama/llama-7b,dummy-lora-7b-rank-16-9,1064,57,439.2618661867485
5232,huggyllama/llama-7b,dummy-lora-7b-rank-16-10,2211,353,439.29041901272115
5233,huggyllama/llama-7b,dummy-lora-7b-rank-128-0,2850,19,439.4448638441189
5234,huggyllama/llama-7b,dummy-lora-7b-rank-16-11,1552,291,439.5123523418725
5235,huggyllama/llama-7b,dummy-lora-7b-rank-32-0,1985,863,439.6953499992429
5236,huggyllama/llama-7b,dummy-lora-7b-rank-128-1,2861,25,439.7109242679553
5237,huggyllama/llama-7b,dummy-lora-7b-rank-8-13,2220,555,440.11974882165515
5238,huggyllama/llama-7b,dummy-lora-7b-rank-16-0,2068,140,440.15998234916214
5239,huggyllama/llama-7b,dummy-lora-7b-rank-16-1,1330,851,440.21838585683355
5240,huggyllama/llama-7b,dummy-lora-7b-rank-64-8,2845,501,440.2196837125596
5241,huggyllama/llama-7b,dummy-lora-7b-rank-8-14,2733,511,440.29366148894337
5242,huggyllama/llama-7b,dummy-lora-7b-rank-8-15,2229,137,440.37283068823126
5243,huggyllama/llama-7b,dummy-lora-7b-rank-8-0,944,57,440.5194883852728
5244,huggyllama/llama-7b,dummy-lora-7b-rank-16-2,1146,52,440.5246798081769
5245,huggyllama/llama-7b,dummy-lora-7b-rank-16-3,1159,57,440.5402540768893
5246,huggyllama/llama-7b,dummy-lora-7b-rank-32-1,1059,424,440.6674439380404
5247,huggyllama/llama-7b,dummy-lora-7b-rank-16-4,419,57,440.734932435794
5248,huggyllama/llama-7b,dummy-lora-7b-rank-16-5,499,52,440.75050670450634
5249,huggyllama/llama-7b,dummy-lora-7b-rank-8-1,783,57,440.98801430237006
5250,huggyllama/llama-7b,dummy-lora-7b-rank-8-2,1270,82,441.0542049443977
5251,huggyllama/llama-7b,dummy-lora-7b-rank-128-2,2856,22,441.06199207875386
5252,huggyllama/llama-7b,dummy-lora-7b-rank-32-2,698,57,441.1009277505349
5253,huggyllama/llama-7b,dummy-lora-7b-rank-32-3,664,52,441.1009277505349
5254,huggyllama/llama-7b,dummy-lora-7b-rank-8-3,955,57,441.2475854475764
5255,huggyllama/llama-7b,dummy-lora-7b-rank-128-0,2842,19,441.313776089604
5256,huggyllama/llama-7b,dummy-lora-7b-rank-8-4,2161,90,441.32156322396014
5257,huggyllama/llama-7b,dummy-lora-7b-rank-8-5,867,67,441.3228610796862
5258,huggyllama/llama-7b,dummy-lora-7b-rank-8-6,641,57,441.37088174154934
5259,huggyllama/llama-7b,dummy-lora-7b-rank-8-7,615,57,441.3916474331659
5260,huggyllama/llama-7b,dummy-lora-7b-rank-8-8,947,103,441.55907082182387
5261,huggyllama/llama-7b,dummy-lora-7b-rank-16-6,522,62,441.70702637459146
5262,huggyllama/llama-7b,dummy-lora-7b-rank-8-9,736,238,441.8030676983178
5263,huggyllama/llama-7b,dummy-lora-7b-rank-8-10,619,52,442.0431710076336
5264,huggyllama/llama-7b,dummy-lora-7b-rank-8-11,646,57,442.06263884352404
5265,huggyllama/llama-7b,dummy-lora-7b-rank-8-12,1581,67,442.34557139179884
5266,huggyllama/llama-7b,dummy-lora-7b-rank-16-7,1997,52,442.56750472095024
5267,huggyllama/llama-7b,dummy-lora-7b-rank-128-1,2842,19,442.5869725568407
5268,huggyllama/llama-7b,dummy-lora-7b-rank-16-8,1968,59,442.60773824845717
5269,huggyllama/llama-7b,dummy-lora-7b-rank-8-13,1626,57,443.09313628999286
5270,huggyllama/llama-7b,dummy-lora-7b-rank-16-9,710,57,443.13985909613
5271,huggyllama/llama-7b,dummy-lora-7b-rank-8-14,2206,52,443.178794767911
5272,huggyllama/llama-7b,dummy-lora-7b-rank-8-15,3528,327,443.2047518824316
5273,huggyllama/llama-7b,dummy-lora-7b-rank-8-0,1705,82,443.27353823591125
5274,huggyllama/llama-7b,dummy-lora-7b-rank-16-10,796,64,443.38645168407595
5275,huggyllama/llama-7b,dummy-lora-7b-rank-16-11,2403,89,443.4331744902131
5276,huggyllama/llama-7b,dummy-lora-7b-rank-8-1,698,82,443.4578337490077
5277,huggyllama/llama-7b,dummy-lora-7b-rank-128-2,3032,16,443.47730158489816
5278,huggyllama/llama-7b,dummy-lora-7b-rank-128-0,3189,27,443.5525772170079
5279,huggyllama/llama-7b,dummy-lora-7b-rank-8-2,999,90,443.8770411485158
5280,huggyllama/llama-7b,dummy-lora-7b-rank-8-3,805,61,444.37671560303784
5281,huggyllama/llama-7b,dummy-lora-7b-rank-8-4,834,57,444.632393181066
5282,huggyllama/llama-7b,dummy-lora-7b-rank-16-0,1002,209,444.67392456429906
5283,huggyllama/llama-7b,dummy-lora-7b-rank-128-1,2854,24,444.8309651071488
5284,huggyllama/llama-7b,dummy-lora-7b-rank-8-5,885,52,445.0425155904919
5285,huggyllama/llama-7b,dummy-lora-7b-rank-32-4,898,57,445.04640915767
5286,huggyllama/llama-7b,dummy-lora-7b-rank-64-0,2404,5,445.13596120276617
5287,huggyllama/llama-7b,dummy-lora-7b-rank-64-1,3018,874,445.2320025264925
5288,huggyllama/llama-7b,dummy-lora-7b-rank-8-6,992,988,445.24238537230076
5289,huggyllama/llama-7b,dummy-lora-7b-rank-64-2,2875,733,445.50585008468505
5290,huggyllama/llama-7b,dummy-lora-7b-rank-16-1,1338,67,445.53180719920573
5291,huggyllama/llama-7b,dummy-lora-7b-rank-16-2,1105,57,445.5992956969593
5292,huggyllama/llama-7b,dummy-lora-7b-rank-8-7,1279,67,445.6512099260006
5293,huggyllama/llama-7b,dummy-lora-7b-rank-8-8,821,65,445.69533702068566
5294,huggyllama/llama-7b,dummy-lora-7b-rank-8-9,1233,57,445.7615276627132
5295,huggyllama/llama-7b,dummy-lora-7b-rank-32-5,764,59,445.8471861406313
5296,huggyllama/llama-7b,dummy-lora-7b-rank-8-10,874,57,445.9406317529056
5297,huggyllama/llama-7b,dummy-lora-7b-rank-32-6,845,82,445.98346099186455
5298,huggyllama/llama-7b,dummy-lora-7b-rank-16-3,850,57,446.0457580667141
5299,huggyllama/llama-7b,dummy-lora-7b-rank-8-11,804,90,446.1158422759198
5300,huggyllama/llama-7b,dummy-lora-7b-rank-8-12,1600,116,446.1898200523036
5301,huggyllama/llama-7b,dummy-lora-7b-rank-8-13,870,57,446.2417342813448
5302,huggyllama/llama-7b,dummy-lora-7b-rank-8-14,757,61,446.2689892515915
5303,huggyllama/llama-7b,dummy-lora-7b-rank-16-4,1583,165,446.27158496304355
5304,huggyllama/llama-7b,dummy-lora-7b-rank-16-5,957,71,446.3157120577286
5305,huggyllama/llama-7b,dummy-lora-7b-rank-8-15,957,79,446.372817709674
5306,huggyllama/llama-7b,dummy-lora-7b-rank-128-2,2856,25,446.59215532737335
5307,huggyllama/llama-7b,dummy-lora-7b-rank-16-6,1811,726,446.74011088014083
5308,huggyllama/llama-7b,dummy-lora-7b-rank-32-7,785,57,447.0061713039773
5309,huggyllama/llama-7b,dummy-lora-7b-rank-8-0,692,69,447.09182978189534
5310,huggyllama/llama-7b,dummy-lora-7b-rank-8-1,1972,716,447.1891689613477
5311,huggyllama/llama-7b,dummy-lora-7b-rank-128-0,2852,20,447.19436038425187
5312,huggyllama/llama-7b,dummy-lora-7b-rank-8-2,814,57,447.19565823997783
5313,huggyllama/llama-7b,dummy-lora-7b-rank-16-7,954,57,447.202147518608
5314,huggyllama/llama-7b,dummy-lora-7b-rank-16-8,928,69,447.30857168814254
5315,huggyllama/llama-7b,dummy-lora-7b-rank-8-3,2274,57,447.37476233017014
5316,huggyllama/llama-7b,dummy-lora-7b-rank-16-9,416,57,447.5188243157597
5317,huggyllama/llama-7b,dummy-lora-7b-rank-128-1,2849,26,447.7290769433767
5318,huggyllama/llama-7b,dummy-lora-7b-rank-8-4,648,57,447.87443678469225
5319,huggyllama/llama-7b,dummy-lora-7b-rank-8-5,647,85,448.0794979894051
5320,huggyllama/llama-7b,dummy-lora-7b-rank-64-3,2493,263,448.0898808352134
5321,huggyllama/llama-7b,dummy-lora-7b-rank-8-6,983,63,448.0976679695696
5322,huggyllama/llama-7b,dummy-lora-7b-rank-8-7,1649,57,448.4130469109952
5323,huggyllama/llama-7b,dummy-lora-7b-rank-16-10,1189,69,448.43121689115964
5324,huggyllama/llama-7b,dummy-lora-7b-rank-8-8,782,81,448.43381260261174
5325,huggyllama/llama-7b,dummy-lora-7b-rank-8-9,1848,57,448.4896203988311
5326,huggyllama/llama-7b,dummy-lora-7b-rank-16-11,966,57,448.6817030462837
5327,huggyllama/llama-7b,dummy-lora-7b-rank-8-10,1976,57,448.7284258524208
5328,huggyllama/llama-7b,dummy-lora-7b-rank-16-0,1371,59,448.79202078299636
5329,huggyllama/llama-7b,dummy-lora-7b-rank-8-11,1592,166,448.8024036288046
5330,huggyllama/llama-7b,dummy-lora-7b-rank-8-12,893,93,448.93478491285975
5331,huggyllama/llama-7b,dummy-lora-7b-rank-8-13,1044,57,448.942572047216
5332,huggyllama/llama-7b,dummy-lora-7b-rank-8-14,634,59,449.00227341061344
5333,huggyllama/llama-7b,dummy-lora-7b-rank-8-15,782,75,449.0710597640931
5334,huggyllama/llama-7b,dummy-lora-7b-rank-8-0,937,80,449.13076112749053
5335,huggyllama/llama-7b,dummy-lora-7b-rank-16-1,1208,445,449.2203131725867
5336,huggyllama/llama-7b,dummy-lora-7b-rank-16-2,1908,552,449.28650381461426
5337,huggyllama/llama-7b,dummy-lora-7b-rank-8-1,810,57,449.3241416306692
5338,huggyllama/llama-7b,dummy-lora-7b-rank-32-8,1620,111,449.42797008875175
5339,huggyllama/llama-7b,dummy-lora-7b-rank-8-2,818,57,449.4720971834368
5340,huggyllama/llama-7b,dummy-lora-7b-rank-64-4,3065,664,449.52530926820407
5341,huggyllama/llama-7b,dummy-lora-7b-rank-16-3,800,90,449.564244939985
5342,huggyllama/llama-7b,dummy-lora-7b-rank-8-3,1339,290,449.6589884079853
5343,huggyllama/llama-7b,dummy-lora-7b-rank-16-4,895,255,449.7018176469443
5344,huggyllama/llama-7b,dummy-lora-7b-rank-16-5,723,59,449.71609405993064
5345,huggyllama/llama-7b,dummy-lora-7b-rank-8-4,850,57,449.75243402025956
5346,huggyllama/llama-7b,dummy-lora-7b-rank-64-5,2836,446,450.01070730973976
5347,huggyllama/llama-7b,dummy-lora-7b-rank-16-6,762,240,450.03277085708226
5348,huggyllama/llama-7b,dummy-lora-7b-rank-32-9,412,52,450.0691108174112
5349,huggyllama/llama-7b,dummy-lora-7b-rank-8-5,525,90,450.22095993735684
5350,huggyllama/llama-7b,dummy-lora-7b-rank-8-6,1515,57,450.2728741663981
5351,huggyllama/llama-7b,dummy-lora-7b-rank-8-7,988,57,450.3442562313298
5352,huggyllama/llama-7b,dummy-lora-7b-rank-8-8,498,57,450.4169361519876
5353,huggyllama/llama-7b,dummy-lora-7b-rank-16-7,1168,71,450.4195318634396
5354,huggyllama/llama-7b,dummy-lora-7b-rank-16-8,986,57,450.4519782565904
5355,huggyllama/llama-7b,dummy-lora-7b-rank-16-9,513,52,450.48312679401516
5356,huggyllama/llama-7b,dummy-lora-7b-rank-8-9,433,60,450.5415303016865
5357,huggyllama/llama-7b,dummy-lora-7b-rank-16-10,976,87,450.6219973567005
5358,huggyllama/llama-7b,dummy-lora-7b-rank-16-11,976,289,450.6323802025088
5359,huggyllama/llama-7b,dummy-lora-7b-rank-8-10,405,93,450.641465192591
5360,huggyllama/llama-7b,dummy-lora-7b-rank-16-0,1131,107,450.69078371018014
5361,huggyllama/llama-7b,dummy-lora-7b-rank-8-11,1466,278,450.71803868042684
5362,huggyllama/llama-7b,dummy-lora-7b-rank-8-12,1517,134,450.8608028102903
5363,huggyllama/llama-7b,dummy-lora-7b-rank-16-1,1295,61,451.05807688064704
5364,huggyllama/llama-7b,dummy-lora-7b-rank-8-13,1090,88,451.2099260005927
5365,huggyllama/llama-7b,dummy-lora-7b-rank-8-14,1289,90,451.6161548428405
5366,huggyllama/llama-7b,dummy-lora-7b-rank-8-15,962,267,451.7160897337449
5367,huggyllama/llama-7b,dummy-lora-7b-rank-8-0,1636,128,451.72517472382714
5368,huggyllama/llama-7b,dummy-lora-7b-rank-8-1,1220,57,451.7693018185122
5369,huggyllama/llama-7b,dummy-lora-7b-rank-16-2,1584,90,452.0353622423486
5370,huggyllama/llama-7b,dummy-lora-7b-rank-16-3,1131,126,452.0963614614721
5371,huggyllama/llama-7b,dummy-lora-7b-rank-8-2,769,57,452.13140356607494
5372,huggyllama/llama-7b,dummy-lora-7b-rank-16-4,645,57,452.17163709358186
5373,huggyllama/llama-7b,dummy-lora-7b-rank-16-5,1139,144,452.1924027851984
5374,huggyllama/llama-7b,dummy-lora-7b-rank-16-6,1541,158,452.3338690593358
5375,huggyllama/llama-7b,dummy-lora-7b-rank-8-3,1275,473,452.344251905144
5376,huggyllama/llama-7b,dummy-lora-7b-rank-8-4,599,311,452.43899537314434
5377,huggyllama/llama-7b,dummy-lora-7b-rank-32-0,1186,57,452.675205115282
5378,huggyllama/llama-7b,dummy-lora-7b-rank-128-2,2852,20,452.9321805490363
5379,huggyllama/llama-7b,dummy-lora-7b-rank-16-7,1141,238,453.0269240170365
5380,huggyllama/llama-7b,dummy-lora-7b-rank-8-5,515,57,453.1177739178587
5381,huggyllama/llama-7b,dummy-lora-7b-rank-16-8,1573,116,453.2397723561056
5382,huggyllama/llama-7b,dummy-lora-7b-rank-8-6,433,80,453.4123871676678
5383,huggyllama/llama-7b,dummy-lora-7b-rank-16-9,888,57,453.44742927227065
5384,huggyllama/llama-7b,dummy-lora-7b-rank-16-10,1083,696,453.45910997380497
5385,huggyllama/llama-7b,dummy-lora-7b-rank-8-7,795,61,453.50323706849
5386,huggyllama/llama-7b,dummy-lora-7b-rank-16-11,1929,845,453.61225694947666
5387,huggyllama/llama-7b,dummy-lora-7b-rank-16-0,2089,57,453.6382140639973
5388,huggyllama/llama-7b,dummy-lora-7b-rank-16-1,2010,62,453.6460011983535
5389,huggyllama/llama-7b,dummy-lora-7b-rank-16-2,617,799,453.7018089945728
5390,huggyllama/llama-7b,dummy-lora-7b-rank-8-8,2618,74,453.71348969610705
5391,huggyllama/llama-7b,dummy-lora-7b-rank-16-3,1761,59,453.81472244273755
5392,huggyllama/llama-7b,dummy-lora-7b-rank-8-9,2092,100,453.91984875654606
5393,huggyllama/llama-7b,dummy-lora-7b-rank-8-10,2334,119,454.34294972323227
5394,huggyllama/llama-7b,dummy-lora-7b-rank-8-11,827,896,454.3663111263008
5395,huggyllama/llama-7b,dummy-lora-7b-rank-8-12,1897,477,454.44158675841066
5396,huggyllama/llama-7b,dummy-lora-7b-rank-32-1,875,231,454.55969162947946
5397,huggyllama/llama-7b,dummy-lora-7b-rank-128-0,2869,25,454.6064144356166
5398,huggyllama/llama-7b,dummy-lora-7b-rank-32-2,935,79,454.7673485456445
5399,huggyllama/llama-7b,dummy-lora-7b-rank-8-13,974,215,454.7920078044391
5400,huggyllama/llama-7b,dummy-lora-7b-rank-16-4,2969,52,454.98798401906987
5401,huggyllama/llama-7b,dummy-lora-7b-rank-16-5,2916,71,455.08013177561804
5402,huggyllama/llama-7b,dummy-lora-7b-rank-8-14,533,57,455.59148693167435
5403,huggyllama/llama-7b,dummy-lora-7b-rank-64-6,2507,160,455.7679953104147
5404,huggyllama/llama-7b,dummy-lora-7b-rank-8-15,2659,164,455.8289945295381
5405,huggyllama/llama-7b,dummy-lora-7b-rank-8-0,2226,52,455.8912916043876
5406,huggyllama/llama-7b,dummy-lora-7b-rank-16-6,1445,57,455.92633370899046
5407,huggyllama/llama-7b,dummy-lora-7b-rank-16-7,2411,81,456.07428926175805
5408,huggyllama/llama-7b,dummy-lora-7b-rank-16-8,2400,168,456.1223099236212
5409,huggyllama/llama-7b,dummy-lora-7b-rank-8-1,2844,223,456.2300319488818
5410,huggyllama/llama-7b,dummy-lora-7b-rank-8-2,2102,236,456.30011615808746
5411,huggyllama/llama-7b,dummy-lora-7b-rank-8-3,888,57,456.4986880841703
5412,huggyllama/llama-7b,dummy-lora-7b-rank-32-3,972,543,456.5324323330471
5413,huggyllama/llama-7b,dummy-lora-7b-rank-16-9,2359,57,456.56487872619783
5414,huggyllama/llama-7b,dummy-lora-7b-rank-128-1,3161,29,456.5661765819239
5415,huggyllama/llama-7b,dummy-lora-7b-rank-8-4,641,79,456.6362607911296
5416,huggyllama/llama-7b,dummy-lora-7b-rank-16-10,2505,71,456.694664298801
5417,huggyllama/llama-7b,dummy-lora-7b-rank-8-5,876,60,456.8322370057603
5418,huggyllama/llama-7b,dummy-lora-7b-rank-8-6,1226,82,456.97370327989773
5419,huggyllama/llama-7b,dummy-lora-7b-rank-16-11,604,198,457.09699957387073
5420,huggyllama/llama-7b,dummy-lora-7b-rank-8-7,828,52,457.1372331013777
5421,huggyllama/llama-7b,dummy-lora-7b-rank-16-0,840,57,457.190445186145
5422,huggyllama/llama-7b,dummy-lora-7b-rank-8-8,1196,57,457.2177001563916
5423,huggyllama/llama-7b,dummy-lora-7b-rank-8-9,1140,57,457.23197656937793
5424,huggyllama/llama-7b,dummy-lora-7b-rank-8-10,747,61,457.2657208182548
5425,huggyllama/llama-7b,dummy-lora-7b-rank-128-2,2885,44,457.482462724502
5426,huggyllama/llama-7b,dummy-lora-7b-rank-8-11,2791,216,457.5058241275706
5427,huggyllama/llama-7b,dummy-lora-7b-rank-16-1,873,57,457.730353168174
5428,huggyllama/llama-7b,dummy-lora-7b-rank-16-2,1914,57,457.77188455140697
5429,huggyllama/llama-7b,dummy-lora-7b-rank-8-12,1037,69,457.8809044323936
5430,huggyllama/llama-7b,dummy-lora-7b-rank-8-13,873,57,458.0184771393529
5431,huggyllama/llama-7b,dummy-lora-7b-rank-8-14,1187,890,458.04832782105166
5432,huggyllama/llama-7b,dummy-lora-7b-rank-8-15,1052,57,458.1106248959012
5433,huggyllama/llama-7b,dummy-lora-7b-rank-128-0,2996,21,458.1197098859834
5434,huggyllama/llama-7b,dummy-lora-7b-rank-16-3,1517,57,458.17032625929863
5435,huggyllama/llama-7b,dummy-lora-7b-rank-16-4,943,88,458.313090389162
5436,huggyllama/llama-7b,dummy-lora-7b-rank-8-0,1279,81,458.3727917525595
5437,huggyllama/llama-7b,dummy-lora-7b-rank-16-5,1997,71,458.3857703098198
5438,huggyllama/llama-7b,dummy-lora-7b-rank-16-6,884,57,458.48440734499815
5439,huggyllama/llama-7b,dummy-lora-7b-rank-8-1,2300,57,458.50647089234064
5440,huggyllama/llama-7b,dummy-lora-7b-rank-8-2,2690,61,458.5259387282312
5441,huggyllama/llama-7b,dummy-lora-7b-rank-8-3,897,57,458.53372586258735
5442,huggyllama/llama-7b,dummy-lora-7b-rank-16-7,584,52,458.60770363897115
5443,huggyllama/llama-7b,dummy-lora-7b-rank-8-4,1834,173,458.6881706939851
5444,huggyllama/llama-7b,dummy-lora-7b-rank-8-5,898,52,458.68946854971114
5445,huggyllama/llama-7b,dummy-lora-7b-rank-16-8,1061,57,458.7907012963416
5446,huggyllama/llama-7b,dummy-lora-7b-rank-8-6,595,57,458.82704125667044
5447,huggyllama/llama-7b,dummy-lora-7b-rank-8-7,1639,133,458.8724662070816
5448,huggyllama/llama-7b,dummy-lora-7b-rank-8-8,876,95,458.8815511971638
5449,huggyllama/llama-7b,dummy-lora-7b-rank-64-7,2315,127,458.933465426205
5450,huggyllama/llama-7b,dummy-lora-7b-rank-16-9,2597,79,458.9581246849996
5451,huggyllama/llama-7b,dummy-lora-7b-rank-16-10,1526,84,459.0411874514656
5452,huggyllama/llama-7b,dummy-lora-7b-rank-8-9,754,183,459.09699524768496
5453,huggyllama/llama-7b,dummy-lora-7b-rank-8-10,776,67,459.1956322828633
5454,huggyllama/llama-7b,dummy-lora-7b-rank-8-11,1298,308,459.57979757776866
5455,huggyllama/llama-7b,dummy-lora-7b-rank-32-4,606,57,459.61354182664536
5456,huggyllama/llama-7b,dummy-lora-7b-rank-16-11,777,283,459.67194533431683
5457,huggyllama/llama-7b,dummy-lora-7b-rank-16-0,2430,57,459.7121788618238
5458,huggyllama/llama-7b,dummy-lora-7b-rank-8-12,596,52,459.71996599617995
5459,huggyllama/llama-7b,dummy-lora-7b-rank-8-13,890,57,459.804326618372
5460,huggyllama/llama-7b,dummy-lora-7b-rank-8-14,961,324,459.9003679420983
5461,huggyllama/llama-7b,dummy-lora-7b-rank-16-1,3177,52,459.94449503678334
5462,huggyllama/llama-7b,dummy-lora-7b-rank-16-2,882,57,459.95877144976976
5463,huggyllama/llama-7b,dummy-lora-7b-rank-8-15,866,64,459.9938135543726
5464,huggyllama/llama-7b,dummy-lora-7b-rank-16-3,1554,57,460.01717495744117
5465,huggyllama/llama-7b,dummy-lora-7b-rank-64-8,3055,441,460.05740848494816
5466,huggyllama/llama-7b,dummy-lora-7b-rank-16-4,879,57,460.1054291468113
5467,huggyllama/llama-7b,dummy-lora-7b-rank-16-5,842,79,460.1482583857703
5468,huggyllama/llama-7b,dummy-lora-7b-rank-32-5,1223,496,460.1651305102087
5469,huggyllama/llama-7b,dummy-lora-7b-rank-8-0,2422,106,460.24689542094865
5470,huggyllama/llama-7b,dummy-lora-7b-rank-16-6,2096,102,460.25857612248296
5471,huggyllama/llama-7b,dummy-lora-7b-rank-8-1,1581,81,460.28583109272967
5472,huggyllama/llama-7b,dummy-lora-7b-rank-16-7,1956,308,460.55967865092225
5473,huggyllama/llama-7b,dummy-lora-7b-rank-16-8,626,355,460.85299404500535
5474,huggyllama/llama-7b,dummy-lora-7b-rank-16-9,695,365,460.9178868313069
5475,huggyllama/llama-7b,dummy-lora-7b-rank-32-6,579,57,460.99965174204686
5476,huggyllama/llama-7b,dummy-lora-7b-rank-32-7,810,65,461.0359917023757
5477,huggyllama/llama-7b,dummy-lora-7b-rank-32-8,722,52,461.0437788367319
5478,huggyllama/llama-7b,dummy-lora-7b-rank-32-9,915,57,461.16967084215696
5479,huggyllama/llama-7b,dummy-lora-7b-rank-16-10,948,75,461.3513706438013
5480,huggyllama/llama-7b,dummy-lora-7b-rank-16-11,1173,57,461.54475114698
5481,huggyllama/llama-7b,dummy-lora-7b-rank-16-0,1363,79,461.6187289233638
5482,huggyllama/llama-7b,dummy-lora-7b-rank-128-1,2858,23,461.6550688836927
5483,huggyllama/llama-7b,dummy-lora-7b-rank-128-2,3061,16,461.7420252173368
5484,huggyllama/llama-7b,dummy-lora-7b-rank-16-1,943,283,461.74591878451486
5485,huggyllama/llama-7b,dummy-lora-7b-rank-8-2,1469,57,461.8445558196932
5486,huggyllama/llama-7b,dummy-lora-7b-rank-16-2,1608,67,461.9367035762415
5487,huggyllama/llama-7b,dummy-lora-7b-rank-16-3,736,57,461.94708642204967
5488,huggyllama/llama-7b,dummy-lora-7b-rank-8-3,715,61,461.9951070839129
5489,huggyllama/llama-7b,dummy-lora-7b-rank-8-4,1156,57,462.0716805717487
5490,huggyllama/llama-7b,dummy-lora-7b-rank-16-4,727,79,462.09374411909124
5491,huggyllama/llama-7b,dummy-lora-7b-rank-8-5,1289,81,462.19238115426964
5492,huggyllama/llama-7b,dummy-lora-7b-rank-8-6,822,85,462.2520825176671
5493,huggyllama/llama-7b,dummy-lora-7b-rank-64-0,2964,501,462.3429324184892
5494,huggyllama/llama-7b,dummy-lora-7b-rank-8-7,1860,91,462.3481238413934
5495,huggyllama/llama-7b,dummy-lora-7b-rank-16-5,987,64,462.372783100188
5496,huggyllama/llama-7b,dummy-lora-7b-rank-128-0,3138,19,462.4324844635854
5497,huggyllama/llama-7b,dummy-lora-7b-rank-8-8,2028,81,462.43767588648956
5498,huggyllama/llama-7b,dummy-lora-7b-rank-8-9,1012,358,462.70373631032595
5499,huggyllama/llama-7b,dummy-lora-7b-rank-16-6,1028,356,462.705034166052
5500,huggyllama/llama-7b,dummy-lora-7b-rank-8-10,843,57,462.7660333851755
5501,huggyllama/llama-7b,dummy-lora-7b-rank-16-7,1196,401,462.7816076538879
5502,huggyllama/llama-7b,dummy-lora-7b-rank-16-8,1956,90,462.8231390371208
5503,huggyllama/llama-7b,dummy-lora-7b-rank-8-11,1589,57,462.8361175943811
5504,huggyllama/llama-7b,dummy-lora-7b-rank-8-12,2059,77,462.9243717837513
5505,huggyllama/llama-7b,dummy-lora-7b-rank-8-13,2535,194,463.15279439153284
5506,huggyllama/llama-7b,dummy-lora-7b-rank-8-14,3226,88,463.18264507323147
5507,huggyllama/llama-7b,dummy-lora-7b-rank-128-1,2856,22,463.19302791903976
5508,huggyllama/llama-7b,dummy-lora-7b-rank-16-9,3295,108,463.25013357098516
5509,huggyllama/llama-7b,dummy-lora-7b-rank-16-10,1798,161,463.286473531314
5510,huggyllama/llama-7b,dummy-lora-7b-rank-16-11,1060,516,463.3163242130127
5511,huggyllama/llama-7b,dummy-lora-7b-rank-16-0,1787,130,463.3163242130127
5512,huggyllama/llama-7b,dummy-lora-7b-rank-16-1,1014,470,463.36953629778003
5513,huggyllama/llama-7b,dummy-lora-7b-rank-8-15,1137,357,463.59017177120535
5514,huggyllama/llama-7b,dummy-lora-7b-rank-16-2,1824,310,463.6355967216165
5515,huggyllama/llama-7b,dummy-lora-7b-rank-16-3,1646,57,463.7069787865481
5516,huggyllama/llama-7b,dummy-lora-7b-rank-8-0,1864,178,463.86791289657606
5517,huggyllama/llama-7b,dummy-lora-7b-rank-16-4,995,52,463.9354013943297
5518,huggyllama/llama-7b,dummy-lora-7b-rank-8-1,1004,437,464.0145705936176
5519,huggyllama/llama-7b,dummy-lora-7b-rank-16-5,676,57,464.0171663050697
5520,huggyllama/llama-7b,dummy-lora-7b-rank-8-2,650,57,464.04312341959024
5521,huggyllama/llama-7b,dummy-lora-7b-rank-8-3,557,63,464.0872505142753
5522,huggyllama/llama-7b,dummy-lora-7b-rank-8-4,1254,90,464.09244193717944
5523,huggyllama/llama-7b,dummy-lora-7b-rank-8-5,1154,57,464.1028247829877
5524,huggyllama/llama-7b,dummy-lora-7b-rank-8-6,790,57,464.19497253953597
5525,huggyllama/llama-7b,dummy-lora-7b-rank-8-7,1250,237,464.3753744854543
5526,huggyllama/llama-7b,dummy-lora-7b-rank-16-6,873,57,464.4869900778929
5527,huggyllama/llama-7b,dummy-lora-7b-rank-8-8,857,64,464.5544785756466
5528,huggyllama/llama-7b,dummy-lora-7b-rank-8-9,1211,57,464.5609678542767
5529,huggyllama/llama-7b,dummy-lora-7b-rank-16-7,1084,328,464.57394641153707
5530,huggyllama/llama-7b,dummy-lora-7b-rank-8-10,3511,58,464.58952068024945
5531,huggyllama/llama-7b,dummy-lora-7b-rank-128-2,2876,21,464.6712855909894
5532,huggyllama/llama-7b,dummy-lora-7b-rank-16-8,748,72,464.7089234070444
5533,huggyllama/llama-7b,dummy-lora-7b-rank-8-11,1015,472,464.73488052156495
5534,huggyllama/llama-7b,dummy-lora-7b-rank-16-9,1733,319,464.77641190479795
5535,huggyllama/llama-7b,dummy-lora-7b-rank-8-12,781,52,464.90489962167504
5536,huggyllama/llama-7b,dummy-lora-7b-rank-8-13,547,61,464.9308567361957
5537,huggyllama/llama-7b,dummy-lora-7b-rank-16-10,791,57,464.98666453241503
5538,huggyllama/llama-7b,dummy-lora-7b-rank-128-0,2853,19,465.0814080004153
5539,huggyllama/llama-7b,dummy-lora-7b-rank-8-14,640,57,465.0814080004153
5540,huggyllama/llama-7b,dummy-lora-7b-rank-16-11,873,69,465.0814080004153
5541,huggyllama/llama-7b,dummy-lora-7b-rank-8-15,917,75,465.0969822691277
5542,huggyllama/llama-7b,dummy-lora-7b-rank-8-0,1097,352,465.14370507526485
5543,huggyllama/llama-7b,dummy-lora-7b-rank-8-1,651,81,465.151492209621
5544,huggyllama/llama-7b,dummy-lora-7b-rank-8-2,706,84,465.1709600455115
5545,huggyllama/llama-7b,dummy-lora-7b-rank-8-3,830,163,465.399382653293
5546,huggyllama/llama-7b,dummy-lora-7b-rank-8-4,1944,361,465.40716978764914
5547,huggyllama/llama-7b,dummy-lora-7b-rank-64-1,3442,474,465.40716978764914
5548,huggyllama/llama-7b,dummy-lora-7b-rank-16-0,918,112,465.4084676433752
5549,huggyllama/llama-7b,dummy-lora-7b-rank-16-1,916,79,465.4642754395946
5550,huggyllama/llama-7b,dummy-lora-7b-rank-8-5,1931,89,465.48244541975896
5551,huggyllama/llama-7b,dummy-lora-7b-rank-16-2,1376,246,465.6161245595402
5552,huggyllama/llama-7b,dummy-lora-7b-rank-8-6,631,57,465.732931574883
5553,huggyllama/llama-7b,dummy-lora-7b-rank-8-7,3220,265,465.77576081384206
5554,huggyllama/llama-7b,dummy-lora-7b-rank-64-2,2453,129,465.9587584712125
5555,huggyllama/llama-7b,dummy-lora-7b-rank-32-0,1441,340,466.38964657225483
5556,huggyllama/llama-7b,dummy-lora-7b-rank-8-8,2941,364,466.4480500799263
5557,huggyllama/llama-7b,dummy-lora-7b-rank-8-9,2430,352,466.5986013441459
5558,huggyllama/llama-7b,dummy-lora-7b-rank-16-3,987,57,466.62715417011856
5559,huggyllama/llama-7b,dummy-lora-7b-rank-32-1,1734,57,466.6751748319818
5560,huggyllama/llama-7b,dummy-lora-7b-rank-16-4,546,57,466.9126824298455
5561,huggyllama/llama-7b,dummy-lora-7b-rank-32-2,910,57,466.91917170847563
5562,huggyllama/llama-7b,dummy-lora-7b-rank-32-3,1310,77,466.9620009474347
5563,huggyllama/llama-7b,dummy-lora-7b-rank-32-4,1505,90,467.03078730091437
5564,huggyllama/llama-7b,dummy-lora-7b-rank-8-10,900,77,467.0424680024487
5565,huggyllama/llama-7b,dummy-lora-7b-rank-64-3,3064,611,467.2423377842575
5566,huggyllama/llama-7b,dummy-lora-7b-rank-8-11,1464,57,467.4188461629977
5567,huggyllama/llama-7b,dummy-lora-7b-rank-8-12,2341,415,467.5810781287516
5568,huggyllama/llama-7b,dummy-lora-7b-rank-8-13,486,74,467.58497169592965
5569,huggyllama/llama-7b,dummy-lora-7b-rank-8-14,568,88,467.6628430394916
5570,huggyllama/llama-7b,dummy-lora-7b-rank-8-15,750,349,467.72643797006714
5571,huggyllama/llama-7b,dummy-lora-7b-rank-16-5,984,123,467.75628865176583
5572,huggyllama/llama-7b,dummy-lora-7b-rank-16-6,777,57,467.8497342640401
5573,huggyllama/llama-7b,dummy-lora-7b-rank-16-7,920,82,468.0729654489175
5574,huggyllama/llama-7b,dummy-lora-7b-rank-16-8,1147,87,468.1106032649724
5575,huggyllama/llama-7b,dummy-lora-7b-rank-8-0,1811,90,468.11579468787653
5576,huggyllama/llama-7b,dummy-lora-7b-rank-8-1,759,83,468.29489877806884
5577,huggyllama/llama-7b,dummy-lora-7b-rank-8-2,639,61,468.4285779178501
5578,huggyllama/llama-7b,dummy-lora-7b-rank-32-5,1392,52,468.48308785834337
5579,huggyllama/llama-7b,dummy-lora-7b-rank-8-3,2398,331,468.61157557522046
5580,huggyllama/llama-7b,dummy-lora-7b-rank-16-9,706,61,468.62844769965886
5581,huggyllama/llama-7b,dummy-lora-7b-rank-32-6,955,57,468.65180910272744
5582,huggyllama/llama-7b,dummy-lora-7b-rank-32-7,1318,72,468.68036192870017
5583,huggyllama/llama-7b,dummy-lora-7b-rank-8-4,1101,84,468.7296804462893
5584,huggyllama/llama-7b,dummy-lora-7b-rank-8-5,1105,57,468.94642235253656
5585,huggyllama/llama-7b,dummy-lora-7b-rank-16-10,1158,362,469.05025081061905
5586,huggyllama/llama-7b,dummy-lora-7b-rank-8-6,1403,90,469.08399505949586
5587,huggyllama/llama-7b,dummy-lora-7b-rank-16-11,961,57,469.1683556816879
5588,huggyllama/llama-7b,dummy-lora-7b-rank-16-0,842,57,469.20599349774284
5589,huggyllama/llama-7b,dummy-lora-7b-rank-16-1,1618,126,469.22935490081136
5590,huggyllama/llama-7b,dummy-lora-7b-rank-8-7,1589,310,469.32539622453766
5591,huggyllama/llama-7b,dummy-lora-7b-rank-8-8,1616,71,469.3695233192227
5592,huggyllama/llama-7b,dummy-lora-7b-rank-8-9,1771,107,469.420139692538
5593,huggyllama/llama-7b,dummy-lora-7b-rank-8-10,1573,165,469.45128822996276
5594,huggyllama/llama-7b,dummy-lora-7b-rank-8-11,1927,88,469.49411746892173
5595,huggyllama/llama-7b,dummy-lora-7b-rank-8-12,3212,106,469.5239681506205
5596,huggyllama/llama-7b,dummy-lora-7b-rank-8-13,717,202,469.67971083774427
5597,huggyllama/llama-7b,dummy-lora-7b-rank-64-4,3315,711,470.000281202074
5598,huggyllama/llama-7b,dummy-lora-7b-rank-8-14,1527,415,470.22351238695137
5599,huggyllama/llama-7b,dummy-lora-7b-rank-8-15,1248,275,470.2819158946228
5600,huggyllama/llama-7b,dummy-lora-7b-rank-16-2,1019,345,470.2935965961571
5601,huggyllama/llama-7b,dummy-lora-7b-rank-8-0,896,57,470.3052772976913
5602,huggyllama/llama-7b,dummy-lora-7b-rank-8-1,748,57,470.3662765168148
5603,huggyllama/llama-7b,dummy-lora-7b-rank-16-3,689,52,470.39353148706147
5604,huggyllama/llama-7b,dummy-lora-7b-rank-64-5,2265,126,470.4467435718288
5605,huggyllama/llama-7b,dummy-lora-7b-rank-64-6,2815,425,470.4960620894179
5606,huggyllama/llama-7b,dummy-lora-7b-rank-128-1,2919,19,470.5207213482125
5607,huggyllama/llama-7b,dummy-lora-7b-rank-8-2,600,69,471.02039580273464
5608,huggyllama/llama-7b,dummy-lora-7b-rank-8-3,1710,73,471.16445778832406
5609,huggyllama/llama-7b,dummy-lora-7b-rank-8-4,1929,750,471.2163720173653
5610,huggyllama/llama-7b,dummy-lora-7b-rank-32-8,738,52,471.3643275701329
5611,huggyllama/llama-7b,dummy-lora-7b-rank-16-4,1125,79,471.5421338045992
5612,huggyllama/llama-7b,dummy-lora-7b-rank-16-5,1313,79,471.5577080733116
5613,huggyllama/llama-7b,dummy-lora-7b-rank-8-5,802,260,471.6926850688188
5614,huggyllama/llama-7b,dummy-lora-7b-rank-8-6,1002,79,471.95225621402506
5615,huggyllama/llama-7b,dummy-lora-7b-rank-16-6,2180,57,471.9808090399977
5616,huggyllama/llama-7b,dummy-lora-7b-rank-8-7,1000,90,472.00157473161426
5617,huggyllama/llama-7b,dummy-lora-7b-rank-8-8,2205,95,472.22740162794366
5618,huggyllama/llama-7b,dummy-lora-7b-rank-16-7,2952,119,472.4350585441087
5619,huggyllama/llama-7b,dummy-lora-7b-rank-16-8,2229,105,472.4376542555608
5620,huggyllama/llama-7b,dummy-lora-7b-rank-16-9,690,57,472.46620708153347
5621,huggyllama/llama-7b,dummy-lora-7b-rank-16-10,1796,75,472.4778877830678
5622,huggyllama/llama-7b,dummy-lora-7b-rank-16-11,500,57,472.5972905098626
5623,huggyllama/llama-7b,dummy-lora-7b-rank-128-2,2848,21,472.5998862213147
5624,huggyllama/llama-7b,dummy-lora-7b-rank-8-9,894,81,472.63492832591754
5625,huggyllama/llama-7b,dummy-lora-7b-rank-8-10,1526,57,472.737458928274
5626,huggyllama/llama-7b,dummy-lora-7b-rank-8-11,681,92,472.75692676416446
5627,huggyllama/llama-7b,dummy-lora-7b-rank-32-9,1990,69,473.0048172078365
5628,huggyllama/llama-7b,dummy-lora-7b-rank-64-7,2828,669,473.09047568575454
5629,huggyllama/llama-7b,dummy-lora-7b-rank-8-12,1867,57,473.2566012186865
5630,huggyllama/llama-7b,dummy-lora-7b-rank-32-0,1027,52,473.3863867912897
5631,huggyllama/llama-7b,dummy-lora-7b-rank-16-0,647,57,473.4331095974268
5632,huggyllama/llama-7b,dummy-lora-7b-rank-16-1,486,52,473.4538752890433
5633,huggyllama/llama-7b,dummy-lora-7b-rank-8-13,1311,57,473.51357665244075
5634,huggyllama/llama-7b,dummy-lora-7b-rank-8-14,620,52,473.51617236389285
5635,huggyllama/llama-7b,dummy-lora-7b-rank-8-15,1276,81,473.5577037471258
5636,huggyllama/llama-7b,dummy-lora-7b-rank-64-8,2431,119,473.56808659293404
5637,huggyllama/llama-7b,dummy-lora-7b-rank-16-2,473,81,473.6238943891534
5638,huggyllama/llama-7b,dummy-lora-7b-rank-8-0,850,186,473.64206436931784
5639,huggyllama/llama-7b,dummy-lora-7b-rank-16-3,335,88,473.70046787698925
5640,huggyllama/llama-7b,dummy-lora-7b-rank-8-1,2403,320,473.70825501134544
5641,huggyllama/llama-7b,dummy-lora-7b-rank-128-0,2850,19,473.80559419079776
5642,huggyllama/llama-7b,dummy-lora-7b-rank-8-2,1407,57,473.979506858086
5643,huggyllama/llama-7b,dummy-lora-7b-rank-16-4,1382,59,474.062569624552
5644,huggyllama/llama-7b,dummy-lora-7b-rank-8-3,782,57,474.0677610474561
5645,huggyllama/llama-7b,dummy-lora-7b-rank-8-4,1022,57,474.1015052963329
5646,huggyllama/llama-7b,dummy-lora-7b-rank-16-5,2249,794,474.1638023711824
5647,huggyllama/llama-7b,dummy-lora-7b-rank-64-0,3077,334,474.19365305288113
5648,huggyllama/llama-7b,dummy-lora-7b-rank-8-5,1503,57,474.4441392080052
5649,huggyllama/llama-7b,dummy-lora-7b-rank-8-6,1110,325,474.5544569447178
5650,huggyllama/llama-7b,dummy-lora-7b-rank-16-6,839,400,474.62583900964955
5651,huggyllama/llama-7b,dummy-lora-7b-rank-128-1,2854,21,474.68813608449904
5652,huggyllama/llama-7b,dummy-lora-7b-rank-8-7,984,74,474.9373243838971
5653,huggyllama/llama-7b,dummy-lora-7b-rank-8-8,809,85,475.04115284197957
5654,huggyllama/llama-7b,dummy-lora-7b-rank-8-9,560,52,475.0476421206097
5655,huggyllama/llama-7b,dummy-lora-7b-rank-8-10,870,110,475.06321638932206
5656,huggyllama/llama-7b,dummy-lora-7b-rank-16-7,1544,182,475.06710995650025
5657,huggyllama/llama-7b,dummy-lora-7b-rank-8-11,1324,57,475.09176921529485
5658,huggyllama/llama-7b,dummy-lora-7b-rank-64-1,2669,148,475.2708733054871
5659,huggyllama/llama-7b,dummy-lora-7b-rank-16-8,655,57,475.6070179385292
5660,huggyllama/llama-7b,dummy-lora-7b-rank-64-2,2994,556,475.78871774017364
5661,huggyllama/llama-7b,dummy-lora-7b-rank-8-12,562,59,475.8146748546942
5662,huggyllama/llama-7b,dummy-lora-7b-rank-8-13,742,90,475.8704826509136
5663,huggyllama/llama-7b,dummy-lora-7b-rank-8-14,2130,519,476.0028639349688
5664,huggyllama/llama-7b,dummy-lora-7b-rank-8-15,2102,59,476.0171403479551
5665,huggyllama/llama-7b,dummy-lora-7b-rank-8-0,515,82,476.5142190910251
5666,huggyllama/llama-7b,dummy-lora-7b-rank-128-2,2850,21,476.5557504742581
5667,huggyllama/llama-7b,dummy-lora-7b-rank-8-1,2978,530,476.6206432605597
5668,huggyllama/llama-7b,dummy-lora-7b-rank-8-2,1066,57,477.0190849684513
5669,huggyllama/llama-7b,dummy-lora-7b-rank-8-3,1163,70,477.1423812624243
5670,huggyllama/llama-7b,dummy-lora-7b-rank-8-4,1586,132,477.1670405212189
5671,huggyllama/llama-7b,dummy-lora-7b-rank-16-9,1458,52,477.2306354517944
5672,huggyllama/llama-7b,dummy-lora-7b-rank-16-10,1055,88,477.25140114341093
5673,huggyllama/llama-7b,dummy-lora-7b-rank-16-11,918,57,477.2708689793014
5674,huggyllama/llama-7b,dummy-lora-7b-rank-16-0,1471,57,477.27216683502735
5675,huggyllama/llama-7b,dummy-lora-7b-rank-8-5,1299,57,477.2799539693836
5676,huggyllama/llama-7b,dummy-lora-7b-rank-8-6,775,57,477.298123949548
5677,huggyllama/llama-7b,dummy-lora-7b-rank-8-7,1704,63,477.3162939297125
5678,huggyllama/llama-7b,dummy-lora-7b-rank-8-8,1378,89,477.4798237511924
5679,huggyllama/llama-7b,dummy-lora-7b-rank-8-9,677,57,477.4837173183705
5680,huggyllama/llama-7b,dummy-lora-7b-rank-32-1,2081,63,477.48890874127466
5681,huggyllama/llama-7b,dummy-lora-7b-rank-8-10,827,52,477.4915044527267
5682,huggyllama/llama-7b,dummy-lora-7b-rank-16-1,719,57,477.5408229703159
5683,huggyllama/llama-7b,dummy-lora-7b-rank-8-11,841,57,477.5706736520146
5684,huggyllama/llama-7b,dummy-lora-7b-rank-8-12,907,52,477.5836522092749
5685,huggyllama/llama-7b,dummy-lora-7b-rank-16-2,748,63,477.58754577645306
5686,huggyllama/llama-7b,dummy-lora-7b-rank-8-13,824,67,477.68877852308344
5687,huggyllama/llama-7b,dummy-lora-7b-rank-16-3,833,84,477.71343778187804
5688,huggyllama/llama-7b,dummy-lora-7b-rank-64-3,2441,402,477.76275629946724
5689,huggyllama/llama-7b,dummy-lora-7b-rank-8-14,868,57,477.88994616061825
5690,huggyllama/llama-7b,dummy-lora-7b-rank-8-15,1958,704,477.89124401634433
5691,huggyllama/llama-7b,dummy-lora-7b-rank-8-0,1016,345,477.91200970796086
5692,huggyllama/llama-7b,dummy-lora-7b-rank-8-1,741,319,478.13134732566016
5693,huggyllama/llama-7b,dummy-lora-7b-rank-8-2,2219,82,478.14432588292044
5694,huggyllama/llama-7b,dummy-lora-7b-rank-16-4,1228,57,478.1637937188109
5695,huggyllama/llama-7b,dummy-lora-7b-rank-64-4,2654,409,478.2715157440715
5696,huggyllama/llama-7b,dummy-lora-7b-rank-16-5,628,180,478.4246627197432
5697,huggyllama/llama-7b,dummy-lora-7b-rank-128-0,2856,22,478.7088931237441
5698,huggyllama/llama-7b,dummy-lora-7b-rank-8-3,1334,57,478.7270631039085
5699,huggyllama/llama-7b,dummy-lora-7b-rank-8-4,1618,57,478.73744594971674
5700,huggyllama/llama-7b,dummy-lora-7b-rank-16-6,1088,57,478.7413395168948
5701,huggyllama/llama-7b,dummy-lora-7b-rank-128-1,2843,7,478.8399765520732
5702,huggyllama/llama-7b,dummy-lora-7b-rank-16-7,875,90,478.9282307414433
5703,huggyllama/llama-7b,dummy-lora-7b-rank-8-5,859,57,478.9528900002379
5704,huggyllama/llama-7b,dummy-lora-7b-rank-16-8,812,90,478.96327284604615
5705,huggyllama/llama-7b,dummy-lora-7b-rank-8-6,624,187,478.9697621246764
5706,huggyllama/llama-7b,dummy-lora-7b-rank-16-9,997,90,478.9710599804024
5707,huggyllama/llama-7b,dummy-lora-7b-rank-16-10,803,63,478.98793210484075
5708,huggyllama/llama-7b,dummy-lora-7b-rank-16-11,1020,119,479.06190988122455
5709,huggyllama/llama-7b,dummy-lora-7b-rank-64-5,2624,431,479.15146192632074
5710,huggyllama/llama-7b,dummy-lora-7b-rank-16-0,849,95,479.2228439912525
5711,huggyllama/llama-7b,dummy-lora-7b-rank-16-1,2227,105,479.25399252867726
5712,huggyllama/llama-7b,dummy-lora-7b-rank-64-6,2538,265,479.2552903844032
5713,huggyllama/llama-7b,dummy-lora-7b-rank-8-7,886,82,479.2578860958553
5714,huggyllama/llama-7b,dummy-lora-7b-rank-16-2,712,57,479.4460751761298
5715,huggyllama/llama-7b,dummy-lora-7b-rank-8-8,1232,129,479.4473730318559
5716,huggyllama/llama-7b,dummy-lora-7b-rank-128-2,2876,27,479.4824151364587
5717,huggyllama/llama-7b,dummy-lora-7b-rank-16-3,1052,129,479.5641800471987
5718,huggyllama/llama-7b,dummy-lora-7b-rank-16-4,708,317,479.6044135747057
5719,huggyllama/llama-7b,dummy-lora-7b-rank-8-9,2562,232,479.7393905702129
5720,huggyllama/llama-7b,dummy-lora-7b-rank-8-10,1023,217,479.75885840610334
5721,huggyllama/llama-7b,dummy-lora-7b-rank-8-11,619,97,479.7731348190897
5722,huggyllama/llama-7b,dummy-lora-7b-rank-32-2,675,52,479.86658043136396
5723,huggyllama/llama-7b,dummy-lora-7b-rank-32-3,1162,57,479.8795589886243
5724,huggyllama/llama-7b,dummy-lora-7b-rank-32-4,596,57,479.88215470007634
5725,huggyllama/llama-7b,dummy-lora-7b-rank-64-7,3023,498,479.88345255580236
5726,huggyllama/llama-7b,dummy-lora-7b-rank-16-5,889,57,479.9470474863779
5727,huggyllama/llama-7b,dummy-lora-7b-rank-8-12,2840,223,480.10149231777564
5728,huggyllama/llama-7b,dummy-lora-7b-rank-8-13,1538,90,480.20272506440614
5729,huggyllama/llama-7b,dummy-lora-7b-rank-16-6,872,79,480.3013620995844
5730,huggyllama/llama-7b,dummy-lora-7b-rank-8-14,923,257,480.3195320797489
5731,huggyllama/llama-7b,dummy-lora-7b-rank-8-15,448,57,480.42595624928344
5732,huggyllama/llama-7b,dummy-lora-7b-rank-8-0,1146,119,480.448019796626
5733,huggyllama/llama-7b,dummy-lora-7b-rank-64-8,2273,8,480.4921468913111
5734,huggyllama/llama-7b,dummy-lora-7b-rank-16-7,796,52,480.55055039898247
5735,huggyllama/llama-7b,dummy-lora-7b-rank-8-1,806,57,480.5804010806812
5736,huggyllama/llama-7b,dummy-lora-7b-rank-16-8,766,57,480.5946774936675
5737,huggyllama/llama-7b,dummy-lora-7b-rank-16-9,940,90,480.88409932057255
5738,huggyllama/llama-7b,dummy-lora-7b-rank-8-2,511,52,480.8996735892849
5739,huggyllama/llama-7b,dummy-lora-7b-rank-16-10,1731,57,481.0917562367376
5740,huggyllama/llama-7b,dummy-lora-7b-rank-16-11,901,57,481.0969476596416
5741,huggyllama/llama-7b,dummy-lora-7b-rank-16-0,576,52,481.1384790428747
5742,huggyllama/llama-7b,dummy-lora-7b-rank-8-3,587,52,481.151457600135
5743,huggyllama/llama-7b,dummy-lora-7b-rank-16-1,589,57,481.16054259021723
5744,huggyllama/llama-7b,dummy-lora-7b-rank-8-4,1793,57,481.1735211474775
5745,huggyllama/llama-7b,dummy-lora-7b-rank-8-5,1640,81,481.1800104261077
5746,huggyllama/llama-7b,dummy-lora-7b-rank-16-2,3155,126,481.18130828183365
5747,huggyllama/llama-7b,dummy-lora-7b-rank-8-6,3059,57,481.1877975604638
5748,huggyllama/llama-7b,dummy-lora-7b-rank-8-7,1628,57,481.19039327191587
5749,huggyllama/llama-7b,dummy-lora-7b-rank-16-3,1035,349,481.1981804062721
5750,huggyllama/llama-7b,dummy-lora-7b-rank-16-4,902,52,481.21635038643655
5751,huggyllama/llama-7b,dummy-lora-7b-rank-8-8,1605,90,481.25528605821745
5752,huggyllama/llama-7b,dummy-lora-7b-rank-8-9,820,67,481.35911451629994
5753,huggyllama/llama-7b,dummy-lora-7b-rank-16-5,815,57,481.3811780636425
5754,huggyllama/llama-7b,dummy-lora-7b-rank-16-6,913,57,481.3928587651768
5755,huggyllama/llama-7b,dummy-lora-7b-rank-8-10,1335,57,481.42919872550567
5756,huggyllama/llama-7b,dummy-lora-7b-rank-16-7,1028,64,481.5161550591498
5757,huggyllama/llama-7b,dummy-lora-7b-rank-8-11,807,79,481.6031113927939
5758,huggyllama/llama-7b,dummy-lora-7b-rank-16-8,1628,411,481.6264727958624
5759,huggyllama/llama-7b,dummy-lora-7b-rank-32-5,540,66,481.6667063233694
5760,huggyllama/llama-7b,dummy-lora-7b-rank-8-12,4017,52,481.67708916917763
5761,huggyllama/llama-7b,dummy-lora-7b-rank-16-9,1071,87,481.67708916917763
5762,huggyllama/llama-7b,dummy-lora-7b-rank-16-10,1623,128,481.74717337838337
5763,huggyllama/llama-7b,dummy-lora-7b-rank-8-13,979,57,481.76144979136967
5764,huggyllama/llama-7b,dummy-lora-7b-rank-8-14,1023,69,481.76923692572586
5765,huggyllama/llama-7b,dummy-lora-7b-rank-16-11,478,57,481.77702406008206
5766,huggyllama/llama-7b,dummy-lora-7b-rank-32-6,936,57,481.82115115476716
5767,huggyllama/llama-7b,dummy-lora-7b-rank-32-7,548,90,481.83542756775347
5768,huggyllama/llama-7b,dummy-lora-7b-rank-8-15,528,90,481.899022498329
5769,huggyllama/llama-7b,dummy-lora-7b-rank-16-0,1103,90,481.9314688914798
5770,huggyllama/llama-7b,dummy-lora-7b-rank-8-0,2093,148,481.9470431601922
5771,huggyllama/llama-7b,dummy-lora-7b-rank-8-1,963,85,481.9678088518087
5772,huggyllama/llama-7b,dummy-lora-7b-rank-16-1,2346,57,481.99117025487726
5773,huggyllama/llama-7b,dummy-lora-7b-rank-16-2,1228,57,482.02621235948004
5774,huggyllama/llama-7b,dummy-lora-7b-rank-8-2,926,52,482.0716373098912
5775,huggyllama/llama-7b,dummy-lora-7b-rank-8-3,1910,68,482.0885094343296
5776,huggyllama/llama-7b,dummy-lora-7b-rank-8-4,1965,57,482.0937008572337
5777,huggyllama/llama-7b,dummy-lora-7b-rank-8-5,2227,52,482.10408370304197
5778,huggyllama/llama-7b,dummy-lora-7b-rank-16-3,385,70,482.106679414494
5779,huggyllama/llama-7b,dummy-lora-7b-rank-8-6,908,57,482.12744510611054
5780,huggyllama/llama-7b,dummy-lora-7b-rank-16-4,1368,79,482.1858486137819
5781,huggyllama/llama-7b,dummy-lora-7b-rank-8-7,1151,143,482.2092100168505
5782,huggyllama/llama-7b,dummy-lora-7b-rank-8-8,900,90,482.25593282298763
5783,huggyllama/llama-7b,dummy-lora-7b-rank-16-5,1223,82,482.2624221016178
5784,huggyllama/llama-7b,dummy-lora-7b-rank-128-0,2856,21,482.40259052002915
5785,huggyllama/llama-7b,dummy-lora-7b-rank-8-9,1574,95,482.48435543076914
5786,huggyllama/llama-7b,dummy-lora-7b-rank-8-10,946,57,482.59726887893385
5787,huggyllama/llama-7b,dummy-lora-7b-rank-64-0,3261,742,482.73484158589315
5788,huggyllama/llama-7b,dummy-lora-7b-rank-8-11,693,57,482.85943573559217
5789,huggyllama/llama-7b,dummy-lora-7b-rank-8-12,922,367,482.8892864172909
5790,huggyllama/llama-7b,dummy-lora-7b-rank-16-6,684,79,483.03205054715437
5791,huggyllama/llama-7b,dummy-lora-7b-rank-8-13,519,66,483.08785834337374
5792,huggyllama/llama-7b,dummy-lora-7b-rank-8-14,602,120,483.2072610701686
5793,huggyllama/llama-7b,dummy-lora-7b-rank-16-7,1331,871,483.46034293674467
5794,huggyllama/llama-7b,dummy-lora-7b-rank-16-8,2653,251,483.474619349731
5795,huggyllama/llama-7b,dummy-lora-7b-rank-16-9,612,348,484.04697372491086
5796,huggyllama/llama-7b,dummy-lora-7b-rank-8-15,2359,326,484.0482715806368
5797,huggyllama/llama-7b,dummy-lora-7b-rank-16-10,1202,57,484.0625479936232
5798,huggyllama/llama-7b,dummy-lora-7b-rank-8-0,1164,126,484.097590098226
5799,huggyllama/llama-7b,dummy-lora-7b-rank-8-1,715,184,484.27150276551424
5800,huggyllama/llama-7b,dummy-lora-7b-rank-8-2,1173,144,484.29616202430884
5801,huggyllama/llama-7b,dummy-lora-7b-rank-16-11,1496,404,484.51549964200814
5802,huggyllama/llama-7b,dummy-lora-7b-rank-16-0,796,265,484.68551874211823
5803,huggyllama/llama-7b,dummy-lora-7b-rank-8-3,1880,551,484.6933058764744
5804,huggyllama/llama-7b,dummy-lora-7b-rank-16-1,1893,67,484.75300723987186
5805,huggyllama/llama-7b,dummy-lora-7b-rank-8-4,815,69,484.83087858343373
5806,huggyllama/llama-7b,dummy-lora-7b-rank-8-5,490,57,484.9035585040915
5807,huggyllama/llama-7b,dummy-lora-7b-rank-8-6,981,77,485.00219553926985
5808,huggyllama/llama-7b,dummy-lora-7b-rank-8-7,997,88,485.0190676637083
5809,huggyllama/llama-7b,dummy-lora-7b-rank-8-8,1025,90,485.0722797484756
5810,huggyllama/llama-7b,dummy-lora-7b-rank-8-9,841,88,485.0735776042016
5811,huggyllama/llama-7b,dummy-lora-7b-rank-16-2,595,71,485.16702321647585
5812,huggyllama/llama-7b,dummy-lora-7b-rank-8-10,397,93,485.2747452417364
5813,huggyllama/llama-7b,dummy-lora-7b-rank-16-3,1143,144,485.4538493319288
5814,huggyllama/llama-7b,dummy-lora-7b-rank-16-4,1051,57,485.5213378296824
5815,huggyllama/llama-7b,dummy-lora-7b-rank-16-5,1608,165,485.5784434816278
5816,huggyllama/llama-7b,dummy-lora-7b-rank-8-11,601,311,485.9665023437111
5817,huggyllama/llama-7b,dummy-lora-7b-rank-32-8,1442,57,486.2416477576297
5818,huggyllama/llama-7b,dummy-lora-7b-rank-16-6,761,61,486.26241344924625
5819,huggyllama/llama-7b,dummy-lora-7b-rank-8-12,832,57,486.2844769965888
5820,huggyllama/llama-7b,dummy-lora-7b-rank-64-1,3140,661,486.3597526286986
5821,huggyllama/llama-7b,dummy-lora-7b-rank-32-9,1554,57,486.51679317154844
5822,huggyllama/llama-7b,dummy-lora-7b-rank-16-7,2237,102,487.0567011535775
5823,huggyllama/llama-7b,dummy-lora-7b-rank-32-0,625,57,487.10991323834475
5824,huggyllama/llama-7b,dummy-lora-7b-rank-8-13,499,81,487.3045915972494
5825,huggyllama/llama-7b,dummy-lora-7b-rank-32-1,449,71,487.3331444232221
5826,huggyllama/llama-7b,dummy-lora-7b-rank-16-8,2486,81,487.5265249264007
5827,huggyllama/llama-7b,dummy-lora-7b-rank-8-14,1500,120,487.59011985697634
5828,huggyllama/llama-7b,dummy-lora-7b-rank-8-15,750,67,487.61088554859276
5829,huggyllama/llama-7b,dummy-lora-7b-rank-16-9,812,132,487.64203408601753
5830,huggyllama/llama-7b,dummy-lora-7b-rank-32-2,2665,89,487.6472255089217
5831,huggyllama/llama-7b,dummy-lora-7b-rank-128-1,2953,28,487.87824382815523
5832,huggyllama/llama-7b,dummy-lora-7b-rank-16-10,1147,408,487.9729872961555
5833,huggyllama/llama-7b,dummy-lora-7b-rank-64-2,2160,147,488.27149411314275
5834,huggyllama/llama-7b,dummy-lora-7b-rank-8-0,2859,205,488.283174814677
5835,huggyllama/llama-7b,dummy-lora-7b-rank-16-11,1356,813,488.43372607889665
5836,huggyllama/llama-7b,dummy-lora-7b-rank-16-0,658,52,488.4869381636639
5837,huggyllama/llama-7b,dummy-lora-7b-rank-8-1,1381,57,488.52846954689693
5838,huggyllama/llama-7b,dummy-lora-7b-rank-16-1,773,57,488.57000093012994
5839,huggyllama/llama-7b,dummy-lora-7b-rank-8-2,2829,406,488.65825511950004
5840,huggyllama/llama-7b,dummy-lora-7b-rank-8-3,893,57,488.7542964432264
5841,huggyllama/llama-7b,dummy-lora-7b-rank-8-4,2480,864,489.0073783098025
5842,huggyllama/llama-7b,dummy-lora-7b-rank-16-2,1088,88,489.00997402125455
5843,huggyllama/llama-7b,dummy-lora-7b-rank-16-3,1345,717,489.14624887248783
5844,huggyllama/llama-7b,dummy-lora-7b-rank-128-2,2926,22,489.2111416587894
5845,huggyllama/llama-7b,dummy-lora-7b-rank-32-3,1324,59,489.44994711237916
5846,huggyllama/llama-7b,dummy-lora-7b-rank-32-4,1417,57,489.5109463315026
5847,huggyllama/llama-7b,dummy-lora-7b-rank-16-4,1045,57,489.59011553079057
5848,huggyllama/llama-7b,dummy-lora-7b-rank-16-5,815,82,489.59660480942074
5849,huggyllama/llama-7b,dummy-lora-7b-rank-8-5,1636,57,489.6069876552289
5850,huggyllama/llama-7b,dummy-lora-7b-rank-16-6,858,95,489.6238597796673
5851,huggyllama/llama-7b,dummy-lora-7b-rank-32-5,1517,90,489.64332761555784
5852,huggyllama/llama-7b,dummy-lora-7b-rank-8-6,614,301,489.6653911629004
5853,huggyllama/llama-7b,dummy-lora-7b-rank-8-7,642,350,489.70951825758544
5854,huggyllama/llama-7b,dummy-lora-7b-rank-8-8,582,79,489.7134118247635
5855,huggyllama/llama-7b,dummy-lora-7b-rank-16-7,1034,106,489.74845392936635
5856,huggyllama/llama-7b,dummy-lora-7b-rank-8-9,1174,57,489.80685743703776
5857,huggyllama/llama-7b,dummy-lora-7b-rank-8-10,1391,63,489.80685743703776
5858,huggyllama/llama-7b,dummy-lora-7b-rank-8-11,729,71,489.9742808256958
5859,huggyllama/llama-7b,dummy-lora-7b-rank-8-12,1918,707,490.00023794021644
5860,huggyllama/llama-7b,dummy-lora-7b-rank-128-0,3625,24,490.1663634731484
5861,huggyllama/llama-7b,dummy-lora-7b-rank-8-13,709,57,490.3065318915598
5862,huggyllama/llama-7b,dummy-lora-7b-rank-8-14,690,52,490.33378686180646
5863,huggyllama/llama-7b,dummy-lora-7b-rank-8-15,714,57,490.4674660015877
5864,huggyllama/llama-7b,dummy-lora-7b-rank-8-0,818,57,490.47265742449184
5865,huggyllama/llama-7b,dummy-lora-7b-rank-64-3,3729,292,490.5064016733686
5866,huggyllama/llama-7b,dummy-lora-7b-rank-8-1,1823,663,490.560911613862
5867,huggyllama/llama-7b,dummy-lora-7b-rank-16-8,1012,181,490.5816773054785
5868,huggyllama/llama-7b,dummy-lora-7b-rank-8-2,1933,52,490.606336564273
5869,huggyllama/llama-7b,dummy-lora-7b-rank-8-3,1857,59,490.71925001243784
5870,huggyllama/llama-7b,dummy-lora-7b-rank-8-4,760,91,490.7516964055886
5871,huggyllama/llama-7b,dummy-lora-7b-rank-8-5,948,52,490.7750578086571
5872,huggyllama/llama-7b,dummy-lora-7b-rank-8-6,1109,324,490.7932277888215
5873,huggyllama/llama-7b,dummy-lora-7b-rank-16-9,962,57,490.8010149231778
5874,huggyllama/llama-7b,dummy-lora-7b-rank-8-7,868,59,490.82178061479425
5875,huggyllama/llama-7b,dummy-lora-7b-rank-128-1,2955,29,490.82956774915044
5876,huggyllama/llama-7b,dummy-lora-7b-rank-128-2,2870,22,490.86590770947936
5877,huggyllama/llama-7b,dummy-lora-7b-rank-128-0,3343,19,490.9243112171507
5878,huggyllama/llama-7b,dummy-lora-7b-rank-64-4,2422,294,490.92950264005486
5879,huggyllama/llama-7b,dummy-lora-7b-rank-8-8,722,61,491.00867183934275
5880,huggyllama/llama-7b,dummy-lora-7b-rank-8-9,1355,109,491.0255439637812
5881,huggyllama/llama-7b,dummy-lora-7b-rank-16-10,1326,631,491.03073538668525
5882,huggyllama/llama-7b,dummy-lora-7b-rank-16-11,1172,119,491.0515010783018
5883,huggyllama/llama-7b,dummy-lora-7b-rank-16-0,1766,57,491.0540967897539
5884,huggyllama/llama-7b,dummy-lora-7b-rank-16-1,2856,52,491.09433031726087
5885,huggyllama/llama-7b,dummy-lora-7b-rank-8-10,831,57,491.55506910000196
5886,huggyllama/llama-7b,dummy-lora-7b-rank-8-11,1312,188,491.5732390801664
5887,huggyllama/llama-7b,dummy-lora-7b-rank-16-2,828,81,491.6381318664679
5888,huggyllama/llama-7b,dummy-lora-7b-rank-8-12,1056,217,491.7198967772079
5889,huggyllama/llama-7b,dummy-lora-7b-rank-8-13,1171,185,491.81464024520824
5890,huggyllama/llama-7b,dummy-lora-7b-rank-16-3,883,62,491.87823517578374
5891,huggyllama/llama-7b,dummy-lora-7b-rank-8-14,3230,733,492.00153146975674
5892,huggyllama/llama-7b,dummy-lora-7b-rank-8-15,794,52,492.1455934553462
5893,huggyllama/llama-7b,dummy-lora-7b-rank-16-4,807,57,492.14689131107224
5894,huggyllama/llama-7b,dummy-lora-7b-rank-8-0,2159,682,492.21827337600394
5895,huggyllama/llama-7b,dummy-lora-7b-rank-16-5,507,90,492.56999227775844
5896,huggyllama/llama-7b,dummy-lora-7b-rank-8-1,855,90,492.6387786312381
5897,huggyllama/llama-7b,dummy-lora-7b-rank-8-2,2273,264,492.7672663481152
5898,huggyllama/llama-7b,dummy-lora-7b-rank-16-6,2497,451,493.1981544491576
5899,huggyllama/llama-7b,dummy-lora-7b-rank-16-7,924,211,493.22411156367815
5900,huggyllama/llama-7b,dummy-lora-7b-rank-16-8,2578,57,493.2838129270757
5901,huggyllama/llama-7b,dummy-lora-7b-rank-16-9,472,57,493.36427998208956
5902,huggyllama/llama-7b,dummy-lora-7b-rank-8-3,379,61,493.39283280806234
5903,huggyllama/llama-7b,dummy-lora-7b-rank-8-4,660,57,493.53689479365175
5904,huggyllama/llama-7b,dummy-lora-7b-rank-8-5,702,64,493.58231974406283
5905,huggyllama/llama-7b,dummy-lora-7b-rank-8-6,2615,142,493.59140473414504
5906,huggyllama/llama-7b,dummy-lora-7b-rank-8-7,749,81,493.7030203265838
5907,huggyllama/llama-7b,dummy-lora-7b-rank-16-10,685,57,493.87174157096786
5908,huggyllama/llama-7b,dummy-lora-7b-rank-8-8,572,63,493.89510297403643
5909,huggyllama/llama-7b,dummy-lora-7b-rank-16-11,592,59,493.9483150588037
5910,huggyllama/llama-7b,dummy-lora-7b-rank-8-9,941,258,494.002824999297
5911,huggyllama/llama-7b,dummy-lora-7b-rank-8-10,797,52,494.03267568099574
5912,huggyllama/llama-7b,dummy-lora-7b-rank-8-11,2924,77,494.05733493979034
5913,huggyllama/llama-7b,dummy-lora-7b-rank-8-12,572,90,494.1248234375439
5914,huggyllama/llama-7b,dummy-lora-7b-rank-8-13,1102,57,494.1585676864208
5915,huggyllama/llama-7b,dummy-lora-7b-rank-16-0,1013,69,494.2351411742566
5916,huggyllama/llama-7b,dummy-lora-7b-rank-16-1,654,104,494.3130125178185
5917,huggyllama/llama-7b,dummy-lora-7b-rank-16-2,1979,807,494.43630881179143
5918,huggyllama/llama-7b,dummy-lora-7b-rank-8-14,3015,57,494.5336479912438
5919,huggyllama/llama-7b,dummy-lora-7b-rank-8-15,1143,126,494.7127520814361
5920,huggyllama/llama-7b,dummy-lora-7b-rank-8-0,926,234,494.87887761436815
5921,huggyllama/llama-7b,dummy-lora-7b-rank-8-1,1504,69,494.9074304403408
5922,huggyllama/llama-7b,dummy-lora-7b-rank-8-2,666,126,495.0021739083411
5923,huggyllama/llama-7b,dummy-lora-7b-rank-8-3,808,57,495.05408813738234
5924,huggyllama/llama-7b,dummy-lora-7b-rank-8-4,753,62,495.2539579191912
5925,huggyllama/llama-7b,dummy-lora-7b-rank-8-5,3288,186,495.3175528497667
5926,huggyllama/llama-7b,dummy-lora-7b-rank-16-3,2002,82,495.4252748750273
5927,huggyllama/llama-7b,dummy-lora-7b-rank-8-6,1091,105,495.5239119102057
5928,huggyllama/llama-7b,dummy-lora-7b-rank-8-7,1403,63,495.53040118883587
5929,huggyllama/llama-7b,dummy-lora-7b-rank-64-5,2480,270,495.64980391563074
5930,huggyllama/llama-7b,dummy-lora-7b-rank-32-6,578,57,495.78867447831607
5931,huggyllama/llama-7b,dummy-lora-7b-rank-128-1,2852,20,495.91197077228907
5932,huggyllama/llama-7b,dummy-lora-7b-rank-8-8,897,119,495.9184600509192
5933,huggyllama/llama-7b,dummy-lora-7b-rank-32-7,3119,324,496.0443520563442
5934,huggyllama/llama-7b,dummy-lora-7b-rank-16-4,1151,143,496.0547349021525
5935,huggyllama/llama-7b,dummy-lora-7b-rank-32-8,2211,150,496.3947731023727
5936,huggyllama/llama-7b,dummy-lora-7b-rank-8-9,1080,52,496.51677154061963
5937,huggyllama/llama-7b,dummy-lora-7b-rank-8-10,1314,626,496.54143079941423
5938,huggyllama/llama-7b,dummy-lora-7b-rank-8-11,1000,67,496.60372787426377
5939,huggyllama/llama-7b,dummy-lora-7b-rank-8-12,712,227,496.7984062331684
5940,huggyllama/llama-7b,dummy-lora-7b-rank-16-5,1168,70,496.84253332785346
5941,huggyllama/llama-7b,dummy-lora-7b-rank-8-13,1818,52,496.8749797210043
5942,huggyllama/llama-7b,dummy-lora-7b-rank-8-14,647,85,496.94506393021
5943,huggyllama/llama-7b,dummy-lora-7b-rank-8-15,536,57,497.651097445171
5944,huggyllama/llama-7b,dummy-lora-7b-rank-128-2,2843,7,497.71728808719865
5945,huggyllama/llama-7b,dummy-lora-7b-rank-16-6,1415,79,497.80294656511666
5946,huggyllama/llama-7b,dummy-lora-7b-rank-128-0,2847,20,497.86524363996614
5947,huggyllama/llama-7b,dummy-lora-7b-rank-8-0,1005,69,497.9911356453912
5948,huggyllama/llama-7b,dummy-lora-7b-rank-8-1,1360,57,498.0352627400763
5949,huggyllama/llama-7b,dummy-lora-7b-rank-128-1,2868,36,498.0430498744324
5950,huggyllama/llama-7b,dummy-lora-7b-rank-16-7,1401,326,498.20787755163843
5951,huggyllama/llama-7b,dummy-lora-7b-rank-16-8,2738,244,498.23253681043303
5952,huggyllama/llama-7b,dummy-lora-7b-rank-8-2,535,52,498.4181301792555
5953,huggyllama/llama-7b,dummy-lora-7b-rank-16-9,1079,57,498.44798086095426
5954,huggyllama/llama-7b,dummy-lora-7b-rank-8-3,1055,52,498.4492787166802
5955,huggyllama/llama-7b,dummy-lora-7b-rank-16-10,2162,81,498.5959364137218
5956,huggyllama/llama-7b,dummy-lora-7b-rank-8-4,1675,81,498.61021282670816
5957,huggyllama/llama-7b,dummy-lora-7b-rank-128-2,2860,21,498.9048260765172
5958,huggyllama/llama-7b,dummy-lora-7b-rank-8-5,1262,90,499.060568763641
5959,huggyllama/llama-7b,dummy-lora-7b-rank-16-11,1300,94,499.17867363470987
5960,huggyllama/llama-7b,dummy-lora-7b-rank-16-0,1404,324,499.3681605707104
5961,huggyllama/llama-7b,dummy-lora-7b-rank-16-1,2466,226,499.4836697303272
5962,huggyllama/llama-7b,dummy-lora-7b-rank-8-6,1190,75,499.49405257613546
5963,huggyllama/llama-7b,dummy-lora-7b-rank-8-7,1202,57,499.51611612347796
5964,huggyllama/llama-7b,dummy-lora-7b-rank-64-6,2633,490,499.6770502335059
5965,huggyllama/llama-7b,dummy-lora-7b-rank-32-9,1827,172,499.9054728412874
5966,huggyllama/llama-7b,dummy-lora-7b-rank-8-8,1226,57,500.2091710811787
5967,huggyllama/llama-7b,dummy-lora-7b-rank-8-9,1636,471,500.5855492417278
5968,huggyllama/llama-7b,dummy-lora-7b-rank-16-2,1215,57,500.76075976474203
5969,huggyllama/llama-7b,dummy-lora-7b-rank-8-10,1100,57,500.7970997250709
5970,huggyllama/llama-7b,dummy-lora-7b-rank-64-7,2439,497,500.8516096655642
5971,huggyllama/llama-7b,dummy-lora-7b-rank-8-11,833,52,500.9009281831534
5972,huggyllama/llama-7b,dummy-lora-7b-rank-16-3,2254,155,500.92948100912605
5973,huggyllama/llama-7b,dummy-lora-7b-rank-16-4,753,76,501.0410966015648
5974,huggyllama/llama-7b,dummy-lora-7b-rank-8-12,978,67,501.090415119154
5975,huggyllama/llama-7b,dummy-lora-7b-rank-16-5,1058,77,501.22020069175704
5976,huggyllama/llama-7b,dummy-lora-7b-rank-128-0,3400,22,501.2915827566888
5977,huggyllama/llama-7b,dummy-lora-7b-rank-64-8,2156,6,501.4888568270456
5978,huggyllama/llama-7b,dummy-lora-7b-rank-8-13,1600,116,501.50702680720997
5979,huggyllama/llama-7b,dummy-lora-7b-rank-8-14,1654,57,501.58360029504587
5980,huggyllama/llama-7b,dummy-lora-7b-rank-16-6,1644,130,501.6056638423884
5981,huggyllama/llama-7b,dummy-lora-7b-rank-8-15,1756,77,501.7601086737862
5982,huggyllama/llama-7b,dummy-lora-7b-rank-16-7,941,57,501.76400224096426
5983,huggyllama/llama-7b,dummy-lora-7b-rank-8-0,804,79,501.7899593554848
5984,huggyllama/llama-7b,dummy-lora-7b-rank-8-1,667,57,501.79125721121085
5985,huggyllama/llama-7b,dummy-lora-7b-rank-128-1,2960,33,501.8704264104988
5986,huggyllama/llama-7b,dummy-lora-7b-rank-16-8,1041,122,502.00540340600605
5987,huggyllama/llama-7b,dummy-lora-7b-rank-8-2,1364,300,502.0105948289102
5988,huggyllama/llama-7b,dummy-lora-7b-rank-16-9,1595,166,502.1325932671571
5989,huggyllama/llama-7b,dummy-lora-7b-rank-16-10,3230,108,502.20008176491075
5990,huggyllama/llama-7b,dummy-lora-7b-rank-8-3,1591,57,502.23252815806154
5991,huggyllama/llama-7b,dummy-lora-7b-rank-8-4,593,79,502.3129952130755
5992,huggyllama/llama-7b,dummy-lora-7b-rank-8-5,1751,57,502.32078234743165
5993,huggyllama/llama-7b,dummy-lora-7b-rank-16-11,937,57,502.3415480390482
5994,huggyllama/llama-7b,dummy-lora-7b-rank-128-2,2931,42,502.3558244520345
5995,huggyllama/llama-7b,dummy-lora-7b-rank-8-6,1426,52,502.3739944321989
5996,huggyllama/llama-7b,dummy-lora-7b-rank-16-0,848,67,502.42071723833607
5997,huggyllama/llama-7b,dummy-lora-7b-rank-8-7,1346,59,502.42201509406215
5998,huggyllama/llama-7b,dummy-lora-7b-rank-8-8,1094,57,502.49469501471987
5999,huggyllama/llama-7b,dummy-lora-7b-rank-8-9,2530,59,502.627076298775
6000,huggyllama/llama-7b,dummy-lora-7b-rank-8-10,1252,82,502.67250124918615
6001,huggyllama/llama-7b,dummy-lora-7b-rank-8-11,769,90,502.6958626522547
6002,huggyllama/llama-7b,dummy-lora-7b-rank-16-1,3408,557,502.75167044847404
6003,huggyllama/llama-7b,dummy-lora-7b-rank-16-2,655,86,502.75556401565217
6004,huggyllama/llama-7b,dummy-lora-7b-rank-8-12,930,57,502.9061152798718
6005,huggyllama/llama-7b,dummy-lora-7b-rank-16-3,1018,57,502.9839866234337
6006,huggyllama/llama-7b,dummy-lora-7b-rank-8-13,656,57,502.99956089214606
6007,huggyllama/llama-7b,dummy-lora-7b-rank-32-0,906,52,503.05926225554344
6008,huggyllama/llama-7b,dummy-lora-7b-rank-8-14,2527,89,503.14102716628344
6009,huggyllama/llama-7b,dummy-lora-7b-rank-16-4,956,79,503.15011215636565
6010,huggyllama/llama-7b,dummy-lora-7b-rank-64-0,2297,141,503.25134490299604
6011,huggyllama/llama-7b,dummy-lora-7b-rank-32-1,650,93,503.25783418162627
6012,huggyllama/llama-7b,dummy-lora-7b-rank-32-2,1034,71,503.2850891518729
6013,huggyllama/llama-7b,dummy-lora-7b-rank-16-5,1447,106,503.35517336107864
6014,huggyllama/llama-7b,dummy-lora-7b-rank-16-6,780,64,503.5913831032163
6015,huggyllama/llama-7b,dummy-lora-7b-rank-16-7,1217,57,503.59657452612043
6016,huggyllama/llama-7b,dummy-lora-7b-rank-16-8,1397,57,503.6095530833807
6017,huggyllama/llama-7b,dummy-lora-7b-rank-16-9,681,76,503.79125288502513
6018,huggyllama/llama-7b,dummy-lora-7b-rank-8-15,763,372,503.86003923850484
6019,huggyllama/llama-7b,dummy-lora-7b-rank-16-10,1432,59,503.8885920644775
6020,huggyllama/llama-7b,dummy-lora-7b-rank-8-0,2750,69,503.9041663331899
6021,huggyllama/llama-7b,dummy-lora-7b-rank-16-11,2692,102,504.20656671735514
6022,huggyllama/llama-7b,dummy-lora-7b-rank-8-1,2448,57,504.2273324089716
6023,huggyllama/llama-7b,dummy-lora-7b-rank-8-2,995,57,504.37399010601314
6024,huggyllama/llama-7b,dummy-lora-7b-rank-8-3,2989,57,504.4661378625614
6025,huggyllama/llama-7b,dummy-lora-7b-rank-8-4,1509,52,504.58034916645215
6026,huggyllama/llama-7b,dummy-lora-7b-rank-16-0,1081,320,504.65562479856203
6027,huggyllama/llama-7b,dummy-lora-7b-rank-8-5,2035,82,504.7321982863978
6028,huggyllama/llama-7b,dummy-lora-7b-rank-16-1,692,69,504.8710688490832
6029,huggyllama/llama-7b,dummy-lora-7b-rank-16-2,2063,104,504.8918345406997
6030,huggyllama/llama-7b,dummy-lora-7b-rank-16-3,775,57,504.90481309795996
6031,huggyllama/llama-7b,dummy-lora-7b-rank-8-6,960,57,505.0333008148371
6032,huggyllama/llama-7b,dummy-lora-7b-rank-16-4,3378,571,505.0865128996044
6033,huggyllama/llama-7b,dummy-lora-7b-rank-16-5,879,307,505.24614915390623
6034,huggyllama/llama-7b,dummy-lora-7b-rank-8-7,783,79,505.2513405768104
6035,huggyllama/llama-7b,dummy-lora-7b-rank-8-8,924,57,505.28119125850907
6036,huggyllama/llama-7b,dummy-lora-7b-rank-16-6,2680,57,505.32012693029003
6037,huggyllama/llama-7b,dummy-lora-7b-rank-8-9,921,82,505.4122746868382
6038,huggyllama/llama-7b,dummy-lora-7b-rank-8-10,1332,632,505.4213596769204
6039,huggyllama/llama-7b,dummy-lora-7b-rank-8-11,628,57,505.46678462733155
6040,huggyllama/llama-7b,dummy-lora-7b-rank-8-12,535,60,505.5186988563728
6041,huggyllama/llama-7b,dummy-lora-7b-rank-8-13,1259,57,505.6471865732499
6042,huggyllama/llama-7b,dummy-lora-7b-rank-16-7,2893,67,505.7315471954419
6043,huggyllama/llama-7b,dummy-lora-7b-rank-64-1,3220,554,505.8548434894149
6044,huggyllama/llama-7b,dummy-lora-7b-rank-16-8,3666,278,506.0118840322647
6045,huggyllama/llama-7b,dummy-lora-7b-rank-8-14,1778,63,506.0144797437167
6046,huggyllama/llama-7b,dummy-lora-7b-rank-16-9,1396,85,506.10013822163484
6047,huggyllama/llama-7b,dummy-lora-7b-rank-16-10,1378,57,506.1442653163199
6048,huggyllama/llama-7b,dummy-lora-7b-rank-16-11,1992,59,506.1767117094707
6049,huggyllama/llama-7b,dummy-lora-7b-rank-8-15,642,57,506.20526453544335
6050,huggyllama/llama-7b,dummy-lora-7b-rank-16-0,1068,79,506.3467308095808
6051,huggyllama/llama-7b,dummy-lora-7b-rank-8-0,933,52,506.37917720273157
6052,huggyllama/llama-7b,dummy-lora-7b-rank-8-1,630,88,506.5764512730883
6053,huggyllama/llama-7b,dummy-lora-7b-rank-8-2,899,57,506.5777491288144
6054,huggyllama/llama-7b,dummy-lora-7b-rank-16-1,1106,69,506.7036411342394
6055,huggyllama/llama-7b,dummy-lora-7b-rank-8-3,964,270,506.7205132586777
6056,huggyllama/llama-7b,dummy-lora-7b-rank-16-2,1008,57,506.8996173488701
6057,huggyllama/llama-7b,dummy-lora-7b-rank-8-4,2848,81,506.97229726952787
6058,huggyllama/llama-7b,dummy-lora-7b-rank-8-5,852,81,506.977488692432
6059,huggyllama/llama-7b,dummy-lora-7b-rank-8-6,1308,756,507.01902007566497
6060,huggyllama/llama-7b,dummy-lora-7b-rank-16-3,823,56,507.0307007771993
6061,huggyllama/llama-7b,dummy-lora-7b-rank-16-4,803,57,507.13323137955575
6062,huggyllama/llama-7b,dummy-lora-7b-rank-16-5,949,62,507.2162941460217
6063,huggyllama/llama-7b,dummy-lora-7b-rank-32-3,1221,407,507.2422512605424
6064,huggyllama/llama-7b,dummy-lora-7b-rank-8-7,2067,315,507.26301695215886
6065,huggyllama/llama-7b,dummy-lora-7b-rank-8-8,2400,69,507.269506230789
6066,huggyllama/llama-7b,dummy-lora-7b-rank-16-6,825,300,507.3979939476662
6067,huggyllama/llama-7b,dummy-lora-7b-rank-8-9,740,57,507.47586529122805
6068,huggyllama/llama-7b,dummy-lora-7b-rank-16-7,2133,73,507.6056508638311
6069,huggyllama/llama-7b,dummy-lora-7b-rank-8-10,942,57,507.7029900432835
6070,huggyllama/llama-7b,dummy-lora-7b-rank-8-11,698,67,507.7367342921603
6071,huggyllama/llama-7b,dummy-lora-7b-rank-16-8,896,362,507.7743721082152
6072,huggyllama/llama-7b,dummy-lora-7b-rank-16-9,758,326,507.8535413075031
6073,huggyllama/llama-7b,dummy-lora-7b-rank-8-12,930,83,507.90675339227045
6074,huggyllama/llama-7b,dummy-lora-7b-rank-8-13,767,69,508.0274539747913
6075,huggyllama/llama-7b,dummy-lora-7b-rank-8-14,872,57,508.0767724923805
6076,huggyllama/llama-7b,dummy-lora-7b-rank-8-15,1368,57,508.15723954739445
6077,huggyllama/llama-7b,dummy-lora-7b-rank-16-10,705,663,508.1598352588465
6078,huggyllama/llama-7b,dummy-lora-7b-rank-16-11,1445,57,508.1987709306274
6079,huggyllama/llama-7b,dummy-lora-7b-rank-16-0,3597,61,508.2377066024084
6080,huggyllama/llama-7b,dummy-lora-7b-rank-16-1,724,179,508.2506851596687
6081,huggyllama/llama-7b,dummy-lora-7b-rank-8-0,2136,90,508.3168758016963
6082,huggyllama/llama-7b,dummy-lora-7b-rank-8-1,1211,92,508.3259607917785
6083,huggyllama/llama-7b,dummy-lora-7b-rank-8-2,3853,57,508.345428627669
6084,huggyllama/llama-7b,dummy-lora-7b-rank-8-3,1048,395,508.48170347890226
6085,huggyllama/llama-7b,dummy-lora-7b-rank-16-2,1517,106,508.5180434392312
6086,huggyllama/llama-7b,dummy-lora-7b-rank-8-4,1138,252,508.54919197665595
6087,huggyllama/llama-7b,dummy-lora-7b-rank-8-5,1148,57,508.66729684772474
6088,huggyllama/llama-7b,dummy-lora-7b-rank-8-6,1207,90,508.6724882706289
6089,huggyllama/llama-7b,dummy-lora-7b-rank-64-2,2819,596,508.926867992931
6090,huggyllama/llama-7b,dummy-lora-7b-rank-8-7,977,246,509.00214362504084
6091,huggyllama/llama-7b,dummy-lora-7b-rank-8-8,822,57,509.1773541480551
6092,huggyllama/llama-7b,dummy-lora-7b-rank-128-0,2846,20,509.2656083374252
6093,huggyllama/llama-7b,dummy-lora-7b-rank-16-3,782,79,509.40577675583654
6094,huggyllama/llama-7b,dummy-lora-7b-rank-8-9,824,82,509.41486174591876
6095,huggyllama/llama-7b,dummy-lora-7b-rank-32-4,2442,102,509.60434868191936
6096,huggyllama/llama-7b,dummy-lora-7b-rank-8-10,1801,436,509.673135035399
6097,huggyllama/llama-7b,dummy-lora-7b-rank-16-4,1195,453,509.7276449758923
6098,huggyllama/llama-7b,dummy-lora-7b-rank-8-11,1158,160,509.78215491638565
6099,huggyllama/llama-7b,dummy-lora-7b-rank-32-5,541,58,510.0767681661947
6100,huggyllama/llama-7b,dummy-lora-7b-rank-16-5,727,57,510.168915922743
6101,huggyllama/llama-7b,dummy-lora-7b-rank-16-6,716,57,510.17280948992106
6102,huggyllama/llama-7b,dummy-lora-7b-rank-16-7,634,57,510.2454894105788
6103,huggyllama/llama-7b,dummy-lora-7b-rank-16-8,945,57,510.2454894105788
6104,huggyllama/llama-7b,dummy-lora-7b-rank-8-12,637,57,510.25327654493503
6105,huggyllama/llama-7b,dummy-lora-7b-rank-8-13,762,62,510.2584679678391
6106,huggyllama/llama-7b,dummy-lora-7b-rank-8-14,867,80,510.3181693312366
6107,huggyllama/llama-7b,dummy-lora-7b-rank-8-15,892,88,510.333743599949
6108,huggyllama/llama-7b,dummy-lora-7b-rank-16-9,2774,341,510.33504145567497
6109,huggyllama/llama-7b,dummy-lora-7b-rank-16-10,3153,218,510.33504145567497
6110,huggyllama/llama-7b,dummy-lora-7b-rank-8-0,871,52,510.41550851068894
6111,huggyllama/llama-7b,dummy-lora-7b-rank-8-1,855,69,510.4232956450451
6112,huggyllama/llama-7b,dummy-lora-7b-rank-8-2,1195,60,510.4323806351273
6113,huggyllama/llama-7b,dummy-lora-7b-rank-8-3,960,251,510.4505506152918
6114,huggyllama/llama-7b,dummy-lora-7b-rank-16-11,739,162,510.8502901789094
6115,huggyllama/llama-7b,dummy-lora-7b-rank-8-4,3101,206,510.88014086060815
6116,huggyllama/llama-7b,dummy-lora-7b-rank-32-6,826,61,510.8879279949643
6117,huggyllama/llama-7b,dummy-lora-7b-rank-8-5,919,57,510.9112893980329
6118,huggyllama/llama-7b,dummy-lora-7b-rank-8-6,816,120,511.03198998055376
6119,huggyllama/llama-7b,dummy-lora-7b-rank-8-7,769,52,511.05145781644427
6120,huggyllama/llama-7b,dummy-lora-7b-rank-8-8,779,57,511.08390420959506
6121,huggyllama/llama-7b,dummy-lora-7b-rank-8-9,735,304,511.10596775693756
6122,huggyllama/llama-7b,dummy-lora-7b-rank-8-10,626,57,511.122839881376
6123,huggyllama/llama-7b,dummy-lora-7b-rank-8-11,906,79,511.1267334485541
6124,huggyllama/llama-7b,dummy-lora-7b-rank-8-12,710,52,511.1397120058144
6125,huggyllama/llama-7b,dummy-lora-7b-rank-8-13,952,57,511.28377399140385
6126,huggyllama/llama-7b,dummy-lora-7b-rank-8-14,801,57,511.3382839318972
6127,huggyllama/llama-7b,dummy-lora-7b-rank-8-15,718,59,511.38630459376037
6128,huggyllama/llama-7b,dummy-lora-7b-rank-8-0,1249,276,511.4291338327194
6129,huggyllama/llama-7b,dummy-lora-7b-rank-16-0,1323,997,511.4382188228016
6130,huggyllama/llama-7b,dummy-lora-7b-rank-32-7,4003,67,511.4524952357879
6131,huggyllama/llama-7b,dummy-lora-7b-rank-16-1,892,619,511.6458757389666
6132,huggyllama/llama-7b,dummy-lora-7b-rank-16-2,2683,536,511.9054468841728
6133,huggyllama/llama-7b,dummy-lora-7b-rank-32-8,2412,52,512.1559330392969
6134,huggyllama/llama-7b,dummy-lora-7b-rank-32-9,1844,65,512.1754008751874
6135,huggyllama/llama-7b,dummy-lora-7b-rank-32-0,522,90,512.3350371294893
6136,huggyllama/llama-7b,dummy-lora-7b-rank-8-1,848,88,512.3765685127222
6137,huggyllama/llama-7b,dummy-lora-7b-rank-16-3,1555,72,512.4232913188594
6138,huggyllama/llama-7b,dummy-lora-7b-rank-16-4,2337,59,512.5725447273529
6139,huggyllama/llama-7b,dummy-lora-7b-rank-16-5,827,298,512.6841603197917
6140,huggyllama/llama-7b,dummy-lora-7b-rank-8-2,1587,67,512.70103244423
6141,huggyllama/llama-7b,dummy-lora-7b-rank-16-6,1568,116,512.7088195785863
6142,huggyllama/llama-7b,dummy-lora-7b-rank-8-3,644,72,512.737372404559
6143,huggyllama/llama-7b,dummy-lora-7b-rank-16-7,2199,198,512.8476901412715
6144,huggyllama/llama-7b,dummy-lora-7b-rank-8-4,1946,655,513.0021349726693
6145,huggyllama/llama-7b,dummy-lora-7b-rank-8-5,1763,57,513.0449642116284
6146,huggyllama/llama-7b,dummy-lora-7b-rank-8-6,694,79,513.0592406246146
6147,huggyllama/llama-7b,dummy-lora-7b-rank-16-8,2944,384,513.0981762963956
6148,huggyllama/llama-7b,dummy-lora-7b-rank-8-7,1942,77,513.3097267797388
6149,huggyllama/llama-7b,dummy-lora-7b-rank-128-1,2853,20,513.3850024118486
6150,huggyllama/llama-7b,dummy-lora-7b-rank-16-9,695,57,513.5121922729996
6151,huggyllama/llama-7b,dummy-lora-7b-rank-16-10,2110,57,513.5407450989724
6152,huggyllama/llama-7b,dummy-lora-7b-rank-8-8,926,181,513.6848070845618
6153,huggyllama/llama-7b,dummy-lora-7b-rank-8-9,1084,81,513.8145926571649
6154,huggyllama/llama-7b,dummy-lora-7b-rank-8-10,933,88,513.8262733586992
6155,huggyllama/llama-7b,dummy-lora-7b-rank-8-11,407,57,513.8691025976583
6156,huggyllama/llama-7b,dummy-lora-7b-rank-8-12,1481,57,513.8885704335487
6157,huggyllama/llama-7b,dummy-lora-7b-rank-16-11,718,64,513.900251135083
6158,huggyllama/llama-7b,dummy-lora-7b-rank-8-13,1014,67,513.9625482099325
6159,huggyllama/llama-7b,dummy-lora-7b-rank-16-0,1536,52,513.9936967473573
6160,huggyllama/llama-7b,dummy-lora-7b-rank-16-1,1388,90,514.1143973298781
6161,huggyllama/llama-7b,dummy-lora-7b-rank-8-14,714,57,514.1455458673029
6162,huggyllama/llama-7b,dummy-lora-7b-rank-64-3,2387,155,514.1689072703715
6163,huggyllama/llama-7b,dummy-lora-7b-rank-128-2,3072,20,514.19226867344
6164,huggyllama/llama-7b,dummy-lora-7b-rank-16-2,842,364,514.2169279322346
6165,huggyllama/llama-7b,dummy-lora-7b-rank-16-3,2038,141,514.2857142857142
6166,huggyllama/llama-7b,dummy-lora-7b-rank-16-4,612,57,514.315564967413
6167,huggyllama/llama-7b,dummy-lora-7b-rank-8-15,964,57,514.315564967413
6168,huggyllama/llama-7b,dummy-lora-7b-rank-8-0,731,60,514.3207563903171
6169,huggyllama/llama-7b,dummy-lora-7b-rank-16-5,1965,57,514.4946690576053
6170,huggyllama/llama-7b,dummy-lora-7b-rank-8-1,704,82,514.7230916653868
6171,huggyllama/llama-7b,dummy-lora-7b-rank-16-6,1469,276,514.8087501433049
6172,huggyllama/llama-7b,dummy-lora-7b-rank-8-2,1198,90,514.8178351333871
6173,huggyllama/llama-7b,dummy-lora-7b-rank-128-0,2852,20,514.8502815265379
6174,huggyllama/llama-7b,dummy-lora-7b-rank-16-7,1303,52,514.8606643723462
6175,huggyllama/llama-7b,dummy-lora-7b-rank-8-3,1468,52,514.9839606663191
6176,huggyllama/llama-7b,dummy-lora-7b-rank-8-4,1195,424,515.4563801505946
6177,huggyllama/llama-7b,dummy-lora-7b-rank-8-5,712,52,515.5394429170606
6178,huggyllama/llama-7b,dummy-lora-7b-rank-8-6,1000,125,515.5705914544852
6179,huggyllama/llama-7b,dummy-lora-7b-rank-8-7,815,244,515.5887614346498
6180,huggyllama/llama-7b,dummy-lora-7b-rank-8-8,3211,57,515.6458670865951
6181,huggyllama/llama-7b,dummy-lora-7b-rank-8-9,630,69,515.6549520766773
6182,huggyllama/llama-7b,dummy-lora-7b-rank-16-8,639,52,515.7432062660474
6183,huggyllama/llama-7b,dummy-lora-7b-rank-8-10,1998,140,515.7782483706503
6184,huggyllama/llama-7b,dummy-lora-7b-rank-128-1,3044,22,515.8392475897738
6185,huggyllama/llama-7b,dummy-lora-7b-rank-32-1,947,57,516.1027123021581
6186,huggyllama/llama-7b,dummy-lora-7b-rank-16-9,1016,225,516.1286694166787
6187,huggyllama/llama-7b,dummy-lora-7b-rank-8-11,595,66,516.2143278945969
6188,huggyllama/llama-7b,dummy-lora-7b-rank-8-12,1191,69,516.2376892976654
6189,huggyllama/llama-7b,dummy-lora-7b-rank-16-10,963,238,516.2792206808983
6190,huggyllama/llama-7b,dummy-lora-7b-rank-32-2,859,57,516.3519006015562
6191,huggyllama/llama-7b,dummy-lora-7b-rank-8-13,3459,57,516.5076432886799
6192,huggyllama/llama-7b,dummy-lora-7b-rank-64-4,2188,240,516.6270460154748
6193,huggyllama/llama-7b,dummy-lora-7b-rank-16-11,843,94,516.6828538116941
6194,huggyllama/llama-7b,dummy-lora-7b-rank-8-14,1668,127,516.6958323689545
6195,huggyllama/llama-7b,dummy-lora-7b-rank-32-3,795,144,516.7750015682424
6196,huggyllama/llama-7b,dummy-lora-7b-rank-16-0,1620,134,516.802256538489
6197,huggyllama/llama-7b,dummy-lora-7b-rank-8-15,557,73,516.803554394215
6198,huggyllama/llama-7b,dummy-lora-7b-rank-8-0,948,57,516.839894354544
6199,huggyllama/llama-7b,dummy-lora-7b-rank-16-1,948,144,516.9826584844074
6200,huggyllama/llama-7b,dummy-lora-7b-rank-8-1,3004,67,517.3888873266551
6201,huggyllama/llama-7b,dummy-lora-7b-rank-16-2,3799,241,517.4563758244088
6202,huggyllama/llama-7b,dummy-lora-7b-rank-8-2,3614,57,517.4784393717513
6203,huggyllama/llama-7b,dummy-lora-7b-rank-16-3,2289,519,517.50829005345
6204,huggyllama/llama-7b,dummy-lora-7b-rank-8-3,790,261,517.50829005345
6205,huggyllama/llama-7b,dummy-lora-7b-rank-8-4,882,88,517.5199707549843
6206,huggyllama/llama-7b,dummy-lora-7b-rank-16-4,896,57,517.6951812779985
6207,huggyllama/llama-7b,dummy-lora-7b-rank-8-5,2697,386,517.7055641238068
6208,huggyllama/llama-7b,dummy-lora-7b-rank-16-5,848,64,517.7276276711493
6209,huggyllama/llama-7b,dummy-lora-7b-rank-32-4,941,77,517.7367126612315
6210,huggyllama/llama-7b,dummy-lora-7b-rank-8-6,1931,59,517.7899247459989
6211,huggyllama/llama-7b,dummy-lora-7b-rank-64-5,2821,190,517.8989446269854
6212,huggyllama/llama-7b,dummy-lora-7b-rank-16-6,1952,426,518.4077040715897
6213,huggyllama/llama-7b,dummy-lora-7b-rank-8-7,1376,57,518.4090019273158
6214,huggyllama/llama-7b,dummy-lora-7b-rank-32-5,1627,57,518.5089368182201
6215,huggyllama/llama-7b,dummy-lora-7b-rank-128-2,2966,19,518.5102346739461
6216,huggyllama/llama-7b,dummy-lora-7b-rank-8-8,2251,65,518.5245110869325
6217,huggyllama/llama-7b,dummy-lora-7b-rank-8-9,1050,384,518.5738296045217
6218,huggyllama/llama-7b,dummy-lora-7b-rank-8-10,1535,75,518.5984888633163
6219,huggyllama/llama-7b,dummy-lora-7b-rank-8-11,1522,57,518.6478073809055
6220,huggyllama/llama-7b,dummy-lora-7b-rank-16-7,3559,379,518.6737644954261
6221,huggyllama/llama-7b,dummy-lora-7b-rank-16-8,1037,57,519.079993337674
6222,huggyllama/llama-7b,dummy-lora-7b-rank-8-12,762,52,519.1202268651809
6223,huggyllama/llama-7b,dummy-lora-7b-rank-16-9,772,57,519.1267161438111
6224,huggyllama/llama-7b,dummy-lora-7b-rank-16-10,1608,165,519.1695453827701
6225,huggyllama/llama-7b,dummy-lora-7b-rank-64-6,2903,666,519.2577995721402
6226,huggyllama/llama-7b,dummy-lora-7b-rank-8-13,1762,67,519.290245965291
6227,huggyllama/llama-7b,dummy-lora-7b-rank-8-14,1029,82,519.3123095126335
6228,huggyllama/llama-7b,dummy-lora-7b-rank-16-11,1146,152,519.3460537615103
6229,huggyllama/llama-7b,dummy-lora-7b-rank-32-6,2201,90,519.5744763692919
6230,huggyllama/llama-7b,dummy-lora-7b-rank-8-15,901,78,519.6588369914839
6231,huggyllama/llama-7b,dummy-lora-7b-rank-16-0,2991,506,519.702964086169
6232,huggyllama/llama-7b,dummy-lora-7b-rank-128-0,3032,17,519.783431141183
6233,huggyllama/llama-7b,dummy-lora-7b-rank-16-1,1662,273,519.8132818228817
6234,huggyllama/llama-7b,dummy-lora-7b-rank-8-0,1053,260,519.8327496587721
6235,huggyllama/llama-7b,dummy-lora-7b-rank-8-1,904,69,519.8340475144981
6236,huggyllama/llama-7b,dummy-lora-7b-rank-64-7,2764,361,519.8833660320873
6237,huggyllama/llama-7b,dummy-lora-7b-rank-16-2,1032,119,519.950854529841
6238,huggyllama/llama-7b,dummy-lora-7b-rank-16-3,2453,90,520.0663636894577
6239,huggyllama/llama-7b,dummy-lora-7b-rank-16-4,551,61,520.1624050131841
6240,huggyllama/llama-7b,dummy-lora-7b-rank-128-1,2845,24,520.201340684965
6241,huggyllama/llama-7b,dummy-lora-7b-rank-8-2,637,79,520.2078299635951
6242,huggyllama/llama-7b,dummy-lora-7b-rank-16-5,2196,79,520.2727227498967
6243,huggyllama/llama-7b,dummy-lora-7b-rank-8-3,1356,61,520.2805098842529
6244,huggyllama/llama-7b,dummy-lora-7b-rank-8-4,782,57,520.3583812278148
6245,huggyllama/llama-7b,dummy-lora-7b-rank-8-5,3367,267,520.5491660195414
6246,huggyllama/llama-7b,dummy-lora-7b-rank-16-6,2028,71,520.5582510096236
6247,huggyllama/llama-7b,dummy-lora-7b-rank-8-6,906,57,520.6516966218978
6248,huggyllama/llama-7b,dummy-lora-7b-rank-16-7,1176,245,520.6750580249663
6249,huggyllama/llama-7b,dummy-lora-7b-rank-16-8,846,57,520.7672057815147
6250,huggyllama/llama-7b,dummy-lora-7b-rank-16-9,813,70,520.787971473131
6251,huggyllama/llama-7b,dummy-lora-7b-rank-16-10,893,74,520.8580556823368
6252,huggyllama/llama-7b,dummy-lora-7b-rank-8-7,660,52,520.867140672419
6253,huggyllama/llama-7b,dummy-lora-7b-rank-16-11,745,76,520.908672055652
6254,huggyllama/llama-7b,dummy-lora-7b-rank-8-8,649,185,520.9502034388851
6255,huggyllama/llama-7b,dummy-lora-7b-rank-16-0,2808,182,520.9566927175152
6256,huggyllama/llama-7b,dummy-lora-7b-rank-64-8,3082,375,520.9618841404193
6257,huggyllama/llama-7b,dummy-lora-7b-rank-8-9,674,57,520.9748626976797
6258,huggyllama/llama-7b,dummy-lora-7b-rank-16-1,581,57,520.9748626976797
6259,huggyllama/llama-7b,dummy-lora-7b-rank-16-2,904,52,521.0644147427759
6260,huggyllama/llama-7b,dummy-lora-7b-rank-8-10,3451,90,521.2655823803107
6261,huggyllama/llama-7b,dummy-lora-7b-rank-128-2,3261,22,521.2863480719271
6262,huggyllama/llama-7b,dummy-lora-7b-rank-8-11,1021,57,521.3058159078176
6263,huggyllama/llama-7b,dummy-lora-7b-rank-16-3,953,61,521.3642194154891
6264,huggyllama/llama-7b,dummy-lora-7b-rank-8-12,1475,100,521.3966658086399
6265,huggyllama/llama-7b,dummy-lora-7b-rank-16-4,934,79,521.4745371522017
6266,huggyllama/llama-7b,dummy-lora-7b-rank-8-13,1014,88,521.6977683370791
6267,huggyllama/llama-7b,dummy-lora-7b-rank-16-5,1553,295,521.7302147302299
6268,huggyllama/llama-7b,dummy-lora-7b-rank-8-14,621,52,521.7964053722575
6269,huggyllama/llama-7b,dummy-lora-7b-rank-16-6,648,57,521.8145753524219
6270,huggyllama/llama-7b,dummy-lora-7b-rank-8-15,1563,57,521.8236603425041
6271,huggyllama/llama-7b,dummy-lora-7b-rank-8-0,1549,52,521.8249581982302
6272,huggyllama/llama-7b,dummy-lora-7b-rank-16-7,538,57,521.8327453325863
6273,huggyllama/llama-7b,dummy-lora-7b-rank-8-1,498,69,521.9054252532442
6274,huggyllama/llama-7b,dummy-lora-7b-rank-8-2,1012,69,521.9755094624497
6275,huggyllama/llama-7b,dummy-lora-7b-rank-64-0,2286,148,522.0637636518198
6276,huggyllama/llama-7b,dummy-lora-7b-rank-16-8,1060,57,522.0767422090803
6277,huggyllama/llama-7b,dummy-lora-7b-rank-8-3,1058,88,522.1481242740119
6278,huggyllama/llama-7b,dummy-lora-7b-rank-128-0,2852,21,522.1961449358752
6279,huggyllama/llama-7b,dummy-lora-7b-rank-16-9,1090,88,522.2402720305602
6280,huggyllama/llama-7b,dummy-lora-7b-rank-8-4,1072,57,522.438843956643
6281,huggyllama/llama-7b,dummy-lora-7b-rank-16-10,2320,457,522.4609075039855
6282,huggyllama/llama-7b,dummy-lora-7b-rank-32-7,847,100,522.566033817794
6283,huggyllama/llama-7b,dummy-lora-7b-rank-16-11,1093,563,522.7944564255756
6284,huggyllama/llama-7b,dummy-lora-7b-rank-16-0,854,57,522.8165199729181
6285,huggyllama/llama-7b,dummy-lora-7b-rank-8-5,581,207,522.9203484310005
6286,huggyllama/llama-7b,dummy-lora-7b-rank-32-8,877,52,522.9540926798774
6287,huggyllama/llama-7b,dummy-lora-7b-rank-16-1,2696,61,523.0864739639326
6288,huggyllama/llama-7b,dummy-lora-7b-rank-8-6,2415,57,523.1344946257958
6289,huggyllama/llama-7b,dummy-lora-7b-rank-16-2,1366,57,523.140983904426
6290,huggyllama/llama-7b,dummy-lora-7b-rank-8-7,1145,57,523.3603215221252
6291,huggyllama/llama-7b,dummy-lora-7b-rank-128-1,2868,22,523.7704439315511
6292,huggyllama/llama-7b,dummy-lora-7b-rank-16-3,897,57,523.7808267773594
6293,huggyllama/llama-7b,dummy-lora-7b-rank-128-2,3007,31,523.8872509468939
6294,huggyllama/llama-7b,dummy-lora-7b-rank-16-4,1635,65,523.9261866186748
6295,huggyllama/llama-7b,dummy-lora-7b-rank-16-5,2223,75,524.638709412266
6296,huggyllama/llama-7b,dummy-lora-7b-rank-16-6,2435,418,524.7723885520473
6297,huggyllama/llama-7b,dummy-lora-7b-rank-8-8,1738,211,524.9592797765958
6298,huggyllama/llama-7b,dummy-lora-7b-rank-8-9,798,57,524.9852368911164
6299,huggyllama/llama-7b,dummy-lora-7b-rank-8-10,2420,312,525.4187207036109
6300,huggyllama/llama-7b,dummy-lora-7b-rank-16-7,600,57,525.4771242112822
6301,huggyllama/llama-7b,dummy-lora-7b-rank-8-11,841,64,525.5588891220223
6302,huggyllama/llama-7b,dummy-lora-7b-rank-8-12,507,67,525.6367604655842
6303,huggyllama/llama-7b,dummy-lora-7b-rank-32-9,827,197,525.6523347342965
6304,huggyllama/llama-7b,dummy-lora-7b-rank-16-8,882,57,525.8054817099681
6305,huggyllama/llama-7b,dummy-lora-7b-rank-8-13,631,61,525.844417381749
6306,huggyllama/llama-7b,dummy-lora-7b-rank-32-0,714,77,525.961224397092
6307,huggyllama/llama-7b,dummy-lora-7b-rank-8-14,852,52,525.9716072429002
6308,huggyllama/llama-7b,dummy-lora-7b-rank-8-15,2177,82,526.0287128948455
6309,huggyllama/llama-7b,dummy-lora-7b-rank-128-0,2875,22,526.3064540202163
6310,huggyllama/llama-7b,dummy-lora-7b-rank-32-1,2612,277,526.3181347217505
6311,huggyllama/llama-7b,dummy-lora-7b-rank-8-0,811,193,526.3427939805451
6312,huggyllama/llama-7b,dummy-lora-7b-rank-16-9,1154,52,526.5141109363813
6313,huggyllama/llama-7b,dummy-lora-7b-rank-16-10,602,271,526.5206002150114
6314,huggyllama/llama-7b,dummy-lora-7b-rank-8-1,1074,57,526.5582380310664
6315,huggyllama/llama-7b,dummy-lora-7b-rank-8-2,929,295,526.7840649273958
6316,huggyllama/llama-7b,dummy-lora-7b-rank-16-11,814,579,526.7866606388478
6317,huggyllama/llama-7b,dummy-lora-7b-rank-16-0,823,57,526.9385097587935
6318,huggyllama/llama-7b,dummy-lora-7b-rank-16-1,999,57,526.956679738958
6319,huggyllama/llama-7b,dummy-lora-7b-rank-8-3,2859,578,527.0098918237253
6320,huggyllama/llama-7b,dummy-lora-7b-rank-8-4,730,61,527.0189768138075
6321,huggyllama/llama-7b,dummy-lora-7b-rank-16-2,1199,57,527.0812738886569
6322,huggyllama/llama-7b,dummy-lora-7b-rank-8-5,1054,365,527.207165894082
6323,huggyllama/llama-7b,dummy-lora-7b-rank-16-3,758,57,527.2110594612601
6324,huggyllama/llama-7b,dummy-lora-7b-rank-8-6,839,154,527.3434407453153
6325,huggyllama/llama-7b,dummy-lora-7b-rank-16-4,1127,126,527.500481288165
6326,huggyllama/llama-7b,dummy-lora-7b-rank-8-7,1135,135,527.5601826515625
6327,huggyllama/llama-7b,dummy-lora-7b-rank-32-2,1345,334,527.5666719301927
6328,huggyllama/llama-7b,dummy-lora-7b-rank-16-5,921,57,527.6808832340835
6329,huggyllama/llama-7b,dummy-lora-7b-rank-16-6,1102,317,527.7133296272342
6330,huggyllama/llama-7b,dummy-lora-7b-rank-128-1,2853,26,527.7639460005494
6331,huggyllama/llama-7b,dummy-lora-7b-rank-8-8,2302,57,527.8976251403307
6332,huggyllama/llama-7b,dummy-lora-7b-rank-8-9,1150,57,527.9170929762212
6333,huggyllama/llama-7b,dummy-lora-7b-rank-8-10,867,63,528.0261128572077
6334,huggyllama/llama-7b,dummy-lora-7b-rank-8-11,2211,75,528.080622797701
6335,huggyllama/llama-7b,dummy-lora-7b-rank-16-7,864,95,528.1714726985233
6336,huggyllama/llama-7b,dummy-lora-7b-rank-32-3,2492,94,528.2104083703042
6337,huggyllama/llama-7b,dummy-lora-7b-rank-16-8,1561,57,528.3363003757293
6338,huggyllama/llama-7b,dummy-lora-7b-rank-8-12,904,57,528.4063845849349
6339,huggyllama/llama-7b,dummy-lora-7b-rank-16-9,788,57,528.4128738635651
6340,huggyllama/llama-7b,dummy-lora-7b-rank-16-10,1356,67,528.4647880926063
6341,huggyllama/llama-7b,dummy-lora-7b-rank-8-13,817,57,528.5218937445517
6342,huggyllama/llama-7b,dummy-lora-7b-rank-8-14,2599,113,528.5764036850451
6343,huggyllama/llama-7b,dummy-lora-7b-rank-8-15,699,57,528.6075522224697
6344,huggyllama/llama-7b,dummy-lora-7b-rank-8-0,1538,57,528.6101479339219
6345,huggyllama/llama-7b,dummy-lora-7b-rank-16-11,387,72,528.6399986156206
6346,huggyllama/llama-7b,dummy-lora-7b-rank-8-1,480,57,528.6750407202235
6347,huggyllama/llama-7b,dummy-lora-7b-rank-8-2,2852,410,528.785358456936
6348,huggyllama/llama-7b,dummy-lora-7b-rank-8-3,1007,69,528.8113155714567
6349,huggyllama/llama-7b,dummy-lora-7b-rank-8-4,2180,70,528.9008676165529
6350,huggyllama/llama-7b,dummy-lora-7b-rank-8-5,1527,131,528.9021654722789
6351,huggyllama/llama-7b,dummy-lora-7b-rank-8-6,788,57,528.9255268753475
6352,huggyllama/llama-7b,dummy-lora-7b-rank-16-0,1851,59,528.9255268753475
6353,huggyllama/llama-7b,dummy-lora-7b-rank-8-7,836,81,528.9644625471284
6354,huggyllama/llama-7b,dummy-lora-7b-rank-16-1,962,57,528.9852282387449
6355,huggyllama/llama-7b,dummy-lora-7b-rank-8-8,1939,57,528.9956110845532
6356,huggyllama/llama-7b,dummy-lora-7b-rank-16-2,885,57,529.0267596219778
6357,huggyllama/llama-7b,dummy-lora-7b-rank-8-9,992,64,529.0449296021424
6358,huggyllama/llama-7b,dummy-lora-7b-rank-8-10,2738,111,529.0579081594026
6359,huggyllama/llama-7b,dummy-lora-7b-rank-8-11,773,57,529.0643974380328
6360,huggyllama/llama-7b,dummy-lora-7b-rank-8-12,995,57,529.1033331098138
6361,huggyllama/llama-7b,dummy-lora-7b-rank-16-3,1112,69,529.1228009457042
6362,huggyllama/llama-7b,dummy-lora-7b-rank-16-4,1190,90,529.2435015282251
6363,huggyllama/llama-7b,dummy-lora-7b-rank-16-5,875,128,529.5601783253768
6364,huggyllama/llama-7b,dummy-lora-7b-rank-128-2,2850,21,529.6250711116783
6365,huggyllama/llama-7b,dummy-lora-7b-rank-16-6,1102,321,529.7937923560623
6366,huggyllama/llama-7b,dummy-lora-7b-rank-8-13,1928,729,530.026108531022
6367,huggyllama/llama-7b,dummy-lora-7b-rank-8-14,2118,209,530.236361158639
6368,huggyllama/llama-7b,dummy-lora-7b-rank-128-0,3053,27,530.3700402984203
6369,huggyllama/llama-7b,dummy-lora-7b-rank-32-4,784,67,530.3908059900367
6370,huggyllama/llama-7b,dummy-lora-7b-rank-64-1,2481,8,530.7035892200104
6371,huggyllama/llama-7b,dummy-lora-7b-rank-8-15,1214,57,530.8567361956821
6372,huggyllama/llama-7b,dummy-lora-7b-rank-32-5,836,149,530.9423946736001
6373,huggyllama/llama-7b,dummy-lora-7b-rank-8-0,1054,368,530.9449903850522
6374,huggyllama/llama-7b,dummy-lora-7b-rank-8-1,1484,57,530.9904153354632
6375,huggyllama/llama-7b,dummy-lora-7b-rank-16-7,572,69,531.1824979829158
6376,huggyllama/llama-7b,dummy-lora-7b-rank-8-2,1140,126,531.2136465203406
6377,huggyllama/llama-7b,dummy-lora-7b-rank-16-8,1763,81,531.2486886249435
6378,huggyllama/llama-7b,dummy-lora-7b-rank-16-9,1640,61,531.4394734166701
6379,huggyllama/llama-7b,dummy-lora-7b-rank-8-3,1925,426,531.5809396908076
6380,huggyllama/llama-7b,dummy-lora-7b-rank-8-4,1862,59,531.6562153229173
6381,huggyllama/llama-7b,dummy-lora-7b-rank-8-5,1148,143,531.7081295519586
6382,huggyllama/llama-7b,dummy-lora-7b-rank-8-6,1320,135,531.7509587909176
6383,huggyllama/llama-7b,dummy-lora-7b-rank-8-7,2854,79,531.8158515772192
6384,huggyllama/llama-7b,dummy-lora-7b-rank-32-6,541,82,531.8158515772192
6385,huggyllama/llama-7b,dummy-lora-7b-rank-128-1,2854,21,531.8184472886712
6386,huggyllama/llama-7b,dummy-lora-7b-rank-32-7,2963,52,531.8288301344794
6387,huggyllama/llama-7b,dummy-lora-7b-rank-8-8,2610,57,532.0053385132197
6388,huggyllama/llama-7b,dummy-lora-7b-rank-64-2,2732,402,532.0053385132197
6389,huggyllama/llama-7b,dummy-lora-7b-rank-8-9,1897,68,532.1039755483981
6390,huggyllama/llama-7b,dummy-lora-7b-rank-8-10,1263,803,532.2220804194669
6391,huggyllama/llama-7b,dummy-lora-7b-rank-32-8,1532,80,532.2415482553574
6392,huggyllama/llama-7b,dummy-lora-7b-rank-8-11,1612,79,532.2908667729466
6393,huggyllama/llama-7b,dummy-lora-7b-rank-8-12,1007,285,532.3233131660975
6394,huggyllama/llama-7b,dummy-lora-7b-rank-8-13,409,57,532.3687381165084
6395,huggyllama/llama-7b,dummy-lora-7b-rank-8-14,715,586,532.4777579974951
6396,huggyllama/llama-7b,dummy-lora-7b-rank-16-10,1071,57,532.512800102098
6397,huggyllama/llama-7b,dummy-lora-7b-rank-8-15,1047,314,532.5919693013859
6398,huggyllama/llama-7b,dummy-lora-7b-rank-8-0,1037,57,532.6438835304272
6399,huggyllama/llama-7b,dummy-lora-7b-rank-64-3,3316,644,532.6750320678519
6400,huggyllama/llama-7b,dummy-lora-7b-rank-8-1,781,57,532.7087763167286
6401,huggyllama/llama-7b,dummy-lora-7b-rank-16-11,467,90,532.7567969785919
6402,huggyllama/llama-7b,dummy-lora-7b-rank-8-2,1824,674,532.9540710489487
6403,huggyllama/llama-7b,dummy-lora-7b-rank-16-0,1575,64,533.1253880047848
6404,huggyllama/llama-7b,dummy-lora-7b-rank-16-1,998,345,533.2370035972235
6405,huggyllama/llama-7b,dummy-lora-7b-rank-16-2,1264,276,533.344725622484
6406,huggyllama/llama-7b,dummy-lora-7b-rank-128-2,3745,24,533.4083205530596
6407,huggyllama/llama-7b,dummy-lora-7b-rank-64-4,2561,100,533.4498519362926
6408,huggyllama/llama-7b,dummy-lora-7b-rank-16-3,1205,424,533.4706176279091
6409,huggyllama/llama-7b,dummy-lora-7b-rank-16-4,1448,57,533.5394039813888
6410,huggyllama/llama-7b,dummy-lora-7b-rank-16-5,1131,57,533.5718503745395
6411,huggyllama/llama-7b,dummy-lora-7b-rank-32-9,453,64,533.6042967676902
6412,huggyllama/llama-7b,dummy-lora-7b-rank-8-3,533,52,533.6120839020465
6413,huggyllama/llama-7b,dummy-lora-7b-rank-8-4,1537,284,533.6977423799646
6414,huggyllama/llama-7b,dummy-lora-7b-rank-8-5,1577,67,533.7055295143208
6415,huggyllama/llama-7b,dummy-lora-7b-rank-8-6,3513,267,533.7678265891702
6416,huggyllama/llama-7b,dummy-lora-7b-rank-8-7,846,52,533.8158472510333
6417,huggyllama/llama-7b,dummy-lora-7b-rank-16-6,1110,95,533.8288258082937
6418,huggyllama/llama-7b,dummy-lora-7b-rank-16-7,1250,57,533.8716550472527
6419,huggyllama/llama-7b,dummy-lora-7b-rank-8-8,2209,69,533.9118885747597
6420,huggyllama/llama-7b,dummy-lora-7b-rank-8-9,765,61,533.9170799976639
6421,huggyllama/llama-7b,dummy-lora-7b-rank-8-10,1602,166,533.9430371121845
6422,huggyllama/llama-7b,dummy-lora-7b-rank-16-8,1364,89,534.0429720030888
6423,huggyllama/llama-7b,dummy-lora-7b-rank-8-11,1353,299,534.0689291176095
6424,huggyllama/llama-7b,dummy-lora-7b-rank-8-12,1273,74,534.0754183962397
6425,huggyllama/llama-7b,dummy-lora-7b-rank-8-13,1044,342,534.089694809226
6426,huggyllama/llama-7b,dummy-lora-7b-rank-16-9,1973,158,534.4284351537202
6427,huggyllama/llama-7b,dummy-lora-7b-rank-8-14,511,57,534.4543922682408
6428,huggyllama/llama-7b,dummy-lora-7b-rank-8-15,367,57,534.5218807659945
6429,huggyllama/llama-7b,dummy-lora-7b-rank-8-0,274,65,534.5945606866522
6430,huggyllama/llama-7b,dummy-lora-7b-rank-8-1,1394,90,534.7035805676388
6431,huggyllama/llama-7b,dummy-lora-7b-rank-16-10,2359,168,534.7775583440226
6432,huggyllama/llama-7b,dummy-lora-7b-rank-16-11,1435,90,534.8281747173379
6433,huggyllama/llama-7b,dummy-lora-7b-rank-16-0,1190,448,535.0098745189822
6434,huggyllama/llama-7b,dummy-lora-7b-rank-16-1,1797,57,535.0643844594755
6435,huggyllama/llama-7b,dummy-lora-7b-rank-16-2,1667,112,535.0877458625441
6436,huggyllama/llama-7b,dummy-lora-7b-rank-8-2,785,191,535.1824893305444
6437,huggyllama/llama-7b,dummy-lora-7b-rank-8-3,1018,69,535.1902764649005
6438,huggyllama/llama-7b,dummy-lora-7b-rank-8-4,2576,91,535.3005942016132
6439,huggyllama/llama-7b,dummy-lora-7b-rank-64-5,2132,250,535.3421255848463
6440,huggyllama/llama-7b,dummy-lora-7b-rank-8-5,3475,142,535.3979333810655
6441,huggyllama/llama-7b,dummy-lora-7b-rank-16-3,702,200,535.4680175902713
6442,huggyllama/llama-7b,dummy-lora-7b-rank-16-4,965,178,535.4771025803535
6443,huggyllama/llama-7b,dummy-lora-7b-rank-8-6,2456,57,535.5718460483538
6444,huggyllama/llama-7b,dummy-lora-7b-rank-8-7,1881,52,535.8664592981629
6445,huggyllama/llama-7b,dummy-lora-7b-rank-8-8,3463,414,535.8768421439711
6446,huggyllama/llama-7b,dummy-lora-7b-rank-8-9,1678,67,535.9482242089028
6447,huggyllama/llama-7b,dummy-lora-7b-rank-8-10,1000,57,535.992351303588
6448,huggyllama/llama-7b,dummy-lora-7b-rank-64-6,2315,5,536.0572440898895
6449,huggyllama/llama-7b,dummy-lora-7b-rank-8-11,1535,124,536.2272631899996
6450,huggyllama/llama-7b,dummy-lora-7b-rank-128-0,3027,22,536.368729464137
6451,huggyllama/llama-7b,dummy-lora-7b-rank-16-5,1934,78,536.4102608473701
6452,huggyllama/llama-7b,dummy-lora-7b-rank-8-12,1421,57,536.455685797781
6453,huggyllama/llama-7b,dummy-lora-7b-rank-128-1,2991,32,536.6841084055626
6454,huggyllama/llama-7b,dummy-lora-7b-rank-8-13,1318,705,536.8074046995356
6455,huggyllama/llama-7b,dummy-lora-7b-rank-8-14,1245,352,536.8476382270426
6456,huggyllama/llama-7b,dummy-lora-7b-rank-64-7,2492,610,536.8982546003577
6457,huggyllama/llama-7b,dummy-lora-7b-rank-8-15,547,90,537.0202530386047
6458,huggyllama/llama-7b,dummy-lora-7b-rank-8-0,3652,79,537.076060834824
6459,huggyllama/llama-7b,dummy-lora-7b-rank-8-1,959,477,537.0929329592625
6460,huggyllama/llama-7b,dummy-lora-7b-rank-64-8,2418,8,537.0994222378927
6461,huggyllama/llama-7b,dummy-lora-7b-rank-16-6,844,91,537.1617193127422
6462,huggyllama/llama-7b,dummy-lora-7b-rank-8-2,814,292,537.4848853885239
6463,huggyllama/llama-7b,dummy-lora-7b-rank-16-7,829,61,537.9352413254568
6464,huggyllama/llama-7b,dummy-lora-7b-rank-8-3,1317,57,537.9573048727993
6465,huggyllama/llama-7b,dummy-lora-7b-rank-8-4,1249,65,538.026091226279
6466,huggyllama/llama-7b,dummy-lora-7b-rank-8-5,353,59,538.1351111072656
6467,huggyllama/llama-7b,dummy-lora-7b-rank-32-0,1618,52,538.194812470663
6468,huggyllama/llama-7b,dummy-lora-7b-rank-16-8,3669,81,538.2817688043071
6469,huggyllama/llama-7b,dummy-lora-7b-rank-16-9,718,52,538.3492573020608
6470,huggyllama/llama-7b,dummy-lora-7b-rank-8-6,721,90,538.3726187051293
6471,huggyllama/llama-7b,dummy-lora-7b-rank-16-10,2166,129,538.5478292281435
6472,huggyllama/llama-7b,dummy-lora-7b-rank-128-2,3403,25,538.6996783480893
6473,huggyllama/llama-7b,dummy-lora-7b-rank-8-7,3751,291,538.8333574878704
6474,huggyllama/llama-7b,dummy-lora-7b-rank-32-1,1622,52,539.1707999766386
6475,huggyllama/llama-7b,dummy-lora-7b-rank-8-8,642,57,539.1759913995427
6476,huggyllama/llama-7b,dummy-lora-7b-rank-8-9,800,57,539.4160947088585
6477,huggyllama/llama-7b,dummy-lora-7b-rank-32-2,1524,67,539.5264124455712
6478,huggyllama/llama-7b,dummy-lora-7b-rank-8-10,1259,67,539.6730701426127
6479,huggyllama/llama-7b,dummy-lora-7b-rank-16-11,788,81,539.687346555599
6480,huggyllama/llama-7b,dummy-lora-7b-rank-8-11,2027,52,539.8365999640927
6481,huggyllama/llama-7b,dummy-lora-7b-rank-32-3,1770,57,539.8794292030517
6482,huggyllama/llama-7b,dummy-lora-7b-rank-8-12,3948,99,539.9676833924218
6483,huggyllama/llama-7b,dummy-lora-7b-rank-32-4,1731,90,539.9676833924218
6484,huggyllama/llama-7b,dummy-lora-7b-rank-32-5,1933,59,540.013108342833
6485,huggyllama/llama-7b,dummy-lora-7b-rank-8-13,1235,57,540.0286826115453
6486,huggyllama/llama-7b,dummy-lora-7b-rank-8-14,1562,59,540.0754054176824
6487,huggyllama/llama-7b,dummy-lora-7b-rank-16-0,1762,67,540.0883839749428
6488,huggyllama/llama-7b,dummy-lora-7b-rank-8-15,2250,64,540.1909145772993
6489,huggyllama/llama-7b,dummy-lora-7b-rank-8-0,1394,57,540.2363395277102
6490,huggyllama/llama-7b,dummy-lora-7b-rank-16-1,904,57,540.2726794880392
6491,huggyllama/llama-7b,dummy-lora-7b-rank-8-1,775,57,540.2869559010255
6492,huggyllama/llama-7b,dummy-lora-7b-rank-16-2,1417,57,540.2869559010255
6493,huggyllama/llama-7b,dummy-lora-7b-rank-8-2,1239,90,540.3168065827242
6494,huggyllama/llama-7b,dummy-lora-7b-rank-8-3,2729,81,540.3232958613544
6495,huggyllama/llama-7b,dummy-lora-7b-rank-8-4,2074,129,540.3297851399846
6496,huggyllama/llama-7b,dummy-lora-7b-rank-8-5,804,57,540.3349765628886
6497,huggyllama/llama-7b,dummy-lora-7b-rank-16-3,1023,262,540.3557422545052
6498,huggyllama/llama-7b,dummy-lora-7b-rank-8-6,1557,67,540.3700186674915
6499,huggyllama/llama-7b,dummy-lora-7b-rank-8-7,2621,81,540.4206350408067
6500,huggyllama/llama-7b,dummy-lora-7b-rank-8-8,763,80,540.4673578469439
6501,huggyllama/llama-7b,dummy-lora-7b-rank-128-0,2851,25,540.6218026783416
6502,huggyllama/llama-7b,dummy-lora-7b-rank-8-9,1611,119,540.6763126188349
6503,huggyllama/llama-7b,dummy-lora-7b-rank-8-10,2768,486,540.7684603753831
6504,huggyllama/llama-7b,dummy-lora-7b-rank-8-11,1459,125,540.7944174899037
6505,huggyllama/llama-7b,dummy-lora-7b-rank-8-12,993,57,540.8995438037123
6506,huggyllama/llama-7b,dummy-lora-7b-rank-8-13,956,425,540.9021395151644
6507,huggyllama/llama-7b,dummy-lora-7b-rank-8-14,1587,166,540.9916915602605
6508,huggyllama/llama-7b,dummy-lora-7b-rank-16-4,1298,81,541.1539235260144
6509,huggyllama/llama-7b,dummy-lora-7b-rank-8-15,675,57,541.2279013023982
6510,huggyllama/llama-7b,dummy-lora-7b-rank-16-5,1758,493,541.3096662131381
6511,huggyllama/llama-7b,dummy-lora-7b-rank-16-6,1974,139,541.4160903826727
6512,huggyllama/llama-7b,dummy-lora-7b-rank-16-7,1271,178,541.5705352140704
6513,huggyllama/llama-7b,dummy-lora-7b-rank-8-0,1930,909,541.6951293637695
6514,huggyllama/llama-7b,dummy-lora-7b-rank-16-8,876,87,541.6951293637695
6515,huggyllama/llama-7b,dummy-lora-7b-rank-128-1,2853,19,541.8132342348383
6516,huggyllama/llama-7b,dummy-lora-7b-rank-16-9,2876,129,541.8301063592768
6517,huggyllama/llama-7b,dummy-lora-7b-rank-16-10,462,57,541.9702747776881
6518,huggyllama/llama-7b,dummy-lora-7b-rank-8-1,1562,57,542.0182954395513
6519,huggyllama/llama-7b,dummy-lora-7b-rank-8-2,1034,362,542.2220587885382
6520,huggyllama/llama-7b,dummy-lora-7b-rank-8-3,730,57,542.2752708733055
6521,huggyllama/llama-7b,dummy-lora-7b-rank-16-11,562,199,542.333674380977
6522,huggyllama/llama-7b,dummy-lora-7b-rank-8-4,1639,139,542.5633948444844
6523,huggyllama/llama-7b,dummy-lora-7b-rank-8-5,1221,57,542.6075219391695
6524,huggyllama/llama-7b,dummy-lora-7b-rank-8-6,989,119,542.6412661880463
6525,huggyllama/llama-7b,dummy-lora-7b-rank-16-0,1199,70,542.79700887517
6526,huggyllama/llama-7b,dummy-lora-7b-rank-16-1,805,57,542.8580080942936
6527,huggyllama/llama-7b,dummy-lora-7b-rank-8-7,1337,814,542.9410708607595
6528,huggyllama/llama-7b,dummy-lora-7b-rank-16-2,1569,166,543.0423036073901
6529,huggyllama/llama-7b,dummy-lora-7b-rank-8-8,1138,466,543.1772806028972
6530,huggyllama/llama-7b,dummy-lora-7b-rank-8-9,712,86,543.2240034090344
6531,huggyllama/llama-7b,dummy-lora-7b-rank-8-10,948,52,543.2694283594454
6532,huggyllama/llama-7b,dummy-lora-7b-rank-8-11,893,119,543.2875983396099
6533,huggyllama/llama-7b,dummy-lora-7b-rank-8-12,1028,57,543.2992790411442
6534,huggyllama/llama-7b,dummy-lora-7b-rank-16-3,848,57,543.3460018472813
6535,huggyllama/llama-7b,dummy-lora-7b-rank-128-2,2856,22,543.3680653946238
6536,huggyllama/llama-7b,dummy-lora-7b-rank-8-13,793,64,543.4667024298022
6537,huggyllama/llama-7b,dummy-lora-7b-rank-8-14,1139,57,543.4692981412543
6538,huggyllama/llama-7b,dummy-lora-7b-rank-16-4,857,61,543.5212123702955
6539,huggyllama/llama-7b,dummy-lora-7b-rank-16-5,937,82,543.6211472611999
6540,huggyllama/llama-7b,dummy-lora-7b-rank-128-0,2988,27,543.8275063216389
6541,huggyllama/llama-7b,dummy-lora-7b-rank-128-1,2932,17,544.1740338004893
6542,huggyllama/llama-7b,dummy-lora-7b-rank-16-6,1059,88,544.2908408158321
6543,huggyllama/llama-7b,dummy-lora-7b-rank-8-15,801,57,544.3155000746267
6544,huggyllama/llama-7b,dummy-lora-7b-rank-64-0,2922,324,544.3375636219693
6545,huggyllama/llama-7b,dummy-lora-7b-rank-16-7,1101,88,544.3881799952844
6546,huggyllama/llama-7b,dummy-lora-7b-rank-8-0,2423,140,544.5205612793396
6547,huggyllama/llama-7b,dummy-lora-7b-rank-8-1,1083,57,544.7100482153402
6548,huggyllama/llama-7b,dummy-lora-7b-rank-8-2,681,61,544.8826630269024
6549,huggyllama/llama-7b,dummy-lora-7b-rank-32-6,750,57,544.8878544498065
6550,huggyllama/llama-7b,dummy-lora-7b-rank-8-3,765,79,544.952747236108
6551,huggyllama/llama-7b,dummy-lora-7b-rank-16-8,3506,105,545.2252969385746
6552,huggyllama/llama-7b,dummy-lora-7b-rank-8-4,3549,118,545.3174446951228
6553,huggyllama/llama-7b,dummy-lora-7b-rank-8-5,1405,57,545.3498910882737
6554,huggyllama/llama-7b,dummy-lora-7b-rank-16-9,1925,825,545.5848029746853
6555,huggyllama/llama-7b,dummy-lora-7b-rank-16-10,1525,124,546.0494353246046
6556,huggyllama/llama-7b,dummy-lora-7b-rank-8-6,1196,91,546.0896688521115
6557,huggyllama/llama-7b,dummy-lora-7b-rank-32-7,902,296,546.1363916582486
6558,huggyllama/llama-7b,dummy-lora-7b-rank-32-8,1464,57,546.1649444842213
6559,huggyllama/llama-7b,dummy-lora-7b-rank-16-11,2543,901,546.2259437033448
6560,huggyllama/llama-7b,dummy-lora-7b-rank-8-7,1510,57,546.3141978927149
6561,huggyllama/llama-7b,dummy-lora-7b-rank-8-8,1512,57,546.5426205004965
6562,huggyllama/llama-7b,dummy-lora-7b-rank-16-0,861,112,546.7217245906887
6563,huggyllama/llama-7b,dummy-lora-7b-rank-8-9,1162,79,546.9527429099223
6564,huggyllama/llama-7b,dummy-lora-7b-rank-8-10,1390,59,547.2966746773207
6565,huggyllama/llama-7b,dummy-lora-7b-rank-8-11,1457,585,547.3330146376495
6566,huggyllama/llama-7b,dummy-lora-7b-rank-8-12,1071,57,547.3797374437867
6567,huggyllama/llama-7b,dummy-lora-7b-rank-8-13,3854,79,547.4030988468552
6568,huggyllama/llama-7b,dummy-lora-7b-rank-8-14,535,59,547.4108859812114
6569,huggyllama/llama-7b,dummy-lora-7b-rank-16-1,1036,57,547.5393736980885
6570,huggyllama/llama-7b,dummy-lora-7b-rank-16-2,1080,57,547.7288606340891
6571,huggyllama/llama-7b,dummy-lora-7b-rank-16-3,1060,79,547.7729877287741
6572,huggyllama/llama-7b,dummy-lora-7b-rank-8-15,1062,57,547.8378805150757
6573,huggyllama/llama-7b,dummy-lora-7b-rank-128-2,2858,21,547.8781140425826
6574,huggyllama/llama-7b,dummy-lora-7b-rank-8-0,987,88,547.9456025403363
6575,huggyllama/llama-7b,dummy-lora-7b-rank-8-1,1014,82,547.9520918189664
6576,huggyllama/llama-7b,dummy-lora-7b-rank-8-2,3235,61,548.0273674510762
6577,huggyllama/llama-7b,dummy-lora-7b-rank-8-3,628,57,548.0637074114051
6578,huggyllama/llama-7b,dummy-lora-7b-rank-8-4,927,67,548.2285350886111
6579,huggyllama/llama-7b,dummy-lora-7b-rank-8-5,1007,86,548.2908321634607
6580,huggyllama/llama-7b,dummy-lora-7b-rank-8-6,975,87,548.3557249497621
6581,huggyllama/llama-7b,dummy-lora-7b-rank-64-1,2235,250,548.4595534078446
6582,huggyllama/llama-7b,dummy-lora-7b-rank-8-7,591,60,548.6633167568316
6583,huggyllama/llama-7b,dummy-lora-7b-rank-8-8,677,79,548.7892087622566
6584,huggyllama/llama-7b,dummy-lora-7b-rank-8-9,1002,512,548.8112723095992
6585,huggyllama/llama-7b,dummy-lora-7b-rank-128-0,2930,16,548.8748672401747
6586,huggyllama/llama-7b,dummy-lora-7b-rank-16-4,1440,270,548.9553342951887
6587,huggyllama/llama-7b,dummy-lora-7b-rank-16-5,1173,280,549.1526083655453
6588,huggyllama/llama-7b,dummy-lora-7b-rank-16-6,1099,57,549.3784352618749
6589,huggyllama/llama-7b,dummy-lora-7b-rank-16-7,728,341,549.3784352618749
6590,huggyllama/llama-7b,dummy-lora-7b-rank-16-8,312,67,549.4082859435736
6591,huggyllama/llama-7b,dummy-lora-7b-rank-64-2,2658,306,549.6237299940948
6592,huggyllama/llama-7b,dummy-lora-7b-rank-16-9,1601,57,549.6613678101496
6593,huggyllama/llama-7b,dummy-lora-7b-rank-16-10,1527,374,549.8210040644515
6594,huggyllama/llama-7b,dummy-lora-7b-rank-16-11,962,57,549.8638333034105
6595,huggyllama/llama-7b,dummy-lora-7b-rank-16-0,963,64,549.8962796965614
6596,huggyllama/llama-7b,dummy-lora-7b-rank-16-1,691,52,549.9962145874658
6597,huggyllama/llama-7b,dummy-lora-7b-rank-8-10,880,79,550.0403416821508
6598,huggyllama/llama-7b,dummy-lora-7b-rank-16-2,841,57,550.046830960781
6599,huggyllama/llama-7b,dummy-lora-7b-rank-128-1,2925,21,550.0637030852193
6600,huggyllama/llama-7b,dummy-lora-7b-rank-16-3,775,57,550.0961494783702
6601,huggyllama/llama-7b,dummy-lora-7b-rank-16-4,829,52,550.1130216028085
6602,huggyllama/llama-7b,dummy-lora-7b-rank-8-11,710,57,550.1143194585345
6603,huggyllama/llama-7b,dummy-lora-7b-rank-16-5,1198,120,550.1389787173291
6604,huggyllama/llama-7b,dummy-lora-7b-rank-16-6,808,76,550.1402765730552
6605,huggyllama/llama-7b,dummy-lora-7b-rank-16-7,748,74,550.1558508417676
6606,huggyllama/llama-7b,dummy-lora-7b-rank-16-8,1604,127,550.1623401203977
6607,huggyllama/llama-7b,dummy-lora-7b-rank-16-9,1145,88,550.2220414837952
6608,huggyllama/llama-7b,dummy-lora-7b-rank-8-12,1836,57,550.2233393395212
6609,huggyllama/llama-7b,dummy-lora-7b-rank-16-10,1116,69,550.2337221853295
6610,huggyllama/llama-7b,dummy-lora-7b-rank-16-11,1312,57,550.2531900212199
6611,huggyllama/llama-7b,dummy-lora-7b-rank-16-0,1219,56,550.3154870960694
6612,huggyllama/llama-7b,dummy-lora-7b-rank-128-2,3027,26,550.3764863151929
6613,huggyllama/llama-7b,dummy-lora-7b-rank-8-13,894,52,550.4050391411656
6614,huggyllama/llama-7b,dummy-lora-7b-rank-8-14,1546,166,550.5348247137687
6615,huggyllama/llama-7b,dummy-lora-7b-rank-16-1,824,74,550.550398982481
6616,huggyllama/llama-7b,dummy-lora-7b-rank-64-3,2495,240,550.5672711069195
6617,huggyllama/llama-7b,dummy-lora-7b-rank-8-15,1020,121,550.6049089229745
6618,huggyllama/llama-7b,dummy-lora-7b-rank-8-0,748,68,550.6399510275772
6619,huggyllama/llama-7b,dummy-lora-7b-rank-16-2,786,158,550.6568231520157
6620,huggyllama/llama-7b,dummy-lora-7b-rank-32-9,1224,123,551.0059463423181
6621,huggyllama/llama-7b,dummy-lora-7b-rank-16-3,3112,67,551.0189248995783
6622,huggyllama/llama-7b,dummy-lora-7b-rank-8-1,2162,57,551.0630519942636
6623,huggyllama/llama-7b,dummy-lora-7b-rank-32-0,2568,104,551.1110726561267
6624,huggyllama/llama-7b,dummy-lora-7b-rank-8-2,1046,57,551.125349069113
6625,huggyllama/llama-7b,dummy-lora-7b-rank-16-4,2070,74,551.2330710943736
6626,huggyllama/llama-7b,dummy-lora-7b-rank-8-3,878,434,551.2421560844558
6627,huggyllama/llama-7b,dummy-lora-7b-rank-128-0,3548,12,551.2940703134971
6628,huggyllama/llama-7b,dummy-lora-7b-rank-128-1,2853,19,551.5004293739361
6629,huggyllama/llama-7b,dummy-lora-7b-rank-8-4,1111,52,551.6003642648404
6630,huggyllama/llama-7b,dummy-lora-7b-rank-16-5,2469,90,551.6328106579912
6631,huggyllama/llama-7b,dummy-lora-7b-rank-8-5,1108,181,551.748319817608
6632,huggyllama/llama-7b,dummy-lora-7b-rank-16-6,1922,614,551.8495525642385
6633,huggyllama/llama-7b,dummy-lora-7b-rank-8-6,697,52,552.16622936139
6634,huggyllama/llama-7b,dummy-lora-7b-rank-16-7,615,75,552.2648663965684
6635,huggyllama/llama-7b,dummy-lora-7b-rank-128-2,2853,20,552.2687599637466
6636,huggyllama/llama-7b,dummy-lora-7b-rank-8-7,807,57,552.5088632730624
6637,huggyllama/llama-7b,dummy-lora-7b-rank-64-4,2758,447,552.5179482631446
6638,huggyllama/llama-7b,dummy-lora-7b-rank-128-0,2845,22,552.537416099035
6639,huggyllama/llama-7b,dummy-lora-7b-rank-16-8,955,90,552.6438402685696
6640,huggyllama/llama-7b,dummy-lora-7b-rank-16-9,714,86,552.7320944579398
6641,huggyllama/llama-7b,dummy-lora-7b-rank-8-8,1632,125,552.9215813939403
6642,huggyllama/llama-7b,dummy-lora-7b-rank-8-9,807,57,552.9280706725705
6643,huggyllama/llama-7b,dummy-lora-7b-rank-8-10,1658,57,552.9631127771734
6644,huggyllama/llama-7b,dummy-lora-7b-rank-8-11,2142,57,552.9851763245159
6645,huggyllama/llama-7b,dummy-lora-7b-rank-16-10,1071,254,553.0189205733926
6646,huggyllama/llama-7b,dummy-lora-7b-rank-8-12,2379,59,553.0435798321872
6647,huggyllama/llama-7b,dummy-lora-7b-rank-8-13,829,57,553.0552605337215
6648,huggyllama/llama-7b,dummy-lora-7b-rank-16-11,2057,87,553.0967919169545
6649,huggyllama/llama-7b,dummy-lora-7b-rank-32-1,3312,387,553.1876418177768
6650,huggyllama/llama-7b,dummy-lora-7b-rank-8-14,2607,88,553.2174924994755
6651,huggyllama/llama-7b,dummy-lora-7b-rank-32-2,2049,83,553.3394909377224
6652,huggyllama/llama-7b,dummy-lora-7b-rank-8-15,820,82,553.3952987339418
6653,huggyllama/llama-7b,dummy-lora-7b-rank-16-0,1273,153,553.444617251531
6654,huggyllama/llama-7b,dummy-lora-7b-rank-16-1,2085,140,553.6639548692302
6655,huggyllama/llama-7b,dummy-lora-7b-rank-16-2,677,57,553.8404632479705
6656,huggyllama/llama-7b,dummy-lora-7b-rank-16-3,595,68,553.8975688999159
6657,huggyllama/llama-7b,dummy-lora-7b-rank-16-4,958,57,554.0468223084094
6658,huggyllama/llama-7b,dummy-lora-7b-rank-16-5,1538,82,554.1441614878618
6659,huggyllama/llama-7b,dummy-lora-7b-rank-32-3,934,90,554.1843950153688
6660,huggyllama/llama-7b,dummy-lora-7b-rank-16-6,1413,93,554.2921170406294
6661,huggyllama/llama-7b,dummy-lora-7b-rank-16-7,677,117,554.3297548566843
6662,huggyllama/llama-7b,dummy-lora-7b-rank-128-1,2849,19,554.3738819513694
6663,huggyllama/llama-7b,dummy-lora-7b-rank-8-0,484,111,554.482901832356
6664,huggyllama/llama-7b,dummy-lora-7b-rank-8-1,3032,57,554.7113244401374
6665,huggyllama/llama-7b,dummy-lora-7b-rank-8-2,821,52,554.73338798748
6666,huggyllama/llama-7b,dummy-lora-7b-rank-8-3,2923,600,554.7476644004664
6667,huggyllama/llama-7b,dummy-lora-7b-rank-16-8,1334,677,554.8411100127406
6668,huggyllama/llama-7b,dummy-lora-7b-rank-128-2,2843,20,554.9047049433161
6669,huggyllama/llama-7b,dummy-lora-7b-rank-128-0,2863,31,555.0033419784945
6670,huggyllama/llama-7b,dummy-lora-7b-rank-16-9,2578,91,555.0591497747139
6671,huggyllama/llama-7b,dummy-lora-7b-rank-16-10,3182,628,555.1993181931252
6672,huggyllama/llama-7b,dummy-lora-7b-rank-16-11,1419,140,555.273295969509
6673,huggyllama/llama-7b,dummy-lora-7b-rank-8-4,498,57,555.5860791994826
6674,huggyllama/llama-7b,dummy-lora-7b-rank-8-5,487,79,555.7859489812914
6675,huggyllama/llama-7b,dummy-lora-7b-rank-8-6,3335,275,555.8793945935656
6676,huggyllama/llama-7b,dummy-lora-7b-rank-8-7,2333,57,555.9442873798672
6677,huggyllama/llama-7b,dummy-lora-7b-rank-8-8,564,52,555.9585637928536
6678,huggyllama/llama-7b,dummy-lora-7b-rank-16-0,2241,67,556.0117758776208
6679,huggyllama/llama-7b,dummy-lora-7b-rank-16-1,482,59,556.0325415692373
6680,huggyllama/llama-7b,dummy-lora-7b-rank-32-4,614,52,556.181794977731
6681,huggyllama/llama-7b,dummy-lora-7b-rank-8-9,707,70,556.2700491671011
6682,huggyllama/llama-7b,dummy-lora-7b-rank-8-10,855,57,556.3621969236493
6683,huggyllama/llama-7b,dummy-lora-7b-rank-8-11,612,81,556.6087895115952
6684,huggyllama/llama-7b,dummy-lora-7b-rank-8-12,599,313,556.6204702131296
6685,huggyllama/llama-7b,dummy-lora-7b-rank-8-13,3176,210,556.6529166062803
6686,huggyllama/llama-7b,dummy-lora-7b-rank-8-14,1315,90,556.8099571491301
6687,huggyllama/llama-7b,dummy-lora-7b-rank-8-15,530,57,556.887828492692
6688,huggyllama/llama-7b,dummy-lora-7b-rank-16-2,917,812,556.9644019805278
6689,huggyllama/llama-7b,dummy-lora-7b-rank-16-3,1114,105,557.1473996378983
6690,huggyllama/llama-7b,dummy-lora-7b-rank-8-0,1099,57,557.551032768694
6691,huggyllama/llama-7b,dummy-lora-7b-rank-16-4,480,52,557.6314998237079
6692,huggyllama/llama-7b,dummy-lora-7b-rank-8-1,1089,52,557.6483719481463
6693,huggyllama/llama-7b,dummy-lora-7b-rank-16-5,399,57,557.6652440725848
6694,huggyllama/llama-7b,dummy-lora-7b-rank-8-2,2440,57,557.6665419283107
6695,huggyllama/llama-7b,dummy-lora-7b-rank-8-3,1011,69,557.676924774119
6696,huggyllama/llama-7b,dummy-lora-7b-rank-16-6,1014,69,557.7288390031603
6697,huggyllama/llama-7b,dummy-lora-7b-rank-16-7,620,57,557.9274109292431
6698,huggyllama/llama-7b,dummy-lora-7b-rank-8-4,354,59,557.9403894865034
6699,huggyllama/llama-7b,dummy-lora-7b-rank-16-8,447,57,557.9533680437637
6700,huggyllama/llama-7b,dummy-lora-7b-rank-8-5,1708,57,557.966346601024
6701,huggyllama/llama-7b,dummy-lora-7b-rank-8-6,732,57,557.9793251582843
6702,huggyllama/llama-7b,dummy-lora-7b-rank-8-7,676,104,557.9871122926405
6703,huggyllama/llama-7b,dummy-lora-7b-rank-16-9,608,52,557.9884101483665
6704,huggyllama/llama-7b,dummy-lora-7b-rank-8-8,1698,79,558.1428549797643
6705,huggyllama/llama-7b,dummy-lora-7b-rank-32-5,2035,57,558.1454506912164
6706,huggyllama/llama-7b,dummy-lora-7b-rank-16-10,1524,67,558.1986627759836
6707,huggyllama/llama-7b,dummy-lora-7b-rank-16-11,832,57,558.2051520546138
6708,huggyllama/llama-7b,dummy-lora-7b-rank-8-9,435,85,558.2051520546138
6709,huggyllama/llama-7b,dummy-lora-7b-rank-16-0,873,57,558.2064499103398
6710,huggyllama/llama-7b,dummy-lora-7b-rank-16-1,931,317,558.2233220347782
6711,huggyllama/llama-7b,dummy-lora-7b-rank-8-10,900,290,558.2882148210797
6712,huggyllama/llama-7b,dummy-lora-7b-rank-16-2,1240,269,558.501063160149
6713,huggyllama/llama-7b,dummy-lora-7b-rank-8-11,825,57,558.7658257282593
6714,huggyllama/llama-7b,dummy-lora-7b-rank-16-3,732,59,558.7904849870539
6715,huggyllama/llama-7b,dummy-lora-7b-rank-128-1,2844,21,558.795676409958
6716,huggyllama/llama-7b,dummy-lora-7b-rank-8-12,405,52,559.0137161719313
6717,huggyllama/llama-7b,dummy-lora-7b-rank-16-4,527,68,559.1214381971919
6718,huggyllama/llama-7b,dummy-lora-7b-rank-128-2,2967,20,559.2226709438223
6719,huggyllama/llama-7b,dummy-lora-7b-rank-16-5,932,289,559.2330537896305
6720,huggyllama/llama-7b,dummy-lora-7b-rank-8-13,2169,275,559.2862658743978
6721,huggyllama/llama-7b,dummy-lora-7b-rank-32-6,1908,79,559.3667329294118
6722,huggyllama/llama-7b,dummy-lora-7b-rank-8-14,1275,69,559.5276670394397
6723,huggyllama/llama-7b,dummy-lora-7b-rank-16-6,1067,90,559.8144931548926
6724,huggyllama/llama-7b,dummy-lora-7b-rank-8-15,1436,57,559.8547266823996
6725,huggyllama/llama-7b,dummy-lora-7b-rank-8-0,1604,57,559.9196194687011
6726,huggyllama/llama-7b,dummy-lora-7b-rank-8-1,1584,117,559.9390873045917
6727,huggyllama/llama-7b,dummy-lora-7b-rank-8-2,1462,70,560.0662771657427
6728,huggyllama/llama-7b,dummy-lora-7b-rank-8-3,632,57,560.284316927716
6729,huggyllama/llama-7b,dummy-lora-7b-rank-16-7,725,57,560.2959976292502
6730,huggyllama/llama-7b,dummy-lora-7b-rank-64-5,2646,245,560.5075481125933
6731,huggyllama/llama-7b,dummy-lora-7b-rank-16-8,690,243,560.5127395354974
6732,huggyllama/llama-7b,dummy-lora-7b-rank-16-9,550,81,560.6139722821279
6733,huggyllama/llama-7b,dummy-lora-7b-rank-16-10,842,57,560.7749063921557
6734,huggyllama/llama-7b,dummy-lora-7b-rank-16-11,1029,57,560.8034592181285
6735,huggyllama/llama-7b,dummy-lora-7b-rank-16-0,944,57,560.8112463524847
6736,huggyllama/llama-7b,dummy-lora-7b-rank-8-4,570,90,560.8190334868409
6737,huggyllama/llama-7b,dummy-lora-7b-rank-16-1,508,178,560.8216291982928
6738,huggyllama/llama-7b,dummy-lora-7b-rank-16-2,1023,69,560.8488841685395
6739,huggyllama/llama-7b,dummy-lora-7b-rank-16-3,1966,762,560.9189683777453
6740,huggyllama/llama-7b,dummy-lora-7b-rank-16-4,829,84,560.95011691517
6741,huggyllama/llama-7b,dummy-lora-7b-rank-16-5,1086,57,561.0357753930881
6742,huggyllama/llama-7b,dummy-lora-7b-rank-16-6,1580,67,561.0539453732525
6743,huggyllama/llama-7b,dummy-lora-7b-rank-32-7,1260,52,561.1447952740747
6744,huggyllama/llama-7b,dummy-lora-7b-rank-8-5,1015,69,561.1720502443213
6745,huggyllama/llama-7b,dummy-lora-7b-rank-16-7,933,103,561.1889223687598
6746,huggyllama/llama-7b,dummy-lora-7b-rank-8-6,1089,69,561.2836658367601
6747,huggyllama/llama-7b,dummy-lora-7b-rank-8-7,1095,88,561.3563457574178
6748,huggyllama/llama-7b,dummy-lora-7b-rank-8-8,1109,57,561.4264299666235
6749,huggyllama/llama-7b,dummy-lora-7b-rank-16-8,1492,57,561.6509590072269
6750,huggyllama/llama-7b,dummy-lora-7b-rank-16-9,789,292,561.6769161217476
6751,huggyllama/llama-7b,dummy-lora-7b-rank-16-10,1818,282,561.7431067637751
6752,huggyllama/llama-7b,dummy-lora-7b-rank-8-9,2876,57,562.072762118187
6753,huggyllama/llama-7b,dummy-lora-7b-rank-8-10,2863,52,562.0740599739131
6754,huggyllama/llama-7b,dummy-lora-7b-rank-16-11,970,387,562.0974213769816
6755,huggyllama/llama-7b,dummy-lora-7b-rank-16-0,2247,90,562.1220806357762
6756,huggyllama/llama-7b,dummy-lora-7b-rank-128-0,3237,27,562.1597184518312
6757,huggyllama/llama-7b,dummy-lora-7b-rank-16-1,1568,57,562.1662077304613
6758,huggyllama/llama-7b,dummy-lora-7b-rank-8-11,1611,130,562.1804841434476
6759,huggyllama/llama-7b,dummy-lora-7b-rank-8-12,1800,130,562.2492704969274
6760,huggyllama/llama-7b,dummy-lora-7b-rank-8-13,1945,713,562.2726318999959
6761,huggyllama/llama-7b,dummy-lora-7b-rank-16-2,1046,207,562.3063761488727
6762,huggyllama/llama-7b,dummy-lora-7b-rank-8-14,3585,90,562.3206525618591
6763,huggyllama/llama-7b,dummy-lora-7b-rank-8-15,809,57,562.3829496367085
6764,huggyllama/llama-7b,dummy-lora-7b-rank-16-3,779,57,562.4205874527635
6765,huggyllama/llama-7b,dummy-lora-7b-rank-32-8,3382,170,562.4283745871196
6766,huggyllama/llama-7b,dummy-lora-7b-rank-16-4,1803,59,562.4491402787362
6767,huggyllama/llama-7b,dummy-lora-7b-rank-32-9,1071,52,562.485480239065
6768,huggyllama/llama-7b,dummy-lora-7b-rank-8-0,1543,472,562.527011622298
6769,huggyllama/llama-7b,dummy-lora-7b-rank-32-0,1184,219,562.567245149805
6770,huggyllama/llama-7b,dummy-lora-7b-rank-64-6,2711,303,562.6061808215859
6771,huggyllama/llama-7b,dummy-lora-7b-rank-16-5,1321,52,562.6126701002162
6772,huggyllama/llama-7b,dummy-lora-7b-rank-16-6,1419,52,562.652903627723
6773,huggyllama/llama-7b,dummy-lora-7b-rank-8-1,2003,303,562.6554993391751
6774,huggyllama/llama-7b,dummy-lora-7b-rank-8-2,1130,52,562.6632864735313
6775,huggyllama/llama-7b,dummy-lora-7b-rank-8-3,1058,57,562.6970307224082
6776,huggyllama/llama-7b,dummy-lora-7b-rank-16-7,1591,166,562.7152007025726
6777,huggyllama/llama-7b,dummy-lora-7b-rank-8-4,516,75,562.7281792598329
6778,huggyllama/llama-7b,dummy-lora-7b-rank-16-8,1048,57,562.7437535285453
6779,huggyllama/llama-7b,dummy-lora-7b-rank-16-9,646,81,562.8475819866278
6780,huggyllama/llama-7b,dummy-lora-7b-rank-16-10,1212,169,562.8553691209839
6781,huggyllama/llama-7b,dummy-lora-7b-rank-8-5,1622,57,562.8761348126004
6782,huggyllama/llama-7b,dummy-lora-7b-rank-16-11,746,66,562.9280490416418
6783,huggyllama/llama-7b,dummy-lora-7b-rank-16-0,1575,67,562.9280490416418
6784,huggyllama/llama-7b,dummy-lora-7b-rank-16-1,518,90,562.9475168775322
6785,huggyllama/llama-7b,dummy-lora-7b-rank-16-2,1811,157,562.9591975790665
6786,huggyllama/llama-7b,dummy-lora-7b-rank-8-6,1642,57,563.0331753554502
6787,huggyllama/llama-7b,dummy-lora-7b-rank-16-3,2976,90,563.0798981615874
6788,huggyllama/llama-7b,dummy-lora-7b-rank-8-7,2570,232,563.144790947889
6789,huggyllama/llama-7b,dummy-lora-7b-rank-8-8,2348,79,563.2161730128206
6790,huggyllama/llama-7b,dummy-lora-7b-rank-16-4,1674,52,563.4238299289857
6791,huggyllama/llama-7b,dummy-lora-7b-rank-16-5,1501,61,563.5549133573148
6792,huggyllama/llama-7b,dummy-lora-7b-rank-16-6,745,540,563.5899554619177
6793,huggyllama/llama-7b,dummy-lora-7b-rank-8-9,1003,52,563.728826024603
6794,huggyllama/llama-7b,dummy-lora-7b-rank-8-10,1927,57,563.7547831391237
6795,huggyllama/llama-7b,dummy-lora-7b-rank-8-11,1016,57,563.8196759254251
6796,huggyllama/llama-7b,dummy-lora-7b-rank-32-1,923,61,563.8378459055897
6797,huggyllama/llama-7b,dummy-lora-7b-rank-16-7,1166,247,564.0403113988506
6798,huggyllama/llama-7b,dummy-lora-7b-rank-16-8,1825,114,564.1285655882207
6799,huggyllama/llama-7b,dummy-lora-7b-rank-8-12,1048,410,564.1623098370975
6800,huggyllama/llama-7b,dummy-lora-7b-rank-32-2,802,92,564.2778189967142
6801,huggyllama/llama-7b,dummy-lora-7b-rank-16-9,2178,383,564.2959889768787
6802,huggyllama/llama-7b,dummy-lora-7b-rank-128-1,2854,21,564.3167546684953
6803,huggyllama/llama-7b,dummy-lora-7b-rank-32-3,861,52,564.3401160715638
6804,huggyllama/llama-7b,dummy-lora-7b-rank-128-2,2861,25,564.642516455729
6805,huggyllama/llama-7b,dummy-lora-7b-rank-16-10,1605,67,564.8592583619763
6806,huggyllama/llama-7b,dummy-lora-7b-rank-8-13,1906,78,565.1162337957305
6807,huggyllama/llama-7b,dummy-lora-7b-rank-8-14,577,52,565.2797636172104
6808,huggyllama/llama-7b,dummy-lora-7b-rank-8-15,394,52,565.2953378859228
6809,huggyllama/llama-7b,dummy-lora-7b-rank-8-0,555,59,565.2992314531009
6810,huggyllama/llama-7b,dummy-lora-7b-rank-8-1,648,57,565.3199971447174
6811,huggyllama/llama-7b,dummy-lora-7b-rank-16-11,698,61,565.3628263836764
6812,huggyllama/llama-7b,dummy-lora-7b-rank-16-0,496,72,565.4355063043341
6813,huggyllama/llama-7b,dummy-lora-7b-rank-16-1,638,79,565.4744419761151
6814,huggyllama/llama-7b,dummy-lora-7b-rank-16-2,1532,90,565.4874205333755
6815,huggyllama/llama-7b,dummy-lora-7b-rank-8-2,1999,325,565.5562068868551
6816,huggyllama/llama-7b,dummy-lora-7b-rank-16-3,1909,78,565.7443959671297
6817,huggyllama/llama-7b,dummy-lora-7b-rank-16-4,1819,59,565.965031440555
6818,huggyllama/llama-7b,dummy-lora-7b-rank-16-5,1891,94,566.0429027841168
6819,huggyllama/llama-7b,dummy-lora-7b-rank-16-6,1824,96,566.049392062747
6820,huggyllama/llama-7b,dummy-lora-7b-rank-16-7,1035,437,566.09092344598
6821,huggyllama/llama-7b,dummy-lora-7b-rank-16-8,2591,90,566.1830712025283
6822,huggyllama/llama-7b,dummy-lora-7b-rank-8-3,1269,90,566.3427074568301
6823,huggyllama/llama-7b,dummy-lora-7b-rank-16-9,1156,52,566.4050045316795
6824,huggyllama/llama-7b,dummy-lora-7b-rank-8-4,1619,163,566.6464056967213
6825,huggyllama/llama-7b,dummy-lora-7b-rank-8-5,1195,57,566.6827456570503
6826,huggyllama/llama-7b,dummy-lora-7b-rank-32-4,420,52,566.7281706074614
6827,huggyllama/llama-7b,dummy-lora-7b-rank-16-10,1394,57,566.7748934135985
6828,huggyllama/llama-7b,dummy-lora-7b-rank-16-11,893,345,566.8060419510233
6829,huggyllama/llama-7b,dummy-lora-7b-rank-16-0,1302,67,566.8281054983659
6830,huggyllama/llama-7b,dummy-lora-7b-rank-16-1,1209,57,566.8631476029686
6831,huggyllama/llama-7b,dummy-lora-7b-rank-16-2,1103,52,567.2875464253809
6832,huggyllama/llama-7b,dummy-lora-7b-rank-16-3,1112,57,567.4316084109703
6833,huggyllama/llama-7b,dummy-lora-7b-rank-8-6,1894,52,567.6107125011627
6834,huggyllama/llama-7b,dummy-lora-7b-rank-8-7,3918,74,567.6756052874642
6835,huggyllama/llama-7b,dummy-lora-7b-rank-16-4,462,70,567.8352415417661
6836,huggyllama/llama-7b,dummy-lora-7b-rank-8-8,1196,72,568.1493226274656
6837,huggyllama/llama-7b,dummy-lora-7b-rank-16-5,879,57,568.4465315887268
6838,huggyllama/llama-7b,dummy-lora-7b-rank-16-6,903,57,568.6892306094946
6839,huggyllama/llama-7b,dummy-lora-7b-rank-16-7,1961,599,568.702209166755
6840,huggyllama/llama-7b,dummy-lora-7b-rank-16-8,794,82,568.7502298286182
6841,huggyllama/llama-7b,dummy-lora-7b-rank-16-9,726,77,568.7943569233032
6842,huggyllama/llama-7b,dummy-lora-7b-rank-16-10,2026,95,568.9176532172762
6843,huggyllama/llama-7b,dummy-lora-7b-rank-8-9,803,63,569.0630130585917
6844,huggyllama/llama-7b,dummy-lora-7b-rank-128-0,2853,20,569.3316691938802
6845,huggyllama/llama-7b,dummy-lora-7b-rank-8-10,1642,126,569.366711298483
6846,huggyllama/llama-7b,dummy-lora-7b-rank-32-5,1487,64,569.6029210406207
6847,huggyllama/llama-7b,dummy-lora-7b-rank-8-11,1444,83,569.74049374758
6848,huggyllama/llama-7b,dummy-lora-7b-rank-8-12,795,57,569.7716422850048
6849,huggyllama/llama-7b,dummy-lora-7b-rank-16-11,335,61,570.06755339054
6850,huggyllama/llama-7b,dummy-lora-7b-rank-16-0,423,57,570.1934453959649
6851,huggyllama/llama-7b,dummy-lora-7b-rank-64-7,2462,8,570.2103175204034
6852,huggyllama/llama-7b,dummy-lora-7b-rank-8-13,814,301,570.2336789234719
6853,huggyllama/llama-7b,dummy-lora-7b-rank-8-14,829,106,570.4802715114179
6854,huggyllama/llama-7b,dummy-lora-7b-rank-16-1,1123,85,570.7891611742133
6855,huggyllama/llama-7b,dummy-lora-7b-rank-8-15,1071,57,570.8358839803504
6856,huggyllama/llama-7b,dummy-lora-7b-rank-8-0,1630,132,571.0020095132825
6857,huggyllama/llama-7b,dummy-lora-7b-rank-8-1,1205,134,571.0422430407895
6858,huggyllama/llama-7b,dummy-lora-7b-rank-8-2,940,52,571.0980508370087
6859,huggyllama/llama-7b,dummy-lora-7b-rank-16-2,1621,57,571.105837971365
6860,huggyllama/llama-7b,dummy-lora-7b-rank-64-8,2345,265,571.1136251057211
6861,huggyllama/llama-7b,dummy-lora-7b-rank-16-3,851,57,571.1850071706529
6862,huggyllama/llama-7b,dummy-lora-7b-rank-16-4,861,64,571.2161557080776
6863,huggyllama/llama-7b,dummy-lora-7b-rank-8-3,2903,95,571.3848769524617
6864,huggyllama/llama-7b,dummy-lora-7b-rank-16-5,724,81,571.3861748081878
6865,huggyllama/llama-7b,dummy-lora-7b-rank-16-6,1133,90,571.4251104799687
6866,huggyllama/llama-7b,dummy-lora-7b-rank-16-7,1163,470,571.4328976143249
6867,huggyllama/llama-7b,dummy-lora-7b-rank-8-4,1424,371,571.5107689578867
6868,huggyllama/llama-7b,dummy-lora-7b-rank-8-5,1645,90,571.5886403014487
6869,huggyllama/llama-7b,dummy-lora-7b-rank-64-0,3180,155,571.5899381571746
6870,huggyllama/llama-7b,dummy-lora-7b-rank-16-8,2440,61,571.5977252915308
6871,huggyllama/llama-7b,dummy-lora-7b-rank-8-6,2545,57,571.6574266549283
6872,huggyllama/llama-7b,dummy-lora-7b-rank-8-7,1613,55,571.6989580381613
6873,huggyllama/llama-7b,dummy-lora-7b-rank-16-9,2099,86,571.7573615458327
6874,huggyllama/llama-7b,dummy-lora-7b-rank-8-8,771,81,571.8391264565727
6875,huggyllama/llama-7b,dummy-lora-7b-rank-16-10,2842,61,571.9040192428743
6876,huggyllama/llama-7b,dummy-lora-7b-rank-16-11,843,89,571.935167780299
6877,huggyllama/llama-7b,dummy-lora-7b-rank-16-0,1219,170,572.2129089056697
6878,huggyllama/llama-7b,dummy-lora-7b-rank-8-9,1593,57,572.2206960400258
6879,huggyllama/llama-7b,dummy-lora-7b-rank-8-10,856,57,572.4179701103826
6880,huggyllama/llama-7b,dummy-lora-7b-rank-8-11,1518,66,572.4815650409582
6881,huggyllama/llama-7b,dummy-lora-7b-rank-8-12,1356,79,572.5205007127391
6882,huggyllama/llama-7b,dummy-lora-7b-rank-8-13,1292,345,572.7787740022193
6883,huggyllama/llama-7b,dummy-lora-7b-rank-32-6,522,70,572.8774110373978
6884,huggyllama/llama-7b,dummy-lora-7b-rank-16-1,1583,289,573.0681958291243
6885,huggyllama/llama-7b,dummy-lora-7b-rank-8-14,932,57,573.1460671726862
6886,huggyllama/llama-7b,dummy-lora-7b-rank-16-2,640,57,573.3355541086868
6887,huggyllama/llama-7b,dummy-lora-7b-rank-16-3,629,70,573.3835747705499
6888,huggyllama/llama-7b,dummy-lora-7b-rank-8-15,975,57,573.4173190194267
6889,huggyllama/llama-7b,dummy-lora-7b-rank-8-0,1880,911,573.5211474775092
6890,huggyllama/llama-7b,dummy-lora-7b-rank-16-4,2175,107,573.6652094630987
6891,huggyllama/llama-7b,dummy-lora-7b-rank-8-1,996,484,573.7820164784416
6892,huggyllama/llama-7b,dummy-lora-7b-rank-8-2,1262,57,574.0662468824424
6893,huggyllama/llama-7b,dummy-lora-7b-rank-16-5,2149,59,574.0870125740589
6894,huggyllama/llama-7b,dummy-lora-7b-rank-16-6,894,57,574.1363310916481
6895,huggyllama/llama-7b,dummy-lora-7b-rank-16-7,3506,460,574.2648188085252
6896,huggyllama/llama-7b,dummy-lora-7b-rank-8-3,1040,81,574.2726059428813
6897,huggyllama/llama-7b,dummy-lora-7b-rank-8-4,677,57,574.6411969690743
6898,huggyllama/llama-7b,dummy-lora-7b-rank-8-5,797,52,574.6450905362524
6899,huggyllama/llama-7b,dummy-lora-7b-rank-8-6,1903,57,574.6918133423894
6900,huggyllama/llama-7b,dummy-lora-7b-rank-8-7,963,72,574.7411318599786
6901,huggyllama/llama-7b,dummy-lora-7b-rank-8-8,716,67,574.7618975515952
6902,huggyllama/llama-7b,dummy-lora-7b-rank-16-8,1942,655,574.9046616814586
6903,huggyllama/llama-7b,dummy-lora-7b-rank-8-9,2126,57,575.005894428089
6904,huggyllama/llama-7b,dummy-lora-7b-rank-8-10,1715,57,575.0954464731852
6905,huggyllama/llama-7b,dummy-lora-7b-rank-8-11,1516,57,575.4289953947753
6906,huggyllama/llama-7b,dummy-lora-7b-rank-16-9,1612,57,575.4432718077616
6907,huggyllama/llama-7b,dummy-lora-7b-rank-16-10,1053,52,575.5016753154331
6908,huggyllama/llama-7b,dummy-lora-7b-rank-8-12,2027,52,575.5185474398714
6909,huggyllama/llama-7b,dummy-lora-7b-rank-8-13,1114,89,575.5652702460086
6910,huggyllama/llama-7b,dummy-lora-7b-rank-8-14,1919,69,575.6184823307758
6911,huggyllama/llama-7b,dummy-lora-7b-rank-8-15,3613,79,575.6470351567485
6912,huggyllama/llama-7b,dummy-lora-7b-rank-64-1,2673,381,575.7677357392695
6913,huggyllama/llama-7b,dummy-lora-7b-rank-16-11,1363,133,575.831330669845
6914,huggyllama/llama-7b,dummy-lora-7b-rank-16-0,1953,692,575.918287003489
6915,huggyllama/llama-7b,dummy-lora-7b-rank-8-0,1179,90,576.0740296906129
6916,huggyllama/llama-7b,dummy-lora-7b-rank-8-1,1902,78,576.1389224769144
6917,huggyllama/llama-7b,dummy-lora-7b-rank-16-1,1536,374,576.3154308556547
6918,huggyllama/llama-7b,dummy-lora-7b-rank-32-7,821,206,576.4633864084223
6919,huggyllama/llama-7b,dummy-lora-7b-rank-8-2,1495,241,576.4724713985045
6920,huggyllama/llama-7b,dummy-lora-7b-rank-16-2,697,57,576.6827240261215
6921,huggyllama/llama-7b,dummy-lora-7b-rank-64-2,3080,417,576.7112768520942
6922,huggyllama/llama-7b,dummy-lora-7b-rank-8-3,723,61,576.7112768520942
6923,huggyllama/llama-7b,dummy-lora-7b-rank-64-3,2776,284,576.7242554093546
6924,huggyllama/llama-7b,dummy-lora-7b-rank-16-3,1915,784,576.8112117429987
6925,huggyllama/llama-7b,dummy-lora-7b-rank-8-4,686,57,576.8125095987247
6926,huggyllama/llama-7b,dummy-lora-7b-rank-8-5,684,57,576.8215945888069
6927,huggyllama/llama-7b,dummy-lora-7b-rank-16-4,1356,57,576.8514452705056
6928,huggyllama/llama-7b,dummy-lora-7b-rank-8-6,910,209,576.8631259720398
6929,huggyllama/llama-7b,dummy-lora-7b-rank-16-5,1001,254,576.8709131063961
6930,huggyllama/llama-7b,dummy-lora-7b-rank-8-7,1079,57,576.9656565743963
6931,huggyllama/llama-7b,dummy-lora-7b-rank-8-8,566,79,577.0292515049719
6932,huggyllama/llama-7b,dummy-lora-7b-rank-32-8,709,79,577.0396343507801
6933,huggyllama/llama-7b,dummy-lora-7b-rank-8-9,1596,77,577.1006335699036
6934,huggyllama/llama-7b,dummy-lora-7b-rank-8-10,699,57,577.240801988315
6935,huggyllama/llama-7b,dummy-lora-7b-rank-8-11,1045,71,577.326460466233
6936,huggyllama/llama-7b,dummy-lora-7b-rank-16-6,1001,57,577.3770768395483
6937,huggyllama/llama-7b,dummy-lora-7b-rank-8-12,917,52,577.4147146556031
6938,huggyllama/llama-7b,dummy-lora-7b-rank-16-7,3122,133,577.657413676371
6939,huggyllama/llama-7b,dummy-lora-7b-rank-8-13,1133,57,577.7106257611383
6940,huggyllama/llama-7b,dummy-lora-7b-rank-64-4,3382,609,577.8585813139058
6941,huggyllama/llama-7b,dummy-lora-7b-rank-8-14,848,57,577.8845384284265
6942,huggyllama/llama-7b,dummy-lora-7b-rank-16-8,664,79,577.9792818964268
6943,huggyllama/llama-7b,dummy-lora-7b-rank-8-15,780,67,577.9935583094132
6944,huggyllama/llama-7b,dummy-lora-7b-rank-8-0,811,78,578.0052390109474
6945,huggyllama/llama-7b,dummy-lora-7b-rank-8-1,1980,57,578.1415138621807
6946,huggyllama/llama-7b,dummy-lora-7b-rank-16-9,591,90,578.1778538225096
6947,huggyllama/llama-7b,dummy-lora-7b-rank-8-2,1657,57,578.2012152255782
6948,huggyllama/llama-7b,dummy-lora-7b-rank-8-3,1967,74,578.2038109370302
6949,huggyllama/llama-7b,dummy-lora-7b-rank-8-4,837,57,578.2362573301809
6950,huggyllama/llama-7b,dummy-lora-7b-rank-8-5,551,57,578.3686386142361
6951,huggyllama/llama-7b,dummy-lora-7b-rank-8-6,1760,206,578.4685735051406
6952,huggyllama/llama-7b,dummy-lora-7b-rank-64-5,3172,668,578.5490405601546
6953,huggyllama/llama-7b,dummy-lora-7b-rank-8-7,3161,307,578.7099746701824
6954,huggyllama/llama-7b,dummy-lora-7b-rank-32-9,893,61,578.7852503022922
6955,huggyllama/llama-7b,dummy-lora-7b-rank-16-10,2515,90,579.0824592635535
6956,huggyllama/llama-7b,dummy-lora-7b-rank-8-8,838,57,579.1395649154988
6957,huggyllama/llama-7b,dummy-lora-7b-rank-16-11,769,57,579.2031598460743
6958,huggyllama/llama-7b,dummy-lora-7b-rank-8-9,651,205,579.2096491247045
6959,huggyllama/llama-7b,dummy-lora-7b-rank-8-10,2213,168,579.27324405528
6960,huggyllama/llama-7b,dummy-lora-7b-rank-64-6,2409,253,579.4912838172532
6961,huggyllama/llama-7b,dummy-lora-7b-rank-8-11,850,131,579.6301543799386
6962,huggyllama/llama-7b,dummy-lora-7b-rank-64-7,2812,500,579.6638986288154
6963,huggyllama/llama-7b,dummy-lora-7b-rank-8-12,1978,59,579.769024942624
6964,huggyllama/llama-7b,dummy-lora-7b-rank-128-1,2975,20,579.9637033015287
6965,huggyllama/llama-7b,dummy-lora-7b-rank-8-13,774,285,580.1739559291457
6966,huggyllama/llama-7b,dummy-lora-7b-rank-16-0,805,67,580.3725278552286
6967,huggyllama/llama-7b,dummy-lora-7b-rank-16-1,1930,817,580.4672713232288
6968,huggyllama/llama-7b,dummy-lora-7b-rank-8-14,1631,57,580.6295032889827
6969,huggyllama/llama-7b,dummy-lora-7b-rank-16-2,2292,57,580.6710346722158
6970,huggyllama/llama-7b,dummy-lora-7b-rank-16-3,1953,68,580.7294381798871
6971,huggyllama/llama-7b,dummy-lora-7b-rank-16-4,865,64,580.9578607876687
6972,huggyllama/llama-7b,dummy-lora-7b-rank-8-15,1856,440,580.9786264792851
6973,huggyllama/llama-7b,dummy-lora-7b-rank-16-5,1216,57,581.0850506488197
6974,huggyllama/llama-7b,dummy-lora-7b-rank-8-0,577,52,581.2563676046558
6975,huggyllama/llama-7b,dummy-lora-7b-rank-16-6,2311,61,581.3238561024094
6976,huggyllama/llama-7b,dummy-lora-7b-rank-16-7,590,57,581.5315130185745
6977,huggyllama/llama-7b,dummy-lora-7b-rank-8-1,957,57,581.5574701330951
6978,huggyllama/llama-7b,dummy-lora-7b-rank-16-8,1854,173,581.5886186705198
6979,huggyllama/llama-7b,dummy-lora-7b-rank-8-2,1624,120,581.6600007354516
6980,huggyllama/llama-7b,dummy-lora-7b-rank-32-0,1227,57,581.6976385515065
6981,huggyllama/llama-7b,dummy-lora-7b-rank-16-9,619,59,581.7171063873969
6982,huggyllama/llama-7b,dummy-lora-7b-rank-8-3,1035,348,581.7222978103011
6983,huggyllama/llama-7b,dummy-lora-7b-rank-16-10,1557,166,581.7274892332052
6984,huggyllama/llama-7b,dummy-lora-7b-rank-8-4,1032,57,581.7287870889313
6985,huggyllama/llama-7b,dummy-lora-7b-rank-8-5,2119,69,581.7326806561093
6986,huggyllama/llama-7b,dummy-lora-7b-rank-16-11,470,57,581.7742120393423
6987,huggyllama/llama-7b,dummy-lora-7b-rank-8-6,2690,88,581.8481898157261
6988,huggyllama/llama-7b,dummy-lora-7b-rank-8-7,1602,125,581.8689555073427
6989,huggyllama/llama-7b,dummy-lora-7b-rank-8-8,1907,68,582.0934845479461
6990,huggyllama/llama-7b,dummy-lora-7b-rank-16-0,695,52,582.0947824036721
6991,huggyllama/llama-7b,dummy-lora-7b-rank-8-9,707,57,582.0973781151241
6992,huggyllama/llama-7b,dummy-lora-7b-rank-16-1,1344,141,582.132420219727
6993,huggyllama/llama-7b,dummy-lora-7b-rank-32-1,743,79,582.2102915632888
6994,huggyllama/llama-7b,dummy-lora-7b-rank-16-2,614,70,582.215482986193
6995,huggyllama/llama-7b,dummy-lora-7b-rank-8-10,1253,57,582.2544186579739
6996,huggyllama/llama-7b,dummy-lora-7b-rank-8-11,1074,59,582.3180135885494
6997,huggyllama/llama-7b,dummy-lora-7b-rank-16-3,894,57,582.3361835687139
6998,huggyllama/llama-7b,dummy-lora-7b-rank-8-12,2865,203,582.341374991618
6999,huggyllama/llama-7b,dummy-lora-7b-rank-8-13,827,57,582.341374991618
7000,huggyllama/llama-7b,dummy-lora-7b-rank-8-14,1631,61,582.3491621259742
7001,huggyllama/llama-7b,dummy-lora-7b-rank-16-4,1578,158,582.3530556931523
7002,huggyllama/llama-7b,dummy-lora-7b-rank-16-5,1664,59,582.3556514046044
7003,huggyllama/llama-7b,dummy-lora-7b-rank-8-15,377,96,582.3790128076729
7004,huggyllama/llama-7b,dummy-lora-7b-rank-16-6,1055,59,582.4166506237278
7005,huggyllama/llama-7b,dummy-lora-7b-rank-16-7,1148,57,582.5801804452078
7006,huggyllama/llama-7b,dummy-lora-7b-rank-16-8,2080,222,582.5944568581941
7007,huggyllama/llama-7b,dummy-lora-7b-rank-16-9,741,57,582.7774545155645
7008,huggyllama/llama-7b,dummy-lora-7b-rank-8-0,808,193,582.92281435688
7009,huggyllama/llama-7b,dummy-lora-7b-rank-16-10,3126,52,582.9903028546337
7010,huggyllama/llama-7b,dummy-lora-7b-rank-16-11,824,90,583.2680439800043
7011,huggyllama/llama-7b,dummy-lora-7b-rank-64-8,2754,451,583.3121710746894
7012,huggyllama/llama-7b,dummy-lora-7b-rank-16-0,2460,284,583.3485110350183
7013,huggyllama/llama-7b,dummy-lora-7b-rank-8-1,723,57,583.380957428169
7014,huggyllama/llama-7b,dummy-lora-7b-rank-16-1,1221,178,583.417297388498
7015,huggyllama/llama-7b,dummy-lora-7b-rank-16-2,571,228,583.4925730206078
7016,huggyllama/llama-7b,dummy-lora-7b-rank-16-3,1200,65,583.6612942649919
7017,huggyllama/llama-7b,dummy-lora-7b-rank-64-0,3155,479,583.7261870512934
7018,huggyllama/llama-7b,dummy-lora-7b-rank-8-2,2878,322,584.2998392821993
7019,huggyllama/llama-7b,dummy-lora-7b-rank-8-3,1574,57,584.3011371379253
7020,huggyllama/llama-7b,dummy-lora-7b-rank-8-4,1547,90,584.3997741731037
7021,huggyllama/llama-7b,dummy-lora-7b-rank-8-5,883,323,584.4594755365011
7022,huggyllama/llama-7b,dummy-lora-7b-rank-64-1,2539,563,584.5023047754602
7023,huggyllama/llama-7b,dummy-lora-7b-rank-8-6,2596,198,584.5516232930494
7024,huggyllama/llama-7b,dummy-lora-7b-rank-8-7,661,52,584.5944525320083
7025,huggyllama/llama-7b,dummy-lora-7b-rank-16-4,895,61,584.6502603282277
7026,huggyllama/llama-7b,dummy-lora-7b-rank-8-8,1365,57,584.6969831343648
7027,huggyllama/llama-7b,dummy-lora-7b-rank-16-5,580,69,584.702174557269
7028,huggyllama/llama-7b,dummy-lora-7b-rank-64-2,2927,518,584.9643414139273
7029,huggyllama/llama-7b,dummy-lora-7b-rank-64-3,2530,125,585.2381889721199
7030,huggyllama/llama-7b,dummy-lora-7b-rank-8-9,1885,518,585.2589546637364
7031,huggyllama/llama-7b,dummy-lora-7b-rank-16-6,1587,307,585.2784224996269
7032,huggyllama/llama-7b,dummy-lora-7b-rank-8-10,1113,300,585.410803783682
7033,huggyllama/llama-7b,dummy-lora-7b-rank-8-11,1391,90,585.4679094356275
7034,huggyllama/llama-7b,dummy-lora-7b-rank-8-12,367,66,585.5561636249976
7035,huggyllama/llama-7b,dummy-lora-7b-rank-32-2,2489,52,585.5626529036277
7036,huggyllama/llama-7b,dummy-lora-7b-rank-32-3,460,57,585.5678443265318
7037,huggyllama/llama-7b,dummy-lora-7b-rank-32-4,2502,57,585.7560334068064
7038,huggyllama/llama-7b,dummy-lora-7b-rank-8-13,2711,85,585.7767990984229
7039,huggyllama/llama-7b,dummy-lora-7b-rank-16-7,1203,57,586.027285253547
7040,huggyllama/llama-7b,dummy-lora-7b-rank-8-14,2723,460,586.1194330100951
7041,huggyllama/llama-7b,dummy-lora-7b-rank-16-8,960,57,586.3699191652191
7042,huggyllama/llama-7b,dummy-lora-7b-rank-32-5,3554,206,586.4062591255481
7043,huggyllama/llama-7b,dummy-lora-7b-rank-16-9,1224,59,586.8942528785358
7044,huggyllama/llama-7b,dummy-lora-7b-rank-8-15,1752,57,586.9643370877416
7045,huggyllama/llama-7b,dummy-lora-7b-rank-8-0,1305,79,587.0149534610567
7046,huggyllama/llama-7b,dummy-lora-7b-rank-8-1,2132,87,587.353693805551
7047,huggyllama/llama-7b,dummy-lora-7b-rank-8-2,1928,834,587.3627787956332
7048,huggyllama/llama-7b,dummy-lora-7b-rank-64-4,2353,258,587.4120973132223
7049,huggyllama/llama-7b,dummy-lora-7b-rank-8-3,391,66,587.4172887361265
7050,huggyllama/llama-7b,dummy-lora-7b-rank-128-2,2859,23,587.4847772338801
7051,huggyllama/llama-7b,dummy-lora-7b-rank-64-5,2296,239,587.56654214462
7052,huggyllama/llama-7b,dummy-lora-7b-rank-16-10,1101,79,587.5847121247846
7053,huggyllama/llama-7b,dummy-lora-7b-rank-8-4,2669,59,587.7378591004563
7054,huggyllama/llama-7b,dummy-lora-7b-rank-8-5,1215,57,587.774199060785
7055,huggyllama/llama-7b,dummy-lora-7b-rank-16-11,1132,57,587.7819861951413
7056,huggyllama/llama-7b,dummy-lora-7b-rank-8-6,962,57,588.1687472014986
7057,huggyllama/llama-7b,dummy-lora-7b-rank-8-7,979,84,588.2154700076358
7058,huggyllama/llama-7b,dummy-lora-7b-rank-8-8,990,57,588.5022961230886
7059,huggyllama/llama-7b,dummy-lora-7b-rank-8-9,1530,75,588.5165725360749
7060,huggyllama/llama-7b,dummy-lora-7b-rank-16-0,1009,309,588.5295510933353
7061,huggyllama/llama-7b,dummy-lora-7b-rank-8-10,1969,919,588.5619974864861
7062,huggyllama/llama-7b,dummy-lora-7b-rank-16-1,3541,106,588.7125487507057
7063,huggyllama/llama-7b,dummy-lora-7b-rank-8-11,1958,57,588.7216337407879
7064,huggyllama/llama-7b,dummy-lora-7b-rank-16-2,1505,57,588.8280579103225
7065,huggyllama/llama-7b,dummy-lora-7b-rank-8-12,2361,64,588.8371429004047
7066,huggyllama/llama-7b,dummy-lora-7b-rank-32-6,898,79,588.847525746213
7067,huggyllama/llama-7b,dummy-lora-7b-rank-16-3,1530,111,588.9124185325145
7068,huggyllama/llama-7b,dummy-lora-7b-rank-16-4,2255,57,589.2083296380497
7069,huggyllama/llama-7b,dummy-lora-7b-rank-8-13,2163,75,589.3316259320227
7070,huggyllama/llama-7b,dummy-lora-7b-rank-32-7,3590,141,589.46660292753
7071,huggyllama/llama-7b,dummy-lora-7b-rank-16-5,2203,64,589.5314957138315
7072,huggyllama/llama-7b,dummy-lora-7b-rank-32-8,879,82,589.7287697841882
7073,huggyllama/llama-7b,dummy-lora-7b-rank-8-14,2797,81,589.8559596453393
7074,huggyllama/llama-7b,dummy-lora-7b-rank-8-15,897,99,589.8754274812297
7075,huggyllama/llama-7b,dummy-lora-7b-rank-16-6,2407,79,590.093467243203
7076,huggyllama/llama-7b,dummy-lora-7b-rank-16-7,1642,57,590.2024871241897
7077,huggyllama/llama-7b,dummy-lora-7b-rank-8-0,1102,88,590.4075483289026
7078,huggyllama/llama-7b,dummy-lora-7b-rank-16-8,908,119,590.424420453341
7079,huggyllama/llama-7b,dummy-lora-7b-rank-8-1,865,57,590.4516754235876
7080,huggyllama/llama-7b,dummy-lora-7b-rank-8-2,693,57,590.46076041367
7081,huggyllama/llama-7b,dummy-lora-7b-rank-8-3,1022,69,590.4698454037522
7082,huggyllama/llama-7b,dummy-lora-7b-rank-32-9,719,61,590.4750368266563
7083,huggyllama/llama-7b,dummy-lora-7b-rank-16-9,574,52,590.594439553451
7084,huggyllama/llama-7b,dummy-lora-7b-rank-128-0,3241,21,590.6943744443555
7085,huggyllama/llama-7b,dummy-lora-7b-rank-8-4,1237,406,590.7320122604104
7086,huggyllama/llama-7b,dummy-lora-7b-rank-8-5,737,327,590.7722457879173
7087,huggyllama/llama-7b,dummy-lora-7b-rank-64-6,2920,248,590.8202664497805
7088,huggyllama/llama-7b,dummy-lora-7b-rank-128-1,2871,29,590.881265668904
7089,huggyllama/llama-7b,dummy-lora-7b-rank-64-7,3093,515,590.9396691765754
7090,huggyllama/llama-7b,dummy-lora-7b-rank-8-6,1089,277,590.9474563109317
7091,huggyllama/llama-7b,dummy-lora-7b-rank-16-10,647,82,591.1758789187131
7092,huggyllama/llama-7b,dummy-lora-7b-rank-32-0,757,57,591.1927510431515
7093,huggyllama/llama-7b,dummy-lora-7b-rank-16-11,1585,165,591.2459631279188
7094,huggyllama/llama-7b,dummy-lora-7b-rank-8-7,3775,169,591.3017709241382
7095,huggyllama/llama-7b,dummy-lora-7b-rank-8-8,2361,309,591.4990449944949
7096,huggyllama/llama-7b,dummy-lora-7b-rank-16-0,1676,59,591.6015755968514
7097,huggyllama/llama-7b,dummy-lora-7b-rank-8-9,950,267,591.6080648754815
7098,huggyllama/llama-7b,dummy-lora-7b-rank-8-10,524,52,591.7443397267149
7099,huggyllama/llama-7b,dummy-lora-7b-rank-8-11,994,57,591.8442746176192
7100,huggyllama/llama-7b,dummy-lora-7b-rank-8-12,535,57,591.8520617519755
7101,huggyllama/llama-7b,dummy-lora-7b-rank-16-1,1531,106,591.9338266627154
7102,huggyllama/llama-7b,dummy-lora-7b-rank-8-13,1630,57,591.9857408917567
7103,huggyllama/llama-7b,dummy-lora-7b-rank-8-14,781,57,592.0778886483049
7104,huggyllama/llama-7b,dummy-lora-7b-rank-16-2,920,90,592.0921650612913
7105,huggyllama/llama-7b,dummy-lora-7b-rank-8-15,962,690,592.1090371857297
7106,huggyllama/llama-7b,dummy-lora-7b-rank-8-0,1048,63,592.1583557033189
7107,huggyllama/llama-7b,dummy-lora-7b-rank-16-3,1065,90,592.1713342605791
7108,huggyllama/llama-7b,dummy-lora-7b-rank-8-1,1213,433,592.1895042407436
7109,huggyllama/llama-7b,dummy-lora-7b-rank-16-4,1055,333,592.2556948827712
7110,huggyllama/llama-7b,dummy-lora-7b-rank-16-5,777,79,592.2673755843055
7111,huggyllama/llama-7b,dummy-lora-7b-rank-16-6,760,75,592.3063112560864
7112,huggyllama/llama-7b,dummy-lora-7b-rank-8-2,794,89,592.3115026789906
7113,huggyllama/llama-7b,dummy-lora-7b-rank-8-3,2235,130,592.3556297736756
7114,huggyllama/llama-7b,dummy-lora-7b-rank-16-7,1946,207,592.3997568683607
7115,huggyllama/llama-7b,dummy-lora-7b-rank-16-8,815,86,592.4062461469908
7116,huggyllama/llama-7b,dummy-lora-7b-rank-8-4,1576,116,592.4438839630457
7117,huggyllama/llama-7b,dummy-lora-7b-rank-16-9,1322,493,592.4477775302239
7118,huggyllama/llama-7b,dummy-lora-7b-rank-16-10,1443,79,592.4737346447445
7119,huggyllama/llama-7b,dummy-lora-7b-rank-8-5,1621,128,592.5243510180596
7120,huggyllama/llama-7b,dummy-lora-7b-rank-8-6,1125,57,592.538627431046
7121,huggyllama/llama-7b,dummy-lora-7b-rank-8-7,1392,156,592.6139030631558
7122,huggyllama/llama-7b,dummy-lora-7b-rank-8-8,1481,57,592.6177966303339
7123,huggyllama/llama-7b,dummy-lora-7b-rank-64-8,2976,513,592.6372644662243
7124,huggyllama/llama-7b,dummy-lora-7b-rank-16-11,2097,73,592.6995615410739
7125,huggyllama/llama-7b,dummy-lora-7b-rank-128-2,2842,20,592.7748371731836
7126,huggyllama/llama-7b,dummy-lora-7b-rank-8-9,2128,147,592.8202621235948
7127,huggyllama/llama-7b,dummy-lora-7b-rank-16-0,733,57,592.8591977953757
7128,huggyllama/llama-7b,dummy-lora-7b-rank-16-1,1463,101,592.9214948702253
7129,huggyllama/llama-7b,dummy-lora-7b-rank-8-10,1637,128,592.9643241091843
7130,huggyllama/llama-7b,dummy-lora-7b-rank-16-2,1295,79,593.0149404824995
7131,huggyllama/llama-7b,dummy-lora-7b-rank-64-0,3219,486,593.0279190397598
7132,huggyllama/llama-7b,dummy-lora-7b-rank-64-1,3202,608,593.077237557349
7133,huggyllama/llama-7b,dummy-lora-7b-rank-8-11,511,52,593.366659384254
7134,huggyllama/llama-7b,dummy-lora-7b-rank-8-12,1694,217,593.4302543148295
7135,huggyllama/llama-7b,dummy-lora-7b-rank-8-13,1552,65,593.5704227332409
7136,huggyllama/llama-7b,dummy-lora-7b-rank-8-14,1182,90,593.7430375448031
7137,huggyllama/llama-7b,dummy-lora-7b-rank-16-3,3195,185,593.7754839379538
7138,huggyllama/llama-7b,dummy-lora-7b-rank-128-0,2902,30,593.781973216584
7139,huggyllama/llama-7b,dummy-lora-7b-rank-8-15,1000,57,593.9377159037077
7140,huggyllama/llama-7b,dummy-lora-7b-rank-8-0,1039,399,594.0675014763109
7141,huggyllama/llama-7b,dummy-lora-7b-rank-8-1,744,173,594.155755665681
7142,huggyllama/llama-7b,dummy-lora-7b-rank-16-4,1582,116,594.1856063473798
7143,huggyllama/llama-7b,dummy-lora-7b-rank-8-2,690,256,594.7281100408608
7144,huggyllama/llama-7b,dummy-lora-7b-rank-8-3,1335,57,594.7994921057925
7145,huggyllama/llama-7b,dummy-lora-7b-rank-8-4,1102,209,594.8046835286967
7146,huggyllama/llama-7b,dummy-lora-7b-rank-32-1,578,52,594.8682784592722
7147,huggyllama/llama-7b,dummy-lora-7b-rank-16-5,1229,87,594.9331712455738
7148,huggyllama/llama-7b,dummy-lora-7b-rank-8-5,497,64,594.9448519471081
7149,huggyllama/llama-7b,dummy-lora-7b-rank-8-6,877,81,594.9850854746151
7150,huggyllama/llama-7b,dummy-lora-7b-rank-32-2,919,57,595.0032554547795
7151,huggyllama/llama-7b,dummy-lora-7b-rank-16-6,1109,82,595.1940402465061
7152,huggyllama/llama-7b,dummy-lora-7b-rank-8-7,666,117,595.2887837145064
7153,huggyllama/llama-7b,dummy-lora-7b-rank-128-1,3698,18,595.3004644160407
7154,huggyllama/llama-7b,dummy-lora-7b-rank-16-7,1456,85,595.5756098299593
7155,huggyllama/llama-7b,dummy-lora-7b-rank-16-8,653,87,595.7910538804805
7156,huggyllama/llama-7b,dummy-lora-7b-rank-16-9,747,52,596.1336877921527
7157,huggyllama/llama-7b,dummy-lora-7b-rank-8-8,1619,52,596.1920912998241
7158,huggyllama/llama-7b,dummy-lora-7b-rank-8-9,1632,57,596.2076655685365
7159,huggyllama/llama-7b,dummy-lora-7b-rank-16-10,1717,63,596.2388141059613
7160,huggyllama/llama-7b,dummy-lora-7b-rank-16-11,733,73,596.2816433449203
7161,huggyllama/llama-7b,dummy-lora-7b-rank-16-0,1952,90,596.3465361312219
7162,huggyllama/llama-7b,dummy-lora-7b-rank-8-10,978,91,596.6203836894144
7163,huggyllama/llama-7b,dummy-lora-7b-rank-16-1,1002,651,596.6333622466748
7164,huggyllama/llama-7b,dummy-lora-7b-rank-32-3,703,52,596.7488714062915
7165,huggyllama/llama-7b,dummy-lora-7b-rank-16-2,1938,627,596.7566585406478
7166,huggyllama/llama-7b,dummy-lora-7b-rank-64-2,2087,125,596.7891049337985
7167,huggyllama/llama-7b,dummy-lora-7b-rank-16-3,1919,676,596.8812526903469
7168,huggyllama/llama-7b,dummy-lora-7b-rank-64-3,2653,427,596.9266776407578
7169,huggyllama/llama-7b,dummy-lora-7b-rank-32-4,1026,67,597.2615244180739
7170,huggyllama/llama-7b,dummy-lora-7b-rank-8-11,1967,79,597.3497786074441
7171,huggyllama/llama-7b,dummy-lora-7b-rank-64-4,2601,450,597.4471177868965
7172,huggyllama/llama-7b,dummy-lora-7b-rank-16-4,937,57,597.4834577472253
7173,huggyllama/llama-7b,dummy-lora-7b-rank-64-5,2401,5,597.5262869861843
7174,huggyllama/llama-7b,dummy-lora-7b-rank-8-12,1091,213,597.5457548220749
7175,huggyllama/llama-7b,dummy-lora-7b-rank-8-13,3082,487,597.553541956431
7176,huggyllama/llama-7b,dummy-lora-7b-rank-8-14,1933,667,597.5639248022392
7177,huggyllama/llama-7b,dummy-lora-7b-rank-16-5,1213,426,597.7728795741302
7178,huggyllama/llama-7b,dummy-lora-7b-rank-8-15,2563,113,597.804028111555
7179,huggyllama/llama-7b,dummy-lora-7b-rank-8-0,706,57,597.8118152459112
7180,huggyllama/llama-7b,dummy-lora-7b-rank-8-1,695,81,597.9597707986787
7181,huggyllama/llama-7b,dummy-lora-7b-rank-128-2,2900,24,598.1661298591177
7182,huggyllama/llama-7b,dummy-lora-7b-rank-128-0,2860,22,598.218044088159
7183,huggyllama/llama-7b,dummy-lora-7b-rank-8-2,1163,144,598.2556819042139
7184,huggyllama/llama-7b,dummy-lora-7b-rank-16-6,510,61,598.294617575995
7185,huggyllama/llama-7b,dummy-lora-7b-rank-16-7,3808,145,598.3984460340773
7186,huggyllama/llama-7b,dummy-lora-7b-rank-16-8,1184,57,598.6878678609824
7187,huggyllama/llama-7b,dummy-lora-7b-rank-16-9,752,318,598.6995485625166
7188,huggyllama/llama-7b,dummy-lora-7b-rank-16-10,1127,61,598.7229099655852
7189,huggyllama/llama-7b,dummy-lora-7b-rank-8-3,1113,279,598.7423778014756
7190,huggyllama/llama-7b,dummy-lora-7b-rank-8-4,3468,336,598.799483453421
7191,huggyllama/llama-7b,dummy-lora-7b-rank-16-11,1346,951,598.8475041152842
7192,huggyllama/llama-7b,dummy-lora-7b-rank-8-5,1145,102,598.9669068420791
7193,huggyllama/llama-7b,dummy-lora-7b-rank-8-6,1401,57,598.9915661008737
7194,huggyllama/llama-7b,dummy-lora-7b-rank-8-7,1037,134,599.0940967032302
7195,huggyllama/llama-7b,dummy-lora-7b-rank-16-0,1310,88,599.6599617997798
7196,huggyllama/llama-7b,dummy-lora-7b-rank-8-8,1050,59,599.6703446455881
7197,huggyllama/llama-7b,dummy-lora-7b-rank-16-1,1836,90,599.7287481532594
7198,huggyllama/llama-7b,dummy-lora-7b-rank-128-1,2850,27,599.8857886961093
7199,huggyllama/llama-7b,dummy-lora-7b-rank-8-9,898,57,600
